UnderlyingName,OptionType,ContractMonth,StrikePrice,Col5,CallSecurityCode,CallBid,CallAsk,CallClose,TheoreticalPrice,PutSecurityCode,PutBid,PutAsk,UnderlyingClose,IV,BaseVolatility,Delta,ContractMonthDt
NK225E    ,OOP,202610,20000.0,            ,131580018,0000001.0000,0000000.0,0.0,0.875023,141580018,0000000.0000,0000000.0,45487.25,3.2,65481.27,0.2463,2026-10-01
NK225E    ,OOP,202610,22500.0,            ,131342518,0000000.0000,0000000.0,0.0,0.875023,141342518,0000000.0000,0000000.0,42988.0,3.051174,65481.27,0.2463,2026-10-01
NK225E    ,OOP,202610,25000.0,            ,131345018,0000000.0000,0000000.0,0.0,0.875023,141345018,0000000.0000,0000000.0,40488.75,2.766509,65481.27,0.2463,2026-10-01
NK225E    ,OOP,202610,26000.0,            ,181226018,0000000.0000,0000000.0,0.0,0.875023,191226018,0000000.0000,0000000.0,39489.05,2.660812,65481.27,0.2463,2026-10-01
NK225E    ,OOP,202610,27000.0,            ,181227018,0000000.0000,0000000.0,0.0,0.875023,191227018,0000000.0000,0000000.0,38489.35,2.559214,65481.27,0.2463,2026-10-01
NK225E    ,OOP,202610,28000.0,            ,181228018,0000000.0000,0000000.0,0.0,0.875023,191228018,0000000.0000,0000000.0,37489.65,2.461392,65481.27,0.2463,2026-10-01
NK225E    ,OOP,202610,29000.0,            ,181229018,0000000.0000,0000000.0,0.0,0.875023,191229018,0000000.0000,0000000.0,36489.95,2.367062,65481.27,0.2463,2026-10-01
NK225E    ,OOP,202610,30000.0,            ,181220018,0000001.0000,0000000.0,0.0,0.875023,191220018,0000000.0000,0000000.0,35490.25,2.275965,65481.27,0.2463,2026-10-01
NK225E    ,OOP,202610,31000.0,            ,181221018,0000000.0000,0000000.0,0.0,0.875023,191221018,0000000.0000,0000000.0,34490.55,2.187872,65481.27,0.2463,2026-10-01
NK225E    ,OOP,202610,32000.0,            ,181222018,0000001.0000,0000000.0,0.0,0.875023,191222018,0000000.0000,0000000.0,33490.85,2.102573,65481.27,0.2463,2026-10-01
NK225E    ,OOP,202610,33000.0,            ,181223018,0000000.0000,0000000.0,0.0,0.875023,191223018,0000000.0000,0000000.0,32491.15,2.033217,65481.27,0.2463,2026-10-01
NK225E    ,OOP,202610,34000.0,            ,131104018,0000001.0000,0000000.0,0.0,0.875023,141104018,0000000.0000,0000000.0,31491.45,1.952529,65481.27,0.2463,2026-10-01
NK225E    ,OOP,202610,35000.0,            ,131105018,0000001.0000,0000000.0,0.01,0.875023,141105018,0000000.0000,0000000.0,30491.76,1.874128,65481.27,0.2463,2026-10-01
NK225E    ,OOP,202610,36000.0,            ,131106018,0000000.0000,0000000.0,0.02,0.875023,141106018,0000000.0000,0000000.0,29492.07,1.797869,65481.27,0.2463,2026-10-01
NK225E    ,OOP,202610,37000.0,            ,131107018,0000001.0000,0000000.0,0.06,0.875023,141107018,0000000.0000,0000000.0,28492.41,1.723619,65481.27,0.2463,2026-10-01
NK225E    ,OOP,202610,38000.0,            ,131108018,0000001.0000,0000000.0,0.94,0.989708,141108018,0000000.0000,0000000.0,27492.79,1.651255,65481.27,0.2463,2026-10-01
NK225E    ,OOP,202610,39000.0,            ,131109018,0000001.0000,0000000.0,1.0,0.948722,141109018,0000000.0000,0000000.0,26493.25,1.580663,65481.27,0.2463,2026-10-01
NK225E    ,OOP,202610,40000.0,            ,131100018,0000002.0000,0000000.0,1.59,0.904881,141100018,0000000.0000,0000000.0,25493.87,1.511735,65481.27,0.2463,2026-10-01
NK225E    ,OOP,202610,41000.0,            ,131101018,0000002.0000,0000000.0,1.59,0.862057,141101018,0000000.0000,0000000.0,24494.34,1.444374,65481.27,0.2463,2026-10-01
NK225E    ,OOP,202610,42000.0,            ,131102018,0000001.0000,0000000.0,1.59,0.820196,141102018,0000000.0000,0000000.0,23494.64,1.378485,65481.27,0.2463,2026-10-01
NK225E    ,OOP,202610,42750.0,            ,131102718,0000002.0000,0000000.0,1.6,0.7894,141102718,0000000.0000,0000000.0,22744.85,1.329983,65481.27,0.2463,2026-10-01
NK225E    ,OOP,202610,43000.0,            ,131103018,0000002.0000,0000000.0,2.0,0.822925,141103018,0000000.0000,0000000.0,22494.93,1.313982,65481.27,0.2463,2026-10-01
NK225E    ,OOP,202610,43250.0,            ,131103218,0000002.0000,0000000.0,2.13,0.769144,141103218,0000000.0000,0000000.0,22245.0,1.298063,65481.27,0.2463,2026-10-01
NK225E    ,OOP,202610,43500.0,            ,131103518,0000002.0000,0000000.0,0.77,0.745164,141103518,0000000.0000,0000000.0,21995.07,1.282224,65481.27,0.2463,2026-10-01
NK225E    ,OOP,202610,43750.0,            ,131103718,0000000.0000,0000000.0,0.77,0.735155,141103718,0000000.0000,0000000.0,21745.14,1.266464,65481.27,0.2463,2026-10-01
NK225E    ,OOP,202610,44000.0,            ,181104018,0000002.0000,0000000.0,2.14,0.780832,191104018,0000000.0000,0000000.0,21495.21,1.250781,65481.27,0.2463,2026-10-01
NK225E    ,OOP,202610,44250.0,            ,131104218,0000000.0000,0000000.0,0.77,0.770444,141104218,0000000.0000,0000000.0,21245.29,1.235175,65481.27,0.2463,2026-10-01
NK225E    ,OOP,202610,44500.0,            ,131104518,0000000.0000,0000000.0,2.67,0.760108,141104518,0000000.0000,0000000.0,20995.36,1.219645,65481.27,0.2463,2026-10-01
NK225E    ,OOP,202610,44750.0,            ,131104718,0000000.0000,0000000.0,3.09,0.749824,141104718,0000000.0000,0000000.0,20745.43,1.204188,65481.27,0.2463,2026-10-01
NK225E    ,OOP,202610,45000.0,            ,181105018,0000002.0000,0000000.0,2.0,0.739591,191105018,0000000.0000,0000000.0,20495.5,1.188804,65481.27,0.2463,2026-10-01
NK225E    ,OOP,202610,45250.0,            ,131105218,0000003.0000,0000000.0,2.58,0.729408,141105218,0000000.0000,0000000.0,20245.57,1.173493,65481.27,0.2463,2026-10-01
NK225E    ,OOP,202610,45500.0,            ,131105518,0000003.0000,0000000.0,2.68,0.737532,141105518,0000000.0000,0000000.0,19995.65,1.158251,65481.27,0.2463,2026-10-01
NK225E    ,OOP,202610,45750.0,            ,131105718,0000003.0000,0000000.0,3.61,0.734368,141105718,0000000.0000,0000000.0,19746.51,1.151369,65481.27,0.2463,2026-10-01
NK225E    ,OOP,202610,46000.0,            ,181106018,0000004.0000,0000000.0,4.0,0.74311,191106018,0000000.0000,0000000.0,19497.39,1.136183,65481.27,0.2463,2026-10-01
NK225E    ,OOP,202610,46250.0,            ,131106218,0000004.0000,0000000.0,4.12,0.732573,141106218,0000000.0000,0000000.0,19248.28,1.121064,65481.27,0.2463,2026-10-01
NK225E    ,OOP,202610,46500.0,            ,131106518,0000000.0000,0000000.0,4.12,0.703467,141106518,0000000.0000,0000000.0,18998.34,1.106012,65481.27,0.2463,2026-10-01
NK225E    ,OOP,202610,46750.0,            ,131106718,0000004.0000,0000000.0,4.13,0.711645,141106718,0000000.0000,0000000.0,18748.81,1.091024,65481.27,0.2463,2026-10-01
NK225E    ,OOP,202610,47000.0,            ,181107018,0000004.0000,0000000.0,4.29,0.701253,191107018,0000000.0000,0000000.0,18498.88,1.076101,65481.27,0.2463,2026-10-01
NK225E    ,OOP,202610,47250.0,            ,131107218,0000000.0000,0000000.0,4.64,0.690908,141107218,0000000.0000,0000000.0,18248.94,1.061241,65481.27,0.2463,2026-10-01
NK225E    ,OOP,202610,47500.0,            ,131107518,0000000.0000,0000000.0,4.65,0.680608,141107518,0000000.0000,0000000.0,17999.41,1.046443,65481.27,0.2463,2026-10-01
NK225E    ,OOP,202610,47750.0,            ,131107718,0000000.0000,0000000.0,3.77,0.666784,141107718,0000000.0000,0000000.0,17749.47,1.031705,65481.27,0.2463,2026-10-01
NK225E    ,OOP,202610,48000.0,            ,181108018,0000006.0000,0000000.0,5.37,0.674346,191108018,0000000.0000,0000000.0,17499.93,1.017027,65481.27,0.2463,2026-10-01
NK225E    ,OOP,202610,48250.0,            ,131108218,0000000.0000,0000000.0,4.65,0.659444,141108218,0000000.0000,0000000.0,17249.99,1.002408,65481.27,0.2463,2026-10-01
NK225E    ,OOP,202610,48500.0,            ,131108518,0000000.0000,0000000.0,5.68,0.653683,141108518,0000000.0000,0000000.0,17000.46,0.987846,65481.27,0.2463,2026-10-01
NK225E    ,OOP,202610,48750.0,            ,131108718,0000006.0000,0000000.0,5.69,0.643417,141108718,0000000.0000,0000000.0,16750.51,0.973341,65481.27,0.2463,2026-10-01
NK225E    ,OOP,202610,49000.0,            ,181109018,0000007.0000,0000000.0,5.69,0.633193,191109018,0000000.0000,0000000.0,16500.97,0.958891,65481.27,0.2463,2026-10-01
NK225E    ,OOP,202610,49250.0,            ,131109218,0000006.0000,0000000.0,6.72,0.623012,141109218,0000000.0000,0000000.0,16251.03,0.944495,65481.27,0.2463,2026-10-01
NK225E    ,OOP,202610,49500.0,            ,131109518,0000007.0000,0000000.0,6.72,0.624112,141109518,0000000.0000,0000000.0,16001.89,0.937049,65481.27,0.2463,2026-10-01
NK225E    ,OOP,202610,49750.0,            ,131109718,0000008.0000,0000000.0,6.73,0.613855,141109718,0000000.0000,0000000.0,15751.94,0.92268,65481.27,0.2463,2026-10-01
NK225E    ,OOP,202610,50000.0,            ,181100018,0000006.0000,0000000.0,6.0,0.603638,191100018,0000000.0000,0000000.0,15501.99,0.908363,65481.27,0.2463,2026-10-01
NK225E    ,OOP,202610,50250.0,            ,131100218,0000000.0000,0000000.0,7.25,0.593461,141100218,0000000.0000,0000000.0,15252.44,0.894096,65481.27,0.2463,2026-10-01
NK225E    ,OOP,202610,50500.0,            ,131100518,0000008.0000,0000000.0,7.77,0.592691,141100518,0000000.0000,0000000.0,15002.89,0.879877,65481.27,0.2463,2026-10-01
NK225E    ,OOP,202610,50750.0,            ,131100718,0000000.0000,0000000.0,7.77,0.582454,141100718,0000000.0000,0000000.0,14753.74,0.865707,65481.27,0.2463,2026-10-01
NK225E    ,OOP,202610,51000.0,            ,181101018,0000009.0000,0000000.0,8.29,0.572255,191101018,0000000.0000,0000000.0,14503.78,0.851583,65481.27,0.2463,2026-10-01
NK225E    ,OOP,202610,51250.0,            ,131101218,0000009.0000,0000000.0,8.81,0.570154,141101218,0000000.0000,0000000.0,14254.22,0.837505,65481.27,0.2463,2026-10-01
NK225E    ,OOP,202610,51500.0,            ,131101518,0000010.0000,0000000.0,8.3,0.562219,141101518,0000000.0000,0000000.0,14004.65,0.823472,65481.27,0.2463,2026-10-01
NK225E    ,OOP,202610,51750.0,            ,131101718,0000011.0000,0000000.0,9.86,0.549695,141101718,0000000.0000,0000000.0,13755.09,0.809481,65481.27,0.2463,2026-10-01
NK225E    ,OOP,202610,52000.0,            ,181102018,0000011.0000,0000000.0,30.91,0.546544,191102018,0000000.0000,0000000.0,13505.12,0.795533,65481.27,0.2463,2026-10-01
NK225E    ,OOP,202610,52250.0,            ,131102218,0000010.0000,0000000.0,10.9,0.536292,141102218,0000000.0000,0000000.0,13255.95,0.781627,65481.27,0.2463,2026-10-01
NK225E    ,OOP,202610,52500.0,            ,131102518,0000011.0000,0000000.0,10.39,0.526074,141102518,0000000.0000,0000000.0,13006.37,0.767759,65481.27,0.2463,2026-10-01
NK225E    ,OOP,202610,52750.0,            ,181102718,0000013.0000,0000000.0,11.83,0.522067,191102718,0000000.0000,0000000.0,12756.79,0.75968,65481.27,0.2463,2026-10-01
NK225E    ,OOP,202610,53000.0,            ,181103018,0000011.0000,0000000.0,11.0,0.517471,191103018,0000000.0000,0000000.0,12507.2,0.745813,65481.27,0.2463,2026-10-01
NK225E    ,OOP,202610,53250.0,            ,181103218,0000011.0000,0000000.0,10.4,0.501595,191103218,0000000.0000,0000000.0,12257.61,0.731982,65481.27,0.2463,2026-10-01
NK225E    ,OOP,202610,53500.0,            ,181103518,0000015.0000,0000000.0,11.98,0.496874,191103518,0000000.0000,0000000.0,12008.41,0.718187,65481.27,0.2463,2026-10-01
NK225E    ,OOP,202610,53750.0,            ,181103718,0000016.0000,0000000.0,13.02,0.491662,191103718,0000000.0000,0000000.0,11759.21,0.704425,65481.27,0.2463,2026-10-01
NK225E    ,OOP,202610,54000.0,            ,131224018,0000015.0000,0000000.0,14.23,0.481353,141224018,0000000.0000,0000000.0,11509.99,0.690695,65481.27,0.2463,2026-10-01
NK225E    ,OOP,202610,54250.0,            ,181104218,0000000.0000,0000000.0,15.11,0.475661,191104218,0000000.0000,0000000.0,11260.77,0.676996,65481.27,0.2463,2026-10-01
NK225E    ,OOP,202610,54500.0,            ,181104518,0000020.0000,0000000.0,15.12,0.469597,191104518,0000000.0000,0000000.0,11011.55,0.663326,65481.27,0.2463,2026-10-01
NK225E    ,OOP,202610,54750.0,            ,181104718,0000020.0000,0000000.0,16.17,0.463204,191104718,0000000.0000,0000000.0,10762.7,0.654715,65481.27,0.2463,2026-10-01
NK225E    ,OOP,202610,55000.0,            ,131225018,0000016.0000,0000000.0,16.0,0.456515,141225018,0000000.0000,0000000.0,10513.45,0.641026,65481.27,0.2463,2026-10-01
NK225E    ,OOP,202610,55250.0,            ,181105218,0000020.0000,0000000.0,18.27,0.44604,191105218,0000000.0000,0000000.0,10264.2,0.627362,65481.27,0.2463,2026-10-01
NK225E    ,OOP,202610,55500.0,            ,181105518,0000019.0000,0000000.0,18.28,0.439041,191105518,0000000.0000,0000000.0,10015.32,0.613721,65481.27,0.2463,2026-10-01
NK225E    ,OOP,202610,55750.0,            ,181105718,0000000.0000,0000000.0,20.37,0.4318,191105718,0000000.0000,0000000.0,9765.65,0.600101,65481.27,0.2463,2026-10-01
NK225E    ,OOP,202610,56000.0,            ,131226018,0000022.0000,0000000.0,21.43,0.424336,141226018,0000000.0000,0000000.0,9517.14,0.586502,65481.27,0.2463,2026-10-01
NK225E    ,OOP,202610,56250.0,            ,181106218,0000031.0000,0000000.0,23.24,0.419477,191106218,0000000.0000,0000000.0,9267.06,0.572921,65481.27,0.2463,2026-10-01
NK225E    ,OOP,202610,56500.0,            ,181106518,0000030.0000,0000000.0,23.55,0.411473,191106518,0000000.0000,0000000.0,9020.07,0.56377,65481.27,0.2463,2026-10-01
NK225E    ,OOP,202610,56750.0,            ,181106718,0000034.0000,0000000.0,25.64,0.403301,191106718,0000000.0000,0000000.0,8770.34,0.550146,65481.27,0.2463,2026-10-01
NK225E    ,OOP,202610,57000.0,            ,131227018,0000027.0000,0000000.0,26.99,0.401833,141227018,0000000.0000,0000000.0,8520.99,0.536534,65481.27,0.2463,2026-10-01
NK225E    ,OOP,202610,57250.0,            ,181107218,0000000.0000,0000000.0,29.85,0.390907,191107218,0000000.0000,0000000.0,8271.61,0.522932,65481.27,0.2463,2026-10-01
NK225E    ,OOP,202610,57500.0,            ,181107518,0000039.0000,0000000.0,30.92,0.384118,191107518,0000000.0000,0000000.0,8027.23,0.513375,65481.27,0.2463,2026-10-01
NK225E    ,OOP,202610,57750.0,            ,181107718,0000044.0000,0000000.0,30.78,0.376578,191107718,0000000.0000,0000000.0,7779.34,0.503606,65481.27,0.2463,2026-10-01
NK225E    ,OOP,202610,58000.0,            ,131228018,0000033.0000,0000000.0,32.99,0.369536,141228018,0000000.0000,0000000.0,7531.81,0.489874,65481.27,0.2463,2026-10-01
NK225E    ,OOP,202610,58250.0,            ,181108218,0000057.0000,0000000.0,41.91,0.365083,191108218,0000000.0000,0000000.0,7284.63,0.479825,65481.27,0.2463,2026-10-01
NK225E    ,OOP,202610,58375.0,            ,181108318,0000048.0000,0000000.0,37.28,0.356186,191108318,0000000.0000,0000000.0,7161.03,0.472922,65481.27,0.2463,2026-10-01
NK225E    ,OOP,202610,58500.0,            ,181108518,0000040.0000,0000000.0,40.0,0.358406,191108518,0000000.0000,0000000.0,7037.41,0.466017,65481.27,0.2463,2026-10-01
NK225E    ,OOP,202610,58625.0,            ,181108618,0000042.0000,0000000.0,41.85,0.349685,191108618,0000000.0000,0000000.0,6914.17,0.46263,65481.27,0.2463,2026-10-01
NK225E    ,OOP,202610,58750.0,            ,181108718,0000066.0000,0000000.0,45.67,0.352704,191108718,0000000.0000,0000000.0,6791.69,0.455686,65481.27,0.2463,2026-10-01
NK225E    ,OOP,202610,58875.0,            ,181108818,0000050.0000,0000000.0,52.28,0.344156,191108818,0000000.0000,0000000.0,6669.21,0.44874,65481.27,0.2463,2026-10-01
NK225E    ,OOP,202610,59000.0,            ,131229018,0000049.0000,0000000.0,48.99,0.347704,141229018,0000000.0000,0000000.0,6545.93,0.44515,65481.27,0.2463,2026-10-01
NK225E    ,OOP,202610,59125.0,            ,181109118,0000055.0000,0000000.0,53.03,0.339313,191109118,0000000.0000,0000000.0,6423.41,0.438162,65481.27,0.2463,2026-10-01
NK225E    ,OOP,202610,59250.0,            ,181109218,0000062.0000,0000000.0,54.1,0.339639,191109218,0000000.0000,0000000.0,6300.49,0.434412,65481.27,0.2463,2026-10-01
NK225E    ,OOP,202610,59375.0,            ,181109318,0000000.0000,0000000.0,57.25,0.332548,191109318,0000000.0000,0000000.0,6178.34,0.42738,65481.27,0.2463,2026-10-01
NK225E    ,OOP,202610,59500.0,            ,181109518,0000064.0000,0000000.0,59.36,0.333495,191109518,0000000.0000,0000000.0,6055.38,0.423472,65481.27,0.2463,2026-10-01
NK225E    ,OOP,202610,59625.0,            ,181109618,0000000.0000,0000000.0,63.04,0.326416,191109618,0000000.0000,0000000.0,5934.37,0.416395,65481.27,0.2463,2026-10-01
NK225E    ,OOP,202610,59750.0,            ,181109718,0000090.0000,0000000.0,66.19,0.326775,191109718,0000000.0000,0000000.0,5812.16,0.41233,65481.27,0.2463,2026-10-01
NK225E    ,OOP,202610,59875.0,            ,181109818,0000094.0000,0000000.0,68.32,0.320714,191109818,0000000.0000,0000000.0,5690.32,0.405205,65481.27,0.2463,2026-10-01
NK225E    ,OOP,202610,60000.0,            ,131220018,0000068.0000,0000000.0,68.0,0.320486,141220018,0000000.0000,0000000.0,5568.85,0.400986,65481.27,0.2463,2026-10-01
NK225E    ,OOP,202610,60125.0,            ,181100118,0000000.0000,0000000.0,76.71,0.316192,191100118,0000000.0000,0000000.0,5447.75,0.396656,65481.27,0.2463,2026-10-01
NK225E    ,OOP,202610,60250.0,            ,181100218,0000113.0000,0000000.0,82.47,0.317065,191100218,0000000.0000,0000000.0,5327.81,0.392217,65481.27,0.2463,2026-10-01
NK225E    ,OOP,202610,60375.0,            ,181100318,0000106.0000,0000000.0,85.12,0.310778,191100318,0000000.0000,0000000.0,5207.06,0.384957,65481.27,0.2463,2026-10-01
NK225E    ,OOP,202610,60500.0,            ,181100518,0000137.0000,0000000.0,88.82,0.311767,191100518,0000000.0000,0000000.0,5086.28,0.380367,65481.27,0.2463,2026-10-01
NK225E    ,OOP,202610,60625.0,            ,181100618,0000000.0000,0000000.0,95.61,0.305361,191100618,0000000.0000,0000000.0,4966.66,0.375672,65481.27,0.2463,2026-10-01
NK225E    ,OOP,202610,60750.0,            ,181100718,0000113.0000,0000000.0,112.99,0.31751,191100718,0000000.0000,0000000.0,4847.81,0.370873,65481.27,0.2463,2026-10-01
NK225E    ,OOP,202610,60875.0,            ,181100818,0000107.0000,0000000.0,106.12,0.300556,191100818,0000000.0000,0000000.0,4728.13,0.36597,65481.27,0.2463,2026-10-01
NK225E    ,OOP,202610,61000.0,            ,131221018,0000111.0000,0000000.0,110.99,0.302806,141221018,0000000.0000,0000000.0,4610.82,0.363391,65481.27,0.2463,2026-10-01
NK225E    ,OOP,202610,61125.0,            ,181101118,0000155.0000,0000000.0,118.71,0.296108,191101118,0000000.0000,0000000.0,4491.47,0.358232,65481.27,0.2463,2026-10-01
NK225E    ,OOP,202610,61250.0,            ,181101218,0000124.0000,0000000.0,123.99,0.297471,191101218,0000000.0000,0000000.0,4374.9,0.352974,65481.27,0.2463,2026-10-01
NK225E    ,OOP,202610,61375.0,            ,181101318,0000133.0000,0000000.0,133.0,0.295903,191101318,0000000.0000,0000000.0,4257.08,0.349872,65481.27,0.2463,2026-10-01
NK225E    ,OOP,202610,61500.0,            ,181101518,0000188.0000,0000000.0,142.8,0.292335,191101518,0000000.0000,0000000.0,4138.41,0.346561,65481.27,0.2463,2026-10-01
NK225E    ,OOP,202610,61625.0,            ,181101618,0000000.0000,0000000.0,152.21,0.286412,191101618,0000000.0000,0000000.0,4025.8,0.340915,65481.27,0.2463,2026-10-01
NK225E    ,OOP,202610,61750.0,            ,181101718,0000217.0000,0000000.0,162.15,0.287751,191101718,0000000.0000,0000000.0,3911.94,0.33726,65481.27,0.2463,2026-10-01
NK225E    ,OOP,202610,61875.0,            ,131101818,0000000.0000,0000000.0,172.6,0.282551,141101818,0000000.0000,0000000.0,3795.98,0.33341,65481.27,0.2463,2026-10-01
NK225E    ,OOP,202610,62000.0,            ,131222018,0000183.0000,0000000.0,183.0,0.285816,141222018,0000000.0000,0000000.0,3652.71,0.32937,65481.27,0.2463,2026-10-01
NK225E    ,OOP,202610,62125.0,            ,131102118,0000221.0000,0000000.0,195.38,0.278816,141102118,0000000.0000,0000000.0,3571.79,0.327063,65481.27,0.2463,2026-10-01
NK225E    ,OOP,202610,62250.0,            ,181102218,0000209.0000,0000000.0,209.0,0.282318,191102218,0000000.0000,0000000.0,3460.25,0.322606,65481.27,0.2463,2026-10-01
NK225E    ,OOP,202610,62375.0,            ,131102318,0000000.0000,0000000.0,222.36,0.275036,141102318,0000000.0000,0000000.0,3349.92,0.31979,65481.27,0.2463,2026-10-01
NK225E    ,OOP,202610,62500.0,            ,131222518,0000261.0000,0000000.0,237.9,0.276259,141222518,0000000.0000,0000000.0,3214.9,0.316705,65481.27,0.2463,2026-10-01
NK225E    ,OOP,202610,62625.0,            ,131102618,0000355.0000,0000000.0,252.42,0.271073,141102618,0000000.0000,0000000.0,3129.93,0.313359,65481.27,0.2463,2026-10-01
NK225E    ,OOP,202610,62750.0,            ,131222718,0000405.0000,0000000.0,274.74,0.270256,141222718,0000000.0000,0000000.0,3024.13,0.309758,65481.27,0.2463,2026-10-01
NK225E    ,OOP,202610,62875.0,            ,131102818,0000325.0000,0000000.0,291.7,0.268268,141102818,0000000.0000,0000000.0,2918.28,0.307541,65481.27,0.2463,2026-10-01
NK225E    ,OOP,202610,63000.0,            ,131223018,0000300.0000,0000000.0,300.0,0.26869,141223018,0002630.0000,0000000.0,2814.54,0.295378,65481.27,0.2463,2026-10-01
NK225E    ,OOP,202610,63125.0,            ,131103118,0000405.0000,0000000.0,330.0,0.266897,141103118,0000000.0000,0000000.0,2710.75,0.302137,65481.27,0.2463,2026-10-01
NK225E    ,OOP,202610,63250.0,            ,131223218,0000545.0000,0000000.0,350.68,0.264711,141223218,0000000.0000,0000000.0,2609.09,0.29897,65481.27,0.2463,2026-10-01
NK225E    ,OOP,202610,63375.0,            ,131103318,0000380.0000,0000000.0,376.59,0.262148,141103318,0000000.0000,0000000.0,2505.13,0.2955,65481.27,0.2463,2026-10-01
NK225E    ,OOP,202610,63500.0,            ,131223518,0000440.0000,0000000.0,402.25,0.262263,141223518,0000000.0000,0000000.0,2412.43,0.294617,65481.27,0.2463,2026-10-01
NK225E    ,OOP,202610,63625.0,            ,131103618,0000000.0000,0000000.0,425.61,0.258903,141103618,0002090.0000,0000000.0,2310.37,0.291904,65481.27,0.2463,2026-10-01
NK225E    ,OOP,202610,63750.0,            ,131223718,0000500.0000,0000000.0,458.93,0.259509,141223718,0000000.0000,0000000.0,2215.15,0.290221,65481.27,0.2463,2026-10-01
NK225E    ,OOP,202610,63875.0,            ,131103818,0000000.0000,0000000.0,497.42,0.256769,141103818,0000000.0000,0000000.0,2122.15,0.288141,65481.27,0.2463,2026-10-01
NK225E    ,OOP,202610,64000.0,            ,181224018,0000520.0000,0000000.0,520.0,0.260425,191224018,0001910.0000,0000000.0,2029.08,0.276399,65481.27,0.2463,2026-10-01
NK225E    ,OOP,202610,64125.0,            ,131104118,0000795.0000,0000000.0,561.27,0.254113,141104118,0000000.0000,0000000.0,1905.57,0.28412,65481.27,0.2463,2026-10-01
NK225E    ,OOP,202610,64250.0,            ,131224218,0000750.0000,0000000.0,590.12,0.252735,141224218,0000000.0000,0000000.0,1818.97,0.280873,65481.27,0.2463,2026-10-01
NK225E    ,OOP,202610,64375.0,            ,131104318,0000000.0000,0000000.0,631.15,0.249606,141104318,0000000.0000,0000000.0,1722.04,0.278505,65481.27,0.2463,2026-10-01
NK225E    ,OOP,202610,64500.0,            ,131224518,0000870.0000,0000000.0,669.66,0.249808,141224518,0000000.0000,0000000.0,1664.31,0.27696,65481.27,0.2463,2026-10-01
NK225E    ,OOP,202610,64625.0,            ,131104618,0000000.0000,0000000.0,714.66,0.247005,141104618,0000000.0000,0000000.0,1546.35,0.274972,65481.27,0.2463,2026-10-01
NK225E    ,OOP,202610,64750.0,            ,131224718,0000750.0000,0000000.0,749.99,0.252217,141224718,0000000.0000,0000000.0,1483.68,0.272545,65481.27,0.2463,2026-10-01
NK225E    ,OOP,202610,64875.0,            ,131104818,0001050.0000,0000000.0,809.67,0.241223,141104818,0000000.0000,0000000.0,1394.16,0.268491,65481.27,0.2463,2026-10-01
NK225E    ,OOP,202610,65000.0,            ,181225018,0000850.0000,0000000.0,850.0,0.251209,191225018,0001075.0000,0000000.0,1323.61,0.26991,65481.27,0.2463,2026-10-01
NK225E    ,OOP,202610,65125.0,            ,131105118,0001145.0000,0000000.0,897.53,0.241722,141105118,0001215.0000,0000000.0,1261.28,0.26847,65481.27,0.2463,2026-10-01
NK225E    ,OOP,202610,65250.0,            ,131225218,0000940.0000,0000000.0,940.0,0.245794,141225218,0000895.0000,0000000.0,1178.31,0.26655,65481.27,0.2463,2026-10-01
NK225E    ,OOP,202610,65375.0,            ,131105318,0001130.0000,0000000.0,1019.64,0.240006,141105318,0000885.0000,0000000.0,1116.87,0.262989,65481.27,0.2463,2026-10-01
NK225E    ,OOP,202610,65500.0,            ,131225518,0001355.0000,0000000.0,1066.2,0.24064,141225518,0001090.0000,0000000.0,1089.99,0.252001,65481.27,0.2463,2026-10-01
NK225E    ,OOP,202610,65625.0,            ,131105618,0001255.0000,0000000.0,1132.37,0.23378,141105618,0001025.0000,0000000.0,1025.0,0.250919,65481.27,0.2463,2026-10-01
NK225E    ,OOP,202610,65750.0,            ,131225718,0001285.0000,0000000.0,1191.27,0.233293,141225718,0000950.0000,0000000.0,950.0,0.246987,65481.27,0.2463,2026-10-01
NK225E    ,OOP,202610,65875.0,            ,131105818,0001230.0000,0000000.0,1265.13,0.232232,141105818,0000830.0000,0000000.0,880.48,0.257626,65481.27,0.2463,2026-10-01
NK225E    ,OOP,202610,66000.0,            ,131346018,0001590.0000,0000000.0,1323.52,0.231763,141346018,0000890.0000,0000000.0,889.99,0.258491,65481.27,0.2463,2026-10-01
NK225E    ,OOP,202610,66125.0,            ,131106118,0000000.0000,0000000.0,1415.68,0.231902,141106118,0000000.0000,0000000.0,765.25,0.252957,65481.27,0.2463,2026-10-01
NK225E    ,OOP,202610,66250.0,            ,131226218,0000000.0000,0000000.0,1468.41,0.22907,141226218,0000750.0000,0000000.0,750.0,0.24918,65481.27,0.2463,2026-10-01
NK225E    ,OOP,202610,66375.0,            ,131106318,0001740.0000,0000000.0,1560.37,0.229245,141106318,0000680.0000,0000000.0,659.56,0.252042,65481.27,0.2463,2026-10-01
NK225E    ,OOP,202610,66500.0,            ,131226518,0001950.0000,0000000.0,1643.97,0.226362,141226518,0000645.0000,0000000.0,645.0,0.245868,65481.27,0.2463,2026-10-01
NK225E    ,OOP,202610,66625.0,            ,131106618,0000000.0000,0000000.0,1716.66,0.225324,141106618,0000000.0000,0000000.0,570.79,0.251452,65481.27,0.2463,2026-10-01
NK225E    ,OOP,202610,66750.0,            ,131226718,0000000.0000,0000000.0,1800.3,0.223653,141226718,0000560.0000,0000000.0,560.0,0.245261,65481.27,0.2463,2026-10-01
NK225E    ,OOP,202610,66875.0,            ,131106818,0000000.0000,0000000.0,1886.74,0.222648,141106818,0000385.0000,0000000.0,494.82,0.251289,65481.27,0.2463,2026-10-01
NK225E    ,OOP,202610,67000.0,            ,131347018,0002255.0000,0000000.0,1976.04,0.222376,141347018,0000475.0000,0000000.0,475.0,0.242413,65481.27,0.2463,2026-10-01
NK225E    ,OOP,202610,67125.0,            ,131107118,0000000.0000,0000000.0,2065.32,0.220066,141107118,0000465.0000,0000000.0,465.0,0.24898,65481.27,0.2463,2026-10-01
NK225E    ,OOP,202610,67250.0,            ,131227218,0000000.0000,0000000.0,2159.25,0.219962,141227218,0000365.0000,0000000.0,400.58,0.24694,65481.27,0.2463,2026-10-01
NK225E    ,OOP,202610,67375.0,            ,131107318,0000000.0000,0000000.0,2253.77,0.217709,141107318,0000310.0000,0000000.0,372.35,0.248591,65481.27,0.2463,2026-10-01
NK225E    ,OOP,202610,67500.0,            ,181227518,0000000.0000,0000000.0,2350.06,0.216274,191227518,0000315.0000,0000000.0,340.15,0.246841,65481.27,0.2463,2026-10-01
NK225E    ,OOP,202610,67625.0,            ,131107618,0000000.0000,0000000.0,2448.15,0.214094,141107618,0000000.0000,0000000.0,311.08,0.24599,65481.27,0.2463,2026-10-01
NK225E    ,OOP,202610,67750.0,            ,131227718,0000000.0000,0000000.0,2548.04,0.212872,141227718,0000180.0000,0000000.0,292.53,0.246155,65481.27,0.2463,2026-10-01
NK225E    ,OOP,202610,67875.0,            ,131107818,0000000.0000,0000000.0,2651.0,0.210897,141107818,0000000.0000,0000000.0,266.74,0.246474,65481.27,0.2463,2026-10-01
NK225E    ,OOP,202610,68000.0,            ,131348018,0003150.0000,0000000.0,2754.59,0.210088,141348018,0000260.0000,0000000.0,260.0,0.244908,65481.27,0.2463,2026-10-01
NK225E    ,OOP,202610,68125.0,            ,131108118,0000000.0000,0000000.0,2861.31,0.208553,141108118,0000000.0000,0000000.0,228.72,0.246663,65481.27,0.2463,2026-10-01
NK225E    ,OOP,202610,68250.0,            ,131228218,0000000.0000,0000000.0,2964.91,0.203809,141228218,0000150.0000,0000000.0,206.97,0.246542,65481.27,0.2463,2026-10-01
NK225E    ,OOP,202610,68375.0,            ,131108318,0000000.0000,0000000.0,3074.19,0.202764,141108318,0000205.0000,0000000.0,191.51,0.247071,65481.27,0.2463,2026-10-01
NK225E    ,OOP,202610,68500.0,            ,131228518,0000000.0000,0000000.0,3180.94,0.198063,141228518,0000185.0000,0000000.0,185.0,0.245064,65481.27,0.2463,2026-10-01
NK225E    ,OOP,202610,68625.0,            ,131108618,0000000.0000,0000000.0,3292.83,0.194878,141108618,0000205.0000,0000000.0,161.26,0.24798,65481.27,0.2463,2026-10-01
NK225E    ,OOP,202610,68750.0,            ,131228718,0000000.0000,0000000.0,3403.46,0.190278,141228718,0000157.0000,0000000.0,156.99,0.246126,65481.27,0.2463,2026-10-01
NK225E    ,OOP,202610,68875.0,            ,131108818,0000000.0000,0000000.0,3514.73,0.183664,141108818,0000110.0000,0000000.0,134.4,0.247874,65481.27,0.2463,2026-10-01
NK225E    ,OOP,202610,69000.0,            ,131349018,0000000.0000,0000000.0,3629.98,0.179257,141349018,0000139.0000,0000000.0,138.99,0.250285,65481.27,0.2463,2026-10-01
NK225E    ,OOP,202610,69125.0,            ,131109118,0000000.0000,0000000.0,3739.92,0.165241,141109118,0000130.0000,0000000.0,110.98,0.249299,65481.27,0.2463,2026-10-01
NK225E    ,OOP,202610,69250.0,            ,131229218,0000000.0000,0000000.0,3859.24,0.161062,141229218,0000071.0000,0000000.0,95.73,0.248801,65481.27,0.2463,2026-10-01
NK225E    ,OOP,202610,69375.0,            ,131109318,0000000.0000,0000000.0,3973.89,0.01,141109318,0000117.0000,0000000.0,91.53,0.249516,65481.27,0.2463,2026-10-01
NK225E    ,OOP,202610,69500.0,            ,131229518,0000000.0000,0000000.0,4090.57,0.01,141229518,0000080.0000,0000000.0,86.36,0.249186,65481.27,0.2463,2026-10-01
NK225E    ,OOP,202610,69625.0,            ,131109618,0000000.0000,0000000.0,4214.13,0.01,141109618,0000000.0000,0000000.0,75.43,0.250979,65481.27,0.2463,2026-10-01
NK225E    ,OOP,202610,69750.0,            ,131229718,0000000.0000,0000000.0,4326.05,0.01,141229718,0000075.0000,0000000.0,75.0,0.247512,65481.27,0.2463,2026-10-01
NK225E    ,OOP,202610,69875.0,            ,131109818,0000000.0000,0000000.0,4446.95,0.01,141109818,0000000.0000,0000000.0,62.69,0.251463,65481.27,0.2463,2026-10-01
NK225E    ,OOP,202610,70000.0,            ,131340018,0004820.0000,0000000.0,4564.38,0.01,141340018,0000066.0000,0000000.0,66.0,0.251394,65481.27,0.2463,2026-10-01
NK225E    ,OOP,202610,70125.0,            ,131100118,0000000.0000,0000000.0,4682.5,0.01,141100118,0000033.0000,0000000.0,51.37,0.252526,65481.27,0.2463,2026-10-01
NK225E    ,OOP,202610,70250.0,            ,131220218,0000000.0000,0000000.0,4803.47,0.01,141220218,0000040.0000,0000000.0,48.09,0.25058,65481.27,0.2463,2026-10-01
NK225E    ,OOP,202610,70375.0,            ,131100318,0000000.0000,0000000.0,4926.6,0.01,141100318,0000000.0000,0000000.0,50.0,0.252775,65481.27,0.2463,2026-10-01
NK225E    ,OOP,202610,70500.0,            ,131220518,0000000.0000,0000000.0,5045.46,0.01,141220518,0000041.0000,0000000.0,40.99,0.248399,65481.27,0.2463,2026-10-01
NK225E    ,OOP,202610,70625.0,            ,131100618,0000000.0000,0000000.0,5170.07,0.01,141100618,0000029.0000,0000000.0,47.49,0.256533,65481.27,0.2463,2026-10-01
NK225E    ,OOP,202610,70750.0,            ,131220718,0000000.0000,0000000.0,5289.68,0.01,141220718,0000035.0000,0000000.0,34.99,0.250938,65481.27,0.2463,2026-10-01
NK225E    ,OOP,202610,70875.0,            ,131100818,0000000.0000,0000000.0,5410.73,0.01,141100818,0000021.0000,0000000.0,38.22,0.259335,65481.27,0.2463,2026-10-01
NK225E    ,OOP,202610,71000.0,            ,131341018,0000000.0000,0000000.0,5532.51,0.01,141341018,0000028.0000,0000000.0,27.99,0.250757,65481.27,0.2463,2026-10-01
NK225E    ,OOP,202610,71125.0,            ,131101118,0000000.0000,0000000.0,5654.29,0.01,141101118,0000022.0000,0000000.0,26.32,0.260986,65481.27,0.2463,2026-10-01
NK225E    ,OOP,202610,71250.0,            ,131221218,0000000.0000,0000000.0,5779.03,0.01,141221218,0000022.0000,0000000.0,22.48,0.258285,65481.27,0.2463,2026-10-01
NK225E    ,OOP,202610,71375.0,            ,131101318,0000000.0000,0000000.0,5900.84,0.01,141101318,0000000.0000,0000000.0,28.48,0.259569,65481.27,0.2463,2026-10-01
NK225E    ,OOP,202610,71500.0,            ,131221518,0000000.0000,0000000.0,6023.39,0.01,141221518,0000019.0000,0000000.0,18.99,0.253182,65481.27,0.2463,2026-10-01
NK225E    ,OOP,202610,71625.0,            ,131101618,0000000.0000,0000000.0,6147.44,0.01,141101618,0000000.0000,0000000.0,17.15,0.259408,65481.27,0.2463,2026-10-01
NK225E    ,OOP,202610,71750.0,            ,131221718,0000000.0000,0000000.0,6269.26,0.01,141221718,0000018.0000,0000000.0,17.99,0.259633,65481.27,0.2463,2026-10-01
NK225E    ,OOP,202610,71875.0,            ,181101818,0000000.0000,0000000.0,6393.33,0.01,191101818,0000000.0000,0000000.0,15.97,0.261678,65481.27,0.2463,2026-10-01
NK225E    ,OOP,202610,72000.0,            ,131342018,0000000.0000,0000000.0,6516.65,0.01,141342018,0000014.0000,0000000.0,13.99,0.258728,65481.27,0.2463,2026-10-01
NK225E    ,OOP,202610,72125.0,            ,181102118,0000000.0000,0000000.0,6639.98,0.01,191102118,0000011.0000,0000000.0,13.5,0.26529,65481.27,0.2463,2026-10-01
NK225E    ,OOP,202610,72250.0,            ,131222218,0000000.0000,0000000.0,6764.08,0.01,141222218,0000010.0000,0000000.0,13.35,0.269364,65481.27,0.2463,2026-10-01
NK225E    ,OOP,202610,72500.0,            ,181102518,0000000.0000,0000000.0,7012.28,0.01,191102518,0000011.0000,0000000.0,10.99,0.266264,65481.27,0.2463,2026-10-01
NK225E    ,OOP,202610,72750.0,            ,181222718,0000000.0000,0000000.0,7259.75,0.01,191222718,0000008.0000,0000000.0,7.85,0.270757,65481.27,0.2463,2026-10-01
NK225E    ,OOP,202610,73000.0,            ,131343018,0000000.0000,0000000.0,7508.0,0.01,141343018,0000007.0000,0000000.0,7.0,0.266641,65481.27,0.2463,2026-10-01
NK225E    ,OOP,202610,73250.0,            ,181223218,0000000.0000,0000000.0,7757.03,0.01,191223218,0000006.0000,0000000.0,5.01,0.273998,65481.27,0.2463,2026-10-01
NK225E    ,OOP,202610,73500.0,            ,181223518,0000000.0000,0000000.0,8005.3,0.01,191223518,0000006.0000,0000000.0,5.99,0.276382,65481.27,0.2463,2026-10-01
NK225E    ,OOP,202610,73750.0,            ,181223718,0000000.0000,0000000.0,8254.36,0.01,191223718,0000005.0000,0000000.0,4.99,0.277873,65481.27,0.2463,2026-10-01
NK225E    ,OOP,202610,74000.0,            ,131344018,0000000.0000,0000000.0,8503.43,0.01,141344018,0000004.0000,0000000.0,4.0,0.278177,65481.27,0.2463,2026-10-01
NK225E    ,OOP,202610,74250.0,            ,181224218,0000000.0000,0000000.0,8752.51,0.01,191224218,0000004.0000,0000000.0,4.0,0.285004,65481.27,0.2463,2026-10-01
NK225E    ,OOP,202610,74500.0,            ,181224518,0000000.0000,0000000.0,9002.37,0.01,191224518,0000004.0000,0000000.0,2.93,0.291791,65481.27,0.2463,2026-10-01
NK225E    ,OOP,202610,74750.0,            ,181224718,0000000.0000,0000000.0,9250.68,0.01,191224718,0000003.0000,0000000.0,3.0,0.289986,65481.27,0.2463,2026-10-01
NK225E    ,OOP,202610,75000.0,            ,181345018,0000000.0000,0000000.0,9500.56,0.01,191345018,0000003.0000,0000000.0,2.08,0.286438,65481.27,0.2463,2026-10-01
NK225E    ,OOP,202610,75250.0,            ,181225218,0000000.0000,0000000.0,9750.44,0.01,191225218,0000000.0000,0000000.0,4.24,0.313866,65481.27,0.2463,2026-10-01
NK225E    ,OOP,202610,75500.0,            ,181225518,0000000.0000,0000000.0,10000.33,0.01,191225518,0000002.0000,0000000.0,2.1,0.299263,65481.27,0.2463,2026-10-01
NK225E    ,OOP,202610,75750.0,            ,181225718,0000000.0000,0000000.0,10250.22,0.01,191225718,0000000.0000,0000000.0,2.11,0.305623,65481.27,0.2463,2026-10-01
NK225E    ,OOP,202610,76000.0,            ,181346018,0000000.0000,0000000.0,10500.1,0.01,191346018,0000002.0000,0000000.0,2.0,0.310319,65481.27,0.2463,2026-10-01
NK225E    ,OOP,202610,76250.0,            ,181226218,0000000.0000,0000000.0,10750.0,0.01,191226218,0000002.0000,0000000.0,2.0,0.316496,65481.27,0.2463,2026-10-01
NK225E    ,OOP,202610,76500.0,            ,181226518,0000000.0000,0000000.0,10998.36,0.01,191226518,0000002.0000,0000000.0,1.26,0.309841,65481.27,0.2463,2026-10-01
NK225E    ,OOP,202610,77000.0,            ,181347018,0000000.0000,0000000.0,11498.17,0.01,191347018,0000001.0000,0000000.0,1.26,0.321795,65481.27,0.2463,2026-10-01
NK225E    ,OOP,202610,77500.0,            ,131227518,0000000.0000,0000000.0,11997.98,0.01,141227518,0000000.0000,0000000.0,1.27,0.333631,65481.27,0.2463,2026-10-01
NK225E    ,OOP,202610,78000.0,            ,181348018,0000000.0000,0000000.0,12497.8,0.01,191348018,0000002.0000,0000000.0,1.28,0.345351,65481.27,0.2463,2026-10-01
NK225E    ,OOP,202610,78500.0,            ,181228518,0000000.0000,0000000.0,12997.61,0.01,191228518,0000000.0000,0000000.0,1.28,0.356959,65481.27,0.2463,2026-10-01
NK225E    ,OOP,202610,79000.0,            ,181349018,0000000.0000,0000000.0,13496.75,0.01,191349018,0000001.0000,0000000.0,1.68,0.360793,65481.27,0.2463,2026-10-01
NK225E    ,OOP,202610,79500.0,            ,181229518,0000000.0000,0000000.0,13996.1,0.01,191229518,0000000.0000,0000000.0,1.17,0.371861,65481.27,0.2463,2026-10-01
NK225E    ,OOP,202610,80000.0,            ,181340018,0000000.0000,0000000.0,14495.59,0.01,191340018,0000001.0000,0000000.0,0.81,0.376753,65481.27,0.2463,2026-10-01
NK225E    ,OOP,202610,80500.0,            ,181220518,0000000.0000,0000000.0,14995.18,0.01,191220518,0000000.0000,0000000.0,0.56,0.376753,65481.27,0.2463,2026-10-01
NK225E    ,OOP,202610,81000.0,            ,181341018,0000000.0000,0000000.0,15494.86,0.01,191341018,0000000.0000,0000000.0,0.38,0.376753,65481.27,0.2463,2026-10-01
NK225E    ,OOP,202610,81500.0,            ,181221518,0000000.0000,0000000.0,15994.58,0.01,191221518,0000000.0000,0000000.0,0.26,0.376753,65481.27,0.2463,2026-10-01
NK225E    ,OOP,202610,82000.0,            ,181342018,0000000.0000,0000000.0,16494.35,0.01,191342018,0000000.0000,0000000.0,0.17,0.376753,65481.27,0.2463,2026-10-01
NK225E    ,OOP,202610,82500.0,            ,181222518,0000000.0000,0000000.0,16994.14,0.01,191222518,0000000.0000,0000000.0,0.11,0.376753,65481.27,0.2463,2026-10-01
NK225E    ,OOP,202610,83000.0,            ,181343018,0000000.0000,0000000.0,17493.95,0.01,191343018,0000001.0000,0000000.0,0.07,0.376753,65481.27,0.2463,2026-10-01
NK225E    ,OOP,202610,83500.0,            ,131343518,0000000.0000,0000000.0,17993.77,0.01,141343518,0000000.0000,0000000.0,0.05,0.376753,65481.27,0.2463,2026-10-01
NK225E    ,OOP,202610,84000.0,            ,181344018,0000000.0000,0000000.0,18493.61,0.01,191344018,0000000.0000,0000000.0,0.03,0.376753,65481.27,0.2463,2026-10-01
NK225E    ,OOP,202610,84500.0,            ,131344518,0000000.0000,0000000.0,18993.45,0.01,141344518,0000000.0000,0000000.0,0.02,0.376753,65481.27,0.2463,2026-10-01
NK225E    ,OOP,202610,85000.0,            ,131465018,0000000.0000,0000000.0,19493.29,0.01,141465018,0000000.0000,0000000.0,0.01,0.376753,65481.27,0.2463,2026-10-01
NK225E    ,OOP,202610,87500.0,            ,131347518,0000000.0000,0000000.0,21992.53,0.01,141347518,0000000.0000,0000000.0,0.0,0.376753,65481.27,0.2463,2026-10-01
NK225E    ,OOP,202610,90000.0,            ,131460018,0000000.0000,0000000.0,24491.78,0.01,141460018,0000000.0000,0000000.0,0.0,0.376753,65481.27,0.2463,2026-10-01
NK225E    ,OOP,202610,92500.0,            ,181342518,0000000.0000,0000000.0,26991.03,0.01,191342518,0000000.0000,0000000.0,0.0,0.376753,65481.27,0.2463,2026-10-01
NK225E    ,OOP,202610,95000.0,            ,181465018,0000000.0000,0000000.0,29490.28,0.01,191465018,0000000.0000,0000000.0,0.0,0.376753,65481.27,0.2463,2026-10-01
NK225E    ,OOP,202610,97500.0,            ,181347518,0000000.0000,0000000.0,31989.53,0.01,191347518,0000000.0000,0000000.0,0.0,0.376753,65481.27,0.2463,2026-10-01
NK225E    ,OOP,202610,100000.0,            ,181460018,0000000.0000,0000000.0,34488.78,0.01,191460018,0000000.0000,0000000.0,0.0,0.376753,65481.27,0.2463,2026-10-01
NK225E    ,OOP,202611,20000.0,            ,131590018,0000002.0000,0000000.0,2.04,0.989578,141590018,0000000.0000,0000000.0,45516.08,1.376956,65481.27,0.2463,2026-11-01
NK225E    ,OOP,202611,22500.0,            ,131352518,0000000.0000,0000000.0,2.05,0.894135,141352518,0000000.0000,0000000.0,43021.09,1.248953,65481.27,0.2463,2026-11-01
NK225E    ,OOP,202611,25000.0,            ,181235018,0000000.0000,0000000.0,3.08,0.851175,191235018,0000000.0000,0000000.0,40525.48,1.134615,65481.27,0.2463,2026-11-01
NK225E    ,OOP,202611,26000.0,            ,131356018,0000000.0000,0000000.0,2.57,0.817893,141356018,0000000.0000,0000000.0,39527.21,1.085452,65481.27,0.2463,2026-11-01
NK225E    ,OOP,202611,27000.0,            ,181237018,0000000.0000,0000000.0,3.54,0.78587,191237018,0000000.0000,0000000.0,38528.94,1.038171,65481.27,0.2463,2026-11-01
NK225E    ,OOP,202611,28000.0,            ,181238018,0000000.0000,0000000.0,0.88,0.755012,191238018,0000000.0000,0000000.0,37530.66,1.008577,65481.27,0.2463,2026-11-01
NK225E    ,OOP,202611,29000.0,            ,181239018,0000000.0000,0000000.0,0.88,0.725232,191239018,0000000.0000,0000000.0,36532.39,0.964597,65481.27,0.2463,2026-11-01
NK225E    ,OOP,202611,30000.0,            ,181230018,0000006.0000,0000000.0,6.7,0.751271,191230018,0000000.0000,0000000.0,35534.12,0.922127,65481.27,0.2463,2026-11-01
NK225E    ,OOP,202611,31000.0,            ,181231018,0000000.0000,0000000.0,0.87,0.707568,191231018,0000000.0000,0000000.0,34535.85,0.895465,65481.27,0.2463,2026-11-01
NK225E    ,OOP,202611,32000.0,            ,181232018,0000000.0000,0000000.0,0.86,0.679157,191232018,0000000.0000,0000000.0,33537.58,0.855673,65481.27,0.2463,2026-11-01
NK225E    ,OOP,202611,33000.0,            ,181233018,0000000.0000,0000000.0,0.86,0.664456,191233018,0000000.0000,0000000.0,32539.3,0.817122,65481.27,0.2463,2026-11-01
NK225E    ,OOP,202611,34000.0,            ,181234018,0000010.0000,0000000.0,11.57,0.6655,191234018,0000000.0000,0000000.0,31541.03,0.792723,65481.27,0.2463,2026-11-01
NK225E    ,OOP,202611,35000.0,            ,131355018,0000012.0000,0000000.0,11.89,0.658286,141355018,0000000.0000,0000000.0,30543.63,0.756383,65481.27,0.2463,2026-11-01
NK225E    ,OOP,202611,36000.0,            ,131116018,0000000.0000,0000000.0,12.69,0.630756,141116018,0000000.0000,0000000.0,29548.9,0.732831,65481.27,0.2463,2026-11-01
NK225E    ,OOP,202611,37000.0,            ,131117018,0000017.0000,0000000.0,17.0,0.632313,141117018,0000000.0000,0000000.0,28554.19,0.709158,65481.27,0.2463,2026-11-01
NK225E    ,OOP,202611,38000.0,            ,131118018,0000000.0000,0000000.0,12.37,0.584873,141118018,0000000.0000,0000000.0,27559.48,0.685426,65481.27,0.2463,2026-11-01
NK225E    ,OOP,202611,39000.0,            ,131119018,0000000.0000,0000000.0,15.91,0.574379,141119018,0000000.0000,0000000.0,26564.75,0.661681,65481.27,0.2463,2026-11-01
NK225E    ,OOP,202611,40000.0,            ,131110018,0000024.0000,0000000.0,24.9,0.572021,141110018,0000000.0000,0000000.0,25570.01,0.637958,65481.27,0.2463,2026-11-01
NK225E    ,OOP,202611,41000.0,            ,131111018,0000000.0000,0000000.0,22.93,0.551354,141111018,0000000.0000,0000000.0,24575.24,0.62152,65481.27,0.2463,2026-11-01
NK225E    ,OOP,202611,42000.0,            ,131112018,0000000.0000,0000000.0,26.41,0.52912,141112018,0000000.0000,0000000.0,23580.45,0.59739,65481.27,0.2463,2026-11-01
NK225E    ,OOP,202611,43000.0,            ,131113018,0000000.0000,0000000.0,30.76,0.513398,141113018,0000000.0000,0000000.0,22586.53,0.57338,65481.27,0.2463,2026-11-01
NK225E    ,OOP,202611,44000.0,            ,131114018,0000000.0000,0000000.0,38.23,0.501713,141114018,0000000.0000,0000000.0,21595.73,0.555061,65481.27,0.2463,2026-11-01
NK225E    ,OOP,202611,44500.0,            ,181114518,0000000.0000,0000000.0,42.63,0.496596,191114518,0000000.0000,0000000.0,21101.0,0.545584,65481.27,0.2463,2026-11-01
NK225E    ,OOP,202611,44750.0,            ,181114718,0000000.0000,0000000.0,44.37,0.492319,191114718,0000000.0000,0000000.0,20853.17,0.538233,65481.27,0.2463,2026-11-01
NK225E    ,OOP,202611,45000.0,            ,131115018,0000051.0000,0000000.0,44.75,0.487062,141115018,0000000.0000,0000000.0,20603.99,0.530922,65481.27,0.2463,2026-11-01
NK225E    ,OOP,202611,45250.0,            ,181115218,0000053.0000,0000000.0,48.64,0.482525,191115218,0000000.0000,0000000.0,20355.7,0.528617,65481.27,0.2463,2026-11-01
NK225E    ,OOP,202611,45500.0,            ,131115518,0000057.0000,0000000.0,49.39,0.480934,141115518,0000000.0000,0000000.0,20109.67,0.521347,65481.27,0.2463,2026-11-01
NK225E    ,OOP,202611,45750.0,            ,131115718,0000000.0000,0000000.0,52.44,0.475367,141115718,0000000.0000,0000000.0,19860.93,0.518834,65481.27,0.2463,2026-11-01
NK225E    ,OOP,202611,46000.0,            ,181116018,0000055.0000,0000000.0,52.46,0.470326,191116018,0000000.0000,0000000.0,19612.18,0.511605,65481.27,0.2463,2026-11-01
NK225E    ,OOP,202611,46250.0,            ,131116218,0000000.0000,0000000.0,56.02,0.467802,141116218,0000000.0000,0000000.0,19365.23,0.504413,65481.27,0.2463,2026-11-01
NK225E    ,OOP,202611,46500.0,            ,131116518,0000000.0000,0000000.0,58.57,0.463884,141116518,0000000.0000,0000000.0,19117.38,0.501709,65481.27,0.2463,2026-11-01
NK225E    ,OOP,202611,46750.0,            ,131116718,0000000.0000,0000000.0,59.6,0.459884,141116718,0000000.0000,0000000.0,18870.42,0.494555,65481.27,0.2463,2026-11-01
NK225E    ,OOP,202611,47000.0,            ,181117018,0000070.0000,0000000.0,62.15,0.454669,191117018,0000000.0000,0000000.0,18622.1,0.491674,65481.27,0.2463,2026-11-01
NK225E    ,OOP,202611,47250.0,            ,131117218,0000000.0000,0000000.0,64.19,0.451655,141117218,0000000.0000,0000000.0,18375.14,0.484556,65481.27,0.2463,2026-11-01
NK225E    ,OOP,202611,47500.0,            ,131117518,0000066.0000,0000000.0,65.99,0.449535,141117518,0000000.0000,0000000.0,18129.52,0.481511,65481.27,0.2463,2026-11-01
NK225E    ,OOP,202611,47750.0,            ,131117718,0000000.0000,0000000.0,68.94,0.444174,141117718,0000000.0000,0000000.0,17880.74,0.478313,65481.27,0.2463,2026-11-01
NK225E    ,OOP,202611,48000.0,            ,181118018,0000070.0000,0000000.0,70.0,0.440782,191118018,0000000.0000,0000000.0,17634.2,0.47123,65481.27,0.2463,2026-11-01
NK225E    ,OOP,202611,48250.0,            ,131118218,0000072.0000,0000000.0,71.99,0.43632,141118218,0000000.0000,0000000.0,17385.86,0.46789,65481.27,0.2463,2026-11-01
NK225E    ,OOP,202611,48500.0,            ,131118518,0000000.0000,0000000.0,77.46,0.431806,141118518,0000000.0000,0000000.0,17139.31,0.460839,65481.27,0.2463,2026-11-01
NK225E    ,OOP,202611,48750.0,            ,131118718,0000000.0000,0000000.0,81.04,0.426341,141118718,0000000.0000,0000000.0,16891.4,0.457366,65481.27,0.2463,2026-11-01
NK225E    ,OOP,202611,49000.0,            ,181119018,0000080.0000,0000000.0,79.99,0.424363,191119018,0000000.0000,0000000.0,16646.65,0.453769,65481.27,0.2463,2026-11-01
NK225E    ,OOP,202611,49250.0,            ,131119218,0000000.0000,0000000.0,84.12,0.41882,141119218,0000000.0000,0000000.0,16398.27,0.446747,65481.27,0.2463,2026-11-01
NK225E    ,OOP,202611,49500.0,            ,131119518,0000000.0000,0000000.0,90.23,0.415724,141119518,0000000.0000,0000000.0,16152.15,0.443032,65481.27,0.2463,2026-11-01
NK225E    ,OOP,202611,49750.0,            ,131119718,0000000.0000,0000000.0,90.76,0.413254,141119718,0000000.0000,0000000.0,15907.82,0.439207,65481.27,0.2463,2026-11-01
NK225E    ,OOP,202611,50000.0,            ,181110018,0000093.0000,0000000.0,92.99,0.409099,191110018,0000000.0000,0000000.0,15660.32,0.432213,65481.27,0.2463,2026-11-01
NK225E    ,OOP,202611,50250.0,            ,131110218,0000000.0000,0000000.0,100.45,0.406306,141110218,0000000.0000,0000000.0,15416.42,0.431253,65481.27,0.2463,2026-11-01
NK225E    ,OOP,202611,50500.0,            ,131110518,0000105.0000,0000000.0,101.5,0.39986,141110518,0000000.0000,0000000.0,15167.54,0.424254,65481.27,0.2463,2026-11-01
NK225E    ,OOP,202611,50750.0,            ,131110718,0000104.0000,0000000.0,103.99,0.397544,141110718,0000000.0000,0000000.0,14925.43,0.420132,65481.27,0.2463,2026-11-01
NK225E    ,OOP,202611,51000.0,            ,181111018,0000109.0000,0000000.0,108.99,0.394365,191111018,0000000.0000,0000000.0,14679.7,0.415922,65481.27,0.2463,2026-11-01
NK225E    ,OOP,202611,51250.0,            ,131111218,0000112.0000,0000000.0,112.0,0.389789,141111218,0000000.0000,0000000.0,14433.95,0.411626,65481.27,0.2463,2026-11-01
NK225E    ,OOP,202611,51500.0,            ,131111518,0000127.0000,0000000.0,120.9,0.385764,141111518,0000000.0000,0000000.0,14187.28,0.40725,65481.27,0.2463,2026-11-01
NK225E    ,OOP,202611,51750.0,            ,131111718,0000000.0000,0000000.0,125.51,0.382818,141111718,0000000.0000,0000000.0,13943.76,0.402797,65481.27,0.2463,2026-11-01
NK225E    ,OOP,202611,52000.0,            ,181112018,0000130.0000,0000000.0,129.99,0.380817,191112018,0000000.0000,0000000.0,13699.78,0.398269,65481.27,0.2463,2026-11-01
NK225E    ,OOP,202611,52250.0,            ,131112218,0000000.0000,0000000.0,138.13,0.376966,141112218,0000000.0000,0000000.0,13457.13,0.396021,65481.27,0.2463,2026-11-01
NK225E    ,OOP,202611,52500.0,            ,131112518,0000139.0000,0000000.0,139.0,0.372488,141112518,0000000.0000,0000000.0,13213.12,0.391289,65481.27,0.2463,2026-11-01
NK225E    ,OOP,202611,52750.0,            ,131112718,0000000.0000,0000000.0,146.47,0.369446,141112718,0000000.0000,0000000.0,12969.08,0.386494,65481.27,0.2463,2026-11-01
NK225E    ,OOP,202611,53000.0,            ,181113018,0000152.0000,0000000.0,151.99,0.365753,191113018,0000000.0000,0000000.0,12725.49,0.381636,65481.27,0.2463,2026-11-01
NK225E    ,OOP,202611,53250.0,            ,131113218,0000000.0000,0000000.0,162.29,0.362866,141113218,0000000.0000,0000000.0,12485.04,0.378803,65481.27,0.2463,2026-11-01
NK225E    ,OOP,202611,53500.0,            ,131113518,0000166.0000,0000000.0,165.99,0.358901,141113518,0000000.0000,0000000.0,12240.04,0.373773,65481.27,0.2463,2026-11-01
NK225E    ,OOP,202611,53750.0,            ,131113718,0000174.0000,0000000.0,174.0,0.35569,141113718,0000000.0000,0000000.0,11997.28,0.370646,65481.27,0.2463,2026-11-01
NK225E    ,OOP,202611,54000.0,            ,181114018,0000218.0000,0000000.0,185.8,0.352314,191114018,0000000.0000,0000000.0,11757.68,0.367347,65481.27,0.2463,2026-11-01
NK225E    ,OOP,202611,54250.0,            ,131114218,0000000.0000,0000000.0,191.69,0.347983,141114218,0000000.0000,0000000.0,11514.87,0.362063,65481.27,0.2463,2026-11-01
NK225E    ,OOP,202611,54500.0,            ,131114518,0000222.0000,0000000.0,203.68,0.345493,141114518,0000000.0000,0000000.0,11276.13,0.358509,65481.27,0.2463,2026-11-01
NK225E    ,OOP,202611,54750.0,            ,131114718,0000000.0000,0000000.0,208.22,0.341293,141114718,0000000.0000,0000000.0,11033.72,0.354806,65481.27,0.2463,2026-11-01
NK225E    ,OOP,202611,55000.0,            ,181115018,0000219.0000,0000000.0,218.99,0.339138,191115018,0000000.0000,0000000.0,10797.19,0.352609,65481.27,0.2463,2026-11-01
NK225E    ,OOP,202611,55250.0,            ,131115218,0000229.0000,0000000.0,229.0,0.335697,141115218,0000000.0000,0000000.0,10556.55,0.346979,65481.27,0.2463,2026-11-01
NK225E    ,OOP,202611,55500.0,            ,181115518,0000260.0000,0000000.0,246.58,0.332754,191115518,0000000.0000,0000000.0,10320.42,0.344416,65481.27,0.2463,2026-11-01
NK225E    ,OOP,202611,55750.0,            ,181115718,0000000.0000,0000000.0,259.34,0.328972,191115718,0000000.0000,0000000.0,10081.07,0.340132,65481.27,0.2463,2026-11-01
NK225E    ,OOP,202611,56000.0,            ,131236018,0000269.0000,0000000.0,269.0,0.327495,141236018,0000000.0000,0000000.0,9845.33,0.337178,65481.27,0.2463,2026-11-01
NK225E    ,OOP,202611,56250.0,            ,181116218,0000000.0000,0000000.0,286.4,0.324231,191116218,0000000.0000,0000000.0,9613.21,0.335403,65481.27,0.2463,2026-11-01
NK225E    ,OOP,202611,56500.0,            ,181116518,0000325.0000,0000000.0,298.67,0.320778,191116518,0000000.0000,0000000.0,9376.48,0.330659,65481.27,0.2463,2026-11-01
NK225E    ,OOP,202611,56750.0,            ,181116718,0000315.0000,0000000.0,314.99,0.319051,191116718,0000000.0000,0000000.0,9144.29,0.328412,65481.27,0.2463,2026-11-01
NK225E    ,OOP,202611,57000.0,            ,131237018,0000350.0000,0000000.0,334.37,0.31571,141237018,0000000.0000,0000000.0,8912.05,0.324649,65481.27,0.2463,2026-11-01
NK225E    ,OOP,202611,57250.0,            ,181117218,0000345.0000,0000000.0,344.99,0.312174,191117218,0000000.0000,0000000.0,8679.77,0.321928,65481.27,0.2463,2026-11-01
NK225E    ,OOP,202611,57500.0,            ,181117518,0000000.0000,0000000.0,371.02,0.310882,191117518,0000000.0000,0000000.0,8452.04,0.318967,65481.27,0.2463,2026-11-01
NK225E    ,OOP,202611,57750.0,            ,181117718,0000380.0000,0000000.0,380.0,0.305733,191117718,0000000.0000,0000000.0,8219.66,0.315778,65481.27,0.2463,2026-11-01
NK225E    ,OOP,202611,58000.0,            ,131238018,0000400.0000,0000000.0,399.99,0.302763,141238018,0000000.0000,0000000.0,7994.13,0.31346,65481.27,0.2463,2026-11-01
NK225E    ,OOP,202611,58250.0,            ,181118218,0000000.0000,0000000.0,440.24,0.302821,191118218,0000000.0000,0000000.0,7768.56,0.309813,65481.27,0.2463,2026-11-01
NK225E    ,OOP,202611,58500.0,            ,181118518,0000450.0000,0000000.0,449.99,0.298235,191118518,0000000.0000,0000000.0,7545.24,0.308001,65481.27,0.2463,2026-11-01
NK225E    ,OOP,202611,58750.0,            ,181118718,0000470.0000,0000000.0,470.0,0.294521,191118718,0000000.0000,0000000.0,7321.87,0.304889,65481.27,0.2463,2026-11-01
NK225E    ,OOP,202611,59000.0,            ,131239018,0000590.0000,0000000.0,517.92,0.295492,141239018,0000000.0000,0000000.0,7100.75,0.302486,65481.27,0.2463,2026-11-01
NK225E    ,OOP,202611,59250.0,            ,181119218,0000525.0000,0000000.0,524.99,0.289345,191119218,0000000.0000,0000000.0,6881.9,0.299793,65481.27,0.2463,2026-11-01
NK225E    ,OOP,202611,59500.0,            ,181119518,0000605.0000,0000000.0,581.58,0.29134,191119518,0000000.0000,0000000.0,6665.31,0.296825,65481.27,0.2463,2026-11-01
NK225E    ,OOP,202611,59750.0,            ,181119718,0000745.0000,0000000.0,610.52,0.28835,191119718,0000000.0000,0000000.0,6448.65,0.294454,65481.27,0.2463,2026-11-01
NK225E    ,OOP,202611,60000.0,            ,131230018,0000760.0000,0000000.0,646.08,0.286121,141230018,0000000.0000,0000000.0,6238.94,0.292611,65481.27,0.2463,2026-11-01
NK225E    ,OOP,202611,60250.0,            ,181110218,0000000.0000,0000000.0,693.55,0.284034,191110218,0000000.0000,0000000.0,6026.83,0.290425,65481.27,0.2463,2026-11-01
NK225E    ,OOP,202611,60500.0,            ,181110518,0000845.0000,0000000.0,729.82,0.282549,191110518,0000000.0000,0000000.0,5819.34,0.287915,65481.27,0.2463,2026-11-01
NK225E    ,OOP,202611,60625.0,            ,181110618,0000000.0000,0000000.0,753.07,0.281315,191110618,0000000.0000,0000000.0,5714.38,0.286542,65481.27,0.2463,2026-11-01
NK225E    ,OOP,202611,60750.0,            ,181110718,0000805.0000,0000000.0,775.47,0.279973,191110718,0000000.0000,0000000.0,5611.77,0.285093,65481.27,0.2463,2026-11-01
NK225E    ,OOP,202611,60875.0,            ,181110818,0000000.0000,0000000.0,799.75,0.27931,191110818,0000000.0000,0000000.0,5511.5,0.284319,65481.27,0.2463,2026-11-01
NK225E    ,OOP,202611,61000.0,            ,131231018,0000955.0000,0000000.0,826.18,0.277801,141231018,0000000.0000,0000000.0,5408.84,0.28345,65481.27,0.2463,2026-11-01
NK225E    ,OOP,202611,61125.0,            ,181111118,0000000.0000,0000000.0,846.34,0.276953,191111118,0000000.0000,0000000.0,5308.52,0.282489,65481.27,0.2463,2026-11-01
NK225E    ,OOP,202611,61250.0,            ,181111218,0000855.0000,0000000.0,854.99,0.274557,191111218,0000000.0000,0000000.0,5212.94,0.282155,65481.27,0.2463,2026-11-01
NK225E    ,OOP,202611,61375.0,            ,181111318,0000000.0000,0000000.0,902.36,0.275688,191111318,0000000.0000,0000000.0,5114.98,0.281006,65481.27,0.2463,2026-11-01
NK225E    ,OOP,202611,61500.0,            ,181111518,0000990.0000,0000000.0,922.58,0.274552,191111518,0000000.0000,0000000.0,5012.22,0.279071,65481.27,0.2463,2026-11-01
NK225E    ,OOP,202611,61625.0,            ,181111618,0000915.0000,0000000.0,914.99,0.269139,191111618,0000000.0000,0000000.0,4914.2,0.278449,65481.27,0.2463,2026-11-01
NK225E    ,OOP,202611,61750.0,            ,181111718,0000000.0000,0000000.0,988.4,0.273388,191111718,0000000.0000,0000000.0,4823.33,0.277727,65481.27,0.2463,2026-11-01
NK225E    ,OOP,202611,61875.0,            ,181111818,0000000.0000,0000000.0,1004.61,0.271296,191111818,0000000.0000,0000000.0,4718.09,0.275558,65481.27,0.2463,2026-11-01
NK225E    ,OOP,202611,62000.0,            ,131232018,0001050.0000,0000000.0,1049.99,0.273148,141232018,0000000.0000,0000000.0,4629.57,0.275986,65481.27,0.2463,2026-11-01
NK225E    ,OOP,202611,62125.0,            ,181112118,0000000.0000,0000000.0,1072.35,0.270216,191112118,0000000.0000,0000000.0,4536.26,0.274972,65481.27,0.2463,2026-11-01
NK225E    ,OOP,202611,62250.0,            ,181112218,0000000.0000,0000000.0,1107.5,0.269191,191112218,0000000.0000,0000000.0,4442.93,0.273864,65481.27,0.2463,2026-11-01
NK225E    ,OOP,202611,62375.0,            ,131112318,0000000.0000,0000000.0,1130.41,0.268071,141112318,0000000.0000,0000000.0,4344.75,0.272021,65481.27,0.2463,2026-11-01
NK225E    ,OOP,202611,62500.0,            ,131232518,0001325.0000,0000000.0,1171.18,0.267495,141232518,0000000.0000,0000000.0,4258.59,0.272008,65481.27,0.2463,2026-11-01
NK225E    ,OOP,202611,62625.0,            ,131112618,0000000.0000,0000000.0,1207.65,0.267443,141112618,0000000.0000,0000000.0,4172.43,0.271878,65481.27,0.2463,2026-11-01
NK225E    ,OOP,202611,62750.0,            ,181112718,0000000.0000,0000000.0,1242.19,0.266024,191112718,0000000.0000,0000000.0,4076.57,0.270388,65481.27,0.2463,2026-11-01
NK225E    ,OOP,202611,62875.0,            ,131112818,0000000.0000,0000000.0,1275.16,0.265134,141112818,0000000.0000,0000000.0,3990.37,0.269428,65481.27,0.2463,2026-11-01
NK225E    ,OOP,202611,63000.0,            ,131233018,0001415.0000,0000000.0,1313.23,0.264754,141233018,0000000.0000,0000000.0,3904.15,0.268979,65481.27,0.2463,2026-11-01
NK225E    ,OOP,202611,63125.0,            ,131113118,0000000.0000,0000000.0,1337.69,0.262444,141113118,0000000.0000,0000000.0,3803.33,0.266606,65481.27,0.2463,2026-11-01
NK225E    ,OOP,202611,63250.0,            ,181113218,0000000.0000,0000000.0,1361.68,0.263061,191113218,0000000.0000,0000000.0,3731.65,0.267756,65481.27,0.2463,2026-11-01
NK225E    ,OOP,202611,63375.0,            ,131113318,0000000.0000,0000000.0,1390.83,0.261165,141113318,0000000.0000,0000000.0,3635.62,0.265202,65481.27,0.2463,2026-11-01
NK225E    ,OOP,202611,63500.0,            ,181113518,0001455.0000,0000000.0,1454.99,0.260954,191113518,0000000.0000,0000000.0,3584.67,0.265483,65481.27,0.2463,2026-11-01
NK225E    ,OOP,202611,63625.0,            ,131113618,0000000.0000,0000000.0,1516.51,0.25887,141113618,0000000.0000,0000000.0,3462.93,0.263378,65481.27,0.2463,2026-11-01
NK225E    ,OOP,202611,63750.0,            ,181113718,0001715.0000,0000000.0,1552.97,0.259606,191113718,0000000.0000,0000000.0,3353.59,0.264052,65481.27,0.2463,2026-11-01
NK225E    ,OOP,202611,63875.0,            ,131113818,0000000.0000,0000000.0,1609.64,0.25848,141113818,0000000.0000,0000000.0,3304.82,0.262294,65481.27,0.2463,2026-11-01
NK225E    ,OOP,202611,64000.0,            ,131234018,0001785.0000,0000000.0,1652.71,0.258398,141234018,0000000.0000,0000000.0,3247.42,0.262732,65481.27,0.2463,2026-11-01
NK225E    ,OOP,202611,64125.0,            ,131114118,0000000.0000,0000000.0,1700.79,0.255919,141114118,0000000.0000,0000000.0,3136.8,0.259634,65481.27,0.2463,2026-11-01
NK225E    ,OOP,202611,64250.0,            ,181114218,0001840.0000,0000000.0,1746.38,0.256182,191114218,0000000.0000,0000000.0,3049.74,0.260416,65481.27,0.2463,2026-11-01
NK225E    ,OOP,202611,64375.0,            ,131114318,0000000.0000,0000000.0,1791.97,0.25576,141114318,0000000.0000,0000000.0,2993.34,0.259384,65481.27,0.2463,2026-11-01
NK225E    ,OOP,202611,64500.0,            ,131234518,0000000.0000,0000000.0,1837.57,0.254664,141234518,0000000.0000,0000000.0,2896.91,0.258245,65481.27,0.2463,2026-11-01
NK225E    ,OOP,202611,64625.0,            ,131114618,0000000.0000,0000000.0,1893.18,0.254574,141114618,0000000.0000,0000000.0,2844.89,0.258671,65481.27,0.2463,2026-11-01
NK225E    ,OOP,202611,64750.0,            ,131234718,0002095.0000,0000000.0,1943.79,0.253812,141234718,0000000.0000,0000000.0,2744.69,0.257867,65481.27,0.2463,2026-11-01
NK225E    ,OOP,202611,64875.0,            ,131114818,0000000.0000,0000000.0,1994.41,0.254042,141114818,0000000.0000,0000000.0,2650.61,0.258059,65481.27,0.2463,2026-11-01
NK225E    ,OOP,202611,65000.0,            ,131235018,0002200.0000,0000000.0,2045.03,0.253051,141235018,0002310.0000,0000000.0,2626.58,0.25703,65481.27,0.2463,2026-11-01
NK225E    ,OOP,202611,65125.0,            ,131115118,0000000.0000,0000000.0,2105.65,0.252498,141115118,0002375.0000,0000000.0,2536.05,0.256441,65481.27,0.2463,2026-11-01
NK225E    ,OOP,202611,65250.0,            ,131235218,0000000.0000,0000000.0,2161.28,0.251281,141235218,0000000.0000,0000000.0,2520.62,0.255191,65481.27,0.2463,2026-11-01
NK225E    ,OOP,202611,65375.0,            ,131115318,0000000.0000,0000000.0,2216.91,0.251045,141115318,0000000.0000,0000000.0,2398.21,0.254924,65481.27,0.2463,2026-11-01
NK225E    ,OOP,202611,65500.0,            ,131235518,0000000.0000,0000000.0,2272.54,0.250146,141235518,0002295.0000,0000000.0,2338.5,0.253995,65481.27,0.2463,2026-11-01
NK225E    ,OOP,202611,65625.0,            ,131115618,0000000.0000,0000000.0,2333.18,0.249677,141115618,0002240.0000,0000000.0,2279.14,0.253498,65481.27,0.2463,2026-11-01
NK225E    ,OOP,202611,65750.0,            ,131235718,0000000.0000,0000000.0,2398.8,0.248001,141235718,0000000.0000,0000000.0,2209.78,0.251796,65481.27,0.2463,2026-11-01
NK225E    ,OOP,202611,65875.0,            ,131115818,0000000.0000,0000000.0,2459.44,0.249479,141115818,0000000.0000,0000000.0,2150.43,0.25325,65481.27,0.2463,2026-11-01
NK225E    ,OOP,202611,66000.0,            ,181236018,0002490.0000,0000000.0,2489.99,0.248113,191236018,0002030.0000,0000000.0,2086.08,0.252407,65481.27,0.2463,2026-11-01
NK225E    ,OOP,202611,66125.0,            ,131116118,0000000.0000,0000000.0,2585.72,0.248812,141116118,0000000.0000,0000000.0,2026.72,0.25254,65481.27,0.2463,2026-11-01
NK225E    ,OOP,202611,66250.0,            ,131236218,0000000.0000,0000000.0,2651.36,0.248849,141236218,0001665.0000,0000000.0,1967.37,0.253104,65481.27,0.2463,2026-11-01
NK225E    ,OOP,202611,66375.0,            ,131116318,0000000.0000,0000000.0,2712.02,0.246032,141116318,0000000.0000,0000000.0,1908.02,0.250272,65481.27,0.2463,2026-11-01
NK225E    ,OOP,202611,66500.0,            ,131236518,0002830.0000,0000000.0,2777.66,0.24583,141236518,0000000.0000,0000000.0,1853.67,0.249507,65481.27,0.2463,2026-11-01
NK225E    ,OOP,202611,66625.0,            ,131116618,0000000.0000,0000000.0,2843.31,0.24551,141116618,0000000.0000,0000000.0,1794.33,0.249173,65481.27,0.2463,2026-11-01
NK225E    ,OOP,202611,66750.0,            ,131236718,0000000.0000,0000000.0,2911.47,0.245624,141236718,0001585.0000,0000000.0,1744.96,0.249275,65481.27,0.2463,2026-11-01
NK225E    ,OOP,202611,66875.0,            ,131116818,0000000.0000,0000000.0,2996.42,0.24673,141116818,0000000.0000,0000000.0,1690.6,0.250369,65481.27,0.2463,2026-11-01
NK225E    ,OOP,202611,67000.0,            ,131357018,0000000.0000,0000000.0,3047.77,0.244948,141357018,0001520.0000,0000000.0,1638.74,0.248579,65481.27,0.2463,2026-11-01
NK225E    ,OOP,202611,67125.0,            ,131117118,0000000.0000,0000000.0,3134.2,0.244711,141117118,0000000.0000,0000000.0,1586.88,0.248894,65481.27,0.2463,2026-11-01
NK225E    ,OOP,202611,67250.0,            ,131237218,0000000.0000,0000000.0,3203.11,0.243794,141237218,0000000.0000,0000000.0,1535.04,0.247975,65481.27,0.2463,2026-11-01
NK225E    ,OOP,202611,67375.0,            ,131117318,0000000.0000,0000000.0,3287.41,0.244448,141117318,0000000.0000,0000000.0,1483.18,0.248061,65481.27,0.2463,2026-11-01
NK225E    ,OOP,202611,67500.0,            ,181237518,0000000.0000,0000000.0,3356.7,0.243288,191237518,0001300.0000,0000000.0,1441.28,0.247468,65481.27,0.2463,2026-11-01
NK225E    ,OOP,202611,67625.0,            ,131117618,0000000.0000,0000000.0,3443.17,0.243715,141117618,0000000.0000,0000000.0,1389.44,0.247326,65481.27,0.2463,2026-11-01
NK225E    ,OOP,202611,67750.0,            ,131237718,0000000.0000,0000000.0,3515.27,0.243458,141237718,0000000.0000,0000000.0,1345.06,0.247644,65481.27,0.2463,2026-11-01
NK225E    ,OOP,202611,67875.0,            ,131117818,0000000.0000,0000000.0,3627.67,0.245985,141117818,0000000.0000,0000000.0,1305.65,0.249592,65481.27,0.2463,2026-11-01
NK225E    ,OOP,202611,68000.0,            ,131358018,0000000.0000,0000000.0,3683.79,0.242001,141358018,0001280.0000,0000000.0,1280.0,0.24445,65481.27,0.2463,2026-11-01
NK225E    ,OOP,202611,68125.0,            ,131118118,0000000.0000,0000000.0,3793.91,0.245511,141118118,0000000.0000,0000000.0,1226.83,0.249713,65481.27,0.2463,2026-11-01
NK225E    ,OOP,202611,68250.0,            ,131238218,0000000.0000,0000000.0,3870.3,0.241822,141238218,0000000.0000,0000000.0,1172.52,0.246047,65481.27,0.2463,2026-11-01
NK225E    ,OOP,202611,68375.0,            ,131118318,0000000.0000,0000000.0,3954.84,0.243966,141118318,0000000.0000,0000000.0,1133.12,0.247597,65481.27,0.2463,2026-11-01
NK225E    ,OOP,202611,68500.0,            ,131238518,0000000.0000,0000000.0,3998.49,0.242395,141238518,0001120.0000,0000000.0,1096.19,0.246645,65481.27,0.2463,2026-11-01
NK225E    ,OOP,202611,68625.0,            ,131118618,0000000.0000,0000000.0,4126.25,0.243134,141118618,0000000.0000,0000000.0,1101.42,0.247397,65481.27,0.2463,2026-11-01
NK225E    ,OOP,202611,68750.0,            ,131238718,0000000.0000,0000000.0,4157.68,0.240672,141238718,0000000.0000,0000000.0,1022.36,0.244966,65481.27,0.2463,2026-11-01
NK225E    ,OOP,202611,68875.0,            ,131118818,0000000.0000,0000000.0,4300.27,0.24244,141118818,0000000.0000,0000000.0,1025.88,0.246744,65481.27,0.2463,2026-11-01
NK225E    ,OOP,202611,69000.0,            ,131359018,0000000.0000,0000000.0,4395.65,0.240323,141359018,0000970.0000,0000000.0,970.0,0.242126,65481.27,0.2463,2026-11-01
NK225E    ,OOP,202611,69125.0,            ,131119118,0000000.0000,0000000.0,4468.87,0.239972,141119118,0000000.0000,0000000.0,944.91,0.244338,65481.27,0.2463,2026-11-01
NK225E    ,OOP,202611,69250.0,            ,131239218,0000000.0000,0000000.0,4561.23,0.240155,141239218,0000000.0000,0000000.0,881.07,0.244545,65481.27,0.2463,2026-11-01
NK225E    ,OOP,202611,69375.0,            ,131119318,0000000.0000,0000000.0,4648.06,0.238905,141119318,0000745.0000,0000000.0,874.53,0.243334,65481.27,0.2463,2026-11-01
NK225E    ,OOP,202611,69500.0,            ,131239518,0000000.0000,0000000.0,4741.66,0.238853,141239518,0000000.0000,0000000.0,821.96,0.243313,65481.27,0.2463,2026-11-01
NK225E    ,OOP,202611,69625.0,            ,131119618,0000000.0000,0000000.0,4867.59,0.242764,141119618,0000000.0000,0000000.0,844.5,0.247221,65481.27,0.2463,2026-11-01
NK225E    ,OOP,202611,69750.0,            ,131239718,0000000.0000,0000000.0,4936.95,0.2391,141239718,0000000.0000,0000000.0,781.54,0.243624,65481.27,0.2463,2026-11-01
NK225E    ,OOP,202611,69875.0,            ,131119818,0000000.0000,0000000.0,5041.36,0.239412,141119818,0000655.0000,0000000.0,768.7,0.244663,65481.27,0.2463,2026-11-01
NK225E    ,OOP,202611,70000.0,            ,131350018,0005400.0000,0000000.0,5132.24,0.238912,141350018,0000730.0000,0000000.0,730.0,0.241392,65481.27,0.2463,2026-11-01
NK225E    ,OOP,202611,70125.0,            ,131110118,0000000.0000,0000000.0,5233.97,0.239009,141110118,0000605.0000,0000000.0,711.74,0.243649,65481.27,0.2463,2026-11-01
NK225E    ,OOP,202611,70250.0,            ,131230218,0000000.0000,0000000.0,5330.25,0.238264,141230218,0000640.0000,0000000.0,668.97,0.242955,65481.27,0.2463,2026-11-01
NK225E    ,OOP,202611,70375.0,            ,131110318,0000000.0000,0000000.0,5431.98,0.238132,141110318,0000000.0000,0000000.0,660.18,0.24361,65481.27,0.2463,2026-11-01
NK225E    ,OOP,202611,70500.0,            ,131230518,0000000.0000,0000000.0,5530.98,0.237887,141230518,0000495.0000,0000000.0,629.73,0.243429,65481.27,0.2463,2026-11-01
NK225E    ,OOP,202611,70625.0,            ,131110618,0000000.0000,0000000.0,5651.87,0.240623,141110618,0000000.0000,0000000.0,630.51,0.246179,65481.27,0.2463,2026-11-01
NK225E    ,OOP,202611,70750.0,            ,131230718,0000000.0000,0000000.0,5734.43,0.237831,141230718,0000515.0000,0000000.0,569.39,0.242723,65481.27,0.2463,2026-11-01
NK225E    ,OOP,202611,70875.0,            ,131110818,0000000.0000,0000000.0,5855.4,0.240449,141110818,0000000.0000,0000000.0,584.47,0.246136,65481.27,0.2463,2026-11-01
NK225E    ,OOP,202611,71000.0,            ,131351018,0000000.0000,0000000.0,5940.62,0.237328,141351018,0000565.0000,0000000.0,565.0,0.244756,65481.27,0.2463,2026-11-01
NK225E    ,OOP,202611,71125.0,            ,131111118,0000000.0000,0000000.0,6061.66,0.239826,141111118,0000000.0000,0000000.0,541.17,0.245664,65481.27,0.2463,2026-11-01
NK225E    ,OOP,202611,71250.0,            ,131231218,0000000.0000,0000000.0,6149.56,0.237201,141231218,0000415.0000,0000000.0,489.58,0.242336,65481.27,0.2463,2026-11-01
NK225E    ,OOP,202611,71375.0,            ,131111318,0000000.0000,0000000.0,6265.12,0.238715,141111318,0000000.0000,0000000.0,495.06,0.244732,65481.27,0.2463,2026-11-01
NK225E    ,OOP,202611,71500.0,            ,131231518,0000000.0000,0000000.0,6361.27,0.236623,141231518,0000445.0000,0000000.0,456.97,0.242776,65481.27,0.2463,2026-11-01
NK225E    ,OOP,202611,71625.0,            ,131111618,0000000.0000,0000000.0,6479.65,0.238884,141111618,0000000.0000,0000000.0,460.02,0.245063,65481.27,0.2463,2026-11-01
NK225E    ,OOP,202611,71750.0,            ,131231718,0000000.0000,0000000.0,6578.55,0.236491,141231718,0000000.0000,0000000.0,422.25,0.241918,65481.27,0.2463,2026-11-01
NK225E    ,OOP,202611,71875.0,            ,131111818,0000000.0000,0000000.0,6699.76,0.239579,141111818,0000000.0000,0000000.0,430.57,0.245917,65481.27,0.2463,2026-11-01
NK225E    ,OOP,202611,72000.0,            ,131352018,0000000.0000,0000000.0,6795.83,0.236888,141352018,0000395.0000,0000000.0,395.0,0.240554,65481.27,0.2463,2026-11-01
NK225E    ,OOP,202611,72125.0,            ,131112118,0000000.0000,0000000.0,6917.1,0.238924,141112118,0000000.0000,0000000.0,398.33,0.245473,65481.27,0.2463,2026-11-01
NK225E    ,OOP,202611,72250.0,            ,131232218,0000000.0000,0000000.0,7014.24,0.235866,141232218,0000000.0000,0000000.0,361.52,0.241634,65481.27,0.2463,2026-11-01
NK225E    ,OOP,202611,72500.0,            ,181112518,0000000.0000,0000000.0,7233.77,0.235384,191112518,0000295.0000,0000000.0,331.87,0.242389,65481.27,0.2463,2026-11-01
NK225E    ,OOP,202611,72750.0,            ,131232718,0000000.0000,0000000.0,7454.98,0.234419,141232718,0000000.0000,0000000.0,309.62,0.242798,65481.27,0.2463,2026-11-01
NK225E    ,OOP,202611,73000.0,            ,131353018,0000000.0000,0000000.0,7681.29,0.235321,141353018,0000274.0000,0000000.0,279.43,0.241692,65481.27,0.2463,2026-11-01
NK225E    ,OOP,202611,73250.0,            ,131233218,0000000.0000,0000000.0,7905.9,0.233357,141233218,0000000.0000,0000000.0,258.62,0.241979,65481.27,0.2463,2026-11-01
NK225E    ,OOP,202611,73500.0,            ,131233518,0000000.0000,0000000.0,8134.5,0.233427,141233518,0000244.0000,0000000.0,243.99,0.241378,65481.27,0.2463,2026-11-01
NK225E    ,OOP,202611,73750.0,            ,131233718,0000000.0000,0000000.0,8364.83,0.23308,141233718,0000000.0000,0000000.0,219.64,0.242437,65481.27,0.2463,2026-11-01
NK225E    ,OOP,202611,74000.0,            ,131354018,0000000.0000,0000000.0,8596.31,0.232263,141354018,0000185.0000,0000000.0,198.36,0.24152,65481.27,0.2463,2026-11-01
NK225E    ,OOP,202611,74250.0,            ,131234218,0000000.0000,0000000.0,8827.8,0.232542,141234218,0000000.0000,0000000.0,185.07,0.242174,65481.27,0.2463,2026-11-01
NK225E    ,OOP,202611,74500.0,            ,181234518,0000000.0000,0000000.0,9062.76,0.232436,191234518,0000160.0000,0000000.0,165.72,0.242502,65481.27,0.2463,2026-11-01
NK225E    ,OOP,202611,74750.0,            ,181234718,0000000.0000,0000000.0,9298.9,0.231896,191234718,0000000.0000,0000000.0,151.12,0.243131,65481.27,0.2463,2026-11-01
NK225E    ,OOP,202611,75000.0,            ,181355018,0000000.0000,0000000.0,9533.88,0.230856,191355018,0000143.0000,0000000.0,143.0,0.240968,65481.27,0.2463,2026-11-01
NK225E    ,OOP,202611,75250.0,            ,181235218,0000000.0000,0000000.0,9771.2,0.229228,191235218,0000000.0000,0000000.0,125.34,0.242649,65481.27,0.2463,2026-11-01
NK225E    ,OOP,202611,75500.0,            ,181235518,0000000.0000,0000000.0,10009.7,0.229262,191235518,0000116.0000,0000000.0,114.16,0.242947,65481.27,0.2463,2026-11-01
NK225E    ,OOP,202611,75750.0,            ,181235718,0000000.0000,0000000.0,10250.57,0.228885,191235718,0000000.0000,0000000.0,104.44,0.242472,65481.27,0.2463,2026-11-01
NK225E    ,OOP,202611,76000.0,            ,181356018,0000000.0000,0000000.0,10489.08,0.228027,191356018,0000099.0000,0000000.0,98.99,0.241078,65481.27,0.2463,2026-11-01
NK225E    ,OOP,202611,76250.0,            ,181236218,0000000.0000,0000000.0,10731.75,0.226595,191236218,0000000.0000,0000000.0,87.46,0.244422,65481.27,0.2463,2026-11-01
NK225E    ,OOP,202611,76500.0,            ,181236518,0000000.0000,0000000.0,10973.24,0.224456,191236518,0000100.0000,0000000.0,77.74,0.242723,65481.27,0.2463,2026-11-01
NK225E    ,OOP,202611,77000.0,            ,181357018,0000000.0000,0000000.0,11458.02,0.221505,191357018,0000068.0000,0000000.0,68.0,0.241431,65481.27,0.2463,2026-11-01
NK225E    ,OOP,202611,77500.0,            ,131237518,0000000.0000,0000000.0,11945.23,0.220411,141237518,0000000.0000,0000000.0,54.49,0.245573,65481.27,0.2463,2026-11-01
NK225E    ,OOP,202611,78000.0,            ,181358018,0000000.0000,0000000.0,12435.48,0.21686,191358018,0000039.0000,0000000.0,51.9,0.244032,65481.27,0.2463,2026-11-01
NK225E    ,OOP,202611,78500.0,            ,181238518,0000000.0000,0000000.0,12925.75,0.208809,191238518,0000000.0000,0000000.0,43.04,0.246568,65481.27,0.2463,2026-11-01
NK225E    ,OOP,202611,79000.0,            ,181359018,0000000.0000,0000000.0,13418.49,0.186601,191359018,0000030.0000,0000000.0,32.32,0.247358,65481.27,0.2463,2026-11-01
NK225E    ,OOP,202611,79500.0,            ,181239518,0000000.0000,0000000.0,13912.47,0.01,191239518,0000023.0000,0000000.0,31.48,0.248029,65481.27,0.2463,2026-11-01
NK225E    ,OOP,202611,80000.0,            ,181350018,0000000.0000,0000000.0,14407.08,0.01,191350018,0000024.0000,0000000.0,24.0,0.24742,65481.27,0.2463,2026-11-01
NK225E    ,OOP,202611,82500.0,            ,181232518,0000000.0000,0000000.0,16888.43,0.01,191232518,0000011.0000,0000000.0,11.0,0.255302,65481.27,0.2463,2026-11-01
NK225E    ,OOP,202611,85000.0,            ,131475018,0000000.0000,0000000.0,19377.5,0.01,141475018,0000005.0000,0000000.0,4.99,0.262385,65481.27,0.2463,2026-11-01
NK225E    ,OOP,202611,87500.0,            ,131357518,0000000.0000,0000000.0,21871.76,0.01,141357518,0000000.0000,0000000.0,3.19,0.288432,65481.27,0.2463,2026-11-01
NK225E    ,OOP,202611,90000.0,            ,131470018,0000000.0000,0000000.0,24365.45,0.01,141470018,0000000.0000,0000000.0,1.82,0.299548,65481.27,0.2463,2026-11-01
NK225E    ,OOP,202611,92500.0,            ,181352518,0000000.0000,0000000.0,26858.99,0.01,191352518,0000000.0000,0000000.0,0.53,0.283187,65481.27,0.2463,2026-11-01
NK225E    ,OOP,202611,95000.0,            ,181475018,0000000.0000,0000000.0,29354.2,0.01,191475018,0000000.0000,0000000.0,0.07,0.269863,65481.27,0.2463,2026-11-01
NK225E    ,OOP,202611,97500.0,            ,181357518,0000000.0000,0000000.0,31849.81,0.01,191357518,0000000.0000,0000000.0,0.01,0.263932,65481.27,0.2463,2026-11-01
NK225E    ,OOP,202611,100000.0,            ,181470018,0000000.0000,0000000.0,34345.46,0.01,191470018,0000000.0000,0000000.0,0.0,0.258,65481.27,0.2463,2026-11-01
NK225E    ,OOP,202612,12500.0,            ,181122518,0000002.0000,0000000.0,2.03,1.078645,191122518,0000000.0000,0000000.0,53016.38,1.822891,65481.27,0.2463,2026-12-01
NK225E    ,OOP,202612,12750.0,            ,181122718,0000000.0000,0000000.0,0.0,0.745188,191122718,0000000.0000,0000000.0,52767.08,1.800112,65481.27,0.2463,2026-12-01
NK225E    ,OOP,202612,13000.0,            ,181123018,0000003.0000,0000000.0,0.0,0.745188,191123018,0000000.0000,0000000.0,52517.79,1.777819,65481.27,0.2463,2026-12-01
NK225E    ,OOP,202612,13250.0,            ,181123218,0000000.0000,0000000.0,0.0,0.743479,191123218,0000000.0000,0000000.0,52268.49,1.755991,65481.27,0.2463,2026-12-01
NK225E    ,OOP,202612,13500.0,            ,181123518,0000000.0000,0000000.0,0.0,0.74177,191123518,0000000.0000,0000000.0,52019.19,1.734609,65481.27,0.2463,2026-12-01
NK225E    ,OOP,202612,13750.0,            ,181123718,0000000.0000,0000000.0,0.0,0.740061,191123718,0000000.0000,0000000.0,51769.89,1.713657,65481.27,0.2463,2026-12-01
NK225E    ,OOP,202612,14000.0,            ,181124018,0000000.0000,0000000.0,0.0,0.738352,191124018,0000000.0000,0000000.0,51520.6,1.693117,65481.27,0.2463,2026-12-01
NK225E    ,OOP,202612,14250.0,            ,181124218,0000000.0000,0000000.0,0.0,0.736536,191124218,0000000.0000,0000000.0,51271.3,1.680827,65481.27,0.2463,2026-12-01
NK225E    ,OOP,202612,14500.0,            ,181124518,0000000.0000,0000000.0,0.0,0.734721,191124518,0000000.0000,0000000.0,51022.0,1.660999,65481.27,0.2463,2026-12-01
NK225E    ,OOP,202612,14750.0,            ,181124718,0000000.0000,0000000.0,0.0,0.732906,191124718,0000000.0000,0000000.0,50772.71,1.64154,65481.27,0.2463,2026-12-01
NK225E    ,OOP,202612,15000.0,            ,181125018,0000003.0000,0000000.0,2.52,0.961417,191125018,0000000.0000,0000000.0,50523.41,1.622438,65481.27,0.2463,2026-12-01
NK225E    ,OOP,202612,15250.0,            ,181125218,0000000.0000,0000000.0,0.0,0.729173,191125218,0000000.0000,0000000.0,50274.11,1.603679,65481.27,0.2463,2026-12-01
NK225E    ,OOP,202612,15500.0,            ,181125518,0000000.0000,0000000.0,0.0,0.727255,191125518,0000000.0000,0000000.0,50024.82,1.585252,65481.27,0.2463,2026-12-01
NK225E    ,OOP,202612,15750.0,            ,181125718,0000000.0000,0000000.0,0.01,0.725337,191125718,0000000.0000,0000000.0,49775.52,1.567146,65481.27,0.2463,2026-12-01
NK225E    ,OOP,202612,16000.0,            ,131126018,0000000.0000,0000000.0,0.01,0.72342,141126018,0000000.0000,0000000.0,49526.23,1.556622,65481.27,0.2463,2026-12-01
NK225E    ,OOP,202612,16250.0,            ,131126218,0000000.0000,0000000.0,0.01,0.721404,141126218,0000000.0000,0000000.0,49276.93,1.539068,65481.27,0.2463,2026-12-01
NK225E    ,OOP,202612,16500.0,            ,131126518,0000000.0000,0000000.0,0.01,0.719388,141126518,0000000.0000,0000000.0,49027.64,1.521804,65481.27,0.2463,2026-12-01
NK225E    ,OOP,202612,16750.0,            ,131126718,0000000.0000,0000000.0,0.02,0.717372,141126718,0000000.0000,0000000.0,48778.34,1.504821,65481.27,0.2463,2026-12-01
NK225E    ,OOP,202612,17000.0,            ,131127018,0000000.0000,0000000.0,0.02,0.715356,141127018,0000000.0000,0000000.0,48529.05,1.488111,65481.27,0.2463,2026-12-01
NK225E    ,OOP,202612,17250.0,            ,131127218,0000000.0000,0000000.0,0.03,0.713246,141127218,0000000.0000,0000000.0,48279.76,1.471664,65481.27,0.2463,2026-12-01
NK225E    ,OOP,202612,17500.0,            ,131127518,0000000.0000,0000000.0,0.03,0.711137,141127518,0000000.0000,0000000.0,48030.46,1.455473,65481.27,0.2463,2026-12-01
NK225E    ,OOP,202612,17750.0,            ,131127718,0000000.0000,0000000.0,0.04,0.709027,141127718,0000000.0000,0000000.0,47781.17,1.43953,65481.27,0.2463,2026-12-01
NK225E    ,OOP,202612,18000.0,            ,131128018,0000003.0000,0000000.0,0.05,0.706918,141128018,0000000.0000,0000000.0,47531.88,1.430549,65481.27,0.2463,2026-12-01
NK225E    ,OOP,202612,18250.0,            ,131128218,0000000.0000,0000000.0,0.05,0.704719,141128218,0000000.0000,0000000.0,47282.59,1.415032,65481.27,0.2463,2026-12-01
NK225E    ,OOP,202612,18500.0,            ,131128518,0000000.0000,0000000.0,0.06,0.70252,141128518,0000000.0000,0000000.0,47033.3,1.399743,65481.27,0.2463,2026-12-01
NK225E    ,OOP,202612,18750.0,            ,131128718,0000000.0000,0000000.0,0.07,0.700321,141128718,0000000.0000,0000000.0,46784.02,1.384675,65481.27,0.2463,2026-12-01
NK225E    ,OOP,202612,19000.0,            ,131129018,0000000.0000,0000000.0,0.08,0.698123,141129018,0000000.0000,0000000.0,46534.73,1.369821,65481.27,0.2463,2026-12-01
NK225E    ,OOP,202612,19250.0,            ,131129218,0000000.0000,0000000.0,0.29,0.740459,141129218,0000000.0000,0000000.0,46285.64,1.355177,65481.27,0.2463,2026-12-01
NK225E    ,OOP,202612,19500.0,            ,131129518,0000000.0000,0000000.0,0.81,0.782795,141129518,0000000.0000,0000000.0,46036.86,1.347058,65481.27,0.2463,2026-12-01
NK225E    ,OOP,202612,19750.0,            ,131129718,0000000.0000,0000000.0,0.91,0.78088,141129718,0000000.0000,0000000.0,45787.66,1.332771,65481.27,0.2463,2026-12-01
NK225E    ,OOP,202612,20000.0,            ,131120018,0000004.0000,0000000.0,4.08,0.864132,141120018,0000000.0000,0000000.0,45538.37,1.318678,65481.27,0.2463,2026-12-01
NK225E    ,OOP,202612,20250.0,            ,131120218,0000000.0000,0000000.0,0.91,0.764952,141120218,0000000.0000,0000000.0,45289.07,1.304772,65481.27,0.2463,2026-12-01
NK225E    ,OOP,202612,20500.0,            ,131120518,0000000.0000,0000000.0,0.91,0.757138,141120518,0000000.0000,0000000.0,45039.77,1.291049,65481.27,0.2463,2026-12-01
NK225E    ,OOP,202612,20750.0,            ,131120718,0000000.0000,0000000.0,0.57,0.726521,141120718,0000000.0000,0000000.0,44790.13,1.277504,65481.27,0.2463,2026-12-01
NK225E    ,OOP,202612,21000.0,            ,131121018,0000000.0000,0000000.0,0.23,0.785285,141121018,0000000.0000,0000000.0,44540.49,1.264133,65481.27,0.2463,2026-12-01
NK225E    ,OOP,202612,21250.0,            ,131121218,0000000.0000,0000000.0,0.25,0.677102,141121218,0000000.0000,0000000.0,44291.22,1.256854,65481.27,0.2463,2026-12-01
NK225E    ,OOP,202612,21500.0,            ,131121518,0000000.0000,0000000.0,0.28,0.674665,141121518,0000000.0000,0000000.0,44041.95,1.243779,65481.27,0.2463,2026-12-01
NK225E    ,OOP,202612,21750.0,            ,131121718,0000000.0000,0000000.0,0.32,0.672228,141121718,0000000.0000,0000000.0,43792.69,1.230865,65481.27,0.2463,2026-12-01
NK225E    ,OOP,202612,22000.0,            ,131122018,0000000.0000,0000000.0,0.35,0.77853,141122018,0000000.0000,0000000.0,43543.43,1.21811,65481.27,0.2463,2026-12-01
NK225E    ,OOP,202612,22250.0,            ,131122218,0000000.0000,0000000.0,0.39,0.667283,141122218,0000000.0000,0000000.0,43294.17,1.205508,65481.27,0.2463,2026-12-01
NK225E    ,OOP,202612,22500.0,            ,131122518,0000000.0000,0000000.0,0.43,0.664776,141122518,0000000.0000,0000000.0,43044.91,1.193056,65481.27,0.2463,2026-12-01
NK225E    ,OOP,202612,22750.0,            ,131122718,0000000.0000,0000000.0,0.48,0.662269,141122718,0000000.0000,0000000.0,42795.66,1.180752,65481.27,0.2463,2026-12-01
NK225E    ,OOP,202612,23000.0,            ,131123018,0000000.0000,0000000.0,0.53,0.724585,141123018,0000000.0000,0000000.0,42546.41,1.174149,65481.27,0.2463,2026-12-01
NK225E    ,OOP,202612,23250.0,            ,131123218,0000000.0000,0000000.0,0.58,0.65719,141123218,0000000.0000,0000000.0,42297.16,1.162093,65481.27,0.2463,2026-12-01
NK225E    ,OOP,202612,23500.0,            ,131123518,0000000.0000,0000000.0,0.63,0.654618,141123518,0000000.0000,0000000.0,42047.92,1.150174,65481.27,0.2463,2026-12-01
NK225E    ,OOP,202612,23750.0,            ,131123718,0000000.0000,0000000.0,0.69,0.652046,141123718,0000000.0000,0000000.0,41798.68,1.138389,65481.27,0.2463,2026-12-01
NK225E    ,OOP,202612,24000.0,            ,131124018,0000000.0000,0000000.0,0.76,0.649474,141124018,0000000.0000,0000000.0,41549.45,1.126736,65481.27,0.2463,2026-12-01
NK225E    ,OOP,202612,24250.0,            ,131124218,0000000.0000,0000000.0,0.89,0.650277,141124218,0000000.0000,0000000.0,41300.29,1.115211,65481.27,0.2463,2026-12-01
NK225E    ,OOP,202612,24500.0,            ,131124518,0000000.0000,0000000.0,0.89,0.643758,141124518,0000000.0000,0000000.0,41050.99,1.103811,65481.27,0.2463,2026-12-01
NK225E    ,OOP,202612,24750.0,            ,131124718,0000000.0000,0000000.0,0.89,0.637306,141124718,0000000.0000,0000000.0,40801.69,1.097761,65481.27,0.2463,2026-12-01
NK225E    ,OOP,202612,25000.0,            ,131125018,0000000.0000,0000000.0,0.89,0.720862,141125018,0000000.0000,0000000.0,40552.39,1.086572,65481.27,0.2463,2026-12-01
NK225E    ,OOP,202612,25250.0,            ,131125218,0000000.0000,0000000.0,0.89,0.624596,141125218,0000000.0000,0000000.0,40303.09,1.075502,65481.27,0.2463,2026-12-01
NK225E    ,OOP,202612,25500.0,            ,131125518,0000000.0000,0000000.0,0.89,0.618335,141125518,0000000.0000,0000000.0,40053.8,1.064547,65481.27,0.2463,2026-12-01
NK225E    ,OOP,202612,25750.0,            ,131125718,0000000.0000,0000000.0,0.89,0.612136,141125718,0000000.0000,0000000.0,39804.5,1.053706,65481.27,0.2463,2026-12-01
NK225E    ,OOP,202612,26000.0,            ,181126018,0000000.0000,0000000.0,1.47,0.628205,191126018,0000000.0000,0000000.0,39555.78,1.042975,65481.27,0.2463,2026-12-01
NK225E    ,OOP,202612,26250.0,            ,181126218,0000000.0000,0000000.0,1.58,0.625488,191126218,0000000.0000,0000000.0,39306.6,1.037302,65481.27,0.2463,2026-12-01
NK225E    ,OOP,202612,26500.0,            ,181126518,0000000.0000,0000000.0,1.71,0.622759,191126518,0000000.0000,0000000.0,39057.42,1.026756,65481.27,0.2463,2026-12-01
NK225E    ,OOP,202612,26750.0,            ,181126718,0000000.0000,0000000.0,1.84,0.620018,191126718,0000000.0000,0000000.0,38808.25,1.016316,65481.27,0.2463,2026-12-01
NK225E    ,OOP,202612,27000.0,            ,181127018,0000000.0000,0000000.0,1.98,0.665886,191127018,0000000.0000,0000000.0,38559.1,1.005977,65481.27,0.2463,2026-12-01
NK225E    ,OOP,202612,27250.0,            ,181127218,0000000.0000,0000000.0,2.12,0.614503,191127218,0000000.0000,0000000.0,38309.94,0.995739,65481.27,0.2463,2026-12-01
NK225E    ,OOP,202612,27500.0,            ,181127518,0000000.0000,0000000.0,2.28,0.611729,191127518,0000000.0000,0000000.0,38060.8,0.9856,65481.27,0.2463,2026-12-01
NK225E    ,OOP,202612,27750.0,            ,181127718,0000000.0000,0000000.0,2.44,0.608945,191127718,0000000.0000,0000000.0,37811.66,0.980247,65481.27,0.2463,2026-12-01
NK225E    ,OOP,202612,28000.0,            ,181128018,0000000.0000,0000000.0,2.61,0.63991,191128018,0000000.0000,0000000.0,37562.54,0.970272,65481.27,0.2463,2026-12-01
NK225E    ,OOP,202612,28250.0,            ,181128218,0000000.0000,0000000.0,2.79,0.603348,191128218,0000000.0000,0000000.0,37313.42,0.96039,65481.27,0.2463,2026-12-01
NK225E    ,OOP,202612,28500.0,            ,181128518,0000000.0000,0000000.0,2.98,0.600535,191128518,0000000.0000,0000000.0,37064.31,0.950599,65481.27,0.2463,2026-12-01
NK225E    ,OOP,202612,28750.0,            ,181128718,0000000.0000,0000000.0,3.18,0.597713,191128718,0000000.0000,0000000.0,36815.22,0.940898,65481.27,0.2463,2026-12-01
NK225E    ,OOP,202612,29000.0,            ,181129018,0000000.0000,0000000.0,3.39,0.614843,191129018,0000000.0000,0000000.0,36566.13,0.931285,65481.27,0.2463,2026-12-01
NK225E    ,OOP,202612,29250.0,            ,181129218,0000000.0000,0000000.0,3.61,0.592044,191129218,0000000.0000,0000000.0,36317.05,0.926205,65481.27,0.2463,2026-12-01
NK225E    ,OOP,202612,29500.0,            ,181129518,0000000.0000,0000000.0,3.84,0.589198,191129518,0000000.0000,0000000.0,36067.99,0.916738,65481.27,0.2463,2026-12-01
NK225E    ,OOP,202612,29750.0,            ,181129718,0000000.0000,0000000.0,4.09,0.585196,191129718,0000000.0000,0000000.0,35818.93,0.907354,65481.27,0.2463,2026-12-01
NK225E    ,OOP,202612,30000.0,            ,181120018,0000020.0000,0000000.0,4.49,0.646327,191120018,0000000.0000,0000000.0,35570.04,0.898053,65481.27,0.2463,2026-12-01
NK225E    ,OOP,202612,30250.0,            ,181120218,0000000.0000,0000000.0,4.61,0.580614,191120218,0000000.0000,0000000.0,35320.86,0.888832,65481.27,0.2463,2026-12-01
NK225E    ,OOP,202612,30500.0,            ,181120518,0000000.0000,0000000.0,4.89,0.577739,191120518,0000000.0000,0000000.0,35071.84,0.883931,65481.27,0.2463,2026-12-01
NK225E    ,OOP,202612,30750.0,            ,181120718,0000000.0000,0000000.0,5.18,0.574858,191120718,0000000.0000,0000000.0,34822.84,0.874843,65481.27,0.2463,2026-12-01
NK225E    ,OOP,202612,31000.0,            ,181121018,0000000.0000,0000000.0,5.49,0.571971,191121018,0000000.0000,0000000.0,34573.85,0.865831,65481.27,0.2463,2026-12-01
NK225E    ,OOP,202612,31250.0,            ,181121218,0000000.0000,0000000.0,5.81,0.569078,191121218,0000000.0000,0000000.0,34324.87,0.856895,65481.27,0.2463,2026-12-01
NK225E    ,OOP,202612,31500.0,            ,181121518,0000000.0000,0000000.0,6.15,0.564891,191121518,0000000.0000,0000000.0,34075.91,0.848033,65481.27,0.2463,2026-12-01
NK225E    ,OOP,202612,31750.0,            ,181121718,0000000.0000,0000000.0,6.5,0.563277,191121718,0000000.0000,0000000.0,33826.96,0.84329,65481.27,0.2463,2026-12-01
NK225E    ,OOP,202612,32000.0,            ,181122018,0000000.0000,0000000.0,6.86,0.56037,191122018,0000000.0000,0000000.0,33578.03,0.834548,65481.27,0.2463,2026-12-01
NK225E    ,OOP,202612,32250.0,            ,181122218,0000000.0000,0000000.0,7.25,0.557459,191122218,0000000.0000,0000000.0,33329.11,0.825878,65481.27,0.2463,2026-12-01
NK225E    ,OOP,202612,32500.0,            ,131242518,0000000.0000,0000000.0,7.64,0.554543,141242518,0000000.0000,0000000.0,33080.21,0.817276,65481.27,0.2463,2026-12-01
NK225E    ,OOP,202612,32750.0,            ,131242718,0000000.0000,0000000.0,8.06,0.5512,141242718,0000000.0000,0000000.0,32831.33,0.808743,65481.27,0.2463,2026-12-01
NK225E    ,OOP,202612,33000.0,            ,131243018,0000000.0000,0000000.0,8.49,0.5809,141243018,0000000.0000,0000000.0,32582.47,0.804137,65481.27,0.2463,2026-12-01
NK225E    ,OOP,202612,33250.0,            ,131243218,0000000.0000,0000000.0,8.95,0.545777,141243218,0000000.0000,0000000.0,32333.62,0.795715,65481.27,0.2463,2026-12-01
NK225E    ,OOP,202612,33500.0,            ,131243518,0000000.0000,0000000.0,9.42,0.54285,141243518,0000000.0000,0000000.0,32084.8,0.787357,65481.27,0.2463,2026-12-01
NK225E    ,OOP,202612,33750.0,            ,131243718,0000000.0000,0000000.0,9.91,0.53992,141243718,0000000.0000,0000000.0,31835.99,0.779064,65481.27,0.2463,2026-12-01
NK225E    ,OOP,202612,34000.0,            ,131244018,0000000.0000,0000000.0,10.42,0.536988,141244018,0000000.0000,0000000.0,31587.2,0.774538,65481.27,0.2463,2026-12-01
NK225E    ,OOP,202612,34250.0,            ,131244218,0000000.0000,0000000.0,10.95,0.534055,141244218,0000000.0000,0000000.0,31338.44,0.766348,65481.27,0.2463,2026-12-01
NK225E    ,OOP,202612,34500.0,            ,131244518,0000000.0000,0000000.0,11.5,0.531121,141244518,0000000.0000,0000000.0,31089.69,0.758219,65481.27,0.2463,2026-12-01
NK225E    ,OOP,202612,34750.0,            ,131244718,0000000.0000,0000000.0,12.08,0.527802,141244718,0000000.0000,0000000.0,30840.97,0.75015,65481.27,0.2463,2026-12-01
NK225E    ,OOP,202612,35000.0,            ,131245018,0000031.0000,0000000.0,12.55,0.557377,141245018,0000000.0000,0000000.0,30592.14,0.745696,65481.27,0.2463,2026-12-01
NK225E    ,OOP,202612,35250.0,            ,131245218,0000000.0000,0000000.0,13.3,0.521038,141245218,0000000.0000,0000000.0,30343.6,0.737723,65481.27,0.2463,2026-12-01
NK225E    ,OOP,202612,35500.0,            ,131245518,0000000.0000,0000000.0,13.95,0.519378,141245518,0000000.0000,0000000.0,30094.95,0.729808,65481.27,0.2463,2026-12-01
NK225E    ,OOP,202612,35750.0,            ,131245718,0000000.0000,0000000.0,14.63,0.516443,141245718,0000000.0000,0000000.0,29846.33,0.72195,65481.27,0.2463,2026-12-01
NK225E    ,OOP,202612,36000.0,            ,131246018,0000000.0000,0000000.0,15.23,0.534303,141246018,0000000.0000,0000000.0,29597.63,0.71756,65481.27,0.2463,2026-12-01
NK225E    ,OOP,202612,36250.0,            ,131246218,0000000.0000,0000000.0,16.06,0.510338,141246218,0000000.0000,0000000.0,29349.17,0.709792,65481.27,0.2463,2026-12-01
NK225E    ,OOP,202612,36500.0,            ,131246518,0000000.0000,0000000.0,16.82,0.507644,141246518,0000000.0000,0000000.0,29100.63,0.702078,65481.27,0.2463,2026-12-01
NK225E    ,OOP,202612,36750.0,            ,131246718,0000000.0000,0000000.0,17.62,0.504714,141246718,0000000.0000,0000000.0,28852.12,0.697711,65481.27,0.2463,2026-12-01
NK225E    ,OOP,202612,37000.0,            ,131247018,0000000.0000,0000000.0,18.44,0.500444,141247018,0000000.0000,0000000.0,28603.65,0.690083,65481.27,0.2463,2026-12-01
NK225E    ,OOP,202612,37250.0,            ,131247218,0000000.0000,0000000.0,19.29,0.498,141247218,0000000.0000,0000000.0,28355.21,0.682507,65481.27,0.2463,2026-12-01
NK225E    ,OOP,202612,37500.0,            ,131247518,0000000.0000,0000000.0,20.18,0.495424,141247518,0000000.0000,0000000.0,28106.8,0.674982,65481.27,0.2463,2026-12-01
NK225E    ,OOP,202612,37750.0,            ,131247718,0000000.0000,0000000.0,21.1,0.492729,141247718,0000000.0000,0000000.0,27858.42,0.670668,65481.27,0.2463,2026-12-01
NK225E    ,OOP,202612,38000.0,            ,131248018,0000000.0000,0000000.0,22.06,0.489925,141248018,0000000.0000,0000000.0,27610.09,0.663223,65481.27,0.2463,2026-12-01
NK225E    ,OOP,202612,38250.0,            ,131248218,0000000.0000,0000000.0,23.06,0.487023,141248218,0000000.0000,0000000.0,27361.79,0.655827,65481.27,0.2463,2026-12-01
NK225E    ,OOP,202612,38500.0,            ,131248518,0000000.0000,0000000.0,24.1,0.484031,141248518,0000000.0000,0000000.0,27113.53,0.651531,65481.27,0.2463,2026-12-01
NK225E    ,OOP,202612,38750.0,            ,131248718,0000000.0000,0000000.0,25.18,0.480957,141248718,0000000.0000,0000000.0,26865.31,0.644212,65481.27,0.2463,2026-12-01
NK225E    ,OOP,202612,39000.0,            ,131249018,0000000.0000,0000000.0,26.3,0.477807,141249018,0000000.0000,0000000.0,26617.13,0.639905,65481.27,0.2463,2026-12-01
NK225E    ,OOP,202612,39250.0,            ,131249218,0000000.0000,0000000.0,27.47,0.474587,141249218,0000000.0000,0000000.0,26369.0,0.632659,65481.27,0.2463,2026-12-01
NK225E    ,OOP,202612,39500.0,            ,131249518,0000000.0000,0000000.0,28.69,0.471303,141249518,0000000.0000,0000000.0,26120.92,0.625459,65481.27,0.2463,2026-12-01
NK225E    ,OOP,202612,39750.0,            ,131249718,0000000.0000,0000000.0,29.95,0.46796,141249718,0000000.0000,0000000.0,25872.89,0.621168,65481.27,0.2463,2026-12-01
NK225E    ,OOP,202612,40000.0,            ,131240018,0000000.0000,0000000.0,31.26,0.46644,141240018,0000000.0000,0000000.0,25624.9,0.614039,65481.27,0.2463,2026-12-01
NK225E    ,OOP,202612,40250.0,            ,131240218,0000000.0000,0000000.0,32.63,0.462931,141240218,0000000.0000,0000000.0,25376.97,0.606953,65481.27,0.2463,2026-12-01
NK225E    ,OOP,202612,40500.0,            ,131240518,0000000.0000,0000000.0,36.68,0.464452,141240518,0000000.0000,0000000.0,25131.72,0.602676,65481.27,0.2463,2026-12-01
NK225E    ,OOP,202612,40750.0,            ,131240718,0000000.0000,0000000.0,37.55,0.46071,141240718,0000000.0000,0000000.0,24883.3,0.598363,65481.27,0.2463,2026-12-01
NK225E    ,OOP,202612,41000.0,            ,131241018,0000000.0000,0000000.0,38.42,0.456938,141241018,0000000.0000,0000000.0,24634.87,0.591368,65481.27,0.2463,2026-12-01
NK225E    ,OOP,202612,41250.0,            ,131241218,0000000.0000,0000000.0,38.68,0.451614,141241218,0000000.0000,0000000.0,24385.83,0.584415,65481.27,0.2463,2026-12-01
NK225E    ,OOP,202612,41500.0,            ,131241518,0000000.0000,0000000.0,40.35,0.447826,141241518,0000000.0000,0000000.0,24138.2,0.580115,65481.27,0.2463,2026-12-01
NK225E    ,OOP,202612,41750.0,            ,131241718,0000000.0000,0000000.0,64.02,0.472494,141241718,0000000.0000,0000000.0,23912.58,0.583258,65481.27,0.2463,2026-12-01
NK225E    ,OOP,202612,42000.0,            ,131242018,0000000.0000,0000000.0,64.87,0.468919,141242018,0000000.0000,0000000.0,23664.13,0.578747,65481.27,0.2463,2026-12-01
NK225E    ,OOP,202612,42250.0,            ,131242218,0000000.0000,0000000.0,65.72,0.462471,141242218,0000000.0000,0000000.0,23415.68,0.571847,65481.27,0.2463,2026-12-01
NK225E    ,OOP,202612,42500.0,            ,131362518,0000000.0000,0000000.0,68.87,0.460017,141362518,0000000.0000,0000000.0,23169.53,0.567333,65481.27,0.2463,2026-12-01
NK225E    ,OOP,202612,42750.0,            ,181242718,0000000.0000,0000000.0,69.25,0.4555,191242718,0000000.0000,0000000.0,22920.61,0.560492,65481.27,0.2463,2026-12-01
NK225E    ,OOP,202612,43000.0,            ,181243018,0000000.0000,0000000.0,70.08,0.450014,191243018,0000000.0000,0000000.0,22672.15,0.55369,65481.27,0.2463,2026-12-01
NK225E    ,OOP,202612,43250.0,            ,181243218,0000000.0000,0000000.0,78.77,0.452871,191243218,0000000.0000,0000000.0,22431.54,0.551434,65481.27,0.2463,2026-12-01
NK225E    ,OOP,202612,43500.0,            ,181243518,0000000.0000,0000000.0,81.44,0.449101,191243518,0000000.0000,0000000.0,22184.91,0.54687,65481.27,0.2463,2026-12-01
NK225E    ,OOP,202612,43750.0,            ,181243718,0000000.0000,0000000.0,82.26,0.44445,191243718,0000000.0000,0000000.0,21936.44,0.540127,65481.27,0.2463,2026-12-01
NK225E    ,OOP,202612,44000.0,            ,181244018,0000000.0000,0000000.0,86.32,0.442276,191244018,0000000.0000,0000000.0,21691.19,0.535562,65481.27,0.2463,2026-12-01
NK225E    ,OOP,202612,44250.0,            ,181244218,0000000.0000,0000000.0,89.9,0.439963,191244218,0000000.0000,0000000.0,21445.48,0.530975,65481.27,0.2463,2026-12-01
NK225E    ,OOP,202612,44500.0,            ,181244518,0000096.0000,0000000.0,95.99,0.440502,191244518,0000000.0000,0000000.0,21199.3,0.526367,65481.27,0.2463,2026-12-01
NK225E    ,OOP,202612,44750.0,            ,181244718,0000000.0000,0000000.0,93.36,0.43127,191244718,0000000.0000,0000000.0,20950.35,0.519715,65481.27,0.2463,2026-12-01
NK225E    ,OOP,202612,45000.0,            ,181245018,0000000.0000,0000000.0,94.16,0.42654,191245018,0000000.0000,0000000.0,20701.85,0.513096,65481.27,0.2463,2026-12-01
NK225E    ,OOP,202612,45250.0,            ,181245218,0000000.0000,0000000.0,105.12,0.428169,191245218,0000000.0000,0000000.0,20463.51,0.510477,65481.27,0.2463,2026-12-01
NK225E    ,OOP,202612,45500.0,            ,181245518,0000000.0000,0000000.0,108.22,0.424687,191245518,0000000.0000,0000000.0,20217.31,0.505829,65481.27,0.2463,2026-12-01
NK225E    ,OOP,202612,45750.0,            ,181245718,0000000.0000,0000000.0,108.54,0.419188,191245718,0000000.0000,0000000.0,19968.33,0.499261,65481.27,0.2463,2026-12-01
NK225E    ,OOP,202612,46000.0,            ,181246018,0000000.0000,0000000.0,109.31,0.414365,191246018,0000000.0000,0000000.0,19719.8,0.492725,65481.27,0.2463,2026-12-01
NK225E    ,OOP,202612,46250.0,            ,181246218,0000000.0000,0000000.0,118.86,0.41455,191246218,0000000.0000,0000000.0,19480.06,0.489944,65481.27,0.2463,2026-12-01
NK225E    ,OOP,202612,46500.0,            ,181246518,0000000.0000,0000000.0,122.39,0.411454,191246518,0000000.0000,0000000.0,19234.29,0.48526,65481.27,0.2463,2026-12-01
NK225E    ,OOP,202612,46750.0,            ,181246718,0000000.0000,0000000.0,126.38,0.408283,191246718,0000000.0000,0000000.0,18988.99,0.480558,65481.27,0.2463,2026-12-01
NK225E    ,OOP,202612,47000.0,            ,181247018,0000000.0000,0000000.0,129.9,0.404481,191247018,0000000.0000,0000000.0,18743.21,0.475839,65481.27,0.2463,2026-12-01
NK225E    ,OOP,202612,47250.0,            ,181247218,0000000.0000,0000000.0,134.34,0.401189,191247218,0000000.0000,0000000.0,18498.35,0.471104,65481.27,0.2463,2026-12-01
NK225E    ,OOP,202612,47500.0,            ,181247518,0000142.0000,0000000.0,142.0,0.401997,191247518,0000000.0000,0000000.0,18250.7,0.464657,65481.27,0.2463,2026-12-01
NK225E    ,OOP,202612,47750.0,            ,181247718,0000000.0000,0000000.0,143.65,0.394929,191247718,0000000.0000,0000000.0,18009.06,0.461587,65481.27,0.2463,2026-12-01
NK225E    ,OOP,202612,48000.0,            ,181248018,0000000.0000,0000000.0,148.06,0.391937,191248018,0000000.0000,0000000.0,17764.18,0.456806,65481.27,0.2463,2026-12-01
NK225E    ,OOP,202612,48250.0,            ,181248218,0000000.0000,0000000.0,153.39,0.388863,191248218,0000000.0000,0000000.0,17520.21,0.452009,65481.27,0.2463,2026-12-01
NK225E    ,OOP,202612,48500.0,            ,181248518,0000000.0000,0000000.0,155.0,0.383826,191248518,0000000.0000,0000000.0,17272.52,0.447198,65481.27,0.2463,2026-12-01
NK225E    ,OOP,202612,48750.0,            ,181248718,0000000.0000,0000000.0,160.31,0.380654,191248718,0000000.0000,0000000.0,17028.53,0.442372,65481.27,0.2463,2026-12-01
NK225E    ,OOP,202612,49000.0,            ,181249018,0000183.0000,0000000.0,167.0,0.3783,191249018,0000000.0000,0000000.0,16785.92,0.437532,65481.27,0.2463,2026-12-01
NK225E    ,OOP,202612,49250.0,            ,181249218,0000000.0000,0000000.0,171.82,0.374528,191249218,0000000.0000,0000000.0,16541.44,0.432677,65481.27,0.2463,2026-12-01
NK225E    ,OOP,202612,49500.0,            ,181249518,0000185.0000,0000000.0,184.99,0.376906,191249518,0000000.0000,0000000.0,16299.27,0.429277,65481.27,0.2463,2026-12-01
NK225E    ,OOP,202612,49750.0,            ,181249718,0000000.0000,0000000.0,186.06,0.369713,191249718,0000000.0000,0000000.0,16057.09,0.424371,65481.27,0.2463,2026-12-01
NK225E    ,OOP,202612,50000.0,            ,181240018,0000000.0000,0000000.0,188.53,0.36456,191240018,0000000.0000,0000000.0,15810.26,0.41945,65481.27,0.2463,2026-12-01
NK225E    ,OOP,202612,50250.0,            ,181240218,0000000.0000,0000000.0,214.16,0.368515,191240218,0000000.0000,0000000.0,15586.59,0.420011,65481.27,0.2463,2026-12-01
NK225E    ,OOP,202612,50500.0,            ,181240518,0000235.0000,0000000.0,221.7,0.365759,191240518,0000000.0000,0000000.0,15344.83,0.416305,65481.27,0.2463,2026-12-01
NK225E    ,OOP,202612,50750.0,            ,181240718,0000220.0000,0000000.0,219.99,0.361862,191240718,0000000.0000,0000000.0,15096.1,0.409928,65481.27,0.2463,2026-12-01
NK225E    ,OOP,202612,51000.0,            ,181241018,0000226.0000,0000000.0,225.99,0.35826,191241018,0000000.0000,0000000.0,14847.35,0.403572,65481.27,0.2463,2026-12-01
NK225E    ,OOP,202612,51250.0,            ,181241218,0000000.0000,0000000.0,242.37,0.355586,191241218,0000000.0000,0000000.0,14617.61,0.402325,65481.27,0.2463,2026-12-01
NK225E    ,OOP,202612,51500.0,            ,181241518,0000000.0000,0000000.0,251.24,0.352483,191241518,0000000.0000,0000000.0,14377.18,0.398434,65481.27,0.2463,2026-12-01
NK225E    ,OOP,202612,51750.0,            ,181241718,0000000.0000,0000000.0,259.16,0.349293,191241718,0000000.0000,0000000.0,14135.81,0.394487,65481.27,0.2463,2026-12-01
NK225E    ,OOP,202612,52000.0,            ,181242018,0000271.0000,0000000.0,271.0,0.349587,191242018,0000000.0000,0000000.0,13893.49,0.389303,65481.27,0.2463,2026-12-01
NK225E    ,OOP,202612,52250.0,            ,181242218,0000000.0000,0000000.0,273.09,0.341787,191242218,0000000.0000,0000000.0,13651.14,0.38527,65481.27,0.2463,2026-12-01
NK225E    ,OOP,202612,52500.0,            ,181362518,0000000.0000,0000000.0,294.44,0.342062,191362518,0000000.0000,0000000.0,13423.2,0.383447,65481.27,0.2463,2026-12-01
NK225E    ,OOP,202612,52750.0,            ,131362718,0000000.0000,0000000.0,300.89,0.33794,141362718,0000000.0000,0000000.0,13180.34,0.378158,65481.27,0.2463,2026-12-01
NK225E    ,OOP,202612,53000.0,            ,131363018,0000330.0000,0000000.0,314.29,0.335904,141363018,0000000.0000,0000000.0,12944.45,0.37503,65481.27,0.2463,2026-12-01
NK225E    ,OOP,202612,53250.0,            ,131363218,0000000.0000,0000000.0,323.01,0.332684,141363218,0000000.0000,0000000.0,12703.88,0.370747,65481.27,0.2463,2026-12-01
NK225E    ,OOP,202612,53500.0,            ,131363518,0000000.0000,0000000.0,343.36,0.331859,141363518,0000000.0000,0000000.0,12474.93,0.368486,65481.27,0.2463,2026-12-01
NK225E    ,OOP,202612,53750.0,            ,131363718,0000000.0000,0000000.0,347.38,0.327194,141363718,0000000.0000,0000000.0,12229.64,0.363054,65481.27,0.2463,2026-12-01
NK225E    ,OOP,202612,54000.0,            ,131364018,0000000.0000,0000000.0,363.97,0.320113,141364018,0000000.0000,0000000.0,11977.34,0.355602,65481.27,0.2463,2026-12-01
NK225E    ,OOP,202612,54250.0,            ,131364218,0000000.0000,0000000.0,369.29,0.320098,141364218,0000000.0000,0000000.0,11752.96,0.354118,65481.27,0.2463,2026-12-01
NK225E    ,OOP,202612,54500.0,            ,131364518,0000000.0000,0000000.0,377.88,0.31531,141364518,0000000.0000,0000000.0,11512.25,0.349581,65481.27,0.2463,2026-12-01
NK225E    ,OOP,202612,54750.0,            ,131364718,0000000.0000,0000000.0,412.11,0.317021,141364718,0000000.0000,0000000.0,11297.18,0.349662,65481.27,0.2463,2026-12-01
NK225E    ,OOP,202612,55000.0,            ,131365018,0000000.0000,0000000.0,429.97,0.31415,141365018,0000000.0000,0000000.0,11065.75,0.345856,65481.27,0.2463,2026-12-01
NK225E    ,OOP,202612,55250.0,            ,131365218,0000440.0000,0000000.0,440.0,0.313171,141365218,0000000.0000,0000000.0,10827.26,0.341972,65481.27,0.2463,2026-12-01
NK225E    ,OOP,202612,55500.0,            ,131365518,0000000.0000,0000000.0,463.26,0.309035,141365518,0000000.0000,0000000.0,10600.45,0.338877,65481.27,0.2463,2026-12-01
NK225E    ,OOP,202612,55750.0,            ,131365718,0000000.0000,0000000.0,469.31,0.303878,141365718,0000000.0000,0000000.0,10357.2,0.333125,65481.27,0.2463,2026-12-01
NK225E    ,OOP,202612,56000.0,            ,131366018,0000495.0000,0000000.0,495.0,0.305214,141366018,0000000.0000,0000000.0,10139.68,0.332351,65481.27,0.2463,2026-12-01
NK225E    ,OOP,202612,56250.0,            ,131366218,0000520.0000,0000000.0,519.99,0.303477,141366218,0000000.0000,0000000.0,9903.37,0.327309,65481.27,0.2463,2026-12-01
NK225E    ,OOP,202612,56500.0,            ,131366518,0000000.0000,0000000.0,555.95,0.298078,141366518,0000000.0000,0000000.0,9681.1,0.325397,65481.27,0.2463,2026-12-01
NK225E    ,OOP,202612,56750.0,            ,131366718,0000565.0000,0000000.0,564.99,0.298593,141366718,0000000.0000,0000000.0,9456.45,0.322537,65481.27,0.2463,2026-12-01
NK225E    ,OOP,202612,57000.0,            ,131367018,0000000.0000,0000000.0,609.76,0.293048,141367018,0000000.0000,0000000.0,9231.76,0.31879,65481.27,0.2463,2026-12-01
NK225E    ,OOP,202612,57250.0,            ,131367218,0000620.0000,0000000.0,620.0,0.29468,141367218,0000000.0000,0000000.0,9018.8,0.317885,65481.27,0.2463,2026-12-01
NK225E    ,OOP,202612,57500.0,            ,131367518,0000700.0000,0000000.0,660.67,0.29129,141367518,0000000.0000,0000000.0,8803.47,0.315316,65481.27,0.2463,2026-12-01
NK225E    ,OOP,202612,57750.0,            ,131367718,0000680.0000,0000000.0,679.99,0.290778,141367718,0000000.0000,0000000.0,8583.38,0.312594,65481.27,0.2463,2026-12-01
NK225E    ,OOP,202612,58000.0,            ,131368018,0000825.0000,0000000.0,721.4,0.287089,141368018,0000000.0000,0000000.0,8365.61,0.309721,65481.27,0.2463,2026-12-01
NK225E    ,OOP,202612,58250.0,            ,131368218,0000000.0000,0000000.0,748.13,0.284001,141368218,0000000.0000,0000000.0,8143.03,0.306704,65481.27,0.2463,2026-12-01
NK225E    ,OOP,202612,58500.0,            ,131368518,0000780.0000,0000000.0,780.0,0.284911,141368518,0000000.0000,0000000.0,7918.03,0.302891,65481.27,0.2463,2026-12-01
NK225E    ,OOP,202612,58750.0,            ,131368718,0000000.0000,0000000.0,836.37,0.278761,141368718,0000000.0000,0000000.0,7707.2,0.300246,65481.27,0.2463,2026-12-01
NK225E    ,OOP,202612,59000.0,            ,131369018,0000000.0000,0000000.0,868.35,0.279171,141369018,0000000.0000,0000000.0,7515.36,0.299933,65481.27,0.2463,2026-12-01
NK225E    ,OOP,202612,59250.0,            ,131369218,0000000.0000,0000000.0,885.29,0.274785,141369218,0000000.0000,0000000.0,7283.0,0.295082,65481.27,0.2463,2026-12-01
NK225E    ,OOP,202612,59500.0,            ,131369518,0000000.0000,0000000.0,988.22,0.275295,141369518,0000000.0000,0000000.0,7098.26,0.295529,65481.27,0.2463,2026-12-01
NK225E    ,OOP,202612,59750.0,            ,131369718,0000000.0000,0000000.0,1036.11,0.27486,141369718,0000000.0000,0000000.0,6906.37,0.2945,65481.27,0.2463,2026-12-01
NK225E    ,OOP,202612,60000.0,            ,131360018,0000000.0000,0000000.0,1060.83,0.27178,141360018,0000000.0000,0000000.0,6692.89,0.290951,65481.27,0.2463,2026-12-01
NK225E    ,OOP,202612,60250.0,            ,131360218,0000000.0000,0000000.0,1134.66,0.271421,141360218,0000000.0000,0000000.0,6503.31,0.290053,65481.27,0.2463,2026-12-01
NK225E    ,OOP,202612,60500.0,            ,131360518,0000000.0000,0000000.0,1162.14,0.270209,141360518,0000000.0000,0000000.0,6308.9,0.288358,65481.27,0.2463,2026-12-01
NK225E    ,OOP,202612,60625.0,            ,131120618,0000000.0000,0000000.0,1224.24,0.26756,141120618,0000000.0000,0000000.0,6199.63,0.286074,65481.27,0.2463,2026-12-01
NK225E    ,OOP,202612,60750.0,            ,131360718,0001180.0000,0000000.0,1179.99,0.268745,141360718,0000000.0000,0000000.0,6104.8,0.284834,65481.27,0.2463,2026-12-01
NK225E    ,OOP,202612,60875.0,            ,131120818,0000000.0000,0000000.0,1281.07,0.266561,141120818,0000000.0000,0000000.0,6009.95,0.284077,65481.27,0.2463,2026-12-01
NK225E    ,OOP,202612,61000.0,            ,131361018,0000000.0000,0000000.0,1276.05,0.265423,141361018,0000000.0000,0000000.0,5912.67,0.283263,65481.27,0.2463,2026-12-01
NK225E    ,OOP,202612,61125.0,            ,131121118,0000000.0000,0000000.0,1327.86,0.264765,141121118,0000000.0000,0000000.0,5815.38,0.281868,65481.27,0.2463,2026-12-01
NK225E    ,OOP,202612,61250.0,            ,131361218,0000000.0000,0000000.0,1365.41,0.264571,141361218,0000000.0000,0000000.0,5727.74,0.281462,65481.27,0.2463,2026-12-01
NK225E    ,OOP,202612,61375.0,            ,131121318,0000000.0000,0000000.0,1392.08,0.263259,141121318,0000000.0000,0000000.0,5627.99,0.279964,65481.27,0.2463,2026-12-01
NK225E    ,OOP,202612,61500.0,            ,131361518,0000000.0000,0000000.0,1429.17,0.262412,141361518,0000000.0000,0000000.0,5533.06,0.278929,65481.27,0.2463,2026-12-01
NK225E    ,OOP,202612,61625.0,            ,131121618,0000000.0000,0000000.0,1461.28,0.263043,141121618,0000000.0000,0000000.0,5455.1,0.279351,65481.27,0.2463,2026-12-01
NK225E    ,OOP,202612,61750.0,            ,131361718,0000000.0000,0000000.0,1493.38,0.261046,141361718,0000000.0000,0000000.0,5352.86,0.277695,65481.27,0.2463,2026-12-01
NK225E    ,OOP,202612,61875.0,            ,131121818,0000000.0000,0000000.0,1529.23,0.261021,141121818,0000000.0000,0000000.0,5267.59,0.276984,65481.27,0.2463,2026-12-01
NK225E    ,OOP,202612,62000.0,            ,131362018,0000000.0000,0000000.0,1534.12,0.260421,141362018,0000000.0000,0000000.0,5179.9,0.276704,65481.27,0.2463,2026-12-01
NK225E    ,OOP,202612,62125.0,            ,131122118,0000000.0000,0000000.0,1602.14,0.260248,141122118,0000000.0000,0000000.0,5094.63,0.276356,65481.27,0.2463,2026-12-01
NK225E    ,OOP,202612,62250.0,            ,131362218,0000000.0000,0000000.0,1631.75,0.259023,141362218,0000000.0000,0000000.0,5004.47,0.274974,65481.27,0.2463,2026-12-01
NK225E    ,OOP,202612,62375.0,            ,131122318,0000000.0000,0000000.0,1680.71,0.258712,141122318,0000000.0000,0000000.0,4916.74,0.2745,65481.27,0.2463,2026-12-01
NK225E    ,OOP,202612,62500.0,            ,181242518,0000000.0000,0000000.0,1705.9,0.257366,191242518,0000000.0000,0000000.0,4824.1,0.273007,65481.27,0.2463,2026-12-01
NK225E    ,OOP,202612,62625.0,            ,131122618,0000000.0000,0000000.0,1750.45,0.256921,141122618,0000000.0000,0000000.0,4741.22,0.27241,65481.27,0.2463,2026-12-01
NK225E    ,OOP,202612,62750.0,            ,181362718,0000000.0000,0000000.0,1790.02,0.25688,191362718,0000000.0000,0000000.0,4660.78,0.27222,65481.27,0.2463,2026-12-01
NK225E    ,OOP,202612,62875.0,            ,131122818,0000000.0000,0000000.0,1834.56,0.25535,141122818,0000000.0000,0000000.0,4570.53,0.271025,65481.27,0.2463,2026-12-01
NK225E    ,OOP,202612,63000.0,            ,181363018,0002000.0000,0000000.0,1856.93,0.254234,191363018,0000000.0000,0000000.0,4480.25,0.269309,65481.27,0.2463,2026-12-01
NK225E    ,OOP,202612,63125.0,            ,131123118,0000000.0000,0000000.0,1901.66,0.254914,141123118,0000000.0000,0000000.0,4409.59,0.26985,65481.27,0.2463,2026-12-01
NK225E    ,OOP,202612,63250.0,            ,181363218,0000000.0000,0000000.0,1922.62,0.254586,191363218,0000000.0000,0000000.0,4331.57,0.269395,65481.27,0.2463,2026-12-01
NK225E    ,OOP,202612,63375.0,            ,131123318,0000000.0000,0000000.0,1974.95,0.252811,141123318,0000000.0000,0000000.0,4238.76,0.267505,65481.27,0.2463,2026-12-01
NK225E    ,OOP,202612,63500.0,            ,181363518,0000000.0000,0000000.0,2042.29,0.251892,191363518,0000000.0000,0000000.0,4155.79,0.266925,65481.27,0.2463,2026-12-01
NK225E    ,OOP,202612,63625.0,            ,131123618,0000000.0000,0000000.0,2061.89,0.251815,141123618,0000000.0000,0000000.0,4082.65,0.26673,65481.27,0.2463,2026-12-01
NK225E    ,OOP,202612,63750.0,            ,181363718,0000000.0000,0000000.0,2100.22,0.250761,191363718,0000000.0000,0000000.0,3997.17,0.265567,65481.27,0.2463,2026-12-01
NK225E    ,OOP,202612,63875.0,            ,131123818,0000000.0000,0000000.0,2158.21,0.251882,141123818,0000000.0000,0000000.0,3924.02,0.265237,65481.27,0.2463,2026-12-01
NK225E    ,OOP,202612,64000.0,            ,181364018,0002375.0000,0000000.0,2203.68,0.251134,191364018,0000000.0000,0000000.0,3858.29,0.265283,65481.27,0.2463,2026-12-01
NK225E    ,OOP,202612,64125.0,            ,131124118,0000000.0000,0000000.0,2251.66,0.250317,141124118,0000000.0000,0000000.0,3772.74,0.26393,65481.27,0.2463,2026-12-01
NK225E    ,OOP,202612,64250.0,            ,181364218,0000000.0000,0000000.0,2297.13,0.249873,191364218,0000000.0000,0000000.0,3702.04,0.263838,65481.27,0.2463,2026-12-01
NK225E    ,OOP,202612,64375.0,            ,131124318,0000000.0000,0000000.0,2352.62,0.249798,141124318,0000000.0000,0000000.0,3628.87,0.263237,65481.27,0.2463,2026-12-01
NK225E    ,OOP,202612,64500.0,            ,181364518,0000000.0000,0000000.0,2405.61,0.24921,191364518,0000000.0000,0000000.0,3553.18,0.262131,65481.27,0.2463,2026-12-01
NK225E    ,OOP,202612,64625.0,            ,131124618,0000000.0000,0000000.0,2453.58,0.248552,141124618,0000000.0000,0000000.0,3487.44,0.26227,65481.27,0.2463,2026-12-01
NK225E    ,OOP,202612,64750.0,            ,181364718,0000000.0000,0000000.0,2499.07,0.247388,191364718,0000000.0000,0000000.0,3411.73,0.261467,65481.27,0.2463,2026-12-01
NK225E    ,OOP,202612,64875.0,            ,131124818,0000000.0000,0000000.0,2559.56,0.247457,141124818,0000000.0000,0000000.0,3287.88,0.260598,65481.27,0.2463,2026-12-01
NK225E    ,OOP,202612,65000.0,            ,181365018,0002640.0000,0000000.0,2640.0,0.254806,191365018,0003025.0000,0000000.0,3227.04,0.259229,65481.27,0.2463,2026-12-01
NK225E    ,OOP,202612,65125.0,            ,131125118,0000000.0000,0000000.0,2665.55,0.246076,141125118,0000000.0000,0000000.0,3148.75,0.259523,65481.27,0.2463,2026-12-01
NK225E    ,OOP,202612,65250.0,            ,181365218,0000000.0000,0000000.0,2726.05,0.245925,191365218,0000000.0000,0000000.0,3098.49,0.258452,65481.27,0.2463,2026-12-01
NK225E    ,OOP,202612,65375.0,            ,131125318,0000000.0000,0000000.0,2771.55,0.246129,141125318,0000000.0000,0000000.0,3047.98,0.258604,65481.27,0.2463,2026-12-01
NK225E    ,OOP,202612,65500.0,            ,181365518,0000000.0000,0000000.0,2842.05,0.244971,191365518,0000000.0000,0000000.0,2985.51,0.256109,65481.27,0.2463,2026-12-01
NK225E    ,OOP,202612,65625.0,            ,131125618,0000000.0000,0000000.0,2897.55,0.24417,141125618,0000000.0000,0000000.0,2916.01,0.254408,65481.27,0.2463,2026-12-01
NK225E    ,OOP,202612,65750.0,            ,181365718,0000000.0000,0000000.0,2958.06,0.243726,191365718,0000000.0000,0000000.0,2851.53,0.253495,65481.27,0.2463,2026-12-01
NK225E    ,OOP,202612,65875.0,            ,131125818,0000000.0000,0000000.0,3018.57,0.243208,141125818,0000000.0000,0000000.0,2799.53,0.254226,65481.27,0.2463,2026-12-01
NK225E    ,OOP,202612,66000.0,            ,181366018,0000000.0000,0000000.0,3084.08,0.243045,191366018,0000000.0000,0000000.0,2730.04,0.253173,65481.27,0.2463,2026-12-01
NK225E    ,OOP,202612,66125.0,            ,131126118,0000000.0000,0000000.0,3144.58,0.24238,141126118,0000000.0000,0000000.0,2675.55,0.253333,65481.27,0.2463,2026-12-01
NK225E    ,OOP,202612,66250.0,            ,181366218,0000000.0000,0000000.0,3200.1,0.242925,191366218,0000000.0000,0000000.0,2608.56,0.251711,65481.27,0.2463,2026-12-01
NK225E    ,OOP,202612,66375.0,            ,131126318,0000000.0000,0000000.0,3280.58,0.242112,141126318,0000000.0000,0000000.0,2546.58,0.251302,65481.27,0.2463,2026-12-01
NK225E    ,OOP,202612,66500.0,            ,181366518,0000000.0000,0000000.0,3331.12,0.242082,191366518,0002265.0000,0000000.0,2499.57,0.252536,65481.27,0.2463,2026-12-01
NK225E    ,OOP,202612,66625.0,            ,131126618,0000000.0000,0000000.0,3406.62,0.240691,141126618,0000000.0000,0000000.0,2442.58,0.250269,65481.27,0.2463,2026-12-01
NK225E    ,OOP,202612,66750.0,            ,181366718,0000000.0000,0000000.0,3477.12,0.240513,191366718,0000000.0000,0000000.0,2383.1,0.251364,65481.27,0.2463,2026-12-01
NK225E    ,OOP,202612,66875.0,            ,131126818,0000000.0000,0000000.0,3537.65,0.241123,141126818,0000000.0000,0000000.0,2328.6,0.251102,65481.27,0.2463,2026-12-01
NK225E    ,OOP,202612,67000.0,            ,181367018,0000000.0000,0000000.0,3613.14,0.239504,191367018,0002140.0000,0000000.0,2269.12,0.250337,65481.27,0.2463,2026-12-01
NK225E    ,OOP,202612,67125.0,            ,131127118,0000000.0000,0000000.0,3696.35,0.239103,141127118,0000000.0000,0000000.0,2214.64,0.249932,65481.27,0.2463,2026-12-01
NK225E    ,OOP,202612,67250.0,            ,181367218,0000000.0000,0000000.0,3762.26,0.238193,191367218,0000000.0000,0000000.0,2155.16,0.249021,65481.27,0.2463,2026-12-01
NK225E    ,OOP,202612,67375.0,            ,131127318,0000000.0000,0000000.0,3833.26,0.23764,141127318,0000000.0000,0000000.0,2115.63,0.249775,65481.27,0.2463,2026-12-01
NK225E    ,OOP,202612,67500.0,            ,131487518,0000000.0000,0000000.0,3909.38,0.237448,141487518,0000000.0000,0000000.0,2053.66,0.248284,65481.27,0.2463,2026-12-01
NK225E    ,OOP,202612,67625.0,            ,131127618,0000000.0000,0000000.0,3990.63,0.237621,141127618,0000000.0000,0000000.0,2011.64,0.248465,65481.27,0.2463,2026-12-01
NK225E    ,OOP,202612,67750.0,            ,181367718,0000000.0000,0000000.0,4074.46,0.237723,191367718,0000000.0000,0000000.0,1962.15,0.248138,65481.27,0.2463,2026-12-01
NK225E    ,OOP,202612,67875.0,            ,131127818,0000000.0000,0000000.0,4150.59,0.237312,141127818,0000000.0000,0000000.0,1912.65,0.24774,65481.27,0.2463,2026-12-01
NK225E    ,OOP,202612,68000.0,            ,181368018,0000000.0000,0000000.0,4218.96,0.23638,191368018,0000000.0000,0000000.0,1863.15,0.247712,65481.27,0.2463,2026-12-01
NK225E    ,OOP,202612,68125.0,            ,131128118,0000000.0000,0000000.0,4307.96,0.236708,141128118,0000000.0000,0000000.0,1818.64,0.247616,65481.27,0.2463,2026-12-01
NK225E    ,OOP,202612,68250.0,            ,181368218,0000000.0000,0000000.0,4381.46,0.23607,191368218,0000000.0000,0000000.0,1774.12,0.247451,65481.27,0.2463,2026-12-01
NK225E    ,OOP,202612,68375.0,            ,131128318,0000000.0000,0000000.0,4454.96,0.2349,141128318,0000000.0000,0000000.0,1734.59,0.247665,65481.27,0.2463,2026-12-01
NK225E    ,OOP,202612,68500.0,            ,181368518,0000000.0000,0000000.0,4536.19,0.234555,191368518,0000000.0000,0000000.0,1680.13,0.246459,65481.27,0.2463,2026-12-01
NK225E    ,OOP,202612,68625.0,            ,131128618,0000000.0000,0000000.0,4630.4,0.235508,141128618,0000000.0000,0000000.0,1635.62,0.246534,65481.27,0.2463,2026-12-01
NK225E    ,OOP,202612,68750.0,            ,181368718,0000000.0000,0000000.0,4722.02,0.23594,191368718,0000000.0000,0000000.0,1556.42,0.251103,65481.27,0.2463,2026-12-01
NK225E    ,OOP,202612,68875.0,            ,131128818,0000000.0000,0000000.0,4808.47,0.235845,141128818,0000000.0000,0000000.0,1517.76,0.251072,65481.27,0.2463,2026-12-01
NK225E    ,OOP,202612,69000.0,            ,181369018,0000000.0000,0000000.0,4866.26,0.232873,191369018,0000000.0000,0000000.0,1492.24,0.248205,65481.27,0.2463,2026-12-01
NK225E    ,OOP,202612,69125.0,            ,131129118,0000000.0000,0000000.0,4973.54,0.234967,141129118,0000000.0000,0000000.0,1437.48,0.250344,65481.27,0.2463,2026-12-01
NK225E    ,OOP,202612,69250.0,            ,181369218,0000000.0000,0000000.0,5057.36,0.234176,191369218,0000000.0000,0000000.0,1399.51,0.249641,65481.27,0.2463,2026-12-01
NK225E    ,OOP,202612,69375.0,            ,131129318,0000000.0000,0000000.0,5146.41,0.234258,141129318,0000000.0000,0000000.0,1357.15,0.249803,65481.27,0.2463,2026-12-01
NK225E    ,OOP,202612,69500.0,            ,181369518,0000000.0000,0000000.0,5227.6,0.233306,191369518,0000000.0000,0000000.0,1331.1,0.248954,65481.27,0.2463,2026-12-01
NK225E    ,OOP,202612,69750.0,            ,181369718,0000000.0000,0000000.0,5408.28,0.233107,191369718,0000000.0000,0000000.0,1262.69,0.248946,65481.27,0.2463,2026-12-01
NK225E    ,OOP,202612,70000.0,            ,181360018,0000000.0000,0000000.0,5586.33,0.232119,191360018,0000000.0000,0000000.0,1230.6,0.247695,65481.27,0.2463,2026-12-01
NK225E    ,OOP,202612,70250.0,            ,181360218,0000000.0000,0000000.0,5759.07,0.230295,191360218,0000000.0000,0000000.0,1128.4,0.246637,65481.27,0.2463,2026-12-01
NK225E    ,OOP,202612,70500.0,            ,181360518,0000000.0000,0000000.0,5947.61,0.229683,191360518,0000000.0000,0000000.0,1057.09,0.246805,65481.27,0.2463,2026-12-01
NK225E    ,OOP,202612,70750.0,            ,181360718,0000000.0000,0000000.0,6149.4,0.230375,191360718,0000000.0000,0000000.0,1079.43,0.247756,65481.27,0.2463,2026-12-01
NK225E    ,OOP,202612,71000.0,            ,181361018,0000000.0000,0000000.0,6337.95,0.229723,191361018,0000000.0000,0000000.0,986.42,0.246902,65481.27,0.2463,2026-12-01
NK225E    ,OOP,202612,71250.0,            ,181361218,0000000.0000,0000000.0,6542.45,0.229888,191361218,0000000.0000,0000000.0,973.88,0.247916,65481.27,0.2463,2026-12-01
NK225E    ,OOP,202612,71500.0,            ,181361518,0000000.0000,0000000.0,6720.29,0.226881,191361518,0000000.0000,0000000.0,902.42,0.245957,65481.27,0.2463,2026-12-01
NK225E    ,OOP,202612,71750.0,            ,181361718,0000000.0000,0000000.0,6914.07,0.225815,191361718,0000000.0000,0000000.0,846.91,0.24478,65481.27,0.2463,2026-12-01
NK225E    ,OOP,202612,72000.0,            ,181362018,0000000.0000,0000000.0,7110.5,0.224405,191362018,0000705.0000,0000000.0,794.04,0.243872,65481.27,0.2463,2026-12-01
NK225E    ,OOP,202612,72250.0,            ,181362218,0000000.0000,0000000.0,7331.14,0.225836,191362218,0000000.0000,0000000.0,765.38,0.245656,65481.27,0.2463,2026-12-01
NK225E    ,OOP,202612,72500.0,            ,131482518,0000000.0000,0000000.0,7538.35,0.225101,141482518,0000000.0000,0000000.0,723.29,0.246054,65481.27,0.2463,2026-12-01
NK225E    ,OOP,202612,72750.0,            ,131482718,0000000.0000,0000000.0,7740.14,0.223353,141482718,0000000.0000,0000000.0,675.78,0.244967,65481.27,0.2463,2026-12-01
NK225E    ,OOP,202612,73000.0,            ,131483018,0000000.0000,0000000.0,7952.74,0.222627,141483018,0000000.0000,0000000.0,639.08,0.244866,65481.27,0.2463,2026-12-01
NK225E    ,OOP,202612,73250.0,            ,131483218,0000000.0000,0000000.0,8159.9,0.220825,141483218,0000000.0000,0000000.0,596.95,0.243841,65481.27,0.2463,2026-12-01
NK225E    ,OOP,202612,73500.0,            ,131483518,0000000.0000,0000000.0,8377.94,0.220933,141483518,0000000.0000,0000000.0,565.69,0.244579,65481.27,0.2463,2026-12-01
NK225E    ,OOP,202612,73750.0,            ,131483718,0000000.0000,0000000.0,8587.79,0.218338,141483718,0000000.0000,0000000.0,526.24,0.243694,65481.27,0.2463,2026-12-01
NK225E    ,OOP,202612,74000.0,            ,131484018,0000000.0000,0000000.0,8808.57,0.217792,141484018,0000000.0000,0000000.0,497.72,0.24398,65481.27,0.2463,2026-12-01
NK225E    ,OOP,202612,74250.0,            ,131484218,0000000.0000,0000000.0,9032.11,0.217818,141484218,0000000.0000,0000000.0,471.96,0.244801,65481.27,0.2463,2026-12-01
NK225E    ,OOP,202612,74500.0,            ,131484518,0000000.0000,0000000.0,9258.4,0.217574,141484518,0000000.0000,0000000.0,448.96,0.245435,65481.27,0.2463,2026-12-01
NK225E    ,OOP,202612,74750.0,            ,131484718,0000000.0000,0000000.0,9476.44,0.215063,141484718,0000000.0000,0000000.0,417.7,0.244258,65481.27,0.2463,2026-12-01
NK225E    ,OOP,202612,75000.0,            ,131485018,0000000.0000,0000000.0,9700.0,0.214095,141485018,0000350.0000,0000000.0,391.96,0.244437,65481.27,0.2463,2026-12-01
NK225E    ,OOP,202612,75250.0,            ,131485218,0000000.0000,0000000.0,9931.3,0.213856,141485218,0000000.0000,0000000.0,373.96,0.245262,65481.27,0.2463,2026-12-01
NK225E    ,OOP,202612,75500.0,            ,131485518,0000000.0000,0000000.0,10147.62,0.209762,141485518,0000000.0000,0000000.0,340.99,0.243204,65481.27,0.2463,2026-12-01
NK225E    ,OOP,202612,75750.0,            ,131485718,0000000.0000,0000000.0,10380.06,0.208671,141485718,0000000.0000,0000000.0,324.13,0.244514,65481.27,0.2463,2026-12-01
NK225E    ,OOP,202612,76000.0,            ,131486018,0000000.0000,0000000.0,10608.04,0.207164,141486018,0000260.0000,0000000.0,302.81,0.243741,65481.27,0.2463,2026-12-01
NK225E    ,OOP,202612,76250.0,            ,131486218,0000000.0000,0000000.0,10846.64,0.206652,141486218,0000000.0000,0000000.0,292.11,0.245711,65481.27,0.2463,2026-12-01
NK225E    ,OOP,202612,77000.0,            ,131487018,0000000.0000,0000000.0,11531.66,0.194981,141487018,0000000.0000,0000000.0,229.24,0.242513,65481.27,0.2463,2026-12-01
NK225E    ,OOP,202612,77500.0,            ,181367518,0000000.0000,0000000.0,12002.2,0.18466,191367518,0000000.0000,0000000.0,201.18,0.242786,65481.27,0.2463,2026-12-01
NK225E    ,OOP,202612,78000.0,            ,131488018,0000000.0000,0000000.0,12490.34,0.185084,141488018,0000000.0000,0000000.0,190.73,0.247055,65481.27,0.2463,2026-12-01
NK225E    ,OOP,202612,79000.0,            ,131489018,0000000.0000,0000000.0,13442.34,0.01,141489018,0000000.0000,0000000.0,145.54,0.247157,65481.27,0.2463,2026-12-01
NK225E    ,OOP,202612,80000.0,            ,131480018,0000000.0000,0000000.0,14411.54,0.01,141480018,0000090.0000,0000000.0,117.55,0.246045,65481.27,0.2463,2026-12-01
NK225E    ,OOP,202612,81000.0,            ,131481018,0000000.0000,0000000.0,15383.7,0.01,141481018,0000071.0000,0000000.0,92.52,0.250339,65481.27,0.2463,2026-12-01
NK225E    ,OOP,202612,82000.0,            ,131482018,0000000.0000,0000000.0,16357.05,0.01,141482018,0000000.0000,0000000.0,68.68,0.251176,65481.27,0.2463,2026-12-01
NK225E    ,OOP,202612,82500.0,            ,181482518,0000000.0000,0000000.0,16847.22,0.01,191482518,0000000.0000,0000000.0,60.25,0.25166,65481.27,0.2463,2026-12-01
NK225E    ,OOP,202612,83000.0,            ,181483018,0000000.0000,0000000.0,17336.21,0.01,191483018,0000000.0000,0000000.0,50.65,0.250092,65481.27,0.2463,2026-12-01
NK225E    ,OOP,202612,84000.0,            ,181484018,0000000.0000,0000000.0,18319.25,0.01,191484018,0000000.0000,0000000.0,36.49,0.249017,65481.27,0.2463,2026-12-01
NK225E    ,OOP,202612,85000.0,            ,181485018,0000000.0000,0000000.0,19314.63,0.01,191485018,0000000.0000,0000000.0,34.69,0.258211,65481.27,0.2463,2026-12-01
NK225E    ,OOP,202612,87500.0,            ,181487518,0000000.0000,0000000.0,21794.67,0.01,191487518,0000015.0000,0000000.0,21.75,0.266708,65481.27,0.2463,2026-12-01
NK225E    ,OOP,202612,90000.0,            ,181480018,0000000.0000,0000000.0,24277.81,0.01,191480018,0000000.0000,0000000.0,8.84,0.265111,65481.27,0.2463,2026-12-01
NK225E    ,OOP,202612,95000.0,            ,131605018,0000000.0000,0000000.0,29255.57,0.01,141605018,0000000.0000,0000000.0,3.71,0.282664,65481.27,0.2463,2026-12-01
NK225E    ,OOP,202612,100000.0,            ,131600018,0000000.0000,0000000.0,34239.7,0.01,141600018,0000002.0000,0000000.0,1.86,0.292675,65481.27,0.2463,2026-12-01
NK225E    ,OOP,202701,36000.0,            ,132016018,0000000.0000,0000000.0,26.41,0.502913,142016018,0000000.0000,0000000.0,29617.31,0.501717,65481.27,0.2463,2027-01-01
NK225E    ,OOP,202701,37000.0,            ,132017018,0000000.0000,0000000.0,32.85,0.456988,142017018,0000000.0000,0000000.0,28628.39,0.487594,65481.27,0.2463,2027-01-01
NK225E    ,OOP,202701,38000.0,            ,132018018,0000000.0000,0000000.0,40.33,0.44899,142018018,0000000.0000,0000000.0,27640.51,0.478405,65481.27,0.2463,2027-01-01
NK225E    ,OOP,202701,39000.0,            ,132019018,0000000.0000,0000000.0,48.98,0.440709,142019018,0000000.0000,0000000.0,26653.8,0.463169,65481.27,0.2463,2027-01-01
NK225E    ,OOP,202701,40000.0,            ,132010018,0000000.0000,0000000.0,58.93,0.432195,142010018,0000000.0000,0000000.0,25668.4,0.452037,65481.27,0.2463,2027-01-01
NK225E    ,OOP,202701,41000.0,            ,132011018,0000000.0000,0000000.0,70.37,0.423497,142011018,0000000.0000,0000000.0,24684.47,0.443646,65481.27,0.2463,2027-01-01
NK225E    ,OOP,202701,42000.0,            ,132012018,0000000.0000,0000000.0,83.48,0.414662,142012018,0000000.0000,0000000.0,23702.23,0.430542,65481.27,0.2463,2027-01-01
NK225E    ,OOP,202701,43000.0,            ,132013018,0000000.0000,0000000.0,98.53,0.405734,142013018,0000000.0000,0000000.0,22721.92,0.419842,65481.27,0.2463,2027-01-01
NK225E    ,OOP,202701,44000.0,            ,132014018,0000000.0000,0000000.0,115.8,0.396755,142014018,0000000.0000,0000000.0,21743.83,0.408179,65481.27,0.2463,2027-01-01
NK225E    ,OOP,202701,45000.0,            ,132015018,0000000.0000,0000000.0,135.69,0.387767,142015018,0000000.0000,0000000.0,20768.36,0.398042,65481.27,0.2463,2027-01-01
NK225E    ,OOP,202701,46000.0,            ,182016018,0000000.0000,0000000.0,158.62,0.378807,192016018,0000000.0000,0000000.0,19795.94,0.388849,65481.27,0.2463,2027-01-01
NK225E    ,OOP,202701,47000.0,            ,182017018,0000000.0000,0000000.0,185.16,0.36985,192017018,0000000.0000,0000000.0,18827.11,0.378373,65481.27,0.2463,2027-01-01
NK225E    ,OOP,202701,47250.0,            ,132017218,0000000.0000,0000000.0,192.43,0.367543,142017218,0000000.0000,0000000.0,18585.54,0.376453,65481.27,0.2463,2027-01-01
NK225E    ,OOP,202701,47500.0,            ,132017518,0000000.0000,0000000.0,199.98,0.365501,142017518,0000000.0000,0000000.0,18344.25,0.372735,65481.27,0.2463,2027-01-01
NK225E    ,OOP,202701,47750.0,            ,132017718,0000000.0000,0000000.0,207.82,0.363305,142017718,0000000.0000,0000000.0,18103.25,0.370652,65481.27,0.2463,2027-01-01
NK225E    ,OOP,202701,48000.0,            ,182018018,0000000.0000,0000000.0,215.95,0.361117,192018018,0000000.0000,0000000.0,17862.55,0.368468,65481.27,0.2463,2027-01-01
NK225E    ,OOP,202701,48250.0,            ,132018218,0000000.0000,0000000.0,224.41,0.358802,142018218,0000000.0000,0000000.0,17622.17,0.366189,65481.27,0.2463,2027-01-01
NK225E    ,OOP,202701,48500.0,            ,132018518,0000000.0000,0000000.0,233.2,0.356703,142018518,0000000.0000,0000000.0,17382.11,0.36382,65481.27,0.2463,2027-01-01
NK225E    ,OOP,202701,48750.0,            ,132018718,0000000.0000,0000000.0,242.33,0.354504,142018718,0000000.0000,0000000.0,17142.41,0.361365,65481.27,0.2463,2027-01-01
NK225E    ,OOP,202701,49000.0,            ,182019018,0000000.0000,0000000.0,251.82,0.352209,192019018,0000000.0000,0000000.0,16903.06,0.358829,65481.27,0.2463,2027-01-01
NK225E    ,OOP,202701,49250.0,            ,132019218,0000000.0000,0000000.0,261.69,0.350114,142019218,0000000.0000,0000000.0,16664.08,0.356217,65481.27,0.2463,2027-01-01
NK225E    ,OOP,202701,49500.0,            ,132019518,0000000.0000,0000000.0,271.94,0.347917,142019518,0000000.0000,0000000.0,16425.5,0.354872,65481.27,0.2463,2027-01-01
NK225E    ,OOP,202701,49750.0,            ,132019718,0000000.0000,0000000.0,295.32,0.349381,142019718,0000000.0000,0000000.0,16200.04,0.354666,65481.27,0.2463,2027-01-01
NK225E    ,OOP,202701,50000.0,            ,182010018,0000000.0000,0000000.0,313.25,0.349006,192010018,0000000.0000,0000000.0,15969.13,0.354229,65481.27,0.2463,2027-01-01
NK225E    ,OOP,202701,50250.0,            ,132010218,0000000.0000,0000000.0,317.06,0.344839,142010218,0000000.0000,0000000.0,15724.1,0.349984,65481.27,0.2463,2027-01-01
NK225E    ,OOP,202701,50500.0,            ,132010518,0000000.0000,0000000.0,326.96,0.342154,142010518,0000000.0000,0000000.0,15485.16,0.346918,65481.27,0.2463,2027-01-01
NK225E    ,OOP,202701,50750.0,            ,132010718,0000000.0000,0000000.0,339.67,0.340063,142010718,0000000.0000,0000000.0,15249.03,0.344951,65481.27,0.2463,2027-01-01
NK225E    ,OOP,202701,51000.0,            ,182011018,0000000.0000,0000000.0,352.37,0.337863,192011018,0000000.0000,0000000.0,15012.89,0.342872,65481.27,0.2463,2027-01-01
NK225E    ,OOP,202701,51250.0,            ,132011218,0000000.0000,0000000.0,362.69,0.335033,142011218,0000000.0000,0000000.0,14774.37,0.339598,65481.27,0.2463,2027-01-01
NK225E    ,OOP,202701,51500.0,            ,132011518,0000000.0000,0000000.0,376.29,0.332569,142011518,0000000.0000,0000000.0,14539.13,0.337342,65481.27,0.2463,2027-01-01
NK225E    ,OOP,202701,51750.0,            ,132011718,0000000.0000,0000000.0,389.88,0.330565,142011718,0000000.0000,0000000.0,14303.88,0.334988,65481.27,0.2463,2027-01-01
NK225E    ,OOP,202701,52000.0,            ,182012018,0000000.0000,0000000.0,403.44,0.328177,192012018,0000000.0000,0000000.0,14068.6,0.332541,65481.27,0.2463,2027-01-01
NK225E    ,OOP,202701,52250.0,            ,132012218,0000000.0000,0000000.0,419.34,0.326168,142012218,0000000.0000,0000000.0,13835.67,0.330985,65481.27,0.2463,2027-01-01
NK225E    ,OOP,202701,52500.0,            ,132012518,0000000.0000,0000000.0,432.87,0.323581,142012518,0000000.0000,0000000.0,13600.35,0.327384,65481.27,0.2463,2027-01-01
NK225E    ,OOP,202701,52750.0,            ,132012718,0000000.0000,0000000.0,451.09,0.321597,142012718,0000000.0000,0000000.0,13369.73,0.325613,65481.27,0.2463,2027-01-01
NK225E    ,OOP,202701,53000.0,            ,182013018,0000000.0000,0000000.0,469.29,0.319896,192013018,0000000.0000,0000000.0,13139.09,0.323715,65481.27,0.2463,2027-01-01
NK225E    ,OOP,202701,53250.0,            ,132013218,0000000.0000,0000000.0,482.74,0.317014,142013218,0000000.0000,0000000.0,12903.71,0.320814,65481.27,0.2463,2027-01-01
NK225E    ,OOP,202701,53500.0,            ,132013518,0000000.0000,0000000.0,503.26,0.315299,142013518,0000000.0000,0000000.0,12675.38,0.318703,65481.27,0.2463,2027-01-01
NK225E    ,OOP,202701,53750.0,            ,132013718,0000000.0000,0000000.0,523.76,0.313448,142013718,0000000.0000,0000000.0,12447.04,0.317318,65481.27,0.2463,2027-01-01
NK225E    ,OOP,202701,54000.0,            ,182014018,0000000.0000,0000000.0,541.86,0.310764,192014018,0000000.0000,0000000.0,12216.31,0.314969,65481.27,0.2463,2027-01-01
NK225E    ,OOP,202701,54250.0,            ,132014218,0000000.0000,0000000.0,562.31,0.308979,142014218,0000000.0000,0000000.0,11987.92,0.312518,65481.27,0.2463,2027-01-01
NK225E    ,OOP,202701,54500.0,            ,132014518,0000000.0000,0000000.0,585.1,0.307121,142014518,0000000.0000,0000000.0,11761.86,0.310744,65481.27,0.2463,2027-01-01
NK225E    ,OOP,202701,54750.0,            ,132014718,0000000.0000,0000000.0,607.86,0.305162,142014718,0000000.0000,0000000.0,11535.79,0.308084,65481.27,0.2463,2027-01-01
NK225E    ,OOP,202701,55000.0,            ,182015018,0000000.0000,0000000.0,630.59,0.30297,192015018,0000000.0000,0000000.0,11309.68,0.306071,65481.27,0.2463,2027-01-01
NK225E    ,OOP,202701,55250.0,            ,132015218,0000000.0000,0000000.0,658.05,0.301525,142015218,0000000.0000,0000000.0,11088.3,0.304655,65481.27,0.2463,2027-01-01
NK225E    ,OOP,202701,55500.0,            ,132015518,0000000.0000,0000000.0,683.1,0.299502,142015518,0000000.0000,0000000.0,10864.5,0.302385,65481.27,0.2463,2027-01-01
NK225E    ,OOP,202701,55750.0,            ,132015718,0000000.0000,0000000.0,708.11,0.297351,142015718,0000000.0000,0000000.0,10640.68,0.300004,65481.27,0.2463,2027-01-01
NK225E    ,OOP,202701,56000.0,            ,132136018,0000000.0000,0000000.0,740.24,0.296005,142136018,0000000.0000,0000000.0,10423.97,0.298848,65481.27,0.2463,2027-01-01
NK225E    ,OOP,202701,56250.0,            ,132016218,0000000.0000,0000000.0,767.57,0.293596,142016218,0000000.0000,0000000.0,10202.46,0.296874,65481.27,0.2463,2027-01-01
NK225E    ,OOP,202701,56500.0,            ,132016518,0000000.0000,0000000.0,816.48,0.29427,142016518,0000000.0000,0000000.0,10002.53,0.297298,65481.27,0.2463,2027-01-01
NK225E    ,OOP,202701,56750.0,            ,132016718,0000000.0000,0000000.0,849.87,0.292801,142016718,0000000.0000,0000000.0,9787.08,0.295013,65481.27,0.2463,2027-01-01
NK225E    ,OOP,202701,57000.0,            ,132137018,0000000.0000,0000000.0,884.64,0.291165,142137018,0000000.0000,0000000.0,9573.01,0.293813,65481.27,0.2463,2027-01-01
NK225E    ,OOP,202701,57250.0,            ,182017218,0000000.0000,0000000.0,920.86,0.289448,192017218,0000000.0000,0000000.0,9360.39,0.291858,65481.27,0.2463,2027-01-01
NK225E    ,OOP,202701,57500.0,            ,182017518,0000000.0000,0000000.0,958.57,0.287957,192017518,0000000.0000,0000000.0,9149.26,0.290341,65481.27,0.2463,2027-01-01
NK225E    ,OOP,202701,57750.0,            ,182017718,0000000.0000,0000000.0,997.82,0.286066,192017718,0000000.0000,0000000.0,8939.67,0.288669,65481.27,0.2463,2027-01-01
NK225E    ,OOP,202701,58000.0,            ,132138018,0000000.0000,0000000.0,1038.67,0.284429,142138018,0000000.0000,0000000.0,8731.68,0.286847,65481.27,0.2463,2027-01-01
NK225E    ,OOP,202701,58250.0,            ,182018218,0000000.0000,0000000.0,1081.19,0.283177,192018218,0000000.0000,0000000.0,8525.36,0.285416,65481.27,0.2463,2027-01-01
NK225E    ,OOP,202701,58500.0,            ,182018518,0000000.0000,0000000.0,1125.43,0.281755,192018518,0000000.0000,0000000.0,8320.76,0.283824,65481.27,0.2463,2027-01-01
NK225E    ,OOP,202701,58750.0,            ,182018718,0000000.0000,0000000.0,1171.43,0.280167,192018718,0000000.0000,0000000.0,8117.93,0.282074,65481.27,0.2463,2027-01-01
NK225E    ,OOP,202701,59000.0,            ,132139018,0000000.0000,0000000.0,1219.28,0.278421,142139018,0000000.0000,0000000.0,7916.94,0.280677,65481.27,0.2463,2027-01-01
NK225E    ,OOP,202701,59250.0,            ,182019218,0000000.0000,0000000.0,1269.03,0.277017,192019218,0000000.0000,0000000.0,7717.84,0.279113,65481.27,0.2463,2027-01-01
NK225E    ,OOP,202701,59500.0,            ,182019518,0000000.0000,0000000.0,1320.73,0.27593,192019518,0000000.0000,0000000.0,7520.7,0.277872,65481.27,0.2463,2027-01-01
NK225E    ,OOP,202701,59750.0,            ,182019718,0000000.0000,0000000.0,1374.44,0.274185,192019718,0000000.0000,0000000.0,7325.57,0.276455,65481.27,0.2463,2027-01-01
NK225E    ,OOP,202701,60000.0,            ,132130018,0000000.0000,0000000.0,1430.24,0.273216,142130018,0000000.0000,0000000.0,7132.53,0.274869,65481.27,0.2463,2027-01-01
NK225E    ,OOP,202701,60250.0,            ,182010218,0000000.0000,0000000.0,1488.17,0.271601,192010218,0000000.0000,0000000.0,6941.63,0.273577,65481.27,0.2463,2027-01-01
NK225E    ,OOP,202701,60500.0,            ,182010518,0000000.0000,0000000.0,1548.3,0.270272,192010518,0000000.0000,0000000.0,6752.92,0.272108,65481.27,0.2463,2027-01-01
NK225E    ,OOP,202701,60750.0,            ,182010718,0000000.0000,0000000.0,1610.7,0.269208,192010718,0000000.0000,0000000.0,6566.48,0.270911,65481.27,0.2463,2027-01-01
NK225E    ,OOP,202701,61000.0,            ,132131018,0000000.0000,0000000.0,1675.42,0.267522,142131018,0000000.0000,0000000.0,6382.35,0.269532,65481.27,0.2463,2027-01-01
NK225E    ,OOP,202701,61250.0,            ,182011218,0000000.0000,0000000.0,1706.83,0.263517,192011218,0000000.0000,0000000.0,6164.92,0.265401,65481.27,0.2463,2027-01-01
NK225E    ,OOP,202701,61500.0,            ,182011518,0000000.0000,0000000.0,1776.1,0.261105,192011518,0000000.0000,0000000.0,5971.29,0.262864,65481.27,0.2463,2027-01-01
NK225E    ,OOP,202701,61750.0,            ,182011718,0000000.0000,0000000.0,1858.71,0.261048,192011718,0000000.0000,0000000.0,5806.97,0.262683,65481.27,0.2463,2027-01-01
NK225E    ,OOP,202701,62000.0,            ,132132018,0000000.0000,0000000.0,1940.39,0.259535,142132018,0000000.0000,0000000.0,5632.81,0.261463,65481.27,0.2463,2027-01-01
NK225E    ,OOP,202701,62250.0,            ,182012218,0000000.0000,0000000.0,2016.12,0.258652,192012218,0000000.0000,0000000.0,5463.53,0.26046,65481.27,0.2463,2027-01-01
NK225E    ,OOP,202701,62500.0,            ,132132518,0000000.0000,0000000.0,2096.86,0.257571,142132518,0000000.0000,0000000.0,5294.19,0.259263,65481.27,0.2463,2027-01-01
NK225E    ,OOP,202701,62750.0,            ,182012718,0000000.0000,0000000.0,2172.6,0.255503,192012718,0000000.0000,0000000.0,5114.96,0.257083,65481.27,0.2463,2027-01-01
NK225E    ,OOP,202701,63000.0,            ,132133018,0000000.0000,0000000.0,2263.38,0.254829,142133018,0000000.0000,0000000.0,4957.83,0.256692,65481.27,0.2463,2027-01-01
NK225E    ,OOP,202701,63250.0,            ,182013218,0000000.0000,0000000.0,2349.17,0.254724,192013218,0000000.0000,0000000.0,4808.08,0.256477,65481.27,0.2463,2027-01-01
NK225E    ,OOP,202701,63500.0,            ,182013518,0000000.0000,0000000.0,2439.96,0.254018,192013518,0000000.0000,0000000.0,4653.38,0.255665,65481.27,0.2463,2027-01-01
NK225E    ,OOP,202701,63750.0,            ,182013718,0000000.0000,0000000.0,2535.77,0.253107,192013718,0000000.0000,0000000.0,4498.64,0.254652,65481.27,0.2463,2027-01-01
NK225E    ,OOP,202701,64000.0,            ,132134018,0000000.0000,0000000.0,2636.59,0.251616,142134018,0000000.0000,0000000.0,4341.35,0.253061,65481.27,0.2463,2027-01-01
NK225E    ,OOP,202701,64250.0,            ,182014218,0000000.0000,0000000.0,2732.4,0.250681,192014218,0000000.0000,0000000.0,4191.47,0.252028,65481.27,0.2463,2027-01-01
NK225E    ,OOP,202701,64500.0,            ,182014518,0000000.0000,0000000.0,2838.25,0.249169,192014518,0000000.0000,0000000.0,4041.52,0.250793,65481.27,0.2463,2027-01-01
NK225E    ,OOP,202701,64750.0,            ,182014718,0000000.0000,0000000.0,2944.08,0.248939,192014718,0000000.0000,0000000.0,3889.27,0.250468,65481.27,0.2463,2027-01-01
NK225E    ,OOP,202701,65000.0,            ,132135018,0000000.0000,0000000.0,3044.93,0.248496,142135018,0000000.0000,0000000.0,3754.62,0.249933,65481.27,0.2463,2027-01-01
NK225E    ,OOP,202701,65250.0,            ,182015218,0000000.0000,0000000.0,3170.79,0.247476,192015218,0000000.0000,0000000.0,3626.8,0.248822,65481.27,0.2463,2027-01-01
NK225E    ,OOP,202701,65500.0,            ,182015518,0000000.0000,0000000.0,3286.66,0.247713,192015518,0000000.0000,0000000.0,3502.67,0.249335,65481.27,0.2463,2027-01-01
NK225E    ,OOP,202701,65750.0,            ,182015718,0000000.0000,0000000.0,3407.51,0.247006,192015718,0000000.0000,0000000.0,3368.53,0.24854,65481.27,0.2463,2027-01-01
NK225E    ,OOP,202701,66000.0,            ,182136018,0000000.0000,0000000.0,3528.39,0.245727,192136018,0000000.0000,0000000.0,3239.42,0.247538,65481.27,0.2463,2027-01-01
NK225E    ,OOP,202701,66250.0,            ,182016218,0000000.0000,0000000.0,3644.27,0.245696,192016218,0000000.0000,0000000.0,3115.29,0.247058,65481.27,0.2463,2027-01-01
NK225E    ,OOP,202701,66500.0,            ,182016518,0000000.0000,0000000.0,3780.12,0.243999,192016518,0000000.0000,0000000.0,3001.16,0.245641,65481.27,0.2463,2027-01-01
NK225E    ,OOP,202701,66750.0,            ,182016718,0000000.0000,0000000.0,3906.0,0.243548,192016718,0000000.0000,0000000.0,2887.02,0.245107,65481.27,0.2463,2027-01-01
NK225E    ,OOP,202701,67000.0,            ,182137018,0000000.0000,0000000.0,4041.88,0.243252,192137018,0000000.0000,0000000.0,2777.9,0.24473,65481.27,0.2463,2027-01-01
NK225E    ,OOP,202701,67250.0,            ,132137218,0000000.0000,0000000.0,4182.76,0.242381,142137218,0000000.0000,0000000.0,2653.8,0.243778,65481.27,0.2463,2027-01-01
NK225E    ,OOP,202701,67500.0,            ,182137518,0000000.0000,0000000.0,4323.62,0.242033,192137518,0000000.0000,0000000.0,2554.66,0.24335,65481.27,0.2463,2027-01-01
NK225E    ,OOP,202701,67750.0,            ,132137718,0000000.0000,0000000.0,4469.48,0.241107,142137718,0000000.0000,0000000.0,2450.51,0.242714,65481.27,0.2463,2027-01-01
NK225E    ,OOP,202701,68000.0,            ,182138018,0000000.0000,0000000.0,4622.69,0.241081,192138018,0000000.0000,0000000.0,2351.37,0.242611,65481.27,0.2463,2027-01-01
NK225E    ,OOP,202701,68250.0,            ,132138218,0000000.0000,0000000.0,4790.83,0.2416,142138218,0000000.0000,0000000.0,2252.23,0.243426,65481.27,0.2463,2027-01-01
NK225E    ,OOP,202701,68500.0,            ,132138518,0000000.0000,0000000.0,4935.88,0.240415,142138518,0000000.0000,0000000.0,2168.05,0.242168,65481.27,0.2463,2027-01-01
NK225E    ,OOP,202701,68750.0,            ,132138718,0000000.0000,0000000.0,5093.73,0.240151,142138718,0000000.0000,0000000.0,2073.9,0.24145,65481.27,0.2463,2027-01-01
NK225E    ,OOP,202701,69000.0,            ,182139018,0000000.0000,0000000.0,5259.29,0.240065,192139018,0000000.0000,0000000.0,1984.74,0.24167,65481.27,0.2463,2027-01-01
NK225E    ,OOP,202701,69250.0,            ,132139218,0000000.0000,0000000.0,5417.1,0.239003,142139218,0000000.0000,0000000.0,1900.56,0.240535,65481.27,0.2463,2027-01-01
NK225E    ,OOP,202701,69500.0,            ,132139518,0000000.0000,0000000.0,5582.62,0.238503,142139518,0000000.0000,0000000.0,1821.36,0.240352,65481.27,0.2463,2027-01-01
NK225E    ,OOP,202701,69750.0,            ,132139718,0000000.0000,0000000.0,5750.71,0.23819,142139718,0000000.0000,0000000.0,1742.17,0.239968,65481.27,0.2463,2027-01-01
NK225E    ,OOP,202701,70000.0,            ,182130018,0000000.0000,0000000.0,5923.98,0.237672,192130018,0000000.0000,0000000.0,1662.97,0.239379,65481.27,0.2463,2027-01-01
NK225E    ,OOP,202701,70250.0,            ,132130218,0000000.0000,0000000.0,6107.65,0.238163,142130218,0000000.0000,0000000.0,1588.75,0.239798,65481.27,0.2463,2027-01-01
NK225E    ,OOP,202701,70500.0,            ,132130518,0000000.0000,0000000.0,6269.13,0.236411,142130518,0000000.0000,0000000.0,1514.54,0.238388,65481.27,0.2463,2027-01-01
NK225E    ,OOP,202701,70750.0,            ,132130718,0000000.0000,0000000.0,6448.83,0.236088,142130718,0000000.0000,0000000.0,1445.29,0.237997,65481.27,0.2463,2027-01-01
NK225E    ,OOP,202701,71000.0,            ,182131018,0000000.0000,0000000.0,6631.2,0.235986,192131018,0000000.0000,0000000.0,1390.97,0.237485,65481.27,0.2463,2027-01-01
NK225E    ,OOP,202701,71250.0,            ,132131218,0000000.0000,0000000.0,6816.16,0.235687,142131218,0000000.0000,0000000.0,1320.68,0.237459,65481.27,0.2463,2027-01-01
NK225E    ,OOP,202701,71500.0,            ,132131518,0000000.0000,0000000.0,7003.67,0.235187,142131518,0000000.0000,0000000.0,1259.34,0.237327,65481.27,0.2463,2027-01-01
NK225E    ,OOP,202701,71750.0,            ,132131718,0000000.0000,0000000.0,7193.66,0.234925,142131718,0000000.0000,0000000.0,1200.49,0.237002,65481.27,0.2463,2027-01-01
NK225E    ,OOP,202701,72000.0,            ,182132018,0000000.0000,0000000.0,7386.06,0.234922,192132018,0000000.0000,0000000.0,1144.05,0.236475,65481.27,0.2463,2027-01-01
NK225E    ,OOP,202701,72250.0,            ,132132218,0000000.0000,0000000.0,7580.81,0.234262,142132218,0000000.0000,0000000.0,1089.97,0.23667,65481.27,0.2463,2027-01-01
NK225E    ,OOP,202701,72500.0,            ,182012518,0000000.0000,0000000.0,7777.85,0.234339,192012518,0000000.0000,0000000.0,1038.17,0.236211,65481.27,0.2463,2027-01-01
NK225E    ,OOP,202701,72750.0,            ,132132718,0000000.0000,0000000.0,7977.11,0.234233,142132718,0000000.0000,0000000.0,988.59,0.236032,65481.27,0.2463,2027-01-01
NK225E    ,OOP,202701,73000.0,            ,182133018,0000000.0000,0000000.0,8178.52,0.233936,192133018,0000000.0000,0000000.0,941.15,0.236156,65481.27,0.2463,2027-01-01
NK225E    ,OOP,202701,73250.0,            ,132133218,0000000.0000,0000000.0,8403.5,0.23598,142133218,0000000.0000,0000000.0,917.3,0.238117,65481.27,0.2463,2027-01-01
NK225E    ,OOP,202701,73500.0,            ,132133518,0000000.0000,0000000.0,8608.22,0.235857,142133518,0000000.0000,0000000.0,873.17,0.237925,65481.27,0.2463,2027-01-01
NK225E    ,OOP,202701,73750.0,            ,132133718,0000000.0000,0000000.0,8794.97,0.233417,142133718,0000000.0000,0000000.0,811.09,0.235959,65481.27,0.2463,2027-01-01
NK225E    ,OOP,202701,74000.0,            ,182134018,0000000.0000,0000000.0,9022.99,0.235585,192134018,0000000.0000,0000000.0,790.27,0.236994,65481.27,0.2463,2027-01-01
NK225E    ,OOP,202701,74250.0,            ,132134218,0000000.0000,0000000.0,9233.06,0.235446,142134218,0000000.0000,0000000.0,751.5,0.237837,65481.27,0.2463,2027-01-01
NK225E    ,OOP,202701,74500.0,            ,132134518,0000000.0000,0000000.0,9445.79,0.23512,142134518,0000000.0000,0000000.0,715.39,0.236921,65481.27,0.2463,2027-01-01
NK225E    ,OOP,202701,74750.0,            ,132134718,0000000.0000,0000000.0,9658.53,0.235187,142134718,0000000.0000,0000000.0,679.29,0.237435,65481.27,0.2463,2027-01-01
NK225E    ,OOP,202701,75000.0,            ,182135018,0000000.0000,0000000.0,9879.35,0.235683,192135018,0000000.0000,0000000.0,651.27,0.237404,65481.27,0.2463,2027-01-01
NK225E    ,OOP,202701,75250.0,            ,132135218,0000000.0000,0000000.0,10094.79,0.235412,142135218,0000000.0000,0000000.0,617.87,0.238109,65481.27,0.2463,2027-01-01
NK225E    ,OOP,202701,75500.0,            ,132135518,0000000.0000,0000000.0,10312.92,0.235589,142135518,0000000.0000,0000000.0,587.16,0.238213,65481.27,0.2463,2027-01-01
NK225E    ,OOP,202701,75750.0,            ,132135718,0000000.0000,0000000.0,10533.76,0.235602,142135718,0000000.0000,0000000.0,559.16,0.238151,65481.27,0.2463,2027-01-01
NK225E    ,OOP,202701,76000.0,            ,132256018,0000000.0000,0000000.0,10751.89,0.234769,142256018,0000000.0000,0000000.0,528.45,0.237915,65481.27,0.2463,2027-01-01
NK225E    ,OOP,202701,76250.0,            ,132136218,0000000.0000,0000000.0,10975.44,0.235106,142136218,0000000.0000,0000000.0,503.17,0.23818,65481.27,0.2463,2027-01-01
NK225E    ,OOP,202701,77500.0,            ,132137518,0000000.0000,0000000.0,12105.27,0.235189,142137518,0000000.0000,0000000.0,388.79,0.238647,65481.27,0.2463,2027-01-01
NK225E    ,OOP,202701,80000.0,            ,132250018,0000000.0000,0000000.0,14435.93,0.235664,142250018,0000000.0000,0000000.0,231.05,0.239728,65481.27,0.2463,2027-01-01
NK225E    ,OOP,202701,82500.0,            ,182132518,0000000.0000,0000000.0,16836.15,0.23829,192132518,0000000.0000,0000000.0,142.88,0.243893,65481.27,0.2463,2027-01-01
NK225E    ,OOP,202701,85000.0,            ,132255018,0000000.0000,0000000.0,19272.04,0.240599,142255018,0000000.0000,0000000.0,90.37,0.248648,65481.27,0.2463,2027-01-01
NK225E    ,OOP,202701,87500.0,            ,132257518,0000000.0000,0000000.0,21728.33,0.241213,142257518,0000000.0000,0000000.0,58.27,0.254128,65481.27,0.2463,2027-01-01
NK225E    ,OOP,202701,90000.0,            ,182250018,0000000.0000,0000000.0,24196.33,0.242091,192250018,0000000.0000,0000000.0,37.87,0.260427,65481.27,0.2463,2027-01-01
NK225E    ,OOP,202701,95000.0,            ,182255018,0000000.0000,0000000.0,29150.35,0.01,192255018,0000000.0000,0000000.0,15.1,0.26716,65481.27,0.2463,2027-01-01
NK225E    ,OOP,202701,100000.0,            ,132370018,0000000.0000,0000000.0,34116.43,0.01,142370018,0000008.0000,0000000.0,4.38,0.26636,65481.27,0.2463,2027-01-01
NK225E    ,OOP,202702,43000.0,            ,132023018,0000000.0000,0000000.0,157.26,0.378326,142023018,0000000.0000,0000000.0,22871.01,0.434088,65481.27,0.2463,2027-02-01
NK225E    ,OOP,202702,44000.0,            ,132024018,0000000.0000,0000000.0,183.51,0.370577,142024018,0000000.0000,0000000.0,21904.05,0.420715,65481.27,0.2463,2027-02-01
NK225E    ,OOP,202702,45000.0,            ,132025018,0000000.0000,0000000.0,213.19,0.363018,142025018,0000000.0000,0000000.0,20940.54,0.408285,65481.27,0.2463,2027-02-01
NK225E    ,OOP,202702,46000.0,            ,132026018,0000000.0000,0000000.0,246.86,0.355458,142026018,0000000.0000,0000000.0,19981.0,0.396568,65481.27,0.2463,2027-02-01
NK225E    ,OOP,202702,47000.0,            ,132027018,0000000.0000,0000000.0,285.15,0.347766,142027018,0000000.0000,0000000.0,19026.09,0.385364,65481.27,0.2463,2027-02-01
NK225E    ,OOP,202702,47250.0,            ,182027218,0000000.0000,0000000.0,295.55,0.3461,192027218,0000000.0000,0000000.0,18788.19,0.383232,65481.27,0.2463,2027-02-01
NK225E    ,OOP,202702,47500.0,            ,182027518,0000000.0000,0000000.0,306.3,0.344091,192027518,0000000.0000,0000000.0,18550.64,0.380027,65481.27,0.2463,2027-02-01
NK225E    ,OOP,202702,47750.0,            ,182027718,0000000.0000,0000000.0,317.38,0.342249,192027718,0000000.0000,0000000.0,18313.42,0.37778,65481.27,0.2463,2027-02-01
NK225E    ,OOP,202702,48000.0,            ,132028018,0000000.0000,0000000.0,328.83,0.341264,142028018,0000000.0000,0000000.0,18076.57,0.374506,65481.27,0.2463,2027-02-01
NK225E    ,OOP,202702,48250.0,            ,182028218,0000000.0000,0000000.0,340.73,0.339005,192028218,0000000.0000,0000000.0,17840.17,0.372153,65481.27,0.2463,2027-02-01
NK225E    ,OOP,202702,48500.0,            ,182028518,0000000.0000,0000000.0,353.03,0.336683,192028518,0000000.0000,0000000.0,17604.17,0.368813,65481.27,0.2463,2027-02-01
NK225E    ,OOP,202702,48750.0,            ,182028718,0000000.0000,0000000.0,365.71,0.335385,192028718,0000000.0000,0000000.0,17368.55,0.36636,65481.27,0.2463,2027-02-01
NK225E    ,OOP,202702,49000.0,            ,132029018,0000000.0000,0000000.0,378.81,0.33292,142029018,0000000.0000,0000000.0,17133.35,0.363851,65481.27,0.2463,2027-02-01
NK225E    ,OOP,202702,49250.0,            ,182029218,0000000.0000,0000000.0,392.47,0.331428,192029218,0000000.0000,0000000.0,16898.71,0.361286,65481.27,0.2463,2027-02-01
NK225E    ,OOP,202702,49500.0,            ,182029518,0000000.0000,0000000.0,406.59,0.329832,192029518,0000000.0000,0000000.0,16664.52,0.358668,65481.27,0.2463,2027-02-01
NK225E    ,OOP,202702,49750.0,            ,182029718,0000000.0000,0000000.0,421.15,0.328138,192029718,0000000.0000,0000000.0,16430.79,0.355999,65481.27,0.2463,2027-02-01
NK225E    ,OOP,202702,50000.0,            ,132020018,0000000.0000,0000000.0,436.17,0.32635,142020018,0000000.0000,0000000.0,16197.51,0.354099,65481.27,0.2463,2027-02-01
NK225E    ,OOP,202702,50250.0,            ,182020218,0000000.0000,0000000.0,451.9,0.324474,192020218,0000000.0000,0000000.0,15964.94,0.351316,65481.27,0.2463,2027-02-01
NK225E    ,OOP,202702,50500.0,            ,182020518,0000000.0000,0000000.0,468.14,0.322513,192020518,0000000.0000,0000000.0,15732.87,0.349272,65481.27,0.2463,2027-02-01
NK225E    ,OOP,202702,50750.0,            ,182020718,0000000.0000,0000000.0,484.89,0.320471,192020718,0000000.0000,0000000.0,15501.33,0.346384,65481.27,0.2463,2027-02-01
NK225E    ,OOP,202702,51000.0,            ,132021018,0000000.0000,0000000.0,502.18,0.318352,142021018,0000000.0000,0000000.0,15270.32,0.344206,65481.27,0.2463,2027-02-01
NK225E    ,OOP,202702,51250.0,            ,182021218,0000000.0000,0000000.0,520.32,0.31699,192021218,0000000.0000,0000000.0,15040.15,0.341957,65481.27,0.2463,2027-02-01
NK225E    ,OOP,202702,51500.0,            ,182021518,0000000.0000,0000000.0,539.04,0.315516,192021518,0000000.0000,0000000.0,14810.58,0.339638,65481.27,0.2463,2027-02-01
NK225E    ,OOP,202702,51750.0,            ,182021718,0000000.0000,0000000.0,558.36,0.313147,192021718,0000000.0000,0000000.0,14581.6,0.337252,65481.27,0.2463,2027-02-01
NK225E    ,OOP,202702,52000.0,            ,132022018,0000000.0000,0000000.0,578.31,0.311485,142022018,0000000.0000,0000000.0,14353.24,0.334802,65481.27,0.2463,2027-02-01
NK225E    ,OOP,202702,52250.0,            ,182022218,0000000.0000,0000000.0,599.25,0.309724,192022218,0000000.0000,0000000.0,14125.88,0.332968,65481.27,0.2463,2027-02-01
NK225E    ,OOP,202702,52500.0,            ,132022518,0000000.0000,0000000.0,620.87,0.308601,142022518,0000000.0000,0000000.0,13899.2,0.330382,65481.27,0.2463,2027-02-01
NK225E    ,OOP,202702,52750.0,            ,132022718,0000000.0000,0000000.0,643.18,0.306641,142022718,0000000.0000,0000000.0,13673.21,0.328388,65481.27,0.2463,2027-02-01
NK225E    ,OOP,202702,53000.0,            ,182023018,0000000.0000,0000000.0,666.21,0.304596,192023018,0000000.0000,0000000.0,13447.95,0.326312,65481.27,0.2463,2027-02-01
NK225E    ,OOP,202702,53250.0,            ,132023218,0000000.0000,0000000.0,690.43,0.303148,142023218,0000000.0000,0000000.0,13223.86,0.324156,65481.27,0.2463,2027-02-01
NK225E    ,OOP,202702,53500.0,            ,132023518,0000000.0000,0000000.0,715.42,0.30159,142023518,0000000.0000,0000000.0,13000.55,0.321923,65481.27,0.2463,2027-02-01
NK225E    ,OOP,202702,53750.0,            ,132023718,0000000.0000,0000000.0,741.21,0.299927,142023718,0000000.0000,0000000.0,12778.05,0.319615,65481.27,0.2463,2027-02-01
NK225E    ,OOP,202702,54000.0,            ,182024018,0000000.0000,0000000.0,767.84,0.298163,192024018,0000000.0000,0000000.0,12556.37,0.317823,65481.27,0.2463,2027-02-01
NK225E    ,OOP,202702,54250.0,            ,132024218,0000000.0000,0000000.0,795.84,0.296919,142024218,0000000.0000,0000000.0,12336.08,0.315937,65481.27,0.2463,2027-02-01
NK225E    ,OOP,202702,54500.0,            ,132024518,0000000.0000,0000000.0,824.75,0.294951,142024518,0000000.0000,0000000.0,12116.68,0.313961,65481.27,0.2463,2027-02-01
NK225E    ,OOP,202702,54750.0,            ,132024718,0000000.0000,0000000.0,854.57,0.293483,142024718,0000000.0000,0000000.0,11898.2,0.311897,65481.27,0.2463,2027-02-01
NK225E    ,OOP,202702,55000.0,            ,182025018,0000000.0000,0000000.0,885.35,0.291904,192025018,0000000.0000,0000000.0,11680.68,0.309749,65481.27,0.2463,2027-02-01
NK225E    ,OOP,202702,55250.0,            ,132025218,0000000.0000,0000000.0,917.72,0.290779,142025218,0000000.0000,0000000.0,11464.75,0.308051,65481.27,0.2463,2027-02-01
NK225E    ,OOP,202702,55500.0,            ,132025518,0000000.0000,0000000.0,951.13,0.288976,142025518,0000000.0000,0000000.0,11249.86,0.306252,65481.27,0.2463,2027-02-01
NK225E    ,OOP,202702,55750.0,            ,132025718,0000000.0000,0000000.0,985.59,0.287613,142025718,0000000.0000,0000000.0,11036.02,0.304357,65481.27,0.2463,2027-02-01
NK225E    ,OOP,202702,56000.0,            ,182026018,0000000.0000,0000000.0,1021.13,0.28613,192026018,0000000.0000,0000000.0,10823.26,0.302367,65481.27,0.2463,2027-02-01
NK225E    ,OOP,202702,56250.0,            ,132026218,0000000.0000,0000000.0,1058.51,0.284534,142026218,0000000.0000,0000000.0,10612.34,0.300779,65481.27,0.2463,2027-02-01
NK225E    ,OOP,202702,56500.0,            ,132026518,0000000.0000,0000000.0,1097.06,0.283333,142026518,0000000.0000,0000000.0,10402.59,0.299084,65481.27,0.2463,2027-02-01
NK225E    ,OOP,202702,56750.0,            ,132026718,0000000.0000,0000000.0,1136.82,0.28151,142026718,0000000.0000,0000000.0,10194.05,0.297286,65481.27,0.2463,2027-02-01
NK225E    ,OOP,202702,57000.0,            ,182027018,0000000.0000,0000000.0,1177.82,0.280069,192027018,0000000.0000,0000000.0,9986.75,0.295386,65481.27,0.2463,2027-02-01
NK225E    ,OOP,202702,57250.0,            ,132027218,0000000.0000,0000000.0,1220.89,0.278985,142027218,0000000.0000,0000000.0,9781.52,0.293847,65481.27,0.2463,2027-02-01
NK225E    ,OOP,202702,57500.0,            ,132027518,0000000.0000,0000000.0,1265.3,0.277767,142027518,0000000.0000,0000000.0,9577.62,0.292196,65481.27,0.2463,2027-02-01
NK225E    ,OOP,202702,57750.0,            ,132027718,0000000.0000,0000000.0,1311.06,0.276422,142027718,0000000.0000,0000000.0,9375.09,0.290436,65481.27,0.2463,2027-02-01
NK225E    ,OOP,202702,58000.0,            ,182028018,0000000.0000,0000000.0,1358.23,0.274952,192028018,0000000.0000,0000000.0,9173.96,0.289007,65481.27,0.2463,2027-02-01
NK225E    ,OOP,202702,58250.0,            ,132028218,0000000.0000,0000000.0,1407.74,0.273362,142028218,0000000.0000,0000000.0,8975.16,0.28746,65481.27,0.2463,2027-02-01
NK225E    ,OOP,202702,58500.0,            ,132028518,0000000.0000,0000000.0,1458.73,0.272088,142028518,0000000.0000,0000000.0,8777.86,0.285798,65481.27,0.2463,2027-02-01
NK225E    ,OOP,202702,58750.0,            ,132028718,0000000.0000,0000000.0,1511.25,0.271108,142028718,0000000.0000,0000000.0,8582.08,0.284439,65481.27,0.2463,2027-02-01
NK225E    ,OOP,202702,59000.0,            ,182029018,0000000.0000,0000000.0,1565.35,0.269573,192029018,0000000.0000,0000000.0,8387.88,0.282959,65481.27,0.2463,2027-02-01
NK225E    ,OOP,202702,59250.0,            ,132029218,0000000.0000,0000000.0,1622.02,0.268325,142029218,0000000.0000,0000000.0,8196.25,0.281359,65481.27,0.2463,2027-02-01
NK225E    ,OOP,202702,59500.0,            ,132029518,0000000.0000,0000000.0,1680.37,0.267349,142029518,0000000.0000,0000000.0,8006.3,0.280039,65481.27,0.2463,2027-02-01
NK225E    ,OOP,202702,59750.0,            ,132029718,0000000.0000,0000000.0,1740.41,0.266232,142029718,0000000.0000,0000000.0,7818.04,0.278593,65481.27,0.2463,2027-02-01
NK225E    ,OOP,202702,60000.0,            ,182020018,0000000.0000,0000000.0,1802.19,0.264979,192020018,0000000.0000,0000000.0,7631.51,0.277409,65481.27,0.2463,2027-02-01
NK225E    ,OOP,202702,60250.0,            ,132020218,0000000.0000,0000000.0,1866.81,0.263592,142020218,0000000.0000,0000000.0,7447.83,0.276095,65481.27,0.2463,2027-02-01
NK225E    ,OOP,202702,60500.0,            ,132020518,0000000.0000,0000000.0,1933.26,0.262831,142020518,0000000.0000,0000000.0,7265.99,0.274653,65481.27,0.2463,2027-02-01
NK225E    ,OOP,202702,60750.0,            ,132020718,0000000.0000,0000000.0,2001.58,0.261548,142020718,0000000.0000,0000000.0,7086.0,0.273455,65481.27,0.2463,2027-02-01
NK225E    ,OOP,202702,61000.0,            ,182021018,0000000.0000,0000000.0,2071.79,0.260499,192021018,0000000.0000,0000000.0,6907.91,0.272124,65481.27,0.2463,2027-02-01
NK225E    ,OOP,202702,61250.0,            ,132021218,0000000.0000,0000000.0,2137.85,0.258945,142021218,0000000.0000,0000000.0,6725.67,0.270304,65481.27,0.2463,2027-02-01
NK225E    ,OOP,202702,61500.0,            ,132021518,0000000.0000,0000000.0,2205.76,0.257261,142021518,0000000.0000,0000000.0,6545.29,0.268721,65481.27,0.2463,2027-02-01
NK225E    ,OOP,202702,61750.0,            ,132021718,0000000.0000,0000000.0,2275.51,0.255804,142021718,0000000.0000,0000000.0,6366.74,0.267012,65481.27,0.2463,2027-02-01
NK225E    ,OOP,202702,62000.0,            ,182022018,0000000.0000,0000000.0,2367.47,0.254562,192022018,0000000.0000,0000000.0,6198.7,0.265874,65481.27,0.2463,2027-02-01
NK225E    ,OOP,202702,62250.0,            ,132022218,0000000.0000,0000000.0,2453.77,0.25491,142022218,0000000.0000,0000000.0,6050.39,0.265976,65481.27,0.2463,2027-02-01
NK225E    ,OOP,202702,62500.0,            ,182022518,0000000.0000,0000000.0,2552.56,0.254055,192022518,0000000.0000,0000000.0,5887.24,0.264892,65481.27,0.2463,2027-02-01
NK225E    ,OOP,202702,62750.0,            ,182022718,0000000.0000,0000000.0,2643.24,0.25339,192022718,0000000.0000,0000000.0,5726.53,0.264007,65481.27,0.2463,2027-02-01
NK225E    ,OOP,202702,63000.0,            ,132143018,0000000.0000,0000000.0,2728.91,0.252236,142143018,0000000.0000,0000000.0,5568.26,0.262977,65481.27,0.2463,2027-02-01
NK225E    ,OOP,202702,63250.0,            ,182023218,0000000.0000,0000000.0,2824.6,0.251602,192023218,0000000.0000,0000000.0,5409.96,0.261807,65481.27,0.2463,2027-02-01
NK225E    ,OOP,202702,63500.0,            ,182023518,0000000.0000,0000000.0,2920.29,0.250814,192023518,0000000.0000,0000000.0,5249.14,0.260166,65481.27,0.2463,2027-02-01
NK225E    ,OOP,202702,63750.0,            ,182023718,0000000.0000,0000000.0,3016.0,0.249874,192023718,0000000.0000,0000000.0,5113.13,0.260354,65481.27,0.2463,2027-02-01
NK225E    ,OOP,202702,64000.0,            ,132144018,0000000.0000,0000000.0,3116.69,0.249109,142144018,0000000.0000,0000000.0,4949.72,0.258433,65481.27,0.2463,2027-02-01
NK225E    ,OOP,202702,64250.0,            ,182024218,0000000.0000,0000000.0,3207.39,0.248513,192024218,0000000.0000,0000000.0,4813.66,0.257992,65481.27,0.2463,2027-02-01
NK225E    ,OOP,202702,64500.0,            ,182024518,0000000.0000,0000000.0,3318.12,0.248084,192024518,0000000.0000,0000000.0,4670.12,0.257079,65481.27,0.2463,2027-02-01
NK225E    ,OOP,202702,64750.0,            ,182024718,0000000.0000,0000000.0,3433.85,0.246858,192024718,0000000.0000,0000000.0,4531.52,0.256339,65481.27,0.2463,2027-02-01
NK225E    ,OOP,202702,65000.0,            ,132145018,0000000.0000,0000000.0,3544.58,0.246119,142145018,0000000.0000,0000000.0,4392.9,0.25545,65481.27,0.2463,2027-02-01
NK225E    ,OOP,202702,65250.0,            ,182025218,0000000.0000,0000000.0,3650.31,0.24586,192025218,0000000.0000,0000000.0,4229.49,0.25473,65481.27,0.2463,2027-02-01
NK225E    ,OOP,202702,65500.0,            ,182025518,0000000.0000,0000000.0,3766.05,0.245126,192025518,0000000.0000,0000000.0,4112.98,0.250703,65481.27,0.2463,2027-02-01
NK225E    ,OOP,202702,65750.0,            ,182025718,0000000.0000,0000000.0,3891.79,0.244238,192025718,0000000.0000,0000000.0,3977.83,0.249693,65481.27,0.2463,2027-02-01
NK225E    ,OOP,202702,66000.0,            ,132146018,0000000.0000,0000000.0,4007.53,0.243509,142146018,0000000.0000,0000000.0,3843.58,0.249162,65481.27,0.2463,2027-02-01
NK225E    ,OOP,202702,66250.0,            ,182026218,0000000.0000,0000000.0,4133.28,0.242939,192026218,0000000.0000,0000000.0,3724.32,0.248792,65481.27,0.2463,2027-02-01
NK225E    ,OOP,202702,66500.0,            ,182026518,0000000.0000,0000000.0,4259.02,0.242527,192026518,0000000.0000,0000000.0,3605.08,0.247955,65481.27,0.2463,2027-02-01
NK225E    ,OOP,202702,66750.0,            ,182026718,0000000.0000,0000000.0,4389.78,0.242272,192026718,0000000.0000,0000000.0,3480.84,0.247594,65481.27,0.2463,2027-02-01
NK225E    ,OOP,202702,67000.0,            ,132147018,0000000.0000,0000000.0,4525.52,0.241548,142147018,0000000.0000,0000000.0,3371.57,0.247395,65481.27,0.2463,2027-02-01
NK225E    ,OOP,202702,67250.0,            ,132147218,0000000.0000,0000000.0,4666.25,0.240666,142147218,0000000.0000,0000000.0,3257.33,0.246415,65481.27,0.2463,2027-02-01
NK225E    ,OOP,202702,67500.0,            ,132147518,0000000.0000,0000000.0,4797.02,0.240574,142147518,0000000.0000,0000000.0,3143.1,0.245596,65481.27,0.2463,2027-02-01
NK225E    ,OOP,202702,67750.0,            ,132147718,0000000.0000,0000000.0,4942.76,0.240011,142147718,0000000.0000,0000000.0,3033.85,0.245886,65481.27,0.2463,2027-02-01
NK225E    ,OOP,202702,68000.0,            ,132148018,0000000.0000,0000000.0,5083.49,0.239292,142148018,0000000.0000,0000000.0,2934.59,0.244762,65481.27,0.2463,2027-02-01
NK225E    ,OOP,202702,68250.0,            ,132148218,0000000.0000,0000000.0,5234.22,0.239052,142148218,0000000.0000,0000000.0,2835.32,0.244436,65481.27,0.2463,2027-02-01
NK225E    ,OOP,202702,68500.0,            ,132148518,0000000.0000,0000000.0,5355.66,0.235138,142148518,0000000.0000,0000000.0,2736.07,0.243958,65481.27,0.2463,2027-02-01
NK225E    ,OOP,202702,68750.0,            ,132148718,0000000.0000,0000000.0,5506.17,0.23457,142148718,0000000.0000,0000000.0,2631.82,0.243971,65481.27,0.2463,2027-02-01
NK225E    ,OOP,202702,69000.0,            ,132149018,0000000.0000,0000000.0,5669.43,0.234493,142149018,0000000.0000,0000000.0,2547.53,0.243193,65481.27,0.2463,2027-02-01
NK225E    ,OOP,202702,69250.0,            ,132149218,0000000.0000,0000000.0,5812.2,0.233283,142149218,0000000.0000,0000000.0,2458.24,0.242909,65481.27,0.2463,2027-02-01
NK225E    ,OOP,202702,69500.0,            ,132149518,0000000.0000,0000000.0,5972.88,0.232892,142149518,0000000.0000,0000000.0,2368.96,0.242476,65481.27,0.2463,2027-02-01
NK225E    ,OOP,202702,69750.0,            ,132149718,0000000.0000,0000000.0,6136.11,0.232344,142149718,0000000.0000,0000000.0,2284.67,0.242223,65481.27,0.2463,2027-02-01
NK225E    ,OOP,202702,70000.0,            ,132140018,0000000.0000,0000000.0,6314.77,0.232641,142140018,0000000.0000,0000000.0,2200.39,0.242819,65481.27,0.2463,2027-02-01
NK225E    ,OOP,202702,70250.0,            ,132140218,0000000.0000,0000000.0,6477.98,0.232119,142140218,0000000.0000,0000000.0,2121.07,0.241607,65481.27,0.2463,2027-02-01
NK225E    ,OOP,202702,70500.0,            ,132140518,0000000.0000,0000000.0,6656.66,0.232122,142140518,0000000.0000,0000000.0,2041.76,0.242261,65481.27,0.2463,2027-02-01
NK225E    ,OOP,202702,70750.0,            ,132140718,0000000.0000,0000000.0,6830.17,0.231632,142140718,0000000.0000,0000000.0,1952.5,0.242103,65481.27,0.2463,2027-02-01
NK225E    ,OOP,202702,71000.0,            ,132141018,0000000.0000,0000000.0,7005.52,0.231335,142141018,0000000.0000,0000000.0,1888.13,0.241803,65481.27,0.2463,2027-02-01
NK225E    ,OOP,202702,71250.0,            ,132141218,0000000.0000,0000000.0,7182.8,0.230884,142141218,0000000.0000,0000000.0,1818.78,0.241357,65481.27,0.2463,2027-02-01
NK225E    ,OOP,202702,71500.0,            ,132141518,0000000.0000,0000000.0,7362.14,0.230636,142141518,0000000.0000,0000000.0,1749.44,0.24182,65481.27,0.2463,2027-02-01
NK225E    ,OOP,202702,71750.0,            ,132141718,0000000.0000,0000000.0,7543.48,0.230236,142141718,0000000.0000,0000000.0,1702.69,0.2418,65481.27,0.2463,2027-02-01
NK225E    ,OOP,202702,72000.0,            ,132142018,0000000.0000,0000000.0,7726.82,0.229682,142142018,0000000.0000,0000000.0,1637.73,0.241644,65481.27,0.2463,2027-02-01
NK225E    ,OOP,202702,72250.0,            ,132142218,0000000.0000,0000000.0,7912.98,0.229342,142142218,0000000.0000,0000000.0,1575.59,0.241347,65481.27,0.2463,2027-02-01
NK225E    ,OOP,202702,72500.0,            ,132142518,0000000.0000,0000000.0,8101.04,0.22923,142142518,0000000.0000,0000000.0,1515.35,0.241279,65481.27,0.2463,2027-02-01
NK225E    ,OOP,202702,72750.0,            ,132142718,0000000.0000,0000000.0,8290.94,0.228586,142142718,0000000.0000,0000000.0,1456.95,0.241074,65481.27,0.2463,2027-02-01
NK225E    ,OOP,202702,73000.0,            ,182143018,0000000.0000,0000000.0,8482.67,0.228565,192143018,0000000.0000,0000000.0,1400.38,0.24073,65481.27,0.2463,2027-02-01
NK225E    ,OOP,202702,73250.0,            ,132143218,0000000.0000,0000000.0,8676.96,0.228004,142143218,0000000.0000,0000000.0,1346.37,0.240631,65481.27,0.2463,2027-02-01
NK225E    ,OOP,202702,73500.0,            ,132143518,0000000.0000,0000000.0,8872.98,0.227689,142143518,0000000.0000,0000000.0,1294.09,0.240397,65481.27,0.2463,2027-02-01
NK225E    ,OOP,202702,73750.0,            ,132143718,0000000.0000,0000000.0,9070.68,0.227224,142143718,0000000.0000,0000000.0,1243.49,0.240424,65481.27,0.2463,2027-02-01
NK225E    ,OOP,202702,74000.0,            ,182144018,0000000.0000,0000000.0,9270.02,0.227025,192144018,0000000.0000,0000000.0,1194.53,0.240321,65481.27,0.2463,2027-02-01
NK225E    ,OOP,202702,74250.0,            ,132144218,0000000.0000,0000000.0,9471.66,0.226681,142144218,0000000.0000,0000000.0,1147.87,0.240086,65481.27,0.2463,2027-02-01
NK225E    ,OOP,202702,74500.0,            ,132144518,0000000.0000,0000000.0,9674.86,0.226626,142144518,0000000.0000,0000000.0,1102.77,0.240134,65481.27,0.2463,2027-02-01
NK225E    ,OOP,202702,74750.0,            ,132144718,0000000.0000,0000000.0,9879.55,0.225983,142144718,0000000.0000,0000000.0,1059.16,0.240056,65481.27,0.2463,2027-02-01
NK225E    ,OOP,202702,75000.0,            ,182145018,0000000.0000,0000000.0,10085.73,0.225635,192145018,0000000.0000,0000000.0,1017.03,0.240284,65481.27,0.2463,2027-02-01
NK225E    ,OOP,202702,75250.0,            ,132145218,0000000.0000,0000000.0,10293.94,0.225607,142145218,0000000.0000,0000000.0,976.94,0.239949,65481.27,0.2463,2027-02-01
NK225E    ,OOP,202702,75500.0,            ,132145518,0000000.0000,0000000.0,10503.53,0.224963,142145518,0000000.0000,0000000.0,938.23,0.239929,65481.27,0.2463,2027-02-01
NK225E    ,OOP,202702,75750.0,            ,132145718,0000000.0000,0000000.0,10714.46,0.224646,142145718,0000000.0000,0000000.0,900.86,0.240246,65481.27,0.2463,2027-02-01
NK225E    ,OOP,202702,76000.0,            ,182146018,0000000.0000,0000000.0,10926.68,0.224686,192146018,0000000.0000,0000000.0,864.79,0.23998,65481.27,0.2463,2027-02-01
NK225E    ,OOP,202702,76250.0,            ,132146218,0000000.0000,0000000.0,11141.37,0.224078,142146218,0000000.0000,0000000.0,831.17,0.24006,65481.27,0.2463,2027-02-01
NK225E    ,OOP,202702,77500.0,            ,182147518,0000000.0000,0000000.0,12231.85,0.223138,192147518,0000000.0000,0000000.0,680.15,0.240728,65481.27,0.2463,2027-02-01
NK225E    ,OOP,202702,80000.0,            ,182140018,0000000.0000,0000000.0,14485.31,0.218553,192140018,0000000.0000,0000000.0,450.61,0.242267,65481.27,0.2463,2027-02-01
NK225E    ,OOP,202702,82500.0,            ,182142518,0000000.0000,0000000.0,16820.76,0.212087,192142518,0000000.0000,0000000.0,303.06,0.245634,65481.27,0.2463,2027-02-01
NK225E    ,OOP,202702,85000.0,            ,132265018,0000000.0000,0000000.0,19204.01,0.196865,142265018,0000000.0000,0000000.0,203.3,0.24771,65481.27,0.2463,2027-02-01
NK225E    ,OOP,202702,87500.0,            ,132267518,0000000.0000,0000000.0,21622.16,0.01,142267518,0000000.0000,0000000.0,138.45,0.251399,65481.27,0.2463,2027-02-01
NK225E    ,OOP,202702,90000.0,            ,132260018,0000000.0000,0000000.0,24061.43,0.01,142260018,0000000.0000,0000000.0,94.72,0.25484,65481.27,0.2463,2027-02-01
NK225E    ,OOP,202702,95000.0,            ,182265018,0000000.0000,0000000.0,28977.32,0.01,192265018,0000000.0000,0000000.0,44.61,0.261801,65481.27,0.2463,2027-02-01
NK225E    ,OOP,202702,100000.0,            ,182260018,0000000.0000,0000000.0,33919.2,0.01,192260018,0000000.0000,0000000.0,20.47,0.267466,65481.27,0.2463,2027-02-01
NK225E    ,OOP,202703,20000.0,            ,132390018,0000000.0000,0000000.0,1.81,0.565061,142390018,0000000.0000,0000000.0,45552.21,0.833627,65481.27,0.2463,2027-03-01
NK225E    ,OOP,202703,21000.0,            ,132271018,0000000.0000,0000000.0,2.59,0.536362,142271018,0000000.0000,0000000.0,44561.18,0.80308,65481.27,0.2463,2027-03-01
NK225E    ,OOP,202703,22000.0,            ,132272018,0000000.0000,0000000.0,3.59,0.529062,142272018,0000000.0000,0000000.0,43570.38,0.773961,65481.27,0.2463,2027-03-01
NK225E    ,OOP,202703,23000.0,            ,132273018,0000000.0000,0000000.0,4.89,0.521684,142273018,0000000.0000,0000000.0,42579.86,0.746132,65481.27,0.2463,2027-03-01
NK225E    ,OOP,202703,24000.0,            ,132274018,0000000.0000,0000000.0,6.52,0.514228,142274018,0000000.0000,0000000.0,41589.68,0.719474,65481.27,0.2463,2027-03-01
NK225E    ,OOP,202703,25000.0,            ,182155018,0000000.0000,0000000.0,8.53,0.506698,192155018,0000000.0000,0000000.0,40599.89,0.693883,65481.27,0.2463,2027-03-01
NK225E    ,OOP,202703,26000.0,            ,132276018,0000000.0000,0000000.0,11.0,0.499083,142276018,0000000.0000,0000000.0,39610.55,0.669267,65481.27,0.2463,2027-03-01
NK225E    ,OOP,202703,27000.0,            ,182157018,0000000.0000,0000000.0,13.97,0.491425,192157018,0000000.0000,0000000.0,38621.72,0.645545,65481.27,0.2463,2027-03-01
NK225E    ,OOP,202703,28000.0,            ,132278018,0000000.0000,0000000.0,17.53,0.483693,142278018,0000000.0000,0000000.0,37633.46,0.626282,65481.27,0.2463,2027-03-01
NK225E    ,OOP,202703,29000.0,            ,132039018,0000000.0000,0000000.0,21.73,0.475904,142039018,0000000.0000,0000000.0,36645.86,0.603991,65481.27,0.2463,2027-03-01
NK225E    ,OOP,202703,30000.0,            ,132030018,0000000.0000,0000000.0,26.65,0.468065,142030018,0000000.0000,0000000.0,35658.98,0.585675,65481.27,0.2463,2027-03-01
NK225E    ,OOP,202703,31000.0,            ,132031018,0000000.0000,0000000.0,32.39,0.459525,142031018,0000000.0000,0000000.0,34672.9,0.564617,65481.27,0.2463,2027-03-01
NK225E    ,OOP,202703,32000.0,            ,132032018,0000000.0000,0000000.0,39.02,0.464153,142032018,0000000.0000,0000000.0,33687.73,0.547116,65481.27,0.2463,2027-03-01
NK225E    ,OOP,202703,33000.0,            ,132033018,0000000.0000,0000000.0,46.65,0.443529,142033018,0000000.0000,0000000.0,32703.55,0.532608,65481.27,0.2463,2027-03-01
NK225E    ,OOP,202703,34000.0,            ,132034018,0000000.0000,0000000.0,55.4,0.435957,142034018,0000000.0000,0000000.0,31720.49,0.515498,65481.27,0.2463,2027-03-01
NK225E    ,OOP,202703,35000.0,            ,132035018,0000000.0000,0000000.0,65.38,0.428071,142035018,0000000.0000,0000000.0,30738.66,0.501029,65481.27,0.2463,2027-03-01
NK225E    ,OOP,202703,36000.0,            ,132036018,0000000.0000,0000000.0,76.74,0.419877,142036018,0000000.0000,0000000.0,29758.22,0.484308,65481.27,0.2463,2027-03-01
NK225E    ,OOP,202703,37000.0,            ,132037018,0000000.0000,0000000.0,89.64,0.41208,142037018,0000000.0000,0000000.0,28779.32,0.471989,65481.27,0.2463,2027-03-01
NK225E    ,OOP,202703,38000.0,            ,132038018,0000000.0000,0000000.0,104.27,0.403843,142038018,0000000.0000,0000000.0,27802.14,0.457461,65481.27,0.2463,2027-03-01
NK225E    ,OOP,202703,39000.0,            ,182039018,0000000.0000,0000000.0,145.48,0.40827,192039018,0000000.0000,0000000.0,26851.54,0.453335,65481.27,0.2463,2027-03-01
NK225E    ,OOP,202703,40000.0,            ,182030018,0000000.0000,0000000.0,148.78,0.392294,192030018,0000000.0000,0000000.0,25863.04,0.435042,65481.27,0.2463,2027-03-01
NK225E    ,OOP,202703,40250.0,            ,132030218,0000000.0000,0000000.0,149.6,0.388455,142030218,0000000.0000,0000000.0,25615.9,0.431325,65481.27,0.2463,2027-03-01
NK225E    ,OOP,202703,40500.0,            ,132030518,0000000.0000,0000000.0,149.92,0.38419,142030518,0000000.0000,0000000.0,25368.27,0.426039,65481.27,0.2463,2027-03-01
NK225E    ,OOP,202703,40750.0,            ,132030718,0000000.0000,0000000.0,155.32,0.38211,142030718,0000000.0000,0000000.0,25125.71,0.423901,65481.27,0.2463,2027-03-01
NK225E    ,OOP,202703,41000.0,            ,182031018,0000000.0000,0000000.0,160.88,0.380388,192031018,0000000.0000,0000000.0,24883.33,0.420195,65481.27,0.2463,2027-03-01
NK225E    ,OOP,202703,41250.0,            ,132031218,0000000.0000,0000000.0,166.62,0.378185,142031218,0000000.0000,0000000.0,24641.12,0.417981,65481.27,0.2463,2027-03-01
NK225E    ,OOP,202703,41500.0,            ,132031518,0000000.0000,0000000.0,172.55,0.376324,142031518,0000000.0000,0000000.0,24399.09,0.414261,65481.27,0.2463,2027-03-01
NK225E    ,OOP,202703,41750.0,            ,132031718,0000000.0000,0000000.0,219.72,0.38902,142031718,0000000.0000,0000000.0,24198.31,0.422982,65481.27,0.2463,2027-03-01
NK225E    ,OOP,202703,42000.0,            ,182032018,0000000.0000,0000000.0,225.23,0.386314,192032018,0000000.0000,0000000.0,23955.87,0.419101,65481.27,0.2463,2027-03-01
NK225E    ,OOP,202703,42250.0,            ,132032218,0000000.0000,0000000.0,230.26,0.38358,142032218,0000000.0000,0000000.0,23712.95,0.416515,65481.27,0.2463,2027-03-01
NK225E    ,OOP,202703,42500.0,            ,132032518,0000000.0000,0000000.0,238.14,0.381761,142032518,0000000.0000,0000000.0,23472.87,0.413892,65481.27,0.2463,2027-03-01
NK225E    ,OOP,202703,42750.0,            ,132032718,0000000.0000,0000000.0,244.11,0.379261,142032718,0000000.0000,0000000.0,23230.89,0.409998,65481.27,0.2463,2027-03-01
NK225E    ,OOP,202703,43000.0,            ,182033018,0000000.0000,0000000.0,251.97,0.377321,192033018,0000000.0000,0000000.0,22990.8,0.407331,65481.27,0.2463,2027-03-01
NK225E    ,OOP,202703,43250.0,            ,132033218,0000000.0000,0000000.0,257.45,0.374445,142033218,0000000.0000,0000000.0,22748.32,0.404631,65481.27,0.2463,2027-03-01
NK225E    ,OOP,202703,43500.0,            ,132033518,0000000.0000,0000000.0,265.77,0.372402,142033518,0000000.0000,0000000.0,22508.7,0.401899,65481.27,0.2463,2027-03-01
NK225E    ,OOP,202703,43750.0,            ,132033718,0000000.0000,0000000.0,271.71,0.369747,142033718,0000000.0000,0000000.0,22266.68,0.397987,65481.27,0.2463,2027-03-01
NK225E    ,OOP,202703,44000.0,            ,182034018,0000000.0000,0000000.0,280.49,0.367875,192034018,0000000.0000,0000000.0,22027.51,0.396345,65481.27,0.2463,2027-03-01
NK225E    ,OOP,202703,44250.0,            ,132034218,0000000.0000,0000000.0,288.79,0.365673,142034218,0000000.0000,0000000.0,21787.86,0.393525,65481.27,0.2463,2027-03-01
NK225E    ,OOP,202703,44500.0,            ,132034518,0000000.0000,0000000.0,295.19,0.362904,142034518,0000000.0000,0000000.0,21546.31,0.389591,65481.27,0.2463,2027-03-01
NK225E    ,OOP,202703,44750.0,            ,132034718,0000000.0000,0000000.0,303.95,0.360868,142034718,0000000.0000,0000000.0,21307.11,0.386738,65481.27,0.2463,2027-03-01
NK225E    ,OOP,202703,45000.0,            ,182035018,0000000.0000,0000000.0,313.17,0.35902,192035018,0000000.0000,0000000.0,21068.39,0.384905,65481.27,0.2463,2027-03-01
NK225E    ,OOP,202703,45250.0,            ,132035218,0000000.0000,0000000.0,322.39,0.357103,142035218,0000000.0000,0000000.0,20829.65,0.381981,65481.27,0.2463,2027-03-01
NK225E    ,OOP,202703,45500.0,            ,132035518,0000000.0000,0000000.0,331.6,0.355123,142035518,0000000.0000,0000000.0,20590.91,0.379033,65481.27,0.2463,2027-03-01
NK225E    ,OOP,202703,45750.0,            ,132035718,0000000.0000,0000000.0,340.8,0.353082,142035718,0000000.0000,0000000.0,20352.16,0.376063,65481.27,0.2463,2027-03-01
NK225E    ,OOP,202703,46000.0,            ,182036018,0000000.0000,0000000.0,350.47,0.349867,192036018,0000000.0000,0000000.0,20113.88,0.374039,65481.27,0.2463,2027-03-01
NK225E    ,OOP,202703,46250.0,            ,132036218,0000000.0000,0000000.0,360.6,0.347739,142036218,0000000.0000,0000000.0,19876.06,0.371008,65481.27,0.2463,2027-03-01
NK225E    ,OOP,202703,46500.0,            ,132036518,0000000.0000,0000000.0,372.15,0.34662,142036518,0000000.0000,0000000.0,19639.65,0.368888,65481.27,0.2463,2027-03-01
NK225E    ,OOP,202703,46750.0,            ,132036718,0000000.0000,0000000.0,381.31,0.344361,142036718,0000000.0000,0000000.0,19400.86,0.3658,65481.27,0.2463,2027-03-01
NK225E    ,OOP,202703,47000.0,            ,182037018,0000000.0000,0000000.0,395.22,0.342054,192037018,0000000.0000,0000000.0,19166.82,0.36359,65481.27,0.2463,2027-03-01
NK225E    ,OOP,202703,47250.0,            ,132037218,0000000.0000,0000000.0,404.36,0.339701,142037218,0000000.0000,0000000.0,18928.01,0.36045,65481.27,0.2463,2027-03-01
NK225E    ,OOP,202703,47500.0,            ,132037518,0000000.0000,0000000.0,418.24,0.33827,142037518,0000000.0000,0000000.0,18693.94,0.358156,65481.27,0.2463,2027-03-01
NK225E    ,OOP,202703,47750.0,            ,132037718,0000000.0000,0000000.0,432.12,0.33675,142037718,0000000.0000,0000000.0,18459.87,0.356655,65481.27,0.2463,2027-03-01
NK225E    ,OOP,202703,48000.0,            ,182038018,0000000.0000,0000000.0,443.61,0.334229,192038018,0000000.0000,0000000.0,18223.4,0.353422,65481.27,0.2463,2027-03-01
NK225E    ,OOP,202703,48250.0,            ,132038218,0000000.0000,0000000.0,457.46,0.332568,142038218,0000000.0000,0000000.0,17989.3,0.350987,65481.27,0.2463,2027-03-01
NK225E    ,OOP,202703,48500.0,            ,132038518,0000000.0000,0000000.0,471.3,0.329954,142038518,0000000.0000,0000000.0,17755.19,0.349301,65481.27,0.2463,2027-03-01
NK225E    ,OOP,202703,48750.0,            ,132038718,0000000.0000,0000000.0,485.13,0.328163,142038718,0000000.0000,0000000.0,17521.06,0.346764,65481.27,0.2463,2027-03-01
NK225E    ,OOP,202703,49000.0,            ,132159018,0000000.0000,0000000.0,501.32,0.326302,142159018,0000000.0000,0000000.0,17289.31,0.344186,65481.27,0.2463,2027-03-01
NK225E    ,OOP,202703,49250.0,            ,132039218,0000000.0000,0000000.0,515.12,0.324372,142039218,0000000.0000,0000000.0,17055.16,0.341569,65481.27,0.2463,2027-03-01
NK225E    ,OOP,202703,49500.0,            ,132039518,0000000.0000,0000000.0,533.68,0.323175,142039518,0000000.0000,0000000.0,16825.76,0.339648,65481.27,0.2463,2027-03-01
NK225E    ,OOP,202703,49750.0,            ,132039718,0000000.0000,0000000.0,549.84,0.3211,142039718,0000000.0000,0000000.0,16593.97,0.337661,65481.27,0.2463,2027-03-01
NK225E    ,OOP,202703,50000.0,            ,132150018,0000000.0000,0000000.0,565.97,0.318966,142150018,0000000.0000,0000000.0,16362.15,0.335611,65481.27,0.2463,2027-03-01
NK225E    ,OOP,202703,50250.0,            ,182030218,0000000.0000,0000000.0,584.49,0.317519,192030218,0000000.0000,0000000.0,16132.72,0.3335,65481.27,0.2463,2027-03-01
NK225E    ,OOP,202703,50500.0,            ,182030518,0000000.0000,0000000.0,602.99,0.315258,192030518,0000000.0000,0000000.0,15903.26,0.33133,65481.27,0.2463,2027-03-01
NK225E    ,OOP,202703,50750.0,            ,182030718,0000000.0000,0000000.0,621.47,0.313655,192030718,0000000.0000,0000000.0,15673.79,0.329103,65481.27,0.2463,2027-03-01
NK225E    ,OOP,202703,51000.0,            ,132151018,0000000.0000,0000000.0,642.33,0.311971,142151018,0000000.0000,0000000.0,15446.7,0.326821,65481.27,0.2463,2027-03-01
NK225E    ,OOP,202703,51250.0,            ,182031218,0000000.0000,0000000.0,663.17,0.310209,192031218,0000000.0000,0000000.0,15219.59,0.325123,65481.27,0.2463,2027-03-01
NK225E    ,OOP,202703,51500.0,            ,182031518,0000000.0000,0000000.0,683.99,0.308372,192031518,0000000.0000,0000000.0,14992.45,0.322723,65481.27,0.2463,2027-03-01
NK225E    ,OOP,202703,51750.0,            ,182031718,0000000.0000,0000000.0,707.18,0.307112,192031718,0000000.0000,0000000.0,14767.7,0.320887,65481.27,0.2463,2027-03-01
NK225E    ,OOP,202703,52000.0,            ,132152018,0000000.0000,0000000.0,727.98,0.30512,142152018,0000000.0000,0000000.0,14540.54,0.318978,65481.27,0.2463,2027-03-01
NK225E    ,OOP,202703,52250.0,            ,182032218,0000000.0000,0000000.0,753.53,0.303683,192032218,0000000.0000,0000000.0,14318.15,0.317,65481.27,0.2463,2027-03-01
NK225E    ,OOP,202703,52500.0,            ,182032518,0000000.0000,0000000.0,776.67,0.301548,192032518,0000000.0000,0000000.0,14093.33,0.314955,65481.27,0.2463,2027-03-01
NK225E    ,OOP,202703,52750.0,            ,182032718,0000000.0000,0000000.0,802.2,0.299947,192032718,0000000.0000,0000000.0,13870.91,0.31341,65481.27,0.2463,2027-03-01
NK225E    ,OOP,202703,53000.0,            ,132153018,0000000.0000,0000000.0,827.7,0.298262,142153018,0000000.0000,0000000.0,13648.46,0.311226,65481.27,0.2463,2027-03-01
NK225E    ,OOP,202703,53250.0,            ,182033218,0000000.0000,0000000.0,855.57,0.297065,192033218,0000000.0000,0000000.0,13428.38,0.309526,65481.27,0.2463,2027-03-01
NK225E    ,OOP,202703,53500.0,            ,182033518,0000000.0000,0000000.0,883.43,0.295209,192033518,0000000.0000,0000000.0,13208.29,0.307745,65481.27,0.2463,2027-03-01
NK225E    ,OOP,202703,53750.0,            ,182033718,0000000.0000,0000000.0,913.67,0.293824,192033718,0000000.0000,0000000.0,12990.58,0.305888,65481.27,0.2463,2027-03-01
NK225E    ,OOP,202703,54000.0,            ,132154018,0000000.0000,0000000.0,943.9,0.292344,142154018,0000000.0000,0000000.0,12772.85,0.304469,65481.27,0.2463,2027-03-01
NK225E    ,OOP,202703,54250.0,            ,182034218,0000000.0000,0000000.0,971.68,0.290774,192034218,0000000.0000,0000000.0,12552.68,0.301952,65481.27,0.2463,2027-03-01
NK225E    ,OOP,202703,54500.0,            ,182034518,0000000.0000,0000000.0,1004.27,0.289116,192034518,0000000.0000,0000000.0,12337.31,0.300372,65481.27,0.2463,2027-03-01
NK225E    ,OOP,202703,54750.0,            ,182034718,0000000.0000,0000000.0,1023.33,0.286367,192034718,0000000.0000,0000000.0,12108.42,0.297248,65481.27,0.2463,2027-03-01
NK225E    ,OOP,202703,55000.0,            ,132155018,0000000.0000,0000000.0,1074.17,0.286531,142155018,0000000.0000,0000000.0,11911.32,0.297432,65481.27,0.2463,2027-03-01
NK225E    ,OOP,202703,55250.0,            ,182035218,0000000.0000,0000000.0,1111.51,0.28509,192035218,0000000.0000,0000000.0,11700.7,0.29606,65481.27,0.2463,2027-03-01
NK225E    ,OOP,202703,55500.0,            ,182035518,0000000.0000,0000000.0,1131.03,0.282136,192035518,0000000.0000,0000000.0,11472.27,0.292756,65481.27,0.2463,2027-03-01
NK225E    ,OOP,202703,55750.0,            ,182035718,0000000.0000,0000000.0,1169.35,0.281,192035718,0000000.0000,0000000.0,11262.64,0.291229,65481.27,0.2463,2027-03-01
NK225E    ,OOP,202703,56000.0,            ,132156018,0000000.0000,0000000.0,1208.96,0.279757,142156018,0000000.0000,0000000.0,11054.3,0.289612,65481.27,0.2463,2027-03-01
NK225E    ,OOP,202703,56250.0,            ,182036218,0000000.0000,0000000.0,1249.88,0.27841,192036218,0000000.0000,0000000.0,10847.26,0.288342,65481.27,0.2463,2027-03-01
NK225E    ,OOP,202703,56500.0,            ,182036518,0000000.0000,0000000.0,1292.14,0.276963,192036518,0000000.0000,0000000.0,10641.57,0.286544,65481.27,0.2463,2027-03-01
NK225E    ,OOP,202703,56750.0,            ,182036718,0000000.0000,0000000.0,1335.78,0.27585,192036718,0000000.0000,0000000.0,10437.27,0.285083,65481.27,0.2463,2027-03-01
NK225E    ,OOP,202703,57000.0,            ,132157018,0000000.0000,0000000.0,1380.85,0.274204,142157018,0000000.0000,0000000.0,10234.38,0.283941,65481.27,0.2463,2027-03-01
NK225E    ,OOP,202703,57250.0,            ,182037218,0000000.0000,0000000.0,1427.4,0.273297,192037218,0000000.0000,0000000.0,10032.98,0.282286,65481.27,0.2463,2027-03-01
NK225E    ,OOP,202703,57500.0,            ,182037518,0000000.0000,0000000.0,1475.45,0.271865,192037518,0000000.0000,0000000.0,9833.07,0.280941,65481.27,0.2463,2027-03-01
NK225E    ,OOP,202703,57750.0,            ,182037718,0000000.0000,0000000.0,1525.03,0.270734,192037718,0000000.0000,0000000.0,9634.71,0.279496,65481.27,0.2463,2027-03-01
NK225E    ,OOP,202703,58000.0,            ,132158018,0000000.0000,0000000.0,1576.21,0.269493,142158018,0000000.0000,0000000.0,9437.93,0.278341,65481.27,0.2463,2027-03-01
NK225E    ,OOP,202703,58250.0,            ,182038218,0000000.0000,0000000.0,1629.01,0.268144,192038218,0000000.0000,0000000.0,9242.78,0.277078,65481.27,0.2463,2027-03-01
NK225E    ,OOP,202703,58500.0,            ,182038518,0000000.0000,0000000.0,1683.47,0.267072,192038518,0000000.0000,0000000.0,9049.29,0.27571,65481.27,0.2463,2027-03-01
NK225E    ,OOP,202703,58750.0,            ,182038718,0000000.0000,0000000.0,1739.64,0.265887,192038718,0000000.0000,0000000.0,8857.51,0.274241,65481.27,0.2463,2027-03-01
NK225E    ,OOP,202703,59000.0,            ,182159018,0000000.0000,0000000.0,1797.57,0.26496,192159018,0000000.0000,0000000.0,8667.49,0.273037,65481.27,0.2463,2027-03-01
NK225E    ,OOP,202703,59250.0,            ,182039218,0000000.0000,0000000.0,1857.27,0.263552,192039218,0000000.0000,0000000.0,8479.24,0.271725,65481.27,0.2463,2027-03-01
NK225E    ,OOP,202703,59500.0,            ,182039518,0000000.0000,0000000.0,1918.82,0.262754,192039518,0000000.0000,0000000.0,8292.83,0.270663,65481.27,0.2463,2027-03-01
NK225E    ,OOP,202703,59750.0,            ,182039718,0000000.0000,0000000.0,1982.22,0.261481,192039718,0000000.0000,0000000.0,8108.28,0.269488,65481.27,0.2463,2027-03-01
NK225E    ,OOP,202703,60000.0,            ,182150018,0000000.0000,0000000.0,2047.53,0.260446,192150018,0000000.0000,0000000.0,7925.64,0.268203,65481.27,0.2463,2027-03-01
NK225E    ,OOP,202703,60250.0,            ,132150218,0000000.0000,0000000.0,2114.8,0.259294,142150218,0000000.0000,0000000.0,7744.96,0.267151,65481.27,0.2463,2027-03-01
NK225E    ,OOP,202703,60500.0,            ,132150518,0000000.0000,0000000.0,2184.05,0.258367,142150518,0000000.0000,0000000.0,7566.26,0.265985,65481.27,0.2463,2027-03-01
NK225E    ,OOP,202703,60750.0,            ,132150718,0000000.0000,0000000.0,2255.35,0.257319,142150718,0000000.0000,0000000.0,7389.6,0.264707,65481.27,0.2463,2027-03-01
NK225E    ,OOP,202703,61000.0,            ,182151018,0000000.0000,0000000.0,2328.7,0.256483,192151018,0000000.0000,0000000.0,7215.0,0.263648,65481.27,0.2463,2027-03-01
NK225E    ,OOP,202703,61250.0,            ,132151218,0000000.0000,0000000.0,2404.16,0.255524,142151218,0000000.0000,0000000.0,7042.51,0.262798,65481.27,0.2463,2027-03-01
NK225E    ,OOP,202703,61500.0,            ,132151518,0000000.0000,0000000.0,2481.75,0.254445,142151518,0000000.0000,0000000.0,6872.15,0.261507,65481.27,0.2463,2027-03-01
NK225E    ,OOP,202703,61750.0,            ,132151718,0000000.0000,0000000.0,2561.53,0.253566,142151718,0000000.0000,0000000.0,6703.98,0.260741,65481.27,0.2463,2027-03-01
NK225E    ,OOP,202703,62000.0,            ,182152018,0000000.0000,0000000.0,2680.88,0.254775,192152018,0000000.0000,0000000.0,6575.37,0.262056,65481.27,0.2463,2027-03-01
NK225E    ,OOP,202703,62250.0,            ,132152218,0000000.0000,0000000.0,2779.24,0.253942,142152218,0000000.0000,0000000.0,6412.84,0.261026,65481.27,0.2463,2027-03-01
NK225E    ,OOP,202703,62500.0,            ,182152518,0000000.0000,0000000.0,2864.28,0.253296,192152518,0000000.0000,0000000.0,6255.19,0.260188,65481.27,0.2463,2027-03-01
NK225E    ,OOP,202703,62750.0,            ,132152718,0000000.0000,0000000.0,2958.6,0.252215,142152718,0000000.0000,0000000.0,6092.6,0.259229,65481.27,0.2463,2027-03-01
NK225E    ,OOP,202703,63000.0,            ,182153018,0000000.0000,0000000.0,3059.23,0.251318,192153018,0000000.0000,0000000.0,5934.92,0.25815,65481.27,0.2463,2027-03-01
NK225E    ,OOP,202703,63250.0,            ,132153218,0000000.0000,0000000.0,3144.85,0.250902,142153218,0000000.0000,0000000.0,5787.14,0.257558,65481.27,0.2463,2027-03-01
NK225E    ,OOP,202703,63500.0,            ,132153518,0000000.0000,0000000.0,3245.49,0.249755,142153518,0000000.0000,0000000.0,5629.36,0.25624,65481.27,0.2463,2027-03-01
NK225E    ,OOP,202703,63750.0,            ,132153718,0000000.0000,0000000.0,3341.14,0.249082,142153718,0000000.0000,0000000.0,5479.06,0.255402,65481.27,0.2463,2027-03-01
NK225E    ,OOP,202703,64000.0,            ,182154018,0000000.0000,0000000.0,3446.78,0.248578,192154018,0000000.0000,0000000.0,5328.69,0.254442,65481.27,0.2463,2027-03-01
NK225E    ,OOP,202703,64250.0,            ,132154218,0000000.0000,0000000.0,3552.43,0.247944,142154218,0000000.0000,0000000.0,5190.76,0.253948,65481.27,0.2463,2027-03-01
NK225E    ,OOP,202703,64500.0,            ,132154518,0000000.0000,0000000.0,3658.1,0.246889,142154518,0000000.0000,0000000.0,5047.82,0.253035,65481.27,0.2463,2027-03-01
NK225E    ,OOP,202703,64750.0,            ,132154718,0000000.0000,0000000.0,3763.75,0.246584,142154718,0000000.0000,0000000.0,4904.85,0.251999,65481.27,0.2463,2027-03-01
NK225E    ,OOP,202703,65000.0,            ,182275018,0000000.0000,0000000.0,3874.42,0.245567,192275018,0000000.0000,0000000.0,4769.34,0.251421,65481.27,0.2463,2027-03-01
NK225E    ,OOP,202703,65250.0,            ,132155218,0000000.0000,0000000.0,3990.1,0.245002,142155218,0000000.0000,0000000.0,4633.81,0.250717,65481.27,0.2463,2027-03-01
NK225E    ,OOP,202703,65500.0,            ,132155518,0000000.0000,0000000.0,4110.78,0.244597,142155518,0000000.0000,0000000.0,4508.71,0.250464,65481.27,0.2463,2027-03-01
NK225E    ,OOP,202703,65750.0,            ,132155718,0000000.0000,0000000.0,4226.45,0.243774,142155718,0000000.0000,0000000.0,4388.3,0.249509,65481.27,0.2463,2027-03-01
NK225E    ,OOP,202703,66000.0,            ,182156018,0000000.0000,0000000.0,4352.12,0.243397,192156018,0000000.0000,0000000.0,4253.19,0.248716,65481.27,0.2463,2027-03-01
NK225E    ,OOP,202703,66250.0,            ,132156218,0000000.0000,0000000.0,4467.81,0.24289,142156218,0000000.0000,0000000.0,4128.88,0.24837,65481.27,0.2463,2027-03-01
NK225E    ,OOP,202703,66500.0,            ,132156518,0000000.0000,0000000.0,4603.48,0.242255,142156518,0000000.0000,0000000.0,4009.57,0.247612,65481.27,0.2463,2027-03-01
NK225E    ,OOP,202703,66750.0,            ,132156718,0000000.0000,0000000.0,4734.17,0.241776,142156718,0000000.0000,0000000.0,3890.25,0.2473,65481.27,0.2463,2027-03-01
NK225E    ,OOP,202703,67000.0,            ,132277018,0000000.0000,0000000.0,4859.86,0.241454,142277018,0000000.0000,0000000.0,3770.94,0.246862,65481.27,0.2463,2027-03-01
NK225E    ,OOP,202703,67250.0,            ,132157218,0000000.0000,0000000.0,5000.53,0.240717,142157218,0000000.0000,0000000.0,3656.62,0.246297,65481.27,0.2463,2027-03-01
NK225E    ,OOP,202703,67500.0,            ,182157518,0000000.0000,0000000.0,5136.21,0.240711,192157518,0000000.0000,0000000.0,3552.31,0.245607,65481.27,0.2463,2027-03-01
NK225E    ,OOP,202703,67750.0,            ,132157718,0000000.0000,0000000.0,5276.89,0.24029,142157718,0000000.0000,0000000.0,3442.99,0.245077,65481.27,0.2463,2027-03-01
NK225E    ,OOP,202703,68000.0,            ,182158018,0000000.0000,0000000.0,5417.55,0.239741,192158018,0000000.0000,0000000.0,3338.66,0.244709,65481.27,0.2463,2027-03-01
NK225E    ,OOP,202703,68250.0,            ,132158218,0000000.0000,0000000.0,5563.24,0.239352,142158218,0000000.0000,0000000.0,3229.35,0.244504,65481.27,0.2463,2027-03-01
NK225E    ,OOP,202703,68500.0,            ,132158518,0000000.0000,0000000.0,5703.93,0.238835,142158518,0000000.0000,0000000.0,3125.04,0.243886,65481.27,0.2463,2027-03-01
NK225E    ,OOP,202703,68750.0,            ,132158718,0000000.0000,0000000.0,5838.82,0.237027,142158718,0000000.0000,0000000.0,3035.69,0.243433,65481.27,0.2463,2027-03-01
NK225E    ,OOP,202703,69000.0,            ,132279018,0000000.0000,0000000.0,5991.84,0.236831,142279018,0000000.0000,0000000.0,2936.36,0.243437,65481.27,0.2463,2027-03-01
NK225E    ,OOP,202703,69250.0,            ,132159218,0000000.0000,0000000.0,6144.83,0.236216,142159218,0000000.0000,0000000.0,2837.05,0.243028,65481.27,0.2463,2027-03-01
NK225E    ,OOP,202703,69500.0,            ,132159518,0000000.0000,0000000.0,6302.91,0.236061,142159518,0000000.0000,0000000.0,2747.7,0.242495,65481.27,0.2463,2027-03-01
NK225E    ,OOP,202703,69750.0,            ,132159718,0000000.0000,0000000.0,6461.0,0.235485,142159718,0000000.0000,0000000.0,2663.34,0.242133,65481.27,0.2463,2027-03-01
NK225E    ,OOP,202703,70000.0,            ,132270018,0000000.0000,0000000.0,6624.2,0.235377,142270018,0000000.0000,0000000.0,2574.0,0.241946,65481.27,0.2463,2027-03-01
NK225E    ,OOP,202703,70250.0,            ,182150218,0000000.0000,0000000.0,6797.64,0.235448,192150218,0000000.0000,0000000.0,2489.65,0.241938,65481.27,0.2463,2027-03-01
NK225E    ,OOP,202703,70500.0,            ,182150518,0000000.0000,0000000.0,6960.81,0.234792,192150518,0000000.0000,0000000.0,2410.27,0.241511,65481.27,0.2463,2027-03-01
NK225E    ,OOP,202703,70750.0,            ,182150718,0000000.0000,0000000.0,7123.98,0.234311,192150718,0000000.0000,0000000.0,2330.9,0.241265,65481.27,0.2463,2027-03-01
NK225E    ,OOP,202703,71000.0,            ,182271018,0000000.0000,0000000.0,7292.27,0.233702,192271018,0000000.0000,0000000.0,2251.54,0.240899,65481.27,0.2463,2027-03-01
NK225E    ,OOP,202703,71250.0,            ,182151218,0000000.0000,0000000.0,7408.05,0.229836,192151218,0000000.0000,0000000.0,2172.16,0.236996,65481.27,0.2463,2027-03-01
NK225E    ,OOP,202703,71500.0,            ,182151518,0000000.0000,0000000.0,7583.44,0.229562,192151518,0000000.0000,0000000.0,2102.76,0.236665,65481.27,0.2463,2027-03-01
NK225E    ,OOP,202703,71750.0,            ,182151718,0000000.0000,0000000.0,7760.99,0.229483,192151718,0000000.0000,0000000.0,2028.37,0.236529,65481.27,0.2463,2027-03-01
NK225E    ,OOP,202703,72000.0,            ,182272018,0000000.0000,0000000.0,7940.7,0.22896,192272018,0000000.0000,0000000.0,1917.12,0.236274,65481.27,0.2463,2027-03-01
NK225E    ,OOP,202703,72250.0,            ,182152218,0000000.0000,0000000.0,8122.5,0.228633,192152218,0000000.0000,0000000.0,1850.96,0.236223,65481.27,0.2463,2027-03-01
NK225E    ,OOP,202703,72500.0,            ,132152518,0000000.0000,0000000.0,8306.37,0.228511,142152518,0000000.0000,0000000.0,1786.89,0.236057,65481.27,0.2463,2027-03-01
NK225E    ,OOP,202703,72750.0,            ,182152718,0000000.0000,0000000.0,8492.26,0.22827,192152718,0000000.0000,0000000.0,1724.82,0.235773,65481.27,0.2463,2027-03-01
NK225E    ,OOP,202703,73000.0,            ,182273018,0000000.0000,0000000.0,8680.12,0.227905,192273018,0000000.0000,0000000.0,1664.73,0.235705,65481.27,0.2463,2027-03-01
NK225E    ,OOP,202703,73250.0,            ,182153218,0000000.0000,0000000.0,8869.92,0.22776,192153218,0000000.0000,0000000.0,1606.58,0.235524,65481.27,0.2463,2027-03-01
NK225E    ,OOP,202703,73500.0,            ,182153518,0000000.0000,0000000.0,9061.63,0.227494,192153518,0000000.0000,0000000.0,1550.34,0.23557,65481.27,0.2463,2027-03-01
NK225E    ,OOP,202703,73750.0,            ,182153718,0000000.0000,0000000.0,9255.18,0.227462,192153718,0000000.0000,0000000.0,1495.94,0.235507,65481.27,0.2463,2027-03-01
NK225E    ,OOP,202703,74000.0,            ,182274018,0000000.0000,0000000.0,9450.54,0.227314,192274018,0000000.0000,0000000.0,1443.35,0.235333,65481.27,0.2463,2027-03-01
NK225E    ,OOP,202703,74250.0,            ,182154218,0000000.0000,0000000.0,9647.67,0.227049,192154218,0000000.0000,0000000.0,1392.52,0.235402,65481.27,0.2463,2027-03-01
NK225E    ,OOP,202703,74500.0,            ,182154518,0000000.0000,0000000.0,9846.52,0.227034,192154518,0000000.0000,0000000.0,1343.42,0.235365,65481.27,0.2463,2027-03-01
NK225E    ,OOP,202703,74750.0,            ,182154718,0000000.0000,0000000.0,10077.11,0.229172,192154718,0000000.0000,0000000.0,1326.06,0.237433,65481.27,0.2463,2027-03-01
NK225E    ,OOP,202703,75000.0,            ,132275018,0000000.0000,0000000.0,10276.46,0.228968,142275018,0000000.0000,0000000.0,1277.46,0.23721,65481.27,0.2463,2027-03-01
NK225E    ,OOP,202703,75250.0,            ,182155218,0000000.0000,0000000.0,10475.8,0.228258,192155218,0000000.0000,0000000.0,1228.85,0.236874,65481.27,0.2463,2027-03-01
NK225E    ,OOP,202703,75500.0,            ,182155518,0000000.0000,0000000.0,10680.4,0.228206,192155518,0000000.0000,0000000.0,1185.5,0.237194,65481.27,0.2463,2027-03-01
NK225E    ,OOP,202703,75750.0,            ,182155718,0000000.0000,0000000.0,10885.0,0.228043,192155718,0000000.0000,0000000.0,1142.14,0.237027,65481.27,0.2463,2027-03-01
NK225E    ,OOP,202703,76000.0,            ,182276018,0000000.0000,0000000.0,11089.59,0.227766,192276018,0000000.0000,0000000.0,1098.78,0.236751,65481.27,0.2463,2027-03-01
NK225E    ,OOP,202703,76250.0,            ,182156218,0000000.0000,0000000.0,11299.46,0.22737,192156218,0000000.0000,0000000.0,1060.7,0.236768,65481.27,0.2463,2027-03-01
NK225E    ,OOP,202703,77500.0,            ,132157518,0000000.0000,0000000.0,12354.13,0.226241,142157518,0000000.0000,0000000.0,875.61,0.236141,65481.27,0.2463,2027-03-01
NK225E    ,OOP,202703,80000.0,            ,182270018,0000000.0000,0000000.0,14551.22,0.223223,192270018,0000000.0000,0000000.0,593.18,0.23619,65481.27,0.2463,2027-03-01
NK225E    ,OOP,202703,82500.0,            ,132272518,0000000.0000,0000000.0,16837.52,0.220251,142272518,0000000.0000,0000000.0,399.96,0.237088,65481.27,0.2463,2027-03-01
NK225E    ,OOP,202703,85000.0,            ,132395018,0000000.0000,0000000.0,19183.6,0.213984,142395018,0000000.0000,0000000.0,266.52,0.237037,65481.27,0.2463,2027-03-01
NK225E    ,OOP,202703,87500.0,            ,132277518,0000000.0000,0000000.0,21620.2,0.220626,142277518,0000000.0000,0000000.0,223.61,0.248684,65481.27,0.2463,2027-03-01
NK225E    ,OOP,202703,90000.0,            ,182390018,0000000.0000,0000000.0,24036.5,0.211716,192390018,0000000.0000,0000000.0,160.39,0.252033,65481.27,0.2463,2027-03-01
NK225E    ,OOP,202703,95000.0,            ,182395018,0000000.0000,0000000.0,28910.51,0.01,192395018,0000000.0000,0000000.0,75.36,0.254998,65481.27,0.2463,2027-03-01
NK225E    ,OOP,202703,100000.0,            ,132510018,0000000.0000,0000000.0,33836.54,0.01,142510018,0000000.0000,0000000.0,42.36,0.263772,65481.27,0.2463,2027-03-01
NK225E    ,OOP,202704,41000.0,            ,132041018,0000000.0000,0000000.0,223.33,0.369803,142041018,0000000.0000,0000000.0,24621.57,0.4146,65481.27,0.2463,2027-04-01
NK225E    ,OOP,202704,42000.0,            ,132042018,0000000.0000,0000000.0,251.05,0.361472,142042018,0000000.0000,0000000.0,23658.87,0.402361,65481.27,0.2463,2027-04-01
NK225E    ,OOP,202704,43000.0,            ,132043018,0000000.0000,0000000.0,282.59,0.353487,142043018,0000000.0000,0000000.0,22699.99,0.390951,65481.27,0.2463,2027-04-01
NK225E    ,OOP,202704,44000.0,            ,132044018,0000000.0000,0000000.0,318.53,0.346392,142044018,0000000.0000,0000000.0,21745.52,0.380194,65481.27,0.2463,2027-04-01
NK225E    ,OOP,202704,45000.0,            ,132045018,0000000.0000,0000000.0,359.52,0.338815,142045018,0000000.0000,0000000.0,20796.1,0.369936,65481.27,0.2463,2027-04-01
NK225E    ,OOP,202704,46000.0,            ,132046018,0000000.0000,0000000.0,406.34,0.331381,142046018,0000000.0000,0000000.0,19852.5,0.360044,65481.27,0.2463,2027-04-01
NK225E    ,OOP,202704,47000.0,            ,132047018,0000000.0000,0000000.0,459.85,0.323975,142047018,0000000.0000,0000000.0,18915.59,0.350404,65481.27,0.2463,2027-04-01
NK225E    ,OOP,202704,48000.0,            ,132048018,0000000.0000,0000000.0,521.02,0.3173,142048018,0000000.0000,0000000.0,17986.35,0.341615,65481.27,0.2463,2027-04-01
NK225E    ,OOP,202704,49000.0,            ,132049018,0000000.0000,0000000.0,590.97,0.311081,142049018,0000000.0000,0000000.0,17065.88,0.333445,65481.27,0.2463,2027-04-01
NK225E    ,OOP,202704,50000.0,            ,132040018,0000000.0000,0000000.0,670.95,0.305102,142040018,0000000.0000,0000000.0,16155.45,0.3251,65481.27,0.2463,2027-04-01
NK225E    ,OOP,202704,51000.0,            ,182041018,0000000.0000,0000000.0,762.33,0.299201,192041018,0000000.0000,0000000.0,15256.41,0.317653,65481.27,0.2463,2027-04-01
NK225E    ,OOP,202704,52000.0,            ,182042018,0000000.0000,0000000.0,866.66,0.293252,192042018,0000000.0000,0000000.0,14370.32,0.310842,65481.27,0.2463,2027-04-01
NK225E    ,OOP,202704,52250.0,            ,132042218,0000000.0000,0000000.0,895.18,0.292114,142042218,0000000.0000,0000000.0,14151.25,0.309102,65481.27,0.2463,2027-04-01
NK225E    ,OOP,202704,52500.0,            ,132042518,0000000.0000,0000000.0,924.51,0.29036,142042518,0000000.0000,0000000.0,13932.97,0.307296,65481.27,0.2463,2027-04-01
NK225E    ,OOP,202704,52750.0,            ,132042718,0000000.0000,0000000.0,954.64,0.289054,142042718,0000000.0000,0000000.0,13715.5,0.305426,65481.27,0.2463,2027-04-01
NK225E    ,OOP,202704,53000.0,            ,182043018,0000000.0000,0000000.0,985.62,0.287663,192043018,0000000.0000,0000000.0,13498.87,0.303971,65481.27,0.2463,2027-04-01
NK225E    ,OOP,202704,53250.0,            ,132043218,0000000.0000,0000000.0,1018.1,0.286684,142043218,0000000.0000,0000000.0,13283.75,0.302439,65481.27,0.2463,2027-04-01
NK225E    ,OOP,202704,53500.0,            ,132043518,0000000.0000,0000000.0,1051.48,0.285124,142043518,0000000.0000,0000000.0,13069.53,0.300832,65481.27,0.2463,2027-04-01
NK225E    ,OOP,202704,53750.0,            ,132043718,0001050.0000,0000000.0,1019.99,0.283961,142043718,0000000.0000,0000000.0,12856.22,0.299154,65481.27,0.2463,2027-04-01
NK225E    ,OOP,202704,54000.0,            ,182044018,0000000.0000,0000000.0,1121.02,0.282708,192044018,0000000.0000,0000000.0,12643.86,0.297405,65481.27,0.2463,2027-04-01
NK225E    ,OOP,202704,54250.0,            ,132044218,0000000.0000,0000000.0,1157.93,0.281366,142044218,0000000.0000,0000000.0,12433.16,0.296025,65481.27,0.2463,2027-04-01
NK225E    ,OOP,202704,54500.0,            ,132044518,0000000.0000,0000000.0,1195.85,0.280386,142044518,0000000.0000,0000000.0,12223.48,0.294563,65481.27,0.2463,2027-04-01
NK225E    ,OOP,202704,54750.0,            ,132044718,0000000.0000,0000000.0,1234.8,0.27887,142044718,0000000.0000,0000000.0,12014.83,0.293023,65481.27,0.2463,2027-04-01
NK225E    ,OOP,202704,55000.0,            ,182045018,0000000.0000,0000000.0,1274.81,0.277705,192045018,0000000.0000,0000000.0,11807.23,0.291406,65481.27,0.2463,2027-04-01
NK225E    ,OOP,202704,55250.0,            ,132045218,0000000.0000,0000000.0,1316.65,0.276447,142045218,0000000.0000,0000000.0,11601.47,0.290123,65481.27,0.2463,2027-04-01
NK225E    ,OOP,202704,55500.0,            ,132045518,0000000.0000,0000000.0,1359.63,0.275514,142045518,0000000.0000,0000000.0,11396.84,0.288754,65481.27,0.2463,2027-04-01
NK225E    ,OOP,202704,55750.0,            ,132045718,0000000.0000,0000000.0,1403.75,0.274075,142045718,0000000.0000,0000000.0,11193.36,0.287303,65481.27,0.2463,2027-04-01
NK225E    ,OOP,202704,56000.0,            ,182046018,0000000.0000,0000000.0,1449.05,0.272951,192046018,0000000.0000,0000000.0,10991.06,0.28577,65481.27,0.2463,2027-04-01
NK225E    ,OOP,202704,56250.0,            ,132046218,0000000.0000,0000000.0,1496.37,0.272125,142046218,0000000.0000,0000000.0,10790.77,0.284541,65481.27,0.2463,2027-04-01
NK225E    ,OOP,202704,56500.0,            ,132046518,0000000.0000,0000000.0,1544.93,0.270808,142046518,0000000.0000,0000000.0,10591.73,0.283223,65481.27,0.2463,2027-04-01
NK225E    ,OOP,202704,56750.0,            ,132046718,0000000.0000,0000000.0,1594.77,0.269782,142046718,0000000.0000,0000000.0,10393.97,0.28219,65481.27,0.2463,2027-04-01
NK225E    ,OOP,202704,57000.0,            ,182047018,0000000.0000,0000000.0,1645.9,0.268658,192047018,0000000.0000,0000000.0,10197.49,0.280697,65481.27,0.2463,2027-04-01
NK225E    ,OOP,202704,57250.0,            ,132047218,0000000.0000,0000000.0,1699.22,0.267438,142047218,0000000.0000,0000000.0,10003.2,0.279481,65481.27,0.2463,2027-04-01
NK225E    ,OOP,202704,57500.0,            ,132047518,0000000.0000,0000000.0,1753.92,0.266486,142047518,0000000.0000,0000000.0,9810.3,0.278176,65481.27,0.2463,2027-04-01
NK225E    ,OOP,202704,57750.0,            ,132047718,0000000.0000,0000000.0,1810.01,0.265433,142047718,0000000.0000,0000000.0,9618.79,0.277131,65481.27,0.2463,2027-04-01
NK225E    ,OOP,202704,58000.0,            ,182048018,0000000.0000,0000000.0,1867.53,0.264281,192048018,0000000.0000,0000000.0,9428.71,0.275991,65481.27,0.2463,2027-04-01
NK225E    ,OOP,202704,58250.0,            ,132048218,0000000.0000,0000000.0,1927.41,0.263378,142048218,0000000.0000,0000000.0,9240.98,0.274757,65481.27,0.2463,2027-04-01
NK225E    ,OOP,202704,58500.0,            ,132048518,0000000.0000,0000000.0,1988.79,0.262372,142048518,0000000.0000,0000000.0,9054.76,0.273433,65481.27,0.2463,2027-04-01
NK225E    ,OOP,202704,58750.0,            ,132048718,0000000.0000,0000000.0,2051.68,0.2616,142048718,0000000.0000,0000000.0,8870.05,0.27235,65481.27,0.2463,2027-04-01
NK225E    ,OOP,202704,59000.0,            ,182049018,0000000.0000,0000000.0,2116.14,0.26039,192049018,0000000.0000,0000000.0,8686.9,0.271171,65481.27,0.2463,2027-04-01
NK225E    ,OOP,202704,59250.0,            ,132049218,0000000.0000,0000000.0,2183.11,0.259736,142049218,0000000.0000,0000000.0,8506.27,0.270221,65481.27,0.2463,2027-04-01
NK225E    ,OOP,202704,59500.0,            ,132049518,0000000.0000,0000000.0,2251.69,0.25865,142049518,0000000.0000,0000000.0,8327.24,0.269171,65481.27,0.2463,2027-04-01
NK225E    ,OOP,202704,59750.0,            ,132049718,0000000.0000,0000000.0,2321.93,0.257782,142049718,0000000.0000,0000000.0,8149.88,0.268024,65481.27,0.2463,2027-04-01
NK225E    ,OOP,202704,60000.0,            ,182040018,0000000.0000,0000000.0,2393.84,0.256809,192040018,0000000.0000,0000000.0,7974.19,0.267092,65481.27,0.2463,2027-04-01
NK225E    ,OOP,202704,60250.0,            ,132040218,0000000.0000,0000000.0,2468.42,0.256042,142040218,0000000.0000,0000000.0,7801.16,0.26606,65481.27,0.2463,2027-04-01
NK225E    ,OOP,202704,60500.0,            ,132040518,0000000.0000,0000000.0,2544.75,0.255168,142040518,0000000.0000,0000000.0,7629.89,0.265233,65481.27,0.2463,2027-04-01
NK225E    ,OOP,202704,60750.0,            ,132040718,0000000.0000,0000000.0,2622.82,0.254187,142040718,0000000.0000,0000000.0,7460.36,0.264002,65481.27,0.2463,2027-04-01
NK225E    ,OOP,202704,61000.0,            ,132161018,0000000.0000,0000000.0,2702.67,0.253403,142161018,0000000.0000,0000000.0,7292.6,0.263272,65481.27,0.2463,2027-04-01
NK225E    ,OOP,202704,61250.0,            ,132041218,0000000.0000,0000000.0,2785.34,0.25251,142041218,0000000.0000,0000000.0,7127.67,0.262141,65481.27,0.2463,2027-04-01
NK225E    ,OOP,202704,61500.0,            ,132041518,0000000.0000,0000000.0,2869.88,0.251805,142041518,0000000.0000,0000000.0,6964.6,0.261497,65481.27,0.2463,2027-04-01
NK225E    ,OOP,202704,61750.0,            ,132041718,0000000.0000,0000000.0,2956.25,0.250991,142041718,0000000.0000,0000000.0,6803.37,0.260456,65481.27,0.2463,2027-04-01
NK225E    ,OOP,202704,62000.0,            ,132162018,0000000.0000,0000000.0,3044.49,0.250068,142162018,0000000.0000,0000000.0,6644.01,0.259602,65481.27,0.2463,2027-04-01
NK225E    ,OOP,202704,62250.0,            ,182042218,0000000.0000,0000000.0,3135.69,0.249325,192042218,0000000.0000,0000000.0,6487.6,0.258643,65481.27,0.2463,2027-04-01
NK225E    ,OOP,202704,62500.0,            ,182042518,0000000.0000,0000000.0,3228.81,0.248756,192042518,0000000.0000,0000000.0,6333.11,0.257866,65481.27,0.2463,2027-04-01
NK225E    ,OOP,202704,62750.0,            ,182042718,0000000.0000,0000000.0,3323.88,0.247793,192042718,0000000.0000,0000000.0,6180.58,0.256983,65481.27,0.2463,2027-04-01
NK225E    ,OOP,202704,63000.0,            ,132163018,0000000.0000,0000000.0,3420.91,0.247003,142163018,0000000.0000,0000000.0,6030.01,0.256274,65481.27,0.2463,2027-04-01
NK225E    ,OOP,202704,63250.0,            ,182043218,0000000.0000,0000000.0,3520.98,0.246382,192043218,0000000.0000,0000000.0,5882.48,0.25546,65481.27,0.2463,2027-04-01
NK225E    ,OOP,202704,63500.0,            ,182043518,0000000.0000,0000000.0,3623.05,0.245648,192043518,0000000.0000,0000000.0,5736.94,0.254815,65481.27,0.2463,2027-04-01
NK225E    ,OOP,202704,63750.0,            ,182043718,0000000.0000,0000000.0,3727.12,0.245079,192043718,0000000.0000,0000000.0,5593.41,0.254063,65481.27,0.2463,2027-04-01
NK225E    ,OOP,202704,64000.0,            ,132164018,0000000.0000,0000000.0,3833.21,0.244397,142164018,0000000.0000,0000000.0,5451.9,0.253204,65481.27,0.2463,2027-04-01
NK225E    ,OOP,202704,64250.0,            ,182044218,0000000.0000,0000000.0,3942.44,0.243604,192044218,0000000.0000,0000000.0,5313.52,0.252511,65481.27,0.2463,2027-04-01
NK225E    ,OOP,202704,64500.0,            ,182044518,0000000.0000,0000000.0,4053.71,0.242972,192044518,0000000.0000,0000000.0,5177.18,0.251981,65481.27,0.2463,2027-04-01
NK225E    ,OOP,202704,64750.0,            ,182044718,0000000.0000,0000000.0,4167.03,0.242496,192044718,0000000.0000,0000000.0,5042.9,0.251342,65481.27,0.2463,2027-04-01
NK225E    ,OOP,202704,65000.0,            ,132165018,0000000.0000,0000000.0,4282.43,0.241908,142165018,0000000.0000,0000000.0,4910.7,0.250596,65481.27,0.2463,2027-04-01
NK225E    ,OOP,202704,65250.0,            ,182045218,0000000.0000,0000000.0,4400.98,0.241207,192045218,0000000.0000,0000000.0,4781.64,0.25001,65481.27,0.2463,2027-04-01
NK225E    ,OOP,202704,65500.0,            ,182045518,0000000.0000,0000000.0,4521.6,0.240662,192045518,0000000.0000,0000000.0,4654.66,0.249315,65481.27,0.2463,2027-04-01
NK225E    ,OOP,202704,65750.0,            ,182045718,0000000.0000,0000000.0,4644.3,0.240005,192045718,0000000.0000,0000000.0,4529.76,0.24878,65481.27,0.2463,2027-04-01
NK225E    ,OOP,202704,66000.0,            ,132166018,0000000.0000,0000000.0,4769.08,0.239501,142166018,0000000.0000,0000000.0,4406.93,0.248136,65481.27,0.2463,2027-04-01
NK225E    ,OOP,202704,66250.0,            ,182046218,0000000.0000,0000000.0,4897.02,0.238885,192046218,0000000.0000,0000000.0,4287.28,0.24765,65481.27,0.2463,2027-04-01
NK225E    ,OOP,202704,66500.0,            ,182046518,0000000.0000,0000000.0,5027.05,0.238423,192046518,0000000.0000,0000000.0,4169.7,0.247055,65481.27,0.2463,2027-04-01
NK225E    ,OOP,202704,66750.0,            ,182046718,0000000.0000,0000000.0,5159.16,0.237848,192046718,0000000.0000,0000000.0,4054.2,0.246618,65481.27,0.2463,2027-04-01
NK225E    ,OOP,202704,67000.0,            ,132167018,0000000.0000,0000000.0,5293.36,0.237161,142167018,0000000.0000,0000000.0,3940.8,0.246073,65481.27,0.2463,2027-04-01
NK225E    ,OOP,202704,67250.0,            ,182047218,0000000.0000,0000000.0,5430.68,0.236893,192047218,0000000.0000,0000000.0,3830.52,0.24542,65481.27,0.2463,2027-04-01
NK225E    ,OOP,202704,67500.0,            ,182047518,0000000.0000,0000000.0,5570.07,0.236247,192047518,0000000.0000,0000000.0,3722.3,0.245191,65481.27,0.2463,2027-04-01
NK225E    ,OOP,202704,67750.0,            ,182047718,0000000.0000,0000000.0,5711.52,0.235755,192047718,0000000.0000,0000000.0,3616.14,0.244587,65481.27,0.2463,2027-04-01
NK225E    ,OOP,202704,68000.0,            ,132168018,0000000.0000,0000000.0,5855.01,0.235419,142168018,0000000.0000,0000000.0,3512.03,0.244143,65481.27,0.2463,2027-04-01
NK225E    ,OOP,202704,68250.0,            ,182048218,0000000.0000,0000000.0,6001.56,0.234972,192048218,0000000.0000,0000000.0,3410.98,0.243591,65481.27,0.2463,2027-04-01
NK225E    ,OOP,202704,68500.0,            ,182048518,0000000.0000,0000000.0,6150.15,0.234413,192048518,0000000.0000,0000000.0,3311.97,0.2432,65481.27,0.2463,2027-04-01
NK225E    ,OOP,202704,68750.0,            ,182048718,0000000.0000,0000000.0,6300.76,0.234011,192048718,0000000.0000,0000000.0,3214.97,0.242973,65481.27,0.2463,2027-04-01
NK225E    ,OOP,202704,69000.0,            ,132169018,0000000.0000,0000000.0,6453.36,0.233499,142169018,0000000.0000,0000000.0,3119.97,0.242368,65481.27,0.2463,2027-04-01
NK225E    ,OOP,202704,69250.0,            ,182049218,0000000.0000,0000000.0,6608.91,0.233148,192049218,0000000.0000,0000000.0,3027.92,0.2422,65481.27,0.2463,2027-04-01
NK225E    ,OOP,202704,69500.0,            ,182049518,0000000.0000,0000000.0,6766.44,0.232686,192049518,0000000.0000,0000000.0,2937.85,0.241653,65481.27,0.2463,2027-04-01
NK225E    ,OOP,202704,69750.0,            ,182049718,0000000.0000,0000000.0,6925.92,0.23239,192049718,0000000.0000,0000000.0,2849.72,0.241274,65481.27,0.2463,2027-04-01
NK225E    ,OOP,202704,70000.0,            ,132160018,0000000.0000,0000000.0,7087.32,0.231983,142160018,0000000.0000,0000000.0,2763.51,0.241066,65481.27,0.2463,2027-04-01
NK225E    ,OOP,202704,70250.0,            ,182040218,0000000.0000,0000000.0,7251.56,0.231747,192040218,0000000.0000,0000000.0,2680.15,0.240753,65481.27,0.2463,2027-04-01
NK225E    ,OOP,202704,70500.0,            ,182040518,0000000.0000,0000000.0,7417.69,0.23112,192040518,0000000.0000,0000000.0,2598.68,0.240337,65481.27,0.2463,2027-04-01
NK225E    ,OOP,202704,70750.0,            ,182040718,0000000.0000,0000000.0,7585.66,0.230948,192040718,0000000.0000,0000000.0,2519.05,0.240096,65481.27,0.2463,2027-04-01
NK225E    ,OOP,202704,71000.0,            ,182161018,0000000.0000,0000000.0,7755.49,0.230669,192161018,0000000.0000,0000000.0,2441.27,0.239753,65481.27,0.2463,2027-04-01
NK225E    ,OOP,202704,71250.0,            ,182041218,0000000.0000,0000000.0,7928.01,0.230283,192041218,0000000.0000,0000000.0,2366.18,0.239591,65481.27,0.2463,2027-04-01
NK225E    ,OOP,202704,71500.0,            ,182041518,0000000.0000,0000000.0,8102.3,0.229788,192041518,0000000.0000,0000000.0,2292.87,0.239329,65481.27,0.2463,2027-04-01
NK225E    ,OOP,202704,71750.0,            ,182041718,0000000.0000,0000000.0,8278.35,0.229475,192041718,0000000.0000,0000000.0,2221.32,0.239255,65481.27,0.2463,2027-04-01
NK225E    ,OOP,202704,72000.0,            ,182162018,0000000.0000,0000000.0,8456.13,0.229353,192162018,0000000.0000,0000000.0,2151.5,0.239083,65481.27,0.2463,2027-04-01
NK225E    ,OOP,202704,72250.0,            ,132162218,0000000.0000,0000000.0,8636.45,0.228826,142162218,0000000.0000,0000000.0,2084.21,0.238811,65481.27,0.2463,2027-04-01
NK225E    ,OOP,202704,72500.0,            ,132162518,0000000.0000,0000000.0,8818.43,0.228795,142162518,0000000.0000,0000000.0,2018.59,0.238437,65481.27,0.2463,2027-04-01
NK225E    ,OOP,202704,72750.0,            ,132162718,0000000.0000,0000000.0,9002.06,0.228356,142162718,0000000.0000,0000000.0,1954.62,0.238263,65481.27,0.2463,2027-04-01
NK225E    ,OOP,202704,73000.0,            ,182163018,0000000.0000,0000000.0,9187.31,0.228119,192163018,0000000.0000,0000000.0,1892.26,0.238296,65481.27,0.2463,2027-04-01
NK225E    ,OOP,202704,73250.0,            ,132163218,0000000.0000,0000000.0,9374.9,0.227777,142163218,0000000.0000,0000000.0,1832.24,0.237926,65481.27,0.2463,2027-04-01
NK225E    ,OOP,202704,73500.0,            ,132163518,0000000.0000,0000000.0,9564.05,0.227647,142163518,0000000.0000,0000000.0,1773.79,0.238078,65481.27,0.2463,2027-04-01
NK225E    ,OOP,202704,73750.0,            ,132163718,0000000.0000,0000000.0,9754.73,0.227415,142163718,0000000.0000,0000000.0,1716.87,0.237825,65481.27,0.2463,2027-04-01
NK225E    ,OOP,202704,74000.0,            ,182164018,0000000.0000,0000000.0,9946.91,0.22708,192164018,0000000.0000,0000000.0,1661.44,0.237792,65481.27,0.2463,2027-04-01
NK225E    ,OOP,202704,74250.0,            ,132164218,0000000.0000,0000000.0,10141.23,0.226972,142164218,0000000.0000,0000000.0,1608.16,0.237666,65481.27,0.2463,2027-04-01
NK225E    ,OOP,202704,74500.0,            ,132164518,0000000.0000,0000000.0,10336.98,0.226763,142164518,0000000.0000,0000000.0,1556.31,0.237446,65481.27,0.2463,2027-04-01
NK225E    ,OOP,202704,74750.0,            ,132164718,0000000.0000,0000000.0,10534.14,0.226453,142164718,0000000.0000,0000000.0,1505.86,0.237461,65481.27,0.2463,2027-04-01
NK225E    ,OOP,202704,75000.0,            ,182165018,0000000.0000,0000000.0,10732.68,0.226038,192165018,0000000.0000,0000000.0,1456.8,0.237385,65481.27,0.2463,2027-04-01
NK225E    ,OOP,202704,75250.0,            ,132165218,0000000.0000,0000000.0,10933.17,0.225868,142165218,0000000.0000,0000000.0,1409.68,0.237217,65481.27,0.2463,2027-04-01
NK225E    ,OOP,202704,75500.0,            ,132165518,0000000.0000,0000000.0,11134.96,0.225599,142165518,0000000.0000,0000000.0,1363.87,0.237301,65481.27,0.2463,2027-04-01
NK225E    ,OOP,202704,75750.0,            ,132165718,0000000.0000,0000000.0,11338.03,0.225591,142165718,0000000.0000,0000000.0,1319.34,0.237299,65481.27,0.2463,2027-04-01
NK225E    ,OOP,202704,76000.0,            ,182166018,0000000.0000,0000000.0,11542.36,0.225119,192166018,0000000.0000,0000000.0,1276.07,0.237208,65481.27,0.2463,2027-04-01
NK225E    ,OOP,202704,76250.0,            ,132166218,0000000.0000,0000000.0,11749.14,0.225292,142166218,0000000.0000,0000000.0,1235.24,0.237388,65481.27,0.2463,2027-04-01
NK225E    ,OOP,202704,80000.0,            ,182160018,0000000.0000,0000000.0,14976.06,0.222316,192160018,0000000.0000,0000000.0,748.1,0.238217,65481.27,0.2463,2027-04-01
NK225E    ,OOP,202704,85000.0,            ,132285018,0000000.0000,0000000.0,19565.48,0.215371,142285018,0000000.0000,0000000.0,385.45,0.241532,65481.27,0.2463,2027-04-01
NK225E    ,OOP,202704,90000.0,            ,132280018,0000000.0000,0000000.0,24329.94,0.192156,142280018,0000000.0000,0000000.0,197.83,0.245421,65481.27,0.2463,2027-04-01
NK225E    ,OOP,202705,48000.0,            ,132058018,0000000.0000,0000000.0,700.29,0.316299,142058018,0000000.0000,0000000.0,18176.07,0.335584,65481.27,0.2463,2027-05-01
NK225E    ,OOP,202705,49000.0,            ,132059018,0000000.0000,0000000.0,776.05,0.309182,142059018,0000000.0000,0000000.0,17261.63,0.327129,65481.27,0.2463,2027-05-01
NK225E    ,OOP,202705,50000.0,            ,132050018,0000000.0000,0000000.0,864.28,0.302384,142050018,0000000.0000,0000000.0,16359.66,0.319094,65481.27,0.2463,2027-05-01
NK225E    ,OOP,202705,51000.0,            ,132051018,0000000.0000,0000000.0,966.38,0.29627,142051018,0000000.0000,0000000.0,15471.56,0.31182,65481.27,0.2463,2027-05-01
NK225E    ,OOP,202705,52000.0,            ,132052018,0000000.0000,0000000.0,1083.8,0.290617,142052018,0000000.0000,0000000.0,14598.79,0.305102,65481.27,0.2463,2027-05-01
NK225E    ,OOP,202705,53000.0,            ,132053018,0000000.0000,0000000.0,1218.1,0.285678,142053018,0000000.0000,0000000.0,13742.9,0.298768,65481.27,0.2463,2027-05-01
NK225E    ,OOP,202705,54000.0,            ,132054018,0000000.0000,0000000.0,1370.86,0.280823,142054018,0000000.0000,0000000.0,12905.46,0.293063,65481.27,0.2463,2027-05-01
NK225E    ,OOP,202705,55000.0,            ,132055018,0000000.0000,0000000.0,1543.75,0.27632,142055018,0000000.0000,0000000.0,12088.15,0.2878,65481.27,0.2463,2027-05-01
NK225E    ,OOP,202705,55750.0,            ,182055718,0000000.0000,0000000.0,1688.0,0.273039,192055718,0000000.0000,0000000.0,11489.75,0.28418,65481.27,0.2463,2027-05-01
NK225E    ,OOP,202705,56000.0,            ,132056018,0000000.0000,0000000.0,1738.41,0.27202,142056018,0000000.0000,0000000.0,11292.61,0.283169,65481.27,0.2463,2027-05-01
NK225E    ,OOP,202705,56250.0,            ,182056218,0000000.0000,0000000.0,1791.03,0.270919,192056218,0000000.0000,0000000.0,11097.68,0.281739,65481.27,0.2463,2027-05-01
NK225E    ,OOP,202705,56500.0,            ,182056518,0000000.0000,0000000.0,1844.91,0.270077,192056518,0000000.0000,0000000.0,10904.01,0.280907,65481.27,0.2463,2027-05-01
NK225E    ,OOP,202705,56750.0,            ,182056718,0000000.0000,0000000.0,1900.05,0.269147,192056718,0000000.0000,0000000.0,10711.6,0.279661,65481.27,0.2463,2027-05-01
NK225E    ,OOP,202705,57000.0,            ,132057018,0000000.0000,0000000.0,1956.48,0.268132,142057018,0000000.0000,0000000.0,10520.48,0.278664,65481.27,0.2463,2027-05-01
NK225E    ,OOP,202705,57250.0,            ,182057218,0000000.0000,0000000.0,2015.21,0.267033,192057218,0000000.0000,0000000.0,10331.66,0.277587,65481.27,0.2463,2027-05-01
NK225E    ,OOP,202705,57500.0,            ,132057518,0000000.0000,0000000.0,2075.29,0.266174,142057518,0000000.0000,0000000.0,10144.19,0.27643,65481.27,0.2463,2027-05-01
NK225E    ,OOP,202705,57750.0,            ,132057718,0000000.0000,0000000.0,2136.74,0.265227,142057718,0000000.0000,0000000.0,9958.09,0.275507,65481.27,0.2463,2027-05-01
NK225E    ,OOP,202705,58000.0,            ,182058018,0000000.0000,0000000.0,2199.58,0.264506,192058018,0000000.0000,0000000.0,9773.39,0.274193,65481.27,0.2463,2027-05-01
NK225E    ,OOP,202705,58250.0,            ,132058218,0000000.0000,0000000.0,2264.8,0.263694,142058218,0000000.0000,0000000.0,9591.05,0.273413,65481.27,0.2463,2027-05-01
NK225E    ,OOP,202705,58500.0,            ,132058518,0000000.0000,0000000.0,2331.47,0.262792,142058518,0000000.0000,0000000.0,9410.17,0.272245,65481.27,0.2463,2027-05-01
NK225E    ,OOP,202705,58750.0,            ,132058718,0000000.0000,0000000.0,2399.61,0.261804,142058718,0000000.0000,0000000.0,9230.77,0.271296,65481.27,0.2463,2027-05-01
NK225E    ,OOP,202705,59000.0,            ,182059018,0000000.0000,0000000.0,2469.27,0.261027,192059018,0000000.0000,0000000.0,9052.87,0.270263,65481.27,0.2463,2027-05-01
NK225E    ,OOP,202705,59250.0,            ,132059218,0000000.0000,0000000.0,2541.34,0.26016,142059218,0000000.0000,0000000.0,8877.39,0.26944,65481.27,0.2463,2027-05-01
NK225E    ,OOP,202705,59500.0,            ,132059518,0000000.0000,0000000.0,2614.98,0.259494,142059518,0000000.0000,0000000.0,8703.48,0.26853,65481.27,0.2463,2027-05-01
NK225E    ,OOP,202705,59750.0,            ,132059718,0000000.0000,0000000.0,2690.18,0.258449,142059718,0000000.0000,0000000.0,8531.14,0.267819,65481.27,0.2463,2027-05-01
NK225E    ,OOP,202705,60000.0,            ,182050018,0000000.0000,0000000.0,2766.98,0.257887,192050018,0000000.0000,0000000.0,8360.38,0.266738,65481.27,0.2463,2027-05-01
NK225E    ,OOP,202705,60250.0,            ,132050218,0000000.0000,0000000.0,2846.28,0.256949,142050218,0000000.0000,0000000.0,8192.14,0.265854,65481.27,0.2463,2027-05-01
NK225E    ,OOP,202705,60500.0,            ,132050518,0000000.0000,0000000.0,2927.23,0.256201,142050518,0000000.0000,0000000.0,8025.53,0.265161,65481.27,0.2463,2027-05-01
NK225E    ,OOP,202705,60750.0,            ,132050718,0000000.0000,0000000.0,3009.82,0.255363,142050718,0000000.0000,0000000.0,7860.58,0.264378,65481.27,0.2463,2027-05-01
NK225E    ,OOP,202705,61000.0,            ,182051018,0000000.0000,0000000.0,3094.09,0.254707,192051018,0000000.0000,0000000.0,7697.3,0.263507,65481.27,0.2463,2027-05-01
NK225E    ,OOP,202705,61250.0,            ,132051218,0000000.0000,0000000.0,3180.93,0.253958,142051218,0000000.0000,0000000.0,7536.59,0.26255,65481.27,0.2463,2027-05-01
NK225E    ,OOP,202705,61500.0,            ,132051518,0000000.0000,0000000.0,3269.48,0.253386,142051518,0000000.0000,0000000.0,7377.59,0.261775,65481.27,0.2463,2027-05-01
NK225E    ,OOP,202705,61750.0,            ,132051718,0000000.0000,0000000.0,3359.74,0.25272,142051718,0000000.0000,0000000.0,7220.3,0.261177,65481.27,0.2463,2027-05-01
NK225E    ,OOP,202705,62000.0,            ,182052018,0000000.0000,0000000.0,3451.8,0.251961,192052018,0000000.0000,0000000.0,7064.82,0.260225,65481.27,0.2463,2027-05-01
NK225E    ,OOP,202705,62250.0,            ,132052218,0000000.0000,0000000.0,3546.44,0.25111,142052218,0000000.0000,0000000.0,6911.9,0.259448,65481.27,0.2463,2027-05-01
NK225E    ,OOP,202705,62500.0,            ,132052518,0000000.0000,0000000.0,3642.88,0.250689,142052518,0000000.0000,0000000.0,6760.79,0.258842,65481.27,0.2463,2027-05-01
NK225E    ,OOP,202705,62750.0,            ,132052718,0000000.0000,0000000.0,3741.08,0.249914,142052718,0000000.0000,0000000.0,6611.44,0.258145,65481.27,0.2463,2027-05-01
NK225E    ,OOP,202705,63000.0,            ,182053018,0000000.0000,0000000.0,3841.11,0.249304,192053018,0000000.0000,0000000.0,6463.92,0.257358,65481.27,0.2463,2027-05-01
NK225E    ,OOP,202705,63250.0,            ,132053218,0000000.0000,0000000.0,3943.78,0.2486,142053218,0000000.0000,0000000.0,6319.05,0.256738,65481.27,0.2463,2027-05-01
NK225E    ,OOP,202705,63500.0,            ,132053518,0000000.0000,0000000.0,4048.31,0.248058,142053518,0000000.0000,0000000.0,6176.03,0.256027,65481.27,0.2463,2027-05-01
NK225E    ,OOP,202705,63750.0,            ,132053718,0000000.0000,0000000.0,4154.68,0.247421,142053718,0000000.0000,0000000.0,6034.85,0.255478,65481.27,0.2463,2027-05-01
NK225E    ,OOP,202705,64000.0,            ,182054018,0000000.0000,0000000.0,4262.89,0.246691,192054018,0000000.0000,0000000.0,5895.51,0.254839,65481.27,0.2463,2027-05-01
NK225E    ,OOP,202705,64250.0,            ,132054218,0000000.0000,0000000.0,4373.8,0.246118,142054218,0000000.0000,0000000.0,5758.87,0.254109,65481.27,0.2463,2027-05-01
NK225E    ,OOP,202705,64500.0,            ,132054518,0000000.0000,0000000.0,4486.57,0.245452,142054518,0000000.0000,0000000.0,5624.09,0.253538,65481.27,0.2463,2027-05-01
NK225E    ,OOP,202705,64750.0,            ,132054718,0000000.0000,0000000.0,4601.21,0.24494,142054718,0000000.0000,0000000.0,5491.18,0.252877,65481.27,0.2463,2027-05-01
NK225E    ,OOP,202705,65000.0,            ,182055018,0000000.0000,0000000.0,4717.73,0.244334,192055018,0000000.0000,0000000.0,5360.15,0.252125,65481.27,0.2463,2027-05-01
NK225E    ,OOP,202705,65250.0,            ,132055218,0000000.0000,0000000.0,4836.95,0.243882,142055218,0000000.0000,0000000.0,5231.82,0.251777,65481.27,0.2463,2027-05-01
NK225E    ,OOP,202705,65500.0,            ,132055518,0000000.0000,0000000.0,4958.09,0.243335,142055518,0000000.0000,0000000.0,5105.41,0.251091,65481.27,0.2463,2027-05-01
NK225E    ,OOP,202705,65750.0,            ,132055718,0000000.0000,0000000.0,5081.1,0.242694,142055718,0000000.0000,0000000.0,4980.87,0.25056,65481.27,0.2463,2027-05-01
NK225E    ,OOP,202705,66000.0,            ,182056018,0000000.0000,0000000.0,5206.01,0.242206,192056018,0000000.0000,0000000.0,4858.23,0.249939,65481.27,0.2463,2027-05-01
NK225E    ,OOP,202705,66250.0,            ,132056218,0000000.0000,0000000.0,5333.64,0.241623,142056218,0000000.0000,0000000.0,4738.31,0.249472,65481.27,0.2463,2027-05-01
NK225E    ,OOP,202705,66500.0,            ,132056518,0000000.0000,0000000.0,5463.16,0.241191,142056518,0000000.0000,0000000.0,4620.28,0.248914,65481.27,0.2463,2027-05-01
NK225E    ,OOP,202705,66750.0,            ,132056718,0000000.0000,0000000.0,5594.56,0.240666,142056718,0000000.0000,0000000.0,4504.13,0.248511,65481.27,0.2463,2027-05-01
NK225E    ,OOP,202705,67000.0,            ,182057018,0000000.0000,0000000.0,5727.85,0.240047,192057018,0000000.0000,0000000.0,4389.87,0.247772,65481.27,0.2463,2027-05-01
NK225E    ,OOP,202705,67250.0,            ,132057218,0000000.0000,0000000.0,5863.86,0.239579,142057218,0000000.0000,0000000.0,4278.33,0.247431,65481.27,0.2463,2027-05-01
NK225E    ,OOP,202705,67500.0,            ,182057518,0000000.0000,0000000.0,6001.75,0.239017,192057518,0000000.0000,0000000.0,4168.67,0.247001,65481.27,0.2463,2027-05-01
NK225E    ,OOP,202705,67750.0,            ,182057718,0000000.0000,0000000.0,6141.5,0.238608,192057718,0000000.0000,0000000.0,4060.88,0.24648,65481.27,0.2463,2027-05-01
NK225E    ,OOP,202705,68000.0,            ,132178018,0000000.0000,0000000.0,6283.12,0.238104,142178018,0000000.0000,0000000.0,3954.95,0.245869,65481.27,0.2463,2027-05-01
NK225E    ,OOP,202705,68250.0,            ,182058218,0000000.0000,0000000.0,6427.41,0.237754,192058218,0000000.0000,0000000.0,3851.69,0.245659,65481.27,0.2463,2027-05-01
NK225E    ,OOP,202705,68500.0,            ,182058518,0000000.0000,0000000.0,6573.57,0.237311,192058518,0000000.0000,0000000.0,3750.3,0.245114,65481.27,0.2463,2027-05-01
NK225E    ,OOP,202705,68750.0,            ,182058718,0000000.0000,0000000.0,6721.57,0.236775,192058718,0000000.0000,0000000.0,3650.74,0.244726,65481.27,0.2463,2027-05-01
NK225E    ,OOP,202705,69000.0,            ,132179018,0000000.0000,0000000.0,6871.39,0.236395,142179018,0000000.0000,0000000.0,3553.02,0.244248,65481.27,0.2463,2027-05-01
NK225E    ,OOP,202705,69250.0,            ,182059218,0000000.0000,0000000.0,7023.86,0.235921,192059218,0000000.0000,0000000.0,3457.93,0.24393,65481.27,0.2463,2027-05-01
NK225E    ,OOP,202705,69500.0,            ,182059518,0000000.0000,0000000.0,7178.12,0.235606,192059518,0000000.0000,0000000.0,3364.65,0.243523,65481.27,0.2463,2027-05-01
NK225E    ,OOP,202705,69750.0,            ,182059718,0000000.0000,0000000.0,7334.18,0.235198,192059718,0000000.0000,0000000.0,3273.16,0.243027,65481.27,0.2463,2027-05-01
NK225E    ,OOP,202705,70000.0,            ,132170018,0000000.0000,0000000.0,7492.01,0.234699,142170018,0000000.0000,0000000.0,3183.44,0.242693,65481.27,0.2463,2027-05-01
NK225E    ,OOP,202705,70250.0,            ,182050218,0000000.0000,0000000.0,7652.41,0.234361,192050218,0000000.0000,0000000.0,3096.29,0.242271,65481.27,0.2463,2027-05-01
NK225E    ,OOP,202705,70500.0,            ,182050518,0000000.0000,0000000.0,7814.55,0.233932,192050518,0000000.0000,0000000.0,3010.89,0.242014,65481.27,0.2463,2027-05-01
NK225E    ,OOP,202705,70750.0,            ,182050718,0000000.0000,0000000.0,7978.43,0.233411,192050718,0000000.0000,0000000.0,2927.21,0.241671,65481.27,0.2463,2027-05-01
NK225E    ,OOP,202705,71000.0,            ,132171018,0000000.0000,0000000.0,8144.03,0.233055,142171018,0000000.0000,0000000.0,2845.26,0.241497,65481.27,0.2463,2027-05-01
NK225E    ,OOP,202705,71250.0,            ,182051218,0000000.0000,0000000.0,8312.09,0.232869,192051218,0000000.0000,0000000.0,2765.77,0.24098,65481.27,0.2463,2027-05-01
NK225E    ,OOP,202705,71500.0,            ,182051518,0000000.0000,0000000.0,8481.85,0.232332,192051518,0000000.0000,0000000.0,2687.98,0.240894,65481.27,0.2463,2027-05-01
NK225E    ,OOP,202705,71750.0,            ,182051718,0000000.0000,0000000.0,8653.25,0.23223,192051718,0000000.0000,0000000.0,2611.83,0.240463,65481.27,0.2463,2027-05-01
NK225E    ,OOP,202705,72000.0,            ,132172018,0000000.0000,0000000.0,8826.29,0.231777,142172018,0000000.0000,0000000.0,2537.32,0.240208,65481.27,0.2463,2027-05-01
NK225E    ,OOP,202705,72250.0,            ,182052218,0000000.0000,0000000.0,9001.71,0.231499,192052218,0000000.0000,0000000.0,2465.19,0.239867,65481.27,0.2463,2027-05-01
NK225E    ,OOP,202705,72500.0,            ,182052518,0000000.0000,0000000.0,9178.73,0.231134,192052518,0000000.0000,0000000.0,2394.66,0.239709,65481.27,0.2463,2027-05-01
NK225E    ,OOP,202705,72750.0,            ,182052718,0000000.0000,0000000.0,9357.32,0.230678,192052718,0000000.0000,0000000.0,2325.7,0.239468,65481.27,0.2463,2027-05-01
NK225E    ,OOP,202705,73000.0,            ,132173018,0000000.0000,0000000.0,9537.45,0.230407,142173018,0000000.0000,0000000.0,2258.28,0.239143,65481.27,0.2463,2027-05-01
NK225E    ,OOP,202705,73250.0,            ,182053218,0000000.0000,0000000.0,9719.85,0.230327,192053218,0000000.0000,0000000.0,2193.13,0.239008,65481.27,0.2463,2027-05-01
NK225E    ,OOP,202705,73500.0,            ,182053518,0000000.0000,0000000.0,9903.76,0.229881,192053518,0000000.0000,0000000.0,2129.49,0.238791,65481.27,0.2463,2027-05-01
NK225E    ,OOP,202705,73750.0,            ,182053718,0000000.0000,0000000.0,10089.12,0.229629,192053718,0000000.0000,0000000.0,2067.3,0.238772,65481.27,0.2463,2027-05-01
NK225E    ,OOP,202705,74000.0,            ,132174018,0000000.0000,0000000.0,10275.94,0.229291,142174018,0000000.0000,0000000.0,2006.58,0.238392,65481.27,0.2463,2027-05-01
NK225E    ,OOP,202705,74250.0,            ,182054218,0000000.0000,0000000.0,10464.91,0.229155,192054218,0000000.0000,0000000.0,1948.0,0.238212,65481.27,0.2463,2027-05-01
NK225E    ,OOP,202705,74500.0,            ,182054518,0000000.0000,0000000.0,10655.27,0.228935,192054518,0000000.0000,0000000.0,1890.81,0.23824,65481.27,0.2463,2027-05-01
NK225E    ,OOP,202705,74750.0,            ,182054718,0000000.0000,0000000.0,10847.0,0.22863,192054718,0000000.0000,0000000.0,1834.99,0.2379,65481.27,0.2463,2027-05-01
NK225E    ,OOP,202705,75000.0,            ,132175018,0000000.0000,0000000.0,11040.1,0.228239,142175018,0000000.0000,0000000.0,1780.54,0.237771,65481.27,0.2463,2027-05-01
NK225E    ,OOP,202705,75250.0,            ,182055218,0000000.0000,0000000.0,11235.18,0.228063,192055218,0000000.0000,0000000.0,1728.07,0.237563,65481.27,0.2463,2027-05-01
NK225E    ,OOP,202705,75500.0,            ,182055518,0000000.0000,0000000.0,11431.57,0.227805,192055518,0000000.0000,0000000.0,1676.92,0.237578,65481.27,0.2463,2027-05-01
NK225E    ,OOP,202705,75750.0,            ,132175718,0000000.0000,0000000.0,11629.23,0.227461,142175718,0000000.0000,0000000.0,1627.02,0.237518,65481.27,0.2463,2027-05-01
NK225E    ,OOP,202705,76000.0,            ,132176018,0000000.0000,0000000.0,11828.13,0.227349,142176018,0000000.0000,0000000.0,1578.38,0.237382,65481.27,0.2463,2027-05-01
NK225E    ,OOP,202705,76250.0,            ,132176218,0000000.0000,0000000.0,12028.89,0.227155,142176218,0000000.0000,0000000.0,1531.58,0.237168,65481.27,0.2463,2027-05-01
NK225E    ,OOP,202705,77000.0,            ,132177018,0000000.0000,0000000.0,12638.2,0.226408,142177018,0000000.0000,0000000.0,1398.25,0.237023,65481.27,0.2463,2027-05-01
NK225E    ,OOP,202705,78000.0,            ,182178018,0000000.0000,0000000.0,13468.42,0.22587,192178018,0000000.0000,0000000.0,1238.27,0.237138,65481.27,0.2463,2027-05-01
NK225E    ,OOP,202705,80000.0,            ,182170018,0000000.0000,0000000.0,15181.96,0.224355,192170018,0000000.0000,0000000.0,971.41,0.23724,65481.27,0.2463,2027-05-01
NK225E    ,OOP,202705,85000.0,            ,182175018,0000000.0000,0000000.0,19696.77,0.221151,192175018,0000000.0000,0000000.0,535.23,0.240262,65481.27,0.2463,2027-05-01
NK225E    ,OOP,202705,90000.0,            ,132290018,0000000.0000,0000000.0,24407.97,0.212593,142290018,0000000.0000,0000000.0,295.44,0.24419,65481.27,0.2463,2027-05-01
NK225E    ,OOP,202706,12500.0,            ,182062518,0000000.0000,0000000.0,0.47,0.663897,192062518,0000000.0000,0000000.0,52643.3,0.941398,65481.27,0.2463,2027-06-01
NK225E    ,OOP,202706,12750.0,            ,182062718,0000000.0000,0000000.0,0.57,0.54992,192062718,0000000.0000,0000000.0,52396.15,0.932592,65481.27,0.2463,2027-06-01
NK225E    ,OOP,202706,13000.0,            ,182063018,0000000.0000,0000000.0,0.68,0.54992,192063018,0000000.0000,0000000.0,52149.01,0.918829,65481.27,0.2463,2027-06-01
NK225E    ,OOP,202706,13250.0,            ,182063218,0000000.0000,0000000.0,0.77,0.547809,192063218,0000000.0000,0000000.0,51901.85,0.910441,65481.27,0.2463,2027-06-01
NK225E    ,OOP,202706,13500.0,            ,182063518,0000000.0000,0000000.0,0.86,0.545698,192063518,0000000.0000,0000000.0,51654.69,0.897188,65481.27,0.2463,2027-06-01
NK225E    ,OOP,202706,13750.0,            ,182063718,0000000.0000,0000000.0,0.96,0.543587,192063718,0000000.0000,0000000.0,51407.54,0.889184,65481.27,0.2463,2027-06-01
NK225E    ,OOP,202706,14000.0,            ,182064018,0000000.0000,0000000.0,1.07,0.541476,192064018,0000000.0000,0000000.0,51160.41,0.881306,65481.27,0.2463,2027-06-01
NK225E    ,OOP,202706,14250.0,            ,182064218,0000000.0000,0000000.0,1.19,0.539408,192064218,0000000.0000,0000000.0,50913.28,0.868752,65481.27,0.2463,2027-06-01
NK225E    ,OOP,202706,14500.0,            ,182064518,0000000.0000,0000000.0,1.33,0.53734,192064518,0000000.0000,0000000.0,50666.16,0.861215,65481.27,0.2463,2027-06-01
NK225E    ,OOP,202706,14750.0,            ,182064718,0000000.0000,0000000.0,1.47,0.535272,192064718,0000000.0000,0000000.0,50419.06,0.849085,65481.27,0.2463,2027-06-01
NK225E    ,OOP,202706,15000.0,            ,182065018,0000000.0000,0000000.0,1.62,0.533204,192065018,0000000.0000,0000000.0,50171.96,0.841864,65481.27,0.2463,2027-06-01
NK225E    ,OOP,202706,15250.0,            ,182065218,0000000.0000,0000000.0,1.79,0.531174,192065218,0000000.0000,0000000.0,49924.88,0.830129,65481.27,0.2463,2027-06-01
NK225E    ,OOP,202706,15500.0,            ,182065518,0000000.0000,0000000.0,1.97,0.529145,192065518,0000000.0000,0000000.0,49677.81,0.823199,65481.27,0.2463,2027-06-01
NK225E    ,OOP,202706,15750.0,            ,182065718,0000000.0000,0000000.0,2.16,0.527115,192065718,0000000.0000,0000000.0,49430.76,0.816358,65481.27,0.2463,2027-06-01
NK225E    ,OOP,202706,16000.0,            ,182066018,0000000.0000,0000000.0,2.37,0.525086,192066018,0000000.0000,0000000.0,49183.71,0.805174,65481.27,0.2463,2027-06-01
NK225E    ,OOP,202706,16250.0,            ,132066218,0000000.0000,0000000.0,2.6,0.523092,142066218,0000000.0000,0000000.0,48936.69,0.798596,65481.27,0.2463,2027-06-01
NK225E    ,OOP,202706,16500.0,            ,132066518,0000000.0000,0000000.0,2.84,0.521097,142066518,0000000.0000,0000000.0,48689.68,0.787747,65481.27,0.2463,2027-06-01
NK225E    ,OOP,202706,16750.0,            ,132066718,0000000.0000,0000000.0,3.09,0.519104,142066718,0000000.0000,0000000.0,48442.69,0.781414,65481.27,0.2463,2027-06-01
NK225E    ,OOP,202706,17000.0,            ,132067018,0000000.0000,0000000.0,3.37,0.517109,142067018,0000000.0000,0000000.0,48195.71,0.775152,65481.27,0.2463,2027-06-01
NK225E    ,OOP,202706,17250.0,            ,132067218,0000000.0000,0000000.0,3.66,0.515147,142067218,0000000.0000,0000000.0,47948.76,0.764775,65481.27,0.2463,2027-06-01
NK225E    ,OOP,202706,17500.0,            ,132067518,0000000.0000,0000000.0,3.97,0.513185,142067518,0000000.0000,0000000.0,47701.82,0.758735,65481.27,0.2463,2027-06-01
NK225E    ,OOP,202706,17750.0,            ,132067718,0000000.0000,0000000.0,4.3,0.511221,142067718,0000000.0000,0000000.0,47454.91,0.748648,65481.27,0.2463,2027-06-01
NK225E    ,OOP,202706,18000.0,            ,132068018,0000000.0000,0000000.0,4.66,0.50926,142068018,0000000.0000,0000000.0,47208.01,0.742815,65481.27,0.2463,2027-06-01
NK225E    ,OOP,202706,18250.0,            ,132068218,0000000.0000,0000000.0,5.03,0.506986,142068218,0000000.0000,0000000.0,46961.14,0.73704,65481.27,0.2463,2027-06-01
NK225E    ,OOP,202706,18500.0,            ,132068518,0000000.0000,0000000.0,5.43,0.505393,142068518,0000000.0000,0000000.0,46714.29,0.727362,65481.27,0.2463,2027-06-01
NK225E    ,OOP,202706,18750.0,            ,132068718,0000000.0000,0000000.0,5.86,0.503459,142068718,0000000.0000,0000000.0,46467.46,0.721777,65481.27,0.2463,2027-06-01
NK225E    ,OOP,202706,19000.0,            ,132069018,0000000.0000,0000000.0,6.3,0.501526,142069018,0000000.0000,0000000.0,46220.66,0.716242,65481.27,0.2463,2027-06-01
NK225E    ,OOP,202706,19250.0,            ,132069218,0000000.0000,0000000.0,6.78,0.499618,142069218,0000000.0000,0000000.0,45973.89,0.706943,65481.27,0.2463,2027-06-01
NK225E    ,OOP,202706,19500.0,            ,132069518,0000000.0000,0000000.0,7.28,0.497711,142069518,0000000.0000,0000000.0,45727.14,0.701582,65481.27,0.2463,2027-06-01
NK225E    ,OOP,202706,19750.0,            ,132069718,0000000.0000,0000000.0,7.81,0.495804,142069718,0000000.0000,0000000.0,45480.42,0.696267,65481.27,0.2463,2027-06-01
NK225E    ,OOP,202706,20000.0,            ,132060018,0000000.0000,0000000.0,8.37,0.493897,142060018,0000000.0000,0000000.0,45233.73,0.687317,65481.27,0.2463,2027-06-01
NK225E    ,OOP,202706,20250.0,            ,132060218,0000000.0000,0000000.0,8.96,0.492013,142060218,0000000.0000,0000000.0,44987.07,0.682161,65481.27,0.2463,2027-06-01
NK225E    ,OOP,202706,20500.0,            ,132060518,0000000.0000,0000000.0,9.58,0.49013,142060518,0000000.0000,0000000.0,44740.44,0.677047,65481.27,0.2463,2027-06-01
NK225E    ,OOP,202706,20750.0,            ,132060718,0000000.0000,0000000.0,10.23,0.488246,142060718,0000000.0000,0000000.0,44493.85,0.668422,65481.27,0.2463,2027-06-01
NK225E    ,OOP,202706,21000.0,            ,132061018,0000000.0000,0000000.0,10.91,0.486363,142061018,0000000.0000,0000000.0,44247.28,0.663454,65481.27,0.2463,2027-06-01
NK225E    ,OOP,202706,21250.0,            ,132061218,0000000.0000,0000000.0,11.64,0.484501,142061218,0000000.0000,0000000.0,44000.75,0.658524,65481.27,0.2463,2027-06-01
NK225E    ,OOP,202706,21500.0,            ,132061518,0000000.0000,0000000.0,12.39,0.482639,142061518,0000000.0000,0000000.0,43754.26,0.650201,65481.27,0.2463,2027-06-01
NK225E    ,OOP,202706,21750.0,            ,132061718,0000000.0000,0000000.0,13.19,0.480078,142061718,0000000.0000,0000000.0,43507.81,0.645406,65481.27,0.2463,2027-06-01
NK225E    ,OOP,202706,22000.0,            ,132062018,0000000.0000,0000000.0,14.02,0.478837,142062018,0000000.0000,0000000.0,43261.39,0.640645,65481.27,0.2463,2027-06-01
NK225E    ,OOP,202706,22250.0,            ,132062218,0000000.0000,0000000.0,14.89,0.477073,142062218,0000000.0000,0000000.0,43015.02,0.632605,65481.27,0.2463,2027-06-01
NK225E    ,OOP,202706,22500.0,            ,132062518,0000000.0000,0000000.0,15.81,0.475231,142062518,0000000.0000,0000000.0,42768.68,0.627969,65481.27,0.2463,2027-06-01
NK225E    ,OOP,202706,22750.0,            ,132062718,0000000.0000,0000000.0,16.76,0.473389,142062718,0000000.0000,0000000.0,42522.39,0.623363,65481.27,0.2463,2027-06-01
NK225E    ,OOP,202706,23000.0,            ,132063018,0000000.0000,0000000.0,17.76,0.471547,142063018,0000000.0000,0000000.0,42276.13,0.618787,65481.27,0.2463,2027-06-01
NK225E    ,OOP,202706,23250.0,            ,132063218,0000000.0000,0000000.0,18.8,0.469723,142063218,0000000.0000,0000000.0,42029.93,0.611098,65481.27,0.2463,2027-06-01
NK225E    ,OOP,202706,23500.0,            ,132063518,0000000.0000,0000000.0,19.9,0.467899,142063518,0000000.0000,0000000.0,41783.77,0.606636,65481.27,0.2463,2027-06-01
NK225E    ,OOP,202706,23750.0,            ,132063718,0000000.0000,0000000.0,21.03,0.465987,142063718,0000000.0000,0000000.0,41537.66,0.6022,65481.27,0.2463,2027-06-01
NK225E    ,OOP,202706,24000.0,            ,132064018,0000000.0000,0000000.0,22.22,0.463748,142064018,0000000.0000,0000000.0,41291.6,0.597792,65481.27,0.2463,2027-06-01
NK225E    ,OOP,202706,24250.0,            ,132064218,0000000.0000,0000000.0,23.46,0.462444,142064218,0000000.0000,0000000.0,41045.59,0.593409,65481.27,0.2463,2027-06-01
NK225E    ,OOP,202706,24500.0,            ,132064518,0000000.0000,0000000.0,24.75,0.460637,142064518,0000000.0000,0000000.0,40799.63,0.586121,65481.27,0.2463,2027-06-01
NK225E    ,OOP,202706,24750.0,            ,132064718,0000000.0000,0000000.0,26.09,0.458644,142064718,0000000.0000,0000000.0,40553.72,0.58184,65481.27,0.2463,2027-06-01
NK225E    ,OOP,202706,25000.0,            ,132065018,0000000.0000,0000000.0,27.48,0.457023,142065018,0000000.0000,0000000.0,40307.87,0.577584,65481.27,0.2463,2027-06-01
NK225E    ,OOP,202706,25250.0,            ,132065218,0000000.0000,0000000.0,28.94,0.455232,142065218,0000000.0000,0000000.0,40062.08,0.573351,65481.27,0.2463,2027-06-01
NK225E    ,OOP,202706,25500.0,            ,132065518,0000000.0000,0000000.0,30.46,0.452648,142065518,0000000.0000,0000000.0,39816.34,0.569141,65481.27,0.2463,2027-06-01
NK225E    ,OOP,202706,25750.0,            ,132065718,0000000.0000,0000000.0,32.03,0.451595,142065718,0000000.0000,0000000.0,39570.67,0.564954,65481.27,0.2463,2027-06-01
NK225E    ,OOP,202706,26000.0,            ,132066018,0000000.0000,0000000.0,33.66,0.449859,142066018,0000000.0000,0000000.0,39325.05,0.558095,65481.27,0.2463,2027-06-01
NK225E    ,OOP,202706,26250.0,            ,182066218,0000000.0000,0000000.0,35.36,0.447535,192066218,0000000.0000,0000000.0,39079.5,0.553998,65481.27,0.2463,2027-06-01
NK225E    ,OOP,202706,26500.0,            ,182066518,0000000.0000,0000000.0,37.12,0.446123,192066518,0000000.0000,0000000.0,38834.01,0.549922,65481.27,0.2463,2027-06-01
NK225E    ,OOP,202706,26750.0,            ,182066718,0000000.0000,0000000.0,38.95,0.444525,192066718,0000000.0000,0000000.0,38588.59,0.545867,65481.27,0.2463,2027-06-01
NK225E    ,OOP,202706,27000.0,            ,182067018,0000000.0000,0000000.0,40.84,0.442754,192067018,0000000.0000,0000000.0,38343.24,0.541832,65481.27,0.2463,2027-06-01
NK225E    ,OOP,202706,27250.0,            ,182067218,0000000.0000,0000000.0,42.81,0.440987,192067218,0000000.0000,0000000.0,38097.95,0.537818,65481.27,0.2463,2027-06-01
NK225E    ,OOP,202706,27500.0,            ,182067518,0000000.0000,0000000.0,44.85,0.439223,192067518,0000000.0000,0000000.0,37852.74,0.533823,65481.27,0.2463,2027-06-01
NK225E    ,OOP,202706,27750.0,            ,182067718,0000000.0000,0000000.0,46.96,0.437463,192067718,0000000.0000,0000000.0,37607.61,0.529848,65481.27,0.2463,2027-06-01
NK225E    ,OOP,202706,28000.0,            ,182068018,0000000.0000,0000000.0,49.15,0.435539,192068018,0000000.0000,0000000.0,37362.54,0.525893,65481.27,0.2463,2027-06-01
NK225E    ,OOP,202706,28250.0,            ,182068218,0000000.0000,0000000.0,51.41,0.433507,192068218,0000000.0000,0000000.0,37117.56,0.521957,65481.27,0.2463,2027-06-01
NK225E    ,OOP,202706,28500.0,            ,182068518,0000000.0000,0000000.0,53.75,0.431416,192068518,0000000.0000,0000000.0,36872.66,0.51804,65481.27,0.2463,2027-06-01
NK225E    ,OOP,202706,28750.0,            ,182068718,0000000.0000,0000000.0,56.18,0.430274,192068718,0000000.0000,0000000.0,36627.83,0.514142,65481.27,0.2463,2027-06-01
NK225E    ,OOP,202706,29000.0,            ,182069018,0000000.0000,0000000.0,58.69,0.428049,192069018,0000000.0000,0000000.0,36383.09,0.510263,65481.27,0.2463,2027-06-01
NK225E    ,OOP,202706,29250.0,            ,182069218,0000000.0000,0000000.0,61.28,0.42671,192069218,0000000.0000,0000000.0,36138.44,0.506401,65481.27,0.2463,2027-06-01
NK225E    ,OOP,202706,29500.0,            ,182069518,0000000.0000,0000000.0,63.97,0.42524,192069518,0000000.0000,0000000.0,35893.87,0.502558,65481.27,0.2463,2027-06-01
NK225E    ,OOP,202706,29750.0,            ,182069718,0000000.0000,0000000.0,66.74,0.42287,192069718,0000000.0000,0000000.0,35649.4,0.498733,65481.27,0.2463,2027-06-01
NK225E    ,OOP,202706,30000.0,            ,182060018,0000000.0000,0000000.0,69.6,0.421277,192060018,0000000.0000,0000000.0,35405.01,0.494926,65481.27,0.2463,2027-06-01
NK225E    ,OOP,202706,30250.0,            ,182060218,0000000.0000,0000000.0,72.56,0.419602,192060218,0000000.0000,0000000.0,35160.72,0.491136,65481.27,0.2463,2027-06-01
NK225E    ,OOP,202706,30500.0,            ,182060518,0000000.0000,0000000.0,75.62,0.417853,192060518,0000000.0000,0000000.0,34916.53,0.48939,65481.27,0.2463,2027-06-01
NK225E    ,OOP,202706,30750.0,            ,182060718,0000000.0000,0000000.0,78.77,0.416036,192060718,0000000.0000,0000000.0,34672.43,0.485605,65481.27,0.2463,2027-06-01
NK225E    ,OOP,202706,31000.0,            ,182061018,0000000.0000,0000000.0,82.03,0.414156,192061018,0000000.0000,0000000.0,34428.44,0.481837,65481.27,0.2463,2027-06-01
NK225E    ,OOP,202706,31250.0,            ,182061218,0000000.0000,0000000.0,85.39,0.412913,192061218,0000000.0000,0000000.0,34184.55,0.478085,65481.27,0.2463,2027-06-01
NK225E    ,OOP,202706,31500.0,            ,182061518,0000000.0000,0000000.0,88.86,0.410902,192061518,0000000.0000,0000000.0,33940.77,0.474351,65481.27,0.2463,2027-06-01
NK225E    ,OOP,202706,31750.0,            ,182061718,0000000.0000,0000000.0,92.43,0.40949,192061718,0000000.0000,0000000.0,33697.1,0.472493,65481.27,0.2463,2027-06-01
NK225E    ,OOP,202706,32000.0,            ,182062018,0000000.0000,0000000.0,96.12,0.407367,192062018,0000000.0000,0000000.0,33453.54,0.468766,65481.27,0.2463,2027-06-01
NK225E    ,OOP,202706,32250.0,            ,182062218,0000000.0000,0000000.0,99.93,0.405812,192062218,0000000.0000,0000000.0,33210.09,0.465055,65481.27,0.2463,2027-06-01
NK225E    ,OOP,202706,32500.0,            ,132182518,0000000.0000,0000000.0,103.85,0.404183,142182518,0000000.0000,0000000.0,32966.77,0.463122,65481.27,0.2463,2027-06-01
NK225E    ,OOP,202706,32750.0,            ,132182718,0000000.0000,0000000.0,107.89,0.402485,142182718,0000000.0000,0000000.0,32723.56,0.459419,65481.27,0.2463,2027-06-01
NK225E    ,OOP,202706,33000.0,            ,132183018,0000000.0000,0000000.0,112.05,0.400724,142183018,0000000.0000,0000000.0,32480.47,0.455734,65481.27,0.2463,2027-06-01
NK225E    ,OOP,202706,33250.0,            ,132183218,0000000.0000,0000000.0,116.34,0.398904,142183218,0000000.0000,0000000.0,32237.52,0.453733,65481.27,0.2463,2027-06-01
NK225E    ,OOP,202706,33500.0,            ,132183518,0000000.0000,0000000.0,120.76,0.39703,142183518,0000000.0000,0000000.0,31994.69,0.450057,65481.27,0.2463,2027-06-01
NK225E    ,OOP,202706,33750.0,            ,132183718,0000000.0000,0000000.0,125.32,0.395605,142183718,0000000.0000,0000000.0,31752.0,0.448004,65481.27,0.2463,2027-06-01
NK225E    ,OOP,202706,34000.0,            ,132184018,0000000.0000,0000000.0,130.01,0.394103,142184018,0000000.0000,0000000.0,31509.44,0.444338,65481.27,0.2463,2027-06-01
NK225E    ,OOP,202706,34250.0,            ,132184218,0000000.0000,0000000.0,134.84,0.392062,142184218,0000000.0000,0000000.0,31267.02,0.440689,65481.27,0.2463,2027-06-01
NK225E    ,OOP,202706,34500.0,            ,132184518,0000000.0000,0000000.0,139.81,0.390436,142184518,0000000.0000,0000000.0,31024.74,0.438583,65481.27,0.2463,2027-06-01
NK225E    ,OOP,202706,34750.0,            ,132184718,0000000.0000,0000000.0,144.93,0.388748,142184718,0000000.0000,0000000.0,30782.61,0.436437,65481.27,0.2463,2027-06-01
NK225E    ,OOP,202706,35000.0,            ,132185018,0000000.0000,0000000.0,150.2,0.387002,142185018,0000000.0000,0000000.0,30540.63,0.432796,65481.27,0.2463,2027-06-01
NK225E    ,OOP,202706,35250.0,            ,132185218,0000000.0000,0000000.0,155.63,0.385616,142185218,0000000.0000,0000000.0,30298.81,0.43061,65481.27,0.2463,2027-06-01
NK225E    ,OOP,202706,35500.0,            ,132185518,0000000.0000,0000000.0,161.21,0.383754,142185518,0000000.0000,0000000.0,30057.14,0.426981,65481.27,0.2463,2027-06-01
NK225E    ,OOP,202706,35750.0,            ,132185718,0000000.0000,0000000.0,166.95,0.382236,142185718,0000000.0000,0000000.0,29815.64,0.424758,65481.27,0.2463,2027-06-01
NK225E    ,OOP,202706,36000.0,            ,132186018,0000000.0000,0000000.0,172.86,0.380652,142186018,0000000.0000,0000000.0,29574.3,0.422503,65481.27,0.2463,2027-06-01
NK225E    ,OOP,202706,36250.0,            ,132186218,0000000.0000,0000000.0,178.94,0.379007,142186218,0000000.0000,0000000.0,29333.13,0.420218,65481.27,0.2463,2027-06-01
NK225E    ,OOP,202706,36500.0,            ,132186518,0000000.0000,0000000.0,185.2,0.377304,142186518,0000000.0000,0000000.0,29092.14,0.4166,65481.27,0.2463,2027-06-01
NK225E    ,OOP,202706,36750.0,            ,132186718,0000000.0000,0000000.0,191.64,0.375549,142186718,0000000.0000,0000000.0,28851.33,0.414285,65481.27,0.2463,2027-06-01
NK225E    ,OOP,202706,37000.0,            ,132187018,0000000.0000,0000000.0,198.25,0.374081,142187018,0000000.0000,0000000.0,28610.69,0.411943,65481.27,0.2463,2027-06-01
NK225E    ,OOP,202706,37250.0,            ,132187218,0000000.0000,0000000.0,205.06,0.372219,142187218,0000000.0000,0000000.0,28370.25,0.409575,65481.27,0.2463,2027-06-01
NK225E    ,OOP,202706,37500.0,            ,132187518,0000000.0000,0000000.0,212.06,0.370634,142187518,0000000.0000,0000000.0,28130.0,0.407183,65481.27,0.2463,2027-06-01
NK225E    ,OOP,202706,37750.0,            ,132187718,0000000.0000,0000000.0,219.26,0.36899,142187718,0000000.0000,0000000.0,27889.95,0.404768,65481.27,0.2463,2027-06-01
NK225E    ,OOP,202706,38000.0,            ,132188018,0000000.0000,0000000.0,226.66,0.367593,142188018,0000000.0000,0000000.0,27650.11,0.402331,65481.27,0.2463,2027-06-01
NK225E    ,OOP,202706,38250.0,            ,132188218,0000000.0000,0000000.0,234.28,0.365836,142188218,0000000.0000,0000000.0,27410.47,0.399874,65481.27,0.2463,2027-06-01
NK225E    ,OOP,202706,38500.0,            ,132188518,0000000.0000,0000000.0,242.1,0.364317,142188518,0000000.0000,0000000.0,27171.05,0.397396,65481.27,0.2463,2027-06-01
NK225E    ,OOP,202706,38750.0,            ,132188718,0000000.0000,0000000.0,250.15,0.362739,142188718,0000000.0000,0000000.0,26931.85,0.394899,65481.27,0.2463,2027-06-01
NK225E    ,OOP,202706,39000.0,            ,132189018,0000000.0000,0000000.0,258.42,0.361104,142189018,0000000.0000,0000000.0,26692.87,0.392384,65481.27,0.2463,2027-06-01
NK225E    ,OOP,202706,39250.0,            ,132189218,0000000.0000,0000000.0,266.93,0.359416,142189218,0000000.0000,0000000.0,26454.13,0.390905,65481.27,0.2463,2027-06-01
NK225E    ,OOP,202706,39500.0,            ,132189518,0000000.0000,0000000.0,275.67,0.357935,142189518,0000000.0000,0000000.0,26215.62,0.388337,65481.27,0.2463,2027-06-01
NK225E    ,OOP,202706,39750.0,            ,132189718,0000000.0000,0000000.0,284.65,0.356393,142189718,0000000.0000,0000000.0,25977.36,0.385754,65481.27,0.2463,2027-06-01
NK225E    ,OOP,202706,40000.0,            ,132180018,0000000.0000,0000000.0,293.9,0.354795,142180018,0000000.0000,0000000.0,25739.35,0.383156,65481.27,0.2463,2027-06-01
NK225E    ,OOP,202706,40250.0,            ,132180218,0000000.0000,0000000.0,303.39,0.353144,142180218,0000000.0000,0000000.0,25501.59,0.381521,65481.27,0.2463,2027-06-01
NK225E    ,OOP,202706,40500.0,            ,132180518,0000000.0000,0000000.0,313.15,0.351904,142180518,0000000.0000,0000000.0,25264.11,0.37888,65481.27,0.2463,2027-06-01
NK225E    ,OOP,202706,40750.0,            ,132180718,0000000.0000,0000000.0,323.19,0.350368,142180718,0000000.0000,0000000.0,25026.89,0.377165,65481.27,0.2463,2027-06-01
NK225E    ,OOP,202706,41000.0,            ,132181018,0000000.0000,0000000.0,333.5,0.348776,142181018,0000000.0000,0000000.0,24789.96,0.374483,65481.27,0.2463,2027-06-01
NK225E    ,OOP,202706,41250.0,            ,132181218,0000000.0000,0000000.0,344.1,0.347131,142181218,0000000.0000,0000000.0,24553.31,0.372694,65481.27,0.2463,2027-06-01
NK225E    ,OOP,202706,41500.0,            ,132181518,0000000.0000,0000000.0,354.99,0.345437,142181518,0000000.0000,0000000.0,24316.95,0.370861,65481.27,0.2463,2027-06-01
NK225E    ,OOP,202706,41750.0,            ,132181718,0000000.0000,0000000.0,366.19,0.34471,142181718,0000000.0000,0000000.0,24080.9,0.368986,65481.27,0.2463,2027-06-01
NK225E    ,OOP,202706,42000.0,            ,132182018,0000000.0000,0000000.0,377.7,0.342901,142182018,0000000.0000,0000000.0,23845.16,0.366221,65481.27,0.2463,2027-06-01
NK225E    ,OOP,202706,42250.0,            ,132182218,0000000.0000,0000000.0,389.52,0.341049,142182218,0000000.0000,0000000.0,23609.74,0.364284,65481.27,0.2463,2027-06-01
NK225E    ,OOP,202706,42500.0,            ,132302518,0000000.0000,0000000.0,401.68,0.340101,142302518,0000000.0000,0000000.0,23374.65,0.36231,65481.27,0.2463,2027-06-01
NK225E    ,OOP,202706,42750.0,            ,182182718,0000000.0000,0000000.0,414.17,0.338152,192182718,0000000.0000,0000000.0,23139.89,0.360299,65481.27,0.2463,2027-06-01
NK225E    ,OOP,202706,43000.0,            ,182183018,0000000.0000,0000000.0,427.01,0.337065,192183018,0000000.0000,0000000.0,22905.48,0.358254,65481.27,0.2463,2027-06-01
NK225E    ,OOP,202706,43250.0,            ,182183218,0000000.0000,0000000.0,440.21,0.335028,192183218,0000000.0000,0000000.0,22671.43,0.356175,65481.27,0.2463,2027-06-01
NK225E    ,OOP,202706,43500.0,            ,182183518,0000000.0000,0000000.0,453.77,0.333816,192183518,0000000.0000,0000000.0,22437.74,0.354822,65481.27,0.2463,2027-06-01
NK225E    ,OOP,202706,43750.0,            ,182183718,0000000.0000,0000000.0,467.71,0.332536,192183718,0000000.0000,0000000.0,22204.43,0.352667,65481.27,0.2463,2027-06-01
NK225E    ,OOP,202706,44000.0,            ,182184018,0000000.0000,0000000.0,482.03,0.330374,192184018,0000000.0000,0000000.0,21971.51,0.350484,65481.27,0.2463,2027-06-01
NK225E    ,OOP,202706,44250.0,            ,182184218,0000000.0000,0000000.0,496.75,0.328986,192184218,0000000.0000,0000000.0,21738.98,0.348986,65481.27,0.2463,2027-06-01
NK225E    ,OOP,202706,44500.0,            ,182184518,0000000.0000,0000000.0,511.88,0.327539,192184518,0000000.0000,0000000.0,21506.86,0.346735,65481.27,0.2463,2027-06-01
NK225E    ,OOP,202706,44750.0,            ,182184718,0000000.0000,0000000.0,527.44,0.326035,192184718,0000000.0000,0000000.0,21275.16,0.345145,65481.27,0.2463,2027-06-01
NK225E    ,OOP,202706,45000.0,            ,182185018,0000000.0000,0000000.0,543.41,0.325221,192185018,0000000.0000,0000000.0,21043.89,0.343505,65481.27,0.2463,2027-06-01
NK225E    ,OOP,202706,45250.0,            ,182185218,0000000.0000,0000000.0,559.84,0.323596,192185218,0000000.0000,0000000.0,20813.07,0.341156,65481.27,0.2463,2027-06-01
NK225E    ,OOP,202706,45500.0,            ,182185518,0000000.0000,0000000.0,576.72,0.321921,192185518,0000000.0000,0000000.0,20582.7,0.339435,65481.27,0.2463,2027-06-01
NK225E    ,OOP,202706,45750.0,            ,182185718,0000000.0000,0000000.0,594.07,0.320896,192185718,0000000.0000,0000000.0,20352.8,0.337668,65481.27,0.2463,2027-06-01
NK225E    ,OOP,202706,46000.0,            ,182186018,0000000.0000,0000000.0,611.9,0.319116,192186018,0000000.0000,0000000.0,20123.38,0.335858,65481.27,0.2463,2027-06-01
NK225E    ,OOP,202706,46250.0,            ,182186218,0000000.0000,0000000.0,630.23,0.31796,192186218,0000000.0000,0000000.0,19894.46,0.334006,65481.27,0.2463,2027-06-01
NK225E    ,OOP,202706,46500.0,            ,182186518,0000000.0000,0000000.0,649.06,0.316084,192186518,0000000.0000,0000000.0,19666.04,0.332715,65481.27,0.2463,2027-06-01
NK225E    ,OOP,202706,46750.0,            ,182186718,0000000.0000,0000000.0,668.41,0.314808,192186718,0000000.0000,0000000.0,19438.15,0.330774,65481.27,0.2463,2027-06-01
NK225E    ,OOP,202706,47000.0,            ,182187018,0000000.0000,0000000.0,688.3,0.313469,192187018,0000000.0000,0000000.0,19210.79,0.329374,65481.27,0.2463,2027-06-01
NK225E    ,OOP,202706,47250.0,            ,182187218,0000000.0000,0000000.0,708.75,0.312069,192187218,0000000.0000,0000000.0,18983.99,0.327349,65481.27,0.2463,2027-06-01
NK225E    ,OOP,202706,47500.0,            ,182187518,0000000.0000,0000000.0,729.76,0.310612,192187518,0000000.0000,0000000.0,18757.75,0.325848,65481.27,0.2463,2027-06-01
NK225E    ,OOP,202706,47750.0,            ,182187718,0000000.0000,0000000.0,751.35,0.309684,192187718,0000000.0000,0000000.0,18532.09,0.324294,65481.27,0.2463,2027-06-01
NK225E    ,OOP,202706,48000.0,            ,182188018,0000000.0000,0000000.0,773.53,0.308106,192188018,0000000.0000,0000000.0,18307.02,0.322688,65481.27,0.2463,2027-06-01
NK225E    ,OOP,202706,48250.0,            ,182188218,0000000.0000,0000000.0,796.33,0.306478,192188218,0000000.0000,0000000.0,18082.58,0.321033,65481.27,0.2463,2027-06-01
NK225E    ,OOP,202706,48500.0,            ,182188518,0000000.0000,0000000.0,819.77,0.305351,192188518,0000000.0000,0000000.0,17858.76,0.31933,65481.27,0.2463,2027-06-01
NK225E    ,OOP,202706,48750.0,            ,182188718,0000000.0000,0000000.0,843.85,0.304156,192188718,0000000.0000,0000000.0,17635.6,0.317581,65481.27,0.2463,2027-06-01
NK225E    ,OOP,202706,49000.0,            ,182189018,0000000.0000,0000000.0,868.59,0.302894,192189018,0000000.0000,0000000.0,17413.09,0.316287,65481.27,0.2463,2027-06-01
NK225E    ,OOP,202706,49250.0,            ,182189218,0000000.0000,0000000.0,894.03,0.301569,192189218,0000000.0000,0000000.0,17191.27,0.314442,65481.27,0.2463,2027-06-01
NK225E    ,OOP,202706,49500.0,            ,182189518,0000000.0000,0000000.0,920.15,0.300184,192189518,0000000.0000,0000000.0,16970.15,0.313037,65481.27,0.2463,2027-06-01
NK225E    ,OOP,202706,49750.0,            ,182189718,0000000.0000,0000000.0,947.0,0.298739,192189718,0000000.0000,0000000.0,16749.75,0.311575,65481.27,0.2463,2027-06-01
NK225E    ,OOP,202706,50000.0,            ,182180018,0000000.0000,0000000.0,974.59,0.297727,192180018,0000000.0000,0000000.0,16530.09,0.310059,65481.27,0.2463,2027-06-01
NK225E    ,OOP,202706,50250.0,            ,182180218,0000000.0000,0000000.0,1002.94,0.296163,192180218,0000000.0000,0000000.0,16311.2,0.308489,65481.27,0.2463,2027-06-01
NK225E    ,OOP,202706,50500.0,            ,182180518,0000000.0000,0000000.0,1032.07,0.295017,192180518,0000000.0000,0000000.0,16093.07,0.306867,65481.27,0.2463,2027-06-01
NK225E    ,OOP,202706,50750.0,            ,182180718,0000000.0000,0000000.0,1062.0,0.293803,192180718,0000000.0000,0000000.0,15875.75,0.305637,65481.27,0.2463,2027-06-01
NK225E    ,OOP,202706,51000.0,            ,182181018,0000000.0000,0000000.0,1092.74,0.292524,192181018,0000000.0000,0000000.0,15659.24,0.30391,65481.27,0.2463,2027-06-01
NK225E    ,OOP,202706,51250.0,            ,182181218,0000000.0000,0000000.0,1124.32,0.291182,192181218,0000000.0000,0000000.0,15443.57,0.302563,65481.27,0.2463,2027-06-01
NK225E    ,OOP,202706,51500.0,            ,182181518,0000000.0000,0000000.0,1156.77,0.289779,192181518,0000000.0000,0000000.0,15228.78,0.301157,65481.27,0.2463,2027-06-01
NK225E    ,OOP,202706,51750.0,            ,182181718,0000000.0000,0000000.0,1190.1,0.288745,192181718,0000000.0000,0000000.0,15014.86,0.299693,65481.27,0.2463,2027-06-01
NK225E    ,OOP,202706,52000.0,            ,182182018,0000000.0000,0000000.0,1224.33,0.28764,192182018,0000000.0000,0000000.0,14801.84,0.298173,65481.27,0.2463,2027-06-01
NK225E    ,OOP,202706,52250.0,            ,182182218,0000000.0000,0000000.0,1259.5,0.286465,192182218,0000000.0000,0000000.0,14589.76,0.296998,65481.27,0.2463,2027-06-01
NK225E    ,OOP,202706,52500.0,            ,182302518,0000000.0000,0000000.0,1295.62,0.285224,192302518,0000000.0000,0000000.0,14378.63,0.295365,65481.27,0.2463,2027-06-01
NK225E    ,OOP,202706,52750.0,            ,132302718,0000000.0000,0000000.0,1332.71,0.283917,142302718,0000000.0000,0000000.0,14168.47,0.294067,65481.27,0.2463,2027-06-01
NK225E    ,OOP,202706,53000.0,            ,132303018,0000000.0000,0000000.0,1370.8,0.28294,142303018,0000000.0000,0000000.0,13959.31,0.292708,65481.27,0.2463,2027-06-01
NK225E    ,OOP,202706,53250.0,            ,132303218,0000000.0000,0000000.0,1409.91,0.281504,142303218,0000000.0000,0000000.0,13751.17,0.291663,65481.27,0.2463,2027-06-01
NK225E    ,OOP,202706,53500.0,            ,132303518,0000000.0000,0000000.0,1450.06,0.280387,142303518,0000000.0000,0000000.0,13544.08,0.29018,65481.27,0.2463,2027-06-01
NK225E    ,OOP,202706,53750.0,            ,132303718,0000000.0000,0000000.0,1491.29,0.279574,142303718,0000000.0000,0000000.0,13338.06,0.289003,65481.27,0.2463,2027-06-01
NK225E    ,OOP,202706,54000.0,            ,132304018,0000000.0000,0000000.0,1533.62,0.278315,142304018,0000000.0000,0000000.0,13133.14,0.28776,65481.27,0.2463,2027-06-01
NK225E    ,OOP,202706,54250.0,            ,132304218,0000000.0000,0000000.0,1577.08,0.276991,142304218,0000000.0000,0000000.0,12929.35,0.286453,65481.27,0.2463,2027-06-01
NK225E    ,OOP,202706,54500.0,            ,132304518,0000000.0000,0000000.0,1621.67,0.275959,142304518,0000000.0000,0000000.0,12726.69,0.285083,65481.27,0.2463,2027-06-01
NK225E    ,OOP,202706,54750.0,            ,132304718,0000000.0000,0000000.0,1667.44,0.274854,142304718,0000000.0000,0000000.0,12525.21,0.283995,65481.27,0.2463,2027-06-01
NK225E    ,OOP,202706,55000.0,            ,132305018,0000000.0000,0000000.0,1714.41,0.274023,142305018,0000000.0000,0000000.0,12324.93,0.282838,65481.27,0.2463,2027-06-01
NK225E    ,OOP,202706,55250.0,            ,132305218,0000000.0000,0000000.0,1762.61,0.272775,142305218,0000000.0000,0000000.0,12125.88,0.281613,65481.27,0.2463,2027-06-01
NK225E    ,OOP,202706,55500.0,            ,132305518,0000000.0000,0000000.0,1812.05,0.271794,142305518,0000000.0000,0000000.0,11928.08,0.280322,65481.27,0.2463,2027-06-01
NK225E    ,OOP,202706,55750.0,            ,132305718,0000000.0000,0000000.0,1862.77,0.270738,142305718,0000000.0000,0000000.0,11731.54,0.279291,65481.27,0.2463,2027-06-01
NK225E    ,OOP,202706,56000.0,            ,132306018,0000000.0000,0000000.0,1914.81,0.269611,142306018,0000000.0000,0000000.0,11536.34,0.277869,65481.27,0.2463,2027-06-01
NK225E    ,OOP,202706,56250.0,            ,132306218,0000000.0000,0000000.0,1968.17,0.268732,142306218,0000000.0000,0000000.0,11342.45,0.277016,65481.27,0.2463,2027-06-01
NK225E    ,OOP,202706,56500.0,            ,132306518,0000000.0000,0000000.0,2022.89,0.267461,142306518,0000000.0000,0000000.0,11149.92,0.275776,65481.27,0.2463,2027-06-01
NK225E    ,OOP,202706,56750.0,            ,132306718,0000000.0000,0000000.0,2079.0,0.266744,142306718,0000000.0000,0000000.0,10958.78,0.274776,65481.27,0.2463,2027-06-01
NK225E    ,OOP,202706,57000.0,            ,132307018,0000000.0000,0000000.0,2136.52,0.265639,142307018,0000000.0000,0000000.0,10769.05,0.273401,65481.27,0.2463,2027-06-01
NK225E    ,OOP,202706,57250.0,            ,132307218,0000000.0000,0000000.0,2195.49,0.264764,142307218,0000000.0000,0000000.0,10580.77,0.27256,65481.27,0.2463,2027-06-01
NK225E    ,OOP,202706,57500.0,            ,132307518,0000000.0000,0000000.0,2255.91,0.263812,142307518,0000000.0000,0000000.0,10393.95,0.271348,65481.27,0.2463,2027-06-01
NK225E    ,OOP,202706,57750.0,            ,132307718,0000000.0000,0000000.0,2317.84,0.262784,142307718,0000000.0000,0000000.0,10208.63,0.270359,65481.27,0.2463,2027-06-01
NK225E    ,OOP,202706,58000.0,            ,132308018,0000000.0000,0000000.0,2381.29,0.261681,142308018,0000000.0000,0000000.0,10024.83,0.269296,65481.27,0.2463,2027-06-01
NK225E    ,OOP,202706,58250.0,            ,132308218,0000000.0000,0000000.0,2446.28,0.260794,142308218,0000000.0000,0000000.0,9842.57,0.268162,65481.27,0.2463,2027-06-01
NK225E    ,OOP,202706,58500.0,            ,132308518,0000000.0000,0000000.0,2512.82,0.259828,142308518,0000000.0000,0000000.0,9661.86,0.267239,65481.27,0.2463,2027-06-01
NK225E    ,OOP,202706,58750.0,            ,132308718,0000000.0000,0000000.0,2581.01,0.259067,142308718,0000000.0000,0000000.0,9482.81,0.26624,65481.27,0.2463,2027-06-01
NK225E    ,OOP,202706,59000.0,            ,132309018,0000000.0000,0000000.0,2650.82,0.258225,142309018,0000000.0000,0000000.0,9305.36,0.265443,65481.27,0.2463,2027-06-01
NK225E    ,OOP,202706,59250.0,            ,132309218,0000000.0000,0000000.0,2722.27,0.257304,142309218,0000000.0000,0000000.0,9129.57,0.264295,65481.27,0.2463,2027-06-01
NK225E    ,OOP,202706,59500.0,            ,132309518,0000000.0000,0000000.0,2795.38,0.256305,142309518,0000000.0000,0000000.0,8955.42,0.263346,65481.27,0.2463,2027-06-01
NK225E    ,OOP,202706,59750.0,            ,132309718,0000000.0000,0000000.0,2870.22,0.255499,142309718,0000000.0000,0000000.0,8783.02,0.262589,65481.27,0.2463,2027-06-01
NK225E    ,OOP,202706,60000.0,            ,132300018,0000000.0000,0000000.0,2946.81,0.254613,142300018,0000000.0000,0000000.0,8612.35,0.261488,65481.27,0.2463,2027-06-01
NK225E    ,OOP,202706,60250.0,            ,132300218,0000000.0000,0000000.0,3025.13,0.253911,142300218,0000000.0000,0000000.0,8443.42,0.260576,65481.27,0.2463,2027-06-01
NK225E    ,OOP,202706,60500.0,            ,132300518,0000000.0000,0000000.0,3105.21,0.253127,142300518,0000000.0000,0000000.0,8276.26,0.259848,65481.27,0.2463,2027-06-01
NK225E    ,OOP,202706,60750.0,            ,132300718,0000000.0000,0000000.0,3187.11,0.252262,142300718,0000000.0000,0000000.0,8110.91,0.258782,65481.27,0.2463,2027-06-01
NK225E    ,OOP,202706,61000.0,            ,132301018,0000000.0000,0000000.0,3270.84,0.251318,142301018,0000000.0000,0000000.0,7947.39,0.258152,65481.27,0.2463,2027-06-01
NK225E    ,OOP,202706,61250.0,            ,132301218,0000000.0000,0000000.0,3356.39,0.250549,142301218,0000000.0000,0000000.0,7785.7,0.257188,65481.27,0.2463,2027-06-01
NK225E    ,OOP,202706,61500.0,            ,132301518,0000000.0000,0000000.0,3443.83,0.249951,142301518,0000000.0000,0000000.0,7625.89,0.256398,65481.27,0.2463,2027-06-01
NK225E    ,OOP,202706,61750.0,            ,132301718,0000000.0000,0000000.0,3533.16,0.249019,142301718,0000000.0000,0000000.0,7467.97,0.25553,65481.27,0.2463,2027-06-01
NK225E    ,OOP,202706,62000.0,            ,132302018,0000000.0000,0000000.0,3624.39,0.248256,142302018,0000000.0000,0000000.0,7311.95,0.254831,65481.27,0.2463,2027-06-01
NK225E    ,OOP,202706,62250.0,            ,132302218,0000000.0000,0000000.0,3717.55,0.247657,142302218,0000000.0000,0000000.0,7157.85,0.254051,65481.27,0.2463,2027-06-01
NK225E    ,OOP,202706,62500.0,            ,182182518,0000000.0000,0000000.0,3812.64,0.246975,192182518,0000000.0000,0000000.0,7005.7,0.253191,65481.27,0.2463,2027-06-01
NK225E    ,OOP,202706,62750.0,            ,182302718,0000000.0000,0000000.0,3909.72,0.246209,192302718,0000000.0000,0000000.0,6855.53,0.252496,65481.27,0.2463,2027-06-01
NK225E    ,OOP,202706,63000.0,            ,182303018,0000000.0000,0000000.0,4008.75,0.245361,192303018,0000000.0000,0000000.0,6707.31,0.251719,65481.27,0.2463,2027-06-01
NK225E    ,OOP,202706,63250.0,            ,182303218,0000000.0000,0000000.0,4109.81,0.244672,192303218,0000000.0000,0000000.0,6561.12,0.251103,65481.27,0.2463,2027-06-01
NK225E    ,OOP,202706,63500.0,            ,182303518,0000000.0000,0000000.0,4212.85,0.24414,192303518,0000000.0000,0000000.0,6416.92,0.250405,65481.27,0.2463,2027-06-01
NK225E    ,OOP,202706,63750.0,            ,182303718,0000000.0000,0000000.0,4317.94,0.243522,192303718,0000000.0000,0000000.0,6274.75,0.249626,65481.27,0.2463,2027-06-01
NK225E    ,OOP,202706,64000.0,            ,182304018,0000000.0000,0000000.0,4425.05,0.24282,192304018,0000000.0000,0000000.0,6134.62,0.249003,65481.27,0.2463,2027-06-01
NK225E    ,OOP,202706,64250.0,            ,182304218,0000000.0000,0000000.0,4534.23,0.242271,192304218,0000000.0000,0000000.0,5996.54,0.248298,65481.27,0.2463,2027-06-01
NK225E    ,OOP,202706,64500.0,            ,182304518,0000000.0000,0000000.0,4645.45,0.241638,192304518,0000000.0000,0000000.0,5860.52,0.247747,65481.27,0.2463,2027-06-01
NK225E    ,OOP,202706,64750.0,            ,182304718,0000000.0000,0000000.0,4758.76,0.24092,192304718,0000000.0000,0000000.0,5726.58,0.247113,65481.27,0.2463,2027-06-01
NK225E    ,OOP,202706,65000.0,            ,182305018,0000000.0000,0000000.0,4874.13,0.240353,192305018,0000000.0000,0000000.0,5594.7,0.246397,65481.27,0.2463,2027-06-01
NK225E    ,OOP,202706,65250.0,            ,182305218,0000000.0000,0000000.0,4991.58,0.239701,192305218,0000000.0000,0000000.0,5464.9,0.245833,65481.27,0.2463,2027-06-01
NK225E    ,OOP,202706,65500.0,            ,182305518,0000000.0000,0000000.0,5111.13,0.239197,192305518,0000000.0000,0000000.0,5337.21,0.245187,65481.27,0.2463,2027-06-01
NK225E    ,OOP,202706,65750.0,            ,182305718,0000000.0000,0000000.0,5232.79,0.238609,192305718,0000000.0000,0000000.0,5211.61,0.24469,65481.27,0.2463,2027-06-01
NK225E    ,OOP,202706,66000.0,            ,182306018,0000000.0000,0000000.0,5356.54,0.238167,192306018,0000000.0000,0000000.0,5088.11,0.244111,65481.27,0.2463,2027-06-01
NK225E    ,OOP,202706,66250.0,            ,182306218,0000000.0000,0000000.0,5482.37,0.237641,192306218,0000000.0000,0000000.0,4966.7,0.243681,65481.27,0.2463,2027-06-01
NK225E    ,OOP,202706,66500.0,            ,182306518,0000000.0000,0000000.0,5610.32,0.23703,192306518,0000000.0000,0000000.0,4847.4,0.242937,65481.27,0.2463,2027-06-01
NK225E    ,OOP,202706,66750.0,            ,182306718,0000000.0000,0000000.0,5740.37,0.236566,192306718,0000000.0000,0000000.0,4730.19,0.242573,65481.27,0.2463,2027-06-01
NK225E    ,OOP,202706,67000.0,            ,182307018,0000000.0000,0000000.0,5872.52,0.236018,192307018,0000000.0000,0000000.0,4615.1,0.242127,65481.27,0.2463,2027-06-01
NK225E    ,OOP,202706,67250.0,            ,182307218,0000000.0000,0000000.0,6006.76,0.235615,192307218,0000000.0000,0000000.0,4502.09,0.241598,65481.27,0.2463,2027-06-01
NK225E    ,OOP,202706,67500.0,            ,132427518,0000000.0000,0000000.0,6143.11,0.235128,142427518,0000000.0000,0000000.0,4391.19,0.240987,65481.27,0.2463,2027-06-01
NK225E    ,OOP,202706,67750.0,            ,182307718,0000000.0000,0000000.0,6281.54,0.234557,192307718,0000000.0000,0000000.0,4282.37,0.240525,65481.27,0.2463,2027-06-01
NK225E    ,OOP,202706,68000.0,            ,182308018,0000000.0000,0000000.0,6422.07,0.234133,192308018,0000000.0000,0000000.0,4175.65,0.240212,65481.27,0.2463,2027-06-01
NK225E    ,OOP,202706,68250.0,            ,182308218,0000000.0000,0000000.0,6564.66,0.233857,192308218,0000000.0000,0000000.0,4071.0,0.239817,65481.27,0.2463,2027-06-01
NK225E    ,OOP,202706,68500.0,            ,182308518,0000000.0000,0000000.0,6709.32,0.233265,192308518,0000000.0000,0000000.0,3968.4,0.239341,65481.27,0.2463,2027-06-01
NK225E    ,OOP,202706,68750.0,            ,182308718,0000000.0000,0000000.0,6856.02,0.232821,192308718,0000000.0000,0000000.0,3867.85,0.239016,65481.27,0.2463,2027-06-01
NK225E    ,OOP,202706,69000.0,            ,182309018,0000000.0000,0000000.0,7004.78,0.232527,192309018,0000000.0000,0000000.0,3769.37,0.23861,65481.27,0.2463,2027-06-01
NK225E    ,OOP,202706,69250.0,            ,182309218,0000000.0000,0000000.0,7155.57,0.23215,192309218,0000000.0000,0000000.0,3672.91,0.238123,65481.27,0.2463,2027-06-01
NK225E    ,OOP,202706,69500.0,            ,182309518,0000000.0000,0000000.0,7308.37,0.23169,192309518,0000000.0000,0000000.0,3578.46,0.237788,65481.27,0.2463,2027-06-01
NK225E    ,OOP,202706,69750.0,            ,182309718,0000000.0000,0000000.0,7463.18,0.231382,192309718,0000000.0000,0000000.0,3486.02,0.237609,65481.27,0.2463,2027-06-01
NK225E    ,OOP,202706,70000.0,            ,182300018,0000000.0000,0000000.0,7619.99,0.230993,192300018,0000000.0000,0000000.0,3395.58,0.237114,65481.27,0.2463,2027-06-01
NK225E    ,OOP,202706,70250.0,            ,182300218,0000000.0000,0000000.0,7778.75,0.230758,192300218,0000000.0000,0000000.0,3307.09,0.236776,65481.27,0.2463,2027-06-01
NK225E    ,OOP,202706,70500.0,            ,182300518,0000000.0000,0000000.0,7939.48,0.230442,192300518,0000000.0000,0000000.0,3220.58,0.236595,65481.27,0.2463,2027-06-01
NK225E    ,OOP,202706,70750.0,            ,182300718,0000000.0000,0000000.0,8102.13,0.230044,192300718,0000000.0000,0000000.0,3135.98,0.236337,65481.27,0.2463,2027-06-01
NK225E    ,OOP,202706,71000.0,            ,182301018,0000000.0000,0000000.0,8266.7,0.229806,192301018,0000000.0000,0000000.0,3053.29,0.236,65481.27,0.2463,2027-06-01
NK225E    ,OOP,202706,71250.0,            ,182301218,0000000.0000,0000000.0,8433.16,0.229487,192301218,0000000.0000,0000000.0,2972.51,0.235826,65481.27,0.2463,2027-06-01
NK225E    ,OOP,202706,71500.0,            ,182301518,0000000.0000,0000000.0,8601.48,0.229087,192301518,0000000.0000,0000000.0,2893.58,0.235575,65481.27,0.2463,2027-06-01
NK225E    ,OOP,202706,71750.0,            ,182301718,0000000.0000,0000000.0,8771.68,0.228851,192301718,0000000.0000,0000000.0,2816.53,0.235246,65481.27,0.2463,2027-06-01
NK225E    ,OOP,202706,72000.0,            ,182302018,0000000.0000,0000000.0,8943.67,0.228784,192302018,0000000.0000,0000000.0,2741.28,0.235085,65481.27,0.2463,2027-06-01
NK225E    ,OOP,202706,72250.0,            ,182302218,0000000.0000,0000000.0,9117.5,0.22839,192302218,0000000.0000,0000000.0,2667.85,0.234849,65481.27,0.2463,2027-06-01
NK225E    ,OOP,202706,72500.0,            ,132422518,0000000.0000,0000000.0,9293.08,0.228166,142422518,0000000.0000,0000000.0,2596.18,0.234785,65481.27,0.2463,2027-06-01
NK225E    ,OOP,202706,72750.0,            ,132422718,0000000.0000,0000000.0,9470.42,0.227864,142422718,0000000.0000,0000000.0,2526.28,0.234648,65481.27,0.2463,2027-06-01
NK225E    ,OOP,202706,73000.0,            ,132423018,0000000.0000,0000000.0,9649.48,0.227738,142423018,0000000.0000,0000000.0,2458.09,0.234436,65481.27,0.2463,2027-06-01
NK225E    ,OOP,202706,73250.0,            ,132423218,0000000.0000,0000000.0,9830.27,0.227535,142423218,0000000.0000,0000000.0,2391.62,0.234148,65481.27,0.2463,2027-06-01
NK225E    ,OOP,202706,73500.0,            ,132423518,0000000.0000,0000000.0,10012.7,0.227255,142423518,0000000.0000,0000000.0,2326.81,0.234042,65481.27,0.2463,2027-06-01
NK225E    ,OOP,202706,73750.0,            ,132423718,0000000.0000,0000000.0,10196.79,0.227159,142423718,0000000.0000,0000000.0,2263.65,0.233863,65481.27,0.2463,2027-06-01
NK225E    ,OOP,202706,74000.0,            ,132424018,0000000.0000,0000000.0,10382.49,0.226989,142424018,0000000.0000,0000000.0,2202.1,0.233872,65481.27,0.2463,2027-06-01
NK225E    ,OOP,202706,74250.0,            ,132424218,0000000.0000,0000000.0,10569.79,0.226742,142424218,0000000.0000,0000000.0,2142.16,0.233811,65481.27,0.2463,2027-06-01
NK225E    ,OOP,202706,74500.0,            ,132424518,0000000.0000,0000000.0,10758.64,0.226689,142424518,0000000.0000,0000000.0,2083.76,0.233679,65481.27,0.2463,2027-06-01
NK225E    ,OOP,202706,74750.0,            ,132424718,0000000.0000,0000000.0,10949.02,0.226563,142424718,0000000.0000,0000000.0,2026.89,0.233474,65481.27,0.2463,2027-06-01
NK225E    ,OOP,202706,75000.0,            ,132425018,0000000.0000,0000000.0,11140.91,0.226363,142425018,0000000.0000,0000000.0,1971.53,0.233469,65481.27,0.2463,2027-06-01
NK225E    ,OOP,202706,75250.0,            ,132425218,0000000.0000,0000000.0,11334.28,0.226367,142425218,0000000.0000,0000000.0,1917.64,0.233395,65481.27,0.2463,2027-06-01
NK225E    ,OOP,202706,75500.0,            ,132425518,0000000.0000,0000000.0,11529.08,0.226018,142425518,0000000.0000,0000000.0,1865.2,0.23353,65481.27,0.2463,2027-06-01
NK225E    ,OOP,202706,75750.0,            ,132425718,0000000.0000,0000000.0,11725.3,0.225876,142425718,0000000.0000,0000000.0,1814.17,0.233318,65481.27,0.2463,2027-06-01
NK225E    ,OOP,202706,76000.0,            ,132426018,0000000.0000,0000000.0,11922.9,0.225952,142426018,0000000.0000,0000000.0,1764.52,0.233318,65481.27,0.2463,2027-06-01
NK225E    ,OOP,202706,76250.0,            ,132426218,0000000.0000,0000000.0,12121.88,0.225666,142426218,0000000.0000,0000000.0,1716.25,0.233252,65481.27,0.2463,2027-06-01
NK225E    ,OOP,202706,77500.0,            ,182307518,0000000.0000,0000000.0,13135.98,0.225563,192307518,0000000.0000,0000000.0,1494.11,0.233394,65481.27,0.2463,2027-06-01
NK225E    ,OOP,202706,80000.0,            ,132420018,0000000.0000,0000000.0,15249.13,0.225185,142420018,0000000.0000,0000000.0,1134.77,0.234358,65481.27,0.2463,2027-06-01
NK225E    ,OOP,202706,85000.0,            ,182425018,0000000.0000,0000000.0,19724.3,0.225476,192425018,0000000.0000,0000000.0,664.96,0.238662,65481.27,0.2463,2027-06-01
NK225E    ,OOP,202706,90000.0,            ,182420018,0000000.0000,0000000.0,24398.4,0.224359,192420018,0000000.0000,0000000.0,394.09,0.243052,65481.27,0.2463,2027-06-01
NK225E    ,OOP,202706,95000.0,            ,132545018,0000000.0000,0000000.0,29171.79,0.213973,142545018,0000000.0000,0000000.0,222.5,0.245138,65481.27,0.2463,2027-06-01
NK225E    ,OOP,202706,100000.0,            ,132540018,0000000.0000,0000000.0,33997.9,0.01,142540018,0000000.0000,0000000.0,103.63,0.240344,65481.27,0.2463,2027-06-01
NK225E    ,OOP,202707,53000.0,            ,132073018,0000000.0000,0000000.0,1523.34,0.279676,142073018,0000000.0000,0000000.0,14127.63,0.291107,65481.27,0.2463,2027-07-01
NK225E    ,OOP,202707,54000.0,            ,132074018,0000000.0000,0000000.0,1697.0,0.275323,142074018,0000000.0000,0000000.0,13313.5,0.285939,65481.27,0.2463,2027-07-01
NK225E    ,OOP,202707,55000.0,            ,132075018,0000000.0000,0000000.0,1889.45,0.271278,142075018,0000000.0000,0000000.0,12518.15,0.281475,65481.27,0.2463,2027-07-01
NK225E    ,OOP,202707,56000.0,            ,132076018,0000000.0000,0000000.0,2102.15,0.267428,142076018,0000000.0000,0000000.0,11743.06,0.276955,65481.27,0.2463,2027-07-01
NK225E    ,OOP,202707,57000.0,            ,132077018,0000000.0000,0000000.0,2336.59,0.263683,142077018,0000000.0000,0000000.0,10989.7,0.272899,65481.27,0.2463,2027-07-01
NK225E    ,OOP,202707,57500.0,            ,182077518,0000000.0000,0000000.0,2462.89,0.261966,192077518,0000000.0000,0000000.0,10622.1,0.270903,65481.27,0.2463,2027-07-01
NK225E    ,OOP,202707,57750.0,            ,182077718,0000000.0000,0000000.0,2527.93,0.261141,192077718,0000000.0000,0000000.0,10440.2,0.269808,65481.27,0.2463,2027-07-01
NK225E    ,OOP,202707,58000.0,            ,132078018,0000000.0000,0000000.0,2594.29,0.260244,142078018,0000000.0000,0000000.0,10259.61,0.268919,65481.27,0.2463,2027-07-01
NK225E    ,OOP,202707,58250.0,            ,182078218,0000000.0000,0000000.0,2662.81,0.259547,192078218,0000000.0000,0000000.0,10081.18,0.267962,65481.27,0.2463,2027-07-01
NK225E    ,OOP,202707,58500.0,            ,182078518,0000000.0000,0000000.0,2732.73,0.258776,192078518,0000000.0000,0000000.0,9904.15,0.267203,65481.27,0.2463,2027-07-01
NK225E    ,OOP,202707,58750.0,            ,182078718,0000000.0000,0000000.0,2803.99,0.257932,192078718,0000000.0000,0000000.0,9728.46,0.266111,65481.27,0.2463,2027-07-01
NK225E    ,OOP,202707,59000.0,            ,132079018,0000000.0000,0000000.0,2876.62,0.257017,142079018,0000000.0000,0000000.0,9554.14,0.265215,65481.27,0.2463,2027-07-01
NK225E    ,OOP,202707,59250.0,            ,182079218,0000000.0000,0000000.0,2951.53,0.25629,192079218,0000000.0000,0000000.0,9382.11,0.264506,65481.27,0.2463,2027-07-01
NK225E    ,OOP,202707,59500.0,            ,182079518,0000000.0000,0000000.0,3027.93,0.25549,192079518,0000000.0000,0000000.0,9211.55,0.263472,65481.27,0.2463,2027-07-01
NK225E    ,OOP,202707,59750.0,            ,182079718,0000000.0000,0000000.0,3105.72,0.254618,192079718,0000000.0000,0000000.0,9042.39,0.262623,65481.27,0.2463,2027-07-01
NK225E    ,OOP,202707,60000.0,            ,132070018,0000000.0000,0000000.0,3184.97,0.253926,142070018,0000000.0000,0000000.0,8874.7,0.261955,65481.27,0.2463,2027-07-01
NK225E    ,OOP,202707,60250.0,            ,182070218,0000000.0000,0000000.0,3266.6,0.25316,192070218,0000000.0000,0000000.0,8709.38,0.260966,65481.27,0.2463,2027-07-01
NK225E    ,OOP,202707,60500.0,            ,182070518,0000000.0000,0000000.0,3349.77,0.252567,192070518,0000000.0000,0000000.0,8545.6,0.260156,65481.27,0.2463,2027-07-01
NK225E    ,OOP,202707,60750.0,            ,182070718,0000000.0000,0000000.0,3434.41,0.251653,192070718,0000000.0000,0000000.0,8383.3,0.259519,65481.27,0.2463,2027-07-01
NK225E    ,OOP,202707,61000.0,            ,132071018,0000000.0000,0000000.0,3520.59,0.250912,142071018,0000000.0000,0000000.0,8222.53,0.258567,65481.27,0.2463,2027-07-01
NK225E    ,OOP,202707,61250.0,            ,182071218,0000000.0000,0000000.0,3609.26,0.250337,192071218,0000000.0000,0000000.0,8064.24,0.257787,65481.27,0.2463,2027-07-01
NK225E    ,OOP,202707,61500.0,            ,182071518,0000000.0000,0000000.0,3699.48,0.249687,192071518,0000000.0000,0000000.0,7907.51,0.257174,65481.27,0.2463,2027-07-01
NK225E    ,OOP,202707,61750.0,            ,182071718,0000000.0000,0000000.0,3791.24,0.248961,192071718,0000000.0000,0000000.0,7752.33,0.256488,65481.27,0.2463,2027-07-01
NK225E    ,OOP,202707,62000.0,            ,132072018,0000000.0000,0000000.0,3884.6,0.248162,142072018,0000000.0000,0000000.0,7598.74,0.255729,65481.27,0.2463,2027-07-01
NK225E    ,OOP,202707,62250.0,            ,182072218,0000000.0000,0000000.0,3980.54,0.247523,192072218,0000000.0000,0000000.0,7447.73,0.254898,65481.27,0.2463,2027-07-01
NK225E    ,OOP,202707,62500.0,            ,182072518,0000000.0000,0000000.0,4078.08,0.247042,192072518,0000000.0000,0000000.0,7298.32,0.254229,65481.27,0.2463,2027-07-01
NK225E    ,OOP,202707,62750.0,            ,182072718,0000000.0000,0000000.0,4177.24,0.246252,192072718,0000000.0000,0000000.0,7150.53,0.253487,65481.27,0.2463,2027-07-01
NK225E    ,OOP,202707,63000.0,            ,182073018,0000000.0000,0000000.0,4278.03,0.245619,192073018,0000000.0000,0000000.0,7004.37,0.252903,65481.27,0.2463,2027-07-01
NK225E    ,OOP,202707,63250.0,            ,132073218,0000000.0000,0000000.0,4381.41,0.245139,142073218,0000000.0000,0000000.0,6860.81,0.252245,65481.27,0.2463,2027-07-01
NK225E    ,OOP,202707,63500.0,            ,132073518,0000000.0000,0000000.0,4486.47,0.244355,142073518,0000000.0000,0000000.0,6718.92,0.251742,65481.27,0.2463,2027-07-01
NK225E    ,OOP,202707,63750.0,            ,132073718,0000000.0000,0000000.0,4593.19,0.243949,142073718,0000000.0000,0000000.0,6578.69,0.250938,65481.27,0.2463,2027-07-01
NK225E    ,OOP,202707,64000.0,            ,182074018,0000000.0000,0000000.0,4701.58,0.243242,192074018,0000000.0000,0000000.0,6440.13,0.250287,65481.27,0.2463,2027-07-01
NK225E    ,OOP,202707,64250.0,            ,132074218,0000000.0000,0000000.0,4812.61,0.242683,142074218,0000000.0000,0000000.0,6304.21,0.249788,65481.27,0.2463,2027-07-01
NK225E    ,OOP,202707,64500.0,            ,132074518,0000000.0000,0000000.0,4925.35,0.242049,142074518,0000000.0000,0000000.0,6170.0,0.249215,65481.27,0.2463,2027-07-01
NK225E    ,OOP,202707,64750.0,            ,132074718,0000000.0000,0000000.0,5039.78,0.241563,142074718,0000000.0000,0000000.0,6037.48,0.248568,65481.27,0.2463,2027-07-01
NK225E    ,OOP,202707,65000.0,            ,182075018,0000000.0000,0000000.0,5155.9,0.241,192075018,0000000.0000,0000000.0,5906.65,0.248071,65481.27,0.2463,2027-07-01
NK225E    ,OOP,202707,65250.0,            ,132075218,0000000.0000,0000000.0,5274.68,0.240583,142075218,0000000.0000,0000000.0,5778.49,0.247499,65481.27,0.2463,2027-07-01
NK225E    ,OOP,202707,65500.0,            ,132075518,0000000.0000,0000000.0,5395.18,0.239869,142075518,0000000.0000,0000000.0,5652.04,0.246854,65481.27,0.2463,2027-07-01
NK225E    ,OOP,202707,65750.0,            ,132075718,0000000.0000,0000000.0,5517.37,0.239521,142075718,0000000.0000,0000000.0,5527.28,0.246357,65481.27,0.2463,2027-07-01
NK225E    ,OOP,202707,66000.0,            ,182076018,0000000.0000,0000000.0,5641.28,0.238876,192076018,0000000.0000,0000000.0,5404.24,0.245786,65481.27,0.2463,2027-07-01
NK225E    ,OOP,202707,66250.0,            ,132076218,0000000.0000,0000000.0,5767.84,0.238375,142076218,0000000.0000,0000000.0,5283.86,0.245361,65481.27,0.2463,2027-07-01
NK225E    ,OOP,202707,66500.0,            ,132076518,0000000.0000,0000000.0,5896.14,0.238019,142076518,0000000.0000,0000000.0,5165.2,0.244862,65481.27,0.2463,2027-07-01
NK225E    ,OOP,202707,66750.0,            ,132076718,0000000.0000,0000000.0,6026.14,0.237367,142076718,0000000.0000,0000000.0,5048.25,0.244291,65481.27,0.2463,2027-07-01
NK225E    ,OOP,202707,67000.0,            ,182077018,0000000.0000,0000000.0,6157.84,0.237078,192077018,0000000.0000,0000000.0,4933.01,0.243865,65481.27,0.2463,2027-07-01
NK225E    ,OOP,202707,67250.0,            ,132077218,0000000.0000,0000000.0,6292.2,0.236495,142077218,0000000.0000,0000000.0,4820.41,0.243366,65481.27,0.2463,2027-07-01
NK225E    ,OOP,202707,67500.0,            ,132077518,0000000.0000,0000000.0,6428.27,0.236055,142077518,0000000.0000,0000000.0,4709.54,0.243012,65481.27,0.2463,2027-07-01
NK225E    ,OOP,202707,67750.0,            ,132077718,0000000.0000,0000000.0,6566.01,0.235759,142077718,0000000.0000,0000000.0,4600.34,0.242586,65481.27,0.2463,2027-07-01
NK225E    ,OOP,202707,68000.0,            ,182078018,0000000.0000,0000000.0,6705.47,0.235169,192078018,0000000.0000,0000000.0,4492.84,0.242087,65481.27,0.2463,2027-07-01
NK225E    ,OOP,202707,68250.0,            ,132078218,0000000.0000,0000000.0,6847.54,0.234723,142078218,0000000.0000,0000000.0,4387.96,0.241734,65481.27,0.2463,2027-07-01
NK225E    ,OOP,202707,68500.0,            ,132078518,0000000.0000,0000000.0,6991.3,0.234422,142078518,0000000.0000,0000000.0,4284.78,0.241309,65481.27,0.2463,2027-07-01
NK225E    ,OOP,202707,68750.0,            ,132078718,0000000.0000,0000000.0,7136.71,0.234046,142078718,0000000.0000,0000000.0,4183.24,0.241032,65481.27,0.2463,2027-07-01
NK225E    ,OOP,202707,69000.0,            ,182079018,0000000.0000,0000000.0,7283.8,0.233596,192079018,0000000.0000,0000000.0,4083.38,0.240462,65481.27,0.2463,2027-07-01
NK225E    ,OOP,202707,69250.0,            ,132079218,0000000.0000,0000000.0,7433.44,0.233293,142079218,0000000.0000,0000000.0,3986.07,0.240261,65481.27,0.2463,2027-07-01
NK225E    ,OOP,202707,69500.0,            ,132079518,0000000.0000,0000000.0,7584.74,0.232916,142079518,0000000.0000,0000000.0,3890.42,0.239768,65481.27,0.2463,2027-07-01
NK225E    ,OOP,202707,69750.0,            ,132079718,0000000.0000,0000000.0,7737.65,0.232464,142079718,0000000.0000,0000000.0,3796.38,0.239424,65481.27,0.2463,2027-07-01
NK225E    ,OOP,202707,70000.0,            ,182070018,0000000.0000,0000000.0,7892.19,0.232162,192070018,0000000.0000,0000000.0,3703.98,0.239232,65481.27,0.2463,2027-07-01
NK225E    ,OOP,202707,70250.0,            ,132070218,0000000.0000,0000000.0,8049.22,0.231787,142070218,0000000.0000,0000000.0,3614.05,0.23897,65481.27,0.2463,2027-07-01
NK225E    ,OOP,202707,70500.0,            ,132070518,0000000.0000,0000000.0,8207.85,0.231338,142070518,0000000.0000,0000000.0,3525.74,0.238638,65481.27,0.2463,2027-07-01
NK225E    ,OOP,202707,70750.0,            ,132070718,0000000.0000,0000000.0,8368.04,0.231041,142070718,0000000.0000,0000000.0,3438.98,0.238234,65481.27,0.2463,2027-07-01
NK225E    ,OOP,202707,71000.0,            ,182071018,0000000.0000,0000000.0,8529.82,0.230671,192071018,0000000.0000,0000000.0,3353.81,0.237986,65481.27,0.2463,2027-07-01
NK225E    ,OOP,202707,71250.0,            ,132071218,0000000.0000,0000000.0,8693.99,0.230457,142071218,0000000.0000,0000000.0,3271.03,0.237669,65481.27,0.2463,2027-07-01
NK225E    ,OOP,202707,71500.0,            ,132071518,0000000.0000,0000000.0,8859.68,0.230172,142071518,0000000.0000,0000000.0,3189.77,0.23751,65481.27,0.2463,2027-07-01
NK225E    ,OOP,202707,71750.0,            ,132071718,0000000.0000,0000000.0,9026.9,0.229814,142071718,0000000.0000,0000000.0,3110.04,0.237052,65481.27,0.2463,2027-07-01
NK225E    ,OOP,202707,72000.0,            ,182072018,0000000.0000,0000000.0,9195.63,0.229616,192072018,0000000.0000,0000000.0,3031.83,0.236986,65481.27,0.2463,2027-07-01
NK225E    ,OOP,202707,72250.0,            ,132072218,0000000.0000,0000000.0,9366.66,0.229348,142072218,0000000.0000,0000000.0,2955.9,0.236621,65481.27,0.2463,2027-07-01
NK225E    ,OOP,202707,72500.0,            ,132072518,0000000.0000,0000000.0,9539.14,0.229009,142072518,0000000.0000,0000000.0,2881.44,0.23642,65481.27,0.2463,2027-07-01
NK225E    ,OOP,202707,72750.0,            ,132072718,0000000.0000,0000000.0,9713.08,0.228835,142072718,0000000.0000,0000000.0,2808.43,0.236151,65481.27,0.2463,2027-07-01
NK225E    ,OOP,202707,73000.0,            ,132193018,0000000.0000,0000000.0,9888.45,0.228352,142193018,0000000.0000,0000000.0,2736.85,0.236051,65481.27,0.2463,2027-07-01
NK225E    ,OOP,202707,73250.0,            ,182073218,0000000.0000,0000000.0,10065.99,0.228278,192073218,0000000.0000,0000000.0,2667.44,0.235885,65481.27,0.2463,2027-07-01
NK225E    ,OOP,202707,74000.0,            ,132194018,0000000.0000,0000000.0,10606.91,0.227399,142194018,0000000.0000,0000000.0,2467.52,0.23523,65481.27,0.2463,2027-07-01
NK225E    ,OOP,202707,75000.0,            ,132195018,0000000.0000,0000000.0,11349.55,0.226587,142195018,0000000.0000,0000000.0,2222.36,0.234584,65481.27,0.2463,2027-07-01
NK225E    ,OOP,202707,76000.0,            ,132196018,0000000.0000,0000000.0,12114.82,0.225991,142196018,0000000.0000,0000000.0,1999.84,0.234187,65481.27,0.2463,2027-07-01
NK225E    ,OOP,202707,77000.0,            ,132197018,0000000.0000,0000000.0,12901.14,0.225145,142197018,0000000.0000,0000000.0,1798.37,0.233858,65481.27,0.2463,2027-07-01
NK225E    ,OOP,202707,78000.0,            ,132198018,0000000.0000,0000000.0,13706.94,0.224669,142198018,0000000.0000,0000000.0,1616.37,0.233668,65481.27,0.2463,2027-07-01
NK225E    ,OOP,202707,79000.0,            ,132199018,0000000.0000,0000000.0,14530.57,0.224075,142199018,0000000.0000,0000000.0,1452.21,0.233706,65481.27,0.2463,2027-07-01
NK225E    ,OOP,202707,80000.0,            ,132190018,0000000.0000,0000000.0,15370.52,0.223419,142190018,0000000.0000,0000000.0,1304.36,0.233762,65481.27,0.2463,2027-07-01
NK225E    ,OOP,202707,81000.0,            ,132191018,0000000.0000,0000000.0,16225.25,0.223117,142191018,0000000.0000,0000000.0,1171.29,0.233576,65481.27,0.2463,2027-07-01
NK225E    ,OOP,202707,82000.0,            ,132192018,0000000.0000,0000000.0,17093.34,0.222579,142192018,0000000.0000,0000000.0,1051.59,0.233882,65481.27,0.2463,2027-07-01
NK225E    ,OOP,202707,83000.0,            ,182193018,0000000.0000,0000000.0,17973.44,0.221838,192193018,0000000.0000,0000000.0,943.89,0.234097,65481.27,0.2463,2027-07-01
NK225E    ,OOP,202708,53000.0,            ,132083018,0000000.0000,0000000.0,1726.79,0.278771,142083018,0000000.0000,0000000.0,14408.15,0.289092,65481.27,0.2463,2027-08-01
NK225E    ,OOP,202708,54000.0,            ,132084018,0000000.0000,0000000.0,1893.94,0.273291,142084018,0000000.0000,0000000.0,13589.0,0.283155,65481.27,0.2463,2027-08-01
NK225E    ,OOP,202708,55000.0,            ,132085018,0000000.0000,0000000.0,2087.52,0.269133,142085018,0000000.0000,0000000.0,12796.28,0.278272,65481.27,0.2463,2027-08-01
NK225E    ,OOP,202708,56000.0,            ,132086018,0000000.0000,0000000.0,2308.1,0.265208,142086018,0000000.0000,0000000.0,12030.57,0.274246,65481.27,0.2463,2027-08-01
NK225E    ,OOP,202708,57000.0,            ,132087018,0000000.0000,0000000.0,2556.11,0.261965,142087018,0000000.0000,0000000.0,11292.28,0.270388,65481.27,0.2463,2027-08-01
NK225E    ,OOP,202708,58000.0,            ,132088018,0000000.0000,0000000.0,2831.72,0.259266,142088018,0000000.0000,0000000.0,10581.59,0.26739,65481.27,0.2463,2027-08-01
NK225E    ,OOP,202708,59000.0,            ,132089018,0000000.0000,0000000.0,3135.04,0.256758,142089018,0000000.0000,0000000.0,9898.62,0.264382,65481.27,0.2463,2027-08-01
NK225E    ,OOP,202708,59500.0,            ,182089518,0000000.0000,0000000.0,3297.62,0.255587,192089518,0000000.0000,0000000.0,9568.06,0.263221,65481.27,0.2463,2027-08-01
NK225E    ,OOP,202708,59750.0,            ,182089718,0000000.0000,0000000.0,3381.03,0.2549,192089718,0000000.0000,0000000.0,9404.89,0.262542,65481.27,0.2463,2027-08-01
NK225E    ,OOP,202708,60000.0,            ,132080018,0000000.0000,0000000.0,3465.93,0.254383,142080018,0000000.0000,0000000.0,9243.21,0.261799,65481.27,0.2463,2027-08-01
NK225E    ,OOP,202708,60250.0,            ,182080218,0000000.0000,0000000.0,3553.24,0.253798,192080218,0000000.0000,0000000.0,9083.95,0.261225,65481.27,0.2463,2027-08-01
NK225E    ,OOP,202708,60500.0,            ,182080518,0000000.0000,0000000.0,3642.02,0.253376,192080518,0000000.0000,0000000.0,8926.16,0.260816,65481.27,0.2463,2027-08-01
NK225E    ,OOP,202708,60750.0,            ,182080718,0000000.0000,0000000.0,3732.34,0.252885,192080718,0000000.0000,0000000.0,8769.9,0.26011,65481.27,0.2463,2027-08-01
NK225E    ,OOP,202708,61000.0,            ,132081018,0000000.0000,0000000.0,3824.12,0.252326,142081018,0000000.0000,0000000.0,8615.11,0.259568,65481.27,0.2463,2027-08-01
NK225E    ,OOP,202708,61250.0,            ,182081218,0000000.0000,0000000.0,3918.12,0.251699,192081218,0000000.0000,0000000.0,8462.54,0.258961,65481.27,0.2463,2027-08-01
NK225E    ,OOP,202708,61500.0,            ,182081518,0000000.0000,0000000.0,4013.65,0.25123,192081518,0000000.0000,0000000.0,8311.49,0.258512,65481.27,0.2463,2027-08-01
NK225E    ,OOP,202708,61750.0,            ,182081718,0000000.0000,0000000.0,4110.69,0.250916,192081718,0000000.0000,0000000.0,8161.96,0.257997,65481.27,0.2463,2027-08-01
NK225E    ,OOP,202708,62000.0,            ,132082018,0000000.0000,0000000.0,4209.29,0.25031,142082018,0000000.0000,0000000.0,8013.99,0.257416,65481.27,0.2463,2027-08-01
NK225E    ,OOP,202708,62250.0,            ,182082218,0000000.0000,0000000.0,4309.9,0.249858,192082218,0000000.0000,0000000.0,7868.02,0.25699,65481.27,0.2463,2027-08-01
NK225E    ,OOP,202708,62500.0,            ,182082518,0000000.0000,0000000.0,4412.05,0.249338,192082518,0000000.0000,0000000.0,7723.6,0.256497,65481.27,0.2463,2027-08-01
NK225E    ,OOP,202708,62750.0,            ,182082718,0000000.0000,0000000.0,4515.79,0.248969,192082718,0000000.0000,0000000.0,7580.77,0.255939,65481.27,0.2463,2027-08-01
NK225E    ,OOP,202708,63000.0,            ,182083018,0000000.0000,0000000.0,4621.07,0.248531,192083018,0000000.0000,0000000.0,7439.47,0.255316,65481.27,0.2463,2027-08-01
NK225E    ,OOP,202708,63250.0,            ,182083218,0000000.0000,0000000.0,4728.21,0.248025,192083218,0000000.0000,0000000.0,7300.03,0.254844,65481.27,0.2463,2027-08-01
NK225E    ,OOP,202708,63500.0,            ,132083518,0000000.0000,0000000.0,4836.98,0.247452,142083518,0000000.0000,0000000.0,7162.23,0.254307,65481.27,0.2463,2027-08-01
NK225E    ,OOP,202708,63750.0,            ,132083718,0000000.0000,0000000.0,4947.27,0.247027,142083718,0000000.0000,0000000.0,7025.94,0.253918,65481.27,0.2463,2027-08-01
NK225E    ,OOP,202708,64000.0,            ,182084018,0000000.0000,0000000.0,5059.15,0.246534,192084018,0000000.0000,0000000.0,6891.25,0.253464,65481.27,0.2463,2027-08-01
NK225E    ,OOP,202708,64250.0,            ,132084218,0000000.0000,0000000.0,5172.79,0.246186,142084218,0000000.0000,0000000.0,6758.32,0.252944,65481.27,0.2463,2027-08-01
NK225E    ,OOP,202708,64500.0,            ,132084518,0000000.0000,0000000.0,5288.01,0.24577,142084518,0000000.0000,0000000.0,6626.97,0.252571,65481.27,0.2463,2027-08-01
NK225E    ,OOP,202708,64750.0,            ,132084718,0000000.0000,0000000.0,5404.8,0.245287,142084718,0000000.0000,0000000.0,6497.19,0.251921,65481.27,0.2463,2027-08-01
NK225E    ,OOP,202708,65000.0,            ,182085018,0000000.0000,0000000.0,5523.2,0.244738,192085018,0000000.0000,0000000.0,6369.01,0.251628,65481.27,0.2463,2027-08-01
NK225E    ,OOP,202708,65250.0,            ,132085218,0000000.0000,0000000.0,5643.24,0.244332,142085218,0000000.0000,0000000.0,6242.47,0.25106,65481.27,0.2463,2027-08-01
NK225E    ,OOP,202708,65500.0,            ,132085518,0000000.0000,0000000.0,5764.88,0.24386,142085518,0000000.0000,0000000.0,6117.55,0.250637,65481.27,0.2463,2027-08-01
NK225E    ,OOP,202708,65750.0,            ,132085718,0000000.0000,0000000.0,5888.11,0.243529,142085718,0000000.0000,0000000.0,5994.19,0.250149,65481.27,0.2463,2027-08-01
NK225E    ,OOP,202708,66000.0,            ,182086018,0000000.0000,0000000.0,6012.9,0.242924,192086018,0000000.0000,0000000.0,5872.42,0.249596,65481.27,0.2463,2027-08-01
NK225E    ,OOP,202708,66250.0,            ,132086218,0000000.0000,0000000.0,6139.33,0.242668,142086218,0000000.0000,0000000.0,5752.27,0.249188,65481.27,0.2463,2027-08-01
NK225E    ,OOP,202708,66500.0,            ,132086518,0000000.0000,0000000.0,6267.35,0.242139,142086518,0000000.0000,0000000.0,5633.71,0.248715,65481.27,0.2463,2027-08-01
NK225E    ,OOP,202708,66750.0,            ,132086718,0000000.0000,0000000.0,6396.94,0.241751,142086718,0000000.0000,0000000.0,5516.73,0.248385,65481.27,0.2463,2027-08-01
NK225E    ,OOP,202708,67000.0,            ,182087018,0000000.0000,0000000.0,6528.11,0.241297,192087018,0000000.0000,0000000.0,5401.33,0.247784,65481.27,0.2463,2027-08-01
NK225E    ,OOP,202708,67250.0,            ,132087218,0000000.0000,0000000.0,6660.89,0.240778,142087218,0000000.0000,0000000.0,5287.53,0.247326,65481.27,0.2463,2027-08-01
NK225E    ,OOP,202708,67500.0,            ,132087518,0000000.0000,0000000.0,6795.23,0.240399,142087518,0000000.0000,0000000.0,5175.3,0.247012,65481.27,0.2463,2027-08-01
NK225E    ,OOP,202708,67750.0,            ,132087718,0000000.0000,0000000.0,6931.14,0.239956,142087718,0000000.0000,0000000.0,5064.64,0.246426,65481.27,0.2463,2027-08-01
NK225E    ,OOP,202708,68000.0,            ,182088018,0000000.0000,0000000.0,7068.63,0.239446,192088018,0000000.0000,0000000.0,4955.56,0.245984,65481.27,0.2463,2027-08-01
NK225E    ,OOP,202708,68250.0,            ,132088218,0000000.0000,0000000.0,7207.75,0.239079,142088218,0000000.0000,0000000.0,4848.1,0.245686,65481.27,0.2463,2027-08-01
NK225E    ,OOP,202708,68500.0,            ,132088518,0000000.0000,0000000.0,7348.42,0.238439,142088518,0000000.0000,0000000.0,4742.2,0.245117,65481.27,0.2463,2027-08-01
NK225E    ,OOP,202708,68750.0,            ,132088718,0000000.0000,0000000.0,7490.64,0.238148,142088718,0000000.0000,0000000.0,4637.84,0.244692,65481.27,0.2463,2027-08-01
NK225E    ,OOP,202708,69000.0,            ,182089018,0000000.0000,0000000.0,7634.42,0.237585,192089018,0000000.0000,0000000.0,4535.04,0.244204,65481.27,0.2463,2027-08-01
NK225E    ,OOP,202708,69250.0,            ,132089218,0000000.0000,0000000.0,7779.88,0.237165,142089218,0000000.0000,0000000.0,4433.93,0.243861,65481.27,0.2463,2027-08-01
NK225E    ,OOP,202708,69500.0,            ,132089518,0000000.0000,0000000.0,7926.86,0.23668,142089518,0000000.0000,0000000.0,4334.34,0.243455,65481.27,0.2463,2027-08-01
NK225E    ,OOP,202708,69750.0,            ,132089718,0000000.0000,0000000.0,8075.37,0.236339,142089718,0000000.0000,0000000.0,4236.28,0.242986,65481.27,0.2463,2027-08-01
NK225E    ,OOP,202708,70000.0,            ,182080018,0000000.0000,0000000.0,8225.4,0.235933,192080018,0000000.0000,0000000.0,4139.73,0.242454,65481.27,0.2463,2027-08-01
NK225E    ,OOP,202708,70250.0,            ,132080218,0000000.0000,0000000.0,8377.17,0.235463,142080218,0000000.0000,0000000.0,4044.93,0.242069,65481.27,0.2463,2027-08-01
NK225E    ,OOP,202708,70500.0,            ,132080518,0000000.0000,0000000.0,8530.47,0.234929,142080518,0000000.0000,0000000.0,3951.65,0.241621,65481.27,0.2463,2027-08-01
NK225E    ,OOP,202708,70750.0,            ,132080718,0000000.0000,0000000.0,8685.23,0.234541,142080718,0000000.0000,0000000.0,3859.84,0.241322,65481.27,0.2463,2027-08-01
NK225E    ,OOP,202708,71000.0,            ,182081018,0000000.0000,0000000.0,8841.5,0.234088,192081018,0000000.0000,0000000.0,3769.54,0.240961,65481.27,0.2463,2027-08-01
NK225E    ,OOP,202708,71250.0,            ,132081218,0000000.0000,0000000.0,8999.6,0.233571,142081218,0000000.0000,0000000.0,3681.07,0.240539,65481.27,0.2463,2027-08-01
NK225E    ,OOP,202708,71500.0,            ,132081518,0000000.0000,0000000.0,9159.17,0.233204,142081518,0000000.0000,0000000.0,3594.06,0.240054,65481.27,0.2463,2027-08-01
NK225E    ,OOP,202708,71750.0,            ,132081718,0000000.0000,0000000.0,9320.19,0.232772,142081718,0000000.0000,0000000.0,3508.51,0.239721,65481.27,0.2463,2027-08-01
NK225E    ,OOP,202708,72000.0,            ,182082018,0000000.0000,0000000.0,9482.68,0.232277,192082018,0000000.0000,0000000.0,3424.42,0.239327,65481.27,0.2463,2027-08-01
NK225E    ,OOP,202708,72250.0,            ,132082218,0000000.0000,0000000.0,9647.07,0.231934,142082218,0000000.0000,0000000.0,3342.24,0.238871,65481.27,0.2463,2027-08-01
NK225E    ,OOP,202708,72500.0,            ,132082518,0000000.0000,0000000.0,9812.88,0.231527,142082518,0000000.0000,0000000.0,3261.47,0.23857,65481.27,0.2463,2027-08-01
NK225E    ,OOP,202708,72750.0,            ,132082718,0000000.0000,0000000.0,9980.1,0.231058,142082718,0000000.0000,0000000.0,3182.12,0.238209,65481.27,0.2463,2027-08-01
NK225E    ,OOP,202708,73000.0,            ,132203018,0000000.0000,0000000.0,10148.72,0.230744,142203018,0000000.0000,0000000.0,3104.16,0.237787,65481.27,0.2463,2027-08-01
NK225E    ,OOP,202708,73250.0,            ,132083218,0000000.0000,0000000.0,10319.34,0.230369,142083218,0000000.0000,0000000.0,3028.21,0.237524,65481.27,0.2463,2027-08-01
NK225E    ,OOP,202708,74000.0,            ,132204018,0000000.0000,0000000.0,10839.41,0.229087,142204018,0000000.0000,0000000.0,2808.56,0.236375,65481.27,0.2463,2027-08-01
NK225E    ,OOP,202708,75000.0,            ,132205018,0000000.0000,0000000.0,11554.38,0.227561,142205018,0000000.0000,0000000.0,2537.23,0.235135,65481.27,0.2463,2027-08-01
NK225E    ,OOP,202708,76000.0,            ,132206018,0000000.0000,0000000.0,12293.06,0.226219,142206018,0000000.0000,0000000.0,2289.62,0.234121,65481.27,0.2463,2027-08-01
NK225E    ,OOP,202708,77000.0,            ,132207018,0000000.0000,0000000.0,13054.77,0.225128,142207018,0000000.0000,0000000.0,2065.04,0.233152,65481.27,0.2463,2027-08-01
NK225E    ,OOP,202708,78000.0,            ,132208018,0000000.0000,0000000.0,13838.64,0.224105,142208018,0000000.0000,0000000.0,1862.6,0.232537,65481.27,0.2463,2027-08-01
NK225E    ,OOP,202708,79000.0,            ,132209018,0000000.0000,0000000.0,14643.64,0.223492,142209018,0000000.0000,0000000.0,1681.31,0.232106,65481.27,0.2463,2027-08-01
NK225E    ,OOP,202708,80000.0,            ,132200018,0000000.0000,0000000.0,15468.6,0.222827,142200018,0000000.0000,0000000.0,1519.98,0.231936,65481.27,0.2463,2027-08-01
NK225E    ,OOP,202708,81000.0,            ,132201018,0000000.0000,0000000.0,16312.2,0.222475,142201018,0000000.0000,0000000.0,1377.28,0.232124,65481.27,0.2463,2027-08-01
NK225E    ,OOP,202708,82000.0,            ,132202018,0000000.0000,0000000.0,17173.09,0.222553,142202018,0000000.0000,0000000.0,1251.88,0.232782,65481.27,0.2463,2027-08-01
NK225E    ,OOP,202708,83000.0,            ,182203018,0000000.0000,0000000.0,18049.79,0.222859,192203018,0000000.0000,0000000.0,1142.28,0.233388,65481.27,0.2463,2027-08-01
NK225E    ,OOP,202709,20000.0,            ,182210018,0000000.0000,0000000.0,19.77,0.462496,192210018,0000000.0000,0000000.0,45238.38,0.648046,65481.27,0.2463,2027-09-01
NK225E    ,OOP,202709,21000.0,            ,182211018,0000000.0000,0000000.0,25.13,0.455639,192211018,0000000.0000,0000000.0,44258.64,0.625262,65481.27,0.2463,2027-09-01
NK225E    ,OOP,202709,22000.0,            ,182212018,0000000.0000,0000000.0,31.47,0.448572,192212018,0000000.0000,0000000.0,43279.89,0.603531,65481.27,0.2463,2027-09-01
NK225E    ,OOP,202709,23000.0,            ,182213018,0000000.0000,0000000.0,38.91,0.44284,192213018,0000000.0000,0000000.0,42302.22,0.584692,65481.27,0.2463,2027-09-01
NK225E    ,OOP,202709,24000.0,            ,182214018,0000000.0000,0000000.0,47.53,0.435742,192214018,0000000.0000,0000000.0,41325.75,0.564682,65481.27,0.2463,2027-09-01
NK225E    ,OOP,202709,25000.0,            ,182215018,0000000.0000,0000000.0,57.47,0.429449,192215018,0000000.0000,0000000.0,40350.59,0.547215,65481.27,0.2463,2027-09-01
NK225E    ,OOP,202709,26000.0,            ,182216018,0000000.0000,0000000.0,68.83,0.422804,192216018,0000000.0000,0000000.0,39376.86,0.530298,65481.27,0.2463,2027-09-01
NK225E    ,OOP,202709,27000.0,            ,182217018,0000000.0000,0000000.0,81.75,0.415873,192217018,0000000.0000,0000000.0,38404.67,0.515447,65481.27,0.2463,2027-09-01
NK225E    ,OOP,202709,28000.0,            ,182218018,0000000.0000,0000000.0,96.34,0.409954,192218018,0000000.0000,0000000.0,37434.17,0.500893,65481.27,0.2463,2027-09-01
NK225E    ,OOP,202709,29000.0,            ,132339018,0000000.0000,0000000.0,112.76,0.403538,142339018,0000000.0000,0000000.0,36465.49,0.486619,65481.27,0.2463,2027-09-01
NK225E    ,OOP,202709,30000.0,            ,132330018,0000000.0000,0000000.0,131.15,0.397215,142330018,0000000.0000,0000000.0,35498.78,0.47261,65481.27,0.2463,2027-09-01
NK225E    ,OOP,202709,31000.0,            ,132331018,0000000.0000,0000000.0,151.68,0.390905,142331018,0000000.0000,0000000.0,34534.22,0.460081,65481.27,0.2463,2027-09-01
NK225E    ,OOP,202709,32000.0,            ,132332018,0000000.0000,0000000.0,174.54,0.384556,142332018,0000000.0000,0000000.0,33571.97,0.448798,65481.27,0.2463,2027-09-01
NK225E    ,OOP,202709,33000.0,            ,132333018,0000000.0000,0000000.0,199.91,0.378472,142333018,0000000.0000,0000000.0,32612.25,0.437482,65481.27,0.2463,2027-09-01
NK225E    ,OOP,202709,34000.0,            ,132334018,0000000.0000,0000000.0,228.03,0.372527,142334018,0000000.0000,0000000.0,31655.27,0.426151,65481.27,0.2463,2027-09-01
NK225E    ,OOP,202709,35000.0,            ,132335018,0000000.0000,0000000.0,259.13,0.366372,142335018,0000000.0000,0000000.0,30701.27,0.415766,65481.27,0.2463,2027-09-01
NK225E    ,OOP,202709,36000.0,            ,132336018,0000000.0000,0000000.0,293.48,0.360504,142336018,0000000.0000,0000000.0,29750.52,0.406163,65481.27,0.2463,2027-09-01
NK225E    ,OOP,202709,37000.0,            ,132337018,0000000.0000,0000000.0,331.37,0.354587,142337018,0000000.0000,0000000.0,28803.32,0.396377,65481.27,0.2463,2027-09-01
NK225E    ,OOP,202709,38000.0,            ,132338018,0000000.0000,0000000.0,373.15,0.348592,142338018,0000000.0000,0000000.0,27860.0,0.387984,65481.27,0.2463,2027-09-01
NK225E    ,OOP,202709,39000.0,            ,132099018,0000000.0000,0000000.0,419.18,0.34286,142099018,0000000.0000,0000000.0,26920.93,0.379276,65481.27,0.2463,2027-09-01
NK225E    ,OOP,202709,40000.0,            ,132090018,0000000.0000,0000000.0,469.87,0.337286,142090018,0000000.0000,0000000.0,25986.53,0.370975,65481.27,0.2463,2027-09-01
NK225E    ,OOP,202709,41000.0,            ,132091018,0000000.0000,0000000.0,525.68,0.331788,142091018,0000000.0000,0000000.0,25057.24,0.362365,65481.27,0.2463,2027-09-01
NK225E    ,OOP,202709,42000.0,            ,132092018,0000000.0000,0000000.0,587.11,0.326307,142092018,0000000.0000,0000000.0,24133.57,0.354671,65481.27,0.2463,2027-09-01
NK225E    ,OOP,202709,43000.0,            ,132093018,0000000.0000,0000000.0,654.73,0.321426,142093018,0000000.0000,0000000.0,23216.09,0.34771,65481.27,0.2463,2027-09-01
NK225E    ,OOP,202709,44000.0,            ,132094018,0000000.0000,0000000.0,729.14,0.315801,142094018,0000000.0000,0000000.0,22305.4,0.340289,65481.27,0.2463,2027-09-01
NK225E    ,OOP,202709,45000.0,            ,132095018,0000000.0000,0000000.0,811.04,0.310627,142095018,0000000.0000,0000000.0,21402.2,0.333438,65481.27,0.2463,2027-09-01
NK225E    ,OOP,202709,46000.0,            ,132096018,0000000.0000,0000000.0,901.16,0.305765,142096018,0000000.0000,0000000.0,20507.23,0.327029,65481.27,0.2463,2027-09-01
NK225E    ,OOP,202709,47000.0,            ,132097018,0000000.0000,0000000.0,1000.31,0.300643,142097018,0000000.0000,0000000.0,19621.28,0.320527,65481.27,0.2463,2027-09-01
NK225E    ,OOP,202709,47250.0,            ,182097218,0000000.0000,0000000.0,1026.62,0.299365,192097218,0000000.0000,0000000.0,19401.32,0.31903,65481.27,0.2463,2027-09-01
NK225E    ,OOP,202709,47500.0,            ,132217518,0000000.0000,0000000.0,1053.55,0.298488,142217518,0000000.0000,0000000.0,19181.97,0.317495,65481.27,0.2463,2027-09-01
NK225E    ,OOP,202709,47750.0,            ,182097718,0000000.0000,0000000.0,1081.14,0.297114,192097718,0000000.0000,0000000.0,18963.29,0.315924,65481.27,0.2463,2027-09-01
NK225E    ,OOP,202709,48000.0,            ,132098018,0000000.0000,0000000.0,1109.39,0.296128,142098018,0000000.0000,0000000.0,18745.26,0.31472,65481.27,0.2463,2027-09-01
NK225E    ,OOP,202709,48250.0,            ,182098218,0000000.0000,0000000.0,1138.33,0.294665,192098218,0000000.0000,0000000.0,18527.93,0.313074,65481.27,0.2463,2027-09-01
NK225E    ,OOP,202709,48500.0,            ,182098518,0000000.0000,0000000.0,1167.95,0.293578,192098518,0000000.0000,0000000.0,18311.28,0.311784,65481.27,0.2463,2027-09-01
NK225E    ,OOP,202709,48750.0,            ,182098718,0000000.0000,0000000.0,1198.28,0.29244,192098718,0000000.0000,0000000.0,18095.34,0.310067,65481.27,0.2463,2027-09-01
NK225E    ,OOP,202709,49000.0,            ,182099018,0000000.0000,0000000.0,1229.35,0.291252,192099018,0000000.0000,0000000.0,17880.12,0.308698,65481.27,0.2463,2027-09-01
NK225E    ,OOP,202709,49250.0,            ,182099218,0000000.0000,0000000.0,1261.16,0.290016,192099218,0000000.0000,0000000.0,17665.66,0.307287,65481.27,0.2463,2027-09-01
NK225E    ,OOP,202709,49500.0,            ,132099518,0000000.0000,0000000.0,1293.72,0.289121,142099518,0000000.0000,0000000.0,17451.95,0.305836,65481.27,0.2463,2027-09-01
NK225E    ,OOP,202709,49750.0,            ,132099718,0000000.0000,0000000.0,1327.06,0.287788,142099718,0000000.0000,0000000.0,17239.01,0.304346,65481.27,0.2463,2027-09-01
NK225E    ,OOP,202709,50000.0,            ,182090018,0000000.0000,0000000.0,1361.2,0.286787,192090018,0000000.0000,0000000.0,17026.88,0.303174,65481.27,0.2463,2027-09-01
NK225E    ,OOP,202709,50250.0,            ,132090218,0000000.0000,0000000.0,1396.15,0.285732,142090218,0000000.0000,0000000.0,16815.55,0.301604,65481.27,0.2463,2027-09-01
NK225E    ,OOP,202709,50500.0,            ,132090518,0000000.0000,0000000.0,1431.92,0.284624,142090518,0000000.0000,0000000.0,16605.05,0.300345,65481.27,0.2463,2027-09-01
NK225E    ,OOP,202709,50750.0,            ,132090718,0000000.0000,0000000.0,1468.55,0.283466,142090718,0000000.0000,0000000.0,16395.4,0.299041,65481.27,0.2463,2027-09-01
NK225E    ,OOP,202709,51000.0,            ,182091018,0000000.0000,0000000.0,1506.05,0.28226,192091018,0000000.0000,0000000.0,16186.63,0.297694,65481.27,0.2463,2027-09-01
NK225E    ,OOP,202709,51250.0,            ,132091218,0000000.0000,0000000.0,1544.42,0.281352,142091218,0000000.0000,0000000.0,15978.72,0.296637,65481.27,0.2463,2027-09-01
NK225E    ,OOP,202709,51500.0,            ,132091518,0000000.0000,0000000.0,1583.7,0.280387,142091518,0000000.0000,0000000.0,15771.73,0.295201,65481.27,0.2463,2027-09-01
NK225E    ,OOP,202709,51750.0,            ,132091718,0000000.0000,0000000.0,1623.89,0.279032,142091718,0000000.0000,0000000.0,15565.65,0.294049,65481.27,0.2463,2027-09-01
NK225E    ,OOP,202709,52000.0,            ,182092018,0000000.0000,0000000.0,1665.04,0.278295,192092018,0000000.0000,0000000.0,15360.52,0.29253,65481.27,0.2463,2027-09-01
NK225E    ,OOP,202709,52250.0,            ,132092218,0000000.0000,0000000.0,1707.14,0.277171,142092218,0000000.0000,0000000.0,15156.35,0.291288,65481.27,0.2463,2027-09-01
NK225E    ,OOP,202709,52500.0,            ,132092518,0000000.0000,0000000.0,1750.22,0.275997,142092518,0000000.0000,0000000.0,14953.16,0.29031,65481.27,0.2463,2027-09-01
NK225E    ,OOP,202709,52750.0,            ,132092718,0000000.0000,0000000.0,1794.3,0.27509,142092718,0000000.0000,0000000.0,14750.96,0.288974,65481.27,0.2463,2027-09-01
NK225E    ,OOP,202709,53000.0,            ,182093018,0000000.0000,0000000.0,1839.4,0.274127,192093018,0000000.0000,0000000.0,14549.78,0.287897,65481.27,0.2463,2027-09-01
NK225E    ,OOP,202709,53250.0,            ,132093218,0000000.0000,0000000.0,1885.54,0.27311,142093218,0000000.0000,0000000.0,14349.65,0.286471,65481.27,0.2463,2027-09-01
NK225E    ,OOP,202709,53500.0,            ,132093518,0000000.0000,0000000.0,1932.74,0.272039,142093518,0000000.0000,0000000.0,14150.58,0.285299,65481.27,0.2463,2027-09-01
NK225E    ,OOP,202709,53750.0,            ,132093718,0000000.0000,0000000.0,1981.01,0.271215,142093718,0000000.0000,0000000.0,13952.57,0.28437,65481.27,0.2463,2027-09-01
NK225E    ,OOP,202709,54000.0,            ,182094018,0000000.0000,0000000.0,2030.4,0.270038,192094018,0000000.0000,0000000.0,13755.69,0.2831,65481.27,0.2463,2027-09-01
NK225E    ,OOP,202709,54250.0,            ,132094218,0000000.0000,0000000.0,2080.89,0.269102,142094218,0000000.0000,0000000.0,13559.9,0.282068,65481.27,0.2463,2027-09-01
NK225E    ,OOP,202709,54500.0,            ,132094518,0000000.0000,0000000.0,2132.52,0.268111,142094518,0000000.0000,0000000.0,13365.26,0.280985,65481.27,0.2463,2027-09-01
NK225E    ,OOP,202709,54750.0,            ,132094718,0000000.0000,0000000.0,2185.33,0.267349,142094718,0000000.0000,0000000.0,13171.8,0.279852,65481.27,0.2463,2027-09-01
NK225E    ,OOP,202709,55000.0,            ,182095018,0000000.0000,0000000.0,2239.3,0.266247,192095018,0000000.0000,0000000.0,12979.49,0.278669,65481.27,0.2463,2027-09-01
NK225E    ,OOP,202709,55250.0,            ,132095218,0000000.0000,0000000.0,2294.49,0.26537,142095218,0000000.0000,0000000.0,12788.41,0.277709,65481.27,0.2463,2027-09-01
NK225E    ,OOP,202709,55500.0,            ,132095518,0000000.0000,0000000.0,2350.9,0.264436,142095518,0000000.0000,0000000.0,12598.54,0.276429,65481.27,0.2463,2027-09-01
NK225E    ,OOP,202709,55750.0,            ,132095718,0000000.0000,0000000.0,2408.57,0.263446,142095718,0000000.0000,0000000.0,12409.94,0.275631,65481.27,0.2463,2027-09-01
NK225E    ,OOP,202709,56000.0,            ,182096018,0000000.0000,0000000.0,2467.48,0.262667,192096018,0000000.0000,0000000.0,12222.57,0.274514,65481.27,0.2463,2027-09-01
NK225E    ,OOP,202709,56250.0,            ,132096218,0000000.0000,0000000.0,2527.68,0.261829,142096218,0000000.0000,0000000.0,12036.5,0.273348,65481.27,0.2463,2027-09-01
NK225E    ,OOP,202709,56500.0,            ,132096518,0000000.0000,0000000.0,2589.21,0.260933,142096518,0000000.0000,0000000.0,11851.75,0.272389,65481.27,0.2463,2027-09-01
NK225E    ,OOP,202709,56750.0,            ,132096718,0000000.0000,0000000.0,2652.05,0.25998,142096718,0000000.0000,0000000.0,11668.32,0.271376,65481.27,0.2463,2027-09-01
NK225E    ,OOP,202709,57000.0,            ,182097018,0000000.0000,0000000.0,2716.23,0.259226,192097018,0000000.0000,0000000.0,11486.23,0.270561,65481.27,0.2463,2027-09-01
NK225E    ,OOP,202709,57250.0,            ,132097218,0000000.0000,0000000.0,2781.79,0.258411,142097218,0000000.0000,0000000.0,11305.51,0.269441,65481.27,0.2463,2027-09-01
NK225E    ,OOP,202709,57500.0,            ,132097518,0000000.0000,0000000.0,2848.73,0.257538,142097518,0000000.0000,0000000.0,11126.17,0.268517,65481.27,0.2463,2027-09-01
NK225E    ,OOP,202709,57750.0,            ,132097718,0000000.0000,0000000.0,2917.08,0.256607,142097718,0000000.0000,0000000.0,10948.25,0.267538,65481.27,0.2463,2027-09-01
NK225E    ,OOP,202709,58000.0,            ,182098018,0000000.0000,0000000.0,2986.86,0.255864,192098018,0000000.0000,0000000.0,10771.76,0.266746,65481.27,0.2463,2027-09-01
NK225E    ,OOP,202709,58250.0,            ,132098218,0000000.0000,0000000.0,3058.11,0.25506,142098218,0000000.0000,0000000.0,10596.73,0.265896,65481.27,0.2463,2027-09-01
NK225E    ,OOP,202709,58500.0,            ,132098518,0000000.0000,0000000.0,3130.8,0.254197,142098518,0000000.0000,0000000.0,10423.15,0.264991,65481.27,0.2463,2027-09-01
NK225E    ,OOP,202709,58750.0,            ,132098718,0000000.0000,0000000.0,3204.94,0.253512,142098718,0000000.0000,0000000.0,10251.02,0.264031,65481.27,0.2463,2027-09-01
NK225E    ,OOP,202709,59000.0,            ,132219018,0000000.0000,0000000.0,3280.66,0.252766,142219018,0000000.0000,0000000.0,10080.46,0.263248,65481.27,0.2463,2027-09-01
NK225E    ,OOP,202709,59250.0,            ,132099218,0000000.0000,0000000.0,3357.86,0.251959,142099218,0000000.0000,0000000.0,9911.39,0.262408,65481.27,0.2463,2027-09-01
NK225E    ,OOP,202709,59500.0,            ,182099518,0000000.0000,0000000.0,3436.59,0.251323,192099518,0000000.0000,0000000.0,9743.84,0.261512,65481.27,0.2463,2027-09-01
NK225E    ,OOP,202709,59750.0,            ,182099718,0000000.0000,0000000.0,3516.92,0.250398,192099718,0000000.0000,0000000.0,9577.9,0.26056,65481.27,0.2463,2027-09-01
NK225E    ,OOP,202709,60000.0,            ,132210018,0000000.0000,0000000.0,3598.81,0.249867,142210018,0000000.0000,0000000.0,9413.51,0.259778,65481.27,0.2463,2027-09-01
NK225E    ,OOP,202709,60250.0,            ,182090218,0000000.0000,0000000.0,3682.28,0.249048,192090218,0000000.0000,0000000.0,9250.7,0.259161,65481.27,0.2463,2027-09-01
NK225E    ,OOP,202709,60500.0,            ,182090518,0000000.0000,0000000.0,3767.37,0.248392,192090518,0000000.0000,0000000.0,9089.53,0.258263,65481.27,0.2463,2027-09-01
NK225E    ,OOP,202709,60750.0,            ,182090718,0000000.0000,0000000.0,3854.1,0.247675,192090718,0000000.0000,0000000.0,8929.98,0.257528,65481.27,0.2463,2027-09-01
NK225E    ,OOP,202709,61000.0,            ,132211018,0000000.0000,0000000.0,3942.43,0.246897,142211018,0000000.0000,0000000.0,8772.03,0.256735,65481.27,0.2463,2027-09-01
NK225E    ,OOP,202709,61250.0,            ,182091218,0000000.0000,0000000.0,4032.46,0.246276,192091218,0000000.0000,0000000.0,8615.79,0.256101,65481.27,0.2463,2027-09-01
NK225E    ,OOP,202709,61500.0,            ,182091518,0000000.0000,0000000.0,4124.13,0.245593,192091518,0000000.0000,0000000.0,8461.19,0.255192,65481.27,0.2463,2027-09-01
NK225E    ,OOP,202709,61750.0,            ,182091718,0000000.0000,0000000.0,4217.5,0.245063,192091718,0000000.0000,0000000.0,8308.28,0.254441,65481.27,0.2463,2027-09-01
NK225E    ,OOP,202709,62000.0,            ,132212018,0000000.0000,0000000.0,4312.56,0.244257,142212018,0000000.0000,0000000.0,8157.07,0.253844,65481.27,0.2463,2027-09-01
NK225E    ,OOP,202709,62250.0,            ,182092218,0000000.0000,0000000.0,4409.34,0.243603,192092218,0000000.0000,0000000.0,8007.57,0.253187,65481.27,0.2463,2027-09-01
NK225E    ,OOP,202709,62500.0,            ,132212518,0000000.0000,0000000.0,4507.81,0.243098,142212518,0000000.0000,0000000.0,7859.77,0.25247,65481.27,0.2463,2027-09-01
NK225E    ,OOP,202709,62750.0,            ,182092718,0000000.0000,0000000.0,4608.04,0.242529,192092718,0000000.0000,0000000.0,7713.73,0.251695,65481.27,0.2463,2027-09-01
NK225E    ,OOP,202709,63000.0,            ,132213018,0000000.0000,0000000.0,4710.02,0.241898,142213018,0000000.0000,0000000.0,7569.43,0.25107,65481.27,0.2463,2027-09-01
NK225E    ,OOP,202709,63250.0,            ,182093218,0000000.0000,0000000.0,4813.74,0.241205,192093218,0000000.0000,0000000.0,7426.87,0.250591,65481.27,0.2463,2027-09-01
NK225E    ,OOP,202709,63500.0,            ,182093518,0000000.0000,0000000.0,4919.21,0.240656,192093518,0000000.0000,0000000.0,7286.07,0.249846,65481.27,0.2463,2027-09-01
NK225E    ,OOP,202709,63750.0,            ,182093718,0000000.0000,0000000.0,5026.47,0.240045,192093718,0000000.0000,0000000.0,7147.05,0.249247,65481.27,0.2463,2027-09-01
NK225E    ,OOP,202709,64000.0,            ,132214018,0000000.0000,0000000.0,5135.5,0.239576,142214018,0000000.0000,0000000.0,7009.81,0.248588,65481.27,0.2463,2027-09-01
NK225E    ,OOP,202709,64250.0,            ,182094218,0000000.0000,0000000.0,5246.33,0.238841,192094218,0000000.0000,0000000.0,6874.36,0.248073,65481.27,0.2463,2027-09-01
NK225E    ,OOP,202709,64500.0,            ,182094518,0000000.0000,0000000.0,5358.95,0.23845,192094518,0000000.0000,0000000.0,6740.71,0.247498,65481.27,0.2463,2027-09-01
NK225E    ,OOP,202709,64750.0,            ,182094718,0000000.0000,0000000.0,5473.35,0.237793,192094718,0000000.0000,0000000.0,6608.84,0.246863,65481.27,0.2463,2027-09-01
NK225E    ,OOP,202709,65000.0,            ,132215018,0000000.0000,0000000.0,5589.55,0.237276,142215018,0000000.0000,0000000.0,6478.77,0.24637,65481.27,0.2463,2027-09-01
NK225E    ,OOP,202709,65250.0,            ,182095218,0000000.0000,0000000.0,5707.57,0.236897,192095218,0000000.0000,0000000.0,6350.51,0.245816,65481.27,0.2463,2027-09-01
NK225E    ,OOP,202709,65500.0,            ,182095518,0000000.0000,0000000.0,5827.41,0.236255,192095518,0000000.0000,0000000.0,6224.07,0.245203,65481.27,0.2463,2027-09-01
NK225E    ,OOP,202709,65750.0,            ,182095718,0000000.0000,0000000.0,5949.03,0.23575,192095718,0000000.0000,0000000.0,6099.42,0.24473,65481.27,0.2463,2027-09-01
NK225E    ,OOP,202709,66000.0,            ,132216018,0000000.0000,0000000.0,6072.48,0.235383,142216018,0000000.0000,0000000.0,5976.6,0.244196,65481.27,0.2463,2027-09-01
NK225E    ,OOP,202709,66250.0,            ,182096218,0000000.0000,0000000.0,6197.72,0.234754,192096218,0000000.0000,0000000.0,5855.57,0.243802,65481.27,0.2463,2027-09-01
NK225E    ,OOP,202709,66500.0,            ,182096518,0000000.0000,0000000.0,6324.79,0.23446,192096518,0000000.0000,0000000.0,5736.36,0.243347,65481.27,0.2463,2027-09-01
NK225E    ,OOP,202709,66750.0,            ,182096718,0000000.0000,0000000.0,6453.68,0.233905,192096718,0000000.0000,0000000.0,5618.97,0.242833,65481.27,0.2463,2027-09-01
NK225E    ,OOP,202709,67000.0,            ,132217018,0000000.0000,0000000.0,6584.34,0.233486,142217018,0000000.0000,0000000.0,5503.36,0.242258,65481.27,0.2463,2027-09-01
NK225E    ,OOP,202709,67250.0,            ,132217218,0000000.0000,0000000.0,6716.85,0.233005,142217218,0000000.0000,0000000.0,5389.59,0.241823,65481.27,0.2463,2027-09-01
NK225E    ,OOP,202709,67500.0,            ,182217518,0000000.0000,0000000.0,6851.14,0.23266,192217518,0000000.0000,0000000.0,5277.61,0.241525,65481.27,0.2463,2027-09-01
NK225E    ,OOP,202709,67750.0,            ,132217718,0000000.0000,0000000.0,6987.23,0.232253,142217718,0000000.0000,0000000.0,5167.43,0.24097,65481.27,0.2463,2027-09-01
NK225E    ,OOP,202709,68000.0,            ,132218018,0000000.0000,0000000.0,7125.1,0.231784,142218018,0000000.0000,0000000.0,5059.02,0.240554,65481.27,0.2463,2027-09-01
NK225E    ,OOP,202709,68250.0,            ,132218218,0000000.0000,0000000.0,7264.75,0.231452,142218218,0000000.0000,0000000.0,4952.4,0.240276,65481.27,0.2463,2027-09-01
NK225E    ,OOP,202709,68500.0,            ,132218518,0000000.0000,0000000.0,7406.21,0.231058,142218518,0000000.0000,0000000.0,4847.58,0.239939,65481.27,0.2463,2027-09-01
NK225E    ,OOP,202709,68750.0,            ,132218718,0000000.0000,0000000.0,7549.4,0.230602,142218718,0000000.0000,0000000.0,4744.5,0.239543,65481.27,0.2463,2027-09-01
NK225E    ,OOP,202709,69000.0,            ,182219018,0000000.0000,0000000.0,7694.39,0.230283,192219018,0000000.0000,0000000.0,4643.21,0.239088,65481.27,0.2463,2027-09-01
NK225E    ,OOP,202709,69250.0,            ,132219218,0000000.0000,0000000.0,7841.13,0.229904,142219218,0000000.0000,0000000.0,4543.67,0.238772,65481.27,0.2463,2027-09-01
NK225E    ,OOP,202709,69500.0,            ,132219518,0000000.0000,0000000.0,7989.58,0.229463,142219518,0000000.0000,0000000.0,4445.86,0.238399,65481.27,0.2463,2027-09-01
NK225E    ,OOP,202709,69750.0,            ,132219718,0000000.0000,0000000.0,8139.78,0.229161,142219718,0000000.0000,0000000.0,4349.78,0.238166,65481.27,0.2463,2027-09-01
NK225E    ,OOP,202709,70000.0,            ,182330018,0000000.0000,0000000.0,8291.7,0.228798,192330018,0000000.0000,0000000.0,4255.43,0.237675,65481.27,0.2463,2027-09-01
NK225E    ,OOP,202709,70250.0,            ,132210218,0000000.0000,0000000.0,8445.32,0.228374,142210218,0000000.0000,0000000.0,4162.77,0.237527,65481.27,0.2463,2027-09-01
NK225E    ,OOP,202709,70500.0,            ,132210518,0000000.0000,0000000.0,8600.64,0.228091,142210518,0000000.0000,0000000.0,4071.82,0.23712,65481.27,0.2463,2027-09-01
NK225E    ,OOP,202709,70750.0,            ,132210718,0000000.0000,0000000.0,8757.63,0.227749,142210718,0000000.0000,0000000.0,3982.53,0.236857,65481.27,0.2463,2027-09-01
NK225E    ,OOP,202709,71000.0,            ,182331018,0000000.0000,0000000.0,8916.31,0.227549,192331018,0000000.0000,0000000.0,3894.93,0.236536,65481.27,0.2463,2027-09-01
NK225E    ,OOP,202709,71250.0,            ,132211218,0000000.0000,0000000.0,9076.62,0.227085,142211218,0000000.0000,0000000.0,3808.98,0.236362,65481.27,0.2463,2027-09-01
NK225E    ,OOP,202709,71500.0,            ,132211518,0000000.0000,0000000.0,9238.57,0.226971,142211518,0000000.0000,0000000.0,3724.65,0.236131,65481.27,0.2463,2027-09-01
NK225E    ,OOP,202709,71750.0,            ,132211718,0000000.0000,0000000.0,9402.14,0.226593,142211718,0000000.0000,0000000.0,3641.95,0.235843,65481.27,0.2463,2027-09-01
NK225E    ,OOP,202709,72000.0,            ,182332018,0000000.0000,0000000.0,9567.32,0.226362,192332018,0000000.0000,0000000.0,3560.85,0.235499,65481.27,0.2463,2027-09-01
NK225E    ,OOP,202709,72250.0,            ,132212218,0000000.0000,0000000.0,9734.06,0.226072,142212218,0000000.0000,0000000.0,3481.31,0.235304,65481.27,0.2463,2027-09-01
NK225E    ,OOP,202709,72500.0,            ,182092518,0000000.0000,0000000.0,9902.4,0.225722,192092518,0000000.0000,0000000.0,3403.38,0.235053,65481.27,0.2463,2027-09-01
NK225E    ,OOP,202709,72750.0,            ,132212718,0000000.0000,0000000.0,10072.27,0.225524,142212718,0000000.0000,0000000.0,3326.98,0.234955,65481.27,0.2463,2027-09-01
NK225E    ,OOP,202709,73000.0,            ,182333018,0000000.0000,0000000.0,10243.67,0.225268,192333018,0000000.0000,0000000.0,3252.1,0.234593,65481.27,0.2463,2027-09-01
NK225E    ,OOP,202709,73250.0,            ,132213218,0000000.0000,0000000.0,10416.59,0.224953,142213218,0000000.0000,0000000.0,3178.75,0.234596,65481.27,0.2463,2027-09-01
NK225E    ,OOP,202709,73500.0,            ,132213518,0000000.0000,0000000.0,10591.0,0.224794,142213518,0000000.0000,0000000.0,3106.88,0.234335,65481.27,0.2463,2027-09-01
NK225E    ,OOP,202709,73750.0,            ,132213718,0000000.0000,0000000.0,10766.88,0.224578,142213718,0000000.0000,0000000.0,3036.49,0.234231,65481.27,0.2463,2027-09-01
NK225E    ,OOP,202709,74000.0,            ,182334018,0000000.0000,0000000.0,10944.22,0.224305,192334018,0000000.0000,0000000.0,2967.55,0.234074,65481.27,0.2463,2027-09-01
NK225E    ,OOP,202709,74250.0,            ,132214218,0000000.0000,0000000.0,11122.99,0.224193,142214218,0000000.0000,0000000.0,2900.05,0.233863,65481.27,0.2463,2027-09-01
NK225E    ,OOP,202709,74500.0,            ,132214518,0000000.0000,0000000.0,11303.15,0.223805,142214518,0000000.0000,0000000.0,2833.94,0.233598,65481.27,0.2463,2027-09-01
NK225E    ,OOP,202709,74750.0,            ,132214718,0000000.0000,0000000.0,11484.72,0.22358,142214718,0000000.0000,0000000.0,2769.24,0.233497,65481.27,0.2463,2027-09-01
NK225E    ,OOP,202709,75000.0,            ,182335018,0000000.0000,0000000.0,11667.65,0.223521,192335018,0000000.0000,0000000.0,2705.89,0.233344,65481.27,0.2463,2027-09-01
NK225E    ,OOP,202709,75250.0,            ,132215218,0000000.0000,0000000.0,11851.95,0.223184,142215218,0000000.0000,0000000.0,2643.91,0.23336,65481.27,0.2463,2027-09-01
NK225E    ,OOP,202709,75500.0,            ,132215518,0000000.0000,0000000.0,12037.57,0.223016,142215518,0000000.0000,0000000.0,2583.25,0.233103,65481.27,0.2463,2027-09-01
NK225E    ,OOP,202709,75750.0,            ,132215718,0000000.0000,0000000.0,12224.47,0.222792,142215718,0000000.0000,0000000.0,2523.88,0.233016,65481.27,0.2463,2027-09-01
NK225E    ,OOP,202709,76000.0,            ,182336018,0000000.0000,0000000.0,12412.66,0.222743,192336018,0000000.0000,0000000.0,2465.8,0.232879,65481.27,0.2463,2027-09-01
NK225E    ,OOP,202709,76250.0,            ,132216218,0000000.0000,0000000.0,12602.12,0.22241,142216218,0000000.0000,0000000.0,2408.99,0.232918,65481.27,0.2463,2027-09-01
NK225E    ,OOP,202709,77500.0,            ,182097518,0000000.0000,0000000.0,13567.54,0.221567,192097518,0000000.0000,0000000.0,2143.03,0.232378,65481.27,0.2463,2027-09-01
NK225E    ,OOP,202709,80000.0,            ,132450018,0000000.0000,0000000.0,15580.19,0.220187,142450018,0000000.0000,0000000.0,1692.94,0.232048,65481.27,0.2463,2027-09-01
NK225E    ,OOP,202709,85000.0,            ,132455018,0000000.0000,0000000.0,19859.84,0.216967,142455018,0000000.0000,0000000.0,1047.11,0.232367,65481.27,0.2463,2027-09-01
NK225E    ,OOP,202709,90000.0,            ,182450018,0000000.0000,0000000.0,24363.94,0.20981,192450018,0000000.0000,0000000.0,625.71,0.231631,65481.27,0.2463,2027-09-01
NK225E    ,OOP,202712,12500.0,            ,182122518,0000000.0000,0000000.0,3.9,0.556603,192122518,0000000.0000,0000000.0,52287.17,0.821754,65481.27,0.2463,2027-12-01
NK225E    ,OOP,202712,12750.0,            ,182122718,0000000.0000,0000000.0,4.51,0.489632,192122718,0000000.0000,0000000.0,52042.47,0.812141,65481.27,0.2463,2027-12-01
NK225E    ,OOP,202712,13000.0,            ,182123018,0000000.0000,0000000.0,5.18,0.489632,192123018,0000000.0000,0000000.0,51797.84,0.802737,65481.27,0.2463,2027-12-01
NK225E    ,OOP,202712,13250.0,            ,182123218,0000000.0000,0000000.0,5.67,0.487741,192123218,0000000.0000,0000000.0,51553.03,0.793532,65481.27,0.2463,2027-12-01
NK225E    ,OOP,202712,13500.0,            ,182123518,0000000.0000,0000000.0,6.2,0.48585,192123518,0000000.0000,0000000.0,51308.25,0.784518,65481.27,0.2463,2027-12-01
NK225E    ,OOP,202712,13750.0,            ,182123718,0000000.0000,0000000.0,6.76,0.483959,192123718,0000000.0000,0000000.0,51063.5,0.775688,65481.27,0.2463,2027-12-01
NK225E    ,OOP,202712,14000.0,            ,182124018,0000000.0000,0000000.0,7.35,0.482068,192124018,0000000.0000,0000000.0,50818.79,0.767034,65481.27,0.2463,2027-12-01
NK225E    ,OOP,202712,14250.0,            ,182124218,0000000.0000,0000000.0,7.98,0.480217,192124218,0000000.0000,0000000.0,50574.12,0.75855,65481.27,0.2463,2027-12-01
NK225E    ,OOP,202712,14500.0,            ,182124518,0000000.0000,0000000.0,8.66,0.478366,192124518,0000000.0000,0000000.0,50329.49,0.750229,65481.27,0.2463,2027-12-01
NK225E    ,OOP,202712,14750.0,            ,182124718,0000000.0000,0000000.0,9.37,0.476515,192124718,0000000.0000,0000000.0,50084.9,0.742065,65481.27,0.2463,2027-12-01
NK225E    ,OOP,202712,15000.0,            ,182125018,0000000.0000,0000000.0,10.12,0.474126,192125018,0000000.0000,0000000.0,49840.34,0.736233,65481.27,0.2463,2027-12-01
NK225E    ,OOP,202712,15250.0,            ,182125218,0000000.0000,0000000.0,10.92,0.472852,192125218,0000000.0000,0000000.0,49595.84,0.728341,65481.27,0.2463,2027-12-01
NK225E    ,OOP,202712,15500.0,            ,182125518,0000000.0000,0000000.0,11.76,0.47104,192125518,0000000.0000,0000000.0,49351.38,0.72059,65481.27,0.2463,2027-12-01
NK225E    ,OOP,202712,15750.0,            ,182125718,0000000.0000,0000000.0,12.64,0.469228,192125718,0000000.0000,0000000.0,49106.96,0.712975,65481.27,0.2463,2027-12-01
NK225E    ,OOP,202712,16000.0,            ,182126018,0000000.0000,0000000.0,13.57,0.467416,192126018,0000000.0000,0000000.0,48862.58,0.705491,65481.27,0.2463,2027-12-01
NK225E    ,OOP,202712,16250.0,            ,182126218,0000000.0000,0000000.0,14.56,0.46564,192126218,0000000.0000,0000000.0,48618.27,0.698134,65481.27,0.2463,2027-12-01
NK225E    ,OOP,202712,16500.0,            ,182126518,0000000.0000,0000000.0,15.59,0.463864,192126518,0000000.0000,0000000.0,48374.0,0.690899,65481.27,0.2463,2027-12-01
NK225E    ,OOP,202712,16750.0,            ,182126718,0000000.0000,0000000.0,16.68,0.462088,192126718,0000000.0000,0000000.0,48129.78,0.683784,65481.27,0.2463,2027-12-01
NK225E    ,OOP,202712,17000.0,            ,182127018,0000000.0000,0000000.0,17.81,0.460312,192127018,0000000.0000,0000000.0,47885.61,0.678758,65481.27,0.2463,2027-12-01
NK225E    ,OOP,202712,17250.0,            ,182127218,0000000.0000,0000000.0,19.01,0.458523,192127218,0000000.0000,0000000.0,47641.51,0.671847,65481.27,0.2463,2027-12-01
NK225E    ,OOP,202712,17500.0,            ,182127518,0000000.0000,0000000.0,20.27,0.456179,192127518,0000000.0000,0000000.0,47397.46,0.665044,65481.27,0.2463,2027-12-01
NK225E    ,OOP,202712,17750.0,            ,182127718,0000000.0000,0000000.0,21.58,0.455086,192127718,0000000.0000,0000000.0,47153.46,0.658346,65481.27,0.2463,2027-12-01
NK225E    ,OOP,202712,18000.0,            ,182128018,0000000.0000,0000000.0,22.94,0.453345,192128018,0000000.0000,0000000.0,46909.52,0.651749,65481.27,0.2463,2027-12-01
NK225E    ,OOP,202712,18250.0,            ,132128218,0000000.0000,0000000.0,24.38,0.450857,142128218,0000000.0000,0000000.0,46665.66,0.647107,65481.27,0.2463,2027-12-01
NK225E    ,OOP,202712,18500.0,            ,132128518,0000000.0000,0000000.0,25.88,0.449927,142128518,0000000.0000,0000000.0,46421.85,0.640685,65481.27,0.2463,2027-12-01
NK225E    ,OOP,202712,18750.0,            ,132128718,0000000.0000,0000000.0,27.44,0.44741,142128718,0000000.0000,0000000.0,46178.11,0.634356,65481.27,0.2463,2027-12-01
NK225E    ,OOP,202712,19000.0,            ,132129018,0000000.0000,0000000.0,29.06,0.446396,142129018,0000000.0000,0000000.0,45934.43,0.628116,65481.27,0.2463,2027-12-01
NK225E    ,OOP,202712,19250.0,            ,132129218,0000000.0000,0000000.0,30.77,0.443558,142129218,0000000.0000,0000000.0,45690.83,0.623732,65481.27,0.2463,2027-12-01
NK225E    ,OOP,202712,19500.0,            ,132129518,0000000.0000,0000000.0,32.54,0.442304,142129518,0000000.0000,0000000.0,45447.29,0.617648,65481.27,0.2463,2027-12-01
NK225E    ,OOP,202712,19750.0,            ,132129718,0000000.0000,0000000.0,34.38,0.440908,142129718,0000000.0000,0000000.0,45203.83,0.611647,65481.27,0.2463,2027-12-01
NK225E    ,OOP,202712,20000.0,            ,132120018,0000000.0000,0000000.0,36.28,0.439389,142120018,0000000.0000,0000000.0,44960.43,0.605726,65481.27,0.2463,2027-12-01
NK225E    ,OOP,202712,20250.0,            ,132120218,0000000.0000,0000000.0,38.28,0.43776,142120218,0000000.0000,0000000.0,44717.13,0.601568,65481.27,0.2463,2027-12-01
NK225E    ,OOP,202712,20500.0,            ,132120518,0000000.0000,0000000.0,40.36,0.436035,142120518,0000000.0000,0000000.0,44473.9,0.595786,65481.27,0.2463,2027-12-01
NK225E    ,OOP,202712,20750.0,            ,132120718,0000000.0000,0000000.0,42.5,0.434226,142120718,0000000.0000,0000000.0,44230.74,0.59008,65481.27,0.2463,2027-12-01
NK225E    ,OOP,202712,21000.0,            ,132121018,0000000.0000,0000000.0,44.73,0.432341,142121018,0000000.0000,0000000.0,43987.66,0.586066,65481.27,0.2463,2027-12-01
NK225E    ,OOP,202712,21250.0,            ,132121218,0000000.0000,0000000.0,47.05,0.430389,142121218,0000000.0000,0000000.0,43744.68,0.580487,65481.27,0.2463,2027-12-01
NK225E    ,OOP,202712,21500.0,            ,132121518,0000000.0000,0000000.0,49.46,0.429468,142121518,0000000.0000,0000000.0,43501.78,0.576554,65481.27,0.2463,2027-12-01
NK225E    ,OOP,202712,21750.0,            ,132121718,0000000.0000,0000000.0,51.94,0.427364,142121718,0000000.0000,0000000.0,43258.97,0.571097,65481.27,0.2463,2027-12-01
NK225E    ,OOP,202712,22000.0,            ,132122018,0000000.0000,0000000.0,54.51,0.448701,142122018,0000000.0000,0000000.0,43016.23,0.56724,65481.27,0.2463,2027-12-01
NK225E    ,OOP,202712,22250.0,            ,132122218,0000000.0000,0000000.0,57.19,0.423991,142122218,0000000.0000,0000000.0,42773.61,0.561899,65481.27,0.2463,2027-12-01
NK225E    ,OOP,202712,22500.0,            ,132122518,0000000.0000,0000000.0,59.96,0.422658,142122518,0000000.0000,0000000.0,42531.07,0.556621,65481.27,0.2463,2027-12-01
NK225E    ,OOP,202712,22750.0,            ,132122718,0000000.0000,0000000.0,62.82,0.421226,142122718,0000000.0000,0000000.0,42288.63,0.552884,65481.27,0.2463,2027-12-01
NK225E    ,OOP,202712,23000.0,            ,132123018,0000000.0000,0000000.0,65.77,0.419706,142123018,0000000.0000,0000000.0,42046.27,0.547713,65481.27,0.2463,2027-12-01
NK225E    ,OOP,202712,23250.0,            ,132123218,0000000.0000,0000000.0,68.84,0.418107,142123218,0000000.0000,0000000.0,41804.04,0.544043,65481.27,0.2463,2027-12-01
NK225E    ,OOP,202712,23500.0,            ,132123518,0000000.0000,0000000.0,72.01,0.416436,142123518,0000000.0000,0000000.0,41561.91,0.540392,65481.27,0.2463,2027-12-01
NK225E    ,OOP,202712,23750.0,            ,132123718,0000000.0000,0000000.0,75.28,0.414701,142123718,0000000.0000,0000000.0,41319.87,0.535368,65481.27,0.2463,2027-12-01
NK225E    ,OOP,202712,24000.0,            ,132124018,0000000.0000,0000000.0,78.64,0.412907,142124018,0000000.0000,0000000.0,41077.93,0.531779,65481.27,0.2463,2027-12-01
NK225E    ,OOP,202712,24250.0,            ,132124218,0000000.0000,0000000.0,82.14,0.411761,142124218,0000000.0000,0000000.0,40836.12,0.526851,65481.27,0.2463,2027-12-01
NK225E    ,OOP,202712,24500.0,            ,132124518,0000000.0000,0000000.0,85.74,0.409844,142124518,0000000.0000,0000000.0,40594.42,0.523322,65481.27,0.2463,2027-12-01
NK225E    ,OOP,202712,24750.0,            ,132124718,0000000.0000,0000000.0,89.45,0.408536,142124718,0000000.0000,0000000.0,40352.82,0.51981,65481.27,0.2463,2027-12-01
NK225E    ,OOP,202712,25000.0,            ,132125018,0000000.0000,0000000.0,93.26,0.406519,142125018,0000000.0000,0000000.0,40111.33,0.515013,65481.27,0.2463,2027-12-01
NK225E    ,OOP,202712,25250.0,            ,132125218,0000000.0000,0000000.0,97.22,0.405075,142125218,0000000.0000,0000000.0,39869.99,0.511556,65481.27,0.2463,2027-12-01
NK225E    ,OOP,202712,25500.0,            ,132125518,0000000.0000,0000000.0,101.3,0.403562,142125518,0000000.0000,0000000.0,39628.76,0.508117,65481.27,0.2463,2027-12-01
NK225E    ,OOP,202712,25750.0,            ,132125718,0000000.0000,0000000.0,105.49,0.401986,142125718,0000000.0000,0000000.0,39387.65,0.504693,65481.27,0.2463,2027-12-01
NK225E    ,OOP,202712,26000.0,            ,132126018,0000000.0000,0000000.0,109.79,0.400351,142126018,0000000.0000,0000000.0,39146.65,0.500055,65481.27,0.2463,2027-12-01
NK225E    ,OOP,202712,26250.0,            ,132126218,0000000.0000,0000000.0,114.25,0.399191,142126218,0000000.0000,0000000.0,38905.8,0.496682,65481.27,0.2463,2027-12-01
NK225E    ,OOP,202712,26500.0,            ,132126518,0000000.0000,0000000.0,118.83,0.397438,142126518,0000000.0000,0000000.0,38665.08,0.493326,65481.27,0.2463,2027-12-01
NK225E    ,OOP,202712,26750.0,            ,132126718,0000000.0000,0000000.0,123.54,0.396135,142126718,0000000.0000,0000000.0,38424.49,0.489984,65481.27,0.2463,2027-12-01
NK225E    ,OOP,202712,27000.0,            ,132127018,0000000.0000,0000000.0,128.4,0.394761,142127018,0000000.0000,0000000.0,38184.04,0.486658,65481.27,0.2463,2027-12-01
NK225E    ,OOP,202712,27250.0,            ,132127218,0000000.0000,0000000.0,133.4,0.392861,142127218,0000000.0000,0000000.0,37943.74,0.483346,65481.27,0.2463,2027-12-01
NK225E    ,OOP,202712,27500.0,            ,132127518,0000000.0000,0000000.0,138.54,0.391377,142127518,0000000.0000,0000000.0,37703.57,0.48005,65481.27,0.2463,2027-12-01
NK225E    ,OOP,202712,27750.0,            ,132127718,0000000.0000,0000000.0,143.82,0.390269,142127718,0000000.0000,0000000.0,37463.56,0.476768,65481.27,0.2463,2027-12-01
NK225E    ,OOP,202712,28000.0,            ,132128018,0000000.0000,0000000.0,149.26,0.388664,142128018,0000000.0000,0000000.0,37223.69,0.4735,65481.27,0.2463,2027-12-01
NK225E    ,OOP,202712,28250.0,            ,182128218,0000000.0000,0000000.0,154.85,0.387013,192128218,0000000.0000,0000000.0,36983.97,0.470246,65481.27,0.2463,2027-12-01
NK225E    ,OOP,202712,28500.0,            ,182128518,0000000.0000,0000000.0,160.59,0.385712,192128518,0000000.0000,0000000.0,36744.41,0.467007,65481.27,0.2463,2027-12-01
NK225E    ,OOP,202712,28750.0,            ,182128718,0000000.0000,0000000.0,166.49,0.384349,192128718,0000000.0000,0000000.0,36505.01,0.463781,65481.27,0.2463,2027-12-01
NK225E    ,OOP,202712,29000.0,            ,182129018,0000000.0000,0000000.0,172.56,0.382927,192129018,0000000.0000,0000000.0,36265.77,0.46057,65481.27,0.2463,2027-12-01
NK225E    ,OOP,202712,29250.0,            ,182129218,0000000.0000,0000000.0,178.79,0.381452,192129218,0000000.0000,0000000.0,36026.7,0.457372,65481.27,0.2463,2027-12-01
NK225E    ,OOP,202712,29500.0,            ,182129518,0000000.0000,0000000.0,185.19,0.379926,192129518,0000000.0000,0000000.0,35787.79,0.454187,65481.27,0.2463,2027-12-01
NK225E    ,OOP,202712,29750.0,            ,182129718,0000000.0000,0000000.0,191.76,0.378355,192129718,0000000.0000,0000000.0,35549.06,0.451015,65481.27,0.2463,2027-12-01
NK225E    ,OOP,202712,30000.0,            ,182120018,0000000.0000,0000000.0,198.5,0.377069,192120018,0000000.0000,0000000.0,35310.5,0.448832,65481.27,0.2463,2027-12-01
NK225E    ,OOP,202712,30250.0,            ,182120218,0000000.0000,0000000.0,205.43,0.375725,192120218,0000000.0000,0000000.0,35072.12,0.445673,65481.27,0.2463,2027-12-01
NK225E    ,OOP,202712,30500.0,            ,182120518,0000000.0000,0000000.0,212.53,0.374327,192120518,0000000.0000,0000000.0,34833.92,0.442527,65481.27,0.2463,2027-12-01
NK225E    ,OOP,202712,30750.0,            ,182120718,0000000.0000,0000000.0,219.82,0.372879,192120718,0000000.0000,0000000.0,34595.91,0.440325,65481.27,0.2463,2027-12-01
NK225E    ,OOP,202712,31000.0,            ,182121018,0000000.0000,0000000.0,227.31,0.371385,192121018,0000000.0000,0000000.0,34358.09,0.437192,65481.27,0.2463,2027-12-01
NK225E    ,OOP,202712,31250.0,            ,182121218,0000000.0000,0000000.0,234.98,0.369847,192121218,0000000.0000,0000000.0,34120.46,0.434072,65481.27,0.2463,2027-12-01
NK225E    ,OOP,202712,31500.0,            ,182121518,0000000.0000,0000000.0,242.86,0.368545,192121518,0000000.0000,0000000.0,33883.03,0.431855,65481.27,0.2463,2027-12-01
NK225E    ,OOP,202712,31750.0,            ,182121718,0000000.0000,0000000.0,250.93,0.367191,192121718,0000000.0000,0000000.0,33645.8,0.428749,65481.27,0.2463,2027-12-01
NK225E    ,OOP,202712,32000.0,            ,182122018,0000000.0000,0000000.0,259.21,0.365789,192122018,0000000.0000,0000000.0,33408.78,0.426518,65481.27,0.2463,2027-12-01
NK225E    ,OOP,202712,32250.0,            ,182122218,0000000.0000,0000000.0,267.7,0.36434,192122218,0000000.0000,0000000.0,33171.97,0.424273,65481.27,0.2463,2027-12-01
NK225E    ,OOP,202712,32500.0,            ,132242518,0000000.0000,0000000.0,276.41,0.363097,142242518,0000000.0000,0000000.0,32935.37,0.421182,65481.27,0.2463,2027-12-01
NK225E    ,OOP,202712,32750.0,            ,132242718,0000000.0000,0000000.0,285.33,0.361802,142242718,0000000.0000,0000000.0,32698.98,0.418926,65481.27,0.2463,2027-12-01
NK225E    ,OOP,202712,33000.0,            ,132243018,0000000.0000,0000000.0,294.47,0.360221,142243018,0000000.0000,0000000.0,32462.83,0.416659,65481.27,0.2463,2027-12-01
NK225E    ,OOP,202712,33250.0,            ,132243218,0000000.0000,0000000.0,303.85,0.359066,142243218,0000000.0000,0000000.0,32226.89,0.413584,65481.27,0.2463,2027-12-01
NK225E    ,OOP,202712,33500.0,            ,132243518,0000000.0000,0000000.0,313.45,0.358525,142243518,0000000.0000,0000000.0,31991.19,0.411307,65481.27,0.2463,2027-12-01
NK225E    ,OOP,202712,33750.0,            ,132243718,0000000.0000,0000000.0,323.29,0.357245,142243718,0000000.0000,0000000.0,31755.73,0.40902,65481.27,0.2463,2027-12-01
NK225E    ,OOP,202712,34000.0,            ,132244018,0000000.0000,0000000.0,333.37,0.354855,142244018,0000000.0000,0000000.0,31520.51,0.406724,65481.27,0.2463,2027-12-01
NK225E    ,OOP,202712,34250.0,            ,132244218,0000000.0000,0000000.0,343.7,0.353508,142244218,0000000.0000,0000000.0,31285.53,0.404418,65481.27,0.2463,2027-12-01
NK225E    ,OOP,202712,34500.0,            ,132244518,0000000.0000,0000000.0,354.27,0.353129,142244518,0000000.0000,0000000.0,31050.8,0.402103,65481.27,0.2463,2027-12-01
NK225E    ,OOP,202712,34750.0,            ,132244718,0000000.0000,0000000.0,365.1,0.351674,142244718,0000000.0000,0000000.0,30816.33,0.39978,65481.27,0.2463,2027-12-01
NK225E    ,OOP,202712,35000.0,            ,132245018,0000000.0000,0000000.0,376.2,0.350181,142245018,0000000.0000,0000000.0,30582.12,0.397449,65481.27,0.2463,2027-12-01
NK225E    ,OOP,202712,35250.0,            ,132245218,0000000.0000,0000000.0,387.56,0.348652,142245218,0000000.0000,0000000.0,30348.18,0.39511,65481.27,0.2463,2027-12-01
NK225E    ,OOP,202712,35500.0,            ,132245518,0000000.0000,0000000.0,399.19,0.34709,142245518,0000000.0000,0000000.0,30114.5,0.392764,65481.27,0.2463,2027-12-01
NK225E    ,OOP,202712,35750.0,            ,132245718,0000000.0000,0000000.0,411.1,0.346393,142245718,0000000.0000,0000000.0,29881.11,0.391093,65481.27,0.2463,2027-12-01
NK225E    ,OOP,202712,36000.0,            ,132246018,0000000.0000,0000000.0,423.29,0.34475,142246018,0000000.0000,0000000.0,29647.99,0.388724,65481.27,0.2463,2027-12-01
NK225E    ,OOP,202712,36250.0,            ,132246218,0000000.0000,0000000.0,435.77,0.34308,142246218,0000000.0000,0000000.0,29415.17,0.38635,65481.27,0.2463,2027-12-01
NK225E    ,OOP,202712,36500.0,            ,132246518,0000000.0000,0000000.0,448.54,0.34222,142246518,0000000.0000,0000000.0,29182.64,0.38462,65481.27,0.2463,2027-12-01
NK225E    ,OOP,202712,36750.0,            ,132246718,0000000.0000,0000000.0,461.62,0.340482,142246718,0000000.0000,0000000.0,28950.41,0.382225,65481.27,0.2463,2027-12-01
NK225E    ,OOP,202712,37000.0,            ,132247018,0000000.0000,0000000.0,475.0,0.339521,142247018,0000000.0000,0000000.0,28718.49,0.380456,65481.27,0.2463,2027-12-01
NK225E    ,OOP,202712,37250.0,            ,132247218,0000000.0000,0000000.0,488.68,0.338503,142247218,0000000.0000,0000000.0,28486.87,0.378043,65481.27,0.2463,2027-12-01
NK225E    ,OOP,202712,37500.0,            ,132247518,0000000.0000,0000000.0,502.69,0.336668,142247518,0000000.0000,0000000.0,28255.58,0.376237,65481.27,0.2463,2027-12-01
NK225E    ,OOP,202712,37750.0,            ,132247718,0000000.0000,0000000.0,517.03,0.335564,142247718,0000000.0000,0000000.0,28024.61,0.374409,65481.27,0.2463,2027-12-01
NK225E    ,OOP,202712,38000.0,            ,132248018,0000000.0000,0000000.0,531.7,0.334411,142248018,0000000.0000,0000000.0,27793.97,0.37256,65481.27,0.2463,2027-12-01
NK225E    ,OOP,202712,38250.0,            ,132248218,0000000.0000,0000000.0,546.71,0.333212,142248218,0000000.0000,0000000.0,27563.68,0.37069,65481.27,0.2463,2027-12-01
NK225E    ,OOP,202712,38500.0,            ,132248518,0000000.0000,0000000.0,562.05,0.331969,142248518,0000000.0000,0000000.0,27333.72,0.368228,65481.27,0.2463,2027-12-01
NK225E    ,OOP,202712,38750.0,            ,132248718,0000000.0000,0000000.0,577.76,0.330685,142248718,0000000.0000,0000000.0,27104.12,0.366329,65481.27,0.2463,2027-12-01
NK225E    ,OOP,202712,39000.0,            ,132249018,0000000.0000,0000000.0,593.82,0.329361,142249018,0000000.0000,0000000.0,26874.88,0.364965,65481.27,0.2463,2027-12-01
NK225E    ,OOP,202712,39250.0,            ,132249218,0000000.0000,0000000.0,610.25,0.328,142249218,0000000.0000,0000000.0,26646.0,0.363021,65481.27,0.2463,2027-12-01
NK225E    ,OOP,202712,39500.0,            ,132249518,0000000.0000,0000000.0,627.05,0.327246,142249518,0000000.0000,0000000.0,26417.5,0.361061,65481.27,0.2463,2027-12-01
NK225E    ,OOP,202712,39750.0,            ,132249718,0000000.0000,0000000.0,644.24,0.325802,142249718,0000000.0000,0000000.0,26189.38,0.359084,65481.27,0.2463,2027-12-01
NK225E    ,OOP,202712,40000.0,            ,132240018,0000000.0000,0000000.0,661.8,0.324942,142240018,0000000.0000,0000000.0,25961.65,0.357612,65481.27,0.2463,2027-12-01
NK225E    ,OOP,202712,40250.0,            ,132240218,0000000.0000,0000000.0,679.78,0.323423,142240218,0000000.0000,0000000.0,25734.32,0.355597,65481.27,0.2463,2027-12-01
NK225E    ,OOP,202712,40500.0,            ,132240518,0000000.0000,0000000.0,698.15,0.322467,142240518,0000000.0000,0000000.0,25507.39,0.354072,65481.27,0.2463,2027-12-01
NK225E    ,OOP,202712,40750.0,            ,132240718,0000000.0000,0000000.0,716.94,0.320881,142240718,0000000.0000,0000000.0,25280.88,0.352021,65481.27,0.2463,2027-12-01
NK225E    ,OOP,202712,41000.0,            ,132241018,0000000.0000,0000000.0,736.15,0.319838,142241018,0000000.0000,0000000.0,25054.78,0.350447,65481.27,0.2463,2027-12-01
NK225E    ,OOP,202712,41250.0,            ,132241218,0000000.0000,0000000.0,755.79,0.318748,142241218,0000000.0000,0000000.0,24829.12,0.348846,65481.27,0.2463,2027-12-01
NK225E    ,OOP,202712,41500.0,            ,132241518,0000000.0000,0000000.0,775.86,0.317613,142241518,0000000.0000,0000000.0,24603.89,0.346743,65481.27,0.2463,2027-12-01
NK225E    ,OOP,202712,41750.0,            ,132241718,0000000.0000,0000000.0,796.4,0.316436,142241718,0000000.0000,0000000.0,24379.11,0.345097,65481.27,0.2463,2027-12-01
NK225E    ,OOP,202712,42000.0,            ,132242018,0000000.0000,0000000.0,817.37,0.315217,142242018,0000000.0000,0000000.0,24154.79,0.343427,65481.27,0.2463,2027-12-01
NK225E    ,OOP,202712,42250.0,            ,132242218,0000000.0000,0000000.0,838.83,0.31396,142242218,0000000.0000,0000000.0,23930.94,0.342186,65481.27,0.2463,2027-12-01
NK225E    ,OOP,202712,42500.0,            ,132362518,0000000.0000,0000000.0,860.75,0.312666,142362518,0000000.0000,0000000.0,23707.55,0.340461,65481.27,0.2463,2027-12-01
NK225E    ,OOP,202712,42750.0,            ,182242718,0000000.0000,0000000.0,883.15,0.311832,192242718,0000000.0000,0000000.0,23484.65,0.338714,65481.27,0.2463,2027-12-01
NK225E    ,OOP,202712,43000.0,            ,182243018,0000000.0000,0000000.0,906.06,0.310458,192243018,0000000.0000,0000000.0,23262.25,0.336946,65481.27,0.2463,2027-12-01
NK225E    ,OOP,202712,43250.0,            ,182243218,0000000.0000,0000000.0,929.46,0.30953,192243218,0000000.0000,0000000.0,23040.36,0.335584,65481.27,0.2463,2027-12-01
NK225E    ,OOP,202712,43500.0,            ,182243518,0000000.0000,0000000.0,953.38,0.308084,192243518,0000000.0000,0000000.0,22818.97,0.33419,65481.27,0.2463,2027-12-01
NK225E    ,OOP,202712,43750.0,            ,182243718,0000000.0000,0000000.0,977.82,0.307069,192243718,0000000.0000,0000000.0,22598.11,0.332349,65481.27,0.2463,2027-12-01
NK225E    ,OOP,202712,44000.0,            ,182244018,0000000.0000,0000000.0,1002.79,0.30601,192244018,0000000.0000,0000000.0,22377.78,0.330899,65481.27,0.2463,2027-12-01
NK225E    ,OOP,202712,44250.0,            ,182244218,0000000.0000,0000000.0,1028.32,0.304906,192244218,0000000.0000,0000000.0,22158.0,0.329418,65481.27,0.2463,2027-12-01
NK225E    ,OOP,202712,44500.0,            ,182244518,0000000.0000,0000000.0,1054.39,0.303761,192244518,0000000.0000,0000000.0,21938.77,0.327909,65481.27,0.2463,2027-12-01
NK225E    ,OOP,202712,44750.0,            ,182244718,0000000.0000,0000000.0,1081.04,0.302577,192244718,0000000.0000,0000000.0,21720.11,0.326371,65481.27,0.2463,2027-12-01
NK225E    ,OOP,202712,45000.0,            ,182245018,0000000.0000,0000000.0,1108.26,0.301775,192245018,0000000.0000,0000000.0,21502.02,0.324806,65481.27,0.2463,2027-12-01
NK225E    ,OOP,202712,45250.0,            ,182245218,0000000.0000,0000000.0,1136.07,0.300508,192245218,0000000.0000,0000000.0,21284.53,0.323596,65481.27,0.2463,2027-12-01
NK225E    ,OOP,202712,45500.0,            ,182245518,0000000.0000,0000000.0,1164.48,0.299612,192245518,0000000.0000,0000000.0,21067.64,0.321974,65481.27,0.2463,2027-12-01
NK225E    ,OOP,202712,45750.0,            ,182245718,0000000.0000,0000000.0,1193.49,0.298268,192245718,0000000.0000,0000000.0,20851.35,0.320696,65481.27,0.2463,2027-12-01
NK225E    ,OOP,202712,46000.0,            ,182246018,0000000.0000,0000000.0,1223.14,0.297286,192246018,0000000.0000,0000000.0,20635.69,0.319385,65481.27,0.2463,2027-12-01
NK225E    ,OOP,202712,46250.0,            ,182246218,0000000.0000,0000000.0,1253.41,0.296258,192246218,0000000.0000,0000000.0,20420.66,0.318039,65481.27,0.2463,2027-12-01
NK225E    ,OOP,202712,46500.0,            ,182246518,0000000.0000,0000000.0,1284.34,0.295188,192246518,0000000.0000,0000000.0,20206.29,0.316662,65481.27,0.2463,2027-12-01
NK225E    ,OOP,202712,46750.0,            ,182246718,0000000.0000,0000000.0,1315.92,0.294076,192246718,0000000.0000,0000000.0,19992.56,0.315253,65481.27,0.2463,2027-12-01
NK225E    ,OOP,202712,47000.0,            ,182247018,0000000.0000,0000000.0,1348.18,0.293293,192247018,0000000.0000,0000000.0,19779.51,0.313814,65481.27,0.2463,2027-12-01
NK225E    ,OOP,202712,47250.0,            ,182247218,0000000.0000,0000000.0,1381.12,0.292097,192247218,0000000.0000,0000000.0,19567.15,0.312345,65481.27,0.2463,2027-12-01
NK225E    ,OOP,202712,47500.0,            ,182247518,0000000.0000,0000000.0,1414.75,0.29122,192247518,0000000.0000,0000000.0,19355.48,0.311182,65481.27,0.2463,2027-12-01
NK225E    ,OOP,202712,47750.0,            ,182247718,0000000.0000,0000000.0,1449.1,0.289945,192247718,0000000.0000,0000000.0,19144.53,0.309651,65481.27,0.2463,2027-12-01
NK225E    ,OOP,202712,48000.0,            ,182248018,0000000.0000,0000000.0,1484.18,0.288981,192248018,0000000.0000,0000000.0,18934.3,0.308419,65481.27,0.2463,2027-12-01
NK225E    ,OOP,202712,48250.0,            ,182248218,0000000.0000,0000000.0,1519.99,0.287973,192248218,0000000.0000,0000000.0,18724.81,0.307152,65481.27,0.2463,2027-12-01
NK225E    ,OOP,202712,48500.0,            ,182248518,0000000.0000,0000000.0,1556.54,0.286922,192248518,0000000.0000,0000000.0,18516.06,0.305851,65481.27,0.2463,2027-12-01
NK225E    ,OOP,202712,48750.0,            ,182248718,0000000.0000,0000000.0,1593.86,0.28616,192248718,0000000.0000,0000000.0,18308.07,0.304516,65481.27,0.2463,2027-12-01
NK225E    ,OOP,202712,49000.0,            ,182249018,0000000.0000,0000000.0,1631.96,0.285023,192249018,0000000.0000,0000000.0,18100.86,0.303458,65481.27,0.2463,2027-12-01
NK225E    ,OOP,202712,49250.0,            ,182249218,0000000.0000,0000000.0,1670.85,0.284168,192249218,0000000.0000,0000000.0,17894.45,0.302055,65481.27,0.2463,2027-12-01
NK225E    ,OOP,202712,49500.0,            ,182249518,0000000.0000,0000000.0,1710.54,0.28295,192249518,0000000.0000,0000000.0,17688.84,0.300923,65481.27,0.2463,2027-12-01
NK225E    ,OOP,202712,49750.0,            ,182249718,0000000.0000,0000000.0,1751.05,0.282007,192249718,0000000.0000,0000000.0,17484.05,0.299753,65481.27,0.2463,2027-12-01
NK225E    ,OOP,202712,50000.0,            ,182240018,0000000.0000,0000000.0,1792.38,0.28102,192240018,0000000.0000,0000000.0,17280.08,0.298546,65481.27,0.2463,2027-12-01
NK225E    ,OOP,202712,50250.0,            ,182240218,0000000.0000,0000000.0,1834.58,0.280293,192240218,0000000.0000,0000000.0,17076.97,0.297304,65481.27,0.2463,2027-12-01
NK225E    ,OOP,202712,50500.0,            ,182240518,0000000.0000,0000000.0,1877.63,0.279217,192240518,0000000.0000,0000000.0,16874.72,0.296313,65481.27,0.2463,2027-12-01
NK225E    ,OOP,202712,50750.0,            ,182240718,0000000.0000,0000000.0,1921.56,0.278395,192240718,0000000.0000,0000000.0,16673.34,0.294998,65481.27,0.2463,2027-12-01
NK225E    ,OOP,202712,51000.0,            ,182241018,0000000.0000,0000000.0,1966.4,0.277236,192241018,0000000.0000,0000000.0,16472.87,0.293929,65481.27,0.2463,2027-12-01
NK225E    ,OOP,202712,51250.0,            ,182241218,0000000.0000,0000000.0,2012.12,0.276325,192241218,0000000.0000,0000000.0,16273.29,0.292821,65481.27,0.2463,2027-12-01
NK225E    ,OOP,202712,51500.0,            ,182241518,0000000.0000,0000000.0,2058.77,0.275652,192241518,0000000.0000,0000000.0,16074.64,0.291675,65481.27,0.2463,2027-12-01
NK225E    ,OOP,202712,51750.0,            ,182241718,0000000.0000,0000000.0,2106.36,0.274649,192241718,0000000.0000,0000000.0,15876.93,0.290492,65481.27,0.2463,2027-12-01
NK225E    ,OOP,202712,52000.0,            ,182242018,0000000.0000,0000000.0,2154.9,0.273605,192242018,0000000.0000,0000000.0,15680.16,0.289273,65481.27,0.2463,2027-12-01
NK225E    ,OOP,202712,52250.0,            ,182242218,0000000.0000,0000000.0,2204.41,0.27279,192242218,0000000.0000,0000000.0,15484.37,0.28828,65481.27,0.2463,2027-12-01
NK225E    ,OOP,202712,52500.0,            ,182362518,0000000.0000,0000000.0,2254.9,0.271929,192362518,0000000.0000,0000000.0,15289.55,0.287248,65481.27,0.2463,2027-12-01
NK225E    ,OOP,202712,52750.0,            ,132362718,0000000.0000,0000000.0,2306.38,0.271022,142362718,0000000.0000,0000000.0,15095.73,0.286175,65481.27,0.2463,2027-12-01
NK225E    ,OOP,202712,53000.0,            ,132363018,0000000.0000,0000000.0,2358.89,0.270071,142363018,0000000.0000,0000000.0,14902.93,0.285063,65481.27,0.2463,2027-12-01
NK225E    ,OOP,202712,53250.0,            ,132363218,0000000.0000,0000000.0,2412.41,0.269334,142363218,0000000.0000,0000000.0,14711.15,0.284164,65481.27,0.2463,2027-12-01
NK225E    ,OOP,202712,53500.0,            ,132363518,0000000.0000,0000000.0,2466.99,0.268294,142363518,0000000.0000,0000000.0,14520.42,0.282974,65481.27,0.2463,2027-12-01
NK225E    ,OOP,202712,53750.0,            ,132363718,0000000.0000,0000000.0,2522.61,0.267465,142363718,0000000.0000,0000000.0,14330.75,0.281994,65481.27,0.2463,2027-12-01
NK225E    ,OOP,202712,54000.0,            ,132364018,0000000.0000,0000000.0,2579.32,0.26659,142364018,0000000.0000,0000000.0,14142.15,0.280972,65481.27,0.2463,2027-12-01
NK225E    ,OOP,202712,54250.0,            ,132364218,0000000.0000,0000000.0,2637.11,0.265915,142364218,0000000.0000,0000000.0,13954.64,0.27991,65481.27,0.2463,2027-12-01
NK225E    ,OOP,202712,54500.0,            ,132364518,0000000.0000,0000000.0,2696.02,0.264948,142364518,0000000.0000,0000000.0,13768.24,0.279047,65481.27,0.2463,2027-12-01
NK225E    ,OOP,202712,54750.0,            ,132364718,0000000.0000,0000000.0,2756.05,0.264179,142364718,0000000.0000,0000000.0,13582.97,0.278141,65481.27,0.2463,2027-12-01
NK225E    ,OOP,202712,55000.0,            ,132365018,0000000.0000,0000000.0,2817.2,0.263362,142365018,0000000.0000,0000000.0,13398.82,0.276958,65481.27,0.2463,2027-12-01
NK225E    ,OOP,202712,55250.0,            ,132365218,0000000.0000,0000000.0,2879.52,0.262499,142365218,0000000.0000,0000000.0,13215.83,0.276201,65481.27,0.2463,2027-12-01
NK225E    ,OOP,202712,55500.0,            ,132365518,0000000.0000,0000000.0,2943.01,0.261823,142365518,0000000.0000,0000000.0,13034.01,0.275169,65481.27,0.2463,2027-12-01
NK225E    ,OOP,202712,55750.0,            ,132365718,0000000.0000,0000000.0,3007.66,0.260868,142365718,0000000.0000,0000000.0,12853.36,0.274324,65481.27,0.2463,2027-12-01
NK225E    ,OOP,202712,56000.0,            ,132366018,0000000.0000,0000000.0,3073.54,0.260098,142366018,0000000.0000,0000000.0,12673.94,0.27321,65481.27,0.2463,2027-12-01
NK225E    ,OOP,202712,56250.0,            ,132366218,0000000.0000,0000000.0,3140.62,0.259506,142366218,0000000.0000,0000000.0,12495.71,0.272503,65481.27,0.2463,2027-12-01
NK225E    ,OOP,202712,56500.0,            ,132366518,0000000.0000,0000000.0,3208.92,0.25864,142366518,0000000.0000,0000000.0,12318.72,0.271529,65481.27,0.2463,2027-12-01
NK225E    ,OOP,202712,56750.0,            ,132366718,0000000.0000,0000000.0,3278.48,0.257951,142366718,0000000.0000,0000000.0,12142.97,0.270732,65481.27,0.2463,2027-12-01
NK225E    ,OOP,202712,57000.0,            ,132367018,0000000.0000,0000000.0,3349.27,0.256993,142367018,0000000.0000,0000000.0,11968.46,0.269673,65481.27,0.2463,2027-12-01
NK225E    ,OOP,202712,57250.0,            ,132367218,0000000.0000,0000000.0,3421.39,0.256427,142367218,0000000.0000,0000000.0,11795.27,0.268789,65481.27,0.2463,2027-12-01
NK225E    ,OOP,202712,57500.0,            ,132367518,0000000.0000,0000000.0,3494.74,0.255594,142367518,0000000.0000,0000000.0,11623.32,0.268076,65481.27,0.2463,2027-12-01
NK225E    ,OOP,202712,57750.0,            ,132367718,0000000.0000,0000000.0,3569.43,0.254929,142367718,0000000.0000,0000000.0,11452.7,0.267104,65481.27,0.2463,2027-12-01
NK225E    ,OOP,202712,58000.0,            ,132368018,0000000.0000,0000000.0,3645.43,0.254215,142368018,0000000.0000,0000000.0,11283.4,0.266301,65481.27,0.2463,2027-12-01
NK225E    ,OOP,202712,58250.0,            ,132368218,0000000.0000,0000000.0,3722.73,0.253453,142368218,0000000.0000,0000000.0,11115.4,0.265453,65481.27,0.2463,2027-12-01
NK225E    ,OOP,202712,58500.0,            ,132368518,0000000.0000,0000000.0,3801.38,0.252645,142368518,0000000.0000,0000000.0,10948.74,0.264768,65481.27,0.2463,2027-12-01
NK225E    ,OOP,202712,58750.0,            ,132368718,0000000.0000,0000000.0,3881.44,0.251996,142368718,0000000.0000,0000000.0,10783.49,0.263831,65481.27,0.2463,2027-12-01
NK225E    ,OOP,202712,59000.0,            ,132369018,0000000.0000,0000000.0,3962.83,0.251298,142369018,0000000.0000,0000000.0,10619.59,0.263055,65481.27,0.2463,2027-12-01
NK225E    ,OOP,202712,59250.0,            ,132369218,0000000.0000,0000000.0,4045.61,0.250552,142369218,0000000.0000,0000000.0,10457.06,0.262436,65481.27,0.2463,2027-12-01
NK225E    ,OOP,202712,59500.0,            ,132369518,0000000.0000,0000000.0,4129.81,0.24996,142369518,0000000.0000,0000000.0,10295.96,0.261569,65481.27,0.2463,2027-12-01
NK225E    ,OOP,202712,59750.0,            ,132369718,0000000.0000,0000000.0,4215.39,0.249319,142369718,0000000.0000,0000000.0,10136.24,0.260858,65481.27,0.2463,2027-12-01
NK225E    ,OOP,202712,60000.0,            ,132360018,0000000.0000,0000000.0,4302.42,0.248628,142360018,0000000.0000,0000000.0,9977.96,0.2601,65481.27,0.2463,2027-12-01
NK225E    ,OOP,202712,60250.0,            ,132360218,0000000.0000,0000000.0,4390.84,0.24789,142360218,0000000.0000,0000000.0,9821.08,0.259298,65481.27,0.2463,2027-12-01
NK225E    ,OOP,202712,60500.0,            ,132360518,0000000.0000,0000000.0,4480.74,0.2473,142360518,0000000.0000,0000000.0,9665.67,0.258646,65481.27,0.2463,2027-12-01
NK225E    ,OOP,202712,60750.0,            ,132360718,0000000.0000,0000000.0,4572.1,0.24666,142360718,0000000.0000,0000000.0,9511.73,0.257947,65481.27,0.2463,2027-12-01
NK225E    ,OOP,202712,61000.0,            ,132361018,0000000.0000,0000000.0,4664.91,0.245972,142361018,0000000.0000,0000000.0,9359.23,0.257202,65481.27,0.2463,2027-12-01
NK225E    ,OOP,202712,61250.0,            ,132361218,0000000.0000,0000000.0,4759.21,0.245236,142361218,0000000.0000,0000000.0,9208.23,0.256411,65481.27,0.2463,2027-12-01
NK225E    ,OOP,202712,61500.0,            ,132361518,0000000.0000,0000000.0,4854.99,0.244643,142361518,0000000.0000,0000000.0,9058.71,0.255767,65481.27,0.2463,2027-12-01
NK225E    ,OOP,202712,61750.0,            ,132361718,0000000.0000,0000000.0,4952.27,0.244001,142361718,0000000.0000,0000000.0,8910.68,0.255075,65481.27,0.2463,2027-12-01
NK225E    ,OOP,202712,62000.0,            ,132362018,0000000.0000,0000000.0,5051.07,0.243499,142362018,0000000.0000,0000000.0,8764.18,0.254527,65481.27,0.2463,2027-12-01
NK225E    ,OOP,202712,62250.0,            ,132362218,0000000.0000,0000000.0,5151.38,0.242947,142362218,0000000.0000,0000000.0,8619.18,0.253743,65481.27,0.2463,2027-12-01
NK225E    ,OOP,202712,62500.0,            ,182242518,0000000.0000,0000000.0,5253.2,0.242345,192242518,0000000.0000,0000000.0,8475.7,0.2531,65481.27,0.2463,2027-12-01
NK225E    ,OOP,202712,62750.0,            ,182362718,0000000.0000,0000000.0,5356.55,0.241695,192362718,0000000.0000,0000000.0,8333.74,0.252597,65481.27,0.2463,2027-12-01
NK225E    ,OOP,202712,63000.0,            ,182363018,0000000.0000,0000000.0,5461.46,0.241181,192363018,0000000.0000,0000000.0,8193.35,0.251861,65481.27,0.2463,2027-12-01
NK225E    ,OOP,202712,63250.0,            ,182363218,0000000.0000,0000000.0,5567.93,0.240617,192363218,0000000.0000,0000000.0,8054.52,0.251264,65481.27,0.2463,2027-12-01
NK225E    ,OOP,202712,63500.0,            ,182363518,0000000.0000,0000000.0,5675.92,0.240005,192363518,0000000.0000,0000000.0,7917.2,0.25062,65481.27,0.2463,2027-12-01
NK225E    ,OOP,202712,63750.0,            ,182363718,0000000.0000,0000000.0,5785.49,0.239526,192363718,0000000.0000,0000000.0,7781.47,0.250112,65481.27,0.2463,2027-12-01
NK225E    ,OOP,202712,64000.0,            ,182364018,0000000.0000,0000000.0,5896.61,0.238815,192364018,0000000.0000,0000000.0,7647.29,0.249557,65481.27,0.2463,2027-12-01
NK225E    ,OOP,202712,64250.0,            ,182364218,0000000.0000,0000000.0,6009.32,0.23842,192364218,0000000.0000,0000000.0,7514.7,0.248955,65481.27,0.2463,2027-12-01
NK225E    ,OOP,202712,64500.0,            ,182364518,0000000.0000,0000000.0,6123.6,0.237793,192364518,0000000.0000,0000000.0,7383.67,0.248306,65481.27,0.2463,2027-12-01
NK225E    ,OOP,202712,64750.0,            ,182364718,0000000.0000,0000000.0,6239.45,0.237298,192364718,0000000.0000,0000000.0,7254.21,0.247791,65481.27,0.2463,2027-12-01
NK225E    ,OOP,202712,65000.0,            ,182365018,0000000.0000,0000000.0,6356.89,0.236754,192365018,0000000.0000,0000000.0,7126.36,0.247229,65481.27,0.2463,2027-12-01
NK225E    ,OOP,202712,65250.0,            ,182365218,0000000.0000,0000000.0,6475.92,0.23634,192365218,0000000.0000,0000000.0,7000.08,0.24662,65481.27,0.2463,2027-12-01
NK225E    ,OOP,202712,65500.0,            ,182365518,0000000.0000,0000000.0,6596.52,0.235697,192365518,0000000.0000,0000000.0,6875.37,0.246144,65481.27,0.2463,2027-12-01
NK225E    ,OOP,202712,65750.0,            ,182365718,0000000.0000,0000000.0,6718.73,0.235184,192365718,0000000.0000,0000000.0,6752.28,0.24562,65481.27,0.2463,2027-12-01
NK225E    ,OOP,202712,66000.0,            ,182366018,0000000.0000,0000000.0,6842.52,0.234801,192366018,0000000.0000,0000000.0,6630.77,0.245229,65481.27,0.2463,2027-12-01
NK225E    ,OOP,202712,66250.0,            ,182366218,0000000.0000,0000000.0,6967.92,0.234368,192366218,0000000.0000,0000000.0,6510.87,0.244611,65481.27,0.2463,2027-12-01
NK225E    ,OOP,202712,66500.0,            ,182366518,0000000.0000,0000000.0,7094.91,0.233886,192366518,0000000.0000,0000000.0,6392.55,0.244125,65481.27,0.2463,2027-12-01
NK225E    ,OOP,202712,66750.0,            ,182366718,0000000.0000,0000000.0,7223.48,0.233354,192366718,0000000.0000,0000000.0,6275.82,0.24377,65481.27,0.2463,2027-12-01
NK225E    ,OOP,202712,67000.0,            ,182367018,0000000.0000,0000000.0,7353.63,0.232951,192367018,0000000.0000,0000000.0,6160.67,0.24319,65481.27,0.2463,2027-12-01
NK225E    ,OOP,202712,67250.0,            ,182367218,0000000.0000,0000000.0,7485.4,0.232499,192367218,0000000.0000,0000000.0,6047.12,0.242741,65481.27,0.2463,2027-12-01
NK225E    ,OOP,202712,67500.0,            ,132487518,0000000.0000,0000000.0,7618.74,0.231998,142487518,0000000.0000,0000000.0,5935.16,0.242244,65481.27,0.2463,2027-12-01
NK225E    ,OOP,202712,67750.0,            ,182367718,0000000.0000,0000000.0,7753.66,0.231625,192367718,0000000.0000,0000000.0,5824.78,0.241879,65481.27,0.2463,2027-12-01
NK225E    ,OOP,202712,68000.0,            ,182368018,0000000.0000,0000000.0,7890.18,0.231204,192368018,0000000.0000,0000000.0,5716.0,0.241467,65481.27,0.2463,2027-12-01
NK225E    ,OOP,202712,68250.0,            ,182368218,0000000.0000,0000000.0,8028.25,0.230733,192368218,0000000.0000,0000000.0,5608.76,0.241008,65481.27,0.2463,2027-12-01
NK225E    ,OOP,202712,68500.0,            ,182368518,0000000.0000,0000000.0,8167.91,0.230391,192368518,0000000.0000,0000000.0,5503.12,0.24068,65481.27,0.2463,2027-12-01
NK225E    ,OOP,202712,68750.0,            ,182368718,0000000.0000,0000000.0,8309.17,0.230001,192368718,0000000.0000,0000000.0,5399.07,0.240306,65481.27,0.2463,2027-12-01
NK225E    ,OOP,202712,69000.0,            ,182369018,0000000.0000,0000000.0,8451.95,0.229562,192369018,0000000.0000,0000000.0,5296.55,0.239885,65481.27,0.2463,2027-12-01
NK225E    ,OOP,202712,69250.0,            ,182369218,0000000.0000,0000000.0,8596.3,0.229074,192369218,0000000.0000,0000000.0,5195.59,0.239418,65481.27,0.2463,2027-12-01
NK225E    ,OOP,202712,69500.0,            ,182369518,0000000.0000,0000000.0,8742.21,0.228716,192369518,0000000.0000,0000000.0,5096.21,0.239083,65481.27,0.2463,2027-12-01
NK225E    ,OOP,202712,69750.0,            ,182369718,0000000.0000,0000000.0,8889.67,0.228309,192369718,0000000.0000,0000000.0,4998.36,0.238701,65481.27,0.2463,2027-12-01
NK225E    ,OOP,202712,70000.0,            ,182360018,0000000.0000,0000000.0,9038.67,0.228033,192360018,0000000.0000,0000000.0,4902.06,0.238274,65481.27,0.2463,2027-12-01
NK225E    ,OOP,202712,70250.0,            ,182360218,0000000.0000,0000000.0,9189.19,0.227709,192360218,0000000.0000,0000000.0,4807.28,0.237979,65481.27,0.2463,2027-12-01
NK225E    ,OOP,202712,70500.0,            ,182360518,0000000.0000,0000000.0,9341.21,0.227337,192360518,0000000.0000,0000000.0,4713.99,0.237638,65481.27,0.2463,2027-12-01
NK225E    ,OOP,202712,70750.0,            ,182360718,0000000.0000,0000000.0,9494.77,0.226917,192360718,0000000.0000,0000000.0,4622.24,0.237432,65481.27,0.2463,2027-12-01
NK225E    ,OOP,202712,71000.0,            ,182361018,0000000.0000,0000000.0,9649.83,0.22663,192361018,0000000.0000,0000000.0,4532.0,0.237001,65481.27,0.2463,2027-12-01
NK225E    ,OOP,202712,71250.0,            ,182361218,0000000.0000,0000000.0,9806.38,0.226295,192361218,0000000.0000,0000000.0,4443.25,0.236704,65481.27,0.2463,2027-12-01
NK225E    ,OOP,202712,71500.0,            ,182361518,0000000.0000,0000000.0,9964.43,0.225912,192361518,0000000.0000,0000000.0,4355.99,0.236362,65481.27,0.2463,2027-12-01
NK225E    ,OOP,202712,71750.0,            ,182361718,0000000.0000,0000000.0,10123.92,0.225664,192361718,0000000.0000,0000000.0,4270.18,0.236157,65481.27,0.2463,2027-12-01
NK225E    ,OOP,202712,72000.0,            ,182362018,0000000.0000,0000000.0,10284.9,0.225187,192362018,0000000.0000,0000000.0,4185.86,0.235907,65481.27,0.2463,2027-12-01
NK225E    ,OOP,202712,72250.0,            ,182362218,0000000.0000,0000000.0,10447.31,0.225028,192362218,0000000.0000,0000000.0,4102.96,0.235613,65481.27,0.2463,2027-12-01
NK225E    ,OOP,202712,72500.0,            ,132482518,0000000.0000,0000000.0,10611.14,0.224639,142482518,0000000.0000,0000000.0,4021.49,0.235274,65481.27,0.2463,2027-12-01
NK225E    ,OOP,202712,72750.0,            ,132482718,0000000.0000,0000000.0,10776.43,0.224388,142482718,0000000.0000,0000000.0,3941.47,0.235075,65481.27,0.2463,2027-12-01
NK225E    ,OOP,202712,73000.0,            ,132483018,0000000.0000,0000000.0,10943.11,0.22409,142483018,0000000.0000,0000000.0,3862.85,0.234832,65481.27,0.2463,2027-12-01
NK225E    ,OOP,202712,73250.0,            ,132483218,0000000.0000,0000000.0,11111.2,0.223746,142483218,0000000.0000,0000000.0,3785.64,0.234545,65481.27,0.2463,2027-12-01
NK225E    ,OOP,202712,73500.0,            ,132483518,0000000.0000,0000000.0,11280.66,0.223543,142483518,0000000.0000,0000000.0,3709.8,0.2344,65481.27,0.2463,2027-12-01
NK225E    ,OOP,202712,73750.0,            ,132483718,0000000.0000,0000000.0,11451.51,0.223294,142483718,0000000.0000,0000000.0,3635.34,0.234026,65481.27,0.2463,2027-12-01
NK225E    ,OOP,202712,74000.0,            ,132484018,0000000.0000,0000000.0,11623.7,0.223,142484018,0000000.0000,0000000.0,3562.23,0.233795,65481.27,0.2463,2027-12-01
NK225E    ,OOP,202712,74250.0,            ,132484218,0000000.0000,0000000.0,11797.23,0.222659,142484218,0000000.0000,0000000.0,3490.45,0.233709,65481.27,0.2463,2027-12-01
NK225E    ,OOP,202712,74500.0,            ,132484518,0000000.0000,0000000.0,11972.1,0.222464,142484518,0000000.0000,0000000.0,3420.01,0.233392,65481.27,0.2463,2027-12-01
NK225E    ,OOP,202712,74750.0,            ,132484718,0000000.0000,0000000.0,12148.27,0.222224,142484718,0000000.0000,0000000.0,3350.89,0.233222,65481.27,0.2463,2027-12-01
NK225E    ,OOP,202712,75000.0,            ,132485018,0000000.0000,0000000.0,12325.76,0.221939,142485018,0000000.0000,0000000.0,3283.07,0.23301,65481.27,0.2463,2027-12-01
NK225E    ,OOP,202712,75250.0,            ,132485218,0000000.0000,0000000.0,12504.51,0.221608,142485218,0000000.0000,0000000.0,3216.51,0.232948,65481.27,0.2463,2027-12-01
NK225E    ,OOP,202712,75500.0,            ,132485518,0000000.0000,0000000.0,12684.52,0.221428,142485518,0000000.0000,0000000.0,3151.22,0.232653,65481.27,0.2463,2027-12-01
NK225E    ,OOP,202712,75750.0,            ,132485718,0000000.0000,0000000.0,12865.8,0.221203,142485718,0000000.0000,0000000.0,3087.2,0.232509,65481.27,0.2463,2027-12-01
NK225E    ,OOP,202712,76000.0,            ,132486018,0000000.0000,0000000.0,13048.29,0.220935,142486018,0000000.0000,0000000.0,3024.39,0.232324,65481.27,0.2463,2027-12-01
NK225E    ,OOP,202712,76250.0,            ,132486218,0000000.0000,0000000.0,13232.03,0.220821,142486218,0000000.0000,0000000.0,2962.82,0.232294,65481.27,0.2463,2027-12-01
NK225E    ,OOP,202712,77500.0,            ,182367518,0000000.0000,0000000.0,14168.3,0.219816,192367518,0000000.0000,0000000.0,2672.57,0.231552,65481.27,0.2463,2027-12-01
NK225E    ,OOP,202712,80000.0,            ,132480018,0000000.0000,0000000.0,16122.31,0.218009,142480018,0000000.0000,0000000.0,2173.54,0.230872,65481.27,0.2463,2027-12-01
NK225E    ,OOP,202712,82500.0,            ,182482518,0000000.0000,0000000.0,18170.63,0.216453,192482518,0000000.0000,0000000.0,1768.83,0.230754,65481.27,0.2463,2027-12-01
NK225E    ,OOP,202712,85000.0,            ,182485018,0000000.0000,0000000.0,20296.57,0.215342,192485018,0000000.0000,0000000.0,1441.72,0.231156,65481.27,0.2463,2027-12-01
NK225E    ,OOP,202712,87500.0,            ,182487518,0000000.0000,0000000.0,22484.91,0.21397,192487518,0000000.0000,0000000.0,1177.03,0.231676,65481.27,0.2463,2027-12-01
NK225E    ,OOP,202712,90000.0,            ,182480018,0000000.0000,0000000.0,24722.37,0.212227,192480018,0000000.0000,0000000.0,961.45,0.232622,65481.27,0.2463,2027-12-01
NK225E    ,OOP,202712,95000.0,            ,132605018,0000000.0000,0000000.0,29302.24,0.205623,142605018,0000000.0000,0000000.0,635.25,0.233621,65481.27,0.2463,2027-12-01
NK225E    ,OOP,202712,100000.0,            ,132600018,0000000.0000,0000000.0,33971.99,0.189414,142600018,0000000.0000,0000000.0,398.92,0.232599,65481.27,0.2463,2027-12-01
NK225E    ,OOP,202803,50000.0,            ,133030018,0000000.0000,0000000.0,2211.24,0.278349,143030018,0000000.0000,0000000.0,17800.15,0.304436,65481.27,0.2463,2028-03-01
NK225E    ,OOP,202803,51000.0,            ,133031018,0000000.0000,0000000.0,2395.11,0.274155,143031018,0000000.0000,0000000.0,17006.68,0.29922,65481.27,0.2463,2028-03-01
NK225E    ,OOP,202803,52000.0,            ,133032018,0000000.0000,0000000.0,2600.65,0.270655,143032018,0000000.0000,0000000.0,16234.87,0.294524,65481.27,0.2463,2028-03-01
NK225E    ,OOP,202803,53000.0,            ,133033018,0000000.0000,0000000.0,2826.9,0.267504,143033018,0000000.0000,0000000.0,15483.77,0.290492,65481.27,0.2463,2028-03-01
NK225E    ,OOP,202803,54000.0,            ,133034018,0000000.0000,0000000.0,3072.95,0.264414,143034018,0000000.0000,0000000.0,14752.47,0.286605,65481.27,0.2463,2028-03-01
NK225E    ,OOP,202803,55000.0,            ,133035018,0000000.0000,0000000.0,3338.08,0.261782,143035018,0000000.0000,0000000.0,14040.25,0.283035,65481.27,0.2463,2028-03-01
NK225E    ,OOP,202803,56000.0,            ,133036018,0000000.0000,0000000.0,3621.8,0.259128,143036018,0000000.0000,0000000.0,13346.62,0.279533,65481.27,0.2463,2028-03-01
NK225E    ,OOP,202803,57000.0,            ,133037018,0000000.0000,0000000.0,3923.78,0.256632,143037018,0000000.0000,0000000.0,12671.26,0.276465,65481.27,0.2463,2028-03-01
NK225E    ,OOP,202803,58000.0,            ,133038018,0000000.0000,0000000.0,4244.15,0.254074,143038018,0000000.0000,0000000.0,12014.28,0.273211,65481.27,0.2463,2028-03-01
NK225E    ,OOP,202803,59000.0,            ,133039018,0000000.0000,0000000.0,4583.11,0.251626,143039018,0000000.0000,0000000.0,11375.89,0.270322,65481.27,0.2463,2028-03-01
NK225E    ,OOP,202803,59500.0,            ,133039518,0000000.0000,0000000.0,4759.9,0.250346,143039518,0000000.0000,0000000.0,11064.01,0.268934,65481.27,0.2463,2028-03-01
NK225E    ,OOP,202803,59750.0,            ,133039718,0000000.0000,0000000.0,4849.99,0.249827,143039718,0000000.0000,0000000.0,10909.76,0.268095,65481.27,0.2463,2028-03-01
NK225E    ,OOP,202803,60000.0,            ,183030018,0000000.0000,0000000.0,4941.19,0.249087,193030018,0000000.0000,0000000.0,10756.62,0.267401,65481.27,0.2463,2028-03-01
NK225E    ,OOP,202803,60250.0,            ,133030218,0000000.0000,0000000.0,5034.01,0.248666,143030218,0000000.0000,0000000.0,10605.1,0.266669,65481.27,0.2463,2028-03-01
NK225E    ,OOP,202803,60500.0,            ,133030518,0000000.0000,0000000.0,5127.96,0.248025,143030518,0000000.0000,0000000.0,10454.72,0.266079,65481.27,0.2463,2028-03-01
NK225E    ,OOP,202803,60750.0,            ,133030718,0000000.0000,0000000.0,5223.05,0.247345,143030718,0000000.0000,0000000.0,10305.47,0.265275,65481.27,0.2463,2028-03-01
NK225E    ,OOP,202803,61000.0,            ,183031018,0000000.0000,0000000.0,5319.24,0.246801,193031018,0000000.0000,0000000.0,10157.32,0.264611,65481.27,0.2463,2028-03-01
NK225E    ,OOP,202803,61250.0,            ,133031218,0000000.0000,0000000.0,5417.26,0.246216,143031218,0000000.0000,0000000.0,10011.01,0.264085,65481.27,0.2463,2028-03-01
NK225E    ,OOP,202803,61500.0,            ,133031518,0000000.0000,0000000.0,5516.4,0.245766,143031518,0000000.0000,0000000.0,9865.81,0.263346,65481.27,0.2463,2028-03-01
NK225E    ,OOP,202803,61750.0,            ,133031718,0000000.0000,0000000.0,5616.76,0.2451,143031718,0000000.0000,0000000.0,9721.83,0.262745,65481.27,0.2463,2028-03-01
NK225E    ,OOP,202803,62000.0,            ,183032018,0000000.0000,0000000.0,5718.24,0.244568,193032018,0000000.0000,0000000.0,9578.98,0.262106,65481.27,0.2463,2028-03-01
NK225E    ,OOP,202803,62250.0,            ,133032218,0000000.0000,0000000.0,5821.71,0.243995,143032218,0000000.0000,0000000.0,9438.1,0.26143,65481.27,0.2463,2028-03-01
NK225E    ,OOP,202803,62500.0,            ,133032518,0000000.0000,0000000.0,5926.4,0.243552,143032518,0000000.0000,0000000.0,9298.46,0.260889,65481.27,0.2463,2028-03-01
NK225E    ,OOP,202803,62750.0,            ,133032718,0000000.0000,0000000.0,6032.24,0.242899,143032718,0000000.0000,0000000.0,9159.96,0.260139,65481.27,0.2463,2028-03-01
NK225E    ,OOP,202803,63000.0,            ,183033018,0000000.0000,0000000.0,6139.25,0.242375,193033018,0000000.0000,0000000.0,9022.64,0.259523,65481.27,0.2463,2028-03-01
NK225E    ,OOP,202803,63250.0,            ,133033218,0000000.0000,0000000.0,6248.48,0.241811,143033218,0000000.0000,0000000.0,8887.53,0.259038,65481.27,0.2463,2028-03-01
NK225E    ,OOP,202803,63500.0,            ,133033518,0000000.0000,0000000.0,6358.93,0.241374,143033518,0000000.0000,0000000.0,8753.64,0.258516,65481.27,0.2463,2028-03-01
NK225E    ,OOP,202803,63750.0,            ,133033718,0000000.0000,0000000.0,6470.57,0.240897,143033718,0000000.0000,0000000.0,8620.95,0.257955,65481.27,0.2463,2028-03-01
NK225E    ,OOP,202803,64000.0,            ,183034018,0000000.0000,0000000.0,6583.4,0.240379,193034018,0000000.0000,0000000.0,8489.44,0.257358,65481.27,0.2463,2028-03-01
NK225E    ,OOP,202803,64250.0,            ,133034218,0000000.0000,0000000.0,6698.69,0.239821,143034218,0000000.0000,0000000.0,8360.39,0.256723,65481.27,0.2463,2028-03-01
NK225E    ,OOP,202803,64500.0,            ,133034518,0000000.0000,0000000.0,6815.17,0.239388,143034518,0000000.0000,0000000.0,8232.54,0.256218,65481.27,0.2463,2028-03-01
NK225E    ,OOP,202803,64750.0,            ,133034718,0000000.0000,0000000.0,6932.86,0.238915,143034718,0000000.0000,0000000.0,8105.89,0.255674,65481.27,0.2463,2028-03-01
NK225E    ,OOP,202803,65000.0,            ,183035018,0000000.0000,0000000.0,7051.75,0.238566,193035018,0000000.0000,0000000.0,7980.44,0.255259,65481.27,0.2463,2028-03-01
NK225E    ,OOP,202803,65250.0,            ,133035218,0000000.0000,0000000.0,7173.3,0.238012,143035218,0000000.0000,0000000.0,7857.65,0.254806,65481.27,0.2463,2028-03-01
NK225E    ,OOP,202803,65500.0,            ,133035518,0000000.0000,0000000.0,7296.05,0.237582,143035518,0000000.0000,0000000.0,7736.07,0.254315,65481.27,0.2463,2028-03-01
NK225E    ,OOP,202803,65750.0,            ,133035718,0000000.0000,0000000.0,7420.01,0.237275,143035718,0000000.0000,0000000.0,7615.69,0.253787,65481.27,0.2463,2028-03-01
NK225E    ,OOP,202803,66000.0,            ,183036018,0000000.0000,0000000.0,7545.18,0.236764,193036018,0000000.0000,0000000.0,7496.52,0.253385,65481.27,0.2463,2028-03-01
NK225E    ,OOP,202803,66250.0,            ,133036218,0000000.0000,0000000.0,7673.15,0.236377,143036218,0000000.0000,0000000.0,7380.15,0.252945,65481.27,0.2463,2028-03-01
NK225E    ,OOP,202803,66500.0,            ,133036518,0000000.0000,0000000.0,7802.32,0.235949,143036518,0000000.0000,0000000.0,7264.99,0.252631,65481.27,0.2463,2028-03-01
NK225E    ,OOP,202803,66750.0,            ,133036718,0000000.0000,0000000.0,7932.7,0.235643,143036718,0000000.0000,0000000.0,7151.03,0.252117,65481.27,0.2463,2028-03-01
NK225E    ,OOP,202803,67000.0,            ,183037018,0000000.0000,0000000.0,8064.28,0.235297,193037018,0000000.0000,0000000.0,7038.27,0.251729,65481.27,0.2463,2028-03-01
NK225E    ,OOP,202803,67250.0,            ,133037218,0000000.0000,0000000.0,8198.75,0.234911,143037218,0000000.0000,0000000.0,6928.4,0.251465,65481.27,0.2463,2028-03-01
NK225E    ,OOP,202803,67500.0,            ,133037518,0000000.0000,0000000.0,8334.42,0.234647,143037518,0000000.0000,0000000.0,6819.74,0.251002,65481.27,0.2463,2028-03-01
NK225E    ,OOP,202803,67750.0,            ,133037718,0000000.0000,0000000.0,8471.29,0.234343,143037718,0000000.0000,0000000.0,6712.27,0.250664,65481.27,0.2463,2028-03-01
NK225E    ,OOP,202803,68000.0,            ,183038018,0000000.0000,0000000.0,8609.35,0.234,193038018,0000000.0000,0000000.0,6605.99,0.25045,65481.27,0.2463,2028-03-01
NK225E    ,OOP,202803,68250.0,            ,133038218,0000000.0000,0000000.0,8750.26,0.233617,143038218,0000000.0000,0000000.0,6502.57,0.250038,65481.27,0.2463,2028-03-01
NK225E    ,OOP,202803,68500.0,            ,133038518,0000000.0000,0000000.0,8892.36,0.233355,143038518,0000000.0000,0000000.0,6400.33,0.249913,65481.27,0.2463,2028-03-01
NK225E    ,OOP,202803,68750.0,            ,133038718,0000000.0000,0000000.0,9035.63,0.233055,143038718,0000000.0000,0000000.0,6299.27,0.24959,65481.27,0.2463,2028-03-01
NK225E    ,OOP,202803,69000.0,            ,183039018,0000000.0000,0000000.0,9180.11,0.232877,193039018,0000000.0000,0000000.0,6199.41,0.249229,65481.27,0.2463,2028-03-01
NK225E    ,OOP,202803,69250.0,            ,133039218,0000000.0000,0000000.0,9327.27,0.23266,143039218,0000000.0000,0000000.0,6102.23,0.248994,65481.27,0.2463,2028-03-01
NK225E    ,OOP,202803,69500.0,            ,183039518,0000000.0000,0000000.0,9475.62,0.232403,193039518,0000000.0000,0000000.0,6006.24,0.248885,65481.27,0.2463,2028-03-01
NK225E    ,OOP,202803,69750.0,            ,183039718,0000000.0000,0000000.0,9625.12,0.232108,193039718,0000000.0000,0000000.0,5911.4,0.248577,65481.27,0.2463,2028-03-01
NK225E    ,OOP,202803,70000.0,            ,133150018,0000000.0000,0000000.0,9775.77,0.231937,143150018,0000000.0000,0000000.0,5817.72,0.248396,65481.27,0.2463,2028-03-01
NK225E    ,OOP,202803,70250.0,            ,183030218,0000000.0000,0000000.0,9928.88,0.231727,193030218,0000000.0000,0000000.0,5726.49,0.248179,65481.27,0.2463,2028-03-01
NK225E    ,OOP,202803,71000.0,            ,133151018,0000000.0000,0000000.0,10395.03,0.231193,143151018,0000000.0000,0000000.0,5459.63,0.247638,65481.27,0.2463,2028-03-01
NK225E    ,OOP,202803,72000.0,            ,133152018,0000000.0000,0000000.0,11035.81,0.230498,143152018,0000000.0000,0000000.0,5123.06,0.247133,65481.27,0.2463,2028-03-01
NK225E    ,OOP,202803,73000.0,            ,133153018,0000000.0000,0000000.0,11695.43,0.229871,143153018,0000000.0000,0000000.0,4805.33,0.246737,65481.27,0.2463,2028-03-01
NK225E    ,OOP,202803,74000.0,            ,133154018,0000000.0000,0000000.0,12370.58,0.229161,143154018,0000000.0000,0000000.0,4503.14,0.246135,65481.27,0.2463,2028-03-01
NK225E    ,OOP,202803,75000.0,            ,133155018,0000000.0000,0000000.0,13057.22,0.228384,143155018,0000000.0000,0000000.0,4212.43,0.245505,65481.27,0.2463,2028-03-01
NK225E    ,OOP,202803,76000.0,            ,133156018,0000000.0000,0000000.0,13750.84,0.227034,143156018,0000000.0000,0000000.0,3928.7,0.244693,65481.27,0.2463,2028-03-01
NK225E    ,OOP,202803,77000.0,            ,133157018,0000000.0000,0000000.0,14446.31,0.225447,143157018,0000000.0000,0000000.0,3646.82,0.243184,65481.27,0.2463,2028-03-01
NK225E    ,OOP,202803,78000.0,            ,133158018,0000000.0000,0000000.0,15138.08,0.222894,143158018,0000000.0000,0000000.0,3361.24,0.241131,65481.27,0.2463,2028-03-01
NK225E    ,OOP,202803,79000.0,            ,133159018,0000000.0000,0000000.0,15820.49,0.219492,143159018,0000000.0000,0000000.0,3066.3,0.238145,65481.27,0.2463,2028-03-01
NK225E    ,OOP,202803,80000.0,            ,183150018,0000000.0000,0000000.0,16487.86,0.214573,193150018,0000000.0000,0000000.0,2756.33,0.233971,65481.27,0.2463,2028-03-01
NK225E    ,OOP,202806,15000.0,            ,183065018,0000000.0000,0000000.0,5.29,0.374833,193065018,0000000.0000,0000000.0,49488.66,0.71086,65481.27,0.2463,2028-06-01
NK225E    ,OOP,202806,16000.0,            ,183066018,0000000.0000,0000000.0,8.66,0.376701,193066018,0000000.0000,0000000.0,48518.52,0.681506,65481.27,0.2463,2028-06-01
NK225E    ,OOP,202806,17000.0,            ,183067018,0000000.0000,0000000.0,13.55,0.375157,193067018,0000000.0000,0000000.0,47549.92,0.654146,65481.27,0.2463,2028-06-01
NK225E    ,OOP,202806,17500.0,            ,133067518,0000000.0000,0000000.0,16.71,0.375037,143067518,0000000.0000,0000000.0,47066.33,0.641132,65481.27,0.2463,2028-06-01
NK225E    ,OOP,202806,17750.0,            ,133067718,0000000.0000,0000000.0,18.49,0.375645,143067718,0000000.0000,0000000.0,46824.74,0.635332,65481.27,0.2463,2028-06-01
NK225E    ,OOP,202806,18000.0,            ,133068018,0000000.0000,0000000.0,20.42,0.375869,143068018,0000000.0000,0000000.0,46583.29,0.629618,65481.27,0.2463,2028-06-01
NK225E    ,OOP,202806,18250.0,            ,133068218,0000000.0000,0000000.0,22.5,0.37578,143068218,0000000.0000,0000000.0,46342.0,0.622907,65481.27,0.2463,2028-06-01
NK225E    ,OOP,202806,18500.0,            ,133068518,0000000.0000,0000000.0,24.75,0.37543,143068518,0000000.0000,0000000.0,46100.88,0.617369,65481.27,0.2463,2028-06-01
NK225E    ,OOP,202806,18750.0,            ,133068718,0000000.0000,0000000.0,27.17,0.374863,143068718,0000000.0000,0000000.0,45859.92,0.611909,65481.27,0.2463,2028-06-01
NK225E    ,OOP,202806,19000.0,            ,133069018,0000000.0000,0000000.0,29.77,0.37558,143069018,0000000.0000,0000000.0,45619.15,0.606524,65481.27,0.2463,2028-06-01
NK225E    ,OOP,202806,19250.0,            ,133069218,0000000.0000,0000000.0,32.57,0.374584,143069218,0000000.0000,0000000.0,45378.57,0.600181,65481.27,0.2463,2028-06-01
NK225E    ,OOP,202806,19500.0,            ,133069518,0000000.0000,0000000.0,35.56,0.374746,143069518,0000000.0000,0000000.0,45138.19,0.594952,65481.27,0.2463,2028-06-01
NK225E    ,OOP,202806,19750.0,            ,133069718,0000000.0000,0000000.0,38.76,0.374645,143069718,0000000.0000,0000000.0,44898.01,0.589792,65481.27,0.2463,2028-06-01
NK225E    ,OOP,202806,20000.0,            ,133060018,0000000.0000,0000000.0,42.18,0.37432,143060018,0000000.0000,0000000.0,44658.06,0.584699,65481.27,0.2463,2028-06-01
NK225E    ,OOP,202806,20250.0,            ,133060218,0000000.0000,0000000.0,45.82,0.374844,143060218,0000000.0000,0000000.0,44418.33,0.57967,65481.27,0.2463,2028-06-01
NK225E    ,OOP,202806,20500.0,            ,133060518,0000000.0000,0000000.0,49.71,0.375075,143060518,0000000.0000,0000000.0,44178.84,0.574705,65481.27,0.2463,2028-06-01
NK225E    ,OOP,202806,20750.0,            ,133060718,0000000.0000,0000000.0,53.84,0.375059,143060718,0000000.0000,0000000.0,43939.6,0.569801,65481.27,0.2463,2028-06-01
NK225E    ,OOP,202806,21000.0,            ,133061018,0000000.0000,0000000.0,58.23,0.374829,143061018,0000000.0000,0000000.0,43700.62,0.565904,65481.27,0.2463,2028-06-01
NK225E    ,OOP,202806,21250.0,            ,133061218,0000000.0000,0000000.0,62.89,0.374416,143061218,0000000.0000,0000000.0,43461.9,0.561107,65481.27,0.2463,2028-06-01
NK225E    ,OOP,202806,21500.0,            ,133061518,0000000.0000,0000000.0,67.83,0.374599,143061518,0000000.0000,0000000.0,43223.47,0.556366,65481.27,0.2463,2028-06-01
NK225E    ,OOP,202806,21750.0,            ,133061718,0000000.0000,0000000.0,73.06,0.37456,143061718,0000000.0000,0000000.0,42985.32,0.55168,65481.27,0.2463,2028-06-01
NK225E    ,OOP,202806,22000.0,            ,133062018,0000000.0000,0000000.0,78.59,0.374329,143062018,0000000.0000,0000000.0,42747.48,0.54795,65481.27,0.2463,2028-06-01
NK225E    ,OOP,202806,22250.0,            ,133062218,0000000.0000,0000000.0,84.43,0.374563,143062218,0000000.0000,0000000.0,42509.95,0.54336,65481.27,0.2463,2028-06-01
NK225E    ,OOP,202806,22500.0,            ,133062518,0000000.0000,0000000.0,90.59,0.374584,143062518,0000000.0000,0000000.0,42272.74,0.5397,65481.27,0.2463,2028-06-01
NK225E    ,OOP,202806,22750.0,            ,133062718,0000000.0000,0000000.0,97.09,0.374418,143062718,0000000.0000,0000000.0,42035.86,0.535201,65481.27,0.2463,2028-06-01
NK225E    ,OOP,202806,23000.0,            ,133063018,0000000.0000,0000000.0,103.93,0.374089,143063018,0000000.0000,0000000.0,41799.32,0.531608,65481.27,0.2463,2028-06-01
NK225E    ,OOP,202806,23250.0,            ,133063218,0000000.0000,0000000.0,111.12,0.374126,143063218,0000000.0000,0000000.0,41563.14,0.528041,65481.27,0.2463,2028-06-01
NK225E    ,OOP,202806,23500.0,            ,133063518,0000000.0000,0000000.0,118.68,0.37447,143063518,0000000.0000,0000000.0,41327.33,0.523667,65481.27,0.2463,2028-06-01
NK225E    ,OOP,202806,23750.0,            ,133063718,0000000.0000,0000000.0,126.62,0.374151,143063718,0000000.0000,0000000.0,41091.89,0.520161,65481.27,0.2463,2028-06-01
NK225E    ,OOP,202806,24000.0,            ,133064018,0000000.0000,0000000.0,134.95,0.374134,143064018,0000000.0000,0000000.0,40856.84,0.51668,65481.27,0.2463,2028-06-01
NK225E    ,OOP,202806,24250.0,            ,133064218,0000000.0000,0000000.0,143.67,0.374372,143064218,0000000.0000,0000000.0,40622.2,0.513223,65481.27,0.2463,2028-06-01
NK225E    ,OOP,202806,24500.0,            ,133064518,0000000.0000,0000000.0,152.81,0.374031,143064518,0000000.0000,0000000.0,40387.96,0.509788,65481.27,0.2463,2028-06-01
NK225E    ,OOP,202806,24750.0,            ,133064718,0000000.0000,0000000.0,162.37,0.373943,143064718,0000000.0000,0000000.0,40154.14,0.506377,65481.27,0.2463,2028-06-01
NK225E    ,OOP,202806,25000.0,            ,133065018,0000000.0000,0000000.0,172.36,0.374072,143065018,0000000.0000,0000000.0,39920.76,0.503753,65481.27,0.2463,2028-06-01
NK225E    ,OOP,202806,25250.0,            ,133065218,0000000.0000,0000000.0,182.8,0.374038,143065218,0000000.0000,0000000.0,39687.82,0.500375,65481.27,0.2463,2028-06-01
NK225E    ,OOP,202806,25500.0,            ,133065518,0000000.0000,0000000.0,193.69,0.374191,143065518,0000000.0000,0000000.0,39455.34,0.497019,65481.27,0.2463,2028-06-01
NK225E    ,OOP,202806,25750.0,            ,133065718,0000000.0000,0000000.0,205.05,0.373869,143065718,0000000.0000,0000000.0,39223.32,0.494417,65481.27,0.2463,2028-06-01
NK225E    ,OOP,202806,26000.0,            ,133066018,0000000.0000,0000000.0,216.88,0.374038,143066018,0000000.0000,0000000.0,38991.79,0.491815,65481.27,0.2463,2028-06-01
NK225E    ,OOP,202806,26250.0,            ,133066218,0000000.0000,0000000.0,229.21,0.374054,143066218,0000000.0000,0000000.0,38760.74,0.488503,65481.27,0.2463,2028-06-01
NK225E    ,OOP,202806,26500.0,            ,133066518,0000000.0000,0000000.0,242.03,0.373931,143066518,0000000.0000,0000000.0,38530.19,0.485912,65481.27,0.2463,2028-06-01
NK225E    ,OOP,202806,26750.0,            ,133066718,0000000.0000,0000000.0,255.37,0.373951,143066718,0000000.0000,0000000.0,38300.15,0.483321,65481.27,0.2463,2028-06-01
NK225E    ,OOP,202806,27000.0,            ,133067018,0000000.0000,0000000.0,269.23,0.373837,143067018,0000000.0000,0000000.0,38070.64,0.480732,65481.27,0.2463,2028-06-01
NK225E    ,OOP,202806,27250.0,            ,133067218,0000000.0000,0000000.0,276.35,0.3721,143067218,0000000.0000,0000000.0,37834.38,0.477474,65481.27,0.2463,2028-06-01
NK225E    ,OOP,202806,27500.0,            ,183067518,0000000.0000,0000000.0,283.56,0.370339,193067518,0000000.0000,0000000.0,37598.22,0.473572,65481.27,0.2463,2028-06-01
NK225E    ,OOP,202806,27750.0,            ,183067718,0000000.0000,0000000.0,290.87,0.368556,193067718,0000000.0000,0000000.0,37362.16,0.470361,65481.27,0.2463,2028-06-01
NK225E    ,OOP,202806,28000.0,            ,183068018,0000000.0000,0000000.0,298.27,0.366753,193068018,0000000.0000,0000000.0,37126.18,0.467169,65481.27,0.2463,2028-06-01
NK225E    ,OOP,202806,28250.0,            ,183068218,0000000.0000,0000000.0,306.25,0.365161,193068218,0000000.0000,0000000.0,36890.79,0.463994,65481.27,0.2463,2028-06-01
NK225E    ,OOP,202806,28500.0,            ,183068518,0000000.0000,0000000.0,314.35,0.364212,193068518,0000000.0000,0000000.0,36655.51,0.460205,65481.27,0.2463,2028-06-01
NK225E    ,OOP,202806,28750.0,            ,183068718,0000000.0000,0000000.0,322.55,0.361895,193068718,0000000.0000,0000000.0,36420.34,0.457074,65481.27,0.2463,2028-06-01
NK225E    ,OOP,202806,29000.0,            ,183069018,0000000.0000,0000000.0,330.88,0.360652,193069018,0000000.0000,0000000.0,36185.29,0.45396,65481.27,0.2463,2028-06-01
NK225E    ,OOP,202806,29250.0,            ,183069218,0000000.0000,0000000.0,339.81,0.359366,193069218,0000000.0000,0000000.0,35950.85,0.450863,65481.27,0.2463,2028-06-01
NK225E    ,OOP,202806,29500.0,            ,183069518,0000000.0000,0000000.0,348.88,0.357022,193069518,0000000.0000,0000000.0,35716.55,0.447782,65481.27,0.2463,2028-06-01
NK225E    ,OOP,202806,29750.0,            ,183069718,0000000.0000,0000000.0,358.09,0.355684,193069718,0000000.0000,0000000.0,35482.38,0.444718,65481.27,0.2463,2028-06-01
NK225E    ,OOP,202806,30000.0,            ,183060018,0000000.0000,0000000.0,367.43,0.354309,193060018,0000000.0000,0000000.0,35248.35,0.442258,65481.27,0.2463,2028-06-01
NK225E    ,OOP,202806,30250.0,            ,183060218,0000000.0000,0000000.0,377.41,0.3529,193060218,0000000.0000,0000000.0,35014.95,0.439219,65481.27,0.2463,2028-06-01
NK225E    ,OOP,202806,30500.0,            ,183060518,0000000.0000,0000000.0,387.54,0.35146,193060518,0000000.0000,0000000.0,34781.71,0.436194,65481.27,0.2463,2028-06-01
NK225E    ,OOP,202806,30750.0,            ,183060718,0000000.0000,0000000.0,397.84,0.34999,193060718,0000000.0000,0000000.0,34548.63,0.433186,65481.27,0.2463,2028-06-01
NK225E    ,OOP,202806,31000.0,            ,183061018,0000000.0000,0000000.0,408.3,0.348491,193061018,0000000.0000,0000000.0,34315.72,0.430753,65481.27,0.2463,2028-06-01
NK225E    ,OOP,202806,31250.0,            ,183061218,0000000.0000,0000000.0,419.41,0.346966,193061218,0000000.0000,0000000.0,34083.46,0.427767,65481.27,0.2463,2028-06-01
NK225E    ,OOP,202806,31500.0,            ,183061518,0000000.0000,0000000.0,430.71,0.345417,193061518,0000000.0000,0000000.0,33851.38,0.425343,65481.27,0.2463,2028-06-01
NK225E    ,OOP,202806,31750.0,            ,183061718,0000000.0000,0000000.0,442.19,0.343844,193061718,0000000.0000,0000000.0,33619.49,0.422381,65481.27,0.2463,2028-06-01
NK225E    ,OOP,202806,32000.0,            ,183062018,0000000.0000,0000000.0,453.87,0.342248,193062018,0000000.0000,0000000.0,33387.8,0.419966,65481.27,0.2463,2028-06-01
NK225E    ,OOP,202806,32250.0,            ,183062218,0000000.0000,0000000.0,466.22,0.341432,193062218,0000000.0000,0000000.0,33156.77,0.417025,65481.27,0.2463,2028-06-01
NK225E    ,OOP,202806,32500.0,            ,183062518,0000000.0000,0000000.0,478.78,0.33978,193062518,0000000.0000,0000000.0,32925.96,0.41462,65481.27,0.2463,2028-06-01
NK225E    ,OOP,202806,32750.0,            ,183062718,0000000.0000,0000000.0,491.56,0.338876,193062718,0000000.0000,0000000.0,32695.37,0.412215,65481.27,0.2463,2028-06-01
NK225E    ,OOP,202806,33000.0,            ,183063018,0000000.0000,0000000.0,504.56,0.337175,193063018,0000000.0000,0000000.0,32464.99,0.409812,65481.27,0.2463,2028-06-01
NK225E    ,OOP,202806,33250.0,            ,183063218,0000000.0000,0000000.0,518.25,0.336191,193063218,0000000.0000,0000000.0,32235.31,0.40741,65481.27,0.2463,2028-06-01
NK225E    ,OOP,202806,33500.0,            ,183063518,0000000.0000,0000000.0,532.18,0.334447,193063518,0000000.0000,0000000.0,32005.86,0.405009,65481.27,0.2463,2028-06-01
NK225E    ,OOP,202806,33750.0,            ,183063718,0000000.0000,0000000.0,546.36,0.333392,193063718,0000000.0000,0000000.0,31776.66,0.40261,65481.27,0.2463,2028-06-01
NK225E    ,OOP,202806,34000.0,            ,183064018,0000000.0000,0000000.0,560.78,0.332296,193064018,0000000.0000,0000000.0,31547.71,0.400213,65481.27,0.2463,2028-06-01
NK225E    ,OOP,202806,34250.0,            ,183064218,0000000.0000,0000000.0,575.91,0.331162,193064218,0000000.0000,0000000.0,31319.47,0.397817,65481.27,0.2463,2028-06-01
NK225E    ,OOP,202806,34500.0,            ,183064518,0000000.0000,0000000.0,591.32,0.329992,193064518,0000000.0000,0000000.0,31091.5,0.395423,65481.27,0.2463,2028-06-01
NK225E    ,OOP,202806,34750.0,            ,183064718,0000000.0000,0000000.0,607.0,0.328787,193064718,0000000.0000,0000000.0,30863.81,0.393495,65481.27,0.2463,2028-06-01
NK225E    ,OOP,202806,35000.0,            ,133185018,0000000.0000,0000000.0,622.96,0.32755,143185018,0000000.0000,0000000.0,30636.39,0.391099,65481.27,0.2463,2028-06-01
NK225E    ,OOP,202806,35250.0,            ,183065218,0000000.0000,0000000.0,639.65,0.326281,193065218,0000000.0000,0000000.0,30409.71,0.388704,65481.27,0.2463,2028-06-01
NK225E    ,OOP,202806,35500.0,            ,183065518,0000000.0000,0000000.0,656.64,0.324983,193065518,0000000.0000,0000000.0,30183.33,0.38676,65481.27,0.2463,2028-06-01
NK225E    ,OOP,202806,35750.0,            ,183065718,0000000.0000,0000000.0,673.93,0.323657,193065718,0000000.0000,0000000.0,29957.24,0.384806,65481.27,0.2463,2028-06-01
NK225E    ,OOP,202806,36000.0,            ,133186018,0000000.0000,0000000.0,691.53,0.322887,143186018,0000000.0000,0000000.0,29731.47,0.382407,65481.27,0.2463,2028-06-01
NK225E    ,OOP,202806,36250.0,            ,183066218,0000000.0000,0000000.0,709.89,0.321498,193066218,0000000.0000,0000000.0,29506.45,0.380442,65481.27,0.2463,2028-06-01
NK225E    ,OOP,202806,36500.0,            ,183066518,0000000.0000,0000000.0,728.58,0.320645,193066518,0000000.0000,0000000.0,29281.77,0.378468,65481.27,0.2463,2028-06-01
NK225E    ,OOP,202806,36750.0,            ,183066718,0000000.0000,0000000.0,747.6,0.319748,193066718,0000000.0000,0000000.0,29057.42,0.376487,65481.27,0.2463,2028-06-01
NK225E    ,OOP,202806,37000.0,            ,133187018,0000000.0000,0000000.0,766.96,0.318271,143187018,0000000.0000,0000000.0,28833.4,0.374497,65481.27,0.2463,2028-06-01
NK225E    ,OOP,202806,37250.0,            ,183067218,0000000.0000,0000000.0,787.09,0.317302,193067218,0000000.0000,0000000.0,28610.16,0.372501,65481.27,0.2463,2028-06-01
NK225E    ,OOP,202806,37500.0,            ,133187518,0000000.0000,0000000.0,807.59,0.316295,143187518,0000000.0000,0000000.0,28387.29,0.370901,65481.27,0.2463,2028-06-01
NK225E    ,OOP,202806,37750.0,            ,133187718,0000000.0000,0000000.0,828.46,0.31525,143187718,0000000.0000,0000000.0,28164.78,0.368886,65481.27,0.2463,2028-06-01
NK225E    ,OOP,202806,38000.0,            ,133188018,0000000.0000,0000000.0,849.69,0.314171,143188018,0000000.0000,0000000.0,27942.64,0.366864,65481.27,0.2463,2028-06-01
NK225E    ,OOP,202806,38250.0,            ,133188218,0000000.0000,0000000.0,871.72,0.313059,143188218,0000000.0000,0000000.0,27721.29,0.365225,65481.27,0.2463,2028-06-01
NK225E    ,OOP,202806,38500.0,            ,133188518,0000000.0000,0000000.0,894.15,0.312393,143188518,0000000.0000,0000000.0,27500.35,0.363186,65481.27,0.2463,2028-06-01
NK225E    ,OOP,202806,38750.0,            ,133188718,0000000.0000,0000000.0,916.96,0.311209,143188718,0000000.0000,0000000.0,27279.79,0.361521,65481.27,0.2463,2028-06-01
NK225E    ,OOP,202806,39000.0,            ,133189018,0000000.0000,0000000.0,940.19,0.309997,143189018,0000000.0000,0000000.0,27059.64,0.359841,65481.27,0.2463,2028-06-01
NK225E    ,OOP,202806,39250.0,            ,133189218,0000000.0000,0000000.0,964.23,0.30921,143189218,0000000.0000,0000000.0,26840.3,0.358147,65481.27,0.2463,2028-06-01
NK225E    ,OOP,202806,39500.0,            ,133189518,0000000.0000,0000000.0,988.69,0.30838,143189518,0000000.0000,0000000.0,26621.39,0.356439,65481.27,0.2463,2028-06-01
NK225E    ,OOP,202806,39750.0,            ,133189718,0000000.0000,0000000.0,1013.58,0.307509,143189718,0000000.0000,0000000.0,26402.91,0.354717,65481.27,0.2463,2028-06-01
NK225E    ,OOP,202806,40000.0,            ,133180018,0000000.0000,0000000.0,1038.9,0.306171,143180018,0000000.0000,0000000.0,26184.86,0.352982,65481.27,0.2463,2028-06-01
NK225E    ,OOP,202806,40250.0,            ,133180218,0000000.0000,0000000.0,1065.07,0.305232,143180218,0000000.0000,0000000.0,25967.65,0.351586,65481.27,0.2463,2028-06-01
NK225E    ,OOP,202806,40500.0,            ,133180518,0000000.0000,0000000.0,1091.69,0.30467,143180518,0000000.0000,0000000.0,25750.9,0.349822,65481.27,0.2463,2028-06-01
NK225E    ,OOP,202806,40750.0,            ,133180718,0000000.0000,0000000.0,1118.77,0.303653,143180718,0000000.0000,0000000.0,25534.61,0.348046,65481.27,0.2463,2028-06-01
NK225E    ,OOP,202806,41000.0,            ,133181018,0000000.0000,0000000.0,1146.33,0.302603,143181018,0000000.0000,0000000.0,25318.79,0.346597,65481.27,0.2463,2028-06-01
NK225E    ,OOP,202806,41250.0,            ,133181218,0000000.0000,0000000.0,1174.74,0.301522,143181218,0000000.0000,0000000.0,25103.83,0.345128,65481.27,0.2463,2028-06-01
NK225E    ,OOP,202806,41500.0,            ,133181518,0000000.0000,0000000.0,1203.64,0.300796,143181518,0000000.0000,0000000.0,24889.35,0.343641,65481.27,0.2463,2028-06-01
NK225E    ,OOP,202806,41750.0,            ,133181718,0000000.0000,0000000.0,1233.03,0.300028,143181718,0000000.0000,0000000.0,24675.37,0.342136,65481.27,0.2463,2028-06-01
NK225E    ,OOP,202806,42000.0,            ,133182018,0000000.0000,0000000.0,1262.94,0.298847,143182018,0000000.0000,0000000.0,24461.9,0.340612,65481.27,0.2463,2028-06-01
NK225E    ,OOP,202806,42250.0,            ,133182218,0000000.0000,0000000.0,1293.71,0.298007,143182218,0000000.0000,0000000.0,24249.3,0.339072,65481.27,0.2463,2028-06-01
NK225E    ,OOP,202806,42500.0,            ,183182518,0000000.0000,0000000.0,1325.02,0.297129,193182518,0000000.0000,0000000.0,24037.24,0.337514,65481.27,0.2463,2028-06-01
NK225E    ,OOP,202806,42750.0,            ,133182718,0000000.0000,0000000.0,1356.84,0.296215,143182718,0000000.0000,0000000.0,23825.68,0.336251,65481.27,0.2463,2028-06-01
NK225E    ,OOP,202806,43000.0,            ,133183018,0000000.0000,0000000.0,1389.21,0.295615,143183018,0000000.0000,0000000.0,23614.68,0.334657,65481.27,0.2463,2028-06-01
NK225E    ,OOP,202806,43250.0,            ,133183218,0000000.0000,0000000.0,1422.48,0.294628,143183218,0000000.0000,0000000.0,23404.57,0.333352,65481.27,0.2463,2028-06-01
NK225E    ,OOP,202806,43500.0,            ,133183518,0000000.0000,0000000.0,1456.31,0.293947,143183518,0000000.0000,0000000.0,23195.03,0.332024,65481.27,0.2463,2028-06-01
NK225E    ,OOP,202806,43750.0,            ,133183718,0000000.0000,0000000.0,1490.69,0.292892,143183718,0000000.0000,0000000.0,22986.04,0.330674,65481.27,0.2463,2028-06-01
NK225E    ,OOP,202806,44000.0,            ,133184018,0000000.0000,0000000.0,1525.65,0.292135,143184018,0000000.0000,0000000.0,22777.62,0.329304,65481.27,0.2463,2028-06-01
NK225E    ,OOP,202806,44250.0,            ,133184218,0000000.0000,0000000.0,1561.53,0.29134,143184218,0000000.0000,0000000.0,22570.13,0.327913,65481.27,0.2463,2028-06-01
NK225E    ,OOP,202806,44500.0,            ,133184518,0000000.0000,0000000.0,1598.0,0.290508,143184518,0000000.0000,0000000.0,22363.22,0.326502,65481.27,0.2463,2028-06-01
NK225E    ,OOP,202806,44750.0,            ,133184718,0000000.0000,0000000.0,1635.06,0.28964,143184718,0000000.0000,0000000.0,22156.91,0.325354,65481.27,0.2463,2028-06-01
NK225E    ,OOP,202806,45000.0,            ,183185018,0000000.0000,0000000.0,1672.74,0.288738,193185018,0000000.0000,0000000.0,21951.21,0.323901,65481.27,0.2463,2028-06-01
NK225E    ,OOP,202806,45250.0,            ,133185218,0000000.0000,0000000.0,1711.36,0.288106,143185218,0000000.0000,0000000.0,21746.46,0.322706,65481.27,0.2463,2028-06-01
NK225E    ,OOP,202806,45500.0,            ,133185518,0000000.0000,0000000.0,1750.62,0.287133,143185518,0000000.0000,0000000.0,21542.34,0.321487,65481.27,0.2463,2028-06-01
NK225E    ,OOP,202806,45750.0,            ,133185718,0000000.0000,0000000.0,1790.5,0.286425,143185718,0000000.0000,0000000.0,21338.85,0.320244,65481.27,0.2463,2028-06-01
NK225E    ,OOP,202806,46000.0,            ,183186018,0000000.0000,0000000.0,1831.01,0.285678,193186018,0000000.0000,0000000.0,21135.99,0.318979,65481.27,0.2463,2028-06-01
NK225E    ,OOP,202806,46250.0,            ,133186218,0000000.0000,0000000.0,1872.51,0.284894,143186218,0000000.0000,0000000.0,20934.12,0.317954,65481.27,0.2463,2028-06-01
NK225E    ,OOP,202806,46500.0,            ,133186518,0000000.0000,0000000.0,1914.68,0.284075,143186518,0000000.0000,0000000.0,20732.91,0.316641,65481.27,0.2463,2028-06-01
NK225E    ,OOP,202806,46750.0,            ,133186718,0000000.0000,0000000.0,1957.49,0.28322,143186718,0000000.0000,0000000.0,20532.34,0.315564,65481.27,0.2463,2028-06-01
NK225E    ,OOP,202806,47000.0,            ,183187018,0000000.0000,0000000.0,2000.97,0.282332,193187018,0000000.0000,0000000.0,20332.46,0.314207,65481.27,0.2463,2028-06-01
NK225E    ,OOP,202806,47250.0,            ,133187218,0000000.0000,0000000.0,2045.48,0.281683,143187218,0000000.0000,0000000.0,20133.59,0.31308,65481.27,0.2463,2028-06-01
NK225E    ,OOP,202806,47500.0,            ,183187518,0000000.0000,0000000.0,2090.7,0.280995,193187518,0000000.0000,0000000.0,19935.43,0.311929,65481.27,0.2463,2028-06-01
NK225E    ,OOP,202806,47750.0,            ,183187718,0000000.0000,0000000.0,2136.58,0.280269,193187718,0000000.0000,0000000.0,19737.94,0.310753,65481.27,0.2463,2028-06-01
NK225E    ,OOP,202806,48000.0,            ,183188018,0000000.0000,0000000.0,2183.17,0.279246,193188018,0000000.0000,0000000.0,19541.16,0.309797,65481.27,0.2463,2028-06-01
NK225E    ,OOP,202806,48250.0,            ,183188218,0000000.0000,0000000.0,2230.82,0.278709,193188218,0000000.0000,0000000.0,19345.43,0.308571,65481.27,0.2463,2028-06-01
NK225E    ,OOP,202806,48500.0,            ,183188518,0000000.0000,0000000.0,2279.21,0.277877,193188518,0000000.0000,0000000.0,19150.45,0.307561,65481.27,0.2463,2028-06-01
NK225E    ,OOP,202806,48750.0,            ,183188718,0000000.0000,0000000.0,2328.32,0.277012,193188718,0000000.0000,0000000.0,18956.18,0.306523,65481.27,0.2463,2028-06-01
NK225E    ,OOP,202806,49000.0,            ,183189018,0000000.0000,0000000.0,2378.16,0.276362,193189018,0000000.0000,0000000.0,18762.65,0.305459,65481.27,0.2463,2028-06-01
NK225E    ,OOP,202806,49250.0,            ,183189218,0000000.0000,0000000.0,2429.1,0.275674,193189218,0000000.0000,0000000.0,18570.22,0.304368,65481.27,0.2463,2028-06-01
NK225E    ,OOP,202806,49500.0,            ,183189518,0000000.0000,0000000.0,2480.79,0.27495,193189518,0000000.0000,0000000.0,18378.53,0.303252,65481.27,0.2463,2028-06-01
NK225E    ,OOP,202806,49750.0,            ,183189718,0000000.0000,0000000.0,2533.24,0.274191,193189718,0000000.0000,0000000.0,18187.61,0.30211,65481.27,0.2463,2028-06-01
NK225E    ,OOP,202806,50000.0,            ,183180018,0000000.0000,0000000.0,2586.47,0.273396,193180018,0000000.0000,0000000.0,17997.46,0.301169,65481.27,0.2463,2028-06-01
NK225E    ,OOP,202806,50250.0,            ,183180218,0000000.0000,0000000.0,2640.84,0.272802,193180218,0000000.0000,0000000.0,17808.45,0.300199,65481.27,0.2463,2028-06-01
NK225E    ,OOP,202806,50500.0,            ,183180518,0000000.0000,0000000.0,2696.0,0.271939,193180518,0000000.0000,0000000.0,17620.25,0.299202,65481.27,0.2463,2028-06-01
NK225E    ,OOP,202806,50750.0,            ,183180718,0000000.0000,0000000.0,2751.94,0.271271,193180718,0000000.0000,0000000.0,17432.81,0.298177,65481.27,0.2463,2028-06-01
NK225E    ,OOP,202806,51000.0,            ,183181018,0000000.0000,0000000.0,2808.69,0.270568,193181018,0000000.0000,0000000.0,17246.18,0.297126,65481.27,0.2463,2028-06-01
NK225E    ,OOP,202806,51250.0,            ,183181218,0000000.0000,0000000.0,2866.62,0.269829,193181218,0000000.0000,0000000.0,17060.74,0.296262,65481.27,0.2463,2028-06-01
NK225E    ,OOP,202806,51500.0,            ,183181518,0000000.0000,0000000.0,2925.39,0.269277,193181518,0000000.0000,0000000.0,16876.13,0.295157,65481.27,0.2463,2028-06-01
NK225E    ,OOP,202806,51750.0,            ,183181718,0000000.0000,0000000.0,2984.98,0.268468,193181718,0000000.0000,0000000.0,16692.35,0.294236,65481.27,0.2463,2028-06-01
NK225E    ,OOP,202806,52000.0,            ,183182018,0000000.0000,0000000.0,3045.39,0.267842,193182018,0000000.0000,0000000.0,16509.39,0.293287,65481.27,0.2463,2028-06-01
NK225E    ,OOP,202806,52250.0,            ,183182218,0000000.0000,0000000.0,3107.06,0.26718,193182218,0000000.0000,0000000.0,16327.68,0.292517,65481.27,0.2463,2028-06-01
NK225E    ,OOP,202806,52500.0,            ,133302518,0000000.0000,0000000.0,3169.57,0.266482,143302518,0000000.0000,0000000.0,16146.82,0.291511,65481.27,0.2463,2028-06-01
NK225E    ,OOP,202806,52750.0,            ,183182718,0000000.0000,0000000.0,3232.94,0.265749,193182718,0000000.0000,0000000.0,15966.82,0.29068,65481.27,0.2463,2028-06-01
NK225E    ,OOP,202806,53000.0,            ,183183018,0000000.0000,0000000.0,3297.16,0.265189,193183018,0000000.0000,0000000.0,15787.66,0.289619,65481.27,0.2463,2028-06-01
NK225E    ,OOP,202806,53250.0,            ,183183218,0000000.0000,0000000.0,3362.69,0.264387,193183218,0000000.0000,0000000.0,15609.82,0.288731,65481.27,0.2463,2028-06-01
NK225E    ,OOP,202806,53500.0,            ,183183518,0000000.0000,0000000.0,3429.12,0.263756,193183518,0000000.0000,0000000.0,15432.87,0.287814,65481.27,0.2463,2028-06-01
NK225E    ,OOP,202806,53750.0,            ,183183718,0000000.0000,0000000.0,3496.4,0.263089,193183718,0000000.0000,0000000.0,15256.78,0.287065,65481.27,0.2463,2028-06-01
NK225E    ,OOP,202806,54000.0,            ,183184018,0000000.0000,0000000.0,3564.6,0.262387,193184018,0000000.0000,0000000.0,15081.6,0.286091,65481.27,0.2463,2028-06-01
NK225E    ,OOP,202806,54250.0,            ,183184218,0000000.0000,0000000.0,3634.15,0.261848,193184218,0000000.0000,0000000.0,14907.78,0.285282,65481.27,0.2463,2028-06-01
NK225E    ,OOP,202806,54500.0,            ,183184518,0000000.0000,0000000.0,3704.63,0.261077,193184518,0000000.0000,0000000.0,14734.89,0.284442,65481.27,0.2463,2028-06-01
NK225E    ,OOP,202806,54750.0,            ,183184718,0000000.0000,0000000.0,3775.99,0.260466,193184718,0000000.0000,0000000.0,14562.88,0.283574,65481.27,0.2463,2028-06-01
NK225E    ,OOP,202806,55000.0,            ,133305018,0000000.0000,0000000.0,3848.3,0.25982,143305018,0000000.0000,0000000.0,14391.81,0.282864,65481.27,0.2463,2028-06-01
NK225E    ,OOP,202806,55250.0,            ,183185218,0000000.0000,0000000.0,3922.04,0.25933,193185218,0000000.0000,0000000.0,14222.17,0.281936,65481.27,0.2463,2028-06-01
NK225E    ,OOP,202806,55500.0,            ,183185518,0000000.0000,0000000.0,3996.71,0.258613,193185518,0000000.0000,0000000.0,14053.47,0.281166,65481.27,0.2463,2028-06-01
NK225E    ,OOP,202806,55750.0,            ,183185718,0000000.0000,0000000.0,4072.32,0.25805,193185718,0000000.0000,0000000.0,13885.71,0.280365,65481.27,0.2463,2028-06-01
NK225E    ,OOP,202806,56000.0,            ,133306018,0000000.0000,0000000.0,4148.88,0.257266,143306018,0000000.0000,0000000.0,13718.89,0.279535,65481.27,0.2463,2028-06-01
NK225E    ,OOP,202806,56250.0,            ,183186218,0000000.0000,0000000.0,4226.9,0.256817,193186218,0000000.0000,0000000.0,13553.54,0.278856,65481.27,0.2463,2028-06-01
NK225E    ,OOP,202806,56500.0,            ,183186518,0000000.0000,0000000.0,4305.92,0.256148,193186518,0000000.0000,0000000.0,13389.18,0.277965,65481.27,0.2463,2028-06-01
NK225E    ,OOP,202806,56750.0,            ,183186718,0000000.0000,0000000.0,4385.9,0.255445,193186718,0000000.0000,0000000.0,13225.79,0.277225,65481.27,0.2463,2028-06-01
NK225E    ,OOP,202806,57000.0,            ,133307018,0000000.0000,0000000.0,4466.83,0.254888,143307018,0000000.0000,0000000.0,13063.35,0.276454,65481.27,0.2463,2028-06-01
NK225E    ,OOP,202806,57250.0,            ,183187218,0000000.0000,0000000.0,4549.35,0.254296,193187218,0000000.0000,0000000.0,12902.49,0.275653,65481.27,0.2463,2028-06-01
NK225E    ,OOP,202806,57500.0,            ,133307518,0000000.0000,0000000.0,4632.84,0.253669,143307518,0000000.0000,0000000.0,12742.61,0.274998,65481.27,0.2463,2028-06-01
NK225E    ,OOP,202806,57750.0,            ,133307718,0000000.0000,0000000.0,4717.34,0.253183,143307718,0000000.0000,0000000.0,12583.74,0.274311,65481.27,0.2463,2028-06-01
NK225E    ,OOP,202806,58000.0,            ,133308018,0000000.0000,0000000.0,4802.85,0.252487,143308018,0000000.0000,0000000.0,12425.87,0.273592,65481.27,0.2463,2028-06-01
NK225E    ,OOP,202806,58250.0,            ,133308218,0000000.0000,0000000.0,4889.93,0.25193,143308218,0000000.0000,0000000.0,12269.58,0.272843,65481.27,0.2463,2028-06-01
NK225E    ,OOP,202806,58500.0,            ,133308518,0000000.0000,0000000.0,4978.06,0.251338,143308518,0000000.0000,0000000.0,12114.34,0.272064,65481.27,0.2463,2028-06-01
NK225E    ,OOP,202806,58750.0,            ,133308718,0000000.0000,0000000.0,5067.18,0.250883,143308718,0000000.0000,0000000.0,11960.08,0.271425,65481.27,0.2463,2028-06-01
NK225E    ,OOP,202806,59000.0,            ,133309018,0000000.0000,0000000.0,5157.37,0.250221,143309018,0000000.0000,0000000.0,11806.9,0.270754,65481.27,0.2463,2028-06-01
NK225E    ,OOP,202806,59250.0,            ,133309218,0000000.0000,0000000.0,5249.16,0.249695,143309218,0000000.0000,0000000.0,11655.31,0.270052,65481.27,0.2463,2028-06-01
NK225E    ,OOP,202806,59500.0,            ,133309518,0000000.0000,0000000.0,5342.04,0.249133,143309518,0000000.0000,0000000.0,11504.81,0.269319,65481.27,0.2463,2028-06-01
NK225E    ,OOP,202806,59750.0,            ,133309718,0000000.0000,0000000.0,5435.96,0.248537,143309718,0000000.0000,0000000.0,11355.36,0.268722,65481.27,0.2463,2028-06-01
NK225E    ,OOP,202806,60000.0,            ,133300018,0000000.0000,0000000.0,5530.92,0.248072,143300018,0000000.0000,0000000.0,11206.94,0.268093,65481.27,0.2463,2028-06-01
NK225E    ,OOP,202806,60250.0,            ,133300218,0000000.0000,0000000.0,5627.59,0.247572,143300218,0000000.0000,0000000.0,11060.24,0.267432,65481.27,0.2463,2028-06-01
NK225E    ,OOP,202806,60500.0,            ,133300518,0000000.0000,0000000.0,5725.34,0.247036,143300518,0000000.0000,0000000.0,10914.62,0.266741,65481.27,0.2463,2028-06-01
NK225E    ,OOP,202806,60750.0,            ,133300718,0000000.0000,0000000.0,5824.1,0.246466,143300718,0000000.0000,0000000.0,10770.0,0.266182,65481.27,0.2463,2028-06-01
NK225E    ,OOP,202806,61000.0,            ,133301018,0000000.0000,0000000.0,5924.0,0.245861,143301018,0000000.0000,0000000.0,10626.54,0.265428,65481.27,0.2463,2028-06-01
NK225E    ,OOP,202806,61250.0,            ,133301218,0000000.0000,0000000.0,6025.59,0.245384,143301218,0000000.0000,0000000.0,10484.75,0.264806,65481.27,0.2463,2028-06-01
NK225E    ,OOP,202806,61500.0,            ,133301518,0000000.0000,0000000.0,6128.34,0.244872,143301518,0000000.0000,0000000.0,10344.13,0.264313,65481.27,0.2463,2028-06-01
NK225E    ,OOP,202806,61750.0,            ,133301718,0000000.0000,0000000.0,6232.14,0.244325,143301718,0000000.0000,0000000.0,10204.55,0.263628,65481.27,0.2463,2028-06-01
NK225E    ,OOP,202806,62000.0,            ,133302018,0000000.0000,0000000.0,6337.01,0.243903,143302018,0000000.0000,0000000.0,10066.04,0.263071,65481.27,0.2463,2028-06-01
NK225E    ,OOP,202806,62250.0,            ,133302218,0000000.0000,0000000.0,6443.71,0.243286,143302218,0000000.0000,0000000.0,9929.37,0.262483,65481.27,0.2463,2028-06-01
NK225E    ,OOP,202806,62500.0,            ,133182518,0000000.0000,0000000.0,6551.5,0.242795,143182518,0000000.0000,0000000.0,9793.78,0.261863,65481.27,0.2463,2028-06-01
NK225E    ,OOP,202806,62750.0,            ,133302718,0000000.0000,0000000.0,6660.37,0.242426,143302718,0000000.0000,0000000.0,9659.28,0.261369,65481.27,0.2463,2028-06-01
NK225E    ,OOP,202806,63000.0,            ,133303018,0000000.0000,0000000.0,6770.33,0.241864,143303018,0000000.0000,0000000.0,9525.87,0.260844,65481.27,0.2463,2028-06-01
NK225E    ,OOP,202806,63250.0,            ,133303218,0000000.0000,0000000.0,6882.14,0.241425,143303218,0000000.0000,0000000.0,9394.31,0.260286,65481.27,0.2463,2028-06-01
NK225E    ,OOP,202806,63500.0,            ,133303518,0000000.0000,0000000.0,6995.05,0.240951,143303518,0000000.0000,0000000.0,9263.84,0.259697,65481.27,0.2463,2028-06-01
NK225E    ,OOP,202806,63750.0,            ,133303718,0000000.0000,0000000.0,7109.05,0.240443,143303718,0000000.0000,0000000.0,9134.47,0.259233,65481.27,0.2463,2028-06-01
NK225E    ,OOP,202806,64000.0,            ,133304018,0000000.0000,0000000.0,7224.18,0.240054,143304018,0000000.0000,0000000.0,9006.22,0.258736,65481.27,0.2463,2028-06-01
NK225E    ,OOP,202806,64250.0,            ,133304218,0000000.0000,0000000.0,7341.18,0.239477,143304218,0000000.0000,0000000.0,8879.84,0.258207,65481.27,0.2463,2028-06-01
NK225E    ,OOP,202806,64500.0,            ,133304518,0000000.0000,0000000.0,7459.31,0.23902,143304518,0000000.0000,0000000.0,8754.6,0.257647,65481.27,0.2463,2028-06-01
NK225E    ,OOP,202806,64750.0,            ,133304718,0000000.0000,0000000.0,7578.5,0.238682,143304718,0000000.0000,0000000.0,8630.42,0.25721,65481.27,0.2463,2028-06-01
NK225E    ,OOP,202806,65000.0,            ,183305018,0000000.0000,0000000.0,7698.83,0.238155,193305018,0000000.0000,0000000.0,8507.38,0.25674,65481.27,0.2463,2028-06-01
NK225E    ,OOP,202806,65250.0,            ,133305218,0000000.0000,0000000.0,7821.08,0.237748,143305218,0000000.0000,0000000.0,8386.25,0.256239,65481.27,0.2463,2028-06-01
NK225E    ,OOP,202806,65500.0,            ,133305518,0000000.0000,0000000.0,7944.42,0.237306,143305518,0000000.0000,0000000.0,8266.22,0.255707,65481.27,0.2463,2028-06-01
NK225E    ,OOP,202806,65750.0,            ,133305718,0000000.0000,0000000.0,8068.87,0.23683,143305718,0000000.0000,0000000.0,8147.29,0.255295,65481.27,0.2463,2028-06-01
NK225E    ,OOP,202806,66000.0,            ,183306018,0000000.0000,0000000.0,8194.41,0.236471,193306018,0000000.0000,0000000.0,8029.46,0.254852,65481.27,0.2463,2028-06-01
NK225E    ,OOP,202806,66250.0,            ,133306218,0000000.0000,0000000.0,8321.88,0.236078,143306218,0000000.0000,0000000.0,7913.55,0.254377,65481.27,0.2463,2028-06-01
NK225E    ,OOP,202806,66500.0,            ,133306518,0000000.0000,0000000.0,8450.47,0.235651,143306518,0000000.0000,0000000.0,7798.77,0.253871,65481.27,0.2463,2028-06-01
NK225E    ,OOP,202806,66750.0,            ,133306718,0000000.0000,0000000.0,8580.13,0.23519,143306718,0000000.0000,0000000.0,7685.06,0.253485,65481.27,0.2463,2028-06-01
NK225E    ,OOP,202806,67000.0,            ,183307018,0000000.0000,0000000.0,8710.92,0.234846,193307018,0000000.0000,0000000.0,7572.47,0.253068,65481.27,0.2463,2028-06-01
NK225E    ,OOP,202806,67250.0,            ,133307218,0000000.0000,0000000.0,8843.63,0.234467,143307218,0000000.0000,0000000.0,7461.81,0.252619,65481.27,0.2463,2028-06-01
NK225E    ,OOP,202806,67500.0,            ,183307518,0000000.0000,0000000.0,8977.43,0.234055,193307518,0000000.0000,0000000.0,7352.23,0.25229,65481.27,0.2463,2028-06-01
NK225E    ,OOP,202806,67750.0,            ,183307718,0000000.0000,0000000.0,9112.32,0.23376,193307718,0000000.0000,0000000.0,7243.75,0.251778,65481.27,0.2463,2028-06-01
NK225E    ,OOP,202806,68000.0,            ,183308018,0000000.0000,0000000.0,9248.32,0.23328,193308018,0000000.0000,0000000.0,7136.38,0.251387,65481.27,0.2463,2028-06-01
NK225E    ,OOP,202806,68250.0,            ,183308218,0000000.0000,0000000.0,9386.21,0.232916,193308218,0000000.0000,0000000.0,7030.89,0.251114,65481.27,0.2463,2028-06-01
NK225E    ,OOP,202806,68500.0,            ,183308518,0000000.0000,0000000.0,9525.21,0.23252,193308518,0000000.0000,0000000.0,6926.52,0.25066,65481.27,0.2463,2028-06-01
NK225E    ,OOP,202806,68750.0,            ,183308718,0000000.0000,0000000.0,9665.29,0.232239,193308718,0000000.0000,0000000.0,6823.22,0.250326,65481.27,0.2463,2028-06-01
NK225E    ,OOP,202806,69000.0,            ,183309018,0000000.0000,0000000.0,9806.44,0.231925,193309018,0000000.0000,0000000.0,6721.0,0.24996,65481.27,0.2463,2028-06-01
NK225E    ,OOP,202806,69250.0,            ,183309218,0000000.0000,0000000.0,9949.49,0.231578,193309218,0000000.0000,0000000.0,6620.68,0.249564,65481.27,0.2463,2028-06-01
NK225E    ,OOP,202806,69500.0,            ,183309518,0000000.0000,0000000.0,10093.61,0.231198,193309518,0000000.0000,0000000.0,6521.42,0.249287,65481.27,0.2463,2028-06-01
NK225E    ,OOP,202806,69750.0,            ,183309718,0000000.0000,0000000.0,10238.79,0.230784,193309718,0000000.0000,0000000.0,6423.22,0.24898,65481.27,0.2463,2028-06-01
NK225E    ,OOP,202806,70000.0,            ,183300018,0000000.0000,0000000.0,10385.05,0.230487,193300018,0000000.0000,0000000.0,6326.12,0.248642,65481.27,0.2463,2028-06-01
NK225E    ,OOP,202806,70250.0,            ,183300218,0000000.0000,0000000.0,10533.14,0.230157,193300218,0000000.0000,0000000.0,6230.83,0.248274,65481.27,0.2463,2028-06-01
NK225E    ,OOP,202806,70500.0,            ,183300518,0000000.0000,0000000.0,10682.3,0.229794,193300518,0000000.0000,0000000.0,6136.62,0.248025,65481.27,0.2463,2028-06-01
NK225E    ,OOP,202806,70750.0,            ,183300718,0000000.0000,0000000.0,10832.51,0.229549,193300718,0000000.0000,0000000.0,6043.45,0.247746,65481.27,0.2463,2028-06-01
NK225E    ,OOP,202806,71000.0,            ,183301018,0000000.0000,0000000.0,10983.75,0.229121,193301018,0000000.0000,0000000.0,5951.32,0.247438,65481.27,0.2463,2028-06-01
NK225E    ,OOP,202806,71250.0,            ,183301218,0000000.0000,0000000.0,11136.79,0.228962,193301218,0000000.0000,0000000.0,5860.98,0.247099,65481.27,0.2463,2028-06-01
NK225E    ,OOP,202806,71500.0,            ,183301518,0000000.0000,0000000.0,11290.88,0.228619,193301518,0000000.0000,0000000.0,5771.7,0.246881,65481.27,0.2463,2028-06-01
NK225E    ,OOP,202806,71750.0,            ,183301718,0000000.0000,0000000.0,11445.99,0.228243,193301718,0000000.0000,0000000.0,5683.44,0.246482,65481.27,0.2463,2028-06-01
NK225E    ,OOP,202806,72000.0,            ,183302018,0000000.0000,0000000.0,11602.12,0.227987,193302018,0000000.0000,0000000.0,5596.19,0.246204,65481.27,0.2463,2028-06-01
NK225E    ,OOP,202806,72250.0,            ,183302218,0000000.0000,0000000.0,11759.97,0.227698,193302218,0000000.0000,0000000.0,5510.67,0.246048,65481.27,0.2463,2028-06-01
NK225E    ,OOP,202806,72500.0,            ,183302518,0000000.0000,0000000.0,11918.86,0.227378,193302518,0000000.0000,0000000.0,5426.18,0.245711,65481.27,0.2463,2028-06-01
NK225E    ,OOP,202806,72750.0,            ,183302718,0000000.0000,0000000.0,12078.71,0.227177,193302718,0000000.0000,0000000.0,5342.66,0.245497,65481.27,0.2463,2028-06-01
NK225E    ,OOP,202806,73000.0,            ,183303018,0000000.0000,0000000.0,12239.57,0.226792,193303018,0000000.0000,0000000.0,5260.15,0.245253,65481.27,0.2463,2028-06-01
NK225E    ,OOP,202806,73250.0,            ,183303218,0000000.0000,0000000.0,12402.1,0.226529,193303218,0000000.0000,0000000.0,5179.3,0.244981,65481.27,0.2463,2028-06-01
NK225E    ,OOP,202806,73500.0,            ,183303518,0000000.0000,0000000.0,12565.6,0.226233,193303518,0000000.0000,0000000.0,5099.43,0.244832,65481.27,0.2463,2028-06-01
NK225E    ,OOP,202806,73750.0,            ,183303718,0000000.0000,0000000.0,12730.06,0.22606,193303718,0000000.0000,0000000.0,5020.52,0.244501,65481.27,0.2463,2028-06-01
NK225E    ,OOP,202806,74000.0,            ,183304018,0000000.0000,0000000.0,12895.49,0.225702,193304018,0000000.0000,0000000.0,4942.56,0.244295,65481.27,0.2463,2028-06-01
NK225E    ,OOP,202806,74250.0,            ,183304218,0000000.0000,0000000.0,13062.5,0.225466,193304218,0000000.0000,0000000.0,4866.21,0.24406,65481.27,0.2463,2028-06-01
NK225E    ,OOP,202806,74500.0,            ,183304518,0000000.0000,0000000.0,13230.46,0.2252,193304518,0000000.0000,0000000.0,4790.79,0.24395,65481.27,0.2463,2028-06-01
NK225E    ,OOP,202806,74750.0,            ,183304718,0000000.0000,0000000.0,13399.35,0.224902,193304718,0000000.0000,0000000.0,4716.31,0.243659,65481.27,0.2463,2028-06-01
NK225E    ,OOP,202806,75000.0,            ,133425018,0000000.0000,0000000.0,13569.17,0.224729,143425018,0000000.0000,0000000.0,4642.75,0.243493,65481.27,0.2463,2028-06-01
NK225E    ,OOP,202806,75250.0,            ,183305218,0000000.0000,0000000.0,13740.44,0.224527,193305218,0000000.0000,0000000.0,4570.65,0.2433,65481.27,0.2463,2028-06-01
NK225E    ,OOP,202806,75500.0,            ,183305518,0000000.0000,0000000.0,13912.66,0.224293,193305518,0000000.0000,0000000.0,4499.49,0.243235,65481.27,0.2463,2028-06-01
NK225E    ,OOP,202806,75750.0,            ,183305718,0000000.0000,0000000.0,14085.75,0.224029,193305718,0000000.0000,0000000.0,4429.21,0.242986,65481.27,0.2463,2028-06-01
NK225E    ,OOP,202806,76000.0,            ,133426018,0000000.0000,0000000.0,14259.76,0.223734,143426018,0000000.0000,0000000.0,4359.84,0.242866,65481.27,0.2463,2028-06-01
NK225E    ,OOP,202806,76250.0,            ,183306218,0000000.0000,0000000.0,14435.6,0.223568,193306218,0000000.0000,0000000.0,4292.31,0.242719,65481.27,0.2463,2028-06-01
NK225E    ,OOP,202806,77500.0,            ,133427518,0000000.0000,0000000.0,15327.85,0.222452,143427518,0000000.0000,0000000.0,3967.69,0.241896,65481.27,0.2463,2028-06-01
NK225E    ,OOP,202806,80000.0,            ,133420018,0000000.0000,0000000.0,17173.82,0.219975,143420018,0000000.0000,0000000.0,3379.92,0.240538,65481.27,0.2463,2028-06-01
NK225E    ,OOP,202806,85000.0,            ,183425018,0000000.0000,0000000.0,21083.87,0.214412,193425018,0000000.0000,0000000.0,2422.49,0.237848,65481.27,0.2463,2028-06-01
NK225E    ,OOP,202806,90000.0,            ,183420018,0000000.0000,0000000.0,25177.64,0.20389,193420018,0000000.0000,0000000.0,1648.77,0.232637,65481.27,0.2463,2028-06-01
NK225E    ,OOP,202812,10000.0,            ,183360018,0000000.0000,0000000.0,0.89,0.367698,193360018,0000000.0000,0000000.0,53984.16,0.860988,65481.27,0.2463,2028-12-01
NK225E    ,OOP,202812,11000.0,            ,183241018,0000000.0000,0000000.0,1.83,0.367698,193241018,0000000.0000,0000000.0,53019.27,0.815671,65481.27,0.2463,2028-12-01
NK225E    ,OOP,202812,12000.0,            ,183242018,0000000.0000,0000000.0,3.47,0.367698,193242018,0000000.0000,0000000.0,52055.07,0.775084,65481.27,0.2463,2028-12-01
NK225E    ,OOP,202812,15000.0,            ,183125018,0000000.0000,0000000.0,16.06,0.365156,193125018,0000000.0000,0000000.0,49170.15,0.675896,65481.27,0.2463,2028-12-01
NK225E    ,OOP,202812,16000.0,            ,183126018,0000000.0000,0000000.0,24.35,0.365436,193126018,0000000.0000,0000000.0,48212.6,0.648189,65481.27,0.2463,2028-12-01
NK225E    ,OOP,202812,17000.0,            ,183127018,0000000.0000,0000000.0,35.59,0.365757,193127018,0000000.0000,0000000.0,47258.0,0.623253,65481.27,0.2463,2028-12-01
NK225E    ,OOP,202812,18000.0,            ,183128018,0000000.0000,0000000.0,50.42,0.365478,193128018,0000000.0000,0000000.0,46306.99,0.600721,65481.27,0.2463,2028-12-01
NK225E    ,OOP,202812,19000.0,            ,183129018,0000000.0000,0000000.0,69.49,0.365225,193129018,0000000.0000,0000000.0,45360.22,0.57951,65481.27,0.2463,2028-12-01
NK225E    ,OOP,202812,20000.0,            ,183120018,0000000.0000,0000000.0,93.49,0.364617,193120018,0000000.0000,0000000.0,44418.39,0.56094,65481.27,0.2463,2028-12-01
NK225E    ,OOP,202812,20750.0,            ,183120718,0000000.0000,0000000.0,115.15,0.364774,193120718,0000000.0000,0000000.0,43715.67,0.547609,65481.27,0.2463,2028-12-01
NK225E    ,OOP,202812,21000.0,            ,183121018,0000000.0000,0000000.0,123.13,0.364478,193121018,0000000.0000,0000000.0,43482.19,0.54327,65481.27,0.2463,2028-12-01
NK225E    ,OOP,202812,21250.0,            ,183121218,0000000.0000,0000000.0,131.51,0.36448,193121218,0000000.0000,0000000.0,43249.11,0.538982,65481.27,0.2463,2028-12-01
NK225E    ,OOP,202812,21500.0,            ,183121518,0000000.0000,0000000.0,140.29,0.364732,193121518,0000000.0000,0000000.0,43016.43,0.535425,65481.27,0.2463,2028-12-01
NK225E    ,OOP,202812,21750.0,            ,183121718,0000000.0000,0000000.0,149.49,0.364404,193121718,0000000.0000,0000000.0,42784.17,0.531225,65481.27,0.2463,2028-12-01
NK225E    ,OOP,202812,22000.0,            ,183122018,0000000.0000,0000000.0,159.12,0.364701,193122018,0000000.0000,0000000.0,42552.34,0.527737,65481.27,0.2463,2028-12-01
NK225E    ,OOP,202812,22250.0,            ,183122218,0000000.0000,0000000.0,169.19,0.364459,193122218,0000000.0000,0000000.0,42320.95,0.52362,65481.27,0.2463,2028-12-01
NK225E    ,OOP,202812,22500.0,            ,133122518,0000000.0000,0000000.0,179.72,0.36443,143122518,0000000.0000,0000000.0,42090.02,0.520197,65481.27,0.2463,2028-12-01
NK225E    ,OOP,202812,22750.0,            ,133122718,0000000.0000,0000000.0,190.7,0.364582,143122718,0000000.0000,0000000.0,41859.55,0.5168,65481.27,0.2463,2028-12-01
NK225E    ,OOP,202812,23000.0,            ,133123018,0000000.0000,0000000.0,202.17,0.364577,143123018,0000000.0000,0000000.0,41629.55,0.513429,65481.27,0.2463,2028-12-01
NK225E    ,OOP,202812,23250.0,            ,133123218,0000000.0000,0000000.0,214.11,0.364431,143123218,0000000.0000,0000000.0,41400.04,0.510084,65481.27,0.2463,2028-12-01
NK225E    ,OOP,202812,23500.0,            ,133123518,0000000.0000,0000000.0,226.55,0.364445,143123518,0000000.0000,0000000.0,41171.02,0.506764,65481.27,0.2463,2028-12-01
NK225E    ,OOP,202812,23750.0,            ,133123718,0000000.0000,0000000.0,239.5,0.364322,143123718,0000000.0000,0000000.0,40942.5,0.503469,65481.27,0.2463,2028-12-01
NK225E    ,OOP,202812,24000.0,            ,133124018,0000000.0000,0000000.0,252.96,0.364339,143124018,0000000.0000,0000000.0,40714.51,0.500197,65481.27,0.2463,2028-12-01
NK225E    ,OOP,202812,24250.0,            ,133124218,0000000.0000,0000000.0,266.96,0.364224,143124218,0000000.0000,0000000.0,40487.04,0.497538,65481.27,0.2463,2028-12-01
NK225E    ,OOP,202812,24500.0,            ,133124518,0000000.0000,0000000.0,281.48,0.364233,143124518,0000000.0000,0000000.0,40260.11,0.494305,65481.27,0.2463,2028-12-01
NK225E    ,OOP,202812,24750.0,            ,133124718,0000000.0000,0000000.0,296.56,0.364116,143124718,0000000.0000,0000000.0,40033.73,0.491668,65481.27,0.2463,2028-12-01
NK225E    ,OOP,202812,25000.0,            ,133125018,0000000.0000,0000000.0,312.2,0.36411,143125018,0000000.0000,0000000.0,39807.9,0.488473,65481.27,0.2463,2028-12-01
NK225E    ,OOP,202812,25250.0,            ,133125218,0000000.0000,0000000.0,328.4,0.364848,143125218,0000000.0000,0000000.0,39582.65,0.485857,65481.27,0.2463,2028-12-01
NK225E    ,OOP,202812,25500.0,            ,133125518,0000000.0000,0000000.0,345.18,0.364583,143125518,0000000.0000,0000000.0,39357.97,0.483248,65481.27,0.2463,2028-12-01
NK225E    ,OOP,202812,25750.0,            ,133125718,0000000.0000,0000000.0,362.55,0.36422,143125718,0000000.0000,0000000.0,39133.88,0.480645,65481.27,0.2463,2028-12-01
NK225E    ,OOP,202812,26000.0,            ,133126018,0000000.0000,0000000.0,380.52,0.364736,143126018,0000000.0000,0000000.0,38910.39,0.478049,65481.27,0.2463,2028-12-01
NK225E    ,OOP,202812,26250.0,            ,133126218,0000000.0000,0000000.0,399.09,0.364171,143126218,0000000.0000,0000000.0,38687.5,0.47546,65481.27,0.2463,2028-12-01
NK225E    ,OOP,202812,26500.0,            ,133126518,0000000.0000,0000000.0,418.28,0.364437,143126518,0000000.0000,0000000.0,38465.23,0.473396,65481.27,0.2463,2028-12-01
NK225E    ,OOP,202812,26750.0,            ,133126718,0000000.0000,0000000.0,438.1,0.364578,143126718,0000000.0000,0000000.0,38243.59,0.470814,65481.27,0.2463,2028-12-01
NK225E    ,OOP,202812,27000.0,            ,133127018,0000000.0000,0000000.0,458.56,0.364604,143127018,0000000.0000,0000000.0,38022.59,0.468742,65481.27,0.2463,2028-12-01
NK225E    ,OOP,202812,27250.0,            ,133127218,0000000.0000,0000000.0,470.08,0.362883,143127218,0000000.0000,0000000.0,37792.65,0.46567,65481.27,0.2463,2028-12-01
NK225E    ,OOP,202812,27500.0,            ,133127518,0000000.0000,0000000.0,481.74,0.361147,143127518,0000000.0000,0000000.0,37562.86,0.462617,65481.27,0.2463,2028-12-01
NK225E    ,OOP,202812,27750.0,            ,133127718,0000000.0000,0000000.0,493.54,0.359398,143127718,0000000.0000,0000000.0,37333.2,0.459583,65481.27,0.2463,2028-12-01
NK225E    ,OOP,202812,28000.0,            ,133128018,0000000.0000,0000000.0,505.49,0.358412,143128018,0000000.0000,0000000.0,37103.68,0.456568,65481.27,0.2463,2028-12-01
NK225E    ,OOP,202812,28250.0,            ,133128218,0000000.0000,0000000.0,517.91,0.356624,143128218,0000000.0000,0000000.0,36874.64,0.453571,65481.27,0.2463,2028-12-01
NK225E    ,OOP,202812,28500.0,            ,133128518,0000000.0000,0000000.0,530.48,0.354825,143128518,0000000.0000,0000000.0,36645.76,0.450592,65481.27,0.2463,2028-12-01
NK225E    ,OOP,202812,28750.0,            ,133128718,0000000.0000,0000000.0,543.21,0.353747,143128718,0000000.0000,0000000.0,36417.02,0.44763,65481.27,0.2463,2028-12-01
NK225E    ,OOP,202812,29000.0,            ,133129018,0000000.0000,0000000.0,556.09,0.351917,143129018,0000000.0000,0000000.0,36188.44,0.444686,65481.27,0.2463,2028-12-01
NK225E    ,OOP,202812,29250.0,            ,133129218,0000000.0000,0000000.0,569.48,0.35078,143129218,0000000.0000,0000000.0,35960.37,0.441758,65481.27,0.2463,2028-12-01
NK225E    ,OOP,202812,29500.0,            ,133129518,0000000.0000,0000000.0,583.04,0.348922,143129518,0000000.0000,0000000.0,35732.47,0.439297,65481.27,0.2463,2028-12-01
NK225E    ,OOP,202812,29750.0,            ,133129718,0000000.0000,0000000.0,596.76,0.347733,143129718,0000000.0000,0000000.0,35504.74,0.436397,65481.27,0.2463,2028-12-01
NK225E    ,OOP,202812,30000.0,            ,133120018,0000000.0000,0000000.0,610.65,0.345851,143120018,0000000.0000,0000000.0,35277.17,0.433514,65481.27,0.2463,2028-12-01
NK225E    ,OOP,202812,30250.0,            ,133120218,0000000.0000,0000000.0,625.1,0.344614,143120218,0000000.0000,0000000.0,35050.16,0.431081,65481.27,0.2463,2028-12-01
NK225E    ,OOP,202812,30500.0,            ,133120518,0000000.0000,0000000.0,639.73,0.343349,143120518,0000000.0000,0000000.0,34823.32,0.428224,65481.27,0.2463,2028-12-01
NK225E    ,OOP,202812,30750.0,            ,133120718,0000000.0000,0000000.0,654.54,0.342057,143120718,0000000.0000,0000000.0,34596.68,0.425807,65481.27,0.2463,2028-12-01
NK225E    ,OOP,202812,31000.0,            ,133121018,0000000.0000,0000000.0,669.53,0.340739,143121018,0000000.0000,0000000.0,34370.21,0.422976,65481.27,0.2463,2028-12-01
NK225E    ,OOP,202812,31250.0,            ,133121218,0000000.0000,0000000.0,685.12,0.339397,143121218,0000000.0000,0000000.0,34144.33,0.420575,65481.27,0.2463,2028-12-01
NK225E    ,OOP,202812,31500.0,            ,133121518,0000000.0000,0000000.0,700.9,0.338033,143121518,0000000.0000,0000000.0,33918.66,0.418179,65481.27,0.2463,2028-12-01
NK225E    ,OOP,202812,31750.0,            ,133121718,0000000.0000,0000000.0,716.88,0.336647,143121718,0000000.0000,0000000.0,33693.18,0.415383,65481.27,0.2463,2028-12-01
NK225E    ,OOP,202812,32000.0,            ,133122018,0000000.0000,0000000.0,733.08,0.335241,143122018,0000000.0000,0000000.0,33467.92,0.413002,65481.27,0.2463,2028-12-01
NK225E    ,OOP,202812,32250.0,            ,133122218,0000000.0000,0000000.0,749.9,0.333815,143122218,0000000.0000,0000000.0,33243.28,0.410626,65481.27,0.2463,2028-12-01
NK225E    ,OOP,202812,32500.0,            ,183122518,0000000.0000,0000000.0,766.95,0.332371,193122518,0000000.0000,0000000.0,33018.87,0.408256,65481.27,0.2463,2028-12-01
NK225E    ,OOP,202812,32750.0,            ,183122718,0000000.0000,0000000.0,784.21,0.330909,193122718,0000000.0000,0000000.0,32794.67,0.405891,65481.27,0.2463,2028-12-01
NK225E    ,OOP,202812,33000.0,            ,183123018,0000000.0000,0000000.0,801.69,0.329958,193123018,0000000.0000,0000000.0,32570.69,0.40353,65481.27,0.2463,2028-12-01
NK225E    ,OOP,202812,33250.0,            ,183123218,0000000.0000,0000000.0,819.84,0.328455,193123218,0000000.0000,0000000.0,32347.39,0.401175,65481.27,0.2463,2028-12-01
NK225E    ,OOP,202812,33500.0,            ,183123518,0000000.0000,0000000.0,838.25,0.327446,193123518,0000000.0000,0000000.0,32124.33,0.398825,65481.27,0.2463,2028-12-01
NK225E    ,OOP,202812,33750.0,            ,183123718,0000000.0000,0000000.0,856.89,0.325906,193123718,0000000.0000,0000000.0,31901.51,0.39685,65481.27,0.2463,2028-12-01
NK225E    ,OOP,202812,34000.0,            ,183124018,0000000.0000,0000000.0,875.77,0.324844,193124018,0000000.0000,0000000.0,31678.93,0.394505,65481.27,0.2463,2028-12-01
NK225E    ,OOP,202812,34250.0,            ,183124218,0000000.0000,0000000.0,895.38,0.32327,193124218,0000000.0000,0000000.0,31457.09,0.392165,65481.27,0.2463,2028-12-01
NK225E    ,OOP,202812,34500.0,            ,183124518,0000000.0000,0000000.0,915.25,0.32216,193124518,0000000.0000,0000000.0,31235.5,0.390189,65481.27,0.2463,2028-12-01
NK225E    ,OOP,202812,34750.0,            ,183124718,0000000.0000,0000000.0,935.38,0.321022,193124718,0000000.0000,0000000.0,31014.17,0.387855,65481.27,0.2463,2028-12-01
NK225E    ,OOP,202812,35000.0,            ,133245018,0000000.0000,0000000.0,955.78,0.319859,143245018,0000000.0000,0000000.0,30793.1,0.385876,65481.27,0.2463,2028-12-01
NK225E    ,OOP,202812,35250.0,            ,183125218,0000000.0000,0000000.0,976.94,0.318672,193125218,0000000.0000,0000000.0,30572.81,0.383895,65481.27,0.2463,2028-12-01
NK225E    ,OOP,202812,35500.0,            ,183125518,0000000.0000,0000000.0,998.41,0.317461,193125518,0000000.0000,0000000.0,30352.81,0.381568,65481.27,0.2463,2028-12-01
NK225E    ,OOP,202812,35750.0,            ,183125718,0000000.0000,0000000.0,1020.14,0.316228,193125718,0000000.0000,0000000.0,30133.09,0.379585,65481.27,0.2463,2028-12-01
NK225E    ,OOP,202812,36000.0,            ,133246018,0000000.0000,0000000.0,1042.18,0.314974,143246018,0000000.0000,0000000.0,29913.66,0.377599,65481.27,0.2463,2028-12-01
NK225E    ,OOP,202812,36250.0,            ,183126218,0000000.0000,0000000.0,1065.03,0.314119,193126218,0000000.0000,0000000.0,29695.06,0.375611,65481.27,0.2463,2028-12-01
NK225E    ,OOP,202812,36500.0,            ,183126518,0000000.0000,0000000.0,1088.2,0.312818,193126518,0000000.0000,0000000.0,29476.76,0.37362,65481.27,0.2463,2028-12-01
NK225E    ,OOP,202812,36750.0,            ,183126718,0000000.0000,0000000.0,1111.67,0.311905,193126718,0000000.0000,0000000.0,29258.78,0.371628,65481.27,0.2463,2028-12-01
NK225E    ,OOP,202812,37000.0,            ,133247018,0000000.0000,0000000.0,1135.46,0.310561,143247018,0000000.0000,0000000.0,29041.11,0.369953,65481.27,0.2463,2028-12-01
NK225E    ,OOP,202812,37250.0,            ,183127218,0000000.0000,0000000.0,1160.11,0.309594,193127218,0000000.0000,0000000.0,28824.3,0.367953,65481.27,0.2463,2028-12-01
NK225E    ,OOP,202812,37500.0,            ,183127518,0000000.0000,0000000.0,1185.12,0.308211,193127518,0000000.0000,0000000.0,28607.85,0.366265,65481.27,0.2463,2028-12-01
NK225E    ,OOP,202812,37750.0,            ,183127718,0000000.0000,0000000.0,1210.44,0.307194,193127718,0000000.0000,0000000.0,28391.72,0.364257,65481.27,0.2463,2028-12-01
NK225E    ,OOP,202812,38000.0,            ,133248018,0000000.0000,0000000.0,1236.12,0.306151,143248018,0000000.0000,0000000.0,28175.94,0.362555,65481.27,0.2463,2028-12-01
NK225E    ,OOP,202812,38250.0,            ,183128218,0000000.0000,0000000.0,1262.73,0.305082,193128218,0000000.0000,0000000.0,27961.08,0.360541,65481.27,0.2463,2028-12-01
NK225E    ,OOP,202812,38500.0,            ,183128518,0000000.0000,0000000.0,1289.69,0.303989,193128518,0000000.0000,0000000.0,27746.58,0.358826,65481.27,0.2463,2028-12-01
NK225E    ,OOP,202812,38750.0,            ,183128718,0000000.0000,0000000.0,1317.02,0.30323,193128718,0000000.0000,0000000.0,27532.45,0.357104,65481.27,0.2463,2028-12-01
NK225E    ,OOP,202812,39000.0,            ,133249018,0000000.0000,0000000.0,1344.73,0.302085,143249018,0000000.0000,0000000.0,27318.7,0.355373,65481.27,0.2463,2028-12-01
NK225E    ,OOP,202812,39250.0,            ,183129218,0000000.0000,0000000.0,1373.41,0.300918,193129218,0000000.0000,0000000.0,27105.92,0.353636,65481.27,0.2463,2028-12-01
NK225E    ,OOP,202812,39500.0,            ,183129518,0000000.0000,0000000.0,1402.48,0.300073,193129518,0000000.0000,0000000.0,26893.54,0.352179,65481.27,0.2463,2028-12-01
NK225E    ,OOP,202812,39750.0,            ,183129718,0000000.0000,0000000.0,1431.95,0.298861,193129718,0000000.0000,0000000.0,26681.55,0.350424,65481.27,0.2463,2028-12-01
NK225E    ,OOP,202812,40000.0,            ,133240018,0000000.0000,0000000.0,1461.83,0.297961,143240018,0000000.0000,0000000.0,26469.97,0.348663,65481.27,0.2463,2028-12-01
NK225E    ,OOP,202812,40250.0,            ,183120218,0000000.0000,0000000.0,1492.72,0.297033,193120218,0000000.0000,0000000.0,26259.4,0.347174,65481.27,0.2463,2028-12-01
NK225E    ,OOP,202812,40500.0,            ,183120518,0000000.0000,0000000.0,1524.05,0.296077,193120518,0000000.0000,0000000.0,26049.26,0.345672,65481.27,0.2463,2028-12-01
NK225E    ,OOP,202812,40750.0,            ,133240718,0000000.0000,0000000.0,1555.8,0.295096,143240718,0000000.0000,0000000.0,25839.56,0.343886,65481.27,0.2463,2028-12-01
NK225E    ,OOP,202812,41000.0,            ,133241018,0000000.0000,0000000.0,1587.98,0.294089,143241018,0000000.0000,0000000.0,25630.28,0.342364,65481.27,0.2463,2028-12-01
NK225E    ,OOP,202812,41250.0,            ,133241218,0000000.0000,0000000.0,1621.24,0.293058,143241218,0000000.0000,0000000.0,25422.08,0.340831,65481.27,0.2463,2028-12-01
NK225E    ,OOP,202812,41500.0,            ,133241518,0000000.0000,0000000.0,1654.96,0.292307,143241518,0000000.0000,0000000.0,25214.34,0.339286,65481.27,0.2463,2028-12-01
NK225E    ,OOP,202812,41750.0,            ,133241718,0000000.0000,0000000.0,1689.15,0.291226,143241718,0000000.0000,0000000.0,25007.07,0.337731,65481.27,0.2463,2028-12-01
NK225E    ,OOP,202812,42000.0,            ,133242018,0000000.0000,0000000.0,1723.79,0.290417,143242018,0000000.0000,0000000.0,24800.25,0.336424,65481.27,0.2463,2028-12-01
NK225E    ,OOP,202812,42250.0,            ,133242218,0000000.0000,0000000.0,1759.57,0.289579,143242218,0000000.0000,0000000.0,24594.56,0.334845,65481.27,0.2463,2028-12-01
NK225E    ,OOP,202812,42500.0,            ,183242518,0000000.0000,0000000.0,1795.82,0.288713,193242518,0000000.0000,0000000.0,24389.36,0.333509,65481.27,0.2463,2028-12-01
NK225E    ,OOP,202812,42750.0,            ,133242718,0000000.0000,0000000.0,1832.57,0.28782,143242718,0000000.0000,0000000.0,24184.65,0.332159,65481.27,0.2463,2028-12-01
NK225E    ,OOP,202812,43000.0,            ,133243018,0000000.0000,0000000.0,1869.83,0.2869,143243018,0000000.0000,0000000.0,23980.45,0.330546,65481.27,0.2463,2028-12-01
NK225E    ,OOP,202812,43250.0,            ,133243218,0000000.0000,0000000.0,1908.27,0.285955,143243218,0000000.0000,0000000.0,23777.43,0.329169,65481.27,0.2463,2028-12-01
NK225E    ,OOP,202812,43500.0,            ,133243518,0000000.0000,0000000.0,1947.23,0.285256,143243518,0000000.0000,0000000.0,23574.93,0.328022,65481.27,0.2463,2028-12-01
NK225E    ,OOP,202812,43750.0,            ,133243718,0000000.0000,0000000.0,1986.71,0.284259,143243718,0000000.0000,0000000.0,23372.96,0.326615,65481.27,0.2463,2028-12-01
NK225E    ,OOP,202812,44000.0,            ,133244018,0000000.0000,0000000.0,2026.72,0.283502,143244018,0000000.0000,0000000.0,23171.51,0.325195,65481.27,0.2463,2028-12-01
NK225E    ,OOP,202812,44250.0,            ,133244218,0000000.0000,0000000.0,2067.97,0.282716,143244218,0000000.0000,0000000.0,22971.29,0.323998,65481.27,0.2463,2028-12-01
NK225E    ,OOP,202812,44500.0,            ,133244518,0000000.0000,0000000.0,2109.78,0.281902,143244518,0000000.0000,0000000.0,22771.64,0.32255,65481.27,0.2463,2028-12-01
NK225E    ,OOP,202812,44750.0,            ,133244718,0000000.0000,0000000.0,2152.13,0.28106,143244718,0000000.0000,0000000.0,22572.53,0.321321,65481.27,0.2463,2028-12-01
NK225E    ,OOP,202812,45000.0,            ,183245018,0000000.0000,0000000.0,2195.06,0.280192,193245018,0000000.0000,0000000.0,22374.0,0.320075,65481.27,0.2463,2028-12-01
NK225E    ,OOP,202812,45250.0,            ,133245218,0000000.0000,0000000.0,2239.27,0.279298,143245218,0000000.0000,0000000.0,22176.76,0.318813,65481.27,0.2463,2028-12-01
NK225E    ,OOP,202812,45500.0,            ,133245518,0000000.0000,0000000.0,2284.07,0.278623,143245518,0000000.0000,0000000.0,21980.1,0.317759,65481.27,0.2463,2028-12-01
NK225E    ,OOP,202812,45750.0,            ,133245718,0000000.0000,0000000.0,2329.46,0.277676,143245718,0000000.0000,0000000.0,21784.03,0.316464,65481.27,0.2463,2028-12-01
NK225E    ,OOP,202812,46000.0,            ,183246018,0000000.0000,0000000.0,2375.45,0.276945,193246018,0000000.0000,0000000.0,21588.56,0.315153,65481.27,0.2463,2028-12-01
NK225E    ,OOP,202812,46250.0,            ,133246218,0000000.0000,0000000.0,2422.77,0.276184,143246218,0000000.0000,0000000.0,21394.41,0.314045,65481.27,0.2463,2028-12-01
NK225E    ,OOP,202812,46500.0,            ,133246518,0000000.0000,0000000.0,2470.7,0.275396,143246518,0000000.0000,0000000.0,21200.89,0.312918,65481.27,0.2463,2028-12-01
NK225E    ,OOP,202812,46750.0,            ,133246718,0000000.0000,0000000.0,2519.27,0.274811,143246718,0000000.0000,0000000.0,21007.99,0.311773,65481.27,0.2463,2028-12-01
NK225E    ,OOP,202812,47000.0,            ,183247018,0000000.0000,0000000.0,2568.48,0.273967,193247018,0000000.0000,0000000.0,20815.75,0.31061,65481.27,0.2463,2028-12-01
NK225E    ,OOP,202812,47250.0,            ,133247218,0000000.0000,0000000.0,2619.05,0.273321,143247218,0000000.0000,0000000.0,20624.86,0.30964,65481.27,0.2463,2028-12-01
NK225E    ,OOP,202812,47500.0,            ,133247518,0000000.0000,0000000.0,2670.29,0.272646,143247518,0000000.0000,0000000.0,20434.64,0.30844,65481.27,0.2463,2028-12-01
NK225E    ,OOP,202812,47750.0,            ,133247718,0000000.0000,0000000.0,2722.17,0.271942,143247718,0000000.0000,0000000.0,20245.06,0.30743,65481.27,0.2463,2028-12-01
NK225E    ,OOP,202812,48000.0,            ,183248018,0000000.0000,0000000.0,2774.74,0.271209,193248018,0000000.0000,0000000.0,20056.17,0.306195,65481.27,0.2463,2028-12-01
NK225E    ,OOP,202812,48250.0,            ,133248218,0000000.0000,0000000.0,2828.7,0.270448,143248218,0000000.0000,0000000.0,19868.67,0.305147,65481.27,0.2463,2028-12-01
NK225E    ,OOP,202812,48500.0,            ,133248518,0000000.0000,0000000.0,2883.38,0.269661,143248518,0000000.0000,0000000.0,19681.89,0.304279,65481.27,0.2463,2028-12-01
NK225E    ,OOP,202812,48750.0,            ,133248718,0000000.0000,0000000.0,2938.75,0.269057,143248718,0000000.0000,0000000.0,19495.8,0.30319,65481.27,0.2463,2028-12-01
NK225E    ,OOP,202812,49000.0,            ,183249018,0000000.0000,0000000.0,2994.81,0.268424,193249018,0000000.0000,0000000.0,19310.4,0.302082,65481.27,0.2463,2028-12-01
NK225E    ,OOP,202812,49250.0,            ,133249218,0000000.0000,0000000.0,3052.31,0.26776,143249218,0000000.0000,0000000.0,19126.45,0.301152,65481.27,0.2463,2028-12-01
NK225E    ,OOP,202812,49500.0,            ,133249518,0000000.0000,0000000.0,3110.56,0.267069,143249518,0000000.0000,0000000.0,18943.23,0.3002,65481.27,0.2463,2028-12-01
NK225E    ,OOP,202812,49750.0,            ,133249718,0000000.0000,0000000.0,3169.51,0.266349,143249718,0000000.0000,0000000.0,18760.72,0.299227,65481.27,0.2463,2028-12-01
NK225E    ,OOP,202812,50000.0,            ,183240018,0000000.0000,0000000.0,3229.21,0.265802,193240018,0000000.0000,0000000.0,18578.96,0.298233,65481.27,0.2463,2028-12-01
NK225E    ,OOP,202812,50250.0,            ,133240218,0000000.0000,0000000.0,3290.38,0.265027,143240218,0000000.0000,0000000.0,18398.68,0.297408,65481.27,0.2463,2028-12-01
NK225E    ,OOP,202812,50500.0,            ,133240518,0000000.0000,0000000.0,3352.31,0.26442,143240518,0000000.0000,0000000.0,18219.14,0.296373,65481.27,0.2463,2028-12-01
NK225E    ,OOP,202812,50750.0,            ,183240718,0000000.0000,0000000.0,3414.99,0.263785,193240718,0000000.0000,0000000.0,18040.36,0.295504,65481.27,0.2463,2028-12-01
NK225E    ,OOP,202812,51000.0,            ,133361018,0000000.0000,0000000.0,3478.46,0.263122,143361018,0000000.0000,0000000.0,17862.37,0.294613,65481.27,0.2463,2028-12-01
NK225E    ,OOP,202812,51250.0,            ,183241218,0000000.0000,0000000.0,3543.4,0.26262,193241218,0000000.0000,0000000.0,17685.86,0.2937,65481.27,0.2463,2028-12-01
NK225E    ,OOP,202812,51500.0,            ,183241518,0000000.0000,0000000.0,3609.16,0.262087,193241518,0000000.0000,0000000.0,17510.16,0.292766,65481.27,0.2463,2028-12-01
NK225E    ,OOP,202812,51750.0,            ,183241718,0000000.0000,0000000.0,3675.7,0.261338,193241718,0000000.0000,0000000.0,17335.24,0.29199,65481.27,0.2463,2028-12-01
NK225E    ,OOP,202812,52000.0,            ,133362018,0000000.0000,0000000.0,3743.03,0.260748,143362018,0000000.0000,0000000.0,17161.11,0.291013,65481.27,0.2463,2028-12-01
NK225E    ,OOP,202812,52250.0,            ,183242218,0000000.0000,0000000.0,3811.9,0.260128,193242218,0000000.0000,0000000.0,16988.52,0.290193,65481.27,0.2463,2028-12-01
NK225E    ,OOP,202812,52500.0,            ,133362518,0000000.0000,0000000.0,3881.58,0.259662,143362518,0000000.0000,0000000.0,16816.73,0.28935,65481.27,0.2463,2028-12-01
NK225E    ,OOP,202812,52750.0,            ,183242718,0000000.0000,0000000.0,3952.07,0.258985,193242718,0000000.0000,0000000.0,16645.76,0.288659,65481.27,0.2463,2028-12-01
NK225E    ,OOP,202812,53000.0,            ,183243018,0000000.0000,0000000.0,4023.4,0.258459,193243018,0000000.0000,0000000.0,16475.64,0.28777,65481.27,0.2463,2028-12-01
NK225E    ,OOP,202812,53250.0,            ,183243218,0000000.0000,0000000.0,4096.27,0.257904,193243218,0000000.0000,0000000.0,16307.05,0.287032,65481.27,0.2463,2028-12-01
NK225E    ,OOP,202812,53500.0,            ,183243518,0000000.0000,0000000.0,4170.0,0.25732,193243518,0000000.0000,0000000.0,16139.32,0.28627,65481.27,0.2463,2028-12-01
NK225E    ,OOP,202812,53750.0,            ,183243718,0000000.0000,0000000.0,4244.57,0.25688,193243718,0000000.0000,0000000.0,15972.43,0.285485,65481.27,0.2463,2028-12-01
NK225E    ,OOP,202812,54000.0,            ,183244018,0000000.0000,0000000.0,4319.99,0.256239,193244018,0000000.0000,0000000.0,15806.39,0.284678,65481.27,0.2463,2028-12-01
NK225E    ,OOP,202812,54250.0,            ,183244218,0000000.0000,0000000.0,4396.96,0.25574,193244218,0000000.0000,0000000.0,15641.9,0.283847,65481.27,0.2463,2028-12-01
NK225E    ,OOP,202812,54500.0,            ,183244518,0000000.0000,0000000.0,4474.81,0.255213,193244518,0000000.0000,0000000.0,15478.3,0.283161,65481.27,0.2463,2028-12-01
NK225E    ,OOP,202812,54750.0,            ,183244718,0000000.0000,0000000.0,4553.53,0.254656,193244718,0000000.0000,0000000.0,15315.56,0.28245,65481.27,0.2463,2028-12-01
NK225E    ,OOP,202812,55000.0,            ,133365018,0000000.0000,0000000.0,4633.09,0.254072,143365018,0000000.0000,0000000.0,15153.65,0.281715,65481.27,0.2463,2028-12-01
NK225E    ,OOP,202812,55250.0,            ,183245218,0000000.0000,0000000.0,4714.3,0.253624,193245218,0000000.0000,0000000.0,14993.41,0.280958,65481.27,0.2463,2028-12-01
NK225E    ,OOP,202812,55500.0,            ,183245518,0000000.0000,0000000.0,4796.37,0.253147,193245518,0000000.0000,0000000.0,14834.02,0.280338,65481.27,0.2463,2028-12-01
NK225E    ,OOP,202812,55750.0,            ,183245718,0000000.0000,0000000.0,4879.32,0.252641,193245718,0000000.0000,0000000.0,14675.51,0.279694,65481.27,0.2463,2028-12-01
NK225E    ,OOP,202812,56000.0,            ,133366018,0000000.0000,0000000.0,4963.13,0.252107,143366018,0000000.0000,0000000.0,14517.85,0.278866,65481.27,0.2463,2028-12-01
NK225E    ,OOP,202812,56250.0,            ,183246218,0000000.0000,0000000.0,5048.55,0.251544,193246218,0000000.0000,0000000.0,14361.81,0.278333,65481.27,0.2463,2028-12-01
NK225E    ,OOP,202812,56500.0,            ,183246518,0000000.0000,0000000.0,5134.93,0.251113,193246518,0000000.0000,0000000.0,14206.73,0.277617,65481.27,0.2463,2028-12-01
NK225E    ,OOP,202812,56750.0,            ,183246718,0000000.0000,0000000.0,5222.18,0.250653,193246718,0000000.0000,0000000.0,14052.52,0.277035,65481.27,0.2463,2028-12-01
NK225E    ,OOP,202812,57000.0,            ,133367018,0000000.0000,0000000.0,5310.3,0.250164,143367018,0000000.0000,0000000.0,13899.19,0.276272,65481.27,0.2463,2028-12-01
NK225E    ,OOP,202812,57250.0,            ,183247218,0000000.0000,0000000.0,5400.08,0.249646,193247218,0000000.0000,0000000.0,13747.5,0.275641,65481.27,0.2463,2028-12-01
NK225E    ,OOP,202812,57500.0,            ,183247518,0000000.0000,0000000.0,5490.77,0.249256,193247518,0000000.0000,0000000.0,13596.73,0.275139,65481.27,0.2463,2028-12-01
NK225E    ,OOP,202812,57750.0,            ,183247718,0000000.0000,0000000.0,5582.38,0.248682,193247718,0000000.0000,0000000.0,13446.88,0.274459,65481.27,0.2463,2028-12-01
NK225E    ,OOP,202812,58000.0,            ,133368018,0000000.0000,0000000.0,5674.91,0.248235,143368018,0000000.0000,0000000.0,13297.96,0.273756,65481.27,0.2463,2028-12-01
NK225E    ,OOP,202812,58250.0,            ,183248218,0000000.0000,0000000.0,5769.02,0.247911,193248218,0000000.0000,0000000.0,13150.61,0.273181,65481.27,0.2463,2028-12-01
NK225E    ,OOP,202812,58500.0,            ,183248518,0000000.0000,0000000.0,5864.1,0.247406,193248518,0000000.0000,0000000.0,13004.23,0.272581,65481.27,0.2463,2028-12-01
NK225E    ,OOP,202812,58750.0,            ,183248718,0000000.0000,0000000.0,5960.11,0.246873,193248718,0000000.0000,0000000.0,12858.78,0.272107,65481.27,0.2463,2028-12-01
NK225E    ,OOP,202812,59000.0,            ,133369018,0000000.0000,0000000.0,6057.06,0.246463,143369018,0000000.0000,0000000.0,12714.27,0.271458,65481.27,0.2463,2028-12-01
NK225E    ,OOP,202812,59250.0,            ,183249218,0000000.0000,0000000.0,6155.59,0.246024,193249218,0000000.0000,0000000.0,12571.34,0.270934,65481.27,0.2463,2028-12-01
NK225E    ,OOP,202812,59500.0,            ,183249518,0000000.0000,0000000.0,6255.02,0.245558,193249518,0000000.0000,0000000.0,12429.31,0.270386,65481.27,0.2463,2028-12-01
NK225E    ,OOP,202812,59750.0,            ,183249718,0000000.0000,0000000.0,6355.47,0.245211,193249718,0000000.0000,0000000.0,12288.3,0.269813,65481.27,0.2463,2028-12-01
NK225E    ,OOP,202812,60000.0,            ,133360018,0000000.0000,0000000.0,6456.82,0.244688,143360018,0000000.0000,0000000.0,12148.2,0.269215,65481.27,0.2463,2028-12-01
NK225E    ,OOP,202812,60250.0,            ,183240218,0000000.0000,0000000.0,6559.81,0.244285,193240218,0000000.0000,0000000.0,12009.73,0.26874,65481.27,0.2463,2028-12-01
NK225E    ,OOP,202812,60500.0,            ,183240518,0000000.0000,0000000.0,6663.72,0.243998,193240518,0000000.0000,0000000.0,11872.18,0.268239,65481.27,0.2463,2028-12-01
NK225E    ,OOP,202812,60750.0,            ,133360718,0000000.0000,0000000.0,6768.59,0.243538,143360718,0000000.0000,0000000.0,11735.58,0.267714,65481.27,0.2463,2028-12-01
NK225E    ,OOP,202812,61000.0,            ,183361018,0000000.0000,0000000.0,6874.4,0.243051,193361018,0000000.0000,0000000.0,11599.93,0.267164,65481.27,0.2463,2028-12-01
NK225E    ,OOP,202812,61250.0,            ,133361218,0000000.0000,0000000.0,6981.76,0.242679,143361218,0000000.0000,0000000.0,11465.84,0.266591,65481.27,0.2463,2028-12-01
NK225E    ,OOP,202812,61500.0,            ,133361518,0000000.0000,0000000.0,7090.12,0.24228,143361518,0000000.0000,0000000.0,11332.74,0.266136,65481.27,0.2463,2028-12-01
NK225E    ,OOP,202812,61750.0,            ,133361718,0000000.0000,0000000.0,7199.44,0.241853,143361718,0000000.0000,0000000.0,11200.59,0.265656,65481.27,0.2463,2028-12-01
NK225E    ,OOP,202812,62000.0,            ,183362018,0000000.0000,0000000.0,7309.71,0.24154,193362018,0000000.0000,0000000.0,11069.41,0.265152,65481.27,0.2463,2028-12-01
NK225E    ,OOP,202812,62250.0,            ,133362218,0000000.0000,0000000.0,7421.51,0.241059,143362218,0000000.0000,0000000.0,10939.75,0.264765,65481.27,0.2463,2028-12-01
NK225E    ,OOP,202812,62500.0,            ,133242518,0000000.0000,0000000.0,7534.31,0.24069,143242518,0000000.0000,0000000.0,10811.08,0.264212,65481.27,0.2463,2028-12-01
NK225E    ,OOP,202812,62750.0,            ,133362718,0000000.0000,0000000.0,7648.06,0.240295,143362718,0000000.0000,0000000.0,10683.38,0.263775,65481.27,0.2463,2028-12-01
NK225E    ,OOP,202812,63000.0,            ,133363018,0000000.0000,0000000.0,7762.78,0.240011,143363018,0000000.0000,0000000.0,10556.64,0.263314,65481.27,0.2463,2028-12-01
NK225E    ,OOP,202812,63250.0,            ,133363218,0000000.0000,0000000.0,7879.0,0.239561,143363218,0000000.0000,0000000.0,10431.4,0.262829,65481.27,0.2463,2028-12-01
NK225E    ,OOP,202812,63500.0,            ,133363518,0000000.0000,0000000.0,7996.22,0.239222,143363518,0000000.0000,0000000.0,10307.15,0.262458,65481.27,0.2463,2028-12-01
NK225E    ,OOP,202812,63750.0,            ,133363718,0000000.0000,0000000.0,8114.36,0.238856,143363718,0000000.0000,0000000.0,10183.84,0.261925,65481.27,0.2463,2028-12-01
NK225E    ,OOP,202812,64000.0,            ,133364018,0000000.0000,0000000.0,8233.49,0.238463,143364018,0000000.0000,0000000.0,10061.51,0.261505,65481.27,0.2463,2028-12-01
NK225E    ,OOP,202812,64250.0,            ,133364218,0000000.0000,0000000.0,8354.1,0.238043,143364218,0000000.0000,0000000.0,9940.66,0.261062,65481.27,0.2463,2028-12-01
NK225E    ,OOP,202812,64500.0,            ,133364518,0000000.0000,0000000.0,8475.67,0.237734,143364518,0000000.0000,0000000.0,9820.77,0.260731,65481.27,0.2463,2028-12-01
NK225E    ,OOP,202812,64750.0,            ,133364718,0000000.0000,0000000.0,8598.19,0.237397,143364718,0000000.0000,0000000.0,9701.83,0.260239,65481.27,0.2463,2028-12-01
NK225E    ,OOP,202812,65000.0,            ,183365018,0000000.0000,0000000.0,8721.71,0.237033,193365018,0000000.0000,0000000.0,9583.89,0.25986,65481.27,0.2463,2028-12-01
NK225E    ,OOP,202812,65250.0,            ,133365218,0000000.0000,0000000.0,8846.67,0.236643,143365218,0000000.0000,0000000.0,9467.39,0.259457,65481.27,0.2463,2028-12-01
NK225E    ,OOP,202812,65500.0,            ,133365518,0000000.0000,0000000.0,8972.61,0.236361,143365518,0000000.0000,0000000.0,9351.87,0.25903,65481.27,0.2463,2028-12-01
NK225E    ,OOP,202812,65750.0,            ,133365718,0000000.0000,0000000.0,9099.47,0.235918,143365718,0000000.0000,0000000.0,9237.28,0.258579,65481.27,0.2463,2028-12-01
NK225E    ,OOP,202812,66000.0,            ,183366018,0000000.0000,0000000.0,9227.33,0.235583,193366018,0000000.0000,0000000.0,9123.67,0.258239,65481.27,0.2463,2028-12-01
NK225E    ,OOP,202812,66250.0,            ,133366218,0000000.0000,0000000.0,9356.57,0.235222,143366218,0000000.0000,0000000.0,9011.46,0.257876,65481.27,0.2463,2028-12-01
NK225E    ,OOP,202812,66500.0,            ,133366518,0000000.0000,0000000.0,9486.8,0.234969,143366518,0000000.0000,0000000.0,8900.23,0.257489,65481.27,0.2463,2028-12-01
NK225E    ,OOP,202812,66750.0,            ,133366718,0000000.0000,0000000.0,9617.98,0.234556,143366718,0000000.0000,0000000.0,8789.95,0.257078,65481.27,0.2463,2028-12-01
NK225E    ,OOP,202812,67000.0,            ,183367018,0000000.0000,0000000.0,9750.11,0.23425,193367018,0000000.0000,0000000.0,8680.61,0.256778,65481.27,0.2463,2028-12-01
NK225E    ,OOP,202812,67250.0,            ,133367218,0000000.0000,0000000.0,9883.62,0.233918,143367218,0000000.0000,0000000.0,8572.67,0.25632,65481.27,0.2463,2028-12-01
NK225E    ,OOP,202812,67500.0,            ,183367518,0000000.0000,0000000.0,10018.11,0.23356,193367518,0000000.0000,0000000.0,8465.7,0.255973,65481.27,0.2463,2028-12-01
NK225E    ,OOP,202812,67750.0,            ,133367718,0000000.0000,0000000.0,10153.5,0.23331,143367718,0000000.0000,0000000.0,8359.63,0.255602,65481.27,0.2463,2028-12-01
NK225E    ,OOP,202812,68000.0,            ,183368018,0000000.0000,0000000.0,10289.86,0.2329,193368018,0000000.0000,0000000.0,8254.53,0.255341,65481.27,0.2463,2028-12-01
NK225E    ,OOP,202812,68250.0,            ,133368218,0000000.0000,0000000.0,10427.56,0.232598,143368218,0000000.0000,0000000.0,8150.77,0.254924,65481.27,0.2463,2028-12-01
NK225E    ,OOP,202812,68500.0,            ,133368518,0000000.0000,0000000.0,10566.2,0.23227,143368518,0000000.0000,0000000.0,8047.95,0.254616,65481.27,0.2463,2028-12-01
NK225E    ,OOP,202812,68750.0,            ,133368718,0000000.0000,0000000.0,10705.76,0.231916,143368718,0000000.0000,0000000.0,7946.04,0.254286,65481.27,0.2463,2028-12-01
NK225E    ,OOP,202812,69000.0,            ,183369018,0000000.0000,0000000.0,10846.27,0.23167,193369018,0000000.0000,0000000.0,7845.1,0.253932,65481.27,0.2463,2028-12-01
NK225E    ,OOP,202812,69250.0,            ,133369218,0000000.0000,0000000.0,10988.09,0.231265,143369218,0000000.0000,0000000.0,7745.46,0.253555,65481.27,0.2463,2028-12-01
NK225E    ,OOP,202812,69500.0,            ,133369518,0000000.0000,0000000.0,11130.81,0.230967,143369518,0000000.0000,0000000.0,7646.72,0.253288,65481.27,0.2463,2028-12-01
NK225E    ,OOP,202812,69750.0,            ,133369718,0000000.0000,0000000.0,11274.46,0.230645,143369718,0000000.0000,0000000.0,7548.91,0.252998,65481.27,0.2463,2028-12-01
NK225E    ,OOP,202812,70000.0,            ,133480018,0000000.0000,0000000.0,11419.04,0.230296,143480018,0000000.0000,0000000.0,7452.03,0.252685,65481.27,0.2463,2028-12-01
NK225E    ,OOP,202812,70250.0,            ,133360218,0000000.0000,0000000.0,11564.91,0.230056,143360218,0000000.0000,0000000.0,7356.44,0.25235,65481.27,0.2463,2028-12-01
NK225E    ,OOP,202812,70500.0,            ,133360518,0000000.0000,0000000.0,11711.68,0.22979,143360518,0000000.0000,0000000.0,7261.75,0.251991,65481.27,0.2463,2028-12-01
NK225E    ,OOP,202812,70750.0,            ,183360718,0000000.0000,0000000.0,11859.34,0.229366,193360718,0000000.0000,0000000.0,7167.95,0.251743,65481.27,0.2463,2028-12-01
NK225E    ,OOP,202812,71000.0,            ,133481018,0000000.0000,0000000.0,12007.9,0.22905,143481018,0000000.0000,0000000.0,7075.05,0.251339,65481.27,0.2463,2028-12-01
NK225E    ,OOP,202812,71250.0,            ,183361218,0000000.0000,0000000.0,12157.68,0.228843,193361218,0000000.0000,0000000.0,6983.38,0.251046,65481.27,0.2463,2028-12-01
NK225E    ,OOP,202812,71500.0,            ,183361518,0000000.0000,0000000.0,12308.39,0.228477,193361518,0000000.0000,0000000.0,6892.63,0.250863,65481.27,0.2463,2028-12-01
NK225E    ,OOP,202812,71750.0,            ,183361718,0000000.0000,0000000.0,12459.98,0.228219,193361718,0000000.0000,0000000.0,6802.76,0.250525,65481.27,0.2463,2028-12-01
NK225E    ,OOP,202812,72000.0,            ,133482018,0000000.0000,0000000.0,12612.45,0.227937,143482018,0000000.0000,0000000.0,6713.76,0.250164,65481.27,0.2463,2028-12-01
NK225E    ,OOP,202812,72250.0,            ,183362218,0000000.0000,0000000.0,12766.12,0.22763,193362218,0000000.0000,0000000.0,6625.97,0.249914,65481.27,0.2463,2028-12-01
NK225E    ,OOP,202812,72500.0,            ,183362518,0000000.0000,0000000.0,12920.7,0.227299,193362518,0000000.0000,0000000.0,6539.09,0.249643,65481.27,0.2463,2028-12-01
NK225E    ,OOP,202812,72750.0,            ,183362718,0000000.0000,0000000.0,13076.1,0.226943,193362718,0000000.0000,0000000.0,6453.04,0.249349,65481.27,0.2463,2028-12-01
NK225E    ,OOP,202812,73000.0,            ,183363018,0000000.0000,0000000.0,13232.4,0.226696,193363018,0000000.0000,0000000.0,6367.88,0.249166,65481.27,0.2463,2028-12-01
NK225E    ,OOP,202812,73250.0,            ,183363218,0000000.0000,0000000.0,13389.85,0.226425,193363218,0000000.0000,0000000.0,6283.87,0.248828,65481.27,0.2463,2028-12-01
NK225E    ,OOP,202812,73500.0,            ,183363518,0000000.0000,0000000.0,13548.19,0.22613,193363518,0000000.0000,0000000.0,6200.74,0.248602,65481.27,0.2463,2028-12-01
NK225E    ,OOP,202812,73750.0,            ,183363718,0000000.0000,0000000.0,13707.33,0.22581,193363718,0000000.0000,0000000.0,6118.43,0.248354,65481.27,0.2463,2028-12-01
NK225E    ,OOP,202812,74000.0,            ,183364018,0000000.0000,0000000.0,13867.34,0.225466,193364018,0000000.0000,0000000.0,6036.98,0.248084,65481.27,0.2463,2028-12-01
NK225E    ,OOP,202812,74250.0,            ,183364218,0000000.0000,0000000.0,14028.49,0.225233,193364218,0000000.0000,0000000.0,5956.67,0.247793,65481.27,0.2463,2028-12-01
NK225E    ,OOP,202812,74500.0,            ,183364518,0000000.0000,0000000.0,14190.47,0.224976,193364518,0000000.0000,0000000.0,5877.19,0.24748,65481.27,0.2463,2028-12-01
NK225E    ,OOP,202812,74750.0,            ,183364718,0000000.0000,0000000.0,14353.26,0.224559,193364718,0000000.0000,0000000.0,5798.52,0.24728,65481.27,0.2463,2028-12-01
NK225E    ,OOP,202812,75000.0,            ,133485018,0000000.0000,0000000.0,14516.92,0.22439,143485018,0000000.0000,0000000.0,5720.72,0.247059,65481.27,0.2463,2028-12-01
NK225E    ,OOP,202812,75250.0,            ,183365218,0000000.0000,0000000.0,14681.64,0.224062,193365218,0000000.0000,0000000.0,5643.98,0.246816,65481.27,0.2463,2028-12-01
NK225E    ,OOP,202812,75500.0,            ,183365518,0000000.0000,0000000.0,14847.21,0.223709,193365518,0000000.0000,0000000.0,5568.09,0.246552,65481.27,0.2463,2028-12-01
NK225E    ,OOP,202812,75750.0,            ,183365718,0000000.0000,0000000.0,15013.54,0.223469,193365718,0000000.0000,0000000.0,5492.96,0.246267,65481.27,0.2463,2028-12-01
NK225E    ,OOP,202812,76000.0,            ,133486018,0000000.0000,0000000.0,15180.7,0.223205,143486018,0000000.0000,0000000.0,5418.66,0.246097,65481.27,0.2463,2028-12-01
NK225E    ,OOP,202812,76250.0,            ,183366218,0000000.0000,0000000.0,15349.35,0.222918,193366218,0000000.0000,0000000.0,5345.85,0.245906,65481.27,0.2463,2028-12-01
NK225E    ,OOP,202812,77500.0,            ,133367518,0000000.0000,0000000.0,16204.41,0.221547,143367518,0000000.0000,0000000.0,4993.61,0.244777,65481.27,0.2463,2028-12-01
NK225E    ,OOP,202812,80000.0,            ,183480018,0000000.0000,0000000.0,17970.47,0.218614,193480018,0000000.0000,0000000.0,4345.08,0.242656,65481.27,0.2463,2028-12-01
NK225E    ,OOP,202812,85000.0,            ,183485018,0000000.0000,0000000.0,21731.28,0.212904,193485018,0000000.0000,0000000.0,3276.7,0.239528,65481.27,0.2463,2028-12-01
NK225E    ,OOP,202812,90000.0,            ,133600018,0000000.0000,0000000.0,25753.08,0.207175,143600018,0000000.0000,0000000.0,2469.31,0.237497,65481.27,0.2463,2028-12-01
NK225E    ,OOP,202812,95000.0,            ,133605018,0000000.0000,0000000.0,29994.44,0.201608,143605018,0000000.0000,0000000.0,1881.48,0.23713,65481.27,0.2463,2028-12-01
NK225E    ,OOP,202812,100000.0,            ,183600018,0000000.0000,0000000.0,34419.53,0.196553,193600018,0000000.0000,0000000.0,1477.38,0.238945,65481.27,0.2463,2028-12-01
NK225E    ,OOP,202906,15000.0,            ,184065018,0000000.0000,0000000.0,31.84,0.355239,194065018,0000000.0000,0000000.0,48850.01,0.657906,65481.27,0.2463,2029-06-01
NK225E    ,OOP,202906,16000.0,            ,184066018,0000000.0000,0000000.0,46.11,0.354634,194066018,0000000.0000,0000000.0,47906.04,0.631721,65481.27,0.2463,2029-06-01
NK225E    ,OOP,202906,17000.0,            ,184067018,0000000.0000,0000000.0,64.69,0.35419,194067018,0000000.0000,0000000.0,46966.39,0.608046,65481.27,0.2463,2029-06-01
NK225E    ,OOP,202906,18000.0,            ,184068018,0000000.0000,0000000.0,88.29,0.354037,194068018,0000000.0000,0000000.0,46031.75,0.586543,65481.27,0.2463,2029-06-01
NK225E    ,OOP,202906,19000.0,            ,184069018,0000000.0000,0000000.0,117.64,0.354165,194069018,0000000.0000,0000000.0,45102.85,0.566929,65481.27,0.2463,2029-06-01
NK225E    ,OOP,202906,20000.0,            ,184060018,0000000.0000,0000000.0,153.44,0.353777,194060018,0000000.0000,0000000.0,44180.41,0.548967,65481.27,0.2463,2029-06-01
NK225E    ,OOP,202906,20750.0,            ,184060718,0000000.0000,0000000.0,184.96,0.353813,194060718,0000000.0000,0000000.0,43493.26,0.536509,65481.27,0.2463,2029-06-01
NK225E    ,OOP,202906,21000.0,            ,184061018,0000000.0000,0000000.0,196.42,0.353849,194061018,0000000.0000,0000000.0,43265.15,0.532453,65481.27,0.2463,2029-06-01
NK225E    ,OOP,202906,21250.0,            ,184061218,0000000.0000,0000000.0,208.37,0.353739,194061218,0000000.0000,0000000.0,43037.54,0.528445,65481.27,0.2463,2029-06-01
NK225E    ,OOP,202906,21500.0,            ,184061518,0000000.0000,0000000.0,220.82,0.353784,194061518,0000000.0000,0000000.0,42810.43,0.525023,65481.27,0.2463,2029-06-01
NK225E    ,OOP,202906,21750.0,            ,184061718,0000000.0000,0000000.0,233.78,0.35369,194061718,0000000.0000,0000000.0,42583.83,0.521097,65481.27,0.2463,2029-06-01
NK225E    ,OOP,202906,22000.0,            ,184062018,0000000.0000,0000000.0,247.26,0.35347,194062018,0000000.0000,0000000.0,42357.75,0.517742,65481.27,0.2463,2029-06-01
NK225E    ,OOP,202906,22250.0,            ,184062218,0000000.0000,0000000.0,261.28,0.35364,194062218,0000000.0000,0000000.0,42132.21,0.514416,65481.27,0.2463,2029-06-01
NK225E    ,OOP,202906,22500.0,            ,184062518,0000000.0000,0000000.0,275.85,0.353428,194062518,0000000.0000,0000000.0,41907.22,0.510603,65481.27,0.2463,2029-06-01
NK225E    ,OOP,202906,22750.0,            ,184062718,0000000.0000,0000000.0,290.96,0.35357,194062718,0000000.0000,0000000.0,41682.77,0.507339,65481.27,0.2463,2029-06-01
NK225E    ,OOP,202906,23000.0,            ,184063018,0000000.0000,0000000.0,306.64,0.353357,194063018,0000000.0000,0000000.0,41458.9,0.504102,65481.27,0.2463,2029-06-01
NK225E    ,OOP,202906,23250.0,            ,184063218,0000000.0000,0000000.0,322.9,0.353895,194063218,0000000.0000,0000000.0,41235.59,0.501385,65481.27,0.2463,2029-06-01
NK225E    ,OOP,202906,23500.0,            ,184063518,0000000.0000,0000000.0,339.74,0.35366,194063518,0000000.0000,0000000.0,41012.87,0.498193,65481.27,0.2463,2029-06-01
NK225E    ,OOP,202906,23750.0,            ,134063718,0000000.0000,0000000.0,357.17,0.353327,144063718,0000000.0000,0000000.0,40790.74,0.495025,65481.27,0.2463,2029-06-01
NK225E    ,OOP,202906,24000.0,            ,134064018,0000000.0000,0000000.0,375.2,0.353859,144064018,0000000.0000,0000000.0,40569.21,0.492358,65481.27,0.2463,2029-06-01
NK225E    ,OOP,202906,24250.0,            ,134064218,0000000.0000,0000000.0,393.84,0.353325,144064218,0000000.0000,0000000.0,40348.29,0.489233,65481.27,0.2463,2029-06-01
NK225E    ,OOP,202906,24500.0,            ,134064518,0000000.0000,0000000.0,413.11,0.353607,144064518,0000000.0000,0000000.0,40128.0,0.486595,65481.27,0.2463,2029-06-01
NK225E    ,OOP,202906,24750.0,            ,134064718,0000000.0000,0000000.0,433.0,0.353763,144064718,0000000.0000,0000000.0,39908.33,0.483969,65481.27,0.2463,2029-06-01
NK225E    ,OOP,202906,25000.0,            ,134065018,0000000.0000,0000000.0,453.53,0.353806,144065018,0000000.0000,0000000.0,39689.3,0.481353,65481.27,0.2463,2029-06-01
NK225E    ,OOP,202906,25250.0,            ,134065218,0000000.0000,0000000.0,474.71,0.353745,144065218,0000000.0000,0000000.0,39470.92,0.478748,65481.27,0.2463,2029-06-01
NK225E    ,OOP,202906,25500.0,            ,134065518,0000000.0000,0000000.0,496.54,0.353588,144065518,0000000.0000,0000000.0,39253.19,0.476155,65481.27,0.2463,2029-06-01
NK225E    ,OOP,202906,25750.0,            ,134065718,0000000.0000,0000000.0,519.04,0.353342,144065718,0000000.0000,0000000.0,39036.13,0.474005,65481.27,0.2463,2029-06-01
NK225E    ,OOP,202906,26000.0,            ,134066018,0000000.0000,0000000.0,542.2,0.353016,144066018,0000000.0000,0000000.0,38819.73,0.471427,65481.27,0.2463,2029-06-01
NK225E    ,OOP,202906,26250.0,            ,134066218,0000000.0000,0000000.0,566.05,0.353321,144066218,0000000.0000,0000000.0,38604.02,0.469282,65481.27,0.2463,2029-06-01
NK225E    ,OOP,202906,26500.0,            ,134066518,0000000.0000,0000000.0,590.58,0.353516,144066518,0000000.0000,0000000.0,38388.99,0.46672,65481.27,0.2463,2029-06-01
NK225E    ,OOP,202906,26750.0,            ,134066718,0000000.0000,0000000.0,615.81,0.352943,144066718,0000000.0000,0000000.0,38174.66,0.46458,65481.27,0.2463,2029-06-01
NK225E    ,OOP,202906,27000.0,            ,134067018,0000000.0000,0000000.0,641.74,0.35296,144067018,0000000.0000,0000000.0,37961.03,0.462439,65481.27,0.2463,2029-06-01
NK225E    ,OOP,202906,27250.0,            ,134067218,0000000.0000,0000000.0,655.7,0.351627,144067218,0000000.0000,0000000.0,37735.43,0.459498,65481.27,0.2463,2029-06-01
NK225E    ,OOP,202906,27500.0,            ,134067518,0000000.0000,0000000.0,669.79,0.350272,144067518,0000000.0000,0000000.0,37509.96,0.456575,65481.27,0.2463,2029-06-01
NK225E    ,OOP,202906,27750.0,            ,134067718,0000000.0000,0000000.0,683.98,0.348285,144067718,0000000.0000,0000000.0,37284.59,0.453672,65481.27,0.2463,2029-06-01
NK225E    ,OOP,202906,28000.0,            ,134068018,0000000.0000,0000000.0,698.3,0.346899,144068018,0000000.0000,0000000.0,37059.36,0.450399,65481.27,0.2463,2029-06-01
NK225E    ,OOP,202906,28250.0,            ,134068218,0000000.0000,0000000.0,713.3,0.345495,144068218,0000000.0000,0000000.0,36834.79,0.447537,65481.27,0.2463,2029-06-01
NK225E    ,OOP,202906,28500.0,            ,134068518,0000000.0000,0000000.0,728.43,0.344072,144068518,0000000.0000,0000000.0,36610.36,0.444693,65481.27,0.2463,2029-06-01
NK225E    ,OOP,202906,28750.0,            ,134068718,0000000.0000,0000000.0,743.7,0.342065,144068718,0000000.0000,0000000.0,36386.07,0.441867,65481.27,0.2463,2029-06-01
NK225E    ,OOP,202906,29000.0,            ,134069018,0000000.0000,0000000.0,759.11,0.340619,144069018,0000000.0000,0000000.0,36161.92,0.439057,65481.27,0.2463,2029-06-01
NK225E    ,OOP,202906,29250.0,            ,134069218,0000000.0000,0000000.0,775.23,0.339158,144069218,0000000.0000,0000000.0,35938.48,0.436264,65481.27,0.2463,2029-06-01
NK225E    ,OOP,202906,29500.0,            ,134069518,0000000.0000,0000000.0,791.51,0.337682,144069518,0000000.0000,0000000.0,35715.2,0.433488,65481.27,0.2463,2029-06-01
NK225E    ,OOP,202906,29750.0,            ,134069718,0000000.0000,0000000.0,807.94,0.336192,144069718,0000000.0000,0000000.0,35492.07,0.430728,65481.27,0.2463,2029-06-01
NK225E    ,OOP,202906,30000.0,            ,134060018,0000000.0000,0000000.0,824.52,0.335209,144060018,0000000.0000,0000000.0,35269.09,0.428341,65481.27,0.2463,2029-06-01
NK225E    ,OOP,202906,30250.0,            ,134060218,0000000.0000,0000000.0,841.87,0.333685,144060218,0000000.0000,0000000.0,35046.88,0.425609,65481.27,0.2463,2029-06-01
NK225E    ,OOP,202906,30500.0,            ,134060518,0000000.0000,0000000.0,859.39,0.33215,144060518,0000000.0000,0000000.0,34824.84,0.422892,65481.27,0.2463,2029-06-01
NK225E    ,OOP,202906,30750.0,            ,134060718,0000000.0000,0000000.0,877.08,0.330605,144060718,0000000.0000,0000000.0,34602.97,0.420536,65481.27,0.2463,2029-06-01
NK225E    ,OOP,202906,31000.0,            ,134061018,0000000.0000,0000000.0,894.95,0.329534,144061018,0000000.0000,0000000.0,34381.28,0.417845,65481.27,0.2463,2029-06-01
NK225E    ,OOP,202906,31250.0,            ,134061218,0000000.0000,0000000.0,913.62,0.327961,144061218,0000000.0000,0000000.0,34160.39,0.415508,65481.27,0.2463,2029-06-01
NK225E    ,OOP,202906,31500.0,            ,134061518,0000000.0000,0000000.0,932.48,0.326848,144061518,0000000.0000,0000000.0,33939.69,0.412842,65481.27,0.2463,2029-06-01
NK225E    ,OOP,202906,31750.0,            ,134061718,0000000.0000,0000000.0,951.53,0.325251,144061718,0000000.0000,0000000.0,33719.18,0.410523,65481.27,0.2463,2029-06-01
NK225E    ,OOP,202906,32000.0,            ,134062018,0000000.0000,0000000.0,970.79,0.324099,144062018,0000000.0000,0000000.0,33498.88,0.408211,65481.27,0.2463,2029-06-01
NK225E    ,OOP,202906,32250.0,            ,134062218,0000000.0000,0000000.0,990.88,0.322926,144062218,0000000.0000,0000000.0,33279.41,0.405905,65481.27,0.2463,2029-06-01
NK225E    ,OOP,202906,32500.0,            ,134062518,0000000.0000,0000000.0,1011.21,0.321731,144062518,0000000.0000,0000000.0,33060.18,0.403607,65481.27,0.2463,2029-06-01
NK225E    ,OOP,202906,32750.0,            ,134062718,0000000.0000,0000000.0,1031.74,0.320087,144062718,0000000.0000,0000000.0,32841.15,0.401315,65481.27,0.2463,2029-06-01
NK225E    ,OOP,202906,33000.0,            ,134063018,0000000.0000,0000000.0,1052.5,0.318861,144063018,0000000.0000,0000000.0,32622.35,0.398714,65481.27,0.2463,2029-06-01
NK225E    ,OOP,202906,33250.0,            ,134063218,0000000.0000,0000000.0,1074.14,0.317617,144063218,0000000.0000,0000000.0,32404.43,0.396751,65481.27,0.2463,2029-06-01
NK225E    ,OOP,202906,33500.0,            ,134063518,0000000.0000,0000000.0,1096.03,0.316766,144063518,0000000.0000,0000000.0,32186.75,0.394479,65481.27,0.2463,2029-06-01
NK225E    ,OOP,202906,33750.0,            ,184063718,0000000.0000,0000000.0,1118.15,0.315481,194063718,0000000.0000,0000000.0,31969.32,0.392213,65481.27,0.2463,2029-06-01
NK225E    ,OOP,202906,34000.0,            ,184064018,0000000.0000,0000000.0,1140.51,0.314181,194064018,0000000.0000,0000000.0,31752.12,0.389953,65481.27,0.2463,2029-06-01
NK225E    ,OOP,202906,34250.0,            ,184064218,0000000.0000,0000000.0,1163.8,0.312866,194064218,0000000.0000,0000000.0,31535.85,0.387999,65481.27,0.2463,2029-06-01
NK225E    ,OOP,202906,34500.0,            ,184064518,0000000.0000,0000000.0,1187.38,0.311922,194064518,0000000.0000,0000000.0,31319.87,0.385748,65481.27,0.2463,2029-06-01
NK225E    ,OOP,202906,34750.0,            ,184064718,0000000.0000,0000000.0,1211.21,0.310573,194064718,0000000.0000,0000000.0,31104.14,0.383797,65481.27,0.2463,2029-06-01
NK225E    ,OOP,202906,35000.0,            ,134185018,0000000.0000,0000000.0,1235.31,0.309584,144185018,0000000.0000,0000000.0,30888.68,0.381847,65481.27,0.2463,2029-06-01
NK225E    ,OOP,202906,35250.0,            ,184065218,0000000.0000,0000000.0,1260.39,0.308205,194065218,0000000.0000,0000000.0,30674.2,0.379608,65481.27,0.2463,2029-06-01
NK225E    ,OOP,202906,35500.0,            ,184065518,0000000.0000,0000000.0,1285.77,0.307175,194065518,0000000.0000,0000000.0,30460.02,0.37766,65481.27,0.2463,2029-06-01
NK225E    ,OOP,202906,35750.0,            ,184065718,0000000.0000,0000000.0,1311.44,0.306124,194065718,0000000.0000,0000000.0,30246.13,0.375713,65481.27,0.2463,2029-06-01
NK225E    ,OOP,202906,36000.0,            ,134186018,0000000.0000,0000000.0,1337.41,0.305051,144186018,0000000.0000,0000000.0,30032.54,0.373765,65481.27,0.2463,2029-06-01
NK225E    ,OOP,202906,36250.0,            ,184066218,0000000.0000,0000000.0,1364.39,0.303959,194066218,0000000.0000,0000000.0,29819.96,0.371818,65481.27,0.2463,2029-06-01
NK225E    ,OOP,202906,36500.0,            ,184066518,0000000.0000,0000000.0,1391.7,0.302846,194066518,0000000.0000,0000000.0,29607.71,0.369871,65481.27,0.2463,2029-06-01
NK225E    ,OOP,202906,36750.0,            ,184066718,0000000.0000,0000000.0,1419.32,0.301715,194066718,0000000.0000,0000000.0,29395.77,0.368195,65481.27,0.2463,2029-06-01
NK225E    ,OOP,202906,37000.0,            ,134187018,0000000.0000,0000000.0,1447.27,0.300897,144187018,0000000.0000,0000000.0,29184.16,0.366246,65481.27,0.2463,2029-06-01
NK225E    ,OOP,202906,37250.0,            ,184067218,0000000.0000,0000000.0,1476.3,0.299726,194067218,0000000.0000,0000000.0,28973.63,0.364562,65481.27,0.2463,2029-06-01
NK225E    ,OOP,202906,37500.0,            ,184067518,0000000.0000,0000000.0,1505.67,0.298859,194067518,0000000.0000,0000000.0,28763.44,0.362611,65481.27,0.2463,2029-06-01
NK225E    ,OOP,202906,37750.0,            ,184067718,0000000.0000,0000000.0,1535.39,0.297652,194067718,0000000.0000,0000000.0,28553.6,0.360921,65481.27,0.2463,2029-06-01
NK225E    ,OOP,202906,38000.0,            ,134188018,0000000.0000,0000000.0,1565.45,0.29674,144188018,0000000.0000,0000000.0,28344.1,0.359226,65481.27,0.2463,2029-06-01
NK225E    ,OOP,202906,38250.0,            ,184068218,0000000.0000,0000000.0,1596.63,0.295806,194068218,0000000.0000,0000000.0,28135.72,0.357527,65481.27,0.2463,2029-06-01
NK225E    ,OOP,202906,38500.0,            ,184068518,0000000.0000,0000000.0,1628.21,0.294848,194068518,0000000.0000,0000000.0,27927.74,0.355823,65481.27,0.2463,2029-06-01
NK225E    ,OOP,202906,38750.0,            ,184068718,0000000.0000,0000000.0,1660.14,0.29387,194068718,0000000.0000,0000000.0,27720.11,0.354115,65481.27,0.2463,2029-06-01
NK225E    ,OOP,202906,39000.0,            ,134189018,0000000.0000,0000000.0,1692.46,0.29287,144189018,0000000.0000,0000000.0,27512.87,0.352403,65481.27,0.2463,2029-06-01
NK225E    ,OOP,202906,39250.0,            ,184069218,0000000.0000,0000000.0,1725.95,0.29185,194069218,0000000.0000,0000000.0,27306.8,0.350687,65481.27,0.2463,2029-06-01
NK225E    ,OOP,202906,39500.0,            ,184069518,0000000.0000,0000000.0,1759.83,0.290811,194069518,0000000.0000,0000000.0,27101.12,0.34921,65481.27,0.2463,2029-06-01
NK225E    ,OOP,202906,39750.0,            ,184069718,0000000.0000,0000000.0,1794.12,0.290035,194069718,0000000.0000,0000000.0,26895.85,0.347484,65481.27,0.2463,2029-06-01
NK225E    ,OOP,202906,40000.0,            ,134180018,0000000.0000,0000000.0,1828.84,0.288955,144180018,0000000.0000,0000000.0,26691.01,0.345992,65481.27,0.2463,2029-06-01
NK225E    ,OOP,202906,40250.0,            ,184060218,0000000.0000,0000000.0,1864.75,0.288132,194060218,0000000.0000,0000000.0,26487.36,0.344493,65481.27,0.2463,2029-06-01
NK225E    ,OOP,202906,40500.0,            ,184060518,0000000.0000,0000000.0,1901.12,0.287285,194060518,0000000.0000,0000000.0,26284.16,0.342985,65481.27,0.2463,2029-06-01
NK225E    ,OOP,202906,40750.0,            ,134180718,0000000.0000,0000000.0,1937.9,0.286414,144180718,0000000.0000,0000000.0,26081.39,0.34147,65481.27,0.2463,2029-06-01
NK225E    ,OOP,202906,41000.0,            ,134181018,0000000.0000,0000000.0,1975.14,0.285521,144181018,0000000.0000,0000000.0,25879.07,0.339948,65481.27,0.2463,2029-06-01
NK225E    ,OOP,202906,41250.0,            ,134181218,0000000.0000,0000000.0,2013.63,0.284607,144181218,0000000.0000,0000000.0,25677.99,0.338418,65481.27,0.2463,2029-06-01
NK225E    ,OOP,202906,41500.0,            ,134181518,0000000.0000,0000000.0,2052.58,0.283928,144181518,0000000.0000,0000000.0,25477.39,0.337105,65481.27,0.2463,2029-06-01
NK225E    ,OOP,202906,41750.0,            ,134181718,0000000.0000,0000000.0,2092.0,0.282968,144181718,0000000.0000,0000000.0,25277.25,0.335559,65481.27,0.2463,2029-06-01
NK225E    ,OOP,202906,42000.0,            ,134182018,0000000.0000,0000000.0,2131.89,0.28224,144182018,0000000.0000,0000000.0,25077.58,0.334227,65481.27,0.2463,2029-06-01
NK225E    ,OOP,202906,42250.0,            ,134182218,0000000.0000,0000000.0,2173.06,0.281238,144182218,0000000.0000,0000000.0,24879.19,0.332884,65481.27,0.2463,2029-06-01
NK225E    ,OOP,202906,42500.0,            ,184182518,0000000.0000,0000000.0,2214.75,0.280463,194182518,0000000.0000,0000000.0,24681.31,0.33153,65481.27,0.2463,2029-06-01
NK225E    ,OOP,202906,42750.0,            ,134182718,0000000.0000,0000000.0,2256.93,0.279663,144182718,0000000.0000,0000000.0,24483.94,0.330166,65481.27,0.2463,2029-06-01
NK225E    ,OOP,202906,43000.0,            ,134183018,0000000.0000,0000000.0,2299.62,0.278841,144183018,0000000.0000,0000000.0,24287.07,0.328792,65481.27,0.2463,2029-06-01
NK225E    ,OOP,202906,43250.0,            ,134183218,0000000.0000,0000000.0,2343.64,0.27823,144183218,0000000.0000,0000000.0,24091.53,0.327409,65481.27,0.2463,2029-06-01
NK225E    ,OOP,202906,43500.0,            ,134183518,0000000.0000,0000000.0,2388.19,0.277361,144183518,0000000.0000,0000000.0,23896.51,0.326224,65481.27,0.2463,2029-06-01
NK225E    ,OOP,202906,43750.0,            ,134183718,0000000.0000,0000000.0,2433.26,0.276699,144183718,0000000.0000,0000000.0,23702.03,0.324819,65481.27,0.2463,2029-06-01
NK225E    ,OOP,202906,44000.0,            ,134184018,0000000.0000,0000000.0,2478.87,0.275785,144184018,0000000.0000,0000000.0,23508.08,0.32361,65481.27,0.2463,2029-06-01
NK225E    ,OOP,202906,44250.0,            ,134184218,0000000.0000,0000000.0,2525.84,0.275075,144184218,0000000.0000,0000000.0,23315.49,0.322389,65481.27,0.2463,2029-06-01
NK225E    ,OOP,202906,44500.0,            ,134184518,0000000.0000,0000000.0,2573.39,0.274341,144184518,0000000.0000,0000000.0,23123.48,0.321155,65481.27,0.2463,2029-06-01
NK225E    ,OOP,202906,44750.0,            ,134184718,0000000.0000,0000000.0,2621.5,0.273583,144184718,0000000.0000,0000000.0,22932.03,0.319909,65481.27,0.2463,2029-06-01
NK225E    ,OOP,202906,45000.0,            ,184185018,0000000.0000,0000000.0,2670.17,0.272802,194185018,0000000.0000,0000000.0,22741.14,0.318849,65481.27,0.2463,2029-06-01
NK225E    ,OOP,202906,45250.0,            ,134185218,0000000.0000,0000000.0,2720.23,0.272212,144185218,0000000.0000,0000000.0,22551.63,0.317577,65481.27,0.2463,2029-06-01
NK225E    ,OOP,202906,45500.0,            ,134185518,0000000.0000,0000000.0,2770.89,0.271385,144185518,0000000.0000,0000000.0,22362.74,0.316489,65481.27,0.2463,2029-06-01
NK225E    ,OOP,202906,45750.0,            ,134185718,0000000.0000,0000000.0,2822.15,0.270745,144185718,0000000.0000,0000000.0,22174.44,0.315386,65481.27,0.2463,2029-06-01
NK225E    ,OOP,202906,46000.0,            ,184186018,0000000.0000,0000000.0,2874.01,0.27008,194186018,0000000.0000,0000000.0,21986.73,0.314269,65481.27,0.2463,2029-06-01
NK225E    ,OOP,202906,46250.0,            ,134186218,0000000.0000,0000000.0,2927.28,0.26939,144186218,0000000.0000,0000000.0,21800.45,0.313138,65481.27,0.2463,2029-06-01
NK225E    ,OOP,202906,46500.0,            ,134186518,0000000.0000,0000000.0,2981.17,0.268677,144186518,0000000.0000,0000000.0,21614.78,0.311993,65481.27,0.2463,2029-06-01
NK225E    ,OOP,202906,46750.0,            ,134186718,0000000.0000,0000000.0,3035.69,0.26814,144186718,0000000.0000,0000000.0,21429.74,0.311021,65481.27,0.2463,2029-06-01
NK225E    ,OOP,202906,47000.0,            ,184187018,0000000.0000,0000000.0,3090.86,0.267379,194187018,0000000.0000,0000000.0,21245.34,0.309848,65481.27,0.2463,2029-06-01
NK225E    ,OOP,202906,47250.0,            ,134187218,0000000.0000,0000000.0,3147.46,0.266791,144187218,0000000.0000,0000000.0,21062.38,0.308845,65481.27,0.2463,2029-06-01
NK225E    ,OOP,202906,47500.0,            ,134187518,0000000.0000,0000000.0,3204.71,0.266178,144187518,0000000.0000,0000000.0,20880.07,0.307827,65481.27,0.2463,2029-06-01
NK225E    ,OOP,202906,47750.0,            ,134187718,0000000.0000,0000000.0,3262.61,0.26554,144187718,0000000.0000,0000000.0,20698.41,0.306793,65481.27,0.2463,2029-06-01
NK225E    ,OOP,202906,48000.0,            ,184188018,0000000.0000,0000000.0,3321.19,0.264878,194188018,0000000.0000,0000000.0,20517.43,0.305744,65481.27,0.2463,2029-06-01
NK225E    ,OOP,202906,48250.0,            ,134188218,0000000.0000,0000000.0,3381.23,0.264192,144188218,0000000.0000,0000000.0,20337.92,0.304858,65481.27,0.2463,2029-06-01
NK225E    ,OOP,202906,48500.0,            ,134188518,0000000.0000,0000000.0,3441.96,0.263669,144188518,0000000.0000,0000000.0,20159.09,0.303779,65481.27,0.2463,2029-06-01
NK225E    ,OOP,202906,48750.0,            ,134188718,0000000.0000,0000000.0,3503.36,0.262937,144188718,0000000.0000,0000000.0,19980.93,0.302859,65481.27,0.2463,2029-06-01
NK225E    ,OOP,202906,49000.0,            ,184189018,0000000.0000,0000000.0,3565.45,0.262364,194189018,0000000.0000,0000000.0,19803.46,0.301923,65481.27,0.2463,2029-06-01
NK225E    ,OOP,202906,49250.0,            ,134189218,0000000.0000,0000000.0,3629.03,0.261766,144189218,0000000.0000,0000000.0,19627.48,0.300971,65481.27,0.2463,2029-06-01
NK225E    ,OOP,202906,49500.0,            ,134189518,0000000.0000,0000000.0,3693.32,0.261323,144189518,0000000.0000,0000000.0,19452.21,0.300002,65481.27,0.2463,2029-06-01
NK225E    ,OOP,202906,49750.0,            ,134189718,0000000.0000,0000000.0,3758.32,0.260676,144189718,0000000.0000,0000000.0,19277.64,0.299187,65481.27,0.2463,2029-06-01
NK225E    ,OOP,202906,50000.0,            ,184180018,0000000.0000,0000000.0,3824.05,0.260006,194180018,0000000.0000,0000000.0,19103.81,0.298353,65481.27,0.2463,2029-06-01
NK225E    ,OOP,202906,50250.0,            ,134180218,0000000.0000,0000000.0,3891.24,0.259487,144180218,0000000.0000,0000000.0,18931.45,0.297335,65481.27,0.2463,2029-06-01
NK225E    ,OOP,202906,50500.0,            ,134180518,0000000.0000,0000000.0,3959.2,0.258942,144180518,0000000.0000,0000000.0,18759.85,0.296468,65481.27,0.2463,2029-06-01
NK225E    ,OOP,202906,50750.0,            ,184180718,0000000.0000,0000000.0,4027.88,0.258373,194180718,0000000.0000,0000000.0,18588.97,0.295747,65481.27,0.2463,2029-06-01
NK225E    ,OOP,202906,51000.0,            ,184181018,0000000.0000,0000000.0,4097.3,0.25778,194181018,0000000.0000,0000000.0,18418.83,0.294844,65481.27,0.2463,2029-06-01
NK225E    ,OOP,202906,51250.0,            ,184181218,0000000.0000,0000000.0,4168.24,0.25733,194181218,0000000.0000,0000000.0,18250.21,0.294087,65481.27,0.2463,2029-06-01
NK225E    ,OOP,202906,51500.0,            ,184181518,0000000.0000,0000000.0,4239.96,0.256855,194181518,0000000.0000,0000000.0,18082.36,0.29315,65481.27,0.2463,2029-06-01
NK225E    ,OOP,202906,51750.0,            ,184181718,0000000.0000,0000000.0,4312.4,0.25619,194181718,0000000.0000,0000000.0,17915.25,0.292356,65481.27,0.2463,2029-06-01
NK225E    ,OOP,202906,52000.0,            ,184182018,0000000.0000,0000000.0,4385.63,0.255666,194182018,0000000.0000,0000000.0,17748.91,0.291545,65481.27,0.2463,2029-06-01
NK225E    ,OOP,202906,52250.0,            ,184182218,0000000.0000,0000000.0,4460.36,0.255279,194182218,0000000.0000,0000000.0,17584.09,0.290873,65481.27,0.2463,2029-06-01
NK225E    ,OOP,202906,52500.0,            ,134302518,0000000.0000,0000000.0,4535.9,0.254706,144302518,0000000.0000,0000000.0,17420.06,0.290025,65481.27,0.2463,2029-06-01
NK225E    ,OOP,202906,52750.0,            ,184182718,0000000.0000,0000000.0,4612.18,0.254268,194182718,0000000.0000,0000000.0,17256.78,0.289315,65481.27,0.2463,2029-06-01
NK225E    ,OOP,202906,53000.0,            ,184183018,0000000.0000,0000000.0,4689.27,0.253647,194183018,0000000.0000,0000000.0,17094.31,0.288586,65481.27,0.2463,2029-06-01
NK225E    ,OOP,202906,53250.0,            ,184183218,0000000.0000,0000000.0,4767.84,0.253161,194183218,0000000.0000,0000000.0,16933.32,0.287839,65481.27,0.2463,2029-06-01
NK225E    ,OOP,202906,53500.0,            ,184183518,0000000.0000,0000000.0,4847.27,0.252806,194183518,0000000.0000,0000000.0,16773.19,0.287073,65481.27,0.2463,2029-06-01
NK225E    ,OOP,202906,53750.0,            ,184183718,0000000.0000,0000000.0,4927.46,0.252269,194183718,0000000.0000,0000000.0,16613.82,0.28629,65481.27,0.2463,2029-06-01
NK225E    ,OOP,202906,54000.0,            ,184184018,0000000.0000,0000000.0,5008.48,0.25171,194184018,0000000.0000,0000000.0,16455.28,0.285638,65481.27,0.2463,2029-06-01
NK225E    ,OOP,202906,54250.0,            ,184184218,0000000.0000,0000000.0,5090.99,0.25128,194184218,0000000.0000,0000000.0,16298.23,0.284968,65481.27,0.2463,2029-06-01
NK225E    ,OOP,202906,54500.0,            ,184184518,0000000.0000,0000000.0,5174.34,0.250825,194184518,0000000.0000,0000000.0,16142.02,0.284278,65481.27,0.2463,2029-06-01
NK225E    ,OOP,202906,54750.0,            ,184184718,0000000.0000,0000000.0,5258.5,0.250345,194184718,0000000.0000,0000000.0,15986.63,0.283569,65481.27,0.2463,2029-06-01
NK225E    ,OOP,202906,55000.0,            ,134305018,0000000.0000,0000000.0,5343.48,0.249842,144305018,0000000.0000,0000000.0,15832.04,0.282842,65481.27,0.2463,2029-06-01
NK225E    ,OOP,202906,55250.0,            ,184185218,0000000.0000,0000000.0,5429.98,0.249463,194185218,0000000.0000,0000000.0,15678.98,0.282242,65481.27,0.2463,2029-06-01
NK225E    ,OOP,202906,55500.0,            ,184185518,0000000.0000,0000000.0,5517.3,0.249059,194185518,0000000.0000,0000000.0,15526.75,0.281622,65481.27,0.2463,2029-06-01
NK225E    ,OOP,202906,55750.0,            ,184185718,0000000.0000,0000000.0,5605.45,0.248631,194185718,0000000.0000,0000000.0,15375.34,0.280983,65481.27,0.2463,2029-06-01
NK225E    ,OOP,202906,56000.0,            ,134306018,0000000.0000,0000000.0,5694.46,0.248178,144306018,0000000.0000,0000000.0,15224.79,0.280325,65481.27,0.2463,2029-06-01
NK225E    ,OOP,202906,56250.0,            ,184186218,0000000.0000,0000000.0,5784.97,0.247702,194186218,0000000.0000,0000000.0,15075.73,0.279648,65481.27,0.2463,2029-06-01
NK225E    ,OOP,202906,56500.0,            ,184186518,0000000.0000,0000000.0,5876.3,0.247202,194186518,0000000.0000,0000000.0,14927.51,0.279094,65481.27,0.2463,2029-06-01
NK225E    ,OOP,202906,56750.0,            ,184186718,0000000.0000,0000000.0,5968.51,0.246822,194186718,0000000.0000,0000000.0,14780.16,0.278521,65481.27,0.2463,2029-06-01
NK225E    ,OOP,202906,57000.0,            ,134307018,0000000.0000,0000000.0,6061.53,0.246417,144307018,0000000.0000,0000000.0,14633.61,0.277927,65481.27,0.2463,2029-06-01
NK225E    ,OOP,202906,57250.0,            ,184187218,0000000.0000,0000000.0,6156.09,0.245989,194187218,0000000.0000,0000000.0,14488.62,0.277314,65481.27,0.2463,2029-06-01
NK225E    ,OOP,202906,57500.0,            ,184187518,0000000.0000,0000000.0,6251.47,0.245537,194187518,0000000.0000,0000000.0,14344.44,0.276682,65481.27,0.2463,2029-06-01
NK225E    ,OOP,202906,57750.0,            ,184187718,0000000.0000,0000000.0,6347.73,0.2452,194187718,0000000.0000,0000000.0,14201.14,0.27617,65481.27,0.2463,2029-06-01
NK225E    ,OOP,202906,58000.0,            ,134308018,0000000.0000,0000000.0,6444.84,0.24484,144308018,0000000.0000,0000000.0,14058.69,0.275499,65481.27,0.2463,2029-06-01
NK225E    ,OOP,202906,58250.0,            ,184188218,0000000.0000,0000000.0,6543.42,0.244317,194188218,0000000.0000,0000000.0,13917.71,0.274947,65481.27,0.2463,2029-06-01
NK225E    ,OOP,202906,58500.0,            ,184188518,0000000.0000,0000000.0,6642.89,0.244047,194188518,0000000.0000,0000000.0,13777.62,0.274512,65481.27,0.2463,2029-06-01
NK225E    ,OOP,202906,58750.0,            ,184188718,0000000.0000,0000000.0,6743.18,0.243615,194188718,0000000.0000,0000000.0,13638.35,0.273921,65481.27,0.2463,2029-06-01
NK225E    ,OOP,202906,59000.0,            ,134309018,0000000.0000,0000000.0,6844.36,0.24316,144309018,0000000.0000,0000000.0,13499.97,0.273446,65481.27,0.2463,2029-06-01
NK225E    ,OOP,202906,59250.0,            ,184189218,0000000.0000,0000000.0,6947.0,0.242817,194189218,0000000.0000,0000000.0,13363.04,0.272816,65481.27,0.2463,2029-06-01
NK225E    ,OOP,202906,59500.0,            ,184189518,0000000.0000,0000000.0,7050.53,0.242451,194189518,0000000.0000,0000000.0,13227.01,0.272301,65481.27,0.2463,2029-06-01
NK225E    ,OOP,202906,59750.0,            ,184189718,0000000.0000,0000000.0,7154.89,0.242061,194189718,0000000.0000,0000000.0,13091.81,0.2719,65481.27,0.2463,2029-06-01
NK225E    ,OOP,202906,60000.0,            ,134300018,0000000.0000,0000000.0,7260.14,0.241648,144300018,0000000.0000,0000000.0,12957.51,0.271346,65481.27,0.2463,2029-06-01
NK225E    ,OOP,202906,60250.0,            ,184180218,0000000.0000,0000000.0,7366.79,0.241345,194180218,0000000.0000,0000000.0,12824.59,0.270773,65481.27,0.2463,2029-06-01
NK225E    ,OOP,202906,60500.0,            ,184180518,0000000.0000,0000000.0,7474.42,0.240886,194180518,0000000.0000,0000000.0,12692.66,0.270312,65481.27,0.2463,2029-06-01
NK225E    ,OOP,202906,60750.0,            ,134300718,0000000.0000,0000000.0,7582.83,0.240536,144300718,0000000.0000,0000000.0,12561.51,0.269832,65481.27,0.2463,2029-06-01
NK225E    ,OOP,202906,61000.0,            ,134301018,0000000.0000,0000000.0,7692.15,0.240163,144301018,0000000.0000,0000000.0,12431.27,0.269332,65481.27,0.2463,2029-06-01
NK225E    ,OOP,202906,61250.0,            ,134301218,0000000.0000,0000000.0,7802.87,0.239898,144301218,0000000.0000,0000000.0,12302.43,0.268943,65481.27,0.2463,2029-06-01
NK225E    ,OOP,202906,61500.0,            ,134301518,0000000.0000,0000000.0,7914.49,0.239479,144301518,0000000.0000,0000000.0,12174.49,0.268404,65481.27,0.2463,2029-06-01
NK225E    ,OOP,202906,61750.0,            ,134301718,0000000.0000,0000000.0,8026.94,0.239167,144301718,0000000.0000,0000000.0,12047.39,0.267975,65481.27,0.2463,2029-06-01
NK225E    ,OOP,202906,62000.0,            ,134302018,0000000.0000,0000000.0,8140.3,0.238832,144302018,0000000.0000,0000000.0,11921.18,0.267527,65481.27,0.2463,2029-06-01
NK225E    ,OOP,202906,62250.0,            ,134302218,0000000.0000,0000000.0,8255.02,0.238474,144302218,0000000.0000,0000000.0,11796.35,0.267059,65481.27,0.2463,2029-06-01
NK225E    ,OOP,202906,62500.0,            ,134182518,0000000.0000,0000000.0,8370.66,0.238094,144182518,0000000.0000,0000000.0,11672.42,0.2667,65481.27,0.2463,2029-06-01
NK225E    ,OOP,202906,62750.0,            ,134302718,0000000.0000,0000000.0,8487.15,0.237819,144302718,0000000.0000,0000000.0,11549.36,0.266194,65481.27,0.2463,2029-06-01
NK225E    ,OOP,202906,63000.0,            ,134303018,0000000.0000,0000000.0,8604.51,0.237394,144303018,0000000.0000,0000000.0,11427.16,0.265795,65481.27,0.2463,2029-06-01
NK225E    ,OOP,202906,63250.0,            ,134303218,0000000.0000,0000000.0,8723.25,0.237073,144303218,0000000.0000,0000000.0,11306.34,0.265378,65481.27,0.2463,2029-06-01
NK225E    ,OOP,202906,63500.0,            ,134303518,0000000.0000,0000000.0,8842.85,0.236731,144303518,0000000.0000,0000000.0,11186.38,0.26494,65481.27,0.2463,2029-06-01
NK225E    ,OOP,202906,63750.0,            ,134303718,0000000.0000,0000000.0,8963.32,0.236491,144303718,0000000.0000,0000000.0,11067.28,0.26461,65481.27,0.2463,2029-06-01
NK225E    ,OOP,202906,64000.0,            ,134304018,0000000.0000,0000000.0,9084.68,0.236104,144304018,0000000.0000,0000000.0,10949.09,0.264134,65481.27,0.2463,2029-06-01
NK225E    ,OOP,202906,64250.0,            ,134304218,0000000.0000,0000000.0,9207.35,0.23582,144304218,0000000.0000,0000000.0,10832.19,0.263765,65481.27,0.2463,2029-06-01
NK225E    ,OOP,202906,64500.0,            ,134304518,0000000.0000,0000000.0,9330.91,0.235513,144304518,0000000.0000,0000000.0,10716.19,0.263376,65481.27,0.2463,2029-06-01
NK225E    ,OOP,202906,64750.0,            ,134304718,0000000.0000,0000000.0,9455.29,0.235185,144304718,0000000.0000,0000000.0,10601.02,0.262968,65481.27,0.2463,2029-06-01
NK225E    ,OOP,202906,65000.0,            ,184305018,0000000.0000,0000000.0,9580.57,0.234835,194305018,0000000.0000,0000000.0,10486.73,0.262541,65481.27,0.2463,2029-06-01
NK225E    ,OOP,202906,65250.0,            ,134305218,0000000.0000,0000000.0,9707.14,0.234463,144305218,0000000.0000,0000000.0,10373.75,0.262219,65481.27,0.2463,2029-06-01
NK225E    ,OOP,202906,65500.0,            ,134305518,0000000.0000,0000000.0,9834.61,0.234192,144305518,0000000.0000,0000000.0,10261.66,0.261879,65481.27,0.2463,2029-06-01
NK225E    ,OOP,202906,65750.0,            ,134305718,0000000.0000,0000000.0,9962.89,0.2339,144305718,0000000.0000,0000000.0,10150.38,0.261395,65481.27,0.2463,2029-06-01
NK225E    ,OOP,202906,66000.0,            ,184306018,0000000.0000,0000000.0,10092.06,0.233587,194306018,0000000.0000,0000000.0,10039.99,0.261139,65481.27,0.2463,2029-06-01
NK225E    ,OOP,202906,66250.0,            ,134306218,0000000.0000,0000000.0,10222.49,0.233251,144306218,0000000.0000,0000000.0,9930.85,0.260741,65481.27,0.2463,2029-06-01
NK225E    ,OOP,202906,66500.0,            ,134306518,0000000.0000,0000000.0,10353.8,0.233017,144306518,0000000.0000,0000000.0,9822.6,0.260324,65481.27,0.2463,2029-06-01
NK225E    ,OOP,202906,66750.0,            ,134306718,0000000.0000,0000000.0,10485.91,0.232639,144306718,0000000.0000,0000000.0,9715.15,0.260011,65481.27,0.2463,2029-06-01
NK225E    ,OOP,202906,67000.0,            ,184307018,0000000.0000,0000000.0,10618.9,0.232362,194307018,0000000.0000,0000000.0,9608.58,0.25968,65481.27,0.2463,2029-06-01
NK225E    ,OOP,202906,67250.0,            ,134307218,0000000.0000,0000000.0,10753.1,0.232063,144307218,0000000.0000,0000000.0,9503.22,0.259329,65481.27,0.2463,2029-06-01
NK225E    ,OOP,202906,67500.0,            ,134307518,0000000.0000,0000000.0,10888.18,0.231743,144307518,0000000.0000,0000000.0,9398.74,0.25896,65481.27,0.2463,2029-06-01
NK225E    ,OOP,202906,67750.0,            ,134307718,0000000.0000,0000000.0,11024.09,0.231403,144307718,0000000.0000,0000000.0,9295.09,0.258695,65481.27,0.2463,2029-06-01
NK225E    ,OOP,202906,68000.0,            ,184308018,0000000.0000,0000000.0,11160.83,0.231162,194308018,0000000.0000,0000000.0,9192.27,0.258288,65481.27,0.2463,2029-06-01
NK225E    ,OOP,202906,68250.0,            ,134308218,0000000.0000,0000000.0,11298.81,0.2309,144308218,0000000.0000,0000000.0,9090.69,0.257985,65481.27,0.2463,2029-06-01
NK225E    ,OOP,202906,68500.0,            ,134308518,0000000.0000,0000000.0,11437.62,0.230618,144308518,0000000.0000,0000000.0,8989.94,0.257664,65481.27,0.2463,2029-06-01
NK225E    ,OOP,202906,68750.0,            ,134308718,0000000.0000,0000000.0,11577.24,0.230314,144308718,0000000.0000,0000000.0,8890.01,0.257324,65481.27,0.2463,2029-06-01
NK225E    ,OOP,202906,69000.0,            ,184309018,0000000.0000,0000000.0,11717.69,0.22999,194309018,0000000.0000,0000000.0,8790.9,0.257087,65481.27,0.2463,2029-06-01
NK225E    ,OOP,202906,69250.0,            ,134309218,0000000.0000,0000000.0,11859.33,0.229645,144309218,0000000.0000,0000000.0,8692.97,0.25671,65481.27,0.2463,2029-06-01
NK225E    ,OOP,202906,69500.0,            ,134309518,0000000.0000,0000000.0,12001.78,0.2294,144309518,0000000.0000,0000000.0,8595.86,0.256436,65481.27,0.2463,2029-06-01
NK225E    ,OOP,202906,69750.0,            ,134309718,0000000.0000,0000000.0,12145.04,0.229134,144309718,0000000.0000,0000000.0,8499.56,0.256144,65481.27,0.2463,2029-06-01
NK225E    ,OOP,202906,70000.0,            ,184300018,0000000.0000,0000000.0,12289.1,0.228848,194300018,0000000.0000,0000000.0,8404.06,0.255834,65481.27,0.2463,2029-06-01
NK225E    ,OOP,202906,70250.0,            ,134300218,0000000.0000,0000000.0,12434.34,0.228542,144300218,0000000.0000,0000000.0,8309.74,0.255505,65481.27,0.2463,2029-06-01
NK225E    ,OOP,202906,70500.0,            ,134300518,0000000.0000,0000000.0,12580.38,0.228335,144300518,0000000.0000,0000000.0,8216.22,0.25528,65481.27,0.2463,2029-06-01
NK225E    ,OOP,202906,70750.0,            ,184300718,0000000.0000,0000000.0,12727.22,0.227988,194300718,0000000.0000,0000000.0,8123.5,0.255036,65481.27,0.2463,2029-06-01
NK225E    ,OOP,202906,71000.0,            ,184301018,0000000.0000,0000000.0,12874.89,0.227741,194301018,0000000.0000,0000000.0,8031.61,0.254654,65481.27,0.2463,2029-06-01
NK225E    ,OOP,202906,71250.0,            ,184301218,0000000.0000,0000000.0,13023.64,0.227474,194301218,0000000.0000,0000000.0,7940.8,0.254374,65481.27,0.2463,2029-06-01
NK225E    ,OOP,202906,71500.0,            ,184301518,0000000.0000,0000000.0,13173.22,0.227186,194301518,0000000.0000,0000000.0,7850.82,0.254198,65481.27,0.2463,2029-06-01
NK225E    ,OOP,202906,71750.0,            ,184301718,0000000.0000,0000000.0,13323.54,0.226878,194301718,0000000.0000,0000000.0,7761.58,0.253883,65481.27,0.2463,2029-06-01
NK225E    ,OOP,202906,72000.0,            ,184302018,0000000.0000,0000000.0,13474.68,0.226672,194302018,0000000.0000,0000000.0,7673.16,0.25355,65481.27,0.2463,2029-06-01
NK225E    ,OOP,202906,72250.0,            ,184302218,0000000.0000,0000000.0,13626.88,0.226324,194302218,0000000.0000,0000000.0,7585.8,0.25332,65481.27,0.2463,2029-06-01
NK225E    ,OOP,202906,72500.0,            ,184302518,0000000.0000,0000000.0,13779.89,0.226077,194302518,0000000.0000,0000000.0,7499.25,0.253073,65481.27,0.2463,2029-06-01
NK225E    ,OOP,202906,72750.0,            ,184302718,0000000.0000,0000000.0,13933.63,0.225811,194302718,0000000.0000,0000000.0,7413.43,0.252809,65481.27,0.2463,2029-06-01
NK225E    ,OOP,202906,73000.0,            ,184303018,0000000.0000,0000000.0,14088.18,0.225524,194303018,0000000.0000,0000000.0,7328.42,0.252526,65481.27,0.2463,2029-06-01
NK225E    ,OOP,202906,73250.0,            ,184303218,0000000.0000,0000000.0,14243.77,0.225218,194303218,0000000.0000,0000000.0,7244.45,0.252348,65481.27,0.2463,2029-06-01
NK225E    ,OOP,202906,73500.0,            ,184303518,0000000.0000,0000000.0,14400.15,0.225014,194303518,0000000.0000,0000000.0,7161.28,0.252031,65481.27,0.2463,2029-06-01
NK225E    ,OOP,202906,73750.0,            ,184303718,0000000.0000,0000000.0,14557.25,0.224668,194303718,0000000.0000,0000000.0,7078.81,0.251817,65481.27,0.2463,2029-06-01
NK225E    ,OOP,202906,74000.0,            ,184304018,0000000.0000,0000000.0,14715.13,0.224424,194304018,0000000.0000,0000000.0,6997.14,0.251587,65481.27,0.2463,2029-06-01
NK225E    ,OOP,202906,74250.0,            ,184304218,0000000.0000,0000000.0,14874.05,0.224161,194304218,0000000.0000,0000000.0,6916.49,0.251339,65481.27,0.2463,2029-06-01
NK225E    ,OOP,202906,74500.0,            ,184304518,0000000.0000,0000000.0,15033.7,0.223879,194304518,0000000.0000,0000000.0,6836.58,0.251075,65481.27,0.2463,2029-06-01
NK225E    ,OOP,202906,74750.0,            ,184304718,0000000.0000,0000000.0,15194.08,0.223699,194304718,0000000.0000,0000000.0,6757.4,0.250793,65481.27,0.2463,2029-06-01
NK225E    ,OOP,202906,75000.0,            ,134425018,0000000.0000,0000000.0,15355.19,0.223377,144425018,0000000.0000,0000000.0,6678.96,0.250616,65481.27,0.2463,2029-06-01
NK225E    ,OOP,202906,75250.0,            ,184305218,0000000.0000,0000000.0,15517.32,0.223159,194305218,0000000.0000,0000000.0,6601.52,0.250422,65481.27,0.2463,2029-06-01
NK225E    ,OOP,202906,75500.0,            ,184305518,0000000.0000,0000000.0,15680.2,0.222922,194305518,0000000.0000,0000000.0,6524.85,0.250211,65481.27,0.2463,2029-06-01
NK225E    ,OOP,202906,75750.0,            ,184305718,0000000.0000,0000000.0,15843.76,0.222542,194305718,0000000.0000,0000000.0,6448.85,0.249983,65481.27,0.2463,2029-06-01
NK225E    ,OOP,202906,76000.0,            ,134426018,0000000.0000,0000000.0,16008.08,0.22239,144426018,0000000.0000,0000000.0,6373.6,0.249739,65481.27,0.2463,2029-06-01
NK225E    ,OOP,202906,76250.0,            ,184306218,0000000.0000,0000000.0,16173.79,0.222095,194306218,0000000.0000,0000000.0,6299.75,0.249478,65481.27,0.2463,2029-06-01
NK225E    ,OOP,202906,77500.0,            ,184307518,0000000.0000,0000000.0,17012.87,0.220833,194307518,0000000.0000,0000000.0,5941.03,0.248539,65481.27,0.2463,2029-06-01
NK225E    ,OOP,202906,80000.0,            ,134420018,0000000.0000,0000000.0,18741.36,0.218163,144420018,0000000.0000,0000000.0,5273.92,0.246569,65481.27,0.2463,2029-06-01
NK225E    ,OOP,202906,85000.0,            ,184425018,0000000.0000,0000000.0,22409.3,0.213112,194425018,0000000.0000,0000000.0,4150.66,0.243626,65481.27,0.2463,2029-06-01
NK225E    ,OOP,202906,90000.0,            ,184420018,0000000.0000,0000000.0,26323.24,0.208233,194420018,0000000.0000,0000000.0,3273.4,0.241738,65481.27,0.2463,2029-06-01
NK225E    ,OOP,202912,15000.0,            ,184125018,0000000.0000,0000000.0,53.43,0.345226,194125018,0000000.0000,0000000.0,48557.26,0.662159,65481.27,0.2463,2029-12-01
NK225E    ,OOP,202912,16000.0,            ,184126018,0000000.0000,0000000.0,74.81,0.344575,194126018,0000000.0000,0000000.0,47628.23,0.636081,65481.27,0.2463,2029-12-01
NK225E    ,OOP,202912,17000.0,            ,184127018,0000000.0000,0000000.0,101.81,0.344535,194127018,0000000.0000,0000000.0,46704.82,0.612425,65481.27,0.2463,2029-12-01
NK225E    ,OOP,202912,18000.0,            ,184128018,0000000.0000,0000000.0,135.16,0.344072,194128018,0000000.0000,0000000.0,45787.75,0.59086,65481.27,0.2463,2029-12-01
NK225E    ,OOP,202912,19000.0,            ,184129018,0000000.0000,0000000.0,175.59,0.344188,194129018,0000000.0000,0000000.0,44877.77,0.571113,65481.27,0.2463,2029-12-01
NK225E    ,OOP,202912,20000.0,            ,184120018,0000000.0000,0000000.0,223.8,0.343856,194120018,0000000.0000,0000000.0,43975.57,0.553428,65481.27,0.2463,2029-12-01
NK225E    ,OOP,202912,20750.0,            ,184120718,0000000.0000,0000000.0,265.48,0.343844,194120718,0000000.0000,0000000.0,43304.44,0.541103,65481.27,0.2463,2029-12-01
NK225E    ,OOP,202912,21000.0,            ,184121018,0000000.0000,0000000.0,280.48,0.343591,194121018,0000000.0000,0000000.0,43081.83,0.537094,65481.27,0.2463,2029-12-01
NK225E    ,OOP,202912,21250.0,            ,184121218,0000000.0000,0000000.0,296.04,0.343684,194121218,0000000.0000,0000000.0,42859.79,0.533579,65481.27,0.2463,2029-12-01
NK225E    ,OOP,202912,21500.0,            ,184121518,0000000.0000,0000000.0,312.19,0.34365,194121518,0000000.0000,0000000.0,42638.33,0.529659,65481.27,0.2463,2029-12-01
NK225E    ,OOP,202912,21750.0,            ,184121718,0000000.0000,0000000.0,328.92,0.34412,194121718,0000000.0000,0000000.0,42417.46,0.526219,65481.27,0.2463,2029-12-01
NK225E    ,OOP,202912,22000.0,            ,184122018,0000000.0000,0000000.0,346.25,0.343844,194122018,0000000.0000,0000000.0,42197.19,0.522383,65481.27,0.2463,2029-12-01
NK225E    ,OOP,202912,22250.0,            ,184122218,0000000.0000,0000000.0,364.18,0.343475,194122218,0000000.0000,0000000.0,41977.52,0.519014,65481.27,0.2463,2029-12-01
NK225E    ,OOP,202912,22500.0,            ,184122518,0000000.0000,0000000.0,382.73,0.343945,194122518,0000000.0000,0000000.0,41758.47,0.515677,65481.27,0.2463,2029-12-01
NK225E    ,OOP,202912,22750.0,            ,184122718,0000000.0000,0000000.0,401.91,0.343385,194122718,0000000.0000,0000000.0,41540.04,0.51237,65481.27,0.2463,2029-12-01
NK225E    ,OOP,202912,23000.0,            ,184123018,0000000.0000,0000000.0,421.72,0.343616,194123018,0000000.0000,0000000.0,41322.25,0.509094,65481.27,0.2463,2029-12-01
NK225E    ,OOP,202912,23250.0,            ,184123218,0000000.0000,0000000.0,442.16,0.343728,194123218,0000000.0000,0000000.0,41105.09,0.505848,65481.27,0.2463,2029-12-01
NK225E    ,OOP,202912,23500.0,            ,134123518,0000000.0000,0000000.0,463.26,0.343732,144123518,0000000.0000,0000000.0,40888.59,0.503029,65481.27,0.2463,2029-12-01
NK225E    ,OOP,202912,23750.0,            ,134123718,0000000.0000,0000000.0,485.02,0.343636,144123718,0000000.0000,0000000.0,40672.74,0.499834,65481.27,0.2463,2029-12-01
NK225E    ,OOP,202912,24000.0,            ,134124018,0000000.0000,0000000.0,507.44,0.343449,144124018,0000000.0000,0000000.0,40457.55,0.497057,65481.27,0.2463,2029-12-01
NK225E    ,OOP,202912,24250.0,            ,134124218,0000000.0000,0000000.0,530.53,0.343178,144124218,0000000.0000,0000000.0,40243.04,0.494297,65481.27,0.2463,2029-12-01
NK225E    ,OOP,202912,24500.0,            ,134124518,0000000.0000,0000000.0,554.3,0.343534,144124518,0000000.0000,0000000.0,40029.21,0.491554,65481.27,0.2463,2029-12-01
NK225E    ,OOP,202912,24750.0,            ,134124718,0000000.0000,0000000.0,578.77,0.343095,144124718,0000000.0000,0000000.0,39816.07,0.488829,65481.27,0.2463,2029-12-01
NK225E    ,OOP,202912,25000.0,            ,134125018,0000000.0000,0000000.0,603.92,0.343254,144125018,0000000.0000,0000000.0,39603.63,0.48612,65481.27,0.2463,2029-12-01
NK225E    ,OOP,202912,25250.0,            ,134125218,0000000.0000,0000000.0,629.78,0.343315,144125218,0000000.0000,0000000.0,39391.88,0.483427,65481.27,0.2463,2029-12-01
NK225E    ,OOP,202912,25500.0,            ,134125518,0000000.0000,0000000.0,656.35,0.343286,144125518,0000000.0000,0000000.0,39180.85,0.481112,65481.27,0.2463,2029-12-01
NK225E    ,OOP,202912,25750.0,            ,134125718,0000000.0000,0000000.0,683.63,0.343175,144125718,0000000.0000,0000000.0,38970.53,0.478446,65481.27,0.2463,2029-12-01
NK225E    ,OOP,202912,26000.0,            ,134126018,0000000.0000,0000000.0,711.64,0.342986,144126018,0000000.0000,0000000.0,38760.93,0.47615,65481.27,0.2463,2029-12-01
NK225E    ,OOP,202912,26250.0,            ,134126218,0000000.0000,0000000.0,740.37,0.343297,144126218,0000000.0000,0000000.0,38552.06,0.47386,65481.27,0.2463,2029-12-01
NK225E    ,OOP,202912,26500.0,            ,134126518,0000000.0000,0000000.0,769.84,0.342956,144126518,0000000.0000,0000000.0,38343.93,0.471577,65481.27,0.2463,2029-12-01
NK225E    ,OOP,202912,26750.0,            ,134126718,0000000.0000,0000000.0,800.05,0.343095,144126718,0000000.0000,0000000.0,38136.53,0.469301,65481.27,0.2463,2029-12-01
NK225E    ,OOP,202912,27000.0,            ,134127018,0000000.0000,0000000.0,831.01,0.34315,144127018,0000000.0000,0000000.0,37929.88,0.467032,65481.27,0.2463,2029-12-01
NK225E    ,OOP,202912,27250.0,            ,134127218,0000000.0000,0000000.0,846.2,0.341063,144127218,0000000.0000,0000000.0,37707.47,0.464104,65481.27,0.2463,2029-12-01
NK225E    ,OOP,202912,27500.0,            ,134127518,0000000.0000,0000000.0,861.46,0.339494,144127518,0000000.0000,0000000.0,37485.13,0.460866,65481.27,0.2463,2029-12-01
NK225E    ,OOP,202912,27750.0,            ,134127718,0000000.0000,0000000.0,876.77,0.337917,144127718,0000000.0000,0000000.0,37262.84,0.457656,65481.27,0.2463,2029-12-01
NK225E    ,OOP,202912,28000.0,            ,134128018,0000000.0000,0000000.0,892.15,0.336333,144128018,0000000.0000,0000000.0,37040.62,0.454797,65481.27,0.2463,2029-12-01
NK225E    ,OOP,202912,28250.0,            ,134128218,0000000.0000,0000000.0,908.64,0.334741,144128218,0000000.0000,0000000.0,36819.5,0.451636,65481.27,0.2463,2029-12-01
NK225E    ,OOP,202912,28500.0,            ,134128518,0000000.0000,0000000.0,925.24,0.333142,144128518,0000000.0000,0000000.0,36598.49,0.448819,65481.27,0.2463,2029-12-01
NK225E    ,OOP,202912,28750.0,            ,134128718,0000000.0000,0000000.0,941.91,0.331538,144128718,0000000.0000,0000000.0,36377.56,0.445706,65481.27,0.2463,2029-12-01
NK225E    ,OOP,202912,29000.0,            ,134129018,0000000.0000,0000000.0,958.67,0.329927,144129018,0000000.0000,0000000.0,36156.72,0.442929,65481.27,0.2463,2029-12-01
NK225E    ,OOP,202912,29250.0,            ,134129218,0000000.0000,0000000.0,976.58,0.328312,144129218,0000000.0000,0000000.0,35937.03,0.439862,65481.27,0.2463,2029-12-01
NK225E    ,OOP,202912,29500.0,            ,134129518,0000000.0000,0000000.0,994.62,0.327139,144129518,0000000.0000,0000000.0,35717.47,0.437124,65481.27,0.2463,2029-12-01
NK225E    ,OOP,202912,29750.0,            ,134129718,0000000.0000,0000000.0,1012.77,0.325507,144129718,0000000.0000,0000000.0,35498.01,0.434403,65481.27,0.2463,2029-12-01
NK225E    ,OOP,202912,30000.0,            ,134120018,0000000.0000,0000000.0,1031.04,0.323871,144120018,0000000.0000,0000000.0,35278.68,0.431699,65481.27,0.2463,2029-12-01
NK225E    ,OOP,202912,30250.0,            ,134120218,0000000.0000,0000000.0,1050.48,0.322659,144120218,0000000.0000,0000000.0,35060.52,0.429012,65481.27,0.2463,2029-12-01
NK225E    ,OOP,202912,30500.0,            ,134120518,0000000.0000,0000000.0,1070.08,0.32143,144120518,0000000.0000,0000000.0,34842.51,0.426341,65481.27,0.2463,2029-12-01
NK225E    ,OOP,202912,30750.0,            ,134120718,0000000.0000,0000000.0,1089.82,0.319771,144120718,0000000.0000,0000000.0,34624.64,0.423686,65481.27,0.2463,2029-12-01
NK225E    ,OOP,202912,31000.0,            ,134121018,0000000.0000,0000000.0,1109.71,0.318518,144121018,0000000.0000,0000000.0,34406.93,0.421046,65481.27,0.2463,2029-12-01
NK225E    ,OOP,202912,31250.0,            ,134121218,0000000.0000,0000000.0,1130.8,0.31725,144121218,0000000.0000,0000000.0,34190.42,0.418708,65481.27,0.2463,2029-12-01
NK225E    ,OOP,202912,31500.0,            ,134121518,0000000.0000,0000000.0,1152.08,0.315968,144121518,0000000.0000,0000000.0,33974.1,0.416097,65481.27,0.2463,2029-12-01
NK225E    ,OOP,202912,31750.0,            ,134121718,0000000.0000,0000000.0,1173.54,0.314673,144121718,0000000.0000,0000000.0,33757.96,0.41378,65481.27,0.2463,2029-12-01
NK225E    ,OOP,202912,32000.0,            ,134122018,0000000.0000,0000000.0,1195.18,0.313365,144122018,0000000.0000,0000000.0,33541.99,0.411195,65481.27,0.2463,2029-12-01
NK225E    ,OOP,202912,32250.0,            ,134122218,0000000.0000,0000000.0,1218.04,0.312046,144122218,0000000.0000,0000000.0,33327.25,0.408899,65481.27,0.2463,2029-12-01
NK225E    ,OOP,202912,32500.0,            ,134122518,0000000.0000,0000000.0,1241.13,0.310715,144122518,0000000.0000,0000000.0,33112.73,0.40634,65481.27,0.2463,2029-12-01
NK225E    ,OOP,202912,32750.0,            ,134122718,0000000.0000,0000000.0,1264.41,0.309373,144122718,0000000.0000,0000000.0,32898.41,0.404065,65481.27,0.2463,2029-12-01
NK225E    ,OOP,202912,33000.0,            ,134123018,0000000.0000,0000000.0,1287.91,0.308381,144123018,0000000.0000,0000000.0,32684.31,0.401798,65481.27,0.2463,2029-12-01
NK225E    ,OOP,202912,33250.0,            ,134123218,0000000.0000,0000000.0,1312.67,0.307014,144123218,0000000.0000,0000000.0,32471.46,0.399539,65481.27,0.2463,2029-12-01
NK225E    ,OOP,202912,33500.0,            ,184123518,0000000.0000,0000000.0,1337.68,0.305987,194123518,0000000.0000,0000000.0,32258.87,0.397289,65481.27,0.2463,2029-12-01
NK225E    ,OOP,202912,33750.0,            ,184123718,0000000.0000,0000000.0,1362.93,0.304941,194123718,0000000.0000,0000000.0,32046.51,0.395047,65481.27,0.2463,2029-12-01
NK225E    ,OOP,202912,34000.0,            ,184124018,0000000.0000,0000000.0,1388.42,0.303538,194124018,0000000.0000,0000000.0,31834.4,0.392812,65481.27,0.2463,2029-12-01
NK225E    ,OOP,202912,34250.0,            ,184124218,0000000.0000,0000000.0,1415.2,0.302461,194124218,0000000.0000,0000000.0,31623.58,0.390841,65481.27,0.2463,2029-12-01
NK225E    ,OOP,202912,34500.0,            ,184124518,0000000.0000,0000000.0,1442.25,0.301367,194124518,0000000.0000,0000000.0,31413.02,0.38862,65481.27,0.2463,2029-12-01
NK225E    ,OOP,202912,34750.0,            ,184124718,0000000.0000,0000000.0,1469.57,0.300257,194124718,0000000.0000,0000000.0,31202.74,0.386657,65481.27,0.2463,2029-12-01
NK225E    ,OOP,202912,35000.0,            ,134245018,0000000.0000,0000000.0,1497.17,0.299132,144245018,0000000.0000,0000000.0,30992.74,0.384448,65481.27,0.2463,2029-12-01
NK225E    ,OOP,202912,35250.0,            ,184125218,0000000.0000,0000000.0,1526.08,0.298306,194125218,0000000.0000,0000000.0,30784.05,0.382493,65481.27,0.2463,2029-12-01
NK225E    ,OOP,202912,35500.0,            ,184125518,0000000.0000,0000000.0,1555.3,0.297147,194125518,0000000.0000,0000000.0,30575.66,0.380541,65481.27,0.2463,2029-12-01
NK225E    ,OOP,202912,35750.0,            ,184125718,0000000.0000,0000000.0,1584.82,0.29628,194125718,0000000.0000,0000000.0,30367.58,0.378591,65481.27,0.2463,2029-12-01
NK225E    ,OOP,202912,36000.0,            ,134246018,0000000.0000,0000000.0,1614.67,0.29509,144246018,0000000.0000,0000000.0,30159.82,0.376644,65481.27,0.2463,2029-12-01
NK225E    ,OOP,202912,36250.0,            ,184126218,0000000.0000,0000000.0,1645.84,0.294184,194126218,0000000.0000,0000000.0,29953.39,0.3747,65481.27,0.2463,2029-12-01
NK225E    ,OOP,202912,36500.0,            ,184126518,0000000.0000,0000000.0,1677.35,0.293259,194126518,0000000.0000,0000000.0,29747.3,0.372993,65481.27,0.2463,2029-12-01
NK225E    ,OOP,202912,36750.0,            ,184126718,0000000.0000,0000000.0,1709.2,0.292314,194126718,0000000.0000,0000000.0,29541.54,0.371052,65481.27,0.2463,2029-12-01
NK225E    ,OOP,202912,37000.0,            ,134247018,0000000.0000,0000000.0,1741.4,0.29135,144247018,0000000.0000,0000000.0,29336.15,0.369344,65481.27,0.2463,2029-12-01
NK225E    ,OOP,202912,37250.0,            ,184127218,0000000.0000,0000000.0,1774.95,0.290368,194127218,0000000.0000,0000000.0,29132.09,0.367406,65481.27,0.2463,2029-12-01
NK225E    ,OOP,202912,37500.0,            ,184127518,0000000.0000,0000000.0,1808.87,0.289369,194127518,0000000.0000,0000000.0,28928.41,0.365697,65481.27,0.2463,2029-12-01
NK225E    ,OOP,202912,37750.0,            ,184127718,0000000.0000,0000000.0,1843.16,0.288353,194127718,0000000.0000,0000000.0,28725.1,0.363986,65481.27,0.2463,2029-12-01
NK225E    ,OOP,202912,38000.0,            ,134248018,0000000.0000,0000000.0,1877.84,0.287591,144248018,0000000.0000,0000000.0,28522.17,0.362275,65481.27,0.2463,2029-12-01
NK225E    ,OOP,202912,38250.0,            ,184128218,0000000.0000,0000000.0,1913.88,0.286805,194128218,0000000.0000,0000000.0,28320.61,0.360561,65481.27,0.2463,2029-12-01
NK225E    ,OOP,202912,38500.0,            ,184128518,0000000.0000,0000000.0,1950.32,0.285736,194128518,0000000.0000,0000000.0,28119.45,0.358846,65481.27,0.2463,2029-12-01
NK225E    ,OOP,202912,38750.0,            ,184128718,0000000.0000,0000000.0,1987.17,0.284911,194128718,0000000.0000,0000000.0,27918.69,0.35713,65481.27,0.2463,2029-12-01
NK225E    ,OOP,202912,39000.0,            ,134249018,0000000.0000,0000000.0,2024.44,0.284066,144249018,0000000.0000,0000000.0,27718.35,0.355628,65481.27,0.2463,2029-12-01
NK225E    ,OOP,202912,39250.0,            ,184129218,0000000.0000,0000000.0,2063.09,0.2832,194129218,0000000.0000,0000000.0,27519.4,0.353907,65481.27,0.2463,2029-12-01
NK225E    ,OOP,202912,39500.0,            ,184129518,0000000.0000,0000000.0,2102.17,0.282565,194129518,0000000.0000,0000000.0,27320.88,0.352397,65481.27,0.2463,2029-12-01
NK225E    ,OOP,202912,39750.0,            ,184129718,0000000.0000,0000000.0,2141.69,0.281659,194129718,0000000.0000,0000000.0,27122.8,0.350881,65481.27,0.2463,2029-12-01
NK225E    ,OOP,202912,40000.0,            ,134240018,0000000.0000,0000000.0,2181.65,0.280735,144240018,0000000.0000,0000000.0,26925.16,0.349361,65481.27,0.2463,2029-12-01
NK225E    ,OOP,202912,40250.0,            ,184120218,0000000.0000,0000000.0,2223.01,0.280033,194120218,0000000.0000,0000000.0,26728.91,0.347837,65481.27,0.2463,2029-12-01
NK225E    ,OOP,202912,40500.0,            ,184120518,0000000.0000,0000000.0,2264.86,0.279309,194120518,0000000.0000,0000000.0,26533.15,0.346307,65481.27,0.2463,2029-12-01
NK225E    ,OOP,202912,40750.0,            ,134240718,0000000.0000,0000000.0,2307.15,0.278563,144240718,0000000.0000,0000000.0,26337.84,0.344976,65481.27,0.2463,2029-12-01
NK225E    ,OOP,202912,41000.0,            ,134241018,0000000.0000,0000000.0,2349.93,0.277795,144241018,0000000.0000,0000000.0,26143.02,0.343436,65481.27,0.2463,2029-12-01
NK225E    ,OOP,202912,41250.0,            ,134241218,0000000.0000,0000000.0,2394.11,0.277007,144241218,0000000.0000,0000000.0,25949.6,0.342091,65481.27,0.2463,2029-12-01
NK225E    ,OOP,202912,41500.0,            ,134241518,0000000.0000,0000000.0,2438.78,0.276199,144241518,0000000.0000,0000000.0,25756.66,0.340739,65481.27,0.2463,2029-12-01
NK225E    ,OOP,202912,41750.0,            ,134241718,0000000.0000,0000000.0,2483.95,0.275594,144241718,0000000.0000,0000000.0,25564.23,0.339379,65481.27,0.2463,2029-12-01
NK225E    ,OOP,202912,42000.0,            ,134242018,0000000.0000,0000000.0,2529.64,0.274746,144242018,0000000.0000,0000000.0,25372.32,0.338012,65481.27,0.2463,2029-12-01
NK225E    ,OOP,202912,42250.0,            ,134242218,0000000.0000,0000000.0,2576.73,0.274096,144242218,0000000.0000,0000000.0,25181.8,0.336638,65481.27,0.2463,2029-12-01
NK225E    ,OOP,202912,42500.0,            ,184242518,0000000.0000,0000000.0,2624.36,0.273424,194242518,0000000.0000,0000000.0,24991.83,0.335257,65481.27,0.2463,2029-12-01
NK225E    ,OOP,202912,42750.0,            ,134242718,0000000.0000,0000000.0,2672.53,0.27273,144242718,0000000.0000,0000000.0,24802.4,0.334058,65481.27,0.2463,2029-12-01
NK225E    ,OOP,202912,43000.0,            ,134243018,0000000.0000,0000000.0,2721.22,0.272015,144243018,0000000.0000,0000000.0,24613.49,0.332663,65481.27,0.2463,2029-12-01
NK225E    ,OOP,202912,43250.0,            ,134243218,0000000.0000,0000000.0,2771.31,0.271279,144243218,0000000.0000,0000000.0,24425.97,0.331446,65481.27,0.2463,2029-12-01
NK225E    ,OOP,202912,43500.0,            ,134243518,0000000.0000,0000000.0,2821.98,0.270728,144243518,0000000.0000,0000000.0,24239.04,0.330221,65481.27,0.2463,2029-12-01
NK225E    ,OOP,202912,43750.0,            ,134243718,0000000.0000,0000000.0,2873.2,0.26995,144243718,0000000.0000,0000000.0,24052.66,0.328986,65481.27,0.2463,2029-12-01
NK225E    ,OOP,202912,44000.0,            ,134244018,0000000.0000,0000000.0,2924.98,0.269354,144244018,0000000.0000,0000000.0,23866.83,0.327742,65481.27,0.2463,2029-12-01
NK225E    ,OOP,202912,44250.0,            ,134244218,0000000.0000,0000000.0,2978.17,0.268735,144244218,0000000.0000,0000000.0,23682.42,0.326669,65481.27,0.2463,2029-12-01
NK225E    ,OOP,202912,44500.0,            ,134244518,0000000.0000,0000000.0,3031.97,0.268094,144244518,0000000.0000,0000000.0,23498.61,0.325407,65481.27,0.2463,2029-12-01
NK225E    ,OOP,202912,44750.0,            ,134244718,0000000.0000,0000000.0,3086.32,0.267431,144244718,0000000.0000,0000000.0,23315.36,0.324313,65481.27,0.2463,2029-12-01
NK225E    ,OOP,202912,45000.0,            ,184245018,0000000.0000,0000000.0,3141.29,0.266748,194245018,0000000.0000,0000000.0,23132.73,0.323207,65481.27,0.2463,2029-12-01
NK225E    ,OOP,202912,45250.0,            ,134245218,0000000.0000,0000000.0,3197.65,0.266233,144245218,0000000.0000,0000000.0,22951.48,0.322091,65481.27,0.2463,2029-12-01
NK225E    ,OOP,202912,45500.0,            ,134245518,0000000.0000,0000000.0,3254.64,0.265508,144245518,0000000.0000,0000000.0,22770.87,0.320965,65481.27,0.2463,2029-12-01
NK225E    ,OOP,202912,45750.0,            ,134245718,0000000.0000,0000000.0,3312.24,0.264949,144245718,0000000.0000,0000000.0,22590.86,0.319828,65481.27,0.2463,2029-12-01
NK225E    ,OOP,202912,46000.0,            ,184246018,0000000.0000,0000000.0,3370.45,0.264368,194246018,0000000.0000,0000000.0,22411.47,0.318681,65481.27,0.2463,2029-12-01
NK225E    ,OOP,202912,46250.0,            ,134246218,0000000.0000,0000000.0,3430.05,0.263764,144246218,0000000.0000,0000000.0,22233.47,0.317692,65481.27,0.2463,2029-12-01
NK225E    ,OOP,202912,46500.0,            ,134246518,0000000.0000,0000000.0,3490.31,0.26332,144246518,0000000.0000,0000000.0,22056.13,0.316691,65481.27,0.2463,2029-12-01
NK225E    ,OOP,202912,46750.0,            ,134246718,0000000.0000,0000000.0,3551.18,0.262672,144246718,0000000.0000,0000000.0,21879.4,0.315678,65481.27,0.2463,2029-12-01
NK225E    ,OOP,202912,47000.0,            ,184247018,0000000.0000,0000000.0,3612.71,0.262181,194247018,0000000.0000,0000000.0,21703.32,0.314652,65481.27,0.2463,2029-12-01
NK225E    ,OOP,202912,47250.0,            ,134247218,0000000.0000,0000000.0,3675.63,0.261492,144247218,0000000.0000,0000000.0,21528.64,0.313615,65481.27,0.2463,2029-12-01
NK225E    ,OOP,202912,47500.0,            ,134247518,0000000.0000,0000000.0,3739.2,0.260957,144247518,0000000.0000,0000000.0,21354.61,0.312567,65481.27,0.2463,2029-12-01
NK225E    ,OOP,202912,47750.0,            ,134247718,0000000.0000,0000000.0,3803.43,0.2604,144247718,0000000.0000,0000000.0,21181.23,0.311668,65481.27,0.2463,2029-12-01
NK225E    ,OOP,202912,48000.0,            ,184248018,0000000.0000,0000000.0,3868.35,0.259992,194248018,0000000.0000,0000000.0,21008.54,0.310756,65481.27,0.2463,2029-12-01
NK225E    ,OOP,202912,48250.0,            ,134248218,0000000.0000,0000000.0,3934.64,0.259391,144248218,0000000.0000,0000000.0,20837.24,0.309831,65481.27,0.2463,2029-12-01
NK225E    ,OOP,202912,48500.0,            ,134248518,0000000.0000,0000000.0,4001.61,0.258936,144248518,0000000.0000,0000000.0,20666.6,0.308893,65481.27,0.2463,2029-12-01
NK225E    ,OOP,202912,48750.0,            ,134248718,0000000.0000,0000000.0,4069.25,0.258293,144248718,0000000.0000,0000000.0,20496.64,0.307942,65481.27,0.2463,2029-12-01
NK225E    ,OOP,202912,49000.0,            ,184249018,0000000.0000,0000000.0,4137.57,0.257794,194249018,0000000.0000,0000000.0,20327.36,0.306978,65481.27,0.2463,2029-12-01
NK225E    ,OOP,202912,49250.0,            ,134249218,0000000.0000,0000000.0,4207.25,0.257273,144249218,0000000.0000,0000000.0,20159.44,0.306157,65481.27,0.2463,2029-12-01
NK225E    ,OOP,202912,49500.0,            ,134249518,0000000.0000,0000000.0,4277.66,0.256892,144249518,0000000.0000,0000000.0,19992.24,0.305167,65481.27,0.2463,2029-12-01
NK225E    ,OOP,202912,49750.0,            ,134249718,0000000.0000,0000000.0,4348.76,0.256327,144249718,0000000.0000,0000000.0,19825.74,0.304319,65481.27,0.2463,2029-12-01
NK225E    ,OOP,202912,50000.0,            ,184240018,0000000.0000,0000000.0,4420.56,0.255742,194240018,0000000.0000,0000000.0,19659.93,0.303456,65481.27,0.2463,2029-12-01
NK225E    ,OOP,202912,50250.0,            ,134240218,0000000.0000,0000000.0,4493.72,0.255294,144240218,0000000.0000,0000000.0,19495.49,0.30273,65481.27,0.2463,2029-12-01
NK225E    ,OOP,202912,50500.0,            ,134240518,0000000.0000,0000000.0,4567.6,0.254824,144240518,0000000.0000,0000000.0,19331.77,0.30184,65481.27,0.2463,2029-12-01
NK225E    ,OOP,202912,50750.0,            ,184240718,0000000.0000,0000000.0,4642.19,0.254332,194240718,0000000.0000,0000000.0,19168.75,0.300936,65481.27,0.2463,2029-12-01
NK225E    ,OOP,202912,51000.0,            ,184241018,0000000.0000,0000000.0,4717.49,0.253818,194241018,0000000.0000,0000000.0,19006.45,0.300167,65481.27,0.2463,2029-12-01
NK225E    ,OOP,202912,51250.0,            ,184241218,0000000.0000,0000000.0,4794.13,0.253436,194241218,0000000.0000,0000000.0,18845.49,0.299383,65481.27,0.2463,2029-12-01
NK225E    ,OOP,202912,51500.0,            ,184241518,0000000.0000,0000000.0,4871.53,0.25288,194241518,0000000.0000,0000000.0,18685.28,0.298585,65481.27,0.2463,2029-12-01
NK225E    ,OOP,202912,51750.0,            ,184241718,0000000.0000,0000000.0,4949.62,0.252454,194241718,0000000.0000,0000000.0,18525.77,0.297773,65481.27,0.2463,2029-12-01
NK225E    ,OOP,202912,52000.0,            ,184242018,0000000.0000,0000000.0,5028.47,0.252006,194242018,0000000.0000,0000000.0,18367.02,0.297091,65481.27,0.2463,2029-12-01
NK225E    ,OOP,202912,52250.0,            ,184242218,0000000.0000,0000000.0,5108.64,0.251536,194242218,0000000.0000,0000000.0,18209.58,0.29625,65481.27,0.2463,2029-12-01
NK225E    ,OOP,202912,52500.0,            ,134362518,0000000.0000,0000000.0,5189.57,0.251046,144362518,0000000.0000,0000000.0,18052.91,0.295537,65481.27,0.2463,2029-12-01
NK225E    ,OOP,202912,52750.0,            ,184242718,0000000.0000,0000000.0,5271.24,0.25068,194242718,0000000.0000,0000000.0,17896.97,0.29481,65481.27,0.2463,2029-12-01
NK225E    ,OOP,202912,53000.0,            ,184243018,0000000.0000,0000000.0,5353.65,0.250147,194243018,0000000.0000,0000000.0,17741.78,0.294068,65481.27,0.2463,2029-12-01
NK225E    ,OOP,202912,53250.0,            ,184243218,0000000.0000,0000000.0,5437.36,0.249738,194243218,0000000.0000,0000000.0,17587.89,0.293311,65481.27,0.2463,2029-12-01
NK225E    ,OOP,202912,53500.0,            ,184243518,0000000.0000,0000000.0,5521.83,0.249308,194243518,0000000.0000,0000000.0,17434.75,0.292678,65481.27,0.2463,2029-12-01
NK225E    ,OOP,202912,53750.0,            ,184243718,0000000.0000,0000000.0,5607.0,0.248856,194243718,0000000.0000,0000000.0,17282.32,0.291892,65481.27,0.2463,2029-12-01
NK225E    ,OOP,202912,54000.0,            ,184244018,0000000.0000,0000000.0,5693.03,0.248524,194244018,0000000.0000,0000000.0,17130.75,0.291229,65481.27,0.2463,2029-12-01
NK225E    ,OOP,202912,54250.0,            ,184244218,0000000.0000,0000000.0,5780.32,0.24803,194244218,0000000.0000,0000000.0,16980.44,0.290551,65481.27,0.2463,2029-12-01
NK225E    ,OOP,202912,54500.0,            ,184244518,0000000.0000,0000000.0,5868.37,0.247655,194244518,0000000.0000,0000000.0,16830.88,0.289857,65481.27,0.2463,2029-12-01
NK225E    ,OOP,202912,54750.0,            ,184244718,0000000.0000,0000000.0,5957.18,0.247259,194244718,0000000.0000,0000000.0,16682.09,0.289284,65481.27,0.2463,2029-12-01
NK225E    ,OOP,202912,55000.0,            ,134365018,0000000.0000,0000000.0,6046.75,0.246841,144365018,0000000.0000,0000000.0,16534.05,0.28856,65481.27,0.2463,2029-12-01
NK225E    ,OOP,202912,55250.0,            ,184245218,0000000.0000,0000000.0,6137.63,0.246403,194245218,0000000.0000,0000000.0,16387.33,0.287955,65481.27,0.2463,2029-12-01
NK225E    ,OOP,202912,55500.0,            ,184245518,0000000.0000,0000000.0,6229.24,0.245945,194245518,0000000.0000,0000000.0,16241.34,0.287335,65481.27,0.2463,2029-12-01
NK225E    ,OOP,202912,55750.0,            ,184245718,0000000.0000,0000000.0,6321.65,0.245601,194245718,0000000.0000,0000000.0,16096.15,0.286566,65481.27,0.2463,2029-12-01
NK225E    ,OOP,202912,56000.0,            ,134366018,0000000.0000,0000000.0,6414.8,0.245102,144366018,0000000.0000,0000000.0,15951.69,0.286047,65481.27,0.2463,2029-12-01
NK225E    ,OOP,202912,56250.0,            ,184246218,0000000.0000,0000000.0,6509.28,0.244717,194246218,0000000.0000,0000000.0,15808.57,0.285381,65481.27,0.2463,2029-12-01
NK225E    ,OOP,202912,56500.0,            ,184246518,0000000.0000,0000000.0,6604.49,0.244311,194246518,0000000.0000,0000000.0,15666.18,0.28483,65481.27,0.2463,2029-12-01
NK225E    ,OOP,202912,56750.0,            ,184246718,0000000.0000,0000000.0,6700.48,0.243884,194246718,0000000.0000,0000000.0,15524.56,0.284133,65481.27,0.2463,2029-12-01
NK225E    ,OOP,202912,57000.0,            ,134367018,0000000.0000,0000000.0,6797.24,0.243568,144367018,0000000.0000,0000000.0,15383.72,0.283551,65481.27,0.2463,2029-12-01
NK225E    ,OOP,202912,57250.0,            ,184247218,0000000.0000,0000000.0,6895.2,0.243102,194247218,0000000.0000,0000000.0,15244.07,0.282954,65481.27,0.2463,2029-12-01
NK225E    ,OOP,202912,57500.0,            ,184247518,0000000.0000,0000000.0,6994.05,0.242745,194247518,0000000.0000,0000000.0,15105.32,0.28234,65481.27,0.2463,2029-12-01
NK225E    ,OOP,202912,57750.0,            ,184247718,0000000.0000,0000000.0,7093.64,0.242367,194247718,0000000.0000,0000000.0,14967.31,0.281839,65481.27,0.2463,2029-12-01
NK225E    ,OOP,202912,58000.0,            ,134368018,0000000.0000,0000000.0,7194.01,0.24197,144368018,0000000.0000,0000000.0,14830.07,0.281195,65481.27,0.2463,2029-12-01
NK225E    ,OOP,202912,58250.0,            ,184248218,0000000.0000,0000000.0,7295.59,0.241679,194248218,0000000.0000,0000000.0,14694.05,0.280663,65481.27,0.2463,2029-12-01
NK225E    ,OOP,202912,58500.0,            ,184248518,0000000.0000,0000000.0,7397.99,0.241242,194248518,0000000.0000,0000000.0,14558.84,0.280114,65481.27,0.2463,2029-12-01
NK225E    ,OOP,202912,58750.0,            ,184248718,0000000.0000,0000000.0,7501.16,0.240911,194248718,0000000.0000,0000000.0,14424.42,0.27955,65481.27,0.2463,2029-12-01
NK225E    ,OOP,202912,59000.0,            ,134369018,0000000.0000,0000000.0,7605.12,0.240435,144369018,0000000.0000,0000000.0,14290.78,0.279095,65481.27,0.2463,2029-12-01
NK225E    ,OOP,202912,59250.0,            ,184249218,0000000.0000,0000000.0,7710.31,0.240064,194249218,0000000.0000,0000000.0,14158.35,0.2785,65481.27,0.2463,2029-12-01
NK225E    ,OOP,202912,59500.0,            ,184249518,0000000.0000,0000000.0,7816.27,0.239798,194249518,0000000.0000,0000000.0,14026.72,0.278013,65481.27,0.2463,2029-12-01
NK225E    ,OOP,202912,59750.0,            ,184249718,0000000.0000,0000000.0,7923.01,0.239388,194249718,0000000.0000,0000000.0,13895.86,0.277511,65481.27,0.2463,2029-12-01
NK225E    ,OOP,202912,60000.0,            ,134360018,0000000.0000,0000000.0,8030.5,0.238959,144360018,0000000.0000,0000000.0,13765.74,0.27687,65481.27,0.2463,2029-12-01
NK225E    ,OOP,202912,60250.0,            ,184240218,0000000.0000,0000000.0,8139.26,0.238633,194240218,0000000.0000,0000000.0,13636.89,0.276458,65481.27,0.2463,2029-12-01
NK225E    ,OOP,202912,60500.0,            ,184240518,0000000.0000,0000000.0,8248.79,0.238287,194240518,0000000.0000,0000000.0,13508.83,0.275909,65481.27,0.2463,2029-12-01
NK225E    ,OOP,202912,60750.0,            ,134360718,0000000.0000,0000000.0,8359.07,0.237922,144360718,0000000.0000,0000000.0,13381.5,0.275466,65481.27,0.2463,2029-12-01
NK225E    ,OOP,202912,61000.0,            ,134361018,0000000.0000,0000000.0,8470.17,0.237538,144361018,0000000.0000,0000000.0,13255.0,0.274886,65481.27,0.2463,2029-12-01
NK225E    ,OOP,202912,61250.0,            ,134361218,0000000.0000,0000000.0,8582.43,0.237255,144361218,0000000.0000,0000000.0,13129.65,0.274411,65481.27,0.2463,2029-12-01
NK225E    ,OOP,202912,61500.0,            ,134361518,0000000.0000,0000000.0,8695.51,0.236832,144361518,0000000.0000,0000000.0,13005.13,0.273921,65481.27,0.2463,2029-12-01
NK225E    ,OOP,202912,61750.0,            ,134361718,0000000.0000,0000000.0,8809.37,0.236511,144361718,0000000.0000,0000000.0,12881.38,0.273415,65481.27,0.2463,2029-12-01
NK225E    ,OOP,202912,62000.0,            ,134362018,0000000.0000,0000000.0,8924.0,0.23617,144362018,0000000.0000,0000000.0,12758.41,0.273013,65481.27,0.2463,2029-12-01
NK225E    ,OOP,202912,62250.0,            ,134362218,0000000.0000,0000000.0,9039.8,0.23581,144362218,0000000.0000,0000000.0,12636.61,0.272476,65481.27,0.2463,2029-12-01
NK225E    ,OOP,202912,62500.0,            ,134242518,0000000.0000,0000000.0,9156.41,0.235431,144242518,0000000.0000,0000000.0,12515.62,0.272043,65481.27,0.2463,2029-12-01
NK225E    ,OOP,202912,62750.0,            ,134362718,0000000.0000,0000000.0,9273.76,0.235151,144362718,0000000.0000,0000000.0,12395.37,0.271594,65481.27,0.2463,2029-12-01
NK225E    ,OOP,202912,63000.0,            ,134363018,0000000.0000,0000000.0,9391.93,0.234735,144363018,0000000.0000,0000000.0,12275.93,0.27113,65481.27,0.2463,2029-12-01
NK225E    ,OOP,202912,63250.0,            ,134363218,0000000.0000,0000000.0,9511.26,0.234418,144363218,0000000.0000,0000000.0,12157.66,0.27065,65481.27,0.2463,2029-12-01
NK225E    ,OOP,202912,63500.0,            ,134363518,0000000.0000,0000000.0,9631.37,0.234081,144363518,0000000.0000,0000000.0,12040.16,0.270272,65481.27,0.2463,2029-12-01
NK225E    ,OOP,202912,63750.0,            ,134363718,0000000.0000,0000000.0,9752.25,0.233726,144363718,0000000.0000,0000000.0,11923.44,0.269761,65481.27,0.2463,2029-12-01
NK225E    ,OOP,202912,64000.0,            ,134364018,0000000.0000,0000000.0,9873.9,0.233469,144364018,0000000.0000,0000000.0,11807.48,0.269352,65481.27,0.2463,2029-12-01
NK225E    ,OOP,202912,64250.0,            ,134364218,0000000.0000,0000000.0,9996.71,0.233077,144364218,0000000.0000,0000000.0,11692.69,0.268928,65481.27,0.2463,2029-12-01
NK225E    ,OOP,202912,64500.0,            ,134364518,0000000.0000,0000000.0,10120.29,0.232782,144364518,0000000.0000,0000000.0,11578.67,0.268488,65481.27,0.2463,2029-12-01
NK225E    ,OOP,202912,64750.0,            ,134364718,0000000.0000,0000000.0,10244.64,0.232469,144364718,0000000.0000,0000000.0,11465.42,0.268149,65481.27,0.2463,2029-12-01
NK225E    ,OOP,202912,65000.0,            ,184365018,0000000.0000,0000000.0,10369.76,0.232022,194365018,0000000.0000,0000000.0,11352.93,0.267678,65481.27,0.2463,2029-12-01
NK225E    ,OOP,202912,65250.0,            ,134365218,0000000.0000,0000000.0,10496.03,0.231787,144365218,0000000.0000,0000000.0,11241.6,0.267308,65481.27,0.2463,2029-12-01
NK225E    ,OOP,202912,65500.0,            ,134365518,0000000.0000,0000000.0,10623.07,0.231419,144365518,0000000.0000,0000000.0,11131.04,0.266922,65481.27,0.2463,2029-12-01
NK225E    ,OOP,202912,65750.0,            ,134365718,0000000.0000,0000000.0,10750.88,0.231147,144365718,0000000.0000,0000000.0,11021.24,0.266521,65481.27,0.2463,2029-12-01
NK225E    ,OOP,202912,66000.0,            ,184366018,0000000.0000,0000000.0,10879.44,0.230742,194366018,0000000.0000,0000000.0,10912.2,0.266104,65481.27,0.2463,2029-12-01
NK225E    ,OOP,202912,66250.0,            ,134366218,0000000.0000,0000000.0,11009.12,0.230434,144366218,0000000.0000,0000000.0,10804.27,0.265673,65481.27,0.2463,2029-12-01
NK225E    ,OOP,202912,66500.0,            ,134366518,0000000.0000,0000000.0,11139.59,0.230108,144366518,0000000.0000,0000000.0,10697.15,0.26534,65481.27,0.2463,2029-12-01
NK225E    ,OOP,202912,66750.0,            ,134366718,0000000.0000,0000000.0,11270.83,0.229763,144366718,0000000.0000,0000000.0,10590.78,0.264879,65481.27,0.2463,2029-12-01
NK225E    ,OOP,202912,67000.0,            ,184367018,0000000.0000,0000000.0,11402.81,0.229514,194367018,0000000.0000,0000000.0,10485.16,0.264516,65481.27,0.2463,2029-12-01
NK225E    ,OOP,202912,67250.0,            ,134367218,0000000.0000,0000000.0,11535.91,0.229134,144367218,0000000.0000,0000000.0,10380.65,0.264138,65481.27,0.2463,2029-12-01
NK225E    ,OOP,202912,67500.0,            ,134367518,0000000.0000,0000000.0,11669.79,0.228849,144367518,0000000.0000,0000000.0,10276.93,0.263745,65481.27,0.2463,2029-12-01
NK225E    ,OOP,202912,67750.0,            ,134367718,0000000.0000,0000000.0,11804.38,0.228546,144367718,0000000.0000,0000000.0,10173.92,0.26345,65481.27,0.2463,2029-12-01
NK225E    ,OOP,202912,68000.0,            ,184368018,0000000.0000,0000000.0,11939.76,0.228225,194368018,0000000.0000,0000000.0,10071.7,0.263027,65481.27,0.2463,2029-12-01
NK225E    ,OOP,202912,68250.0,            ,134368218,0000000.0000,0000000.0,12076.24,0.227887,144368218,0000000.0000,0000000.0,9970.57,0.262702,65481.27,0.2463,2029-12-01
NK225E    ,OOP,202912,68500.0,            ,134368518,0000000.0000,0000000.0,12213.46,0.227531,144368518,0000000.0000,0000000.0,9870.19,0.262363,65481.27,0.2463,2029-12-01
NK225E    ,OOP,202912,68750.0,            ,134368718,0000000.0000,0000000.0,12351.42,0.22727,144368718,0000000.0000,0000000.0,9770.55,0.262008,65481.27,0.2463,2029-12-01
NK225E    ,OOP,202912,69000.0,            ,184369018,0000000.0000,0000000.0,12490.12,0.226991,194369018,0000000.0000,0000000.0,9671.64,0.261638,65481.27,0.2463,2029-12-01
NK225E    ,OOP,202912,69250.0,            ,134369218,0000000.0000,0000000.0,12629.9,0.226694,144369218,0000000.0000,0000000.0,9573.82,0.261254,65481.27,0.2463,2029-12-01
NK225E    ,OOP,202912,69500.0,            ,134369518,0000000.0000,0000000.0,12770.47,0.22638,144369518,0000000.0000,0000000.0,9476.78,0.260967,65481.27,0.2463,2029-12-01
NK225E    ,OOP,202912,69750.0,            ,134369718,0000000.0000,0000000.0,12911.76,0.226049,144369718,0000000.0000,0000000.0,9380.47,0.260665,65481.27,0.2463,2029-12-01
NK225E    ,OOP,202912,70000.0,            ,184360018,0000000.0000,0000000.0,13053.78,0.225701,194360018,0000000.0000,0000000.0,9284.88,0.260236,65481.27,0.2463,2029-12-01
NK225E    ,OOP,202912,70250.0,            ,134360218,0000000.0000,0000000.0,13196.88,0.225447,144360218,0000000.0000,0000000.0,9190.38,0.260017,65481.27,0.2463,2029-12-01
NK225E    ,OOP,202912,70500.0,            ,134360518,0000000.0000,0000000.0,13340.74,0.225175,144360518,0000000.0000,0000000.0,9096.64,0.259671,65481.27,0.2463,2029-12-01
NK225E    ,OOP,202912,70750.0,            ,184360718,0000000.0000,0000000.0,13485.28,0.224775,194360718,0000000.0000,0000000.0,9003.57,0.259311,65481.27,0.2463,2029-12-01
NK225E    ,OOP,202912,71000.0,            ,184361018,0000000.0000,0000000.0,13630.58,0.22447,194361018,0000000.0000,0000000.0,8911.27,0.259048,65481.27,0.2463,2029-12-01
NK225E    ,OOP,202912,71250.0,            ,184361218,0000000.0000,0000000.0,13776.94,0.224258,194361218,0000000.0000,0000000.0,8820.03,0.258658,65481.27,0.2463,2029-12-01
NK225E    ,OOP,202912,71500.0,            ,184361518,0000000.0000,0000000.0,13924.02,0.223919,194361518,0000000.0000,0000000.0,8729.51,0.258366,65481.27,0.2463,2029-12-01
NK225E    ,OOP,202912,71750.0,            ,184361718,0000000.0000,0000000.0,14071.81,0.223673,194361718,0000000.0000,0000000.0,8639.69,0.258059,65481.27,0.2463,2029-12-01
NK225E    ,OOP,202912,72000.0,            ,184362018,0000000.0000,0000000.0,14220.34,0.2233,194362018,0000000.0000,0000000.0,8550.62,0.257738,65481.27,0.2463,2029-12-01
NK225E    ,OOP,202912,72250.0,            ,184362218,0000000.0000,0000000.0,14369.88,0.22302,194362218,0000000.0000,0000000.0,8462.56,0.257514,65481.27,0.2463,2029-12-01
NK225E    ,OOP,202912,72500.0,            ,184362518,0000000.0000,0000000.0,14520.17,0.222724,194362518,0000000.0000,0000000.0,8375.25,0.257165,65481.27,0.2463,2029-12-01
NK225E    ,OOP,202912,72750.0,            ,184362718,0000000.0000,0000000.0,14671.15,0.222412,194362718,0000000.0000,0000000.0,8288.62,0.256912,65481.27,0.2463,2029-12-01
NK225E    ,OOP,202912,73000.0,            ,184363018,0000000.0000,0000000.0,14822.83,0.222194,194363018,0000000.0000,0000000.0,8202.69,0.256645,65481.27,0.2463,2029-12-01
NK225E    ,OOP,202912,73250.0,            ,184363218,0000000.0000,0000000.0,14975.59,0.221847,194363218,0000000.0000,0000000.0,8117.85,0.256365,65481.27,0.2463,2029-12-01
NK225E    ,OOP,202912,73500.0,            ,184363518,0000000.0000,0000000.0,15129.04,0.221596,194363518,0000000.0000,0000000.0,8033.7,0.256069,65481.27,0.2463,2029-12-01
NK225E    ,OOP,202912,73750.0,            ,184363718,0000000.0000,0000000.0,15283.17,0.221328,194363718,0000000.0000,0000000.0,7950.23,0.25576,65481.27,0.2463,2029-12-01
NK225E    ,OOP,202912,74000.0,            ,184364018,0000000.0000,0000000.0,15437.98,0.221043,194364018,0000000.0000,0000000.0,7867.43,0.255549,65481.27,0.2463,2029-12-01
NK225E    ,OOP,202912,74250.0,            ,184364218,0000000.0000,0000000.0,15593.86,0.220742,194364218,0000000.0000,0000000.0,7785.71,0.255211,65481.27,0.2463,2029-12-01
NK225E    ,OOP,202912,74500.0,            ,184364518,0000000.0000,0000000.0,15750.41,0.220425,194364518,0000000.0000,0000000.0,7704.66,0.254972,65481.27,0.2463,2029-12-01
NK225E    ,OOP,202912,74750.0,            ,184364718,0000000.0000,0000000.0,15907.63,0.220203,194364718,0000000.0000,0000000.0,7624.28,0.254718,65481.27,0.2463,2029-12-01
NK225E    ,OOP,202912,75000.0,            ,134485018,0000000.0000,0000000.0,16065.52,0.219852,144485018,0000000.0000,0000000.0,7544.56,0.254451,65481.27,0.2463,2029-12-01
NK225E    ,OOP,202912,75250.0,            ,184365218,0000000.0000,0000000.0,16224.46,0.219598,194365218,0000000.0000,0000000.0,7465.9,0.25417,65481.27,0.2463,2029-12-01
NK225E    ,OOP,202912,75500.0,            ,184365518,0000000.0000,0000000.0,16384.06,0.219327,194365518,0000000.0000,0000000.0,7387.9,0.253986,65481.27,0.2463,2029-12-01
NK225E    ,OOP,202912,75750.0,            ,184365718,0000000.0000,0000000.0,16544.32,0.21904,194365718,0000000.0000,0000000.0,7310.55,0.253678,65481.27,0.2463,2029-12-01
NK225E    ,OOP,202912,76000.0,            ,134486018,0000000.0000,0000000.0,16705.27,0.218736,144486018,0000000.0000,0000000.0,7233.89,0.253467,65481.27,0.2463,2029-12-01
NK225E    ,OOP,202912,76250.0,            ,184366218,0000000.0000,0000000.0,16867.88,0.21853,194366218,0000000.0000,0000000.0,7158.91,0.253243,65481.27,0.2463,2029-12-01
NK225E    ,OOP,202912,77500.0,            ,184367518,0000000.0000,0000000.0,17690.47,0.217143,194367518,0000000.0000,0000000.0,6793.48,0.252144,65481.27,0.2463,2029-12-01
NK225E    ,OOP,202912,80000.0,            ,134480018,0000000.0000,0000000.0,19381.81,0.214437,144480018,0000000.0000,0000000.0,6108.78,0.249971,65481.27,0.2463,2029-12-01
NK225E    ,OOP,202912,85000.0,            ,184485018,0000000.0000,0000000.0,22972.95,0.209474,194485018,0000000.0000,0000000.0,4947.86,0.24702,65481.27,0.2463,2029-12-01
NK225E    ,OOP,202912,90000.0,            ,184480018,0000000.0000,0000000.0,26802.82,0.204728,194480018,0000000.0000,0000000.0,4025.66,0.245294,65481.27,0.2463,2029-12-01
NK225E    ,OOP,202912,95000.0,            ,134605018,0000000.0000,0000000.0,30830.21,0.200099,144605018,0000000.0000,0000000.0,3300.98,0.244638,65481.27,0.2463,2029-12-01
NK225E    ,OOP,202912,100000.0,            ,134600018,0000000.0000,0000000.0,35011.11,0.195066,144600018,0000000.0000,0000000.0,2729.82,0.244994,65481.27,0.2463,2029-12-01
NK225E    ,OOP,203006,15000.0,            ,185065018,0000000.0000,0000000.0,74.62,0.334656,195065018,0000000.0000,0000000.0,48253.08,0.656738,65481.27,0.2463,2030-06-01
NK225E    ,OOP,203006,16000.0,            ,185066018,0000000.0000,0000000.0,102.27,0.334434,195066018,0000000.0000,0000000.0,47337.8,0.630672,65481.27,0.2463,2030-06-01
NK225E    ,OOP,203006,17000.0,            ,185067018,0000000.0000,0000000.0,136.5,0.334205,195067018,0000000.0000,0000000.0,46429.09,0.607488,65481.27,0.2463,2030-06-01
NK225E    ,OOP,203006,18000.0,            ,185068018,0000000.0000,0000000.0,178.04,0.333747,195068018,0000000.0000,0000000.0,45527.7,0.586325,65481.27,0.2463,2030-06-01
NK225E    ,OOP,203006,19000.0,            ,185069018,0000000.0000,0000000.0,227.61,0.333539,195069018,0000000.0000,0000000.0,44634.33,0.566917,65481.27,0.2463,2030-06-01
NK225E    ,OOP,203006,20000.0,            ,185060018,0000000.0000,0000000.0,285.87,0.333553,195060018,0000000.0000,0000000.0,43749.65,0.549456,65481.27,0.2463,2030-06-01
NK225E    ,OOP,203006,21000.0,            ,185061018,0000000.0000,0000000.0,353.44,0.334146,195061018,0000000.0000,0000000.0,42874.29,0.533697,65481.27,0.2463,2030-06-01
NK225E    ,OOP,203006,21750.0,            ,185061718,0000000.0000,0000000.0,410.59,0.3335,195061718,0000000.0000,0000000.0,42224.23,0.52275,65481.27,0.2463,2030-06-01
NK225E    ,OOP,203006,22000.0,            ,185062018,0000000.0000,0000000.0,430.91,0.33366,195062018,0000000.0000,0000000.0,42008.82,0.519432,65481.27,0.2463,2030-06-01
NK225E    ,OOP,203006,22250.0,            ,185062218,0000000.0000,0000000.0,451.89,0.333709,195062218,0000000.0000,0000000.0,41794.06,0.515776,65481.27,0.2463,2030-06-01
NK225E    ,OOP,203006,22500.0,            ,135062518,0000000.0000,0000000.0,473.52,0.333656,145062518,0000000.0000,0000000.0,41579.96,0.512527,65481.27,0.2463,2030-06-01
NK225E    ,OOP,203006,22750.0,            ,135062718,0000000.0000,0000000.0,495.83,0.33351,145062718,0000000.0000,0000000.0,41366.53,0.50931,65481.27,0.2463,2030-06-01
NK225E    ,OOP,203006,23000.0,            ,135063018,0000000.0000,0000000.0,518.81,0.333278,145063018,0000000.0000,0000000.0,41153.78,0.506123,65481.27,0.2463,2030-06-01
NK225E    ,OOP,203006,23250.0,            ,135063218,0000000.0000,0000000.0,542.47,0.332969,145063218,0000000.0000,0000000.0,40941.71,0.503319,65481.27,0.2463,2030-06-01
NK225E    ,OOP,203006,23500.0,            ,135063518,0000000.0000,0000000.0,566.82,0.333264,145063518,0000000.0000,0000000.0,40730.33,0.500187,65481.27,0.2463,2030-06-01
NK225E    ,OOP,203006,23750.0,            ,135063718,0000000.0000,0000000.0,591.87,0.332797,145063718,0000000.0000,0000000.0,40519.64,0.497082,65481.27,0.2463,2030-06-01
NK225E    ,OOP,203006,24000.0,            ,135064018,0000000.0000,0000000.0,617.62,0.332907,145064018,0000000.0000,0000000.0,40309.66,0.494347,65481.27,0.2463,2030-06-01
NK225E    ,OOP,203006,24250.0,            ,135064218,0000000.0000,0000000.0,644.08,0.332926,145064218,0000000.0000,0000000.0,40100.38,0.491631,65481.27,0.2463,2030-06-01
NK225E    ,OOP,203006,24500.0,            ,135064518,0000000.0000,0000000.0,671.26,0.332859,145064518,0000000.0000,0000000.0,39891.83,0.488934,65481.27,0.2463,2030-06-01
NK225E    ,OOP,203006,24750.0,            ,135064718,0000000.0000,0000000.0,699.16,0.332714,145064718,0000000.0000,0000000.0,39683.99,0.486255,65481.27,0.2463,2030-06-01
NK225E    ,OOP,203006,25000.0,            ,135065018,0000000.0000,0000000.0,727.79,0.333062,145065018,0000000.0000,0000000.0,39476.88,0.483594,65481.27,0.2463,2030-06-01
NK225E    ,OOP,203006,25250.0,            ,135065218,0000000.0000,0000000.0,757.15,0.332763,145065218,0000000.0000,0000000.0,39270.51,0.48095,65481.27,0.2463,2030-06-01
NK225E    ,OOP,203006,25500.0,            ,135065518,0000000.0000,0000000.0,787.25,0.332937,145065518,0000000.0000,0000000.0,39064.88,0.478642,65481.27,0.2463,2030-06-01
NK225E    ,OOP,203006,25750.0,            ,135065718,0000000.0000,0000000.0,818.09,0.332506,145065718,0000000.0000,0000000.0,38859.99,0.476029,65481.27,0.2463,2030-06-01
NK225E    ,OOP,203006,26000.0,            ,135066018,0000000.0000,0000000.0,849.69,0.33253,145066018,0000000.0000,0000000.0,38655.85,0.473744,65481.27,0.2463,2030-06-01
NK225E    ,OOP,203006,26250.0,            ,135066218,0000000.0000,0000000.0,882.04,0.332479,145066218,0000000.0000,0000000.0,38452.47,0.471469,65481.27,0.2463,2030-06-01
NK225E    ,OOP,203006,26500.0,            ,135066518,0000000.0000,0000000.0,915.15,0.332359,145066518,0000000.0000,0000000.0,38249.84,0.469202,65481.27,0.2463,2030-06-01
NK225E    ,OOP,203006,26750.0,            ,135066718,0000000.0000,0000000.0,949.02,0.332643,145066718,0000000.0000,0000000.0,38047.98,0.466945,65481.27,0.2463,2030-06-01
NK225E    ,OOP,203006,27000.0,            ,135067018,0000000.0000,0000000.0,983.67,0.332388,145067018,0000000.0000,0000000.0,37846.89,0.464696,65481.27,0.2463,2030-06-01
NK225E    ,OOP,203006,27250.0,            ,135067218,0000000.0000,0000000.0,998.64,0.330731,145067218,0000000.0000,0000000.0,37626.13,0.461572,65481.27,0.2463,2030-06-01
NK225E    ,OOP,203006,27500.0,            ,135067518,0000000.0000,0000000.0,1013.61,0.329072,145067518,0000000.0000,0000000.0,37405.36,0.458183,65481.27,0.2463,2030-06-01
NK225E    ,OOP,203006,27750.0,            ,135067718,0000000.0000,0000000.0,1028.56,0.326974,145067718,0000000.0000,0000000.0,37184.59,0.455114,65481.27,0.2463,2030-06-01
NK225E    ,OOP,203006,28000.0,            ,135068018,0000000.0000,0000000.0,1043.51,0.325318,145068018,0000000.0000,0000000.0,36963.79,0.451785,65481.27,0.2463,2030-06-01
NK225E    ,OOP,203006,28250.0,            ,135068218,0000000.0000,0000000.0,1060.25,0.32366,145068218,0000000.0000,0000000.0,36744.81,0.448769,65481.27,0.2463,2030-06-01
NK225E    ,OOP,203006,28500.0,            ,135068518,0000000.0000,0000000.0,1077.05,0.322001,145068518,0000000.0000,0000000.0,36525.87,0.445778,65481.27,0.2463,2030-06-01
NK225E    ,OOP,203006,28750.0,            ,135068718,0000000.0000,0000000.0,1093.87,0.320341,145068718,0000000.0000,0000000.0,36306.95,0.442811,65481.27,0.2463,2030-06-01
NK225E    ,OOP,203006,29000.0,            ,135069018,0000000.0000,0000000.0,1110.73,0.31868,145069018,0000000.0000,0000000.0,36088.08,0.439867,65481.27,0.2463,2030-06-01
NK225E    ,OOP,203006,29250.0,            ,135069218,0000000.0000,0000000.0,1129.38,0.317019,145069218,0000000.0000,0000000.0,35871.0,0.436946,65481.27,0.2463,2030-06-01
NK225E    ,OOP,203006,29500.0,            ,135069518,0000000.0000,0000000.0,1148.12,0.315752,145069518,0000000.0000,0000000.0,35654.0,0.434047,65481.27,0.2463,2030-06-01
NK225E    ,OOP,203006,29750.0,            ,135069718,0000000.0000,0000000.0,1166.94,0.314084,145069718,0000000.0000,0000000.0,35437.09,0.431439,65481.27,0.2463,2030-06-01
NK225E    ,OOP,203006,30000.0,            ,135060018,0000000.0000,0000000.0,1185.84,0.312799,145060018,0000000.0000,0000000.0,35220.26,0.428581,65481.27,0.2463,2030-06-01
NK225E    ,OOP,203006,30250.0,            ,135060218,0000000.0000,0000000.0,1206.53,0.311126,145060218,0000000.0000,0000000.0,35005.21,0.426009,65481.27,0.2463,2030-06-01
NK225E    ,OOP,203006,30500.0,            ,135060518,0000000.0000,0000000.0,1227.36,0.309826,145060518,0000000.0000,0000000.0,34790.3,0.42319,65481.27,0.2463,2030-06-01
NK225E    ,OOP,203006,30750.0,            ,135060718,0000000.0000,0000000.0,1248.29,0.308516,145060718,0000000.0000,0000000.0,34575.5,0.420651,65481.27,0.2463,2030-06-01
NK225E    ,OOP,203006,31000.0,            ,135061018,0000000.0000,0000000.0,1269.36,0.307196,145061018,0000000.0000,0000000.0,34360.84,0.417869,65481.27,0.2463,2030-06-01
NK225E    ,OOP,203006,31250.0,            ,135061218,0000000.0000,0000000.0,1292.21,0.305867,145061218,0000000.0000,0000000.0,34147.95,0.415363,65481.27,0.2463,2030-06-01
NK225E    ,OOP,203006,31500.0,            ,135061518,0000000.0000,0000000.0,1315.24,0.30453,145061518,0000000.0000,0000000.0,33935.25,0.413123,65481.27,0.2463,2030-06-01
NK225E    ,OOP,203006,31750.0,            ,135061718,0000000.0000,0000000.0,1338.43,0.303184,145061718,0000000.0000,0000000.0,33722.7,0.410643,65481.27,0.2463,2030-06-01
NK225E    ,OOP,203006,32000.0,            ,135062018,0000000.0000,0000000.0,1361.79,0.302171,145062018,0000000.0000,0000000.0,33510.34,0.408176,65481.27,0.2463,2030-06-01
NK225E    ,OOP,203006,32250.0,            ,135062218,0000000.0000,0000000.0,1386.93,0.300806,145062218,0000000.0000,0000000.0,33299.74,0.405723,65481.27,0.2463,2030-06-01
NK225E    ,OOP,203006,32500.0,            ,185062518,0000000.0000,0000000.0,1412.28,0.299764,195062518,0000000.0000,0000000.0,33089.36,0.403528,65481.27,0.2463,2030-06-01
NK225E    ,OOP,203006,32750.0,            ,185062718,0000000.0000,0000000.0,1437.84,0.298381,195062718,0000000.0000,0000000.0,32879.18,0.4011,65481.27,0.2463,2030-06-01
NK225E    ,OOP,203006,33000.0,            ,185063018,0000000.0000,0000000.0,1463.63,0.297313,195063018,0000000.0000,0000000.0,32669.24,0.398924,65481.27,0.2463,2030-06-01
NK225E    ,OOP,203006,33250.0,            ,185063218,0000000.0000,0000000.0,1491.19,0.29623,195063218,0000000.0000,0000000.0,32461.06,0.396756,65481.27,0.2463,2030-06-01
NK225E    ,OOP,203006,33500.0,            ,185063518,0000000.0000,0000000.0,1519.0,0.295133,195063518,0000000.0000,0000000.0,32253.13,0.394362,65481.27,0.2463,2030-06-01
NK225E    ,OOP,203006,33750.0,            ,185063718,0000000.0000,0000000.0,1547.06,0.294023,195063718,0000000.0000,0000000.0,32045.47,0.392213,65481.27,0.2463,2030-06-01
NK225E    ,OOP,203006,34000.0,            ,185064018,0000000.0000,0000000.0,1575.39,0.293202,195064018,0000000.0000,0000000.0,31838.06,0.390072,65481.27,0.2463,2030-06-01
NK225E    ,OOP,203006,34250.0,            ,185064218,0000000.0000,0000000.0,1605.45,0.292062,195064218,0000000.0000,0000000.0,31632.39,0.388168,65481.27,0.2463,2030-06-01
NK225E    ,OOP,203006,34500.0,            ,185064518,0000000.0000,0000000.0,1635.82,0.291205,195064518,0000000.0000,0000000.0,31427.02,0.386041,65481.27,0.2463,2030-06-01
NK225E    ,OOP,203006,34750.0,            ,185064718,0000000.0000,0000000.0,1666.49,0.290038,195064718,0000000.0000,0000000.0,31221.95,0.384146,65481.27,0.2463,2030-06-01
NK225E    ,OOP,203006,35000.0,            ,135185018,0000000.0000,0000000.0,1697.47,0.289146,145185018,0000000.0000,0000000.0,31017.2,0.382031,65481.27,0.2463,2030-06-01
NK225E    ,OOP,203006,35250.0,            ,185065218,0000000.0000,0000000.0,1730.16,0.288236,195065218,0000000.0000,0000000.0,30814.16,0.380146,65481.27,0.2463,2030-06-01
NK225E    ,OOP,203006,35500.0,            ,185065518,0000000.0000,0000000.0,1763.19,0.287308,195065518,0000000.0000,0000000.0,30611.46,0.378263,65481.27,0.2463,2030-06-01
NK225E    ,OOP,203006,35750.0,            ,185065718,0000000.0000,0000000.0,1796.57,0.286364,195065718,0000000.0000,0000000.0,30409.1,0.376384,65481.27,0.2463,2030-06-01
NK225E    ,OOP,203006,36000.0,            ,135186018,0000000.0000,0000000.0,1830.3,0.285404,145186018,0000000.0000,0000000.0,30207.1,0.374508,65481.27,0.2463,2030-06-01
NK225E    ,OOP,203006,36250.0,            ,185066218,0000000.0000,0000000.0,1865.73,0.284695,195066218,0000000.0000,0000000.0,30006.79,0.372636,65481.27,0.2463,2030-06-01
NK225E    ,OOP,203006,36500.0,            ,185066518,0000000.0000,0000000.0,1901.54,0.2837,195066518,0000000.0000,0000000.0,29806.87,0.370978,65481.27,0.2463,2030-06-01
NK225E    ,OOP,203006,36750.0,            ,185066718,0000000.0000,0000000.0,1937.74,0.282951,195066718,0000000.0000,0000000.0,29607.33,0.36911,65481.27,0.2463,2030-06-01
NK225E    ,OOP,203006,37000.0,            ,135187018,0000000.0000,0000000.0,1974.31,0.282181,145187018,0000000.0000,0000000.0,29408.17,0.367453,65481.27,0.2463,2030-06-01
NK225E    ,OOP,203006,37250.0,            ,185067218,0000000.0000,0000000.0,2012.56,0.281392,195067218,0000000.0000,0000000.0,29210.68,0.365796,65481.27,0.2463,2030-06-01
NK225E    ,OOP,203006,37500.0,            ,185067518,0000000.0000,0000000.0,2051.22,0.280583,195067518,0000000.0000,0000000.0,29013.61,0.364138,65481.27,0.2463,2030-06-01
NK225E    ,OOP,203006,37750.0,            ,185067718,0000000.0000,0000000.0,2090.3,0.279755,195067718,0000000.0000,0000000.0,28816.96,0.36248,65481.27,0.2463,2030-06-01
NK225E    ,OOP,203006,38000.0,            ,135188018,0000000.0000,0000000.0,2129.8,0.27891,145188018,0000000.0000,0000000.0,28620.73,0.360822,65481.27,0.2463,2030-06-01
NK225E    ,OOP,203006,38250.0,            ,185068218,0000000.0000,0000000.0,2170.93,0.278287,195068218,0000000.0000,0000000.0,28426.12,0.359163,65481.27,0.2463,2030-06-01
NK225E    ,OOP,203006,38500.0,            ,185068518,0000000.0000,0000000.0,2212.54,0.277405,195068518,0000000.0000,0000000.0,28231.99,0.357702,65481.27,0.2463,2030-06-01
NK225E    ,OOP,203006,38750.0,            ,185068718,0000000.0000,0000000.0,2254.6,0.27674,195068718,0000000.0000,0000000.0,28038.32,0.356041,65481.27,0.2463,2030-06-01
NK225E    ,OOP,203006,39000.0,            ,135189018,0000000.0000,0000000.0,2297.12,0.276054,145189018,0000000.0000,0000000.0,27845.1,0.354574,65481.27,0.2463,2030-06-01
NK225E    ,OOP,203006,39250.0,            ,185069218,0000000.0000,0000000.0,2341.23,0.275347,195069218,0000000.0000,0000000.0,27653.48,0.353103,65481.27,0.2463,2030-06-01
NK225E    ,OOP,203006,39500.0,            ,185069518,0000000.0000,0000000.0,2385.82,0.27462,195069518,0000000.0000,0000000.0,27462.34,0.351629,65481.27,0.2463,2030-06-01
NK225E    ,OOP,203006,39750.0,            ,185069718,0000000.0000,0000000.0,2430.91,0.274096,195069718,0000000.0000,0000000.0,27271.69,0.350152,65481.27,0.2463,2030-06-01
NK225E    ,OOP,203006,40000.0,            ,135180018,0000000.0000,0000000.0,2476.51,0.273329,145180018,0000000.0000,0000000.0,27081.56,0.34886,65481.27,0.2463,2030-06-01
NK225E    ,OOP,203006,40250.0,            ,185060218,0000000.0000,0000000.0,2523.62,0.27276,195060218,0000000.0000,0000000.0,26892.94,0.347375,65481.27,0.2463,2030-06-01
NK225E    ,OOP,203006,40500.0,            ,185060518,0000000.0000,0000000.0,2571.28,0.272168,195060518,0000000.0000,0000000.0,26704.86,0.346071,65481.27,0.2463,2030-06-01
NK225E    ,OOP,203006,40750.0,            ,185060718,0000000.0000,0000000.0,2619.46,0.271555,195060718,0000000.0000,0000000.0,26517.31,0.344762,65481.27,0.2463,2030-06-01
NK225E    ,OOP,203006,41000.0,            ,135181018,0000000.0000,0000000.0,2668.16,0.270921,145181018,0000000.0000,0000000.0,26330.27,0.343265,65481.27,0.2463,2030-06-01
NK225E    ,OOP,203006,41250.0,            ,185061218,0000000.0000,0000000.0,2718.36,0.270266,195061218,0000000.0000,0000000.0,26144.73,0.342126,65481.27,0.2463,2030-06-01
NK225E    ,OOP,203006,41500.0,            ,185061518,0000000.0000,0000000.0,2769.13,0.269591,195061518,0000000.0000,0000000.0,25959.77,0.3408,65481.27,0.2463,2030-06-01
NK225E    ,OOP,203006,41750.0,            ,135181718,0000000.0000,0000000.0,2820.42,0.269099,145181718,0000000.0000,0000000.0,25775.33,0.339468,65481.27,0.2463,2030-06-01
NK225E    ,OOP,203006,42000.0,            ,135182018,0000000.0000,0000000.0,2872.29,0.268384,145182018,0000000.0000,0000000.0,25591.46,0.338307,65481.27,0.2463,2030-06-01
NK225E    ,OOP,203006,42250.0,            ,135182218,0000000.0000,0000000.0,2925.6,0.267848,145182218,0000000.0000,0000000.0,25409.04,0.336963,65481.27,0.2463,2030-06-01
NK225E    ,OOP,203006,42500.0,            ,185182518,0000000.0000,0000000.0,2979.48,0.26729,195182518,0000000.0000,0000000.0,25227.19,0.335788,65481.27,0.2463,2030-06-01
NK225E    ,OOP,203006,42750.0,            ,135182718,0000000.0000,0000000.0,3033.94,0.26671,145182718,0000000.0000,0000000.0,25045.91,0.334605,65481.27,0.2463,2030-06-01
NK225E    ,OOP,203006,43000.0,            ,135183018,0000000.0000,0000000.0,3089.0,0.266111,145183018,0000000.0000,0000000.0,24865.24,0.333414,65481.27,0.2463,2030-06-01
NK225E    ,OOP,203006,43250.0,            ,135183218,0000000.0000,0000000.0,3145.45,0.265679,145183218,0000000.0000,0000000.0,24685.96,0.332216,65481.27,0.2463,2030-06-01
NK225E    ,OOP,203006,43500.0,            ,135183518,0000000.0000,0000000.0,3202.51,0.265224,145183518,0000000.0000,0000000.0,24507.28,0.331178,65481.27,0.2463,2030-06-01
NK225E    ,OOP,203006,43750.0,            ,135183718,0000000.0000,0000000.0,3260.16,0.264562,145183718,0000000.0000,0000000.0,24329.2,0.329964,65481.27,0.2463,2030-06-01
NK225E    ,OOP,203006,44000.0,            ,135184018,0000000.0000,0000000.0,3318.41,0.264064,145184018,0000000.0000,0000000.0,24151.71,0.328909,65481.27,0.2463,2030-06-01
NK225E    ,OOP,203006,44250.0,            ,135184218,0000000.0000,0000000.0,3378.0,0.263544,145184218,0000000.0000,0000000.0,23975.57,0.327844,65481.27,0.2463,2030-06-01
NK225E    ,OOP,203006,44500.0,            ,135184518,0000000.0000,0000000.0,3438.24,0.263003,145184518,0000000.0000,0000000.0,23800.07,0.326771,65481.27,0.2463,2030-06-01
NK225E    ,OOP,203006,44750.0,            ,135184718,0000000.0000,0000000.0,3499.07,0.262619,145184718,0000000.0000,0000000.0,23625.17,0.325688,65481.27,0.2463,2030-06-01
NK225E    ,OOP,203006,45000.0,            ,185185018,0000000.0000,0000000.0,3560.55,0.262036,195185018,0000000.0000,0000000.0,23450.91,0.324757,65481.27,0.2463,2030-06-01
NK225E    ,OOP,203006,45250.0,            ,135185218,0000000.0000,0000000.0,3623.3,0.261607,145185218,0000000.0000,0000000.0,23277.93,0.323656,65481.27,0.2463,2030-06-01
NK225E    ,OOP,203006,45500.0,            ,135185518,0000000.0000,0000000.0,3686.71,0.261156,145185518,0000000.0000,0000000.0,23105.61,0.322704,65481.27,0.2463,2030-06-01
NK225E    ,OOP,203006,45750.0,            ,135185718,0000000.0000,0000000.0,3750.76,0.260514,145185718,0000000.0000,0000000.0,22933.93,0.321742,65481.27,0.2463,2030-06-01
NK225E    ,OOP,203006,46000.0,            ,185186018,0000000.0000,0000000.0,3815.46,0.26019,195186018,0000000.0000,0000000.0,22762.88,0.320614,65481.27,0.2463,2030-06-01
NK225E    ,OOP,203006,46250.0,            ,135186218,0000000.0000,0000000.0,3881.4,0.259676,145186218,0000000.0000,0000000.0,22593.09,0.319787,65481.27,0.2463,2030-06-01
NK225E    ,OOP,203006,46500.0,            ,135186518,0000000.0000,0000000.0,3948.0,0.259143,145186518,0000000.0000,0000000.0,22423.96,0.318795,65481.27,0.2463,2030-06-01
NK225E    ,OOP,203006,46750.0,            ,135186718,0000000.0000,0000000.0,4015.24,0.258752,145186718,0000000.0000,0000000.0,22255.47,0.317793,65481.27,0.2463,2030-06-01
NK225E    ,OOP,203006,47000.0,            ,185187018,0000000.0000,0000000.0,4083.15,0.258179,195187018,0000000.0000,0000000.0,22087.64,0.316932,65481.27,0.2463,2030-06-01
NK225E    ,OOP,203006,47250.0,            ,135187218,0000000.0000,0000000.0,4152.25,0.257747,145187218,0000000.0000,0000000.0,21921.01,0.31591,65481.27,0.2463,2030-06-01
NK225E    ,OOP,203006,47500.0,            ,135187518,0000000.0000,0000000.0,4222.01,0.257294,145187518,0000000.0000,0000000.0,21755.04,0.315028,65481.27,0.2463,2030-06-01
NK225E    ,OOP,203006,47750.0,            ,135187718,0000000.0000,0000000.0,4292.44,0.256821,145187718,0000000.0000,0000000.0,21589.73,0.314134,65481.27,0.2463,2030-06-01
NK225E    ,OOP,203006,48000.0,            ,185188018,0000000.0000,0000000.0,4363.58,0.256484,195188018,0000000.0000,0000000.0,21425.13,0.31323,65481.27,0.2463,2030-06-01
NK225E    ,OOP,203006,48250.0,            ,135188218,0000000.0000,0000000.0,4435.83,0.25597,145188218,0000000.0000,0000000.0,21261.66,0.312461,65481.27,0.2463,2030-06-01
NK225E    ,OOP,203006,48500.0,            ,135188518,0000000.0000,0000000.0,4508.77,0.25559,145188518,0000000.0000,0000000.0,21098.86,0.311535,65481.27,0.2463,2030-06-01
NK225E    ,OOP,203006,48750.0,            ,135188718,0000000.0000,0000000.0,4582.39,0.25519,145188718,0000000.0000,0000000.0,20936.74,0.310742,65481.27,0.2463,2030-06-01
NK225E    ,OOP,203006,49000.0,            ,185189018,0000000.0000,0000000.0,4656.71,0.254768,195189018,0000000.0000,0000000.0,20775.33,0.309938,65481.27,0.2463,2030-06-01
NK225E    ,OOP,203006,49250.0,            ,135189218,0000000.0000,0000000.0,4732.13,0.254327,145189218,0000000.0000,0000000.0,20615.01,0.309122,65481.27,0.2463,2030-06-01
NK225E    ,OOP,203006,49500.0,            ,135189518,0000000.0000,0000000.0,4808.26,0.253866,145189518,0000000.0000,0000000.0,20455.41,0.308293,65481.27,0.2463,2030-06-01
NK225E    ,OOP,203006,49750.0,            ,135189718,0000000.0000,0000000.0,4885.05,0.253386,145189718,0000000.0000,0000000.0,20296.47,0.307454,65481.27,0.2463,2030-06-01
NK225E    ,OOP,203006,50000.0,            ,185180018,0000000.0000,0000000.0,4962.57,0.253032,195180018,0000000.0000,0000000.0,20138.25,0.306603,65481.27,0.2463,2030-06-01
NK225E    ,OOP,203006,50250.0,            ,135180218,0000000.0000,0000000.0,5041.12,0.252514,145180218,0000000.0000,0000000.0,19981.06,0.30588,65481.27,0.2463,2030-06-01
NK225E    ,OOP,203006,50500.0,            ,135180518,0000000.0000,0000000.0,5120.4,0.252121,145180518,0000000.0000,0000000.0,19824.61,0.305145,65481.27,0.2463,2030-06-01
NK225E    ,OOP,203006,50750.0,            ,135180718,0000000.0000,0000000.0,5200.34,0.251708,145180718,0000000.0000,0000000.0,19668.82,0.304259,65481.27,0.2463,2030-06-01
NK225E    ,OOP,203006,51000.0,            ,185181018,0000000.0000,0000000.0,5281.01,0.251276,195181018,0000000.0000,0000000.0,19513.76,0.3035,65481.27,0.2463,2030-06-01
NK225E    ,OOP,203006,51250.0,            ,135181218,0000000.0000,0000000.0,5362.7,0.250965,145181218,0000000.0000,0000000.0,19359.72,0.302864,65481.27,0.2463,2030-06-01
NK225E    ,OOP,203006,51500.0,            ,135181518,0000000.0000,0000000.0,5445.06,0.250494,145181518,0000000.0000,0000000.0,19206.34,0.30208,65481.27,0.2463,2030-06-01
NK225E    ,OOP,203006,51750.0,            ,185181718,0000000.0000,0000000.0,5528.2,0.250143,195181718,0000000.0000,0000000.0,19053.74,0.301284,65481.27,0.2463,2030-06-01
NK225E    ,OOP,203006,52000.0,            ,185182018,0000000.0000,0000000.0,5611.99,0.249635,195182018,0000000.0000,0000000.0,18901.8,0.30061,65481.27,0.2463,2030-06-01
NK225E    ,OOP,203006,52250.0,            ,185182218,0000000.0000,0000000.0,5696.79,0.249245,195182218,0000000.0000,0000000.0,18750.86,0.299923,65481.27,0.2463,2030-06-01
NK225E    ,OOP,203006,52500.0,            ,135302518,0000000.0000,0000000.0,5782.37,0.248837,145302518,0000000.0000,0000000.0,18600.71,0.299224,65481.27,0.2463,2030-06-01
NK225E    ,OOP,203006,52750.0,            ,185182718,0000000.0000,0000000.0,5868.61,0.248544,195182718,0000000.0000,0000000.0,18451.22,0.298512,65481.27,0.2463,2030-06-01
NK225E    ,OOP,203006,53000.0,            ,185183018,0000000.0000,0000000.0,5955.57,0.248098,195183018,0000000.0000,0000000.0,18302.44,0.297788,65481.27,0.2463,2030-06-01
NK225E    ,OOP,203006,53250.0,            ,185183218,0000000.0000,0000000.0,6043.49,0.247766,195183218,0000000.0000,0000000.0,18154.63,0.297051,65481.27,0.2463,2030-06-01
NK225E    ,OOP,203006,53500.0,            ,185183518,0000000.0000,0000000.0,6132.13,0.247284,195183518,0000000.0000,0000000.0,18007.53,0.296432,65481.27,0.2463,2030-06-01
NK225E    ,OOP,203006,53750.0,            ,185183718,0000000.0000,0000000.0,6221.48,0.246914,195183718,0000000.0000,0000000.0,17861.15,0.295671,65481.27,0.2463,2030-06-01
NK225E    ,OOP,203006,54000.0,            ,185184018,0000000.0000,0000000.0,6311.61,0.246526,195184018,0000000.0000,0000000.0,17715.55,0.295026,65481.27,0.2463,2030-06-01
NK225E    ,OOP,203006,54250.0,            ,185184218,0000000.0000,0000000.0,6402.65,0.24612,195184218,0000000.0000,0000000.0,17570.85,0.294369,65481.27,0.2463,2030-06-01
NK225E    ,OOP,203006,54500.0,            ,185184518,0000000.0000,0000000.0,6494.36,0.245695,195184518,0000000.0000,0000000.0,17426.83,0.293698,65481.27,0.2463,2030-06-01
NK225E    ,OOP,203006,54750.0,            ,185184718,0000000.0000,0000000.0,6586.87,0.245381,195184718,0000000.0000,0000000.0,17283.6,0.293142,65481.27,0.2463,2030-06-01
NK225E    ,OOP,203006,55000.0,            ,135305018,0000000.0000,0000000.0,6680.09,0.24492,145305018,0000000.0000,0000000.0,17141.08,0.292446,65481.27,0.2463,2030-06-01
NK225E    ,OOP,203006,55250.0,            ,185185218,0000000.0000,0000000.0,6774.22,0.244569,195185218,0000000.0000,0000000.0,16999.48,0.291738,65481.27,0.2463,2030-06-01
NK225E    ,OOP,203006,55500.0,            ,185185518,0000000.0000,0000000.0,6869.06,0.244199,195185518,0000000.0000,0000000.0,16858.59,0.291143,65481.27,0.2463,2030-06-01
NK225E    ,OOP,203006,55750.0,            ,185185718,0000000.0000,0000000.0,6964.7,0.243811,195185718,0000000.0000,0000000.0,16718.5,0.290534,65481.27,0.2463,2030-06-01
NK225E    ,OOP,203006,56000.0,            ,135306018,0000000.0000,0000000.0,7061.02,0.243406,145306018,0000000.0000,0000000.0,16579.08,0.289912,65481.27,0.2463,2030-06-01
NK225E    ,OOP,203006,56250.0,            ,185186218,0000000.0000,0000000.0,7158.25,0.242983,195186218,0000000.0000,0000000.0,16440.58,0.289278,65481.27,0.2463,2030-06-01
NK225E    ,OOP,203006,56500.0,            ,185186518,0000000.0000,0000000.0,7256.28,0.242665,195186518,0000000.0000,0000000.0,16302.87,0.288753,65481.27,0.2463,2030-06-01
NK225E    ,OOP,203006,56750.0,            ,185186718,0000000.0000,0000000.0,7354.98,0.24233,195186718,0000000.0000,0000000.0,16165.84,0.288093,65481.27,0.2463,2030-06-01
NK225E    ,OOP,203006,57000.0,            ,135307018,0000000.0000,0000000.0,7454.4,0.241854,145307018,0000000.0000,0000000.0,16029.53,0.287542,65481.27,0.2463,2030-06-01
NK225E    ,OOP,203006,57250.0,            ,185187218,0000000.0000,0000000.0,7554.75,0.241484,195187218,0000000.0000,0000000.0,15894.14,0.286977,65481.27,0.2463,2030-06-01
NK225E    ,OOP,203006,57500.0,            ,185187518,0000000.0000,0000000.0,7655.85,0.241095,195187518,0000000.0000,0000000.0,15759.5,0.28628,65481.27,0.2463,2030-06-01
NK225E    ,OOP,203006,57750.0,            ,185187718,0000000.0000,0000000.0,7757.66,0.24081,195187718,0000000.0000,0000000.0,15625.59,0.285809,65481.27,0.2463,2030-06-01
NK225E    ,OOP,203006,58000.0,            ,135308018,0000000.0000,0000000.0,7860.2,0.240387,145308018,0000000.0000,0000000.0,15492.38,0.285206,65481.27,0.2463,2030-06-01
NK225E    ,OOP,203006,58250.0,            ,185188218,0000000.0000,0000000.0,7963.7,0.240066,195188218,0000000.0000,0000000.0,15360.15,0.28459,65481.27,0.2463,2030-06-01
NK225E    ,OOP,203006,58500.0,            ,185188518,0000000.0000,0000000.0,8067.87,0.239609,195188518,0000000.0000,0000000.0,15228.59,0.28408,65481.27,0.2463,2030-06-01
NK225E    ,OOP,203006,58750.0,            ,185188718,0000000.0000,0000000.0,8172.85,0.239253,195188718,0000000.0000,0000000.0,15097.83,0.283439,65481.27,0.2463,2030-06-01
NK225E    ,OOP,203006,59000.0,            ,135309018,0000000.0000,0000000.0,8278.49,0.23888,145309018,0000000.0000,0000000.0,14967.75,0.282903,65481.27,0.2463,2030-06-01
NK225E    ,OOP,203006,59250.0,            ,185189218,0000000.0000,0000000.0,8385.07,0.238491,195189218,0000000.0000,0000000.0,14838.59,0.282354,65481.27,0.2463,2030-06-01
NK225E    ,OOP,203006,59500.0,            ,185189518,0000000.0000,0000000.0,8492.45,0.238201,195189518,0000000.0000,0000000.0,14710.23,0.281791,65481.27,0.2463,2030-06-01
NK225E    ,OOP,203006,59750.0,            ,185189718,0000000.0000,0000000.0,8600.5,0.237777,195189718,0000000.0000,0000000.0,14582.55,0.281333,65481.27,0.2463,2030-06-01
NK225E    ,OOP,203006,60000.0,            ,135300018,0000000.0000,0000000.0,8709.3,0.237453,145300018,0000000.0000,0000000.0,14455.62,0.280745,65481.27,0.2463,2030-06-01
NK225E    ,OOP,203006,60250.0,            ,185180218,0000000.0000,0000000.0,8819.04,0.236996,195180218,0000000.0000,0000000.0,14329.62,0.280259,65481.27,0.2463,2030-06-01
NK225E    ,OOP,203006,60500.0,            ,185180518,0000000.0000,0000000.0,8929.49,0.236638,195180518,0000000.0000,0000000.0,14204.34,0.279761,65481.27,0.2463,2030-06-01
NK225E    ,OOP,203006,60750.0,            ,185180718,0000000.0000,0000000.0,9040.74,0.236264,195180718,0000000.0000,0000000.0,14079.85,0.279249,65481.27,0.2463,2030-06-01
NK225E    ,OOP,203006,61000.0,            ,135301018,0000000.0000,0000000.0,9152.66,0.235986,145301018,0000000.0000,0000000.0,13956.04,0.278725,65481.27,0.2463,2030-06-01
NK225E    ,OOP,203006,61250.0,            ,185181218,0000000.0000,0000000.0,9265.55,0.235578,195181218,0000000.0000,0000000.0,13833.2,0.278187,65481.27,0.2463,2030-06-01
NK225E    ,OOP,203006,61500.0,            ,185181518,0000000.0000,0000000.0,9379.2,0.235267,195181518,0000000.0000,0000000.0,13711.11,0.277637,65481.27,0.2463,2030-06-01
NK225E    ,OOP,203006,61750.0,            ,135301718,0000000.0000,0000000.0,9493.56,0.234826,145301718,0000000.0000,0000000.0,13589.74,0.277188,65481.27,0.2463,2030-06-01
NK225E    ,OOP,203006,62000.0,            ,135302018,0000000.0000,0000000.0,9608.63,0.234482,145302018,0000000.0000,0000000.0,13469.08,0.276725,65481.27,0.2463,2030-06-01
NK225E    ,OOP,203006,62250.0,            ,135302218,0000000.0000,0000000.0,9724.73,0.234121,145302218,0000000.0000,0000000.0,13349.43,0.276137,65481.27,0.2463,2030-06-01
NK225E    ,OOP,203006,62500.0,            ,135182518,0000000.0000,0000000.0,9841.53,0.233745,145182518,0000000.0000,0000000.0,13230.5,0.27576,65481.27,0.2463,2030-06-01
NK225E    ,OOP,203006,62750.0,            ,135302718,0000000.0000,0000000.0,9959.03,0.233462,145302718,0000000.0000,0000000.0,13112.27,0.275258,65481.27,0.2463,2030-06-01
NK225E    ,OOP,203006,63000.0,            ,135303018,0000000.0000,0000000.0,10077.25,0.233053,145303018,0000000.0000,0000000.0,12994.75,0.274744,65481.27,0.2463,2030-06-01
NK225E    ,OOP,203006,63250.0,            ,135303218,0000000.0000,0000000.0,10196.53,0.232738,145303218,0000000.0000,0000000.0,12878.3,0.274328,65481.27,0.2463,2030-06-01
NK225E    ,OOP,203006,63500.0,            ,135303518,0000000.0000,0000000.0,10316.52,0.232407,145303518,0000000.0000,0000000.0,12762.56,0.273788,65481.27,0.2463,2030-06-01
NK225E    ,OOP,203006,63750.0,            ,135303718,0000000.0000,0000000.0,10437.21,0.23206,145303718,0000000.0000,0000000.0,12647.51,0.273346,65481.27,0.2463,2030-06-01
NK225E    ,OOP,203006,64000.0,            ,135304018,0000000.0000,0000000.0,10558.65,0.231697,145304018,0000000.0000,0000000.0,12533.22,0.272891,65481.27,0.2463,2030-06-01
NK225E    ,OOP,203006,64250.0,            ,135304218,0000000.0000,0000000.0,10681.11,0.231318,145304218,0000000.0000,0000000.0,12419.95,0.272423,65481.27,0.2463,2030-06-01
NK225E    ,OOP,203006,64500.0,            ,135304518,0000000.0000,0000000.0,10804.32,0.230923,145304518,0000000.0000,0000000.0,12307.42,0.271943,65481.27,0.2463,2030-06-01
NK225E    ,OOP,203006,64750.0,            ,135304718,0000000.0000,0000000.0,10928.18,0.230621,145304718,0000000.0000,0000000.0,12195.55,0.271559,65481.27,0.2463,2030-06-01
NK225E    ,OOP,203006,65000.0,            ,185305018,0000000.0000,0000000.0,11052.79,0.230303,195305018,0000000.0000,0000000.0,12084.42,0.271054,65481.27,0.2463,2030-06-01
NK225E    ,OOP,203006,65250.0,            ,135305218,0000000.0000,0000000.0,11178.51,0.22997,145305218,0000000.0000,0000000.0,11974.41,0.270644,65481.27,0.2463,2030-06-01
NK225E    ,OOP,203006,65500.0,            ,135305518,0000000.0000,0000000.0,11304.93,0.22962,145305518,0000000.0000,0000000.0,11865.09,0.270222,65481.27,0.2463,2030-06-01
NK225E    ,OOP,203006,65750.0,            ,135305718,0000000.0000,0000000.0,11432.04,0.229255,145305718,0000000.0000,0000000.0,11756.47,0.269787,65481.27,0.2463,2030-06-01
NK225E    ,OOP,203006,66000.0,            ,185306018,0000000.0000,0000000.0,11559.84,0.228875,195306018,0000000.0000,0000000.0,11648.54,0.269447,65481.27,0.2463,2030-06-01
NK225E    ,OOP,203006,66250.0,            ,135306218,0000000.0000,0000000.0,11688.75,0.228586,145306218,0000000.0000,0000000.0,11541.72,0.268987,65481.27,0.2463,2030-06-01
NK225E    ,OOP,203006,66500.0,            ,135306518,0000000.0000,0000000.0,11818.41,0.228281,145306518,0000000.0000,0000000.0,11435.63,0.268622,65481.27,0.2463,2030-06-01
NK225E    ,OOP,203006,66750.0,            ,135306718,0000000.0000,0000000.0,11948.75,0.227961,145306718,0000000.0000,0000000.0,11330.24,0.268136,65481.27,0.2463,2030-06-01
NK225E    ,OOP,203006,67000.0,            ,185307018,0000000.0000,0000000.0,12079.78,0.227625,195307018,0000000.0000,0000000.0,11225.54,0.267745,65481.27,0.2463,2030-06-01
NK225E    ,OOP,203006,67250.0,            ,135307218,0000000.0000,0000000.0,12211.96,0.227274,145307218,0000000.0000,0000000.0,11121.99,0.267342,65481.27,0.2463,2030-06-01
NK225E    ,OOP,203006,67500.0,            ,135307518,0000000.0000,0000000.0,12344.83,0.226907,145307518,0000000.0000,0000000.0,11019.12,0.266926,65481.27,0.2463,2030-06-01
NK225E    ,OOP,203006,67750.0,            ,135307718,0000000.0000,0000000.0,12478.38,0.226631,145307718,0000000.0000,0000000.0,10916.94,0.266604,65481.27,0.2463,2030-06-01
NK225E    ,OOP,203006,68000.0,            ,185308018,0000000.0000,0000000.0,12612.66,0.226235,195308018,0000000.0000,0000000.0,10815.48,0.266163,65481.27,0.2463,2030-06-01
NK225E    ,OOP,203006,68250.0,            ,135308218,0000000.0000,0000000.0,12748.09,0.225928,145308218,0000000.0000,0000000.0,10715.17,0.265817,65481.27,0.2463,2030-06-01
NK225E    ,OOP,203006,68500.0,            ,135308518,0000000.0000,0000000.0,12884.19,0.225607,145308518,0000000.0000,0000000.0,10615.55,0.265457,65481.27,0.2463,2030-06-01
NK225E    ,OOP,203006,68750.0,            ,135308718,0000000.0000,0000000.0,13020.97,0.225375,145308718,0000000.0000,0000000.0,10516.59,0.265085,65481.27,0.2463,2030-06-01
NK225E    ,OOP,203006,69000.0,            ,185309018,0000000.0000,0000000.0,13158.48,0.225023,195309018,0000000.0000,0000000.0,10418.36,0.2647,65481.27,0.2463,2030-06-01
NK225E    ,OOP,203006,69250.0,            ,135309218,0000000.0000,0000000.0,13297.17,0.224656,145309218,0000000.0000,0000000.0,10321.32,0.264409,65481.27,0.2463,2030-06-01
NK225E    ,OOP,203006,69500.0,            ,135309518,0000000.0000,0000000.0,13436.54,0.224379,145309518,0000000.0000,0000000.0,10224.95,0.264,65481.27,0.2463,2030-06-01
NK225E    ,OOP,203006,69750.0,            ,135309718,0000000.0000,0000000.0,13576.57,0.224087,145309718,0000000.0000,0000000.0,10129.25,0.263684,65481.27,0.2463,2030-06-01
NK225E    ,OOP,203006,70000.0,            ,185300018,0000000.0000,0000000.0,13717.26,0.22378,195300018,0000000.0000,0000000.0,10034.21,0.263355,65481.27,0.2463,2030-06-01
NK225E    ,OOP,203006,70250.0,            ,135300218,0000000.0000,0000000.0,13859.19,0.223458,145300218,0000000.0000,0000000.0,9940.41,0.263014,65481.27,0.2463,2030-06-01
NK225E    ,OOP,203006,70500.0,            ,135300518,0000000.0000,0000000.0,14001.78,0.223121,145300518,0000000.0000,0000000.0,9847.26,0.262661,65481.27,0.2463,2030-06-01
NK225E    ,OOP,203006,70750.0,            ,135300718,0000000.0000,0000000.0,14145.03,0.222874,145300718,0000000.0000,0000000.0,9754.78,0.262296,65481.27,0.2463,2030-06-01
NK225E    ,OOP,203006,71000.0,            ,185301018,0000000.0000,0000000.0,14288.98,0.222508,195301018,0000000.0000,0000000.0,9663.0,0.262023,65481.27,0.2463,2030-06-01
NK225E    ,OOP,203006,71250.0,            ,135301218,0000000.0000,0000000.0,14434.11,0.222231,145301218,0000000.0000,0000000.0,9572.39,0.261633,65481.27,0.2463,2030-06-01
NK225E    ,OOP,203006,71500.0,            ,135301518,0000000.0000,0000000.0,14579.94,0.22194,145301518,0000000.0000,0000000.0,9482.48,0.261336,65481.27,0.2463,2030-06-01
NK225E    ,OOP,203006,71750.0,            ,185301718,0000000.0000,0000000.0,14726.42,0.221634,195301718,0000000.0000,0000000.0,9393.23,0.261027,65481.27,0.2463,2030-06-01
NK225E    ,OOP,203006,72000.0,            ,185302018,0000000.0000,0000000.0,14873.54,0.221417,195302018,0000000.0000,0000000.0,9304.61,0.260705,65481.27,0.2463,2030-06-01
NK225E    ,OOP,203006,72250.0,            ,185302218,0000000.0000,0000000.0,15021.88,0.221082,195302218,0000000.0000,0000000.0,9217.22,0.260477,65481.27,0.2463,2030-06-01
NK225E    ,OOP,203006,72500.0,            ,185302518,0000000.0000,0000000.0,15170.9,0.220836,195302518,0000000.0000,0000000.0,9130.51,0.260131,65481.27,0.2463,2030-06-01
NK225E    ,OOP,203006,72750.0,            ,185302718,0000000.0000,0000000.0,15320.52,0.220576,195302718,0000000.0000,0000000.0,9044.39,0.259878,65481.27,0.2463,2030-06-01
NK225E    ,OOP,203006,73000.0,            ,185303018,0000000.0000,0000000.0,15470.81,0.220302,195303018,0000000.0000,0000000.0,8958.95,0.259613,65481.27,0.2463,2030-06-01
NK225E    ,OOP,203006,73250.0,            ,185303218,0000000.0000,0000000.0,15622.32,0.220013,195303218,0000000.0000,0000000.0,8874.72,0.259336,65481.27,0.2463,2030-06-01
NK225E    ,OOP,203006,73500.0,            ,185303518,0000000.0000,0000000.0,15774.5,0.219709,195303518,0000000.0000,0000000.0,8791.17,0.259047,65481.27,0.2463,2030-06-01
NK225E    ,OOP,203006,73750.0,            ,185303718,0000000.0000,0000000.0,15927.3,0.219391,195303718,0000000.0000,0000000.0,8708.24,0.258746,65481.27,0.2463,2030-06-01
NK225E    ,OOP,203006,74000.0,            ,185304018,0000000.0000,0000000.0,16080.73,0.219164,195304018,0000000.0000,0000000.0,8625.93,0.258434,65481.27,0.2463,2030-06-01
NK225E    ,OOP,203006,74250.0,            ,185304218,0000000.0000,0000000.0,16235.35,0.218922,195304218,0000000.0000,0000000.0,8544.82,0.258213,65481.27,0.2463,2030-06-01
NK225E    ,OOP,203006,74500.0,            ,185304518,0000000.0000,0000000.0,16390.63,0.218665,195304518,0000000.0000,0000000.0,8464.37,0.257982,65481.27,0.2463,2030-06-01
NK225E    ,OOP,203006,74750.0,            ,185304718,0000000.0000,0000000.0,16546.53,0.218395,195304718,0000000.0000,0000000.0,8384.53,0.257738,65481.27,0.2463,2030-06-01
NK225E    ,OOP,203006,75000.0,            ,135425018,0000000.0000,0000000.0,16703.04,0.218111,145425018,0000000.0000,0000000.0,8305.3,0.257483,65481.27,0.2463,2030-06-01
NK225E    ,OOP,203006,75250.0,            ,185305218,0000000.0000,0000000.0,16860.73,0.217812,195305218,0000000.0000,0000000.0,8227.26,0.257216,65481.27,0.2463,2030-06-01
NK225E    ,OOP,203006,75500.0,            ,185305518,0000000.0000,0000000.0,17019.07,0.217604,195305518,0000000.0000,0000000.0,8149.86,0.256937,65481.27,0.2463,2030-06-01
NK225E    ,OOP,203006,75750.0,            ,185305718,0000000.0000,0000000.0,17178.01,0.217277,195305718,0000000.0000,0000000.0,8073.07,0.256752,65481.27,0.2463,2030-06-01
NK225E    ,OOP,203006,76000.0,            ,135426018,0000000.0000,0000000.0,17337.54,0.217041,145426018,0000000.0000,0000000.0,7996.87,0.25645,65481.27,0.2463,2030-06-01
NK225E    ,OOP,203006,76250.0,            ,185306218,0000000.0000,0000000.0,17499.1,0.216791,195306218,0000000.0000,0000000.0,7922.7,0.256346,65481.27,0.2463,2030-06-01
NK225E    ,OOP,203006,77500.0,            ,185307518,0000000.0000,0000000.0,18315.66,0.215651,195307518,0000000.0000,0000000.0,7560.58,0.255341,65481.27,0.2463,2030-06-01
NK225E    ,OOP,203006,80000.0,            ,135420018,0000000.0000,0000000.0,19991.25,0.213308,145420018,0000000.0000,0000000.0,6878.83,0.253441,65481.27,0.2463,2030-06-01
NK225E    ,OOP,203006,85000.0,            ,185425018,0000000.0000,0000000.0,23534.99,0.208807,195425018,0000000.0000,0000000.0,5707.89,0.250609,65481.27,0.2463,2030-06-01
NK225E    ,OOP,203006,90000.0,            ,185420018,0000000.0000,0000000.0,27256.96,0.203525,195420018,0000000.0000,0000000.0,4715.18,0.247988,65481.27,0.2463,2030-06-01
NK225E    ,OOP,203012,15000.0,            ,185125018,0000000.0000,0000000.0,74.71,0.312848,195125018,0000000.0000,0000000.0,47944.6,0.674837,65481.27,0.2463,2030-12-01
NK225E    ,OOP,203012,16000.0,            ,185126018,0000000.0000,0000000.0,102.32,0.313093,195126018,0000000.0000,0000000.0,47036.69,0.647571,65481.27,0.2463,2030-12-01
NK225E    ,OOP,203012,17000.0,            ,185127018,0000000.0000,0000000.0,136.48,0.312433,195127018,0000000.0000,0000000.0,46135.33,0.622824,65481.27,0.2463,2030-12-01
NK225E    ,OOP,203012,18000.0,            ,185128018,0000000.0000,0000000.0,177.92,0.312393,195128018,0000000.0000,0000000.0,45241.25,0.600236,65481.27,0.2463,2030-12-01
NK225E    ,OOP,203012,19000.0,            ,185129018,0000000.0000,0000000.0,227.33,0.312241,195129018,0000000.0000,0000000.0,44355.15,0.5799,65481.27,0.2463,2030-12-01
NK225E    ,OOP,203012,20000.0,            ,185120018,0000000.0000,0000000.0,285.38,0.311888,195120018,0000000.0000,0000000.0,43477.68,0.56116,65481.27,0.2463,2030-12-01
NK225E    ,OOP,203012,21000.0,            ,185121018,0000000.0000,0000000.0,352.69,0.311679,195121018,0000000.0000,0000000.0,42609.47,0.544168,65481.27,0.2463,2030-12-01
NK225E    ,OOP,203012,21750.0,            ,185121718,0000000.0000,0000000.0,409.59,0.312199,195121718,0000000.0000,0000000.0,41964.73,0.532423,65481.27,0.2463,2030-12-01
NK225E    ,OOP,203012,22000.0,            ,185122018,0000000.0000,0000000.0,429.83,0.311628,195122018,0000000.0000,0000000.0,41751.09,0.528715,65481.27,0.2463,2030-12-01
NK225E    ,OOP,203012,22250.0,            ,185122218,0000000.0000,0000000.0,450.71,0.311766,195122218,0000000.0000,0000000.0,41538.09,0.52505,65481.27,0.2463,2030-12-01
NK225E    ,OOP,203012,22500.0,            ,135122518,0000000.0000,0000000.0,472.25,0.311802,145122518,0000000.0000,0000000.0,41325.75,0.521427,65481.27,0.2463,2030-12-01
NK225E    ,OOP,203012,22750.0,            ,135122718,0000000.0000,0000000.0,494.45,0.311744,145122718,0000000.0000,0000000.0,41114.07,0.517846,65481.27,0.2463,2030-12-01
NK225E    ,OOP,203012,23000.0,            ,135123018,0000000.0000,0000000.0,517.32,0.311602,145123018,0000000.0000,0000000.0,40903.06,0.514304,65481.27,0.2463,2030-12-01
NK225E    ,OOP,203012,23250.0,            ,135123218,0000000.0000,0000000.0,540.87,0.311381,145123218,0000000.0000,0000000.0,40692.73,0.511115,65481.27,0.2463,2030-12-01
NK225E    ,OOP,203012,23500.0,            ,135123518,0000000.0000,0000000.0,565.1,0.311736,145123518,0000000.0000,0000000.0,40483.08,0.507647,65481.27,0.2463,2030-12-01
NK225E    ,OOP,203012,23750.0,            ,135123718,0000000.0000,0000000.0,590.03,0.311358,145123718,0000000.0000,0000000.0,40274.13,0.504523,65481.27,0.2463,2030-12-01
NK225E    ,OOP,203012,24000.0,            ,135124018,0000000.0000,0000000.0,615.65,0.311529,145124018,0000000.0000,0000000.0,40065.87,0.501429,65481.27,0.2463,2030-12-01
NK225E    ,OOP,203012,24250.0,            ,135124218,0000000.0000,0000000.0,641.97,0.31102,145124218,0000000.0000,0000000.0,39858.31,0.498364,65481.27,0.2463,2030-12-01
NK225E    ,OOP,203012,24500.0,            ,135124518,0000000.0000,0000000.0,669.01,0.311035,145124518,0000000.0000,0000000.0,39651.47,0.495326,65481.27,0.2463,2030-12-01
NK225E    ,OOP,203012,24750.0,            ,135124718,0000000.0000,0000000.0,696.76,0.310971,145124718,0000000.0000,0000000.0,39445.34,0.492316,65481.27,0.2463,2030-12-01
NK225E    ,OOP,203012,25000.0,            ,135125018,0000000.0000,0000000.0,725.24,0.310836,145125018,0000000.0000,0000000.0,39239.94,0.489333,65481.27,0.2463,2030-12-01
NK225E    ,OOP,203012,25250.0,            ,135125218,0000000.0000,0000000.0,754.44,0.31116,145125218,0000000.0000,0000000.0,39035.26,0.486664,65481.27,0.2463,2030-12-01
NK225E    ,OOP,203012,25500.0,            ,135125518,0000000.0000,0000000.0,784.38,0.310881,145125518,0000000.0000,0000000.0,38831.32,0.484015,65481.27,0.2463,2030-12-01
NK225E    ,OOP,203012,25750.0,            ,135125718,0000000.0000,0000000.0,815.05,0.311044,145125718,0000000.0000,0000000.0,38628.12,0.481102,65481.27,0.2463,2030-12-01
NK225E    ,OOP,203012,26000.0,            ,135126018,0000000.0000,0000000.0,846.47,0.310644,145126018,0000000.0000,0000000.0,38425.66,0.478493,65481.27,0.2463,2030-12-01
NK225E    ,OOP,203012,26250.0,            ,135126218,0000000.0000,0000000.0,878.64,0.310667,145126218,0000000.0000,0000000.0,38223.94,0.475903,65481.27,0.2463,2030-12-01
NK225E    ,OOP,203012,26500.0,            ,135126518,0000000.0000,0000000.0,911.56,0.310622,145126518,0000000.0000,0000000.0,38022.99,0.473603,65481.27,0.2463,2030-12-01
NK225E    ,OOP,203012,26750.0,            ,135126718,0000000.0000,0000000.0,945.24,0.310513,145126718,0000000.0000,0000000.0,37822.79,0.471045,65481.27,0.2463,2030-12-01
NK225E    ,OOP,203012,27000.0,            ,135127018,0000000.0000,0000000.0,979.69,0.310781,145127018,0000000.0000,0000000.0,37623.35,0.468504,65481.27,0.2463,2030-12-01
NK225E    ,OOP,203012,27250.0,            ,135127218,0000000.0000,0000000.0,1014.9,0.310545,145127218,0000000.0000,0000000.0,37424.68,0.466245,65481.27,0.2463,2030-12-01
NK225E    ,OOP,203012,27500.0,            ,135127518,0000000.0000,0000000.0,1050.88,0.310675,145127518,0000000.0000,0000000.0,37226.79,0.463996,65481.27,0.2463,2030-12-01
NK225E    ,OOP,203012,27750.0,            ,135127718,0000000.0000,0000000.0,1087.64,0.31033,145127718,0000000.0000,0000000.0,37029.66,0.461759,65481.27,0.2463,2030-12-01
NK225E    ,OOP,203012,28000.0,            ,135128018,0000000.0000,0000000.0,1125.17,0.310337,145128018,0000000.0000,0000000.0,36833.32,0.459532,65481.27,0.2463,2030-12-01
NK225E    ,OOP,203012,28250.0,            ,135128218,0000000.0000,0000000.0,1146.5,0.309115,145128218,0000000.0000,0000000.0,36620.77,0.456552,65481.27,0.2463,2030-12-01
NK225E    ,OOP,203012,28500.0,            ,135128518,0000000.0000,0000000.0,1167.97,0.307882,145128518,0000000.0000,0000000.0,36408.36,0.453597,65481.27,0.2463,2030-12-01
NK225E    ,OOP,203012,28750.0,            ,135128718,0000000.0000,0000000.0,1189.58,0.306637,145128718,0000000.0000,0000000.0,36196.09,0.450666,65481.27,0.2463,2030-12-01
NK225E    ,OOP,203012,29000.0,            ,135129018,0000000.0000,0000000.0,1211.34,0.30501,145129018,0000000.0000,0000000.0,35983.97,0.447758,65481.27,0.2463,2030-12-01
NK225E    ,OOP,203012,29250.0,            ,135129218,0000000.0000,0000000.0,1234.69,0.304118,145129218,0000000.0000,0000000.0,35773.43,0.444874,65481.27,0.2463,2030-12-01
NK225E    ,OOP,203012,29500.0,            ,135129518,0000000.0000,0000000.0,1258.22,0.302844,145129518,0000000.0000,0000000.0,35563.09,0.442256,65481.27,0.2463,2030-12-01
NK225E    ,OOP,203012,29750.0,            ,135129718,0000000.0000,0000000.0,1281.94,0.301562,145129718,0000000.0000,0000000.0,35352.93,0.439414,65481.27,0.2463,2030-12-01
NK225E    ,OOP,203012,30000.0,            ,135120018,0000000.0000,0000000.0,1305.84,0.300271,145120018,0000000.0000,0000000.0,35142.95,0.436834,65481.27,0.2463,2030-12-01
NK225E    ,OOP,203012,30250.0,            ,135120218,0000000.0000,0000000.0,1331.33,0.299317,145120218,0000000.0000,0000000.0,34934.56,0.434271,65481.27,0.2463,2030-12-01
NK225E    ,OOP,203012,30500.0,            ,135120518,0000000.0000,0000000.0,1357.05,0.298006,145120518,0000000.0000,0000000.0,34726.4,0.431489,65481.27,0.2463,2030-12-01
NK225E    ,OOP,203012,30750.0,            ,135120718,0000000.0000,0000000.0,1382.98,0.297022,145120718,0000000.0000,0000000.0,34518.45,0.428961,65481.27,0.2463,2030-12-01
NK225E    ,OOP,203012,31000.0,            ,135121018,0000000.0000,0000000.0,1409.15,0.296022,145121018,0000000.0000,0000000.0,34310.74,0.426449,65481.27,0.2463,2030-12-01
NK225E    ,OOP,203012,31250.0,            ,135121218,0000000.0000,0000000.0,1436.9,0.295007,145121218,0000000.0000,0000000.0,34104.61,0.423953,65481.27,0.2463,2030-12-01
NK225E    ,OOP,203012,31500.0,            ,135121518,0000000.0000,0000000.0,1464.93,0.293976,145121518,0000000.0000,0000000.0,33898.76,0.421699,65481.27,0.2463,2030-12-01
NK225E    ,OOP,203012,31750.0,            ,135121718,0000000.0000,0000000.0,1493.21,0.292932,145121718,0000000.0000,0000000.0,33693.16,0.419231,65481.27,0.2463,2030-12-01
NK225E    ,OOP,203012,32000.0,            ,135122018,0000000.0000,0000000.0,1521.76,0.291873,145122018,0000000.0000,0000000.0,33487.83,0.416778,65481.27,0.2463,2030-12-01
NK225E    ,OOP,203012,32250.0,            ,135122218,0000000.0000,0000000.0,1551.9,0.290802,145122218,0000000.0000,0000000.0,33284.09,0.414561,65481.27,0.2463,2030-12-01
NK225E    ,OOP,203012,32500.0,            ,185122518,0000000.0000,0000000.0,1582.34,0.290019,195122518,0000000.0000,0000000.0,33080.65,0.412135,65481.27,0.2463,2030-12-01
NK225E    ,OOP,203012,32750.0,            ,185122718,0000000.0000,0000000.0,1613.08,0.288919,195122718,0000000.0000,0000000.0,32877.51,0.409941,65481.27,0.2463,2030-12-01
NK225E    ,OOP,203012,33000.0,            ,185123018,0000000.0000,0000000.0,1644.14,0.288099,195123018,0000000.0000,0000000.0,32674.69,0.407757,65481.27,0.2463,2030-12-01
NK225E    ,OOP,203012,33250.0,            ,185123218,0000000.0000,0000000.0,1676.78,0.287261,195123218,0000000.0000,0000000.0,32473.45,0.405582,65481.27,0.2463,2030-12-01
NK225E    ,OOP,203012,33500.0,            ,185123518,0000000.0000,0000000.0,1709.76,0.286404,195123518,0000000.0000,0000000.0,32272.55,0.403417,65481.27,0.2463,2030-12-01
NK225E    ,OOP,203012,33750.0,            ,185123718,0000000.0000,0000000.0,1743.07,0.28553,195123718,0000000.0000,0000000.0,32071.99,0.401262,65481.27,0.2463,2030-12-01
NK225E    ,OOP,203012,34000.0,            ,185124018,0000000.0000,0000000.0,1776.72,0.284639,195124018,0000000.0000,0000000.0,31871.76,0.399324,65481.27,0.2463,2030-12-01
NK225E    ,OOP,203012,34250.0,            ,185124218,0000000.0000,0000000.0,1811.96,0.283732,195124218,0000000.0000,0000000.0,31673.11,0.397186,65481.27,0.2463,2030-12-01
NK225E    ,OOP,203012,34500.0,            ,185124518,0000000.0000,0000000.0,1847.57,0.282809,195124518,0000000.0000,0000000.0,31474.84,0.395261,65481.27,0.2463,2030-12-01
NK225E    ,OOP,203012,34750.0,            ,185124718,0000000.0000,0000000.0,1883.55,0.282135,195124718,0000000.0000,0000000.0,31276.94,0.393342,65481.27,0.2463,2030-12-01
NK225E    ,OOP,203012,35000.0,            ,135245018,0000000.0000,0000000.0,1919.92,0.28118,145245018,0000000.0000,0000000.0,31079.44,0.391227,65481.27,0.2463,2030-12-01
NK225E    ,OOP,203012,35250.0,            ,185125218,0000000.0000,0000000.0,1957.85,0.280467,195125218,0000000.0000,0000000.0,30883.48,0.38932,65481.27,0.2463,2030-12-01
NK225E    ,OOP,203012,35500.0,            ,185125518,0000000.0000,0000000.0,1996.18,0.279735,195125518,0000000.0000,0000000.0,30687.93,0.387617,65481.27,0.2463,2030-12-01
NK225E    ,OOP,203012,35750.0,            ,185125718,0000000.0000,0000000.0,2034.91,0.278983,195125718,0000000.0000,0000000.0,30492.79,0.385719,65481.27,0.2463,2030-12-01
NK225E    ,OOP,203012,36000.0,            ,135246018,0000000.0000,0000000.0,2074.06,0.278213,145246018,0000000.0000,0000000.0,30298.06,0.383825,65481.27,0.2463,2030-12-01
NK225E    ,OOP,203012,36250.0,            ,185126218,0000000.0000,0000000.0,2114.75,0.277667,195126218,0000000.0000,0000000.0,30104.87,0.38213,65481.27,0.2463,2030-12-01
NK225E    ,OOP,203012,36500.0,            ,185126518,0000000.0000,0000000.0,2155.9,0.276859,195126518,0000000.0000,0000000.0,29912.14,0.380246,65481.27,0.2463,2030-12-01
NK225E    ,OOP,203012,36750.0,            ,185126718,0000000.0000,0000000.0,2197.47,0.276033,195126718,0000000.0000,0000000.0,29719.83,0.378556,65481.27,0.2463,2030-12-01
NK225E    ,OOP,203012,37000.0,            ,135247018,0000000.0000,0000000.0,2239.5,0.275426,145247018,0000000.0000,0000000.0,29527.98,0.376867,65481.27,0.2463,2030-12-01
NK225E    ,OOP,203012,37250.0,            ,185127218,0000000.0000,0000000.0,2283.04,0.274797,195127218,0000000.0000,0000000.0,29337.64,0.375181,65481.27,0.2463,2030-12-01
NK225E    ,OOP,203012,37500.0,            ,185127518,0000000.0000,0000000.0,2327.04,0.274147,195127518,0000000.0000,0000000.0,29147.76,0.373496,65481.27,0.2463,2030-12-01
NK225E    ,OOP,203012,37750.0,            ,185127718,0000000.0000,0000000.0,2371.52,0.273478,195127718,0000000.0000,0000000.0,28958.36,0.371812,65481.27,0.2463,2030-12-01
NK225E    ,OOP,203012,38000.0,            ,135248018,0000000.0000,0000000.0,2416.47,0.272789,145248018,0000000.0000,0000000.0,28769.43,0.370313,65481.27,0.2463,2030-12-01
NK225E    ,OOP,203012,38250.0,            ,185128218,0000000.0000,0000000.0,2462.91,0.2723,195128218,0000000.0000,0000000.0,28581.99,0.368632,65481.27,0.2463,2030-12-01
NK225E    ,OOP,203012,38500.0,            ,185128518,0000000.0000,0000000.0,2509.85,0.271573,195128518,0000000.0000,0000000.0,28395.05,0.367132,65481.27,0.2463,2030-12-01
NK225E    ,OOP,203012,38750.0,            ,185128718,0000000.0000,0000000.0,2557.29,0.271041,195128718,0000000.0000,0000000.0,28208.61,0.36563,65481.27,0.2463,2030-12-01
NK225E    ,OOP,203012,39000.0,            ,135249018,0000000.0000,0000000.0,2605.23,0.270277,145249018,0000000.0000,0000000.0,28022.67,0.364128,65481.27,0.2463,2030-12-01
NK225E    ,OOP,203012,39250.0,            ,185129218,0000000.0000,0000000.0,2654.62,0.269705,195129218,0000000.0000,0000000.0,27838.18,0.362624,65481.27,0.2463,2030-12-01
NK225E    ,OOP,203012,39500.0,            ,185129518,0000000.0000,0000000.0,2704.53,0.269113,195129518,0000000.0000,0000000.0,27654.21,0.361119,65481.27,0.2463,2030-12-01
NK225E    ,OOP,203012,39750.0,            ,185129718,0000000.0000,0000000.0,2754.97,0.268704,195129718,0000000.0000,0000000.0,27470.77,0.359786,65481.27,0.2463,2030-12-01
NK225E    ,OOP,203012,40000.0,            ,135240018,0000000.0000,0000000.0,2805.97,0.26807,145240018,0000000.0000,0000000.0,27287.89,0.358278,65481.27,0.2463,2030-12-01
NK225E    ,OOP,203012,40250.0,            ,185120218,0000000.0000,0000000.0,2858.32,0.267418,195120218,0000000.0000,0000000.0,27106.36,0.356939,65481.27,0.2463,2030-12-01
NK225E    ,OOP,203012,40500.0,            ,185120518,0000000.0000,0000000.0,2911.25,0.266944,195120518,0000000.0000,0000000.0,26925.41,0.355596,65481.27,0.2463,2030-12-01
NK225E    ,OOP,203012,40750.0,            ,185120718,0000000.0000,0000000.0,2964.73,0.266449,195120718,0000000.0000,0000000.0,26745.01,0.35425,65481.27,0.2463,2030-12-01
NK225E    ,OOP,203012,41000.0,            ,135241018,0000000.0000,0000000.0,3018.76,0.265932,145241018,0000000.0000,0000000.0,26565.17,0.352901,65481.27,0.2463,2030-12-01
NK225E    ,OOP,203012,41250.0,            ,185121218,0000000.0000,0000000.0,3074.16,0.265395,195121218,0000000.0000,0000000.0,26386.69,0.351548,65481.27,0.2463,2030-12-01
NK225E    ,OOP,203012,41500.0,            ,185121518,0000000.0000,0000000.0,3130.14,0.264838,195121518,0000000.0000,0000000.0,26208.78,0.350356,65481.27,0.2463,2030-12-01
NK225E    ,OOP,203012,41750.0,            ,135241718,0000000.0000,0000000.0,3186.68,0.264262,145241718,0000000.0000,0000000.0,26031.44,0.348996,65481.27,0.2463,2030-12-01
NK225E    ,OOP,203012,42000.0,            ,135242018,0000000.0000,0000000.0,3243.8,0.26385,145242018,0000000.0000,0000000.0,25854.68,0.347794,65481.27,0.2463,2030-12-01
NK225E    ,OOP,203012,42250.0,            ,135242218,0000000.0000,0000000.0,3302.22,0.263235,145242218,0000000.0000,0000000.0,25679.23,0.346587,65481.27,0.2463,2030-12-01
NK225E    ,OOP,203012,42500.0,            ,185242518,0000000.0000,0000000.0,3361.24,0.262782,195242518,0000000.0000,0000000.0,25504.36,0.345375,65481.27,0.2463,2030-12-01
NK225E    ,OOP,203012,42750.0,            ,135242718,0000000.0000,0000000.0,3420.85,0.262308,145242718,0000000.0000,0000000.0,25330.09,0.344157,65481.27,0.2463,2030-12-01
NK225E    ,OOP,203012,43000.0,            ,135243018,0000000.0000,0000000.0,3481.08,0.261814,145243018,0000000.0000,0000000.0,25156.44,0.342934,65481.27,0.2463,2030-12-01
NK225E    ,OOP,203012,43250.0,            ,135243218,0000000.0000,0000000.0,3542.55,0.2613,145243218,0000000.0000,0000000.0,24984.03,0.341706,65481.27,0.2463,2030-12-01
NK225E    ,OOP,203012,43500.0,            ,135243518,0000000.0000,0000000.0,3604.63,0.260767,145243518,0000000.0000,0000000.0,24812.23,0.340629,65481.27,0.2463,2030-12-01
NK225E    ,OOP,203012,43750.0,            ,135243718,0000000.0000,0000000.0,3667.31,0.260386,145243718,0000000.0000,0000000.0,24641.04,0.339544,65481.27,0.2463,2030-12-01
NK225E    ,OOP,203012,44000.0,            ,135244018,0000000.0000,0000000.0,3730.6,0.259983,145244018,0000000.0000,0000000.0,24470.45,0.338453,65481.27,0.2463,2030-12-01
NK225E    ,OOP,203012,44250.0,            ,135244218,0000000.0000,0000000.0,3795.12,0.259394,145244218,0000000.0000,0000000.0,24301.08,0.337354,65481.27,0.2463,2030-12-01
NK225E    ,OOP,203012,44500.0,            ,135244518,0000000.0000,0000000.0,3860.26,0.258952,145244518,0000000.0000,0000000.0,24132.34,0.33625,65481.27,0.2463,2030-12-01
NK225E    ,OOP,203012,44750.0,            ,135244718,0000000.0000,0000000.0,3926.02,0.25849,145244718,0000000.0000,0000000.0,23964.22,0.335138,65481.27,0.2463,2030-12-01
NK225E    ,OOP,203012,45000.0,            ,185245018,0000000.0000,0000000.0,3992.4,0.258171,195245018,0000000.0000,0000000.0,23796.72,0.334021,65481.27,0.2463,2030-12-01
NK225E    ,OOP,203012,45250.0,            ,135245218,0000000.0000,0000000.0,4059.94,0.25767,145245218,0000000.0000,0000000.0,23630.39,0.333044,65481.27,0.2463,2030-12-01
NK225E    ,OOP,203012,45500.0,            ,135245518,0000000.0000,0000000.0,4128.12,0.257151,145245518,0000000.0000,0000000.0,23464.68,0.33206,65481.27,0.2463,2030-12-01
NK225E    ,OOP,203012,45750.0,            ,135245718,0000000.0000,0000000.0,4196.93,0.256771,145245718,0000000.0000,0000000.0,23299.62,0.331068,65481.27,0.2463,2030-12-01
NK225E    ,OOP,203012,46000.0,            ,185246018,0000000.0000,0000000.0,4266.37,0.256371,195246018,0000000.0000,0000000.0,23135.18,0.330068,65481.27,0.2463,2030-12-01
NK225E    ,OOP,203012,46250.0,            ,135246218,0000000.0000,0000000.0,4336.92,0.255952,145246218,0000000.0000,0000000.0,22971.84,0.32906,65481.27,0.2463,2030-12-01
NK225E    ,OOP,203012,46500.0,            ,135246518,0000000.0000,0000000.0,4408.13,0.255513,145246518,0000000.0000,0000000.0,22809.18,0.328045,65481.27,0.2463,2030-12-01
NK225E    ,OOP,203012,46750.0,            ,135246718,0000000.0000,0000000.0,4479.99,0.255056,145246718,0000000.0000,0000000.0,22647.16,0.327164,65481.27,0.2463,2030-12-01
NK225E    ,OOP,203012,47000.0,            ,185247018,0000000.0000,0000000.0,4552.5,0.254581,195247018,0000000.0000,0000000.0,22485.79,0.326133,65481.27,0.2463,2030-12-01
NK225E    ,OOP,203012,47250.0,            ,135247218,0000000.0000,0000000.0,4626.06,0.254237,145247218,0000000.0000,0000000.0,22325.46,0.325235,65481.27,0.2463,2030-12-01
NK225E    ,OOP,203012,47500.0,            ,135247518,0000000.0000,0000000.0,4700.3,0.253874,145247518,0000000.0000,0000000.0,22165.83,0.324328,65481.27,0.2463,2030-12-01
NK225E    ,OOP,203012,47750.0,            ,135247718,0000000.0000,0000000.0,4775.16,0.253344,145247718,0000000.0000,0000000.0,22006.81,0.323413,65481.27,0.2463,2030-12-01
NK225E    ,OOP,203012,48000.0,            ,185248018,0000000.0000,0000000.0,4850.71,0.252943,195248018,0000000.0000,0000000.0,21848.48,0.322489,65481.27,0.2463,2030-12-01
NK225E    ,OOP,203012,48250.0,            ,135248218,0000000.0000,0000000.0,4927.26,0.252524,145248218,0000000.0000,0000000.0,21691.15,0.321557,65481.27,0.2463,2030-12-01
NK225E    ,OOP,203012,48500.0,            ,135248518,0000000.0000,0000000.0,5004.47,0.252229,145248518,0000000.0000,0000000.0,21534.48,0.320752,65481.27,0.2463,2030-12-01
NK225E    ,OOP,203012,48750.0,            ,135248718,0000000.0000,0000000.0,5082.33,0.251773,145248718,0000000.0000,0000000.0,21378.46,0.319803,65481.27,0.2463,2030-12-01
NK225E    ,OOP,203012,49000.0,            ,185249018,0000000.0000,0000000.0,5160.86,0.2513,195249018,0000000.0000,0000000.0,21223.11,0.31898,65481.27,0.2463,2030-12-01
NK225E    ,OOP,203012,49250.0,            ,135249218,0000000.0000,0000000.0,5240.37,0.250949,145249218,0000000.0000,0000000.0,21068.74,0.318147,65481.27,0.2463,2030-12-01
NK225E    ,OOP,203012,49500.0,            ,135249518,0000000.0000,0000000.0,5320.54,0.25058,145249518,0000000.0000,0000000.0,20915.03,0.317305,65481.27,0.2463,2030-12-01
NK225E    ,OOP,203012,49750.0,            ,135249718,0000000.0000,0000000.0,5401.37,0.250192,145249718,0000000.0000,0000000.0,20761.98,0.316454,65481.27,0.2463,2030-12-01
NK225E    ,OOP,203012,50000.0,            ,185240018,0000000.0000,0000000.0,5482.87,0.249787,195240018,0000000.0000,0000000.0,20609.6,0.315594,65481.27,0.2463,2030-12-01
NK225E    ,OOP,203012,50250.0,            ,135240218,0000000.0000,0000000.0,5565.29,0.249364,145240218,0000000.0000,0000000.0,20458.14,0.314855,65481.27,0.2463,2030-12-01
NK225E    ,OOP,203012,50500.0,            ,135240518,0000000.0000,0000000.0,5648.38,0.249058,145240518,0000000.0000,0000000.0,20307.35,0.313977,65481.27,0.2463,2030-12-01
NK225E    ,OOP,203012,50750.0,            ,135240718,0000000.0000,0000000.0,5732.13,0.2486,145240718,0000000.0000,0000000.0,20157.22,0.313219,65481.27,0.2463,2030-12-01
NK225E    ,OOP,203012,51000.0,            ,185241018,0000000.0000,0000000.0,5816.59,0.248259,195241018,0000000.0000,0000000.0,20007.8,0.312451,65481.27,0.2463,2030-12-01
NK225E    ,OOP,203012,51250.0,            ,135241218,0000000.0000,0000000.0,5901.9,0.247768,145241218,0000000.0000,0000000.0,19859.23,0.311673,65481.27,0.2463,2030-12-01
NK225E    ,OOP,203012,51500.0,            ,135241518,0000000.0000,0000000.0,5987.88,0.247391,145241518,0000000.0000,0000000.0,19711.34,0.310886,65481.27,0.2463,2030-12-01
NK225E    ,OOP,203012,51750.0,            ,185241718,0000000.0000,0000000.0,6074.61,0.246998,195241718,0000000.0000,0000000.0,19564.19,0.310089,65481.27,0.2463,2030-12-01
NK225E    ,OOP,203012,52000.0,            ,185242018,0000000.0000,0000000.0,6161.97,0.246716,195242018,0000000.0000,0000000.0,19417.66,0.309408,65481.27,0.2463,2030-12-01
NK225E    ,OOP,203012,52250.0,            ,185242218,0000000.0000,0000000.0,6250.19,0.246288,195242218,0000000.0000,0000000.0,19272.01,0.308592,65481.27,0.2463,2030-12-01
NK225E    ,OOP,203012,52500.0,            ,135362518,0000000.0000,0000000.0,6339.08,0.245844,145362518,0000000.0000,0000000.0,19127.02,0.307891,65481.27,0.2463,2030-12-01
NK225E    ,OOP,203012,52750.0,            ,185242718,0000000.0000,0000000.0,6428.64,0.24551,195242718,0000000.0000,0000000.0,18982.7,0.30718,65481.27,0.2463,2030-12-01
NK225E    ,OOP,203012,53000.0,            ,185243018,0000000.0000,0000000.0,6518.87,0.245159,195243018,0000000.0000,0000000.0,18839.05,0.306459,65481.27,0.2463,2030-12-01
NK225E    ,OOP,203012,53250.0,            ,185243218,0000000.0000,0000000.0,6609.93,0.244791,195243218,0000000.0000,0000000.0,18696.23,0.305727,65481.27,0.2463,2030-12-01
NK225E    ,OOP,203012,53500.0,            ,185243518,0000000.0000,0000000.0,6701.66,0.244406,195243518,0000000.0000,0000000.0,18554.08,0.304986,65481.27,0.2463,2030-12-01
NK225E    ,OOP,203012,53750.0,            ,185243718,0000000.0000,0000000.0,6794.06,0.244005,195243718,0000000.0000,0000000.0,18412.6,0.304356,65481.27,0.2463,2030-12-01
NK225E    ,OOP,203012,54000.0,            ,185244018,0000000.0000,0000000.0,6887.13,0.243588,195244018,0000000.0000,0000000.0,18271.79,0.303595,65481.27,0.2463,2030-12-01
NK225E    ,OOP,203012,54250.0,            ,185244218,0000000.0000,0000000.0,6981.04,0.243276,195244218,0000000.0000,0000000.0,18131.81,0.302945,65481.27,0.2463,2030-12-01
NK225E    ,OOP,203012,54500.0,            ,185244518,0000000.0000,0000000.0,7075.65,0.242827,195244518,0000000.0000,0000000.0,17992.55,0.302284,65481.27,0.2463,2030-12-01
NK225E    ,OOP,203012,54750.0,            ,185244718,0000000.0000,0000000.0,7170.89,0.242483,195244718,0000000.0000,0000000.0,17853.91,0.301613,65481.27,0.2463,2030-12-01
NK225E    ,OOP,203012,55000.0,            ,135365018,0000000.0000,0000000.0,7266.84,0.242122,145365018,0000000.0000,0000000.0,17715.98,0.300931,65481.27,0.2463,2030-12-01
NK225E    ,OOP,203012,55250.0,            ,185245218,0000000.0000,0000000.0,7363.55,0.241745,195245218,0000000.0000,0000000.0,17578.81,0.300239,65481.27,0.2463,2030-12-01
NK225E    ,OOP,203012,55500.0,            ,185245518,0000000.0000,0000000.0,7460.96,0.241353,195245518,0000000.0000,0000000.0,17442.34,0.299537,65481.27,0.2463,2030-12-01
NK225E    ,OOP,203012,55750.0,            ,185245718,0000000.0000,0000000.0,7559.05,0.240944,195245718,0000000.0000,0000000.0,17306.55,0.298943,65481.27,0.2463,2030-12-01
NK225E    ,OOP,203012,56000.0,            ,135366018,0000000.0000,0000000.0,7657.8,0.240521,145366018,0000000.0000,0000000.0,17171.42,0.298221,65481.27,0.2463,2030-12-01
NK225E    ,OOP,203012,56250.0,            ,185246218,0000000.0000,0000000.0,7757.26,0.240198,195246218,0000000.0000,0000000.0,17037.0,0.297605,65481.27,0.2463,2030-12-01
NK225E    ,OOP,203012,56500.0,            ,185246518,0000000.0000,0000000.0,7857.52,0.23986,195246518,0000000.0000,0000000.0,16903.38,0.296979,65481.27,0.2463,2030-12-01
NK225E    ,OOP,203012,56750.0,            ,185246718,0000000.0000,0000000.0,7958.4,0.23939,195246718,0000000.0000,0000000.0,16770.38,0.296342,65481.27,0.2463,2030-12-01
NK225E    ,OOP,203012,57000.0,            ,135367018,0000000.0000,0000000.0,8059.95,0.239021,145367018,0000000.0000,0000000.0,16638.05,0.295695,65481.27,0.2463,2030-12-01
NK225E    ,OOP,203012,57250.0,            ,185247218,0000000.0000,0000000.0,8162.21,0.238636,195247218,0000000.0000,0000000.0,16506.43,0.295038,65481.27,0.2463,2030-12-01
NK225E    ,OOP,203012,57500.0,            ,185247518,0000000.0000,0000000.0,8265.26,0.238349,195247518,0000000.0000,0000000.0,16375.6,0.294485,65481.27,0.2463,2030-12-01
NK225E    ,OOP,203012,57750.0,            ,185247718,0000000.0000,0000000.0,8368.94,0.237934,195247718,0000000.0000,0000000.0,16245.4,0.293807,65481.27,0.2463,2030-12-01
NK225E    ,OOP,203012,58000.0,            ,135368018,0000000.0000,0000000.0,8473.27,0.237503,145368018,0000000.0000,0000000.0,16115.85,0.293232,65481.27,0.2463,2030-12-01
NK225E    ,OOP,203012,58250.0,            ,185248218,0000000.0000,0000000.0,8578.32,0.23717,195248218,0000000.0000,0000000.0,15987.02,0.292647,65481.27,0.2463,2030-12-01
NK225E    ,OOP,203012,58500.0,            ,185248518,0000000.0000,0000000.0,8684.16,0.236822,195248518,0000000.0000,0000000.0,15858.98,0.29205,65481.27,0.2463,2030-12-01
NK225E    ,OOP,203012,58750.0,            ,185248718,0000000.0000,0000000.0,8790.62,0.236458,195248718,0000000.0000,0000000.0,15731.56,0.291444,65481.27,0.2463,2030-12-01
NK225E    ,OOP,203012,59000.0,            ,135369018,0000000.0000,0000000.0,8897.74,0.23608,145369018,0000000.0000,0000000.0,15604.8,0.290827,65481.27,0.2463,2030-12-01
NK225E    ,OOP,203012,59250.0,            ,185249218,0000000.0000,0000000.0,9005.66,0.235686,195249218,0000000.0000,0000000.0,15478.84,0.290311,65481.27,0.2463,2030-12-01
NK225E    ,OOP,203012,59500.0,            ,185249518,0000000.0000,0000000.0,9114.24,0.235278,195249518,0000000.0000,0000000.0,15353.54,0.289673,65481.27,0.2463,2030-12-01
NK225E    ,OOP,203012,59750.0,            ,185249718,0000000.0000,0000000.0,9223.47,0.234965,195249718,0000000.0000,0000000.0,15228.89,0.289136,65481.27,0.2463,2030-12-01
NK225E    ,OOP,203012,60000.0,            ,135360018,0000000.0000,0000000.0,9333.41,0.234527,145360018,0000000.0000,0000000.0,15104.96,0.288587,65481.27,0.2463,2030-12-01
NK225E    ,OOP,203012,60250.0,            ,185240218,0000000.0000,0000000.0,9444.1,0.234184,195240218,0000000.0000,0000000.0,14981.77,0.288028,65481.27,0.2463,2030-12-01
NK225E    ,OOP,203012,60500.0,            ,185240518,0000000.0000,0000000.0,9555.49,0.233827,195240518,0000000.0000,0000000.0,14859.28,0.287459,65481.27,0.2463,2030-12-01
NK225E    ,OOP,203012,60750.0,            ,185240718,0000000.0000,0000000.0,9667.5,0.233454,195240718,0000000.0000,0000000.0,14737.4,0.286879,65481.27,0.2463,2030-12-01
NK225E    ,OOP,203012,61000.0,            ,135361018,0000000.0000,0000000.0,9780.16,0.233067,145361018,0000000.0000,0000000.0,14616.18,0.286289,65481.27,0.2463,2030-12-01
NK225E    ,OOP,203012,61250.0,            ,185241218,0000000.0000,0000000.0,9893.7,0.232666,195241218,0000000.0000,0000000.0,14495.85,0.285796,65481.27,0.2463,2030-12-01
NK225E    ,OOP,203012,61500.0,            ,185241518,0000000.0000,0000000.0,10007.85,0.232357,195241518,0000000.0000,0000000.0,14376.12,0.285185,65481.27,0.2463,2030-12-01
NK225E    ,OOP,203012,61750.0,            ,135361718,0000000.0000,0000000.0,10122.66,0.231927,145361718,0000000.0000,0000000.0,14257.04,0.284671,65481.27,0.2463,2030-12-01
NK225E    ,OOP,203012,62000.0,            ,135362018,0000000.0000,0000000.0,10238.16,0.231589,145362018,0000000.0000,0000000.0,14138.67,0.284147,65481.27,0.2463,2030-12-01
NK225E    ,OOP,203012,62250.0,            ,135362218,0000000.0000,0000000.0,10354.5,0.231237,145362218,0000000.0000,0000000.0,14021.13,0.283611,65481.27,0.2463,2030-12-01
NK225E    ,OOP,203012,62500.0,            ,135242518,0000000.0000,0000000.0,10471.5,0.23087,145242518,0000000.0000,0000000.0,13904.24,0.283066,65481.27,0.2463,2030-12-01
NK225E    ,OOP,203012,62750.0,            ,135362718,0000000.0000,0000000.0,10589.14,0.230489,145362718,0000000.0000,0000000.0,13788.01,0.28251,65481.27,0.2463,2030-12-01
NK225E    ,OOP,203012,63000.0,            ,135363018,0000000.0000,0000000.0,10707.43,0.230094,145363018,0000000.0000,0000000.0,13672.42,0.282049,65481.27,0.2463,2030-12-01
NK225E    ,OOP,203012,63250.0,            ,135363218,0000000.0000,0000000.0,10826.56,0.229685,145363218,0000000.0000,0000000.0,13557.67,0.281473,65481.27,0.2463,2030-12-01
NK225E    ,OOP,203012,63500.0,            ,135363518,0000000.0000,0000000.0,10946.38,0.229366,145363518,0000000.0000,0000000.0,13443.61,0.280991,65481.27,0.2463,2030-12-01
NK225E    ,OOP,203012,63750.0,            ,135363718,0000000.0000,0000000.0,11066.85,0.228929,145363718,0000000.0000,0000000.0,13330.2,0.280499,65481.27,0.2463,2030-12-01
NK225E    ,OOP,203012,64000.0,            ,135364018,0000000.0000,0000000.0,11187.96,0.228582,145364018,0000000.0000,0000000.0,13217.43,0.279996,65481.27,0.2463,2030-12-01
NK225E    ,OOP,203012,64250.0,            ,135364218,0000000.0000,0000000.0,11309.96,0.228221,145364218,0000000.0000,0000000.0,13105.54,0.279482,65481.27,0.2463,2030-12-01
NK225E    ,OOP,203012,64500.0,            ,135364518,0000000.0000,0000000.0,11432.59,0.227846,145364518,0000000.0000,0000000.0,12994.3,0.279063,65481.27,0.2463,2030-12-01
NK225E    ,OOP,203012,64750.0,            ,135364718,0000000.0000,0000000.0,11555.87,0.227458,145364718,0000000.0000,0000000.0,12883.7,0.278528,65481.27,0.2463,2030-12-01
NK225E    ,OOP,203012,65000.0,            ,185365018,0000000.0000,0000000.0,11679.84,0.227158,195365018,0000000.0000,0000000.0,12773.79,0.278087,65481.27,0.2463,2030-12-01
NK225E    ,OOP,203012,65250.0,            ,135365218,0000000.0000,0000000.0,11804.69,0.226741,145365218,0000000.0000,0000000.0,12664.76,0.277532,65481.27,0.2463,2030-12-01
NK225E    ,OOP,203012,65500.0,            ,135365518,0000000.0000,0000000.0,11930.22,0.226414,145365518,0000000.0000,0000000.0,12556.41,0.27707,65481.27,0.2463,2030-12-01
NK225E    ,OOP,203012,65750.0,            ,135365718,0000000.0000,0000000.0,12056.39,0.226072,145365718,0000000.0000,0000000.0,12448.7,0.276598,65481.27,0.2463,2030-12-01
NK225E    ,OOP,203012,66000.0,            ,185366018,0000000.0000,0000000.0,12183.2,0.225615,195366018,0000000.0000,0000000.0,12341.63,0.276115,65481.27,0.2463,2030-12-01
NK225E    ,OOP,203012,66250.0,            ,135366218,0000000.0000,0000000.0,12310.93,0.225347,145366218,0000000.0000,0000000.0,12235.48,0.275724,65481.27,0.2463,2030-12-01
NK225E    ,OOP,203012,66500.0,            ,135366518,0000000.0000,0000000.0,12439.35,0.224965,145366518,0000000.0000,0000000.0,12130.02,0.27522,65481.27,0.2463,2030-12-01
NK225E    ,OOP,203012,66750.0,            ,135366718,0000000.0000,0000000.0,12568.39,0.224568,145366718,0000000.0000,0000000.0,12025.19,0.274808,65481.27,0.2463,2030-12-01
NK225E    ,OOP,203012,67000.0,            ,185367018,0000000.0000,0000000.0,12698.07,0.224259,195367018,0000000.0000,0000000.0,11920.98,0.274283,65481.27,0.2463,2030-12-01
NK225E    ,OOP,203012,67250.0,            ,135367218,0000000.0000,0000000.0,12828.72,0.223836,145367218,0000000.0000,0000000.0,11817.75,0.27385,65481.27,0.2463,2030-12-01
NK225E    ,OOP,203012,67500.0,            ,135367518,0000000.0000,0000000.0,12960.05,0.2235,145367518,0000000.0000,0000000.0,11715.2,0.273407,65481.27,0.2463,2030-12-01
NK225E    ,OOP,203012,67750.0,            ,135367718,0000000.0000,0000000.0,13092.0,0.223151,145367718,0000000.0000,0000000.0,11613.27,0.272953,65481.27,0.2463,2030-12-01
NK225E    ,OOP,203012,68000.0,            ,185368018,0000000.0000,0000000.0,13224.58,0.222788,195368018,0000000.0000,0000000.0,11511.97,0.27259,65481.27,0.2463,2030-12-01
NK225E    ,OOP,203012,68250.0,            ,135368218,0000000.0000,0000000.0,13358.18,0.222411,145368218,0000000.0000,0000000.0,11411.69,0.272116,65481.27,0.2463,2030-12-01
NK225E    ,OOP,203012,68500.0,            ,135368518,0000000.0000,0000000.0,13492.45,0.222121,145368518,0000000.0000,0000000.0,11312.08,0.271732,65481.27,0.2463,2030-12-01
NK225E    ,OOP,203012,68750.0,            ,135368718,0000000.0000,0000000.0,13627.29,0.221718,145368718,0000000.0000,0000000.0,11213.04,0.271237,65481.27,0.2463,2030-12-01
NK225E    ,OOP,203012,69000.0,            ,185369018,0000000.0000,0000000.0,13762.79,0.221402,195369018,0000000.0000,0000000.0,11114.67,0.270832,65481.27,0.2463,2030-12-01
NK225E    ,OOP,203012,69250.0,            ,135369218,0000000.0000,0000000.0,13899.36,0.221071,145369218,0000000.0000,0000000.0,11017.36,0.270417,65481.27,0.2463,2030-12-01
NK225E    ,OOP,203012,69500.0,            ,135369518,0000000.0000,0000000.0,14036.55,0.220728,145369518,0000000.0000,0000000.0,10920.67,0.270092,65481.27,0.2463,2030-12-01
NK225E    ,OOP,203012,69750.0,            ,135369718,0000000.0000,0000000.0,14174.35,0.220371,145369718,0000000.0000,0000000.0,10824.59,0.269656,65481.27,0.2463,2030-12-01
NK225E    ,OOP,203012,70000.0,            ,185360018,0000000.0000,0000000.0,14312.82,0.220002,195360018,0000000.0000,0000000.0,10729.17,0.26921,65481.27,0.2463,2030-12-01
NK225E    ,OOP,203012,70250.0,            ,135360218,0000000.0000,0000000.0,14452.34,0.219619,145360218,0000000.0000,0000000.0,10634.82,0.268854,65481.27,0.2463,2030-12-01
NK225E    ,OOP,203012,70500.0,            ,135360518,0000000.0000,0000000.0,14592.52,0.219322,145360518,0000000.0000,0000000.0,10541.12,0.268488,65481.27,0.2463,2030-12-01
NK225E    ,OOP,203012,70750.0,            ,135360718,0000000.0000,0000000.0,14733.31,0.219011,145360718,0000000.0000,0000000.0,10448.03,0.268111,65481.27,0.2463,2030-12-01
NK225E    ,OOP,203012,71000.0,            ,185361018,0000000.0000,0000000.0,14874.7,0.218688,195361018,0000000.0000,0000000.0,10355.54,0.267724,65481.27,0.2463,2030-12-01
NK225E    ,OOP,203012,71250.0,            ,135361218,0000000.0000,0000000.0,15017.25,0.218351,145361218,0000000.0000,0000000.0,10264.21,0.267326,65481.27,0.2463,2030-12-01
NK225E    ,OOP,203012,71500.0,            ,135361518,0000000.0000,0000000.0,15160.4,0.218002,145361518,0000000.0000,0000000.0,10173.48,0.267018,65481.27,0.2463,2030-12-01
NK225E    ,OOP,203012,71750.0,            ,185361718,0000000.0000,0000000.0,15304.15,0.217639,195361718,0000000.0000,0000000.0,10083.34,0.266601,65481.27,0.2463,2030-12-01
NK225E    ,OOP,203012,72000.0,            ,185362018,0000000.0000,0000000.0,15448.54,0.217362,195362018,0000000.0000,0000000.0,9993.86,0.266272,65481.27,0.2463,2030-12-01
NK225E    ,OOP,203012,72250.0,            ,185362218,0000000.0000,0000000.0,15594.08,0.216974,195362218,0000000.0000,0000000.0,9905.52,0.265933,65481.27,0.2463,2030-12-01
NK225E    ,OOP,203012,72500.0,            ,185362518,0000000.0000,0000000.0,15740.27,0.216671,195362518,0000000.0000,0000000.0,9817.82,0.265584,65481.27,0.2463,2030-12-01
NK225E    ,OOP,203012,72750.0,            ,185362718,0000000.0000,0000000.0,15886.99,0.216355,195362718,0000000.0000,0000000.0,9730.67,0.265225,65481.27,0.2463,2030-12-01
NK225E    ,OOP,203012,73000.0,            ,185363018,0000000.0000,0000000.0,16034.35,0.216026,195363018,0000000.0000,0000000.0,9644.15,0.264856,65481.27,0.2463,2030-12-01
NK225E    ,OOP,203012,73250.0,            ,185363218,0000000.0000,0000000.0,16182.91,0.215684,195363218,0000000.0000,0000000.0,9558.82,0.264477,65481.27,0.2463,2030-12-01
NK225E    ,OOP,203012,73500.0,            ,185363518,0000000.0000,0000000.0,16332.09,0.215428,195363518,0000000.0000,0000000.0,9474.13,0.264186,65481.27,0.2463,2030-12-01
NK225E    ,OOP,203012,73750.0,            ,185363718,0000000.0000,0000000.0,16481.81,0.215061,195363718,0000000.0000,0000000.0,9389.97,0.263886,65481.27,0.2463,2030-12-01
NK225E    ,OOP,203012,74000.0,            ,185364018,0000000.0000,0000000.0,16632.15,0.21478,195364018,0000000.0000,0000000.0,9306.43,0.263576,65481.27,0.2463,2030-12-01
NK225E    ,OOP,203012,74250.0,            ,185364218,0000000.0000,0000000.0,16783.73,0.214485,195364218,0000000.0000,0000000.0,9224.13,0.263255,65481.27,0.2463,2030-12-01
NK225E    ,OOP,203012,74500.0,            ,185364518,0000000.0000,0000000.0,16935.94,0.214178,195364518,0000000.0000,0000000.0,9142.46,0.262924,65481.27,0.2463,2030-12-01
NK225E    ,OOP,203012,74750.0,            ,185364718,0000000.0000,0000000.0,17088.66,0.213858,195364718,0000000.0000,0000000.0,9061.3,0.262584,65481.27,0.2463,2030-12-01
NK225E    ,OOP,203012,75000.0,            ,135485018,0000000.0000,0000000.0,17242.0,0.213526,145485018,0000000.0000,0000000.0,8980.76,0.262332,65481.27,0.2463,2030-12-01
NK225E    ,OOP,203012,75250.0,            ,185365218,0000000.0000,0000000.0,17396.61,0.21328,195365218,0000000.0000,0000000.0,8901.49,0.262071,65481.27,0.2463,2030-12-01
NK225E    ,OOP,203012,75500.0,            ,185365518,0000000.0000,0000000.0,17551.79,0.212922,195365518,0000000.0000,0000000.0,8822.79,0.261799,65481.27,0.2463,2030-12-01
NK225E    ,OOP,203012,75750.0,            ,185365718,0000000.0000,0000000.0,17707.53,0.21265,195365718,0000000.0000,0000000.0,8744.65,0.261518,65481.27,0.2463,2030-12-01
NK225E    ,OOP,203012,76000.0,            ,135486018,0000000.0000,0000000.0,17863.82,0.212366,145486018,0000000.0000,0000000.0,8667.06,0.261227,65481.27,0.2463,2030-12-01
NK225E    ,OOP,203012,76250.0,            ,185366218,0000000.0000,0000000.0,18022.64,0.212069,195366218,0000000.0000,0000000.0,8592.0,0.260926,65481.27,0.2463,2030-12-01
NK225E    ,OOP,203012,77500.0,            ,185367518,0000000.0000,0000000.0,18825.18,0.210796,195367518,0000000.0000,0000000.0,8225.15,0.259768,65481.27,0.2463,2030-12-01
NK225E    ,OOP,203012,80000.0,            ,135480018,0000000.0000,0000000.0,20470.01,0.208129,145480018,0000000.0000,0000000.0,7531.17,0.257527,65481.27,0.2463,2030-12-01
NK225E    ,OOP,203012,85000.0,            ,185485018,0000000.0000,0000000.0,23983.62,0.203821,195485018,0000000.0000,0000000.0,6367.2,0.254896,65481.27,0.2463,2030-12-01
NK225E    ,OOP,203012,90000.0,            ,185480018,0000000.0000,0000000.0,27748.37,0.200934,195480018,0000000.0000,0000000.0,5454.34,0.254428,65481.27,0.2463,2030-12-01
NK225E    ,OOP,203012,95000.0,            ,135605018,0000000.0000,0000000.0,31708.47,0.198689,145605018,0000000.0000,0000000.0,4736.85,0.255473,65481.27,0.2463,2030-12-01
NK225E    ,OOP,203012,100000.0,            ,135600018,0000000.0000,0000000.0,35788.97,0.196036,145600018,0000000.0000,0000000.0,4139.76,0.256852,65481.27,0.2463,2030-12-01
NK225E    ,OOP,203106,26500.0,            ,186066518,0000000.0000,0000000.0,1250.45,0.318811,196066518,0000000.0000,0000000.0,38131.29,0.488269,65481.27,0.2463,2031-06-01
NK225E    ,OOP,203106,26750.0,            ,186066718,0000000.0000,0000000.0,1291.89,0.318557,196066718,0000000.0000,0000000.0,37940.69,0.485866,65481.27,0.2463,2031-06-01
NK225E    ,OOP,203106,27000.0,            ,186067018,0000000.0000,0000000.0,1334.13,0.31862,196067018,0000000.0000,0000000.0,37750.88,0.483478,65481.27,0.2463,2031-06-01
NK225E    ,OOP,203106,27250.0,            ,186067218,0000000.0000,0000000.0,1377.16,0.318625,196067218,0000000.0000,0000000.0,37561.88,0.481104,65481.27,0.2463,2031-06-01
NK225E    ,OOP,203106,27500.0,            ,186067518,0000000.0000,0000000.0,1421.0,0.318574,196067518,0000000.0000,0000000.0,37373.68,0.478984,65481.27,0.2463,2031-06-01
NK225E    ,OOP,203106,27750.0,            ,136067718,0000000.0000,0000000.0,1465.65,0.318472,146067718,0000000.0000,0000000.0,37186.28,0.476874,65481.27,0.2463,2031-06-01
NK225E    ,OOP,203106,28000.0,            ,136068018,0000000.0000,0000000.0,1511.09,0.318321,146068018,0000000.0000,0000000.0,36999.69,0.47454,65481.27,0.2463,2031-06-01
NK225E    ,OOP,203106,28250.0,            ,136068218,0000000.0000,0000000.0,1530.22,0.31681,146068218,0000000.0000,0000000.0,36786.77,0.471291,65481.27,0.2463,2031-06-01
NK225E    ,OOP,203106,28500.0,            ,136068518,0000000.0000,0000000.0,1549.28,0.314974,146068518,0000000.0000,0000000.0,36573.8,0.468073,65481.27,0.2463,2031-06-01
NK225E    ,OOP,203106,28750.0,            ,136068718,0000000.0000,0000000.0,1568.29,0.313145,146068718,0000000.0000,0000000.0,36360.77,0.464884,65481.27,0.2463,2031-06-01
NK225E    ,OOP,203106,29000.0,            ,136069018,0000000.0000,0000000.0,1587.23,0.311323,146069018,0000000.0000,0000000.0,36147.67,0.461725,65481.27,0.2463,2031-06-01
NK225E    ,OOP,203106,29250.0,            ,136069218,0000000.0000,0000000.0,1608.35,0.309821,146069218,0000000.0000,0000000.0,35936.75,0.458594,65481.27,0.2463,2031-06-01
NK225E    ,OOP,203106,29500.0,            ,136069518,0000000.0000,0000000.0,1629.45,0.308319,146069518,0000000.0000,0000000.0,35725.81,0.45549,65481.27,0.2463,2031-06-01
NK225E    ,OOP,203106,29750.0,            ,136069718,0000000.0000,0000000.0,1650.54,0.306511,146069718,0000000.0000,0000000.0,35514.86,0.452634,65481.27,0.2463,2031-06-01
NK225E    ,OOP,203106,30000.0,            ,136060018,0000000.0000,0000000.0,1671.62,0.305011,146060018,0000000.0000,0000000.0,35303.9,0.449583,65481.27,0.2463,2031-06-01
NK225E    ,OOP,203106,30250.0,            ,136060218,0000000.0000,0000000.0,1694.89,0.303512,146060218,0000000.0000,0000000.0,35095.13,0.446774,65481.27,0.2463,2031-06-01
NK225E    ,OOP,203106,30500.0,            ,136060518,0000000.0000,0000000.0,1718.19,0.302011,146060518,0000000.0000,0000000.0,34886.39,0.443772,65481.27,0.2463,2031-06-01
NK225E    ,OOP,203106,30750.0,            ,136060718,0000000.0000,0000000.0,1741.52,0.300511,146060718,0000000.0000,0000000.0,34677.68,0.441009,65481.27,0.2463,2031-06-01
NK225E    ,OOP,203106,31000.0,            ,136061018,0000000.0000,0000000.0,1764.91,0.299011,146061018,0000000.0000,0000000.0,34469.03,0.438054,65481.27,0.2463,2031-06-01
NK225E    ,OOP,203106,31250.0,            ,136061218,0000000.0000,0000000.0,1790.49,0.297794,146061218,0000000.0000,0000000.0,34262.57,0.435544,65481.27,0.2463,2031-06-01
NK225E    ,OOP,203106,31500.0,            ,136061518,0000000.0000,0000000.0,1816.16,0.29629,146061518,0000000.0000,0000000.0,34056.2,0.432842,65481.27,0.2463,2031-06-01
NK225E    ,OOP,203106,31750.0,            ,136061718,0000000.0000,0000000.0,1841.91,0.295064,146061718,0000000.0000,0000000.0,33849.91,0.430159,65481.27,0.2463,2031-06-01
NK225E    ,OOP,203106,32000.0,            ,136062018,0000000.0000,0000000.0,1867.76,0.293557,146062018,0000000.0000,0000000.0,33643.72,0.427496,65481.27,0.2463,2031-06-01
NK225E    ,OOP,203106,32250.0,            ,136062218,0000000.0000,0000000.0,1895.84,0.292321,146062218,0000000.0000,0000000.0,33439.76,0.424852,65481.27,0.2463,2031-06-01
NK225E    ,OOP,203106,32500.0,            ,136062518,0000000.0000,0000000.0,1924.04,0.29108,146062518,0000000.0000,0000000.0,33235.92,0.422427,65481.27,0.2463,2031-06-01
NK225E    ,OOP,203106,32750.0,            ,136062718,0000000.0000,0000000.0,1952.37,0.289832,146062718,0000000.0000,0000000.0,33032.21,0.419818,65481.27,0.2463,2031-06-01
NK225E    ,OOP,203106,33000.0,            ,136063018,0000000.0000,0000000.0,1980.84,0.288579,146063018,0000000.0000,0000000.0,32828.64,0.417425,65481.27,0.2463,2031-06-01
NK225E    ,OOP,203106,33250.0,            ,136063218,0000000.0000,0000000.0,2011.54,0.287321,146063218,0000000.0000,0000000.0,32627.3,0.415046,65481.27,0.2463,2031-06-01
NK225E    ,OOP,203106,33500.0,            ,136063518,0000000.0000,0000000.0,2042.42,0.286311,146063518,0000000.0000,0000000.0,32426.14,0.412681,65481.27,0.2463,2031-06-01
NK225E    ,OOP,203106,33750.0,            ,136063718,0000000.0000,0000000.0,2073.47,0.285041,146063718,0000000.0000,0000000.0,32225.15,0.41033,65481.27,0.2463,2031-06-01
NK225E    ,OOP,203106,34000.0,            ,136064018,0000000.0000,0000000.0,2104.7,0.284013,146064018,0000000.0000,0000000.0,32024.34,0.407993,65481.27,0.2463,2031-06-01
NK225E    ,OOP,203106,34250.0,            ,136064218,0000000.0000,0000000.0,2138.18,0.282974,146064218,0000000.0000,0000000.0,31825.78,0.405859,65481.27,0.2463,2031-06-01
NK225E    ,OOP,203106,34500.0,            ,136064518,0000000.0000,0000000.0,2171.9,0.281926,146064518,0000000.0000,0000000.0,31627.46,0.403546,65481.27,0.2463,2031-06-01
NK225E    ,OOP,203106,34750.0,            ,136064718,0000000.0000,0000000.0,2205.83,0.280869,146064718,0000000.0000,0000000.0,31429.35,0.401433,65481.27,0.2463,2031-06-01
NK225E    ,OOP,203106,35000.0,            ,136065018,0000000.0000,0000000.0,2240.0,0.279802,146065018,0000000.0000,0000000.0,31231.48,0.399144,65481.27,0.2463,2031-06-01
NK225E    ,OOP,203106,35250.0,            ,136065218,0000000.0000,0000000.0,2276.39,0.278727,146065218,0000000.0000,0000000.0,31035.83,0.397052,65481.27,0.2463,2031-06-01
NK225E    ,OOP,203106,35500.0,            ,136065518,0000000.0000,0000000.0,2313.07,0.277872,146065518,0000000.0000,0000000.0,30840.47,0.394969,65481.27,0.2463,2031-06-01
NK225E    ,OOP,203106,35750.0,            ,136065718,0000000.0000,0000000.0,2350.02,0.276778,146065718,0000000.0000,0000000.0,30645.38,0.393077,65481.27,0.2463,2031-06-01
NK225E    ,OOP,203106,36000.0,            ,136066018,0000000.0000,0000000.0,2387.24,0.2759,146066018,0000000.0000,0000000.0,30450.57,0.391011,65481.27,0.2463,2031-06-01
NK225E    ,OOP,203106,36250.0,            ,136066218,0000000.0000,0000000.0,2426.69,0.275008,146066218,0000000.0000,0000000.0,30257.97,0.388953,65481.27,0.2463,2031-06-01
NK225E    ,OOP,203106,36500.0,            ,136066518,0000000.0000,0000000.0,2466.47,0.274105,146066518,0000000.0000,0000000.0,30065.72,0.387082,65481.27,0.2463,2031-06-01
NK225E    ,OOP,203106,36750.0,            ,136066718,0000000.0000,0000000.0,2506.57,0.27319,146066718,0000000.0000,0000000.0,29873.78,0.385216,65481.27,0.2463,2031-06-01
NK225E    ,OOP,203106,37000.0,            ,136067018,0000000.0000,0000000.0,2547.0,0.272263,146067018,0000000.0000,0000000.0,29682.16,0.383356,65481.27,0.2463,2031-06-01
NK225E    ,OOP,203106,37250.0,            ,136067218,0000000.0000,0000000.0,2589.63,0.271536,146067218,0000000.0000,0000000.0,29492.75,0.381502,65481.27,0.2463,2031-06-01
NK225E    ,OOP,203106,37500.0,            ,136067518,0000000.0000,0000000.0,2632.62,0.270585,146067518,0000000.0000,0000000.0,29303.7,0.379653,65481.27,0.2463,2031-06-01
NK225E    ,OOP,203106,37750.0,            ,186067718,0000000.0000,0000000.0,2675.97,0.269829,196067718,0000000.0000,0000000.0,29115.02,0.377809,65481.27,0.2463,2031-06-01
NK225E    ,OOP,203106,38000.0,            ,186068018,0000000.0000,0000000.0,2719.69,0.269059,196068018,0000000.0000,0000000.0,28926.69,0.376141,65481.27,0.2463,2031-06-01
NK225E    ,OOP,203106,38250.0,            ,186068218,0000000.0000,0000000.0,2765.57,0.268275,196068218,0000000.0000,0000000.0,28740.53,0.374306,65481.27,0.2463,2031-06-01
NK225E    ,OOP,203106,38500.0,            ,186068518,0000000.0000,0000000.0,2811.88,0.267477,196068518,0000000.0000,0000000.0,28554.8,0.372644,65481.27,0.2463,2031-06-01
NK225E    ,OOP,203106,38750.0,            ,186068718,0000000.0000,0000000.0,2858.59,0.266862,196068718,0000000.0000,0000000.0,28369.47,0.370985,65481.27,0.2463,2031-06-01
NK225E    ,OOP,203106,39000.0,            ,186069018,0000000.0000,0000000.0,2905.71,0.266035,196069018,0000000.0000,0000000.0,28184.55,0.369328,65481.27,0.2463,2031-06-01
NK225E    ,OOP,203106,39250.0,            ,186069218,0000000.0000,0000000.0,2954.95,0.265389,196069218,0000000.0000,0000000.0,28001.75,0.367837,65481.27,0.2463,2031-06-01
NK225E    ,OOP,203106,39500.0,            ,186069518,0000000.0000,0000000.0,3004.66,0.264726,196069518,0000000.0000,0000000.0,27819.42,0.366184,65481.27,0.2463,2031-06-01
NK225E    ,OOP,203106,39750.0,            ,186069718,0000000.0000,0000000.0,3054.82,0.264047,196069718,0000000.0000,0000000.0,27637.54,0.364695,65481.27,0.2463,2031-06-01
NK225E    ,OOP,203106,40000.0,            ,186060018,0000000.0000,0000000.0,3105.42,0.263353,196060018,0000000.0000,0000000.0,27456.1,0.363045,65481.27,0.2463,2031-06-01
NK225E    ,OOP,203106,40250.0,            ,186060218,0000000.0000,0000000.0,3158.09,0.262644,196060218,0000000.0000,0000000.0,27276.74,0.361557,65481.27,0.2463,2031-06-01
NK225E    ,OOP,203106,40500.0,            ,186060518,0000000.0000,0000000.0,3211.27,0.262102,196060518,0000000.0000,0000000.0,27097.88,0.360227,65481.27,0.2463,2031-06-01
NK225E    ,OOP,203106,40750.0,            ,186060718,0000000.0000,0000000.0,3264.94,0.261363,196060718,0000000.0000,0000000.0,26919.5,0.358737,65481.27,0.2463,2031-06-01
NK225E    ,OOP,203106,41000.0,            ,186061018,0000000.0000,0000000.0,3319.08,0.260788,196061018,0000000.0000,0000000.0,26741.61,0.357248,65481.27,0.2463,2031-06-01
NK225E    ,OOP,203106,41250.0,            ,186061218,0000000.0000,0000000.0,3375.26,0.260196,196061218,0000000.0000,0000000.0,26565.74,0.355914,65481.27,0.2463,2031-06-01
NK225E    ,OOP,203106,41500.0,            ,186061518,0000000.0000,0000000.0,3431.95,0.259588,196061518,0000000.0000,0000000.0,26390.39,0.354577,65481.27,0.2463,2031-06-01
NK225E    ,OOP,203106,41750.0,            ,186061718,0000000.0000,0000000.0,3489.15,0.259136,196061718,0000000.0000,0000000.0,26215.56,0.353086,65481.27,0.2463,2031-06-01
NK225E    ,OOP,203106,42000.0,            ,186062018,0000000.0000,0000000.0,3546.88,0.258495,196062018,0000000.0000,0000000.0,26041.24,0.351746,65481.27,0.2463,2031-06-01
NK225E    ,OOP,203106,42250.0,            ,186062218,0000000.0000,0000000.0,3606.54,0.258007,196062218,0000000.0000,0000000.0,25868.87,0.350555,65481.27,0.2463,2031-06-01
NK225E    ,OOP,203106,42500.0,            ,186062518,0000000.0000,0000000.0,3666.78,0.257502,196062518,0000000.0000,0000000.0,25697.07,0.349211,65481.27,0.2463,2031-06-01
NK225E    ,OOP,203106,42750.0,            ,186062718,0000000.0000,0000000.0,3727.57,0.256979,196062718,0000000.0000,0000000.0,25525.82,0.348013,65481.27,0.2463,2031-06-01
NK225E    ,OOP,203106,43000.0,            ,186063018,0000000.0000,0000000.0,3788.91,0.256439,196063018,0000000.0000,0000000.0,25355.11,0.346663,65481.27,0.2463,2031-06-01
NK225E    ,OOP,203106,43250.0,            ,186063218,0000000.0000,0000000.0,3852.11,0.255882,196063218,0000000.0000,0000000.0,25186.28,0.345459,65481.27,0.2463,2031-06-01
NK225E    ,OOP,203106,43500.0,            ,186063518,0000000.0000,0000000.0,3915.93,0.25547,196063518,0000000.0000,0000000.0,25018.05,0.344396,65481.27,0.2463,2031-06-01
NK225E    ,OOP,203106,43750.0,            ,186063718,0000000.0000,0000000.0,3980.28,0.254881,196063718,0000000.0000,0000000.0,24850.37,0.343183,65481.27,0.2463,2031-06-01
NK225E    ,OOP,203106,44000.0,            ,186064018,0000000.0000,0000000.0,4045.24,0.254433,196064018,0000000.0000,0000000.0,24683.28,0.341966,65481.27,0.2463,2031-06-01
NK225E    ,OOP,203106,44250.0,            ,186064218,0000000.0000,0000000.0,4111.98,0.253968,196064218,0000000.0000,0000000.0,24517.99,0.340889,65481.27,0.2463,2031-06-01
NK225E    ,OOP,203106,44500.0,            ,186064518,0000000.0000,0000000.0,4179.32,0.253486,196064518,0000000.0000,0000000.0,24353.29,0.339806,65481.27,0.2463,2031-06-01
NK225E    ,OOP,203106,44750.0,            ,186064718,0000000.0000,0000000.0,4247.26,0.253139,196064718,0000000.0000,0000000.0,24189.19,0.338718,65481.27,0.2463,2031-06-01
NK225E    ,OOP,203106,45000.0,            ,186065018,0000000.0000,0000000.0,4315.79,0.252622,196065018,0000000.0000,0000000.0,24025.68,0.337625,65481.27,0.2463,2031-06-01
NK225E    ,OOP,203106,45250.0,            ,186065218,0000000.0000,0000000.0,4386.01,0.25224,196065218,0000000.0000,0000000.0,23863.85,0.336527,65481.27,0.2463,2031-06-01
NK225E    ,OOP,203106,45500.0,            ,186065518,0000000.0000,0000000.0,4456.87,0.251838,196065518,0000000.0000,0000000.0,23702.68,0.335424,65481.27,0.2463,2031-06-01
NK225E    ,OOP,203106,45750.0,            ,186065718,0000000.0000,0000000.0,4528.35,0.25142,196065718,0000000.0000,0000000.0,23542.12,0.334453,65481.27,0.2463,2031-06-01
NK225E    ,OOP,203106,46000.0,            ,186066018,0000000.0000,0000000.0,4600.45,0.250983,196066018,0000000.0000,0000000.0,23382.18,0.333476,65481.27,0.2463,2031-06-01
NK225E    ,OOP,203106,46250.0,            ,186066218,0000000.0000,0000000.0,4674.14,0.25053,196066218,0000000.0000,0000000.0,23223.83,0.332492,65481.27,0.2463,2031-06-01
NK225E    ,OOP,203106,46500.0,            ,136186518,0000000.0000,0000000.0,4748.47,0.250204,146186518,0000000.0000,0000000.0,23066.12,0.331503,65481.27,0.2463,2031-06-01
NK225E    ,OOP,203106,46750.0,            ,136186718,0000000.0000,0000000.0,4823.43,0.249717,146186718,0000000.0000,0000000.0,22909.04,0.330507,65481.27,0.2463,2031-06-01
NK225E    ,OOP,203106,47000.0,            ,136187018,0000000.0000,0000000.0,4899.06,0.249356,146187018,0000000.0000,0000000.0,22752.63,0.329504,65481.27,0.2463,2031-06-01
NK225E    ,OOP,203106,47250.0,            ,136187218,0000000.0000,0000000.0,4976.15,0.248977,146187218,0000000.0000,0000000.0,22597.68,0.328629,65481.27,0.2463,2031-06-01
NK225E    ,OOP,203106,47500.0,            ,136187518,0000000.0000,0000000.0,5053.89,0.248581,146187518,0000000.0000,0000000.0,22443.38,0.327746,65481.27,0.2463,2031-06-01
NK225E    ,OOP,203106,47750.0,            ,136187718,0000000.0000,0000000.0,5132.28,0.248306,146187718,0000000.0000,0000000.0,22289.73,0.326855,65481.27,0.2463,2031-06-01
NK225E    ,OOP,203106,48000.0,            ,136188018,0000000.0000,0000000.0,5211.34,0.247875,146188018,0000000.0000,0000000.0,22136.75,0.325957,65481.27,0.2463,2031-06-01
NK225E    ,OOP,203106,48250.0,            ,136188218,0000000.0000,0000000.0,5291.76,0.247564,146188218,0000000.0000,0000000.0,21985.13,0.325053,65481.27,0.2463,2031-06-01
NK225E    ,OOP,203106,48500.0,            ,136188518,0000000.0000,0000000.0,5372.84,0.247235,146188518,0000000.0000,0000000.0,21834.17,0.324141,65481.27,0.2463,2031-06-01
NK225E    ,OOP,203106,48750.0,            ,136188718,0000000.0000,0000000.0,5454.53,0.246889,146188718,0000000.0000,0000000.0,21683.82,0.32335,65481.27,0.2463,2031-06-01
NK225E    ,OOP,203106,49000.0,            ,136189018,0000000.0000,0000000.0,5536.95,0.246526,146189018,0000000.0000,0000000.0,21534.2,0.322551,65481.27,0.2463,2031-06-01
NK225E    ,OOP,203106,49250.0,            ,136189218,0000000.0000,0000000.0,5620.64,0.246146,146189218,0000000.0000,0000000.0,21385.85,0.321744,65481.27,0.2463,2031-06-01
NK225E    ,OOP,203106,49500.0,            ,136189518,0000000.0000,0000000.0,5704.95,0.24588,146189518,0000000.0000,0000000.0,21238.12,0.320929,65481.27,0.2463,2031-06-01
NK225E    ,OOP,203106,49750.0,            ,136189718,0000000.0000,0000000.0,5790.0,0.245467,146189718,0000000.0000,0000000.0,21091.14,0.320106,65481.27,0.2463,2031-06-01
NK225E    ,OOP,203106,50000.0,            ,136180018,0000000.0000,0000000.0,5875.68,0.245167,146180018,0000000.0000,0000000.0,20944.77,0.319275,65481.27,0.2463,2031-06-01
NK225E    ,OOP,203106,50250.0,            ,136180218,0000000.0000,0000000.0,5962.45,0.24485,146180218,0000000.0000,0000000.0,20799.5,0.318561,65481.27,0.2463,2031-06-01
NK225E    ,OOP,203106,50500.0,            ,136180518,0000000.0000,0000000.0,6049.96,0.244516,146180518,0000000.0000,0000000.0,20654.97,0.317714,65481.27,0.2463,2031-06-01
NK225E    ,OOP,203106,50750.0,            ,136180718,0000000.0000,0000000.0,6138.14,0.244165,146180718,0000000.0000,0000000.0,20511.11,0.316983,65481.27,0.2463,2031-06-01
NK225E    ,OOP,203106,51000.0,            ,136181018,0000000.0000,0000000.0,6226.98,0.243799,146181018,0000000.0000,0000000.0,20367.91,0.316243,65481.27,0.2463,2031-06-01
NK225E    ,OOP,203106,51250.0,            ,136181218,0000000.0000,0000000.0,6316.89,0.243541,146181218,0000000.0000,0000000.0,20225.78,0.315494,65481.27,0.2463,2031-06-01
NK225E    ,OOP,203106,51500.0,            ,136181518,0000000.0000,0000000.0,6407.43,0.243142,146181518,0000000.0000,0000000.0,20084.28,0.314737,65481.27,0.2463,2031-06-01
NK225E    ,OOP,203106,51750.0,            ,136181718,0000000.0000,0000000.0,6498.59,0.242852,146181718,0000000.0000,0000000.0,19943.41,0.314092,65481.27,0.2463,2031-06-01
NK225E    ,OOP,203106,52000.0,            ,136182018,0000000.0000,0000000.0,6590.54,0.242544,146182018,0000000.0000,0000000.0,19803.32,0.313319,65481.27,0.2463,2031-06-01
NK225E    ,OOP,203106,52250.0,            ,136182218,0000000.0000,0000000.0,6683.37,0.242221,146182218,0000000.0000,0000000.0,19664.1,0.312656,65481.27,0.2463,2031-06-01
NK225E    ,OOP,203106,52500.0,            ,136182518,0000000.0000,0000000.0,6776.82,0.241882,146182518,0000000.0000,0000000.0,19525.51,0.311984,65481.27,0.2463,2031-06-01
NK225E    ,OOP,203106,52750.0,            ,136182718,0000000.0000,0000000.0,6871.02,0.241646,146182718,0000000.0000,0000000.0,19387.67,0.311303,65481.27,0.2463,2031-06-01
NK225E    ,OOP,203106,53000.0,            ,136183018,0000000.0000,0000000.0,6965.84,0.241276,146183018,0000000.0000,0000000.0,19250.46,0.310614,65481.27,0.2463,2031-06-01
NK225E    ,OOP,203106,53250.0,            ,136183218,0000000.0000,0000000.0,7061.54,0.241008,146183218,0000000.0000,0000000.0,19114.12,0.309915,65481.27,0.2463,2031-06-01
NK225E    ,OOP,203106,53500.0,            ,136183518,0000000.0000,0000000.0,7157.91,0.240725,146183518,0000000.0000,0000000.0,18978.44,0.309208,65481.27,0.2463,2031-06-01
NK225E    ,OOP,203106,53750.0,            ,136183718,0000000.0000,0000000.0,7254.89,0.240308,146183718,0000000.0000,0000000.0,18843.38,0.308609,65481.27,0.2463,2031-06-01
NK225E    ,OOP,203106,54000.0,            ,136184018,0000000.0000,0000000.0,7352.58,0.24011,146184018,0000000.0000,0000000.0,18709.03,0.307884,65481.27,0.2463,2031-06-01
NK225E    ,OOP,203106,54250.0,            ,136184218,0000000.0000,0000000.0,7450.93,0.23978,146184218,0000000.0000,0000000.0,18575.34,0.307266,65481.27,0.2463,2031-06-01
NK225E    ,OOP,203106,54500.0,            ,136184518,0000000.0000,0000000.0,7550.03,0.239435,146184518,0000000.0000,0000000.0,18442.4,0.306639,65481.27,0.2463,2031-06-01
NK225E    ,OOP,203106,54750.0,            ,136184718,0000000.0000,0000000.0,7649.78,0.239075,146184718,0000000.0000,0000000.0,18310.12,0.306003,65481.27,0.2463,2031-06-01
NK225E    ,OOP,203106,55000.0,            ,136185018,0000000.0000,0000000.0,7750.2,0.238814,146185018,0000000.0000,0000000.0,18178.49,0.305358,65481.27,0.2463,2031-06-01
NK225E    ,OOP,203106,55250.0,            ,136185218,0000000.0000,0000000.0,7851.23,0.238538,146185218,0000000.0000,0000000.0,18047.48,0.304704,65481.27,0.2463,2031-06-01
NK225E    ,OOP,203106,55500.0,            ,136185518,0000000.0000,0000000.0,7952.96,0.238134,146185518,0000000.0000,0000000.0,17917.17,0.304153,65481.27,0.2463,2031-06-01
NK225E    ,OOP,203106,55750.0,            ,136185718,0000000.0000,0000000.0,8055.34,0.237828,146185718,0000000.0000,0000000.0,17787.52,0.303481,65481.27,0.2463,2031-06-01
NK225E    ,OOP,203106,56000.0,            ,136186018,0000000.0000,0000000.0,8158.38,0.237508,146186018,0000000.0000,0000000.0,17658.51,0.302912,65481.27,0.2463,2031-06-01
NK225E    ,OOP,203106,56250.0,            ,136186218,0000000.0000,0000000.0,8261.98,0.237283,146186218,0000000.0000,0000000.0,17530.07,0.302334,65481.27,0.2463,2031-06-01
NK225E    ,OOP,203106,56500.0,            ,186186518,0000000.0000,0000000.0,8366.23,0.236933,196186518,0000000.0000,0000000.0,17402.28,0.301746,65481.27,0.2463,2031-06-01
NK225E    ,OOP,203106,56750.0,            ,186186718,0000000.0000,0000000.0,8471.08,0.236569,196186718,0000000.0000,0000000.0,17275.09,0.301149,65481.27,0.2463,2031-06-01
NK225E    ,OOP,203106,57000.0,            ,186187018,0000000.0000,0000000.0,8576.62,0.236301,196187018,0000000.0000,0000000.0,17148.59,0.300543,65481.27,0.2463,2031-06-01
NK225E    ,OOP,203106,57250.0,            ,186187218,0000000.0000,0000000.0,8682.72,0.236017,196187218,0000000.0000,0000000.0,17022.65,0.299928,65481.27,0.2463,2031-06-01
NK225E    ,OOP,203106,57500.0,            ,186187518,0000000.0000,0000000.0,8789.41,0.235611,196187518,0000000.0000,0000000.0,16897.31,0.299304,65481.27,0.2463,2031-06-01
NK225E    ,OOP,203106,57750.0,            ,186187718,0000000.0000,0000000.0,8896.7,0.235299,196187718,0000000.0000,0000000.0,16772.56,0.29878,65481.27,0.2463,2031-06-01
NK225E    ,OOP,203106,58000.0,            ,186188018,0000000.0000,0000000.0,9004.77,0.234973,196188018,0000000.0000,0000000.0,16648.59,0.298138,65481.27,0.2463,2031-06-01
NK225E    ,OOP,203106,58250.0,            ,186188218,0000000.0000,0000000.0,9113.2,0.234634,196188218,0000000.0000,0000000.0,16524.97,0.297596,65481.27,0.2463,2031-06-01
NK225E    ,OOP,203106,58500.0,            ,186188518,0000000.0000,0000000.0,9222.26,0.234387,196188518,0000000.0000,0000000.0,16402.0,0.297044,65481.27,0.2463,2031-06-01
NK225E    ,OOP,203106,58750.0,            ,186188718,0000000.0000,0000000.0,9331.96,0.234019,196188718,0000000.0000,0000000.0,16279.66,0.296483,65481.27,0.2463,2031-06-01
NK225E    ,OOP,203106,59000.0,            ,186189018,0000000.0000,0000000.0,9442.34,0.233639,196189018,0000000.0000,0000000.0,16158.0,0.295912,65481.27,0.2463,2031-06-01
NK225E    ,OOP,203106,59250.0,            ,186189218,0000000.0000,0000000.0,9553.02,0.23335,196189218,0000000.0000,0000000.0,16036.63,0.295333,65481.27,0.2463,2031-06-01
NK225E    ,OOP,203106,59500.0,            ,186189518,0000000.0000,0000000.0,9664.47,0.233047,196189518,0000000.0000,0000000.0,15916.04,0.294745,65481.27,0.2463,2031-06-01
NK225E    ,OOP,203106,59750.0,            ,186189718,0000000.0000,0000000.0,9776.5,0.232731,196189718,0000000.0000,0000000.0,15796.03,0.294253,65481.27,0.2463,2031-06-01
NK225E    ,OOP,203106,60000.0,            ,186180018,0000000.0000,0000000.0,9889.15,0.232297,196180018,0000000.0000,0000000.0,15676.65,0.293647,65481.27,0.2463,2031-06-01
NK225E    ,OOP,203106,60250.0,            ,186180218,0000000.0000,0000000.0,10002.19,0.231954,196180218,0000000.0000,0000000.0,15557.65,0.293137,65481.27,0.2463,2031-06-01
NK225E    ,OOP,203106,60500.0,            ,186180518,0000000.0000,0000000.0,10115.8,0.231701,196180518,0000000.0000,0000000.0,15439.22,0.292618,65481.27,0.2463,2031-06-01
NK225E    ,OOP,203106,60750.0,            ,186180718,0000000.0000,0000000.0,10230.13,0.231331,196180718,0000000.0000,0000000.0,15321.51,0.29209,65481.27,0.2463,2031-06-01
NK225E    ,OOP,203106,61000.0,            ,186181018,0000000.0000,0000000.0,10344.99,0.230949,196181018,0000000.0000,0000000.0,15204.32,0.291552,65481.27,0.2463,2031-06-01
NK225E    ,OOP,203106,61250.0,            ,186181218,0000000.0000,0000000.0,10460.31,0.230655,196181218,0000000.0000,0000000.0,15087.61,0.291006,65481.27,0.2463,2031-06-01
NK225E    ,OOP,203106,61500.0,            ,186181518,0000000.0000,0000000.0,10576.2,0.230247,196181518,0000000.0000,0000000.0,14971.45,0.29045,65481.27,0.2463,2031-06-01
NK225E    ,OOP,203106,61750.0,            ,186181718,0000000.0000,0000000.0,10692.7,0.229928,196181718,0000000.0000,0000000.0,14855.92,0.289886,65481.27,0.2463,2031-06-01
NK225E    ,OOP,203106,62000.0,            ,186182018,0000000.0000,0000000.0,10809.81,0.229595,196182018,0000000.0000,0000000.0,14740.99,0.289313,65481.27,0.2463,2031-06-01
NK225E    ,OOP,203106,62250.0,            ,186182218,0000000.0000,0000000.0,10927.34,0.22925,196182218,0000000.0000,0000000.0,14626.47,0.288833,65481.27,0.2463,2031-06-01
NK225E    ,OOP,203106,62500.0,            ,186182518,0000000.0000,0000000.0,11045.47,0.228892,196182518,0000000.0000,0000000.0,14512.57,0.288344,65481.27,0.2463,2031-06-01
NK225E    ,OOP,203106,62750.0,            ,186182718,0000000.0000,0000000.0,11164.21,0.228521,196182718,0000000.0000,0000000.0,14399.27,0.287744,65481.27,0.2463,2031-06-01
NK225E    ,OOP,203106,63000.0,            ,186183018,0000000.0000,0000000.0,11283.55,0.228137,196183018,0000000.0000,0000000.0,14286.57,0.287238,65481.27,0.2463,2031-06-01
NK225E    ,OOP,203106,63250.0,            ,186183218,0000000.0000,0000000.0,11403.3,0.227741,196183218,0000000.0000,0000000.0,14174.28,0.286722,65481.27,0.2463,2031-06-01
NK225E    ,OOP,203106,63500.0,            ,186183518,0000000.0000,0000000.0,11523.65,0.227432,196183518,0000000.0000,0000000.0,14062.59,0.286197,65481.27,0.2463,2031-06-01
NK225E    ,OOP,203106,63750.0,            ,186183718,0000000.0000,0000000.0,11644.6,0.227011,196183718,0000000.0000,0000000.0,13951.5,0.285663,65481.27,0.2463,2031-06-01
NK225E    ,OOP,203106,64000.0,            ,186184018,0000000.0000,0000000.0,11766.14,0.226677,196184018,0000000.0000,0000000.0,13841.0,0.285121,65481.27,0.2463,2031-06-01
NK225E    ,OOP,203106,64250.0,            ,186184218,0000000.0000,0000000.0,11888.19,0.226331,196184218,0000000.0000,0000000.0,13731.01,0.28467,65481.27,0.2463,2031-06-01
NK225E    ,OOP,203106,64500.0,            ,186184518,0000000.0000,0000000.0,12010.82,0.225971,196184518,0000000.0000,0000000.0,13621.6,0.28411,65481.27,0.2463,2031-06-01
NK225E    ,OOP,203106,64750.0,            ,186184718,0000000.0000,0000000.0,12134.06,0.2256,196184718,0000000.0000,0000000.0,13512.8,0.283641,65481.27,0.2463,2031-06-01
NK225E    ,OOP,203106,65000.0,            ,186185018,0000000.0000,0000000.0,12257.88,0.225216,196185018,0000000.0000,0000000.0,13404.58,0.283163,65481.27,0.2463,2031-06-01
NK225E    ,OOP,203106,65250.0,            ,186185218,0000000.0000,0000000.0,12382.19,0.22482,196185218,0000000.0000,0000000.0,13296.85,0.282676,65481.27,0.2463,2031-06-01
NK225E    ,OOP,203106,65500.0,            ,186185518,0000000.0000,0000000.0,12507.14,0.224412,196185518,0000000.0000,0000000.0,13189.76,0.282081,65481.27,0.2463,2031-06-01
NK225E    ,OOP,203106,65750.0,            ,186185718,0000000.0000,0000000.0,12632.68,0.224089,196185718,0000000.0000,0000000.0,13083.26,0.281675,65481.27,0.2463,2031-06-01
NK225E    ,OOP,203106,66000.0,            ,186186018,0000000.0000,0000000.0,12758.81,0.223754,196186018,0000000.0000,0000000.0,12977.35,0.281161,65481.27,0.2463,2031-06-01
NK225E    ,OOP,203106,66250.0,            ,186186218,0000000.0000,0000000.0,12885.57,0.223309,196186218,0000000.0000,0000000.0,12872.07,0.280639,65481.27,0.2463,2031-06-01
NK225E    ,OOP,203106,66500.0,            ,136306518,0000000.0000,0000000.0,13012.92,0.22295,146306518,0000000.0000,0000000.0,12767.38,0.280108,65481.27,0.2463,2031-06-01
NK225E    ,OOP,203106,66750.0,            ,136306718,0000000.0000,0000000.0,13140.84,0.222578,146306718,0000000.0000,0000000.0,12663.27,0.279666,65481.27,0.2463,2031-06-01
NK225E    ,OOP,203106,67000.0,            ,136307018,0000000.0000,0000000.0,13269.35,0.222194,146307018,0000000.0000,0000000.0,12559.73,0.279215,65481.27,0.2463,2031-06-01
NK225E    ,OOP,203106,67250.0,            ,136307218,0000000.0000,0000000.0,13398.6,0.221799,146307218,0000000.0000,0000000.0,12456.94,0.278658,65481.27,0.2463,2031-06-01
NK225E    ,OOP,203106,67500.0,            ,136307518,0000000.0000,0000000.0,13528.42,0.221487,146307518,0000000.0000,0000000.0,12354.72,0.278189,65481.27,0.2463,2031-06-01
NK225E    ,OOP,203106,67750.0,            ,136307718,0000000.0000,0000000.0,13658.82,0.221067,146307718,0000000.0000,0000000.0,12253.08,0.277712,65481.27,0.2463,2031-06-01
NK225E    ,OOP,203106,68000.0,            ,136308018,0000000.0000,0000000.0,13789.84,0.220732,146308018,0000000.0000,0000000.0,12152.06,0.277323,65481.27,0.2463,2031-06-01
NK225E    ,OOP,203106,68250.0,            ,136308218,0000000.0000,0000000.0,13921.7,0.220288,146308218,0000000.0000,0000000.0,12051.88,0.276828,65481.27,0.2463,2031-06-01
NK225E    ,OOP,203106,68500.0,            ,136308518,0000000.0000,0000000.0,14054.13,0.219929,146308518,0000000.0000,0000000.0,11952.28,0.276325,65481.27,0.2463,2031-06-01
NK225E    ,OOP,203106,68750.0,            ,136308718,0000000.0000,0000000.0,14187.14,0.219557,146308718,0000000.0000,0000000.0,11853.24,0.275909,65481.27,0.2463,2031-06-01
NK225E    ,OOP,203106,69000.0,            ,136309018,0000000.0000,0000000.0,14320.77,0.219174,146309018,0000000.0000,0000000.0,11754.83,0.275388,65481.27,0.2463,2031-06-01
NK225E    ,OOP,203106,69250.0,            ,136309218,0000000.0000,0000000.0,14455.38,0.218874,146309218,0000000.0000,0000000.0,11657.4,0.274955,65481.27,0.2463,2031-06-01
NK225E    ,OOP,203106,69500.0,            ,136309518,0000000.0000,0000000.0,14590.62,0.218467,146309518,0000000.0000,0000000.0,11560.6,0.274513,65481.27,0.2463,2031-06-01
NK225E    ,OOP,203106,69750.0,            ,136309718,0000000.0000,0000000.0,14726.37,0.218048,146309718,0000000.0000,0000000.0,11464.31,0.274062,65481.27,0.2463,2031-06-01
NK225E    ,OOP,203106,70000.0,            ,136300018,0000000.0000,0000000.0,14862.73,0.217712,146300018,0000000.0000,0000000.0,11368.64,0.273698,65481.27,0.2463,2031-06-01
NK225E    ,OOP,203106,70250.0,            ,136300218,0000000.0000,0000000.0,15000.3,0.217365,146300218,0000000.0000,0000000.0,11274.16,0.27323,65481.27,0.2463,2031-06-01
NK225E    ,OOP,203106,70500.0,            ,136300518,0000000.0000,0000000.0,15138.42,0.217006,146300518,0000000.0000,0000000.0,11180.24,0.272848,65481.27,0.2463,2031-06-01
NK225E    ,OOP,203106,70750.0,            ,136300718,0000000.0000,0000000.0,15277.11,0.216635,146300718,0000000.0000,0000000.0,11086.89,0.272362,65481.27,0.2463,2031-06-01
NK225E    ,OOP,203106,71000.0,            ,136301018,0000000.0000,0000000.0,15416.35,0.216252,146301018,0000000.0000,0000000.0,10994.1,0.271963,65481.27,0.2463,2031-06-01
NK225E    ,OOP,203106,71250.0,            ,136301218,0000000.0000,0000000.0,15557.0,0.215952,146301218,0000000.0000,0000000.0,10902.7,0.271556,65481.27,0.2463,2031-06-01
NK225E    ,OOP,203106,71500.0,            ,136301518,0000000.0000,0000000.0,15698.26,0.215546,146301518,0000000.0000,0000000.0,10811.92,0.271234,65481.27,0.2463,2031-06-01
NK225E    ,OOP,203106,71750.0,            ,136301718,0000000.0000,0000000.0,15840.07,0.215222,146301718,0000000.0000,0000000.0,10721.7,0.270809,65481.27,0.2463,2031-06-01
NK225E    ,OOP,203106,72000.0,            ,136302018,0000000.0000,0000000.0,15982.44,0.214887,146302018,0000000.0000,0000000.0,10632.02,0.270375,65481.27,0.2463,2031-06-01
NK225E    ,OOP,203106,72250.0,            ,136302218,0000000.0000,0000000.0,16126.47,0.21454,146302218,0000000.0000,0000000.0,10544.01,0.270027,65481.27,0.2463,2031-06-01
NK225E    ,OOP,203106,72500.0,            ,136302518,0000000.0000,0000000.0,16271.05,0.214182,146302518,0000000.0000,0000000.0,10456.56,0.269671,65481.27,0.2463,2031-06-01
NK225E    ,OOP,203106,72750.0,            ,136302718,0000000.0000,0000000.0,16416.18,0.213906,146302718,0000000.0000,0000000.0,10369.65,0.269305,65481.27,0.2463,2031-06-01
NK225E    ,OOP,203106,73000.0,            ,136303018,0000000.0000,0000000.0,16561.86,0.213525,146303018,0000000.0000,0000000.0,10283.28,0.268931,65481.27,0.2463,2031-06-01
NK225E    ,OOP,203106,73250.0,            ,136303218,0000000.0000,0000000.0,16709.41,0.213225,146303218,0000000.0000,0000000.0,10198.79,0.268643,65481.27,0.2463,2031-06-01
NK225E    ,OOP,203106,73500.0,            ,136303518,0000000.0000,0000000.0,16857.55,0.212915,146303518,0000000.0000,0000000.0,10114.9,0.268252,65481.27,0.2463,2031-06-01
NK225E    ,OOP,203106,73750.0,            ,136303718,0000000.0000,0000000.0,17006.24,0.212593,146303718,0000000.0000,0000000.0,10031.55,0.267946,65481.27,0.2463,2031-06-01
NK225E    ,OOP,203106,74000.0,            ,136304018,0000000.0000,0000000.0,17155.47,0.212353,146304018,0000000.0000,0000000.0,9948.73,0.267632,65481.27,0.2463,2031-06-01
NK225E    ,OOP,203106,74250.0,            ,136304218,0000000.0000,0000000.0,17306.83,0.212008,146304218,0000000.0000,0000000.0,9868.05,0.267309,65481.27,0.2463,2031-06-01
NK225E    ,OOP,203106,74500.0,            ,136304518,0000000.0000,0000000.0,17458.77,0.211745,146304518,0000000.0000,0000000.0,9787.96,0.266978,65481.27,0.2463,2031-06-01
NK225E    ,OOP,203106,74750.0,            ,136304718,0000000.0000,0000000.0,17611.25,0.211471,146304718,0000000.0000,0000000.0,9708.4,0.266732,65481.27,0.2463,2031-06-01
NK225E    ,OOP,203106,75000.0,            ,136305018,0000000.0000,0000000.0,17764.26,0.211186,146305018,0000000.0000,0000000.0,9629.37,0.266477,65481.27,0.2463,2031-06-01
NK225E    ,OOP,203106,75250.0,            ,136305218,0000000.0000,0000000.0,17919.71,0.210983,146305218,0000000.0000,0000000.0,9552.78,0.266214,65481.27,0.2463,2031-06-01
NK225E    ,OOP,203106,75500.0,            ,136305518,0000000.0000,0000000.0,18075.74,0.210675,146305518,0000000.0000,0000000.0,9476.77,0.265942,65481.27,0.2463,2031-06-01
NK225E    ,OOP,203106,75750.0,            ,136305718,0000000.0000,0000000.0,18232.3,0.21045,146305718,0000000.0000,0000000.0,9401.28,0.265662,65481.27,0.2463,2031-06-01
NK225E    ,OOP,203106,76000.0,            ,136306018,0000000.0000,0000000.0,18389.37,0.210214,146306018,0000000.0000,0000000.0,9326.31,0.265467,65481.27,0.2463,2031-06-01
NK225E    ,OOP,203106,76250.0,            ,136306218,0000000.0000,0000000.0,18553.55,0.21006,146306218,0000000.0000,0000000.0,9258.46,0.265358,65481.27,0.2463,2031-06-01
NK225E    ,OOP,203106,80000.0,            ,186300018,0000000.0000,0000000.0,21076.26,0.208166,196300018,0000000.0000,0000000.0,8300.57,0.263846,65481.27,0.2463,2031-06-01
NK225E    ,OOP,203112,18000.0,            ,136128018,0000000.0000,0000000.0,379.75,0.320662,146128018,0000000.0000,0000000.0,44873.07,0.622086,65481.27,0.2463,2031-12-01
NK225E    ,OOP,203112,19000.0,            ,136129018,0000000.0000,0000000.0,465.25,0.320307,146129018,0000000.0000,0000000.0,44037.7,0.601902,65481.27,0.2463,2031-12-01
NK225E    ,OOP,203112,20000.0,            ,136120018,0000000.0000,0000000.0,561.97,0.319949,146120018,0000000.0000,0000000.0,43213.56,0.583612,65481.27,0.2463,2031-12-01
NK225E    ,OOP,203112,21000.0,            ,136121018,0000000.0000,0000000.0,670.3,0.319542,146121018,0000000.0000,0000000.0,42401.03,0.566682,65481.27,0.2463,2031-12-01
NK225E    ,OOP,203112,22000.0,            ,136122018,0000000.0000,0000000.0,790.58,0.319068,146122018,0000000.0000,0000000.0,41600.45,0.551786,65481.27,0.2463,2031-12-01
NK225E    ,OOP,203112,23000.0,            ,136123018,0000000.0000,0000000.0,923.08,0.318993,146123018,0000000.0000,0000000.0,40812.1,0.537877,65481.27,0.2463,2031-12-01
NK225E    ,OOP,203112,24000.0,            ,136124018,0000000.0000,0000000.0,1068.04,0.318754,146124018,0000000.0000,0000000.0,40036.2,0.525358,65481.27,0.2463,2031-12-01
NK225E    ,OOP,203112,25000.0,            ,136125018,0000000.0000,0000000.0,1225.64,0.31838,146125018,0000000.0000,0000000.0,39272.94,0.513828,65481.27,0.2463,2031-12-01
NK225E    ,OOP,203112,26000.0,            ,136126018,0000000.0000,0000000.0,1396.0,0.317891,146126018,0000000.0000,0000000.0,38522.45,0.503181,65481.27,0.2463,2031-12-01
NK225E    ,OOP,203112,27000.0,            ,136127018,0000000.0000,0000000.0,1579.24,0.317633,146127018,0000000.0000,0000000.0,37784.83,0.493553,65481.27,0.2463,2031-12-01
NK225E    ,OOP,203112,27250.0,            ,186127218,0000000.0000,0000000.0,1627.07,0.317687,196127218,0000000.0000,0000000.0,37602.45,0.491356,65481.27,0.2463,2031-12-01
NK225E    ,OOP,203112,27500.0,            ,186127518,0000000.0000,0000000.0,1675.71,0.317688,196127518,0000000.0000,0000000.0,37420.87,0.488948,65481.27,0.2463,2031-12-01
NK225E    ,OOP,203112,27750.0,            ,186127718,0000000.0000,0000000.0,1725.16,0.317641,196127718,0000000.0000,0000000.0,37240.1,0.486778,65481.27,0.2463,2031-12-01
NK225E    ,OOP,203112,28000.0,            ,186128018,0000000.0000,0000000.0,1775.42,0.317547,196128018,0000000.0000,0000000.0,37060.15,0.48462,65481.27,0.2463,2031-12-01
NK225E    ,OOP,203112,28250.0,            ,136128218,0000000.0000,0000000.0,1802.7,0.316228,146128218,0000000.0000,0000000.0,36857.22,0.481607,65481.27,0.2463,2031-12-01
NK225E    ,OOP,203112,28500.0,            ,136128518,0000000.0000,0000000.0,1830.08,0.314612,146128518,0000000.0000,0000000.0,36654.38,0.478622,65481.27,0.2463,2031-12-01
NK225E    ,OOP,203112,28750.0,            ,136128718,0000000.0000,0000000.0,1857.5,0.313288,146128718,0000000.0000,0000000.0,36451.59,0.475663,65481.27,0.2463,2031-12-01
NK225E    ,OOP,203112,29000.0,            ,186129018,0000000.0000,0000000.0,1885.02,0.311961,196129018,0000000.0000,0000000.0,36248.89,0.472519,65481.27,0.2463,2031-12-01
NK225E    ,OOP,203112,29250.0,            ,136129218,0000000.0000,0000000.0,1913.05,0.310629,146129218,0000000.0000,0000000.0,36046.71,0.469613,65481.27,0.2463,2031-12-01
NK225E    ,OOP,203112,29500.0,            ,136129518,0000000.0000,0000000.0,1941.15,0.309293,146129518,0000000.0000,0000000.0,35844.6,0.466732,65481.27,0.2463,2031-12-01
NK225E    ,OOP,203112,29750.0,            ,136129718,0000000.0000,0000000.0,1969.33,0.307955,146129718,0000000.0000,0000000.0,35642.56,0.463875,65481.27,0.2463,2031-12-01
NK225E    ,OOP,203112,30000.0,            ,186120018,0000000.0000,0000000.0,1997.58,0.306613,196120018,0000000.0000,0000000.0,35440.6,0.461042,65481.27,0.2463,2031-12-01
NK225E    ,OOP,203112,30250.0,            ,136120218,0000000.0000,0000000.0,2026.55,0.305269,146120218,0000000.0000,0000000.0,35239.35,0.458233,65481.27,0.2463,2031-12-01
NK225E    ,OOP,203112,30500.0,            ,136120518,0000000.0000,0000000.0,2055.6,0.303921,146120518,0000000.0000,0000000.0,35038.19,0.455446,65481.27,0.2463,2031-12-01
NK225E    ,OOP,203112,30750.0,            ,136120718,0000000.0000,0000000.0,2084.74,0.302571,146120718,0000000.0000,0000000.0,34837.11,0.452681,65481.27,0.2463,2031-12-01
NK225E    ,OOP,203112,31000.0,            ,186121018,0000000.0000,0000000.0,2113.97,0.301219,196121018,0000000.0000,0000000.0,34636.13,0.449938,65481.27,0.2463,2031-12-01
NK225E    ,OOP,203112,31250.0,            ,136121218,0000000.0000,0000000.0,2144.09,0.299865,146121218,0000000.0000,0000000.0,34436.03,0.447217,65481.27,0.2463,2031-12-01
NK225E    ,OOP,203112,31500.0,            ,136121518,0000000.0000,0000000.0,2174.32,0.298509,146121518,0000000.0000,0000000.0,34236.05,0.444516,65481.27,0.2463,2031-12-01
NK225E    ,OOP,203112,31750.0,            ,136121718,0000000.0000,0000000.0,2204.65,0.297151,146121718,0000000.0000,0000000.0,34036.17,0.441836,65481.27,0.2463,2031-12-01
NK225E    ,OOP,203112,32000.0,            ,186122018,0000000.0000,0000000.0,2235.08,0.296037,196122018,0000000.0000,0000000.0,33836.38,0.439367,65481.27,0.2463,2031-12-01
NK225E    ,OOP,203112,32250.0,            ,136122218,0000000.0000,0000000.0,2266.61,0.294672,146122218,0000000.0000,0000000.0,33637.7,0.436725,65481.27,0.2463,2031-12-01
NK225E    ,OOP,203112,32500.0,            ,136122518,0000000.0000,0000000.0,2298.26,0.293547,146122518,0000000.0000,0000000.0,33439.13,0.43429,65481.27,0.2463,2031-12-01
NK225E    ,OOP,203112,32750.0,            ,136122718,0000000.0000,0000000.0,2330.02,0.292177,146122718,0000000.0000,0000000.0,33240.67,0.431685,65481.27,0.2463,2031-12-01
NK225E    ,OOP,203112,33000.0,            ,186123018,0000000.0000,0000000.0,2361.89,0.291041,196123018,0000000.0000,0000000.0,33042.34,0.429283,65481.27,0.2463,2031-12-01
NK225E    ,OOP,203112,33250.0,            ,136123218,0000000.0000,0000000.0,2395.05,0.289898,146123218,0000000.0000,0000000.0,32845.28,0.426713,65481.27,0.2463,2031-12-01
NK225E    ,OOP,203112,33500.0,            ,136123518,0000000.0000,0000000.0,2428.35,0.28852,146123518,0000000.0000,0000000.0,32648.36,0.424343,65481.27,0.2463,2031-12-01
NK225E    ,OOP,203112,33750.0,            ,136123718,0000000.0000,0000000.0,2461.78,0.287368,146123718,0000000.0000,0000000.0,32451.58,0.421987,65481.27,0.2463,2031-12-01
NK225E    ,OOP,203112,34000.0,            ,186124018,0000000.0000,0000000.0,2495.37,0.28621,196124018,0000000.0000,0000000.0,32254.95,0.419647,65481.27,0.2463,2031-12-01
NK225E    ,OOP,203112,34250.0,            ,136124218,0000000.0000,0000000.0,2530.39,0.285047,146124218,0000000.0000,0000000.0,32059.76,0.41732,65481.27,0.2463,2031-12-01
NK225E    ,OOP,203112,34500.0,            ,136124518,0000000.0000,0000000.0,2565.6,0.283878,146124518,0000000.0000,0000000.0,31864.75,0.415007,65481.27,0.2463,2031-12-01
NK225E    ,OOP,203112,34750.0,            ,136124718,0000000.0000,0000000.0,2600.95,0.282705,146124718,0000000.0000,0000000.0,31669.89,0.412707,65481.27,0.2463,2031-12-01
NK225E    ,OOP,203112,35000.0,            ,186125018,0000000.0000,0000000.0,2636.48,0.28174,196125018,0000000.0000,0000000.0,31475.21,0.410421,65481.27,0.2463,2031-12-01
NK225E    ,OOP,203112,35250.0,            ,136125218,0000000.0000,0000000.0,2673.62,0.280555,146125218,0000000.0000,0000000.0,31282.14,0.408148,65481.27,0.2463,2031-12-01
NK225E    ,OOP,203112,35500.0,            ,136125518,0000000.0000,0000000.0,2710.99,0.279575,146125518,0000000.0000,0000000.0,31089.29,0.406059,65481.27,0.2463,2031-12-01
NK225E    ,OOP,203112,35750.0,            ,136125718,0000000.0000,0000000.0,2748.52,0.278378,146125718,0000000.0000,0000000.0,30896.6,0.40381,65481.27,0.2463,2031-12-01
NK225E    ,OOP,203112,36000.0,            ,186126018,0000000.0000,0000000.0,2786.26,0.277383,196126018,0000000.0000,0000000.0,30704.13,0.401742,65481.27,0.2463,2031-12-01
NK225E    ,OOP,203112,36250.0,            ,136126218,0000000.0000,0000000.0,2825.77,0.276379,146126218,0000000.0000,0000000.0,30513.42,0.399684,65481.27,0.2463,2031-12-01
NK225E    ,OOP,203112,36500.0,            ,136126518,0000000.0000,0000000.0,2865.52,0.275367,146126518,0000000.0000,0000000.0,30322.96,0.397636,65481.27,0.2463,2031-12-01
NK225E    ,OOP,203112,36750.0,            ,136126718,0000000.0000,0000000.0,2905.47,0.274347,146126718,0000000.0000,0000000.0,30132.69,0.395596,65481.27,0.2463,2031-12-01
NK225E    ,OOP,203112,37000.0,            ,186127018,0000000.0000,0000000.0,2945.67,0.27332,196127018,0000000.0000,0000000.0,29942.68,0.393566,65481.27,0.2463,2031-12-01
NK225E    ,OOP,203112,37250.0,            ,136127218,0000000.0000,0000000.0,2987.78,0.272286,146127218,0000000.0000,0000000.0,29754.58,0.391545,65481.27,0.2463,2031-12-01
NK225E    ,OOP,203112,37500.0,            ,136127518,0000000.0000,0000000.0,3030.15,0.271244,146127518,0000000.0000,0000000.0,29566.73,0.389532,65481.27,0.2463,2031-12-01
NK225E    ,OOP,203112,37750.0,            ,136127718,0000000.0000,0000000.0,3072.77,0.270386,146127718,0000000.0000,0000000.0,29379.14,0.38769,65481.27,0.2463,2031-12-01
NK225E    ,OOP,203112,38000.0,            ,136248018,0000000.0000,0000000.0,3115.66,0.269329,146248018,0000000.0000,0000000.0,29191.81,0.385693,65481.27,0.2463,2031-12-01
NK225E    ,OOP,203112,38250.0,            ,186128218,0000000.0000,0000000.0,3160.58,0.268452,196128218,0000000.0000,0000000.0,29006.52,0.383863,65481.27,0.2463,2031-12-01
NK225E    ,OOP,203112,38500.0,            ,186128518,0000000.0000,0000000.0,3205.8,0.267565,196128518,0000000.0000,0000000.0,28821.52,0.38204,65481.27,0.2463,2031-12-01
NK225E    ,OOP,203112,38750.0,            ,186128718,0000000.0000,0000000.0,3251.31,0.266668,196128718,0000000.0000,0000000.0,28636.82,0.380222,65481.27,0.2463,2031-12-01
NK225E    ,OOP,203112,39000.0,            ,136249018,0000000.0000,0000000.0,3297.12,0.265762,146249018,0000000.0000,0000000.0,28452.41,0.37841,65481.27,0.2463,2031-12-01
NK225E    ,OOP,203112,39250.0,            ,186129218,0000000.0000,0000000.0,3345.07,0.265025,196129218,0000000.0000,0000000.0,28270.16,0.376603,65481.27,0.2463,2031-12-01
NK225E    ,OOP,203112,39500.0,            ,186129518,0000000.0000,0000000.0,3393.39,0.264099,196129518,0000000.0000,0000000.0,28088.26,0.374956,65481.27,0.2463,2031-12-01
NK225E    ,OOP,203112,39750.0,            ,186129718,0000000.0000,0000000.0,3442.01,0.263339,196129718,0000000.0000,0000000.0,27906.66,0.373159,65481.27,0.2463,2031-12-01
NK225E    ,OOP,203112,40000.0,            ,136240018,0000000.0000,0000000.0,3490.99,0.262395,146240018,0000000.0000,0000000.0,27725.43,0.371519,65481.27,0.2463,2031-12-01
NK225E    ,OOP,203112,40250.0,            ,186120218,0000000.0000,0000000.0,3542.17,0.261614,196120218,0000000.0000,0000000.0,27546.39,0.369882,65481.27,0.2463,2031-12-01
NK225E    ,OOP,203112,40500.0,            ,186120518,0000000.0000,0000000.0,3593.74,0.260821,196120518,0000000.0000,0000000.0,27367.75,0.368249,65481.27,0.2463,2031-12-01
NK225E    ,OOP,203112,40750.0,            ,186120718,0000000.0000,0000000.0,3645.66,0.260186,196120718,0000000.0000,0000000.0,27189.45,0.366618,65481.27,0.2463,2031-12-01
NK225E    ,OOP,203112,41000.0,            ,136241018,0000000.0000,0000000.0,3697.98,0.25937,146241018,0000000.0000,0000000.0,27011.56,0.364991,65481.27,0.2463,2031-12-01
NK225E    ,OOP,203112,41250.0,            ,186121218,0000000.0000,0000000.0,3752.57,0.258709,196121218,0000000.0000,0000000.0,26835.93,0.363512,65481.27,0.2463,2031-12-01
NK225E    ,OOP,203112,41500.0,            ,186121518,0000000.0000,0000000.0,3807.6,0.257872,196121518,0000000.0000,0000000.0,26660.75,0.362035,65481.27,0.2463,2031-12-01
NK225E    ,OOP,203112,41750.0,            ,186121718,0000000.0000,0000000.0,3863.03,0.257186,196121718,0000000.0000,0000000.0,26485.97,0.360414,65481.27,0.2463,2031-12-01
NK225E    ,OOP,203112,42000.0,            ,136242018,0000000.0000,0000000.0,3918.88,0.256488,146242018,0000000.0000,0000000.0,26311.6,0.35894,65481.27,0.2463,2031-12-01
NK225E    ,OOP,203112,42250.0,            ,186122218,0000000.0000,0000000.0,3977.04,0.255778,196122218,0000000.0000,0000000.0,26139.55,0.357466,65481.27,0.2463,2031-12-01
NK225E    ,OOP,203112,42500.0,            ,186122518,0000000.0000,0000000.0,4035.68,0.255213,196122518,0000000.0000,0000000.0,25967.97,0.356135,65481.27,0.2463,2031-12-01
NK225E    ,OOP,203112,42750.0,            ,186122718,0000000.0000,0000000.0,4094.76,0.254478,196122718,0000000.0000,0000000.0,25796.84,0.354663,65481.27,0.2463,2031-12-01
NK225E    ,OOP,203112,43000.0,            ,136243018,0000000.0000,0000000.0,4154.29,0.253885,146243018,0000000.0000,0000000.0,25626.15,0.353331,65481.27,0.2463,2031-12-01
NK225E    ,OOP,203112,43250.0,            ,186123218,0000000.0000,0000000.0,4216.17,0.253279,196123218,0000000.0000,0000000.0,25457.82,0.351998,65481.27,0.2463,2031-12-01
NK225E    ,OOP,203112,43500.0,            ,186123518,0000000.0000,0000000.0,4278.53,0.25266,196123518,0000000.0000,0000000.0,25289.97,0.350664,65481.27,0.2463,2031-12-01
NK225E    ,OOP,203112,43750.0,            ,186123718,0000000.0000,0000000.0,4341.37,0.252027,196123718,0000000.0000,0000000.0,25122.59,0.349329,65481.27,0.2463,2031-12-01
NK225E    ,OOP,203112,44000.0,            ,136244018,0000000.0000,0000000.0,4404.68,0.251382,146244018,0000000.0000,0000000.0,24955.69,0.347994,65481.27,0.2463,2031-12-01
NK225E    ,OOP,203112,44250.0,            ,186124218,0000000.0000,0000000.0,4470.36,0.250872,196124218,0000000.0000,0000000.0,24791.15,0.346793,65481.27,0.2463,2031-12-01
NK225E    ,OOP,203112,44500.0,            ,186124518,0000000.0000,0000000.0,4536.57,0.250347,196124518,0000000.0000,0000000.0,24627.15,0.34559,65481.27,0.2463,2031-12-01
NK225E    ,OOP,203112,44750.0,            ,186124718,0000000.0000,0000000.0,4603.3,0.249807,196124718,0000000.0000,0000000.0,24463.66,0.344384,65481.27,0.2463,2031-12-01
NK225E    ,OOP,203112,45000.0,            ,136245018,0000000.0000,0000000.0,4670.54,0.249253,146245018,0000000.0000,0000000.0,24300.69,0.343175,65481.27,0.2463,2031-12-01
NK225E    ,OOP,203112,45250.0,            ,186125218,0000000.0000,0000000.0,4740.08,0.248686,196125218,0000000.0000,0000000.0,24140.02,0.341964,65481.27,0.2463,2031-12-01
NK225E    ,OOP,203112,45500.0,            ,186125518,0000000.0000,0000000.0,4810.2,0.248246,196125518,0000000.0000,0000000.0,23979.92,0.340883,65481.27,0.2463,2031-12-01
NK225E    ,OOP,203112,45750.0,            ,186125718,0000000.0000,0000000.0,4880.87,0.247791,196125718,0000000.0000,0000000.0,23820.37,0.339667,65481.27,0.2463,2031-12-01
NK225E    ,OOP,203112,46000.0,            ,136246018,0000000.0000,0000000.0,4952.07,0.247321,146246018,0000000.0000,0000000.0,23661.36,0.338578,65481.27,0.2463,2031-12-01
NK225E    ,OOP,203112,46250.0,            ,186126218,0000000.0000,0000000.0,5025.56,0.246837,196126218,0000000.0000,0000000.0,23504.63,0.337486,65481.27,0.2463,2031-12-01
NK225E    ,OOP,203112,46500.0,            ,186126518,0000000.0000,0000000.0,5099.61,0.246337,196126518,0000000.0000,0000000.0,23348.47,0.33639,65481.27,0.2463,2031-12-01
NK225E    ,OOP,203112,46750.0,            ,186126718,0000000.0000,0000000.0,5174.2,0.245824,196126718,0000000.0000,0000000.0,23192.84,0.335418,65481.27,0.2463,2031-12-01
NK225E    ,OOP,203112,47000.0,            ,136247018,0000000.0000,0000000.0,5249.46,0.245432,146247018,0000000.0000,0000000.0,23037.9,0.334313,65481.27,0.2463,2031-12-01
NK225E    ,OOP,203112,47250.0,            ,136247218,0000000.0000,0000000.0,5326.86,0.245023,146247218,0000000.0000,0000000.0,22885.08,0.333332,65481.27,0.2463,2031-12-01
NK225E    ,OOP,203112,47500.0,            ,136247518,0000000.0000,0000000.0,5404.85,0.2446,146247518,0000000.0000,0000000.0,22732.86,0.332346,65481.27,0.2463,2031-12-01
NK225E    ,OOP,203112,47750.0,            ,136247718,0000000.0000,0000000.0,5483.48,0.244162,146247718,0000000.0000,0000000.0,22581.27,0.331354,65481.27,0.2463,2031-12-01
NK225E    ,OOP,203112,48000.0,            ,186248018,0000000.0000,0000000.0,5562.69,0.243839,196248018,0000000.0000,0000000.0,22430.27,0.330483,65481.27,0.2463,2031-12-01
NK225E    ,OOP,203112,48250.0,            ,136248218,0000000.0000,0000000.0,5644.03,0.243371,146248218,0000000.0000,0000000.0,22281.39,0.329481,65481.27,0.2463,2031-12-01
NK225E    ,OOP,203112,48500.0,            ,136248518,0000000.0000,0000000.0,5725.98,0.243018,146248518,0000000.0000,0000000.0,22133.12,0.328598,65481.27,0.2463,2031-12-01
NK225E    ,OOP,203112,48750.0,            ,136248718,0000000.0000,0000000.0,5808.5,0.242649,146248718,0000000.0000,0000000.0,21985.43,0.327709,65481.27,0.2463,2031-12-01
NK225E    ,OOP,203112,49000.0,            ,186249018,0000000.0000,0000000.0,5891.67,0.242264,196249018,0000000.0000,0000000.0,21838.39,0.326814,65481.27,0.2463,2031-12-01
NK225E    ,OOP,203112,49250.0,            ,136249218,0000000.0000,0000000.0,5976.87,0.241865,146249218,0000000.0000,0000000.0,21693.37,0.325913,65481.27,0.2463,2031-12-01
NK225E    ,OOP,203112,49500.0,            ,136249518,0000000.0000,0000000.0,6062.65,0.241576,146249518,0000000.0000,0000000.0,21548.94,0.325127,65481.27,0.2463,2031-12-01
NK225E    ,OOP,203112,49750.0,            ,136249718,0000000.0000,0000000.0,6149.11,0.241271,146249718,0000000.0000,0000000.0,21405.18,0.324334,65481.27,0.2463,2031-12-01
NK225E    ,OOP,203112,50000.0,            ,186240018,0000000.0000,0000000.0,6236.19,0.24095,196240018,0000000.0000,0000000.0,21262.05,0.323415,65481.27,0.2463,2031-12-01
NK225E    ,OOP,203112,50250.0,            ,136240218,0000000.0000,0000000.0,6325.1,0.240614,146240218,0000000.0000,0000000.0,21120.74,0.322609,65481.27,0.2463,2031-12-01
NK225E    ,OOP,203112,50500.0,            ,136240518,0000000.0000,0000000.0,6414.69,0.240263,146240518,0000000.0000,0000000.0,20980.12,0.321915,65481.27,0.2463,2031-12-01
NK225E    ,OOP,203112,50750.0,            ,136240718,0000000.0000,0000000.0,6504.88,0.239898,146240718,0000000.0000,0000000.0,20840.09,0.321095,65481.27,0.2463,2031-12-01
NK225E    ,OOP,203112,51000.0,            ,186241018,0000000.0000,0000000.0,6595.75,0.239637,196241018,0000000.0000,0000000.0,20700.75,0.320387,65481.27,0.2463,2031-12-01
NK225E    ,OOP,203112,51250.0,            ,136241218,0000000.0000,0000000.0,6688.32,0.239361,146241218,0000000.0000,0000000.0,20563.11,0.319554,65481.27,0.2463,2031-12-01
NK225E    ,OOP,203112,51500.0,            ,136241518,0000000.0000,0000000.0,6781.5,0.239069,146241518,0000000.0000,0000000.0,20426.07,0.318831,65481.27,0.2463,2031-12-01
NK225E    ,OOP,203112,51750.0,            ,136241718,0000000.0000,0000000.0,6875.41,0.238763,146241718,0000000.0000,0000000.0,20289.77,0.3181,65481.27,0.2463,2031-12-01
NK225E    ,OOP,203112,52000.0,            ,186242018,0000000.0000,0000000.0,6969.92,0.238441,196242018,0000000.0000,0000000.0,20154.07,0.317477,65481.27,0.2463,2031-12-01
NK225E    ,OOP,203112,52250.0,            ,136242218,0000000.0000,0000000.0,7065.95,0.238221,146242218,0000000.0000,0000000.0,20019.88,0.316732,65481.27,0.2463,2031-12-01
NK225E    ,OOP,203112,52500.0,            ,136242518,0000000.0000,0000000.0,7162.68,0.23787,146242518,0000000.0000,0000000.0,19886.4,0.316093,65481.27,0.2463,2031-12-01
NK225E    ,OOP,203112,52750.0,            ,136242718,0000000.0000,0000000.0,7260.02,0.237619,146242718,0000000.0000,0000000.0,19753.52,0.315447,65481.27,0.2463,2031-12-01
NK225E    ,OOP,203112,53000.0,            ,186243018,0000000.0000,0000000.0,7358.1,0.237354,196243018,0000000.0000,0000000.0,19621.39,0.31468,65481.27,0.2463,2031-12-01
NK225E    ,OOP,203112,53250.0,            ,136243218,0000000.0000,0000000.0,7457.5,0.237074,146243218,0000000.0000,0000000.0,19490.57,0.31413,65481.27,0.2463,2031-12-01
NK225E    ,OOP,203112,53500.0,            ,136243518,0000000.0000,0000000.0,7557.55,0.236891,146243518,0000000.0000,0000000.0,19360.41,0.313461,65481.27,0.2463,2031-12-01
NK225E    ,OOP,203112,53750.0,            ,136243718,0000000.0000,0000000.0,7658.26,0.236581,146243718,0000000.0000,0000000.0,19230.9,0.312783,65481.27,0.2463,2031-12-01
NK225E    ,OOP,203112,54000.0,            ,186244018,0000000.0000,0000000.0,7759.62,0.236369,196244018,0000000.0000,0000000.0,19102.04,0.312209,65481.27,0.2463,2031-12-01
NK225E    ,OOP,203112,54250.0,            ,136244218,0000000.0000,0000000.0,7862.08,0.236031,146244218,0000000.0000,0000000.0,18974.29,0.311627,65481.27,0.2463,2031-12-01
NK225E    ,OOP,203112,54500.0,            ,136244518,0000000.0000,0000000.0,7965.29,0.235789,146244518,0000000.0000,0000000.0,18847.29,0.310927,65481.27,0.2463,2031-12-01
NK225E    ,OOP,203112,54750.0,            ,136244718,0000000.0000,0000000.0,8069.11,0.235533,146244718,0000000.0000,0000000.0,18720.89,0.310329,65481.27,0.2463,2031-12-01
NK225E    ,OOP,203112,55000.0,            ,186245018,0000000.0000,0000000.0,8173.62,0.235371,196245018,0000000.0000,0000000.0,18595.19,0.309832,65481.27,0.2463,2031-12-01
NK225E    ,OOP,203112,55250.0,            ,136245218,0000000.0000,0000000.0,8279.07,0.235086,146245218,0000000.0000,0000000.0,18470.42,0.309217,65481.27,0.2463,2031-12-01
NK225E    ,OOP,203112,55500.0,            ,136245518,0000000.0000,0000000.0,8385.2,0.234895,146245518,0000000.0000,0000000.0,18346.35,0.308595,65481.27,0.2463,2031-12-01
NK225E    ,OOP,203112,55750.0,            ,136245718,0000000.0000,0000000.0,8491.99,0.234583,146245718,0000000.0000,0000000.0,18222.92,0.308073,65481.27,0.2463,2031-12-01
NK225E    ,OOP,203112,56000.0,            ,186246018,0000000.0000,0000000.0,8599.38,0.234363,196246018,0000000.0000,0000000.0,18100.09,0.307542,65481.27,0.2463,2031-12-01
NK225E    ,OOP,203112,56250.0,            ,136246218,0000000.0000,0000000.0,8707.6,0.23413,146246218,0000000.0000,0000000.0,17978.1,0.307003,65481.27,0.2463,2031-12-01
NK225E    ,OOP,203112,56500.0,            ,136246518,0000000.0000,0000000.0,8816.42,0.233882,146246518,0000000.0000,0000000.0,17856.7,0.306455,65481.27,0.2463,2031-12-01
NK225E    ,OOP,203112,56750.0,            ,136246718,0000000.0000,0000000.0,8925.88,0.233621,146246718,0000000.0000,0000000.0,17735.95,0.3059,65481.27,0.2463,2031-12-01
NK225E    ,OOP,203112,57000.0,            ,186247018,0000000.0000,0000000.0,9036.07,0.233346,196247018,0000000.0000,0000000.0,17615.93,0.305336,65481.27,0.2463,2031-12-01
NK225E    ,OOP,203112,57250.0,            ,186247218,0000000.0000,0000000.0,9146.76,0.233163,196247218,0000000.0000,0000000.0,17496.4,0.304764,65481.27,0.2463,2031-12-01
NK225E    ,OOP,203112,57500.0,            ,186247518,0000000.0000,0000000.0,9258.13,0.232861,196247518,0000000.0000,0000000.0,17377.56,0.30429,65481.27,0.2463,2031-12-01
NK225E    ,OOP,203112,57750.0,            ,186247718,0000000.0000,0000000.0,9370.14,0.23265,196247718,0000000.0000,0000000.0,17259.35,0.303702,65481.27,0.2463,2031-12-01
NK225E    ,OOP,203112,58000.0,            ,136368018,0000000.0000,0000000.0,9482.73,0.232425,146368018,0000000.0000,0000000.0,17141.73,0.303211,65481.27,0.2463,2031-12-01
NK225E    ,OOP,203112,58250.0,            ,186248218,0000000.0000,0000000.0,9595.8,0.232187,196248218,0000000.0000,0000000.0,17024.59,0.302711,65481.27,0.2463,2031-12-01
NK225E    ,OOP,203112,58500.0,            ,186248518,0000000.0000,0000000.0,9709.45,0.231936,196248518,0000000.0000,0000000.0,16908.02,0.302203,65481.27,0.2463,2031-12-01
NK225E    ,OOP,203112,58750.0,            ,186248718,0000000.0000,0000000.0,9823.73,0.231672,196248718,0000000.0000,0000000.0,16792.08,0.301686,65481.27,0.2463,2031-12-01
NK225E    ,OOP,203112,59000.0,            ,136369018,0000000.0000,0000000.0,9938.58,0.231394,146369018,0000000.0000,0000000.0,16676.71,0.301162,65481.27,0.2463,2031-12-01
NK225E    ,OOP,203112,59250.0,            ,186249218,0000000.0000,0000000.0,10053.7,0.231105,196249218,0000000.0000,0000000.0,16561.62,0.30063,65481.27,0.2463,2031-12-01
NK225E    ,OOP,203112,59500.0,            ,186249518,0000000.0000,0000000.0,10169.43,0.230903,196249518,0000000.0000,0000000.0,16447.14,0.300191,65481.27,0.2463,2031-12-01
NK225E    ,OOP,203112,59750.0,            ,186249718,0000000.0000,0000000.0,10285.83,0.230587,196249718,0000000.0000,0000000.0,16333.32,0.299643,65481.27,0.2463,2031-12-01
NK225E    ,OOP,203112,60000.0,            ,136360018,0000000.0000,0000000.0,10402.84,0.23036,146360018,0000000.0000,0000000.0,16220.12,0.299188,65481.27,0.2463,2031-12-01
NK225E    ,OOP,203112,60250.0,            ,186240218,0000000.0000,0000000.0,10519.85,0.23002,196240218,0000000.0000,0000000.0,16106.92,0.298624,65481.27,0.2463,2031-12-01
NK225E    ,OOP,203112,60500.0,            ,186240518,0000000.0000,0000000.0,10637.47,0.229767,196240518,0000000.0000,0000000.0,15994.32,0.298152,65481.27,0.2463,2031-12-01
NK225E    ,OOP,203112,60750.0,            ,186240718,0000000.0000,0000000.0,10755.74,0.229502,196240718,0000000.0000,0000000.0,15882.38,0.297673,65481.27,0.2463,2031-12-01
NK225E    ,OOP,203112,61000.0,            ,136361018,0000000.0000,0000000.0,10874.67,0.229224,146361018,0000000.0000,0000000.0,15771.09,0.297185,65481.27,0.2463,2031-12-01
NK225E    ,OOP,203112,61250.0,            ,186241218,0000000.0000,0000000.0,10993.43,0.228934,196241218,0000000.0000,0000000.0,15659.63,0.29669,65481.27,0.2463,2031-12-01
NK225E    ,OOP,203112,61500.0,            ,186241518,0000000.0000,0000000.0,11112.83,0.228633,196241518,0000000.0000,0000000.0,15548.82,0.296186,65481.27,0.2463,2031-12-01
NK225E    ,OOP,203112,61750.0,            ,186241718,0000000.0000,0000000.0,11232.82,0.228319,196241718,0000000.0000,0000000.0,15438.6,0.295675,65481.27,0.2463,2031-12-01
NK225E    ,OOP,203112,62000.0,            ,136362018,0000000.0000,0000000.0,11353.4,0.22809,146362018,0000000.0000,0000000.0,15328.96,0.295155,65481.27,0.2463,2031-12-01
NK225E    ,OOP,203112,62250.0,            ,186242218,0000000.0000,0000000.0,11473.79,0.227753,196242218,0000000.0000,0000000.0,15219.14,0.294727,65481.27,0.2463,2031-12-01
NK225E    ,OOP,203112,62500.0,            ,186242518,0000000.0000,0000000.0,11594.77,0.227404,196242518,0000000.0000,0000000.0,15109.9,0.294192,65481.27,0.2463,2031-12-01
NK225E    ,OOP,203112,62750.0,            ,186242718,0000000.0000,0000000.0,11716.32,0.22714,196242718,0000000.0000,0000000.0,15001.24,0.293748,65481.27,0.2463,2031-12-01
NK225E    ,OOP,203112,63000.0,            ,136363018,0000000.0000,0000000.0,11838.5,0.226863,146363018,0000000.0000,0000000.0,14893.21,0.293197,65481.27,0.2463,2031-12-01
NK225E    ,OOP,203112,63250.0,            ,186243218,0000000.0000,0000000.0,11960.38,0.22648,196243218,0000000.0000,0000000.0,14784.87,0.292737,65481.27,0.2463,2031-12-01
NK225E    ,OOP,203112,63500.0,            ,186243518,0000000.0000,0000000.0,12082.82,0.22618,196243518,0000000.0000,0000000.0,14677.1,0.292171,65481.27,0.2463,2031-12-01
NK225E    ,OOP,203112,63750.0,            ,186243718,0000000.0000,0000000.0,12205.83,0.225869,196243718,0000000.0000,0000000.0,14569.89,0.291696,65481.27,0.2463,2031-12-01
NK225E    ,OOP,203112,64000.0,            ,136364018,0000000.0000,0000000.0,12329.4,0.225547,146364018,0000000.0000,0000000.0,14463.25,0.291212,65481.27,0.2463,2031-12-01
NK225E    ,OOP,203112,64250.0,            ,186244218,0000000.0000,0000000.0,12452.7,0.225213,196244218,0000000.0000,0000000.0,14356.34,0.29072,65481.27,0.2463,2031-12-01
NK225E    ,OOP,203112,64500.0,            ,186244518,0000000.0000,0000000.0,12576.56,0.224868,196244518,0000000.0000,0000000.0,14249.98,0.290221,65481.27,0.2463,2031-12-01
NK225E    ,OOP,203112,64750.0,            ,186244718,0000000.0000,0000000.0,12700.98,0.224512,196244718,0000000.0000,0000000.0,14144.18,0.289714,65481.27,0.2463,2031-12-01
NK225E    ,OOP,203112,65000.0,            ,136365018,0000000.0000,0000000.0,12825.95,0.224145,146365018,0000000.0000,0000000.0,14038.94,0.2892,65481.27,0.2463,2031-12-01
NK225E    ,OOP,203112,65250.0,            ,186245218,0000000.0000,0000000.0,12950.57,0.223767,196245218,0000000.0000,0000000.0,13933.35,0.288678,65481.27,0.2463,2031-12-01
NK225E    ,OOP,203112,65500.0,            ,186245518,0000000.0000,0000000.0,13075.79,0.223378,196245518,0000000.0000,0000000.0,13828.36,0.288149,65481.27,0.2463,2031-12-01
NK225E    ,OOP,203112,65750.0,            ,186245718,0000000.0000,0000000.0,13201.51,0.223071,196245718,0000000.0000,0000000.0,13723.86,0.287707,65481.27,0.2463,2031-12-01
NK225E    ,OOP,203112,66000.0,            ,136366018,0000000.0000,0000000.0,13327.83,0.22266,146366018,0000000.0000,0000000.0,13619.96,0.287162,65481.27,0.2463,2031-12-01
NK225E    ,OOP,203112,66250.0,            ,186246218,0000000.0000,0000000.0,13453.84,0.222239,196246218,0000000.0000,0000000.0,13515.75,0.28661,65481.27,0.2463,2031-12-01
NK225E    ,OOP,203112,66500.0,            ,186246518,0000000.0000,0000000.0,13580.38,0.221899,196246518,0000000.0000,0000000.0,13412.09,0.286146,65481.27,0.2463,2031-12-01
NK225E    ,OOP,203112,66750.0,            ,186246718,0000000.0000,0000000.0,13707.47,0.221549,196246718,0000000.0000,0000000.0,13308.96,0.285579,65481.27,0.2463,2031-12-01
NK225E    ,OOP,203112,67000.0,            ,136367018,0000000.0000,0000000.0,13835.14,0.221095,146367018,0000000.0000,0000000.0,13206.42,0.2851,65481.27,0.2463,2031-12-01
NK225E    ,OOP,203112,67250.0,            ,136367218,0000000.0000,0000000.0,13962.54,0.220724,146367218,0000000.0000,0000000.0,13103.6,0.284613,65481.27,0.2463,2031-12-01
NK225E    ,OOP,203112,67500.0,            ,136367518,0000000.0000,0000000.0,14090.53,0.220341,146367518,0000000.0000,0000000.0,13001.38,0.284118,65481.27,0.2463,2031-12-01
NK225E    ,OOP,203112,67750.0,            ,136367718,0000000.0000,0000000.0,14219.05,0.219948,146367718,0000000.0000,0000000.0,12899.68,0.283522,65481.27,0.2463,2031-12-01
NK225E    ,OOP,203112,68000.0,            ,186368018,0000000.0000,0000000.0,14348.1,0.219544,196368018,0000000.0000,0000000.0,12798.52,0.283012,65481.27,0.2463,2031-12-01
NK225E    ,OOP,203112,68250.0,            ,136368218,0000000.0000,0000000.0,14477.08,0.219129,146368218,0000000.0000,0000000.0,12697.28,0.282495,65481.27,0.2463,2031-12-01
NK225E    ,OOP,203112,68500.0,            ,136368518,0000000.0000,0000000.0,14606.59,0.218704,146368518,0000000.0000,0000000.0,12596.58,0.281971,65481.27,0.2463,2031-12-01
NK225E    ,OOP,203112,68750.0,            ,136368718,0000000.0000,0000000.0,14736.62,0.218269,146368718,0000000.0000,0000000.0,12496.39,0.281439,65481.27,0.2463,2031-12-01
NK225E    ,OOP,203112,69000.0,            ,186369018,0000000.0000,0000000.0,14867.17,0.217823,196369018,0000000.0000,0000000.0,12396.73,0.280994,65481.27,0.2463,2031-12-01
NK225E    ,OOP,203112,69250.0,            ,136369218,0000000.0000,0000000.0,14997.81,0.217366,146369218,0000000.0000,0000000.0,12297.15,0.280447,65481.27,0.2463,2031-12-01
NK225E    ,OOP,203112,69500.0,            ,136369518,0000000.0000,0000000.0,15129.02,0.216991,146369518,0000000.0000,0000000.0,12198.15,0.279893,65481.27,0.2463,2031-12-01
NK225E    ,OOP,203112,69750.0,            ,136369718,0000000.0000,0000000.0,15260.75,0.216513,146369718,0000000.0000,0000000.0,12099.67,0.279425,65481.27,0.2463,2031-12-01
NK225E    ,OOP,203112,70000.0,            ,186360018,0000000.0000,0000000.0,15393.0,0.216117,196360018,0000000.0000,0000000.0,12001.7,0.278857,65481.27,0.2463,2031-12-01
NK225E    ,OOP,203112,70250.0,            ,136360218,0000000.0000,0000000.0,15525.6,0.215709,146360218,0000000.0000,0000000.0,11904.09,0.278374,65481.27,0.2463,2031-12-01
NK225E    ,OOP,203112,70500.0,            ,136360518,0000000.0000,0000000.0,15658.72,0.215201,146360518,0000000.0000,0000000.0,11806.99,0.277883,65481.27,0.2463,2031-12-01
NK225E    ,OOP,203112,70750.0,            ,136360718,0000000.0000,0000000.0,15792.35,0.214773,146360718,0000000.0000,0000000.0,11710.4,0.277385,65481.27,0.2463,2031-12-01
NK225E    ,OOP,203112,71000.0,            ,186361018,0000000.0000,0000000.0,15926.49,0.214334,196361018,0000000.0000,0000000.0,11614.33,0.27688,65481.27,0.2463,2031-12-01
NK225E    ,OOP,203112,71250.0,            ,136361218,0000000.0000,0000000.0,16061.25,0.213885,146361218,0000000.0000,0000000.0,11518.88,0.276367,65481.27,0.2463,2031-12-01
NK225E    ,OOP,203112,71500.0,            ,136361518,0000000.0000,0000000.0,16196.58,0.213516,146361518,0000000.0000,0000000.0,11423.99,0.275847,65481.27,0.2463,2031-12-01
NK225E    ,OOP,203112,71750.0,            ,136361718,0000000.0000,0000000.0,16332.42,0.213047,146361718,0000000.0000,0000000.0,11329.62,0.27532,65481.27,0.2463,2031-12-01
NK225E    ,OOP,203112,72000.0,            ,186362018,0000000.0000,0000000.0,16468.77,0.212566,196362018,0000000.0000,0000000.0,11235.75,0.274786,65481.27,0.2463,2031-12-01
NK225E    ,OOP,203112,72250.0,            ,136362218,0000000.0000,0000000.0,16606.12,0.212166,146362218,0000000.0000,0000000.0,11142.89,0.274335,65481.27,0.2463,2031-12-01
NK225E    ,OOP,203112,72500.0,            ,136362518,0000000.0000,0000000.0,16744.03,0.211755,146362518,0000000.0000,0000000.0,11050.59,0.273877,65481.27,0.2463,2031-12-01
NK225E    ,OOP,203112,72750.0,            ,136362718,0000000.0000,0000000.0,16882.4,0.211334,146362718,0000000.0000,0000000.0,10958.74,0.273412,65481.27,0.2463,2031-12-01
NK225E    ,OOP,203112,73000.0,            ,186363018,0000000.0000,0000000.0,17021.32,0.210902,196363018,0000000.0000,0000000.0,10867.45,0.272939,65481.27,0.2463,2031-12-01
NK225E    ,OOP,203112,73250.0,            ,136363218,0000000.0000,0000000.0,17161.7,0.21046,146363218,0000000.0000,0000000.0,10777.61,0.272459,65481.27,0.2463,2031-12-01
NK225E    ,OOP,203112,73500.0,            ,136363518,0000000.0000,0000000.0,17302.57,0.210008,146363518,0000000.0000,0000000.0,10688.27,0.271972,65481.27,0.2463,2031-12-01
NK225E    ,OOP,203112,73750.0,            ,136363718,0000000.0000,0000000.0,17443.95,0.209635,146363718,0000000.0000,0000000.0,10599.43,0.271477,65481.27,0.2463,2031-12-01
NK225E    ,OOP,203112,74000.0,            ,186364018,0000000.0000,0000000.0,17585.88,0.209162,196364018,0000000.0000,0000000.0,10511.15,0.271066,65481.27,0.2463,2031-12-01
NK225E    ,OOP,203112,74250.0,            ,136364218,0000000.0000,0000000.0,17729.7,0.208768,146364218,0000000.0000,0000000.0,10424.76,0.270647,65481.27,0.2463,2031-12-01
NK225E    ,OOP,203112,74500.0,            ,136364518,0000000.0000,0000000.0,17874.08,0.208364,146364518,0000000.0000,0000000.0,10338.92,0.270221,65481.27,0.2463,2031-12-01
NK225E    ,OOP,203112,74750.0,            ,136364718,0000000.0000,0000000.0,18018.89,0.207949,146364718,0000000.0000,0000000.0,10253.52,0.269787,65481.27,0.2463,2031-12-01
NK225E    ,OOP,203112,75000.0,            ,186365018,0000000.0000,0000000.0,18164.26,0.207614,196365018,0000000.0000,0000000.0,10168.68,0.269346,65481.27,0.2463,2031-12-01
NK225E    ,OOP,203112,75250.0,            ,136365218,0000000.0000,0000000.0,18312.13,0.207179,146365218,0000000.0000,0000000.0,10086.33,0.268989,65481.27,0.2463,2031-12-01
NK225E    ,OOP,203112,75500.0,            ,136365518,0000000.0000,0000000.0,18460.54,0.206823,146365518,0000000.0000,0000000.0,10004.52,0.268623,65481.27,0.2463,2031-12-01
NK225E    ,OOP,203112,75750.0,            ,136365718,0000000.0000,0000000.0,18609.45,0.206457,146365718,0000000.0000,0000000.0,9923.22,0.26825,65481.27,0.2463,2031-12-01
NK225E    ,OOP,203112,76000.0,            ,186366018,0000000.0000,0000000.0,18758.84,0.20608,196366018,0000000.0000,0000000.0,9842.4,0.26787,65481.27,0.2463,2031-12-01
NK225E    ,OOP,203112,76250.0,            ,136366218,0000000.0000,0000000.0,18917.35,0.205873,146366218,0000000.0000,0000000.0,9770.69,0.267663,65481.27,0.2463,2031-12-01
NK225E    ,OOP,203112,80000.0,            ,136480018,0000000.0000,0000000.0,21352.47,0.202738,146480018,0000000.0000,0000000.0,8752.59,0.264658,65481.27,0.2463,2031-12-01
NK225E    ,OOP,203206,24000.0,            ,137064018,0000000.0000,0000000.0,1238.19,0.316744,147064018,0000000.0000,0000000.0,39966.2,0.526338,65481.27,0.2463,2032-06-01
NK225E    ,OOP,203206,25000.0,            ,137065018,0000000.0000,0000000.0,1411.18,0.316484,147065018,0000000.0000,0000000.0,39225.59,0.515231,65481.27,0.2463,2032-06-01
NK225E    ,OOP,203206,26000.0,            ,137066018,0000000.0000,0000000.0,1597.09,0.316093,147066018,0000000.0000,0000000.0,38497.88,0.504746,65481.27,0.2463,2032-06-01
NK225E    ,OOP,203206,27000.0,            ,137067018,0000000.0000,0000000.0,1795.94,0.315892,147067018,0000000.0000,0000000.0,37783.12,0.495251,65481.27,0.2463,2032-06-01
NK225E    ,OOP,203206,27250.0,            ,187067218,0000000.0000,0000000.0,1847.68,0.31573,197067218,0000000.0000,0000000.0,37606.45,0.49308,65481.27,0.2463,2032-06-01
NK225E    ,OOP,203206,27500.0,            ,187067518,0000000.0000,0000000.0,1900.22,0.315814,197067518,0000000.0000,0000000.0,37430.59,0.490923,65481.27,0.2463,2032-06-01
NK225E    ,OOP,203206,27750.0,            ,187067718,0000000.0000,0000000.0,1953.57,0.315569,197067718,0000000.0000,0000000.0,37255.54,0.488779,65481.27,0.2463,2032-06-01
NK225E    ,OOP,203206,28000.0,            ,137068018,0000000.0000,0000000.0,2007.73,0.315565,147068018,0000000.0000,0000000.0,37081.29,0.486647,65481.27,0.2463,2032-06-01
NK225E    ,OOP,203206,28250.0,            ,187068218,0000000.0000,0000000.0,2044.73,0.314703,197068218,0000000.0000,0000000.0,36889.88,0.48391,65481.27,0.2463,2032-06-01
NK225E    ,OOP,203206,28500.0,            ,187068518,0000000.0000,0000000.0,2082.0,0.313558,197068518,0000000.0000,0000000.0,36698.75,0.481196,65481.27,0.2463,2032-06-01
NK225E    ,OOP,203206,28750.0,            ,187068718,0000000.0000,0000000.0,2119.53,0.31267,197068718,0000000.0000,0000000.0,36507.88,0.478505,65481.27,0.2463,2032-06-01
NK225E    ,OOP,203206,29000.0,            ,137069018,0000000.0000,0000000.0,2157.31,0.311507,147069018,0000000.0000,0000000.0,36317.26,0.475837,65481.27,0.2463,2032-06-01
NK225E    ,OOP,203206,29250.0,            ,187069218,0000000.0000,0000000.0,2193.46,0.310595,197069218,0000000.0000,0000000.0,36125.0,0.472991,65481.27,0.2463,2032-06-01
NK225E    ,OOP,203206,29500.0,            ,187069518,0000000.0000,0000000.0,2229.8,0.309416,197069518,0000000.0000,0000000.0,35932.94,0.470367,65481.27,0.2463,2032-06-01
NK225E    ,OOP,203206,29750.0,            ,187069718,0000000.0000,0000000.0,2266.35,0.308483,197069718,0000000.0000,0000000.0,35741.09,0.467764,65481.27,0.2463,2032-06-01
NK225E    ,OOP,203206,30000.0,            ,137060018,0000000.0000,0000000.0,2303.1,0.30729,147060018,0000000.0000,0000000.0,35549.43,0.465182,65481.27,0.2463,2032-06-01
NK225E    ,OOP,203206,30250.0,            ,187060218,0000000.0000,0000000.0,2338.61,0.306091,197060218,0000000.0000,0000000.0,35356.54,0.462427,65481.27,0.2463,2032-06-01
NK225E    ,OOP,203206,30500.0,            ,187060518,0000000.0000,0000000.0,2374.28,0.30513,197060518,0000000.0000,0000000.0,35163.81,0.459886,65481.27,0.2463,2032-06-01
NK225E    ,OOP,203206,30750.0,            ,187060718,0000000.0000,0000000.0,2410.11,0.303919,197060718,0000000.0000,0000000.0,34971.24,0.457175,65481.27,0.2463,2032-06-01
NK225E    ,OOP,203206,31000.0,            ,137061018,0000000.0000,0000000.0,2446.12,0.302705,147061018,0000000.0000,0000000.0,34778.84,0.454673,65481.27,0.2463,2032-06-01
NK225E    ,OOP,203206,31250.0,            ,187061218,0000000.0000,0000000.0,2481.28,0.301486,197061218,0000000.0000,0000000.0,34585.6,0.452003,65481.27,0.2463,2032-06-01
NK225E    ,OOP,203206,31500.0,            ,187061518,0000000.0000,0000000.0,2516.59,0.300264,197061518,0000000.0000,0000000.0,34392.51,0.449539,65481.27,0.2463,2032-06-01
NK225E    ,OOP,203206,31750.0,            ,187061718,0000000.0000,0000000.0,2552.03,0.299265,197061718,0000000.0000,0000000.0,34199.54,0.446909,65481.27,0.2463,2032-06-01
NK225E    ,OOP,203206,32000.0,            ,137062018,0000000.0000,0000000.0,2587.6,0.298032,147062018,0000000.0000,0000000.0,34006.71,0.444481,65481.27,0.2463,2032-06-01
NK225E    ,OOP,203206,32250.0,            ,187062218,0000000.0000,0000000.0,2622.76,0.296797,197062218,0000000.0000,0000000.0,33813.46,0.441889,65481.27,0.2463,2032-06-01
NK225E    ,OOP,203206,32500.0,            ,187062518,0000000.0000,0000000.0,2658.06,0.295558,197062518,0000000.0000,0000000.0,33620.36,0.439496,65481.27,0.2463,2032-06-01
NK225E    ,OOP,203206,32750.0,            ,187062718,0000000.0000,0000000.0,2693.44,0.294317,197062718,0000000.0000,0000000.0,33427.34,0.436941,65481.27,0.2463,2032-06-01
NK225E    ,OOP,203206,33000.0,            ,137063018,0000000.0000,0000000.0,2728.96,0.293073,147063018,0000000.0000,0000000.0,33234.45,0.434581,65481.27,0.2463,2032-06-01
NK225E    ,OOP,203206,33250.0,            ,187063218,0000000.0000,0000000.0,2764.47,0.292039,197063218,0000000.0000,0000000.0,33041.56,0.432061,65481.27,0.2463,2032-06-01
NK225E    ,OOP,203206,33500.0,            ,187063518,0000000.0000,0000000.0,2800.11,0.290787,197063518,0000000.0000,0000000.0,32848.79,0.429733,65481.27,0.2463,2032-06-01
NK225E    ,OOP,203206,33750.0,            ,187063718,0000000.0000,0000000.0,2835.83,0.289534,197063718,0000000.0000,0000000.0,32656.11,0.427248,65481.27,0.2463,2032-06-01
NK225E    ,OOP,203206,34000.0,            ,187064018,0000000.0000,0000000.0,2871.68,0.288278,197064018,0000000.0000,0000000.0,32463.56,0.42495,65481.27,0.2463,2032-06-01
NK225E    ,OOP,203206,34250.0,            ,137064218,0000000.0000,0000000.0,2907.94,0.28702,147064218,0000000.0000,0000000.0,32271.42,0.422497,65481.27,0.2463,2032-06-01
NK225E    ,OOP,203206,34500.0,            ,137064518,0000000.0000,0000000.0,2944.31,0.285961,147064518,0000000.0000,0000000.0,32079.38,0.420229,65481.27,0.2463,2032-06-01
NK225E    ,OOP,203206,34750.0,            ,137064718,0000000.0000,0000000.0,2980.79,0.284697,147064718,0000000.0000,0000000.0,31887.46,0.417807,65481.27,0.2463,2032-06-01
NK225E    ,OOP,203206,35000.0,            ,187065018,0000000.0000,0000000.0,3017.37,0.283432,197065018,0000000.0000,0000000.0,31695.64,0.415567,65481.27,0.2463,2032-06-01
NK225E    ,OOP,203206,35250.0,            ,137065218,0000000.0000,0000000.0,3054.75,0.28236,147065218,0000000.0000,0000000.0,31504.62,0.413341,65481.27,0.2463,2032-06-01
NK225E    ,OOP,203206,35500.0,            ,137065518,0000000.0000,0000000.0,3092.26,0.281089,147065518,0000000.0000,0000000.0,31313.71,0.411127,65481.27,0.2463,2032-06-01
NK225E    ,OOP,203206,35750.0,            ,137065718,0000000.0000,0000000.0,3129.88,0.280008,147065718,0000000.0000,0000000.0,31122.93,0.408926,65481.27,0.2463,2032-06-01
NK225E    ,OOP,203206,36000.0,            ,187066018,0000000.0000,0000000.0,3167.64,0.278733,197066018,0000000.0000,0000000.0,30932.29,0.406576,65481.27,0.2463,2032-06-01
NK225E    ,OOP,203206,36250.0,            ,137066218,0000000.0000,0000000.0,3206.55,0.277644,147066218,0000000.0000,0000000.0,30742.79,0.4044,65481.27,0.2463,2032-06-01
NK225E    ,OOP,203206,36500.0,            ,137066518,0000000.0000,0000000.0,3245.59,0.27655,147066518,0000000.0000,0000000.0,30553.43,0.402236,65481.27,0.2463,2032-06-01
NK225E    ,OOP,203206,36750.0,            ,137066718,0000000.0000,0000000.0,3284.76,0.275267,147066718,0000000.0000,0000000.0,30364.21,0.400242,65481.27,0.2463,2032-06-01
NK225E    ,OOP,203206,37000.0,            ,187067018,0000000.0000,0000000.0,3324.11,0.274166,197067018,0000000.0000,0000000.0,30175.14,0.398101,65481.27,0.2463,2032-06-01
NK225E    ,OOP,203206,37250.0,            ,137067218,0000000.0000,0000000.0,3364.93,0.27306,147067218,0000000.0000,0000000.0,29987.57,0.39597,65481.27,0.2463,2032-06-01
NK225E    ,OOP,203206,37500.0,            ,137067518,0000000.0000,0000000.0,3405.95,0.271949,147067518,0000000.0000,0000000.0,29800.18,0.393851,65481.27,0.2463,2032-06-01
NK225E    ,OOP,203206,37750.0,            ,137067718,0000000.0000,0000000.0,3447.1,0.271012,147067718,0000000.0000,0000000.0,29612.92,0.391896,65481.27,0.2463,2032-06-01
NK225E    ,OOP,203206,38000.0,            ,187068018,0000000.0000,0000000.0,3488.44,0.269892,197068018,0000000.0000,0000000.0,29425.86,0.389797,65481.27,0.2463,2032-06-01
NK225E    ,OOP,203206,38250.0,            ,137068218,0000000.0000,0000000.0,3531.57,0.268767,147068218,0000000.0000,0000000.0,29240.59,0.38786,65481.27,0.2463,2032-06-01
NK225E    ,OOP,203206,38500.0,            ,137068518,0000000.0000,0000000.0,3574.93,0.267811,147068518,0000000.0000,0000000.0,29055.54,0.385931,65481.27,0.2463,2032-06-01
NK225E    ,OOP,203206,38750.0,            ,137068718,0000000.0000,0000000.0,3618.44,0.266678,147068718,0000000.0000,0000000.0,28870.66,0.384011,65481.27,0.2463,2032-06-01
NK225E    ,OOP,203206,39000.0,            ,187069018,0000000.0000,0000000.0,3662.18,0.26571,197069018,0000000.0000,0000000.0,28685.99,0.382098,65481.27,0.2463,2032-06-01
NK225E    ,OOP,203206,39250.0,            ,137069218,0000000.0000,0000000.0,3708.03,0.264736,147069218,0000000.0000,0000000.0,28503.43,0.380193,65481.27,0.2463,2032-06-01
NK225E    ,OOP,203206,39500.0,            ,137069518,0000000.0000,0000000.0,3754.09,0.263755,147069518,0000000.0000,0000000.0,28321.1,0.378295,65481.27,0.2463,2032-06-01
NK225E    ,OOP,203206,39750.0,            ,137069718,0000000.0000,0000000.0,3800.39,0.262767,147069718,0000000.0000,0000000.0,28138.99,0.376551,65481.27,0.2463,2032-06-01
NK225E    ,OOP,203206,40000.0,            ,187060018,0000000.0000,0000000.0,3846.91,0.261774,197060018,0000000.0000,0000000.0,27957.1,0.374668,65481.27,0.2463,2032-06-01
NK225E    ,OOP,203206,40250.0,            ,137060218,0000000.0000,0000000.0,3895.79,0.260936,147060218,0000000.0000,0000000.0,27777.58,0.372935,65481.27,0.2463,2032-06-01
NK225E    ,OOP,203206,40500.0,            ,137060518,0000000.0000,0000000.0,3944.94,0.259929,147060518,0000000.0000,0000000.0,27598.33,0.371207,65481.27,0.2463,2032-06-01
NK225E    ,OOP,203206,40750.0,            ,137060718,0000000.0000,0000000.0,3994.35,0.259076,147060718,0000000.0000,0000000.0,27419.34,0.369485,65481.27,0.2463,2032-06-01
NK225E    ,OOP,203206,41000.0,            ,187061018,0000000.0000,0000000.0,4044.03,0.258057,197061018,0000000.0000,0000000.0,27240.61,0.367768,65481.27,0.2463,2032-06-01
NK225E    ,OOP,203206,41250.0,            ,137061218,0000000.0000,0000000.0,4096.29,0.257343,147061218,0000000.0000,0000000.0,27064.47,0.366055,65481.27,0.2463,2032-06-01
NK225E    ,OOP,203206,41500.0,            ,137061518,0000000.0000,0000000.0,4148.85,0.256465,147061518,0000000.0000,0000000.0,26888.63,0.364487,65481.27,0.2463,2032-06-01
NK225E    ,OOP,203206,41750.0,            ,137061718,0000000.0000,0000000.0,4201.72,0.255579,147061718,0000000.0000,0000000.0,26713.09,0.362783,65481.27,0.2463,2032-06-01
NK225E    ,OOP,203206,42000.0,            ,187062018,0000000.0000,0000000.0,4254.89,0.254686,197062018,0000000.0000,0000000.0,26537.86,0.361222,65481.27,0.2463,2032-06-01
NK225E    ,OOP,203206,42250.0,            ,137062218,0000000.0000,0000000.0,4310.79,0.253935,147062218,0000000.0000,0000000.0,26365.36,0.359663,65481.27,0.2463,2032-06-01
NK225E    ,OOP,203206,42500.0,            ,137062518,0000000.0000,0000000.0,4367.08,0.253175,147062518,0000000.0000,0000000.0,26193.24,0.358107,65481.27,0.2463,2032-06-01
NK225E    ,OOP,203206,42750.0,            ,137062718,0000000.0000,0000000.0,4423.71,0.252405,147062718,0000000.0000,0000000.0,26021.47,0.356689,65481.27,0.2463,2032-06-01
NK225E    ,OOP,203206,43000.0,            ,187063018,0000000.0000,0000000.0,4480.7,0.251626,197063018,0000000.0000,0000000.0,25850.05,0.355138,65481.27,0.2463,2032-06-01
NK225E    ,OOP,203206,43250.0,            ,137063218,0000000.0000,0000000.0,4540.54,0.250982,147063218,0000000.0000,0000000.0,25681.49,0.353723,65481.27,0.2463,2032-06-01
NK225E    ,OOP,203206,43500.0,            ,137063518,0000000.0000,0000000.0,4600.8,0.250183,147063518,0000000.0000,0000000.0,25513.35,0.352308,65481.27,0.2463,2032-06-01
NK225E    ,OOP,203206,43750.0,            ,137063718,0000000.0000,0000000.0,4661.46,0.249519,147063718,0000000.0000,0000000.0,25345.6,0.350895,65481.27,0.2463,2032-06-01
NK225E    ,OOP,203206,44000.0,            ,137184018,0000000.0000,0000000.0,4722.5,0.248843,147184018,0000000.0000,0000000.0,25178.24,0.349483,65481.27,0.2463,2032-06-01
NK225E    ,OOP,203206,44250.0,            ,187064218,0000000.0000,0000000.0,4786.49,0.248157,197064218,0000000.0000,0000000.0,25013.83,0.348201,65481.27,0.2463,2032-06-01
NK225E    ,OOP,203206,44500.0,            ,187064518,0000000.0000,0000000.0,4850.95,0.24746,197064518,0000000.0000,0000000.0,24849.89,0.34679,65481.27,0.2463,2032-06-01
NK225E    ,OOP,203206,44750.0,            ,187064718,0000000.0000,0000000.0,4915.84,0.246891,197064718,0000000.0000,0000000.0,24686.38,0.345508,65481.27,0.2463,2032-06-01
NK225E    ,OOP,203206,45000.0,            ,137185018,0000000.0000,0000000.0,4981.17,0.246173,147185018,0000000.0000,0000000.0,24523.3,0.344225,65481.27,0.2463,2032-06-01
NK225E    ,OOP,203206,45250.0,            ,187065218,0000000.0000,0000000.0,5049.52,0.245717,197065218,0000000.0000,0000000.0,24363.25,0.343069,65481.27,0.2463,2032-06-01
NK225E    ,OOP,203206,45500.0,            ,187065518,0000000.0000,0000000.0,5118.31,0.245112,197065518,0000000.0000,0000000.0,24203.64,0.341785,65481.27,0.2463,2032-06-01
NK225E    ,OOP,203206,45750.0,            ,187065718,0000000.0000,0000000.0,5187.61,0.244496,197065718,0000000.0000,0000000.0,24044.53,0.340625,65481.27,0.2463,2032-06-01
NK225E    ,OOP,203206,46000.0,            ,137186018,0000000.0000,0000000.0,5257.39,0.244001,147186018,0000000.0000,0000000.0,23885.9,0.339339,65481.27,0.2463,2032-06-01
NK225E    ,OOP,203206,46250.0,            ,187066218,0000000.0000,0000000.0,5330.23,0.243494,197066218,0000000.0000,0000000.0,23730.34,0.3383,65481.27,0.2463,2032-06-01
NK225E    ,OOP,203206,46500.0,            ,187066518,0000000.0000,0000000.0,5403.55,0.242973,197066518,0000000.0000,0000000.0,23575.26,0.337135,65481.27,0.2463,2032-06-01
NK225E    ,OOP,203206,46750.0,            ,187066718,0000000.0000,0000000.0,5477.38,0.24244,197066718,0000000.0000,0000000.0,23420.68,0.33609,65481.27,0.2463,2032-06-01
NK225E    ,OOP,203206,47000.0,            ,137187018,0000000.0000,0000000.0,5551.76,0.241896,147187018,0000000.0000,0000000.0,23266.66,0.33492,65481.27,0.2463,2032-06-01
NK225E    ,OOP,203206,47250.0,            ,137187218,0000000.0000,0000000.0,5629.08,0.241466,147187218,0000000.0000,0000000.0,23115.58,0.333991,65481.27,0.2463,2032-06-01
NK225E    ,OOP,203206,47500.0,            ,137187518,0000000.0000,0000000.0,5706.99,0.241023,147187518,0000000.0000,0000000.0,22965.09,0.332936,65481.27,0.2463,2032-06-01
NK225E    ,OOP,203206,47750.0,            ,137187718,0000000.0000,0000000.0,5785.37,0.240567,147187718,0000000.0000,0000000.0,22815.06,0.331878,65481.27,0.2463,2032-06-01
NK225E    ,OOP,203206,48000.0,            ,137188018,0000000.0000,0000000.0,5864.41,0.240097,147188018,0000000.0000,0000000.0,22665.69,0.330937,65481.27,0.2463,2032-06-01
NK225E    ,OOP,203206,48250.0,            ,137188218,0000000.0000,0000000.0,5946.29,0.239739,147188218,0000000.0000,0000000.0,22519.18,0.329991,65481.27,0.2463,2032-06-01
NK225E    ,OOP,203206,48500.0,            ,137188518,0000000.0000,0000000.0,6028.75,0.239367,147188518,0000000.0000,0000000.0,22373.23,0.329041,65481.27,0.2463,2032-06-01
NK225E    ,OOP,203206,48750.0,            ,137188718,0000000.0000,0000000.0,6111.75,0.23898,147188718,0000000.0000,0000000.0,22227.82,0.328087,65481.27,0.2463,2032-06-01
NK225E    ,OOP,203206,49000.0,            ,137189018,0000000.0000,0000000.0,6195.44,0.23858,147189018,0000000.0000,0000000.0,22083.11,0.327246,65481.27,0.2463,2032-06-01
NK225E    ,OOP,203206,49250.0,            ,137189218,0000000.0000,0000000.0,6281.82,0.238167,147189218,0000000.0000,0000000.0,21941.08,0.326283,65481.27,0.2463,2032-06-01
NK225E    ,OOP,203206,49500.0,            ,137189518,0000000.0000,0000000.0,6368.79,0.23786,147189518,0000000.0000,0000000.0,21799.66,0.325431,65481.27,0.2463,2032-06-01
NK225E    ,OOP,203206,49750.0,            ,137189718,0000000.0000,0000000.0,6456.45,0.237538,147189718,0000000.0000,0000000.0,21658.92,0.32469,65481.27,0.2463,2032-06-01
NK225E    ,OOP,203206,50000.0,            ,137180018,0000000.0000,0000000.0,6544.67,0.237202,147180018,0000000.0000,0000000.0,21518.73,0.323828,65481.27,0.2463,2032-06-01
NK225E    ,OOP,203206,50250.0,            ,137180218,0000000.0000,0000000.0,6635.48,0.236853,147180218,0000000.0000,0000000.0,21381.14,0.323075,65481.27,0.2463,2032-06-01
NK225E    ,OOP,203206,50500.0,            ,137180518,0000000.0000,0000000.0,6726.87,0.236606,147180518,0000000.0000,0000000.0,21244.12,0.322202,65481.27,0.2463,2032-06-01
NK225E    ,OOP,203206,50750.0,            ,137180718,0000000.0000,0000000.0,6818.96,0.236344,147180718,0000000.0000,0000000.0,21107.81,0.321438,65481.27,0.2463,2032-06-01
NK225E    ,OOP,203206,51000.0,            ,137181018,0000000.0000,0000000.0,6911.67,0.235953,147181018,0000000.0000,0000000.0,20972.12,0.32078,65481.27,0.2463,2032-06-01
NK225E    ,OOP,203206,51250.0,            ,137181218,0000000.0000,0000000.0,7006.73,0.235778,147181218,0000000.0000,0000000.0,20838.77,0.320003,65481.27,0.2463,2032-06-01
NK225E    ,OOP,203206,51500.0,            ,137181518,0000000.0000,0000000.0,7102.43,0.235473,147181518,0000000.0000,0000000.0,20706.07,0.319332,65481.27,0.2463,2032-06-01
NK225E    ,OOP,203206,51750.0,            ,137181718,0000000.0000,0000000.0,7198.81,0.235268,147181718,0000000.0000,0000000.0,20574.04,0.318654,65481.27,0.2463,2032-06-01
NK225E    ,OOP,203206,52000.0,            ,137182018,0000000.0000,0000000.0,7295.82,0.234936,147182018,0000000.0000,0000000.0,20442.65,0.31797,65481.27,0.2463,2032-06-01
NK225E    ,OOP,203206,52250.0,            ,137182218,0000000.0000,0000000.0,7394.96,0.234702,147182218,0000000.0000,0000000.0,20313.38,0.317279,65481.27,0.2463,2032-06-01
NK225E    ,OOP,203206,52500.0,            ,137182518,0000000.0000,0000000.0,7494.83,0.234453,147182518,0000000.0000,0000000.0,20184.86,0.316691,65481.27,0.2463,2032-06-01
NK225E    ,OOP,203206,52750.0,            ,137182718,0000000.0000,0000000.0,7595.27,0.234301,147182718,0000000.0000,0000000.0,20056.89,0.315986,65481.27,0.2463,2032-06-01
NK225E    ,OOP,203206,53000.0,            ,137183018,0000000.0000,0000000.0,7696.34,0.234024,147183018,0000000.0000,0000000.0,19929.56,0.315384,65481.27,0.2463,2032-06-01
NK225E    ,OOP,203206,53250.0,            ,137183218,0000000.0000,0000000.0,7799.31,0.233843,147183218,0000000.0000,0000000.0,19804.12,0.314775,65481.27,0.2463,2032-06-01
NK225E    ,OOP,203206,53500.0,            ,137183518,0000000.0000,0000000.0,7903.02,0.233647,147183518,0000000.0000,0000000.0,19679.43,0.314159,65481.27,0.2463,2032-06-01
NK225E    ,OOP,203206,53750.0,            ,137183718,0000000.0000,0000000.0,8007.3,0.233437,147183718,0000000.0000,0000000.0,19555.3,0.313643,65481.27,0.2463,2032-06-01
NK225E    ,OOP,203206,54000.0,            ,187184018,0000000.0000,0000000.0,8112.22,0.233213,197184018,0000000.0000,0000000.0,19431.82,0.313012,65481.27,0.2463,2032-06-01
NK225E    ,OOP,203206,54250.0,            ,137184218,0000000.0000,0000000.0,8218.78,0.233082,147184218,0000000.0000,0000000.0,19309.98,0.312481,65481.27,0.2463,2032-06-01
NK225E    ,OOP,203206,54500.0,            ,137184518,0000000.0000,0000000.0,8325.94,0.232831,147184518,0000000.0000,0000000.0,19188.74,0.311942,65481.27,0.2463,2032-06-01
NK225E    ,OOP,203206,54750.0,            ,137184718,0000000.0000,0000000.0,8433.81,0.232671,147184718,0000000.0000,0000000.0,19068.2,0.311396,65481.27,0.2463,2032-06-01
NK225E    ,OOP,203206,55000.0,            ,187185018,0000000.0000,0000000.0,8542.37,0.232498,197185018,0000000.0000,0000000.0,18948.36,0.310842,65481.27,0.2463,2032-06-01
NK225E    ,OOP,203206,55250.0,            ,137185218,0000000.0000,0000000.0,8652.06,0.232311,147185218,0000000.0000,0000000.0,18829.64,0.310386,65481.27,0.2463,2032-06-01
NK225E    ,OOP,203206,55500.0,            ,137185518,0000000.0000,0000000.0,8762.54,0.23211,147185518,0000000.0000,0000000.0,18711.72,0.309922,65481.27,0.2463,2032-06-01
NK225E    ,OOP,203206,55750.0,            ,137185718,0000000.0000,0000000.0,8873.58,0.231999,147185718,0000000.0000,0000000.0,18594.36,0.309346,65481.27,0.2463,2032-06-01
NK225E    ,OOP,203206,56000.0,            ,187186018,0000000.0000,0000000.0,8985.36,0.231771,197186018,0000000.0000,0000000.0,18477.73,0.308866,65481.27,0.2463,2032-06-01
NK225E    ,OOP,203206,56250.0,            ,137186218,0000000.0000,0000000.0,9098.02,0.231633,147186218,0000000.0000,0000000.0,18361.99,0.308379,65481.27,0.2463,2032-06-01
NK225E    ,OOP,203206,56500.0,            ,137186518,0000000.0000,0000000.0,9211.38,0.231481,147186518,0000000.0000,0000000.0,18246.95,0.307884,65481.27,0.2463,2032-06-01
NK225E    ,OOP,203206,56750.0,            ,137186718,0000000.0000,0000000.0,9325.33,0.231316,147186718,0000000.0000,0000000.0,18132.5,0.307484,65481.27,0.2463,2032-06-01
NK225E    ,OOP,203206,57000.0,            ,187187018,0000000.0000,0000000.0,9439.97,0.231137,197187018,0000000.0000,0000000.0,18018.73,0.306974,65481.27,0.2463,2032-06-01
NK225E    ,OOP,203206,57250.0,            ,187187218,0000000.0000,0000000.0,9555.19,0.230946,197187218,0000000.0000,0000000.0,17905.55,0.306558,65481.27,0.2463,2032-06-01
NK225E    ,OOP,203206,57500.0,            ,187187518,0000000.0000,0000000.0,9670.99,0.230841,197187518,0000000.0000,0000000.0,17792.95,0.306032,65481.27,0.2463,2032-06-01
NK225E    ,OOP,203206,57750.0,            ,187187718,0000000.0000,0000000.0,9787.53,0.230624,197187718,0000000.0000,0000000.0,17681.08,0.305601,65481.27,0.2463,2032-06-01
NK225E    ,OOP,203206,58000.0,            ,187188018,0000000.0000,0000000.0,9904.64,0.230493,197188018,0000000.0000,0000000.0,17569.79,0.305161,65481.27,0.2463,2032-06-01
NK225E    ,OOP,203206,58250.0,            ,187188218,0000000.0000,0000000.0,10022.02,0.230251,197188218,0000000.0000,0000000.0,17458.77,0.304714,65481.27,0.2463,2032-06-01
NK225E    ,OOP,203206,58500.0,            ,187188518,0000000.0000,0000000.0,10140.13,0.230095,197188518,0000000.0000,0000000.0,17348.47,0.304259,65481.27,0.2463,2032-06-01
NK225E    ,OOP,203206,58750.0,            ,187188718,0000000.0000,0000000.0,10258.8,0.229926,197188718,0000000.0000,0000000.0,17238.74,0.303797,65481.27,0.2463,2032-06-01
NK225E    ,OOP,203206,59000.0,            ,187189018,0000000.0000,0000000.0,10378.09,0.229745,197189018,0000000.0000,0000000.0,17129.62,0.303426,65481.27,0.2463,2032-06-01
NK225E    ,OOP,203206,59250.0,            ,187189218,0000000.0000,0000000.0,10497.32,0.229552,197189218,0000000.0000,0000000.0,17020.45,0.302949,65481.27,0.2463,2032-06-01
NK225E    ,OOP,203206,59500.0,            ,187189518,0000000.0000,0000000.0,10617.26,0.229346,197189518,0000000.0000,0000000.0,16911.99,0.302464,65481.27,0.2463,2032-06-01
NK225E    ,OOP,203206,59750.0,            ,187189718,0000000.0000,0000000.0,10737.75,0.229225,197189718,0000000.0000,0000000.0,16804.07,0.30207,65481.27,0.2463,2032-06-01
NK225E    ,OOP,203206,60000.0,            ,187180018,0000000.0000,0000000.0,10858.84,0.228996,197180018,0000000.0000,0000000.0,16696.76,0.301669,65481.27,0.2463,2032-06-01
NK225E    ,OOP,203206,60250.0,            ,187180218,0000000.0000,0000000.0,10979.6,0.228755,197180218,0000000.0000,0000000.0,16589.12,0.301162,65481.27,0.2463,2032-06-01
NK225E    ,OOP,203206,60500.0,            ,187180518,0000000.0000,0000000.0,11101.0,0.228597,197180518,0000000.0000,0000000.0,16482.11,0.300745,65481.27,0.2463,2032-06-01
NK225E    ,OOP,203206,60750.0,            ,187180718,0000000.0000,0000000.0,11222.98,0.228333,197180718,0000000.0000,0000000.0,16375.69,0.300322,65481.27,0.2463,2032-06-01
NK225E    ,OOP,203206,61000.0,            ,187181018,0000000.0000,0000000.0,11345.5,0.228152,197181018,0000000.0000,0000000.0,16269.81,0.29989,65481.27,0.2463,2032-06-01
NK225E    ,OOP,203206,61250.0,            ,187181218,0000000.0000,0000000.0,11467.55,0.22796,197181218,0000000.0000,0000000.0,16163.45,0.299451,65481.27,0.2463,2032-06-01
NK225E    ,OOP,203206,61500.0,            ,187181518,0000000.0000,0000000.0,11590.12,0.227662,197181518,0000000.0000,0000000.0,16057.62,0.299005,65481.27,0.2463,2032-06-01
NK225E    ,OOP,203206,61750.0,            ,187181718,0000000.0000,0000000.0,11713.26,0.227446,197181718,0000000.0000,0000000.0,15952.35,0.298552,65481.27,0.2463,2032-06-01
NK225E    ,OOP,203206,62000.0,            ,187182018,0000000.0000,0000000.0,11836.97,0.22722,197182018,0000000.0000,0000000.0,15847.66,0.298091,65481.27,0.2463,2032-06-01
NK225E    ,OOP,203206,62250.0,            ,187182218,0000000.0000,0000000.0,11959.86,0.226982,197182218,0000000.0000,0000000.0,15742.15,0.297624,65481.27,0.2463,2032-06-01
NK225E    ,OOP,203206,62500.0,            ,187182518,0000000.0000,0000000.0,12083.31,0.226734,197182518,0000000.0000,0000000.0,15637.2,0.297244,65481.27,0.2463,2032-06-01
NK225E    ,OOP,203206,62750.0,            ,187182718,0000000.0000,0000000.0,12207.32,0.226474,197182718,0000000.0000,0000000.0,15532.8,0.296762,65481.27,0.2463,2032-06-01
NK225E    ,OOP,203206,63000.0,            ,187183018,0000000.0000,0000000.0,12331.93,0.226204,197183018,0000000.0000,0000000.0,15429.01,0.296274,65481.27,0.2463,2032-06-01
NK225E    ,OOP,203206,63250.0,            ,187183218,0000000.0000,0000000.0,12455.54,0.225923,197183218,0000000.0000,0000000.0,15324.21,0.295778,65481.27,0.2463,2032-06-01
NK225E    ,OOP,203206,63500.0,            ,187183518,0000000.0000,0000000.0,12579.68,0.225631,197183518,0000000.0000,0000000.0,15219.96,0.29537,65481.27,0.2463,2032-06-01
NK225E    ,OOP,203206,63750.0,            ,187183718,0000000.0000,0000000.0,12704.37,0.225329,197183718,0000000.0000,0000000.0,15116.24,0.29486,65481.27,0.2463,2032-06-01
NK225E    ,OOP,203206,64000.0,            ,137304018,0000000.0000,0000000.0,12829.65,0.225016,147304018,0000000.0000,0000000.0,15013.11,0.294438,65481.27,0.2463,2032-06-01
NK225E    ,OOP,203206,64250.0,            ,187184218,0000000.0000,0000000.0,12953.78,0.224693,197184218,0000000.0000,0000000.0,14908.84,0.293915,65481.27,0.2463,2032-06-01
NK225E    ,OOP,203206,64500.0,            ,187184518,0000000.0000,0000000.0,13078.44,0.22436,197184518,0000000.0000,0000000.0,14805.09,0.293386,65481.27,0.2463,2032-06-01
NK225E    ,OOP,203206,64750.0,            ,187184718,0000000.0000,0000000.0,13203.62,0.224017,197184718,0000000.0000,0000000.0,14701.87,0.292943,65481.27,0.2463,2032-06-01
NK225E    ,OOP,203206,65000.0,            ,137305018,0000000.0000,0000000.0,13329.32,0.223664,147305018,0000000.0000,0000000.0,14599.18,0.292493,65481.27,0.2463,2032-06-01
NK225E    ,OOP,203206,65250.0,            ,187185218,0000000.0000,0000000.0,13453.85,0.223301,197185218,0000000.0000,0000000.0,14495.3,0.291943,65481.27,0.2463,2032-06-01
NK225E    ,OOP,203206,65500.0,            ,187185518,0000000.0000,0000000.0,13578.89,0.223018,197185518,0000000.0000,0000000.0,14391.94,0.291387,65481.27,0.2463,2032-06-01
NK225E    ,OOP,203206,65750.0,            ,187185718,0000000.0000,0000000.0,13704.45,0.222635,197185718,0000000.0000,0000000.0,14289.09,0.290917,65481.27,0.2463,2032-06-01
NK225E    ,OOP,203206,66000.0,            ,137306018,0000000.0000,0000000.0,13830.56,0.222242,147306018,0000000.0000,0000000.0,14186.8,0.29044,65481.27,0.2463,2032-06-01
NK225E    ,OOP,203206,66250.0,            ,187186218,0000000.0000,0000000.0,13955.42,0.221839,197186218,0000000.0000,0000000.0,14083.26,0.289865,65481.27,0.2463,2032-06-01
NK225E    ,OOP,203206,66500.0,            ,187186518,0000000.0000,0000000.0,14080.83,0.221427,197186518,0000000.0000,0000000.0,13980.27,0.289375,65481.27,0.2463,2032-06-01
NK225E    ,OOP,203206,66750.0,            ,187186718,0000000.0000,0000000.0,14206.75,0.221095,197186718,0000000.0000,0000000.0,13877.78,0.288787,65481.27,0.2463,2032-06-01
NK225E    ,OOP,203206,67000.0,            ,137307018,0000000.0000,0000000.0,14333.16,0.220663,147307018,0000000.0000,0000000.0,13775.79,0.288284,65481.27,0.2463,2032-06-01
NK225E    ,OOP,203206,67250.0,            ,137307218,0000000.0000,0000000.0,14458.46,0.220222,147307218,0000000.0000,0000000.0,13672.68,0.287683,65481.27,0.2463,2032-06-01
NK225E    ,OOP,203206,67500.0,            ,137307518,0000000.0000,0000000.0,14584.3,0.21986,147307518,0000000.0000,0000000.0,13570.11,0.287167,65481.27,0.2463,2032-06-01
NK225E    ,OOP,203206,67750.0,            ,137307718,0000000.0000,0000000.0,14710.57,0.2194,147307718,0000000.0000,0000000.0,13467.99,0.286645,65481.27,0.2463,2032-06-01
NK225E    ,OOP,203206,68000.0,            ,137308018,0000000.0000,0000000.0,14837.39,0.218931,147308018,0000000.0000,0000000.0,13366.4,0.286026,65481.27,0.2463,2032-06-01
NK225E    ,OOP,203206,68250.0,            ,137308218,0000000.0000,0000000.0,14963.24,0.218541,147308218,0000000.0000,0000000.0,13263.85,0.285491,65481.27,0.2463,2032-06-01
NK225E    ,OOP,203206,68500.0,            ,137308518,0000000.0000,0000000.0,15089.57,0.218053,147308518,0000000.0000,0000000.0,13161.78,0.284949,65481.27,0.2463,2032-06-01
NK225E    ,OOP,203206,68750.0,            ,137308718,0000000.0000,0000000.0,15216.39,0.217555,147308718,0000000.0000,0000000.0,13060.19,0.284311,65481.27,0.2463,2032-06-01
NK225E    ,OOP,203206,69000.0,            ,137309018,0000000.0000,0000000.0,15343.68,0.217137,147309018,0000000.0000,0000000.0,12959.08,0.283758,65481.27,0.2463,2032-06-01
NK225E    ,OOP,203206,69250.0,            ,137309218,0000000.0000,0000000.0,15470.27,0.216621,147309218,0000000.0000,0000000.0,12857.26,0.283197,65481.27,0.2463,2032-06-01
NK225E    ,OOP,203206,69500.0,            ,137309518,0000000.0000,0000000.0,15597.39,0.216183,147309518,0000000.0000,0000000.0,12755.98,0.282631,65481.27,0.2463,2032-06-01
NK225E    ,OOP,203206,69750.0,            ,137309718,0000000.0000,0000000.0,15724.93,0.215737,147309718,0000000.0000,0000000.0,12655.12,0.282058,65481.27,0.2463,2032-06-01
NK225E    ,OOP,203206,70000.0,            ,137300018,0000000.0000,0000000.0,15853.0,0.215193,147300018,0000000.0000,0000000.0,12554.79,0.281479,65481.27,0.2463,2032-06-01
NK225E    ,OOP,203206,70250.0,            ,137300218,0000000.0000,0000000.0,15980.7,0.214728,147300218,0000000.0000,0000000.0,12454.08,0.280894,65481.27,0.2463,2032-06-01
NK225E    ,OOP,203206,70500.0,            ,137300518,0000000.0000,0000000.0,16108.92,0.214253,147300518,0000000.0000,0000000.0,12353.9,0.280302,65481.27,0.2463,2032-06-01
NK225E    ,OOP,203206,70750.0,            ,137300718,0000000.0000,0000000.0,16237.62,0.213682,147300718,0000000.0000,0000000.0,12254.19,0.279705,65481.27,0.2463,2032-06-01
NK225E    ,OOP,203206,71000.0,            ,137301018,0000000.0000,0000000.0,16366.78,0.213188,147301018,0000000.0000,0000000.0,12154.95,0.279101,65481.27,0.2463,2032-06-01
NK225E    ,OOP,203206,71250.0,            ,137301218,0000000.0000,0000000.0,16496.08,0.212686,147301218,0000000.0000,0000000.0,12055.84,0.278491,65481.27,0.2463,2032-06-01
NK225E    ,OOP,203206,71500.0,            ,137301518,0000000.0000,0000000.0,16625.84,0.212174,147301518,0000000.0000,0000000.0,11957.2,0.277963,65481.27,0.2463,2032-06-01
NK225E    ,OOP,203206,71750.0,            ,137301718,0000000.0000,0000000.0,16756.07,0.211653,147301718,0000000.0000,0000000.0,11859.03,0.277341,65481.27,0.2463,2032-06-01
NK225E    ,OOP,203206,72000.0,            ,137302018,0000000.0000,0000000.0,16886.83,0.211123,147302018,0000000.0000,0000000.0,11761.39,0.276713,65481.27,0.2463,2032-06-01
NK225E    ,OOP,203206,72250.0,            ,137302218,0000000.0000,0000000.0,17018.23,0.21067,147302218,0000000.0000,0000000.0,11664.38,0.276166,65481.27,0.2463,2032-06-01
NK225E    ,OOP,203206,72500.0,            ,137302518,0000000.0000,0000000.0,17150.15,0.210121,147302518,0000000.0000,0000000.0,11567.9,0.275613,65481.27,0.2463,2032-06-01
NK225E    ,OOP,203206,72750.0,            ,137302718,0000000.0000,0000000.0,17282.49,0.209649,147302718,0000000.0000,0000000.0,11471.83,0.275054,65481.27,0.2463,2032-06-01
NK225E    ,OOP,203206,73000.0,            ,137303018,0000000.0000,0000000.0,17415.34,0.209082,147303018,0000000.0000,0000000.0,11376.29,0.274489,65481.27,0.2463,2032-06-01
NK225E    ,OOP,203206,73250.0,            ,137303218,0000000.0000,0000000.0,17549.59,0.208591,147303218,0000000.0000,0000000.0,11282.13,0.273918,65481.27,0.2463,2032-06-01
NK225E    ,OOP,203206,73500.0,            ,137303518,0000000.0000,0000000.0,17684.36,0.208091,147303518,0000000.0000,0000000.0,11188.49,0.27334,65481.27,0.2463,2032-06-01
NK225E    ,OOP,203206,73750.0,            ,137303718,0000000.0000,0000000.0,17819.54,0.207582,147303718,0000000.0000,0000000.0,11095.27,0.272843,65481.27,0.2463,2032-06-01
NK225E    ,OOP,203206,74000.0,            ,187304018,0000000.0000,0000000.0,17955.24,0.207064,197304018,0000000.0000,0000000.0,11002.57,0.272252,65481.27,0.2463,2032-06-01
NK225E    ,OOP,203206,74250.0,            ,137304218,0000000.0000,0000000.0,18093.13,0.206622,147304218,0000000.0000,0000000.0,10912.06,0.271743,65481.27,0.2463,2032-06-01
NK225E    ,OOP,203206,74500.0,            ,137304518,0000000.0000,0000000.0,18231.56,0.206171,147304518,0000000.0000,0000000.0,10822.08,0.271227,65481.27,0.2463,2032-06-01
NK225E    ,OOP,203206,74750.0,            ,137304718,0000000.0000,0000000.0,18370.39,0.205711,147304718,0000000.0000,0000000.0,10732.5,0.270705,65481.27,0.2463,2032-06-01
NK225E    ,OOP,203206,75000.0,            ,187305018,0000000.0000,0000000.0,18509.74,0.205241,197305018,0000000.0000,0000000.0,10643.45,0.270264,65481.27,0.2463,2032-06-01
NK225E    ,OOP,203206,75250.0,            ,137305218,0000000.0000,0000000.0,18652.21,0.204761,147305218,0000000.0000,0000000.0,10557.52,0.269729,65481.27,0.2463,2032-06-01
NK225E    ,OOP,203206,75500.0,            ,137305518,0000000.0000,0000000.0,18795.2,0.204359,147305518,0000000.0000,0000000.0,10472.11,0.269275,65481.27,0.2463,2032-06-01
NK225E    ,OOP,203206,75750.0,            ,137305718,0000000.0000,0000000.0,18938.66,0.203947,147305718,0000000.0000,0000000.0,10387.17,0.268814,65481.27,0.2463,2032-06-01
NK225E    ,OOP,203206,76000.0,            ,187306018,0000000.0000,0000000.0,19082.59,0.203438,197306018,0000000.0000,0000000.0,10302.69,0.268433,65481.27,0.2463,2032-06-01
NK225E    ,OOP,203206,76250.0,            ,137306218,0000000.0000,0000000.0,19239.8,0.203267,147306218,0000000.0000,0000000.0,10231.49,0.268221,65481.27,0.2463,2032-06-01
NK225E    ,OOP,203206,80000.0,            ,187300018,0000000.0000,0000000.0,21652.51,0.200195,197300018,0000000.0000,0000000.0,9218.16,0.265181,65481.27,0.2463,2032-06-01
NK225E    ,OOP,203212,25000.0,            ,137125018,0000000.0000,0000000.0,1607.34,0.31713,147125018,0000000.0000,0000000.0,39204.28,0.493774,65481.27,0.2463,2032-12-01
NK225E    ,OOP,203212,26000.0,            ,137126018,0000000.0000,0000000.0,1808.57,0.316705,147126018,0000000.0000,0000000.0,38499.09,0.484574,65481.27,0.2463,2032-12-01
NK225E    ,OOP,203212,27000.0,            ,137127018,0000000.0000,0000000.0,2022.74,0.316457,147127018,0000000.0000,0000000.0,37806.83,0.476265,65481.27,0.2463,2032-12-01
NK225E    ,OOP,203212,27250.0,            ,187127218,0000000.0000,0000000.0,2078.3,0.31636,197127218,0000000.0000,0000000.0,37635.78,0.474322,65481.27,0.2463,2032-12-01
NK225E    ,OOP,203212,27500.0,            ,187127518,0000000.0000,0000000.0,2134.66,0.316487,197127518,0000000.0000,0000000.0,37465.53,0.47239,65481.27,0.2463,2032-12-01
NK225E    ,OOP,203212,27750.0,            ,187127718,0000000.0000,0000000.0,2191.82,0.31631,197127718,0000000.0000,0000000.0,37296.09,0.470467,65481.27,0.2463,2032-12-01
NK225E    ,OOP,203212,28000.0,            ,137128018,0000000.0000,0000000.0,2249.79,0.316352,147128018,0000000.0000,0000000.0,37127.45,0.468554,65481.27,0.2463,2032-12-01
NK225E    ,OOP,203212,28250.0,            ,187128218,0000000.0000,0000000.0,2294.53,0.315603,197128218,0000000.0000,0000000.0,36945.59,0.466254,65481.27,0.2463,2032-12-01
NK225E    ,OOP,203212,28500.0,            ,187128518,0000000.0000,0000000.0,2339.66,0.314837,197128518,0000000.0000,0000000.0,36764.11,0.463969,65481.27,0.2463,2032-12-01
NK225E    ,OOP,203212,28750.0,            ,187128718,0000000.0000,0000000.0,2385.16,0.314055,197128718,0000000.0000,0000000.0,36583.01,0.461701,65481.27,0.2463,2032-12-01
NK225E    ,OOP,203212,29000.0,            ,137129018,0000000.0000,0000000.0,2431.07,0.313499,147129018,0000000.0000,0000000.0,36402.31,0.459449,65481.27,0.2463,2032-12-01
NK225E    ,OOP,203212,29250.0,            ,187129218,0000000.0000,0000000.0,2473.84,0.312447,197129218,0000000.0000,0000000.0,36218.47,0.457021,65481.27,0.2463,2032-12-01
NK225E    ,OOP,203212,29500.0,            ,187129518,0000000.0000,0000000.0,2516.91,0.311622,197129518,0000000.0000,0000000.0,36034.94,0.454801,65481.27,0.2463,2032-12-01
NK225E    ,OOP,203212,29750.0,            ,187129718,0000000.0000,0000000.0,2560.27,0.310784,197129718,0000000.0000,0000000.0,35851.69,0.452408,65481.27,0.2463,2032-12-01
NK225E    ,OOP,203212,30000.0,            ,137120018,0000000.0000,0000000.0,2603.91,0.309933,147120018,0000000.0000,0000000.0,35668.72,0.45022,65481.27,0.2463,2032-12-01
NK225E    ,OOP,203212,30250.0,            ,187120218,0000000.0000,0000000.0,2644.97,0.308845,197120218,0000000.0000,0000000.0,35483.17,0.44786,65481.27,0.2463,2032-12-01
NK225E    ,OOP,203212,30500.0,            ,187120518,0000000.0000,0000000.0,2686.25,0.307751,197120518,0000000.0000,0000000.0,35297.85,0.445518,65481.27,0.2463,2032-12-01
NK225E    ,OOP,203212,30750.0,            ,187120718,0000000.0000,0000000.0,2727.74,0.306871,197120718,0000000.0000,0000000.0,35112.73,0.443192,65481.27,0.2463,2032-12-01
NK225E    ,OOP,203212,31000.0,            ,137121018,0000000.0000,0000000.0,2769.44,0.305763,147121018,0000000.0000,0000000.0,34927.83,0.440883,65481.27,0.2463,2032-12-01
NK225E    ,OOP,203212,31250.0,            ,187121218,0000000.0000,0000000.0,2809.11,0.30465,197121218,0000000.0000,0000000.0,34740.89,0.43859,65481.27,0.2463,2032-12-01
NK225E    ,OOP,203212,31500.0,            ,187121518,0000000.0000,0000000.0,2848.94,0.303532,197121518,0000000.0000,0000000.0,34554.11,0.436312,65481.27,0.2463,2032-12-01
NK225E    ,OOP,203212,31750.0,            ,187121718,0000000.0000,0000000.0,2888.91,0.302619,197121718,0000000.0000,0000000.0,34367.47,0.433874,65481.27,0.2463,2032-12-01
NK225E    ,OOP,203212,32000.0,            ,137122018,0000000.0000,0000000.0,2929.04,0.301489,147122018,0000000.0000,0000000.0,34180.99,0.431628,65481.27,0.2463,2032-12-01
NK225E    ,OOP,203212,32250.0,            ,187122218,0000000.0000,0000000.0,2967.7,0.300355,197122218,0000000.0000,0000000.0,33993.05,0.429398,65481.27,0.2463,2032-12-01
NK225E    ,OOP,203212,32500.0,            ,187122518,0000000.0000,0000000.0,3006.48,0.299014,197122518,0000000.0000,0000000.0,33805.23,0.427009,65481.27,0.2463,2032-12-01
NK225E    ,OOP,203212,32750.0,            ,187122718,0000000.0000,0000000.0,3045.38,0.297874,197122718,0000000.0000,0000000.0,33617.51,0.424808,65481.27,0.2463,2032-12-01
NK225E    ,OOP,203212,33000.0,            ,137123018,0000000.0000,0000000.0,3084.38,0.29673,147123018,0000000.0000,0000000.0,33429.91,0.422452,65481.27,0.2463,2032-12-01
NK225E    ,OOP,203212,33250.0,            ,187123218,0000000.0000,0000000.0,3122.47,0.295583,197123218,0000000.0000,0000000.0,33241.39,0.42028,65481.27,0.2463,2032-12-01
NK225E    ,OOP,203212,33500.0,            ,187123518,0000000.0000,0000000.0,3160.65,0.294432,197123518,0000000.0000,0000000.0,33052.96,0.417954,65481.27,0.2463,2032-12-01
NK225E    ,OOP,203212,33750.0,            ,187123718,0000000.0000,0000000.0,3198.91,0.293085,197123718,0000000.0000,0000000.0,32864.62,0.41581,65481.27,0.2463,2032-12-01
NK225E    ,OOP,203212,34000.0,            ,137124018,0000000.0000,0000000.0,3237.29,0.29193,147124018,0000000.0000,0000000.0,32676.39,0.413514,65481.27,0.2463,2032-12-01
NK225E    ,OOP,203212,34250.0,            ,187124218,0000000.0000,0000000.0,3275.28,0.290771,197124218,0000000.0000,0000000.0,32487.78,0.411397,65481.27,0.2463,2032-12-01
NK225E    ,OOP,203212,34500.0,            ,137124518,0000000.0000,0000000.0,3313.35,0.28961,147124518,0000000.0000,0000000.0,32299.24,0.409129,65481.27,0.2463,2032-12-01
NK225E    ,OOP,203212,34750.0,            ,137124718,0000000.0000,0000000.0,3351.5,0.288261,147124718,0000000.0000,0000000.0,32110.78,0.406876,65481.27,0.2463,2032-12-01
NK225E    ,OOP,203212,35000.0,            ,187125018,0000000.0000,0000000.0,3389.72,0.287096,197125018,0000000.0000,0000000.0,31922.39,0.404797,65481.27,0.2463,2032-12-01
NK225E    ,OOP,203212,35250.0,            ,137125218,0000000.0000,0000000.0,3428.12,0.285928,147125218,0000000.0000,0000000.0,31734.19,0.402571,65481.27,0.2463,2032-12-01
NK225E    ,OOP,203212,35500.0,            ,137125518,0000000.0000,0000000.0,3466.59,0.284758,147125518,0000000.0000,0000000.0,31546.05,0.400359,65481.27,0.2463,2032-12-01
NK225E    ,OOP,203212,35750.0,            ,137125718,0000000.0000,0000000.0,3505.14,0.283407,147125718,0000000.0000,0000000.0,31357.99,0.398316,65481.27,0.2463,2032-12-01
NK225E    ,OOP,203212,36000.0,            ,187126018,0000000.0000,0000000.0,3543.75,0.282234,197126018,0000000.0000,0000000.0,31170.0,0.396129,65481.27,0.2463,2032-12-01
NK225E    ,OOP,203212,36250.0,            ,137126218,0000000.0000,0000000.0,3583.02,0.281059,147126218,0000000.0000,0000000.0,30982.67,0.394109,65481.27,0.2463,2032-12-01
NK225E    ,OOP,203212,36500.0,            ,137126518,0000000.0000,0000000.0,3622.41,0.279881,147126518,0000000.0000,0000000.0,30795.44,0.3921,65481.27,0.2463,2032-12-01
NK225E    ,OOP,203212,36750.0,            ,137126718,0000000.0000,0000000.0,3661.84,0.278701,147126718,0000000.0000,0000000.0,30608.27,0.389949,65481.27,0.2463,2032-12-01
NK225E    ,OOP,203212,37000.0,            ,187127018,0000000.0000,0000000.0,3701.38,0.27752,197127018,0000000.0000,0000000.0,30421.2,0.387961,65481.27,0.2463,2032-12-01
NK225E    ,OOP,203212,37250.0,            ,137127218,0000000.0000,0000000.0,3742.07,0.276336,147127218,0000000.0000,0000000.0,30235.28,0.385833,65481.27,0.2463,2032-12-01
NK225E    ,OOP,203212,37500.0,            ,137127518,0000000.0000,0000000.0,3782.85,0.27515,147127518,0000000.0000,0000000.0,30049.46,0.383865,65481.27,0.2463,2032-12-01
NK225E    ,OOP,203212,37750.0,            ,137127718,0000000.0000,0000000.0,3823.73,0.273963,147127718,0000000.0000,0000000.0,29863.73,0.381907,65481.27,0.2463,2032-12-01
NK225E    ,OOP,203212,38000.0,            ,187128018,0000000.0000,0000000.0,3864.7,0.272774,197128018,0000000.0000,0000000.0,29678.1,0.379959,65481.27,0.2463,2032-12-01
NK225E    ,OOP,203212,38250.0,            ,137128218,0000000.0000,0000000.0,3907.25,0.271746,147128218,0000000.0000,0000000.0,29494.04,0.37802,65481.27,0.2463,2032-12-01
NK225E    ,OOP,203212,38500.0,            ,137128518,0000000.0000,0000000.0,3949.93,0.270552,147128518,0000000.0000,0000000.0,29310.11,0.376089,65481.27,0.2463,2032-12-01
NK225E    ,OOP,203212,38750.0,            ,137128718,0000000.0000,0000000.0,3992.72,0.269516,147128718,0000000.0000,0000000.0,29126.29,0.374168,65481.27,0.2463,2032-12-01
NK225E    ,OOP,203212,39000.0,            ,187129018,0000000.0000,0000000.0,4035.67,0.268318,197129018,0000000.0000,0000000.0,28942.63,0.372398,65481.27,0.2463,2032-12-01
NK225E    ,OOP,203212,39250.0,            ,137129218,0000000.0000,0000000.0,4080.59,0.267275,147129218,0000000.0000,0000000.0,28760.95,0.370493,65481.27,0.2463,2032-12-01
NK225E    ,OOP,203212,39500.0,            ,137129518,0000000.0000,0000000.0,4125.67,0.266229,147129518,0000000.0000,0000000.0,28579.42,0.368737,65481.27,0.2463,2032-12-01
NK225E    ,OOP,203212,39750.0,            ,137129718,0000000.0000,0000000.0,4170.89,0.265178,147129718,0000000.0000,0000000.0,28398.04,0.366847,65481.27,0.2463,2032-12-01
NK225E    ,OOP,203212,40000.0,            ,187120018,0000000.0000,0000000.0,4216.27,0.264123,197120018,0000000.0000,0000000.0,28216.82,0.365105,65481.27,0.2463,2032-12-01
NK225E    ,OOP,203212,40250.0,            ,137120218,0000000.0000,0000000.0,4264.0,0.263065,147120218,0000000.0000,0000000.0,28037.93,0.363369,65481.27,0.2463,2032-12-01
NK225E    ,OOP,203212,40500.0,            ,137120518,0000000.0000,0000000.0,4311.91,0.262153,147120518,0000000.0000,0000000.0,27859.24,0.361639,65481.27,0.2463,2032-12-01
NK225E    ,OOP,203212,40750.0,            ,137120718,0000000.0000,0000000.0,4360.01,0.261086,147120718,0000000.0000,0000000.0,27680.73,0.359915,65481.27,0.2463,2032-12-01
NK225E    ,OOP,203212,41000.0,            ,187121018,0000000.0000,0000000.0,4408.33,0.260164,197121018,0000000.0000,0000000.0,27502.44,0.358333,65481.27,0.2463,2032-12-01
NK225E    ,OOP,203212,41250.0,            ,137121218,0000000.0000,0000000.0,4459.27,0.259235,147121218,0000000.0000,0000000.0,27326.78,0.356619,65481.27,0.2463,2032-12-01
NK225E    ,OOP,203212,41500.0,            ,137121518,0000000.0000,0000000.0,4510.48,0.258301,147121518,0000000.0000,0000000.0,27151.39,0.355045,65481.27,0.2463,2032-12-01
NK225E    ,OOP,203212,41750.0,            ,137121718,0000000.0000,0000000.0,4561.89,0.257361,147121718,0000000.0000,0000000.0,26976.18,0.353475,65481.27,0.2463,2032-12-01
NK225E    ,OOP,203212,42000.0,            ,187122018,0000000.0000,0000000.0,4613.55,0.256416,197122018,0000000.0000,0000000.0,26801.24,0.351909,65481.27,0.2463,2032-12-01
NK225E    ,OOP,203212,42250.0,            ,137122218,0000000.0000,0000000.0,4668.11,0.255608,147122218,0000000.0000,0000000.0,26629.19,0.350346,65481.27,0.2463,2032-12-01
NK225E    ,OOP,203212,42500.0,            ,137122518,0000000.0000,0000000.0,4722.97,0.25465,147122518,0000000.0000,0000000.0,26457.45,0.348787,65481.27,0.2463,2032-12-01
NK225E    ,OOP,203212,42750.0,            ,137122718,0000000.0000,0000000.0,4778.11,0.253828,147122718,0000000.0000,0000000.0,26285.98,0.347362,65481.27,0.2463,2032-12-01
NK225E    ,OOP,203212,43000.0,            ,187123018,0000000.0000,0000000.0,4833.52,0.252998,197123018,0000000.0000,0000000.0,26114.78,0.345809,65481.27,0.2463,2032-12-01
NK225E    ,OOP,203212,43250.0,            ,137123218,0000000.0000,0000000.0,4892.06,0.252161,147123218,0000000.0000,0000000.0,25946.71,0.344517,65481.27,0.2463,2032-12-01
NK225E    ,OOP,203212,43500.0,            ,137123518,0000000.0000,0000000.0,4950.91,0.251454,147123518,0000000.0000,0000000.0,25778.96,0.343097,65481.27,0.2463,2032-12-01
NK225E    ,OOP,203212,43750.0,            ,137123718,0000000.0000,0000000.0,5010.08,0.250738,147123718,0000000.0000,0000000.0,25611.52,0.341679,65481.27,0.2463,2032-12-01
NK225E    ,OOP,203212,44000.0,            ,187124018,0000000.0000,0000000.0,5069.61,0.249878,197124018,0000000.0000,0000000.0,25444.44,0.340263,65481.27,0.2463,2032-12-01
NK225E    ,OOP,203212,44250.0,            ,137124218,0000000.0000,0000000.0,5132.4,0.249146,147124218,0000000.0000,0000000.0,25280.63,0.338974,65481.27,0.2463,2032-12-01
NK225E    ,OOP,203212,44500.0,            ,187124518,0000000.0000,0000000.0,5195.58,0.248537,197124518,0000000.0000,0000000.0,25117.21,0.337685,65481.27,0.2463,2032-12-01
NK225E    ,OOP,203212,44750.0,            ,187124718,0000000.0000,0000000.0,5259.1,0.247786,197124718,0000000.0000,0000000.0,24954.11,0.336396,65481.27,0.2463,2032-12-01
NK225E    ,OOP,203212,45000.0,            ,137245018,0000000.0000,0000000.0,5323.01,0.247028,147245018,0000000.0000,0000000.0,24791.42,0.335108,65481.27,0.2463,2032-12-01
NK225E    ,OOP,203212,45250.0,            ,187125218,0000000.0000,0000000.0,5390.32,0.24652,197125218,0000000.0000,0000000.0,24632.13,0.333942,65481.27,0.2463,2032-12-01
NK225E    ,OOP,203212,45500.0,            ,187125518,0000000.0000,0000000.0,5458.04,0.245872,197125518,0000000.0000,0000000.0,24473.24,0.332775,65481.27,0.2463,2032-12-01
NK225E    ,OOP,203212,45750.0,            ,187125718,0000000.0000,0000000.0,5526.17,0.245215,197125718,0000000.0000,0000000.0,24314.76,0.331607,65481.27,0.2463,2032-12-01
NK225E    ,OOP,203212,46000.0,            ,137246018,0000000.0000,0000000.0,5594.7,0.244549,147246018,0000000.0000,0000000.0,24156.68,0.330437,65481.27,0.2463,2032-12-01
NK225E    ,OOP,203212,46250.0,            ,187126218,0000000.0000,0000000.0,5666.64,0.243998,197126218,0000000.0000,0000000.0,24002.02,0.329266,65481.27,0.2463,2032-12-01
NK225E    ,OOP,203212,46500.0,            ,187126518,0000000.0000,0000000.0,5739.15,0.243437,197126518,0000000.0000,0000000.0,23847.92,0.328214,65481.27,0.2463,2032-12-01
NK225E    ,OOP,203212,46750.0,            ,187126718,0000000.0000,0000000.0,5811.99,0.242866,197126718,0000000.0000,0000000.0,23694.16,0.327159,65481.27,0.2463,2032-12-01
NK225E    ,OOP,203212,47000.0,            ,137247018,0000000.0000,0000000.0,5885.41,0.242406,147247018,0000000.0000,0000000.0,23540.97,0.326101,65481.27,0.2463,2032-12-01
NK225E    ,OOP,203212,47250.0,            ,137247218,0000000.0000,0000000.0,5962.19,0.241935,147247218,0000000.0000,0000000.0,23391.14,0.325041,65481.27,0.2463,2032-12-01
NK225E    ,OOP,203212,47500.0,            ,137247518,0000000.0000,0000000.0,6039.5,0.241453,147247518,0000000.0000,0000000.0,23241.85,0.324095,65481.27,0.2463,2032-12-01
NK225E    ,OOP,203212,47750.0,            ,137247718,0000000.0000,0000000.0,6117.31,0.240959,147247718,0000000.0000,0000000.0,23093.04,0.323146,65481.27,0.2463,2032-12-01
NK225E    ,OOP,203212,48000.0,            ,137248018,0000000.0000,0000000.0,6195.56,0.240453,147248018,0000000.0000,0000000.0,22944.69,0.322193,65481.27,0.2463,2032-12-01
NK225E    ,OOP,203212,48250.0,            ,137248218,0000000.0000,0000000.0,6277.26,0.240056,147248218,0000000.0000,0000000.0,22799.78,0.321236,65481.27,0.2463,2032-12-01
NK225E    ,OOP,203212,48500.0,            ,137248518,0000000.0000,0000000.0,6359.43,0.239646,147248518,0000000.0000,0000000.0,22655.35,0.32039,65481.27,0.2463,2032-12-01
NK225E    ,OOP,203212,48750.0,            ,137248718,0000000.0000,0000000.0,6442.18,0.239223,147248718,0000000.0000,0000000.0,22511.49,0.31954,65481.27,0.2463,2032-12-01
NK225E    ,OOP,203212,49000.0,            ,137249018,0000000.0000,0000000.0,6525.41,0.238789,147249018,0000000.0000,0000000.0,22368.12,0.318572,65481.27,0.2463,2032-12-01
NK225E    ,OOP,203212,49250.0,            ,137249218,0000000.0000,0000000.0,6611.97,0.238459,147249218,0000000.0000,0000000.0,22228.07,0.317825,65481.27,0.2463,2032-12-01
NK225E    ,OOP,203212,49500.0,            ,137249518,0000000.0000,0000000.0,6699.1,0.238001,147249518,0000000.0000,0000000.0,22088.59,0.316961,65481.27,0.2463,2032-12-01
NK225E    ,OOP,203212,49750.0,            ,137249718,0000000.0000,0000000.0,6786.73,0.237646,147249718,0000000.0000,0000000.0,21949.61,0.316205,65481.27,0.2463,2032-12-01
NK225E    ,OOP,203212,50000.0,            ,137240018,0000000.0000,0000000.0,6874.97,0.237392,147240018,0000000.0000,0000000.0,21811.25,0.315442,65481.27,0.2463,2032-12-01
NK225E    ,OOP,203212,50250.0,            ,137240218,0000000.0000,0000000.0,6966.23,0.237011,147240218,0000000.0000,0000000.0,21675.9,0.314675,65481.27,0.2463,2032-12-01
NK225E    ,OOP,203212,50500.0,            ,137240518,0000000.0000,0000000.0,7058.17,0.23673,147240518,0000000.0000,0000000.0,21541.24,0.314012,65481.27,0.2463,2032-12-01
NK225E    ,OOP,203212,50750.0,            ,137240718,0000000.0000,0000000.0,7150.65,0.236437,147240718,0000000.0000,0000000.0,21407.11,0.313233,65481.27,0.2463,2032-12-01
NK225E    ,OOP,203212,51000.0,            ,137241018,0000000.0000,0000000.0,7243.76,0.23613,147241018,0000000.0000,0000000.0,21273.61,0.312558,65481.27,0.2463,2032-12-01
NK225E    ,OOP,203212,51250.0,            ,137241218,0000000.0000,0000000.0,7339.66,0.23592,147241218,0000000.0000,0000000.0,21142.9,0.311877,65481.27,0.2463,2032-12-01
NK225E    ,OOP,203212,51500.0,            ,137241518,0000000.0000,0000000.0,7436.3,0.235588,147241518,0000000.0000,0000000.0,21012.93,0.311298,65481.27,0.2463,2032-12-01
NK225E    ,OOP,203212,51750.0,            ,137241718,0000000.0000,0000000.0,7533.45,0.235352,147241718,0000000.0000,0000000.0,20883.48,0.310605,65481.27,0.2463,2032-12-01
NK225E    ,OOP,203212,52000.0,            ,137242018,0000000.0000,0000000.0,7631.2,0.235103,147242018,0000000.0000,0000000.0,20754.62,0.310013,65481.27,0.2463,2032-12-01
NK225E    ,OOP,203212,52250.0,            ,137242218,0000000.0000,0000000.0,7731.62,0.234948,147242218,0000000.0000,0000000.0,20628.44,0.309414,65481.27,0.2463,2032-12-01
NK225E    ,OOP,203212,52500.0,            ,137242518,0000000.0000,0000000.0,7832.67,0.234673,147242518,0000000.0000,0000000.0,20502.88,0.308808,65481.27,0.2463,2032-12-01
NK225E    ,OOP,203212,52750.0,            ,137242718,0000000.0000,0000000.0,7934.28,0.234491,147242718,0000000.0000,0000000.0,20377.88,0.308301,65481.27,0.2463,2032-12-01
NK225E    ,OOP,203212,53000.0,            ,137243018,0000000.0000,0000000.0,8036.56,0.234295,147243018,0000000.0000,0000000.0,20253.56,0.307682,65481.27,0.2463,2032-12-01
NK225E    ,OOP,203212,53250.0,            ,137243218,0000000.0000,0000000.0,8141.13,0.234087,147243218,0000000.0000,0000000.0,20131.52,0.307161,65481.27,0.2463,2032-12-01
NK225E    ,OOP,203212,53500.0,            ,137243518,0000000.0000,0000000.0,8246.34,0.23397,147243518,0000000.0000,0000000.0,20010.12,0.306633,65481.27,0.2463,2032-12-01
NK225E    ,OOP,203212,53750.0,            ,137243718,0000000.0000,0000000.0,8352.12,0.233736,147243718,0000000.0000,0000000.0,19889.29,0.306202,65481.27,0.2463,2032-12-01
NK225E    ,OOP,203212,54000.0,            ,137244018,0000000.0000,0000000.0,8458.62,0.233592,147244018,0000000.0000,0000000.0,19769.19,0.30566,65481.27,0.2463,2032-12-01
NK225E    ,OOP,203212,54250.0,            ,137244218,0000000.0000,0000000.0,8567.02,0.233435,147244218,0000000.0000,0000000.0,19650.99,0.305213,65481.27,0.2463,2032-12-01
NK225E    ,OOP,203212,54500.0,            ,137244518,0000000.0000,0000000.0,8676.1,0.233265,147244518,0000000.0000,0000000.0,19533.46,0.304759,65481.27,0.2463,2032-12-01
NK225E    ,OOP,203212,54750.0,            ,137244718,0000000.0000,0000000.0,8785.77,0.233082,147244718,0000000.0000,0000000.0,19416.52,0.304298,65481.27,0.2463,2032-12-01
NK225E    ,OOP,203212,55000.0,            ,187245018,0000000.0000,0000000.0,8896.16,0.232988,197245018,0000000.0000,0000000.0,19300.3,0.303828,65481.27,0.2463,2032-12-01
NK225E    ,OOP,203212,55250.0,            ,137245218,0000000.0000,0000000.0,9008.07,0.232779,147245218,0000000.0000,0000000.0,19185.61,0.303352,65481.27,0.2463,2032-12-01
NK225E    ,OOP,203212,55500.0,            ,137245518,0000000.0000,0000000.0,9120.67,0.232659,147245518,0000000.0000,0000000.0,19071.6,0.30297,65481.27,0.2463,2032-12-01
NK225E    ,OOP,203212,55750.0,            ,137245718,0000000.0000,0000000.0,9233.9,0.232526,147245718,0000000.0000,0000000.0,18958.22,0.302478,65481.27,0.2463,2032-12-01
NK225E    ,OOP,203212,56000.0,            ,187246018,0000000.0000,0000000.0,9347.75,0.232479,197246018,0000000.0000,0000000.0,18845.47,0.30208,65481.27,0.2463,2032-12-01
NK225E    ,OOP,203212,56250.0,            ,137246218,0000000.0000,0000000.0,9462.79,0.23232,147246218,0000000.0000,0000000.0,18733.9,0.301675,65481.27,0.2463,2032-12-01
NK225E    ,OOP,203212,56500.0,            ,137246518,0000000.0000,0000000.0,9578.5,0.232149,147246518,0000000.0000,0000000.0,18623.0,0.301262,65481.27,0.2463,2032-12-01
NK225E    ,OOP,203212,56750.0,            ,137246718,0000000.0000,0000000.0,9694.78,0.232064,147246718,0000000.0000,0000000.0,18512.68,0.30094,65481.27,0.2463,2032-12-01
NK225E    ,OOP,203212,57000.0,            ,187247018,0000000.0000,0000000.0,9811.79,0.231966,197247018,0000000.0000,0000000.0,18403.08,0.300511,65481.27,0.2463,2032-12-01
NK225E    ,OOP,203212,57250.0,            ,187247218,0000000.0000,0000000.0,9929.58,0.231856,197247218,0000000.0000,0000000.0,18294.26,0.300174,65481.27,0.2463,2032-12-01
NK225E    ,OOP,203212,57500.0,            ,187247518,0000000.0000,0000000.0,10047.98,0.231733,197247518,0000000.0000,0000000.0,18186.05,0.29973,65481.27,0.2463,2032-12-01
NK225E    ,OOP,203212,57750.0,            ,187247718,0000000.0000,0000000.0,10166.99,0.231598,197247718,0000000.0000,0000000.0,18078.46,0.299378,65481.27,0.2463,2032-12-01
NK225E    ,OOP,203212,58000.0,            ,187248018,0000000.0000,0000000.0,10286.57,0.231452,197248018,0000000.0000,0000000.0,17971.43,0.299017,65481.27,0.2463,2032-12-01
NK225E    ,OOP,203212,58250.0,            ,187248218,0000000.0000,0000000.0,10406.7,0.231389,197248218,0000000.0000,0000000.0,17864.96,0.298649,65481.27,0.2463,2032-12-01
NK225E    ,OOP,203212,58500.0,            ,187248518,0000000.0000,0000000.0,10527.39,0.231218,197248518,0000000.0000,0000000.0,17759.04,0.29837,65481.27,0.2463,2032-12-01
NK225E    ,OOP,203212,58750.0,            ,187248718,0000000.0000,0000000.0,10648.67,0.231131,197248718,0000000.0000,0000000.0,17653.72,0.297987,65481.27,0.2463,2032-12-01
NK225E    ,OOP,203212,59000.0,            ,187249018,0000000.0000,0000000.0,10770.56,0.230938,197249018,0000000.0000,0000000.0,17549.0,0.297596,65481.27,0.2463,2032-12-01
NK225E    ,OOP,203212,59250.0,            ,187249218,0000000.0000,0000000.0,10892.46,0.230828,197249218,0000000.0000,0000000.0,17444.29,0.297294,65481.27,0.2463,2032-12-01
NK225E    ,OOP,203212,59500.0,            ,187249518,0000000.0000,0000000.0,11014.95,0.230706,197249518,0000000.0000,0000000.0,17340.18,0.296888,65481.27,0.2463,2032-12-01
NK225E    ,OOP,203212,59750.0,            ,187249718,0000000.0000,0000000.0,11138.14,0.230572,197249718,0000000.0000,0000000.0,17236.76,0.296571,65481.27,0.2463,2032-12-01
NK225E    ,OOP,203212,60000.0,            ,187240018,0000000.0000,0000000.0,11261.86,0.230428,197240018,0000000.0000,0000000.0,17133.87,0.296246,65481.27,0.2463,2032-12-01
NK225E    ,OOP,203212,60250.0,            ,187240218,0000000.0000,0000000.0,11385.25,0.230272,197240218,0000000.0000,0000000.0,17030.65,0.295818,65481.27,0.2463,2032-12-01
NK225E    ,OOP,203212,60500.0,            ,187240518,0000000.0000,0000000.0,11509.21,0.230105,197240518,0000000.0000,0000000.0,16928.01,0.295479,65481.27,0.2463,2032-12-01
NK225E    ,OOP,203212,60750.0,            ,187240718,0000000.0000,0000000.0,11633.74,0.230019,197240718,0000000.0000,0000000.0,16825.93,0.295132,65481.27,0.2463,2032-12-01
NK225E    ,OOP,203212,61000.0,            ,187241018,0000000.0000,0000000.0,11758.9,0.229831,197241018,0000000.0000,0000000.0,16724.48,0.294777,65481.27,0.2463,2032-12-01
NK225E    ,OOP,203212,61250.0,            ,187241218,0000000.0000,0000000.0,11883.32,0.229632,197241218,0000000.0000,0000000.0,16622.3,0.294416,65481.27,0.2463,2032-12-01
NK225E    ,OOP,203212,61500.0,            ,187241518,0000000.0000,0000000.0,12008.35,0.229513,197241518,0000000.0000,0000000.0,16520.72,0.294047,65481.27,0.2463,2032-12-01
NK225E    ,OOP,203212,61750.0,            ,187241718,0000000.0000,0000000.0,12133.94,0.229293,197241718,0000000.0000,0000000.0,16419.7,0.293672,65481.27,0.2463,2032-12-01
NK225E    ,OOP,203212,62000.0,            ,187242018,0000000.0000,0000000.0,12260.08,0.229153,197242018,0000000.0000,0000000.0,16319.23,0.293382,65481.27,0.2463,2032-12-01
NK225E    ,OOP,203212,62250.0,            ,187242218,0000000.0000,0000000.0,12385.22,0.228913,197242218,0000000.0000,0000000.0,16217.77,0.292992,65481.27,0.2463,2032-12-01
NK225E    ,OOP,203212,62500.0,            ,187242518,0000000.0000,0000000.0,12510.97,0.228752,197242518,0000000.0000,0000000.0,16116.91,0.292595,65481.27,0.2463,2032-12-01
NK225E    ,OOP,203212,62750.0,            ,187242718,0000000.0000,0000000.0,12637.19,0.228491,197242718,0000000.0000,0000000.0,16016.53,0.292192,65481.27,0.2463,2032-12-01
NK225E    ,OOP,203212,63000.0,            ,187243018,0000000.0000,0000000.0,12764.01,0.228311,197243018,0000000.0000,0000000.0,15916.74,0.291874,65481.27,0.2463,2032-12-01
NK225E    ,OOP,203212,63250.0,            ,187243218,0000000.0000,0000000.0,12889.58,0.22803,197243218,0000000.0000,0000000.0,15815.7,0.291457,65481.27,0.2463,2032-12-01
NK225E    ,OOP,203212,63500.0,            ,187243518,0000000.0000,0000000.0,13015.67,0.227829,197243518,0000000.0000,0000000.0,15715.18,0.291033,65481.27,0.2463,2032-12-01
NK225E    ,OOP,203212,63750.0,            ,187243718,0000000.0000,0000000.0,13142.28,0.227619,197243718,0000000.0000,0000000.0,15615.19,0.290603,65481.27,0.2463,2032-12-01
NK225E    ,OOP,203212,64000.0,            ,187244018,0000000.0000,0000000.0,13269.46,0.22731,197244018,0000000.0000,0000000.0,15515.77,0.290257,65481.27,0.2463,2032-12-01
NK225E    ,OOP,203212,64250.0,            ,187244218,0000000.0000,0000000.0,13395.2,0.22708,197244218,0000000.0000,0000000.0,15414.9,0.289814,65481.27,0.2463,2032-12-01
NK225E    ,OOP,203212,64500.0,            ,187244518,0000000.0000,0000000.0,13521.44,0.22684,197244518,0000000.0000,0000000.0,15314.53,0.289364,65481.27,0.2463,2032-12-01
NK225E    ,OOP,203212,64750.0,            ,187244718,0000000.0000,0000000.0,13648.19,0.226503,197244718,0000000.0000,0000000.0,15214.67,0.288999,65481.27,0.2463,2032-12-01
NK225E    ,OOP,203212,65000.0,            ,137365018,0000000.0000,0000000.0,13775.49,0.226244,147365018,0000000.0000,0000000.0,15115.37,0.288536,65481.27,0.2463,2032-12-01
NK225E    ,OOP,203212,65250.0,            ,187245218,0000000.0000,0000000.0,13901.2,0.225977,197245218,0000000.0000,0000000.0,15014.47,0.288067,65481.27,0.2463,2032-12-01
NK225E    ,OOP,203212,65500.0,            ,187245518,0000000.0000,0000000.0,14027.4,0.225612,197245518,0000000.0000,0000000.0,14914.06,0.287682,65481.27,0.2463,2032-12-01
NK225E    ,OOP,203212,65750.0,            ,187245718,0000000.0000,0000000.0,14154.09,0.225326,197245718,0000000.0000,0000000.0,14814.14,0.287201,65481.27,0.2463,2032-12-01
NK225E    ,OOP,203212,66000.0,            ,137366018,0000000.0000,0000000.0,14281.26,0.225031,147366018,0000000.0000,0000000.0,14714.71,0.286714,65481.27,0.2463,2032-12-01
NK225E    ,OOP,203212,66250.0,            ,187246218,0000000.0000,0000000.0,14406.8,0.22464,197246218,0000000.0000,0000000.0,14613.64,0.286221,65481.27,0.2463,2032-12-01
NK225E    ,OOP,203212,66500.0,            ,187246518,0000000.0000,0000000.0,14532.88,0.22424,197246518,0000000.0000,0000000.0,14513.11,0.28581,65481.27,0.2463,2032-12-01
NK225E    ,OOP,203212,66750.0,            ,187246718,0000000.0000,0000000.0,14659.43,0.223918,197246718,0000000.0000,0000000.0,14413.06,0.285305,65481.27,0.2463,2032-12-01
NK225E    ,OOP,203212,67000.0,            ,137367018,0000000.0000,0000000.0,14786.45,0.223588,147367018,0000000.0000,0000000.0,14313.47,0.284793,65481.27,0.2463,2032-12-01
NK225E    ,OOP,203212,67250.0,            ,137367218,0000000.0000,0000000.0,14911.87,0.223162,147367218,0000000.0000,0000000.0,14212.29,0.284276,65481.27,0.2463,2032-12-01
NK225E    ,OOP,203212,67500.0,            ,137367518,0000000.0000,0000000.0,15037.82,0.222814,147367518,0000000.0000,0000000.0,14111.63,0.283841,65481.27,0.2463,2032-12-01
NK225E    ,OOP,203212,67750.0,            ,137367718,0000000.0000,0000000.0,15164.22,0.222371,147367718,0000000.0000,0000000.0,14011.43,0.283312,65481.27,0.2463,2032-12-01
NK225E    ,OOP,203212,68000.0,            ,137368018,0000000.0000,0000000.0,15291.09,0.222006,147368018,0000000.0000,0000000.0,13911.69,0.282777,65481.27,0.2463,2032-12-01
NK225E    ,OOP,203212,68250.0,            ,137368218,0000000.0000,0000000.0,15416.5,0.221546,147368218,0000000.0000,0000000.0,13810.49,0.282236,65481.27,0.2463,2032-12-01
NK225E    ,OOP,203212,68500.0,            ,137368518,0000000.0000,0000000.0,15542.37,0.221164,147368518,0000000.0000,0000000.0,13709.76,0.281689,65481.27,0.2463,2032-12-01
NK225E    ,OOP,203212,68750.0,            ,137368718,0000000.0000,0000000.0,15668.69,0.220688,147368718,0000000.0000,0000000.0,13609.47,0.281224,65481.27,0.2463,2032-12-01
NK225E    ,OOP,203212,69000.0,            ,137369018,0000000.0000,0000000.0,15795.52,0.220288,147369018,0000000.0000,0000000.0,13509.69,0.280666,65481.27,0.2463,2032-12-01
NK225E    ,OOP,203212,69250.0,            ,137369218,0000000.0000,0000000.0,15921.11,0.219796,147369218,0000000.0000,0000000.0,13408.67,0.280102,65481.27,0.2463,2032-12-01
NK225E    ,OOP,203212,69500.0,            ,137369518,0000000.0000,0000000.0,16047.14,0.21938,147369518,0000000.0000,0000000.0,13308.1,0.279533,65481.27,0.2463,2032-12-01
NK225E    ,OOP,203212,69750.0,            ,137369718,0000000.0000,0000000.0,16173.62,0.218955,147369718,0000000.0000,0000000.0,13207.97,0.278958,65481.27,0.2463,2032-12-01
NK225E    ,OOP,203212,70000.0,            ,137360018,0000000.0000,0000000.0,16300.59,0.218438,147360018,0000000.0000,0000000.0,13108.34,0.278463,65481.27,0.2463,2032-12-01
NK225E    ,OOP,203212,70250.0,            ,137360218,0000000.0000,0000000.0,16426.73,0.217997,147360218,0000000.0000,0000000.0,13007.86,0.277877,65481.27,0.2463,2032-12-01
NK225E    ,OOP,203212,70500.0,            ,137360518,0000000.0000,0000000.0,16553.3,0.217463,147360518,0000000.0000,0000000.0,12907.83,0.277285,65481.27,0.2463,2032-12-01
NK225E    ,OOP,203212,70750.0,            ,137360718,0000000.0000,0000000.0,16680.31,0.217005,147360718,0000000.0000,0000000.0,12808.23,0.276773,65481.27,0.2463,2032-12-01
NK225E    ,OOP,203212,71000.0,            ,137361018,0000000.0000,0000000.0,16807.75,0.21654,147361018,0000000.0000,0000000.0,12709.07,0.27617,65481.27,0.2463,2032-12-01
NK225E    ,OOP,203212,71250.0,            ,137361218,0000000.0000,0000000.0,16934.81,0.215981,147361218,0000000.0000,0000000.0,12609.53,0.275561,65481.27,0.2463,2032-12-01
NK225E    ,OOP,203212,71500.0,            ,137361518,0000000.0000,0000000.0,17062.37,0.215499,147361518,0000000.0000,0000000.0,12510.47,0.275032,65481.27,0.2463,2032-12-01
NK225E    ,OOP,203212,71750.0,            ,137361718,0000000.0000,0000000.0,17190.36,0.215009,147361718,0000000.0000,0000000.0,12411.86,0.274412,65481.27,0.2463,2032-12-01
NK225E    ,OOP,203212,72000.0,            ,137362018,0000000.0000,0000000.0,17318.79,0.21451,147362018,0000000.0000,0000000.0,12313.68,0.273872,65481.27,0.2463,2032-12-01
NK225E    ,OOP,203212,72250.0,            ,137362218,0000000.0000,0000000.0,17447.47,0.214003,147362218,0000000.0000,0000000.0,12215.76,0.273326,65481.27,0.2463,2032-12-01
NK225E    ,OOP,203212,72500.0,            ,137362518,0000000.0000,0000000.0,17576.59,0.213488,147362518,0000000.0000,0000000.0,12118.27,0.272689,65481.27,0.2463,2032-12-01
NK225E    ,OOP,203212,72750.0,            ,137362718,0000000.0000,0000000.0,17706.14,0.212965,147362718,0000000.0000,0000000.0,12021.21,0.272132,65481.27,0.2463,2032-12-01
NK225E    ,OOP,203212,73000.0,            ,137363018,0000000.0000,0000000.0,17836.19,0.212433,147363018,0000000.0000,0000000.0,11924.65,0.271569,65481.27,0.2463,2032-12-01
NK225E    ,OOP,203212,73250.0,            ,137363218,0000000.0000,0000000.0,17967.2,0.211977,147363218,0000000.0000,0000000.0,11829.06,0.271001,65481.27,0.2463,2032-12-01
NK225E    ,OOP,203212,73500.0,            ,137363518,0000000.0000,0000000.0,18098.71,0.211429,147363518,0000000.0000,0000000.0,11733.96,0.270426,65481.27,0.2463,2032-12-01
NK225E    ,OOP,203212,73750.0,            ,137363718,0000000.0000,0000000.0,18230.59,0.210956,147363718,0000000.0000,0000000.0,11639.23,0.269931,65481.27,0.2463,2032-12-01
NK225E    ,OOP,203212,74000.0,            ,137364018,0000000.0000,0000000.0,18362.96,0.210475,147364018,0000000.0000,0000000.0,11545.0,0.269345,65481.27,0.2463,2032-12-01
NK225E    ,OOP,203212,74250.0,            ,137364218,0000000.0000,0000000.0,18497.26,0.209986,147364218,0000000.0000,0000000.0,11452.69,0.268839,65481.27,0.2463,2032-12-01
NK225E    ,OOP,203212,74500.0,            ,137364518,0000000.0000,0000000.0,18631.99,0.209488,147364518,0000000.0000,0000000.0,11360.82,0.268326,65481.27,0.2463,2032-12-01
NK225E    ,OOP,203212,74750.0,            ,137364718,0000000.0000,0000000.0,18767.16,0.208982,147364718,0000000.0000,0000000.0,11269.38,0.267808,65481.27,0.2463,2032-12-01
NK225E    ,OOP,203212,75000.0,            ,187365018,0000000.0000,0000000.0,18902.82,0.208467,197365018,0000000.0000,0000000.0,11178.43,0.267284,65481.27,0.2463,2032-12-01
NK225E    ,OOP,203212,75250.0,            ,137365218,0000000.0000,0000000.0,19041.42,0.208028,147365218,0000000.0000,0000000.0,11090.42,0.266754,65481.27,0.2463,2032-12-01
NK225E    ,OOP,203212,75500.0,            ,137365518,0000000.0000,0000000.0,19180.46,0.207664,147365518,0000000.0000,0000000.0,11002.85,0.266302,65481.27,0.2463,2032-12-01
NK225E    ,OOP,203212,75750.0,            ,137365718,0000000.0000,0000000.0,19319.93,0.207208,147365718,0000000.0000,0000000.0,10915.72,0.265845,65481.27,0.2463,2032-12-01
NK225E    ,OOP,203212,76000.0,            ,187366018,0000000.0000,0000000.0,19459.9,0.206743,197366018,0000000.0000,0000000.0,10829.08,0.265381,65481.27,0.2463,2032-12-01
NK225E    ,OOP,203212,76250.0,            ,137366218,0000000.0000,0000000.0,19613.51,0.20652,147366218,0000000.0000,0000000.0,10756.08,0.265164,65481.27,0.2463,2032-12-01
NK225E    ,OOP,203212,80000.0,            ,187360018,0000000.0000,0000000.0,21969.45,0.203188,197360018,0000000.0000,0000000.0,9712.93,0.261761,65481.27,0.2463,2032-12-01
NK225E    ,OOP,203306,23000.0,            ,138063018,0000000.0000,0000000.0,1148.54,0.298945,148063018,0000000.0000,0000000.0,40319.37,0.505259,65481.27,0.2463,2033-06-01
NK225E    ,OOP,203306,24000.0,            ,138064018,0000000.0000,0000000.0,1314.43,0.29881,148064018,0000000.0000,0000000.0,39585.96,0.493948,65481.27,0.2463,2033-06-01
NK225E    ,OOP,203306,25000.0,            ,138065018,0000000.0000,0000000.0,1493.07,0.298538,148065018,0000000.0000,0000000.0,38865.31,0.48353,65481.27,0.2463,2033-06-01
NK225E    ,OOP,203306,26000.0,            ,138066018,0000000.0000,0000000.0,1684.49,0.298157,148066018,0000000.0000,0000000.0,38157.43,0.47412,65481.27,0.2463,2033-06-01
NK225E    ,OOP,203306,27000.0,            ,138067018,0000000.0000,0000000.0,1888.68,0.29796,148067018,0000000.0000,0000000.0,37462.33,0.465409,65481.27,0.2463,2033-06-01
NK225E    ,OOP,203306,28000.0,            ,138068018,0000000.0000,0000000.0,2105.62,0.297655,148068018,0000000.0000,0000000.0,36779.97,0.45733,65481.27,0.2463,2033-06-01
NK225E    ,OOP,203306,29000.0,            ,138069018,0000000.0000,0000000.0,2400.77,0.30032,148069018,0000000.0000,0000000.0,36175.82,0.452253,65481.27,0.2463,2033-06-01
NK225E    ,OOP,203306,30000.0,            ,138060018,0000000.0000,0000000.0,2675.77,0.301435,148060018,0000000.0000,0000000.0,35551.52,0.446621,65481.27,0.2463,2033-06-01
NK225E    ,OOP,203306,31000.0,            ,138061018,0000000.0000,0000000.0,2929.98,0.300869,148061018,0000000.0000,0000000.0,34906.44,0.440146,65481.27,0.2463,2033-06-01
NK225E    ,OOP,203306,32000.0,            ,138062018,0000000.0000,0000000.0,3164.24,0.299088,148062018,0000000.0000,0000000.0,34241.41,0.43325,65481.27,0.2463,2033-06-01
NK225E    ,OOP,203306,33000.0,            ,188063018,0000000.0000,0000000.0,3380.32,0.296455,198063018,0000000.0000,0000000.0,33558.19,0.425814,65481.27,0.2463,2033-06-01
NK225E    ,OOP,203306,33750.0,            ,138063718,0000000.0000,0000000.0,3530.18,0.293938,148063718,0000000.0000,0000000.0,33033.57,0.419974,65481.27,0.2463,2033-06-01
NK225E    ,OOP,203306,34000.0,            ,188064018,0000000.0000,0000000.0,3580.67,0.293082,198064018,0000000.0000,0000000.0,32859.24,0.418048,65481.27,0.2463,2033-06-01
NK225E    ,OOP,203306,34250.0,            ,138064218,0000000.0000,0000000.0,3627.26,0.292218,148064218,0000000.0000,0000000.0,32681.01,0.415975,65481.27,0.2463,2033-06-01
NK225E    ,OOP,203306,34500.0,            ,138064518,0000000.0000,0000000.0,3674.06,0.29117,148064518,0000000.0000,0000000.0,32502.99,0.41407,65481.27,0.2463,2033-06-01
NK225E    ,OOP,203306,34750.0,            ,138064718,0000000.0000,0000000.0,3721.04,0.290118,148064718,0000000.0000,0000000.0,32325.14,0.41202,65481.27,0.2463,2033-06-01
NK225E    ,OOP,203306,35000.0,            ,188065018,0000000.0000,0000000.0,3768.2,0.289235,198065018,0000000.0000,0000000.0,32147.47,0.410136,65481.27,0.2463,2033-06-01
NK225E    ,OOP,203306,35250.0,            ,138065218,0000000.0000,0000000.0,3812.51,0.288002,148065218,0000000.0000,0000000.0,31966.96,0.407956,65481.27,0.2463,2033-06-01
NK225E    ,OOP,203306,35500.0,            ,138065518,0000000.0000,0000000.0,3856.96,0.286939,148065518,0000000.0000,0000000.0,31786.59,0.405941,65481.27,0.2463,2033-06-01
NK225E    ,OOP,203306,35750.0,            ,138065718,0000000.0000,0000000.0,3901.5,0.285872,148065718,0000000.0000,0000000.0,31606.31,0.403937,65481.27,0.2463,2033-06-01
NK225E    ,OOP,203306,36000.0,            ,188066018,0000000.0000,0000000.0,3946.19,0.284801,198066018,0000000.0000,0000000.0,31426.17,0.401944,65481.27,0.2463,2033-06-01
NK225E    ,OOP,203306,36250.0,            ,138066218,0000000.0000,0000000.0,3989.01,0.283728,148066218,0000000.0000,0000000.0,31244.17,0.399962,65481.27,0.2463,2033-06-01
NK225E    ,OOP,203306,36500.0,            ,138066518,0000000.0000,0000000.0,4031.94,0.282488,148066518,0000000.0000,0000000.0,31062.27,0.397843,65481.27,0.2463,2033-06-01
NK225E    ,OOP,203306,36750.0,            ,138066718,0000000.0000,0000000.0,4074.92,0.281409,148066718,0000000.0000,0000000.0,30880.43,0.395883,65481.27,0.2463,2033-06-01
NK225E    ,OOP,203306,37000.0,            ,188067018,0000000.0000,0000000.0,4118.01,0.280168,198067018,0000000.0000,0000000.0,30698.7,0.393787,65481.27,0.2463,2033-06-01
NK225E    ,OOP,203306,37250.0,            ,138067218,0000000.0000,0000000.0,4160.19,0.279085,148067218,0000000.0000,0000000.0,30516.05,0.391849,65481.27,0.2463,2033-06-01
NK225E    ,OOP,203306,37500.0,            ,138067518,0000000.0000,0000000.0,4202.42,0.277841,148067518,0000000.0000,0000000.0,30333.46,0.389776,65481.27,0.2463,2033-06-01
NK225E    ,OOP,203306,37750.0,            ,138067718,0000000.0000,0000000.0,4244.72,0.276598,148067718,0000000.0000,0000000.0,30150.93,0.387857,65481.27,0.2463,2033-06-01
NK225E    ,OOP,203306,38000.0,            ,188068018,0000000.0000,0000000.0,4287.11,0.27551,198068018,0000000.0000,0000000.0,29968.5,0.385806,65481.27,0.2463,2033-06-01
NK225E    ,OOP,203306,38250.0,            ,138068218,0000000.0000,0000000.0,4329.46,0.274265,148068218,0000000.0000,0000000.0,29786.02,0.383766,65481.27,0.2463,2033-06-01
NK225E    ,OOP,203306,38500.0,            ,138068518,0000000.0000,0000000.0,4371.9,0.273021,148068518,0000000.0000,0000000.0,29603.64,0.381878,65481.27,0.2463,2033-06-01
NK225E    ,OOP,203306,38750.0,            ,138068718,0000000.0000,0000000.0,4414.37,0.271928,148068718,0000000.0000,0000000.0,29421.28,0.379858,65481.27,0.2463,2033-06-01
NK225E    ,OOP,203306,39000.0,            ,188069018,0000000.0000,0000000.0,4456.93,0.270682,198069018,0000000.0000,0000000.0,29239.02,0.377988,65481.27,0.2463,2033-06-01
NK225E    ,OOP,203306,39250.0,            ,138069218,0000000.0000,0000000.0,4500.3,0.269585,148069218,0000000.0000,0000000.0,29057.56,0.375989,65481.27,0.2463,2033-06-01
NK225E    ,OOP,203306,39500.0,            ,138069518,0000000.0000,0000000.0,4543.74,0.268338,148069518,0000000.0000,0000000.0,28876.18,0.374137,65481.27,0.2463,2033-06-01
NK225E    ,OOP,203306,39750.0,            ,138069718,0000000.0000,0000000.0,4587.25,0.267238,148069718,0000000.0000,0000000.0,28694.87,0.372157,65481.27,0.2463,2033-06-01
NK225E    ,OOP,203306,40000.0,            ,188060018,0000000.0000,0000000.0,4630.83,0.265991,198060018,0000000.0000,0000000.0,28513.62,0.370321,65481.27,0.2463,2033-06-01
NK225E    ,OOP,203306,40250.0,            ,138060218,0000000.0000,0000000.0,4675.96,0.264887,148060218,0000000.0000,0000000.0,28333.93,0.368494,65481.27,0.2463,2033-06-01
NK225E    ,OOP,203306,40500.0,            ,138060518,0000000.0000,0000000.0,4721.23,0.263782,148060518,0000000.0000,0000000.0,28154.37,0.366674,65481.27,0.2463,2033-06-01
NK225E    ,OOP,203306,40750.0,            ,138060718,0000000.0000,0000000.0,4766.58,0.262675,148060718,0000000.0000,0000000.0,27974.9,0.364862,65481.27,0.2463,2033-06-01
NK225E    ,OOP,203306,41000.0,            ,188061018,0000000.0000,0000000.0,4812.03,0.261565,198061018,0000000.0000,0000000.0,27795.53,0.363058,65481.27,0.2463,2033-06-01
NK225E    ,OOP,203306,41250.0,            ,138061218,0000000.0000,0000000.0,4859.69,0.260454,148061218,0000000.0000,0000000.0,27618.36,0.361261,65481.27,0.2463,2033-06-01
NK225E    ,OOP,203306,41500.0,            ,138061518,0000000.0000,0000000.0,4907.5,0.259479,148061518,0000000.0000,0000000.0,27441.35,0.359471,65481.27,0.2463,2033-06-01
NK225E    ,OOP,203306,41750.0,            ,138061718,0000000.0000,0000000.0,4955.44,0.258363,148061718,0000000.0000,0000000.0,27264.47,0.357817,65481.27,0.2463,2033-06-01
NK225E    ,OOP,203306,42000.0,            ,188062018,0000000.0000,0000000.0,5003.51,0.257244,198062018,0000000.0000,0000000.0,27087.71,0.35604,65481.27,0.2463,2033-06-01
NK225E    ,OOP,203306,42250.0,            ,138062218,0000000.0000,0000000.0,5054.37,0.25626,148062218,0000000.0000,0000000.0,26913.75,0.354398,65481.27,0.2463,2033-06-01
NK225E    ,OOP,203306,42500.0,            ,138062518,0000000.0000,0000000.0,5105.44,0.255271,148062518,0000000.0000,0000000.0,26739.99,0.35276,65481.27,0.2463,2033-06-01
NK225E    ,OOP,203306,42750.0,            ,138062718,0000000.0000,0000000.0,5156.67,0.254279,148062718,0000000.0000,0000000.0,26566.4,0.351128,65481.27,0.2463,2033-06-01
NK225E    ,OOP,203306,43000.0,            ,138183018,0000000.0000,0000000.0,5208.07,0.253283,148183018,0000000.0000,0000000.0,26392.97,0.349501,65481.27,0.2463,2033-06-01
NK225E    ,OOP,203306,43250.0,            ,138063218,0000000.0000,0000000.0,5262.76,0.252415,148063218,0000000.0000,0000000.0,26222.85,0.348003,65481.27,0.2463,2033-06-01
NK225E    ,OOP,203306,43500.0,            ,138063518,0000000.0000,0000000.0,5317.71,0.251411,148063518,0000000.0000,0000000.0,26052.97,0.346509,65481.27,0.2463,2033-06-01
NK225E    ,OOP,203306,43750.0,            ,188063718,0000000.0000,0000000.0,5372.87,0.250533,198063718,0000000.0000,0000000.0,25883.31,0.344894,65481.27,0.2463,2033-06-01
NK225E    ,OOP,203306,44000.0,            ,138184018,0000000.0000,0000000.0,5428.25,0.24965,148184018,0000000.0000,0000000.0,25713.86,0.343407,65481.27,0.2463,2033-06-01
NK225E    ,OOP,203306,44250.0,            ,188064218,0000000.0000,0000000.0,5487.34,0.248762,198064218,0000000.0000,0000000.0,25548.13,0.342045,65481.27,0.2463,2033-06-01
NK225E    ,OOP,203306,44500.0,            ,188064518,0000000.0000,0000000.0,5546.7,0.247995,198064518,0000000.0000,0000000.0,25382.66,0.340563,65481.27,0.2463,2033-06-01
NK225E    ,OOP,203306,44750.0,            ,188064718,0000000.0000,0000000.0,5606.32,0.247095,198064718,0000000.0000,0000000.0,25217.45,0.339205,65481.27,0.2463,2033-06-01
NK225E    ,OOP,203306,45000.0,            ,138185018,0000000.0000,0000000.0,5666.2,0.246315,148185018,0000000.0000,0000000.0,25052.51,0.337728,65481.27,0.2463,2033-06-01
NK225E    ,OOP,203306,45250.0,            ,188065218,0000000.0000,0000000.0,5730.15,0.245529,198065218,0000000.0000,0000000.0,24891.64,0.336493,65481.27,0.2463,2033-06-01
NK225E    ,OOP,203306,45500.0,            ,188065518,0000000.0000,0000000.0,5794.38,0.244859,198065518,0000000.0000,0000000.0,24731.05,0.335139,65481.27,0.2463,2033-06-01
NK225E    ,OOP,203306,45750.0,            ,188065718,0000000.0000,0000000.0,5858.97,0.244059,198065718,0000000.0000,0000000.0,24570.82,0.333904,65481.27,0.2463,2033-06-01
NK225E    ,OOP,203306,46000.0,            ,138186018,0000000.0000,0000000.0,5923.92,0.243374,148186018,0000000.0000,0000000.0,24410.94,0.332553,65481.27,0.2463,2033-06-01
NK225E    ,OOP,203306,46250.0,            ,188066218,0000000.0000,0000000.0,5993.06,0.242681,198066218,0000000.0000,0000000.0,24255.25,0.331435,65481.27,0.2463,2033-06-01
NK225E    ,OOP,203306,46500.0,            ,188066518,0000000.0000,0000000.0,6062.61,0.242101,198066518,0000000.0000,0000000.0,24099.98,0.330201,65481.27,0.2463,2033-06-01
NK225E    ,OOP,203306,46750.0,            ,188066718,0000000.0000,0000000.0,6132.53,0.241392,198066718,0000000.0000,0000000.0,23945.07,0.329082,65481.27,0.2463,2033-06-01
NK225E    ,OOP,203306,47000.0,            ,138187018,0000000.0000,0000000.0,6202.82,0.240793,148187018,0000000.0000,0000000.0,23790.54,0.327848,65481.27,0.2463,2033-06-01
NK225E    ,OOP,203306,47250.0,            ,188067218,0000000.0000,0000000.0,6277.45,0.240186,198067218,0000000.0000,0000000.0,23640.35,0.326841,65481.27,0.2463,2033-06-01
NK225E    ,OOP,203306,47500.0,            ,188067518,0000000.0000,0000000.0,6352.51,0.239686,198067518,0000000.0000,0000000.0,23490.58,0.325719,65481.27,0.2463,2033-06-01
NK225E    ,OOP,203306,47750.0,            ,188067718,0000000.0000,0000000.0,6427.99,0.239061,198067718,0000000.0000,0000000.0,23341.24,0.324709,65481.27,0.2463,2033-06-01
NK225E    ,OOP,203306,48000.0,            ,138188018,0000000.0000,0000000.0,6503.94,0.238542,148188018,0000000.0000,0000000.0,23192.36,0.323696,65481.27,0.2463,2033-06-01
NK225E    ,OOP,203306,48250.0,            ,188068218,0000000.0000,0000000.0,6584.25,0.238014,198068218,0000000.0000,0000000.0,23047.85,0.322681,65481.27,0.2463,2033-06-01
NK225E    ,OOP,203306,48500.0,            ,188068518,0000000.0000,0000000.0,6664.99,0.237589,198068518,0000000.0000,0000000.0,22903.76,0.321775,65481.27,0.2463,2033-06-01
NK225E    ,OOP,203306,48750.0,            ,188068718,0000000.0000,0000000.0,6746.28,0.237153,198068718,0000000.0000,0000000.0,22760.24,0.320755,65481.27,0.2463,2033-06-01
NK225E    ,OOP,203306,49000.0,            ,138189018,0000000.0000,0000000.0,6828.06,0.236595,148189018,0000000.0000,0000000.0,22617.18,0.319843,65481.27,0.2463,2033-06-01
NK225E    ,OOP,203306,49250.0,            ,188069218,0000000.0000,0000000.0,6914.06,0.23625,198069218,0000000.0000,0000000.0,22478.37,0.319037,65481.27,0.2463,2033-06-01
NK225E    ,OOP,203306,49500.0,            ,188069518,0000000.0000,0000000.0,7000.67,0.235893,198069518,0000000.0000,0000000.0,22340.16,0.318226,65481.27,0.2463,2033-06-01
NK225E    ,OOP,203306,49750.0,            ,188069718,0000000.0000,0000000.0,7087.76,0.235415,198069718,0000000.0000,0000000.0,22202.41,0.317304,65481.27,0.2463,2033-06-01
NK225E    ,OOP,203306,50000.0,            ,138180018,0000000.0000,0000000.0,7175.36,0.235036,148180018,0000000.0000,0000000.0,22065.19,0.316486,65481.27,0.2463,2033-06-01
NK225E    ,OOP,203306,50250.0,            ,188060218,0000000.0000,0000000.0,7267.13,0.234755,198060218,0000000.0000,0000000.0,21932.14,0.315771,65481.27,0.2463,2033-06-01
NK225E    ,OOP,203306,50500.0,            ,188060518,0000000.0000,0000000.0,7359.42,0.234462,198060518,0000000.0000,0000000.0,21799.61,0.315051,65481.27,0.2463,2033-06-01
NK225E    ,OOP,203306,50750.0,            ,188060718,0000000.0000,0000000.0,7452.31,0.234156,198060718,0000000.0000,0000000.0,21667.67,0.314326,65481.27,0.2463,2033-06-01
NK225E    ,OOP,203306,51000.0,            ,138181018,0000000.0000,0000000.0,7545.7,0.233839,148181018,0000000.0000,0000000.0,21536.24,0.313597,65481.27,0.2463,2033-06-01
NK225E    ,OOP,203306,51250.0,            ,188061218,0000000.0000,0000000.0,7643.01,0.233617,198061218,0000000.0000,0000000.0,21408.73,0.312968,65481.27,0.2463,2033-06-01
NK225E    ,OOP,203306,51500.0,            ,188061518,0000000.0000,0000000.0,7740.91,0.233382,198061518,0000000.0000,0000000.0,21281.8,0.312333,65481.27,0.2463,2033-06-01
NK225E    ,OOP,203306,51750.0,            ,188061718,0000000.0000,0000000.0,7839.39,0.233134,198061718,0000000.0000,0000000.0,21155.46,0.311692,65481.27,0.2463,2033-06-01
NK225E    ,OOP,203306,52000.0,            ,138182018,0000000.0000,0000000.0,7938.46,0.232875,148182018,0000000.0000,0000000.0,21029.7,0.311046,65481.27,0.2463,2033-06-01
NK225E    ,OOP,203306,52250.0,            ,188062218,0000000.0000,0000000.0,8041.01,0.232707,198062218,0000000.0000,0000000.0,20907.43,0.310498,65481.27,0.2463,2033-06-01
NK225E    ,OOP,203306,52500.0,            ,188062518,0000000.0000,0000000.0,8144.32,0.232526,198062518,0000000.0000,0000000.0,20785.91,0.309944,65481.27,0.2463,2033-06-01
NK225E    ,OOP,203306,52750.0,            ,188062718,0000000.0000,0000000.0,8248.13,0.232333,198062718,0000000.0000,0000000.0,20664.9,0.309383,65481.27,0.2463,2033-06-01
NK225E    ,OOP,203306,53000.0,            ,188183018,0000000.0000,0000000.0,8352.56,0.232128,198183018,0000000.0000,0000000.0,20544.5,0.308816,65481.27,0.2463,2033-06-01
NK225E    ,OOP,203306,53250.0,            ,188063218,0000000.0000,0000000.0,8460.1,0.232012,198063218,0000000.0000,0000000.0,20427.22,0.308345,65481.27,0.2463,2033-06-01
NK225E    ,OOP,203306,53500.0,            ,188063518,0000000.0000,0000000.0,8568.37,0.231883,198063518,0000000.0000,0000000.0,20310.67,0.307868,65481.27,0.2463,2033-06-01
NK225E    ,OOP,203306,53750.0,            ,138183718,0000000.0000,0000000.0,8677.22,0.231742,148183718,0000000.0000,0000000.0,20194.69,0.307383,65481.27,0.2463,2033-06-01
NK225E    ,OOP,203306,54000.0,            ,188184018,0000000.0000,0000000.0,8786.68,0.231588,198184018,0000000.0000,0000000.0,20079.33,0.306993,65481.27,0.2463,2033-06-01
NK225E    ,OOP,203306,54250.0,            ,138184218,0000000.0000,0000000.0,8898.77,0.231521,148184218,0000000.0000,0000000.0,19966.6,0.306494,65481.27,0.2463,2033-06-01
NK225E    ,OOP,203306,54500.0,            ,138184518,0000000.0000,0000000.0,9011.55,0.231441,148184518,0000000.0000,0000000.0,19854.55,0.30609,65481.27,0.2463,2033-06-01
NK225E    ,OOP,203306,54750.0,            ,138184718,0000000.0000,0000000.0,9124.91,0.231349,148184718,0000000.0000,0000000.0,19743.09,0.305678,65481.27,0.2463,2033-06-01
NK225E    ,OOP,203306,55000.0,            ,188185018,0000000.0000,0000000.0,9238.95,0.231244,198185018,0000000.0000,0000000.0,19632.3,0.305259,65481.27,0.2463,2033-06-01
NK225E    ,OOP,203306,55250.0,            ,138185218,0000000.0000,0000000.0,9355.1,0.231126,148185218,0000000.0000,0000000.0,19523.63,0.304932,65481.27,0.2463,2033-06-01
NK225E    ,OOP,203306,55500.0,            ,138185518,0000000.0000,0000000.0,9471.88,0.231094,148185518,0000000.0000,0000000.0,19415.59,0.304597,65481.27,0.2463,2033-06-01
NK225E    ,OOP,203306,55750.0,            ,138185718,0000000.0000,0000000.0,9589.3,0.231049,148185718,0000000.0000,0000000.0,19308.18,0.304255,65481.27,0.2463,2033-06-01
NK225E    ,OOP,203306,56000.0,            ,188186018,0000000.0000,0000000.0,9707.39,0.230991,198186018,0000000.0000,0000000.0,19201.45,0.303807,65481.27,0.2463,2033-06-01
NK225E    ,OOP,203306,56250.0,            ,138186218,0000000.0000,0000000.0,9827.0,0.230921,148186218,0000000.0000,0000000.0,19096.23,0.303548,65481.27,0.2463,2033-06-01
NK225E    ,OOP,203306,56500.0,            ,138186518,0000000.0000,0000000.0,9947.29,0.230839,148186518,0000000.0000,0000000.0,18991.7,0.303184,65481.27,0.2463,2033-06-01
NK225E    ,OOP,203306,56750.0,            ,138186718,0000000.0000,0000000.0,10068.15,0.23084,148186718,0000000.0000,0000000.0,18887.74,0.302909,65481.27,0.2463,2033-06-01
NK225E    ,OOP,203306,57000.0,            ,188187018,0000000.0000,0000000.0,10189.64,0.230733,198187018,0000000.0000,0000000.0,18784.4,0.302531,65481.27,0.2463,2033-06-01
NK225E    ,OOP,203306,57250.0,            ,138187218,0000000.0000,0000000.0,10312.17,0.23071,148187218,0000000.0000,0000000.0,18682.1,0.302241,65481.27,0.2463,2033-06-01
NK225E    ,OOP,203306,57500.0,            ,138187518,0000000.0000,0000000.0,10435.26,0.230674,148187518,0000000.0000,0000000.0,18580.37,0.301944,65481.27,0.2463,2033-06-01
NK225E    ,OOP,203306,57750.0,            ,138187718,0000000.0000,0000000.0,10559.08,0.230627,148187718,0000000.0000,0000000.0,18479.37,0.30164,65481.27,0.2463,2033-06-01
NK225E    ,OOP,203306,58000.0,            ,188188018,0000000.0000,0000000.0,10683.46,0.230568,198188018,0000000.0000,0000000.0,18378.92,0.301328,65481.27,0.2463,2033-06-01
NK225E    ,OOP,203306,58250.0,            ,138188218,0000000.0000,0000000.0,10808.23,0.23059,148188218,0000000.0000,0000000.0,18278.87,0.301104,65481.27,0.2463,2033-06-01
NK225E    ,OOP,203306,58500.0,            ,138188518,0000000.0000,0000000.0,10933.55,0.230507,148188518,0000000.0000,0000000.0,18179.37,0.300777,65481.27,0.2463,2033-06-01
NK225E    ,OOP,203306,58750.0,            ,138188718,0000000.0000,0000000.0,11059.59,0.230413,148188718,0000000.0000,0000000.0,18080.58,0.300538,65481.27,0.2463,2033-06-01
NK225E    ,OOP,203306,59000.0,            ,188189018,0000000.0000,0000000.0,11186.16,0.2304,198189018,0000000.0000,0000000.0,17982.33,0.300198,65481.27,0.2463,2033-06-01
NK225E    ,OOP,203306,59250.0,            ,138189218,0000000.0000,0000000.0,11312.52,0.230376,148189218,0000000.0000,0000000.0,17883.86,0.299944,65481.27,0.2463,2033-06-01
NK225E    ,OOP,203306,59500.0,            ,138189518,0000000.0000,0000000.0,11439.51,0.230249,148189518,0000000.0000,0000000.0,17786.03,0.299683,65481.27,0.2463,2033-06-01
NK225E    ,OOP,203306,59750.0,            ,138189718,0000000.0000,0000000.0,11567.04,0.230203,148189718,0000000.0000,0000000.0,17688.74,0.299414,65481.27,0.2463,2033-06-01
NK225E    ,OOP,203306,60000.0,            ,188180018,0000000.0000,0000000.0,11695.2,0.230145,198180018,0000000.0000,0000000.0,17592.07,0.299139,65481.27,0.2463,2033-06-01
NK225E    ,OOP,203306,60250.0,            ,138180218,0000000.0000,0000000.0,11822.56,0.230077,148180218,0000000.0000,0000000.0,17494.61,0.298764,65481.27,0.2463,2033-06-01
NK225E    ,OOP,203306,60500.0,            ,138180518,0000000.0000,0000000.0,11950.48,0.229997,148180518,0000000.0000,0000000.0,17397.71,0.298474,65481.27,0.2463,2033-06-01
NK225E    ,OOP,203306,60750.0,            ,138180718,0000000.0000,0000000.0,12078.97,0.229908,148180718,0000000.0000,0000000.0,17301.37,0.298178,65481.27,0.2463,2033-06-01
NK225E    ,OOP,203306,61000.0,            ,188181018,0000000.0000,0000000.0,12208.07,0.229808,198181018,0000000.0000,0000000.0,17205.65,0.297967,65481.27,0.2463,2033-06-01
NK225E    ,OOP,203306,61250.0,            ,138181218,0000000.0000,0000000.0,12335.83,0.229697,148181218,0000000.0000,0000000.0,17108.58,0.297656,65481.27,0.2463,2033-06-01
NK225E    ,OOP,203306,61500.0,            ,138181518,0000000.0000,0000000.0,12464.14,0.229577,148181518,0000000.0000,0000000.0,17012.07,0.29734,65481.27,0.2463,2033-06-01
NK225E    ,OOP,203306,61750.0,            ,138181718,0000000.0000,0000000.0,12592.98,0.229446,148181718,0000000.0000,0000000.0,16916.09,0.297016,65481.27,0.2463,2033-06-01
NK225E    ,OOP,203306,62000.0,            ,188182018,0000000.0000,0000000.0,12722.42,0.229306,198182018,0000000.0000,0000000.0,16820.71,0.296687,65481.27,0.2463,2033-06-01
NK225E    ,OOP,203306,62250.0,            ,138182218,0000000.0000,0000000.0,12850.03,0.229156,148182218,0000000.0000,0000000.0,16723.49,0.29635,65481.27,0.2463,2033-06-01
NK225E    ,OOP,203306,62500.0,            ,138182518,0000000.0000,0000000.0,12978.21,0.228996,148182518,0000000.0000,0000000.0,16626.85,0.296008,65481.27,0.2463,2033-06-01
NK225E    ,OOP,203306,62750.0,            ,138182718,0000000.0000,0000000.0,13106.92,0.228827,148182718,0000000.0000,0000000.0,16530.73,0.295658,65481.27,0.2463,2033-06-01
NK225E    ,OOP,203306,63000.0,            ,138303018,0000000.0000,0000000.0,13236.08,0.228648,148303018,0000000.0000,0000000.0,16435.06,0.295303,65481.27,0.2463,2033-06-01
NK225E    ,OOP,203306,63250.0,            ,138183218,0000000.0000,0000000.0,13363.13,0.22846,148183218,0000000.0000,0000000.0,16337.29,0.294942,65481.27,0.2463,2033-06-01
NK225E    ,OOP,203306,63500.0,            ,138183518,0000000.0000,0000000.0,13490.68,0.228263,148183518,0000000.0000,0000000.0,16240.02,0.294574,65481.27,0.2463,2033-06-01
NK225E    ,OOP,203306,63750.0,            ,188183718,0000000.0000,0000000.0,13618.72,0.228057,198183718,0000000.0000,0000000.0,16143.24,0.2942,65481.27,0.2463,2033-06-01
NK225E    ,OOP,203306,64000.0,            ,138304018,0000000.0000,0000000.0,13747.26,0.227841,148304018,0000000.0000,0000000.0,16046.95,0.29382,65481.27,0.2463,2033-06-01
NK225E    ,OOP,203306,64250.0,            ,188184218,0000000.0000,0000000.0,13873.3,0.227531,198184218,0000000.0000,0000000.0,15948.17,0.293346,65481.27,0.2463,2033-06-01
NK225E    ,OOP,203306,64500.0,            ,188184518,0000000.0000,0000000.0,13999.87,0.227298,198184518,0000000.0000,0000000.0,15849.91,0.292955,65481.27,0.2463,2033-06-01
NK225E    ,OOP,203306,64750.0,            ,188184718,0000000.0000,0000000.0,14126.92,0.227057,198184718,0000000.0000,0000000.0,15752.13,0.292557,65481.27,0.2463,2033-06-01
NK225E    ,OOP,203306,65000.0,            ,138305018,0000000.0000,0000000.0,14254.44,0.226721,148305018,0000000.0000,0000000.0,15654.83,0.292154,65481.27,0.2463,2033-06-01
NK225E    ,OOP,203306,65250.0,            ,188185218,0000000.0000,0000000.0,14379.23,0.226462,198185218,0000000.0000,0000000.0,15554.8,0.291657,65481.27,0.2463,2033-06-01
NK225E    ,OOP,203306,65500.0,            ,188185518,0000000.0000,0000000.0,14504.54,0.22611,198185518,0000000.0000,0000000.0,15455.28,0.291155,65481.27,0.2463,2033-06-01
NK225E    ,OOP,203306,65750.0,            ,188185718,0000000.0000,0000000.0,14630.24,0.225749,198185718,0000000.0000,0000000.0,15356.16,0.290735,65481.27,0.2463,2033-06-01
NK225E    ,OOP,203306,66000.0,            ,138306018,0000000.0000,0000000.0,14756.46,0.225466,148306018,0000000.0000,0000000.0,15257.55,0.290222,65481.27,0.2463,2033-06-01
NK225E    ,OOP,203306,66250.0,            ,188186218,0000000.0000,0000000.0,14879.9,0.225089,198186218,0000000.0000,0000000.0,15156.17,0.289704,65481.27,0.2463,2033-06-01
NK225E    ,OOP,203306,66500.0,            ,188186518,0000000.0000,0000000.0,15003.84,0.224704,198186518,0000000.0000,0000000.0,15055.29,0.289181,65481.27,0.2463,2033-06-01
NK225E    ,OOP,203306,66750.0,            ,188186718,0000000.0000,0000000.0,15128.16,0.224312,198186718,0000000.0000,0000000.0,14954.79,0.288652,65481.27,0.2463,2033-06-01
NK225E    ,OOP,203306,67000.0,            ,138307018,0000000.0000,0000000.0,15252.97,0.223912,148307018,0000000.0000,0000000.0,14854.77,0.288205,65481.27,0.2463,2033-06-01
NK225E    ,OOP,203306,67250.0,            ,188187218,0000000.0000,0000000.0,15375.09,0.223504,198187218,0000000.0000,0000000.0,14752.07,0.28758,65481.27,0.2463,2033-06-01
NK225E    ,OOP,203306,67500.0,            ,188187518,0000000.0000,0000000.0,15497.63,0.223088,198187518,0000000.0000,0000000.0,14649.79,0.287036,65481.27,0.2463,2033-06-01
NK225E    ,OOP,203306,67750.0,            ,188187718,0000000.0000,0000000.0,15620.59,0.222665,198187718,0000000.0000,0000000.0,14547.92,0.286487,65481.27,0.2463,2033-06-01
NK225E    ,OOP,203306,68000.0,            ,138308018,0000000.0000,0000000.0,15743.98,0.22215,148308018,0000000.0000,0000000.0,14446.48,0.285933,65481.27,0.2463,2033-06-01
NK225E    ,OOP,203306,68250.0,            ,188188218,0000000.0000,0000000.0,15864.93,0.221712,198188218,0000000.0000,0000000.0,14342.61,0.285374,65481.27,0.2463,2033-06-01
NK225E    ,OOP,203306,68500.0,            ,188188518,0000000.0000,0000000.0,15986.28,0.221182,198188518,0000000.0000,0000000.0,14239.14,0.284725,65481.27,0.2463,2033-06-01
NK225E    ,OOP,203306,68750.0,            ,188188718,0000000.0000,0000000.0,16108.05,0.220729,198188718,0000000.0000,0000000.0,14136.08,0.284156,65481.27,0.2463,2033-06-01
NK225E    ,OOP,203306,69000.0,            ,138309018,0000000.0000,0000000.0,16230.23,0.220268,148309018,0000000.0000,0000000.0,14033.44,0.283497,65481.27,0.2463,2033-06-01
NK225E    ,OOP,203306,69250.0,            ,188189218,0000000.0000,0000000.0,16350.36,0.219717,198189218,0000000.0000,0000000.0,13928.75,0.282919,65481.27,0.2463,2033-06-01
NK225E    ,OOP,203306,69500.0,            ,188189518,0000000.0000,0000000.0,16470.89,0.219158,198189518,0000000.0000,0000000.0,13824.45,0.282251,65481.27,0.2463,2033-06-01
NK225E    ,OOP,203306,69750.0,            ,188189718,0000000.0000,0000000.0,16591.83,0.218592,198189718,0000000.0000,0000000.0,13720.56,0.281578,65481.27,0.2463,2033-06-01
NK225E    ,OOP,203306,70000.0,            ,138300018,0000000.0000,0000000.0,16713.22,0.218102,148300018,0000000.0000,0000000.0,13617.13,0.280985,65481.27,0.2463,2033-06-01
NK225E    ,OOP,203306,70250.0,            ,188180218,0000000.0000,0000000.0,16833.15,0.217521,198180218,0000000.0000,0000000.0,13512.24,0.280302,65481.27,0.2463,2033-06-01
NK225E    ,OOP,203306,70500.0,            ,188180518,0000000.0000,0000000.0,16953.54,0.216934,198180518,0000000.0000,0000000.0,13407.8,0.279616,65481.27,0.2463,2033-06-01
NK225E    ,OOP,203306,70750.0,            ,188180718,0000000.0000,0000000.0,17074.26,0.216421,198180718,0000000.0000,0000000.0,13303.7,0.279008,65481.27,0.2463,2033-06-01
NK225E    ,OOP,203306,71000.0,            ,138301018,0000000.0000,0000000.0,17195.44,0.215819,148301018,0000000.0000,0000000.0,13200.05,0.278312,65481.27,0.2463,2033-06-01
NK225E    ,OOP,203306,71250.0,            ,188181218,0000000.0000,0000000.0,17315.98,0.21521,198181218,0000000.0000,0000000.0,13095.77,0.277611,65481.27,0.2463,2033-06-01
NK225E    ,OOP,203306,71500.0,            ,188181518,0000000.0000,0000000.0,17436.92,0.214675,198181518,0000000.0000,0000000.0,12991.89,0.27699,65481.27,0.2463,2033-06-01
NK225E    ,OOP,203306,71750.0,            ,188181718,0000000.0000,0000000.0,17558.26,0.214051,198181718,0000000.0000,0000000.0,12888.4,0.27628,65481.27,0.2463,2033-06-01
NK225E    ,OOP,203306,72000.0,            ,138302018,0000000.0000,0000000.0,17679.99,0.21342,148302018,0000000.0000,0000000.0,12785.31,0.275649,65481.27,0.2463,2033-06-01
NK225E    ,OOP,203306,72250.0,            ,188182218,0000000.0000,0000000.0,17802.18,0.212863,198182218,0000000.0000,0000000.0,12682.67,0.274929,65481.27,0.2463,2033-06-01
NK225E    ,OOP,203306,72500.0,            ,188182518,0000000.0000,0000000.0,17924.76,0.212299,198182518,0000000.0000,0000000.0,12580.43,0.274288,65481.27,0.2463,2033-06-01
NK225E    ,OOP,203306,72750.0,            ,188182718,0000000.0000,0000000.0,18047.74,0.211646,198182718,0000000.0000,0000000.0,12478.59,0.273643,65481.27,0.2463,2033-06-01
NK225E    ,OOP,203306,73000.0,            ,188303018,0000000.0000,0000000.0,18171.18,0.211067,198303018,0000000.0000,0000000.0,12377.21,0.272992,65481.27,0.2463,2033-06-01
NK225E    ,OOP,203306,73250.0,            ,188183218,0000000.0000,0000000.0,18296.3,0.210481,198183218,0000000.0000,0000000.0,12277.5,0.272337,65481.27,0.2463,2033-06-01
NK225E    ,OOP,203306,73500.0,            ,188183518,0000000.0000,0000000.0,18421.83,0.209968,198183518,0000000.0000,0000000.0,12178.2,0.271677,65481.27,0.2463,2033-06-01
NK225E    ,OOP,203306,73750.0,            ,138303718,0000000.0000,0000000.0,18547.75,0.209367,148303718,0000000.0000,0000000.0,12079.3,0.271012,65481.27,0.2463,2033-06-01
NK225E    ,OOP,203306,74000.0,            ,188304018,0000000.0000,0000000.0,18674.08,0.208758,198304018,0000000.0000,0000000.0,11980.8,0.270425,65481.27,0.2463,2033-06-01
NK225E    ,OOP,203306,74250.0,            ,138304218,0000000.0000,0000000.0,18803.69,0.208222,148304218,0000000.0000,0000000.0,11885.59,0.269832,65481.27,0.2463,2033-06-01
NK225E    ,OOP,203306,74500.0,            ,138304518,0000000.0000,0000000.0,18933.76,0.20776,148304518,0000000.0000,0000000.0,11790.84,0.269235,65481.27,0.2463,2033-06-01
NK225E    ,OOP,203306,74750.0,            ,138304718,0000000.0000,0000000.0,19064.19,0.207209,148304718,0000000.0000,0000000.0,11696.44,0.268632,65481.27,0.2463,2033-06-01
NK225E    ,OOP,203306,75000.0,            ,188305018,0000000.0000,0000000.0,19195.08,0.206651,198305018,0000000.0000,0000000.0,11602.51,0.268107,65481.27,0.2463,2033-06-01
NK225E    ,OOP,203306,75250.0,            ,138305218,0000000.0000,0000000.0,19331.05,0.206166,148305218,0000000.0000,0000000.0,11513.66,0.267577,65481.27,0.2463,2033-06-01
NK225E    ,OOP,203306,75500.0,            ,138305518,0000000.0000,0000000.0,19467.44,0.205754,148305518,0000000.0000,0000000.0,11425.22,0.267123,65481.27,0.2463,2033-06-01
NK225E    ,OOP,203306,75750.0,            ,138305718,0000000.0000,0000000.0,19604.23,0.205253,148305718,0000000.0000,0000000.0,11337.19,0.266582,65481.27,0.2463,2033-06-01
NK225E    ,OOP,203306,76000.0,            ,188306018,0000000.0000,0000000.0,19741.44,0.204826,198306018,0000000.0000,0000000.0,11249.57,0.266118,65481.27,0.2463,2033-06-01
NK225E    ,OOP,203306,76250.0,            ,138306218,0000000.0000,0000000.0,19902.42,0.204795,148306218,0000000.0000,0000000.0,11185.73,0.265975,65481.27,0.2463,2033-06-01
NK225E    ,OOP,203306,80000.0,            ,188300018,0000000.0000,0000000.0,22366.96,0.20374,198300018,0000000.0000,0000000.0,10277.92,0.264858,65481.27,0.2463,2033-06-01
NK225E    ,OOP,203312,35000.0,            ,138125018,0000000.0000,0000000.0,4144.21,0.291364,148125018,0000000.0000,0000000.0,32384.71,0.415771,65481.27,0.2463,2033-12-01
NK225E    ,OOP,203312,36000.0,            ,138126018,0000000.0000,0000000.0,4295.98,0.285909,148126018,0000000.0000,0000000.0,31644.25,0.406713,65481.27,0.2463,2033-12-01
NK225E    ,OOP,203312,37000.0,            ,138127018,0000000.0000,0000000.0,4448.76,0.280495,148127018,0000000.0000,0000000.0,30904.81,0.397751,65481.27,0.2463,2033-12-01
NK225E    ,OOP,203312,38000.0,            ,138128018,0000000.0000,0000000.0,4605.24,0.275268,148128018,0000000.0000,0000000.0,30169.07,0.389292,65481.27,0.2463,2033-12-01
NK225E    ,OOP,203312,39000.0,            ,138129018,0000000.0000,0000000.0,4768.05,0.270212,148129018,0000000.0000,0000000.0,29439.66,0.381029,65481.27,0.2463,2033-12-01
NK225E    ,OOP,203312,40000.0,            ,138120018,0000000.0000,0000000.0,4939.7,0.265451,148120018,0000000.0000,0000000.0,28719.09,0.37321,65481.27,0.2463,2033-12-01
NK225E    ,OOP,203312,41000.0,            ,138121018,0000000.0000,0000000.0,5122.6,0.260825,148121018,0000000.0000,0000000.0,28009.77,0.365931,65481.27,0.2463,2033-12-01
NK225E    ,OOP,203312,42000.0,            ,138122018,0000000.0000,0000000.0,5318.93,0.256583,148122018,0000000.0000,0000000.0,27313.88,0.358904,65481.27,0.2463,2033-12-01
NK225E    ,OOP,203312,43000.0,            ,138123018,0000000.0000,0000000.0,5530.65,0.252694,148123018,0000000.0000,0000000.0,26633.38,0.352475,65481.27,0.2463,2033-12-01
NK225E    ,OOP,203312,44000.0,            ,138124018,0000000.0000,0000000.0,5759.58,0.249125,148124018,0000000.0000,0000000.0,25970.08,0.346486,65481.27,0.2463,2033-12-01
NK225E    ,OOP,203312,45000.0,            ,188125018,0000000.0000,0000000.0,6007.18,0.24597,198125018,0000000.0000,0000000.0,25325.46,0.340906,65481.27,0.2463,2033-12-01
NK225E    ,OOP,203312,45250.0,            ,138125218,0000000.0000,0000000.0,6073.59,0.245286,148125218,0000000.0000,0000000.0,25168.81,0.339604,65481.27,0.2463,2033-12-01
NK225E    ,OOP,203312,45500.0,            ,138125518,0000000.0000,0000000.0,6140.3,0.244596,148125518,0000000.0000,0000000.0,25012.47,0.338304,65481.27,0.2463,2033-12-01
NK225E    ,OOP,203312,45750.0,            ,138125718,0000000.0000,0000000.0,6207.33,0.243898,148125718,0000000.0000,0000000.0,24856.45,0.33712,65481.27,0.2463,2033-12-01
NK225E    ,OOP,203312,46000.0,            ,188126018,0000000.0000,0000000.0,6274.67,0.243194,198126018,0000000.0000,0000000.0,24700.73,0.335822,65481.27,0.2463,2033-12-01
NK225E    ,OOP,203312,46250.0,            ,138126218,0000000.0000,0000000.0,6346.2,0.242483,148126218,0000000.0000,0000000.0,24549.2,0.334639,65481.27,0.2463,2033-12-01
NK225E    ,OOP,203312,46500.0,            ,138126518,0000000.0000,0000000.0,6418.17,0.241881,148126518,0000000.0000,0000000.0,24398.11,0.333456,65481.27,0.2463,2033-12-01
NK225E    ,OOP,203312,46750.0,            ,138126718,0000000.0000,0000000.0,6490.41,0.24127,148126718,0000000.0000,0000000.0,24247.3,0.332386,65481.27,0.2463,2033-12-01
NK225E    ,OOP,203312,47000.0,            ,188127018,0000000.0000,0000000.0,6563.11,0.240652,198127018,0000000.0000,0000000.0,24096.95,0.331203,65481.27,0.2463,2033-12-01
NK225E    ,OOP,203312,47250.0,            ,138127218,0000000.0000,0000000.0,6639.91,0.240139,148127218,0000000.0000,0000000.0,23950.7,0.330131,65481.27,0.2463,2033-12-01
NK225E    ,OOP,203312,47500.0,            ,138127518,0000000.0000,0000000.0,6717.17,0.239618,148127518,0000000.0000,0000000.0,23804.9,0.329058,65481.27,0.2463,2033-12-01
NK225E    ,OOP,203312,47750.0,            ,138127718,0000000.0000,0000000.0,6794.84,0.239087,148127718,0000000.0000,0000000.0,23659.51,0.328094,65481.27,0.2463,2033-12-01
NK225E    ,OOP,203312,48000.0,            ,188128018,0000000.0000,0000000.0,6872.92,0.238547,198128018,0000000.0000,0000000.0,23514.54,0.327018,65481.27,0.2463,2033-12-01
NK225E    ,OOP,203312,48250.0,            ,138128218,0000000.0000,0000000.0,6955.11,0.23811,148128218,0000000.0000,0000000.0,23373.67,0.326051,65481.27,0.2463,2033-12-01
NK225E    ,OOP,203312,48500.0,            ,138128518,0000000.0000,0000000.0,7037.76,0.237552,148128518,0000000.0000,0000000.0,23233.26,0.32519,65481.27,0.2463,2033-12-01
NK225E    ,OOP,203312,48750.0,            ,138128718,0000000.0000,0000000.0,7120.85,0.237096,148128718,0000000.0000,0000000.0,23093.3,0.324217,65481.27,0.2463,2033-12-01
NK225E    ,OOP,203312,49000.0,            ,188129018,0000000.0000,0000000.0,7204.49,0.236738,198129018,0000000.0000,0000000.0,22953.88,0.323243,65481.27,0.2463,2033-12-01
NK225E    ,OOP,203312,49250.0,            ,138129218,0000000.0000,0000000.0,7292.0,0.236262,148129218,0000000.0000,0000000.0,22818.34,0.322481,65481.27,0.2463,2033-12-01
NK225E    ,OOP,203312,49500.0,            ,138129518,0000000.0000,0000000.0,7380.09,0.235883,148129518,0000000.0000,0000000.0,22683.37,0.321608,65481.27,0.2463,2033-12-01
NK225E    ,OOP,203312,49750.0,            ,138129718,0000000.0000,0000000.0,7468.68,0.235495,148129718,0000000.0000,0000000.0,22548.9,0.320732,65481.27,0.2463,2033-12-01
NK225E    ,OOP,203312,50000.0,            ,188120018,0000000.0000,0000000.0,7557.75,0.235202,198120018,0000000.0000,0000000.0,22414.92,0.319958,65481.27,0.2463,2033-12-01
NK225E    ,OOP,203312,50250.0,            ,138120218,0000000.0000,0000000.0,7650.57,0.234793,148120218,0000000.0000,0000000.0,22284.68,0.319181,65481.27,0.2463,2033-12-01
NK225E    ,OOP,203312,50500.0,            ,138120518,0000000.0000,0000000.0,7743.96,0.234478,148120518,0000000.0000,0000000.0,22155.02,0.318504,65481.27,0.2463,2033-12-01
NK225E    ,OOP,203312,50750.0,            ,138120718,0000000.0000,0000000.0,7837.87,0.234257,148120718,0000000.0000,0000000.0,22025.88,0.317719,65481.27,0.2463,2033-12-01
NK225E    ,OOP,203312,51000.0,            ,188121018,0000000.0000,0000000.0,7932.3,0.233921,198121018,0000000.0000,0000000.0,21897.25,0.317033,65481.27,0.2463,2033-12-01
NK225E    ,OOP,203312,51250.0,            ,138121218,0000000.0000,0000000.0,8030.24,0.233677,148121218,0000000.0000,0000000.0,21772.14,0.316343,65481.27,0.2463,2033-12-01
NK225E    ,OOP,203312,51500.0,            ,138121518,0000000.0000,0000000.0,8128.68,0.233422,148121518,0000000.0000,0000000.0,21647.52,0.315649,65481.27,0.2463,2033-12-01
NK225E    ,OOP,203312,51750.0,            ,138121718,0000000.0000,0000000.0,8227.76,0.233155,148121718,0000000.0000,0000000.0,21523.55,0.315051,65481.27,0.2463,2033-12-01
NK225E    ,OOP,203312,52000.0,            ,188122018,0000000.0000,0000000.0,8327.35,0.232878,198122018,0000000.0000,0000000.0,21400.07,0.314348,65481.27,0.2463,2033-12-01
NK225E    ,OOP,203312,52250.0,            ,138122218,0000000.0000,0000000.0,8430.12,0.232691,148122218,0000000.0000,0000000.0,21279.79,0.313842,65481.27,0.2463,2033-12-01
NK225E    ,OOP,203312,52500.0,            ,138122518,0000000.0000,0000000.0,8533.51,0.232491,148122518,0000000.0000,0000000.0,21160.13,0.313229,65481.27,0.2463,2033-12-01
NK225E    ,OOP,203312,52750.0,            ,138122718,0000000.0000,0000000.0,8637.47,0.232281,148122718,0000000.0000,0000000.0,21041.03,0.312611,65481.27,0.2463,2033-12-01
NK225E    ,OOP,203312,53000.0,            ,188123018,0000000.0000,0000000.0,8741.94,0.232059,198123018,0000000.0000,0000000.0,20922.45,0.312088,65481.27,0.2463,2033-12-01
NK225E    ,OOP,203312,53250.0,            ,138123218,0000000.0000,0000000.0,8849.32,0.231925,148123218,0000000.0000,0000000.0,20806.77,0.31156,65481.27,0.2463,2033-12-01
NK225E    ,OOP,203312,53500.0,            ,138123518,0000000.0000,0000000.0,8957.23,0.231779,148123518,0000000.0000,0000000.0,20691.63,0.311026,65481.27,0.2463,2033-12-01
NK225E    ,OOP,203312,53750.0,            ,138123718,0000000.0000,0000000.0,9065.72,0.231524,148123718,0000000.0000,0000000.0,20577.06,0.310585,65481.27,0.2463,2033-12-01
NK225E    ,OOP,203312,54000.0,            ,188124018,0000000.0000,0000000.0,9174.79,0.231453,198124018,0000000.0000,0000000.0,20463.08,0.310039,65481.27,0.2463,2033-12-01
NK225E    ,OOP,203312,54250.0,            ,138124218,0000000.0000,0000000.0,9286.25,0.231272,148124218,0000000.0000,0000000.0,20351.48,0.309586,65481.27,0.2463,2033-12-01
NK225E    ,OOP,203312,54500.0,            ,138124518,0000000.0000,0000000.0,9398.35,0.231177,148124518,0000000.0000,0000000.0,20240.52,0.309127,65481.27,0.2463,2033-12-01
NK225E    ,OOP,203312,54750.0,            ,138124718,0000000.0000,0000000.0,9510.98,0.231071,148124718,0000000.0000,0000000.0,20130.1,0.308661,65481.27,0.2463,2033-12-01
NK225E    ,OOP,203312,55000.0,            ,138245018,0000000.0000,0000000.0,9624.2,0.230857,148245018,0000000.0000,0000000.0,20020.26,0.308287,65481.27,0.2463,2033-12-01
NK225E    ,OOP,203312,55250.0,            ,188125218,0000000.0000,0000000.0,9739.42,0.230823,198125218,0000000.0000,0000000.0,19912.43,0.307809,65481.27,0.2463,2033-12-01
NK225E    ,OOP,203312,55500.0,            ,188125518,0000000.0000,0000000.0,9855.23,0.230682,198125518,0000000.0000,0000000.0,19805.18,0.307422,65481.27,0.2463,2033-12-01
NK225E    ,OOP,203312,55750.0,            ,188125718,0000000.0000,0000000.0,9971.58,0.230625,198125718,0000000.0000,0000000.0,19698.47,0.307029,65481.27,0.2463,2033-12-01
NK225E    ,OOP,203312,56000.0,            ,138246018,0000000.0000,0000000.0,10088.56,0.230462,148246018,0000000.0000,0000000.0,19592.4,0.306629,65481.27,0.2463,2033-12-01
NK225E    ,OOP,203312,56250.0,            ,188126218,0000000.0000,0000000.0,10206.93,0.230382,198126218,0000000.0000,0000000.0,19487.72,0.306223,65481.27,0.2463,2033-12-01
NK225E    ,OOP,203312,56500.0,            ,188126518,0000000.0000,0000000.0,10325.99,0.23029,198126518,0000000.0000,0000000.0,19383.72,0.305905,65481.27,0.2463,2033-12-01
NK225E    ,OOP,203312,56750.0,            ,188126718,0000000.0000,0000000.0,10445.64,0.23028,198126718,0000000.0000,0000000.0,19280.32,0.305581,65481.27,0.2463,2033-12-01
NK225E    ,OOP,203312,57000.0,            ,138247018,0000000.0000,0000000.0,10565.87,0.230167,148247018,0000000.0000,0000000.0,19177.49,0.305156,65481.27,0.2463,2033-12-01
NK225E    ,OOP,203312,57250.0,            ,188127218,0000000.0000,0000000.0,10687.0,0.230042,198127218,0000000.0000,0000000.0,19075.56,0.304819,65481.27,0.2463,2033-12-01
NK225E    ,OOP,203312,57500.0,            ,188127518,0000000.0000,0000000.0,10808.7,0.229999,198127518,0000000.0000,0000000.0,18974.21,0.304475,65481.27,0.2463,2033-12-01
NK225E    ,OOP,203312,57750.0,            ,188127718,0000000.0000,0000000.0,10931.04,0.229944,198127718,0000000.0000,0000000.0,18873.5,0.304125,65481.27,0.2463,2033-12-01
NK225E    ,OOP,203312,58000.0,            ,138248018,0000000.0000,0000000.0,11053.95,0.229879,148248018,0000000.0000,0000000.0,18773.35,0.303769,65481.27,0.2463,2033-12-01
NK225E    ,OOP,203312,58250.0,            ,188128218,0000000.0000,0000000.0,11177.32,0.229713,198128218,0000000.0000,0000000.0,18673.66,0.303499,65481.27,0.2463,2033-12-01
NK225E    ,OOP,203312,58500.0,            ,188128518,0000000.0000,0000000.0,11301.25,0.229716,198128518,0000000.0000,0000000.0,18574.54,0.30313,65481.27,0.2463,2033-12-01
NK225E    ,OOP,203312,58750.0,            ,188128718,0000000.0000,0000000.0,11425.74,0.229619,198128718,0000000.0000,0000000.0,18475.98,0.302846,65481.27,0.2463,2033-12-01
NK225E    ,OOP,203312,59000.0,            ,138249018,0000000.0000,0000000.0,11550.85,0.229512,148249018,0000000.0000,0000000.0,18378.03,0.302465,65481.27,0.2463,2033-12-01
NK225E    ,OOP,203312,59250.0,            ,188129218,0000000.0000,0000000.0,11675.91,0.229395,198129218,0000000.0000,0000000.0,18280.03,0.302169,65481.27,0.2463,2033-12-01
NK225E    ,OOP,203312,59500.0,            ,188129518,0000000.0000,0000000.0,11801.51,0.229356,198129518,0000000.0000,0000000.0,18182.57,0.301866,65481.27,0.2463,2033-12-01
NK225E    ,OOP,203312,59750.0,            ,188129718,0000000.0000,0000000.0,11927.65,0.229219,198129718,0000000.0000,0000000.0,18085.67,0.301558,65481.27,0.2463,2033-12-01
NK225E    ,OOP,203312,60000.0,            ,138240018,0000000.0000,0000000.0,12054.29,0.22916,148240018,0000000.0000,0000000.0,17989.25,0.301243,65481.27,0.2463,2033-12-01
NK225E    ,OOP,203312,60250.0,            ,188120218,0000000.0000,0000000.0,12180.51,0.229003,198120218,0000000.0000,0000000.0,17892.41,0.300921,65481.27,0.2463,2033-12-01
NK225E    ,OOP,203312,60500.0,            ,188120518,0000000.0000,0000000.0,12307.25,0.228925,198120518,0000000.0000,0000000.0,17796.1,0.300594,65481.27,0.2463,2033-12-01
NK225E    ,OOP,203312,60750.0,            ,188120718,0000000.0000,0000000.0,12434.53,0.228836,198120718,0000000.0000,0000000.0,17700.32,0.300261,65481.27,0.2463,2033-12-01
NK225E    ,OOP,203312,61000.0,            ,138241018,0000000.0000,0000000.0,12562.39,0.228651,148241018,0000000.0000,0000000.0,17605.13,0.299921,65481.27,0.2463,2033-12-01
NK225E    ,OOP,203312,61250.0,            ,188121218,0000000.0000,0000000.0,12689.24,0.228543,198121218,0000000.0000,0000000.0,17508.91,0.299576,65481.27,0.2463,2033-12-01
NK225E    ,OOP,203312,61500.0,            ,188121518,0000000.0000,0000000.0,12816.65,0.228426,198121518,0000000.0000,0000000.0,17413.27,0.299224,65481.27,0.2463,2033-12-01
NK225E    ,OOP,203312,61750.0,            ,188121718,0000000.0000,0000000.0,12944.57,0.2283,198121718,0000000.0000,0000000.0,17318.14,0.298867,65481.27,0.2463,2033-12-01
NK225E    ,OOP,203312,62000.0,            ,138242018,0000000.0000,0000000.0,13073.0,0.228164,148242018,0000000.0000,0000000.0,17223.52,0.298593,65481.27,0.2463,2033-12-01
NK225E    ,OOP,203312,62250.0,            ,188122218,0000000.0000,0000000.0,13200.09,0.227934,198122218,0000000.0000,0000000.0,17127.55,0.298224,65481.27,0.2463,2033-12-01
NK225E    ,OOP,203312,62500.0,            ,188122518,0000000.0000,0000000.0,13327.67,0.227781,198122518,0000000.0000,0000000.0,17032.07,0.29785,65481.27,0.2463,2033-12-01
NK225E    ,OOP,203312,62750.0,            ,188122718,0000000.0000,0000000.0,13455.74,0.227618,198122718,0000000.0000,0000000.0,16937.09,0.29747,65481.27,0.2463,2033-12-01
NK225E    ,OOP,203312,63000.0,            ,138243018,0000000.0000,0000000.0,13584.31,0.227447,148243018,0000000.0000,0000000.0,16842.6,0.297172,65481.27,0.2463,2033-12-01
NK225E    ,OOP,203312,63250.0,            ,188123218,0000000.0000,0000000.0,13711.19,0.227267,198123218,0000000.0000,0000000.0,16746.43,0.296781,65481.27,0.2463,2033-12-01
NK225E    ,OOP,203312,63500.0,            ,188123518,0000000.0000,0000000.0,13838.61,0.226994,198123518,0000000.0000,0000000.0,16650.79,0.296385,65481.27,0.2463,2033-12-01
NK225E    ,OOP,203312,63750.0,            ,188123718,0000000.0000,0000000.0,13966.45,0.226797,198123718,0000000.0000,0000000.0,16555.57,0.295983,65481.27,0.2463,2033-12-01
NK225E    ,OOP,203312,64000.0,            ,138244018,0000000.0000,0000000.0,14094.81,0.226592,148244018,0000000.0000,0000000.0,16460.88,0.295576,65481.27,0.2463,2033-12-01
NK225E    ,OOP,203312,64250.0,            ,188124218,0000000.0000,0000000.0,14221.16,0.226379,198124218,0000000.0000,0000000.0,16364.18,0.295163,65481.27,0.2463,2033-12-01
NK225E    ,OOP,203312,64500.0,            ,188124518,0000000.0000,0000000.0,14348.03,0.226073,198124518,0000000.0000,0000000.0,16267.99,0.294745,65481.27,0.2463,2033-12-01
NK225E    ,OOP,203312,64750.0,            ,188124718,0000000.0000,0000000.0,14475.35,0.225844,198124718,0000000.0000,0000000.0,16172.25,0.294322,65481.27,0.2463,2033-12-01
NK225E    ,OOP,203312,65000.0,            ,188245018,0000000.0000,0000000.0,14603.12,0.225606,198245018,0000000.0000,0000000.0,16076.97,0.29398,65481.27,0.2463,2033-12-01
NK225E    ,OOP,203312,65250.0,            ,138245218,0000000.0000,0000000.0,14728.73,0.225277,148245218,0000000.0000,0000000.0,15979.52,0.293461,65481.27,0.2463,2033-12-01
NK225E    ,OOP,203312,65500.0,            ,138245518,0000000.0000,0000000.0,14854.83,0.225023,148245518,0000000.0000,0000000.0,15882.57,0.293023,65481.27,0.2463,2033-12-01
NK225E    ,OOP,203312,65750.0,            ,138245718,0000000.0000,0000000.0,14981.36,0.224679,148245718,0000000.0000,0000000.0,15786.05,0.29258,65481.27,0.2463,2033-12-01
NK225E    ,OOP,203312,66000.0,            ,188246018,0000000.0000,0000000.0,15108.34,0.22441,198246018,0000000.0000,0000000.0,15689.96,0.292131,65481.27,0.2463,2033-12-01
NK225E    ,OOP,203312,66250.0,            ,138246218,0000000.0000,0000000.0,15233.04,0.22405,148246218,0000000.0000,0000000.0,15591.61,0.291678,65481.27,0.2463,2033-12-01
NK225E    ,OOP,203312,66500.0,            ,138246518,0000000.0000,0000000.0,15358.16,0.223684,148246518,0000000.0000,0000000.0,15493.68,0.291135,65481.27,0.2463,2033-12-01
NK225E    ,OOP,203312,66750.0,            ,138246718,0000000.0000,0000000.0,15483.71,0.223392,148246718,0000000.0000,0000000.0,15396.17,0.290672,65481.27,0.2463,2033-12-01
NK225E    ,OOP,203312,67000.0,            ,188247018,0000000.0000,0000000.0,15609.73,0.22301,198247018,0000000.0000,0000000.0,15299.14,0.290204,65481.27,0.2463,2033-12-01
NK225E    ,OOP,203312,67250.0,            ,138247218,0000000.0000,0000000.0,15733.45,0.222622,148247218,0000000.0000,0000000.0,15199.8,0.289648,65481.27,0.2463,2033-12-01
NK225E    ,OOP,203312,67500.0,            ,138247518,0000000.0000,0000000.0,15857.63,0.222226,148247518,0000000.0000,0000000.0,15100.93,0.28917,65481.27,0.2463,2033-12-01
NK225E    ,OOP,203312,67750.0,            ,138247718,0000000.0000,0000000.0,15982.22,0.221823,148247718,0000000.0000,0000000.0,15002.46,0.288605,65481.27,0.2463,2033-12-01
NK225E    ,OOP,203312,68000.0,            ,188248018,0000000.0000,0000000.0,16107.22,0.221413,198248018,0000000.0000,0000000.0,14904.4,0.288118,65481.27,0.2463,2033-12-01
NK225E    ,OOP,203312,68250.0,            ,138248218,0000000.0000,0000000.0,16230.12,0.220996,148248218,0000000.0000,0000000.0,14804.25,0.287543,65481.27,0.2463,2033-12-01
NK225E    ,OOP,203312,68500.0,            ,138248518,0000000.0000,0000000.0,16353.42,0.220571,148248518,0000000.0000,0000000.0,14704.49,0.286964,65481.27,0.2463,2033-12-01
NK225E    ,OOP,203312,68750.0,            ,138248718,0000000.0000,0000000.0,16477.11,0.22014,148248718,0000000.0000,0000000.0,14605.12,0.28638,65481.27,0.2463,2033-12-01
NK225E    ,OOP,203312,69000.0,            ,188249018,0000000.0000,0000000.0,16601.19,0.219702,198249018,0000000.0000,0000000.0,14506.15,0.285876,65481.27,0.2463,2033-12-01
NK225E    ,OOP,203312,69250.0,            ,138249218,0000000.0000,0000000.0,16723.39,0.219176,148249218,0000000.0000,0000000.0,14405.3,0.285283,65481.27,0.2463,2033-12-01
NK225E    ,OOP,203312,69500.0,            ,138249518,0000000.0000,0000000.0,16846.05,0.218724,148249518,0000000.0000,0000000.0,14304.9,0.284687,65481.27,0.2463,2033-12-01
NK225E    ,OOP,203312,69750.0,            ,138249718,0000000.0000,0000000.0,16969.08,0.218266,148249718,0000000.0000,0000000.0,14204.88,0.284086,65481.27,0.2463,2033-12-01
NK225E    ,OOP,203312,70000.0,            ,188240018,0000000.0000,0000000.0,17092.51,0.2178,198240018,0000000.0000,0000000.0,14105.25,0.28348,65481.27,0.2463,2033-12-01
NK225E    ,OOP,203312,70250.0,            ,138240218,0000000.0000,0000000.0,17214.46,0.217247,148240218,0000000.0000,0000000.0,14004.15,0.282871,65481.27,0.2463,2033-12-01
NK225E    ,OOP,203312,70500.0,            ,138240518,0000000.0000,0000000.0,17336.86,0.216768,148240518,0000000.0000,0000000.0,13903.49,0.282257,65481.27,0.2463,2033-12-01
NK225E    ,OOP,203312,70750.0,            ,138240718,0000000.0000,0000000.0,17459.57,0.216202,148240718,0000000.0000,0000000.0,13803.15,0.281639,65481.27,0.2463,2033-12-01
NK225E    ,OOP,203312,71000.0,            ,188241018,0000000.0000,0000000.0,17582.72,0.215709,198241018,0000000.0000,0000000.0,13703.24,0.281017,65481.27,0.2463,2033-12-01
NK225E    ,OOP,203312,71250.0,            ,138241218,0000000.0000,0000000.0,17704.95,0.21521,148241218,0000000.0000,0000000.0,13602.42,0.28039,65481.27,0.2463,2033-12-01
NK225E    ,OOP,203312,71500.0,            ,138241518,0000000.0000,0000000.0,17827.56,0.214624,148241518,0000000.0000,0000000.0,13501.96,0.27976,65481.27,0.2463,2033-12-01
NK225E    ,OOP,203312,71750.0,            ,138241718,0000000.0000,0000000.0,17950.54,0.21411,148241718,0000000.0000,0000000.0,13401.89,0.279125,65481.27,0.2463,2033-12-01
NK225E    ,OOP,203312,72000.0,            ,188242018,0000000.0000,0000000.0,18073.95,0.213591,198242018,0000000.0000,0000000.0,13302.25,0.278567,65481.27,0.2463,2033-12-01
NK225E    ,OOP,203312,72250.0,            ,138242218,0000000.0000,0000000.0,18197.19,0.213064,148242218,0000000.0000,0000000.0,13202.43,0.277924,65481.27,0.2463,2033-12-01
NK225E    ,OOP,203312,72500.0,            ,138242518,0000000.0000,0000000.0,18320.79,0.212451,148242518,0000000.0000,0000000.0,13102.98,0.277276,65481.27,0.2463,2033-12-01
NK225E    ,OOP,203312,72750.0,            ,138242718,0000000.0000,0000000.0,18444.77,0.211911,148242718,0000000.0000,0000000.0,13003.91,0.276624,65481.27,0.2463,2033-12-01
NK225E    ,OOP,203312,73000.0,            ,188243018,0000000.0000,0000000.0,18569.13,0.211364,198243018,0000000.0000,0000000.0,12905.21,0.275968,65481.27,0.2463,2033-12-01
NK225E    ,OOP,203312,73250.0,            ,138243218,0000000.0000,0000000.0,18694.24,0.21081,148243218,0000000.0000,0000000.0,12807.26,0.275389,65481.27,0.2463,2033-12-01
NK225E    ,OOP,203312,73500.0,            ,138243518,0000000.0000,0000000.0,18819.72,0.210328,148243518,0000000.0000,0000000.0,12709.69,0.274805,65481.27,0.2463,2033-12-01
NK225E    ,OOP,203312,73750.0,            ,138243718,0000000.0000,0000000.0,18945.59,0.209761,148243718,0000000.0000,0000000.0,12612.49,0.274136,65481.27,0.2463,2033-12-01
NK225E    ,OOP,203312,74000.0,            ,188244018,0000000.0000,0000000.0,19071.82,0.209186,198244018,0000000.0000,0000000.0,12515.68,0.273543,65481.27,0.2463,2033-12-01
NK225E    ,OOP,203312,74250.0,            ,138244218,0000000.0000,0000000.0,19199.89,0.208684,148244218,0000000.0000,0000000.0,12420.69,0.272946,65481.27,0.2463,2033-12-01
NK225E    ,OOP,203312,74500.0,            ,138244518,0000000.0000,0000000.0,19328.33,0.208175,148244518,0000000.0000,0000000.0,12326.07,0.272345,65481.27,0.2463,2033-12-01
NK225E    ,OOP,203312,74750.0,            ,138244718,0000000.0000,0000000.0,19457.15,0.207579,148244718,0000000.0000,0000000.0,12231.84,0.271739,65481.27,0.2463,2033-12-01
NK225E    ,OOP,203312,75000.0,            ,138365018,0000000.0000,0000000.0,19586.35,0.207056,148365018,0000000.0000,0000000.0,12137.99,0.271209,65481.27,0.2463,2033-12-01
NK225E    ,OOP,203312,75250.0,            ,188245218,0000000.0000,0000000.0,19718.72,0.206605,198245218,0000000.0000,0000000.0,12047.29,0.270674,65481.27,0.2463,2033-12-01
NK225E    ,OOP,203312,75500.0,            ,188245518,0000000.0000,0000000.0,19851.46,0.206146,198245518,0000000.0000,0000000.0,11956.98,0.270135,65481.27,0.2463,2033-12-01
NK225E    ,OOP,203312,75750.0,            ,188245718,0000000.0000,0000000.0,19984.59,0.205602,198245718,0000000.0000,0000000.0,11867.06,0.269591,65481.27,0.2463,2033-12-01
NK225E    ,OOP,203312,76000.0,            ,138366018,0000000.0000,0000000.0,20118.1,0.205129,148366018,0000000.0000,0000000.0,11777.51,0.269043,65481.27,0.2463,2033-12-01
NK225E    ,OOP,203312,76250.0,            ,188246218,0000000.0000,0000000.0,20267.08,0.204885,198246218,0000000.0000,0000000.0,11703.43,0.268729,65481.27,0.2463,2033-12-01
NK225E    ,OOP,203312,80000.0,            ,138360018,0000000.0000,0000000.0,22549.1,0.201233,148360018,0000000.0000,0000000.0,10639.63,0.264771,65481.27,0.2463,2033-12-01
NK225E    ,OOP,203406,49000.0,            ,139069018,0000000.0000,0000000.0,7272.44,0.230554,149069018,0000000.0000,0000000.0,22973.56,0.321207,65481.27,0.2463,2034-06-01
NK225E    ,OOP,203406,50000.0,            ,139060018,0000000.0000,0000000.0,7652.32,0.229611,149060018,0000000.0000,0000000.0,22468.24,0.318406,65481.27,0.2463,2034-06-01
NK225E    ,OOP,203406,51000.0,            ,139061018,0000000.0000,0000000.0,8078.82,0.229397,149061018,0000000.0000,0000000.0,22009.54,0.31645,65481.27,0.2463,2034-06-01
NK225E    ,OOP,203406,52000.0,            ,139062018,0000000.0000,0000000.0,8539.75,0.229668,149062018,0000000.0000,0000000.0,21585.27,0.3151,65481.27,0.2463,2034-06-01
NK225E    ,OOP,203406,53000.0,            ,139063018,0000000.0000,0000000.0,9024.15,0.230109,149063018,0000000.0000,0000000.0,21184.46,0.31413,65481.27,0.2463,2034-06-01
NK225E    ,OOP,203406,54000.0,            ,139064018,0000000.0000,0000000.0,9522.66,0.230712,149064018,0000000.0000,0000000.0,20797.77,0.313238,65481.27,0.2463,2034-06-01
NK225E    ,OOP,203406,55000.0,            ,139065018,0000000.0000,0000000.0,10027.77,0.231197,149065018,0000000.0000,0000000.0,20417.68,0.312421,65481.27,0.2463,2034-06-01
NK225E    ,OOP,203406,56000.0,            ,139066018,0000000.0000,0000000.0,10533.42,0.231483,149066018,0000000.0000,0000000.0,20038.12,0.31149,65481.27,0.2463,2034-06-01
NK225E    ,OOP,203406,57000.0,            ,139067018,0000000.0000,0000000.0,11035.21,0.231493,149067018,0000000.0000,0000000.0,19654.71,0.310361,65481.27,0.2463,2034-06-01
NK225E    ,OOP,203406,57500.0,            ,189067518,0000000.0000,0000000.0,11281.82,0.231389,199067518,0000000.0000,0000000.0,19458.72,0.309667,65481.27,0.2463,2034-06-01
NK225E    ,OOP,203406,57750.0,            ,189067718,0000000.0000,0000000.0,11405.86,0.231322,199067718,0000000.0000,0000000.0,19361.47,0.309358,65481.27,0.2463,2034-06-01
NK225E    ,OOP,203406,58000.0,            ,139068018,0000000.0000,0000000.0,11530.57,0.231244,149068018,0000000.0000,0000000.0,19264.87,0.309042,65481.27,0.2463,2034-06-01
NK225E    ,OOP,203406,58250.0,            ,189068218,0000000.0000,0000000.0,11651.6,0.231069,199068218,0000000.0000,0000000.0,19164.6,0.30863,65481.27,0.2463,2034-06-01
NK225E    ,OOP,203406,58500.0,            ,189068518,0000000.0000,0000000.0,11773.25,0.230972,199068518,0000000.0000,0000000.0,19064.95,0.308212,65481.27,0.2463,2034-06-01
NK225E    ,OOP,203406,58750.0,            ,189068718,0000000.0000,0000000.0,11895.3,0.230866,199068718,0000000.0000,0000000.0,18965.7,0.30788,65481.27,0.2463,2034-06-01
NK225E    ,OOP,203406,59000.0,            ,189069018,0000000.0000,0000000.0,12017.98,0.230664,199069018,0000000.0000,0000000.0,18867.08,0.307451,65481.27,0.2463,2034-06-01
NK225E    ,OOP,203406,59250.0,            ,189069218,0000000.0000,0000000.0,12137.22,0.230452,199069218,0000000.0000,0000000.0,18765.02,0.307018,65481.27,0.2463,2034-06-01
NK225E    ,OOP,203406,59500.0,            ,189069518,0000000.0000,0000000.0,12256.94,0.230319,199069518,0000000.0000,0000000.0,18663.44,0.30658,65481.27,0.2463,2034-06-01
NK225E    ,OOP,203406,59750.0,            ,189069718,0000000.0000,0000000.0,12377.14,0.23009,199069718,0000000.0000,0000000.0,18562.34,0.306137,65481.27,0.2463,2034-06-01
NK225E    ,OOP,203406,60000.0,            ,189060018,0000000.0000,0000000.0,12497.82,0.229853,199060018,0000000.0000,0000000.0,18461.72,0.305689,65481.27,0.2463,2034-06-01
NK225E    ,OOP,203406,60250.0,            ,139060218,0000000.0000,0000000.0,12615.44,0.229608,149060218,0000000.0000,0000000.0,18358.04,0.305147,65481.27,0.2463,2034-06-01
NK225E    ,OOP,203406,60500.0,            ,139060518,0000000.0000,0000000.0,12733.52,0.229354,149060518,0000000.0000,0000000.0,18254.81,0.30469,65481.27,0.2463,2034-06-01
NK225E    ,OOP,203406,60750.0,            ,139060718,0000000.0000,0000000.0,12851.99,0.229093,149060718,0000000.0000,0000000.0,18151.98,0.304228,65481.27,0.2463,2034-06-01
NK225E    ,OOP,203406,61000.0,            ,189061018,0000000.0000,0000000.0,12971.02,0.228823,199061018,0000000.0000,0000000.0,18049.71,0.303673,65481.27,0.2463,2034-06-01
NK225E    ,OOP,203406,61250.0,            ,139061218,0000000.0000,0000000.0,13087.52,0.228461,149061218,0000000.0000,0000000.0,17944.91,0.303114,65481.27,0.2463,2034-06-01
NK225E    ,OOP,203406,61500.0,            ,139061518,0000000.0000,0000000.0,13204.56,0.228176,149061518,0000000.0000,0000000.0,17840.65,0.302639,65481.27,0.2463,2034-06-01
NK225E    ,OOP,203406,61750.0,            ,139061718,0000000.0000,0000000.0,13321.97,0.227799,149061718,0000000.0000,0000000.0,17736.76,0.302071,65481.27,0.2463,2034-06-01
NK225E    ,OOP,203406,62000.0,            ,189062018,0000000.0000,0000000.0,13439.81,0.227499,199062018,0000000.0000,0000000.0,17633.3,0.301587,65481.27,0.2463,2034-06-01
NK225E    ,OOP,203406,62250.0,            ,139062218,0000000.0000,0000000.0,13555.94,0.227108,149062218,0000000.0000,0000000.0,17528.13,0.301011,65481.27,0.2463,2034-06-01
NK225E    ,OOP,203406,62500.0,            ,139062518,0000000.0000,0000000.0,13672.55,0.226793,149062518,0000000.0000,0000000.0,17423.44,0.300432,65481.27,0.2463,2034-06-01
NK225E    ,OOP,203406,62750.0,            ,139062718,0000000.0000,0000000.0,13789.5,0.226387,149062718,0000000.0000,0000000.0,17319.09,0.299848,65481.27,0.2463,2034-06-01
NK225E    ,OOP,203406,63000.0,            ,189063018,0000000.0000,0000000.0,13906.93,0.226058,199063018,0000000.0000,0000000.0,17215.22,0.299346,65481.27,0.2463,2034-06-01
NK225E    ,OOP,203406,63250.0,            ,139063218,0000000.0000,0000000.0,14023.52,0.225721,149063218,0000000.0000,0000000.0,17110.5,0.298755,65481.27,0.2463,2034-06-01
NK225E    ,OOP,203406,63500.0,            ,139063518,0000000.0000,0000000.0,14140.5,0.225294,149063518,0000000.0000,0000000.0,17006.19,0.298159,65481.27,0.2463,2034-06-01
NK225E    ,OOP,203406,63750.0,            ,139063718,0000000.0000,0000000.0,14257.89,0.224943,149063718,0000000.0000,0000000.0,16902.28,0.297645,65481.27,0.2463,2034-06-01
NK225E    ,OOP,203406,64000.0,            ,189064018,0000000.0000,0000000.0,14375.74,0.224503,199064018,0000000.0000,0000000.0,16798.83,0.297042,65481.27,0.2463,2034-06-01
NK225E    ,OOP,203406,64250.0,            ,139064218,0000000.0000,0000000.0,14493.63,0.224138,149064218,0000000.0000,0000000.0,16695.41,0.296434,65481.27,0.2463,2034-06-01
NK225E    ,OOP,203406,64500.0,            ,139064518,0000000.0000,0000000.0,14611.91,0.223766,149064518,0000000.0000,0000000.0,16592.4,0.295908,65481.27,0.2463,2034-06-01
NK225E    ,OOP,203406,64750.0,            ,139064718,0000000.0000,0000000.0,14730.59,0.223387,149064718,0000000.0000,0000000.0,16489.78,0.295377,65481.27,0.2463,2034-06-01
NK225E    ,OOP,203406,65000.0,            ,189065018,0000000.0000,0000000.0,14849.67,0.223001,199065018,0000000.0000,0000000.0,16387.56,0.294758,65481.27,0.2463,2034-06-01
NK225E    ,OOP,203406,65250.0,            ,139065218,0000000.0000,0000000.0,14969.64,0.222609,149065218,0000000.0000,0000000.0,16286.22,0.29422,65481.27,0.2463,2034-06-01
NK225E    ,OOP,203406,65500.0,            ,139065518,0000000.0000,0000000.0,15090.06,0.222209,149065518,0000000.0000,0000000.0,16185.34,0.293677,65481.27,0.2463,2034-06-01
NK225E    ,OOP,203406,65750.0,            ,139065718,0000000.0000,0000000.0,15210.87,0.221803,149065718,0000000.0000,0000000.0,16084.86,0.29313,65481.27,0.2463,2034-06-01
NK225E    ,OOP,203406,66000.0,            ,189066018,0000000.0000,0000000.0,15332.09,0.221471,199066018,0000000.0000,0000000.0,15984.77,0.292579,65481.27,0.2463,2034-06-01
NK225E    ,OOP,203406,66250.0,            ,139066218,0000000.0000,0000000.0,15454.92,0.221051,149066218,0000000.0000,0000000.0,15886.3,0.292108,65481.27,0.2463,2034-06-01
NK225E    ,OOP,203406,66500.0,            ,139066518,0000000.0000,0000000.0,15578.16,0.220705,149066518,0000000.0000,0000000.0,15788.24,0.291549,65481.27,0.2463,2034-06-01
NK225E    ,OOP,203406,66750.0,            ,139066718,0000000.0000,0000000.0,15701.79,0.220352,149066718,0000000.0000,0000000.0,15690.57,0.291068,65481.27,0.2463,2034-06-01
NK225E    ,OOP,203406,67000.0,            ,189067018,0000000.0000,0000000.0,15825.89,0.219992,199067018,0000000.0000,0000000.0,15593.36,0.290584,65481.27,0.2463,2034-06-01
NK225E    ,OOP,203406,67250.0,            ,139067218,0000000.0000,0000000.0,15952.11,0.219625,149067218,0000000.0000,0000000.0,15498.29,0.290095,65481.27,0.2463,2034-06-01
NK225E    ,OOP,203406,67500.0,            ,139067518,0000000.0000,0000000.0,16078.8,0.219331,149067518,0000000.0000,0000000.0,15403.68,0.289602,65481.27,0.2463,2034-06-01
NK225E    ,OOP,203406,67750.0,            ,139067718,0000000.0000,0000000.0,16205.89,0.21903,149067718,0000000.0000,0000000.0,15309.47,0.289105,65481.27,0.2463,2034-06-01
NK225E    ,OOP,203406,68000.0,            ,189068018,0000000.0000,0000000.0,16333.38,0.218643,199068018,0000000.0000,0000000.0,15215.66,0.288685,65481.27,0.2463,2034-06-01
NK225E    ,OOP,203406,68250.0,            ,139068218,0000000.0000,0000000.0,16463.33,0.218328,149068218,0000000.0000,0000000.0,15124.3,0.28818,65481.27,0.2463,2034-06-01
NK225E    ,OOP,203406,68500.0,            ,139068518,0000000.0000,0000000.0,16593.68,0.218085,149068518,0000000.0000,0000000.0,15033.36,0.287751,65481.27,0.2463,2034-06-01
NK225E    ,OOP,203406,68750.0,            ,139068718,0000000.0000,0000000.0,16724.44,0.217757,149068718,0000000.0000,0000000.0,14942.81,0.287318,65481.27,0.2463,2034-06-01
NK225E    ,OOP,203406,69000.0,            ,139189018,0000000.0000,0000000.0,16855.67,0.217421,149189018,0000000.0000,0000000.0,14852.74,0.286963,65481.27,0.2463,2034-06-01
NK225E    ,OOP,203406,69250.0,            ,139069218,0000000.0000,0000000.0,16989.3,0.217157,149069218,0000000.0000,0000000.0,14765.07,0.286521,65481.27,0.2463,2034-06-01
NK225E    ,OOP,203406,69500.0,            ,139069518,0000000.0000,0000000.0,17123.34,0.216887,149069518,0000000.0000,0000000.0,14677.81,0.286156,65481.27,0.2463,2034-06-01
NK225E    ,OOP,203406,69750.0,            ,139069718,0000000.0000,0000000.0,17257.79,0.216609,149069718,0000000.0000,0000000.0,14590.96,0.285786,65481.27,0.2463,2034-06-01
NK225E    ,OOP,203406,70000.0,            ,139180018,0000000.0000,0000000.0,17392.7,0.216324,149180018,0000000.0000,0000000.0,14504.57,0.285412,65481.27,0.2463,2034-06-01
NK225E    ,OOP,203406,70250.0,            ,189060218,0000000.0000,0000000.0,17529.54,0.216111,199060218,0000000.0000,0000000.0,14420.11,0.285033,65481.27,0.2463,2034-06-01
NK225E    ,OOP,203406,70500.0,            ,189060518,0000000.0000,0000000.0,17666.78,0.215813,199060518,0000000.0000,0000000.0,14336.04,0.28465,65481.27,0.2463,2034-06-01
NK225E    ,OOP,203406,70750.0,            ,189060718,0000000.0000,0000000.0,17804.42,0.215586,199060718,0000000.0000,0000000.0,14252.38,0.284343,65481.27,0.2463,2034-06-01
NK225E    ,OOP,203406,71000.0,            ,139181018,0000000.0000,0000000.0,17942.52,0.215352,149181018,0000000.0000,0000000.0,14169.19,0.28395,65481.27,0.2463,2034-06-01
NK225E    ,OOP,203406,71250.0,            ,189061218,0000000.0000,0000000.0,18081.6,0.215111,199061218,0000000.0000,0000000.0,14086.97,0.283633,65481.27,0.2463,2034-06-01
NK225E    ,OOP,203406,71500.0,            ,189061518,0000000.0000,0000000.0,18221.15,0.214863,199061518,0000000.0000,0000000.0,14005.21,0.283312,65481.27,0.2463,2034-06-01
NK225E    ,OOP,203406,71750.0,            ,189061718,0000000.0000,0000000.0,18361.02,0.214608,199061718,0000000.0000,0000000.0,13923.79,0.282985,65481.27,0.2463,2034-06-01
NK225E    ,OOP,203406,72000.0,            ,139182018,0000000.0000,0000000.0,18501.36,0.214424,149182018,0000000.0000,0000000.0,13842.83,0.282655,65481.27,0.2463,2034-06-01
NK225E    ,OOP,203406,72250.0,            ,189062218,0000000.0000,0000000.0,18641.14,0.214156,199062218,0000000.0000,0000000.0,13761.3,0.282319,65481.27,0.2463,2034-06-01
NK225E    ,OOP,203406,72500.0,            ,189062518,0000000.0000,0000000.0,18781.37,0.213881,199062518,0000000.0000,0000000.0,13680.23,0.281979,65481.27,0.2463,2034-06-01
NK225E    ,OOP,203406,72750.0,            ,189062718,0000000.0000,0000000.0,18921.99,0.213599,199062718,0000000.0000,0000000.0,13599.55,0.281635,65481.27,0.2463,2034-06-01
NK225E    ,OOP,203406,73000.0,            ,139183018,0000000.0000,0000000.0,19063.0,0.213388,149183018,0000000.0000,0000000.0,13519.26,0.281286,65481.27,0.2463,2034-06-01
NK225E    ,OOP,203406,73250.0,            ,189063218,0000000.0000,0000000.0,19201.32,0.213016,199063218,0000000.0000,0000000.0,13436.28,0.280853,65481.27,0.2463,2034-06-01
NK225E    ,OOP,203406,73500.0,            ,189063518,0000000.0000,0000000.0,19340.08,0.212714,199063518,0000000.0000,0000000.0,13353.74,0.280495,65481.27,0.2463,2034-06-01
NK225E    ,OOP,203406,73750.0,            ,189063718,0000000.0000,0000000.0,19479.21,0.212406,199063718,0000000.0000,0000000.0,13271.57,0.280132,65481.27,0.2463,2034-06-01
NK225E    ,OOP,203406,74000.0,            ,139184018,0000000.0000,0000000.0,19618.73,0.212091,149184018,0000000.0000,0000000.0,13189.79,0.279765,65481.27,0.2463,2034-06-01
NK225E    ,OOP,203406,74250.0,            ,189064218,0000000.0000,0000000.0,19752.69,0.211693,199064218,0000000.0000,0000000.0,13102.44,0.279236,65481.27,0.2463,2034-06-01
NK225E    ,OOP,203406,74500.0,            ,189064518,0000000.0000,0000000.0,19887.01,0.211289,199064518,0000000.0000,0000000.0,13015.47,0.278782,65481.27,0.2463,2034-06-01
NK225E    ,OOP,203406,74750.0,            ,189064718,0000000.0000,0000000.0,20021.7,0.210878,199064718,0000000.0000,0000000.0,12928.85,0.278324,65481.27,0.2463,2034-06-01
NK225E    ,OOP,203406,75000.0,            ,139185018,0000000.0000,0000000.0,20156.74,0.21046,149185018,0000000.0000,0000000.0,12842.6,0.277861,65481.27,0.2463,2034-06-01
NK225E    ,OOP,203406,75250.0,            ,189065218,0000000.0000,0000000.0,20282.58,0.20996,199065218,0000000.0000,0000000.0,12747.14,0.277237,65481.27,0.2463,2034-06-01
NK225E    ,OOP,203406,75500.0,            ,189065518,0000000.0000,0000000.0,20408.76,0.209376,199065518,0000000.0000,0000000.0,12652.02,0.27661,65481.27,0.2463,2034-06-01
NK225E    ,OOP,203406,75750.0,            ,189065718,0000000.0000,0000000.0,20535.29,0.208787,199065718,0000000.0000,0000000.0,12557.24,0.275978,65481.27,0.2463,2034-06-01
NK225E    ,OOP,203406,76000.0,            ,139186018,0000000.0000,0000000.0,20662.22,0.208267,149186018,0000000.0000,0000000.0,12462.87,0.275343,65481.27,0.2463,2034-06-01
NK225E    ,OOP,203406,76250.0,            ,189066218,0000000.0000,0000000.0,20775.29,0.207435,199066218,0000000.0000,0000000.0,12354.64,0.27447,65481.27,0.2463,2034-06-01
NK225E    ,OOP,203406,77000.0,            ,139187018,0000000.0000,0000000.0,21116.58,0.205055,149187018,0000000.0000,0000000.0,12032.03,0.271909,65481.27,0.2463,2034-06-01
NK225E    ,OOP,203406,78000.0,            ,139188018,0000000.0000,0000000.0,21497.77,0.200519,149188018,0000000.0000,0000000.0,11528.02,0.267182,65481.27,0.2463,2034-06-01
NK225E    ,OOP,203406,79000.0,            ,189189018,0000000.0000,0000000.0,21779.57,0.194345,199189018,0000000.0000,0000000.0,10924.61,0.260867,65481.27,0.2463,2034-06-01
NK225MWE  ,OOP,20260930,60500.0,            ,131400527,0000000.0000,0000000.0,0.0,0.351527,141400527,0000000.0000,0000000.0,4983.08,1.149796,65481.27,0.2499,
NK225MWE  ,OOP,20260930,60625.0,            ,131400627,0000000.0000,0000000.0,0.0,0.347628,141400627,0000000.0000,0000000.0,4858.08,1.127314,65481.27,0.2499,
NK225MWE  ,OOP,20260930,60750.0,            ,131400727,0000000.0000,0000000.0,0.0,0.343203,141400727,0000000.0000,0000000.0,4733.09,1.104791,65481.27,0.2499,
NK225MWE  ,OOP,20260930,60875.0,            ,131400827,0000000.0000,0000000.0,0.0,0.331885,141400827,0000000.0000,0000000.0,4608.09,1.082223,65481.27,0.2499,
NK225MWE  ,OOP,20260930,61000.0,            ,131401027,0000000.0000,0000000.0,0.0,0.34204,141401027,0000000.0000,0000000.0,4483.1,1.059607,65481.27,0.2499,
NK225MWE  ,OOP,20260930,61125.0,            ,131401127,0000000.0000,0000000.0,0.01,0.338275,141401127,0000000.0000,0000000.0,4358.11,1.03694,65481.27,0.2499,
NK225MWE  ,OOP,20260930,61250.0,            ,131401227,0000000.0000,0000000.0,0.01,0.33451,141401227,0000000.0000,0000000.0,4233.12,1.014218,65481.27,0.2499,
NK225MWE  ,OOP,20260930,61375.0,            ,131401327,0000000.0000,0000000.0,0.02,0.330745,141401327,0000000.0000,0000000.0,4108.13,0.991436,65481.27,0.2499,
NK225MWE  ,OOP,20260930,61500.0,            ,131401527,0000000.0000,0000000.0,0.03,0.326981,141401527,0000000.0000,0000000.0,3983.14,0.968592,65481.27,0.2499,
NK225MWE  ,OOP,20260930,61625.0,            ,131401627,0000000.0000,0000000.0,0.02,0.312085,141401627,0000000.0000,0000000.0,3858.14,0.945681,65481.27,0.2499,
NK225MWE  ,OOP,20260930,61750.0,            ,131401727,0000000.0000,0000000.0,0.05,0.317525,141401727,0000000.0000,0000000.0,3733.17,0.922697,65481.27,0.2499,
NK225MWE  ,OOP,20260930,61875.0,            ,131401827,0000000.0000,0000000.0,0.06,0.311022,141401827,0000000.0000,0000000.0,3608.18,0.899637,65481.27,0.2499,
NK225MWE  ,OOP,20260930,62000.0,            ,131402027,0000000.0000,0000000.0,0.11,0.312013,141402027,0000000.0000,0000000.0,3483.23,0.876494,65481.27,0.2499,
NK225MWE  ,OOP,20260930,62125.0,            ,131402127,0000000.0000,0000000.0,0.12,0.303588,141402127,0000000.0000,0000000.0,3358.25,0.853263,65481.27,0.2499,
NK225MWE  ,OOP,20260930,62250.0,            ,131402227,0000000.0000,0000000.0,0.19,0.30384,141402227,0000000.0000,0000000.0,3233.33,0.837293,65481.27,0.2499,
NK225MWE  ,OOP,20260930,62375.0,            ,131402327,0000000.0000,0000000.0,0.3,0.303233,141402327,0000000.0000,0000000.0,3108.44,0.813742,65481.27,0.2499,
NK225MWE  ,OOP,20260930,62500.0,            ,131402527,0000000.0000,0000000.0,0.41,0.298919,141402527,0000000.0000,0000000.0,2983.55,0.790082,65481.27,0.2499,
NK225MWE  ,OOP,20260930,62625.0,            ,131402627,0000000.0000,0000000.0,0.58,0.29657,141402627,0000000.0000,0000000.0,2858.73,0.766303,65481.27,0.2499,
NK225MWE  ,OOP,20260930,62750.0,            ,131402727,0000000.0000,0000000.0,0.74,0.2911,141402727,0000000.0000,0000000.0,2733.89,0.742396,65481.27,0.2499,
NK225MWE  ,OOP,20260930,62875.0,            ,131402827,0000000.0000,0000000.0,1.01,0.286914,141402827,0000000.0000,0000000.0,2609.16,0.71835,65481.27,0.2499,
NK225MWE  ,OOP,20260930,63000.0,            ,131403027,0000000.0000,0000000.0,1.61,0.274261,141403027,0000000.0000,0000000.0,2484.77,0.694156,65481.27,0.2499,
NK225MWE  ,OOP,20260930,63125.0,            ,131403127,0000000.0000,0000000.0,2.0,0.28211,141403127,0000000.0000,0000000.0,2360.16,0.669799,65481.27,0.2499,
NK225MWE  ,OOP,20260930,63250.0,            ,131403227,0000000.0000,0000000.0,2.89,0.268585,141403227,0000000.0000,0000000.0,2236.05,0.645266,65481.27,0.2499,
NK225MWE  ,OOP,20260930,63375.0,            ,131403327,0000000.0000,0000000.0,4.16,0.267956,141403327,0000000.0000,0000000.0,2112.33,0.620542,65481.27,0.2499,
NK225MWE  ,OOP,20260930,63500.0,            ,131403527,0000000.0000,0000000.0,6.1,0.263579,141403527,0000000.0000,0000000.0,1989.27,0.595608,65481.27,0.2499,
NK225MWE  ,OOP,20260930,63625.0,            ,131403627,0000000.0000,0000000.0,8.2,0.263733,141403627,0000000.0000,0000000.0,1866.38,0.576322,65481.27,0.2499,
NK225MWE  ,OOP,20260930,63750.0,            ,131403727,0000000.0000,0000000.0,11.02,0.254255,141403727,0000000.0000,0000000.0,1744.2,0.550767,65481.27,0.2499,
NK225MWE  ,OOP,20260930,63875.0,            ,131403827,0000000.0000,0000000.0,15.13,0.252875,141403827,0000000.0000,0000000.0,1623.32,0.524929,65481.27,0.2499,
NK225MWE  ,OOP,20260930,64000.0,            ,131404027,0000000.0000,0000000.0,20.68,0.251117,141404027,0000000.0000,0000000.0,1503.87,0.50419,65481.27,0.2499,
NK225MWE  ,OOP,20260930,64125.0,            ,131404127,0000000.0000,0000000.0,27.14,0.245564,141404127,0000000.0000,0000000.0,1385.33,0.482773,65481.27,0.2499,
NK225MWE  ,OOP,20260930,64250.0,            ,131404227,0000000.0000,0000000.0,37.05,0.244197,141404227,0000000.0000,0000000.0,1270.24,0.460636,65481.27,0.2499,
NK225MWE  ,OOP,20260930,64375.0,            ,131404327,0000000.0000,0000000.0,47.96,0.240501,141404327,0000000.0000,0000000.0,1156.16,0.442576,65481.27,0.2499,
NK225MWE  ,OOP,20260930,64500.0,            ,131404527,0000000.0000,0000000.0,62.99,0.237861,141404527,0000000.0000,0000000.0,1046.19,0.423319,65481.27,0.2499,
NK225MWE  ,OOP,20260930,64625.0,            ,131404627,0000000.0000,0000000.0,81.23,0.23375,141404627,0000000.0000,0000000.0,939.43,0.407265,65481.27,0.2499,
NK225MWE  ,OOP,20260930,64750.0,            ,131404727,0000290.0000,0000000.0,104.08,0.231414,141404727,0000750.0000,0000000.0,837.29,0.389517,65481.27,0.2499,
NK225MWE  ,OOP,20260930,64875.0,            ,131404827,0000000.0000,0000000.0,127.66,0.223472,141404827,0000000.0000,0000000.0,735.87,0.374105,65481.27,0.2499,
NK225MWE  ,OOP,20260930,65000.0,            ,131405027,0000000.0000,0000000.0,151.46,0.212688,141405027,0000000.0000,0000000.0,634.67,0.352503,65481.27,0.2499,
NK225MWE  ,OOP,20260930,65125.0,            ,131405127,0000000.0000,0000000.0,219.04,0.230386,141405127,0000000.0000,0000000.0,577.26,0.36332,65481.27,0.2499,
NK225MWE  ,OOP,20260930,65250.0,            ,131405227,0000000.0000,0000000.0,260.37,0.221561,141405227,0000000.0000,0000000.0,493.6,0.347492,65481.27,0.2499,
NK225MWE  ,OOP,20260930,65375.0,            ,131405327,0000000.0000,0000000.0,303.92,0.209975,141405327,0000000.0000,0000000.0,412.15,0.335862,65481.27,0.2499,
NK225MWE  ,OOP,20260930,65500.0,            ,131405527,0000000.0000,0000000.0,365.12,0.20441,141405527,0000000.0000,0000000.0,348.35,0.327846,65481.27,0.2499,
NK225MWE  ,OOP,20260930,65625.0,            ,131405627,0000000.0000,0000000.0,434.1,0.19965,141405627,0000000.0000,0000000.0,292.33,0.323105,65481.27,0.2499,
NK225MWE  ,OOP,20260930,65750.0,            ,131405727,0000000.0000,0000000.0,508.28,0.189873,141405727,0000000.0000,0000000.0,241.52,0.317811,65481.27,0.2499,
NK225MWE  ,OOP,20260930,65875.0,            ,131405827,0000000.0000,0000000.0,593.79,0.179445,141405827,0000000.0000,0000000.0,202.03,0.314932,65481.27,0.2499,
NK225MWE  ,OOP,20260930,66000.0,            ,131406027,0000000.0000,0000000.0,675.92,0.156294,141406027,0000000.0000,0000000.0,159.16,0.307417,65481.27,0.2499,
NK225MWE  ,OOP,20260930,66125.0,            ,131406127,0000000.0000,0000000.0,766.69,0.095836,141406127,0000000.0000,0000000.0,124.94,0.301429,65481.27,0.2499,
NK225MWE  ,OOP,20260930,66250.0,            ,131406227,0000000.0000,0000000.0,868.67,0.01,141406227,0000000.0000,0000000.0,101.93,0.303157,65481.27,0.2499,
NK225MWE  ,OOP,20260930,66375.0,            ,131406327,0000000.0000,0000000.0,966.21,0.01,141406327,0000000.0000,0000000.0,74.47,0.294138,65481.27,0.2499,
NK225MWE  ,OOP,20260930,66500.0,            ,131406527,0000000.0000,0000000.0,1073.34,0.01,141406527,0000000.0000,0000000.0,56.6,0.291109,65481.27,0.2499,
NK225MWE  ,OOP,20260930,66625.0,            ,131406627,0000000.0000,0000000.0,1183.46,0.01,141406627,0000000.0000,0000000.0,41.72,0.287653,65481.27,0.2499,
NK225MWE  ,OOP,20260930,66750.0,            ,131406727,0000000.0000,0000000.0,1298.99,0.01,141406727,0000000.0000,0000000.0,32.26,0.28923,65481.27,0.2499,
NK225MWE  ,OOP,20260930,66875.0,            ,131406827,0000000.0000,0000000.0,1416.37,0.01,141406827,0000000.0000,0000000.0,24.65,0.289958,65481.27,0.2499,
NK225MWE  ,OOP,20260930,67000.0,            ,131407027,0000000.0000,0000000.0,1534.47,0.01,141407027,0000000.0000,0000000.0,17.75,0.287963,65481.27,0.2499,
NK225MWE  ,OOP,20260930,67125.0,            ,131407127,0000000.0000,0000000.0,1653.64,0.01,141407127,0000000.0000,0000000.0,11.92,0.282308,65481.27,0.2499,
NK225MWE  ,OOP,20260930,67250.0,            ,131407227,0000000.0000,0000000.0,1776.78,0.01,141407227,0000000.0000,0000000.0,10.07,0.289547,65481.27,0.2499,
NK225MWE  ,OOP,20260930,67375.0,            ,131407327,0000000.0000,0000000.0,1898.35,0.01,141407327,0000000.0000,0000000.0,6.64,0.286349,65481.27,0.2499,
NK225MWE  ,OOP,20260930,67500.0,            ,131407527,0000000.0000,0000000.0,2021.41,0.01,141407527,0000000.0000,0000000.0,4.7,0.28671,65481.27,0.2499,
NK225MWE  ,OOP,20260930,67625.0,            ,131407627,0000000.0000,0000000.0,2145.86,0.01,141407627,0000000.0000,0000000.0,4.15,0.295379,65481.27,0.2499,
NK225MWE  ,OOP,20260930,67750.0,            ,131407727,0000000.0000,0000000.0,2269.54,0.01,141407727,0000000.0000,0000000.0,2.84,0.29524,65481.27,0.2499,
NK225MWE  ,OOP,20260930,67875.0,            ,131407827,0000000.0000,0000000.0,2393.54,0.01,141407827,0000000.0000,0000000.0,1.84,0.299902,65481.27,0.2499,
NK225MWE  ,OOP,20260930,68000.0,            ,131408027,0000000.0000,0000000.0,2517.86,0.01,141408027,0000000.0000,0000000.0,1.17,0.302069,65481.27,0.2499,
NK225MWE  ,OOP,20260930,68125.0,            ,131408127,0000000.0000,0000000.0,2642.89,0.01,141408127,0000000.0000,0000000.0,1.2,0.31491,65481.27,0.2499,
NK225MWE  ,OOP,20260930,68250.0,            ,131408227,0000000.0000,0000000.0,2767.53,0.01,141408227,0000000.0000,0000000.0,0.84,0.312569,65481.27,0.2499,
NK225MWE  ,OOP,20260930,68375.0,            ,131408327,0000000.0000,0000000.0,2892.16,0.01,141408327,0000000.0000,0000000.0,0.48,0.2817,65481.27,0.2499,
NK225MWE  ,OOP,20260930,68500.0,            ,131408527,0000000.0000,0000000.0,3016.93,0.01,141408527,0000000.0000,0000000.0,0.26,0.277675,65481.27,0.2499,
NK225MWE  ,OOP,20260930,68625.0,            ,131408627,0000000.0000,0000000.0,3141.85,0.01,141408627,0000000.0000,0000000.0,0.17,0.279282,65481.27,0.2499,
NK225MWE  ,OOP,20260930,68750.0,            ,131408727,0000000.0000,0000000.0,3266.79,0.01,141408727,0000000.0000,0000000.0,0.12,0.280889,65481.27,0.2499,
NK225MWE  ,OOP,20260930,68875.0,            ,131408827,0000000.0000,0000000.0,3391.74,0.01,141408827,0000000.0000,0000000.0,0.08,0.282496,65481.27,0.2499,
NK225MWE  ,OOP,20260930,69000.0,            ,131409027,0000000.0000,0000000.0,3516.71,0.01,141409027,0000000.0000,0000000.0,0.05,0.284104,65481.27,0.2499,
NK225MWE  ,OOP,20260930,69125.0,            ,131409127,0000000.0000,0000000.0,3641.69,0.01,141409127,0000000.0000,0000000.0,0.03,0.285847,65481.27,0.2499,
NK225MWE  ,OOP,20260930,69250.0,            ,131409227,0000000.0000,0000000.0,3766.68,0.01,141409227,0000000.0000,0000000.0,0.02,0.28759,65481.27,0.2499,
NK225MWE  ,OOP,20260930,69375.0,            ,131409327,0000000.0000,0000000.0,3891.66,0.01,141409327,0000000.0000,0000000.0,0.01,0.285194,65481.27,0.2499,
NK225MWE  ,OOP,20261002,60500.0,            ,131400526,0000006.0000,0000000.0,6.0,0.366727,141400526,0000000.0000,0000000.0,4990.9,0.665645,65481.27,0.2499,
NK225MWE  ,OOP,20261002,60625.0,            ,131400626,0000009.0000,0000000.0,4.67,0.341408,141400626,0000000.0000,0000000.0,4866.38,0.652641,65481.27,0.2499,
NK225MWE  ,OOP,20261002,60750.0,            ,131400726,0000009.0000,0000000.0,7.59,0.349846,141400726,0000000.0000,0000000.0,4741.85,0.639614,65481.27,0.2499,
NK225MWE  ,OOP,20261002,60875.0,            ,131400826,0000009.0000,0000000.0,4.75,0.325169,141400826,0000000.0000,0000000.0,4616.49,0.62656,65481.27,0.2499,
NK225MWE  ,OOP,20261002,61000.0,            ,131401026,0000008.0000,0000000.0,8.0,0.345496,141401026,0000000.0000,0000000.0,4494.15,0.618388,65481.27,0.2499,
NK225MWE  ,OOP,20261002,61125.0,            ,131401126,0000009.0000,0000000.0,9.0,0.342157,141401126,0000000.0000,0000000.0,4370.03,0.605213,65481.27,0.2499,
NK225MWE  ,OOP,20261002,61250.0,            ,131401226,0000010.0000,0000000.0,10.0,0.338215,141401226,0000000.0000,0000000.0,4246.0,0.592005,65481.27,0.2499,
NK225MWE  ,OOP,20261002,61375.0,            ,131401326,0000012.0000,0000000.0,11.99,0.337969,141401326,0000000.0000,0000000.0,4121.24,0.578763,65481.27,0.2499,
NK225MWE  ,OOP,20261002,61500.0,            ,131401526,0000012.0000,0000000.0,11.99,0.328843,141401526,0000000.0000,0000000.0,3996.61,0.565484,65481.27,0.2499,
NK225MWE  ,OOP,20261002,61625.0,            ,131401626,0000020.0000,0000000.0,10.15,0.30188,141401626,0000000.0000,0000000.0,3871.96,0.552167,65481.27,0.2499,
NK225MWE  ,OOP,20261002,61750.0,            ,131401726,0000028.0000,0000000.0,13.9,0.306607,141401726,0000000.0000,0000000.0,3750.72,0.543264,65481.27,0.2499,
NK225MWE  ,OOP,20261002,61875.0,            ,131401826,0000000.0000,0000000.0,14.74,0.301388,141401826,0000000.0000,0000000.0,3626.57,0.529794,65481.27,0.2499,
NK225MWE  ,OOP,20261002,62000.0,            ,131402026,0000018.0000,0000000.0,18.0,0.311426,141402026,0000000.0000,0000000.0,3505.04,0.516274,65481.27,0.2499,
NK225MWE  ,OOP,20261002,62125.0,            ,131402126,0000000.0000,0000000.0,21.13,0.292981,141402126,0000000.0000,0000000.0,3380.51,0.502703,65481.27,0.2499,
NK225MWE  ,OOP,20261002,62250.0,            ,131402226,0000055.0000,0000000.0,22.66,0.292094,141402226,0000000.0000,0000000.0,3259.52,0.493217,65481.27,0.2499,
NK225MWE  ,OOP,20261002,62375.0,            ,131402326,0000063.0000,0000000.0,26.96,0.292317,141402326,0000000.0000,0000000.0,3138.83,0.483493,65481.27,0.2499,
NK225MWE  ,OOP,20261002,62500.0,            ,131402526,0000029.0000,0000000.0,29.0,0.297028,141402526,0000000.0000,0000000.0,3016.86,0.469608,65481.27,0.2499,
NK225MWE  ,OOP,20261002,62625.0,            ,131402626,0000074.0000,0000000.0,34.5,0.284729,141402626,0000000.0000,0000000.0,2896.4,0.459509,65481.27,0.2499,
NK225MWE  ,OOP,20261002,62750.0,            ,131402726,0000047.0000,0000000.0,39.77,0.279841,141402726,0000000.0000,0000000.0,2774.6,0.44541,65481.27,0.2499,
NK225MWE  ,OOP,20261002,62875.0,            ,131402826,0000096.0000,0000000.0,49.89,0.277575,141402826,0000000.0000,0000000.0,2654.3,0.434917,65481.27,0.2499,
NK225MWE  ,OOP,20261002,63000.0,            ,131403026,0000045.0000,0000000.0,44.99,0.279877,141403026,0000000.0000,0000000.0,2538.5,0.427728,65481.27,0.2499,
NK225MWE  ,OOP,20261002,63125.0,            ,131403126,0000119.0000,0000000.0,64.24,0.268624,141403126,0000000.0000,0000000.0,2417.66,0.41316,65481.27,0.2499,
NK225MWE  ,OOP,20261002,63250.0,            ,131403226,0000068.0000,0000000.0,68.0,0.284256,141403226,0000000.0000,0000000.0,2301.73,0.405259,65481.27,0.2499,
NK225MWE  ,OOP,20261002,63375.0,            ,131403326,0000100.0000,0000000.0,80.04,0.265744,141403326,0000000.0000,0000000.0,2187.45,0.396884,65481.27,0.2499,
NK225MWE  ,OOP,20261002,63500.0,            ,131403526,0000075.0000,0000000.0,74.99,0.266771,141403526,0000000.0000,0000000.0,2075.94,0.388038,65481.27,0.2499,
NK225MWE  ,OOP,20261002,63625.0,            ,131403626,0000195.0000,0000000.0,100.58,0.261568,141403626,0000000.0000,0000000.0,1962.57,0.378721,65481.27,0.2499,
NK225MWE  ,OOP,20261002,63750.0,            ,131403726,0000180.0000,0000000.0,113.85,0.258035,141403726,0000000.0000,0000000.0,1850.85,0.368932,65481.27,0.2499,
NK225MWE  ,OOP,20261002,63875.0,            ,131403826,0000210.0000,0000000.0,130.71,0.257972,141403826,0000000.0000,0000000.0,1742.72,0.361524,65481.27,0.2499,
NK225MWE  ,OOP,20261002,64000.0,            ,131404026,0000125.0000,0000000.0,125.0,0.25416,141404026,0000000.0000,0000000.0,1637.15,0.353449,65481.27,0.2499,
NK225MWE  ,OOP,20261002,64125.0,            ,131404126,0000228.0000,0000000.0,169.01,0.251815,141404126,0000000.0000,0000000.0,1531.04,0.34738,65481.27,0.2499,
NK225MWE  ,OOP,20261002,64250.0,            ,131404226,0000400.0000,0000000.0,195.34,0.249304,141404226,0001040.0000,0000000.0,1432.38,0.340474,65481.27,0.2499,
NK225MWE  ,OOP,20261002,64375.0,            ,131404326,0000400.0000,0000000.0,219.52,0.24596,141404326,0000000.0000,0000000.0,1331.57,0.332739,65481.27,0.2499,
NK225MWE  ,OOP,20261002,64500.0,            ,131404526,0000240.0000,0000000.0,240.0,0.259883,141404526,0001115.0000,0000000.0,1236.86,0.302073,65481.27,0.2499,
NK225MWE  ,OOP,20261002,64625.0,            ,131404626,0000325.0000,0000000.0,282.11,0.241933,141404626,0000000.0000,0000000.0,1144.19,0.321842,65481.27,0.2499,
NK225MWE  ,OOP,20261002,64750.0,            ,131404726,0000355.0000,0000000.0,312.3,0.239779,141404726,0001050.0000,0000000.0,1055.79,0.318274,65481.27,0.2499,
NK225MWE  ,OOP,20261002,64875.0,            ,131404826,0000410.0000,0000000.0,350.45,0.239266,141404826,0000000.0000,0000000.0,962.54,0.309015,65481.27,0.2499,
NK225MWE  ,OOP,20261002,65000.0,            ,131405026,0000335.0000,0000000.0,335.0,0.230656,141405026,0000730.0000,0000000.0,863.88,0.298726,65481.27,0.2499,
NK225MWE  ,OOP,20261002,65125.0,            ,131405126,0000000.0000,0000000.0,477.61,0.24478,141405126,0000505.0000,0000000.0,839.73,0.315442,65481.27,0.2499,
NK225MWE  ,OOP,20261002,65250.0,            ,131405226,0000710.0000,0000000.0,521.01,0.239288,141405226,0000600.0000,0000000.0,758.14,0.308938,65481.27,0.2499,
NK225MWE  ,OOP,20261002,65375.0,            ,131405326,0000000.0000,0000000.0,561.13,0.229998,141405326,0000000.0000,0000000.0,655.12,0.2863,65481.27,0.2499,
NK225MWE  ,OOP,20261002,65500.0,            ,131405526,0000700.0000,0000000.0,602.68,0.229491,141405526,0000655.0000,0000000.0,655.0,0.27925,65481.27,0.2499,
NK225MWE  ,OOP,20261002,65625.0,            ,131405626,0000800.0000,0000000.0,692.72,0.227047,141405626,0000000.0000,0000000.0,554.89,0.279082,65481.27,0.2499,
NK225MWE  ,OOP,20261002,65750.0,            ,131405726,0000885.0000,0000000.0,762.45,0.22474,141405726,0000530.0000,0000000.0,530.0,0.275183,65481.27,0.2499,
NK225MWE  ,OOP,20261002,65875.0,            ,131405826,0000860.0000,0000000.0,844.83,0.226937,141405826,0000335.0000,0000000.0,457.02,0.282559,65481.27,0.2499,
NK225MWE  ,OOP,20261002,66000.0,            ,131406026,0001400.0000,0000000.0,913.32,0.218198,141406026,0000420.0000,0000000.0,420.0,0.270948,65481.27,0.2499,
NK225MWE  ,OOP,20261002,66125.0,            ,131406126,0000000.0000,0000000.0,990.39,0.213789,141406126,0000305.0000,0000000.0,334.9,0.266188,65481.27,0.2499,
NK225MWE  ,OOP,20261002,66250.0,            ,131406226,0001435.0000,0000000.0,1083.52,0.214314,141406226,0000300.0000,0000000.0,299.99,0.254666,65481.27,0.2499,
NK225MWE  ,OOP,20261002,66375.0,            ,131406326,0001400.0000,0000000.0,1159.53,0.201908,141406326,0000300.0000,0000000.0,299.99,0.272479,65481.27,0.2499,
NK225MWE  ,OOP,20261002,66500.0,            ,131406526,0001680.0000,0000000.0,1250.76,0.193835,141406526,0000234.0000,0000000.0,234.0,0.256257,65481.27,0.2499,
NK225MWE  ,OOP,20261002,66625.0,            ,131406626,0001470.0000,0000000.0,1343.24,0.184732,141406626,0000210.0000,0000000.0,205.5,0.271322,65481.27,0.2499,
NK225MWE  ,OOP,20261002,66750.0,            ,131406726,0000000.0000,0000000.0,1446.15,0.178316,141406726,0000180.0000,0000000.0,179.99,0.25771,65481.27,0.2499,
NK225MWE  ,OOP,20261002,66875.0,            ,131406826,0000000.0000,0000000.0,1550.68,0.166259,141406826,0000155.0000,0000000.0,162.96,0.271821,65481.27,0.2499,
NK225MWE  ,OOP,20261002,67000.0,            ,131407026,0000000.0000,0000000.0,1653.12,0.140566,141407026,0000152.0000,0000000.0,152.0,0.269227,65481.27,0.2499,
NK225MWE  ,OOP,20261002,67125.0,            ,131407126,0000000.0000,0000000.0,1754.68,0.01,141407126,0000062.0000,0000000.0,107.73,0.271487,65481.27,0.2499,
NK225MWE  ,OOP,20261002,67250.0,            ,131407226,0000000.0000,0000000.0,1873.19,0.01,141407226,0000115.0000,0000000.0,114.99,0.270181,65481.27,0.2499,
NK225MWE  ,OOP,20261002,67375.0,            ,131407326,0000000.0000,0000000.0,1979.43,0.01,141407326,0000062.0000,0000000.0,75.77,0.260165,65481.27,0.2499,
NK225MWE  ,OOP,20261002,67500.0,            ,131407526,0000000.0000,0000000.0,2091.97,0.01,141407526,0000086.0000,0000000.0,86.0,0.271231,65481.27,0.2499,
NK225MWE  ,OOP,20261002,67625.0,            ,131407626,0000000.0000,0000000.0,2214.43,0.01,141407626,0000050.0000,0000000.0,49.99,0.246289,65481.27,0.2499,
NK225MWE  ,OOP,20261002,67750.0,            ,131407726,0000000.0000,0000000.0,2328.06,0.01,141407726,0000038.0000,0000000.0,65.41,0.269561,65481.27,0.2499,
NK225MWE  ,OOP,20261002,67875.0,            ,131407826,0000000.0000,0000000.0,2442.13,0.01,141407826,0000033.0000,0000000.0,54.5,0.27476,65481.27,0.2499,
NK225MWE  ,OOP,20261002,68000.0,            ,131408026,0000000.0000,0000000.0,2557.72,0.01,141408026,0000047.0000,0000000.0,46.99,0.274195,65481.27,0.2499,
NK225MWE  ,OOP,20261002,68125.0,            ,131408126,0000000.0000,0000000.0,2680.02,0.01,141408126,0000021.0000,0000000.0,42.41,0.278189,65481.27,0.2499,
NK225MWE  ,OOP,20261002,68250.0,            ,131408226,0000000.0000,0000000.0,2803.29,0.01,141408226,0000033.0000,0000000.0,33.0,0.273718,65481.27,0.2499,
NK225MWE  ,OOP,20261002,68375.0,            ,131408326,0000000.0000,0000000.0,2919.62,0.01,141408326,0000022.0000,0000000.0,21.99,0.262542,65481.27,0.2499,
NK225MWE  ,OOP,20261002,68500.0,            ,131408526,0000000.0000,0000000.0,3037.45,0.01,141408526,0000025.0000,0000000.0,25.0,0.27792,65481.27,0.2499,
NK225MWE  ,OOP,20261002,68625.0,            ,131408626,0000000.0000,0000000.0,3158.98,0.01,141408626,0000021.0000,0000000.0,20.99,0.278311,65481.27,0.2499,
NK225MWE  ,OOP,20261002,68750.0,            ,131408726,0000000.0000,0000000.0,3280.98,0.01,141408726,0000013.0000,0000000.0,12.99,0.265525,65481.27,0.2499,
NK225MWE  ,OOP,20261002,68875.0,            ,131408826,0000000.0000,0000000.0,3403.38,0.01,141408826,0000014.0000,0000000.0,14.0,0.277017,65481.27,0.2499,
NK225MWE  ,OOP,20261002,69000.0,            ,131409026,0000000.0000,0000000.0,3526.13,0.01,141409026,0000012.0000,0000000.0,12.0,0.278723,65481.27,0.2499,
NK225MWE  ,OOP,20261002,69125.0,            ,131409126,0000000.0000,0000000.0,3649.23,0.01,141409126,0000009.0000,0000000.0,9.0,0.275162,65481.27,0.2499,
NK225MWE  ,OOP,20261002,69250.0,            ,131409226,0000000.0000,0000000.0,3772.58,0.01,141409226,0000009.0000,0000000.0,9.0,0.283014,65481.27,0.2499,
NK225MWE  ,OOP,20261002,69375.0,            ,131409326,0000000.0000,0000000.0,3895.3,0.01,141409326,0000007.0000,0000000.0,6.99,0.281082,65481.27,0.2499,
NK225MWE  ,OOP,20261007,60500.0,            ,131410527,0000000.0000,0000000.0,60.74,0.315646,141410527,0000000.0000,0000000.0,5056.5,0.438765,65481.27,0.2499,
NK225MWE  ,OOP,20261007,60625.0,            ,131410627,0000000.0000,0000000.0,64.64,0.313355,141410627,0000000.0000,0000000.0,4935.43,0.433219,65481.27,0.2499,
NK225MWE  ,OOP,20261007,60750.0,            ,131410727,0000000.0000,0000000.0,68.88,0.309732,141410727,0000000.0000,0000000.0,4814.7,0.424832,65481.27,0.2499,
NK225MWE  ,OOP,20261007,60875.0,            ,131410827,0000000.0000,0000000.0,70.64,0.304926,141410827,0000000.0000,0000000.0,4691.49,0.419129,65481.27,0.2499,
NK225MWE  ,OOP,20261007,61000.0,            ,131411027,0000000.0000,0000000.0,80.51,0.306591,141411027,0000000.0000,0000000.0,4576.39,0.415941,65481.27,0.2499,
NK225MWE  ,OOP,20261007,61125.0,            ,131411127,0000000.0000,0000000.0,85.07,0.303133,141411127,0000000.0000,0000000.0,4455.99,0.4074,65481.27,0.2499,
NK225MWE  ,OOP,20261007,61250.0,            ,131411227,0000000.0000,0000000.0,91.29,0.30029,141411227,0000000.0000,0000000.0,4337.23,0.401375,65481.27,0.2499,
NK225MWE  ,OOP,20261007,61375.0,            ,131411327,0000000.0000,0000000.0,96.95,0.297166,141411327,0000000.0000,0000000.0,4217.92,0.395242,65481.27,0.2499,
NK225MWE  ,OOP,20261007,61500.0,            ,131411527,0000000.0000,0000000.0,104.09,0.295294,141411527,0000000.0000,0000000.0,4100.09,0.39142,65481.27,0.2499,
NK225MWE  ,OOP,20261007,61625.0,            ,131411627,0000000.0000,0000000.0,106.5,0.289415,141411627,0000000.0000,0000000.0,3977.53,0.382656,65481.27,0.2499,
NK225MWE  ,OOP,20261007,61750.0,            ,131411727,0000000.0000,0000000.0,118.62,0.289737,141411727,0000000.0000,0000000.0,3864.68,0.378522,65481.27,0.2499,
NK225MWE  ,OOP,20261007,61875.0,            ,131411827,0000000.0000,0000000.0,124.67,0.285512,141411827,0000000.0000,0000000.0,3745.76,0.371912,65481.27,0.2499,
NK225MWE  ,OOP,20261007,62000.0,            ,131412027,0000000.0000,0000000.0,136.0,0.284222,141412027,0000000.0000,0000000.0,3632.12,0.367409,65481.27,0.2499,
NK225MWE  ,OOP,20261007,62125.0,            ,131412127,0000000.0000,0000000.0,144.16,0.280679,141412127,0000000.0000,0000000.0,3515.31,0.362697,65481.27,0.2499,
NK225MWE  ,OOP,20261007,62250.0,            ,131412227,0000000.0000,0000000.0,156.67,0.279702,141412227,0000000.0000,0000000.0,3402.85,0.357779,65481.27,0.2499,
NK225MWE  ,OOP,20261007,62375.0,            ,131412327,0000000.0000,0000000.0,169.85,0.278208,141412327,0000000.0000,0000000.0,3291.06,0.354705,65481.27,0.2499,
NK225MWE  ,OOP,20261007,62500.0,            ,131412527,0000000.0000,0000000.0,181.52,0.275221,141412527,0000000.0000,0000000.0,3177.76,0.349333,65481.27,0.2499,
NK225MWE  ,OOP,20261007,62625.0,            ,131412627,0000000.0000,0000000.0,194.61,0.272867,141412627,0000000.0000,0000000.0,3065.88,0.343764,65481.27,0.2499,
NK225MWE  ,OOP,20261007,62750.0,            ,131412727,0000000.0000,0000000.0,208.56,0.270103,141412727,0000000.0000,0000000.0,2954.87,0.339898,65481.27,0.2499,
NK225MWE  ,OOP,20261007,62875.0,            ,131412827,0000000.0000,0000000.0,223.86,0.267852,141412827,0000000.0000,0000000.0,2845.19,0.333889,65481.27,0.2499,
NK225MWE  ,OOP,20261007,63000.0,            ,131413027,0000000.0000,0000000.0,244.31,0.267308,141413027,0000000.0000,0000000.0,2740.67,0.331306,65481.27,0.2499,
NK225MWE  ,OOP,20261007,63125.0,            ,131413127,0000000.0000,0000000.0,259.87,0.264125,141413127,0000000.0000,0000000.0,2631.26,0.326588,65481.27,0.2499,
NK225MWE  ,OOP,20261007,63250.0,            ,131413227,0000000.0000,0000000.0,280.66,0.262531,141413227,0000000.0000,0000000.0,2527.08,0.323314,65481.27,0.2499,
NK225MWE  ,OOP,20261007,63375.0,            ,131413327,0000000.0000,0000000.0,300.95,0.260042,141413327,0000000.0000,0000000.0,2422.4,0.318006,65481.27,0.2499,
NK225MWE  ,OOP,20261007,63500.0,            ,131413527,0000000.0000,0000000.0,328.13,0.259644,141413527,0000000.0000,0000000.0,2324.62,0.315703,65481.27,0.2499,
NK225MWE  ,OOP,20261007,63625.0,            ,131413627,0000000.0000,0000000.0,350.73,0.258624,141413627,0000000.0000,0000000.0,2222.24,0.311379,65481.27,0.2499,
NK225MWE  ,OOP,20261007,63750.0,            ,131413727,0000000.0000,0000000.0,376.78,0.255333,141413727,0000000.0000,0000000.0,2123.32,0.308277,65481.27,0.2499,
NK225MWE  ,OOP,20261007,63875.0,            ,131413827,0000000.0000,0000000.0,406.07,0.254872,141413827,0000000.0000,0000000.0,2027.64,0.306295,65481.27,0.2499,
NK225MWE  ,OOP,20261007,64000.0,            ,131414027,0000000.0000,0000000.0,436.38,0.252197,141414027,0000000.0000,0000000.0,1932.98,0.302354,65481.27,0.2499,
NK225MWE  ,OOP,20261007,64125.0,            ,131414127,0000000.0000,0000000.0,468.62,0.250554,141414127,0000000.0000,0000000.0,1840.26,0.299482,65481.27,0.2499,
NK225MWE  ,OOP,20261007,64250.0,            ,131414227,0000000.0000,0000000.0,503.1,0.249828,141414227,0000000.0000,0000000.0,1749.76,0.297596,65481.27,0.2499,
NK225MWE  ,OOP,20261007,64375.0,            ,131414327,0000000.0000,0000000.0,535.61,0.247011,141414327,0000000.0000,0000000.0,1657.3,0.293802,65481.27,0.2499,
NK225MWE  ,OOP,20261007,64500.0,            ,131414527,0000000.0000,0000000.0,576.67,0.245075,141414527,0000000.0000,0000000.0,1573.39,0.290953,65481.27,0.2499,
NK225MWE  ,OOP,20261007,64625.0,            ,131414627,0000000.0000,0000000.0,616.55,0.243936,141414627,0000000.0000,0000000.0,1488.31,0.288983,65481.27,0.2499,
NK225MWE  ,OOP,20261007,64750.0,            ,131414727,0000000.0000,0000000.0,660.89,0.242157,141414727,0000000.0000,0000000.0,1407.67,0.286487,65481.27,0.2499,
NK225MWE  ,OOP,20261007,64875.0,            ,131414827,0000000.0000,0000000.0,695.86,0.237054,141414827,0000000.0000,0000000.0,1317.67,0.280802,65481.27,0.2499,
NK225MWE  ,OOP,20261007,65000.0,            ,131415027,0000000.0000,0000000.0,743.1,0.235387,141415027,0000000.0000,0000000.0,1239.94,0.278607,65481.27,0.2499,
NK225MWE  ,OOP,20261007,65125.0,            ,131415127,0000000.0000,0000000.0,820.45,0.240937,141415127,0000000.0000,0000000.0,1192.32,0.283706,65481.27,0.2499,
NK225MWE  ,OOP,20261007,65250.0,            ,131415227,0000000.0000,0000000.0,867.87,0.237871,141415227,0000000.0000,0000000.0,1114.77,0.280337,65481.27,0.2499,
NK225MWE  ,OOP,20261007,65375.0,            ,131415327,0000000.0000,0000000.0,911.32,0.232849,141415327,0000000.0000,0000000.0,1033.25,0.275112,65481.27,0.2499,
NK225MWE  ,OOP,20261007,65500.0,            ,131415527,0000000.0000,0000000.0,977.65,0.232323,141415527,0000000.0000,0000000.0,974.61,0.274486,65481.27,0.2499,
NK225MWE  ,OOP,20261007,65625.0,            ,131415627,0000000.0000,0000000.0,1037.5,0.231084,141415627,0000000.0000,0000000.0,909.49,0.273257,65481.27,0.2499,
NK225MWE  ,OOP,20261007,65750.0,            ,131415727,0000000.0000,0000000.0,1105.33,0.230419,141415727,0000000.0000,0000000.0,852.35,0.272714,65481.27,0.2499,
NK225MWE  ,OOP,20261007,65875.0,            ,131415827,0000000.0000,0000000.0,1176.69,0.229026,141415827,0000000.0000,0000000.0,798.74,0.271559,65481.27,0.2499,
NK225MWE  ,OOP,20261007,66000.0,            ,131416027,0000000.0000,0000000.0,1244.01,0.226884,141416027,0000000.0000,0000000.0,741.09,0.269781,65481.27,0.2499,
NK225MWE  ,OOP,20261007,66125.0,            ,131416127,0000000.0000,0000000.0,1319.68,0.225298,141416127,0000000.0000,0000000.0,691.79,0.270011,65481.27,0.2499,
NK225MWE  ,OOP,20261007,66250.0,            ,131416227,0000000.0000,0000000.0,1395.68,0.224291,141416227,0000000.0000,0000000.0,642.82,0.268294,65481.27,0.2499,
NK225MWE  ,OOP,20261007,66375.0,            ,131416327,0000000.0000,0000000.0,1470.88,0.22111,141416327,0000000.0000,0000000.0,593.05,0.265918,65481.27,0.2499,
NK225MWE  ,OOP,20261007,66500.0,            ,131416527,0000000.0000,0000000.0,1549.51,0.219889,141416527,0000000.0000,0000000.0,546.71,0.265615,65481.27,0.2499,
NK225MWE  ,OOP,20261007,66625.0,            ,131416627,0000000.0000,0000000.0,1631.48,0.21637,141416627,0000000.0000,0000000.0,503.71,0.263271,65481.27,0.2499,
NK225MWE  ,OOP,20261007,66750.0,            ,131416727,0000000.0000,0000000.0,1720.26,0.214907,141416727,0000000.0000,0000000.0,467.52,0.26309,65481.27,0.2499,
NK225MWE  ,OOP,20261007,66875.0,            ,131416827,0000000.0000,0000000.0,1811.2,0.214153,141416827,0000000.0000,0000000.0,433.49,0.263753,65481.27,0.2499,
NK225MWE  ,OOP,20261007,67000.0,            ,131417027,0000000.0000,0000000.0,1902.1,0.212562,141417027,0000000.0000,0000000.0,399.42,0.26383,65481.27,0.2499,
NK225MWE  ,OOP,20261007,67125.0,            ,131417127,0000000.0000,0000000.0,1991.68,0.208291,141417127,0000000.0000,0000000.0,364.03,0.261733,65481.27,0.2499,
NK225MWE  ,OOP,20261007,67250.0,            ,131417227,0000000.0000,0000000.0,2094.58,0.208299,141417227,0000000.0000,0000000.0,341.96,0.263708,65481.27,0.2499,
NK225MWE  ,OOP,20261007,67375.0,            ,131417327,0000000.0000,0000000.0,2189.28,0.203584,141417327,0000000.0000,0000000.0,311.69,0.263532,65481.27,0.2499,
NK225MWE  ,OOP,20261007,67500.0,            ,131417527,0000000.0000,0000000.0,2288.85,0.201625,141417527,0000000.0000,0000000.0,286.29,0.262727,65481.27,0.2499,
NK225MWE  ,OOP,20261007,67625.0,            ,131417627,0000000.0000,0000000.0,2396.55,0.200829,141417627,0000000.0000,0000000.0,269.02,0.264806,65481.27,0.2499,
NK225MWE  ,OOP,20261007,67750.0,            ,131417727,0000000.0000,0000000.0,2498.51,0.196602,141417727,0000000.0000,0000000.0,246.01,0.264216,65481.27,0.2499,
NK225MWE  ,OOP,20261007,67875.0,            ,131417827,0000000.0000,0000000.0,2602.13,0.190662,141417827,0000000.0000,0000000.0,224.66,0.263734,65481.27,0.2499,
NK225MWE  ,OOP,20261007,68000.0,            ,131418027,0000000.0000,0000000.0,2706.84,0.185582,141418027,0000000.0000,0000000.0,204.4,0.263401,65481.27,0.2499,
NK225MWE  ,OOP,20261007,68125.0,            ,131418127,0000000.0000,0000000.0,2823.02,0.185511,141418127,0000000.0000,0000000.0,195.61,0.267455,65481.27,0.2499,
NK225MWE  ,OOP,20261007,68250.0,            ,131418227,0000000.0000,0000000.0,2930.36,0.176188,141418227,0000000.0000,0000000.0,177.98,0.266909,65481.27,0.2499,
NK225MWE  ,OOP,20261007,68375.0,            ,131418327,0000000.0000,0000000.0,3038.18,0.161159,141418327,0000000.0000,0000000.0,160.83,0.266162,65481.27,0.2499,
NK225MWE  ,OOP,20261007,68500.0,            ,131418527,0000000.0000,0000000.0,3145.28,0.122635,141418527,0000000.0000,0000000.0,142.96,0.264241,65481.27,0.2499,
NK225MWE  ,OOP,20261007,68625.0,            ,131418627,0000000.0000,0000000.0,3259.04,0.01,141418627,0000000.0000,0000000.0,131.75,0.265603,65481.27,0.2499,
NK225MWE  ,OOP,20261007,68750.0,            ,131418727,0000000.0000,0000000.0,3372.41,0.01,141418727,0000000.0000,0000000.0,120.15,0.265433,65481.27,0.2499,
NK225MWE  ,OOP,20261007,68875.0,            ,131418827,0000000.0000,0000000.0,3486.48,0.01,141418827,0000000.0000,0000000.0,109.25,0.265784,65481.27,0.2499,
NK225MWE  ,OOP,20261007,69000.0,            ,131419027,0000000.0000,0000000.0,3603.09,0.01,141419027,0000000.0000,0000000.0,100.89,0.267387,65481.27,0.2499,
NK225MWE  ,OOP,20261007,69125.0,            ,131419127,0000000.0000,0000000.0,3717.03,0.01,141419127,0000000.0000,0000000.0,89.86,0.266036,65481.27,0.2499,
NK225MWE  ,OOP,20261007,69250.0,            ,131419227,0000000.0000,0000000.0,3836.5,0.01,141419227,0000000.0000,0000000.0,84.36,0.268665,65481.27,0.2499,
NK225MWE  ,OOP,20261007,69375.0,            ,131419327,0000000.0000,0000000.0,3952.03,0.01,141419327,0000000.0000,0000000.0,74.92,0.267448,65481.27,0.2499,
NK225MWE  ,OOP,20261009,58375.0,            ,181418326,0000039.0000,0000000.0,38.99,0.356186,191418326,0000000.0000,0000000.0,7161.03,0.472922,65481.27,0.2499,
NK225MWE  ,OOP,20261009,58500.0,            ,181418526,0000060.0000,0000000.0,38.87,0.358406,191418526,0000000.0000,0000000.0,7037.41,0.466017,65481.27,0.2499,
NK225MWE  ,OOP,20261009,58625.0,            ,181418626,0000055.0000,0000000.0,40.35,0.349685,191418626,0000000.0000,0000000.0,6914.17,0.46263,65481.27,0.2499,
NK225MWE  ,OOP,20261009,58750.0,            ,181418726,0000062.0000,0000000.0,47.13,0.352704,191418726,0000000.0000,0000000.0,6791.69,0.455686,65481.27,0.2499,
NK225MWE  ,OOP,20261009,58875.0,            ,181418826,0000000.0000,0000000.0,45.31,0.344156,191418826,0000000.0000,0000000.0,6669.21,0.44874,65481.27,0.2499,
NK225MWE  ,OOP,20261009,59000.0,            ,181419026,0000046.0000,0000000.0,46.0,0.347704,191419026,0000000.0000,0000000.0,6545.93,0.44515,65481.27,0.2499,
NK225MWE  ,OOP,20261009,59125.0,            ,181419126,0000000.0000,0000000.0,49.44,0.339313,191419126,0000000.0000,0000000.0,6423.41,0.438162,65481.27,0.2499,
NK225MWE  ,OOP,20261009,59250.0,            ,181419226,0000060.0000,0000000.0,56.06,0.339639,191419226,0000000.0000,0000000.0,6300.49,0.434412,65481.27,0.2499,
NK225MWE  ,OOP,20261009,59375.0,            ,181419326,0000000.0000,0000000.0,54.29,0.332548,191419326,0000000.0000,0000000.0,6178.34,0.42738,65481.27,0.2499,
NK225MWE  ,OOP,20261009,59500.0,            ,181419526,0000058.0000,0000000.0,58.0,0.333495,191419526,0000000.0000,0000000.0,6055.38,0.423472,65481.27,0.2499,
NK225MWE  ,OOP,20261009,59625.0,            ,181419626,0000000.0000,0000000.0,60.24,0.326416,191419626,0000000.0000,0000000.0,5934.37,0.416395,65481.27,0.2499,
NK225MWE  ,OOP,20261009,59750.0,            ,181419726,0000092.0000,0000000.0,63.74,0.326775,191419726,0000000.0000,0000000.0,5812.16,0.41233,65481.27,0.2499,
NK225MWE  ,OOP,20261009,59875.0,            ,181419826,0000000.0000,0000000.0,66.12,0.320714,191419826,0000000.0000,0000000.0,5690.32,0.405205,65481.27,0.2499,
NK225MWE  ,OOP,20261009,60000.0,            ,181410026,0000067.0000,0000000.0,66.99,0.320486,191410026,0000000.0000,0000000.0,5568.85,0.400986,65481.27,0.2499,
NK225MWE  ,OOP,20261009,60125.0,            ,181410126,0000000.0000,0000000.0,73.48,0.316192,191410126,0000000.0000,0000000.0,5447.75,0.396656,65481.27,0.2499,
NK225MWE  ,OOP,20261009,60250.0,            ,181410226,0000112.0000,0000000.0,78.53,0.317065,191410226,0000000.0000,0000000.0,5327.81,0.392217,65481.27,0.2499,
NK225MWE  ,OOP,20261009,60375.0,            ,181410326,0000000.0000,0000000.0,82.71,0.310778,191410326,0000000.0000,0000000.0,5207.06,0.384957,65481.27,0.2499,
NK225MWE  ,OOP,20261009,60500.0,            ,181410526,0000093.0000,0000000.0,92.99,0.311767,191410526,0000000.0000,0000000.0,5086.28,0.380367,65481.27,0.2499,
NK225MWE  ,OOP,20261009,60625.0,            ,181410626,0000000.0000,0000000.0,92.24,0.305361,191410626,0000000.0000,0000000.0,4966.66,0.375672,65481.27,0.2499,
NK225MWE  ,OOP,20261009,60750.0,            ,181410726,0000111.0000,0000000.0,97.39,0.31751,191410726,0000000.0000,0000000.0,4847.81,0.370873,65481.27,0.2499,
NK225MWE  ,OOP,20261009,60875.0,            ,181410826,0000153.0000,0000000.0,103.63,0.300556,191410826,0000000.0000,0000000.0,4728.13,0.36597,65481.27,0.2499,
NK225MWE  ,OOP,20261009,61000.0,            ,181411026,0000110.0000,0000000.0,109.99,0.302806,191411026,0000000.0000,0000000.0,4610.82,0.363391,65481.27,0.2499,
NK225MWE  ,OOP,20261009,61125.0,            ,181411126,0000194.0000,0000000.0,116.89,0.296108,191411126,0000000.0000,0000000.0,4491.47,0.358232,65481.27,0.2499,
NK225MWE  ,OOP,20261009,61250.0,            ,181411226,0000197.0000,0000000.0,123.37,0.297095,191411226,0000000.0000,0000000.0,4374.9,0.352974,65481.27,0.2499,
NK225MWE  ,OOP,20261009,61375.0,            ,181411326,0000000.0000,0000000.0,132.43,0.295578,191411326,0000000.0000,0000000.0,4257.08,0.349872,65481.27,0.2499,
NK225MWE  ,OOP,20261009,61500.0,            ,181411526,0000168.0000,0000000.0,139.67,0.292335,191411526,0000000.0000,0000000.0,4141.66,0.346561,65481.27,0.2499,
NK225MWE  ,OOP,20261009,61625.0,            ,181411626,0000000.0000,0000000.0,151.08,0.286412,191411626,0000000.0000,0000000.0,4025.8,0.340915,65481.27,0.2499,
NK225MWE  ,OOP,20261009,61750.0,            ,181411726,0000191.0000,0000000.0,158.0,0.287751,191411726,0000000.0000,0000000.0,3911.94,0.33726,65481.27,0.2499,
NK225MWE  ,OOP,20261009,61875.0,            ,131411826,0000000.0000,0000000.0,171.18,0.282551,141411826,0000000.0000,0000000.0,3795.98,0.33341,65481.27,0.2499,
NK225MWE  ,OOP,20261009,62000.0,            ,131412026,0000180.0000,0000000.0,180.0,0.285816,141412026,0000000.0000,0000000.0,3682.86,0.32937,65481.27,0.2499,
NK225MWE  ,OOP,20261009,62125.0,            ,131412126,0000000.0000,0000000.0,196.91,0.278816,141412126,0000000.0000,0000000.0,3571.79,0.327063,65481.27,0.2499,
NK225MWE  ,OOP,20261009,62250.0,            ,131412226,0000223.0000,0000000.0,203.78,0.282318,141412226,0000000.0000,0000000.0,3460.25,0.322606,65481.27,0.2499,
NK225MWE  ,OOP,20261009,62375.0,            ,131412326,0000000.0000,0000000.0,224.97,0.275036,141412326,0000000.0000,0000000.0,3349.92,0.31979,65481.27,0.2499,
NK225MWE  ,OOP,20261009,62500.0,            ,131412526,0000254.0000,0000000.0,231.74,0.276159,141412526,0000000.0000,0000000.0,3239.96,0.316705,65481.27,0.2499,
NK225MWE  ,OOP,20261009,62625.0,            ,131412626,0000000.0000,0000000.0,254.91,0.271073,141412626,0000000.0000,0000000.0,3129.93,0.313359,65481.27,0.2499,
NK225MWE  ,OOP,20261009,62750.0,            ,131412726,0000415.0000,0000000.0,264.77,0.270256,141412726,0000000.0000,0000000.0,3024.13,0.309758,65481.27,0.2499,
NK225MWE  ,OOP,20261009,62875.0,            ,131412826,0000000.0000,0000000.0,293.18,0.268268,141412826,0000000.0000,0000000.0,2918.28,0.307541,65481.27,0.2499,
NK225MWE  ,OOP,20261009,63000.0,            ,131413026,0000305.0000,0000000.0,305.0,0.26869,141413026,0000000.0000,0000000.0,2814.54,0.295378,65481.27,0.2499,
NK225MWE  ,OOP,20261009,63125.0,            ,131413126,0000000.0000,0000000.0,335.58,0.266897,141413126,0000000.0000,0000000.0,2710.75,0.302137,65481.27,0.2499,
NK225MWE  ,OOP,20261009,63250.0,            ,131413226,0000390.0000,0000000.0,343.48,0.264711,141413226,0000000.0000,0000000.0,2609.09,0.29897,65481.27,0.2499,
NK225MWE  ,OOP,20261009,63375.0,            ,131413326,0000000.0000,0000000.0,379.89,0.262148,141413326,0000000.0000,0000000.0,2505.13,0.2955,65481.27,0.2499,
NK225MWE  ,OOP,20261009,63500.0,            ,131413526,0000370.0000,0000000.0,369.99,0.262263,141413526,0000000.0000,0000000.0,2410.02,0.294617,65481.27,0.2499,
NK225MWE  ,OOP,20261009,63625.0,            ,131413626,0000000.0000,0000000.0,435.04,0.258903,141413626,0000000.0000,0000000.0,2310.37,0.291904,65481.27,0.2499,
NK225MWE  ,OOP,20261009,63750.0,            ,131413726,0000525.0000,0000000.0,449.96,0.259509,141413726,0000000.0000,0000000.0,2215.15,0.290221,65481.27,0.2499,
NK225MWE  ,OOP,20261009,63875.0,            ,131413826,0000000.0000,0000000.0,496.75,0.256769,141413826,0000000.0000,0000000.0,2122.15,0.288141,65481.27,0.2499,
NK225MWE  ,OOP,20261009,64000.0,            ,131414026,0000520.0000,0000000.0,520.0,0.260425,141414026,0001840.0000,0000000.0,2029.08,0.276399,65481.27,0.2499,
NK225MWE  ,OOP,20261009,64125.0,            ,131414126,0000000.0000,0000000.0,565.09,0.254113,141414126,0000000.0000,0000000.0,1906.8,0.28412,65481.27,0.2499,
NK225MWE  ,OOP,20261009,64250.0,            ,131414226,0000670.0000,0000000.0,579.15,0.252735,141414226,0000000.0000,0000000.0,1849.63,0.280873,65481.27,0.2499,
NK225MWE  ,OOP,20261009,64375.0,            ,131414326,0000000.0000,0000000.0,633.04,0.249606,141414326,0000000.0000,0000000.0,1758.59,0.278505,65481.27,0.2499,
NK225MWE  ,OOP,20261009,64500.0,            ,131414526,0000650.0000,0000000.0,649.99,0.249808,141414526,0001600.0000,0000000.0,1634.13,0.27696,65481.27,0.2499,
NK225MWE  ,OOP,20261009,64625.0,            ,131414626,0000000.0000,0000000.0,717.17,0.247005,141414626,0000000.0000,0000000.0,1592.79,0.274972,65481.27,0.2499,
NK225MWE  ,OOP,20261009,64750.0,            ,131414726,0000750.0000,0000000.0,749.99,0.252217,141414726,0001240.0000,0000000.0,1519.53,0.272545,65481.27,0.2499,
NK225MWE  ,OOP,20261009,64875.0,            ,131414826,0000810.0000,0000000.0,798.43,0.241223,141414826,0001550.0000,0000000.0,1424.13,0.268491,65481.27,0.2499,
NK225MWE  ,OOP,20261009,65000.0,            ,131415026,0000840.0000,0000000.0,840.0,0.251209,141415026,0001255.0000,0000000.0,1358.02,0.26991,65481.27,0.2499,
NK225MWE  ,OOP,20261009,65125.0,            ,131415126,0000000.0000,0000000.0,886.01,0.241722,141415126,0000000.0000,0000000.0,1292.61,0.26847,65481.27,0.2499,
NK225MWE  ,OOP,20261009,65250.0,            ,131415226,0001150.0000,0000000.0,966.16,0.245794,141415226,0000905.0000,0000000.0,1204.06,0.26655,65481.27,0.2499,
NK225MWE  ,OOP,20261009,65375.0,            ,131415326,0001000.0000,0000000.0,1000.0,0.240006,141415326,0001180.0000,0000000.0,1159.45,0.262989,65481.27,0.2499,
NK225MWE  ,OOP,20261009,65500.0,            ,131415526,0001000.0000,0000000.0,999.99,0.24064,141415526,0001105.0000,0000000.0,1104.99,0.252001,65481.27,0.2499,
NK225MWE  ,OOP,20261009,65625.0,            ,131415626,0001450.0000,0000000.0,1181.57,0.23378,141415626,0000900.0000,0000000.0,988.19,0.250919,65481.27,0.2499,
NK225MWE  ,OOP,20261009,65750.0,            ,131415726,0001470.0000,0000000.0,1202.82,0.233293,141415726,0000830.0000,0000000.0,969.44,0.246987,65481.27,0.2499,
NK225MWE  ,OOP,20261009,65875.0,            ,131415826,0000000.0000,0000000.0,1274.34,0.232232,141415826,0000715.0000,0000000.0,889.65,0.257626,65481.27,0.2499,
NK225MWE  ,OOP,20261009,66000.0,            ,131416026,0001305.0000,0000000.0,1304.99,0.231763,141416026,0000895.0000,0000000.0,895.0,0.258491,65481.27,0.2499,
NK225MWE  ,OOP,20261009,66125.0,            ,131416126,0000000.0000,0000000.0,1379.52,0.231902,141416126,0000000.0000,0000000.0,788.11,0.252957,65481.27,0.2499,
NK225MWE  ,OOP,20261009,66250.0,            ,131416226,0001555.0000,0000000.0,1447.59,0.22907,141416226,0000745.0000,0000000.0,744.99,0.24918,65481.27,0.2499,
NK225MWE  ,OOP,20261009,66375.0,            ,131416326,0001740.0000,0000000.0,1566.8,0.229245,141416326,0000000.0000,0000000.0,686.51,0.252042,65481.27,0.2499,
NK225MWE  ,OOP,20261009,66500.0,            ,131416526,0001715.0000,0000000.0,1618.6,0.226362,141416526,0000575.0000,0000000.0,632.11,0.245868,65481.27,0.2499,
NK225MWE  ,OOP,20261009,66625.0,            ,131416626,0000000.0000,0000000.0,1716.66,0.225324,141416626,0000000.0000,0000000.0,592.88,0.251452,65481.27,0.2499,
NK225MWE  ,OOP,20261009,66750.0,            ,131416726,0002060.0000,0000000.0,1769.71,0.223653,141416726,0000385.0000,0000000.0,540.55,0.245261,65481.27,0.2499,
NK225MWE  ,OOP,20261009,66875.0,            ,131416826,0000000.0000,0000000.0,1886.74,0.222648,141416826,0000575.0000,0000000.0,513.04,0.251289,65481.27,0.2499,
NK225MWE  ,OOP,20261009,67000.0,            ,131417026,0002250.0000,0000000.0,1938.25,0.222376,141417026,0000510.0000,0000000.0,510.0,0.242413,65481.27,0.2499,
NK225MWE  ,OOP,20261009,67125.0,            ,131417126,0000000.0000,0000000.0,2065.32,0.220066,141417126,0000415.0000,0000000.0,441.69,0.24898,65481.27,0.2499,
NK225MWE  ,OOP,20261009,67250.0,            ,131417226,0000000.0000,0000000.0,2148.15,0.219962,141417226,0000259.0000,0000000.0,409.44,0.24694,65481.27,0.2499,
NK225MWE  ,OOP,20261009,67375.0,            ,131417326,0000000.0000,0000000.0,2253.77,0.217709,141417326,0000485.0000,0000000.0,380.21,0.248591,65481.27,0.2499,
NK225MWE  ,OOP,20261009,67500.0,            ,131417526,0000000.0000,0000000.0,2350.06,0.216274,141417526,0000370.0000,0000000.0,370.0,0.246841,65481.27,0.2499,
NK225MWE  ,OOP,20261009,67625.0,            ,131417626,0000000.0000,0000000.0,2448.15,0.214094,141417626,0000000.0000,0000000.0,324.66,0.24599,65481.27,0.2499,
NK225MWE  ,OOP,20261009,67750.0,            ,131417726,0002950.0000,0000000.0,2548.04,0.212872,141417726,0000184.0000,0000000.0,296.24,0.246155,65481.27,0.2499,
NK225MWE  ,OOP,20261009,67875.0,            ,131417826,0000000.0000,0000000.0,2651.0,0.210897,141417826,0000000.0000,0000000.0,277.59,0.246474,65481.27,0.2499,
NK225MWE  ,OOP,20261009,68000.0,            ,131418026,0002550.0000,0000000.0,2754.59,0.210088,141418026,0000274.0000,0000000.0,273.99,0.244908,65481.27,0.2499,
NK225MWE  ,OOP,20261009,68125.0,            ,131418126,0003200.0000,0000000.0,2861.31,0.208553,141418126,0000000.0000,0000000.0,237.98,0.246663,65481.27,0.2499,
NK225MWE  ,OOP,20261009,68250.0,            ,131418226,0000000.0000,0000000.0,2964.91,0.203809,141418226,0000149.0000,0000000.0,214.35,0.246542,65481.27,0.2499,
NK225MWE  ,OOP,20261009,68375.0,            ,131418326,0000000.0000,0000000.0,3074.19,0.202764,141418326,0000180.0000,0000000.0,200.94,0.247071,65481.27,0.2499,
NK225MWE  ,OOP,20261009,68500.0,            ,131418526,0000000.0000,0000000.0,3180.94,0.198063,141418526,0000184.0000,0000000.0,183.99,0.245064,65481.27,0.2499,
NK225MWE  ,OOP,20261009,68625.0,            ,131418626,0000000.0000,0000000.0,3292.83,0.194878,141418626,0000000.0000,0000000.0,169.65,0.24798,65481.27,0.2499,
NK225MWE  ,OOP,20261009,68750.0,            ,131418726,0000000.0000,0000000.0,3403.46,0.190278,141418726,0000110.0000,0000000.0,152.0,0.246126,65481.27,0.2499,
NK225MWE  ,OOP,20261009,68875.0,            ,131418826,0000000.0000,0000000.0,3514.73,0.183664,141418826,0000000.0000,0000000.0,141.63,0.247874,65481.27,0.2499,
NK225MWE  ,OOP,20261009,69000.0,            ,131419026,0003670.0000,0000000.0,3629.98,0.179257,141419026,0000140.0000,0000000.0,140.0,0.250285,65481.27,0.2499,
NK225MWE  ,OOP,20261009,69125.0,            ,131419126,0000000.0000,0000000.0,3739.92,0.165241,141419126,0000000.0000,0000000.0,116.89,0.249299,65481.27,0.2499,
NK225MWE  ,OOP,20261009,69250.0,            ,131419226,0000000.0000,0000000.0,3859.24,0.161062,141419226,0000086.0000,0000000.0,105.91,0.248801,65481.27,0.2499,
NK225MWE  ,OOP,20261009,69375.0,            ,131419326,0000000.0000,0000000.0,3973.89,0.01,141419326,0000000.0000,0000000.0,100.93,0.249516,65481.27,0.2499,
NK225MWE  ,OOP,20261009,69500.0,            ,131419526,0000000.0000,0000000.0,4105.63,0.01,141419526,0000089.0000,0000000.0,89.0,0.249186,65481.27,0.2499,
NK225MWE  ,OOP,20261009,69625.0,            ,131419626,0000000.0000,0000000.0,4214.13,0.01,141419626,0000000.0000,0000000.0,91.25,0.250979,65481.27,0.2499,
NK225MWE  ,OOP,20261009,69750.0,            ,131419726,0000000.0000,0000000.0,4326.05,0.01,141419726,0000077.0000,0000000.0,76.99,0.247512,65481.27,0.2499,
NK225MWE  ,OOP,20261009,69875.0,            ,131419826,0000000.0000,0000000.0,4446.95,0.01,141419826,0000000.0000,0000000.0,74.14,0.251463,65481.27,0.2499,
NK225MWE  ,OOP,20261009,70000.0,            ,131410026,0000000.0000,0000000.0,4576.93,0.01,141410026,0000066.0000,0000000.0,66.0,0.251394,65481.27,0.2499,
NK225MWE  ,OOP,20261009,70125.0,            ,131410126,0000000.0000,0000000.0,4682.5,0.01,141410126,0000000.0000,0000000.0,59.77,0.252526,65481.27,0.2499,
NK225MWE  ,OOP,20261009,70250.0,            ,131410226,0000000.0000,0000000.0,4803.47,0.01,141410226,0000042.0000,0000000.0,48.67,0.25058,65481.27,0.2499,
NK225MWE  ,OOP,20261009,70375.0,            ,131410326,0000000.0000,0000000.0,4926.6,0.01,141410326,0000000.0000,0000000.0,53.94,0.252775,65481.27,0.2499,
NK225MWE  ,OOP,20261009,70500.0,            ,131410526,0000000.0000,0000000.0,5045.46,0.01,141410526,0000041.0000,0000000.0,40.99,0.248399,65481.27,0.2499,
NK225MWE  ,OOP,20261009,70625.0,            ,131410626,0000000.0000,0000000.0,5170.07,0.01,141410626,0000000.0000,0000000.0,47.49,0.256533,65481.27,0.2499,
NK225MWE  ,OOP,20261009,70750.0,            ,131410726,0000000.0000,0000000.0,5289.68,0.01,141410726,0000033.0000,0000000.0,33.55,0.250938,65481.27,0.2499,
NK225MWE  ,OOP,20261009,70875.0,            ,131410826,0000000.0000,0000000.0,5410.73,0.01,141410826,0000000.0000,0000000.0,38.22,0.259335,65481.27,0.2499,
NK225MWE  ,OOP,20261009,71000.0,            ,131411026,0000000.0000,0000000.0,5532.51,0.01,141411026,0000028.0000,0000000.0,27.99,0.250757,65481.27,0.2499,
NK225MWE  ,OOP,20261009,71125.0,            ,131411126,0000000.0000,0000000.0,5654.29,0.01,141411126,0000000.0000,0000000.0,31.86,0.260799,65481.27,0.2499,
NK225MWE  ,OOP,20261009,71250.0,            ,131411226,0000000.0000,0000000.0,5779.03,0.01,141411226,0000019.0000,0000000.0,22.82,0.258285,65481.27,0.2499,
NK225MWE  ,OOP,20261009,71375.0,            ,131411326,0000000.0000,0000000.0,5900.84,0.01,141411326,0000028.0000,0000000.0,28.48,0.259569,65481.27,0.2499,
NK225MWE  ,OOP,20261009,71500.0,            ,131411526,0000000.0000,0000000.0,6023.39,0.01,141411526,0000017.0000,0000000.0,18.93,0.253054,65481.27,0.2499,
NK225MWE  ,OOP,20261009,71625.0,            ,131411626,0000000.0000,0000000.0,6147.44,0.01,141411626,0000020.0000,0000000.0,25.15,0.259408,65481.27,0.2499,
NK225MWE  ,OOP,20261009,71750.0,            ,131411726,0000000.0000,0000000.0,6269.26,0.01,141411726,0000013.0000,0000000.0,15.52,0.259633,65481.27,0.2499,
NK225MWE  ,OOP,20261009,71875.0,            ,181411826,0000000.0000,0000000.0,6393.33,0.01,191411826,0000020.0000,0000000.0,21.12,0.261678,65481.27,0.2499,
NK225MWE  ,OOP,20261009,72000.0,            ,181412026,0000000.0000,0000000.0,6516.65,0.01,191412026,0000014.0000,0000000.0,13.58,0.257671,65481.27,0.2499,
NK225MWE  ,OOP,20261009,72125.0,            ,181412126,0000000.0000,0000000.0,6639.98,0.01,191412126,0000000.0000,0000000.0,17.85,0.26529,65481.27,0.2499,
NK225MWE  ,OOP,20261009,72250.0,            ,181412226,0000000.0000,0000000.0,6764.08,0.01,191412226,0000012.0000,0000000.0,11.64,0.269364,65481.27,0.2499,
NK225MWE  ,OOP,20261014,60500.0,            ,131420527,0000000.0000,0000000.0,147.7,0.282904,141420527,0000000.0000,0000000.0,5156.14,0.351133,65481.27,0.2499,
NK225MWE  ,OOP,20261014,60625.0,            ,131420627,0000000.0000,0000000.0,158.14,0.281801,141420627,0000000.0000,0000000.0,5041.64,0.348312,65481.27,0.2499,
NK225MWE  ,OOP,20261014,60750.0,            ,131420727,0000000.0000,0000000.0,169.4,0.281387,141420727,0000000.0000,0000000.0,4927.95,0.345356,65481.27,0.2499,
NK225MWE  ,OOP,20261014,60875.0,            ,131420827,0000000.0000,0000000.0,185.0,0.282006,141420827,0000000.0000,0000000.0,4818.61,0.343979,65481.27,0.2499,
NK225MWE  ,OOP,20261014,61000.0,            ,131421027,0000000.0000,0000000.0,191.82,0.278781,141421027,0000000.0000,0000000.0,4700.49,0.339054,65481.27,0.2499,
NK225MWE  ,OOP,20261014,61125.0,            ,131421127,0000000.0000,0000000.0,195.17,0.274163,141421127,0000000.0000,0000000.0,4578.89,0.334066,65481.27,0.2499,
NK225MWE  ,OOP,20261014,61250.0,            ,131421227,0000000.0000,0000000.0,221.82,0.278435,141421227,0000000.0000,0000000.0,4480.6,0.335448,65481.27,0.2499,
NK225MWE  ,OOP,20261014,61375.0,            ,131421327,0000000.0000,0000000.0,226.85,0.274303,141421327,0000000.0000,0000000.0,4360.69,0.330232,65481.27,0.2499,
NK225MWE  ,OOP,20261014,61500.0,            ,131421527,0000000.0000,0000000.0,230.03,0.269322,141421527,0000000.0000,0000000.0,4238.92,0.323405,65481.27,0.2499,
NK225MWE  ,OOP,20261014,61625.0,            ,131421627,0000000.0000,0000000.0,258.18,0.272706,141421627,0000000.0000,0000000.0,4142.13,0.325641,65481.27,0.2499,
NK225MWE  ,OOP,20261014,61750.0,            ,131421727,0000000.0000,0000000.0,264.67,0.268511,141421727,0000000.0000,0000000.0,4023.67,0.320141,65481.27,0.2499,
NK225MWE  ,OOP,20261014,61875.0,            ,131421827,0000000.0000,0000000.0,272.96,0.26456,141421827,0000000.0000,0000000.0,3907.02,0.314576,65481.27,0.2499,
NK225MWE  ,OOP,20261014,62000.0,            ,131422027,0000000.0000,0000000.0,285.19,0.262161,141422027,0000000.0000,0000000.0,3794.31,0.311793,65481.27,0.2499,
NK225MWE  ,OOP,20261014,62125.0,            ,131422127,0000000.0000,0000000.0,318.3,0.265618,141422127,0000000.0000,0000000.0,3702.47,0.312986,65481.27,0.2499,
NK225MWE  ,OOP,20261014,62250.0,            ,131422227,0000000.0000,0000000.0,336.86,0.265406,141422227,0000000.0000,0000000.0,3596.09,0.309777,65481.27,0.2499,
NK225MWE  ,OOP,20261014,62375.0,            ,131422327,0000000.0000,0000000.0,344.2,0.260115,141422327,0000000.0000,0000000.0,3478.49,0.305083,65481.27,0.2499,
NK225MWE  ,OOP,20261014,62500.0,            ,131422527,0000000.0000,0000000.0,351.49,0.254742,141422527,0000000.0000,0000000.0,3360.83,0.29897,65481.27,0.2499,
NK225MWE  ,OOP,20261014,62625.0,            ,131422627,0000000.0000,0000000.0,385.06,0.257794,141422627,0000000.0000,0000000.0,3269.45,0.299186,65481.27,0.2499,
NK225MWE  ,OOP,20261014,62750.0,            ,131422727,0000000.0000,0000000.0,396.66,0.253469,141422727,0000000.0000,0000000.0,3156.11,0.294086,65481.27,0.2499,
NK225MWE  ,OOP,20261014,62875.0,            ,131422827,0000000.0000,0000000.0,408.02,0.249004,141422827,0000000.0000,0000000.0,3042.53,0.28887,65481.27,0.2499,
NK225MWE  ,OOP,20261014,63000.0,            ,131423027,0000000.0000,0000000.0,448.47,0.250917,141423027,0000000.0000,0000000.0,2958.03,0.290775,65481.27,0.2499,
NK225MWE  ,OOP,20261014,63125.0,            ,131423127,0000000.0000,0000000.0,461.82,0.247305,141423127,0000000.0000,0000000.0,2846.44,0.286391,65481.27,0.2499,
NK225MWE  ,OOP,20261014,63250.0,            ,131423227,0000000.0000,0000000.0,489.42,0.245971,141423227,0000000.0000,0000000.0,2749.1,0.284167,65481.27,0.2499,
NK225MWE  ,OOP,20261014,63375.0,            ,131423327,0000000.0000,0000000.0,503.85,0.241924,141423327,0000000.0000,0000000.0,2638.58,0.278287,65481.27,0.2499,
NK225MWE  ,OOP,20261014,63500.0,            ,131423527,0000000.0000,0000000.0,556.7,0.245907,141423527,0000000.0000,0000000.0,2566.48,0.281236,65481.27,0.2499,
NK225MWE  ,OOP,20261014,63625.0,            ,131423627,0000000.0000,0000000.0,564.68,0.239029,141423627,0000000.0000,0000000.0,2449.52,0.274975,65481.27,0.2499,
NK225MWE  ,OOP,20261014,63750.0,            ,131423727,0000000.0000,0000000.0,591.05,0.236552,141423727,0000000.0000,0000000.0,2350.95,0.271828,65481.27,0.2499,
NK225MWE  ,OOP,20261014,63875.0,            ,131423827,0000000.0000,0000000.0,644.69,0.239292,141423827,0000000.0000,0000000.0,2279.64,0.273766,65481.27,0.2499,
NK225MWE  ,OOP,20261014,64000.0,            ,131424027,0000000.0000,0000000.0,696.88,0.241526,141424027,0000000.0000,0000000.0,2206.89,0.275302,65481.27,0.2499,
NK225MWE  ,OOP,20261014,64125.0,            ,131424127,0000000.0000,0000000.0,714.24,0.235929,141424127,0000000.0000,0000000.0,2099.31,0.269257,65481.27,0.2499,
NK225MWE  ,OOP,20261014,64250.0,            ,131424227,0000000.0000,0000000.0,757.62,0.236358,141424227,0000000.0000,0000000.0,2017.75,0.268119,65481.27,0.2499,
NK225MWE  ,OOP,20261014,64375.0,            ,131424327,0000000.0000,0000000.0,802.12,0.235371,141424327,0000000.0000,0000000.0,1937.31,0.267677,65481.27,0.2499,
NK225MWE  ,OOP,20261014,64500.0,            ,131424527,0000000.0000,0000000.0,851.15,0.235033,141424527,0000000.0000,0000000.0,1861.39,0.266906,65481.27,0.2499,
NK225MWE  ,OOP,20261014,64625.0,            ,131424627,0000000.0000,0000000.0,900.46,0.235312,141424627,0000000.0000,0000000.0,1785.76,0.266796,65481.27,0.2499,
NK225MWE  ,OOP,20261014,64750.0,            ,131424727,0000000.0000,0000000.0,952.61,0.235202,141424727,0000000.0000,0000000.0,1712.96,0.266349,65481.27,0.2499,
NK225MWE  ,OOP,20261014,64875.0,            ,131424827,0000000.0000,0000000.0,1002.45,0.233743,141424827,0000000.0000,0000000.0,1637.85,0.264608,65481.27,0.2499,
NK225MWE  ,OOP,20261014,65000.0,            ,131425027,0000000.0000,0000000.0,1062.02,0.234811,141425027,0000000.0000,0000000.0,1572.49,0.265429,65481.27,0.2499,
NK225MWE  ,OOP,20261014,65125.0,            ,131425127,0000000.0000,0000000.0,1120.13,0.234528,141425127,0000000.0000,0000000.0,1505.65,0.264949,65481.27,0.2499,
NK225MWE  ,OOP,20261014,65250.0,            ,131425227,0000000.0000,0000000.0,1178.48,0.233868,141425227,0000000.0000,0000000.0,1439.05,0.264136,65481.27,0.2499,
NK225MWE  ,OOP,20261014,65375.0,            ,131425327,0000000.0000,0000000.0,1237.0,0.232832,141425327,0000000.0000,0000000.0,1372.63,0.262992,65481.27,0.2499,
NK225MWE  ,OOP,20261014,65500.0,            ,131425527,0000000.0000,0000000.0,1303.71,0.23331,141425527,0000000.0000,0000000.0,1314.4,0.263405,65481.27,0.2499,
NK225MWE  ,OOP,20261014,65625.0,            ,131425627,0000000.0000,0000000.0,1367.02,0.232464,141425627,0000000.0000,0000000.0,1252.76,0.262538,65481.27,0.2499,
NK225MWE  ,OOP,20261014,65750.0,            ,131425727,0000000.0000,0000000.0,1435.89,0.232182,141425727,0000000.0000,0000000.0,1196.69,0.262279,65481.27,0.2499,
NK225MWE  ,OOP,20261014,65875.0,            ,131425827,0000000.0000,0000000.0,1504.9,0.232467,141425827,0000000.0000,0000000.0,1140.76,0.262629,65481.27,0.2499,
NK225MWE  ,OOP,20261014,66000.0,            ,131426027,0000000.0000,0000000.0,1576.79,0.232376,141426027,0000000.0000,0000000.0,1087.7,0.262647,65481.27,0.2499,
NK225MWE  ,OOP,20261014,66125.0,            ,131426127,0000000.0000,0000000.0,1646.68,0.230947,141426127,0000000.0000,0000000.0,1032.64,0.261376,65481.27,0.2499,
NK225MWE  ,OOP,20261014,66250.0,            ,131426227,0000000.0000,0000000.0,1713.83,0.229117,141426227,0000000.0000,0000000.0,974.85,0.259756,65481.27,0.2499,
NK225MWE  ,OOP,20261014,66375.0,            ,131426327,0000000.0000,0000000.0,1786.87,0.227849,141426327,0000000.0000,0000000.0,922.95,0.258747,65481.27,0.2499,
NK225MWE  ,OOP,20261014,66500.0,            ,131426527,0000000.0000,0000000.0,1859.02,0.226169,141426527,0000000.0000,0000000.0,870.16,0.257384,65481.27,0.2499,
NK225MWE  ,OOP,20261014,66625.0,            ,131426627,0000000.0000,0000000.0,1934.22,0.225063,141426627,0000000.0000,0000000.0,820.41,0.256645,65481.27,0.2499,
NK225MWE  ,OOP,20261014,66750.0,            ,131426727,0000000.0000,0000000.0,2011.51,0.223538,141426727,0000000.0000,0000000.0,772.76,0.255551,65481.27,0.2499,
NK225MWE  ,OOP,20261014,66875.0,            ,131426827,0000000.0000,0000000.0,2090.9,0.221572,141426827,0000000.0000,0000000.0,727.2,0.254092,65481.27,0.2499,
NK225MWE  ,OOP,20261014,67000.0,            ,131427027,0000000.0000,0000000.0,2172.42,0.220198,141427027,0000000.0000,0000000.0,683.78,0.253279,65481.27,0.2499,
NK225MWE  ,OOP,20261014,67125.0,            ,131427127,0000000.0000,0000000.0,2261.42,0.219456,141427127,0000000.0000,0000000.0,647.84,0.25419,65481.27,0.2499,
NK225MWE  ,OOP,20261014,67250.0,            ,131427227,0000000.0000,0000000.0,2352.98,0.219395,141427227,0000000.0000,0000000.0,614.46,0.253731,65481.27,0.2499,
NK225MWE  ,OOP,20261014,67375.0,            ,131427327,0000000.0000,0000000.0,2445.58,0.218939,141427327,0000000.0000,0000000.0,582.11,0.25508,65481.27,0.2499,
NK225MWE  ,OOP,20261014,67500.0,            ,131427527,0000000.0000,0000000.0,2539.62,0.219234,141427527,0000000.0000,0000000.0,551.21,0.255043,65481.27,0.2499,
NK225MWE  ,OOP,20261014,67625.0,            ,131427627,0000000.0000,0000000.0,2628.75,0.216746,141427627,0000000.0000,0000000.0,515.39,0.253547,65481.27,0.2499,
NK225MWE  ,OOP,20261014,67750.0,            ,131427727,0000000.0000,0000000.0,2719.58,0.214944,141427727,0000000.0000,0000000.0,481.28,0.252799,65481.27,0.2499,
NK225MWE  ,OOP,20261014,67875.0,            ,131427827,0000000.0000,0000000.0,2812.64,0.212614,141427827,0000000.0000,0000000.0,449.4,0.251679,65481.27,0.2499,
NK225MWE  ,OOP,20261014,68000.0,            ,131428027,0000000.0000,0000000.0,2906.96,0.211052,141428027,0000000.0000,0000000.0,418.77,0.251377,65481.27,0.2499,
NK225MWE  ,OOP,20261014,68125.0,            ,131428127,0000000.0000,0000000.0,3005.01,0.208954,141428127,0000000.0000,0000000.0,391.88,0.250723,65481.27,0.2499,
NK225MWE  ,OOP,20261014,68250.0,            ,131428227,0000000.0000,0000000.0,3102.66,0.206252,141428227,0000000.0000,0000000.0,364.58,0.249695,65481.27,0.2499,
NK225MWE  ,OOP,20261014,68375.0,            ,131428327,0000000.0000,0000000.0,3203.49,0.204436,141428327,0000000.0000,0000000.0,340.47,0.249591,65481.27,0.2499,
NK225MWE  ,OOP,20261014,68500.0,            ,131428527,0000000.0000,0000000.0,3304.09,0.202008,141428527,0000000.0000,0000000.0,316.13,0.249144,65481.27,0.2499,
NK225MWE  ,OOP,20261014,68625.0,            ,131428627,0000000.0000,0000000.0,3407.68,0.198868,141428627,0000000.0000,0000000.0,294.77,0.248332,65481.27,0.2499,
NK225MWE  ,OOP,20261014,68750.0,            ,131428727,0000000.0000,0000000.0,3511.5,0.19487,141428727,0000000.0000,0000000.0,273.65,0.248587,65481.27,0.2499,
NK225MWE  ,OOP,20261014,68875.0,            ,131428827,0000000.0000,0000000.0,3616.37,0.191926,141428827,0000000.0000,0000000.0,253.57,0.247012,65481.27,0.2499,
NK225MWE  ,OOP,20261014,69000.0,            ,131429027,0000000.0000,0000000.0,3723.72,0.18806,141429027,0000000.0000,0000000.0,235.98,0.246868,65481.27,0.2499,
NK225MWE  ,OOP,20261014,69125.0,            ,131429127,0000000.0000,0000000.0,3829.4,0.183002,141429127,0000000.0000,0000000.0,216.72,0.245721,65481.27,0.2499,
NK225MWE  ,OOP,20261014,69250.0,            ,131429227,0000000.0000,0000000.0,3940.01,0.179295,141429227,0000000.0000,0000000.0,202.38,0.246194,65481.27,0.2499,
NK225MWE  ,OOP,20261014,69375.0,            ,131429327,0000000.0000,0000000.0,4062.9,0.180761,141429327,0000000.0000,0000000.0,200.32,0.250577,65481.27,0.2499,
NK225MWE  ,OOP,20261016,60500.0,            ,131420526,0000227.0000,0000000.0,164.99,0.273348,141420526,0000000.0000,0000000.0,5185.88,0.338109,65481.27,0.2499,
NK225MWE  ,OOP,20261016,60625.0,            ,131420626,0000000.0000,0000000.0,177.63,0.273357,141420626,0000000.0000,0000000.0,5073.61,0.335284,65481.27,0.2499,
NK225MWE  ,OOP,20261016,60750.0,            ,131420726,0000000.0000,0000000.0,191.06,0.273465,141420726,0000000.0000,0000000.0,4962.11,0.333945,65481.27,0.2499,
NK225MWE  ,OOP,20261016,60875.0,            ,131420826,0000000.0000,0000000.0,211.93,0.275637,141420826,0000000.0000,0000000.0,4858.07,0.33397,65481.27,0.2499,
NK225MWE  ,OOP,20261016,61000.0,            ,131421026,0000000.0000,0000000.0,217.32,0.271957,141421026,0000000.0000,0000000.0,4738.54,0.32918,65481.27,0.2499,
NK225MWE  ,OOP,20261016,61125.0,            ,131421126,0000000.0000,0000000.0,218.78,0.266676,141421126,0000000.0000,0000000.0,4615.08,0.322827,65481.27,0.2499,
NK225MWE  ,OOP,20261016,61250.0,            ,131421226,0000000.0000,0000000.0,254.81,0.273368,141421226,0000000.0000,0000000.0,4526.2,0.32676,65481.27,0.2499,
NK225MWE  ,OOP,20261016,61375.0,            ,131421326,0000000.0000,0000000.0,257.87,0.268555,141421326,0000000.0000,0000000.0,4404.33,0.320261,65481.27,0.2499,
NK225MWE  ,OOP,20261016,61500.0,            ,131421526,0000000.0000,0000000.0,256.51,0.261983,141421526,0000000.0000,0000000.0,4278.06,0.313741,65481.27,0.2499,
NK225MWE  ,OOP,20261016,61625.0,            ,131421626,0000000.0000,0000000.0,294.4,0.270511,141421626,0000000.0000,0000000.0,4191.03,0.316901,65481.27,0.2499,
NK225MWE  ,OOP,20261016,61750.0,            ,131421726,0000000.0000,0000000.0,297.24,0.265972,141421726,0000000.0000,0000000.0,4068.95,0.311582,65481.27,0.2499,
NK225MWE  ,OOP,20261016,61875.0,            ,131421826,0000000.0000,0000000.0,304.39,0.262885,141421826,0000000.0000,0000000.0,3951.18,0.306205,65481.27,0.2499,
NK225MWE  ,OOP,20261016,62000.0,            ,131422026,0000380.0000,0000000.0,315.87,0.255472,141422026,0000000.0000,0000000.0,3837.74,0.302076,65481.27,0.2499,
NK225MWE  ,OOP,20261016,62125.0,            ,131422126,0000000.0000,0000000.0,358.32,0.262035,141422126,0000000.0000,0000000.0,3755.27,0.305487,65481.27,0.2499,
NK225MWE  ,OOP,20261016,62250.0,            ,131422226,0000000.0000,0000000.0,378.63,0.259796,141422226,0000000.0000,0000000.0,3650.67,0.303506,65481.27,0.2499,
NK225MWE  ,OOP,20261016,62375.0,            ,131422326,0000000.0000,0000000.0,381.0,0.254657,141422326,0000000.0000,0000000.0,3528.12,0.296466,65481.27,0.2499,
NK225MWE  ,OOP,20261016,62500.0,            ,131422526,0000000.0000,0000000.0,383.25,0.258663,141422526,0000000.0000,0000000.0,3405.45,0.290598,65481.27,0.2499,
NK225MWE  ,OOP,20261016,62625.0,            ,131422626,0000000.0000,0000000.0,425.79,0.258299,141422626,0000000.0000,0000000.0,3323.07,0.292932,65481.27,0.2499,
NK225MWE  ,OOP,20261016,62750.0,            ,131422726,0000000.0000,0000000.0,432.29,0.253937,141422726,0000000.0000,0000000.0,3204.66,0.286816,65481.27,0.2499,
NK225MWE  ,OOP,20261016,62875.0,            ,131422826,0000000.0000,0000000.0,438.66,0.24913,141422826,0000000.0000,0000000.0,3086.11,0.280628,65481.27,0.2499,
NK225MWE  ,OOP,20261016,63000.0,            ,131423026,0000570.0000,0000000.0,488.03,0.246039,141423026,0000000.0000,0000000.0,3010.56,0.283323,65481.27,0.2499,
NK225MWE  ,OOP,20261016,63125.0,            ,131423126,0000000.0000,0000000.0,496.43,0.251691,141423126,0000000.0000,0000000.0,2894.04,0.277963,65481.27,0.2499,
NK225MWE  ,OOP,20261016,63250.0,            ,131423226,0000000.0000,0000000.0,525.28,0.252235,141423226,0000000.0000,0000000.0,2797.97,0.275731,65481.27,0.2499,
NK225MWE  ,OOP,20261016,63375.0,            ,131423326,0000000.0000,0000000.0,535.65,0.248062,141423326,0000000.0000,0000000.0,2683.43,0.270103,65481.27,0.2499,
NK225MWE  ,OOP,20261016,63500.0,            ,131423526,0000000.0000,0000000.0,599.07,0.248021,141423526,0000000.0000,0000000.0,2621.93,0.274782,65481.27,0.2499,
NK225MWE  ,OOP,20261016,63625.0,            ,131423626,0000000.0000,0000000.0,597.54,0.2487,141423626,0000000.0000,0000000.0,2495.48,0.266733,65481.27,0.2499,
NK225MWE  ,OOP,20261016,63750.0,            ,131423726,0000000.0000,0000000.0,621.38,0.246973,141423726,0000000.0000,0000000.0,2394.4,0.26266,65481.27,0.2499,
NK225MWE  ,OOP,20261016,63875.0,            ,131423826,0000000.0000,0000000.0,685.03,0.239923,141423826,0000000.0000,0000000.0,2333.13,0.26636,65481.27,0.2499,
NK225MWE  ,OOP,20261016,64000.0,            ,131424026,0000895.0000,0000000.0,746.64,0.246696,141424026,0000000.0000,0000000.0,2269.82,0.269631,65481.27,0.2499,
NK225MWE  ,OOP,20261016,64125.0,            ,131424126,0000000.0000,0000000.0,753.64,0.239243,141424126,0000000.0000,0000000.0,2151.91,0.26192,65481.27,0.2499,
NK225MWE  ,OOP,20261016,64250.0,            ,131424226,0000000.0000,0000000.0,801.07,0.232627,141424226,0000000.0000,0000000.0,2074.42,0.261713,65481.27,0.2499,
NK225MWE  ,OOP,20261016,64375.0,            ,131424326,0000000.0000,0000000.0,850.35,0.230621,141424326,0000000.0000,0000000.0,1998.78,0.262144,65481.27,0.2499,
NK225MWE  ,OOP,20261016,64500.0,            ,131424526,0000000.0000,0000000.0,901.49,0.231147,141424526,0000000.0000,0000000.0,1925.0,0.26226,65481.27,0.2499,
NK225MWE  ,OOP,20261016,64625.0,            ,131424626,0000000.0000,0000000.0,954.49,0.231315,141424626,0000000.0000,0000000.0,1853.09,0.262069,65481.27,0.2499,
NK225MWE  ,OOP,20261016,64750.0,            ,131424726,0000000.0000,0000000.0,1009.35,0.231136,141424726,0000000.0000,0000000.0,1783.03,0.261578,65481.27,0.2499,
NK225MWE  ,OOP,20261016,64875.0,            ,131424826,0000000.0000,0000000.0,1066.07,0.231526,141424826,0000000.0000,0000000.0,1714.83,0.261697,65481.27,0.2499,
NK225MWE  ,OOP,20261016,65000.0,            ,131425026,0000000.0000,0000000.0,1124.64,0.232471,141425026,0000000.0000,0000000.0,1648.48,0.261511,65481.27,0.2499,
NK225MWE  ,OOP,20261016,65125.0,            ,131425126,0000000.0000,0000000.0,1185.07,0.232167,141425126,0000000.0000,0000000.0,1583.99,0.261921,65481.27,0.2499,
NK225MWE  ,OOP,20261016,65250.0,            ,131425226,0000000.0000,0000000.0,1247.32,0.232419,141425226,0000000.0000,0000000.0,1521.33,0.262026,65481.27,0.2499,
NK225MWE  ,OOP,20261016,65375.0,            ,131425326,0000000.0000,0000000.0,1311.41,0.23233,141425326,0000000.0000,0000000.0,1460.5,0.261831,65481.27,0.2499,
NK225MWE  ,OOP,20261016,65500.0,            ,131425526,0000000.0000,0000000.0,1377.31,0.232793,141425526,0000000.0000,0000000.0,1401.48,0.262224,65481.27,0.2499,
NK225MWE  ,OOP,20261016,65625.0,            ,131425626,0000000.0000,0000000.0,1445.01,0.232919,141425626,0000000.0000,0000000.0,1344.26,0.262319,65481.27,0.2499,
NK225MWE  ,OOP,20261016,65750.0,            ,131425726,0000000.0000,0000000.0,1514.47,0.233598,141425726,0000000.0000,0000000.0,1288.8,0.263005,65481.27,0.2499,
NK225MWE  ,OOP,20261016,65875.0,            ,131425826,0000000.0000,0000000.0,1585.7,0.233057,141425826,0000000.0000,0000000.0,1235.11,0.262507,65481.27,0.2499,
NK225MWE  ,OOP,20261016,66000.0,            ,131426026,0000000.0000,0000000.0,1658.66,0.233965,141426026,0000000.0000,0000000.0,1183.15,0.263495,65481.27,0.2499,
NK225MWE  ,OOP,20261016,66125.0,            ,131426126,0000000.0000,0000000.0,1724.57,0.231858,141426126,0000000.0000,0000000.0,1124.15,0.261511,65481.27,0.2499,
NK225MWE  ,OOP,20261016,66250.0,            ,131426226,0000000.0000,0000000.0,1792.26,0.230295,141426226,0000000.0000,0000000.0,1066.92,0.260113,65481.27,0.2499,
NK225MWE  ,OOP,20261016,66375.0,            ,131426326,0000000.0000,0000000.0,1861.75,0.229286,141426326,0000000.0000,0000000.0,1011.49,0.259309,65481.27,0.2499,
NK225MWE  ,OOP,20261016,66500.0,            ,131426526,0000000.0000,0000000.0,1933.02,0.227922,141426526,0000000.0000,0000000.0,957.84,0.258198,65481.27,0.2499,
NK225MWE  ,OOP,20261016,66625.0,            ,131426626,0000000.0000,0000000.0,2006.07,0.226192,141426626,0000000.0000,0000000.0,905.98,0.256773,65481.27,0.2499,
NK225MWE  ,OOP,20261016,66750.0,            ,131426726,0000000.0000,0000000.0,2080.92,0.224079,141426726,0000000.0000,0000000.0,855.9,0.255022,65481.27,0.2499,
NK225MWE  ,OOP,20261016,66875.0,            ,131426826,0000000.0000,0000000.0,2157.54,0.222523,141426826,0000000.0000,0000000.0,807.6,0.253876,65481.27,0.2499,
NK225MWE  ,OOP,20261016,67000.0,            ,131427026,0000000.0000,0000000.0,2235.93,0.220573,141427026,0000850.0000,0000000.0,761.08,0.252402,65481.27,0.2499,
NK225MWE  ,OOP,20261016,67125.0,            ,131427126,0000000.0000,0000000.0,2325.79,0.221197,141427126,0000000.0000,0000000.0,726.02,0.253489,65481.27,0.2499,
NK225MWE  ,OOP,20261016,67250.0,            ,131427226,0000000.0000,0000000.0,2417.07,0.221501,141427226,0000000.0000,0000000.0,692.39,0.254308,65481.27,0.2499,
NK225MWE  ,OOP,20261016,67375.0,            ,131427326,0000000.0000,0000000.0,2509.75,0.221476,141427326,0000000.0000,0000000.0,660.15,0.254856,65481.27,0.2499,
NK225MWE  ,OOP,20261016,67500.0,            ,131427526,0000000.0000,0000000.0,2603.78,0.221108,141427526,0000000.0000,0000000.0,629.25,0.255127,65481.27,0.2499,
NK225MWE  ,OOP,20261016,67625.0,            ,131427626,0000000.0000,0000000.0,2689.36,0.219292,141427626,0000000.0000,0000000.0,589.92,0.254083,65481.27,0.2499,
NK225MWE  ,OOP,20261016,67750.0,            ,131427726,0000000.0000,0000000.0,2776.61,0.217029,141427726,0000000.0000,0000000.0,552.25,0.252704,65481.27,0.2499,
NK225MWE  ,OOP,20261016,67875.0,            ,131427826,0000000.0000,0000000.0,2865.5,0.214279,141427826,0000000.0000,0000000.0,516.23,0.252047,65481.27,0.2499,
NK225MWE  ,OOP,20261016,68000.0,            ,131428026,0000000.0000,0000000.0,2956.02,0.212197,141428026,0000000.0000,0000000.0,481.82,0.249962,65481.27,0.2499,
NK225MWE  ,OOP,20261016,68125.0,            ,131428126,0000000.0000,0000000.0,3050.43,0.209607,141428126,0000000.0000,0000000.0,451.31,0.249739,65481.27,0.2499,
NK225MWE  ,OOP,20261016,68250.0,            ,131428226,0000000.0000,0000000.0,3146.27,0.207765,141428226,0000000.0000,0000000.0,422.24,0.249208,65481.27,0.2499,
NK225MWE  ,OOP,20261016,68375.0,            ,131428326,0000000.0000,0000000.0,3243.52,0.205406,141428326,0000000.0000,0000000.0,394.57,0.248352,65481.27,0.2499,
NK225MWE  ,OOP,20261016,68500.0,            ,131428526,0000000.0000,0000000.0,3342.15,0.20391,141428526,0000000.0000,0000000.0,368.28,0.247151,65481.27,0.2499,
NK225MWE  ,OOP,20261016,68625.0,            ,131428626,0000000.0000,0000000.0,3442.1,0.200375,141428626,0000000.0000,0000000.0,343.31,0.246844,65481.27,0.2499,
NK225MWE  ,OOP,20261016,68750.0,            ,131428726,0000000.0000,0000000.0,3543.35,0.197689,141428726,0000000.0000,0000000.0,319.64,0.246221,65481.27,0.2499,
NK225MWE  ,OOP,20261016,68875.0,            ,131428826,0000000.0000,0000000.0,3645.86,0.194299,141428826,0000000.0000,0000000.0,297.23,0.24526,65481.27,0.2499,
NK225MWE  ,OOP,20261016,69000.0,            ,131429026,0000000.0000,0000000.0,3749.58,0.191948,141429026,0000000.0000,0000000.0,276.04,0.243933,65481.27,0.2499,
NK225MWE  ,OOP,20261016,69125.0,            ,131429126,0000000.0000,0000000.0,3854.48,0.186815,141429126,0000000.0000,0000000.0,256.02,0.243082,65481.27,0.2499,
NK225MWE  ,OOP,20261016,69250.0,            ,131429226,0000000.0000,0000000.0,3960.53,0.182639,141429226,0000170.0000,0000000.0,237.15,0.242168,65481.27,0.2499,
NK225MWE  ,OOP,20261016,69375.0,            ,131429326,0000000.0000,0000000.0,4083.01,0.187127,141429326,0000000.0000,0000000.0,234.72,0.246479,65481.27,0.2499,
NK225MWE  ,OOP,20261021,60500.0,            ,131430527,0000000.0000,0000000.0,262.22,0.274376,141430527,0000000.0000,0000000.0,5294.76,0.322632,65481.27,0.2499,
NK225MWE  ,OOP,20261021,60625.0,            ,131430627,0000000.0000,0000000.0,278.07,0.274081,141430627,0000000.0000,0000000.0,5185.72,0.320983,65481.27,0.2499,
NK225MWE  ,OOP,20261021,60750.0,            ,131430727,0000000.0000,0000000.0,294.85,0.273865,141430727,0000000.0000,0000000.0,5077.61,0.32049,65481.27,0.2499,
NK225MWE  ,OOP,20261021,60875.0,            ,131430827,0000000.0000,0000000.0,319.92,0.275773,141430827,0000000.0000,0000000.0,4977.78,0.319807,65481.27,0.2499,
NK225MWE  ,OOP,20261021,61000.0,            ,131431027,0000000.0000,0000000.0,327.59,0.273607,141431027,0000000.0000,0000000.0,4860.56,0.316475,65481.27,0.2499,
NK225MWE  ,OOP,20261021,61125.0,            ,131431127,0000000.0000,0000000.0,331.18,0.268225,141431127,0000000.0000,0000000.0,4739.25,0.310618,65481.27,0.2499,
NK225MWE  ,OOP,20261021,61250.0,            ,131431227,0000000.0000,0000000.0,372.64,0.273767,141431227,0000000.0000,0000000.0,4655.81,0.31434,65481.27,0.2499,
NK225MWE  ,OOP,20261021,61375.0,            ,131431327,0000000.0000,0000000.0,378.15,0.26955,141431327,0000000.0000,0000000.0,4536.43,0.309527,65481.27,0.2499,
NK225MWE  ,OOP,20261021,61500.0,            ,131431527,0000000.0000,0000000.0,378.46,0.263981,141431527,0000000.0000,0000000.0,4411.85,0.303512,65481.27,0.2499,
NK225MWE  ,OOP,20261021,61625.0,            ,131431627,0000000.0000,0000000.0,420.9,0.268514,141431627,0000000.0000,0000000.0,4329.39,0.307684,65481.27,0.2499,
NK225MWE  ,OOP,20261021,61750.0,            ,131431727,0000000.0000,0000000.0,426.85,0.264018,141431727,0000000.0000,0000000.0,4210.45,0.302636,65481.27,0.2499,
NK225MWE  ,OOP,20261021,61875.0,            ,131431827,0000000.0000,0000000.0,435.86,0.260672,141431827,0000000.0000,0000000.0,4094.57,0.297541,65481.27,0.2499,
NK225MWE  ,OOP,20261021,62000.0,            ,131432027,0000000.0000,0000000.0,451.08,0.258407,141432027,0000000.0000,0000000.0,3984.89,0.294554,65481.27,0.2499,
NK225MWE  ,OOP,20261021,62125.0,            ,131432127,0000000.0000,0000000.0,497.73,0.262837,141432127,0000000.0000,0000000.0,3906.65,0.297774,65481.27,0.2499,
NK225MWE  ,OOP,20261021,62250.0,            ,131432227,0000000.0000,0000000.0,521.25,0.261258,141432227,0000000.0000,0000000.0,3805.28,0.296528,65481.27,0.2499,
NK225MWE  ,OOP,20261021,62375.0,            ,131432327,0000000.0000,0000000.0,525.86,0.256249,141432327,0000000.0000,0000000.0,3684.99,0.29004,65481.27,0.2499,
NK225MWE  ,OOP,20261021,62500.0,            ,131432527,0000000.0000,0000000.0,531.65,0.251181,141432527,0000000.0000,0000000.0,3565.88,0.284526,65481.27,0.2499,
NK225MWE  ,OOP,20261021,62625.0,            ,131432627,0000000.0000,0000000.0,578.2,0.254445,141432627,0000000.0000,0000000.0,3487.54,0.286865,65481.27,0.2499,
NK225MWE  ,OOP,20261021,62750.0,            ,131432727,0000000.0000,0000000.0,587.16,0.24914,141432727,0000000.0000,0000000.0,3371.61,0.282119,65481.27,0.2499,
NK225MWE  ,OOP,20261021,62875.0,            ,131432827,0000000.0000,0000000.0,597.03,0.244781,141432827,0000000.0000,0000000.0,3256.58,0.27729,65481.27,0.2499,
NK225MWE  ,OOP,20261021,63000.0,            ,131433027,0000000.0000,0000000.0,649.71,0.248231,141433027,0000000.0000,0000000.0,3184.37,0.279916,65481.27,0.2499,
NK225MWE  ,OOP,20261021,63125.0,            ,131433127,0000000.0000,0000000.0,659.8,0.243564,141433127,0000000.0000,0000000.0,3069.56,0.274825,65481.27,0.2499,
NK225MWE  ,OOP,20261021,63250.0,            ,131433227,0000000.0000,0000000.0,693.32,0.243552,141433227,0000000.0000,0000000.0,2978.19,0.273307,65481.27,0.2499,
NK225MWE  ,OOP,20261021,63375.0,            ,131433327,0000000.0000,0000000.0,705.78,0.238622,141433327,0000000.0000,0000000.0,2865.76,0.267994,65481.27,0.2499,
NK225MWE  ,OOP,20261021,63500.0,            ,131433527,0000000.0000,0000000.0,772.16,0.243667,141433527,0000000.0000,0000000.0,2807.24,0.272373,65481.27,0.2499,
NK225MWE  ,OOP,20261021,63625.0,            ,131433627,0000000.0000,0000000.0,772.8,0.236599,141433627,0000000.0000,0000000.0,2682.99,0.265011,65481.27,0.2499,
NK225MWE  ,OOP,20261021,63750.0,            ,131433727,0000000.0000,0000000.0,801.17,0.233913,141433727,0000000.0000,0000000.0,2586.46,0.262793,65481.27,0.2499,
NK225MWE  ,OOP,20261021,63875.0,            ,131433827,0000000.0000,0000000.0,865.39,0.237155,141433827,0000000.0000,0000000.0,2525.79,0.265524,65481.27,0.2499,
NK225MWE  ,OOP,20261021,64000.0,            ,131434027,0000000.0000,0000000.0,929.21,0.240879,141434027,0000000.0000,0000000.0,2464.72,0.267946,65481.27,0.2499,
NK225MWE  ,OOP,20261021,64125.0,            ,131434127,0000000.0000,0000000.0,937.67,0.234096,141434127,0000000.0000,0000000.0,2348.29,0.261739,65481.27,0.2499,
NK225MWE  ,OOP,20261021,64250.0,            ,131434227,0000000.0000,0000000.0,988.08,0.23474,141434227,0000000.0000,0000000.0,2273.8,0.261206,65481.27,0.2499,
NK225MWE  ,OOP,20261021,64375.0,            ,131434327,0000000.0000,0000000.0,1038.77,0.234278,141434327,0000000.0000,0000000.0,2199.6,0.261264,65481.27,0.2499,
NK225MWE  ,OOP,20261021,64500.0,            ,131434527,0000000.0000,0000000.0,1090.65,0.23438,141434527,0000000.0000,0000000.0,2126.58,0.261083,65481.27,0.2499,
NK225MWE  ,OOP,20261021,64625.0,            ,131434627,0000000.0000,0000000.0,1145.22,0.235025,141434627,0000000.0000,0000000.0,2056.26,0.261473,65481.27,0.2499,
NK225MWE  ,OOP,20261021,64750.0,            ,131434727,0000000.0000,0000000.0,1200.98,0.235396,141434727,0000000.0000,0000000.0,1987.12,0.260823,65481.27,0.2499,
NK225MWE  ,OOP,20261021,64875.0,            ,131434827,0000000.0000,0000000.0,1258.83,0.235501,141434827,0000000.0000,0000000.0,1920.08,0.261534,65481.27,0.2499,
NK225MWE  ,OOP,20261021,65000.0,            ,131435027,0000000.0000,0000000.0,1317.24,0.235345,141435027,0000000.0000,0000000.0,1853.59,0.261213,65481.27,0.2499,
NK225MWE  ,OOP,20261021,65125.0,            ,131435127,0000000.0000,0000000.0,1377.75,0.235718,141435127,0000000.0000,0000000.0,1789.21,0.261447,65481.27,0.2499,
NK225MWE  ,OOP,20261021,65250.0,            ,131435227,0000000.0000,0000000.0,1439.05,0.235829,141435227,0000000.0000,0000000.0,1725.62,0.261446,65481.27,0.2499,
NK225MWE  ,OOP,20261021,65375.0,            ,131435327,0000000.0000,0000000.0,1503.07,0.235682,141435327,0000000.0000,0000000.0,1664.74,0.261212,65481.27,0.2499,
NK225MWE  ,OOP,20261021,65500.0,            ,131435527,0000000.0000,0000000.0,1568.23,0.236059,141435527,0000000.0000,0000000.0,1605.01,0.261529,65481.27,0.2499,
NK225MWE  ,OOP,20261021,65625.0,            ,131435627,0000000.0000,0000000.0,1634.82,0.236179,141435627,0000000.0000,0000000.0,1546.7,0.261613,65481.27,0.2499,
NK225MWE  ,OOP,20261021,65750.0,            ,131435727,0000000.0000,0000000.0,1702.2,0.236045,141435727,0000000.0000,0000000.0,1489.19,0.261469,65481.27,0.2499,
NK225MWE  ,OOP,20261021,65875.0,            ,131435827,0000000.0000,0000000.0,1774.14,0.236437,141435827,0000000.0000,0000000.0,1436.24,0.261874,65481.27,0.2499,
NK225MWE  ,OOP,20261021,66000.0,            ,131436027,0000000.0000,0000000.0,1845.28,0.235795,141436027,0000000.0000,0000000.0,1382.48,0.261271,65481.27,0.2499,
NK225MWE  ,OOP,20261021,66125.0,            ,131436127,0000000.0000,0000000.0,1910.84,0.234895,141436127,0000000.0000,0000000.0,1323.15,0.260436,65481.27,0.2499,
NK225MWE  ,OOP,20261021,66250.0,            ,131436227,0000000.0000,0000000.0,1978.14,0.233733,141436227,0000000.0000,0000000.0,1265.55,0.259367,65481.27,0.2499,
NK225MWE  ,OOP,20261021,66375.0,            ,131436327,0000000.0000,0000000.0,2043.41,0.232305,141436327,0000000.0000,0000000.0,1205.93,0.25806,65481.27,0.2499,
NK225MWE  ,OOP,20261021,66500.0,            ,131436527,0000000.0000,0000000.0,2112.95,0.230603,141436527,0000000.0000,0000000.0,1150.57,0.25651,65481.27,0.2499,
NK225MWE  ,OOP,20261021,66625.0,            ,131436627,0000000.0000,0000000.0,2184.24,0.229425,141436627,0000000.0000,0000000.0,1096.98,0.255512,65481.27,0.2499,
NK225MWE  ,OOP,20261021,66750.0,            ,131436727,0000000.0000,0000000.0,2257.6,0.227969,141436727,0000000.0000,0000000.0,1045.44,0.255077,65481.27,0.2499,
NK225MWE  ,OOP,20261021,66875.0,            ,131436827,0000000.0000,0000000.0,2333.63,0.227049,141436827,0000000.0000,0000000.0,996.58,0.253591,65481.27,0.2499,
NK225MWE  ,OOP,20261021,67000.0,            ,131437027,0000000.0000,0000000.0,2407.98,0.225848,141437027,0000000.0000,0000000.0,946.03,0.252668,65481.27,0.2499,
NK225MWE  ,OOP,20261021,67125.0,            ,131437127,0000000.0000,0000000.0,2495.25,0.22605,141437127,0000000.0000,0000000.0,908.4,0.253157,65481.27,0.2499,
NK225MWE  ,OOP,20261021,67250.0,            ,131437227,0000000.0000,0000000.0,2582.77,0.226,141437227,0000000.0000,0000000.0,871.03,0.253427,65481.27,0.2499,
NK225MWE  ,OOP,20261021,67375.0,            ,131437327,0000000.0000,0000000.0,2673.01,0.226561,141437327,0000000.0000,0000000.0,836.38,0.254323,65481.27,0.2499,
NK225MWE  ,OOP,20261021,67500.0,            ,131437527,0000000.0000,0000000.0,2763.15,0.225998,141437527,0000000.0000,0000000.0,801.62,0.255013,65481.27,0.2499,
NK225MWE  ,OOP,20261021,67625.0,            ,131437627,0000000.0000,0000000.0,2846.12,0.224258,141437627,0000000.0000,0000000.0,759.7,0.253753,65481.27,0.2499,
NK225MWE  ,OOP,20261021,67750.0,            ,131437727,0000000.0000,0000000.0,2930.45,0.223112,141437727,0000000.0000,0000000.0,719.14,0.252229,65481.27,0.2499,
NK225MWE  ,OOP,20261021,67875.0,            ,131437827,0000000.0000,0000000.0,3018.22,0.221659,141437827,0000000.0000,0000000.0,682.01,0.252228,65481.27,0.2499,
NK225MWE  ,OOP,20261021,68000.0,            ,131438027,0000000.0000,0000000.0,3101.7,0.218912,141438027,0000000.0000,0000000.0,640.6,0.250169,65481.27,0.2499,
NK225MWE  ,OOP,20261021,68125.0,            ,131438127,0000000.0000,0000000.0,3195.88,0.218744,141438127,0000000.0000,0000000.0,609.88,0.249675,65481.27,0.2499,
NK225MWE  ,OOP,20261021,68250.0,            ,131438227,0000000.0000,0000000.0,3284.87,0.216265,141438227,0000000.0000,0000000.0,573.98,0.248933,65481.27,0.2499,
NK225MWE  ,OOP,20261021,68375.0,            ,131438327,0000000.0000,0000000.0,3380.26,0.215484,141438327,0000000.0000,0000000.0,544.47,0.248906,65481.27,0.2499,
NK225MWE  ,OOP,20261021,68500.0,            ,131438527,0000000.0000,0000000.0,3473.68,0.213304,141438527,0000000.0000,0000000.0,513.0,0.247657,65481.27,0.2499,
NK225MWE  ,OOP,20261021,68625.0,            ,131438627,0000000.0000,0000000.0,3570.52,0.212967,141438627,0000000.0000,0000000.0,484.95,0.247141,65481.27,0.2499,
NK225MWE  ,OOP,20261021,68750.0,            ,131438727,0000000.0000,0000000.0,3665.71,0.210008,141438727,0000000.0000,0000000.0,455.24,0.246373,65481.27,0.2499,
NK225MWE  ,OOP,20261021,68875.0,            ,131438827,0000000.0000,0000000.0,3765.6,0.208987,141438827,0000000.0000,0000000.0,430.24,0.245338,65481.27,0.2499,
NK225MWE  ,OOP,20261021,69000.0,            ,131439027,0000000.0000,0000000.0,3863.57,0.206347,141439027,0000000.0000,0000000.0,403.31,0.245119,65481.27,0.2499,
NK225MWE  ,OOP,20261021,69125.0,            ,131439127,0000000.0000,0000000.0,3964.49,0.204535,141439127,0000000.0000,0000000.0,379.34,0.24466,65481.27,0.2499,
NK225MWE  ,OOP,20261021,69250.0,            ,131439227,0000000.0000,0000000.0,4066.7,0.202282,141439227,0000000.0000,0000000.0,356.66,0.243949,65481.27,0.2499,
NK225MWE  ,OOP,20261021,69375.0,            ,131439327,0000000.0000,0000000.0,4189.26,0.206795,141439327,0000000.0000,0000000.0,354.33,0.247706,65481.27,0.2499,
NK225MWE  ,OOP,20261023,61125.0,            ,131431126,0000000.0000,0000000.0,376.84,0.26889,141431126,0000000.0000,0000000.0,4789.61,0.309236,65481.27,0.2499,
NK225MWE  ,OOP,20261023,61250.0,            ,131431226,0000000.0000,0000000.0,419.43,0.273615,141431226,0000000.0000,0000000.0,4707.32,0.31243,65481.27,0.2499,
NK225MWE  ,OOP,20261023,61375.0,            ,131431326,0000000.0000,0000000.0,426.15,0.269406,141431326,0000000.0000,0000000.0,4589.16,0.307686,65481.27,0.2499,
NK225MWE  ,OOP,20261023,61500.0,            ,131431526,0000000.0000,0000000.0,427.48,0.263952,141431526,0000000.0000,0000000.0,4465.6,0.3029,65481.27,0.2499,
NK225MWE  ,OOP,20261023,61625.0,            ,131431626,0000000.0000,0000000.0,470.7,0.26898,141431626,0000000.0000,0000000.0,4383.94,0.305476,65481.27,0.2499,
NK225MWE  ,OOP,20261023,61750.0,            ,131431726,0000000.0000,0000000.0,478.23,0.264506,141431726,0000000.0000,0000000.0,4266.58,0.300519,65481.27,0.2499,
NK225MWE  ,OOP,20261023,61875.0,            ,131431826,0000000.0000,0000000.0,488.0,0.261098,141431826,0000000.0000,0000000.0,4151.47,0.296541,65481.27,0.2499,
NK225MWE  ,OOP,20261023,62000.0,            ,131432026,0000000.0000,0000000.0,504.76,0.258696,141432026,0000000.0000,0000000.0,4043.35,0.293503,65481.27,0.2499,
NK225MWE  ,OOP,20261023,62125.0,            ,131432126,0000000.0000,0000000.0,552.09,0.262534,141432126,0000000.0000,0000000.0,3965.8,0.296295,65481.27,0.2499,
NK225MWE  ,OOP,20261023,62250.0,            ,131432226,0000000.0000,0000000.0,576.66,0.261829,141432226,0000000.0000,0000000.0,3865.48,0.294909,65481.27,0.2499,
NK225MWE  ,OOP,20261023,62375.0,            ,131432326,0000000.0000,0000000.0,582.44,0.256883,141432326,0000000.0000,0000000.0,3746.37,0.289553,65481.27,0.2499,
NK225MWE  ,OOP,20261023,62500.0,            ,131432526,0000000.0000,0000000.0,590.04,0.251882,141432526,0000000.0000,0000000.0,3629.09,0.284145,65481.27,0.2499,
NK225MWE  ,OOP,20261023,62625.0,            ,131432626,0000000.0000,0000000.0,637.42,0.254677,141432626,0000000.0000,0000000.0,3551.58,0.28706,65481.27,0.2499,
NK225MWE  ,OOP,20261023,62750.0,            ,131432726,0000000.0000,0000000.0,647.55,0.250423,141432726,0000000.0000,0000000.0,3436.83,0.281457,65481.27,0.2499,
NK225MWE  ,OOP,20261023,62875.0,            ,131432826,0000000.0000,0000000.0,659.11,0.246083,141432826,0000000.0000,0000000.0,3323.5,0.277607,65481.27,0.2499,
NK225MWE  ,OOP,20261023,63000.0,            ,131433026,0000000.0000,0000000.0,712.23,0.24908,141433026,0000000.0000,0000000.0,3251.74,0.279886,65481.27,0.2499,
NK225MWE  ,OOP,20261023,63125.0,            ,131433126,0000000.0000,0000000.0,723.13,0.244464,141433126,0000000.0000,0000000.0,3137.75,0.274884,65481.27,0.2499,
NK225MWE  ,OOP,20261023,63250.0,            ,131433226,0000000.0000,0000000.0,758.41,0.244237,141433226,0000000.0000,0000000.0,3048.15,0.27413,65481.27,0.2499,
NK225MWE  ,OOP,20261023,63375.0,            ,131433326,0000000.0000,0000000.0,771.83,0.239381,141433326,0000000.0000,0000000.0,2936.69,0.268915,65481.27,0.2499,
NK225MWE  ,OOP,20261023,63500.0,            ,131433526,0000000.0000,0000000.0,838.44,0.243964,141433526,0000000.0000,0000000.0,2878.42,0.272892,65481.27,0.2499,
NK225MWE  ,OOP,20261023,63625.0,            ,131433626,0000000.0000,0000000.0,840.42,0.237095,141433626,0000000.0000,0000000.0,2755.51,0.265742,65481.27,0.2499,
NK225MWE  ,OOP,20261023,63750.0,            ,131433726,0000000.0000,0000000.0,870.71,0.235223,141433726,0000000.0000,0000000.0,2660.91,0.263479,65481.27,0.2499,
NK225MWE  ,OOP,20261023,63875.0,            ,131433826,0000000.0000,0000000.0,934.24,0.238131,141433826,0000000.0000,0000000.0,2599.56,0.265933,65481.27,0.2499,
NK225MWE  ,OOP,20261023,64000.0,            ,131434026,0000000.0000,0000000.0,998.31,0.241524,141434026,0000000.0000,0000000.0,2538.74,0.268912,65481.27,0.2499,
NK225MWE  ,OOP,20261023,64125.0,            ,131434126,0000000.0000,0000000.0,1007.69,0.234933,141434126,0000000.0000,0000000.0,2423.24,0.262076,65481.27,0.2499,
NK225MWE  ,OOP,20261023,64250.0,            ,131434226,0000000.0000,0000000.0,1059.06,0.235423,141434226,0000000.0000,0000000.0,2349.73,0.262245,65481.27,0.2499,
NK225MWE  ,OOP,20261023,64375.0,            ,131434326,0000000.0000,0000000.0,1110.02,0.235658,141434326,0000000.0000,0000000.0,2275.8,0.262194,65481.27,0.2499,
NK225MWE  ,OOP,20261023,64500.0,            ,131434526,0000000.0000,0000000.0,1161.89,0.235648,141434526,0000000.0000,0000000.0,2202.78,0.261926,65481.27,0.2499,
NK225MWE  ,OOP,20261023,64625.0,            ,131434626,0000000.0000,0000000.0,1216.88,0.23617,141434626,0000000.0000,0000000.0,2132.9,0.262216,65481.27,0.2499,
NK225MWE  ,OOP,20261023,64750.0,            ,131434726,0000000.0000,0000000.0,1272.77,0.236445,141434726,0000000.0000,0000000.0,2063.9,0.261521,65481.27,0.2499,
NK225MWE  ,OOP,20261023,64875.0,            ,131434826,0000000.0000,0000000.0,1330.92,0.236477,141434826,0000000.0000,0000000.0,1997.17,0.262139,65481.27,0.2499,
NK225MWE  ,OOP,20261023,65000.0,            ,131435026,0000000.0000,0000000.0,1389.04,0.236272,141435026,0000000.0000,0000000.0,1930.4,0.26178,65481.27,0.2499,
NK225MWE  ,OOP,20261023,65125.0,            ,131435126,0000000.0000,0000000.0,1449.42,0.236585,141435126,0000000.0000,0000000.0,1865.89,0.261963,65481.27,0.2499,
NK225MWE  ,OOP,20261023,65250.0,            ,131435226,0000000.0000,0000000.0,1510.14,0.235909,141435226,0000000.0000,0000000.0,1801.73,0.261181,65481.27,0.2499,
NK225MWE  ,OOP,20261023,65375.0,            ,131435326,0000000.0000,0000000.0,1574.04,0.236498,141435326,0000000.0000,0000000.0,1740.74,0.261686,65481.27,0.2499,
NK225MWE  ,OOP,20261023,65500.0,            ,131435526,0000000.0000,0000000.0,1638.79,0.236103,141435526,0000000.0000,0000000.0,1680.61,0.261231,65481.27,0.2499,
NK225MWE  ,OOP,20261023,65625.0,            ,131435626,0000000.0000,0000000.0,1704.84,0.236221,141435626,0000000.0000,0000000.0,1621.78,0.261312,65481.27,0.2499,
NK225MWE  ,OOP,20261023,65750.0,            ,131435726,0000000.0000,0000000.0,1771.26,0.236106,141435726,0000000.0000,0000000.0,1563.31,0.261181,65481.27,0.2499,
NK225MWE  ,OOP,20261023,65875.0,            ,131435826,0000000.0000,0000000.0,1843.56,0.236505,141435826,0000000.0000,0000000.0,1510.73,0.261588,65481.27,0.2499,
NK225MWE  ,OOP,20261023,66000.0,            ,131436026,0000000.0000,0000000.0,1913.92,0.236673,141436026,0000000.0000,0000000.0,1456.2,0.261785,65481.27,0.2499,
NK225MWE  ,OOP,20261023,66125.0,            ,131436126,0000000.0000,0000000.0,1979.53,0.235107,141436126,0000000.0000,0000000.0,1396.93,0.261024,65481.27,0.2499,
NK225MWE  ,OOP,20261023,66250.0,            ,131436226,0000000.0000,0000000.0,2046.91,0.234808,141436226,0000000.0000,0000000.0,1339.42,0.260049,65481.27,0.2499,
NK225MWE  ,OOP,20261023,66375.0,            ,131436326,0000000.0000,0000000.0,2110.51,0.232756,141436326,0000000.0000,0000000.0,1278.14,0.258103,65481.27,0.2499,
NK225MWE  ,OOP,20261023,66500.0,            ,131436526,0000000.0000,0000000.0,2179.56,0.23121,141436526,0000000.0000,0000000.0,1222.31,0.256689,65481.27,0.2499,
NK225MWE  ,OOP,20261023,66625.0,            ,131436626,0000000.0000,0000000.0,2250.38,0.230178,141436626,0000000.0000,0000000.0,1168.24,0.255812,65481.27,0.2499,
NK225MWE  ,OOP,20261023,66750.0,            ,131436726,0000000.0000,0000000.0,2323.43,0.228895,141436726,0000000.0000,0000000.0,1116.4,0.254713,65481.27,0.2499,
NK225MWE  ,OOP,20261023,66875.0,            ,131436826,0000000.0000,0000000.0,2399.61,0.228137,141436826,0000000.0000,0000000.0,1067.7,0.254163,65481.27,0.2499,
NK225MWE  ,OOP,20261023,67000.0,            ,131437026,0000000.0000,0000000.0,2472.52,0.226334,141437026,0000000.0000,0000000.0,1015.72,0.252611,65481.27,0.2499,
NK225MWE  ,OOP,20261023,67125.0,            ,131437126,0000000.0000,0000000.0,2558.86,0.226662,141437126,0000000.0000,0000000.0,977.19,0.253189,65481.27,0.2499,
NK225MWE  ,OOP,20261023,67250.0,            ,131437226,0000000.0000,0000000.0,2644.95,0.226762,141437226,0000000.0000,0000000.0,938.39,0.253567,65481.27,0.2499,
NK225MWE  ,OOP,20261023,67375.0,            ,131437326,0000000.0000,0000000.0,2734.37,0.227454,141437326,0000000.0000,0000000.0,902.92,0.25455,65481.27,0.2499,
NK225MWE  ,OOP,20261023,67500.0,            ,131437526,0000000.0000,0000000.0,2823.03,0.227097,141437526,0000000.0000,0000000.0,866.7,0.254531,65481.27,0.2499,
NK225MWE  ,OOP,20261023,67625.0,            ,131437626,0000000.0000,0000000.0,2905.34,0.225644,141437626,0000000.0000,0000000.0,824.13,0.253479,65481.27,0.2499,
NK225MWE  ,OOP,20261023,67750.0,            ,131437726,0000000.0000,0000000.0,2988.91,0.223905,141437726,0000000.0000,0000000.0,782.81,0.253029,65481.27,0.2499,
NK225MWE  ,OOP,20261023,67875.0,            ,131437826,0000000.0000,0000000.0,3076.8,0.223633,141437826,0000000.0000,0000000.0,745.82,0.252358,65481.27,0.2499,
NK225MWE  ,OOP,20261023,68000.0,            ,131438026,0000000.0000,0000000.0,3157.56,0.220403,141438026,0000000.0000,0000000.0,701.69,0.250595,65481.27,0.2499,
NK225MWE  ,OOP,20261023,68125.0,            ,131438126,0000000.0000,0000000.0,3252.29,0.220494,141438126,0000000.0000,0000000.0,671.54,0.250323,65481.27,0.2499,
NK225MWE  ,OOP,20261023,68250.0,            ,131438226,0000000.0000,0000000.0,3338.59,0.218456,141438226,0000000.0000,0000000.0,632.95,0.248939,65481.27,0.2499,
NK225MWE  ,OOP,20261023,68375.0,            ,131438326,0000000.0000,0000000.0,3433.76,0.217049,141438326,0000000.0000,0000000.0,603.24,0.249118,65481.27,0.2499,
NK225MWE  ,OOP,20261023,68500.0,            ,131438526,0000000.0000,0000000.0,3525.32,0.215325,141438526,0000000.0000,0000000.0,569.91,0.248167,65481.27,0.2499,
NK225MWE  ,OOP,20261023,68625.0,            ,131438626,0000000.0000,0000000.0,3621.34,0.214297,141438626,0000000.0000,0000000.0,541.05,0.247918,65481.27,0.2499,
NK225MWE  ,OOP,20261023,68750.0,            ,131438726,0000000.0000,0000000.0,3714.23,0.212964,141438726,0000000.0000,0000000.0,509.06,0.246482,65481.27,0.2499,
NK225MWE  ,OOP,20261023,68875.0,            ,131438826,0000000.0000,0000000.0,3813.56,0.211303,141438826,0000000.0000,0000000.0,483.5,0.246756,65481.27,0.2499,
NK225MWE  ,OOP,20261023,69000.0,            ,131439026,0000000.0000,0000000.0,3909.38,0.209282,141439026,0000000.0000,0000000.0,454.44,0.245821,65481.27,0.2499,
NK225MWE  ,OOP,20261023,69125.0,            ,131439126,0000000.0000,0000000.0,4009.05,0.208059,141439126,0000000.0000,0000000.0,429.23,0.244632,65481.27,0.2499,
NK225MWE  ,OOP,20261023,69250.0,            ,131439226,0000000.0000,0000000.0,4110.09,0.206497,141439226,0000000.0000,0000000.0,405.37,0.244242,65481.27,0.2499,
NK225MWE  ,OOP,20261023,69375.0,            ,131439326,0000000.0000,0000000.0,4230.05,0.208431,141439326,0000000.0000,0000000.0,400.46,0.247985,65481.27,0.2499,
NK225MWE  ,OOP,20261030,62500.0,            ,131442526,0000000.0000,0000000.0,789.67,0.255592,141442526,0000000.0000,0000000.0,3845.56,0.282213,65481.27,0.2499,
NK225MWE  ,OOP,20261030,62625.0,            ,131442626,0000000.0000,0000000.0,837.19,0.258087,141442626,0000000.0000,0000000.0,3768.23,0.283397,65481.27,0.2499,
NK225MWE  ,OOP,20261030,62750.0,            ,131442726,0000000.0000,0000000.0,852.3,0.253935,141442726,0000000.0000,0000000.0,3658.49,0.279737,65481.27,0.2499,
NK225MWE  ,OOP,20261030,62875.0,            ,131442826,0000000.0000,0000000.0,871.07,0.251298,141442826,0000000.0000,0000000.0,3552.41,0.276,65481.27,0.2499,
NK225MWE  ,OOP,20261030,63000.0,            ,131443026,0001160.0000,0000000.0,922.75,0.25322,141443026,0000000.0000,0000000.0,3479.24,0.277496,65481.27,0.2499,
NK225MWE  ,OOP,20261030,63125.0,            ,131443126,0000000.0000,0000000.0,937.06,0.249548,141443126,0000000.0000,0000000.0,3368.69,0.27355,65481.27,0.2499,
NK225MWE  ,OOP,20261030,63250.0,            ,131443226,0000000.0000,0000000.0,978.25,0.249573,141443226,0000000.0000,0000000.0,3285.03,0.273232,65481.27,0.2499,
NK225MWE  ,OOP,20261030,63375.0,            ,131443326,0000000.0000,0000000.0,995.74,0.245684,141443326,0000000.0000,0000000.0,3177.68,0.269091,65481.27,0.2499,
NK225MWE  ,OOP,20261030,63500.0,            ,131443526,0000000.0000,0000000.0,1059.94,0.248346,141443526,0000000.0000,0000000.0,3117.03,0.272124,65481.27,0.2499,
NK225MWE  ,OOP,20261030,63625.0,            ,131443626,0000000.0000,0000000.0,1068.36,0.243479,141443626,0000000.0000,0000000.0,3000.6,0.266315,65481.27,0.2499,
NK225MWE  ,OOP,20261030,63750.0,            ,131443726,0000000.0000,0000000.0,1106.02,0.242142,141443726,0000000.0000,0000000.0,2913.41,0.26543,65481.27,0.2499,
NK225MWE  ,OOP,20261030,63875.0,            ,131443826,0000000.0000,0000000.0,1164.02,0.243501,141443826,0000000.0000,0000000.0,2846.55,0.266507,65481.27,0.2499,
NK225MWE  ,OOP,20261030,64000.0,            ,131444026,0000000.0000,0000000.0,1226.83,0.246054,141444026,0000000.0000,0000000.0,2784.52,0.268094,65481.27,0.2499,
NK225MWE  ,OOP,20261030,64125.0,            ,131444126,0000000.0000,0000000.0,1240.73,0.240702,141444126,0000000.0000,0000000.0,2673.56,0.263257,65481.27,0.2499,
NK225MWE  ,OOP,20261030,64250.0,            ,131444226,0000000.0000,0000000.0,1294.86,0.241489,141444226,0000000.0000,0000000.0,2602.84,0.263139,65481.27,0.2499,
NK225MWE  ,OOP,20261030,64375.0,            ,131444326,0000000.0000,0000000.0,1345.85,0.240708,141444326,0000000.0000,0000000.0,2528.98,0.262853,65481.27,0.2499,
NK225MWE  ,OOP,20261030,64500.0,            ,131444526,0000000.0000,0000000.0,1396.69,0.240436,141444526,0000000.0000,0000000.0,2454.97,0.262405,65481.27,0.2499,
NK225MWE  ,OOP,20261030,64625.0,            ,131444626,0000000.0000,0000000.0,1452.51,0.240662,141444626,0000000.0000,0000000.0,2385.93,0.262468,65481.27,0.2499,
NK225MWE  ,OOP,20261030,64750.0,            ,131444726,0000000.0000,0000000.0,1508.18,0.240704,141444726,0000000.0000,0000000.0,2316.76,0.262363,65481.27,0.2499,
NK225MWE  ,OOP,20261030,64875.0,            ,131444826,0000000.0000,0000000.0,1566.81,0.240563,141444826,0000000.0000,0000000.0,2250.54,0.262093,65481.27,0.2499,
NK225MWE  ,OOP,20261030,65000.0,            ,131445026,0000000.0000,0000000.0,1623.22,0.240243,141445026,0000000.0000,0000000.0,2182.1,0.261659,65481.27,0.2499,
NK225MWE  ,OOP,20261030,65125.0,            ,131445126,0000000.0000,0000000.0,1682.57,0.240407,141445126,0000000.0000,0000000.0,2116.6,0.261725,65481.27,0.2499,
NK225MWE  ,OOP,20261030,65250.0,            ,131445226,0000000.0000,0000000.0,1740.59,0.239731,141445226,0000000.0000,0000000.0,2049.77,0.260964,65481.27,0.2499,
NK225MWE  ,OOP,20261030,65375.0,            ,131445326,0000000.0000,0000000.0,1803.68,0.239536,141445326,0000000.0000,0000000.0,1988.0,0.260701,65481.27,0.2499,
NK225MWE  ,OOP,20261030,65500.0,            ,131445526,0000000.0000,0000000.0,1866.59,0.239821,141445526,0000000.0000,0000000.0,1926.06,0.260932,65481.27,0.2499,
NK225MWE  ,OOP,20261030,65625.0,            ,131445626,0000000.0000,0000000.0,1930.36,0.239269,141445626,0000000.0000,0000000.0,1864.98,0.260341,65481.27,0.2499,
NK225MWE  ,OOP,20261030,65750.0,            ,131445726,0000000.0000,0000000.0,1992.88,0.23854,141445726,0000000.0000,0000000.0,1802.65,0.259587,65481.27,0.2499,
NK225MWE  ,OOP,20261030,65875.0,            ,131445826,0000000.0000,0000000.0,2066.74,0.239604,141445826,0000000.0000,0000000.0,1751.66,0.26064,65481.27,0.2499,
NK225MWE  ,OOP,20261030,66000.0,            ,131446026,0000000.0000,0000000.0,2134.1,0.239176,141446026,0000000.0000,0000000.0,1694.17,0.260216,65481.27,0.2499,
NK225MWE  ,OOP,20261030,66125.0,            ,131446126,0000000.0000,0000000.0,2200.55,0.23857,141446126,0000000.0000,0000000.0,1635.77,0.259629,65481.27,0.2499,
NK225MWE  ,OOP,20261030,66250.0,            ,131446226,0000000.0000,0000000.0,2268.92,0.237784,141446226,0000000.0000,0000000.0,1579.29,0.258876,65481.27,0.2499,
NK225MWE  ,OOP,20261030,66375.0,            ,131446326,0000000.0000,0000000.0,2326.54,0.235488,141446326,0000000.0000,0000000.0,1512.06,0.256634,65481.27,0.2499,
NK225MWE  ,OOP,20261030,66500.0,            ,131446526,0000000.0000,0000000.0,2394.52,0.234996,141446526,0000000.0000,0000000.0,1455.19,0.256206,65481.27,0.2499,
NK225MWE  ,OOP,20261030,66625.0,            ,131446626,0000000.0000,0000000.0,2464.41,0.233651,141446626,0000000.0000,0000000.0,1400.23,0.254945,65481.27,0.2499,
NK225MWE  ,OOP,20261030,66750.0,            ,131446726,0000000.0000,0000000.0,2537.28,0.232786,141446726,0000000.0000,0000000.0,1348.25,0.254851,65481.27,0.2499,
NK225MWE  ,OOP,20261030,66875.0,            ,131446826,0000000.0000,0000000.0,2615.23,0.23309,141446826,0000000.0000,0000000.0,1301.35,0.254592,65481.27,0.2499,
NK225MWE  ,OOP,20261030,67000.0,            ,131447026,0000000.0000,0000000.0,2683.51,0.231167,141447026,0000000.0000,0000000.0,1244.78,0.252811,65481.27,0.2499,
NK225MWE  ,OOP,20261030,67125.0,            ,131447126,0000000.0000,0000000.0,2766.94,0.231105,141447126,0000000.0000,0000000.0,1203.35,0.253576,65481.27,0.2499,
NK225MWE  ,OOP,20261030,67250.0,            ,131447226,0000000.0000,0000000.0,2847.95,0.230864,141447226,0000000.0000,0000000.0,1159.51,0.253502,65481.27,0.2499,
NK225MWE  ,OOP,20261030,67375.0,            ,131447326,0000000.0000,0000000.0,2934.96,0.231144,141447326,0000000.0000,0000000.0,1121.67,0.253959,65481.27,0.2499,
NK225MWE  ,OOP,20261030,67500.0,            ,131447526,0000000.0000,0000000.0,3018.49,0.231252,141447526,0000000.0000,0000000.0,1080.35,0.253563,65481.27,0.2499,
NK225MWE  ,OOP,20261030,67625.0,            ,131447626,0000000.0000,0000000.0,3099.76,0.230467,141447626,0000000.0000,0000000.0,1036.77,0.252998,65481.27,0.2499,
NK225MWE  ,OOP,20261030,67750.0,            ,131447726,0000000.0000,0000000.0,3181.89,0.229486,141447726,0000000.0000,0000000.0,994.05,0.252262,65481.27,0.2499,
NK225MWE  ,OOP,20261030,67875.0,            ,131447826,0000000.0000,0000000.0,3272.14,0.22978,141447826,0000000.0000,0000000.0,959.45,0.252794,65481.27,0.2499,
NK225MWE  ,OOP,20261030,68000.0,            ,131448026,0000000.0000,0000000.0,3343.44,0.226152,141448026,0000000.0000,0000000.0,905.89,0.250255,65481.27,0.2499,
NK225MWE  ,OOP,20261030,68125.0,            ,131448126,0000000.0000,0000000.0,3442.3,0.227576,141448126,0000000.0000,0000000.0,879.9,0.251933,65481.27,0.2499,
NK225MWE  ,OOP,20261030,68250.0,            ,131448226,0000000.0000,0000000.0,3519.12,0.22499,141448226,0000000.0000,0000000.0,831.88,0.249748,65481.27,0.2499,
NK225MWE  ,OOP,20261030,68375.0,            ,131448326,0000000.0000,0000000.0,3615.32,0.225296,141448326,0000000.0000,0000000.0,803.23,0.250383,65481.27,0.2499,
NK225MWE  ,OOP,20261030,68500.0,            ,131448526,0000000.0000,0000000.0,3700.95,0.223825,141448526,0000000.0000,0000000.0,764.0,0.248562,65481.27,0.2499,
NK225MWE  ,OOP,20261030,68625.0,            ,131448626,0000000.0000,0000000.0,3795.54,0.22294,141448626,0000000.0000,0000000.0,733.74,0.248877,65481.27,0.2499,
NK225MWE  ,OOP,20261030,68750.0,            ,131448726,0000000.0000,0000000.0,3880.65,0.220999,141448726,0000000.0000,0000000.0,694.0,0.24745,65481.27,0.2499,
NK225MWE  ,OOP,20261030,68875.0,            ,131448826,0000000.0000,0000000.0,3979.74,0.221373,141448826,0000000.0000,0000000.0,668.24,0.247437,65481.27,0.2499,
NK225MWE  ,OOP,20261030,69000.0,            ,131449026,0000000.0000,0000000.0,4068.38,0.218945,141449026,0000000.0000,0000000.0,632.04,0.246438,65481.27,0.2499,
NK225MWE  ,OOP,20261030,69125.0,            ,131449126,0000000.0000,0000000.0,4164.83,0.218024,141449126,0000000.0000,0000000.0,603.63,0.246085,65481.27,0.2499,
NK225MWE  ,OOP,20261030,69250.0,            ,131449226,0000000.0000,0000000.0,4262.96,0.216876,141449226,0000000.0000,0000000.0,576.91,0.245558,65481.27,0.2499,
NK225MWE  ,OOP,20261030,69375.0,            ,131449326,0000000.0000,0000000.0,4385.96,0.221175,141449326,0000000.0000,0000000.0,575.06,0.250066,65481.27,0.2499,
NK225MWE  ,OOP,20261113,60500.0,            ,181460526,0000700.0000,0000000.0,699.99,0.282577,191460526,0000000.0000,0000000.0,5819.34,0.287915,65481.27,0.2499,
NK225MWE  ,OOP,20261113,60625.0,            ,181460626,0000000.0000,0000000.0,753.07,0.281315,191460626,0000000.0000,0000000.0,5714.38,0.286542,65481.27,0.2499,
NK225MWE  ,OOP,20261113,60750.0,            ,181460726,0000000.0000,0000000.0,765.88,0.27934,191460726,0000000.0000,0000000.0,5611.77,0.285093,65481.27,0.2499,
NK225MWE  ,OOP,20261113,60875.0,            ,181460826,0000000.0000,0000000.0,799.75,0.27931,191460826,0000000.0000,0000000.0,5511.5,0.284319,65481.27,0.2499,
NK225MWE  ,OOP,20261113,61000.0,            ,181461026,0000790.0000,0000000.0,789.99,0.277801,191461026,0000000.0000,0000000.0,5408.84,0.28345,65481.27,0.2499,
NK225MWE  ,OOP,20261113,61125.0,            ,181461126,0000000.0000,0000000.0,846.34,0.276953,191461126,0000000.0000,0000000.0,5308.52,0.282489,65481.27,0.2499,
NK225MWE  ,OOP,20261113,61250.0,            ,181461226,0000980.0000,0000000.0,870.09,0.274557,191461226,0000000.0000,0000000.0,5212.94,0.282155,65481.27,0.2499,
NK225MWE  ,OOP,20261113,61375.0,            ,181461326,0000000.0000,0000000.0,902.36,0.275688,191461326,0000000.0000,0000000.0,5114.98,0.281006,65481.27,0.2499,
NK225MWE  ,OOP,20261113,61500.0,            ,181461526,0001000.0000,0000000.0,921.09,0.274552,191461526,0000000.0000,0000000.0,5012.22,0.279071,65481.27,0.2499,
NK225MWE  ,OOP,20261113,61625.0,            ,181461626,0000000.0000,0000000.0,951.16,0.269139,191461626,0000000.0000,0000000.0,4914.2,0.278449,65481.27,0.2499,
NK225MWE  ,OOP,20261113,61750.0,            ,181461726,0000000.0000,0000000.0,977.23,0.273009,191461726,0000000.0000,0000000.0,4823.33,0.277727,65481.27,0.2499,
NK225MWE  ,OOP,20261113,61875.0,            ,181461826,0000000.0000,0000000.0,989.77,0.271296,191461826,0000000.0000,0000000.0,4718.09,0.275558,65481.27,0.2499,
NK225MWE  ,OOP,20261113,62000.0,            ,181462026,0001070.0000,0000000.0,1030.06,0.273148,191462026,0000000.0000,0000000.0,4629.57,0.275986,65481.27,0.2499,
NK225MWE  ,OOP,20261113,62125.0,            ,181462126,0000000.0000,0000000.0,1072.35,0.270216,191462126,0000000.0000,0000000.0,4536.26,0.274972,65481.27,0.2499,
NK225MWE  ,OOP,20261113,62250.0,            ,181462226,0001235.0000,0000000.0,1092.94,0.268923,191462226,0000000.0000,0000000.0,4442.93,0.273864,65481.27,0.2499,
NK225MWE  ,OOP,20261113,62375.0,            ,131462326,0000000.0000,0000000.0,1130.41,0.268071,141462326,0000000.0000,0000000.0,4344.75,0.272021,65481.27,0.2499,
NK225MWE  ,OOP,20261113,62500.0,            ,131462526,0001280.0000,0000000.0,1160.84,0.267495,141462526,0000000.0000,0000000.0,4258.59,0.272008,65481.27,0.2499,
NK225MWE  ,OOP,20261113,62625.0,            ,131462626,0000000.0000,0000000.0,1207.65,0.267443,141462626,0000000.0000,0000000.0,4172.43,0.271878,65481.27,0.2499,
NK225MWE  ,OOP,20261113,62750.0,            ,131462726,0001410.0000,0000000.0,1226.23,0.265554,141462726,0000000.0000,0000000.0,4076.57,0.270388,65481.27,0.2499,
NK225MWE  ,OOP,20261113,62875.0,            ,131462826,0000000.0000,0000000.0,1275.16,0.265134,141462826,0000000.0000,0000000.0,3990.37,0.269428,65481.27,0.2499,
NK225MWE  ,OOP,20261113,63000.0,            ,131463026,0001270.0000,0000000.0,1270.0,0.264754,141463026,0003595.0000,0000000.0,3904.15,0.268979,65481.27,0.2499,
NK225MWE  ,OOP,20261113,63125.0,            ,131463126,0000000.0000,0000000.0,1367.86,0.262444,141463126,0000000.0000,0000000.0,3803.33,0.266606,65481.27,0.2499,
NK225MWE  ,OOP,20261113,63250.0,            ,131463226,0000000.0000,0000000.0,1374.56,0.263061,141463226,0000000.0000,0000000.0,3731.65,0.267756,65481.27,0.2499,
NK225MWE  ,OOP,20261113,63375.0,            ,131463326,0000000.0000,0000000.0,1419.54,0.261165,141463326,0000000.0000,0000000.0,3635.62,0.265202,65481.27,0.2499,
NK225MWE  ,OOP,20261113,63500.0,            ,131463526,0001675.0000,0000000.0,1457.51,0.260954,141463526,0000000.0000,0000000.0,3559.06,0.265521,65481.27,0.2499,
NK225MWE  ,OOP,20261113,63625.0,            ,131463626,0000000.0000,0000000.0,1496.42,0.25887,141463626,0000000.0000,0000000.0,3462.93,0.263378,65481.27,0.2499,
NK225MWE  ,OOP,20261113,63750.0,            ,131463726,0001690.0000,0000000.0,1542.95,0.259606,141463726,0000000.0000,0000000.0,3343.67,0.264052,65481.27,0.2499,
NK225MWE  ,OOP,20261113,63875.0,            ,131463826,0000000.0000,0000000.0,1587.88,0.25848,141463826,0000000.0000,0000000.0,3304.82,0.262294,65481.27,0.2499,
NK225MWE  ,OOP,20261113,64000.0,            ,131464026,0001750.0000,0000000.0,1623.4,0.258398,141464026,0003000.0000,0000000.0,3249.33,0.262732,65481.27,0.2499,
NK225MWE  ,OOP,20261113,64125.0,            ,131464126,0000000.0000,0000000.0,1696.11,0.255919,141464126,0000000.0000,0000000.0,3136.8,0.259634,65481.27,0.2499,
NK225MWE  ,OOP,20261113,64250.0,            ,131464226,0000000.0000,0000000.0,1718.87,0.256182,141464226,0000000.0000,0000000.0,3096.75,0.260416,65481.27,0.2499,
NK225MWE  ,OOP,20261113,64375.0,            ,131464326,0001780.0000,0000000.0,1775.53,0.25576,141464326,0000000.0000,0000000.0,2993.34,0.259384,65481.27,0.2499,
NK225MWE  ,OOP,20261113,64500.0,            ,131464526,0002105.0000,0000000.0,1814.34,0.254664,141464526,0000000.0000,0000000.0,2932.76,0.257994,65481.27,0.2499,
NK225MWE  ,OOP,20261113,64625.0,            ,131464626,0000000.0000,0000000.0,1876.65,0.254574,141464626,0000000.0000,0000000.0,2844.89,0.258671,65481.27,0.2499,
NK225MWE  ,OOP,20261113,64750.0,            ,131464726,0002000.0000,0000000.0,1919.83,0.253812,141464726,0002670.0000,0000000.0,2785.73,0.257867,65481.27,0.2499,
NK225MWE  ,OOP,20261113,64875.0,            ,131464826,0000000.0000,0000000.0,1987.63,0.254042,141464826,0000000.0000,0000000.0,2706.31,0.258059,65481.27,0.2499,
NK225MWE  ,OOP,20261113,65000.0,            ,131465026,0002320.0000,0000000.0,2022.82,0.252812,141465026,0002400.0000,0000000.0,2641.22,0.25703,65481.27,0.2499,
NK225MWE  ,OOP,20261113,65125.0,            ,131465126,0000000.0000,0000000.0,2088.75,0.252498,141465126,0000000.0000,0000000.0,2562.7,0.256441,65481.27,0.2499,
NK225MWE  ,OOP,20261113,65250.0,            ,131465226,0002310.0000,0000000.0,2125.82,0.250823,141465226,0002105.0000,0000000.0,2439.56,0.255191,65481.27,0.2499,
NK225MWE  ,OOP,20261113,65375.0,            ,131465326,0002400.0000,0000000.0,2203.9,0.251045,141465326,0000000.0000,0000000.0,2423.44,0.254924,65481.27,0.2499,
NK225MWE  ,OOP,20261113,65500.0,            ,131465526,0002355.0000,0000000.0,2241.32,0.249745,141465526,0002135.0000,0000000.0,2377.2,0.253995,65481.27,0.2499,
NK225MWE  ,OOP,20261113,65625.0,            ,131465626,0000000.0000,0000000.0,2319.23,0.249677,141465626,0000000.0000,0000000.0,2289.2,0.253498,65481.27,0.2499,
NK225MWE  ,OOP,20261113,65750.0,            ,131465726,0000000.0000,0000000.0,2414.8,0.248001,141465726,0002030.0000,0000000.0,2217.71,0.251796,65481.27,0.2499,
NK225MWE  ,OOP,20261113,65875.0,            ,131465826,0002570.0000,0000000.0,2449.65,0.249479,141465826,0000000.0000,0000000.0,2170.06,0.25325,65481.27,0.2499,
NK225MWE  ,OOP,20261113,66000.0,            ,131466026,0000000.0000,0000000.0,2487.33,0.247823,141466026,0001840.0000,0000000.0,2049.9,0.252407,65481.27,0.2499,
NK225MWE  ,OOP,20261113,66125.0,            ,131466126,0000000.0000,0000000.0,2580.04,0.248812,141466126,0000000.0000,0000000.0,2050.88,0.25254,65481.27,0.2499,
NK225MWE  ,OOP,20261113,66250.0,            ,131466226,0002885.0000,0000000.0,2605.49,0.248849,141466226,0001745.0000,0000000.0,1991.22,0.253104,65481.27,0.2499,
NK225MWE  ,OOP,20261113,66375.0,            ,131466326,0000000.0000,0000000.0,2697.6,0.246032,141466326,0000000.0000,0000000.0,1918.87,0.250272,65481.27,0.2499,
NK225MWE  ,OOP,20261113,66500.0,            ,131466526,0002995.0000,0000000.0,2755.85,0.24583,141466526,0001760.0000,0000000.0,1876.72,0.249147,65481.27,0.2499,
NK225MWE  ,OOP,20261113,66625.0,            ,131466626,0000000.0000,0000000.0,2835.46,0.24551,141466626,0000000.0000,0000000.0,1784.14,0.249173,65481.27,0.2499,
NK225MWE  ,OOP,20261113,66750.0,            ,131466726,0000000.0000,0000000.0,2891.37,0.245223,141466726,0000000.0000,0000000.0,1769.72,0.249275,65481.27,0.2499,
NK225MWE  ,OOP,20261113,66875.0,            ,131466826,0000000.0000,0000000.0,2996.42,0.24673,141466826,0000000.0000,0000000.0,1718.57,0.250369,65481.27,0.2499,
NK225MWE  ,OOP,20261113,67000.0,            ,131467026,0000000.0000,0000000.0,3036.87,0.2446,141467026,0001440.0000,0000000.0,1672.71,0.248579,65481.27,0.2499,
NK225MWE  ,OOP,20261113,67125.0,            ,131467126,0000000.0000,0000000.0,3134.2,0.244711,141467126,0000000.0000,0000000.0,1606.78,0.248894,65481.27,0.2499,
NK225MWE  ,OOP,20261113,67250.0,            ,131467226,0000000.0000,0000000.0,3169.91,0.243794,141467226,0000000.0000,0000000.0,1550.73,0.247975,65481.27,0.2499,
NK225MWE  ,OOP,20261113,67375.0,            ,131467326,0000000.0000,0000000.0,3287.41,0.244448,141467326,0000000.0000,0000000.0,1510.41,0.248061,65481.27,0.2499,
NK225MWE  ,OOP,20261113,67500.0,            ,131467526,0000000.0000,0000000.0,3335.38,0.242762,141467526,0001300.0000,0000000.0,1441.26,0.247468,65481.27,0.2499,
NK225MWE  ,OOP,20261113,67625.0,            ,131467626,0000000.0000,0000000.0,3430.98,0.243715,141467626,0000000.0000,0000000.0,1416.62,0.247326,65481.27,0.2499,
NK225MWE  ,OOP,20261113,67750.0,            ,131467726,0003605.0000,0000000.0,3485.89,0.243458,141467726,0001125.0000,0000000.0,1359.22,0.247644,65481.27,0.2499,
NK225MWE  ,OOP,20261113,67875.0,            ,131467826,0000000.0000,0000000.0,3627.67,0.245985,141467826,0000000.0000,0000000.0,1351.54,0.249592,65481.27,0.2499,
NK225MWE  ,OOP,20261113,68000.0,            ,131468026,0000000.0000,0000000.0,3656.36,0.241574,141468026,0001165.0000,0000000.0,1274.7,0.24445,65481.27,0.2499,
NK225MWE  ,OOP,20261113,68125.0,            ,131468126,0000000.0000,0000000.0,3793.91,0.245511,141468126,0000000.0000,0000000.0,1268.21,0.249713,65481.27,0.2499,
NK225MWE  ,OOP,20261113,68250.0,            ,131468226,0000000.0000,0000000.0,3811.86,0.241822,141468226,0000000.0000,0000000.0,1195.16,0.246047,65481.27,0.2499,
NK225MWE  ,OOP,20261113,68375.0,            ,131468326,0000000.0000,0000000.0,3954.84,0.243966,141468326,0000000.0000,0000000.0,1179.58,0.247597,65481.27,0.2499,
NK225MWE  ,OOP,20261113,68500.0,            ,131468526,0000000.0000,0000000.0,3984.82,0.242395,141468526,0001125.0000,0000000.0,1125.0,0.246645,65481.27,0.2499,
NK225MWE  ,OOP,20261113,68625.0,            ,131468626,0000000.0000,0000000.0,4126.25,0.243134,141468626,0000000.0000,0000000.0,1101.42,0.247397,65481.27,0.2499,
NK225MWE  ,OOP,20261113,68750.0,            ,131468726,0000000.0000,0000000.0,4157.79,0.240672,141468726,0000935.0000,0000000.0,1031.1,0.244966,65481.27,0.2499,
NK225MWE  ,OOP,20261113,68875.0,            ,131468826,0000000.0000,0000000.0,4300.27,0.24244,141468826,0000000.0000,0000000.0,1025.88,0.246744,65481.27,0.2499,
NK225MWE  ,OOP,20261113,69000.0,            ,131469026,0000000.0000,0000000.0,4348.2,0.240323,141469026,0000850.0000,0000000.0,961.21,0.242126,65481.27,0.2499,
NK225MWE  ,OOP,20261113,69125.0,            ,131469126,0000000.0000,0000000.0,4468.87,0.239972,141469126,0000000.0000,0000000.0,944.91,0.244338,65481.27,0.2499,
NK225MWE  ,OOP,20261113,69250.0,            ,131469226,0000000.0000,0000000.0,4561.24,0.240155,141469226,0000000.0000,0000000.0,893.02,0.244545,65481.27,0.2499,
NK225MWE  ,OOP,20261113,69375.0,            ,131469326,0000000.0000,0000000.0,4648.06,0.238905,141469326,0000760.0000,0000000.0,874.53,0.243334,65481.27,0.2499,
NK225MWE  ,OOP,20261113,69500.0,            ,131469526,0000000.0000,0000000.0,4741.66,0.238853,141469526,0000810.0000,0000000.0,832.1,0.243313,65481.27,0.2499,
NK225MWE  ,OOP,20261113,69625.0,            ,131469626,0000000.0000,0000000.0,4867.59,0.242764,141469626,0000705.0000,0000000.0,844.5,0.247221,65481.27,0.2499,
NK225MWE  ,OOP,20261113,69750.0,            ,131469726,0000000.0000,0000000.0,4936.95,0.2391,141469726,0000670.0000,0000000.0,779.31,0.243624,65481.27,0.2499,
NK225MWE  ,OOP,20261113,69875.0,            ,131469826,0000000.0000,0000000.0,5041.36,0.239412,141469826,0000655.0000,0000000.0,768.7,0.244663,65481.27,0.2499,
NK225MWE  ,OOP,20261113,70000.0,            ,131460026,0000000.0000,0000000.0,5132.24,0.238912,141460026,0000640.0000,0000000.0,718.18,0.241392,65481.27,0.2499,
NK225MWE  ,OOP,20261113,70125.0,            ,131460126,0000000.0000,0000000.0,5233.97,0.239009,141460126,0000600.0000,0000000.0,711.74,0.243649,65481.27,0.2499,
NK225MWE  ,OOP,20261113,70250.0,            ,131460226,0000000.0000,0000000.0,5330.25,0.238264,141460226,0000550.0000,0000000.0,672.38,0.242955,65481.27,0.2499,
NK225MWE  ,OOP,20261113,70375.0,            ,131460326,0000000.0000,0000000.0,5431.98,0.238132,141460326,0000565.0000,0000000.0,660.18,0.24361,65481.27,0.2499,
NK225MWE  ,OOP,20261113,70500.0,            ,131460526,0000000.0000,0000000.0,5530.98,0.237887,141460526,0000545.0000,0000000.0,624.3,0.243429,65481.27,0.2499,
NK225MWE  ,OOP,20261113,70625.0,            ,131460626,0000000.0000,0000000.0,5651.87,0.240623,141460626,0000525.0000,0000000.0,630.51,0.246179,65481.27,0.2499,
NK225MWE  ,OOP,20261113,70750.0,            ,131460726,0000000.0000,0000000.0,5734.43,0.237831,141460726,0000000.0000,0000000.0,576.63,0.242723,65481.27,0.2499,
NK225MWE  ,OOP,20261113,70875.0,            ,131460826,0000000.0000,0000000.0,5855.4,0.240449,141460826,0000000.0000,0000000.0,584.47,0.246136,65481.27,0.2499,
NK225MWE  ,OOP,20261113,71000.0,            ,131461026,0000000.0000,0000000.0,5940.62,0.237328,141461026,0000450.0000,0000000.0,525.95,0.244756,65481.27,0.2499,
NK225MWE  ,OOP,20261113,71125.0,            ,131461126,0000000.0000,0000000.0,6061.66,0.239826,141461126,0000000.0000,0000000.0,541.17,0.245664,65481.27,0.2499,
NK225MWE  ,OOP,20261113,71250.0,            ,131461226,0000000.0000,0000000.0,6149.56,0.237201,141461226,0000000.0000,0000000.0,499.9,0.242336,65481.27,0.2499,
NK225MWE  ,OOP,20261113,71375.0,            ,131461326,0000000.0000,0000000.0,6265.12,0.238715,141461326,0000000.0000,0000000.0,495.06,0.244732,65481.27,0.2499,
NK225MWE  ,OOP,20261113,71500.0,            ,131461526,0000000.0000,0000000.0,6361.27,0.236623,141461526,0000395.0000,0000000.0,463.6,0.242776,65481.27,0.2499,
NK225MWE  ,OOP,20261113,71625.0,            ,131461626,0000000.0000,0000000.0,6479.65,0.238884,141461626,0000000.0000,0000000.0,460.02,0.245063,65481.27,0.2499,
NK225MWE  ,OOP,20261113,71750.0,            ,131461726,0000000.0000,0000000.0,6578.55,0.236491,141461726,0000000.0000,0000000.0,427.27,0.241918,65481.27,0.2499,
NK225MWE  ,OOP,20261113,71875.0,            ,131461826,0000000.0000,0000000.0,6699.76,0.239579,141461826,0000000.0000,0000000.0,430.57,0.245917,65481.27,0.2499,
NK225MWE  ,OOP,20261113,72000.0,            ,131462026,0000000.0000,0000000.0,6795.83,0.236888,141462026,0000395.0000,0000000.0,395.0,0.240554,65481.27,0.2499,
NK225MWE  ,OOP,20261113,72125.0,            ,131462126,0000000.0000,0000000.0,6917.1,0.238924,141462126,0000000.0000,0000000.0,398.33,0.245473,65481.27,0.2499,
NK225MWE  ,OOP,20261113,72250.0,            ,131462226,0000000.0000,0000000.0,7014.24,0.235866,141462226,0000370.0000,0000000.0,370.0,0.241634,65481.27,0.2499,
NK225MWE  ,OOP,20261211,60500.0,            ,131500526,0001195.0000,0000000.0,1154.24,0.270209,141500526,0000000.0000,0000000.0,6308.9,0.288358,65481.27,0.2499,
NK225MWE  ,OOP,20261211,60625.0,            ,131500626,0000000.0000,0000000.0,1181.88,0.26756,141500626,0000000.0000,0000000.0,6199.63,0.286074,65481.27,0.2499,
NK225MWE  ,OOP,20261211,60750.0,            ,131500726,0000000.0000,0000000.0,1242.65,0.268745,141500726,0000000.0000,0000000.0,6104.8,0.284834,65481.27,0.2499,
NK225MWE  ,OOP,20261211,60875.0,            ,131500826,0000000.0000,0000000.0,1232.66,0.266561,141500826,0000000.0000,0000000.0,6009.95,0.284077,65481.27,0.2499,
NK225MWE  ,OOP,20261211,61000.0,            ,131501026,0000000.0000,0000000.0,1264.8,0.265423,141501026,0000000.0000,0000000.0,5912.67,0.283263,65481.27,0.2499,
NK225MWE  ,OOP,20261211,61125.0,            ,131501126,0000000.0000,0000000.0,1335.61,0.264765,141501126,0000000.0000,0000000.0,5815.38,0.281868,65481.27,0.2499,
NK225MWE  ,OOP,20261211,61250.0,            ,131501226,0000000.0000,0000000.0,1324.4,0.264571,141501226,0000000.0000,0000000.0,5727.74,0.281462,65481.27,0.2499,
NK225MWE  ,OOP,20261211,61375.0,            ,131501326,0000000.0000,0000000.0,1393.98,0.263259,141501326,0000000.0000,0000000.0,5627.99,0.279964,65481.27,0.2499,
NK225MWE  ,OOP,20261211,61500.0,            ,131501526,0001480.0000,0000000.0,1421.27,0.262412,141501526,0000000.0000,0000000.0,5533.06,0.278929,65481.27,0.2499,
NK225MWE  ,OOP,20261211,61625.0,            ,131501626,0000000.0000,0000000.0,1461.05,0.263043,141501626,0000000.0000,0000000.0,5455.1,0.279351,65481.27,0.2499,
NK225MWE  ,OOP,20261211,61750.0,            ,131501726,0000000.0000,0000000.0,1495.82,0.261046,141501726,0000000.0000,0000000.0,5352.86,0.277695,65481.27,0.2499,
NK225MWE  ,OOP,20261211,61875.0,            ,131501826,0000000.0000,0000000.0,1518.81,0.261021,141501826,0000000.0000,0000000.0,5267.59,0.276984,65481.27,0.2499,
NK225MWE  ,OOP,20261211,62000.0,            ,131502026,0001700.0000,0000000.0,1543.54,0.260421,141502026,0000000.0000,0000000.0,5179.9,0.276704,65481.27,0.2499,
NK225MWE  ,OOP,20261211,62125.0,            ,131502126,0000000.0000,0000000.0,1592.81,0.260248,141502126,0000000.0000,0000000.0,5094.63,0.276356,65481.27,0.2499,
NK225MWE  ,OOP,20261211,62250.0,            ,131502226,0000000.0000,0000000.0,1629.51,0.259023,141502226,0000000.0000,0000000.0,5004.47,0.274974,65481.27,0.2499,
NK225MWE  ,OOP,20261211,62375.0,            ,131502326,0000000.0000,0000000.0,1666.34,0.258712,141502326,0000000.0000,0000000.0,4916.74,0.2745,65481.27,0.2499,
NK225MWE  ,OOP,20261211,62500.0,            ,131502526,0000000.0000,0000000.0,1716.97,0.257366,141502526,0000000.0000,0000000.0,4824.1,0.273007,65481.27,0.2499,
NK225MWE  ,OOP,20261211,62625.0,            ,131502626,0000000.0000,0000000.0,1740.47,0.256921,141502626,0000000.0000,0000000.0,4741.22,0.27241,65481.27,0.2499,
NK225MWE  ,OOP,20261211,62750.0,            ,131502726,0000000.0000,0000000.0,1799.87,0.25688,141502726,0000000.0000,0000000.0,4660.78,0.27222,65481.27,0.2499,
NK225MWE  ,OOP,20261211,62875.0,            ,131502826,0000000.0000,0000000.0,1787.63,0.25535,141502826,0000000.0000,0000000.0,4570.53,0.271025,65481.27,0.2499,
NK225MWE  ,OOP,20261211,63000.0,            ,131503026,0000000.0000,0000000.0,1824.84,0.254234,141503026,0000000.0000,0000000.0,4480.25,0.269309,65481.27,0.2499,
NK225MWE  ,OOP,20261211,63125.0,            ,131503126,0000000.0000,0000000.0,1875.99,0.254914,141503126,0000000.0000,0000000.0,4409.59,0.26985,65481.27,0.2499,
NK225MWE  ,OOP,20261211,63250.0,            ,131503226,0000000.0000,0000000.0,1943.0,0.254586,141503226,0000000.0000,0000000.0,4331.57,0.269395,65481.27,0.2499,
NK225MWE  ,OOP,20261211,63375.0,            ,131503326,0000000.0000,0000000.0,1987.55,0.252811,141503326,0000000.0000,0000000.0,4238.76,0.267505,65481.27,0.2499,
NK225MWE  ,OOP,20261211,63500.0,            ,131503526,0000000.0000,0000000.0,2038.23,0.251892,141503526,0000000.0000,0000000.0,4155.79,0.266925,65481.27,0.2499,
NK225MWE  ,OOP,20261211,63625.0,            ,131503626,0000000.0000,0000000.0,2047.64,0.251815,141503626,0000000.0000,0000000.0,4082.65,0.26673,65481.27,0.2499,
NK225MWE  ,OOP,20261211,63750.0,            ,131503726,0000000.0000,0000000.0,2140.5,0.250761,141503726,0000000.0000,0000000.0,3997.17,0.265567,65481.27,0.2499,
NK225MWE  ,OOP,20261211,63875.0,            ,131503826,0000000.0000,0000000.0,2181.58,0.251882,141503826,0000000.0000,0000000.0,3924.02,0.265237,65481.27,0.2499,
NK225MWE  ,OOP,20261211,64000.0,            ,131504026,0002450.0000,0000000.0,2178.79,0.251134,141504026,0000000.0000,0000000.0,3858.29,0.265283,65481.27,0.2499,
NK225MWE  ,OOP,20261211,64125.0,            ,131504126,0000000.0000,0000000.0,2275.22,0.250317,141504126,0000000.0000,0000000.0,3772.74,0.26393,65481.27,0.2499,
NK225MWE  ,OOP,20261211,64250.0,            ,131504226,0000000.0000,0000000.0,2321.89,0.249873,141504226,0000000.0000,0000000.0,3702.04,0.263838,65481.27,0.2499,
NK225MWE  ,OOP,20261211,64375.0,            ,131504326,0000000.0000,0000000.0,2341.75,0.249798,141504326,0000000.0000,0000000.0,3628.87,0.263237,65481.27,0.2499,
NK225MWE  ,OOP,20261211,64500.0,            ,131504526,0002480.0000,0000000.0,2423.22,0.24921,141504526,0000000.0000,0000000.0,3553.18,0.262131,65481.27,0.2499,
NK225MWE  ,OOP,20261211,64625.0,            ,131504626,0000000.0000,0000000.0,2449.62,0.248552,141504626,0000000.0000,0000000.0,3487.44,0.26227,65481.27,0.2499,
NK225MWE  ,OOP,20261211,64750.0,            ,131504726,0000000.0000,0000000.0,2498.56,0.247388,141504726,0000000.0000,0000000.0,3411.73,0.261467,65481.27,0.2499,
NK225MWE  ,OOP,20261211,64875.0,            ,131504826,0000000.0000,0000000.0,2590.23,0.247457,141504826,0000000.0000,0000000.0,3340.97,0.260598,65481.27,0.2499,
NK225MWE  ,OOP,20261211,65000.0,            ,131505026,0000000.0000,0000000.0,2635.2,0.254391,141505026,0000000.0000,0000000.0,3262.73,0.259229,65481.27,0.2499,
NK225MWE  ,OOP,20261211,65125.0,            ,131505126,0000000.0000,0000000.0,2662.73,0.246076,141505126,0000000.0000,0000000.0,3201.96,0.259523,65481.27,0.2499,
NK225MWE  ,OOP,20261211,65250.0,            ,131505226,0000000.0000,0000000.0,2713.76,0.245925,141505226,0000000.0000,0000000.0,3128.33,0.258452,65481.27,0.2499,
NK225MWE  ,OOP,20261211,65375.0,            ,131505326,0000000.0000,0000000.0,2779.78,0.246129,141505326,0000000.0000,0000000.0,3069.71,0.258604,65481.27,0.2499,
NK225MWE  ,OOP,20261211,65500.0,            ,131505526,0000000.0000,0000000.0,2871.21,0.244971,141505526,0002870.0000,0000000.0,3001.06,0.256109,65481.27,0.2499,
NK225MWE  ,OOP,20261211,65625.0,            ,131505626,0000000.0000,0000000.0,2934.58,0.24417,141505626,0000000.0000,0000000.0,2876.13,0.254408,65481.27,0.2499,
NK225MWE  ,OOP,20261211,65750.0,            ,131505726,0000000.0000,0000000.0,2955.25,0.243726,141505726,0002940.0000,0000000.0,2817.28,0.253495,65481.27,0.2499,
NK225MWE  ,OOP,20261211,65875.0,            ,131505826,0000000.0000,0000000.0,3016.22,0.243208,141505826,0000000.0000,0000000.0,2758.69,0.254226,65481.27,0.2499,
NK225MWE  ,OOP,20261211,66000.0,            ,131506026,0000000.0000,0000000.0,3104.44,0.243045,141506026,0002500.0000,0000000.0,2790.31,0.253173,65481.27,0.2499,
NK225MWE  ,OOP,20261211,66125.0,            ,131506126,0000000.0000,0000000.0,3153.3,0.24238,141506126,0000000.0000,0000000.0,2637.27,0.253333,65481.27,0.2499,
NK225MWE  ,OOP,20261211,66250.0,            ,131506226,0000000.0000,0000000.0,3211.71,0.242925,141506226,0000000.0000,0000000.0,2576.56,0.251711,65481.27,0.2499,
NK225MWE  ,OOP,20261211,66375.0,            ,131506326,0000000.0000,0000000.0,3280.22,0.242112,141506326,0000000.0000,0000000.0,2510.7,0.251302,65481.27,0.2499,
NK225MWE  ,OOP,20261211,66500.0,            ,131506526,0000000.0000,0000000.0,3351.29,0.242082,141506526,0000000.0000,0000000.0,2452.94,0.252536,65481.27,0.2499,
NK225MWE  ,OOP,20261211,66625.0,            ,131506626,0000000.0000,0000000.0,3417.27,0.240691,141506626,0000000.0000,0000000.0,2460.7,0.250269,65481.27,0.2499,
NK225MWE  ,OOP,20261211,66750.0,            ,131506726,0000000.0000,0000000.0,3480.69,0.240513,141506726,0000000.0000,0000000.0,2341.01,0.251364,65481.27,0.2499,
NK225MWE  ,OOP,20261211,66875.0,            ,131506826,0000000.0000,0000000.0,3554.27,0.241123,141506826,0000000.0000,0000000.0,2290.41,0.251102,65481.27,0.2499,
NK225MWE  ,OOP,20261211,67000.0,            ,131507026,0000000.0000,0000000.0,3620.22,0.239504,141507026,0000000.0000,0000000.0,2240.44,0.250337,65481.27,0.2499,
NK225MWE  ,OOP,20261211,67125.0,            ,131507126,0000000.0000,0000000.0,3696.35,0.239103,141507126,0000000.0000,0000000.0,2178.98,0.249932,65481.27,0.2499,
NK225MWE  ,OOP,20261211,67250.0,            ,131507226,0000000.0000,0000000.0,3762.26,0.238193,141507226,0000000.0000,0000000.0,2117.58,0.249021,65481.27,0.2499,
NK225MWE  ,OOP,20261211,67375.0,            ,131507326,0000000.0000,0000000.0,3833.26,0.23764,141507326,0000000.0000,0000000.0,2072.01,0.249775,65481.27,0.2499,
NK225MWE  ,OOP,20261211,67500.0,            ,131507526,0000000.0000,0000000.0,3909.38,0.237448,141507526,0000000.0000,0000000.0,2015.27,0.248284,65481.27,0.2499,
NK225MWE  ,OOP,20261211,67625.0,            ,131507626,0000000.0000,0000000.0,3990.63,0.237621,141507626,0000000.0000,0000000.0,1970.06,0.248465,65481.27,0.2499,
NK225MWE  ,OOP,20261211,67750.0,            ,131507726,0000000.0000,0000000.0,4074.46,0.237723,141507726,0000000.0000,0000000.0,1924.64,0.248138,65481.27,0.2499,
NK225MWE  ,OOP,20261211,67875.0,            ,131507826,0000000.0000,0000000.0,4150.59,0.237312,141507826,0000000.0000,0000000.0,1871.75,0.24774,65481.27,0.2499,
NK225MWE  ,OOP,20261211,68000.0,            ,131508026,0000000.0000,0000000.0,4218.96,0.23638,141508026,0001770.0000,0000000.0,1831.0,0.247712,65481.27,0.2499,
NK225MWE  ,OOP,20261211,68125.0,            ,131508126,0000000.0000,0000000.0,4307.96,0.236708,141508126,0000000.0000,0000000.0,1786.36,0.247616,65481.27,0.2499,
NK225MWE  ,OOP,20261211,68250.0,            ,131508226,0000000.0000,0000000.0,4381.46,0.23607,141508226,0000000.0000,0000000.0,1804.46,0.247451,65481.27,0.2499,
NK225MWE  ,OOP,20261211,68375.0,            ,131508326,0000000.0000,0000000.0,4454.96,0.2349,141508326,0000000.0000,0000000.0,1696.93,0.247665,65481.27,0.2499,
NK225MWE  ,OOP,20261211,68500.0,            ,131508526,0000000.0000,0000000.0,4536.19,0.234555,141508526,0000000.0000,0000000.0,1645.47,0.246459,65481.27,0.2499,
NK225MWE  ,OOP,20261211,68625.0,            ,131508626,0000000.0000,0000000.0,4630.4,0.235508,141508626,0000000.0000,0000000.0,1614.15,0.246534,65481.27,0.2499,
NK225MWE  ,OOP,20261211,68750.0,            ,131508726,0000000.0000,0000000.0,4722.02,0.23594,141508726,0000000.0000,0000000.0,1560.45,0.251103,65481.27,0.2499,
NK225MWE  ,OOP,20261211,68875.0,            ,131508826,0000000.0000,0000000.0,4808.47,0.235845,141508826,0000000.0000,0000000.0,1519.6,0.251072,65481.27,0.2499,
NK225MWE  ,OOP,20261211,69000.0,            ,131509026,0000000.0000,0000000.0,4866.26,0.232873,141509026,0001650.0000,0000000.0,1508.31,0.248205,65481.27,0.2499,
NK225MWE  ,OOP,20261211,69125.0,            ,131509126,0000000.0000,0000000.0,4973.54,0.234967,141509126,0000000.0000,0000000.0,1457.65,0.250344,65481.27,0.2499,
NK225MWE  ,OOP,20261211,69250.0,            ,131509226,0000000.0000,0000000.0,5057.36,0.234176,141509226,0000000.0000,0000000.0,1419.59,0.249641,65481.27,0.2499,
NK225MWE  ,OOP,20261211,69375.0,            ,131509326,0000000.0000,0000000.0,5146.41,0.234258,141509326,0000000.0000,0000000.0,1379.0,0.249803,65481.27,0.2499,
