UnderlyingName,OptionType,ContractMonth,StrikePrice,Col5,CallSecurityCode,CallBid,CallAsk,CallClose,TheoreticalPrice,PutSecurityCode,PutBid,PutAsk,UnderlyingClose,IV,BaseVolatility,Delta,ContractMonthDt
NK225E    ,OOP,202610,20000.0,            ,131580018,0000001.0000,0000000.0,0.0,0.890003,141580018,0000000.0000,0000000.0,43150.4,0.01,63484.1,0.267,2026-10-01
NK225E    ,OOP,202610,22500.0,            ,131342518,0000001.0000,0000000.0,0.0,0.890003,141342518,0000000.0000,0000000.0,40652.62,0.01,63484.1,0.267,2026-10-01
NK225E    ,OOP,202610,25000.0,            ,131345018,0000001.0000,0000000.0,1.0,1.068958,141345018,0000000.0000,0000000.0,38154.89,0.01,63484.1,0.267,2026-10-01
NK225E    ,OOP,202610,26000.0,            ,181226018,0000001.0000,0000000.0,1.0,1.025413,191226018,0000000.0000,0000000.0,37155.83,0.01,63484.1,0.267,2026-10-01
NK225E    ,OOP,202610,27000.0,            ,181227018,0000000.0000,0000000.0,1.48,0.983509,191227018,0000000.0000,0000000.0,36156.83,0.01,63484.1,0.267,2026-10-01
NK225E    ,OOP,202610,28000.0,            ,181228018,0000002.0000,0000000.0,1.48,0.943124,191228018,0000000.0000,0000000.0,35157.93,0.01,63484.1,0.267,2026-10-01
NK225E    ,OOP,202610,29000.0,            ,181229018,0000002.0000,0000000.0,1.47,0.904144,191229018,0000000.0000,0000000.0,34159.19,0.01,63484.1,0.267,2026-10-01
NK225E    ,OOP,202610,30000.0,            ,181220018,0000002.0000,0000000.0,2.46,0.91281,191220018,0000000.0000,0000000.0,33160.72,0.01,63484.1,0.267,2026-10-01
NK225E    ,OOP,202610,31000.0,            ,181221018,0000003.0000,0000000.0,2.46,0.889267,191221018,0000000.0000,0000000.0,32162.66,0.01,63484.1,0.267,2026-10-01
NK225E    ,OOP,202610,32000.0,            ,181222018,0000003.0000,0000000.0,2.95,0.86448,191222018,0000000.0000,0000000.0,31164.05,0.01,63484.1,0.267,2026-10-01
NK225E    ,OOP,202610,33000.0,            ,181223018,0000004.0000,0000000.0,3.94,0.848008,191223018,0000000.0000,0000000.0,30165.93,0.01,63484.1,0.267,2026-10-01
NK225E    ,OOP,202610,34000.0,            ,131104018,0000004.0000,0000000.0,3.44,0.828552,141104018,0000000.0000,0000000.0,29167.32,0.01,63484.1,0.267,2026-10-01
NK225E    ,OOP,202610,35000.0,            ,131105018,0000005.0000,0000000.0,5.41,0.797983,141105018,0000000.0000,0000000.0,28169.2,0.707397,63484.1,0.267,2026-10-01
NK225E    ,OOP,202610,36000.0,            ,131106018,0000006.0000,0000000.0,6.94,0.780351,141106018,0000000.0000,0000000.0,27171.08,0.620576,63484.1,0.267,2026-10-01
NK225E    ,OOP,202610,37000.0,            ,131107018,0000008.0000,0000000.0,7.44,0.749865,141107018,0000000.0000,0000000.0,26172.97,0.01,63484.1,0.267,2026-10-01
NK225E    ,OOP,202610,38000.0,            ,131108018,0000009.0000,0000000.0,8.93,0.728121,141108018,0000000.0000,0000000.0,25175.35,0.668695,63484.1,0.267,2026-10-01
NK225E    ,OOP,202610,39000.0,            ,131109018,0000011.0000,0000000.0,11.0,0.708654,141109018,0000000.0000,0000000.0,24177.73,0.621325,63484.1,0.267,2026-10-01
NK225E    ,OOP,202610,40000.0,            ,131100018,0000012.0000,0000000.0,11.31,0.686465,141100018,0000000.0000,0000000.0,23181.11,0.642595,63484.1,0.267,2026-10-01
NK225E    ,OOP,202610,41000.0,            ,131101018,0000016.0000,0000000.0,14.38,0.667578,141101018,0000000.0000,0000000.0,22184.48,0.64047,63484.1,0.267,2026-10-01
NK225E    ,OOP,202610,42000.0,            ,131102018,0000017.0000,0000000.0,17.0,0.637992,141102018,0000000.0000,0000000.0,21188.36,0.602264,63484.1,0.267,2026-10-01
NK225E    ,OOP,202610,42750.0,            ,131102718,0000021.0000,0000000.0,19.33,0.622104,141102718,0000000.0000,0000000.0,20440.51,0.601307,63484.1,0.267,2026-10-01
NK225E    ,OOP,202610,43000.0,            ,131103018,0000020.0000,0000000.0,20.33,0.617345,141103018,0000000.0000,0000000.0,20191.73,0.592102,63484.1,0.267,2026-10-01
NK225E    ,OOP,202610,43250.0,            ,131103218,0000000.0000,0000000.0,20.2,0.614744,141103218,0000000.0000,0000000.0,19942.45,0.58295,63484.1,0.267,2026-10-01
NK225E    ,OOP,202610,43500.0,            ,131103518,0000023.0000,0000000.0,22.31,0.607347,141103518,0000000.0000,0000000.0,19693.66,0.57385,63484.1,0.267,2026-10-01
NK225E    ,OOP,202610,43750.0,            ,131103718,0000020.0000,0000000.0,23.3,0.602135,141103718,0000000.0000,0000000.0,19444.88,0.585619,63484.1,0.267,2026-10-01
NK225E    ,OOP,202610,44000.0,            ,181104018,0000024.0000,0000000.0,24.0,0.595895,191104018,0000000.0000,0000000.0,19196.1,0.576585,63484.1,0.267,2026-10-01
NK225E    ,OOP,202610,44250.0,            ,131104218,0000024.0000,0000000.0,25.87,0.593051,141104218,0000000.0000,0000000.0,18947.81,0.567603,63484.1,0.267,2026-10-01
NK225E    ,OOP,202610,44500.0,            ,131104518,0000000.0000,0000000.0,25.43,0.583382,141104518,0000000.0000,0000000.0,18698.03,0.558672,63484.1,0.267,2026-10-01
NK225E    ,OOP,202610,44750.0,            ,131104718,0000000.0000,0000000.0,26.86,0.579017,141104718,0000000.0000,0000000.0,18449.25,0.566631,63484.1,0.267,2026-10-01
NK225E    ,OOP,202610,45000.0,            ,181105018,0000028.0000,0000000.0,27.75,0.573039,191105018,0000000.0000,0000000.0,18200.47,0.557727,63484.1,0.267,2026-10-01
NK225E    ,OOP,202610,45250.0,            ,131105218,0000000.0000,0000000.0,28.35,0.566229,141105218,0000000.0000,0000000.0,17951.18,0.548872,63484.1,0.267,2026-10-01
NK225E    ,OOP,202610,45500.0,            ,131105518,0000028.0000,0000000.0,32.83,0.568748,141105518,0000000.0000,0000000.0,17705.89,0.55422,63484.1,0.267,2026-10-01
NK225E    ,OOP,202610,45750.0,            ,131105718,0000000.0000,0000000.0,33.33,0.561431,141105718,0000000.0000,0000000.0,17456.6,0.545375,63484.1,0.267,2026-10-01
NK225E    ,OOP,202610,46000.0,            ,181106018,0000034.0000,0000000.0,33.2,0.556672,191106018,0000000.0000,0000000.0,17207.82,0.536578,63484.1,0.267,2026-10-01
NK225E    ,OOP,202610,46250.0,            ,131106218,0000000.0000,0000000.0,36.81,0.552043,141106218,0000000.0000,0000000.0,16960.53,0.540008,63484.1,0.267,2026-10-01
NK225E    ,OOP,202610,46500.0,            ,131106518,0000035.0000,0000000.0,36.29,0.545992,141106518,0000000.0000,0000000.0,16711.75,0.531213,63484.1,0.267,2026-10-01
NK225E    ,OOP,202610,46750.0,            ,131106718,0000000.0000,0000000.0,39.79,0.541036,141106718,0000000.0000,0000000.0,16463.96,0.533212,63484.1,0.267,2026-10-01
NK225E    ,OOP,202610,47000.0,            ,181107018,0000038.0000,0000000.0,39.14,0.531361,191107018,0000000.0000,0000000.0,16214.18,0.524416,63484.1,0.267,2026-10-01
NK225E    ,OOP,202610,47250.0,            ,131107218,0000000.0000,0000000.0,41.12,0.526629,141107218,0000000.0000,0000000.0,15965.89,0.515664,63484.1,0.267,2026-10-01
NK225E    ,OOP,202610,47500.0,            ,131107518,0000042.0000,0000000.0,43.1,0.524972,141107518,0000000.0000,0000000.0,15719.1,0.516481,63484.1,0.267,2026-10-01
NK225E    ,OOP,202610,47750.0,            ,131107718,0000000.0000,0000000.0,44.52,0.518167,141107718,0000000.0000,0000000.0,15470.31,0.507726,63484.1,0.267,2026-10-01
NK225E    ,OOP,202610,48000.0,            ,181108018,0000045.0000,0000000.0,48.06,0.512921,191108018,0000000.0000,0000000.0,15222.52,0.499012,63484.1,0.267,2026-10-01
NK225E    ,OOP,202610,48250.0,            ,131108218,0000042.0000,0000000.0,49.04,0.50608,141108218,0000000.0000,0000000.0,14974.73,0.498859,63484.1,0.267,2026-10-01
NK225E    ,OOP,202610,48500.0,            ,131108518,0000051.0000,0000000.0,50.99,0.500553,141108518,0000000.0000,0000000.0,14727.94,0.49014,63484.1,0.267,2026-10-01
NK225E    ,OOP,202610,48750.0,            ,131108718,0000049.0000,0000000.0,53.0,0.494984,141108718,0000000.0000,0000000.0,14479.15,0.489214,63484.1,0.267,2026-10-01
NK225E    ,OOP,202610,49000.0,            ,181109018,0000054.0000,0000000.0,53.49,0.49065,191109018,0000000.0000,0000000.0,14231.86,0.480489,63484.1,0.267,2026-10-01
NK225E    ,OOP,202610,49250.0,            ,131109218,0000059.0000,0000000.0,57.45,0.486103,141109218,0000000.0000,0000000.0,13984.56,0.478906,63484.1,0.267,2026-10-01
NK225E    ,OOP,202610,49500.0,            ,131109518,0000059.0000,0000000.0,60.42,0.479388,141109518,0000000.0000,0000000.0,13737.27,0.470176,63484.1,0.267,2026-10-01
NK225E    ,OOP,202610,49750.0,            ,131109718,0000062.0000,0000000.0,62.9,0.473897,141109718,0000000.0000,0000000.0,13489.48,0.468024,63484.1,0.267,2026-10-01
NK225E    ,OOP,202610,50000.0,            ,181100018,0000066.0000,0000000.0,66.0,0.469005,191100018,0000000.0000,0000000.0,13243.18,0.459288,63484.1,0.267,2026-10-01
NK225E    ,OOP,202610,50250.0,            ,131100218,0000000.0000,0000000.0,68.83,0.463642,141100218,0000000.0000,0000000.0,12995.89,0.456637,63484.1,0.267,2026-10-01
NK225E    ,OOP,202610,50500.0,            ,131100518,0000073.0000,0000000.0,73.0,0.459545,141100518,0000000.0000,0000000.0,12750.09,0.453582,63484.1,0.267,2026-10-01
NK225E    ,OOP,202610,50750.0,            ,131100718,0000074.0000,0000000.0,74.77,0.454014,141100718,0000000.0000,0000000.0,12503.29,0.4448,63484.1,0.267,2026-10-01
NK225E    ,OOP,202610,51000.0,            ,181101018,0000078.0000,0000000.0,78.23,0.449323,191101018,0000000.0000,0000000.0,12257.49,0.441348,63484.1,0.267,2026-10-01
NK225E    ,OOP,202610,51250.0,            ,131101218,0000079.0000,0000000.0,83.18,0.443663,141101218,0000000.0000,0000000.0,12011.19,0.437572,63484.1,0.267,2026-10-01
NK225E    ,OOP,202610,51500.0,            ,131101518,0000080.0000,0000000.0,87.14,0.440221,141101518,0000000.0000,0000000.0,11766.38,0.433502,63484.1,0.267,2026-10-01
NK225E    ,OOP,202610,51750.0,            ,131101718,0000090.0000,0000000.0,90.6,0.434058,141101718,0000000.0000,0000000.0,11520.08,0.429164,63484.1,0.267,2026-10-01
NK225E    ,OOP,202610,52000.0,            ,181102018,0000094.0000,0000000.0,94.55,0.429435,191102018,0000000.0000,0000000.0,11274.77,0.424578,63484.1,0.267,2026-10-01
NK225E    ,OOP,202610,52250.0,            ,131102218,0000089.0000,0000000.0,99.5,0.424586,141102218,0000000.0000,0000000.0,11030.46,0.419764,63484.1,0.267,2026-10-01
NK225E    ,OOP,202610,52500.0,            ,131102518,0000107.0000,0000000.0,104.45,0.419524,141102518,0000000.0000,0000000.0,10785.65,0.414737,63484.1,0.267,2026-10-01
NK225E    ,OOP,202610,52750.0,            ,181102718,0000109.0000,0000000.0,110.38,0.414982,191102718,0000000.0000,0000000.0,10541.84,0.409511,63484.1,0.267,2026-10-01
NK225E    ,OOP,202610,53000.0,            ,181103018,0000115.0000,0000000.0,116.82,0.410192,191103018,0000000.0000,0000000.0,10298.03,0.404097,63484.1,0.267,2026-10-01
NK225E    ,OOP,202610,53250.0,            ,181103218,0000124.0000,0000000.0,124.0,0.404516,191103218,0000000.0000,0000000.0,10054.71,0.401898,63484.1,0.267,2026-10-01
NK225E    ,OOP,202610,53500.0,            ,181103518,0000128.0000,0000000.0,129.68,0.400566,191103518,0000000.0000,0000000.0,9811.39,0.396012,63484.1,0.267,2026-10-01
NK225E    ,OOP,202610,53750.0,            ,181103718,0000117.0000,0000000.0,136.11,0.395703,191103718,0000000.0000,0000000.0,9568.57,0.393053,63484.1,0.267,2026-10-01
NK225E    ,OOP,202610,54000.0,            ,131224018,0000142.0000,0000000.0,144.02,0.391174,141224018,0000000.0000,0000000.0,9327.24,0.386761,63484.1,0.267,2026-10-01
NK225E    ,OOP,202610,54250.0,            ,181104218,0000153.0000,0000000.0,152.93,0.386917,191104218,0000000.0000,0000000.0,9085.41,0.38315,63484.1,0.267,2026-10-01
NK225E    ,OOP,202610,54500.0,            ,181104518,0000150.0000,0000000.0,161.34,0.381836,191104518,0000000.0000,0000000.0,8844.08,0.379176,63484.1,0.267,2026-10-01
NK225E    ,OOP,202610,54750.0,            ,181104718,0000168.0000,0000000.0,171.23,0.377515,191104718,0000000.0000,0000000.0,8604.24,0.374866,63484.1,0.267,2026-10-01
NK225E    ,OOP,202610,55000.0,            ,131225018,0000187.0000,0000000.0,186.99,0.374307,141225018,0000000.0000,0000000.0,8365.4,0.370246,63484.1,0.267,2026-10-01
NK225E    ,OOP,202610,55250.0,            ,181105218,0000000.0000,0000000.0,192.51,0.368417,191105218,0000000.0000,0000000.0,8126.06,0.365335,63484.1,0.267,2026-10-01
NK225E    ,OOP,202610,55500.0,            ,181105518,0000210.0000,0000000.0,210.0,0.365373,191105518,0000000.0000,0000000.0,7889.2,0.362355,63484.1,0.267,2026-10-01
NK225E    ,OOP,202610,55750.0,            ,181105718,0000000.0000,0000000.0,217.75,0.360643,191105718,0000000.0000,0000000.0,7652.84,0.356823,63484.1,0.267,2026-10-01
NK225E    ,OOP,202610,56000.0,            ,131226018,0000234.0000,0000000.0,233.99,0.355607,141226018,0000000.0000,0000000.0,7414.99,0.353065,63484.1,0.267,2026-10-01
NK225E    ,OOP,202610,56250.0,            ,181106218,0000241.0000,0000000.0,245.96,0.352173,191106218,0000000.0000,0000000.0,7182.12,0.348908,63484.1,0.267,2026-10-01
NK225E    ,OOP,202610,56500.0,            ,181106518,0000237.0000,0000000.0,262.29,0.347943,191106518,0000000.0000,0000000.0,6948.24,0.3462,63484.1,0.267,2026-10-01
NK225E    ,OOP,202610,56750.0,            ,181106718,0000286.0000,0000000.0,286.0,0.34437,191106718,0000000.0000,0000000.0,6715.87,0.341245,63484.1,0.267,2026-10-01
NK225E    ,OOP,202610,57000.0,            ,131227018,0000305.0000,0000000.0,305.0,0.340355,141227018,0000000.0000,0000000.0,6486.47,0.337628,63484.1,0.267,2026-10-01
NK225E    ,OOP,202610,57250.0,            ,181107218,0000320.0000,0000000.0,321.7,0.335206,191107218,0000000.0000,0000000.0,6256.58,0.333564,63484.1,0.267,2026-10-01
NK225E    ,OOP,202610,57500.0,            ,181107518,0000440.0000,0000000.0,343.98,0.333209,191107518,0000000.0000,0000000.0,6031.67,0.330592,63484.1,0.267,2026-10-01
NK225E    ,OOP,202610,57750.0,            ,181107718,0000355.0000,0000000.0,368.75,0.32966,191107718,0000000.0000,0000000.0,5806.75,0.327095,63484.1,0.267,2026-10-01
NK225E    ,OOP,202610,58000.0,            ,131228018,0000400.0000,0000000.0,399.99,0.325626,141228018,0000000.0000,0000000.0,5581.83,0.323108,63484.1,0.267,2026-10-01
NK225E    ,OOP,202610,58250.0,            ,181108218,0000415.0000,0000000.0,423.23,0.322449,191108218,0000000.0000,0000000.0,5361.9,0.319982,63484.1,0.267,2026-10-01
NK225E    ,OOP,202610,58375.0,            ,181108318,0000405.0000,0000000.0,443.07,0.321936,191108318,0000000.0000,0000000.0,5254.42,0.319502,63484.1,0.267,2026-10-01
NK225E    ,OOP,202610,58500.0,            ,181108518,0000460.0000,0000000.0,459.99,0.318733,191108518,0000000.0000,0000000.0,5144.45,0.317574,63484.1,0.267,2026-10-01
NK225E    ,OOP,202610,58625.0,            ,181108618,0000545.0000,0000000.0,475.27,0.316752,191108618,0000000.0000,0000000.0,5036.97,0.315521,63484.1,0.267,2026-10-01
NK225E    ,OOP,202610,58750.0,            ,181108718,0000505.0000,0000000.0,492.62,0.315144,191108718,0000000.0000,0000000.0,4927.0,0.313343,63484.1,0.267,2026-10-01
NK225E    ,OOP,202610,58875.0,            ,181108818,0000585.0000,0000000.0,512.45,0.313981,191108818,0000000.0000,0000000.0,4822.01,0.312233,63484.1,0.267,2026-10-01
NK225E    ,OOP,202610,59000.0,            ,131229018,0000550.0000,0000000.0,529.79,0.313283,141229018,0000000.0000,0000000.0,4714.53,0.310957,63484.1,0.267,2026-10-01
NK225E    ,OOP,202610,59125.0,            ,181109118,0000630.0000,0000000.0,544.64,0.312958,191109118,0000000.0000,0000000.0,4614.53,0.310659,63484.1,0.267,2026-10-01
NK225E    ,OOP,202610,59250.0,            ,181109218,0000615.0000,0000000.0,569.44,0.310219,191109218,0000000.0000,0000000.0,4507.05,0.309048,63484.1,0.267,2026-10-01
NK225E    ,OOP,202610,59375.0,            ,181109318,0000680.0000,0000000.0,591.75,0.307756,191109318,0000000.0000,0000000.0,4402.05,0.307289,63484.1,0.267,2026-10-01
NK225E    ,OOP,202610,59500.0,            ,181109518,0000620.0000,0000000.0,614.07,0.30763,191109518,0004180.0000,0000000.0,4299.56,0.305384,63484.1,0.267,2026-10-01
NK225E    ,OOP,202610,59625.0,            ,181109618,0000685.0000,0000000.0,631.4,0.306617,191109618,0000000.0000,0000000.0,4199.55,0.304391,63484.1,0.267,2026-10-01
NK225E    ,OOP,202610,59750.0,            ,181109718,0000710.0000,0000000.0,661.17,0.303612,191109718,0000000.0000,0000000.0,4094.56,0.302188,63484.1,0.267,2026-10-01
NK225E    ,OOP,202610,59875.0,            ,181109818,0000000.0000,0000000.0,680.99,0.304072,191109818,0000000.0000,0000000.0,4002.04,0.302894,63484.1,0.267,2026-10-01
NK225E    ,OOP,202610,60000.0,            ,131220018,0000720.0000,0000000.0,719.99,0.30255,141220018,0000000.0000,0000000.0,3897.04,0.300374,63484.1,0.267,2026-10-01
NK225E    ,OOP,202610,60125.0,            ,181100118,0000000.0000,0000000.0,733.07,0.301844,191100118,0000000.0000,0000000.0,3804.51,0.299684,63484.1,0.267,2026-10-01
NK225E    ,OOP,202610,60250.0,            ,181100218,0000825.0000,0000000.0,762.84,0.299026,191100218,0000000.0000,0000000.0,3699.51,0.296875,63484.1,0.267,2026-10-01
NK225E    ,OOP,202610,60375.0,            ,181100318,0000690.0000,0000000.0,792.61,0.297977,191100318,0000000.0000,0000000.0,3606.98,0.296789,63484.1,0.267,2026-10-01
NK225E    ,OOP,202610,60500.0,            ,181100518,0000690.0000,0000000.0,824.88,0.296746,191100518,0000000.0000,0000000.0,3509.47,0.294622,63484.1,0.267,2026-10-01
NK225E    ,OOP,202610,60625.0,            ,181100618,0000000.0000,0000000.0,847.17,0.295339,191100618,0000000.0000,0000000.0,3416.94,0.294146,63484.1,0.267,2026-10-01
NK225E    ,OOP,202610,60750.0,            ,181100718,0000000.0000,0000000.0,886.9,0.293198,191100718,0000000.0000,0000000.0,3321.92,0.292562,63484.1,0.267,2026-10-01
NK225E    ,OOP,202610,60875.0,            ,181100818,0000000.0000,0000000.0,919.16,0.293792,191100818,0000000.0000,0000000.0,3234.38,0.2917,63484.1,0.267,2026-10-01
NK225E    ,OOP,202610,61000.0,            ,131221018,0000970.0000,0000000.0,969.99,0.29361,141221018,0000000.0000,0000000.0,3136.85,0.289764,63484.1,0.267,2026-10-01
NK225E    ,OOP,202610,61125.0,            ,181101118,0000965.0000,0000000.0,983.66,0.291481,191101118,0000000.0000,0000000.0,3056.8,0.290274,63484.1,0.267,2026-10-01
NK225E    ,OOP,202610,61250.0,            ,181101218,0001015.0000,0000000.0,1020.9,0.289188,191101218,0000000.0000,0000000.0,2959.28,0.287116,63484.1,0.267,2026-10-01
NK225E    ,OOP,202610,61375.0,            ,181101318,0000000.0000,0000000.0,1053.14,0.288432,191101318,0000000.0000,0000000.0,2876.73,0.287216,63484.1,0.267,2026-10-01
NK225E    ,OOP,202610,61500.0,            ,181101518,0000970.0000,0000000.0,1127.81,0.286637,191101518,0000000.0000,0000000.0,2825.85,0.285415,63484.1,0.267,2026-10-01
NK225E    ,OOP,202610,61625.0,            ,181101618,0000000.0000,0000000.0,1132.6,0.286327,191101618,0000000.0000,0000000.0,2709.13,0.285099,63484.1,0.267,2026-10-01
NK225E    ,OOP,202610,61750.0,            ,181101718,0001190.0000,0000000.0,1179.81,0.28416,191101718,0000000.0000,0000000.0,2616.59,0.282925,63484.1,0.267,2026-10-01
NK225E    ,OOP,202610,61875.0,            ,131101818,0000000.0000,0000000.0,1222.02,0.284265,141101818,0000000.0000,0000000.0,2541.53,0.283024,63484.1,0.267,2026-10-01
NK225E    ,OOP,202610,62000.0,            ,131222018,0001280.0000,0000000.0,1279.99,0.283342,141222018,0002335.0000,0000000.0,2497.24,0.280474,63484.1,0.267,2026-10-01
NK225E    ,OOP,202610,62125.0,            ,131102118,0000000.0000,0000000.0,1306.45,0.281415,141102118,0000000.0000,0000000.0,2421.95,0.280158,63484.1,0.267,2026-10-01
NK225E    ,OOP,202610,62250.0,            ,181102218,0001155.0000,0000000.0,1388.61,0.279299,191102218,0000000.0000,0000000.0,2329.18,0.278033,63484.1,0.267,2026-10-01
NK225E    ,OOP,202610,62375.0,            ,131102318,0000000.0000,0000000.0,1400.85,0.280163,141102318,0000000.0000,0000000.0,2256.38,0.278888,63484.1,0.267,2026-10-01
NK225E    ,OOP,202610,62500.0,            ,131222518,0001430.0000,0000000.0,1483.02,0.27686,141222518,0000000.0000,0000000.0,2181.08,0.275574,63484.1,0.267,2026-10-01
NK225E    ,OOP,202610,62625.0,            ,131102618,0000000.0000,0000000.0,1500.24,0.276509,141102618,0000000.0000,0000000.0,2105.78,0.275212,63484.1,0.267,2026-10-01
NK225E    ,OOP,202610,62750.0,            ,131222718,0001760.0000,0000000.0,1539.93,0.275163,141222718,0000000.0000,0000000.0,2032.97,0.273854,63484.1,0.267,2026-10-01
NK225E    ,OOP,202610,62875.0,            ,131102818,0000000.0000,0000000.0,1594.61,0.275165,141102818,0000000.0000,0000000.0,1950.17,0.273843,63484.1,0.267,2026-10-01
NK225E    ,OOP,202610,63000.0,            ,131223018,0001660.0000,0000000.0,1659.29,0.272619,141223018,0001905.0000,0000000.0,1882.36,0.273613,63484.1,0.267,2026-10-01
NK225E    ,OOP,202610,63125.0,            ,131103118,0000000.0000,0000000.0,1711.48,0.272966,141103118,0001810.0000,0000000.0,1809.99,0.275491,63484.1,0.267,2026-10-01
NK225E    ,OOP,202610,63250.0,            ,131223218,0001930.0000,0000000.0,1761.15,0.270771,141223218,0001675.0000,0000000.0,1746.73,0.271728,63484.1,0.267,2026-10-01
NK225E    ,OOP,202610,63375.0,            ,131103318,0000000.0000,0000000.0,1830.84,0.26836,141103318,0000000.0000,0000000.0,1688.92,0.269299,63484.1,0.267,2026-10-01
NK225E    ,OOP,202610,63500.0,            ,131223518,0001810.0000,0000000.0,1930.54,0.268826,141223518,0001565.0000,0000000.0,1565.0,0.2651,63484.1,0.267,2026-10-01
NK225E    ,OOP,202610,63625.0,            ,131103618,0000000.0000,0000000.0,1965.19,0.265193,141103618,0001645.0000,0000000.0,1558.28,0.267652,63484.1,0.267,2026-10-01
NK225E    ,OOP,202610,63750.0,            ,131223718,0000000.0000,0000000.0,2019.86,0.267546,141223718,0001570.0000,0000000.0,1492.96,0.268438,63484.1,0.267,2026-10-01
NK225E    ,OOP,202610,63875.0,            ,131103818,0000000.0000,0000000.0,2094.54,0.263452,141103818,0000000.0000,0000000.0,1445.15,0.265889,63484.1,0.267,2026-10-01
NK225E    ,OOP,202610,64000.0,            ,181224018,0001900.0000,0000000.0,2149.2,0.265373,191224018,0001250.0000,0000000.0,1407.36,0.266236,63484.1,0.267,2026-10-01
NK225E    ,OOP,202610,64125.0,            ,131104118,0000000.0000,0000000.0,2218.87,0.262978,141104118,0000000.0000,0000000.0,1324.5,0.264792,63484.1,0.267,2026-10-01
NK225E    ,OOP,202610,64250.0,            ,131224218,0000000.0000,0000000.0,2255.98,0.263859,141224218,0001335.0000,0000000.0,1296.73,0.264697,63484.1,0.267,2026-10-01
NK225E    ,OOP,202610,64375.0,            ,131104318,0000000.0000,0000000.0,2306.6,0.261164,141104318,0001335.0000,0000000.0,1211.36,0.261193,63484.1,0.267,2026-10-01
NK225E    ,OOP,202610,64500.0,            ,131224518,0000000.0000,0000000.0,2445.42,0.261423,141224518,0001130.0000,0000000.0,1193.61,0.263041,63484.1,0.267,2026-10-01
NK225E    ,OOP,202610,64625.0,            ,131104618,0000000.0000,0000000.0,2503.61,0.259845,141104618,0001225.0000,0000000.0,1108.22,0.259838,63484.1,0.267,2026-10-01
NK225E    ,OOP,202610,64750.0,            ,131224718,0002920.0000,0000000.0,2583.32,0.259654,141224718,0000000.0000,0000000.0,1060.41,0.261264,63484.1,0.267,2026-10-01
NK225E    ,OOP,202610,64875.0,            ,131104818,0000000.0000,0000000.0,2658.01,0.258411,141104818,0000000.0000,0000000.0,1007.58,0.258367,63484.1,0.267,2026-10-01
NK225E    ,OOP,202610,65000.0,            ,181225018,0002680.0000,0000000.0,2726.67,0.258594,191225018,0000945.0000,0000000.0,945.0,0.259367,63484.1,0.267,2026-10-01
NK225E    ,OOP,202610,65125.0,            ,131105118,0000000.0000,0000000.0,2814.92,0.256866,141105118,0000000.0000,0000000.0,901.03,0.256784,63484.1,0.267,2026-10-01
NK225E    ,OOP,202610,65250.0,            ,131225218,0000000.0000,0000000.0,2907.15,0.257449,141225218,0000960.0000,0000000.0,879.17,0.258204,63484.1,0.267,2026-10-01
NK225E    ,OOP,202610,65375.0,            ,131105318,0000000.0000,0000000.0,2986.86,0.256087,141105318,0000000.0000,0000000.0,831.35,0.255963,63484.1,0.267,2026-10-01
NK225E    ,OOP,202610,65500.0,            ,131225518,0000000.0000,0000000.0,3076.58,0.256232,141225518,0000790.0000,0000000.0,789.99,0.258733,63484.1,0.267,2026-10-01
NK225E    ,OOP,202610,65625.0,            ,131105618,0000000.0000,0000000.0,3158.78,0.254365,141105618,0000000.0000,0000000.0,755.76,0.255096,63484.1,0.267,2026-10-01
NK225E    ,OOP,202610,65750.0,            ,131225718,0000000.0000,0000000.0,3251.01,0.254957,141225718,0000655.0000,0000000.0,720.48,0.255679,63484.1,0.267,2026-10-01
NK225E    ,OOP,202610,65875.0,            ,131105818,0000000.0000,0000000.0,3338.22,0.25349,141105818,0000735.0000,0000000.0,682.68,0.253275,63484.1,0.267,2026-10-01
NK225E    ,OOP,202610,66000.0,            ,131346018,0003345.0000,0000000.0,3430.45,0.253645,141346018,0000660.0000,0000000.0,649.91,0.254353,63484.1,0.267,2026-10-01
NK225E    ,OOP,202610,66125.0,            ,131106118,0000000.0000,0000000.0,3522.67,0.252619,141106118,0000000.0000,0000000.0,617.13,0.25332,63484.1,0.267,2026-10-01
NK225E    ,OOP,202610,66250.0,            ,131226218,0000000.0000,0000000.0,3614.9,0.25232,141226218,0000525.0000,0000000.0,584.36,0.253014,63484.1,0.267,2026-10-01
NK225E    ,OOP,202610,66375.0,            ,131106318,0000000.0000,0000000.0,3712.14,0.251789,141106318,0000000.0000,0000000.0,551.58,0.251465,63484.1,0.267,2026-10-01
NK225E    ,OOP,202610,66500.0,            ,131226518,0000000.0000,0000000.0,3806.88,0.251014,141226518,0000500.0000,0000000.0,526.34,0.251694,63484.1,0.267,2026-10-01
NK225E    ,OOP,202610,66625.0,            ,131106618,0000000.0000,0000000.0,3901.61,0.249984,141106618,0000430.0000,0000000.0,496.43,0.251715,63484.1,0.267,2026-10-01
NK225E    ,OOP,202610,66750.0,            ,131226718,0004180.0000,0000000.0,4003.86,0.250855,141226718,0000460.0000,0000000.0,468.32,0.251519,63484.1,0.267,2026-10-01
NK225E    ,OOP,202610,66875.0,            ,131106818,0000000.0000,0000000.0,4103.61,0.25044,141106818,0000375.0000,0000000.0,443.08,0.249985,63484.1,0.267,2026-10-01
NK225E    ,OOP,202610,67000.0,            ,131347018,0004140.0000,0000000.0,4205.86,0.249785,141347018,0000425.0000,0000000.0,417.84,0.250434,63484.1,0.267,2026-10-01
NK225E    ,OOP,202610,67125.0,            ,131107118,0000000.0000,0000000.0,4308.12,0.250049,141107118,0000000.0000,0000000.0,397.63,0.249518,63484.1,0.267,2026-10-01
NK225E    ,OOP,202610,67250.0,            ,131227218,0000000.0000,0000000.0,4412.88,0.250112,141227218,0000365.0000,0000000.0,374.9,0.249539,63484.1,0.267,2026-10-01
NK225E    ,OOP,202610,67375.0,            ,131107318,0000000.0000,0000000.0,4517.65,0.248721,141107318,0000297.0000,0000000.0,357.21,0.249345,63484.1,0.267,2026-10-01
NK225E    ,OOP,202610,67500.0,            ,181227518,0000000.0000,0000000.0,4622.41,0.248308,191227518,0000350.0000,0000000.0,331.96,0.248923,63484.1,0.267,2026-10-01
NK225E    ,OOP,202610,67625.0,            ,131107618,0000000.0000,0000000.0,4740.23,0.251593,141107618,0000000.0000,0000000.0,314.27,0.249576,63484.1,0.267,2026-10-01
NK225E    ,OOP,202610,67750.0,            ,131227718,0000000.0000,0000000.0,4836.46,0.248105,141227718,0000265.0000,0000000.0,296.58,0.248426,63484.1,0.267,2026-10-01
NK225E    ,OOP,202610,67875.0,            ,131107818,0000000.0000,0000000.0,4944.74,0.24837,141107818,0000299.0000,0000000.0,279.38,0.24698,63484.1,0.267,2026-10-01
NK225E    ,OOP,202610,68000.0,            ,131348018,0000000.0000,0000000.0,5056.54,0.248438,141348018,0000256.0000,0000000.0,256.0,0.247845,63484.1,0.267,2026-10-01
NK225E    ,OOP,202610,68125.0,            ,131108118,0000000.0000,0000000.0,5164.82,0.248297,141108118,0000189.0000,0000000.0,250.04,0.247047,63484.1,0.267,2026-10-01
NK225E    ,OOP,202610,68250.0,            ,131228218,0000000.0000,0000000.0,5275.61,0.247932,141228218,0000218.0000,0000000.0,233.36,0.247538,63484.1,0.267,2026-10-01
NK225E    ,OOP,202610,68375.0,            ,131108318,0000000.0000,0000000.0,5387.91,0.248933,141108318,0000245.0000,0000000.0,220.71,0.246882,63484.1,0.267,2026-10-01
NK225E    ,OOP,202610,68500.0,            ,131228518,0000000.0000,0000000.0,5501.21,0.248133,141228518,0000195.0000,0000000.0,207.04,0.247304,63484.1,0.267,2026-10-01
NK225E    ,OOP,202610,68625.0,            ,131108618,0000000.0000,0000000.0,5614.01,0.248784,141108618,0000000.0000,0000000.0,194.39,0.246502,63484.1,0.267,2026-10-01
NK225E    ,OOP,202610,68750.0,            ,131228718,0000000.0000,0000000.0,5727.32,0.249271,141228718,0000164.0000,0000000.0,183.75,0.246871,63484.1,0.267,2026-10-01
NK225E    ,OOP,202610,68875.0,            ,131108818,0000000.0000,0000000.0,5843.14,0.249585,141108818,0000145.0000,0000000.0,172.61,0.246306,63484.1,0.267,2026-10-01
NK225E    ,OOP,202610,69000.0,            ,131349018,0000000.0000,0000000.0,5957.95,0.249714,141349018,0000169.0000,0000000.0,162.48,0.247046,63484.1,0.267,2026-10-01
NK225E    ,OOP,202610,69125.0,            ,131109118,0000000.0000,0000000.0,6072.26,0.249645,141109118,0000000.0000,0000000.0,151.35,0.245192,63484.1,0.267,2026-10-01
NK225E    ,OOP,202610,69250.0,            ,131229218,0000000.0000,0000000.0,6189.08,0.249363,141229218,0000127.0000,0000000.0,143.74,0.246795,63484.1,0.267,2026-10-01
NK225E    ,OOP,202610,69375.0,            ,131109318,0000000.0000,0000000.0,6305.91,0.248849,141109318,0000120.0000,0000000.0,132.6,0.24478,63484.1,0.267,2026-10-01
NK225E    ,OOP,202610,69500.0,            ,131229518,0000000.0000,0000000.0,6423.24,0.250323,141229518,0000120.0000,0000000.0,120.0,0.246084,63484.1,0.267,2026-10-01
NK225E    ,OOP,202610,69625.0,            ,131109618,0000000.0000,0000000.0,6540.06,0.249391,141109618,0000000.0000,0000000.0,117.9,0.245359,63484.1,0.267,2026-10-01
NK225E    ,OOP,202610,69750.0,            ,131229718,0000000.0000,0000000.0,6658.9,0.250593,141229718,0000097.0000,0000000.0,111.81,0.246876,63484.1,0.267,2026-10-01
NK225E    ,OOP,202610,69875.0,            ,131109818,0000000.0000,0000000.0,6775.22,0.249173,141109818,0000101.0000,0000000.0,103.19,0.245173,63484.1,0.267,2026-10-01
NK225E    ,OOP,202610,70000.0,            ,131340018,0000000.0000,0000000.0,6895.56,0.250062,141340018,0000098.0000,0000000.0,91.67,0.246949,63484.1,0.267,2026-10-01
NK225E    ,OOP,202610,70125.0,            ,131100118,0000000.0000,0000000.0,7013.4,0.250822,141100118,0000090.0000,0000000.0,91.02,0.244659,63484.1,0.267,2026-10-01
NK225E    ,OOP,202610,70250.0,            ,131220218,0000000.0000,0000000.0,7134.25,0.251445,141220218,0000085.0000,0000000.0,85.94,0.247366,63484.1,0.267,2026-10-01
NK225E    ,OOP,202610,70375.0,            ,131100318,0000000.0000,0000000.0,7253.59,0.251923,141100318,0000000.0000,0000000.0,80.87,0.245727,63484.1,0.267,2026-10-01
NK225E    ,OOP,202610,70500.0,            ,131220518,0000000.0000,0000000.0,7374.94,0.252244,141220518,0000074.0000,0000000.0,74.0,0.248307,63484.1,0.267,2026-10-01
NK225E    ,OOP,202610,70625.0,            ,131100618,0000000.0000,0000000.0,7493.78,0.252396,141100618,0000000.0000,0000000.0,71.22,0.247522,63484.1,0.267,2026-10-01
NK225E    ,OOP,202610,70750.0,            ,131220718,0000000.0000,0000000.0,7616.15,0.252366,141220718,0000066.0000,0000000.0,67.16,0.247879,63484.1,0.267,2026-10-01
NK225E    ,OOP,202610,70875.0,            ,131100818,0000000.0000,0000000.0,7735.99,0.252134,141100818,0000000.0000,0000000.0,61.07,0.245802,63484.1,0.267,2026-10-01
NK225E    ,OOP,202610,71000.0,            ,131341018,0000000.0000,0000000.0,7858.35,0.255328,141341018,0000057.0000,0000000.0,57.0,0.248862,63484.1,0.267,2026-10-01
NK225E    ,OOP,202610,71125.0,            ,131101118,0000000.0000,0000000.0,7978.2,0.254837,141101118,0000000.0000,0000000.0,52.94,0.245375,63484.1,0.267,2026-10-01
NK225E    ,OOP,202610,71250.0,            ,131221218,0000000.0000,0000000.0,8102.07,0.257981,141221218,0000050.0000,0000000.0,51.42,0.248355,63484.1,0.267,2026-10-01
NK225E    ,OOP,202610,71375.0,            ,131101318,0000000.0000,0000000.0,8222.93,0.257204,141101318,0000000.0000,0000000.0,43.97,0.246804,63484.1,0.267,2026-10-01
NK225E    ,OOP,202610,71500.0,            ,131221518,0000000.0000,0000000.0,8344.79,0.256146,141221518,0000039.0000,0000000.0,45.32,0.248807,63484.1,0.267,2026-10-01
NK225E    ,OOP,202610,71625.0,            ,131101618,0000000.0000,0000000.0,8468.66,0.259203,141101618,0000043.0000,0000000.0,39.92,0.248699,63484.1,0.267,2026-10-01
NK225E    ,OOP,202610,71750.0,            ,131221718,0000000.0000,0000000.0,8589.01,0.257784,141221718,0000039.0000,0000000.0,35.38,0.246797,63484.1,0.267,2026-10-01
NK225E    ,OOP,202610,71875.0,            ,181101818,0000000.0000,0000000.0,8712.89,0.260793,191101818,0000000.0000,0000000.0,34.37,0.24849,63484.1,0.267,2026-10-01
NK225E    ,OOP,202610,72000.0,            ,131342018,0000000.0000,0000000.0,8834.75,0.258957,141342018,0000034.0000,0000000.0,34.13,0.249711,63484.1,0.267,2026-10-01
NK225E    ,OOP,202610,72125.0,            ,181102118,0000000.0000,0000000.0,8958.62,0.261918,191102118,0000000.0000,0000000.0,30.33,0.249288,63484.1,0.267,2026-10-01
NK225E    ,OOP,202610,72250.0,            ,131222218,0000000.0000,0000000.0,9080.48,0.259594,141222218,0000032.0000,0000000.0,27.3,0.248133,63484.1,0.267,2026-10-01
NK225E    ,OOP,202610,72500.0,            ,181102518,0000000.0000,0000000.0,9327.23,0.265411,191102518,0000028.0000,0000000.0,27.01,0.25031,63484.1,0.267,2026-10-01
NK225E    ,OOP,202610,72750.0,            ,181222718,0000000.0000,0000000.0,9573.98,0.265315,191222718,0000022.0000,0000000.0,21.24,0.249849,63484.1,0.267,2026-10-01
NK225E    ,OOP,202610,73000.0,            ,131343018,0000000.0000,0000000.0,9821.73,0.271007,141343018,0000020.0000,0000000.0,20.0,0.252938,63484.1,0.267,2026-10-01
NK225E    ,OOP,202610,73250.0,            ,181223218,0000000.0000,0000000.0,10069.49,0.270037,191223218,0000019.0000,0000000.0,17.19,0.252928,63484.1,0.267,2026-10-01
NK225E    ,OOP,202610,73500.0,            ,181223518,0000000.0000,0000000.0,10316.74,0.275611,191223518,0000015.0000,0000000.0,15.0,0.253427,63484.1,0.267,2026-10-01
NK225E    ,OOP,202610,73750.0,            ,181223718,0000000.0000,0000000.0,10564.5,0.273557,191223718,0000013.0000,0000000.0,12.65,0.252908,63484.1,0.267,2026-10-01
NK225E    ,OOP,202610,74000.0,            ,131344018,0000000.0000,0000000.0,10812.25,0.279018,141344018,0000012.0000,0000000.0,12.0,0.256057,63484.1,0.267,2026-10-01
NK225E    ,OOP,202610,74250.0,            ,181224218,0000000.0000,0000000.0,11062.03,0.284456,191224218,0000011.0000,0000000.0,10.72,0.257318,63484.1,0.267,2026-10-01
NK225E    ,OOP,202610,74500.0,            ,181224518,0000000.0000,0000000.0,11310.29,0.280903,191224518,0000012.0000,0000000.0,10.71,0.259865,63484.1,0.267,2026-10-01
NK225E    ,OOP,202610,74750.0,            ,181224718,0000000.0000,0000000.0,11558.55,0.286243,191224718,0000008.0000,0000000.0,8.68,0.257855,63484.1,0.267,2026-10-01
NK225E    ,OOP,202610,75000.0,            ,181345018,0000000.0000,0000000.0,11807.82,0.291562,191345018,0000007.0000,0000000.0,7.31,0.259779,63484.1,0.267,2026-10-01
NK225E    ,OOP,202610,75250.0,            ,181225218,0000000.0000,0000000.0,12057.09,0.296861,191225218,0000000.0000,0000000.0,6.64,0.261463,63484.1,0.267,2026-10-01
NK225E    ,OOP,202610,75500.0,            ,181225518,0000000.0000,0000000.0,12306.87,0.30214,191225518,0000008.0000,0000000.0,6.63,0.265835,63484.1,0.267,2026-10-01
NK225E    ,OOP,202610,75750.0,            ,181225718,0000000.0000,0000000.0,12555.13,0.296422,191225718,0000006.0000,0000000.0,4.6,0.267316,63484.1,0.267,2026-10-01
NK225E    ,OOP,202610,76000.0,            ,181346018,0000000.0000,0000000.0,12804.91,0.301629,191346018,0000005.0000,0000000.0,5.0,0.266553,63484.1,0.267,2026-10-01
NK225E    ,OOP,202610,76250.0,            ,181226218,0000000.0000,0000000.0,13054.18,0.306818,191226218,0000000.0000,0000000.0,4.59,0.268488,63484.1,0.267,2026-10-01
NK225E    ,OOP,202610,76500.0,            ,181226518,0000000.0000,0000000.0,13303.45,0.31199,191226518,0000005.0000,0000000.0,4.59,0.272642,63484.1,0.267,2026-10-01
NK225E    ,OOP,202610,77000.0,            ,181347018,0000000.0000,0000000.0,13802.5,0.322282,191347018,0000003.0000,0000000.0,3.65,0.274725,63484.1,0.267,2026-10-01
NK225E    ,OOP,202610,77500.0,            ,131227518,0000000.0000,0000000.0,14301.55,0.332506,141227518,0000004.0000,0000000.0,3.13,0.278681,63484.1,0.267,2026-10-01
NK225E    ,OOP,202610,78000.0,            ,181348018,0000000.0000,0000000.0,14800.6,0.328787,191348018,0000003.0000,0000000.0,2.61,0.28181,63484.1,0.267,2026-10-01
NK225E    ,OOP,202610,78500.0,            ,181228518,0000000.0000,0000000.0,15299.14,0.3389,191228518,0000002.0000,0000000.0,1.57,0.277003,63484.1,0.267,2026-10-01
NK225E    ,OOP,202610,79000.0,            ,181349018,0000000.0000,0000000.0,15798.7,0.34895,191349018,0000002.0000,0000000.0,1.57,0.284322,63484.1,0.267,2026-10-01
NK225E    ,OOP,202610,79500.0,            ,181229518,0000000.0000,0000000.0,16298.26,0.358936,191229518,0000002.0000,0000000.0,2.6,0.29762,63484.1,0.267,2026-10-01
NK225E    ,OOP,202610,80000.0,            ,181340018,0000000.0000,0000000.0,16797.81,0.36886,191340018,0000001.0000,0000000.0,1.56,0.298768,63484.1,0.267,2026-10-01
NK225E    ,OOP,202610,80500.0,            ,181220518,0000000.0000,0000000.0,17296.98,0.378722,191220518,0000000.0000,0000000.0,1.13,0.297994,63484.1,0.267,2026-10-01
NK225E    ,OOP,202610,81000.0,            ,181341018,0000000.0000,0000000.0,17796.24,0.388524,191341018,0000001.0000,0000000.0,0.83,0.297994,63484.1,0.267,2026-10-01
NK225E    ,OOP,202610,81500.0,            ,181221518,0000000.0000,0000000.0,18295.58,0.380775,191221518,0000000.0000,0000000.0,0.62,0.297994,63484.1,0.267,2026-10-01
NK225E    ,OOP,202610,82000.0,            ,181342018,0000000.0000,0000000.0,18794.97,0.390621,191342018,0000001.0000,0000000.0,1.0,0.315602,63484.1,0.267,2026-10-01
NK225E    ,OOP,202610,82500.0,            ,181222518,0000000.0000,0000000.0,19294.41,0.4004,191222518,0000000.0000,0000000.0,0.33,0.297994,63484.1,0.267,2026-10-01
NK225E    ,OOP,202610,83000.0,            ,181343018,0000000.0000,0000000.0,19793.87,0.410114,191343018,0000001.0000,0000000.0,0.24,0.297994,63484.1,0.267,2026-10-01
NK225E    ,OOP,202610,83500.0,            ,131343518,0000000.0000,0000000.0,20293.36,0.419764,141343518,0000000.0000,0000000.0,0.17,0.297994,63484.1,0.267,2026-10-01
NK225E    ,OOP,202610,84000.0,            ,181344018,0000000.0000,0000000.0,20792.87,0.429351,191344018,0000000.0000,0000000.0,0.12,0.297994,63484.1,0.267,2026-10-01
NK225E    ,OOP,202610,84500.0,            ,131344518,0000000.0000,0000000.0,21292.39,0.438877,141344518,0000000.0000,0000000.0,0.09,0.297994,63484.1,0.267,2026-10-01
NK225E    ,OOP,202610,85000.0,            ,131465018,0000000.0000,0000000.0,21791.92,0.448342,141465018,0000001.0000,0000000.0,0.06,0.297994,63484.1,0.267,2026-10-01
NK225E    ,OOP,202610,87500.0,            ,131347518,0000000.0000,0000000.0,24289.64,0.474478,141347518,0000000.0000,0000000.0,0.01,0.297994,63484.1,0.267,2026-10-01
NK225E    ,OOP,202610,90000.0,            ,131460018,0000000.0000,0000000.0,26787.41,0.520786,141460018,0000000.0000,0000000.0,0.0,0.297994,63484.1,0.267,2026-10-01
NK225E    ,OOP,202610,92500.0,            ,181342518,0000000.0000,0000000.0,29285.19,0.542127,191342518,0000000.0000,0000000.0,0.0,0.297994,63484.1,0.267,2026-10-01
NK225E    ,OOP,202610,95000.0,            ,181465018,0000000.0000,0000000.0,31782.97,0.587297,191465018,0000000.0000,0000000.0,0.0,0.297994,63484.1,0.267,2026-10-01
NK225E    ,OOP,202610,97500.0,            ,181347518,0000000.0000,0000000.0,34280.75,0.604253,191347518,0000000.0000,0000000.0,0.0,0.297994,63484.1,0.267,2026-10-01
NK225E    ,OOP,202610,100000.0,            ,181460018,0000000.0000,0000000.0,36778.53,0.648684,191460018,0000000.0000,0000000.0,0.0,0.297994,63484.1,0.267,2026-10-01
NK225E    ,OOP,202611,20000.0,            ,131590018,0000004.0000,0000000.0,3.96,0.934298,141590018,0000000.0000,0000000.0,43177.28,1.204439,63484.1,0.267,2026-11-01
NK225E    ,OOP,202611,22500.0,            ,131352518,0000009.0000,0000000.0,0.99,0.842573,141352518,0000000.0000,0000000.0,40682.73,1.085954,63484.1,0.267,2026-11-01
NK225E    ,OOP,202611,25000.0,            ,181235018,0000010.0000,0000000.0,9.73,0.817352,191235018,0000000.0000,0000000.0,38188.19,0.980356,63484.1,0.267,2026-11-01
NK225E    ,OOP,202611,26000.0,            ,131356018,0000000.0000,0000000.0,0.99,0.74352,141356018,0000000.0000,0000000.0,37190.37,0.936077,63484.1,0.267,2026-11-01
NK225E    ,OOP,202611,27000.0,            ,181237018,0000000.0000,0000000.0,0.99,0.72511,191237018,0000000.0000,0000000.0,36192.55,0.90577,63484.1,0.267,2026-11-01
NK225E    ,OOP,202611,28000.0,            ,181238018,0000013.0000,0000000.0,2.99,0.743139,191238018,0000000.0000,0000000.0,35196.73,0.876074,63484.1,0.267,2026-11-01
NK225E    ,OOP,202611,29000.0,            ,181239018,0000000.0000,0000000.0,6.99,0.685326,191239018,0000000.0000,0000000.0,34202.91,0.846965,63484.1,0.267,2026-11-01
NK225E    ,OOP,202611,30000.0,            ,181230018,0000020.0000,0000000.0,10.98,0.704489,191230018,0000000.0000,0000000.0,33209.09,0.818419,63484.1,0.267,2026-11-01
NK225E    ,OOP,202611,31000.0,            ,181231018,0000000.0000,0000000.0,14.17,0.666969,191231018,0000000.0000,0000000.0,32214.46,0.79041,63484.1,0.267,2026-11-01
NK225E    ,OOP,202611,32000.0,            ,181232018,0000000.0000,0000000.0,26.97,0.686289,191232018,0000000.0000,0000000.0,31229.44,0.778705,63484.1,0.267,2026-11-01
NK225E    ,OOP,202611,33000.0,            ,181233018,0000000.0000,0000000.0,30.96,0.668481,191233018,0000000.0000,0000000.0,30235.62,0.750725,63484.1,0.267,2026-11-01
NK225E    ,OOP,202611,34000.0,            ,181234018,0000000.0000,0000000.0,34.46,0.648634,191234018,0000000.0000,0000000.0,29241.3,0.729809,63484.1,0.267,2026-11-01
NK225E    ,OOP,202611,35000.0,            ,131355018,0000040.0000,0000000.0,36.96,0.626289,141355018,0000000.0000,0000000.0,28245.98,0.696347,63484.1,0.267,2026-11-01
NK225E    ,OOP,202611,36000.0,            ,131116018,0000045.0000,0000000.0,43.45,0.611593,141116018,0000000.0000,0000000.0,27254.65,0.675691,63484.1,0.267,2026-11-01
NK225E    ,OOP,202611,37000.0,            ,131117018,0000000.0000,0000000.0,49.44,0.594669,141117018,0000000.0000,0000000.0,26262.83,0.654641,63484.1,0.267,2026-11-01
NK225E    ,OOP,202611,38000.0,            ,131118018,0000054.0000,0000000.0,54.21,0.5791,141118018,0000000.0000,0000000.0,25272.5,0.633295,63484.1,0.267,2026-11-01
NK225E    ,OOP,202611,39000.0,            ,131119018,0000074.0000,0000000.0,60.67,0.561706,141119018,0000000.0000,0000000.0,24282.17,0.611728,63484.1,0.267,2026-11-01
NK225E    ,OOP,202611,40000.0,            ,131110018,0000073.0000,0000000.0,69.12,0.545834,141110018,0000000.0000,0000000.0,23294.34,0.589994,63484.1,0.267,2026-11-01
NK225E    ,OOP,202611,41000.0,            ,131111018,0000000.0000,0000000.0,78.56,0.528948,141111018,0000000.0000,0000000.0,22305.52,0.568135,63484.1,0.267,2026-11-01
NK225E    ,OOP,202611,42000.0,            ,131112018,0000000.0000,0000000.0,87.5,0.51391,141112018,0000000.0000,0000000.0,21319.68,0.549622,63484.1,0.267,2026-11-01
NK225E    ,OOP,202611,43000.0,            ,131113018,0000105.0000,0000000.0,101.92,0.497701,141113018,0000000.0000,0000000.0,20333.35,0.530489,63484.1,0.267,2026-11-01
NK225E    ,OOP,202611,44000.0,            ,131114018,0000116.0000,0000000.0,116.82,0.482637,141114018,0000000.0000,0000000.0,19350.01,0.510842,63484.1,0.267,2026-11-01
NK225E    ,OOP,202611,44500.0,            ,181114518,0000000.0000,0000000.0,123.78,0.474973,191114518,0000000.0000,0000000.0,18859.09,0.502208,63484.1,0.267,2026-11-01
NK225E    ,OOP,202611,44750.0,            ,181114718,0000000.0000,0000000.0,127.75,0.471027,191114718,0000000.0000,0000000.0,18614.14,0.497807,63484.1,0.267,2026-11-01
NK225E    ,OOP,202611,45000.0,            ,131115018,0000136.0000,0000000.0,132.72,0.467011,141115018,0000000.0000,0000000.0,18368.68,0.493352,63484.1,0.267,2026-11-01
NK225E    ,OOP,202611,45250.0,            ,181115218,0000000.0000,0000000.0,137.69,0.463521,191115218,0000000.0000,0000000.0,18123.72,0.488848,63484.1,0.267,2026-11-01
NK225E    ,OOP,202611,45500.0,            ,131115518,0000000.0000,0000000.0,142.16,0.459934,141115518,0000000.0000,0000000.0,17879.75,0.484294,63484.1,0.267,2026-11-01
NK225E    ,OOP,202611,45750.0,            ,131115718,0000000.0000,0000000.0,147.13,0.456809,141115718,0000000.0000,0000000.0,17636.29,0.479694,63484.1,0.267,2026-11-01
NK225E    ,OOP,202611,46000.0,            ,181116018,0000150.0000,0000000.0,152.1,0.451946,191116018,0000000.0000,0000000.0,17389.83,0.475049,63484.1,0.267,2026-11-01
NK225E    ,OOP,202611,46250.0,            ,131116218,0000000.0000,0000000.0,157.06,0.448638,141116218,0000000.0000,0000000.0,17146.87,0.47036,63484.1,0.267,2026-11-01
NK225E    ,OOP,202611,46500.0,            ,131116518,0000000.0000,0000000.0,162.03,0.444199,141116518,0000000.0000,0000000.0,16900.91,0.46563,63484.1,0.267,2026-11-01
NK225E    ,OOP,202611,46750.0,            ,131116718,0000000.0000,0000000.0,167.49,0.441696,141116718,0000000.0000,0000000.0,16659.45,0.463035,63484.1,0.267,2026-11-01
NK225E    ,OOP,202611,47000.0,            ,181117018,0000000.0000,0000000.0,174.45,0.437595,191117018,0000000.0000,0000000.0,16415.48,0.458178,63484.1,0.267,2026-11-01
NK225E    ,OOP,202611,47250.0,            ,131117218,0000198.0000,0000000.0,179.42,0.434359,141117218,0000000.0000,0000000.0,16172.52,0.453285,63484.1,0.267,2026-11-01
NK225E    ,OOP,202611,47500.0,            ,131117518,0000000.0000,0000000.0,186.37,0.430556,141117518,0000000.0000,0000000.0,15930.06,0.450372,63484.1,0.267,2026-11-01
NK225E    ,OOP,202611,47750.0,            ,131117718,0000000.0000,0000000.0,192.33,0.426668,141117718,0000000.0000,0000000.0,15686.6,0.445367,63484.1,0.267,2026-11-01
NK225E    ,OOP,202611,48000.0,            ,181118018,0000202.0000,0000000.0,201.99,0.421844,191118018,0000000.0000,0000000.0,15444.63,0.442242,63484.1,0.267,2026-11-01
NK225E    ,OOP,202611,48250.0,            ,131118218,0000000.0000,0000000.0,204.75,0.418654,141118218,0000000.0000,0000000.0,15201.67,0.437134,63484.1,0.267,2026-11-01
NK225E    ,OOP,202611,48500.0,            ,131118518,0000217.0000,0000000.0,216.99,0.414938,141118518,0000000.0000,0000000.0,14961.7,0.433814,63484.1,0.267,2026-11-01
NK225E    ,OOP,202611,48750.0,            ,131118718,0000000.0000,0000000.0,222.14,0.413076,141118718,0000000.0000,0000000.0,14719.74,0.430377,63484.1,0.267,2026-11-01
NK225E    ,OOP,202611,49000.0,            ,181119018,0000232.0000,0000000.0,231.99,0.407613,191119018,0000000.0000,0000000.0,14476.77,0.425112,63484.1,0.267,2026-11-01
NK225E    ,OOP,202611,49250.0,            ,131119218,0000000.0000,0000000.0,237.04,0.405825,141119218,0000000.0000,0000000.0,14236.81,0.421502,63484.1,0.267,2026-11-01
NK225E    ,OOP,202611,49500.0,            ,131119518,0000305.0000,0000000.0,245.98,0.401695,141119518,0000000.0000,0000000.0,13998.34,0.419411,63484.1,0.267,2026-11-01
NK225E    ,OOP,202611,49750.0,            ,131119718,0000299.0000,0000000.0,256.41,0.398869,141119718,0000000.0000,0000000.0,13757.87,0.413974,63484.1,0.267,2026-11-01
NK225E    ,OOP,202611,50000.0,            ,181110018,0000264.0000,0000000.0,263.36,0.394221,191110018,0000000.0000,0000000.0,13517.91,0.410063,63484.1,0.267,2026-11-01
NK225E    ,OOP,202611,50250.0,            ,131110218,0000269.0000,0000000.0,274.79,0.392126,141110218,0000000.0000,0000000.0,13277.94,0.406061,63484.1,0.267,2026-11-01
NK225E    ,OOP,202611,50500.0,            ,131110518,0000000.0000,0000000.0,286.72,0.388889,141110518,0000000.0000,0000000.0,13040.47,0.403431,63484.1,0.267,2026-11-01
NK225E    ,OOP,202611,50750.0,            ,131110718,0000305.0000,0000000.0,296.65,0.385522,141110718,0000000.0000,0000000.0,12803.0,0.399218,63484.1,0.267,2026-11-01
NK225E    ,OOP,202611,51000.0,            ,181111018,0000310.0000,0000000.0,310.57,0.38042,191111018,0000000.0000,0000000.0,12563.53,0.394923,63484.1,0.267,2026-11-01
NK225E    ,OOP,202611,51250.0,            ,131111218,0000310.0000,0000000.0,318.0,0.379281,141111218,0000000.0000,0000000.0,12324.06,0.391899,63484.1,0.267,2026-11-01
NK225E    ,OOP,202611,51500.0,            ,131111518,0000000.0000,0000000.0,332.91,0.375256,141111518,0000000.0000,0000000.0,12089.59,0.388727,63484.1,0.267,2026-11-01
NK225E    ,OOP,202611,51750.0,            ,131111718,0000350.0000,0000000.0,345.33,0.372491,141111718,0000000.0000,0000000.0,11855.12,0.385415,63484.1,0.267,2026-11-01
NK225E    ,OOP,202611,52000.0,            ,181112018,0000405.0000,0000000.0,362.73,0.369558,191112018,0000000.0000,0000000.0,11620.64,0.381967,63484.1,0.267,2026-11-01
NK225E    ,OOP,202611,52250.0,            ,131112218,0000000.0000,0000000.0,375.14,0.366468,141112218,0000000.0000,0000000.0,11383.67,0.377186,63484.1,0.267,2026-11-01
NK225E    ,OOP,202611,52500.0,            ,131112518,0000440.0000,0000000.0,390.04,0.363228,141112518,0000000.0000,0000000.0,11151.7,0.374691,63484.1,0.267,2026-11-01
NK225E    ,OOP,202611,52750.0,            ,131112718,0000405.0000,0000000.0,407.44,0.359844,141112718,0000000.0000,0000000.0,10919.72,0.370871,63484.1,0.267,2026-11-01
NK225E    ,OOP,202611,53000.0,            ,181113018,0000390.0000,0000000.0,424.83,0.356323,191113018,0000000.0000,0000000.0,10685.24,0.368045,63484.1,0.267,2026-11-01
NK225E    ,OOP,202611,53250.0,            ,131113218,0000445.0000,0000000.0,445.0,0.352669,141113218,0000000.0000,0000000.0,10455.76,0.365048,63484.1,0.267,2026-11-01
NK225E    ,OOP,202611,53500.0,            ,131113518,0000000.0000,0000000.0,459.61,0.351079,141113518,0000000.0000,0000000.0,10226.29,0.361888,63484.1,0.267,2026-11-01
NK225E    ,OOP,202611,53750.0,            ,131113718,0000000.0000,0000000.0,479.48,0.348178,141113718,0000000.0000,0000000.0,9996.81,0.358571,63484.1,0.267,2026-11-01
NK225E    ,OOP,202611,54000.0,            ,181114018,0000475.0000,0000000.0,501.85,0.345104,191114018,0000000.0000,0000000.0,9767.33,0.355103,63484.1,0.267,2026-11-01
NK225E    ,OOP,202611,54250.0,            ,131114218,0000000.0000,0000000.0,524.21,0.342862,141114218,0000000.0000,0000000.0,9542.84,0.352455,63484.1,0.267,2026-11-01
NK225E    ,OOP,202611,54500.0,            ,131114518,0000595.0000,0000000.0,549.06,0.340402,141114518,0000000.0000,0000000.0,9315.86,0.348677,63484.1,0.267,2026-11-01
NK225E    ,OOP,202611,54750.0,            ,131114718,0000000.0000,0000000.0,573.91,0.337736,141114718,0000000.0000,0000000.0,9093.87,0.346592,63484.1,0.267,2026-11-01
NK225E    ,OOP,202611,55000.0,            ,181115018,0000570.0000,0000000.0,601.25,0.334874,191115018,0000000.0000,0000000.0,8866.89,0.343393,63484.1,0.267,2026-11-01
NK225E    ,OOP,202611,55250.0,            ,131115218,0000620.0000,0000000.0,628.59,0.332709,141115218,0000000.0000,0000000.0,8647.4,0.340889,63484.1,0.267,2026-11-01
NK225E    ,OOP,202611,55500.0,            ,181115518,0000665.0000,0000000.0,665.0,0.329453,191115518,0000000.0000,0000000.0,8427.91,0.338175,63484.1,0.267,2026-11-01
NK225E    ,OOP,202611,55750.0,            ,181115718,0000680.0000,0000000.0,688.24,0.327699,191115718,0000000.0000,0000000.0,8208.42,0.335262,63484.1,0.267,2026-11-01
NK225E    ,OOP,202611,56000.0,            ,131236018,0000810.0000,0000000.0,723.05,0.324874,141236018,0000000.0000,0000000.0,7991.43,0.332154,63484.1,0.267,2026-11-01
NK225E    ,OOP,202611,56250.0,            ,181116218,0000000.0000,0000000.0,755.37,0.322638,191116218,0000000.0000,0000000.0,7776.94,0.329639,63484.1,0.267,2026-11-01
NK225E    ,OOP,202611,56500.0,            ,181116518,0000000.0000,0000000.0,795.15,0.31942,191116518,0000000.0000,0000000.0,7567.44,0.327663,63484.1,0.267,2026-11-01
NK225E    ,OOP,202611,56750.0,            ,181116718,0000765.0000,0000000.0,827.45,0.31822,191116718,0000000.0000,0000000.0,7350.45,0.324699,63484.1,0.267,2026-11-01
NK225E    ,OOP,202611,57000.0,            ,131237018,0001030.0000,0000000.0,872.22,0.316016,141237018,0000000.0000,0000000.0,7140.94,0.322253,63484.1,0.267,2026-11-01
NK225E    ,OOP,202611,57250.0,            ,181117218,0000000.0000,0000000.0,909.51,0.313566,191117218,0000000.0000,0000000.0,6938.95,0.320279,63484.1,0.267,2026-11-01
NK225E    ,OOP,202611,57500.0,            ,181117518,0001065.0000,0000000.0,956.77,0.311574,191117518,0000000.0000,0000000.0,6734.44,0.318048,63484.1,0.267,2026-11-01
NK225E    ,OOP,202611,57750.0,            ,181117718,0000000.0000,0000000.0,1033.95,0.309998,191117718,0000000.0000,0000000.0,6532.44,0.31624,63484.1,0.267,2026-11-01
NK225E    ,OOP,202611,58000.0,            ,131238018,0001055.0000,0000000.0,1053.76,0.307476,141238018,0000000.0000,0000000.0,6327.94,0.313508,63484.1,0.267,2026-11-01
NK225E    ,OOP,202611,58250.0,            ,181118218,0001015.0000,0000000.0,1133.44,0.306003,191118218,0000000.0000,0000000.0,6130.93,0.311185,63484.1,0.267,2026-11-01
NK225E    ,OOP,202611,58500.0,            ,181118518,0001160.0000,0000000.0,1159.99,0.302973,191118518,0000000.0000,0000000.0,5936.42,0.309237,63484.1,0.267,2026-11-01
NK225E    ,OOP,202611,58750.0,            ,181118718,0001215.0000,0000000.0,1214.99,0.300951,191118718,0000000.0000,0000000.0,5744.4,0.307632,63484.1,0.267,2026-11-01
NK225E    ,OOP,202611,59000.0,            ,131239018,0001235.0000,0000000.0,1305.11,0.29926,141239018,0000000.0000,0000000.0,5544.89,0.304533,63484.1,0.267,2026-11-01
NK225E    ,OOP,202611,59250.0,            ,181119218,0001275.0000,0000000.0,1297.43,0.297872,191119218,0000000.0000,0000000.0,5362.88,0.303566,63484.1,0.267,2026-11-01
NK225E    ,OOP,202611,59500.0,            ,181119518,0001410.0000,0000000.0,1427.01,0.295594,191119518,0000000.0000,0000000.0,5173.36,0.301121,63484.1,0.267,2026-11-01
NK225E    ,OOP,202611,59750.0,            ,181119718,0000000.0000,0000000.0,1494.2,0.294757,191119718,0000000.0000,0000000.0,4998.85,0.300119,63484.1,0.267,2026-11-01
NK225E    ,OOP,202611,60000.0,            ,131230018,0001505.0000,0000000.0,1536.42,0.292064,141230018,0000000.0000,0000000.0,4846.92,0.297333,63484.1,0.267,2026-11-01
NK225E    ,OOP,202611,60250.0,            ,181110218,0000000.0000,0000000.0,1606.1,0.290998,191110218,0000000.0000,0000000.0,4641.64,0.296066,63484.1,0.267,2026-11-01
NK225E    ,OOP,202611,60500.0,            ,181110518,0001660.0000,0000000.0,1725.71,0.289217,191110518,0000000.0000,0000000.0,4478.78,0.293606,63484.1,0.267,2026-11-01
NK225E    ,OOP,202611,60625.0,            ,181110618,0000000.0000,0000000.0,1723.08,0.2874,191110618,0000000.0000,0000000.0,4373.02,0.29227,63484.1,0.267,2026-11-01
NK225E    ,OOP,202611,60750.0,            ,181110718,0001690.0000,0000000.0,1800.37,0.28874,191110718,0000000.0000,0000000.0,4330.92,0.293543,63484.1,0.267,2026-11-01
NK225E    ,OOP,202611,60875.0,            ,181110818,0000000.0000,0000000.0,1800.24,0.288372,191110818,0000000.0000,0000000.0,4225.99,0.292581,63484.1,0.267,2026-11-01
NK225E    ,OOP,202611,61000.0,            ,131231018,0001755.0000,0000000.0,1850.05,0.285801,141231018,0000000.0000,0000000.0,4165.57,0.290485,63484.1,0.267,2026-11-01
NK225E    ,OOP,202611,61125.0,            ,181111118,0000000.0000,0000000.0,1889.87,0.28633,191111118,0000000.0000,0000000.0,4058.97,0.290955,63484.1,0.267,2026-11-01
NK225E    ,OOP,202611,61250.0,            ,181111218,0001855.0000,0000000.0,1927.2,0.285194,191111218,0000000.0000,0000000.0,3980.23,0.289764,63484.1,0.267,2026-11-01
NK225E    ,OOP,202611,61375.0,            ,181111318,0000000.0000,0000000.0,1979.51,0.28341,191111318,0000000.0000,0000000.0,3886.94,0.287978,63484.1,0.267,2026-11-01
NK225E    ,OOP,202611,61500.0,            ,181111518,0000000.0000,0000000.0,2019.32,0.282105,191111518,0000000.0000,0000000.0,3817.37,0.286639,63484.1,0.267,2026-11-01
NK225E    ,OOP,202611,61625.0,            ,181111618,0000000.0000,0000000.0,2071.64,0.282011,191111618,0000000.0000,0000000.0,3729.91,0.286769,63484.1,0.267,2026-11-01
NK225E    ,OOP,202611,61750.0,            ,181111718,0000000.0000,0000000.0,2113.95,0.281935,191111718,0000000.0000,0000000.0,3684.49,0.286246,63484.1,0.267,2026-11-01
NK225E    ,OOP,202611,61875.0,            ,181111818,0000000.0000,0000000.0,2166.26,0.280407,191111818,0000000.0000,0000000.0,3570.38,0.284724,63484.1,0.267,2026-11-01
NK225E    ,OOP,202611,62000.0,            ,131232018,0002000.0000,0000000.0,2216.06,0.279312,141232018,0000000.0000,0000000.0,3531.61,0.283582,63484.1,0.267,2026-11-01
NK225E    ,OOP,202611,62125.0,            ,181112118,0000000.0000,0000000.0,2265.87,0.279236,191112118,0000000.0000,0000000.0,3428.35,0.283879,63484.1,0.267,2026-11-01
NK225E    ,OOP,202611,62250.0,            ,181112218,0000000.0000,0000000.0,2315.68,0.278391,191112218,0000000.0000,0000000.0,3381.23,0.283077,63484.1,0.267,2026-11-01
NK225E    ,OOP,202611,62375.0,            ,131112318,0000000.0000,0000000.0,2362.99,0.277349,141112318,0000000.0000,0000000.0,3273.81,0.281692,63484.1,0.267,2026-11-01
NK225E    ,OOP,202611,62500.0,            ,131232518,0002190.0000,0000000.0,2425.29,0.277127,141232518,0002980.0000,0000000.0,3223.34,0.281228,63484.1,0.267,2026-11-01
NK225E    ,OOP,202611,62625.0,            ,131112618,0000000.0000,0000000.0,2472.59,0.276117,141112618,0000000.0000,0000000.0,3163.15,0.280679,63484.1,0.267,2026-11-01
NK225E    ,OOP,202611,62750.0,            ,181112718,0000000.0000,0000000.0,2534.89,0.27602,191112718,0003205.0000,0000000.0,3095.45,0.280544,63484.1,0.267,2026-11-01
NK225E    ,OOP,202611,62875.0,            ,131112818,0000000.0000,0000000.0,2577.19,0.274562,141112818,0000000.0000,0000000.0,3022.76,0.279328,63484.1,0.267,2026-11-01
NK225E    ,OOP,202611,63000.0,            ,131233018,0002600.0000,0000000.0,2644.5,0.274569,141233018,0000000.0000,0000000.0,2952.56,0.278525,63484.1,0.267,2026-11-01
NK225E    ,OOP,202611,63125.0,            ,131113118,0002660.0000,0000000.0,2689.29,0.273715,141113118,0000000.0000,0000000.0,2887.36,0.278133,63484.1,0.267,2026-11-01
NK225E    ,OOP,202611,63250.0,            ,181113218,0003085.0000,0000000.0,2754.09,0.27318,191113218,0002785.0000,0000000.0,2812.17,0.277655,63484.1,0.267,2026-11-01
NK225E    ,OOP,202611,63375.0,            ,131113318,0000000.0000,0000000.0,2806.38,0.271254,141113318,0000000.0000,0000000.0,2761.96,0.275608,63484.1,0.267,2026-11-01
NK225E    ,OOP,202611,63500.0,            ,181113518,0002610.0000,0000000.0,2876.18,0.270634,191113518,0000000.0000,0000000.0,2691.76,0.274959,63484.1,0.267,2026-11-01
NK225E    ,OOP,202611,63625.0,            ,131113618,0000000.0000,0000000.0,2928.47,0.269927,141113618,0000000.0000,0000000.0,2621.56,0.274224,63484.1,0.267,2026-11-01
NK225E    ,OOP,202611,63750.0,            ,181113718,0003230.0000,0000000.0,2993.27,0.269131,191113718,0002625.0000,0000000.0,2558.86,0.273401,63484.1,0.267,2026-11-01
NK225E    ,OOP,202611,63875.0,            ,131113818,0000000.0000,0000000.0,3048.06,0.26874,141113818,0002460.0000,0000000.0,2493.66,0.272985,63484.1,0.267,2026-11-01
NK225E    ,OOP,202611,64000.0,            ,131234018,0000000.0000,0000000.0,3115.36,0.267766,141234018,0002520.0000,0000000.0,2440.96,0.271987,63484.1,0.267,2026-11-01
NK225E    ,OOP,202611,64125.0,            ,131114118,0000000.0000,0000000.0,3185.96,0.267196,141114118,0000000.0000,0000000.0,2373.25,0.271891,63484.1,0.267,2026-11-01
NK225E    ,OOP,202611,64250.0,            ,181114218,0000000.0000,0000000.0,3244.94,0.266538,191114218,0000000.0000,0000000.0,2320.56,0.270716,63484.1,0.267,2026-11-01
NK225E    ,OOP,202611,64375.0,            ,131114318,0000000.0000,0000000.0,3295.98,0.266285,141114318,0000000.0000,0000000.0,2255.34,0.27094,63484.1,0.267,2026-11-01
NK225E    ,OOP,202611,64500.0,            ,131234518,0000000.0000,0000000.0,3394.55,0.265446,141234518,0002175.0000,0000000.0,2205.15,0.270084,63484.1,0.267,2026-11-01
NK225E    ,OOP,202611,64625.0,            ,131114618,0000000.0000,0000000.0,3458.84,0.264516,141114618,0002320.0000,0000000.0,2147.44,0.269138,63484.1,0.267,2026-11-01
NK225E    ,OOP,202611,64750.0,            ,131234718,0003455.0000,0000000.0,3521.62,0.264493,141234718,0000000.0000,0000000.0,2092.24,0.268601,63484.1,0.267,2026-11-01
NK225E    ,OOP,202611,64875.0,            ,131114818,0000000.0000,0000000.0,3573.53,0.263881,141114818,0002115.0000,0000000.0,2034.53,0.268476,63484.1,0.267,2026-11-01
NK225E    ,OOP,202611,65000.0,            ,131235018,0000000.0000,0000000.0,3661.21,0.263681,141235018,0002050.0000,0000000.0,1984.33,0.267762,63484.1,0.267,2026-11-01
NK225E    ,OOP,202611,65125.0,            ,131115118,0000000.0000,0000000.0,3750.09,0.262887,141115118,0000000.0000,0000000.0,1939.14,0.267461,63484.1,0.267,2026-11-01
NK225E    ,OOP,202611,65250.0,            ,131235218,0000000.0000,0000000.0,3813.31,0.261999,141235218,0000000.0000,0000000.0,1886.44,0.266566,63484.1,0.267,2026-11-01
NK225E    ,OOP,202611,65375.0,            ,131115318,0000000.0000,0000000.0,3889.46,0.261016,141115318,0000000.0000,0000000.0,1838.74,0.265577,63484.1,0.267,2026-11-01
NK225E    ,OOP,202611,65500.0,            ,131235518,0000000.0000,0000000.0,3980.43,0.261989,141235518,0000000.0000,0000000.0,1793.55,0.266542,63484.1,0.267,2026-11-01
NK225E    ,OOP,202611,65625.0,            ,131115618,0000000.0000,0000000.0,4033.83,0.259274,141115618,0000000.0000,0000000.0,1728.32,0.263828,63484.1,0.267,2026-11-01
NK225E    ,OOP,202611,65750.0,            ,131235718,0000000.0000,0000000.0,4122.5,0.260594,141235718,0001665.0000,0000000.0,1695.65,0.265141,63484.1,0.267,2026-11-01
NK225E    ,OOP,202611,65875.0,            ,131115818,0000000.0000,0000000.0,4218.21,0.26132,141115818,0000000.0000,0000000.0,1632.93,0.265863,63484.1,0.267,2026-11-01
NK225E    ,OOP,202611,66000.0,            ,181236018,0000000.0000,0000000.0,4274.6,0.259869,191236018,0001620.0000,0000000.0,1637.83,0.264415,63484.1,0.267,2026-11-01
NK225E    ,OOP,202611,66125.0,            ,131116118,0000000.0000,0000000.0,4357.58,0.257782,141116118,0000000.0000,0000000.0,1545.04,0.262863,63484.1,0.267,2026-11-01
NK225E    ,OOP,202611,66250.0,            ,131236218,0000000.0000,0000000.0,4436.71,0.258246,141236218,0000000.0000,0000000.0,1517.38,0.26333,63484.1,0.267,2026-11-01
NK225E    ,OOP,202611,66375.0,            ,131116318,0000000.0000,0000000.0,4519.45,0.257018,141116318,0000000.0000,0000000.0,1457.15,0.261579,63484.1,0.267,2026-11-01
NK225E    ,OOP,202611,66500.0,            ,131236518,0000000.0000,0000000.0,4606.33,0.258392,141236518,0001390.0000,0000000.0,1432.0,0.262953,63484.1,0.267,2026-11-01
NK225E    ,OOP,202611,66625.0,            ,131116618,0000000.0000,0000000.0,4686.33,0.255882,141116618,0000000.0000,0000000.0,1379.28,0.260459,63484.1,0.267,2026-11-01
NK225E    ,OOP,202611,66750.0,            ,131236718,0000000.0000,0000000.0,4796.0,0.25765,141236718,0001350.0000,0000000.0,1346.61,0.261679,63484.1,0.267,2026-11-01
NK225E    ,OOP,202611,66875.0,            ,131116818,0000000.0000,0000000.0,4855.7,0.254918,141116818,0000000.0000,0000000.0,1298.9,0.259516,63484.1,0.267,2026-11-01
NK225E    ,OOP,202611,67000.0,            ,131357018,0000000.0000,0000000.0,4962.89,0.256538,141357018,0001225.0000,0000000.0,1306.33,0.261696,63484.1,0.267,2026-11-01
NK225E    ,OOP,202611,67125.0,            ,131117118,0000000.0000,0000000.0,5040.08,0.254706,141117118,0000000.0000,0000000.0,1231.05,0.259891,63484.1,0.267,2026-11-01
NK225E    ,OOP,202611,67250.0,            ,131237218,0000000.0000,0000000.0,5134.77,0.255041,141237218,0000000.0000,0000000.0,1200.89,0.260243,63484.1,0.267,2026-11-01
NK225E    ,OOP,202611,67375.0,            ,131117318,0000000.0000,0000000.0,5216.96,0.254142,141117318,0000000.0000,0000000.0,1160.7,0.258795,63484.1,0.267,2026-11-01
NK225E    ,OOP,202611,67500.0,            ,181237518,0000000.0000,0000000.0,5321.67,0.255477,191237518,0001140.0000,0000000.0,1092.93,0.260136,63484.1,0.267,2026-11-01
NK225E    ,OOP,202611,67625.0,            ,131117618,0000000.0000,0000000.0,5388.84,0.252025,141117618,0000000.0000,0000000.0,1087.83,0.257316,63484.1,0.267,2026-11-01
NK225E    ,OOP,202611,67750.0,            ,131237718,0000000.0000,0000000.0,5498.54,0.2538,141237718,0000000.0000,0000000.0,1095.28,0.2591,63484.1,0.267,2026-11-01
NK225E    ,OOP,202611,67875.0,            ,131117818,0000000.0000,0000000.0,5590.74,0.253107,141117818,0000000.0000,0000000.0,1024.99,0.25844,63484.1,0.267,2026-11-01
NK225E    ,OOP,202611,68000.0,            ,131358018,0000000.0000,0000000.0,5690.42,0.25354,141358018,0000895.0000,0000000.0,997.34,0.258897,63484.1,0.267,2026-11-01
NK225E    ,OOP,202611,68125.0,            ,131118118,0000000.0000,0000000.0,5787.62,0.25328,141118118,0000000.0000,0000000.0,943.93,0.259282,63484.1,0.267,2026-11-01
NK225E    ,OOP,202611,68250.0,            ,131238218,0000000.0000,0000000.0,5879.82,0.252929,141238218,0000935.0000,0000000.0,937.01,0.258353,63484.1,0.267,2026-11-01
NK225E    ,OOP,202611,68375.0,            ,131118318,0000000.0000,0000000.0,5954.49,0.249932,141118318,0000000.0000,0000000.0,861.35,0.255425,63484.1,0.267,2026-11-01
NK225E    ,OOP,202611,68500.0,            ,131238518,0000000.0000,0000000.0,6074.21,0.252595,141238518,0000000.0000,0000000.0,881.69,0.25809,63484.1,0.267,2026-11-01
NK225E    ,OOP,202611,68625.0,            ,131118618,0000000.0000,0000000.0,6151.39,0.249341,141118618,0000000.0000,0000000.0,808.79,0.254917,63484.1,0.267,2026-11-01
NK225E    ,OOP,202611,68750.0,            ,131238718,0000000.0000,0000000.0,6268.6,0.251242,141238718,0000835.0000,0000000.0,828.88,0.257485,63484.1,0.267,2026-11-01
NK225E    ,OOP,202611,68875.0,            ,131118818,0000000.0000,0000000.0,6355.78,0.249734,141118818,0000000.0000,0000000.0,763.73,0.255386,63484.1,0.267,2026-11-01
NK225E    ,OOP,202611,69000.0,            ,131359018,0000000.0000,0000000.0,6467.99,0.250843,141359018,0000840.0000,0000000.0,776.07,0.257193,63484.1,0.267,2026-11-01
NK225E    ,OOP,202611,69125.0,            ,131119118,0000000.0000,0000000.0,6565.19,0.25051,141119118,0000000.0000,0000000.0,723.68,0.256237,63484.1,0.267,2026-11-01
NK225E    ,OOP,202611,69250.0,            ,131239218,0000000.0000,0000000.0,6672.38,0.250791,141239218,0000000.0000,0000000.0,728.29,0.257252,63484.1,0.267,2026-11-01
NK225E    ,OOP,202611,69375.0,            ,131119318,0000000.0000,0000000.0,6764.58,0.248843,141119318,0000000.0000,0000000.0,673.62,0.255402,63484.1,0.267,2026-11-01
NK225E    ,OOP,202611,69500.0,            ,131239518,0000000.0000,0000000.0,6874.28,0.249675,141239518,0000680.0000,0000000.0,680.49,0.256277,63484.1,0.267,2026-11-01
NK225E    ,OOP,202611,69625.0,            ,131119618,0000000.0000,0000000.0,6973.98,0.248965,141119618,0000000.0000,0000000.0,633.56,0.255646,63484.1,0.267,2026-11-01
NK225E    ,OOP,202611,69750.0,            ,131239718,0000000.0000,0000000.0,7083.68,0.249662,141239718,0000610.0000,0000000.0,640.23,0.256392,63484.1,0.267,2026-11-01
NK225E    ,OOP,202611,69875.0,            ,131119818,0000000.0000,0000000.0,7170.87,0.246443,141119818,0000000.0000,0000000.0,581.0,0.253323,63484.1,0.267,2026-11-01
NK225E    ,OOP,202611,70000.0,            ,131350018,0000000.0000,0000000.0,7290.57,0.248535,141350018,0000610.0000,0000000.0,597.46,0.255432,63484.1,0.267,2026-11-01
NK225E    ,OOP,202611,70125.0,            ,131110118,0000000.0000,0000000.0,7380.27,0.245809,141110118,0000000.0000,0000000.0,540.94,0.252857,63484.1,0.267,2026-11-01
NK225E    ,OOP,202611,70250.0,            ,131230218,0000000.0000,0000000.0,7502.48,0.248621,141230218,0000550.0000,0000000.0,557.2,0.255664,63484.1,0.267,2026-11-01
NK225E    ,OOP,202611,70375.0,            ,131110318,0000000.0000,0000000.0,7594.66,0.245633,141110318,0000000.0000,0000000.0,505.89,0.252847,63484.1,0.267,2026-11-01
NK225E    ,OOP,202611,70500.0,            ,131230518,0000000.0000,0000000.0,7716.89,0.247542,141230518,0000470.0000,0000000.0,521.96,0.255595,63484.1,0.267,2026-11-01
NK225E    ,OOP,202611,70625.0,            ,131110618,0000000.0000,0000000.0,7806.57,0.244238,141110618,0000000.0000,0000000.0,468.34,0.251673,63484.1,0.267,2026-11-01
NK225E    ,OOP,202611,70750.0,            ,131230718,0000000.0000,0000000.0,7931.29,0.246929,141230718,0000000.0000,0000000.0,486.72,0.254357,63484.1,0.267,2026-11-01
NK225E    ,OOP,202611,70875.0,            ,131110818,0000000.0000,0000000.0,8023.48,0.244219,141110818,0000000.0000,0000000.0,435.79,0.251841,63484.1,0.267,2026-11-01
NK225E    ,OOP,202611,71000.0,            ,131351018,0000000.0000,0000000.0,8143.2,0.245937,141351018,0000430.0000,0000000.0,456.5,0.25447,63484.1,0.267,2026-11-01
NK225E    ,OOP,202611,71125.0,            ,131111118,0000000.0000,0000000.0,8247.89,0.243869,141111118,0000000.0000,0000000.0,410.75,0.252612,63484.1,0.267,2026-11-01
NK225E    ,OOP,202611,71250.0,            ,131231218,0000000.0000,0000000.0,8367.61,0.245494,141231218,0000000.0000,0000000.0,423.77,0.254279,63484.1,0.267,2026-11-01
NK225E    ,OOP,202611,71375.0,            ,131111318,0000000.0000,0000000.0,8472.31,0.244152,141111318,0000000.0000,0000000.0,385.71,0.253127,63484.1,0.267,2026-11-01
NK225E    ,OOP,202611,71500.0,            ,131231518,0000000.0000,0000000.0,8589.52,0.245691,141231518,0000000.0000,0000000.0,396.07,0.253761,63484.1,0.267,2026-11-01
NK225E    ,OOP,202611,71625.0,            ,131111618,0000000.0000,0000000.0,8689.22,0.243101,141111618,0000000.0000,0000000.0,353.16,0.251409,63484.1,0.267,2026-11-01
NK225E    ,OOP,202611,71750.0,            ,131231718,0000000.0000,0000000.0,8813.94,0.244535,141231718,0000000.0000,0000000.0,368.37,0.253882,63484.1,0.267,2026-11-01
NK225E    ,OOP,202611,71875.0,            ,131111818,0000000.0000,0000000.0,8916.14,0.242711,141111818,0000000.0000,0000000.0,330.63,0.252306,63484.1,0.267,2026-11-01
NK225E    ,OOP,202611,72000.0,            ,131352018,0000000.0000,0000000.0,9038.35,0.244048,141352018,0000345.0000,0000000.0,345.69,0.253704,63484.1,0.267,2026-11-01
NK225E    ,OOP,202611,72125.0,            ,131112118,0000000.0000,0000000.0,9141.05,0.241959,141112118,0000000.0000,0000000.0,306.09,0.251902,63484.1,0.267,2026-11-01
NK225E    ,OOP,202611,72250.0,            ,131232218,0000000.0000,0000000.0,9261.77,0.24319,141232218,0000330.0000,0000000.0,320.5,0.253204,63484.1,0.267,2026-11-01
NK225E    ,OOP,202611,72500.0,            ,181112518,0000000.0000,0000000.0,9493.69,0.243146,191112518,0000320.0000,0000000.0,291.32,0.253257,63484.1,0.267,2026-11-01
NK225E    ,OOP,202611,72750.0,            ,131232718,0000000.0000,0000000.0,9722.12,0.242779,141232718,0000000.0000,0000000.0,272.7,0.253011,63484.1,0.267,2026-11-01
NK225E    ,OOP,202611,73000.0,            ,131353018,0000000.0000,0000000.0,9955.04,0.242055,141353018,0000258.0000,0000000.0,256.49,0.253428,63484.1,0.267,2026-11-01
NK225E    ,OOP,202611,73250.0,            ,131233218,0000000.0000,0000000.0,10183.96,0.240931,141233218,0000000.0000,0000000.0,233.52,0.252808,63484.1,0.267,2026-11-01
NK225E    ,OOP,202611,73500.0,            ,131233518,0000000.0000,0000000.0,10418.39,0.240882,141233518,0000000.0000,0000000.0,221.7,0.252916,63484.1,0.267,2026-11-01
NK225E    ,OOP,202611,73750.0,            ,131233718,0000000.0000,0000000.0,10651.31,0.240514,141233718,0000207.0000,0000000.0,208.6,0.252737,63484.1,0.267,2026-11-01
NK225E    ,OOP,202611,74000.0,            ,131354018,0000000.0000,0000000.0,10887.24,0.239787,141354018,0000195.0000,0000000.0,191.95,0.252843,63484.1,0.267,2026-11-01
NK225E    ,OOP,202611,74250.0,            ,131234218,0000000.0000,0000000.0,11124.68,0.238654,141234218,0000000.0000,0000000.0,177.82,0.253297,63484.1,0.267,2026-11-01
NK225E    ,OOP,202611,74500.0,            ,181234518,0000000.0000,0000000.0,11362.61,0.239006,191234518,0000163.0000,0000000.0,165.71,0.253506,63484.1,0.267,2026-11-01
NK225E    ,OOP,202611,74750.0,            ,181234718,0000000.0000,0000000.0,11601.04,0.237017,191234718,0000000.0000,0000000.0,153.61,0.253794,63484.1,0.267,2026-11-01
NK225E    ,OOP,202611,75000.0,            ,181355018,0000000.0000,0000000.0,11839.98,0.236669,191355018,0000133.0000,0000000.0,145.53,0.254551,63484.1,0.267,2026-11-01
NK225E    ,OOP,202611,75250.0,            ,181235218,0000000.0000,0000000.0,12078.41,0.235963,191235218,0000000.0000,0000000.0,132.41,0.253575,63484.1,0.267,2026-11-01
NK225E    ,OOP,202611,75500.0,            ,181235518,0000000.0000,0000000.0,12320.35,0.234842,191235518,0000000.0000,0000000.0,123.83,0.254228,63484.1,0.267,2026-11-01
NK225E    ,OOP,202611,75750.0,            ,181235718,0000000.0000,0000000.0,12560.79,0.233229,191235718,0000000.0000,0000000.0,114.74,0.254245,63484.1,0.267,2026-11-01
NK225E    ,OOP,202611,76000.0,            ,181356018,0000000.0000,0000000.0,12801.73,0.231017,191356018,0000101.0000,0000000.0,106.66,0.254435,63484.1,0.267,2026-11-01
NK225E    ,OOP,202611,76250.0,            ,181236218,0000000.0000,0000000.0,13044.67,0.231511,191236218,0000000.0000,0000000.0,99.6,0.254842,63484.1,0.267,2026-11-01
NK225E    ,OOP,202611,76500.0,            ,181236518,0000000.0000,0000000.0,13288.11,0.231767,191236518,0000105.0000,0000000.0,92.53,0.255519,63484.1,0.267,2026-11-01
NK225E    ,OOP,202611,77000.0,            ,181357018,0000000.0000,0000000.0,13773.99,0.227102,191357018,0000080.0000,0000000.0,81.92,0.255709,63484.1,0.267,2026-11-01
NK225E    ,OOP,202611,77500.0,            ,131237518,0000000.0000,0000000.0,14264.38,0.224376,141237518,0000000.0000,0000000.0,70.3,0.257284,63484.1,0.267,2026-11-01
NK225E    ,OOP,202611,78000.0,            ,181358018,0000000.0000,0000000.0,14753.27,0.21882,191358018,0000060.0000,0000000.0,59.69,0.25744,63484.1,0.267,2026-11-01
NK225E    ,OOP,202611,78500.0,            ,181238518,0000000.0000,0000000.0,15244.66,0.207397,191238518,0000000.0000,0000000.0,53.12,0.258073,63484.1,0.267,2026-11-01
NK225E    ,OOP,202611,79000.0,            ,181359018,0000000.0000,0000000.0,15737.06,0.141439,191359018,0000000.0000,0000000.0,42.1,0.257867,63484.1,0.267,2026-11-01
NK225E    ,OOP,202611,79500.0,            ,181239518,0000000.0000,0000000.0,16230.89,0.01,191239518,0000000.0000,0000000.0,37.02,0.259297,63484.1,0.267,2026-11-01
NK225E    ,OOP,202611,80000.0,            ,181350018,0000000.0000,0000000.0,16725.35,0.01,191350018,0000035.0000,0000000.0,32.58,0.262234,63484.1,0.267,2026-11-01
NK225E    ,OOP,202611,82500.0,            ,181232518,0000000.0000,0000000.0,19204.86,0.01,191232518,0000020.0000,0000000.0,17.72,0.268524,63484.1,0.267,2026-11-01
NK225E    ,OOP,202611,85000.0,            ,131475018,0000000.0000,0000000.0,21689.88,0.01,141475018,0000010.0000,0000000.0,8.02,0.270469,63484.1,0.267,2026-11-01
NK225E    ,OOP,202611,87500.0,            ,131357518,0000000.0000,0000000.0,24181.92,0.01,141357518,0000006.0000,0000000.0,5.31,0.28242,63484.1,0.267,2026-11-01
NK225E    ,OOP,202611,90000.0,            ,131470018,0000000.0000,0000000.0,26674.45,0.01,141470018,0000003.0000,0000000.0,2.57,0.285535,63484.1,0.267,2026-11-01
NK225E    ,OOP,202611,92500.0,            ,181352518,0000000.0000,0000000.0,29166.69,0.01,191352518,0000000.0000,0000000.0,1.19,0.287742,63484.1,0.267,2026-11-01
NK225E    ,OOP,202611,95000.0,            ,181475018,0000000.0000,0000000.0,31660.4,0.01,191475018,0000000.0000,0000000.0,0.37,0.282335,63484.1,0.267,2026-11-01
NK225E    ,OOP,202611,97500.0,            ,181357518,0000000.0000,0000000.0,34154.67,0.01,191357518,0000000.0000,0000000.0,0.09,0.275811,63484.1,0.267,2026-11-01
NK225E    ,OOP,202611,100000.0,            ,181470018,0000000.0000,0000000.0,36649.14,0.01,191470018,0000000.0000,0000000.0,0.02,0.269288,63484.1,0.267,2026-11-01
NK225E    ,OOP,202612,12500.0,            ,181122518,0000003.0000,0000000.0,2.48,1.019542,191122518,0000000.0000,0000000.0,50681.07,0.01,63484.1,0.267,2026-12-01
NK225E    ,OOP,202612,12750.0,            ,181122718,0000001.0000,0000000.0,0.01,0.746633,191122718,0000000.0000,0000000.0,50432.04,0.01,63484.1,0.267,2026-12-01
NK225E    ,OOP,202612,13000.0,            ,181123018,0000002.0000,0000000.0,0.01,0.995177,191123018,0000000.0000,0000000.0,50183.01,0.01,63484.1,0.267,2026-12-01
NK225E    ,OOP,202612,13250.0,            ,181123218,0000000.0000,0000000.0,0.01,0.747273,191123218,0000000.0000,0000000.0,49933.99,0.01,63484.1,0.267,2026-12-01
NK225E    ,OOP,202612,13500.0,            ,181123518,0000000.0000,0000000.0,0.02,0.747914,191123518,0000000.0000,0000000.0,49684.96,0.01,63484.1,0.267,2026-12-01
NK225E    ,OOP,202612,13750.0,            ,181123718,0000000.0000,0000000.0,0.03,0.748554,191123718,0000000.0000,0000000.0,49435.94,0.01,63484.1,0.267,2026-12-01
NK225E    ,OOP,202612,14000.0,            ,181124018,0000000.0000,0000000.0,0.04,0.949231,191124018,0000000.0000,0000000.0,49186.92,0.01,63484.1,0.267,2026-12-01
NK225E    ,OOP,202612,14250.0,            ,181124218,0000000.0000,0000000.0,0.05,0.749392,191124218,0000000.0000,0000000.0,48937.9,0.01,63484.1,0.267,2026-12-01
NK225E    ,OOP,202612,14500.0,            ,181124518,0000000.0000,0000000.0,0.06,0.749589,191124518,0000000.0000,0000000.0,48688.88,0.01,63484.1,0.267,2026-12-01
NK225E    ,OOP,202612,14750.0,            ,181124718,0000000.0000,0000000.0,0.08,0.749786,191124718,0000000.0000,0000000.0,48439.86,0.01,63484.1,0.267,2026-12-01
NK225E    ,OOP,202612,15000.0,            ,181125018,0000000.0000,0000000.0,0.1,0.906559,191125018,0000000.0000,0000000.0,48190.85,0.01,63484.1,0.267,2026-12-01
NK225E    ,OOP,202612,15250.0,            ,181125218,0000000.0000,0000000.0,0.12,0.749767,191125218,0000000.0000,0000000.0,47941.84,0.01,63484.1,0.267,2026-12-01
NK225E    ,OOP,202612,15500.0,            ,181125518,0000000.0000,0000000.0,0.15,0.749552,191125518,0000000.0000,0000000.0,47692.84,0.01,63484.1,0.267,2026-12-01
NK225E    ,OOP,202612,15750.0,            ,181125718,0000000.0000,0000000.0,0.18,0.749336,191125718,0000000.0000,0000000.0,47443.84,0.01,63484.1,0.267,2026-12-01
NK225E    ,OOP,202612,16000.0,            ,131126018,0000000.0000,0000000.0,0.22,0.749121,141126018,0000000.0000,0000000.0,47194.85,0.01,63484.1,0.267,2026-12-01
NK225E    ,OOP,202612,16250.0,            ,131126218,0000000.0000,0000000.0,0.26,0.748522,141126218,0000000.0000,0000000.0,46945.86,0.01,63484.1,0.267,2026-12-01
NK225E    ,OOP,202612,16500.0,            ,131126518,0000000.0000,0000000.0,0.31,0.747924,141126518,0000000.0000,0000000.0,46696.88,0.01,63484.1,0.267,2026-12-01
NK225E    ,OOP,202612,16750.0,            ,131126718,0000000.0000,0000000.0,0.37,0.747325,141126718,0000000.0000,0000000.0,46447.9,0.01,63484.1,0.267,2026-12-01
NK225E    ,OOP,202612,17000.0,            ,131127018,0000000.0000,0000000.0,0.44,0.746727,141127018,0000000.0000,0000000.0,46198.94,0.01,63484.1,0.267,2026-12-01
NK225E    ,OOP,202612,17250.0,            ,131127218,0000000.0000,0000000.0,0.51,0.745774,141127218,0000000.0000,0000000.0,45949.98,0.01,63484.1,0.267,2026-12-01
NK225E    ,OOP,202612,17500.0,            ,131127518,0000000.0000,0000000.0,0.59,0.744821,141127518,0000000.0000,0000000.0,45701.03,0.01,63484.1,0.267,2026-12-01
NK225E    ,OOP,202612,17750.0,            ,131127718,0000000.0000,0000000.0,0.68,0.743868,141127718,0000000.0000,0000000.0,45452.09,0.01,63484.1,0.267,2026-12-01
NK225E    ,OOP,202612,18000.0,            ,131128018,0000000.0000,0000000.0,0.79,0.79421,141128018,0000000.0000,0000000.0,45203.16,0.01,63484.1,0.267,2026-12-01
NK225E    ,OOP,202612,18250.0,            ,131128218,0000000.0000,0000000.0,0.9,0.741636,141128218,0000000.0000,0000000.0,44954.24,0.01,63484.1,0.267,2026-12-01
NK225E    ,OOP,202612,18500.0,            ,131128518,0000000.0000,0000000.0,0.99,0.777372,141128518,0000000.0000,0000000.0,44705.3,0.01,63484.1,0.267,2026-12-01
NK225E    ,OOP,202612,18750.0,            ,131128718,0000000.0000,0000000.0,0.99,0.769127,141128718,0000000.0000,0000000.0,44456.27,0.01,63484.1,0.267,2026-12-01
NK225E    ,OOP,202612,19000.0,            ,131129018,0000000.0000,0000000.0,0.99,0.760993,141129018,0000000.0000,0000000.0,44207.24,0.01,63484.1,0.267,2026-12-01
NK225E    ,OOP,202612,19250.0,            ,131129218,0000000.0000,0000000.0,0.99,0.752968,141129218,0000000.0000,0000000.0,43958.21,0.01,63484.1,0.267,2026-12-01
NK225E    ,OOP,202612,19500.0,            ,131129518,0000000.0000,0000000.0,0.99,0.745048,141129518,0000000.0000,0000000.0,43709.17,0.01,63484.1,0.267,2026-12-01
NK225E    ,OOP,202612,19750.0,            ,131129718,0000000.0000,0000000.0,0.99,0.737231,141129718,0000000.0000,0000000.0,43460.14,0.01,63484.1,0.267,2026-12-01
NK225E    ,OOP,202612,20000.0,            ,131120018,0000011.0000,0000000.0,9.92,0.828368,141120018,0000000.0000,0000000.0,43211.11,0.01,63484.1,0.267,2026-12-01
NK225E    ,OOP,202612,20250.0,            ,131120218,0000000.0000,0000000.0,0.99,0.721895,141120218,0000000.0000,0000000.0,42962.08,0.01,63484.1,0.267,2026-12-01
NK225E    ,OOP,202612,20500.0,            ,131120518,0000000.0000,0000000.0,1.98,0.737455,141120518,0000000.0000,0000000.0,42714.04,0.01,63484.1,0.267,2026-12-01
NK225E    ,OOP,202612,20750.0,            ,131120718,0000000.0000,0000000.0,2.98,0.747237,141120718,0000000.0000,0000000.0,42466.0,0.01,63484.1,0.267,2026-12-01
NK225E    ,OOP,202612,21000.0,            ,131121018,0000000.0000,0000000.0,3.09,0.724058,141121018,0000000.0000,0000000.0,42217.09,0.01,63484.1,0.267,2026-12-01
NK225E    ,OOP,202612,21250.0,            ,131121218,0000000.0000,0000000.0,3.39,0.721953,141121218,0000000.0000,0000000.0,41968.35,0.01,63484.1,0.267,2026-12-01
NK225E    ,OOP,202612,21500.0,            ,131121518,0000000.0000,0000000.0,3.71,0.719848,141121518,0000000.0000,0000000.0,41719.64,0.01,63484.1,0.267,2026-12-01
NK225E    ,OOP,202612,21750.0,            ,131121718,0000000.0000,0000000.0,4.06,0.717743,141121718,0000000.0000,0000000.0,41470.96,0.01,63484.1,0.267,2026-12-01
NK225E    ,OOP,202612,22000.0,            ,131122018,0000000.0000,0000000.0,4.43,0.715638,141122018,0000000.0000,0000000.0,41222.3,0.01,63484.1,0.267,2026-12-01
NK225E    ,OOP,202612,22250.0,            ,131122218,0000000.0000,0000000.0,4.81,0.713306,141122218,0000000.0000,0000000.0,40973.65,0.01,63484.1,0.267,2026-12-01
NK225E    ,OOP,202612,22500.0,            ,131122518,0000000.0000,0000000.0,5.22,0.710975,141122518,0000000.0000,0000000.0,40725.02,0.01,63484.1,0.267,2026-12-01
NK225E    ,OOP,202612,22750.0,            ,131122718,0000000.0000,0000000.0,5.65,0.708643,141122718,0000000.0000,0000000.0,40476.43,0.01,63484.1,0.267,2026-12-01
NK225E    ,OOP,202612,23000.0,            ,131123018,0000000.0000,0000000.0,6.11,0.706312,141123018,0000000.0000,0000000.0,40227.86,0.01,63484.1,0.267,2026-12-01
NK225E    ,OOP,202612,23250.0,            ,131123218,0000000.0000,0000000.0,6.59,0.703776,141123218,0000000.0000,0000000.0,39979.3,0.01,63484.1,0.267,2026-12-01
NK225E    ,OOP,202612,23500.0,            ,131123518,0000000.0000,0000000.0,7.09,0.701241,141123518,0000000.0000,0000000.0,39730.77,0.01,63484.1,0.267,2026-12-01
NK225E    ,OOP,202612,23750.0,            ,131123718,0000000.0000,0000000.0,7.62,0.698705,141123718,0000000.0000,0000000.0,39482.27,0.01,63484.1,0.267,2026-12-01
NK225E    ,OOP,202612,24000.0,            ,131124018,0000000.0000,0000000.0,8.18,0.69617,141124018,0000000.0000,0000000.0,39233.8,0.01,63484.1,0.267,2026-12-01
NK225E    ,OOP,202612,24250.0,            ,131124218,0000000.0000,0000000.0,8.75,0.693452,141124218,0000000.0000,0000000.0,38985.34,0.01,63484.1,0.267,2026-12-01
NK225E    ,OOP,202612,24500.0,            ,131124518,0000000.0000,0000000.0,9.35,0.690735,141124518,0000000.0000,0000000.0,38736.91,0.01,63484.1,0.267,2026-12-01
NK225E    ,OOP,202612,24750.0,            ,131124718,0000000.0000,0000000.0,9.98,0.694492,141124718,0000000.0000,0000000.0,38488.51,0.01,63484.1,0.267,2026-12-01
NK225E    ,OOP,202612,25000.0,            ,131125018,0000018.0000,0000000.0,10.65,0.6853,141125018,0000000.0000,0000000.0,38240.14,0.01,63484.1,0.267,2026-12-01
NK225E    ,OOP,202612,25250.0,            ,131125218,0000000.0000,0000000.0,11.33,0.682458,141125218,0000000.0000,0000000.0,37991.79,0.01,63484.1,0.267,2026-12-01
NK225E    ,OOP,202612,25500.0,            ,131125518,0000000.0000,0000000.0,12.04,0.679617,141125518,0000000.0000,0000000.0,37743.47,0.01,63484.1,0.267,2026-12-01
NK225E    ,OOP,202612,25750.0,            ,131125718,0000000.0000,0000000.0,12.78,0.676719,141125718,0000000.0000,0000000.0,37495.18,0.01,63484.1,0.267,2026-12-01
NK225E    ,OOP,202612,26000.0,            ,181126018,0000000.0000,0000000.0,13.55,0.673784,191126018,0000000.0000,0000000.0,37246.91,0.01,63484.1,0.267,2026-12-01
NK225E    ,OOP,202612,26250.0,            ,181126218,0000000.0000,0000000.0,14.34,0.670813,191126218,0000000.0000,0000000.0,36998.67,0.01,63484.1,0.267,2026-12-01
NK225E    ,OOP,202612,26500.0,            ,181126518,0000000.0000,0000000.0,15.16,0.667809,191126518,0000000.0000,0000000.0,36750.46,0.01,63484.1,0.267,2026-12-01
NK225E    ,OOP,202612,26750.0,            ,181126718,0000000.0000,0000000.0,16.01,0.664771,191126718,0000000.0000,0000000.0,36502.28,0.01,63484.1,0.267,2026-12-01
NK225E    ,OOP,202612,27000.0,            ,181127018,0000000.0000,0000000.0,16.88,0.666194,191127018,0000000.0000,0000000.0,36254.12,0.01,63484.1,0.267,2026-12-01
NK225E    ,OOP,202612,27250.0,            ,181127218,0000000.0000,0000000.0,17.79,0.658602,191127218,0000000.0000,0000000.0,36006.0,0.01,63484.1,0.267,2026-12-01
NK225E    ,OOP,202612,27500.0,            ,181127518,0000000.0000,0000000.0,18.72,0.655473,191127518,0000000.0000,0000000.0,35757.9,0.01,63484.1,0.267,2026-12-01
NK225E    ,OOP,202612,27750.0,            ,181127718,0000000.0000,0000000.0,19.68,0.652316,191127718,0000000.0000,0000000.0,35509.83,0.01,63484.1,0.267,2026-12-01
NK225E    ,OOP,202612,28000.0,            ,181128018,0000025.0000,0000000.0,20.67,0.649131,191128018,0000000.0000,0000000.0,35261.79,0.01,63484.1,0.267,2026-12-01
NK225E    ,OOP,202612,28250.0,            ,181128218,0000000.0000,0000000.0,21.69,0.645921,191128218,0000000.0000,0000000.0,35013.78,0.01,63484.1,0.267,2026-12-01
NK225E    ,OOP,202612,28500.0,            ,181128518,0000028.0000,0000000.0,22.74,0.642685,191128518,0000000.0000,0000000.0,34765.8,0.01,63484.1,0.267,2026-12-01
NK225E    ,OOP,202612,28750.0,            ,181128718,0000000.0000,0000000.0,23.82,0.642903,191128718,0000000.0000,0000000.0,34517.84,0.01,63484.1,0.267,2026-12-01
NK225E    ,OOP,202612,29000.0,            ,181129018,0000000.0000,0000000.0,24.93,0.639174,191129018,0000000.0000,0000000.0,34269.92,0.01,63484.1,0.267,2026-12-01
NK225E    ,OOP,202612,29250.0,            ,181129218,0000000.0000,0000000.0,26.07,0.632839,191129218,0000000.0000,0000000.0,34022.03,0.01,63484.1,0.267,2026-12-01
NK225E    ,OOP,202612,29500.0,            ,181129518,0000000.0000,0000000.0,27.24,0.629515,191129518,0000000.0000,0000000.0,33774.17,0.01,63484.1,0.267,2026-12-01
NK225E    ,OOP,202612,29750.0,            ,181129718,0000000.0000,0000000.0,28.44,0.626171,191129718,0000000.0000,0000000.0,33526.34,0.01,63484.1,0.267,2026-12-01
NK225E    ,OOP,202612,30000.0,            ,181120018,0000035.0000,0000000.0,30.79,0.628372,191120018,0000000.0000,0000000.0,33279.66,0.01,63484.1,0.267,2026-12-01
NK225E    ,OOP,202612,30250.0,            ,181120218,0000000.0000,0000000.0,30.94,0.621903,191120218,0000000.0000,0000000.0,33030.77,0.01,63484.1,0.267,2026-12-01
NK225E    ,OOP,202612,30500.0,            ,181120518,0000000.0000,0000000.0,32.23,0.616031,191120518,0000000.0000,0000000.0,32783.04,0.01,63484.1,0.267,2026-12-01
NK225E    ,OOP,202612,30750.0,            ,181120718,0000000.0000,0000000.0,33.56,0.612618,191120718,0000000.0000,0000000.0,32535.33,0.01,63484.1,0.267,2026-12-01
NK225E    ,OOP,202612,31000.0,            ,181121018,0000000.0000,0000000.0,34.92,0.611439,191121018,0000000.0000,0000000.0,32287.66,0.01,63484.1,0.267,2026-12-01
NK225E    ,OOP,202612,31250.0,            ,181121218,0000000.0000,0000000.0,36.32,0.60575,191121218,0000000.0000,0000000.0,32040.02,0.01,63484.1,0.267,2026-12-01
NK225E    ,OOP,202612,31500.0,            ,181121518,0000000.0000,0000000.0,37.74,0.604735,191121518,0000000.0000,0000000.0,31792.42,0.01,63484.1,0.267,2026-12-01
NK225E    ,OOP,202612,31750.0,            ,181121718,0000000.0000,0000000.0,39.2,0.598831,191121718,0000000.0000,0000000.0,31544.85,0.01,63484.1,0.267,2026-12-01
NK225E    ,OOP,202612,32000.0,            ,181122018,0000000.0000,0000000.0,40.7,0.597705,191122018,0000000.0000,0000000.0,31297.31,0.01,63484.1,0.267,2026-12-01
NK225E    ,OOP,202612,32250.0,            ,181122218,0000000.0000,0000000.0,42.23,0.591869,191122218,0000000.0000,0000000.0,31049.81,0.01,63484.1,0.267,2026-12-01
NK225E    ,OOP,202612,32500.0,            ,131242518,0000000.0000,0000000.0,43.8,0.590401,141242518,0000000.0000,0000000.0,30802.35,0.01,63484.1,0.267,2026-12-01
NK225E    ,OOP,202612,32750.0,            ,131242718,0000000.0000,0000000.0,45.41,0.584871,141242718,0000000.0000,0000000.0,30554.92,0.01,63484.1,0.267,2026-12-01
NK225E    ,OOP,202612,33000.0,            ,131243018,0000000.0000,0000000.0,47.05,0.58136,141243018,0000000.0000,0000000.0,30307.53,0.01,63484.1,0.267,2026-12-01
NK225E    ,OOP,202612,33250.0,            ,131243218,0000000.0000,0000000.0,48.73,0.579786,141243218,0000000.0000,0000000.0,30060.18,0.01,63484.1,0.267,2026-12-01
NK225E    ,OOP,202612,33500.0,            ,131243518,0000000.0000,0000000.0,50.45,0.574321,141243518,0000000.0000,0000000.0,29812.87,0.01,63484.1,0.267,2026-12-01
NK225E    ,OOP,202612,33750.0,            ,131243718,0000000.0000,0000000.0,52.21,0.570794,141243718,0000000.0000,0000000.0,29565.6,0.01,63484.1,0.267,2026-12-01
NK225E    ,OOP,202612,34000.0,            ,131244018,0000000.0000,0000000.0,54.01,0.567262,141244018,0000000.0000,0000000.0,29318.37,0.371666,63484.1,0.267,2026-12-01
NK225E    ,OOP,202612,34250.0,            ,131244218,0000000.0000,0000000.0,55.86,0.565264,141244218,0000000.0000,0000000.0,29071.19,0.01,63484.1,0.267,2026-12-01
NK225E    ,OOP,202612,34500.0,            ,131244518,0000000.0000,0000000.0,57.75,0.561825,141244518,0000000.0000,0000000.0,28824.05,0.416307,63484.1,0.267,2026-12-01
NK225E    ,OOP,202612,34750.0,            ,131244718,0000000.0000,0000000.0,59.68,0.55832,141244718,0000000.0000,0000000.0,28576.95,0.401185,63484.1,0.267,2026-12-01
NK225E    ,OOP,202612,35000.0,            ,131245018,0000067.0000,0000000.0,67.7,0.557172,141245018,0000000.0000,0000000.0,28331.8,0.429908,63484.1,0.267,2026-12-01
NK225E    ,OOP,202612,35250.0,            ,131245218,0000000.0000,0000000.0,63.69,0.551134,141245218,0000000.0000,0000000.0,28082.89,0.44507,63484.1,0.267,2026-12-01
NK225E    ,OOP,202612,35500.0,            ,131245518,0000000.0000,0000000.0,67.53,0.54974,141245518,0000000.0000,0000000.0,27837.7,0.454936,63484.1,0.267,2026-12-01
NK225E    ,OOP,202612,35750.0,            ,131245718,0000000.0000,0000000.0,67.9,0.543739,141245718,0000000.0000,0000000.0,27589.04,0.446606,63484.1,0.267,2026-12-01
NK225E    ,OOP,202612,36000.0,            ,131246018,0000092.0000,0000000.0,71.5,0.542127,141246018,0000000.0000,0000000.0,27343.61,0.453999,63484.1,0.267,2026-12-01
NK225E    ,OOP,202612,36250.0,            ,131246218,0000000.0000,0000000.0,72.31,0.535437,141246218,0000000.0000,0000000.0,27095.39,0.446123,63484.1,0.267,2026-12-01
NK225E    ,OOP,202612,36500.0,            ,131246518,0000000.0000,0000000.0,74.6,0.53334,141246518,0000000.0000,0000000.0,26848.65,0.451774,63484.1,0.267,2026-12-01
NK225E    ,OOP,202612,36750.0,            ,131246718,0000000.0000,0000000.0,89.39,0.541716,141246718,0000000.0000,0000000.0,26614.41,0.474931,63484.1,0.267,2026-12-01
NK225E    ,OOP,202612,37000.0,            ,131247018,0000000.0000,0000000.0,89.88,0.535703,141247018,0000000.0000,0000000.0,26365.86,0.467904,63484.1,0.267,2026-12-01
NK225E    ,OOP,202612,37250.0,            ,131247218,0000000.0000,0000000.0,89.88,0.529727,141247218,0000000.0000,0000000.0,26116.83,0.46091,63484.1,0.267,2026-12-01
NK225E    ,OOP,202612,37500.0,            ,131247518,0000000.0000,0000000.0,93.35,0.527242,141247518,0000000.0000,0000000.0,25871.27,0.462289,63484.1,0.267,2026-12-01
NK225E    ,OOP,202612,37750.0,            ,131247718,0000000.0000,0000000.0,94.84,0.522148,141247718,0000000.0000,0000000.0,25623.73,0.463094,63484.1,0.267,2026-12-01
NK225E    ,OOP,202612,38000.0,            ,131248018,0000097.0000,0000000.0,88.58,0.51624,141248018,0000000.0000,0000000.0,25376.18,0.456337,63484.1,0.267,2026-12-01
NK225E    ,OOP,202612,38250.0,            ,131248218,0000000.0000,0000000.0,99.8,0.514415,141248218,0000000.0000,0000000.0,25130.62,0.456739,63484.1,0.267,2026-12-01
NK225E    ,OOP,202612,38500.0,            ,131248518,0000000.0000,0000000.0,103.77,0.511657,141248518,0000000.0000,0000000.0,24885.56,0.456722,63484.1,0.267,2026-12-01
NK225E    ,OOP,202612,38750.0,            ,131248718,0000000.0000,0000000.0,104.75,0.506547,141248718,0000000.0000,0000000.0,24637.52,0.456344,63484.1,0.267,2026-12-01
NK225E    ,OOP,202612,39000.0,            ,131249018,0000000.0000,0000000.0,111.21,0.505856,141249018,0000000.0000,0000000.0,24394.94,0.455653,63484.1,0.267,2026-12-01
NK225E    ,OOP,202612,39250.0,            ,131249218,0000000.0000,0000000.0,111.7,0.499997,141249218,0000000.0000,0000000.0,24146.4,0.44919,63484.1,0.267,2026-12-01
NK225E    ,OOP,202612,39500.0,            ,131249518,0000000.0000,0000000.0,116.17,0.497664,141249518,0000000.0000,0000000.0,23901.84,0.453474,63484.1,0.267,2026-12-01
NK225E    ,OOP,202612,39750.0,            ,131249718,0000000.0000,0000000.0,117.16,0.492519,141249718,0000000.0000,0000000.0,23653.79,0.4471,63484.1,0.267,2026-12-01
NK225E    ,OOP,202612,40000.0,            ,131240018,0000120.0000,0000000.0,119.13,0.486811,141240018,0000000.0000,0000000.0,23405.74,0.440766,63484.1,0.267,2026-12-01
NK225E    ,OOP,202612,40250.0,            ,131240218,0000000.0000,0000000.0,128.08,0.48808,141240218,0000000.0000,0000000.0,23166.65,0.444117,63484.1,0.267,2026-12-01
NK225E    ,OOP,202612,40500.0,            ,131240518,0000000.0000,0000000.0,132.54,0.484752,141240518,0000000.0000,0000000.0,22922.09,0.446648,63484.1,0.267,2026-12-01
NK225E    ,OOP,202612,40750.0,            ,131240718,0000000.0000,0000000.0,135.52,0.480764,141240718,0000000.0000,0000000.0,22676.03,0.440411,63484.1,0.267,2026-12-01
NK225E    ,OOP,202612,41000.0,            ,131241018,0000120.0000,0000000.0,137.5,0.476161,141241018,0000000.0000,0000000.0,22428.98,0.438327,63484.1,0.267,2026-12-01
NK225E    ,OOP,202612,41250.0,            ,131241218,0000000.0000,0000000.0,142.46,0.473279,141241218,0000000.0000,0000000.0,22184.91,0.436107,63484.1,0.267,2026-12-01
NK225E    ,OOP,202612,41500.0,            ,131241518,0000000.0000,0000000.0,144.44,0.46864,141241518,0000000.0000,0000000.0,21937.85,0.43376,63484.1,0.267,2026-12-01
NK225E    ,OOP,202612,41750.0,            ,131241718,0000000.0000,0000000.0,148.4,0.465097,141241718,0000000.0000,0000000.0,21692.79,0.431297,63484.1,0.267,2026-12-01
NK225E    ,OOP,202612,42000.0,            ,131242018,0000142.0000,0000000.0,151.87,0.461505,141242018,0000000.0000,0000000.0,21447.23,0.428727,63484.1,0.267,2026-12-01
NK225E    ,OOP,202612,42250.0,            ,131242218,0000000.0000,0000000.0,159.82,0.459931,141242218,0000000.0000,0000000.0,21206.14,0.426057,63484.1,0.267,2026-12-01
NK225E    ,OOP,202612,42500.0,            ,131362518,0000000.0000,0000000.0,161.79,0.455197,141362518,0000000.0000,0000000.0,20959.08,0.423294,63484.1,0.267,2026-12-01
NK225E    ,OOP,202612,42750.0,            ,181242718,0000000.0000,0000000.0,166.75,0.451941,191242718,0000000.0000,0000000.0,20715.01,0.420445,63484.1,0.267,2026-12-01
NK225E    ,OOP,202612,43000.0,            ,181243018,0000180.0000,0000000.0,169.72,0.447665,191243018,0000000.0000,0000000.0,20468.95,0.417513,63484.1,0.267,2026-12-01
NK225E    ,OOP,202612,43250.0,            ,181243218,0000000.0000,0000000.0,176.67,0.445243,191243218,0000000.0000,0000000.0,20226.87,0.417411,63484.1,0.267,2026-12-01
NK225E    ,OOP,202612,43500.0,            ,181243518,0000000.0000,0000000.0,182.12,0.441807,191243518,0000000.0000,0000000.0,19983.29,0.414247,63484.1,0.267,2026-12-01
NK225E    ,OOP,202612,43750.0,            ,181243718,0000000.0000,0000000.0,187.58,0.438757,191243718,0000000.0000,0000000.0,19739.71,0.411019,63484.1,0.267,2026-12-01
NK225E    ,OOP,202612,44000.0,            ,181244018,0000000.0000,0000000.0,192.04,0.435205,191244018,0000000.0000,0000000.0,19495.14,0.407731,63484.1,0.267,2026-12-01
NK225E    ,OOP,202612,44250.0,            ,181244218,0000000.0000,0000000.0,195.0,0.430764,191244218,0000000.0000,0000000.0,19249.07,0.404386,63484.1,0.267,2026-12-01
NK225E    ,OOP,202612,44500.0,            ,181244518,0000200.0000,0000000.0,200.46,0.427136,191244518,0000000.0000,0000000.0,19005.49,0.400988,63484.1,0.267,2026-12-01
NK225E    ,OOP,202612,44750.0,            ,181244718,0000000.0000,0000000.0,211.38,0.425852,191244718,0000000.0000,0000000.0,18767.39,0.402301,63484.1,0.267,2026-12-01
NK225E    ,OOP,202612,45000.0,            ,181245018,0000000.0000,0000000.0,215.84,0.422081,191245018,0000000.0000,0000000.0,18522.81,0.398683,63484.1,0.267,2026-12-01
NK225E    ,OOP,202612,45250.0,            ,181245218,0000000.0000,0000000.0,224.77,0.419772,191245218,0000000.0000,0000000.0,18282.71,0.397228,63484.1,0.267,2026-12-01
NK225E    ,OOP,202612,45500.0,            ,181245518,0000000.0000,0000000.0,231.71,0.416619,191245518,0000000.0000,0000000.0,18040.62,0.395594,63484.1,0.267,2026-12-01
NK225E    ,OOP,202612,45750.0,            ,181245718,0000000.0000,0000000.0,238.65,0.413396,191245718,0000000.0000,0000000.0,17798.53,0.391757,63484.1,0.267,2026-12-01
NK225E    ,OOP,202612,46000.0,            ,181246018,0000000.0000,0000000.0,245.09,0.40976,191246018,0000000.0000,0000000.0,17555.94,0.389879,63484.1,0.267,2026-12-01
NK225E    ,OOP,202612,46250.0,            ,181246218,0000000.0000,0000000.0,252.53,0.406751,191246218,0000000.0000,0000000.0,17314.35,0.385932,63484.1,0.267,2026-12-01
NK225E    ,OOP,202612,46500.0,            ,181246518,0000259.0000,0000000.0,259.0,0.402016,191246518,0000000.0000,0000000.0,17072.75,0.383837,63484.1,0.267,2026-12-01
NK225E    ,OOP,202612,46750.0,            ,181246718,0000000.0000,0000000.0,267.4,0.400181,191246718,0000000.0000,0000000.0,16831.15,0.381608,63484.1,0.267,2026-12-01
NK225E    ,OOP,202612,47000.0,            ,181247018,0000000.0000,0000000.0,277.32,0.397577,191247018,0000000.0000,0000000.0,16592.04,0.379256,63484.1,0.267,2026-12-01
NK225E    ,OOP,202612,47250.0,            ,181247218,0000000.0000,0000000.0,287.24,0.394871,191247218,0000000.0000,0000000.0,16352.93,0.376788,63484.1,0.267,2026-12-01
NK225E    ,OOP,202612,47500.0,            ,181247518,0000000.0000,0000000.0,297.16,0.393238,191247518,0000000.0000,0000000.0,16113.82,0.37421,63484.1,0.267,2026-12-01
NK225E    ,OOP,202612,47750.0,            ,181247718,0000000.0000,0000000.0,311.55,0.389332,191247718,0000000.0000,0000000.0,15879.18,0.373111,63484.1,0.267,2026-12-01
NK225E    ,OOP,202612,48000.0,            ,181248018,0000315.0000,0000000.0,315.0,0.384513,191248018,0000000.0000,0000000.0,15643.55,0.371808,63484.1,0.267,2026-12-01
NK225E    ,OOP,202612,48250.0,            ,181248218,0000325.0000,0000000.0,332.38,0.385546,191248218,0000000.0000,0000000.0,15401.95,0.36885,63484.1,0.267,2026-12-01
NK225E    ,OOP,202612,48500.0,            ,181248518,0000000.0000,0000000.0,339.8,0.381029,191248518,0000000.0000,0000000.0,15160.34,0.365808,63484.1,0.267,2026-12-01
NK225E    ,OOP,202612,48750.0,            ,181248718,0000000.0000,0000000.0,354.69,0.379056,191248718,0000000.0000,0000000.0,14926.2,0.364076,63484.1,0.267,2026-12-01
NK225E    ,OOP,202612,49000.0,            ,181249018,0000350.0000,0000000.0,364.61,0.375703,191249018,0000000.0000,0000000.0,14687.08,0.360841,63484.1,0.267,2026-12-01
NK225E    ,OOP,202612,49250.0,            ,181249218,0000375.0000,0000000.0,384.47,0.374692,191249218,0000000.0000,0000000.0,14457.91,0.360144,63484.1,0.267,2026-12-01
NK225E    ,OOP,202612,49500.0,            ,181249518,0000000.0000,0000000.0,396.86,0.372316,191249518,0000000.0000,0000000.0,14221.27,0.357964,63484.1,0.267,2026-12-01
NK225E    ,OOP,202612,49750.0,            ,181249718,0000000.0000,0000000.0,414.23,0.369819,191249718,0000000.0000,0000000.0,13989.61,0.356866,63484.1,0.267,2026-12-01
NK225E    ,OOP,202612,50000.0,            ,181240018,0000395.0000,0000000.0,419.16,0.364992,191240018,0000000.0000,0000000.0,13745.51,0.352028,63484.1,0.267,2026-12-01
NK225E    ,OOP,202612,50250.0,            ,181240218,0000000.0000,0000000.0,434.04,0.36233,191240218,0000000.0000,0000000.0,13511.36,0.349506,63484.1,0.267,2026-12-01
NK225E    ,OOP,202612,50500.0,            ,181240518,0000000.0000,0000000.0,453.89,0.360614,191240518,0000000.0000,0000000.0,13282.18,0.34799,63484.1,0.267,2026-12-01
NK225E    ,OOP,202612,50750.0,            ,181240718,0000000.0000,0000000.0,476.23,0.359755,191240718,0000000.0000,0000000.0,13055.49,0.347376,63484.1,0.267,2026-12-01
NK225E    ,OOP,202612,51000.0,            ,181241018,0000000.0000,0000000.0,488.62,0.355716,191241018,0000000.0000,0000000.0,12818.84,0.344441,63484.1,0.267,2026-12-01
NK225E    ,OOP,202612,51250.0,            ,181241218,0000000.0000,0000000.0,510.96,0.354537,191241218,0000000.0000,0000000.0,12592.15,0.342428,63484.1,0.267,2026-12-01
NK225E    ,OOP,202612,51500.0,            ,181241518,0000000.0000,0000000.0,523.34,0.350344,191241518,0000000.0000,0000000.0,12355.49,0.339278,63484.1,0.267,2026-12-01
NK225E    ,OOP,202612,51750.0,            ,181241718,0000000.0000,0000000.0,550.65,0.349787,191241718,0000000.0000,0000000.0,12133.78,0.338927,63484.1,0.267,2026-12-01
NK225E    ,OOP,202612,52000.0,            ,181242018,0000550.0000,0000000.0,550.0,0.341823,191242018,0000000.0000,0000000.0,11899.61,0.335537,63484.1,0.267,2026-12-01
NK225E    ,OOP,202612,52250.0,            ,181242218,0000000.0000,0000000.0,575.93,0.343668,191242218,0000000.0000,0000000.0,11670.41,0.332978,63484.1,0.267,2026-12-01
NK225E    ,OOP,202612,52500.0,            ,181362518,0000000.0000,0000000.0,607.68,0.340889,191362518,0000000.0000,0000000.0,11443.71,0.331181,63484.1,0.267,2026-12-01
NK225E    ,OOP,202612,52750.0,            ,131362718,0000000.0000,0000000.0,627.52,0.337998,141362718,0000000.0000,0000000.0,11214.52,0.328362,63484.1,0.267,2026-12-01
NK225E    ,OOP,202612,53000.0,            ,131363018,0000650.0000,0000000.0,659.8,0.337422,141363018,0000000.0000,0000000.0,10997.76,0.327939,63484.1,0.267,2026-12-01
NK225E    ,OOP,202612,53250.0,            ,131363218,0000000.0000,0000000.0,679.63,0.334264,141363218,0000000.0000,0000000.0,10768.56,0.324841,63484.1,0.267,2026-12-01
NK225E    ,OOP,202612,53500.0,            ,131363518,0000000.0000,0000000.0,699.45,0.331007,141363518,0000000.0000,0000000.0,10539.36,0.321642,63484.1,0.267,2026-12-01
NK225E    ,OOP,202612,53750.0,            ,131363718,0000000.0000,0000000.0,719.27,0.327652,141363718,0000000.0000,0000000.0,10310.15,0.318343,63484.1,0.267,2026-12-01
NK225E    ,OOP,202612,54000.0,            ,131364018,0000720.0000,0000000.0,746.57,0.324939,141364018,0000000.0000,0000000.0,10088.41,0.316464,63484.1,0.267,2026-12-01
NK225E    ,OOP,202612,54250.0,            ,131364218,0000730.0000,0000000.0,783.81,0.324252,141364218,0000000.0000,0000000.0,9876.62,0.315887,63484.1,0.267,2026-12-01
NK225E    ,OOP,202612,54500.0,            ,131364518,0000760.0000,0000000.0,826.03,0.323337,141364518,0000000.0000,0000000.0,9669.81,0.315784,63484.1,0.267,2026-12-01
NK225E    ,OOP,202612,54750.0,            ,131364718,0000000.0000,0000000.0,870.76,0.322884,141364718,0000000.0000,0000000.0,9465.5,0.315415,63484.1,0.267,2026-12-01
NK225E    ,OOP,202612,55000.0,            ,131365018,0000000.0000,0000000.0,905.51,0.320875,141365018,0000000.0000,0000000.0,9251.22,0.313456,63484.1,0.267,2026-12-01
NK225E    ,OOP,202612,55250.0,            ,131365218,0000000.0000,0000000.0,942.74,0.319349,141365218,0000000.0000,0000000.0,9039.43,0.311986,63484.1,0.267,2026-12-01
NK225E    ,OOP,202612,55500.0,            ,131365518,0000950.0000,0000000.0,977.49,0.317008,141365518,0000000.0000,0000000.0,8825.15,0.309686,63484.1,0.267,2026-12-01
NK225E    ,OOP,202612,55750.0,            ,131365718,0000000.0000,0000000.0,992.3,0.312045,141365718,0000000.0000,0000000.0,8590.92,0.304718,63484.1,0.267,2026-12-01
NK225E    ,OOP,202612,56000.0,            ,131366018,0000000.0000,0000000.0,1049.76,0.312483,141366018,0000000.0000,0000000.0,8404.03,0.305854,63484.1,0.267,2026-12-01
NK225E    ,OOP,202612,56250.0,            ,131366218,0000000.0000,0000000.0,1049.66,0.310282,141366218,0000000.0000,0000000.0,8194.72,0.303679,63484.1,0.267,2026-12-01
NK225E    ,OOP,202612,56500.0,            ,131366518,0000000.0000,0000000.0,1096.95,0.309074,141366518,0000000.0000,0000000.0,7992.88,0.30251,63484.1,0.267,2026-12-01
NK225E    ,OOP,202612,56750.0,            ,131366718,0000000.0000,0000000.0,1141.75,0.307097,141366718,0000000.0000,0000000.0,7788.53,0.300559,63484.1,0.267,2026-12-01
NK225E    ,OOP,202612,57000.0,            ,131367018,0001190.0000,0000000.0,1189.03,0.302725,141367018,0000000.0000,0000000.0,7564.25,0.296184,63484.1,0.267,2026-12-01
NK225E    ,OOP,202612,57250.0,            ,131367218,0000000.0000,0000000.0,1266.27,0.302081,141367218,0000000.0000,0000000.0,7374.86,0.29558,63484.1,0.267,2026-12-01
NK225E    ,OOP,202612,57500.0,            ,131367518,0000000.0000,0000000.0,1311.06,0.301739,141367518,0000000.0000,0000000.0,7187.96,0.295276,63484.1,0.267,2026-12-01
NK225E    ,OOP,202612,57750.0,            ,131367718,0001335.0000,0000000.0,1373.32,0.300632,141367718,0000000.0000,0000000.0,6998.56,0.294196,63484.1,0.267,2026-12-01
NK225E    ,OOP,202612,58000.0,            ,131368018,0001415.0000,0000000.0,1414.99,0.293655,141368018,0000000.0000,0000000.0,6776.75,0.289792,63484.1,0.267,2026-12-01
NK225E    ,OOP,202612,58250.0,            ,131368218,0000000.0000,0000000.0,1465.38,0.292738,141368218,0000000.0000,0000000.0,6569.88,0.286814,63484.1,0.267,2026-12-01
NK225E    ,OOP,202612,58500.0,            ,131368518,0000000.0000,0000000.0,1527.62,0.294078,141368518,0000000.0000,0000000.0,6412.9,0.288681,63484.1,0.267,2026-12-01
NK225E    ,OOP,202612,58750.0,            ,131368718,0000000.0000,0000000.0,1587.37,0.289259,141368718,0000000.0000,0000000.0,6193.55,0.283841,63484.1,0.267,2026-12-01
NK225E    ,OOP,202612,59000.0,            ,131369018,0000000.0000,0000000.0,1657.1,0.292027,141369018,0000000.0000,0000000.0,6054.03,0.286626,63484.1,0.267,2026-12-01
NK225E    ,OOP,202612,59250.0,            ,131369218,0000000.0000,0000000.0,1734.33,0.288312,141369218,0000000.0000,0000000.0,5849.63,0.282894,63484.1,0.267,2026-12-01
NK225E    ,OOP,202612,59500.0,            ,131369518,0001920.0000,0000000.0,1804.05,0.289573,141369518,0000000.0000,0000000.0,5697.64,0.284157,63484.1,0.267,2026-12-01
NK225E    ,OOP,202612,59750.0,            ,131369718,0000000.0000,0000000.0,1878.77,0.288253,141369718,0000000.0000,0000000.0,5525.67,0.283285,63484.1,0.267,2026-12-01
NK225E    ,OOP,202612,60000.0,            ,131360018,0001955.0000,0000000.0,1933.54,0.286266,141360018,0000000.0000,0000000.0,5346.21,0.281275,63484.1,0.267,2026-12-01
NK225E    ,OOP,202612,60250.0,            ,131360218,0000000.0000,0000000.0,2012.52,0.28542,141360218,0000000.0000,0000000.0,5179.24,0.280408,63484.1,0.267,2026-12-01
NK225E    ,OOP,202612,60500.0,            ,131360518,0000000.0000,0000000.0,2117.89,0.283904,141360518,0000000.0000,0000000.0,5009.76,0.278866,63484.1,0.267,2026-12-01
NK225E    ,OOP,202612,60625.0,            ,131120618,0000000.0000,0000000.0,2135.95,0.281309,141120618,0000000.0000,0000000.0,4905.04,0.276254,63484.1,0.267,2026-12-01
NK225E    ,OOP,202612,60750.0,            ,131360718,0000000.0000,0000000.0,2202.59,0.27999,141360718,0000000.0000,0000000.0,4815.3,0.27492,63484.1,0.267,2026-12-01
NK225E    ,OOP,202612,60875.0,            ,131120818,0000000.0000,0000000.0,2244.94,0.282097,141120818,0000000.0000,0000000.0,4765.52,0.277017,63484.1,0.267,2026-12-01
NK225E    ,OOP,202612,61000.0,            ,131361018,0002190.0000,0000000.0,2292.29,0.280232,141361018,0000000.0000,0000000.0,4668.29,0.275134,63484.1,0.267,2026-12-01
NK225E    ,OOP,202612,61125.0,            ,131121118,0000000.0000,0000000.0,2334.63,0.280471,141121118,0000000.0000,0000000.0,4598.52,0.275358,63484.1,0.267,2026-12-01
NK225E    ,OOP,202612,61250.0,            ,131361218,0002390.0000,0000000.0,2390.0,0.276796,141361218,0000000.0000,0000000.0,4511.27,0.274233,63484.1,0.267,2026-12-01
NK225E    ,OOP,202612,61375.0,            ,131121318,0000000.0000,0000000.0,2419.33,0.278203,141121318,0000000.0000,0000000.0,4431.52,0.273481,63484.1,0.267,2026-12-01
NK225E    ,OOP,202612,61500.0,            ,131361518,0000000.0000,0000000.0,2471.66,0.277415,141361518,0000000.0000,0000000.0,4356.76,0.273097,63484.1,0.267,2026-12-01
NK225E    ,OOP,202612,61625.0,            ,131121618,0000000.0000,0000000.0,2524.0,0.276572,141121618,0000000.0000,0000000.0,4272.01,0.271808,63484.1,0.267,2026-12-01
NK225E    ,OOP,202612,61750.0,            ,131361718,0000000.0000,0000000.0,2573.84,0.276514,141361718,0000000.0000,0000000.0,4202.25,0.271729,63484.1,0.267,2026-12-01
NK225E    ,OOP,202612,61875.0,            ,131121818,0000000.0000,0000000.0,2623.68,0.275557,141121818,0000000.0000,0000000.0,4122.48,0.270749,63484.1,0.267,2026-12-01
NK225E    ,OOP,202612,62000.0,            ,131362018,0000000.0000,0000000.0,2673.52,0.27538,141362018,0000000.0000,0000000.0,4052.71,0.270549,63484.1,0.267,2026-12-01
NK225E    ,OOP,202612,62125.0,            ,131122118,0000000.0000,0000000.0,2723.35,0.274727,141122118,0000000.0000,0000000.0,3977.95,0.269871,63484.1,0.267,2026-12-01
NK225E    ,OOP,202612,62250.0,            ,131362218,0000000.0000,0000000.0,2780.68,0.27443,141362218,0000000.0000,0000000.0,3908.18,0.26955,63484.1,0.267,2026-12-01
NK225E    ,OOP,202612,62375.0,            ,131122318,0000000.0000,0000000.0,2825.52,0.273661,141122318,0000000.0000,0000000.0,3830.91,0.268755,63484.1,0.267,2026-12-01
NK225E    ,OOP,202612,62500.0,            ,181242518,0002730.0000,0000000.0,2880.36,0.273247,191242518,0000000.0000,0000000.0,3761.14,0.268314,63484.1,0.267,2026-12-01
NK225E    ,OOP,202612,62625.0,            ,131122618,0000000.0000,0000000.0,2937.69,0.273185,141122618,0000000.0000,0000000.0,3696.38,0.268224,63484.1,0.267,2026-12-01
NK225E    ,OOP,202612,62750.0,            ,181362718,0000000.0000,0000000.0,2990.03,0.272241,191362718,0000000.0000,0000000.0,3624.1,0.267663,63484.1,0.267,2026-12-01
NK225E    ,OOP,202612,62875.0,            ,131122818,0000000.0000,0000000.0,3044.86,0.27165,141122818,0000000.0000,0000000.0,3551.83,0.267041,63484.1,0.267,2026-12-01
NK225E    ,OOP,202612,63000.0,            ,181363018,0000000.0000,0000000.0,3104.68,0.27141,191363018,0000000.0000,0000000.0,3500.25,0.266769,63484.1,0.267,2026-12-01
NK225E    ,OOP,202612,63125.0,            ,131123118,0000000.0000,0000000.0,3159.52,0.270701,141123118,0000000.0000,0000000.0,3432.58,0.266028,63484.1,0.267,2026-12-01
NK225E    ,OOP,202612,63250.0,            ,181363218,0003250.0000,0000000.0,3250.0,0.269933,191363218,0000000.0000,0000000.0,3367.42,0.265635,63484.1,0.267,2026-12-01
NK225E    ,OOP,202612,63375.0,            ,131123318,0000000.0000,0000000.0,3279.17,0.270329,141123318,0000000.0000,0000000.0,3302.25,0.265589,63484.1,0.267,2026-12-01
NK225E    ,OOP,202612,63500.0,            ,181363518,0000000.0000,0000000.0,3336.51,0.269036,191363518,0000000.0000,0000000.0,3237.08,0.264667,63484.1,0.267,2026-12-01
NK225E    ,OOP,202612,63625.0,            ,131123618,0000000.0000,0000000.0,3403.84,0.268905,141123618,0000000.0000,0000000.0,3171.9,0.264093,63484.1,0.267,2026-12-01
NK225E    ,OOP,202612,63750.0,            ,181363718,0000000.0000,0000000.0,3458.66,0.268307,191363718,0000000.0000,0000000.0,3106.74,0.263864,63484.1,0.267,2026-12-01
NK225E    ,OOP,202612,63875.0,            ,131123818,0000000.0000,0000000.0,3528.5,0.267649,141123818,0000000.0000,0000000.0,3046.57,0.263168,63484.1,0.267,2026-12-01
NK225E    ,OOP,202612,64000.0,            ,181364018,0000000.0000,0000000.0,3593.32,0.266931,191364018,0000000.0000,0000000.0,2988.9,0.262817,63484.1,0.267,2026-12-01
NK225E    ,OOP,202612,64125.0,            ,131124118,0000000.0000,0000000.0,3658.16,0.26656,141124118,0000000.0000,0000000.0,2926.22,0.262406,63484.1,0.267,2026-12-01
NK225E    ,OOP,202612,64250.0,            ,181364218,0000000.0000,0000000.0,3722.99,0.266536,191364218,0002850.0000,0000000.0,2849.99,0.263968,63484.1,0.267,2026-12-01
NK225E    ,OOP,202612,64375.0,            ,131124318,0000000.0000,0000000.0,3790.32,0.265638,141124318,0000000.0000,0000000.0,2815.89,0.261807,63484.1,0.267,2026-12-01
NK225E    ,OOP,202612,64500.0,            ,181364518,0000000.0000,0000000.0,3840.96,0.265494,191364518,0000000.0000,0000000.0,2750.71,0.261619,63484.1,0.267,2026-12-01
NK225E    ,OOP,202612,64625.0,            ,131124618,0000000.0000,0000000.0,3914.74,0.265698,141124618,0000000.0000,0000000.0,2698.04,0.260963,63484.1,0.267,2026-12-01
NK225E    ,OOP,202612,64750.0,            ,181364718,0000000.0000,0000000.0,3986.18,0.265026,191364718,0000000.0000,0000000.0,2637.87,0.260653,63484.1,0.267,2026-12-01
NK225E    ,OOP,202612,64875.0,            ,131124818,0000000.0000,0000000.0,4047.93,0.263884,141124818,0000000.0000,0000000.0,2585.2,0.260282,63484.1,0.267,2026-12-01
NK225E    ,OOP,202612,65000.0,            ,181365018,0000000.0000,0000000.0,4119.68,0.263908,191365018,0000000.0000,0000000.0,2530.03,0.260261,63484.1,0.267,2026-12-01
NK225E    ,OOP,202612,65125.0,            ,131125118,0000000.0000,0000000.0,4193.93,0.263874,141125118,0000000.0000,0000000.0,2484.87,0.259768,63484.1,0.267,2026-12-01
NK225E    ,OOP,202612,65250.0,            ,181365218,0000000.0000,0000000.0,4265.7,0.26337,191365218,0000000.0000,0000000.0,2424.69,0.259625,63484.1,0.267,2026-12-01
NK225E    ,OOP,202612,65375.0,            ,131125318,0000000.0000,0000000.0,4339.95,0.263217,141125318,0000000.0000,0000000.0,2379.53,0.259009,63484.1,0.267,2026-12-01
NK225E    ,OOP,202612,65500.0,            ,181365518,0000000.0000,0000000.0,4406.7,0.262591,191365518,0000000.0000,0000000.0,2314.34,0.257501,63484.1,0.267,2026-12-01
NK225E    ,OOP,202612,65625.0,            ,131125618,0000000.0000,0000000.0,4483.46,0.262318,141125618,0000000.0000,0000000.0,2264.18,0.257588,63484.1,0.267,2026-12-01
NK225E    ,OOP,202612,65750.0,            ,181365718,0000000.0000,0000000.0,4552.7,0.261568,191365718,0000000.0000,0000000.0,2214.01,0.256781,63484.1,0.267,2026-12-01
NK225E    ,OOP,202612,65875.0,            ,131125818,0000000.0000,0000000.0,4631.96,0.261592,141125818,0000000.0000,0000000.0,2163.83,0.256748,63484.1,0.267,2026-12-01
NK225E    ,OOP,202612,66000.0,            ,181366018,0000000.0000,0000000.0,4698.7,0.260298,191366018,0002110.0000,0000000.0,2110.0,0.259178,63484.1,0.267,2026-12-01
NK225E    ,OOP,202612,66125.0,            ,131126118,0000000.0000,0000000.0,4762.93,0.258935,141126118,0000000.0000,0000000.0,2045.97,0.253966,63484.1,0.267,2026-12-01
NK225E    ,OOP,202612,66250.0,            ,181366218,0000000.0000,0000000.0,4852.22,0.259622,191366218,0000000.0000,0000000.0,1998.3,0.254592,63484.1,0.267,2026-12-01
NK225E    ,OOP,202612,66375.0,            ,131126318,0000000.0000,0000000.0,4941.5,0.260256,141126318,0000000.0000,0000000.0,1963.15,0.255164,63484.1,0.267,2026-12-01
NK225E    ,OOP,202612,66500.0,            ,181366518,0000000.0000,0000000.0,5010.74,0.259129,191366518,0000000.0000,0000000.0,1922.99,0.253968,63484.1,0.267,2026-12-01
NK225E    ,OOP,202612,66625.0,            ,131126618,0000000.0000,0000000.0,5082.48,0.257934,141126618,0000000.0000,0000000.0,1865.31,0.253133,63484.1,0.267,2026-12-01
NK225E    ,OOP,202612,66750.0,            ,181366718,0000000.0000,0000000.0,5174.27,0.258828,191366718,0000000.0000,0000000.0,1827.66,0.25353,63484.1,0.267,2026-12-01
NK225E    ,OOP,202612,66875.0,            ,131126818,0000000.0000,0000000.0,5263.56,0.25924,141126818,0000000.0000,0000000.0,1792.5,0.253873,63484.1,0.267,2026-12-01
NK225E    ,OOP,202612,67000.0,            ,181367018,0000000.0000,0000000.0,5347.81,0.259164,191367018,0000000.0000,0000000.0,1754.84,0.253723,63484.1,0.267,2026-12-01
NK225E    ,OOP,202612,67125.0,            ,131127118,0000000.0000,0000000.0,5427.09,0.258591,141127118,0000000.0000,0000000.0,1697.16,0.253073,63484.1,0.267,2026-12-01
NK225E    ,OOP,202612,67250.0,            ,181367218,0000000.0000,0000000.0,5493.8,0.256628,191367218,0000000.0000,0000000.0,1664.51,0.251469,63484.1,0.267,2026-12-01
NK225E    ,OOP,202612,67375.0,            ,131127318,0000000.0000,0000000.0,5575.56,0.255917,141127318,0000000.0000,0000000.0,1616.84,0.251126,63484.1,0.267,2026-12-01
NK225E    ,OOP,202612,67500.0,            ,131487518,0000000.0000,0000000.0,5667.35,0.256486,141487518,0000000.0000,0000000.0,1581.69,0.251172,63484.1,0.267,2026-12-01
NK225E    ,OOP,202612,67625.0,            ,131127618,0000000.0000,0000000.0,5751.62,0.256103,141127618,0000000.0000,0000000.0,1544.03,0.250706,63484.1,0.267,2026-12-01
NK225E    ,OOP,202612,67750.0,            ,181367718,0000000.0000,0000000.0,5855.95,0.257474,191367718,0000000.0000,0000000.0,1501.37,0.252004,63484.1,0.267,2026-12-01
NK225E    ,OOP,202612,67875.0,            ,131127818,0000000.0000,0000000.0,5932.69,0.256066,141127818,0000000.0000,0000000.0,1468.72,0.250963,63484.1,0.267,2026-12-01
NK225E    ,OOP,202612,68000.0,            ,181368018,0000000.0000,0000000.0,6032.02,0.256884,191368018,0000000.0000,0000000.0,1451.1,0.251704,63484.1,0.267,2026-12-01
NK225E    ,OOP,202612,68125.0,            ,131128118,0000000.0000,0000000.0,6103.73,0.254873,141128118,0000000.0000,0000000.0,1415.96,0.250062,63484.1,0.267,2026-12-01
NK225E    ,OOP,202612,68250.0,            ,181368218,0000000.0000,0000000.0,6213.08,0.25652,191368218,0000000.0000,0000000.0,1380.8,0.251165,63484.1,0.267,2026-12-01
NK225E    ,OOP,202612,68500.0,            ,181368518,0000000.0000,0000000.0,6384.11,0.255445,191368518,0000000.0000,0000000.0,1315.52,0.2499,63484.1,0.267,2026-12-01
NK225E    ,OOP,202612,68750.0,            ,181368718,0000000.0000,0000000.0,6562.68,0.25411,191368718,0000000.0000,0000000.0,1252.73,0.249828,63484.1,0.267,2026-12-01
NK225E    ,OOP,202612,69000.0,            ,181369018,0000000.0000,0000000.0,6761.3,0.254972,191369018,0000000.0000,0000000.0,1179.92,0.249526,63484.1,0.267,2026-12-01
NK225E    ,OOP,202612,69250.0,            ,181369218,0000000.0000,0000000.0,6942.38,0.254137,191369218,0000000.0000,0000000.0,1129.67,0.24797,63484.1,0.267,2026-12-01
NK225E    ,OOP,202612,69500.0,            ,181369518,0000000.0000,0000000.0,7153.58,0.255612,191369518,0000000.0000,0000000.0,1081.92,0.249759,63484.1,0.267,2026-12-01
NK225E    ,OOP,202612,69750.0,            ,181369718,0000000.0000,0000000.0,7339.66,0.254318,191369718,0000000.0000,0000000.0,1014.11,0.248221,63484.1,0.267,2026-12-01
NK225E    ,OOP,202612,70000.0,            ,181360018,0000000.0000,0000000.0,7530.77,0.253818,191360018,0000000.0000,0000000.0,934.59,0.247476,63484.1,0.267,2026-12-01
NK225E    ,OOP,202612,70250.0,            ,181360218,0000000.0000,0000000.0,7746.98,0.255265,191360218,0000000.0000,0000000.0,901.77,0.248697,63484.1,0.267,2026-12-01
NK225E    ,OOP,202612,70500.0,            ,181360518,0000000.0000,0000000.0,7928.03,0.252655,191360518,0000000.0000,0000000.0,833.8,0.246341,63484.1,0.267,2026-12-01
NK225E    ,OOP,202612,70750.0,            ,181360718,0000000.0000,0000000.0,8144.27,0.254286,191360718,0000000.0000,0000000.0,801.0,0.247154,63484.1,0.267,2026-12-01
NK225E    ,OOP,202612,71000.0,            ,181361018,0000000.0000,0000000.0,8350.44,0.254025,191361018,0000000.0000,0000000.0,758.14,0.247192,63484.1,0.267,2026-12-01
NK225E    ,OOP,202612,71250.0,            ,181361218,0000000.0000,0000000.0,8559.13,0.254142,191361218,0000000.0000,0000000.0,717.8,0.247015,63484.1,0.267,2026-12-01
NK225E    ,OOP,202612,71500.0,            ,181361518,0000000.0000,0000000.0,8767.82,0.254056,191361518,0000000.0000,0000000.0,677.45,0.246613,63484.1,0.267,2026-12-01
NK225E    ,OOP,202612,71750.0,            ,181361718,0000000.0000,0000000.0,8976.5,0.253126,191361718,0000000.0000,0000000.0,637.11,0.245974,63484.1,0.267,2026-12-01
NK225E    ,OOP,202612,72000.0,            ,181362018,0000000.0000,0000000.0,9192.73,0.253888,191362018,0000630.0000,0000000.0,604.31,0.246426,63484.1,0.267,2026-12-01
NK225E    ,OOP,202612,72250.0,            ,181362218,0000000.0000,0000000.0,9411.48,0.254486,191362218,0000000.0000,0000000.0,574.03,0.246694,63484.1,0.267,2026-12-01
NK225E    ,OOP,202612,72500.0,            ,131482518,0000000.0000,0000000.0,9625.2,0.253544,141482518,0000000.0000,0000000.0,538.72,0.246056,63484.1,0.267,2026-12-01
NK225E    ,OOP,202612,72750.0,            ,131482718,0000000.0000,0000000.0,9848.98,0.254461,141482718,0000000.0000,0000000.0,513.46,0.246638,63484.1,0.267,2026-12-01
NK225E    ,OOP,202612,73000.0,            ,131483018,0000000.0000,0000000.0,10060.18,0.253779,141483018,0000480.0000,0000000.0,475.63,0.24477,63484.1,0.267,2026-12-01
NK225E    ,OOP,202612,73250.0,            ,131483218,0000000.0000,0000000.0,10289.0,0.254354,141483218,0000000.0000,0000000.0,455.42,0.245715,63484.1,0.267,2026-12-01
NK225E    ,OOP,202612,73500.0,            ,131483518,0000000.0000,0000000.0,10520.33,0.256296,141483518,0000000.0000,0000000.0,437.72,0.247319,63484.1,0.267,2026-12-01
NK225E    ,OOP,202612,73750.0,            ,131483718,0000000.0000,0000000.0,10739.08,0.255795,141483718,0000000.0000,0000000.0,407.44,0.246326,63484.1,0.267,2026-12-01
NK225E    ,OOP,202612,74000.0,            ,131484018,0000000.0000,0000000.0,10960.34,0.255064,141484018,0000425.0000,0000000.0,379.67,0.245053,63484.1,0.267,2026-12-01
NK225E    ,OOP,202612,74250.0,            ,131484218,0000000.0000,0000000.0,11189.16,0.255777,141484218,0000000.0000,0000000.0,359.46,0.245287,63484.1,0.267,2026-12-01
NK225E    ,OOP,202612,74500.0,            ,131484518,0000000.0000,0000000.0,11417.98,0.256343,141484518,0000000.0000,0000000.0,339.25,0.245336,63484.1,0.267,2026-12-01
NK225E    ,OOP,202612,74750.0,            ,131484718,0000000.0000,0000000.0,11648.31,0.256756,141484718,0000000.0000,0000000.0,320.54,0.246156,63484.1,0.267,2026-12-01
NK225E    ,OOP,202612,75000.0,            ,131485018,0000000.0000,0000000.0,11872.09,0.255152,141485018,0000000.0000,0000000.0,295.29,0.244021,63484.1,0.267,2026-12-01
NK225E    ,OOP,202612,75250.0,            ,131485218,0000000.0000,0000000.0,12112.0,0.258037,141485218,0000000.0000,0000000.0,286.17,0.245714,63484.1,0.267,2026-12-01
NK225E    ,OOP,202612,75500.0,            ,131485518,0000000.0000,0000000.0,12334.77,0.255996,141485518,0000000.0000,0000000.0,259.91,0.243634,63484.1,0.267,2026-12-01
NK225E    ,OOP,202612,75750.0,            ,131485718,0000000.0000,0000000.0,12572.67,0.257716,141485718,0000000.0000,0000000.0,248.77,0.244603,63484.1,0.267,2026-12-01
NK225E    ,OOP,202612,76000.0,            ,131486018,0000000.0000,0000000.0,12813.09,0.259355,141486018,0000000.0000,0000000.0,240.16,0.245917,63484.1,0.267,2026-12-01
NK225E    ,OOP,202612,76250.0,            ,131486218,0000000.0000,0000000.0,13052.0,0.260914,141486218,0000000.0000,0000000.0,230.04,0.246892,63484.1,0.267,2026-12-01
NK225E    ,OOP,202612,77000.0,            ,131487018,0000000.0000,0000000.0,13763.68,0.262767,141487018,0000000.0000,0000000.0,194.62,0.248019,63484.1,0.267,2026-12-01
NK225E    ,OOP,202612,77500.0,            ,181367518,0000000.0000,0000000.0,14223.32,0.259922,191367518,0000000.0000,0000000.0,156.2,0.24334,63484.1,0.267,2026-12-01
NK225E    ,OOP,202612,78000.0,            ,131488018,0000000.0000,0000000.0,14716.29,0.265472,141488018,0000000.0000,0000000.0,151.11,0.247848,63484.1,0.267,2026-12-01
NK225E    ,OOP,202612,79000.0,            ,131489018,0000000.0000,0000000.0,15674.45,0.267576,141489018,0000000.0000,0000000.0,113.15,0.246162,63484.1,0.267,2026-12-01
NK225E    ,OOP,202612,80000.0,            ,131480018,0000000.0000,0000000.0,16655.36,0.274313,141480018,0000095.0000,0000000.0,97.93,0.251533,63484.1,0.267,2026-12-01
NK225E    ,OOP,202612,81000.0,            ,131481018,0000000.0000,0000000.0,17628.18,0.276511,141481018,0000000.0000,0000000.0,74.62,0.251131,63484.1,0.267,2026-12-01
NK225E    ,OOP,202612,82000.0,            ,131482018,0000000.0000,0000000.0,18616.68,0.285133,141482018,0000000.0000,0000000.0,67.0,0.25689,63484.1,0.267,2026-12-01
NK225E    ,OOP,202612,82500.0,            ,181482518,0000000.0000,0000000.0,19108.15,0.287223,191482518,0000000.0000,0000000.0,60.41,0.258205,63484.1,0.267,2026-12-01
NK225E    ,OOP,202612,83000.0,            ,181483018,0000000.0000,0000000.0,19596.42,0.289034,191483018,0000000.0000,0000000.0,50.62,0.256286,63484.1,0.267,2026-12-01
NK225E    ,OOP,202612,84000.0,            ,181484018,0000000.0000,0000000.0,20582.91,0.294191,191484018,0000000.0000,0000000.0,40.97,0.258624,63484.1,0.267,2026-12-01
NK225E    ,OOP,202612,85000.0,            ,181485018,0000000.0000,0000000.0,21571.37,0.301147,191485018,0000000.0000,0000000.0,33.31,0.260294,63484.1,0.267,2026-12-01
NK225E    ,OOP,202612,87500.0,            ,181487518,0000000.0000,0000000.0,24048.6,0.319507,191487518,0000000.0000,0000000.0,20.23,0.265569,63484.1,0.267,2026-12-01
NK225E    ,OOP,202612,90000.0,            ,181480018,0000000.0000,0000000.0,26530.89,0.335755,191480018,0000013.0000,0000000.0,12.2,0.270148,63484.1,0.267,2026-12-01
NK225E    ,OOP,202612,95000.0,            ,131605018,0000000.0000,0000000.0,31504.37,0.37411,141605018,0000000.0000,0000000.0,5.05,0.281948,63484.1,0.267,2026-12-01
NK225E    ,OOP,202612,100000.0,            ,131600018,0000000.0000,0000000.0,36482.49,0.412897,141600018,0000004.0000,0000000.0,3.07,0.300439,63484.1,0.267,2026-12-01
NK225E    ,OOP,202701,36000.0,            ,132016018,0000000.0000,0000000.0,96.11,0.491785,142016018,0000000.0000,0000000.0,27375.43,0.522493,63484.1,0.267,2027-01-01
NK225E    ,OOP,202701,37000.0,            ,132017018,0000000.0000,0000000.0,108.87,0.479804,142017018,0000000.0000,0000000.0,26393.86,0.508354,63484.1,0.267,2027-01-01
NK225E    ,OOP,202701,38000.0,            ,132018018,0000000.0000,0000000.0,123.17,0.467804,142018018,0000000.0000,0000000.0,25413.83,0.493746,63484.1,0.267,2027-01-01
NK225E    ,OOP,202701,39000.0,            ,132019018,0000000.0000,0000000.0,139.23,0.456077,142019018,0000000.0000,0000000.0,24435.57,0.478764,63484.1,0.267,2027-01-01
NK225E    ,OOP,202701,40000.0,            ,132010018,0000000.0000,0000000.0,157.35,0.44454,142010018,0000000.0000,0000000.0,23459.36,0.465627,63484.1,0.267,2027-01-01
NK225E    ,OOP,202701,41000.0,            ,132011018,0000000.0000,0000000.0,177.85,0.433066,142011018,0000000.0000,0000000.0,22485.53,0.451901,63484.1,0.267,2027-01-01
NK225E    ,OOP,202701,42000.0,            ,132012018,0000000.0000,0000000.0,201.13,0.421961,142012018,0000000.0000,0000000.0,21514.48,0.439472,63484.1,0.267,2027-01-01
NK225E    ,OOP,202701,43000.0,            ,132013018,0000000.0000,0000000.0,227.66,0.411395,142013018,0000000.0000,0000000.0,20546.67,0.426344,63484.1,0.267,2027-01-01
NK225E    ,OOP,202701,44000.0,            ,132014018,0000000.0000,0000000.0,257.99,0.400794,142014018,0000000.0000,0000000.0,19582.68,0.415584,63484.1,0.267,2027-01-01
NK225E    ,OOP,202701,45000.0,            ,132015018,0000000.0000,0000000.0,292.8,0.390353,142015018,0000000.0000,0000000.0,18623.16,0.40383,63484.1,0.267,2027-01-01
NK225E    ,OOP,202701,46000.0,            ,182016018,0000000.0000,0000000.0,341.28,0.382757,192016018,0000000.0000,0000000.0,17677.31,0.393669,63484.1,0.267,2027-01-01
NK225E    ,OOP,202701,47000.0,            ,182017018,0000000.0000,0000000.0,384.41,0.372501,192017018,0000000.0000,0000000.0,16726.11,0.382385,63484.1,0.267,2027-01-01
NK225E    ,OOP,202701,47250.0,            ,132017218,0000000.0000,0000000.0,395.31,0.369639,142017218,0000000.0000,0000000.0,16488.43,0.379946,63484.1,0.267,2027-01-01
NK225E    ,OOP,202701,47500.0,            ,132017518,0000000.0000,0000000.0,408.71,0.367404,142017518,0000000.0000,0000000.0,16253.24,0.377425,63484.1,0.267,2027-01-01
NK225E    ,OOP,202701,47750.0,            ,132017718,0000000.0000,0000000.0,419.11,0.364367,142017718,0000000.0000,0000000.0,16015.06,0.373804,63484.1,0.267,2027-01-01
NK225E    ,OOP,202701,48000.0,            ,182018018,0000000.0000,0000000.0,433.99,0.362217,192018018,0000000.0000,0000000.0,15781.36,0.371154,63484.1,0.267,2027-01-01
NK225E    ,OOP,202701,48250.0,            ,132018218,0000000.0000,0000000.0,446.38,0.359177,142018218,0000000.0000,0000000.0,15545.17,0.368432,63484.1,0.267,2027-01-01
NK225E    ,OOP,202701,48500.0,            ,132018518,0000000.0000,0000000.0,458.77,0.356637,142018518,0000000.0000,0000000.0,15308.98,0.365639,63484.1,0.267,2027-01-01
NK225E    ,OOP,202701,48750.0,            ,132018718,0000000.0000,0000000.0,473.65,0.354233,142018718,0000000.0000,0000000.0,15075.27,0.362779,63484.1,0.267,2027-01-01
NK225E    ,OOP,202701,49000.0,            ,182019018,0000000.0000,0000000.0,488.52,0.351071,192019018,0000000.0000,0000000.0,14841.56,0.359854,63484.1,0.267,2027-01-01
NK225E    ,OOP,202701,49250.0,            ,132019218,0000000.0000,0000000.0,505.88,0.349469,142019218,0000000.0000,0000000.0,14610.34,0.357761,63484.1,0.267,2027-01-01
NK225E    ,OOP,202701,49500.0,            ,132019518,0000000.0000,0000000.0,523.24,0.346834,142019518,0000000.0000,0000000.0,14379.12,0.355566,63484.1,0.267,2027-01-01
NK225E    ,OOP,202701,49750.0,            ,132019718,0000000.0000,0000000.0,538.1,0.344124,142019718,0000000.0000,0000000.0,14145.4,0.352422,63484.1,0.267,2027-01-01
NK225E    ,OOP,202701,50000.0,            ,182010018,0000000.0000,0000000.0,557.95,0.342204,192010018,0000000.0000,0000000.0,13916.66,0.350058,63484.1,0.267,2027-01-01
NK225E    ,OOP,202701,50250.0,            ,132010218,0000000.0000,0000000.0,575.3,0.340172,142010218,0000000.0000,0000000.0,13685.43,0.347603,63484.1,0.267,2027-01-01
NK225E    ,OOP,202701,50500.0,            ,132010518,0000000.0000,0000000.0,595.14,0.338033,142010518,0000000.0000,0000000.0,13456.69,0.345061,63484.1,0.267,2027-01-01
NK225E    ,OOP,202701,50750.0,            ,132010718,0000000.0000,0000000.0,628.34,0.337389,142010718,0000000.0000,0000000.0,13241.3,0.344764,63484.1,0.267,2027-01-01
NK225E    ,OOP,202701,51000.0,            ,182011018,0000000.0000,0000000.0,650.48,0.335789,192011018,0000000.0000,0000000.0,13014.86,0.342764,63484.1,0.267,2027-01-01
NK225E    ,OOP,202701,51250.0,            ,132011218,0000000.0000,0000000.0,673.48,0.333303,142011218,0000000.0000,0000000.0,12789.28,0.339917,63484.1,0.267,2027-01-01
NK225E    ,OOP,202701,51500.0,            ,132011518,0000000.0000,0000000.0,697.36,0.331468,142011518,0000000.0000,0000000.0,12564.58,0.337719,63484.1,0.267,2027-01-01
NK225E    ,OOP,202701,51750.0,            ,132011718,0000000.0000,0000000.0,722.16,0.329514,142011718,0000000.0000,0000000.0,12340.8,0.336124,63484.1,0.267,2027-01-01
NK225E    ,OOP,202701,52000.0,            ,182012018,0000000.0000,0000000.0,747.92,0.327446,192012018,0000000.0000,0000000.0,12117.97,0.333711,63484.1,0.267,2027-01-01
NK225E    ,OOP,202701,52250.0,            ,132012218,0000000.0000,0000000.0,774.66,0.325268,142012218,0000000.0000,0000000.0,11896.13,0.331878,63484.1,0.267,2027-01-01
NK225E    ,OOP,202701,52500.0,            ,132012518,0000000.0000,0000000.0,802.44,0.323657,142012518,0000000.0000,0000000.0,11675.33,0.329265,63484.1,0.267,2027-01-01
NK225E    ,OOP,202701,52750.0,            ,132012718,0000000.0000,0000000.0,831.28,0.321914,142012718,0000000.0000,0000000.0,11455.58,0.327211,63484.1,0.267,2027-01-01
NK225E    ,OOP,202701,53000.0,            ,182013018,0000000.0000,0000000.0,861.22,0.320044,192013018,0000000.0000,0000000.0,11236.95,0.325675,63484.1,0.267,2027-01-01
NK225E    ,OOP,202701,53250.0,            ,132013218,0000000.0000,0000000.0,892.32,0.318053,142013218,0000000.0000,0000000.0,11019.46,0.323387,63484.1,0.267,2027-01-01
NK225E    ,OOP,202701,53500.0,            ,132013518,0000000.0000,0000000.0,924.6,0.315945,142013518,0000000.0000,0000000.0,10803.16,0.3216,63484.1,0.267,2027-01-01
NK225E    ,OOP,202701,53750.0,            ,132013718,0000000.0000,0000000.0,958.1,0.314323,142013718,0000000.0000,0000000.0,10588.08,0.319686,63484.1,0.267,2027-01-01
NK225E    ,OOP,202701,54000.0,            ,182014018,0000000.0000,0000000.0,992.88,0.312567,192014018,0000000.0000,0000000.0,10374.28,0.317651,63484.1,0.267,2027-01-01
NK225E    ,OOP,202701,54250.0,            ,132014218,0000000.0000,0000000.0,1028.98,0.310681,142014218,0000000.0000,0000000.0,10161.79,0.315499,63484.1,0.267,2027-01-01
NK225E    ,OOP,202701,54500.0,            ,132014518,0000000.0000,0000000.0,1066.44,0.30867,142014518,0000000.0000,0000000.0,9950.67,0.313789,63484.1,0.267,2027-01-01
NK225E    ,OOP,202701,54750.0,            ,132014718,0000000.0000,0000000.0,1105.3,0.307088,142014718,0000000.0000,0000000.0,9740.95,0.311947,63484.1,0.267,2027-01-01
NK225E    ,OOP,202701,55000.0,            ,182015018,0000000.0000,0000000.0,1145.63,0.305367,192015018,0000000.0000,0000000.0,9532.69,0.309977,63484.1,0.267,2027-01-01
NK225E    ,OOP,202701,55250.0,            ,132015218,0000000.0000,0000000.0,1187.44,0.303511,142015218,0000000.0000,0000000.0,9325.93,0.308406,63484.1,0.267,2027-01-01
NK225E    ,OOP,202701,55500.0,            ,132015518,0000000.0000,0000000.0,1230.81,0.302043,142015518,0000000.0000,0000000.0,9120.71,0.306695,63484.1,0.267,2027-01-01
NK225E    ,OOP,202701,55750.0,            ,132015718,0000000.0000,0000000.0,1275.79,0.300428,142015718,0000000.0000,0000000.0,8917.1,0.304848,63484.1,0.267,2027-01-01
NK225E    ,OOP,202701,56000.0,            ,132136018,0000000.0000,0000000.0,1322.41,0.298671,142136018,0000000.0000,0000000.0,8715.14,0.303364,63484.1,0.267,2027-01-01
NK225E    ,OOP,202701,56250.0,            ,132016218,0000000.0000,0000000.0,1370.73,0.297267,142016218,0000000.0000,0000000.0,8514.88,0.301734,63484.1,0.267,2027-01-01
NK225E    ,OOP,202701,56500.0,            ,132016518,0000000.0000,0000000.0,1420.79,0.295711,142016518,0000000.0000,0000000.0,8316.36,0.299962,63484.1,0.267,2027-01-01
NK225E    ,OOP,202701,56750.0,            ,132016718,0000000.0000,0000000.0,1472.67,0.294008,142016718,0000000.0000,0000000.0,8119.65,0.298052,63484.1,0.267,2027-01-01
NK225E    ,OOP,202701,57000.0,            ,132137018,0000000.0000,0000000.0,1526.39,0.292626,142137018,0000000.0000,0000000.0,7924.79,0.296469,63484.1,0.267,2027-01-01
NK225E    ,OOP,202701,57250.0,            ,182017218,0000000.0000,0000000.0,1582.02,0.291089,192017218,0000000.0000,0000000.0,7731.84,0.295193,63484.1,0.267,2027-01-01
NK225E    ,OOP,202701,57500.0,            ,182017518,0000000.0000,0000000.0,1639.6,0.289403,192017518,0000000.0000,0000000.0,7540.84,0.293313,63484.1,0.267,2027-01-01
NK225E    ,OOP,202701,57750.0,            ,182017718,0000000.0000,0000000.0,1699.2,0.28801,192017718,0000000.0000,0000000.0,7351.86,0.292172,63484.1,0.267,2027-01-01
NK225E    ,OOP,202701,58000.0,            ,132138018,0000000.0000,0000000.0,1760.85,0.286461,142138018,0000000.0000,0000000.0,7164.93,0.290436,63484.1,0.267,2027-01-01
NK225E    ,OOP,202701,58250.0,            ,182018218,0000000.0000,0000000.0,1824.62,0.285185,192018218,0000000.0000,0000000.0,6980.11,0.28898,63484.1,0.267,2027-01-01
NK225E    ,OOP,202701,58500.0,            ,182018518,0000000.0000,0000000.0,1890.55,0.283747,192018518,0000000.0000,0000000.0,6797.46,0.287368,63484.1,0.267,2027-01-01
NK225E    ,OOP,202701,58750.0,            ,182018718,0000000.0000,0000000.0,1958.69,0.282566,192018718,0000000.0000,0000000.0,6617.02,0.286018,63484.1,0.267,2027-01-01
NK225E    ,OOP,202701,59000.0,            ,132139018,0000000.0000,0000000.0,2029.1,0.281218,142139018,0000000.0000,0000000.0,6438.85,0.284916,63484.1,0.267,2027-01-01
NK225E    ,OOP,202701,59250.0,            ,182019218,0000000.0000,0000000.0,2045.99,0.277687,192019218,0000000.0000,0000000.0,6238.55,0.281228,63484.1,0.267,2027-01-01
NK225E    ,OOP,202701,59500.0,            ,182019518,0000000.0000,0000000.0,2120.64,0.276441,192019518,0000000.0000,0000000.0,6064.53,0.280223,63484.1,0.267,2027-01-01
NK225E    ,OOP,202701,59750.0,            ,182019718,0000000.0000,0000000.0,2203.48,0.275026,192019718,0000000.0000,0000000.0,5890.49,0.278651,63484.1,0.267,2027-01-01
NK225E    ,OOP,202701,60000.0,            ,132130018,0000000.0000,0000000.0,2283.22,0.273446,142130018,0000000.0000,0000000.0,5716.47,0.27692,63484.1,0.267,2027-01-01
NK225E    ,OOP,202701,60250.0,            ,182010218,0000000.0000,0000000.0,2372.96,0.272317,192010218,0000000.0000,0000000.0,5554.9,0.2758,63484.1,0.267,2027-01-01
NK225E    ,OOP,202701,60500.0,            ,182010518,0000000.0000,0000000.0,2457.69,0.270943,192010518,0000000.0000,0000000.0,5385.85,0.274509,63484.1,0.267,2027-01-01
NK225E    ,OOP,202701,60750.0,            ,182010718,0000000.0000,0000000.0,2547.42,0.270001,192010718,0000000.0000,0000000.0,5226.79,0.273425,63484.1,0.267,2027-01-01
NK225E    ,OOP,202701,61000.0,            ,132131018,0000000.0000,0000000.0,2642.13,0.26888,142131018,0000000.0000,0000000.0,5067.72,0.272167,63484.1,0.267,2027-01-01
NK225E    ,OOP,202701,61250.0,            ,182011218,0000000.0000,0000000.0,2736.85,0.267582,192011218,0000000.0000,0000000.0,4913.64,0.271107,63484.1,0.267,2027-01-01
NK225E    ,OOP,202701,61500.0,            ,182011518,0000000.0000,0000000.0,2831.57,0.266478,192011518,0000000.0000,0000000.0,4757.05,0.269503,63484.1,0.267,2027-01-01
NK225E    ,OOP,202701,61750.0,            ,182011718,0000000.0000,0000000.0,2931.28,0.26556,192011718,0000000.0000,0000000.0,4612.96,0.268826,63484.1,0.267,2027-01-01
NK225E    ,OOP,202701,62000.0,            ,132132018,0000000.0000,0000000.0,3035.99,0.264824,142132018,0000000.0000,0000000.0,4466.35,0.267966,63484.1,0.267,2027-01-01
NK225E    ,OOP,202701,62250.0,            ,182012218,0000000.0000,0000000.0,3140.69,0.263903,192012218,0000000.0000,0000000.0,4322.26,0.266925,63484.1,0.267,2027-01-01
NK225E    ,OOP,202701,62500.0,            ,132132518,0000000.0000,0000000.0,3250.4,0.262799,142132518,0000000.0000,0000000.0,4180.65,0.266063,63484.1,0.267,2027-01-01
NK225E    ,OOP,202701,62750.0,            ,182012718,0000000.0000,0000000.0,3365.1,0.261871,192012718,0000000.0000,0000000.0,4063.14,0.26502,63484.1,0.267,2027-01-01
NK225E    ,OOP,202701,63000.0,            ,132133018,0000000.0000,0000000.0,3479.81,0.260759,142133018,0000000.0000,0000000.0,3917.84,0.264151,63484.1,0.267,2027-01-01
NK225E    ,OOP,202701,63250.0,            ,182013218,0000000.0000,0000000.0,3594.5,0.259818,192013218,0000000.0000,0000000.0,3797.54,0.262744,63484.1,0.267,2027-01-01
NK225E    ,OOP,202701,63500.0,            ,182013518,0000000.0000,0000000.0,3719.19,0.259401,192013518,0000000.0000,0000000.0,3662.24,0.26222,63484.1,0.267,2027-01-01
NK225E    ,OOP,202701,63750.0,            ,182013718,0000000.0000,0000000.0,3838.89,0.258796,192013718,0000000.0000,0000000.0,3541.94,0.26222,63484.1,0.267,2027-01-01
NK225E    ,OOP,202701,64000.0,            ,132134018,0000000.0000,0000000.0,3968.59,0.258005,142134018,0000000.0000,0000000.0,3421.64,0.261325,63484.1,0.267,2027-01-01
NK225E    ,OOP,202701,64250.0,            ,182014218,0000000.0000,0000000.0,4078.28,0.25738,192014218,0000000.0000,0000000.0,3301.34,0.2606,63484.1,0.267,2027-01-01
NK225E    ,OOP,202701,64500.0,            ,182014518,0000000.0000,0000000.0,4222.98,0.256567,192014518,0000000.0000,0000000.0,3186.03,0.260044,63484.1,0.267,2027-01-01
NK225E    ,OOP,202701,64750.0,            ,182014718,0000000.0000,0000000.0,4357.68,0.255922,192014718,0000000.0000,0000000.0,3055.71,0.258948,63484.1,0.267,2027-01-01
NK225E    ,OOP,202701,65000.0,            ,132135018,0000000.0000,0000000.0,4497.37,0.255088,142135018,0000000.0000,0000000.0,2945.42,0.258377,63484.1,0.267,2027-01-01
NK225E    ,OOP,202701,65250.0,            ,182015218,0000000.0000,0000000.0,4632.06,0.254779,192015218,0000000.0000,0000000.0,2855.13,0.257629,63484.1,0.267,2027-01-01
NK225E    ,OOP,202701,65500.0,            ,182015518,0000000.0000,0000000.0,4781.77,0.253926,192015518,0000000.0000,0000000.0,2734.81,0.256676,63484.1,0.267,2027-01-01
NK225E    ,OOP,202701,65750.0,            ,182015718,0000000.0000,0000000.0,4923.18,0.252883,192015718,0000000.0000,0000000.0,2649.53,0.256263,63484.1,0.267,2027-01-01
NK225E    ,OOP,202701,66000.0,            ,182136018,0000000.0000,0000000.0,5073.74,0.252371,192136018,0000000.0000,0000000.0,2534.22,0.255666,63484.1,0.267,2027-01-01
NK225E    ,OOP,202701,66250.0,            ,182016218,0000000.0000,0000000.0,5226.81,0.252036,192016218,0000000.0000,0000000.0,2438.92,0.255247,63484.1,0.267,2027-01-01
NK225E    ,OOP,202701,66500.0,            ,182016518,0000000.0000,0000000.0,5384.87,0.251515,192016518,0000000.0000,0000000.0,2343.62,0.255011,63484.1,0.267,2027-01-01
NK225E    ,OOP,202701,66750.0,            ,182016718,0000000.0000,0000000.0,5540.42,0.250808,192016718,0000000.0000,0000000.0,2253.33,0.254226,63484.1,0.267,2027-01-01
NK225E    ,OOP,202701,67000.0,            ,182137018,0000000.0000,0000000.0,5700.99,0.250283,192137018,0000000.0000,0000000.0,2168.04,0.253623,63484.1,0.267,2027-01-01
NK225E    ,OOP,202701,67250.0,            ,132137218,0000000.0000,0000000.0,5859.06,0.24957,142137218,0000000.0000,0000000.0,2082.76,0.252667,63484.1,0.267,2027-01-01
NK225E    ,OOP,202701,67500.0,            ,182137518,0000000.0000,0000000.0,6027.13,0.249046,192137518,0000000.0000,0000000.0,1997.47,0.252614,63484.1,0.267,2027-01-01
NK225E    ,OOP,202701,67750.0,            ,132137718,0000000.0000,0000000.0,6200.21,0.249102,142137718,0000000.0000,0000000.0,1922.19,0.252598,63484.1,0.267,2027-01-01
NK225E    ,OOP,202701,68000.0,            ,182138018,0000000.0000,0000000.0,6363.3,0.24782,192138018,0000000.0000,0000000.0,1846.93,0.251248,63484.1,0.267,2027-01-01
NK225E    ,OOP,202701,68250.0,            ,132138218,0000000.0000,0000000.0,6531.37,0.247117,142138218,0000000.0000,0000000.0,1766.64,0.250477,63484.1,0.267,2027-01-01
NK225E    ,OOP,202701,68500.0,            ,132138518,0000000.0000,0000000.0,6719.53,0.247417,142138518,0000000.0000,0000000.0,1701.39,0.2511,63484.1,0.267,2027-01-01
NK225E    ,OOP,202701,68750.0,            ,132138718,0000000.0000,0000000.0,6887.16,0.246341,142138718,0000000.0000,0000000.0,1623.05,0.249963,63484.1,0.267,2027-01-01
NK225E    ,OOP,202701,69000.0,            ,182139018,0000000.0000,0000000.0,7067.44,0.245881,192139018,0000000.0000,0000000.0,1533.89,0.24944,63484.1,0.267,2027-01-01
NK225E    ,OOP,202701,69250.0,            ,132139218,0000000.0000,0000000.0,7250.17,0.245236,142139218,0000000.0000,0000000.0,1468.03,0.249145,63484.1,0.267,2027-01-01
NK225E    ,OOP,202701,69500.0,            ,132139518,0000000.0000,0000000.0,7435.29,0.244821,142139518,0000000.0000,0000000.0,1404.58,0.248673,63484.1,0.267,2027-01-01
NK225E    ,OOP,202701,69750.0,            ,132139718,0000000.0000,0000000.0,7622.79,0.244652,142139718,0000000.0000,0000000.0,1343.49,0.248445,63484.1,0.267,2027-01-01
NK225E    ,OOP,202701,70000.0,            ,182130018,0000000.0000,0000000.0,7812.57,0.243871,192130018,0000000.0000,0000000.0,1284.69,0.248043,63484.1,0.267,2027-01-01
NK225E    ,OOP,202701,70250.0,            ,132130218,0000000.0000,0000000.0,8004.59,0.243783,142130218,0000000.0000,0000000.0,1228.13,0.247461,63484.1,0.267,2027-01-01
NK225E    ,OOP,202701,70500.0,            ,132130518,0000000.0000,0000000.0,8198.8,0.243071,142130518,0000000.0000,0000000.0,1173.76,0.247142,63484.1,0.267,2027-01-01
NK225E    ,OOP,202701,70750.0,            ,132130718,0000000.0000,0000000.0,8395.16,0.243089,142130718,0000000.0000,0000000.0,1121.53,0.247105,63484.1,0.267,2027-01-01
NK225E    ,OOP,202701,71000.0,            ,182131018,0000000.0000,0000000.0,8593.57,0.24247,192131018,0000000.0000,0000000.0,1071.37,0.246903,63484.1,0.267,2027-01-01
NK225E    ,OOP,202701,71250.0,            ,132131218,0000000.0000,0000000.0,8794.02,0.242142,142131218,0000000.0000,0000000.0,1023.23,0.246531,63484.1,0.267,2027-01-01
NK225E    ,OOP,202701,71500.0,            ,132131518,0000000.0000,0000000.0,8996.42,0.242127,142131518,0000000.0000,0000000.0,977.05,0.246468,63484.1,0.267,2027-01-01
NK225E    ,OOP,202701,71750.0,            ,132131718,0000000.0000,0000000.0,9200.73,0.241948,142131718,0000000.0000,0000000.0,932.78,0.246242,63484.1,0.267,2027-01-01
NK225E    ,OOP,202701,72000.0,            ,182132018,0000000.0000,0000000.0,9406.89,0.241599,192132018,0000000.0000,0000000.0,890.36,0.245846,63484.1,0.267,2027-01-01
NK225E    ,OOP,202701,72250.0,            ,132132218,0000000.0000,0000000.0,9614.83,0.24107,142132218,0000000.0000,0000000.0,849.71,0.245792,63484.1,0.267,2027-01-01
NK225E    ,OOP,202701,72500.0,            ,182012518,0000000.0000,0000000.0,9824.51,0.240896,192012518,0000000.0000,0000000.0,810.81,0.245577,63484.1,0.267,2027-01-01
NK225E    ,OOP,202701,72750.0,            ,132132718,0000000.0000,0000000.0,10035.86,0.240552,142132718,0000000.0000,0000000.0,773.58,0.245738,63484.1,0.267,2027-01-01
NK225E    ,OOP,202701,73000.0,            ,182133018,0000000.0000,0000000.0,10248.82,0.240599,192133018,0000000.0000,0000000.0,737.96,0.245751,63484.1,0.267,2027-01-01
NK225E    ,OOP,202701,73250.0,            ,132133218,0000000.0000,0000000.0,10463.36,0.24049,142133218,0000000.0000,0000000.0,703.91,0.245609,63484.1,0.267,2027-01-01
NK225E    ,OOP,202701,73500.0,            ,132133518,0000000.0000,0000000.0,10679.39,0.240218,142133518,0000000.0000,0000000.0,671.36,0.245305,63484.1,0.267,2027-01-01
NK225E    ,OOP,202701,73750.0,            ,132133718,0000000.0000,0000000.0,10896.88,0.239773,142133718,0000000.0000,0000000.0,640.27,0.245431,63484.1,0.267,2027-01-01
NK225E    ,OOP,202701,74000.0,            ,182134018,0000000.0000,0000000.0,11097.26,0.237233,192134018,0000000.0000,0000000.0,592.06,0.24294,63484.1,0.267,2027-01-01
NK225E    ,OOP,202701,74250.0,            ,132134218,0000000.0000,0000000.0,11315.55,0.237011,142134218,0000000.0000,0000000.0,561.77,0.242699,63484.1,0.267,2027-01-01
NK225E    ,OOP,202701,74500.0,            ,132134518,0000000.0000,0000000.0,11538.88,0.236619,142134518,0000000.0000,0000000.0,536.52,0.242949,63484.1,0.267,2027-01-01
NK225E    ,OOP,202701,74750.0,            ,132134718,0000000.0000,0000000.0,11759.69,0.236749,142134718,0000000.0000,0000000.0,508.74,0.242386,63484.1,0.267,2027-01-01
NK225E    ,OOP,202701,75000.0,            ,182135018,0000000.0000,0000000.0,11983.01,0.236008,192135018,0000000.0000,0000000.0,483.48,0.242335,63484.1,0.267,2027-01-01
NK225E    ,OOP,202701,75250.0,            ,132135218,0000000.0000,0000000.0,12206.34,0.235814,142135218,0000000.0000,0000000.0,458.23,0.242132,63484.1,0.267,2027-01-01
NK225E    ,OOP,202701,75500.0,            ,132135518,0000000.0000,0000000.0,12455.56,0.239273,142135518,0000000.0000,0000000.0,458.87,0.245425,63484.1,0.267,2027-01-01
NK225E    ,OOP,202701,75750.0,            ,132135718,0000000.0000,0000000.0,12661.55,0.235715,142135718,0000000.0000,0000000.0,416.28,0.242753,63484.1,0.267,2027-01-01
NK225E    ,OOP,202701,76000.0,            ,132256018,0000000.0000,0000000.0,12889.92,0.235017,142256018,0000000.0000,0000000.0,396.07,0.242869,63484.1,0.267,2027-01-01
NK225E    ,OOP,202701,76250.0,            ,132136218,0000000.0000,0000000.0,13118.29,0.234975,142136218,0000000.0000,0000000.0,375.85,0.242846,63484.1,0.267,2027-01-01
NK225E    ,OOP,202701,77500.0,            ,132137518,0000000.0000,0000000.0,14299.47,0.238307,142137518,0000000.0000,0000000.0,314.13,0.246894,63484.1,0.267,2027-01-01
NK225E    ,OOP,202701,80000.0,            ,132250018,0000000.0000,0000000.0,16668.96,0.238268,142250018,0000000.0000,0000000.0,197.79,0.249476,63484.1,0.267,2027-01-01
NK225E    ,OOP,202701,82500.0,            ,182132518,0000000.0000,0000000.0,19083.99,0.237603,192132518,0000000.0000,0000000.0,126.99,0.253324,63484.1,0.267,2027-01-01
NK225E    ,OOP,202701,85000.0,            ,132255018,0000000.0000,0000000.0,21526.18,0.233253,142255018,0000000.0000,0000000.0,83.36,0.258124,63484.1,0.267,2027-01-01
NK225E    ,OOP,202701,87500.0,            ,132257518,0000000.0000,0000000.0,23984.4,0.225262,142257518,0000000.0000,0000000.0,55.76,0.263225,63484.1,0.267,2027-01-01
NK225E    ,OOP,202701,90000.0,            ,182250018,0000000.0000,0000000.0,26452.12,0.01,192250018,0000000.0000,0000000.0,37.65,0.268593,63484.1,0.267,2027-01-01
NK225E    ,OOP,202701,95000.0,            ,182255018,0000000.0000,0000000.0,31402.64,0.01,192255018,0000000.0000,0000000.0,16.53,0.275032,63484.1,0.267,2027-01-01
NK225E    ,OOP,202701,100000.0,            ,132370018,0000000.0000,0000000.0,36363.48,0.01,142370018,0000000.0000,0000000.0,5.72,0.27562,63484.1,0.267,2027-01-01
NK225E    ,OOP,202702,43000.0,            ,132023018,0000000.0000,0000000.0,322.4,0.390581,142023018,0000000.0000,0000000.0,20712.93,0.372801,63484.1,0.267,2027-02-01
NK225E    ,OOP,202702,44000.0,            ,132024018,0000000.0000,0000000.0,365.42,0.380008,142024018,0000000.0000,0000000.0,19763.34,0.365732,63484.1,0.267,2027-02-01
NK225E    ,OOP,202702,45000.0,            ,132025018,0000000.0000,0000000.0,413.73,0.372815,142025018,0000000.0000,0000000.0,18819.04,0.359641,63484.1,0.267,2027-02-01
NK225E    ,OOP,202702,46000.0,            ,132026018,0000000.0000,0000000.0,468.17,0.364418,142026018,0000000.0000,0000000.0,17880.87,0.352047,63484.1,0.267,2027-02-01
NK225E    ,OOP,202702,47000.0,            ,132027018,0000000.0000,0000000.0,529.71,0.355815,142027018,0000000.0000,0000000.0,16949.8,0.345084,63484.1,0.267,2027-02-01
NK225E    ,OOP,202702,47250.0,            ,182027218,0000000.0000,0000000.0,546.45,0.354341,192027218,0000000.0000,0000000.0,16718.38,0.343571,63484.1,0.267,2027-02-01
NK225E    ,OOP,202702,47500.0,            ,182027518,0000000.0000,0000000.0,563.65,0.351937,192027518,0000000.0000,0000000.0,16487.43,0.341957,63484.1,0.267,2027-02-01
NK225E    ,OOP,202702,47750.0,            ,182027718,0000000.0000,0000000.0,581.32,0.350284,192027718,0000000.0000,0000000.0,16256.95,0.340246,63484.1,0.267,2027-02-01
NK225E    ,OOP,202702,48000.0,            ,132028018,0000000.0000,0000000.0,599.49,0.347746,142028018,0000000.0000,0000000.0,16026.97,0.338443,63484.1,0.267,2027-02-01
NK225E    ,OOP,202702,48250.0,            ,182028218,0000000.0000,0000000.0,618.51,0.345927,192028218,0000000.0000,0000000.0,15797.83,0.336553,63484.1,0.267,2027-02-01
NK225E    ,OOP,202702,48500.0,            ,182028518,0000000.0000,0000000.0,638.05,0.344022,192028518,0000000.0000,0000000.0,15569.22,0.334579,63484.1,0.267,2027-02-01
NK225E    ,OOP,202702,48750.0,            ,182028718,0000000.0000,0000000.0,658.14,0.342034,192028718,0000000.0000,0000000.0,15341.16,0.333295,63484.1,0.267,2027-02-01
NK225E    ,OOP,202702,49000.0,            ,132029018,0000000.0000,0000000.0,678.79,0.339967,142029018,0000000.0000,0000000.0,15113.66,0.331147,63484.1,0.267,2027-02-01
NK225E    ,OOP,202702,49250.0,            ,182029218,0000000.0000,0000000.0,700.44,0.338529,192029218,0000000.0000,0000000.0,14887.15,0.32966,63484.1,0.267,2027-02-01
NK225E    ,OOP,202702,49500.0,            ,182029518,0000000.0000,0000000.0,722.7,0.336297,192029518,0000000.0000,0000000.0,14661.26,0.328069,63484.1,0.267,2027-02-01
NK225E    ,OOP,202702,49750.0,            ,182029718,0000000.0000,0000000.0,745.58,0.334671,192029718,0000000.0000,0000000.0,14435.98,0.326379,63484.1,0.267,2027-02-01
NK225E    ,OOP,202702,50000.0,            ,132020018,0000000.0000,0000000.0,769.1,0.332948,142020018,0000000.0000,0000000.0,14211.36,0.324595,63484.1,0.267,2027-02-01
NK225E    ,OOP,202702,50250.0,            ,182020218,0000000.0000,0000000.0,793.79,0.331133,192020218,0000000.0000,0000000.0,13987.89,0.32272,63484.1,0.267,2027-02-01
NK225E    ,OOP,202702,50500.0,            ,182020518,0000000.0000,0000000.0,819.17,0.329228,192020518,0000000.0000,0000000.0,13765.12,0.32141,63484.1,0.267,2027-02-01
NK225E    ,OOP,202702,50750.0,            ,182020718,0000000.0000,0000000.0,845.27,0.327238,192020718,0000000.0000,0000000.0,13543.06,0.319351,63484.1,0.267,2027-02-01
NK225E    ,OOP,202702,51000.0,            ,132021018,0000000.0000,0000000.0,872.1,0.325166,142021018,0000000.0000,0000000.0,13321.74,0.317835,63484.1,0.267,2027-02-01
NK225E    ,OOP,202702,51250.0,            ,182021218,0000000.0000,0000000.0,900.27,0.323608,192021218,0000000.0000,0000000.0,13101.76,0.316215,63484.1,0.267,2027-02-01
NK225E    ,OOP,202702,51500.0,            ,182021518,0000000.0000,0000000.0,929.24,0.321949,192021518,0000000.0000,0000000.0,12882.58,0.314496,63484.1,0.267,2027-02-01
NK225E    ,OOP,202702,51750.0,            ,182021718,0000000.0000,0000000.0,959.03,0.320192,192021718,0000000.0000,0000000.0,12664.22,0.313264,63484.1,0.267,2027-02-01
NK225E    ,OOP,202702,52000.0,            ,132022018,0000000.0000,0000000.0,989.66,0.318342,142022018,0000000.0000,0000000.0,12446.7,0.311344,63484.1,0.267,2027-02-01
NK225E    ,OOP,202702,52250.0,            ,182022218,0000000.0000,0000000.0,1021.83,0.316948,192022218,0000000.0000,0000000.0,12230.71,0.309895,63484.1,0.267,2027-02-01
NK225E    ,OOP,202702,52500.0,            ,132022518,0000000.0000,0000000.0,1054.9,0.314909,142022518,0000000.0000,0000000.0,12015.63,0.308337,63484.1,0.267,2027-02-01
NK225E    ,OOP,202702,52750.0,            ,132022718,0000000.0000,0000000.0,1088.91,0.313311,142022718,0000000.0000,0000000.0,11801.48,0.306675,63484.1,0.267,2027-02-01
NK225E    ,OOP,202702,53000.0,            ,182023018,0000000.0000,0000000.0,1123.88,0.311611,192023018,0000000.0000,0000000.0,11588.3,0.305437,63484.1,0.267,2027-02-01
NK225E    ,OOP,202702,53250.0,            ,132023218,0000000.0000,0000000.0,1160.58,0.310318,142023218,0000000.0000,0000000.0,11376.85,0.303568,63484.1,0.267,2027-02-01
NK225E    ,OOP,202702,53500.0,            ,132023518,0000000.0000,0000000.0,1198.33,0.308415,142023518,0000000.0000,0000000.0,11166.45,0.302109,63484.1,0.267,2027-02-01
NK225E    ,OOP,202702,53750.0,            ,132023718,0000000.0000,0000000.0,1237.12,0.306907,142023718,0000000.0000,0000000.0,10957.09,0.301034,63484.1,0.267,2027-02-01
NK225E    ,OOP,202702,54000.0,            ,182024018,0000000.0000,0000000.0,1277.02,0.305291,192024018,0000000.0000,0000000.0,10748.83,0.299349,63484.1,0.267,2027-02-01
NK225E    ,OOP,202702,54250.0,            ,132024218,0000000.0000,0000000.0,1318.86,0.30404,142024218,0000000.0000,0000000.0,10542.52,0.298037,63484.1,0.267,2027-02-01
NK225E    ,OOP,202702,54500.0,            ,132024518,0000000.0000,0000000.0,1361.88,0.302212,142024518,0000000.0000,0000000.0,10337.39,0.296609,63484.1,0.267,2027-02-01
NK225E    ,OOP,202702,54750.0,            ,132024718,0000000.0000,0000000.0,1406.1,0.300738,142024718,0000000.0000,0000000.0,10133.45,0.295068,63484.1,0.267,2027-02-01
NK225E    ,OOP,202702,55000.0,            ,182025018,0000000.0000,0000000.0,1451.54,0.299154,192025018,0000000.0000,0000000.0,9930.74,0.293866,63484.1,0.267,2027-02-01
NK225E    ,OOP,202702,55250.0,            ,132025218,0000000.0000,0000000.0,1499.16,0.2979,142025218,0000000.0000,0000000.0,9730.22,0.292543,63484.1,0.267,2027-02-01
NK225E    ,OOP,202702,55500.0,            ,132025518,0000000.0000,0000000.0,1548.1,0.296527,142025518,0000000.0000,0000000.0,9531.0,0.291102,63484.1,0.267,2027-02-01
NK225E    ,OOP,202702,55750.0,            ,132025718,0000000.0000,0000000.0,1598.38,0.295039,142025718,0000000.0000,0000000.0,9333.13,0.289547,63484.1,0.267,2027-02-01
NK225E    ,OOP,202702,56000.0,            ,182026018,0000000.0000,0000000.0,1650.02,0.293438,192026018,0000000.0000,0000000.0,9136.62,0.288299,63484.1,0.267,2027-02-01
NK225E    ,OOP,202702,56250.0,            ,132026218,0000000.0000,0000000.0,1704.09,0.292138,142026218,0000000.0000,0000000.0,8942.54,0.286929,63484.1,0.267,2027-02-01
NK225E    ,OOP,202702,56500.0,            ,132026518,0000000.0000,0000000.0,1759.62,0.290718,142026518,0000000.0000,0000000.0,8749.91,0.285846,63484.1,0.267,2027-02-01
NK225E    ,OOP,202702,56750.0,            ,132026718,0000000.0000,0000000.0,1816.64,0.289579,142026718,0000000.0000,0000000.0,8558.78,0.284636,63484.1,0.267,2027-02-01
NK225E    ,OOP,202702,57000.0,            ,182027018,0000000.0000,0000000.0,1875.19,0.288315,192027018,0000000.0000,0000000.0,8369.17,0.283301,63484.1,0.267,2027-02-01
NK225E    ,OOP,202702,57250.0,            ,132027218,0000000.0000,0000000.0,1936.37,0.28693,142027218,0000000.0000,0000000.0,8182.2,0.282232,63484.1,0.267,2027-02-01
NK225E    ,OOP,202702,57500.0,            ,132027518,0000000.0000,0000000.0,1999.18,0.285805,142027518,0000000.0000,0000000.0,7996.86,0.281033,63484.1,0.267,2027-02-01
NK225E    ,OOP,202702,57750.0,            ,132027718,0000000.0000,0000000.0,2063.63,0.284554,142027718,0000000.0000,0000000.0,7813.16,0.279709,63484.1,0.267,2027-02-01
NK225E    ,OOP,202702,58000.0,            ,182028018,0000000.0000,0000000.0,2129.75,0.283179,192028018,0000000.0000,0000000.0,7631.12,0.278632,63484.1,0.267,2027-02-01
NK225E    ,OOP,202702,58250.0,            ,132028218,0000000.0000,0000000.0,2198.74,0.282048,142028218,0000000.0000,0000000.0,7451.96,0.277425,63484.1,0.267,2027-02-01
NK225E    ,OOP,202702,58500.0,            ,132028518,0000000.0000,0000000.0,2269.49,0.28079,142028518,0000000.0000,0000000.0,7274.56,0.276453,63484.1,0.267,2027-02-01
NK225E    ,OOP,202702,58750.0,            ,132028718,0000000.0000,0000000.0,2342.03,0.279763,142028718,0000000.0000,0000000.0,7098.95,0.275346,63484.1,0.267,2027-02-01
NK225E    ,OOP,202702,59000.0,            ,182029018,0000000.0000,0000000.0,2416.4,0.278604,192029018,0000000.0000,0000000.0,6925.16,0.274109,63484.1,0.267,2027-02-01
NK225E    ,OOP,202702,59250.0,            ,132029218,0000000.0000,0000000.0,2435.6,0.275576,142029218,0000000.0000,0000000.0,6729.6,0.271346,63484.1,0.267,2027-02-01
NK225E    ,OOP,202702,59500.0,            ,132029518,0000000.0000,0000000.0,2515.29,0.274526,142029518,0000000.0000,0000000.0,6561.1,0.270214,63484.1,0.267,2027-02-01
NK225E    ,OOP,202702,59750.0,            ,132029718,0000000.0000,0000000.0,2599.97,0.273343,142029718,0000000.0000,0000000.0,6392.59,0.269292,63484.1,0.267,2027-02-01
NK225E    ,OOP,202702,60000.0,            ,182020018,0000000.0000,0000000.0,2684.64,0.272369,192020018,0000000.0000,0000000.0,6229.07,0.268232,63484.1,0.267,2027-02-01
NK225E    ,OOP,202702,60250.0,            ,132020218,0000000.0000,0000000.0,2787.77,0.271594,142020218,0000000.0000,0000000.0,6068.07,0.267372,63484.1,0.267,2027-02-01
NK225E    ,OOP,202702,60500.0,            ,132020518,0000000.0000,0000000.0,2877.52,0.27068,142020518,0000000.0000,0000000.0,5909.54,0.266373,63484.1,0.267,2027-02-01
NK225E    ,OOP,202702,60750.0,            ,132020718,0000000.0000,0000000.0,2972.28,0.26963,142020718,0000000.0000,0000000.0,5753.51,0.265567,63484.1,0.267,2027-02-01
NK225E    ,OOP,202702,61000.0,            ,182021018,0000000.0000,0000000.0,3067.02,0.268772,192021018,0000000.0000,0000000.0,5597.47,0.26462,63484.1,0.267,2027-02-01
NK225E    ,OOP,202702,61250.0,            ,132021218,0000000.0000,0000000.0,3161.78,0.267452,142021218,0000000.0000,0000000.0,5441.45,0.263534,63484.1,0.267,2027-02-01
NK225E    ,OOP,202702,61500.0,            ,132021518,0000000.0000,0000000.0,3261.52,0.266643,142021518,0000000.0000,0000000.0,5292.9,0.262956,63484.1,0.267,2027-02-01
NK225E    ,OOP,202702,61750.0,            ,132021718,0000000.0000,0000000.0,3366.27,0.266016,142021718,0000000.0000,0000000.0,5144.36,0.261913,63484.1,0.267,2027-02-01
NK225E    ,OOP,202702,62000.0,            ,182022018,0000000.0000,0000000.0,3471.02,0.265246,192022018,0000000.0000,0000000.0,5000.81,0.261049,63484.1,0.267,2027-02-01
NK225E    ,OOP,202702,62250.0,            ,132022218,0000000.0000,0000000.0,3575.75,0.264654,142022218,0000000.0000,0000000.0,4862.26,0.260678,63484.1,0.267,2027-02-01
NK225E    ,OOP,202702,62500.0,            ,182022518,0000000.0000,0000000.0,3690.49,0.263919,192022518,0000000.0000,0000000.0,4723.69,0.259845,63484.1,0.267,2027-02-01
NK225E    ,OOP,202702,62750.0,            ,182022718,0000000.0000,0000000.0,3800.23,0.26273,192022718,0000000.0000,0000000.0,4582.63,0.25887,63484.1,0.267,2027-02-01
NK225E    ,OOP,202702,63000.0,            ,132143018,0000000.0000,0000000.0,3919.96,0.262341,142143018,0000000.0000,0000000.0,4448.5,0.25838,63484.1,0.267,2027-02-01
NK225E    ,OOP,202702,63250.0,            ,182023218,0000000.0000,0000000.0,4019.7,0.261498,192023218,0000000.0000,0000000.0,4318.14,0.257433,63484.1,0.267,2027-02-01
NK225E    ,OOP,202702,63500.0,            ,182023518,0000000.0000,0000000.0,4139.44,0.260514,192023518,0000000.0000,0000000.0,4202.48,0.256654,63484.1,0.267,2027-02-01
NK225E    ,OOP,202702,63750.0,            ,182023718,0000000.0000,0000000.0,4274.16,0.260011,192023718,0000000.0000,0000000.0,4072.2,0.256354,63484.1,0.267,2027-02-01
NK225E    ,OOP,202702,64000.0,            ,132144018,0000000.0000,0000000.0,4393.9,0.259365,142144018,0000000.0000,0000000.0,3951.95,0.255598,63484.1,0.267,2027-02-01
NK225E    ,OOP,202702,64250.0,            ,182024218,0000000.0000,0000000.0,4523.62,0.258888,192024218,0000000.0000,0000000.0,3831.67,0.255009,63484.1,0.267,2027-02-01
NK225E    ,OOP,202702,64500.0,            ,182024518,0000000.0000,0000000.0,4658.36,0.257959,192024518,0000000.0000,0000000.0,3716.4,0.254276,63484.1,0.267,2027-02-01
NK225E    ,OOP,202702,64750.0,            ,182024718,0000000.0000,0000000.0,4788.1,0.257508,192024718,0000000.0000,0000000.0,3601.14,0.253709,63484.1,0.267,2027-02-01
NK225E    ,OOP,202702,65000.0,            ,132145018,0000000.0000,0000000.0,4922.83,0.257226,142145018,0000000.0000,0000000.0,3485.87,0.253308,63484.1,0.267,2027-02-01
NK225E    ,OOP,202702,65250.0,            ,182025218,0000000.0000,0000000.0,5062.57,0.256492,192025218,0000000.0000,0000000.0,3375.61,0.252452,63484.1,0.267,2027-02-01
NK225E    ,OOP,202702,65500.0,            ,182025518,0000000.0000,0000000.0,5202.29,0.255927,192025518,0000000.0000,0000000.0,3265.33,0.252075,63484.1,0.267,2027-02-01
NK225E    ,OOP,202702,65750.0,            ,182025718,0000000.0000,0000000.0,5347.03,0.255533,192025718,0000000.0000,0000000.0,3170.07,0.251554,63484.1,0.267,2027-02-01
NK225E    ,OOP,202702,66000.0,            ,132146018,0000000.0000,0000000.0,5496.77,0.255312,142146018,0000000.0000,0000000.0,3054.81,0.251204,63484.1,0.267,2027-02-01
NK225E    ,OOP,202702,66250.0,            ,182026218,0000000.0000,0000000.0,5631.07,0.254638,192026218,0000000.0000,0000000.0,2954.53,0.250712,63484.1,0.267,2027-02-01
NK225E    ,OOP,202702,66500.0,            ,182026518,0000000.0000,0000000.0,5781.32,0.254137,192026518,0000000.0000,0000000.0,2859.28,0.250077,63484.1,0.267,2027-02-01
NK225E    ,OOP,202702,66750.0,            ,182026718,0000000.0000,0000000.0,5931.57,0.253496,192026718,0000000.0000,0000000.0,2764.01,0.249615,63484.1,0.267,2027-02-01
NK225E    ,OOP,202702,67000.0,            ,132147018,0000000.0000,0000000.0,6086.81,0.253032,142147018,0000000.0000,0000000.0,2673.76,0.249011,63484.1,0.267,2027-02-01
NK225E    ,OOP,202702,67250.0,            ,132147218,0000000.0000,0000000.0,6244.57,0.252749,142147218,0000000.0000,0000000.0,2583.49,0.248906,63484.1,0.267,2027-02-01
NK225E    ,OOP,202702,67500.0,            ,132147518,0000000.0000,0000000.0,6402.34,0.252329,142147518,0000000.0000,0000000.0,2493.24,0.24834,63484.1,0.267,2027-02-01
NK225E    ,OOP,202702,67750.0,            ,132147718,0000000.0000,0000000.0,6565.09,0.25177,142147718,0000000.0000,0000000.0,2413.0,0.247958,63484.1,0.267,2027-02-01
NK225E    ,OOP,202702,68000.0,            ,132148018,0000000.0000,0000000.0,6737.87,0.252055,142148018,0000000.0000,0000000.0,2327.74,0.248093,63484.1,0.267,2027-02-01
NK225E    ,OOP,202702,68250.0,            ,132148218,0000000.0000,0000000.0,6895.63,0.251221,142148218,0000000.0000,0000000.0,2247.5,0.2471,63484.1,0.267,2027-02-01
NK225E    ,OOP,202702,68500.0,            ,132148518,0000000.0000,0000000.0,7073.42,0.251242,142148518,0000000.0000,0000000.0,2172.25,0.247297,63484.1,0.267,2027-02-01
NK225E    ,OOP,202702,68750.0,            ,132148718,0000000.0000,0000000.0,7236.18,0.25046,142148718,0000000.0000,0000000.0,2097.01,0.246351,63484.1,0.267,2027-02-01
NK225E    ,OOP,202702,69000.0,            ,132149018,0000000.0000,0000000.0,7408.95,0.250214,142149018,0000000.0000,0000000.0,2021.77,0.245937,63484.1,0.267,2027-02-01
NK225E    ,OOP,202702,69250.0,            ,132149218,0000000.0000,0000000.0,7591.75,0.250178,142149218,0000000.0000,0000000.0,1956.55,0.246074,63484.1,0.267,2027-02-01
NK225E    ,OOP,202702,69500.0,            ,132149518,0000000.0000,0000000.0,7773.48,0.250361,142149518,0000000.0000,0000000.0,1859.83,0.246085,63484.1,0.267,2027-02-01
NK225E    ,OOP,202702,69750.0,            ,132149718,0000000.0000,0000000.0,7957.05,0.25042,142149718,0000000.0000,0000000.0,1795.26,0.245966,63484.1,0.267,2027-02-01
NK225E    ,OOP,202702,70000.0,            ,132140018,0000000.0000,0000000.0,8142.45,0.250355,142140018,0000000.0000,0000000.0,1732.5,0.245716,63484.1,0.267,2027-02-01
NK225E    ,OOP,202702,70250.0,            ,132140218,0000000.0000,0000000.0,8327.61,0.250162,142140218,0000000.0000,0000000.0,1669.51,0.245693,63484.1,0.267,2027-02-01
NK225E    ,OOP,202702,70500.0,            ,132140518,0000000.0000,0000000.0,8514.59,0.24984,142140518,0000000.0000,0000000.0,1608.33,0.245544,63484.1,0.267,2027-02-01
NK225E    ,OOP,202702,70750.0,            ,132140718,0000000.0000,0000000.0,8703.33,0.249755,142140718,0000000.0000,0000000.0,1548.92,0.245263,63484.1,0.267,2027-02-01
NK225E    ,OOP,202702,71000.0,            ,132141018,0000000.0000,0000000.0,8893.82,0.249544,142141018,0000000.0000,0000000.0,1491.26,0.24485,63484.1,0.267,2027-02-01
NK225E    ,OOP,202702,71250.0,            ,132141218,0000000.0000,0000000.0,9086.86,0.249584,142141218,0000000.0000,0000000.0,1436.16,0.245065,63484.1,0.267,2027-02-01
NK225E    ,OOP,202702,71500.0,            ,132141518,0000000.0000,0000000.0,9281.56,0.249504,142141518,0000000.0000,0000000.0,1382.7,0.244774,63484.1,0.267,2027-02-01
NK225E    ,OOP,202702,71750.0,            ,132141718,0000000.0000,0000000.0,9477.88,0.2493,142141718,0000000.0000,0000000.0,1330.87,0.244745,63484.1,0.267,2027-02-01
NK225E    ,OOP,202702,72000.0,            ,132142018,0000000.0000,0000000.0,9675.8,0.249366,142142018,0000000.0000,0000000.0,1280.63,0.244593,63484.1,0.267,2027-02-01
NK225E    ,OOP,202702,72250.0,            ,132142218,0000000.0000,0000000.0,9876.01,0.249315,142142218,0000000.0000,0000000.0,1232.69,0.244314,63484.1,0.267,2027-02-01
NK225E    ,OOP,202702,72500.0,            ,132142518,0000000.0000,0000000.0,10077.73,0.249553,142142518,0000000.0000,0000000.0,1186.26,0.244319,63484.1,0.267,2027-02-01
NK225E    ,OOP,202702,72750.0,            ,132142718,0000000.0000,0000000.0,10280.92,0.249264,142142718,0000000.0000,0000000.0,1141.29,0.244204,63484.1,0.267,2027-02-01
NK225E    ,OOP,202702,73000.0,            ,182143018,0000000.0000,0000000.0,10485.53,0.249272,192143018,0000000.0000,0000000.0,1097.76,0.243965,63484.1,0.267,2027-02-01
NK225E    ,OOP,202702,73250.0,            ,132143218,0000000.0000,0000000.0,10692.2,0.249593,142143218,0000000.0000,0000000.0,1056.27,0.244036,63484.1,0.267,2027-02-01
NK225E    ,OOP,202702,73500.0,            ,132143518,0000000.0000,0000000.0,10900.23,0.249373,142143518,0000000.0000,0000000.0,1016.15,0.243992,63484.1,0.267,2027-02-01
NK225E    ,OOP,202702,73750.0,            ,132143718,0000000.0000,0000000.0,11109.56,0.249475,142143718,0000000.0000,0000000.0,977.32,0.244282,63484.1,0.267,2027-02-01
NK225E    ,OOP,202702,74000.0,            ,182144018,0000000.0000,0000000.0,11320.17,0.24992,192144018,0000000.0000,0000000.0,939.78,0.244003,63484.1,0.267,2027-02-01
NK225E    ,OOP,202702,74250.0,            ,132144218,0000000.0000,0000000.0,11532.58,0.249807,142144218,0000000.0000,0000000.0,904.04,0.24407,63484.1,0.267,2027-02-01
NK225E    ,OOP,202702,74500.0,            ,132144518,0000000.0000,0000000.0,11746.2,0.250047,142144518,0000000.0000,0000000.0,869.51,0.244024,63484.1,0.267,2027-02-01
NK225E    ,OOP,202702,74750.0,            ,132144718,0000000.0000,0000000.0,11960.98,0.250185,142144718,0000000.0000,0000000.0,836.14,0.244353,63484.1,0.267,2027-02-01
NK225E    ,OOP,202702,75000.0,            ,182145018,0000000.0000,0000000.0,12176.89,0.250217,192145018,0000000.0000,0000000.0,803.89,0.24408,63484.1,0.267,2027-02-01
NK225E    ,OOP,202702,75250.0,            ,132145218,0000000.0000,0000000.0,12394.38,0.250638,142145218,0000000.0000,0000000.0,773.23,0.244195,63484.1,0.267,2027-02-01
NK225E    ,OOP,202702,75500.0,            ,132145518,0000000.0000,0000000.0,12612.92,0.250966,142145518,0000000.0000,0000000.0,743.62,0.244203,63484.1,0.267,2027-02-01
NK225E    ,OOP,202702,75750.0,            ,132145718,0000000.0000,0000000.0,12832.48,0.251199,142145718,0000000.0000,0000000.0,715.03,0.244633,63484.1,0.267,2027-02-01
NK225E    ,OOP,202702,76000.0,            ,182146018,0000000.0000,0000000.0,13053.04,0.251333,192146018,0000000.0000,0000000.0,687.43,0.244426,63484.1,0.267,2027-02-01
NK225E    ,OOP,202702,76250.0,            ,132146218,0000000.0000,0000000.0,13275.5,0.251367,142146218,0000000.0000,0000000.0,661.74,0.244657,63484.1,0.267,2027-02-01
NK225E    ,OOP,202702,77500.0,            ,182147518,0000000.0000,0000000.0,14400.68,0.253475,192147518,0000000.0000,0000000.0,546.15,0.245504,63484.1,0.267,2027-02-01
NK225E    ,OOP,202702,80000.0,            ,182140018,0000000.0000,0000000.0,16705.44,0.257079,192140018,0000000.0000,0000000.0,369.4,0.247297,63484.1,0.267,2027-02-01
NK225E    ,OOP,202702,82500.0,            ,182142518,0000000.0000,0000000.0,19071.89,0.262214,192142518,0000000.0000,0000000.0,254.32,0.250358,63484.1,0.267,2027-02-01
NK225E    ,OOP,202702,85000.0,            ,132265018,0000000.0000,0000000.0,21474.24,0.268825,142265018,0000000.0000,0000000.0,175.14,0.25351,63484.1,0.267,2027-02-01
NK225E    ,OOP,202702,87500.0,            ,132267518,0000000.0000,0000000.0,23903.11,0.276491,142267518,0000000.0000,0000000.0,122.49,0.257178,63484.1,0.267,2027-02-01
NK225E    ,OOP,202702,90000.0,            ,132260018,0000000.0000,0000000.0,26348.32,0.284616,142260018,0000000.0000,0000000.0,86.17,0.260781,63484.1,0.267,2027-02-01
NK225E    ,OOP,202702,95000.0,            ,182265018,0000000.0000,0000000.0,31268.2,0.303045,192265018,0000000.0000,0000000.0,43.0,0.268093,63484.1,0.267,2027-02-01
NK225E    ,OOP,202702,100000.0,            ,182260018,0000000.0000,0000000.0,36209.32,0.325537,192260018,0000000.0000,0000000.0,21.07,0.273301,63484.1,0.267,2027-02-01
NK225E    ,OOP,202703,20000.0,            ,132390018,0000000.0000,0000000.0,17.92,0.62898,142390018,0000000.0000,0000000.0,43231.1,0.01,63484.1,0.267,2027-03-01
NK225E    ,OOP,202703,21000.0,            ,132271018,0000000.0000,0000000.0,20.56,0.605328,142271018,0000000.0000,0000000.0,42242.5,0.01,63484.1,0.267,2027-03-01
NK225E    ,OOP,202703,22000.0,            ,132272018,0000000.0000,0000000.0,23.52,0.589559,142272018,0000000.0000,0000000.0,41254.22,0.01,63484.1,0.267,2027-03-01
NK225E    ,OOP,202703,23000.0,            ,132273018,0000000.0000,0000000.0,26.84,0.574427,142273018,0000000.0000,0000000.0,40266.31,0.01,63484.1,0.267,2027-03-01
NK225E    ,OOP,202703,24000.0,            ,132274018,0000000.0000,0000000.0,30.58,0.559892,142274018,0000000.0000,0000000.0,39278.81,0.01,63484.1,0.267,2027-03-01
NK225E    ,OOP,202703,25000.0,            ,182155018,0000000.0000,0000000.0,34.79,0.549922,192155018,0000000.0000,0000000.0,38291.79,0.429641,63484.1,0.267,2027-03-01
NK225E    ,OOP,202703,26000.0,            ,132276018,0000000.0000,0000000.0,39.54,0.532481,142276018,0000000.0000,0000000.0,37305.3,0.455351,63484.1,0.267,2027-03-01
NK225E    ,OOP,202703,27000.0,            ,182157018,0000000.0000,0000000.0,44.91,0.521087,192157018,0000000.0000,0000000.0,36319.43,0.442464,63484.1,0.267,2027-03-01
NK225E    ,OOP,202703,28000.0,            ,132278018,0000000.0000,0000000.0,50.99,0.508349,142278018,0000000.0000,0000000.0,35334.27,0.445374,63484.1,0.267,2027-03-01
NK225E    ,OOP,202703,29000.0,            ,132039018,0000000.0000,0000000.0,57.86,0.496319,142039018,0000000.0000,0000000.0,34349.91,0.452506,63484.1,0.267,2027-03-01
NK225E    ,OOP,202703,30000.0,            ,132030018,0000000.0000,0000000.0,65.65,0.483443,142030018,0000000.0000,0000000.0,33366.46,0.444754,63484.1,0.267,2027-03-01
NK225E    ,OOP,202703,31000.0,            ,132031018,0000000.0000,0000000.0,74.48,0.472236,142031018,0000000.0000,0000000.0,32384.06,0.435618,63484.1,0.267,2027-03-01
NK225E    ,OOP,202703,32000.0,            ,132032018,0000000.0000,0000000.0,84.51,0.461405,142032018,0000000.0000,0000000.0,31402.85,0.431196,63484.1,0.267,2027-03-01
NK225E    ,OOP,202703,33000.0,            ,132033018,0000000.0000,0000000.0,95.9,0.451699,142033018,0000000.0000,0000000.0,30423.0,0.424563,63484.1,0.267,2027-03-01
NK225E    ,OOP,202703,34000.0,            ,132034018,0000000.0000,0000000.0,108.84,0.441517,142034018,0000000.0000,0000000.0,29444.7,0.420349,63484.1,0.267,2027-03-01
NK225E    ,OOP,202703,35000.0,            ,132035018,0000000.0000,0000000.0,123.55,0.431784,142035018,0000000.0000,0000000.0,28468.18,0.4107,63484.1,0.267,2027-03-01
NK225E    ,OOP,202703,36000.0,            ,132036018,0000000.0000,0000000.0,140.29,0.42148,142036018,0000000.0000,0000000.0,27493.68,0.403345,63484.1,0.267,2027-03-01
NK225E    ,OOP,202703,37000.0,            ,132037018,0000000.0000,0000000.0,159.36,0.412996,142037018,0000000.0000,0000000.0,26521.51,0.397383,63484.1,0.267,2027-03-01
NK225E    ,OOP,202703,38000.0,            ,132038018,0000000.0000,0000000.0,181.07,0.403347,142038018,0000000.0000,0000000.0,25551.98,0.389955,63484.1,0.267,2027-03-01
NK225E    ,OOP,202703,39000.0,            ,182039018,0000000.0000,0000000.0,205.81,0.395116,192039018,0000000.0000,0000000.0,24585.49,0.383392,63484.1,0.267,2027-03-01
NK225E    ,OOP,202703,40000.0,            ,182030018,0000000.0000,0000000.0,234.01,0.386936,192030018,0000000.0000,0000000.0,23622.45,0.375569,63484.1,0.267,2027-03-01
NK225E    ,OOP,202703,40250.0,            ,132030218,0000000.0000,0000000.0,241.65,0.384663,142030218,0000000.0000,0000000.0,23382.29,0.373872,63484.1,0.267,2027-03-01
NK225E    ,OOP,202703,40500.0,            ,132030518,0000000.0000,0000000.0,249.56,0.38264,142030518,0000000.0000,0000000.0,23142.38,0.372094,63484.1,0.267,2027-03-01
NK225E    ,OOP,202703,40750.0,            ,132030718,0000000.0000,0000000.0,257.72,0.380554,142030718,0000000.0000,0000000.0,22902.74,0.37024,63484.1,0.267,2027-03-01
NK225E    ,OOP,202703,41000.0,            ,182031018,0000000.0000,0000000.0,266.16,0.378694,192031018,0000000.0000,0000000.0,22663.37,0.368316,63484.1,0.267,2027-03-01
NK225E    ,OOP,202703,41250.0,            ,132031218,0000000.0000,0000000.0,274.89,0.376762,142031218,0000000.0000,0000000.0,22424.29,0.367808,63484.1,0.267,2027-03-01
NK225E    ,OOP,202703,41500.0,            ,132031518,0000000.0000,0000000.0,283.9,0.374764,142031518,0000000.0000,0000000.0,22185.49,0.365714,63484.1,0.267,2027-03-01
NK225E    ,OOP,202703,41750.0,            ,132031718,0000000.0000,0000000.0,293.22,0.372703,142031718,0000000.0000,0000000.0,21947.0,0.363563,63484.1,0.267,2027-03-01
NK225E    ,OOP,202703,42000.0,            ,182032018,0000000.0000,0000000.0,302.85,0.37029,192032018,0000000.0000,0000000.0,21708.82,0.362715,63484.1,0.267,2027-03-01
NK225E    ,OOP,202703,42250.0,            ,132032218,0000000.0000,0000000.0,312.8,0.368357,142032218,0000000.0000,0000000.0,21470.96,0.360424,63484.1,0.267,2027-03-01
NK225E    ,OOP,202703,42500.0,            ,132032518,0000000.0000,0000000.0,323.08,0.366439,142032518,0000000.0000,0000000.0,21233.44,0.359366,63484.1,0.267,2027-03-01
NK225E    ,OOP,202703,42750.0,            ,132032718,0000000.0000,0000000.0,333.71,0.366015,142032718,0000000.0000,0000000.0,20996.26,0.356953,63484.1,0.267,2027-03-01
NK225E    ,OOP,202703,43000.0,            ,182033018,0000000.0000,0000000.0,344.7,0.363864,192033018,0000000.0000,0000000.0,20759.43,0.35571,63484.1,0.267,2027-03-01
NK225E    ,OOP,202703,43250.0,            ,132033218,0000000.0000,0000000.0,356.05,0.360776,142033218,0000000.0000,0000000.0,20522.98,0.353187,63484.1,0.267,2027-03-01
NK225E    ,OOP,202703,43500.0,            ,132033518,0000000.0000,0000000.0,367.79,0.358918,142033518,0000000.0000,0000000.0,20286.9,0.351778,63484.1,0.267,2027-03-01
NK225E    ,OOP,202703,43750.0,            ,132033718,0000000.0000,0000000.0,379.91,0.358154,142033718,0000000.0000,0000000.0,20051.22,0.350275,63484.1,0.267,2027-03-01
NK225E    ,OOP,202703,44000.0,            ,182034018,0000000.0000,0000000.0,392.44,0.355246,192034018,0000000.0000,0000000.0,19815.94,0.348684,63484.1,0.267,2027-03-01
NK225E    ,OOP,202703,44250.0,            ,132034218,0000000.0000,0000000.0,405.4,0.353432,142034218,0000000.0000,0000000.0,19581.09,0.347011,63484.1,0.267,2027-03-01
NK225E    ,OOP,202703,44500.0,            ,132034518,0000000.0000,0000000.0,418.79,0.352854,142034518,0000000.0000,0000000.0,19346.67,0.34526,63484.1,0.267,2027-03-01
NK225E    ,OOP,202703,44750.0,            ,132034718,0000000.0000,0000000.0,432.62,0.349848,142034718,0000000.0000,0000000.0,19112.69,0.343434,63484.1,0.267,2027-03-01
NK225E    ,OOP,202703,45000.0,            ,182035018,0000000.0000,0000000.0,446.92,0.348078,192035018,0000000.0000,0000000.0,18879.18,0.342511,63484.1,0.267,2027-03-01
NK225E    ,OOP,202703,45250.0,            ,132035218,0000000.0000,0000000.0,461.7,0.346322,142035218,0000000.0000,0000000.0,18646.15,0.340524,63484.1,0.267,2027-03-01
NK225E    ,OOP,202703,45500.0,            ,132035518,0000000.0000,0000000.0,476.96,0.34458,142035518,0000000.0000,0000000.0,18413.61,0.339397,63484.1,0.267,2027-03-01
NK225E    ,OOP,202703,45750.0,            ,132035718,0000000.0000,0000000.0,492.75,0.344111,142035718,0000000.0000,0000000.0,18181.58,0.337267,63484.1,0.267,2027-03-01
NK225E    ,OOP,202703,46000.0,            ,182036018,0000000.0000,0000000.0,509.06,0.342147,192036018,0000000.0000,0000000.0,17950.08,0.335956,63484.1,0.267,2027-03-01
NK225E    ,OOP,202703,46250.0,            ,132036218,0000000.0000,0000000.0,525.91,0.339442,142036218,0000000.0000,0000000.0,17719.12,0.334549,63484.1,0.267,2027-03-01
NK225E    ,OOP,202703,46500.0,            ,132036518,0000000.0000,0000000.0,543.32,0.338835,142036518,0000000.0000,0000000.0,17488.73,0.333051,63484.1,0.267,2027-03-01
NK225E    ,OOP,202703,46750.0,            ,132036718,0000000.0000,0000000.0,561.31,0.336088,142036718,0000000.0000,0000000.0,17258.91,0.331467,63484.1,0.267,2027-03-01
NK225E    ,OOP,202703,47000.0,            ,182037018,0000000.0000,0000000.0,579.9,0.335216,192037018,0000000.0000,0000000.0,17029.69,0.3298,63484.1,0.267,2027-03-01
NK225E    ,OOP,202703,47250.0,            ,132037218,0000000.0000,0000000.0,599.11,0.333675,142037218,0000000.0000,0000000.0,16801.09,0.328054,63484.1,0.267,2027-03-01
NK225E    ,OOP,202703,47500.0,            ,132037518,0000000.0000,0000000.0,618.95,0.33205,142037518,0000000.0000,0000000.0,16573.12,0.326985,63484.1,0.267,2027-03-01
NK225E    ,OOP,202703,47750.0,            ,132037718,0000000.0000,0000000.0,639.46,0.330344,142037718,0000000.0000,0000000.0,16345.82,0.325077,63484.1,0.267,2027-03-01
NK225E    ,OOP,202703,48000.0,            ,182038018,0000000.0000,0000000.0,660.64,0.327951,192038018,0000000.0000,0000000.0,16119.19,0.323816,63484.1,0.267,2027-03-01
NK225E    ,OOP,202703,48250.0,            ,132038218,0000000.0000,0000000.0,682.51,0.327389,142038218,0000000.0000,0000000.0,15893.26,0.322458,63484.1,0.267,2027-03-01
NK225E    ,OOP,202703,48500.0,            ,132038518,0000000.0000,0000000.0,705.11,0.324795,142038518,0000000.0000,0000000.0,15668.05,0.321006,63484.1,0.267,2027-03-01
NK225E    ,OOP,202703,48750.0,            ,132038718,0000000.0000,0000000.0,728.46,0.324093,142038718,0000000.0000,0000000.0,15443.58,0.319465,63484.1,0.267,2027-03-01
NK225E    ,OOP,202703,49000.0,            ,132159018,0000000.0000,0000000.0,752.57,0.322645,142159018,0000000.0000,0000000.0,15219.88,0.317839,63484.1,0.267,2027-03-01
NK225E    ,OOP,202703,49250.0,            ,132039218,0000000.0000,0000000.0,777.47,0.321108,142039218,0000000.0000,0000000.0,14996.97,0.316768,63484.1,0.267,2027-03-01
NK225E    ,OOP,202703,49500.0,            ,132039518,0000000.0000,0000000.0,803.18,0.319487,142039518,0000000.0000,0000000.0,14774.88,0.314969,63484.1,0.267,2027-03-01
NK225E    ,OOP,202703,49750.0,            ,132039718,0000000.0000,0000000.0,829.73,0.317783,142039718,0000000.0000,0000000.0,14553.62,0.313703,63484.1,0.267,2027-03-01
NK225E    ,OOP,202703,50000.0,            ,132150018,0000000.0000,0000000.0,857.15,0.316586,142150018,0000000.0000,0000000.0,14333.22,0.31234,63484.1,0.267,2027-03-01
NK225E    ,OOP,202703,50250.0,            ,182030218,0000000.0000,0000000.0,885.45,0.314196,192030218,0000000.0000,0000000.0,14113.71,0.310883,63484.1,0.267,2027-03-01
NK225E    ,OOP,202703,50500.0,            ,182030518,0000000.0000,0000000.0,914.66,0.313336,192030518,0000000.0000,0000000.0,13895.12,0.309337,63484.1,0.267,2027-03-01
NK225E    ,OOP,202703,50750.0,            ,182030718,0000000.0000,0000000.0,944.82,0.311863,192030718,0000000.0000,0000000.0,13677.47,0.30826,63484.1,0.267,2027-03-01
NK225E    ,OOP,202703,51000.0,            ,132151018,0000000.0000,0000000.0,975.94,0.310837,142151018,0000000.0000,0000000.0,13460.79,0.307077,63484.1,0.267,2027-03-01
NK225E    ,OOP,202703,51250.0,            ,182031218,0000000.0000,0000000.0,1008.07,0.309179,192031218,0000000.0000,0000000.0,13245.1,0.305261,63484.1,0.267,2027-03-01
NK225E    ,OOP,202703,51500.0,            ,182031518,0000000.0000,0000000.0,1041.22,0.307954,192031518,0000000.0000,0000000.0,13030.44,0.304411,63484.1,0.267,2027-03-01
NK225E    ,OOP,202703,51750.0,            ,182031718,0000000.0000,0000000.0,1075.42,0.30663,192031718,0000000.0000,0000000.0,12816.83,0.302935,63484.1,0.267,2027-03-01
NK225E    ,OOP,202703,52000.0,            ,132152018,0000000.0000,0000000.0,1110.71,0.30521,142152018,0000000.0000,0000000.0,12604.31,0.30137,63484.1,0.267,2027-03-01
NK225E    ,OOP,202703,52250.0,            ,182032218,0000000.0000,0000000.0,1147.1,0.303698,192032218,0000000.0000,0000000.0,12392.89,0.300208,63484.1,0.267,2027-03-01
NK225E    ,OOP,202703,52500.0,            ,182032518,0000000.0000,0000000.0,1184.64,0.302574,192032518,0000000.0000,0000000.0,12182.62,0.298943,63484.1,0.267,2027-03-01
NK225E    ,OOP,202703,52750.0,            ,182032718,0000000.0000,0000000.0,1223.35,0.300878,192032718,0000000.0000,0000000.0,11973.52,0.297578,63484.1,0.267,2027-03-01
NK225E    ,OOP,202703,53000.0,            ,132153018,0000000.0000,0000000.0,1263.27,0.299559,142153018,0000000.0000,0000000.0,11765.64,0.296581,63484.1,0.267,2027-03-01
NK225E    ,OOP,202703,53250.0,            ,182033218,0000000.0000,0000000.0,1304.42,0.298592,192033218,0000000.0000,0000000.0,11558.98,0.295021,63484.1,0.267,2027-03-01
NK225E    ,OOP,202703,53500.0,            ,182033518,0000000.0000,0000000.0,1346.84,0.297075,192033518,0000000.0000,0000000.0,11353.59,0.293817,63484.1,0.267,2027-03-01
NK225E    ,OOP,202703,53750.0,            ,182033718,0000000.0000,0000000.0,1390.57,0.2959,192033718,0000000.0000,0000000.0,11149.51,0.292947,63484.1,0.267,2027-03-01
NK225E    ,OOP,202703,54000.0,            ,132154018,0000000.0000,0000000.0,1435.62,0.294623,142154018,0000000.0000,0000000.0,10946.75,0.291534,63484.1,0.267,2027-03-01
NK225E    ,OOP,202703,54250.0,            ,182034218,0000000.0000,0000000.0,1482.04,0.293247,192034218,0000000.0000,0000000.0,10745.36,0.290448,63484.1,0.267,2027-03-01
NK225E    ,OOP,202703,54500.0,            ,182034518,0000000.0000,0000000.0,1529.86,0.292186,192034518,0000000.0000,0000000.0,10545.37,0.289255,63484.1,0.267,2027-03-01
NK225E    ,OOP,202703,54750.0,            ,182034718,0000000.0000,0000000.0,1579.11,0.291018,192034718,0000000.0000,0000000.0,10346.81,0.287958,63484.1,0.267,2027-03-01
NK225E    ,OOP,202703,55000.0,            ,132155018,0000000.0000,0000000.0,1629.82,0.289746,142155018,0000000.0000,0000000.0,10149.72,0.286961,63484.1,0.267,2027-03-01
NK225E    ,OOP,202703,55250.0,            ,182035218,0000000.0000,0000000.0,1682.05,0.288374,192035218,0000000.0000,0000000.0,9954.13,0.285854,63484.1,0.267,2027-03-01
NK225E    ,OOP,202703,55500.0,            ,182035518,0000000.0000,0000000.0,1735.8,0.28729,192035518,0000000.0000,0000000.0,9760.08,0.284641,63484.1,0.267,2027-03-01
NK225E    ,OOP,202703,55750.0,            ,182035718,0000000.0000,0000000.0,1791.11,0.286098,192035718,0000000.0000,0000000.0,9567.58,0.283704,63484.1,0.267,2027-03-01
NK225E    ,OOP,202703,56000.0,            ,132156018,0000000.0000,0000000.0,1848.04,0.285176,142156018,0000000.0000,0000000.0,9376.7,0.28228,63484.1,0.267,2027-03-01
NK225E    ,OOP,202703,56250.0,            ,182036218,0000000.0000,0000000.0,1906.6,0.283774,192036218,0000000.0000,0000000.0,9187.45,0.281497,63484.1,0.267,2027-03-01
NK225E    ,OOP,202703,56500.0,            ,182036518,0000000.0000,0000000.0,1966.82,0.283,192036518,0000000.0000,0000000.0,8999.86,0.280232,63484.1,0.267,2027-03-01
NK225E    ,OOP,202703,56750.0,            ,182036718,0000000.0000,0000000.0,2028.76,0.28175,192036718,0000000.0000,0000000.0,8813.99,0.279223,63484.1,0.267,2027-03-01
NK225E    ,OOP,202703,57000.0,            ,132157018,0000000.0000,0000000.0,2092.42,0.28075,142157018,0000000.0000,0000000.0,8629.85,0.278103,63484.1,0.267,2027-03-01
NK225E    ,OOP,202703,57250.0,            ,182037218,0000000.0000,0000000.0,2157.87,0.27964,192037218,0000000.0000,0000000.0,8447.48,0.277224,63484.1,0.267,2027-03-01
NK225E    ,OOP,202703,57500.0,            ,182037518,0000000.0000,0000000.0,2225.1,0.278421,192037518,0000000.0000,0000000.0,8266.9,0.27623,63484.1,0.267,2027-03-01
NK225E    ,OOP,202703,57750.0,            ,182037718,0000000.0000,0000000.0,2294.19,0.277437,192037718,0000000.0000,0000000.0,8088.18,0.275124,63484.1,0.267,2027-03-01
NK225E    ,OOP,202703,58000.0,            ,132158018,0000000.0000,0000000.0,2365.13,0.276676,142158018,0000000.0000,0000000.0,7911.32,0.274245,63484.1,0.267,2027-03-01
NK225E    ,OOP,202703,58250.0,            ,182038218,0000000.0000,0000000.0,2438.0,0.275466,192038218,0000000.0000,0000000.0,7736.37,0.27325,63484.1,0.267,2027-03-01
NK225E    ,OOP,202703,58500.0,            ,182038518,0000000.0000,0000000.0,2512.78,0.274477,192038518,0000000.0000,0000000.0,7563.35,0.272143,63484.1,0.267,2027-03-01
NK225E    ,OOP,202703,58750.0,            ,182038718,0000000.0000,0000000.0,2589.53,0.2737,192038718,0000000.0000,0000000.0,7392.29,0.27125,63484.1,0.267,2027-03-01
NK225E    ,OOP,202703,59000.0,            ,182159018,0000000.0000,0000000.0,2668.3,0.272485,192159018,0000000.0000,0000000.0,7223.24,0.270241,63484.1,0.267,2027-03-01
NK225E    ,OOP,202703,59250.0,            ,182039218,0000000.0000,0000000.0,2725.36,0.272432,192039218,0000000.0000,0000000.0,7066.86,0.270072,63484.1,0.267,2027-03-01
NK225E    ,OOP,202703,59500.0,            ,182039518,0000000.0000,0000000.0,2810.07,0.271304,192039518,0000000.0000,0000000.0,6898.74,0.269144,63484.1,0.267,2027-03-01
NK225E    ,OOP,202703,59750.0,            ,182039718,0000000.0000,0000000.0,2894.77,0.270378,192039718,0000000.0000,0000000.0,6735.62,0.268101,63484.1,0.267,2027-03-01
NK225E    ,OOP,202703,60000.0,            ,182150018,0003130.0000,0000000.0,2990.39,0.269336,192150018,0000000.0000,0000000.0,6575.01,0.267253,63484.1,0.267,2027-03-01
NK225E    ,OOP,202703,60250.0,            ,132150218,0000000.0000,0000000.0,3074.15,0.268488,142150218,0000000.0000,0000000.0,6414.37,0.266289,63484.1,0.267,2027-03-01
NK225E    ,OOP,202703,60500.0,            ,132150518,0000000.0000,0000000.0,3177.42,0.267828,142150518,0000000.0000,0000000.0,6261.24,0.265513,63484.1,0.267,2027-03-01
NK225E    ,OOP,202703,60750.0,            ,132150718,0000000.0000,0000000.0,3272.21,0.266746,142150718,0000000.0000,0000000.0,6105.6,0.264618,63484.1,0.267,2027-03-01
NK225E    ,OOP,202703,61000.0,            ,182151018,0000000.0000,0000000.0,3376.97,0.265851,192151018,0000000.0000,0000000.0,5949.98,0.263606,63484.1,0.267,2027-03-01
NK225E    ,OOP,202703,61250.0,            ,132151218,0000000.0000,0000000.0,3476.74,0.265136,142151218,0000000.0000,0000000.0,5804.33,0.263074,63484.1,0.267,2027-03-01
NK225E    ,OOP,202703,61500.0,            ,132151518,0000000.0000,0000000.0,3576.5,0.264303,142151518,0000000.0000,0000000.0,5656.19,0.262124,63484.1,0.267,2027-03-01
NK225E    ,OOP,202703,61750.0,            ,132151718,0000000.0000,0000000.0,3666.27,0.263352,142151718,0000000.0000,0000000.0,5508.04,0.26135,63484.1,0.267,2027-03-01
NK225E    ,OOP,202703,62000.0,            ,182152018,0004030.0000,0000000.0,3771.03,0.263161,192152018,0000000.0000,0000000.0,5372.4,0.261042,63484.1,0.267,2027-03-01
NK225E    ,OOP,202703,62250.0,            ,132152218,0000000.0000,0000000.0,3880.78,0.261974,142152218,0000000.0000,0000000.0,5226.72,0.260029,63484.1,0.267,2027-03-01
NK225E    ,OOP,202703,62500.0,            ,182152518,0000000.0000,0000000.0,3990.54,0.260961,192152518,0000000.0000,0000000.0,5083.6,0.258897,63484.1,0.267,2027-03-01
NK225E    ,OOP,202703,62750.0,            ,132152718,0000000.0000,0000000.0,4105.3,0.260408,142152718,0000000.0000,0000000.0,4950.44,0.258515,63484.1,0.267,2027-03-01
NK225E    ,OOP,202703,63000.0,            ,182153018,0000000.0000,0000000.0,4220.06,0.260023,192153018,0000000.0000,0000000.0,4828.61,0.25801,63484.1,0.267,2027-03-01
NK225E    ,OOP,202703,63250.0,            ,132153218,0000000.0000,0000000.0,4339.82,0.259229,142153218,0000000.0000,0000000.0,4698.28,0.257383,63484.1,0.267,2027-03-01
NK225E    ,OOP,202703,63500.0,            ,132153518,0000000.0000,0000000.0,4459.56,0.258602,142153518,0000000.0000,0000000.0,4572.94,0.256349,63484.1,0.267,2027-03-01
NK225E    ,OOP,202703,63750.0,            ,132153718,0000000.0000,0000000.0,4579.31,0.258427,142153718,0000000.0000,0000000.0,4447.35,0.256624,63484.1,0.267,2027-03-01
NK225E    ,OOP,202703,64000.0,            ,182154018,0000000.0000,0000000.0,4709.08,0.25756,192154018,0000000.0000,0000000.0,4322.1,0.255634,63484.1,0.267,2027-03-01
NK225E    ,OOP,202703,64250.0,            ,132154218,0000000.0000,0000000.0,4833.82,0.257143,142154218,0000000.0000,0000000.0,4201.85,0.255095,63484.1,0.267,2027-03-01
NK225E    ,OOP,202703,64500.0,            ,132154518,0000000.0000,0000000.0,4963.58,0.256607,142154518,0000000.0000,0000000.0,4086.61,0.254434,63484.1,0.267,2027-03-01
NK225E    ,OOP,202703,64750.0,            ,132154718,0000000.0000,0000000.0,5098.33,0.25595,142154718,0000000.0000,0000000.0,3971.35,0.253938,63484.1,0.267,2027-03-01
NK225E    ,OOP,202703,65000.0,            ,182275018,0000000.0000,0000000.0,5233.09,0.255174,192275018,0000000.0000,0000000.0,3856.12,0.253321,63484.1,0.267,2027-03-01
NK225E    ,OOP,202703,65250.0,            ,132155218,0000000.0000,0000000.0,5372.83,0.254848,142155218,0000000.0000,0000000.0,3745.86,0.252868,63484.1,0.267,2027-03-01
NK225E    ,OOP,202703,65500.0,            ,132155518,0000000.0000,0000000.0,5512.59,0.254403,142155518,0000000.0000,0000000.0,3635.62,0.252294,63484.1,0.267,2027-03-01
NK225E    ,OOP,202703,65750.0,            ,132155718,0000000.0000,0000000.0,5657.34,0.253838,142155718,0000000.0000,0000000.0,3530.37,0.251887,63484.1,0.267,2027-03-01
NK225E    ,OOP,202703,66000.0,            ,182156018,0000000.0000,0000000.0,5802.11,0.253441,192156018,0000000.0000,0000000.0,3430.13,0.251359,63484.1,0.267,2027-03-01
NK225E    ,OOP,202703,66250.0,            ,132156218,0000000.0000,0000000.0,5946.86,0.252925,142156218,0000000.0000,0000000.0,3329.89,0.250711,63484.1,0.267,2027-03-01
NK225E    ,OOP,202703,66500.0,            ,132156518,0000000.0000,0000000.0,6089.08,0.252291,142156518,0000000.0000,0000000.0,3229.65,0.250231,63484.1,0.267,2027-03-01
NK225E    ,OOP,202703,66750.0,            ,132156718,0000000.0000,0000000.0,6241.52,0.252116,142156718,0000000.0000,0000000.0,3134.42,0.249921,63484.1,0.267,2027-03-01
NK225E    ,OOP,202703,67000.0,            ,132277018,0000000.0000,0000000.0,6393.99,0.251533,142277018,0000000.0000,0000000.0,3039.17,0.249493,63484.1,0.267,2027-03-01
NK225E    ,OOP,202703,67250.0,            ,132157218,0000000.0000,0000000.0,6551.47,0.251417,142157218,0000000.0000,0000000.0,2948.94,0.249238,63484.1,0.267,2027-03-01
NK225E    ,OOP,202703,67500.0,            ,182157518,0000000.0000,0000000.0,6698.93,0.250304,192157518,0000000.0000,0000000.0,2848.68,0.248278,63484.1,0.267,2027-03-01
NK225E    ,OOP,202703,67750.0,            ,132157718,0000000.0000,0000000.0,6866.42,0.250544,142157718,0000000.0000,0000000.0,2773.47,0.248377,63484.1,0.267,2027-03-01
NK225E    ,OOP,202703,68000.0,            ,182158018,0000000.0000,0000000.0,7028.89,0.250377,192158018,0000000.0000,0000000.0,2688.23,0.248067,63484.1,0.267,2027-03-01
NK225E    ,OOP,202703,68250.0,            ,132158218,0000000.0000,0000000.0,7191.38,0.249798,142158218,0000000.0000,0000000.0,2592.99,0.24764,63484.1,0.267,2027-03-01
NK225E    ,OOP,202703,68500.0,            ,132158518,0000000.0000,0000000.0,7358.85,0.249703,142158518,0000000.0000,0000000.0,2512.76,0.247397,63484.1,0.267,2027-03-01
NK225E    ,OOP,202703,68750.0,            ,132158718,0000000.0000,0000000.0,7521.34,0.248888,142158718,0000000.0000,0000000.0,2432.54,0.246735,63484.1,0.267,2027-03-01
NK225E    ,OOP,202703,69000.0,            ,132279018,0000000.0000,0000000.0,7693.82,0.24887,142279018,0000000.0000,0000000.0,2357.31,0.246565,63484.1,0.267,2027-03-01
NK225E    ,OOP,202703,69250.0,            ,132159218,0000000.0000,0000000.0,7871.32,0.248742,142159218,0000000.0000,0000000.0,2282.09,0.246592,63484.1,0.267,2027-03-01
NK225E    ,OOP,202703,69500.0,            ,132159518,0000000.0000,0000000.0,8038.8,0.248193,142159518,0000000.0000,0000000.0,2216.87,0.245886,63484.1,0.267,2027-03-01
NK225E    ,OOP,202703,69750.0,            ,132159718,0000000.0000,0000000.0,8190.88,0.246265,142159718,0000000.0000,0000000.0,2090.03,0.244109,63484.1,0.267,2027-03-01
NK225E    ,OOP,202703,70000.0,            ,132270018,0000000.0000,0000000.0,8369.12,0.2461,142270018,0000000.0000,0000000.0,2020.46,0.243783,63484.1,0.267,2027-03-01
NK225E    ,OOP,202703,70250.0,            ,182150218,0000000.0000,0000000.0,8549.36,0.245825,192150218,0000000.0000,0000000.0,1952.9,0.243664,63484.1,0.267,2027-03-01
NK225E    ,OOP,202703,70500.0,            ,182150518,0000000.0000,0000000.0,8731.57,0.245762,192150518,0000000.0000,0000000.0,1887.29,0.243435,63484.1,0.267,2027-03-01
NK225E    ,OOP,202703,70750.0,            ,182150718,0000000.0000,0000000.0,8915.72,0.245591,192150718,0000000.0000,0000000.0,1823.64,0.243094,63484.1,0.267,2027-03-01
NK225E    ,OOP,202703,71000.0,            ,182271018,0000000.0000,0000000.0,9101.76,0.245312,192271018,0000000.0000,0000000.0,1761.87,0.242972,63484.1,0.267,2027-03-01
NK225E    ,OOP,202703,71250.0,            ,182151218,0000000.0000,0000000.0,9289.66,0.24492,192151218,0000000.0000,0000000.0,1701.96,0.242741,63484.1,0.267,2027-03-01
NK225E    ,OOP,202703,71500.0,            ,182151518,0000000.0000,0000000.0,9479.4,0.244756,192151518,0000000.0000,0000000.0,1643.89,0.242399,63484.1,0.267,2027-03-01
NK225E    ,OOP,202703,71750.0,            ,182151718,0000000.0000,0000000.0,9670.93,0.244829,192151718,0000000.0000,0000000.0,1587.61,0.242291,63484.1,0.267,2027-03-01
NK225E    ,OOP,202703,72000.0,            ,182272018,0000000.0000,0000000.0,9864.22,0.244801,192272018,0000000.0000,0000000.0,1533.09,0.242075,63484.1,0.267,2027-03-01
NK225E    ,OOP,202703,72250.0,            ,182152218,0000000.0000,0000000.0,10059.22,0.244669,192152218,0000000.0000,0000000.0,1480.28,0.242106,63484.1,0.267,2027-03-01
NK225E    ,OOP,202703,72500.0,            ,132152518,0000000.0000,0000000.0,10255.9,0.244433,142152518,0000000.0000,0000000.0,1429.15,0.242036,63484.1,0.267,2027-03-01
NK225E    ,OOP,202703,72750.0,            ,182152718,0000000.0000,0000000.0,10454.22,0.244452,192152718,0000000.0000,0000000.0,1379.66,0.241861,63484.1,0.267,2027-03-01
NK225E    ,OOP,202703,73000.0,            ,182273018,0000000.0000,0000000.0,10654.16,0.244372,192273018,0000000.0000,0000000.0,1331.79,0.241579,63484.1,0.267,2027-03-01
NK225E    ,OOP,202703,73250.0,            ,182153218,0000000.0000,0000000.0,10855.65,0.24419,192153218,0000000.0000,0000000.0,1285.48,0.241566,63484.1,0.267,2027-03-01
NK225E    ,OOP,202703,73500.0,            ,182153518,0000000.0000,0000000.0,11058.68,0.244284,192153518,0000000.0000,0000000.0,1240.69,0.241452,63484.1,0.267,2027-03-01
NK225E    ,OOP,202703,73750.0,            ,182153718,0000000.0000,0000000.0,11263.2,0.244282,192153718,0000000.0000,0000000.0,1197.4,0.241234,63484.1,0.267,2027-03-01
NK225E    ,OOP,202703,74000.0,            ,182274018,0000000.0000,0000000.0,11469.16,0.244182,192274018,0000000.0000,0000000.0,1155.56,0.241307,63484.1,0.267,2027-03-01
NK225E    ,OOP,202703,74250.0,            ,182154218,0000000.0000,0000000.0,11676.55,0.243981,192154218,0000000.0000,0000000.0,1115.14,0.241283,63484.1,0.267,2027-03-01
NK225E    ,OOP,202703,74500.0,            ,182154518,0000000.0000,0000000.0,11885.31,0.244083,192154518,0000000.0000,0000000.0,1076.09,0.241161,63484.1,0.267,2027-03-01
NK225E    ,OOP,202703,74750.0,            ,182154718,0000000.0000,0000000.0,12095.41,0.244093,192154718,0000000.0000,0000000.0,1038.38,0.241355,63484.1,0.267,2027-03-01
NK225E    ,OOP,202703,75000.0,            ,132275018,0000000.0000,0000000.0,12306.81,0.244427,142275018,0000000.0000,0000000.0,1001.97,0.241458,63484.1,0.267,2027-03-01
NK225E    ,OOP,202703,75250.0,            ,182155218,0000000.0000,0000000.0,12519.48,0.24425,192155218,0000000.0000,0000000.0,966.84,0.24147,63484.1,0.267,2027-03-01
NK225E    ,OOP,202703,75500.0,            ,182155518,0000000.0000,0000000.0,12733.38,0.244408,192155518,0000000.0000,0000000.0,932.92,0.241386,63484.1,0.267,2027-03-01
NK225E    ,OOP,202703,75750.0,            ,182155718,0000000.0000,0000000.0,12948.46,0.244478,192155718,0000000.0000,0000000.0,900.2,0.241204,63484.1,0.267,2027-03-01
NK225E    ,OOP,202703,76000.0,            ,182276018,0000000.0000,0000000.0,13164.71,0.244458,192276018,0000000.0000,0000000.0,868.64,0.241379,63484.1,0.267,2027-03-01
NK225E    ,OOP,202703,76250.0,            ,182156218,0000000.0000,0000000.0,13382.09,0.244803,192156218,0000000.0000,0000000.0,838.2,0.241466,63484.1,0.267,2027-03-01
NK225E    ,OOP,202703,77500.0,            ,132157518,0000000.0000,0000000.0,14484.56,0.245298,142157518,0000000.0000,0000000.0,701.63,0.242037,63484.1,0.267,2027-03-01
NK225E    ,OOP,202703,80000.0,            ,182270018,0000000.0000,0000000.0,16755.13,0.24824,192270018,0000000.0000,0000000.0,494.1,0.243906,63484.1,0.267,2027-03-01
NK225E    ,OOP,202703,82500.0,            ,132272518,0000000.0000,0000000.0,19090.74,0.251776,142272518,0000000.0000,0000000.0,351.62,0.246257,63484.1,0.267,2027-03-01
NK225E    ,OOP,202703,85000.0,            ,132395018,0000000.0000,0000000.0,21470.47,0.256319,142395018,0000000.0000,0000000.0,253.26,0.249498,63484.1,0.267,2027-03-01
NK225E    ,OOP,202703,87500.0,            ,132277518,0000000.0000,0000000.0,23879.46,0.261633,142277518,0000000.0000,0000000.0,184.16,0.252974,63484.1,0.267,2027-03-01
NK225E    ,OOP,202703,90000.0,            ,182390018,0000000.0000,0000000.0,26307.63,0.267514,192390018,0000000.0000,0000000.0,134.24,0.256571,63484.1,0.267,2027-03-01
NK225E    ,OOP,202703,95000.0,            ,182395018,0000000.0000,0000000.0,31197.46,0.27799,192395018,0000000.0000,0000000.0,67.89,0.260933,63484.1,0.267,2027-03-01
NK225E    ,OOP,202703,100000.0,            ,132510018,0000000.0000,0000000.0,36121.13,0.292051,142510018,0000000.0000,0000000.0,35.37,0.265785,63484.1,0.267,2027-03-01
NK225E    ,OOP,202704,41000.0,            ,132041018,0000000.0000,0000000.0,311.8,0.359428,142041018,0000000.0000,0000000.0,22333.46,0.345861,63484.1,0.267,2027-04-01
NK225E    ,OOP,202704,42000.0,            ,132042018,0000000.0000,0000000.0,367.26,0.356618,142042018,0000000.0000,0000000.0,21397.82,0.343232,63484.1,0.267,2027-04-01
NK225E    ,OOP,202704,43000.0,            ,132043018,0000000.0000,0000000.0,428.73,0.351396,142043018,0000000.0000,0000000.0,20468.2,0.339739,63484.1,0.267,2027-04-01
NK225E    ,OOP,202704,44000.0,            ,132044018,0000000.0000,0000000.0,496.78,0.34659,142044018,0000000.0000,0000000.0,19545.14,0.336401,63484.1,0.267,2027-04-01
NK225E    ,OOP,202704,45000.0,            ,132045018,0000000.0000,0000000.0,572.02,0.341203,142045018,0000000.0000,0000000.0,18629.29,0.331407,63484.1,0.267,2027-04-01
NK225E    ,OOP,202704,46000.0,            ,132046018,0000000.0000,0000000.0,655.26,0.335978,142046018,0000000.0000,0000000.0,17721.43,0.327288,63484.1,0.267,2027-04-01
NK225E    ,OOP,202704,47000.0,            ,132047018,0000000.0000,0000000.0,747.39,0.330134,142047018,0000000.0000,0000000.0,16822.45,0.322366,63484.1,0.267,2027-04-01
NK225E    ,OOP,202704,48000.0,            ,132048018,0000000.0000,0000000.0,849.46,0.32489,142048018,0000000.0000,0000000.0,15933.43,0.317933,63484.1,0.267,2027-04-01
NK225E    ,OOP,202704,49000.0,            ,132049018,0000000.0000,0000000.0,962.68,0.318934,142049018,0000000.0000,0000000.0,15055.54,0.312659,63484.1,0.267,2027-04-01
NK225E    ,OOP,202704,50000.0,            ,132040018,0000000.0000,0000000.0,1088.4,0.313815,142040018,0000000.0000,0000000.0,14190.16,0.307646,63484.1,0.267,2027-04-01
NK225E    ,OOP,202704,51000.0,            ,182041018,0000000.0000,0000000.0,1228.12,0.30834,192041018,0000000.0000,0000000.0,13338.78,0.302731,63484.1,0.267,2027-04-01
NK225E    ,OOP,202704,52000.0,            ,182042018,0000000.0000,0000000.0,1383.52,0.302912,192042018,0000000.0000,0000000.0,12503.08,0.297792,63484.1,0.267,2027-04-01
NK225E    ,OOP,202704,52250.0,            ,132042218,0000000.0000,0000000.0,1425.18,0.301878,142042218,0000000.0000,0000000.0,12296.97,0.296662,63484.1,0.267,2027-04-01
NK225E    ,OOP,202704,52500.0,            ,132042518,0000000.0000,0000000.0,1467.86,0.300338,142042518,0000000.0000,0000000.0,12091.87,0.29544,63484.1,0.267,2027-04-01
NK225E    ,OOP,202704,52750.0,            ,132042718,0000000.0000,0000000.0,1511.59,0.299126,142042718,0000000.0000,0000000.0,11887.83,0.294129,63484.1,0.267,2027-04-01
NK225E    ,OOP,202704,53000.0,            ,182043018,0000000.0000,0000000.0,1556.39,0.297827,192043018,0000000.0000,0000000.0,11684.85,0.293137,63484.1,0.267,2027-04-01
NK225E    ,OOP,202704,53250.0,            ,132043218,0000000.0000,0000000.0,1602.76,0.296443,142043218,0000000.0000,0000000.0,11483.45,0.292049,63484.1,0.267,2027-04-01
NK225E    ,OOP,202704,53500.0,            ,132043518,0000000.0000,0000000.0,1650.26,0.295362,142043518,0000000.0000,0000000.0,11283.17,0.290867,63484.1,0.267,2027-04-01
NK225E    ,OOP,202704,53750.0,            ,132043718,0000000.0000,0000000.0,1698.89,0.29419,142043718,0000000.0000,0000000.0,11084.03,0.289595,63484.1,0.267,2027-04-01
NK225E    ,OOP,202704,54000.0,            ,182044018,0000000.0000,0000000.0,1748.69,0.292927,192044018,0000000.0000,0000000.0,10886.05,0.288236,63484.1,0.267,2027-04-01
NK225E    ,OOP,202704,54250.0,            ,132044218,0000000.0000,0000000.0,1800.26,0.291577,142044218,0000000.0000,0000000.0,10689.85,0.287163,63484.1,0.267,2027-04-01
NK225E    ,OOP,202704,54500.0,            ,132044518,0000000.0000,0000000.0,1853.07,0.290507,142044518,0000000.0000,0000000.0,10494.88,0.285997,63484.1,0.267,2027-04-01
NK225E    ,OOP,202704,54750.0,            ,132044718,0000000.0000,0000000.0,1907.13,0.289342,142044718,0000000.0000,0000000.0,10301.16,0.285099,63484.1,0.267,2027-04-01
NK225E    ,OOP,202704,55000.0,            ,182045018,0000000.0000,0000000.0,1962.45,0.288088,192045018,0000000.0000,0000000.0,10108.71,0.283747,63484.1,0.267,2027-04-01
NK225E    ,OOP,202704,55250.0,            ,132045218,0000000.0000,0000000.0,2019.76,0.286744,142045218,0000000.0000,0000000.0,9918.24,0.282658,63484.1,0.267,2027-04-01
NK225E    ,OOP,202704,55500.0,            ,132045518,0000000.0000,0000000.0,2078.41,0.285658,142045518,0000000.0000,0000000.0,9729.12,0.281475,63484.1,0.267,2027-04-01
NK225E    ,OOP,202704,55750.0,            ,132045718,0000000.0000,0000000.0,2138.4,0.284479,142045718,0000000.0000,0000000.0,9541.34,0.280541,63484.1,0.267,2027-04-01
NK225E    ,OOP,202704,56000.0,            ,182046018,0000000.0000,0000000.0,2199.78,0.283208,192046018,0000000.0000,0000000.0,9354.94,0.279508,63484.1,0.267,2027-04-01
NK225E    ,OOP,202704,56250.0,            ,132046218,0000000.0000,0000000.0,2263.35,0.282179,142046218,0000000.0000,0000000.0,9170.73,0.278379,63484.1,0.267,2027-04-01
NK225E    ,OOP,202704,56500.0,            ,132046518,0000000.0000,0000000.0,2328.37,0.281054,142046518,0000000.0000,0000000.0,8987.98,0.277156,63484.1,0.267,2027-04-01
NK225E    ,OOP,202704,56750.0,            ,132046718,0000000.0000,0000000.0,2394.85,0.280157,142046718,0000000.0000,0000000.0,8806.69,0.276164,63484.1,0.267,2027-04-01
NK225E    ,OOP,202704,57000.0,            ,182047018,0000000.0000,0000000.0,2462.81,0.278843,192047018,0000000.0000,0000000.0,8626.87,0.275074,63484.1,0.267,2027-04-01
NK225E    ,OOP,202704,57250.0,            ,132047218,0000000.0000,0000000.0,2533.19,0.277755,142047218,0000000.0000,0000000.0,8449.48,0.274204,63484.1,0.267,2027-04-01
NK225E    ,OOP,202704,57500.0,            ,132047518,0000000.0000,0000000.0,2605.13,0.276883,142047518,0000000.0000,0000000.0,8273.64,0.273234,63484.1,0.267,2027-04-01
NK225E    ,OOP,202704,57750.0,            ,132047718,0000000.0000,0000000.0,2678.62,0.275911,142047718,0000000.0000,0000000.0,8099.35,0.272164,63484.1,0.267,2027-04-01
NK225E    ,OOP,202704,58000.0,            ,182048018,0000000.0000,0000000.0,2753.71,0.27484,192048018,0000000.0000,0000000.0,7926.67,0.271302,63484.1,0.267,2027-04-01
NK225E    ,OOP,202704,58250.0,            ,132048218,0000000.0000,0000000.0,2831.42,0.273674,142048218,0000000.0000,0000000.0,7756.6,0.270339,63484.1,0.267,2027-04-01
NK225E    ,OOP,202704,58500.0,            ,132048518,0000000.0000,0000000.0,2910.77,0.272712,142048518,0000000.0000,0000000.0,7588.18,0.269277,63484.1,0.267,2027-04-01
NK225E    ,OOP,202704,58750.0,            ,132048718,0000000.0000,0000000.0,2991.78,0.271947,142048718,0000000.0000,0000000.0,7421.42,0.268413,63484.1,0.267,2027-04-01
NK225E    ,OOP,202704,59000.0,            ,182049018,0000000.0000,0000000.0,3074.5,0.270786,192049018,0000000.0000,0000000.0,7256.36,0.267447,63484.1,0.267,2027-04-01
NK225E    ,OOP,202704,59250.0,            ,132049218,0000000.0000,0000000.0,3160.01,0.26982,142049218,0000000.0000,0000000.0,7094.09,0.266671,63484.1,0.267,2027-04-01
NK225E    ,OOP,202704,59500.0,            ,132049518,0000000.0000,0000000.0,3247.27,0.269044,142049518,0000000.0000,0000000.0,6933.58,0.265504,63484.1,0.267,2027-04-01
NK225E    ,OOP,202704,59750.0,            ,132049718,0000000.0000,0000000.0,3336.29,0.268164,142049718,0000000.0000,0000000.0,6774.83,0.264811,63484.1,0.267,2027-04-01
NK225E    ,OOP,202704,60000.0,            ,182040018,0000000.0000,0000000.0,3427.09,0.267184,192040018,0000000.0000,0000000.0,6617.85,0.264014,63484.1,0.267,2027-04-01
NK225E    ,OOP,202704,60250.0,            ,132040218,0000000.0000,0000000.0,3520.85,0.266386,142040218,0000000.0000,0000000.0,6463.83,0.263113,63484.1,0.267,2027-04-01
NK225E    ,OOP,202704,60500.0,            ,132040518,0000000.0000,0000000.0,3616.44,0.265485,142040518,0000000.0000,0000000.0,6311.64,0.262109,63484.1,0.267,2027-04-01
NK225E    ,OOP,202704,60750.0,            ,132040718,0000000.0000,0000000.0,3713.86,0.264761,142040718,0000000.0000,0000000.0,6161.29,0.261283,63484.1,0.267,2027-04-01
NK225E    ,OOP,202704,61000.0,            ,132161018,0000000.0000,0000000.0,3813.16,0.263933,142161018,0000000.0000,0000000.0,6012.82,0.260629,63484.1,0.267,2027-04-01
NK225E    ,OOP,202704,61250.0,            ,132041218,0000000.0000,0000000.0,3915.54,0.263002,142041218,0000000.0000,0000000.0,5867.43,0.25987,63484.1,0.267,2027-04-01
NK225E    ,OOP,202704,61500.0,            ,132041518,0000000.0000,0000000.0,4019.84,0.262244,142041518,0000000.0000,0000000.0,5723.95,0.259006,63484.1,0.267,2027-04-01
NK225E    ,OOP,202704,61750.0,            ,132041718,0000000.0000,0000000.0,4126.03,0.261655,142041718,0000000.0000,0000000.0,5582.36,0.25831,63484.1,0.267,2027-04-01
NK225E    ,OOP,202704,62000.0,            ,132162018,0000000.0000,0000000.0,4234.17,0.260688,142162018,0000000.0000,0000000.0,5442.72,0.257509,63484.1,0.267,2027-04-01
NK225E    ,OOP,202704,62250.0,            ,182042218,0000000.0000,0000000.0,4345.47,0.260161,192042218,0000000.0000,0000000.0,5306.26,0.256873,63484.1,0.267,2027-04-01
NK225E    ,OOP,202704,62500.0,            ,182042518,0000000.0000,0000000.0,4458.74,0.259258,192042518,0000000.0000,0000000.0,5171.75,0.256131,63484.1,0.267,2027-04-01
NK225E    ,OOP,202704,62750.0,            ,182042718,0000000.0000,0000000.0,4573.97,0.258789,192042718,0000000.0000,0000000.0,5039.2,0.255553,63484.1,0.267,2027-04-01
NK225E    ,OOP,202704,63000.0,            ,132163018,0000000.0000,0000000.0,4691.15,0.257947,142163018,0000000.0000,0000000.0,4908.61,0.254867,63484.1,0.267,2027-04-01
NK225E    ,OOP,202704,63250.0,            ,182043218,0000000.0000,0000000.0,4811.59,0.257268,192043218,0000000.0000,0000000.0,4781.27,0.254076,63484.1,0.267,2027-04-01
NK225E    ,OOP,202704,63500.0,            ,182043518,0000000.0000,0000000.0,4934.02,0.256752,192043518,0000000.0000,0000000.0,4655.93,0.253446,63484.1,0.267,2027-04-01
NK225E    ,OOP,202704,63750.0,            ,182043718,0000000.0000,0000000.0,5058.42,0.25613,192043718,0000000.0000,0000000.0,4532.55,0.252977,63484.1,0.267,2027-04-01
NK225E    ,OOP,202704,64000.0,            ,132164018,0000000.0000,0000000.0,5184.83,0.255403,142164018,0000000.0000,0000000.0,4411.19,0.252401,63484.1,0.267,2027-04-01
NK225E    ,OOP,202704,64250.0,            ,182044218,0000000.0000,0000000.0,5314.5,0.254838,192044218,0000000.0000,0000000.0,4293.08,0.251718,63484.1,0.267,2027-04-01
NK225E    ,OOP,202704,64500.0,            ,182044518,0000000.0000,0000000.0,5446.18,0.254434,192044518,0000000.0000,0000000.0,4176.99,0.251196,63484.1,0.267,2027-04-01
NK225E    ,OOP,202704,64750.0,            ,182044718,0000000.0000,0000000.0,5579.82,0.253925,192044718,0000000.0000,0000000.0,4062.85,0.250567,63484.1,0.267,2027-04-01
NK225E    ,OOP,202704,65000.0,            ,132165018,0000000.0000,0000000.0,5715.46,0.253311,142165018,0000000.0000,0000000.0,3950.72,0.250098,63484.1,0.267,2027-04-01
NK225E    ,OOP,202704,65250.0,            ,182045218,0000000.0000,0000000.0,5854.36,0.25286,192045218,0000000.0000,0000000.0,3841.84,0.249524,63484.1,0.267,2027-04-01
NK225E    ,OOP,202704,65500.0,            ,182045518,0000000.0000,0000000.0,5995.22,0.252304,192045518,0000000.0000,0000000.0,3734.93,0.24911,63484.1,0.267,2027-04-01
NK225E    ,OOP,202704,65750.0,            ,182045718,0000000.0000,0000000.0,6138.09,0.251911,192045718,0000000.0000,0000000.0,3630.02,0.248591,63484.1,0.267,2027-04-01
NK225E    ,OOP,202704,66000.0,            ,132166018,0000000.0000,0000000.0,6282.9,0.251415,142166018,0000000.0000,0000000.0,3527.05,0.248235,63484.1,0.267,2027-04-01
NK225E    ,OOP,202704,66250.0,            ,182046218,0000000.0000,0000000.0,6430.91,0.250814,192046218,0000000.0000,0000000.0,3427.29,0.247775,63484.1,0.267,2027-04-01
NK225E    ,OOP,202704,66500.0,            ,182046518,0000000.0000,0000000.0,6580.86,0.250379,192046518,0000000.0000,0000000.0,3329.47,0.247209,63484.1,0.267,2027-04-01
NK225E    ,OOP,202704,66750.0,            ,182046718,0000000.0000,0000000.0,6732.73,0.250112,192046718,0000000.0000,0000000.0,3233.56,0.246809,63484.1,0.267,2027-04-01
NK225E    ,OOP,202704,67000.0,            ,132167018,0000000.0000,0000000.0,6886.51,0.249743,142167018,0000000.0000,0000000.0,3139.57,0.246577,63484.1,0.267,2027-04-01
NK225E    ,OOP,202704,67250.0,            ,182047218,0000000.0000,0000000.0,7043.42,0.249272,192047218,0000000.0000,0000000.0,3048.69,0.245969,63484.1,0.267,2027-04-01
NK225E    ,OOP,202704,67500.0,            ,182047518,0000000.0000,0000000.0,7202.19,0.248972,192047518,0000000.0000,0000000.0,2959.7,0.245805,63484.1,0.267,2027-04-01
NK225E    ,OOP,202704,67750.0,            ,182047718,0000000.0000,0000000.0,7362.83,0.248572,192047718,0000000.0000,0000000.0,2872.56,0.245264,63484.1,0.267,2027-04-01
NK225E    ,OOP,202704,68000.0,            ,132168018,0000000.0000,0000000.0,7525.31,0.248347,142168018,0000000.0000,0000000.0,2787.26,0.244896,63484.1,0.267,2027-04-01
NK225E    ,OOP,202704,68250.0,            ,182048218,0000000.0000,0000000.0,7690.78,0.248023,192048218,0000000.0000,0000000.0,2704.95,0.244705,63484.1,0.267,2027-04-01
NK225E    ,OOP,202704,68500.0,            ,182048518,0000000.0000,0000000.0,7858.04,0.24788,192048518,0000000.0000,0000000.0,2624.44,0.244414,63484.1,0.267,2027-04-01
NK225E    ,OOP,202704,68750.0,            ,182048718,0000000.0000,0000000.0,8027.08,0.247356,192048718,0000000.0000,0000000.0,2545.71,0.244022,63484.1,0.267,2027-04-01
NK225E    ,OOP,202704,69000.0,            ,132169018,0000000.0000,0000000.0,8197.88,0.2473,142169018,0000000.0000,0000000.0,2468.74,0.243814,63484.1,0.267,2027-04-01
NK225E    ,OOP,202704,69250.0,            ,182049218,0000000.0000,0000000.0,8371.5,0.247149,192049218,0000000.0000,0000000.0,2394.58,0.243507,63484.1,0.267,2027-04-01
NK225E    ,OOP,202704,69500.0,            ,182049518,0000000.0000,0000000.0,8546.83,0.246901,192049518,0000000.0000,0000000.0,2322.14,0.243391,63484.1,0.267,2027-04-01
NK225E    ,OOP,202704,69750.0,            ,182049718,0000000.0000,0000000.0,8723.85,0.246556,192049718,0000000.0000,0000000.0,2251.38,0.243177,63484.1,0.267,2027-04-01
NK225E    ,OOP,202704,70000.0,            ,132160018,0000000.0000,0000000.0,8902.53,0.246407,142160018,0000000.0000,0000000.0,2182.28,0.242866,63484.1,0.267,2027-04-01
NK225E    ,OOP,202704,70250.0,            ,182040218,0000000.0000,0000000.0,9083.85,0.246163,192040218,0000000.0000,0000000.0,2115.83,0.242754,63484.1,0.267,2027-04-01
NK225E    ,OOP,202704,70500.0,            ,182040518,0000000.0000,0000000.0,9266.77,0.246123,192040518,0000000.0000,0000000.0,2050.97,0.242547,63484.1,0.267,2027-04-01
NK225E    ,OOP,202704,70750.0,            ,182040718,0000000.0000,0000000.0,9451.26,0.245991,192040718,0000000.0000,0000000.0,1987.69,0.242549,63484.1,0.267,2027-04-01
NK225E    ,OOP,202704,71000.0,            ,182161018,0000000.0000,0000000.0,9637.31,0.245766,192161018,0000000.0000,0000000.0,1925.96,0.242149,63484.1,0.267,2027-04-01
NK225E    ,OOP,202704,71250.0,            ,182041218,0000000.0000,0000000.0,9825.8,0.245757,192041218,0000000.0000,0000000.0,1866.67,0.241962,63484.1,0.267,2027-04-01
NK225E    ,OOP,202704,71500.0,            ,182041518,0000000.0000,0000000.0,10015.77,0.245657,192041518,0000000.0000,0000000.0,1808.87,0.241995,63484.1,0.267,2027-04-01
NK225E    ,OOP,202704,71750.0,            ,182041718,0000000.0000,0000000.0,10207.2,0.245784,192041718,0000000.0000,0000000.0,1752.53,0.241939,63484.1,0.267,2027-04-01
NK225E    ,OOP,202704,72000.0,            ,182162018,0000000.0000,0000000.0,10400.08,0.245503,192162018,0000000.0000,0000000.0,1697.63,0.241791,63484.1,0.267,2027-04-01
NK225E    ,OOP,202704,72250.0,            ,132162218,0000000.0000,0000000.0,10595.19,0.245454,142162218,0000000.0000,0000000.0,1644.96,0.241551,63484.1,0.267,2027-04-01
NK225E    ,OOP,202704,72500.0,            ,132162518,0000000.0000,0000000.0,10791.66,0.245644,142162518,0000000.0000,0000000.0,1593.66,0.241547,63484.1,0.267,2027-04-01
NK225E    ,OOP,202704,72750.0,            ,132162718,0000000.0000,0000000.0,10989.47,0.245419,142162718,0000000.0000,0000000.0,1543.69,0.241455,63484.1,0.267,2027-04-01
NK225E    ,OOP,202704,73000.0,            ,182163018,0000000.0000,0000000.0,11188.61,0.24544,192163018,0000000.0000,0000000.0,1495.06,0.241613,63484.1,0.267,2027-04-01
NK225E    ,OOP,202704,73250.0,            ,132163218,0000000.0000,0000000.0,11389.75,0.245375,142163218,0000000.0000,0000000.0,1448.43,0.241343,63484.1,0.267,2027-04-01
NK225E    ,OOP,202704,73500.0,            ,132163518,0000000.0000,0000000.0,11592.14,0.24557,142163518,0000000.0000,0000000.0,1403.04,0.241329,63484.1,0.267,2027-04-01
NK225E    ,OOP,202704,73750.0,            ,132163718,0000000.0000,0000000.0,11795.76,0.245685,142163718,0000000.0000,0000000.0,1358.88,0.241584,63484.1,0.267,2027-04-01
NK225E    ,OOP,202704,74000.0,            ,182164018,0000000.0000,0000000.0,12000.57,0.245719,192164018,0000000.0000,0000000.0,1315.92,0.2414,63484.1,0.267,2027-04-01
NK225E    ,OOP,202704,74250.0,            ,132164218,0000000.0000,0000000.0,12207.18,0.245671,142164218,0000000.0000,0000000.0,1274.76,0.241491,63484.1,0.267,2027-04-01
NK225E    ,OOP,202704,74500.0,            ,132164518,0000000.0000,0000000.0,12414.94,0.245905,142164518,0000000.0000,0000000.0,1234.74,0.241501,63484.1,0.267,2027-04-01
NK225E    ,OOP,202704,74750.0,            ,132164718,0000000.0000,0000000.0,12623.79,0.246062,142164718,0000000.0000,0000000.0,1195.82,0.241427,63484.1,0.267,2027-04-01
NK225E    ,OOP,202704,75000.0,            ,182165018,0000000.0000,0000000.0,12833.74,0.246143,192165018,0000000.0000,0000000.0,1157.99,0.241649,63484.1,0.267,2027-04-01
NK225E    ,OOP,202704,75250.0,            ,132165218,0000000.0000,0000000.0,13045.27,0.246145,142165218,0000000.0000,0000000.0,1121.75,0.241796,63484.1,0.267,2027-04-01
NK225E    ,OOP,202704,75500.0,            ,132165518,0000000.0000,0000000.0,13257.82,0.246454,142165518,0000000.0000,0000000.0,1086.52,0.241866,63484.1,0.267,2027-04-01
NK225E    ,OOP,202704,75750.0,            ,132165718,0000000.0000,0000000.0,13471.37,0.246299,142165718,0000000.0000,0000000.0,1052.29,0.241856,63484.1,0.267,2027-04-01
NK225E    ,OOP,202704,76000.0,            ,182166018,0000000.0000,0000000.0,13685.88,0.246459,192166018,0000000.0000,0000000.0,1019.03,0.241764,63484.1,0.267,2027-04-01
NK225E    ,OOP,202704,76250.0,            ,132166218,0000000.0000,0000000.0,13902.33,0.246952,142166218,0000000.0000,0000000.0,987.7,0.242004,63484.1,0.267,2027-04-01
NK225E    ,OOP,202704,80000.0,            ,182160018,0000000.0000,0000000.0,17244.67,0.250614,192160018,0000000.0000,0000000.0,613.42,0.244389,63484.1,0.267,2027-04-01
NK225E    ,OOP,202704,85000.0,            ,132285018,0000000.0000,0000000.0,21914.15,0.257546,142285018,0000000.0000,0000000.0,327.39,0.24851,63484.1,0.267,2027-04-01
NK225E    ,OOP,202704,90000.0,            ,132280018,0000000.0000,0000000.0,26711.67,0.265409,142280018,0000000.0000,0000000.0,169.41,0.251389,63484.1,0.267,2027-04-01
NK225E    ,OOP,202705,48000.0,            ,132058018,0000000.0000,0000000.0,987.02,0.31575,142058018,0000000.0000,0000000.0,16143.21,0.309953,63484.1,0.267,2027-05-01
NK225E    ,OOP,202705,49000.0,            ,132059018,0000000.0000,0000000.0,1114.47,0.311126,142059018,0000000.0000,0000000.0,15281.06,0.305741,63484.1,0.267,2027-05-01
NK225E    ,OOP,202705,50000.0,            ,132050018,0000000.0000,0000000.0,1253.99,0.306221,142050018,0000000.0000,0000000.0,14430.99,0.301192,63484.1,0.267,2027-05-01
NK225E    ,OOP,202705,51000.0,            ,132051018,0000000.0000,0000000.0,1407.16,0.30142,142051018,0000000.0000,0000000.0,13594.56,0.296706,63484.1,0.267,2027-05-01
NK225E    ,OOP,202705,52000.0,            ,132052018,0000000.0000,0000000.0,1575.7,0.296625,142052018,0000000.0000,0000000.0,12773.5,0.292188,63484.1,0.267,2027-05-01
NK225E    ,OOP,202705,53000.0,            ,132053018,0000000.0000,0000000.0,1761.47,0.291759,142053018,0000000.0000,0000000.0,11969.67,0.287925,63484.1,0.267,2027-05-01
NK225E    ,OOP,202705,54000.0,            ,132054018,0000000.0000,0000000.0,1966.42,0.287097,142054018,0000000.0000,0000000.0,11185.03,0.283455,63484.1,0.267,2027-05-01
NK225E    ,OOP,202705,55000.0,            ,132055018,0000000.0000,0000000.0,2192.66,0.282853,142055018,0000000.0000,0000000.0,10421.68,0.279058,63484.1,0.267,2027-05-01
NK225E    ,OOP,202705,55750.0,            ,182055718,0000000.0000,0000000.0,2377.86,0.279621,192055718,0000000.0000,0000000.0,9864.68,0.276104,63484.1,0.267,2027-05-01
NK225E    ,OOP,202705,56000.0,            ,132056018,0000000.0000,0000000.0,2442.24,0.278588,142056018,0000000.0000,0000000.0,9681.65,0.275261,63484.1,0.267,2027-05-01
NK225E    ,OOP,202705,56250.0,            ,182056218,0000000.0000,0000000.0,2508.88,0.277472,192056218,0000000.0000,0000000.0,9500.9,0.27433,63484.1,0.267,2027-05-01
NK225E    ,OOP,202705,56500.0,            ,182056518,0000000.0000,0000000.0,2576.92,0.276576,192056518,0000000.0000,0000000.0,9321.54,0.273314,63484.1,0.267,2027-05-01
NK225E    ,OOP,202705,56750.0,            ,182056718,0000000.0000,0000000.0,2646.36,0.275593,192056718,0000000.0000,0000000.0,9143.58,0.272214,63484.1,0.267,2027-05-01
NK225E    ,OOP,202705,57000.0,            ,132057018,0000000.0000,0000000.0,2717.24,0.274528,142057018,0000000.0000,0000000.0,8967.06,0.271326,63484.1,0.267,2027-05-01
NK225E    ,OOP,202705,57250.0,            ,182057218,0000000.0000,0000000.0,2790.61,0.27367,192057218,0000000.0000,0000000.0,8793.03,0.270351,63484.1,0.267,2027-05-01
NK225E    ,OOP,202705,57500.0,            ,132057518,0000000.0000,0000000.0,2865.45,0.272725,142057518,0000000.0000,0000000.0,8620.47,0.269578,63484.1,0.267,2027-05-01
NK225E    ,OOP,202705,57750.0,            ,132057718,0000000.0000,0000000.0,2941.79,0.271696,142057718,0000000.0000,0000000.0,8449.42,0.268716,63484.1,0.267,2027-05-01
NK225E    ,OOP,202705,58000.0,            ,182058018,0000000.0000,0000000.0,3019.67,0.270864,192058018,0000000.0000,0000000.0,8279.9,0.267767,63484.1,0.267,2027-05-01
NK225E    ,OOP,202705,58250.0,            ,132058218,0000000.0000,0000000.0,3100.22,0.269945,142058218,0000000.0000,0000000.0,8113.04,0.267011,63484.1,0.267,2027-05-01
NK225E    ,OOP,202705,58500.0,            ,132058518,0000000.0000,0000000.0,3182.35,0.268941,142058518,0000000.0000,0000000.0,7947.77,0.266165,63484.1,0.267,2027-05-01
NK225E    ,OOP,202705,58750.0,            ,132058718,0000000.0000,0000000.0,3266.07,0.268126,142058718,0000000.0000,0000000.0,7784.09,0.265232,63484.1,0.267,2027-05-01
NK225E    ,OOP,202705,59000.0,            ,182059018,0000000.0000,0000000.0,3351.39,0.267223,192059018,0000000.0000,0000000.0,7622.02,0.264483,63484.1,0.267,2027-05-01
NK225E    ,OOP,202705,59250.0,            ,132059218,0000000.0000,0000000.0,3439.56,0.266502,142059218,0000000.0000,0000000.0,7462.78,0.263645,63484.1,0.267,2027-05-01
NK225E    ,OOP,202705,59500.0,            ,132059518,0000000.0000,0000000.0,3529.39,0.265692,142059518,0000000.0000,0000000.0,7305.22,0.262718,63484.1,0.267,2027-05-01
NK225E    ,OOP,202705,59750.0,            ,132059718,0000000.0000,0000000.0,3620.87,0.265059,142059718,0000000.0000,0000000.0,7149.31,0.26197,63484.1,0.267,2027-05-01
NK225E    ,OOP,202705,60000.0,            ,182050018,0000000.0000,0000000.0,3714.05,0.264073,192050018,0000000.0000,0000000.0,6995.09,0.261131,63484.1,0.267,2027-05-01
NK225E    ,OOP,202705,60250.0,            ,132050218,0000000.0000,0000000.0,3810.23,0.263524,142050218,0000000.0000,0000000.0,6843.86,0.260466,63484.1,0.267,2027-05-01
NK225E    ,OOP,202705,60500.0,            ,132050518,0000000.0000,0000000.0,3908.12,0.262623,142050518,0000000.0000,0000000.0,6694.36,0.259968,63484.1,0.267,2027-05-01
NK225E    ,OOP,202705,60750.0,            ,132050718,0000000.0000,0000000.0,4007.73,0.261894,142050718,0000000.0000,0000000.0,6546.56,0.25912,63484.1,0.267,2027-05-01
NK225E    ,OOP,202705,61000.0,            ,182051018,0000000.0000,0000000.0,4109.12,0.261332,192051018,0000000.0000,0000000.0,6400.55,0.25844,63484.1,0.267,2027-05-01
NK225E    ,OOP,202705,61250.0,            ,132051218,0000000.0000,0000000.0,4213.57,0.260679,142051218,0000000.0000,0000000.0,6257.61,0.25767,63484.1,0.267,2027-05-01
NK225E    ,OOP,202705,61500.0,            ,132051518,0000000.0000,0000000.0,4319.8,0.259936,142051518,0000000.0000,0000000.0,6116.44,0.257063,63484.1,0.267,2027-05-01
NK225E    ,OOP,202705,61750.0,            ,132051718,0000000.0000,0000000.0,4427.86,0.259356,142051718,0000000.0000,0000000.0,5977.09,0.256365,63484.1,0.267,2027-05-01
NK225E    ,OOP,202705,62000.0,            ,182052018,0000000.0000,0000000.0,4537.68,0.258686,192052018,0000000.0000,0000000.0,5839.52,0.255829,63484.1,0.267,2027-05-01
NK225E    ,OOP,202705,62250.0,            ,132052218,0000000.0000,0000000.0,4650.64,0.257927,142052218,0000000.0000,0000000.0,5705.08,0.2552,63484.1,0.267,2027-05-01
NK225E    ,OOP,202705,62500.0,            ,132052518,0000000.0000,0000000.0,4765.43,0.257328,142052518,0000000.0000,0000000.0,5572.48,0.25473,63484.1,0.267,2027-05-01
NK225E    ,OOP,202705,62750.0,            ,132052718,0000000.0000,0000000.0,4882.02,0.256888,142052718,0000000.0000,0000000.0,5441.67,0.254169,63484.1,0.267,2027-05-01
NK225E    ,OOP,202705,63000.0,            ,182053018,0000000.0000,0000000.0,5000.48,0.256357,192053018,0000000.0000,0000000.0,5312.72,0.253516,63484.1,0.267,2027-05-01
NK225E    ,OOP,202705,63250.0,            ,132053218,0000000.0000,0000000.0,5122.06,0.255736,142053218,0000000.0000,0000000.0,5186.91,0.25302,63484.1,0.267,2027-05-01
NK225E    ,OOP,202705,63500.0,            ,132053518,0000000.0000,0000000.0,5245.51,0.255273,142053518,0000000.0000,0000000.0,5062.95,0.252433,63484.1,0.267,2027-05-01
NK225E    ,OOP,202705,63750.0,            ,132053718,0000000.0000,0000000.0,5370.76,0.254719,142053718,0000000.0000,0000000.0,4940.81,0.252002,63484.1,0.267,2027-05-01
NK225E    ,OOP,202705,64000.0,            ,182054018,0000000.0000,0000000.0,5497.89,0.254075,192054018,0000000.0000,0000000.0,4820.54,0.25148,63484.1,0.267,2027-05-01
NK225E    ,OOP,202705,64250.0,            ,132054218,0000000.0000,0000000.0,5628.13,0.253588,142054218,0000000.0000,0000000.0,4703.38,0.251113,63484.1,0.267,2027-05-01
NK225E    ,OOP,202705,64500.0,            ,132054518,0000000.0000,0000000.0,5760.23,0.253258,142054518,0000000.0000,0000000.0,4588.08,0.250655,63484.1,0.267,2027-05-01
NK225E    ,OOP,202705,64750.0,            ,132054718,0000000.0000,0000000.0,5894.16,0.252837,142054718,0000000.0000,0000000.0,4474.61,0.250107,63484.1,0.267,2027-05-01
NK225E    ,OOP,202705,65000.0,            ,182055018,0000000.0000,0000000.0,6029.91,0.252328,192055018,0000000.0000,0000000.0,4362.96,0.249715,63484.1,0.267,2027-05-01
NK225E    ,OOP,202705,65250.0,            ,132055218,0000000.0000,0000000.0,6168.75,0.251975,142055218,0000000.0000,0000000.0,4254.4,0.249232,63484.1,0.267,2027-05-01
NK225E    ,OOP,202705,65500.0,            ,132055518,0000000.0000,0000000.0,6309.42,0.251533,142055518,0000000.0000,0000000.0,4147.67,0.248906,63484.1,0.267,2027-05-01
NK225E    ,OOP,202705,65750.0,            ,132055718,0000000.0000,0000000.0,6451.88,0.25125,142055718,0000000.0000,0000000.0,4042.73,0.24849,63484.1,0.267,2027-05-01
NK225E    ,OOP,202705,66000.0,            ,182056018,0000000.0000,0000000.0,6596.17,0.250878,192056018,0000000.0000,0000000.0,3939.62,0.247985,63484.1,0.267,2027-05-01
NK225E    ,OOP,202705,66250.0,            ,132056218,0000000.0000,0000000.0,6743.42,0.250418,142056218,0000000.0000,0000000.0,3839.47,0.247638,63484.1,0.267,2027-05-01
NK225E    ,OOP,202705,66500.0,            ,132056518,0000000.0000,0000000.0,6892.46,0.250119,142056518,0000000.0000,0000000.0,3741.12,0.24745,63484.1,0.267,2027-05-01
NK225E    ,OOP,202705,66750.0,            ,132056718,0000000.0000,0000000.0,7043.28,0.249731,142056718,0000000.0000,0000000.0,3644.54,0.247175,63484.1,0.267,2027-05-01
NK225E    ,OOP,202705,67000.0,            ,182057018,0000000.0000,0000000.0,7195.86,0.249507,192057018,0000000.0000,0000000.0,3549.72,0.246812,63484.1,0.267,2027-05-01
NK225E    ,OOP,202705,67250.0,            ,132057218,0000000.0000,0000000.0,7351.3,0.249196,142057218,0000000.0000,0000000.0,3457.76,0.246361,63484.1,0.267,2027-05-01
NK225E    ,OOP,202705,67500.0,            ,182057518,0000000.0000,0000000.0,7508.47,0.24905,192057518,0000000.0000,0000000.0,3367.53,0.246073,63484.1,0.267,2027-05-01
NK225E    ,OOP,202705,67750.0,            ,182057718,0000000.0000,0000000.0,7667.35,0.248819,192057718,0000000.0000,0000000.0,3279.01,0.245951,63484.1,0.267,2027-05-01
NK225E    ,OOP,202705,68000.0,            ,132178018,0000000.0000,0000000.0,7827.93,0.248504,142178018,0000000.0000,0000000.0,3192.19,0.245744,63484.1,0.267,2027-05-01
NK225E    ,OOP,202705,68250.0,            ,182058218,0000000.0000,0000000.0,7991.22,0.248102,192058218,0000000.0000,0000000.0,3108.08,0.245451,63484.1,0.267,2027-05-01
NK225E    ,OOP,202705,68500.0,            ,182058518,0000000.0000,0000000.0,8156.17,0.248128,192058518,0000000.0000,0000000.0,3025.63,0.245072,63484.1,0.267,2027-05-01
NK225E    ,OOP,202705,68750.0,            ,182058718,0000000.0000,0000000.0,8322.76,0.247814,192058718,0000000.0000,0000000.0,2944.82,0.244865,63484.1,0.267,2027-05-01
NK225E    ,OOP,202705,69000.0,            ,132179018,0000000.0000,0000000.0,8490.99,0.247674,142179018,0000000.0000,0000000.0,2865.65,0.244833,63484.1,0.267,2027-05-01
NK225E    ,OOP,202705,69250.0,            ,182059218,0000000.0000,0000000.0,8661.74,0.247453,192059218,0000000.0000,0000000.0,2789.0,0.244457,63484.1,0.267,2027-05-01
NK225E    ,OOP,202705,69500.0,            ,182059518,0000000.0000,0000000.0,8834.1,0.247148,192059518,0000000.0000,0000000.0,2713.96,0.244258,63484.1,0.267,2027-05-01
NK225E    ,OOP,202705,69750.0,            ,182059718,0000000.0000,0000000.0,9008.0,0.247024,192059718,0000000.0000,0000000.0,2640.47,0.244242,63484.1,0.267,2027-05-01
NK225E    ,OOP,202705,70000.0,            ,132170018,0000000.0000,0000000.0,9183.47,0.246819,142170018,0000000.0000,0000000.0,2568.54,0.243877,63484.1,0.267,2027-05-01
NK225E    ,OOP,202705,70250.0,            ,182050218,0000000.0000,0000000.0,9361.27,0.246801,192050218,0000000.0000,0000000.0,2498.94,0.243967,63484.1,0.267,2027-05-01
NK225E    ,OOP,202705,70500.0,            ,182050518,0000000.0000,0000000.0,9540.57,0.246704,192050518,0000000.0000,0000000.0,2430.84,0.243707,63484.1,0.267,2027-05-01
NK225E    ,OOP,202705,70750.0,            ,182050718,0000000.0000,0000000.0,9721.35,0.246528,192050718,0000000.0000,0000000.0,2364.22,0.243637,63484.1,0.267,2027-05-01
NK225E    ,OOP,202705,71000.0,            ,132171018,0000000.0000,0000000.0,9903.6,0.246547,142171018,0000000.0000,0000000.0,2299.08,0.243489,63484.1,0.267,2027-05-01
NK225E    ,OOP,202705,71250.0,            ,182051218,0000000.0000,0000000.0,10088.0,0.246489,192051218,0000000.0000,0000000.0,2236.07,0.243259,63484.1,0.267,2027-05-01
NK225E    ,OOP,202705,71500.0,            ,182051518,0000000.0000,0000000.0,10273.8,0.246354,192051518,0000000.0000,0000000.0,2174.47,0.24323,63484.1,0.267,2027-05-01
NK225E    ,OOP,202705,71750.0,            ,182051718,0000000.0000,0000000.0,10460.99,0.246141,192051718,0000000.0000,0000000.0,2114.26,0.243123,63484.1,0.267,2027-05-01
NK225E    ,OOP,202705,72000.0,            ,132172018,0000000.0000,0000000.0,10649.56,0.246134,142172018,0000000.0000,0000000.0,2055.44,0.242938,63484.1,0.267,2027-05-01
NK225E    ,OOP,202705,72250.0,            ,182052218,0000000.0000,0000000.0,10840.07,0.246051,192052218,0000000.0000,0000000.0,1998.54,0.242963,63484.1,0.267,2027-05-01
NK225E    ,OOP,202705,72500.0,            ,182052518,0000000.0000,0000000.0,11031.9,0.246184,192052518,0000000.0000,0000000.0,1942.98,0.242913,63484.1,0.267,2027-05-01
NK225E    ,OOP,202705,72750.0,            ,182052718,0000000.0000,0000000.0,11225.01,0.245951,192052718,0000000.0000,0000000.0,1888.69,0.242787,63484.1,0.267,2027-05-01
NK225E    ,OOP,202705,73000.0,            ,132173018,0000000.0000,0000000.0,11419.41,0.245937,142173018,0000000.0000,0000000.0,1835.69,0.242882,63484.1,0.267,2027-05-01
NK225E    ,OOP,202705,73250.0,            ,182053218,0000000.0000,0000000.0,11615.55,0.24615,192053218,0000000.0000,0000000.0,1784.43,0.242906,63484.1,0.267,2027-05-01
NK225E    ,OOP,202705,73500.0,            ,182053518,0000000.0000,0000000.0,11812.93,0.245991,192053518,0000000.0000,0000000.0,1734.41,0.242857,63484.1,0.267,2027-05-01
NK225E    ,OOP,202705,73750.0,            ,182053718,0000000.0000,0000000.0,12011.51,0.246064,192053718,0000000.0000,0000000.0,1685.59,0.242734,63484.1,0.267,2027-05-01
NK225E    ,OOP,202705,74000.0,            ,132174018,0000000.0000,0000000.0,12211.25,0.246067,142174018,0000000.0000,0000000.0,1637.94,0.242535,63484.1,0.267,2027-05-01
NK225E    ,OOP,202705,74250.0,            ,182054218,0000000.0000,0000000.0,12412.58,0.245998,192054218,0000000.0000,0000000.0,1591.87,0.242576,63484.1,0.267,2027-05-01
NK225E    ,OOP,202705,74500.0,            ,182054518,0000000.0000,0000000.0,12615.04,0.246175,192054518,0000000.0000,0000000.0,1546.92,0.242546,63484.1,0.267,2027-05-01
NK225E    ,OOP,202705,74750.0,            ,182054718,0000000.0000,0000000.0,12818.59,0.246287,192054718,0000000.0000,0000000.0,1503.08,0.242769,63484.1,0.267,2027-05-01
NK225E    ,OOP,202705,75000.0,            ,132175018,0000000.0000,0000000.0,13023.24,0.246331,142175018,0000000.0000,0000000.0,1460.33,0.242598,63484.1,0.267,2027-05-01
NK225E    ,OOP,202705,75250.0,            ,182055218,0000000.0000,0000000.0,13229.3,0.246307,192055218,0000000.0000,0000000.0,1418.99,0.242686,63484.1,0.267,2027-05-01
NK225E    ,OOP,202705,75500.0,            ,182055518,0000000.0000,0000000.0,13436.39,0.246214,192055518,0000000.0000,0000000.0,1378.68,0.242706,63484.1,0.267,2027-05-01
NK225E    ,OOP,202705,75750.0,            ,132175718,0000000.0000,0000000.0,13644.49,0.246388,142175718,0000000.0000,0000000.0,1339.38,0.242657,63484.1,0.267,2027-05-01
NK225E    ,OOP,202705,76000.0,            ,132176018,0000000.0000,0000000.0,13853.58,0.246498,142176018,0000000.0000,0000000.0,1301.07,0.242538,63484.1,0.267,2027-05-01
NK225E    ,OOP,202705,76250.0,            ,132176218,0000000.0000,0000000.0,14063.93,0.246545,142176218,0000000.0000,0000000.0,1264.02,0.242699,63484.1,0.267,2027-05-01
NK225E    ,OOP,202705,77000.0,            ,132177018,0000000.0000,0000000.0,14700.55,0.247006,142177018,0000000.0000,0000000.0,1158.44,0.242794,63484.1,0.267,2027-05-01
NK225E    ,OOP,202705,78000.0,            ,182178018,0000000.0000,0000000.0,15562.59,0.247243,192178018,0000000.0000,0000000.0,1030.89,0.243133,63484.1,0.267,2027-05-01
NK225E    ,OOP,202705,80000.0,            ,182170018,0000000.0000,0000000.0,17326.18,0.248376,192170018,0000000.0000,0000000.0,815.28,0.243654,63484.1,0.267,2027-05-01
NK225E    ,OOP,202705,85000.0,            ,182175018,0000000.0000,0000000.0,21911.85,0.252872,192175018,0000000.0000,0000000.0,452.97,0.245982,63484.1,0.267,2027-05-01
NK225E    ,OOP,202705,90000.0,            ,132290018,0000000.0000,0000000.0,26668.09,0.260823,142290018,0000000.0000,0000000.0,261.23,0.250535,63484.1,0.267,2027-05-01
NK225E    ,OOP,202706,12500.0,            ,182062518,0000000.0000,0000000.0,3.48,0.650995,192062518,0000000.0000,0000000.0,50305.32,0.752662,63484.1,0.267,2027-06-01
NK225E    ,OOP,202706,12750.0,            ,182062718,0000000.0000,0000000.0,4.03,0.650157,192062718,0000000.0000,0000000.0,50058.77,0.748864,63484.1,0.267,2027-06-01
NK225E    ,OOP,202706,13000.0,            ,182063018,0000000.0000,0000000.0,4.65,0.64875,192063018,0000000.0000,0000000.0,49812.3,0.732659,63484.1,0.267,2027-06-01
NK225E    ,OOP,202706,13250.0,            ,182063218,0000000.0000,0000000.0,5.05,0.641058,192063218,0000000.0000,0000000.0,49565.59,0.729216,63484.1,0.267,2027-06-01
NK225E    ,OOP,202706,13500.0,            ,182063518,0000000.0000,0000000.0,5.46,0.63928,192063518,0000000.0000,0000000.0,49318.91,0.725604,63484.1,0.267,2027-06-01
NK225E    ,OOP,202706,13750.0,            ,182063718,0000000.0000,0000000.0,5.89,0.637136,192063718,0000000.0000,0000000.0,49072.24,0.710321,63484.1,0.267,2027-06-01
NK225E    ,OOP,202706,14000.0,            ,182064018,0000000.0000,0000000.0,6.35,0.634693,192064018,0000000.0000,0000000.0,48825.6,0.707023,63484.1,0.267,2027-06-01
NK225E    ,OOP,202706,14250.0,            ,182064218,0000000.0000,0000000.0,6.83,0.62739,192064218,0000000.0000,0000000.0,48578.98,0.70357,63484.1,0.267,2027-06-01
NK225E    ,OOP,202706,14500.0,            ,182064518,0000000.0000,0000000.0,7.33,0.62478,192064518,0000000.0000,0000000.0,48332.39,0.689117,63484.1,0.267,2027-06-01
NK225E    ,OOP,202706,14750.0,            ,182064718,0000000.0000,0000000.0,7.86,0.621962,192064718,0000000.0000,0000000.0,48085.82,0.685946,63484.1,0.267,2027-06-01
NK225E    ,OOP,202706,15000.0,            ,182065018,0000000.0000,0000000.0,8.41,0.58169,192065018,0000000.0000,0000000.0,47839.27,0.68263,63484.1,0.267,2027-06-01
NK225E    ,OOP,202706,15250.0,            ,182065218,0000000.0000,0000000.0,8.99,0.578733,192065218,0000000.0000,0000000.0,47592.75,0.66893,63484.1,0.267,2027-06-01
NK225E    ,OOP,202706,15500.0,            ,182065518,0000000.0000,0000000.0,9.6,0.575777,192065518,0000000.0000,0000000.0,47346.26,0.665868,63484.1,0.267,2027-06-01
NK225E    ,OOP,202706,15750.0,            ,182065718,0000000.0000,0000000.0,10.23,0.57282,192065718,0000000.0000,0000000.0,47099.79,0.662673,63484.1,0.267,2027-06-01
NK225E    ,OOP,202706,16000.0,            ,182066018,0000000.0000,0000000.0,10.89,0.575219,192066018,0000000.0000,0000000.0,46853.35,0.659363,63484.1,0.267,2027-06-01
NK225E    ,OOP,202706,16250.0,            ,132066218,0000000.0000,0000000.0,11.58,0.573381,142066218,0000000.0000,0000000.0,46606.94,0.64669,63484.1,0.267,2027-06-01
NK225E    ,OOP,202706,16500.0,            ,132066518,0000000.0000,0000000.0,12.3,0.571301,142066518,0000000.0000,0000000.0,46360.56,0.643601,63484.1,0.267,2027-06-01
NK225E    ,OOP,202706,16750.0,            ,132066718,0000000.0000,0000000.0,13.04,0.572748,142066718,0000000.0000,0000000.0,46114.21,0.640405,63484.1,0.267,2027-06-01
NK225E    ,OOP,202706,17000.0,            ,132067018,0000000.0000,0000000.0,13.81,0.570085,142067018,0000000.0000,0000000.0,45867.88,0.637117,63484.1,0.267,2027-06-01
NK225E    ,OOP,202706,17250.0,            ,132067218,0000000.0000,0000000.0,14.62,0.567293,142067218,0000000.0000,0000000.0,45621.59,0.625332,63484.1,0.267,2027-06-01
NK225E    ,OOP,202706,17500.0,            ,132067518,0000000.0000,0000000.0,15.46,0.564393,142067518,0000000.0000,0000000.0,45375.33,0.622237,63484.1,0.267,2027-06-01
NK225E    ,OOP,202706,17750.0,            ,132067718,0000000.0000,0000000.0,16.33,0.564312,142067718,0000000.0000,0000000.0,45129.1,0.619056,63484.1,0.267,2027-06-01
NK225E    ,OOP,202706,18000.0,            ,132068018,0000000.0000,0000000.0,17.23,0.561107,142068018,0000000.0000,0000000.0,44882.9,0.615799,63484.1,0.267,2027-06-01
NK225E    ,OOP,202706,18250.0,            ,132068218,0000000.0000,0000000.0,18.17,0.557842,142068218,0000000.0000,0000000.0,44636.74,0.604789,63484.1,0.267,2027-06-01
NK225E    ,OOP,202706,18500.0,            ,132068518,0000000.0000,0000000.0,19.14,0.557008,142068518,0000000.0000,0000000.0,44390.62,0.601703,63484.1,0.267,2027-06-01
NK225E    ,OOP,202706,18750.0,            ,132068718,0000000.0000,0000000.0,20.15,0.553552,142068718,0000000.0000,0000000.0,44144.52,0.598546,63484.1,0.267,2027-06-01
NK225E    ,OOP,202706,19000.0,            ,132069018,0000000.0000,0000000.0,21.18,0.552303,142069018,0000000.0000,0000000.0,43898.46,0.595327,63484.1,0.267,2027-06-01
NK225E    ,OOP,202706,19250.0,            ,132069218,0000000.0000,0000000.0,22.26,0.550818,142069218,0000000.0000,0000000.0,43652.44,0.585,63484.1,0.267,2027-06-01
NK225E    ,OOP,202706,19500.0,            ,132069518,0000000.0000,0000000.0,23.38,0.547137,142069518,0000000.0000,0000000.0,43406.46,0.581933,63484.1,0.267,2027-06-01
NK225E    ,OOP,202706,19750.0,            ,132069718,0000000.0000,0000000.0,24.53,0.545375,142069718,0000000.0000,0000000.0,43160.51,0.578806,63484.1,0.267,2027-06-01
NK225E    ,OOP,202706,20000.0,            ,132060018,0000000.0000,0000000.0,25.71,0.52474,142060018,0000000.0000,0000000.0,42914.6,0.575628,63484.1,0.267,2027-06-01
NK225E    ,OOP,202706,20250.0,            ,132060218,0000000.0000,0000000.0,26.96,0.522057,142060218,0000000.0000,0000000.0,42668.74,0.572403,63484.1,0.267,2027-06-01
NK225E    ,OOP,202706,20500.0,            ,132060518,0000000.0000,0000000.0,28.23,0.519375,142060518,0000000.0000,0000000.0,42422.92,0.569138,63484.1,0.267,2027-06-01
NK225E    ,OOP,202706,20750.0,            ,132060718,0000000.0000,0000000.0,29.54,0.516692,142060718,0000000.0000,0000000.0,42177.13,0.559773,63484.1,0.267,2027-06-01
NK225E    ,OOP,202706,21000.0,            ,132061018,0000000.0000,0000000.0,30.89,0.516096,142061018,0000000.0000,0000000.0,41931.38,0.556637,63484.1,0.267,2027-06-01
NK225E    ,OOP,202706,21250.0,            ,132061218,0000000.0000,0000000.0,32.3,0.514431,142061218,0000000.0000,0000000.0,41685.69,0.553462,63484.1,0.267,2027-06-01
NK225E    ,OOP,202706,21500.0,            ,132061518,0000000.0000,0000000.0,33.75,0.512615,142061518,0000000.0000,0000000.0,41440.04,0.550253,63484.1,0.267,2027-06-01
NK225E    ,OOP,202706,21750.0,            ,132061718,0000000.0000,0000000.0,35.23,0.510667,142061718,0000000.0000,0000000.0,41194.43,0.547013,63484.1,0.267,2027-06-01
NK225E    ,OOP,202706,22000.0,            ,132062018,0000000.0000,0000000.0,36.76,0.5086,142062018,0000000.0000,0000000.0,40948.85,0.543746,63484.1,0.267,2027-06-01
NK225E    ,OOP,202706,22250.0,            ,132062218,0000000.0000,0000000.0,38.36,0.506429,142062218,0000000.0000,0000000.0,40703.35,0.540456,63484.1,0.267,2027-06-01
NK225E    ,OOP,202706,22500.0,            ,132062518,0000000.0000,0000000.0,40.0,0.504165,142062518,0000000.0000,0000000.0,40457.89,0.532017,63484.1,0.267,2027-06-01
NK225E    ,OOP,202706,22750.0,            ,132062718,0000000.0000,0000000.0,41.68,0.503156,142062718,0000000.0000,0000000.0,40212.47,0.528836,63484.1,0.267,2027-06-01
NK225E    ,OOP,202706,23000.0,            ,132063018,0000000.0000,0000000.0,43.4,0.500684,142063018,0000000.0000,0000000.0,39967.1,0.525631,63484.1,0.267,2027-06-01
NK225E    ,OOP,202706,23250.0,            ,132063218,0000000.0000,0000000.0,45.2,0.490709,142063218,0000000.0000,0000000.0,39721.8,0.522407,63484.1,0.267,2027-06-01
NK225E    ,OOP,202706,23500.0,            ,132063518,0000000.0000,0000000.0,47.05,0.488124,142063518,0000000.0000,0000000.0,39476.55,0.519164,63484.1,0.267,2027-06-01
NK225E    ,OOP,202706,23750.0,            ,132063718,0000000.0000,0000000.0,48.94,0.485681,142063718,0000000.0000,0000000.0,39231.35,0.515906,63484.1,0.267,2027-06-01
NK225E    ,OOP,202706,24000.0,            ,132064018,0000000.0000,0000000.0,50.88,0.483167,142064018,0000000.0000,0000000.0,38986.19,0.512635,63484.1,0.267,2027-06-01
NK225E    ,OOP,202706,24250.0,            ,132064218,0000000.0000,0000000.0,52.91,0.480708,142064218,0000000.0000,0000000.0,38741.12,0.509351,63484.1,0.267,2027-06-01
NK225E    ,OOP,202706,24500.0,            ,132064518,0000000.0000,0000000.0,54.99,0.47825,142064518,0000000.0000,0000000.0,38496.1,0.506058,63484.1,0.267,2027-06-01
NK225E    ,OOP,202706,24750.0,            ,132064718,0000000.0000,0000000.0,57.12,0.475655,142064718,0000000.0000,0000000.0,38251.13,0.502756,63484.1,0.267,2027-06-01
NK225E    ,OOP,202706,25000.0,            ,132065018,0000000.0000,0000000.0,59.3,0.473334,142065018,0000000.0000,0000000.0,38006.21,0.499447,63484.1,0.267,2027-06-01
NK225E    ,OOP,202706,25250.0,            ,132065218,0000000.0000,0000000.0,61.57,0.470918,142065218,0000000.0000,0000000.0,37761.38,0.496133,63484.1,0.267,2027-06-01
NK225E    ,OOP,202706,25500.0,            ,132065518,0000000.0000,0000000.0,63.89,0.468502,142065518,0000000.0000,0000000.0,37516.6,0.492814,63484.1,0.267,2027-06-01
NK225E    ,OOP,202706,25750.0,            ,132065718,0000000.0000,0000000.0,66.29,0.466107,142065718,0000000.0000,0000000.0,37271.9,0.489491,63484.1,0.267,2027-06-01
NK225E    ,OOP,202706,26000.0,            ,132066018,0000000.0000,0000000.0,68.76,0.463727,142066018,0000000.0000,0000000.0,37027.27,0.486166,63484.1,0.267,2027-06-01
NK225E    ,OOP,202706,26250.0,            ,182066218,0000000.0000,0000000.0,71.3,0.46136,192066218,0000000.0000,0000000.0,36782.71,0.48284,63484.1,0.267,2027-06-01
NK225E    ,OOP,202706,26500.0,            ,182066518,0000000.0000,0000000.0,73.91,0.459007,192066518,0000000.0000,0000000.0,36538.23,0.482932,63484.1,0.267,2027-06-01
NK225E    ,OOP,202706,26750.0,            ,182066718,0000000.0000,0000000.0,76.6,0.456669,192066718,0000000.0000,0000000.0,36293.82,0.47953,63484.1,0.267,2027-06-01
NK225E    ,OOP,202706,27000.0,            ,182067018,0000000.0000,0000000.0,79.37,0.454344,192067018,0000000.0000,0000000.0,36049.48,0.476132,63484.1,0.267,2027-06-01
NK225E    ,OOP,202706,27250.0,            ,182067218,0000000.0000,0000000.0,82.21,0.451865,192067218,0000000.0000,0000000.0,35805.23,0.472738,63484.1,0.267,2027-06-01
NK225E    ,OOP,202706,27500.0,            ,182067518,0000000.0000,0000000.0,85.14,0.449627,192067518,0000000.0000,0000000.0,35561.07,0.469348,63484.1,0.267,2027-06-01
NK225E    ,OOP,202706,27750.0,            ,182067718,0000000.0000,0000000.0,88.16,0.447337,192067718,0000000.0000,0000000.0,35316.98,0.465962,63484.1,0.267,2027-06-01
NK225E    ,OOP,202706,28000.0,            ,182068018,0000000.0000,0000000.0,91.26,0.445,192068018,0000000.0000,0000000.0,35072.99,0.462582,63484.1,0.267,2027-06-01
NK225E    ,OOP,202706,28250.0,            ,182068218,0000000.0000,0000000.0,94.45,0.442932,192068218,0000000.0000,0000000.0,34829.08,0.462081,63484.1,0.267,2027-06-01
NK225E    ,OOP,202706,28500.0,            ,182068518,0000000.0000,0000000.0,97.74,0.440692,192068518,0000000.0000,0000000.0,34585.26,0.458656,63484.1,0.267,2027-06-01
NK225E    ,OOP,202706,28750.0,            ,182068718,0000000.0000,0000000.0,101.12,0.438389,192068718,0000000.0000,0000000.0,34341.54,0.455239,63484.1,0.267,2027-06-01
NK225E    ,OOP,202706,29000.0,            ,182069018,0000000.0000,0000000.0,104.59,0.436254,192069018,0000000.0000,0000000.0,34097.92,0.45183,63484.1,0.267,2027-06-01
NK225E    ,OOP,202706,29250.0,            ,182069218,0000000.0000,0000000.0,108.17,0.43395,192069218,0000000.0000,0000000.0,33854.4,0.451028,63484.1,0.267,2027-06-01
NK225E    ,OOP,202706,29500.0,            ,182069518,0000000.0000,0000000.0,111.85,0.431872,192069518,0000000.0000,0000000.0,33610.99,0.447588,63484.1,0.267,2027-06-01
NK225E    ,OOP,202706,29750.0,            ,182069718,0000000.0000,0000000.0,115.64,0.429701,192069718,0000000.0000,0000000.0,33367.67,0.444157,63484.1,0.267,2027-06-01
NK225E    ,OOP,202706,30000.0,            ,182060018,0000000.0000,0000000.0,119.54,0.427545,192060018,0000000.0000,0000000.0,33124.47,0.443146,63484.1,0.267,2027-06-01
NK225E    ,OOP,202706,30250.0,            ,182060218,0000000.0000,0000000.0,123.55,0.425403,192060218,0000000.0000,0000000.0,32881.38,0.439693,63484.1,0.267,2027-06-01
NK225E    ,OOP,202706,30500.0,            ,182060518,0000000.0000,0000000.0,127.67,0.423275,192060518,0000000.0000,0000000.0,32638.41,0.438532,63484.1,0.267,2027-06-01
NK225E    ,OOP,202706,30750.0,            ,182060718,0000000.0000,0000000.0,131.92,0.421161,192060718,0000000.0000,0000000.0,32395.56,0.435062,63484.1,0.267,2027-06-01
NK225E    ,OOP,202706,31000.0,            ,182061018,0000000.0000,0000000.0,136.29,0.418918,192061018,0000000.0000,0000000.0,32152.83,0.431604,63484.1,0.267,2027-06-01
NK225E    ,OOP,202706,31250.0,            ,182061218,0000000.0000,0000000.0,140.78,0.416974,192061218,0000000.0000,0000000.0,31910.22,0.430288,63484.1,0.267,2027-06-01
NK225E    ,OOP,202706,31500.0,            ,182061518,0000000.0000,0000000.0,145.41,0.41471,192061518,0000000.0000,0000000.0,31667.75,0.426818,63484.1,0.267,2027-06-01
NK225E    ,OOP,202706,31750.0,            ,182061718,0000000.0000,0000000.0,150.17,0.412765,192061718,0000000.0000,0000000.0,31425.42,0.425389,63484.1,0.267,2027-06-01
NK225E    ,OOP,202706,32000.0,            ,182062018,0000000.0000,0000000.0,155.07,0.410766,192062018,0000000.0000,0000000.0,31183.22,0.421912,63484.1,0.267,2027-06-01
NK225E    ,OOP,202706,32250.0,            ,182062218,0000000.0000,0000000.0,160.11,0.408718,192062218,0000000.0000,0000000.0,30941.16,0.42038,63484.1,0.267,2027-06-01
NK225E    ,OOP,202706,32500.0,            ,132182518,0000000.0000,0000000.0,165.3,0.406625,142182518,0000000.0000,0000000.0,30699.25,0.418773,63484.1,0.267,2027-06-01
NK225E    ,OOP,202706,32750.0,            ,132182718,0000000.0000,0000000.0,170.64,0.404749,142182718,0000000.0000,0000000.0,30457.49,0.415277,63484.1,0.267,2027-06-01
NK225E    ,OOP,202706,33000.0,            ,132183018,0000000.0000,0000000.0,176.14,0.402703,142183018,0000000.0000,0000000.0,30215.89,0.413586,63484.1,0.267,2027-06-01
NK225E    ,OOP,202706,33250.0,            ,132183218,0000000.0000,0000000.0,181.8,0.400784,142183218,0000000.0000,0000000.0,29974.45,0.41183,63484.1,0.267,2027-06-01
NK225E    ,OOP,202706,33500.0,            ,132183518,0000000.0000,0000000.0,187.62,0.398823,142183518,0000000.0000,0000000.0,29733.18,0.408323,63484.1,0.267,2027-06-01
NK225E    ,OOP,202706,33750.0,            ,132183718,0000000.0000,0000000.0,193.62,0.396875,142183718,0000000.0000,0000000.0,29492.07,0.406498,63484.1,0.267,2027-06-01
NK225E    ,OOP,202706,34000.0,            ,132184018,0000000.0000,0000000.0,199.78,0.394941,142184018,0000000.0000,0000000.0,29251.14,0.404618,63484.1,0.267,2027-06-01
NK225E    ,OOP,202706,34250.0,            ,132184218,0000000.0000,0000000.0,206.14,0.392973,142184218,0000000.0000,0000000.0,29010.39,0.402687,63484.1,0.267,2027-06-01
NK225E    ,OOP,202706,34500.0,            ,132184518,0000000.0000,0000000.0,212.67,0.391115,142184518,0000000.0000,0000000.0,28769.83,0.400708,63484.1,0.267,2027-06-01
NK225E    ,OOP,202706,34750.0,            ,132184718,0000000.0000,0000000.0,219.4,0.38909,142184718,0000000.0000,0000000.0,28529.46,0.398684,63484.1,0.267,2027-06-01
NK225E    ,OOP,202706,35000.0,            ,132185018,0000000.0000,0000000.0,226.33,0.387238,142185018,0000000.0000,0000000.0,28289.29,0.396618,63484.1,0.267,2027-06-01
NK225E    ,OOP,202706,35250.0,            ,132185218,0000000.0000,0000000.0,233.46,0.385335,142185218,0000000.0000,0000000.0,28049.33,0.394511,63484.1,0.267,2027-06-01
NK225E    ,OOP,202706,35500.0,            ,132185518,0000000.0000,0000000.0,240.8,0.383626,142185518,0000000.0000,0000000.0,27809.57,0.392367,63484.1,0.267,2027-06-01
NK225E    ,OOP,202706,35750.0,            ,132185718,0000000.0000,0000000.0,248.36,0.381681,142185718,0000000.0000,0000000.0,27570.03,0.390187,63484.1,0.267,2027-06-01
NK225E    ,OOP,202706,36000.0,            ,132186018,0000000.0000,0000000.0,256.15,0.379921,142186018,0000000.0000,0000000.0,27330.71,0.387973,63484.1,0.267,2027-06-01
NK225E    ,OOP,202706,36250.0,            ,132186218,0000000.0000,0000000.0,264.16,0.378108,142186218,0000000.0000,0000000.0,27091.63,0.385728,63484.1,0.267,2027-06-01
NK225E    ,OOP,202706,36500.0,            ,132186518,0000000.0000,0000000.0,272.41,0.376245,142186518,0000000.0000,0000000.0,26852.78,0.383452,63484.1,0.267,2027-06-01
NK225E    ,OOP,202706,36750.0,            ,132186718,0000000.0000,0000000.0,280.9,0.374573,142186718,0000000.0000,0000000.0,26614.17,0.382385,63484.1,0.267,2027-06-01
NK225E    ,OOP,202706,37000.0,            ,132187018,0000000.0000,0000000.0,289.64,0.372637,142187018,0000000.0000,0000000.0,26375.82,0.380028,63484.1,0.267,2027-06-01
NK225E    ,OOP,202706,37250.0,            ,132187218,0000000.0000,0000000.0,298.65,0.370883,142187218,0000000.0000,0000000.0,26137.72,0.377646,63484.1,0.267,2027-06-01
NK225E    ,OOP,202706,37500.0,            ,132187518,0000000.0000,0000000.0,307.92,0.369303,142187518,0000000.0000,0000000.0,25899.9,0.376394,63484.1,0.267,2027-06-01
NK225E    ,OOP,202706,37750.0,            ,132187718,0000000.0000,0000000.0,317.47,0.367573,142187718,0000000.0000,0000000.0,25662.34,0.373943,63484.1,0.267,2027-06-01
NK225E    ,OOP,202706,38000.0,            ,132188018,0000000.0000,0000000.0,327.3,0.365857,142188018,0000000.0000,0000000.0,25425.07,0.372572,63484.1,0.267,2027-06-01
NK225E    ,OOP,202706,38250.0,            ,132188218,0000000.0000,0000000.0,337.41,0.364154,142188218,0000000.0000,0000000.0,25188.09,0.37006,63484.1,0.267,2027-06-01
NK225E    ,OOP,202706,38500.0,            ,132188518,0000000.0000,0000000.0,347.84,0.362465,142188518,0000000.0000,0000000.0,24951.42,0.368581,63484.1,0.267,2027-06-01
NK225E    ,OOP,202706,38750.0,            ,132188718,0000000.0000,0000000.0,358.57,0.360789,142188718,0000000.0000,0000000.0,24715.05,0.36704,63484.1,0.267,2027-06-01
NK225E    ,OOP,202706,39000.0,            ,132189018,0000000.0000,0000000.0,369.61,0.359126,142189018,0000000.0000,0000000.0,24479.0,0.365439,63484.1,0.267,2027-06-01
NK225E    ,OOP,202706,39250.0,            ,132189218,0000000.0000,0000000.0,380.99,0.357275,142189218,0000000.0000,0000000.0,24243.28,0.362805,63484.1,0.267,2027-06-01
NK225E    ,OOP,202706,39500.0,            ,132189518,0000000.0000,0000000.0,392.7,0.35584,142189518,0000000.0000,0000000.0,24007.89,0.361118,63484.1,0.267,2027-06-01
NK225E    ,OOP,202706,39750.0,            ,132189718,0000000.0000,0000000.0,404.76,0.354217,142189718,0000000.0000,0000000.0,23772.85,0.359378,63484.1,0.267,2027-06-01
NK225E    ,OOP,202706,40000.0,            ,132180018,0000000.0000,0000000.0,417.18,0.352608,142180018,0000000.0000,0000000.0,23538.17,0.35759,63484.1,0.267,2027-06-01
NK225E    ,OOP,202706,40250.0,            ,132180218,0000000.0000,0000000.0,429.97,0.351011,142180218,0000000.0000,0000000.0,23303.86,0.355755,63484.1,0.267,2027-06-01
NK225E    ,OOP,202706,40500.0,            ,132180518,0000000.0000,0000000.0,443.14,0.349428,142180518,0000000.0000,0000000.0,23069.93,0.354748,63484.1,0.267,2027-06-01
NK225E    ,OOP,202706,40750.0,            ,132180718,0000000.0000,0000000.0,456.69,0.347858,142180718,0000000.0000,0000000.0,22836.39,0.352807,63484.1,0.267,2027-06-01
NK225E    ,OOP,202706,41000.0,            ,132181018,0000000.0000,0000000.0,470.65,0.346188,142181018,0000000.0000,0000000.0,22603.24,0.350827,63484.1,0.267,2027-06-01
NK225E    ,OOP,202706,41250.0,            ,132181218,0000000.0000,0000000.0,485.02,0.344753,142181218,0000000.0000,0000000.0,22370.52,0.349625,63484.1,0.267,2027-06-01
NK225E    ,OOP,202706,41500.0,            ,132181518,0000000.0000,0000000.0,499.82,0.343226,142181518,0000000.0000,0000000.0,22138.21,0.347554,63484.1,0.267,2027-06-01
NK225E    ,OOP,202706,41750.0,            ,132181718,0000000.0000,0000000.0,515.05,0.341699,142181718,0000000.0000,0000000.0,21906.35,0.34623,63484.1,0.267,2027-06-01
NK225E    ,OOP,202706,42000.0,            ,132182018,0000000.0000,0000000.0,530.73,0.340088,142182018,0000000.0000,0000000.0,21674.93,0.34484,63484.1,0.267,2027-06-01
NK225E    ,OOP,202706,42250.0,            ,132182218,0000000.0000,0000000.0,546.87,0.338711,142182218,0000000.0000,0000000.0,21443.97,0.342641,63484.1,0.267,2027-06-01
NK225E    ,OOP,202706,42500.0,            ,132302518,0000000.0000,0000000.0,563.49,0.337231,142302518,0000000.0000,0000000.0,21213.49,0.341145,63484.1,0.267,2027-06-01
NK225E    ,OOP,202706,42750.0,            ,182182718,0000000.0000,0000000.0,580.6,0.335677,192182718,0000000.0000,0000000.0,20983.5,0.339591,63484.1,0.267,2027-06-01
NK225E    ,OOP,202706,43000.0,            ,182183018,0000000.0000,0000000.0,598.21,0.334312,192183018,0000000.0000,0000000.0,20754.01,0.337983,63484.1,0.267,2027-06-01
NK225E    ,OOP,202706,43250.0,            ,182183218,0000000.0000,0000000.0,616.33,0.332685,192183218,0000000.0000,0000000.0,20525.04,0.337005,63484.1,0.267,2027-06-01
NK225E    ,OOP,202706,43500.0,            ,182183518,0000000.0000,0000000.0,634.99,0.331443,192183518,0000000.0000,0000000.0,20296.59,0.33528,63484.1,0.267,2027-06-01
NK225E    ,OOP,202706,43750.0,            ,182183718,0000000.0000,0000000.0,654.19,0.330028,192183718,0000000.0000,0000000.0,20068.69,0.333507,63484.1,0.267,2027-06-01
NK225E    ,OOP,202706,44000.0,            ,182184018,0000000.0000,0000000.0,673.95,0.328626,192184018,0000000.0000,0000000.0,19841.36,0.33233,63484.1,0.267,2027-06-01
NK225E    ,OOP,202706,44250.0,            ,182184218,0000000.0000,0000000.0,694.28,0.327236,192184218,0000000.0000,0000000.0,19614.59,0.330455,63484.1,0.267,2027-06-01
NK225E    ,OOP,202706,44500.0,            ,182184518,0000000.0000,0000000.0,715.21,0.325832,192184518,0000000.0000,0000000.0,19388.42,0.329154,63484.1,0.267,2027-06-01
NK225E    ,OOP,202706,44750.0,            ,182184718,0000000.0000,0000000.0,736.75,0.324281,192184718,0000000.0000,0000000.0,19162.86,0.327789,63484.1,0.267,2027-06-01
NK225E    ,OOP,202706,45000.0,            ,182185018,0000000.0000,0000000.0,758.9,0.323143,192185018,0000000.0000,0000000.0,18937.92,0.326362,63484.1,0.267,2027-06-01
NK225E    ,OOP,202706,45250.0,            ,182185218,0000000.0000,0000000.0,781.7,0.321604,192185218,0000000.0000,0000000.0,18713.61,0.324876,63484.1,0.267,2027-06-01
NK225E    ,OOP,202706,45500.0,            ,182185518,0000000.0000,0000000.0,805.15,0.32046,192185518,0000000.0000,0000000.0,18489.96,0.323333,63484.1,0.267,2027-06-01
NK225E    ,OOP,202706,45750.0,            ,182185718,0000000.0000,0000000.0,829.27,0.319163,192185718,0000000.0000,0000000.0,18266.99,0.322291,63484.1,0.267,2027-06-01
NK225E    ,OOP,202706,46000.0,            ,182186018,0000000.0000,0000000.0,854.09,0.317861,192186018,0000000.0000,0000000.0,18044.71,0.32063,63484.1,0.267,2027-06-01
NK225E    ,OOP,202706,46250.0,            ,182186218,0000000.0000,0000000.0,879.6,0.316571,192186218,0000000.0000,0000000.0,17823.12,0.319454,63484.1,0.267,2027-06-01
NK225E    ,OOP,202706,46500.0,            ,182186518,0000000.0000,0000000.0,905.85,0.315203,192186518,0000000.0000,0000000.0,17602.27,0.318208,63484.1,0.267,2027-06-01
NK225E    ,OOP,202706,46750.0,            ,182186718,0000000.0000,0000000.0,932.84,0.314029,192186718,0000000.0000,0000000.0,17382.17,0.316897,63484.1,0.267,2027-06-01
NK225E    ,OOP,202706,47000.0,            ,182187018,0000000.0000,0000000.0,960.6,0.312715,192187018,0000000.0000,0000000.0,17162.83,0.315523,63484.1,0.267,2027-06-01
NK225E    ,OOP,202706,47250.0,            ,182187218,0000000.0000,0000000.0,989.14,0.311537,192187218,0000000.0000,0000000.0,16944.27,0.314087,63484.1,0.267,2027-06-01
NK225E    ,OOP,202706,47500.0,            ,182187518,0000000.0000,0000000.0,1018.48,0.310309,192187518,0000000.0000,0000000.0,16726.51,0.313078,63484.1,0.267,2027-06-01
NK225E    ,OOP,202706,47750.0,            ,182187718,0000000.0000,0000000.0,1048.63,0.309093,192187718,0000000.0000,0000000.0,16509.56,0.311519,63484.1,0.267,2027-06-01
NK225E    ,OOP,202706,48000.0,            ,182188018,0000000.0000,0000000.0,1079.63,0.307889,192188018,0000000.0000,0000000.0,16293.46,0.310372,63484.1,0.267,2027-06-01
NK225E    ,OOP,202706,48250.0,            ,182188218,0000000.0000,0000000.0,1111.48,0.30656,192188218,0000000.0000,0000000.0,16078.21,0.309156,63484.1,0.267,2027-06-01
NK225E    ,OOP,202706,48500.0,            ,182188518,0000000.0000,0000000.0,1144.23,0.305518,192188518,0000000.0000,0000000.0,15863.86,0.307874,63484.1,0.267,2027-06-01
NK225E    ,OOP,202706,48750.0,            ,182188718,0000000.0000,0000000.0,1177.86,0.304096,192188718,0000000.0000,0000000.0,15650.39,0.306528,63484.1,0.267,2027-06-01
NK225E    ,OOP,202706,49000.0,            ,182189018,0000000.0000,0000000.0,1212.42,0.302983,192189018,0000000.0000,0000000.0,15437.86,0.305553,63484.1,0.267,2027-06-01
NK225E    ,OOP,202706,49250.0,            ,182189218,0000000.0000,0000000.0,1247.92,0.3018,192189218,0000000.0000,0000000.0,15226.26,0.304077,63484.1,0.267,2027-06-01
NK225E    ,OOP,202706,49500.0,            ,182189518,0000000.0000,0000000.0,1284.38,0.300919,192189518,0000000.0000,0000000.0,15015.62,0.302963,63484.1,0.267,2027-06-01
NK225E    ,OOP,202706,49750.0,            ,182189718,0000000.0000,0000000.0,1321.83,0.299647,192189718,0000000.0000,0000000.0,14805.97,0.301778,63484.1,0.267,2027-06-01
NK225E    ,OOP,202706,50000.0,            ,182180018,0000000.0000,0000000.0,1360.29,0.298667,192180018,0000000.0000,0000000.0,14597.33,0.30093,63484.1,0.267,2027-06-01
NK225E    ,OOP,202706,50250.0,            ,182180218,0000000.0000,0000000.0,1399.78,0.297595,192180218,0000000.0000,0000000.0,14389.72,0.299606,63484.1,0.267,2027-06-01
NK225E    ,OOP,202706,50500.0,            ,182180518,0000000.0000,0000000.0,1440.31,0.296486,192180518,0000000.0000,0000000.0,14183.15,0.29861,63484.1,0.267,2027-06-01
NK225E    ,OOP,202706,50750.0,            ,182180718,0000000.0000,0000000.0,1481.91,0.295289,192180718,0000000.0000,0000000.0,13977.66,0.29754,63484.1,0.267,2027-06-01
NK225E    ,OOP,202706,51000.0,            ,182181018,0000000.0000,0000000.0,1524.61,0.294376,192181018,0000000.0000,0000000.0,13773.26,0.296399,63484.1,0.267,2027-06-01
NK225E    ,OOP,202706,51250.0,            ,182181218,0000000.0000,0000000.0,1568.44,0.29307,192181218,0000000.0000,0000000.0,13569.99,0.295189,63484.1,0.267,2027-06-01
NK225E    ,OOP,202706,51500.0,            ,182181518,0000000.0000,0000000.0,1613.4,0.292039,192181518,0000000.0000,0000000.0,13367.85,0.294278,63484.1,0.267,2027-06-01
NK225E    ,OOP,202706,51750.0,            ,182181718,0000000.0000,0000000.0,1659.51,0.290936,192181718,0000000.0000,0000000.0,13166.86,0.292931,63484.1,0.267,2027-06-01
NK225E    ,OOP,202706,52000.0,            ,182182018,0000000.0000,0000000.0,1706.81,0.290118,192182018,0000000.0000,0000000.0,12967.06,0.291875,63484.1,0.267,2027-06-01
NK225E    ,OOP,202706,52250.0,            ,182182218,0000000.0000,0000000.0,1755.31,0.289221,192182218,0000000.0000,0000000.0,12768.47,0.291097,63484.1,0.267,2027-06-01
NK225E    ,OOP,202706,52500.0,            ,182302518,0000000.0000,0000000.0,1805.05,0.287902,192302518,0000000.0000,0000000.0,12571.11,0.289896,63484.1,0.267,2027-06-01
NK225E    ,OOP,202706,52750.0,            ,132302718,0000000.0000,0000000.0,1856.04,0.287199,142302718,0000000.0000,0000000.0,12375.0,0.288966,63484.1,0.267,2027-06-01
NK225E    ,OOP,202706,53000.0,            ,132303018,0000000.0000,0000000.0,1908.32,0.286079,142303018,0000000.0000,0000000.0,12180.17,0.287961,63484.1,0.267,2027-06-01
NK225E    ,OOP,202706,53250.0,            ,132303218,0000000.0000,0000000.0,1961.88,0.285218,142303218,0000000.0000,0000000.0,11986.64,0.286882,63484.1,0.267,2027-06-01
NK225E    ,OOP,202706,53500.0,            ,132303518,0000000.0000,0000000.0,2016.77,0.284281,142303518,0000000.0000,0000000.0,11794.43,0.286057,63484.1,0.267,2027-06-01
NK225E    ,OOP,202706,53750.0,            ,132303718,0000000.0000,0000000.0,2072.99,0.283268,142303718,0000000.0000,0000000.0,11603.55,0.285154,63484.1,0.267,2027-06-01
NK225E    ,OOP,202706,54000.0,            ,132304018,0000000.0000,0000000.0,2130.58,0.282181,142304018,0000000.0000,0000000.0,11414.04,0.284175,63484.1,0.267,2027-06-01
NK225E    ,OOP,202706,54250.0,            ,132304218,0000000.0000,0000000.0,2189.56,0.281336,142304218,0000000.0000,0000000.0,11225.92,0.283123,63484.1,0.267,2027-06-01
NK225E    ,OOP,202706,54500.0,            ,132304518,0000000.0000,0000000.0,2249.96,0.280413,142304518,0000000.0000,0000000.0,11039.22,0.282306,63484.1,0.267,2027-06-01
NK225E    ,OOP,202706,54750.0,            ,132304718,0000000.0000,0000000.0,2311.77,0.279719,142304718,0000000.0000,0000000.0,10853.94,0.281107,63484.1,0.267,2027-06-01
NK225E    ,OOP,202706,55000.0,            ,132305018,0000000.0000,0000000.0,2375.06,0.278643,142305018,0000000.0000,0000000.0,10670.13,0.28044,63484.1,0.267,2027-06-01
NK225E    ,OOP,202706,55250.0,            ,132305218,0000000.0000,0000000.0,2439.81,0.277791,142305218,0000000.0000,0000000.0,10487.78,0.279395,63484.1,0.267,2027-06-01
NK225E    ,OOP,202706,55500.0,            ,132305518,0000000.0000,0000000.0,2506.05,0.276863,142305518,0000000.0000,0000000.0,10306.92,0.27857,63484.1,0.267,2027-06-01
NK225E    ,OOP,202706,55750.0,            ,132305718,0000000.0000,0000000.0,2573.82,0.276148,142305718,0000000.0000,0000000.0,10127.59,0.277667,63484.1,0.267,2027-06-01
NK225E    ,OOP,202706,56000.0,            ,132306018,0000000.0000,0000000.0,2643.13,0.275353,142306018,0000000.0000,0000000.0,9949.81,0.276689,63484.1,0.267,2027-06-01
NK225E    ,OOP,202706,56250.0,            ,132306218,0000000.0000,0000000.0,2714.01,0.27448,142306218,0000000.0000,0000000.0,9773.58,0.275919,63484.1,0.267,2027-06-01
NK225E    ,OOP,202706,56500.0,            ,132306518,0000000.0000,0000000.0,2786.46,0.273529,142306518,0000000.0000,0000000.0,9598.93,0.275071,63484.1,0.267,2027-06-01
NK225E    ,OOP,202706,56750.0,            ,132306718,0000000.0000,0000000.0,2860.51,0.27278,142306718,0000000.0000,0000000.0,9425.88,0.274422,63484.1,0.267,2027-06-01
NK225E    ,OOP,202706,57000.0,            ,132307018,0000000.0000,0000000.0,2936.18,0.271952,142307018,0000000.0000,0000000.0,9254.46,0.273418,63484.1,0.267,2027-06-01
NK225E    ,OOP,202706,57250.0,            ,132307218,0000000.0000,0000000.0,3013.49,0.271318,142307218,0000000.0000,0000000.0,9084.67,0.272612,63484.1,0.267,2027-06-01
NK225E    ,OOP,202706,57500.0,            ,132307518,0000000.0000,0000000.0,3092.45,0.270333,142307518,0000000.0000,0000000.0,8916.53,0.271996,63484.1,0.267,2027-06-01
NK225E    ,OOP,202706,57750.0,            ,132307718,0000000.0000,0000000.0,3173.11,0.26954,142307718,0000000.0000,0000000.0,8750.09,0.271033,63484.1,0.267,2027-06-01
NK225E    ,OOP,202706,58000.0,            ,132308018,0000000.0000,0000000.0,3255.43,0.268932,142308018,0000000.0000,0000000.0,8585.32,0.270258,63484.1,0.267,2027-06-01
NK225E    ,OOP,202706,58250.0,            ,132308218,0000000.0000,0000000.0,3339.48,0.268242,142308218,0000000.0000,0000000.0,8422.27,0.269667,63484.1,0.267,2027-06-01
NK225E    ,OOP,202706,58500.0,            ,132308518,0000000.0000,0000000.0,3425.25,0.267472,142308518,0000000.0000,0000000.0,8260.94,0.268734,63484.1,0.267,2027-06-01
NK225E    ,OOP,202706,58750.0,            ,132308718,0000000.0000,0000000.0,3512.78,0.266623,142308718,0000000.0000,0000000.0,8101.37,0.267983,63484.1,0.267,2027-06-01
NK225E    ,OOP,202706,59000.0,            ,132309018,0000000.0000,0000000.0,3602.06,0.265952,142309018,0000000.0000,0000000.0,7943.55,0.267408,63484.1,0.267,2027-06-01
NK225E    ,OOP,202706,59250.0,            ,132309218,0000000.0000,0000000.0,3693.11,0.2652,142309218,0000000.0000,0000000.0,7787.5,0.266752,63484.1,0.267,2027-06-01
NK225E    ,OOP,202706,59500.0,            ,132309518,0000000.0000,0000000.0,3785.95,0.264621,142309518,0000000.0000,0000000.0,7633.24,0.266016,63484.1,0.267,2027-06-01
NK225E    ,OOP,202706,59750.0,            ,132309718,0000000.0000,0000000.0,3880.59,0.263961,142309718,0000000.0000,0000000.0,7480.78,0.2652,63484.1,0.267,2027-06-01
NK225E    ,OOP,202706,60000.0,            ,132300018,0003775.0000,0000000.0,3977.06,0.263219,142300018,0000000.0000,0000000.0,7330.15,0.264555,63484.1,0.267,2027-06-01
NK225E    ,OOP,202706,60250.0,            ,132300218,0000000.0000,0000000.0,4075.33,0.262646,142300218,0000000.0000,0000000.0,7181.33,0.26383,63484.1,0.267,2027-06-01
NK225E    ,OOP,202706,60500.0,            ,132300518,0000000.0000,0000000.0,4175.45,0.26199,142300518,0000000.0000,0000000.0,7034.35,0.263271,63484.1,0.267,2027-06-01
NK225E    ,OOP,202706,60750.0,            ,132300718,0000000.0000,0000000.0,4277.44,0.261255,142300718,0000000.0000,0000000.0,6889.24,0.26263,63484.1,0.267,2027-06-01
NK225E    ,OOP,202706,61000.0,            ,132301018,0000000.0000,0000000.0,4381.27,0.260682,142301018,0000000.0000,0000000.0,6745.97,0.26191,63484.1,0.267,2027-06-01
NK225E    ,OOP,202706,61250.0,            ,132301218,0000000.0000,0000000.0,4486.98,0.260029,142301218,0000000.0000,0000000.0,6604.58,0.261352,63484.1,0.267,2027-06-01
NK225E    ,OOP,202706,61500.0,            ,132301518,0000000.0000,0000000.0,4594.56,0.259295,142301518,0000000.0000,0000000.0,6465.07,0.260713,63484.1,0.267,2027-06-01
NK225E    ,OOP,202706,61750.0,            ,132301718,0000000.0000,0000000.0,4704.02,0.258721,142301718,0000000.0000,0000000.0,6327.42,0.259994,63484.1,0.267,2027-06-01
NK225E    ,OOP,202706,62000.0,            ,132302018,0000000.0000,0000000.0,4815.36,0.258066,142302018,0000000.0000,0000000.0,6191.66,0.259434,63484.1,0.267,2027-06-01
NK225E    ,OOP,202706,62250.0,            ,132302218,0000000.0000,0000000.0,4928.64,0.257569,142302218,0000000.0000,0000000.0,6057.85,0.258793,63484.1,0.267,2027-06-01
NK225E    ,OOP,202706,62500.0,            ,182182518,0000000.0000,0000000.0,5043.82,0.25699,192182518,0000000.0000,0000000.0,5925.92,0.258309,63484.1,0.267,2027-06-01
NK225E    ,OOP,202706,62750.0,            ,182302718,0000000.0000,0000000.0,5160.89,0.25633,192302718,0000000.0000,0000000.0,5795.89,0.257745,63484.1,0.267,2027-06-01
NK225E    ,OOP,202706,63000.0,            ,182303018,0000000.0000,0000000.0,5279.86,0.255826,192303018,0000000.0000,0000000.0,5667.77,0.257101,63484.1,0.267,2027-06-01
NK225E    ,OOP,202706,63250.0,            ,182303218,0000000.0000,0000000.0,5400.73,0.255241,192303218,0000000.0000,0000000.0,5541.54,0.256611,63484.1,0.267,2027-06-01
NK225E    ,OOP,202706,63500.0,            ,182303518,0000000.0000,0000000.0,5523.58,0.25481,192303518,0000000.0000,0000000.0,5417.29,0.256041,63484.1,0.267,2027-06-01
NK225E    ,OOP,202706,63750.0,            ,182303718,0000000.0000,0000000.0,5648.32,0.254298,192303718,0000000.0000,0000000.0,5294.93,0.255392,63484.1,0.267,2027-06-01
NK225E    ,OOP,202706,64000.0,            ,182304018,0000000.0000,0000000.0,5774.94,0.253706,192304018,0000000.0000,0000000.0,5174.46,0.254896,63484.1,0.267,2027-06-01
NK225E    ,OOP,202706,64250.0,            ,182304218,0000000.0000,0000000.0,5903.52,0.253266,192304218,0000000.0000,0000000.0,5055.94,0.254553,63484.1,0.267,2027-06-01
NK225E    ,OOP,202706,64500.0,            ,182304518,0000000.0000,0000000.0,6033.99,0.252747,192304518,0000000.0000,0000000.0,4939.3,0.253898,63484.1,0.267,2027-06-01
NK225E    ,OOP,202706,64750.0,            ,182304718,0000000.0000,0000000.0,6166.41,0.252147,192304718,0000000.0000,0000000.0,4824.62,0.253395,63484.1,0.267,2027-06-01
NK225E    ,OOP,202706,65000.0,            ,182305018,0000000.0000,0000000.0,6300.69,0.251701,192305018,0000000.0000,0000000.0,4711.81,0.253047,63484.1,0.267,2027-06-01
NK225E    ,OOP,202706,65250.0,            ,182305218,0000000.0000,0000000.0,6436.92,0.251174,192305218,0000000.0000,0000000.0,4600.94,0.252385,63484.1,0.267,2027-06-01
NK225E    ,OOP,202706,65500.0,            ,182305518,0000000.0000,0000000.0,6575.02,0.250801,192305518,0000000.0000,0000000.0,4491.95,0.252111,63484.1,0.267,2027-06-01
NK225E    ,OOP,202706,65750.0,            ,182305718,0000000.0000,0000000.0,6715.03,0.250349,192305718,0000000.0000,0000000.0,4384.85,0.251524,63484.1,0.267,2027-06-01
NK225E    ,OOP,202706,66000.0,            ,182306018,0000000.0000,0000000.0,6856.94,0.249816,192306018,0000000.0000,0000000.0,4279.67,0.251092,63484.1,0.267,2027-06-01
NK225E    ,OOP,202706,66250.0,            ,182306218,0000000.0000,0000000.0,7000.72,0.249439,192306218,0000000.0000,0000000.0,4176.34,0.25058,63484.1,0.267,2027-06-01
NK225E    ,OOP,202706,66500.0,            ,182306518,0000000.0000,0000000.0,7146.37,0.248982,192306518,0000000.0000,0000000.0,4074.9,0.250224,63484.1,0.267,2027-06-01
NK225E    ,OOP,202706,66750.0,            ,182306718,0000000.0000,0000000.0,7293.89,0.248447,192306718,0000000.0000,0000000.0,3975.32,0.24979,63484.1,0.267,2027-06-01
NK225E    ,OOP,202706,67000.0,            ,182307018,0000000.0000,0000000.0,7443.24,0.248067,192307018,0000000.0000,0000000.0,3877.57,0.249278,63484.1,0.267,2027-06-01
NK225E    ,OOP,202706,67250.0,            ,182307218,0000000.0000,0000000.0,7594.44,0.24761,192307218,0000000.0000,0000000.0,3781.68,0.248923,63484.1,0.267,2027-06-01
NK225E    ,OOP,202706,67500.0,            ,132427518,0000000.0000,0000000.0,7747.49,0.24731,142427518,0000000.0000,0000000.0,3687.62,0.24849,63484.1,0.267,2027-06-01
NK225E    ,OOP,202706,67750.0,            ,182307718,0000000.0000,0000000.0,7902.35,0.246934,192307718,0000000.0000,0000000.0,3595.39,0.248217,63484.1,0.267,2027-06-01
NK225E    ,OOP,202706,68000.0,            ,182308018,0000000.0000,0000000.0,8059.02,0.246479,192308018,0000000.0000,0000000.0,3504.95,0.247868,63484.1,0.267,2027-06-01
NK225E    ,OOP,202706,68250.0,            ,182308218,0000000.0000,0000000.0,8217.48,0.246186,192308218,0000000.0000,0000000.0,3416.32,0.247441,63484.1,0.267,2027-06-01
NK225E    ,OOP,202706,68500.0,            ,182308518,0000000.0000,0000000.0,8377.73,0.245816,192308518,0000000.0000,0000000.0,3329.47,0.247178,63484.1,0.267,2027-06-01
NK225E    ,OOP,202706,68750.0,            ,182308718,0000000.0000,0000000.0,8539.72,0.245369,192308718,0000000.0000,0000000.0,3244.36,0.246597,63484.1,0.267,2027-06-01
NK225E    ,OOP,202706,69000.0,            ,182309018,0000000.0000,0000000.0,8703.48,0.245087,192309018,0000000.0000,0000000.0,3161.02,0.246424,63484.1,0.267,2027-06-01
NK225E    ,OOP,202706,69250.0,            ,182309218,0000000.0000,0000000.0,8868.95,0.24473,192309218,0000000.0000,0000000.0,3079.39,0.245932,63484.1,0.267,2027-06-01
NK225E    ,OOP,202706,69500.0,            ,182309518,0000000.0000,0000000.0,9036.15,0.244295,192309518,0000000.0000,0000000.0,2999.49,0.245608,63484.1,0.267,2027-06-01
NK225E    ,OOP,202706,69750.0,            ,182309718,0000000.0000,0000000.0,9205.04,0.244031,192309718,0000000.0000,0000000.0,2921.28,0.245456,63484.1,0.267,2027-06-01
NK225E    ,OOP,202706,70000.0,            ,182300018,0000000.0000,0000000.0,9375.63,0.243692,192300018,0000000.0000,0000000.0,2844.77,0.244982,63484.1,0.267,2027-06-01
NK225E    ,OOP,202706,70250.0,            ,182300218,0000000.0000,0000000.0,9547.87,0.243529,192300218,0000000.0000,0000000.0,2769.92,0.244681,63484.1,0.267,2027-06-01
NK225E    ,OOP,202706,70500.0,            ,182300518,0000000.0000,0000000.0,9721.73,0.243039,192300518,0000000.0000,0000000.0,2696.68,0.244558,63484.1,0.267,2027-06-01
NK225E    ,OOP,202706,70750.0,            ,182300718,0000000.0000,0000000.0,9897.23,0.242726,192300718,0000000.0000,0000000.0,2625.08,0.244108,63484.1,0.267,2027-06-01
NK225E    ,OOP,202706,71000.0,            ,182301018,0000000.0000,0000000.0,10074.34,0.242595,192301018,0000000.0000,0000000.0,2555.09,0.243839,63484.1,0.267,2027-06-01
NK225E    ,OOP,202706,71250.0,            ,182301218,0000000.0000,0000000.0,10253.03,0.242133,192301218,0000000.0000,0000000.0,2486.68,0.243754,63484.1,0.267,2027-06-01
NK225E    ,OOP,202706,71500.0,            ,182301518,0000000.0000,0000000.0,10433.28,0.241855,192301518,0000000.0000,0000000.0,2419.83,0.243338,63484.1,0.267,2027-06-01
NK225E    ,OOP,202706,71750.0,            ,182301718,0000000.0000,0000000.0,10615.08,0.241767,192301718,0000000.0000,0000000.0,2354.53,0.24311,63484.1,0.267,2027-06-01
NK225E    ,OOP,202706,72000.0,            ,182302018,0000000.0000,0000000.0,10798.39,0.241343,192302018,0000000.0000,0000000.0,2290.75,0.242809,63484.1,0.267,2027-06-01
NK225E    ,OOP,202706,72250.0,            ,182302218,0000000.0000,0000000.0,10983.21,0.241111,192302218,0000000.0000,0000000.0,2228.47,0.242702,63484.1,0.267,2027-06-01
NK225E    ,OOP,202706,72500.0,            ,132422518,0000000.0000,0000000.0,11169.51,0.241077,142422518,0000000.0000,0000000.0,2167.67,0.242526,63484.1,0.267,2027-06-01
NK225E    ,OOP,202706,72750.0,            ,132422718,0000000.0000,0000000.0,11357.25,0.240702,142422718,0000000.0000,0000000.0,2108.31,0.24228,63484.1,0.267,2027-06-01
NK225E    ,OOP,202706,73000.0,            ,132423018,0000000.0000,0000000.0,11546.43,0.240528,142423018,0000000.0000,0000000.0,2050.39,0.241961,63484.1,0.267,2027-06-01
NK225E    ,OOP,202706,73250.0,            ,132423218,0000000.0000,0000000.0,11737.02,0.240283,142423218,0000000.0000,0000000.0,1993.88,0.241848,63484.1,0.267,2027-06-01
NK225E    ,OOP,202706,73500.0,            ,132423518,0000000.0000,0000000.0,11928.99,0.239968,142423518,0000000.0000,0000000.0,1938.75,0.241667,63484.1,0.267,2027-06-01
NK225E    ,OOP,202706,73750.0,            ,132423718,0000000.0000,0000000.0,12122.33,0.239864,142423718,0000000.0000,0000000.0,1885.0,0.241416,63484.1,0.267,2027-06-01
NK225E    ,OOP,202706,74000.0,            ,132424018,0000000.0000,0000000.0,12317.02,0.239692,142424018,0000000.0000,0000000.0,1832.58,0.241095,63484.1,0.267,2027-06-01
NK225E    ,OOP,202706,74250.0,            ,132424218,0000000.0000,0000000.0,12513.02,0.239451,142424218,0000000.0000,0000000.0,1781.48,0.240992,63484.1,0.267,2027-06-01
NK225E    ,OOP,202706,74500.0,            ,132424518,0000000.0000,0000000.0,12710.3,0.239139,142424518,0000000.0000,0000000.0,1731.67,0.240821,63484.1,0.267,2027-06-01
NK225E    ,OOP,202706,74750.0,            ,132424718,0000000.0000,0000000.0,12908.86,0.239054,142424718,0000000.0000,0000000.0,1683.14,0.240583,63484.1,0.267,2027-06-01
NK225E    ,OOP,202706,75000.0,            ,132425018,0000000.0000,0000000.0,13108.69,0.238902,142425018,0000000.0000,0000000.0,1635.86,0.240575,63484.1,0.267,2027-06-01
NK225E    ,OOP,202706,75250.0,            ,132425218,0000000.0000,0000000.0,13309.71,0.238683,142425218,0000000.0000,0000000.0,1589.79,0.240504,63484.1,0.267,2027-06-01
NK225E    ,OOP,202706,75500.0,            ,132425518,0000000.0000,0000000.0,13511.95,0.238703,142425518,0000000.0000,0000000.0,1544.93,0.240368,63484.1,0.267,2027-06-01
NK225E    ,OOP,202706,75750.0,            ,132425718,0000000.0000,0000000.0,13715.38,0.238349,142425718,0000000.0000,0000000.0,1501.26,0.240166,63484.1,0.267,2027-06-01
NK225E    ,OOP,202706,76000.0,            ,132426018,0000000.0000,0000000.0,13919.94,0.238239,142426018,0000000.0000,0000000.0,1458.72,0.239897,63484.1,0.267,2027-06-01
NK225E    ,OOP,202706,76250.0,            ,132426218,0000000.0000,0000000.0,14125.65,0.238064,142426218,0000000.0000,0000000.0,1417.33,0.239878,63484.1,0.267,2027-06-01
NK225E    ,OOP,202706,77500.0,            ,182307518,0000000.0000,0000000.0,15170.35,0.237531,192307518,0000000.0000,0000000.0,1226.54,0.239507,63484.1,0.267,2027-06-01
NK225E    ,OOP,202706,80000.0,            ,132420018,0000000.0000,0000000.0,17331.69,0.236793,142420018,0000000.0000,0000000.0,916.89,0.23917,63484.1,0.267,2027-06-01
NK225E    ,OOP,202706,85000.0,            ,182425018,0000000.0000,0000000.0,21872.17,0.237168,192425018,0000000.0000,0000000.0,515.4,0.239673,63484.1,0.267,2027-06-01
NK225E    ,OOP,202706,90000.0,            ,182420018,0000000.0000,0000000.0,26597.84,0.239455,192420018,0000000.0000,0000000.0,299.1,0.244156,63484.1,0.267,2027-06-01
NK225E    ,OOP,202706,95000.0,            ,132545018,0000000.0000,0000000.0,31424.54,0.243072,142545018,0000000.0000,0000000.0,183.82,0.249225,63484.1,0.267,2027-06-01
NK225E    ,OOP,202706,100000.0,            ,132540018,0000000.0000,0000000.0,36304.74,0.248382,142540018,0000000.0000,0000000.0,122.04,0.256792,63484.1,0.267,2027-06-01
NK225E    ,OOP,202707,53000.0,            ,132073018,0000000.0000,0000000.0,2116.8,0.286943,142073018,0000000.0000,0000000.0,12404.41,0.283345,63484.1,0.267,2027-07-01
NK225E    ,OOP,202707,54000.0,            ,132074018,0000000.0000,0000000.0,2339.63,0.282813,142074018,0000000.0000,0000000.0,11640.05,0.279231,63484.1,0.267,2027-07-01
NK225E    ,OOP,202707,55000.0,            ,132075018,0000000.0000,0000000.0,2585.04,0.278802,142075018,0000000.0000,0000000.0,10898.27,0.275512,63484.1,0.267,2027-07-01
NK225E    ,OOP,202707,56000.0,            ,132076018,0000000.0000,0000000.0,2854.32,0.275382,142076018,0000000.0000,0000000.0,10180.35,0.272084,63484.1,0.267,2027-07-01
NK225E    ,OOP,202707,57000.0,            ,132077018,0000000.0000,0000000.0,3148.73,0.271918,142077018,0000000.0000,0000000.0,9487.56,0.268605,63484.1,0.267,2027-07-01
NK225E    ,OOP,202707,57500.0,            ,182077518,0000000.0000,0000000.0,3306.27,0.270157,192077518,0000000.0000,0000000.0,9151.51,0.267088,63484.1,0.267,2027-07-01
NK225E    ,OOP,202707,57750.0,            ,182077718,0000000.0000,0000000.0,3387.13,0.269552,192077718,0000000.0000,0000000.0,8985.57,0.266348,63484.1,0.267,2027-07-01
NK225E    ,OOP,202707,58000.0,            ,132078018,0000000.0000,0000000.0,3469.43,0.268622,142078018,0000000.0000,0000000.0,8821.07,0.265536,63484.1,0.267,2027-07-01
NK225E    ,OOP,202707,58250.0,            ,182078218,0000000.0000,0000000.0,3554.23,0.267872,192078218,0000000.0000,0000000.0,8659.07,0.2649,63484.1,0.267,2027-07-01
NK225E    ,OOP,202707,58500.0,            ,182078518,0000000.0000,0000000.0,3640.5,0.267297,192078518,0000000.0000,0000000.0,8498.54,0.264191,63484.1,0.267,2027-07-01
NK225E    ,OOP,202707,58750.0,            ,182078718,0000000.0000,0000000.0,3728.21,0.266402,192078718,0000000.0000,0000000.0,8339.46,0.263408,63484.1,0.267,2027-07-01
NK225E    ,OOP,202707,59000.0,            ,132079018,0000000.0000,0000000.0,3817.43,0.265681,142079018,0000000.0000,0000000.0,8181.88,0.262797,63484.1,0.267,2027-07-01
NK225E    ,OOP,202707,59250.0,            ,182079218,0000000.0000,0000000.0,3909.2,0.264889,192079218,0000000.0000,0000000.0,8026.85,0.262111,63484.1,0.267,2027-07-01
NK225E    ,OOP,202707,59500.0,            ,182079518,0000000.0000,0000000.0,4002.5,0.264264,192079518,0000000.0000,0000000.0,7873.35,0.261352,63484.1,0.267,2027-07-01
NK225E    ,OOP,202707,59750.0,            ,182079718,0000000.0000,0000000.0,4097.31,0.263566,192079718,0000000.0000,0000000.0,7721.36,0.260759,63484.1,0.267,2027-07-01
NK225E    ,OOP,202707,60000.0,            ,132070018,0000000.0000,0000000.0,4193.67,0.263032,142070018,0000000.0000,0000000.0,7570.92,0.260092,63484.1,0.267,2027-07-01
NK225E    ,OOP,202707,60250.0,            ,182070218,0000000.0000,0000000.0,4292.62,0.262189,192070218,0000000.0000,0000000.0,7423.07,0.259586,63484.1,0.267,2027-07-01
NK225E    ,OOP,202707,60500.0,            ,182070518,0000000.0000,0000000.0,4393.13,0.261743,192070518,0000000.0000,0000000.0,7276.79,0.258771,63484.1,0.267,2027-07-01
NK225E    ,OOP,202707,60750.0,            ,182070718,0000000.0000,0000000.0,4495.22,0.26099,192070718,0000000.0000,0000000.0,7132.07,0.258117,63484.1,0.267,2027-07-01
NK225E    ,OOP,202707,61000.0,            ,132071018,0000000.0000,0000000.0,4598.88,0.260396,142071018,0000000.0000,0000000.0,6988.93,0.257621,63484.1,0.267,2027-07-01
NK225E    ,OOP,202707,61250.0,            ,182071218,0000000.0000,0000000.0,4705.17,0.259729,192071218,0000000.0000,0000000.0,6848.42,0.25705,63484.1,0.267,2027-07-01
NK225E    ,OOP,202707,61500.0,            ,182071518,0000000.0000,0000000.0,4813.08,0.259218,192071518,0000000.0000,0000000.0,6709.54,0.256405,63484.1,0.267,2027-07-01
NK225E    ,OOP,202707,61750.0,            ,182071718,0000000.0000,0000000.0,4922.57,0.258634,192071718,0000000.0000,0000000.0,6572.23,0.255914,63484.1,0.267,2027-07-01
NK225E    ,OOP,202707,62000.0,            ,132072018,0000000.0000,0000000.0,5033.68,0.257977,142072018,0000000.0000,0000000.0,6436.54,0.25535,63484.1,0.267,2027-07-01
NK225E    ,OOP,202707,62250.0,            ,182072218,0000000.0000,0000000.0,5147.42,0.257474,192072218,0000000.0000,0000000.0,6303.48,0.254711,63484.1,0.267,2027-07-01
NK225E    ,OOP,202707,62500.0,            ,182072518,0000000.0000,0000000.0,5262.83,0.256897,192072518,0000000.0000,0000000.0,6172.09,0.254225,63484.1,0.267,2027-07-01
NK225E    ,OOP,202707,62750.0,            ,182072718,0000000.0000,0000000.0,5379.82,0.256473,192072718,0000000.0000,0000000.0,6042.28,0.253664,63484.1,0.267,2027-07-01
NK225E    ,OOP,202707,63000.0,            ,182073018,0000000.0000,0000000.0,5498.48,0.255975,192073018,0000000.0000,0000000.0,5914.15,0.253255,63484.1,0.267,2027-07-01
NK225E    ,OOP,202707,63250.0,            ,132073218,0000000.0000,0000000.0,5619.77,0.255404,142073218,0000000.0000,0000000.0,5788.64,0.252771,63484.1,0.267,2027-07-01
NK225E    ,OOP,202707,63500.0,            ,132073518,0000000.0000,0000000.0,5742.69,0.254984,142073518,0000000.0000,0000000.0,5664.76,0.252213,63484.1,0.267,2027-07-01
NK225E    ,OOP,202707,63750.0,            ,132073718,0000000.0000,0000000.0,5867.23,0.254491,142073718,0000000.0000,0000000.0,5542.5,0.251805,63484.1,0.267,2027-07-01
NK225E    ,OOP,202707,64000.0,            ,182074018,0000000.0000,0000000.0,5993.46,0.253926,192074018,0000000.0000,0000000.0,5421.93,0.251323,63484.1,0.267,2027-07-01
NK225E    ,OOP,202707,64250.0,            ,132074218,0000000.0000,0000000.0,6122.24,0.25351,142074218,0000000.0000,0000000.0,5303.92,0.250768,63484.1,0.267,2027-07-01
NK225E    ,OOP,202707,64500.0,            ,132074518,0000000.0000,0000000.0,6252.74,0.253022,142074518,0000000.0000,0000000.0,5187.61,0.250362,63484.1,0.267,2027-07-01
NK225E    ,OOP,202707,64750.0,            ,132074718,0000000.0000,0000000.0,6384.82,0.252461,142074718,0000000.0000,0000000.0,5072.9,0.249883,63484.1,0.267,2027-07-01
NK225E    ,OOP,202707,65000.0,            ,182075018,0000000.0000,0000000.0,6518.59,0.252051,192075018,0000000.0000,0000000.0,4959.87,0.249331,63484.1,0.267,2027-07-01
NK225E    ,OOP,202707,65250.0,            ,132075218,0000000.0000,0000000.0,6654.89,0.25179,142075218,0000000.0000,0000000.0,4849.37,0.248928,63484.1,0.267,2027-07-01
NK225E    ,OOP,202707,65500.0,            ,132075518,0000000.0000,0000000.0,6792.88,0.251236,142075518,0000000.0000,0000000.0,4740.56,0.248675,63484.1,0.267,2027-07-01
NK225E    ,OOP,202707,65750.0,            ,132075718,0000000.0000,0000000.0,6932.46,0.250832,142075718,0000000.0000,0000000.0,4633.34,0.248126,63484.1,0.267,2027-07-01
NK225E    ,OOP,202707,66000.0,            ,182076018,0000000.0000,0000000.0,7073.68,0.250578,192076018,0000000.0000,0000000.0,4527.76,0.247728,63484.1,0.267,2027-07-01
NK225E    ,OOP,202707,66250.0,            ,132076218,0000000.0000,0000000.0,7217.43,0.250031,142076218,0000000.0000,0000000.0,4424.71,0.24748,63484.1,0.267,2027-07-01
NK225E    ,OOP,202707,66500.0,            ,132076518,0000000.0000,0000000.0,7362.79,0.249858,142076518,0000000.0000,0000000.0,4323.27,0.247161,63484.1,0.267,2027-07-01
NK225E    ,OOP,202707,66750.0,            ,132076718,0000000.0000,0000000.0,7509.74,0.249392,142076718,0000000.0000,0000000.0,4223.43,0.24677,63484.1,0.267,2027-07-01
NK225E    ,OOP,202707,67000.0,            ,182077018,0000000.0000,0000000.0,7658.31,0.249079,192077018,0000000.0000,0000000.0,4125.2,0.246307,63484.1,0.267,2027-07-01
NK225E    ,OOP,202707,67250.0,            ,132077218,0000000.0000,0000000.0,7809.35,0.248695,142077218,0000000.0000,0000000.0,4029.44,0.245997,63484.1,0.267,2027-07-01
NK225E    ,OOP,202707,67500.0,            ,132077518,0000000.0000,0000000.0,7961.96,0.248466,142077518,0000000.0000,0000000.0,3935.26,0.245617,63484.1,0.267,2027-07-01
NK225E    ,OOP,202707,67750.0,            ,132077718,0000000.0000,0000000.0,8116.14,0.248167,142077718,0000000.0000,0000000.0,3842.63,0.245391,63484.1,0.267,2027-07-01
NK225E    ,OOP,202707,68000.0,            ,182078018,0000000.0000,0000000.0,8271.86,0.247799,192078018,0000000.0000,0000000.0,3751.55,0.245095,63484.1,0.267,2027-07-01
NK225E    ,OOP,202707,68250.0,            ,132078218,0000000.0000,0000000.0,8430.01,0.247589,142078218,0000000.0000,0000000.0,3662.9,0.244729,63484.1,0.267,2027-07-01
NK225E    ,OOP,202707,68500.0,            ,132078518,0000000.0000,0000000.0,8589.67,0.24731,142078518,0000000.0000,0000000.0,3575.77,0.244521,63484.1,0.267,2027-07-01
NK225E    ,OOP,202707,68750.0,            ,132078718,0000000.0000,0000000.0,8750.86,0.246962,142078718,0000000.0000,0000000.0,3490.15,0.244245,63484.1,0.267,2027-07-01
NK225E    ,OOP,202707,69000.0,            ,182079018,0000000.0000,0000000.0,8913.56,0.246776,192079018,0000000.0000,0000000.0,3406.06,0.243899,63484.1,0.267,2027-07-01
NK225E    ,OOP,202707,69250.0,            ,132079218,0000000.0000,0000000.0,9078.58,0.246522,142079218,0000000.0000,0000000.0,3324.28,0.243715,63484.1,0.267,2027-07-01
NK225E    ,OOP,202707,69500.0,            ,132079518,0000000.0000,0000000.0,9245.06,0.246201,142079518,0000000.0000,0000000.0,3243.97,0.243463,63484.1,0.267,2027-07-01
NK225E    ,OOP,202707,69750.0,            ,132079718,0000000.0000,0000000.0,9413.01,0.246044,142079718,0000000.0000,0000000.0,3165.11,0.243142,63484.1,0.267,2027-07-01
NK225E    ,OOP,202707,70000.0,            ,182070018,0000000.0000,0000000.0,9582.39,0.245822,192070018,0000000.0000,0000000.0,3087.7,0.242989,63484.1,0.267,2027-07-01
NK225E    ,OOP,202707,70250.0,            ,132070218,0000000.0000,0000000.0,9754.01,0.245533,142070218,0000000.0000,0000000.0,3012.52,0.242768,63484.1,0.267,2027-07-01
NK225E    ,OOP,202707,70500.0,            ,132070518,0000000.0000,0000000.0,9927.04,0.245414,142070518,0000000.0000,0000000.0,2938.75,0.242481,63484.1,0.267,2027-07-01
NK225E    ,OOP,202707,70750.0,            ,132070718,0000000.0000,0000000.0,10101.46,0.245231,142070718,0000000.0000,0000000.0,2866.37,0.242365,63484.1,0.267,2027-07-01
NK225E    ,OOP,202707,71000.0,            ,182071018,0000000.0000,0000000.0,10277.28,0.244982,192071018,0000000.0000,0000000.0,2795.39,0.241943,63484.1,0.267,2027-07-01
NK225E    ,OOP,202707,71250.0,            ,132071218,0000000.0000,0000000.0,10455.2,0.24491,142071218,0000000.0000,0000000.0,2726.51,0.241937,63484.1,0.267,2027-07-01
NK225E    ,OOP,202707,71500.0,            ,132071518,0000000.0000,0000000.0,10634.46,0.24453,142071518,0000000.0000,0000000.0,2658.98,0.241624,63484.1,0.267,2027-07-01
NK225E    ,OOP,202707,71750.0,            ,132071718,0000000.0000,0000000.0,10815.05,0.244575,142071718,0000000.0000,0000000.0,2592.76,0.24149,63484.1,0.267,2027-07-01
NK225E    ,OOP,202707,72000.0,            ,182072018,0000000.0000,0000000.0,10996.93,0.244311,192072018,0000000.0000,0000000.0,2527.85,0.241292,63484.1,0.267,2027-07-01
NK225E    ,OOP,202707,72250.0,            ,132072218,0000000.0000,0000000.0,11180.84,0.244231,142072218,0000000.0000,0000000.0,2464.95,0.241279,63484.1,0.267,2027-07-01
NK225E    ,OOP,202707,72500.0,            ,132072518,0000000.0000,0000000.0,11366.0,0.24409,142072518,0000000.0000,0000000.0,2403.32,0.240952,63484.1,0.267,2027-07-01
NK225E    ,OOP,202707,72750.0,            ,132072718,0000000.0000,0000000.0,11552.41,0.243885,142072718,0000000.0000,0000000.0,2342.93,0.240813,63484.1,0.267,2027-07-01
NK225E    ,OOP,202707,73000.0,            ,132193018,0000000.0000,0000000.0,11740.05,0.243873,142193018,0000000.0000,0000000.0,2283.77,0.240867,63484.1,0.267,2027-07-01
NK225E    ,OOP,202707,73250.0,            ,182073218,0000000.0000,0000000.0,11929.57,0.243801,192073218,0000000.0000,0000000.0,2226.49,0.240604,63484.1,0.267,2027-07-01
NK225E    ,OOP,202707,74000.0,            ,132194018,0000000.0000,0000000.0,12505.18,0.243483,142194018,0000000.0000,0000000.0,2061.71,0.240484,63484.1,0.267,2027-07-01
NK225E    ,OOP,202707,75000.0,            ,132195018,0000000.0000,0000000.0,13290.87,0.243481,142195018,0000000.0000,0000000.0,1860.2,0.23993,63484.1,0.267,2027-07-01
NK225E    ,OOP,202707,76000.0,            ,132196018,0000000.0000,0000000.0,14095.63,0.243401,142196018,0000000.0000,0000000.0,1677.76,0.239824,63484.1,0.267,2027-07-01
NK225E    ,OOP,202707,77000.0,            ,132197018,0000000.0000,0000000.0,14917.95,0.243598,142197018,0000000.0000,0000000.0,1512.89,0.239688,63484.1,0.267,2027-07-01
NK225E    ,OOP,202707,78000.0,            ,132198018,0000000.0000,0000000.0,15756.38,0.243549,142198018,0000000.0000,0000000.0,1364.13,0.239902,63484.1,0.267,2027-07-01
NK225E    ,OOP,202707,79000.0,            ,132199018,0000000.0000,0000000.0,16609.47,0.243942,142199018,0000000.0000,0000000.0,1230.02,0.239922,63484.1,0.267,2027-07-01
NK225E    ,OOP,202707,80000.0,            ,132190018,0000000.0000,0000000.0,17475.86,0.244565,142190018,0000000.0000,0000000.0,1109.22,0.240137,63484.1,0.267,2027-07-01
NK225E    ,OOP,202707,81000.0,            ,132191018,0000000.0000,0000000.0,18354.22,0.245158,142191018,0000000.0000,0000000.0,1000.38,0.240651,63484.1,0.267,2027-07-01
NK225E    ,OOP,202707,82000.0,            ,132192018,0000000.0000,0000000.0,19243.33,0.245782,142192018,0000000.0000,0000000.0,902.3,0.240797,63484.1,0.267,2027-07-01
NK225E    ,OOP,202707,83000.0,            ,182193018,0000000.0000,0000000.0,20142.02,0.246098,192193018,0000000.0000,0000000.0,813.79,0.241413,63484.1,0.267,2027-07-01
NK225E    ,OOP,202708,53000.0,            ,132083018,0000000.0000,0000000.0,2319.72,0.284693,142083018,0000000.0000,0000000.0,12684.38,0.28152,63484.1,0.267,2027-08-01
NK225E    ,OOP,202708,54000.0,            ,132084018,0000000.0000,0000000.0,2557.78,0.28109,142084018,0000000.0000,0000000.0,11936.74,0.27783,63484.1,0.267,2027-08-01
NK225E    ,OOP,202708,55000.0,            ,132085018,0000000.0000,0000000.0,2814.65,0.277331,142085018,0000000.0000,0000000.0,11207.91,0.274517,63484.1,0.267,2027-08-01
NK225E    ,OOP,202708,56000.0,            ,132086018,0000000.0000,0000000.0,3092.22,0.273904,142086018,0000000.0000,0000000.0,10499.79,0.271238,63484.1,0.267,2027-08-01
NK225E    ,OOP,202708,57000.0,            ,132087018,0000000.0000,0000000.0,3392.39,0.270486,142087018,0000000.0000,0000000.0,9814.26,0.267953,63484.1,0.267,2027-08-01
NK225E    ,OOP,202708,58000.0,            ,132088018,0000000.0000,0000000.0,3716.86,0.267279,142088018,0000000.0000,0000000.0,9153.03,0.264863,63484.1,0.267,2027-08-01
NK225E    ,OOP,202708,59000.0,            ,132089018,0000000.0000,0000000.0,4067.21,0.264459,142089018,0000000.0000,0000000.0,8517.69,0.261916,63484.1,0.267,2027-08-01
NK225E    ,OOP,202708,59500.0,            ,182089518,0000000.0000,0000000.0,4253.11,0.263006,192089518,0000000.0000,0000000.0,8210.74,0.260625,63484.1,0.267,2027-08-01
NK225E    ,OOP,202708,59750.0,            ,182089718,0000000.0000,0000000.0,4348.22,0.262296,192089718,0000000.0000,0000000.0,8059.43,0.259769,63484.1,0.267,2027-08-01
NK225E    ,OOP,202708,60000.0,            ,132080018,0000000.0000,0000000.0,4444.78,0.261521,142080018,0000000.0000,0000000.0,7909.56,0.259073,63484.1,0.267,2027-08-01
NK225E    ,OOP,202708,60250.0,            ,182080218,0000000.0000,0000000.0,4544.01,0.260905,192080218,0000000.0000,0000000.0,7762.37,0.258534,63484.1,0.267,2027-08-01
NK225E    ,OOP,202708,60500.0,            ,182080518,0000000.0000,0000000.0,4644.77,0.260445,192080518,0000000.0000,0000000.0,7616.7,0.257929,63484.1,0.267,2027-08-01
NK225E    ,OOP,202708,60750.0,            ,182080718,0000000.0000,0000000.0,4746.98,0.259698,192080718,0000000.0000,0000000.0,7472.49,0.257257,63484.1,0.267,2027-08-01
NK225E    ,OOP,202708,61000.0,            ,132081018,0000000.0000,0000000.0,4850.68,0.259106,142081018,0000000.0000,0000000.0,7329.77,0.256739,63484.1,0.267,2027-08-01
NK225E    ,OOP,202708,61250.0,            ,182081218,0000000.0000,0000000.0,4957.17,0.258448,192081218,0000000.0000,0000000.0,7189.83,0.256155,63484.1,0.267,2027-08-01
NK225E    ,OOP,202708,61500.0,            ,182081518,0000000.0000,0000000.0,5065.14,0.257943,192081518,0000000.0000,0000000.0,7051.38,0.255504,63484.1,0.267,2027-08-01
NK225E    ,OOP,202708,61750.0,            ,182081718,0000000.0000,0000000.0,5174.68,0.257371,192081718,0000000.0000,0000000.0,6914.49,0.255004,63484.1,0.267,2027-08-01
NK225E    ,OOP,202708,62000.0,            ,132082018,0000000.0000,0000000.0,5285.74,0.256734,142082018,0000000.0000,0000000.0,6779.13,0.254438,63484.1,0.267,2027-08-01
NK225E    ,OOP,202708,62250.0,            ,182082218,0000000.0000,0000000.0,5399.58,0.256247,192082218,0000000.0000,0000000.0,6646.55,0.25402,63484.1,0.267,2027-08-01
NK225E    ,OOP,202708,62500.0,            ,182082518,0000000.0000,0000000.0,5514.99,0.255694,192082518,0000000.0000,0000000.0,6515.53,0.253321,63484.1,0.267,2027-08-01
NK225E    ,OOP,202708,62750.0,            ,182082718,0000000.0000,0000000.0,5631.93,0.25529,192082718,0000000.0000,0000000.0,6386.05,0.252984,63484.1,0.267,2027-08-01
NK225E    ,OOP,202708,63000.0,            ,182083018,0000000.0000,0000000.0,5750.42,0.254606,192083018,0000000.0000,0000000.0,6258.11,0.252368,63484.1,0.267,2027-08-01
NK225E    ,OOP,202708,63250.0,            ,182083218,0000000.0000,0000000.0,5871.69,0.254282,192083218,0000000.0000,0000000.0,6132.96,0.251898,63484.1,0.267,2027-08-01
NK225E    ,OOP,202708,63500.0,            ,132083518,0000000.0000,0000000.0,5994.57,0.253681,142083518,0000000.0000,0000000.0,6009.41,0.251362,63484.1,0.267,2027-08-01
NK225E    ,OOP,202708,63750.0,            ,132083718,0000000.0000,0000000.0,6118.97,0.253227,142083718,0000000.0000,0000000.0,5887.39,0.250972,63484.1,0.267,2027-08-01
NK225E    ,OOP,202708,64000.0,            ,182084018,0000000.0000,0000000.0,6244.9,0.252917,192084018,0000000.0000,0000000.0,5766.9,0.250515,63484.1,0.267,2027-08-01
NK225E    ,OOP,202708,64250.0,            ,132084218,0000000.0000,0000000.0,6373.61,0.252332,142084218,0000000.0000,0000000.0,5649.18,0.250204,63484.1,0.267,2027-08-01
NK225E    ,OOP,202708,64500.0,            ,132084518,0000000.0000,0000000.0,6503.92,0.251893,142084518,0000000.0000,0000000.0,5533.07,0.249617,63484.1,0.267,2027-08-01
NK225E    ,OOP,202708,64750.0,            ,132084718,0000000.0000,0000000.0,6635.76,0.251599,142084718,0000000.0000,0000000.0,5418.48,0.249384,63484.1,0.267,2027-08-01
NK225E    ,OOP,202708,65000.0,            ,182085018,0000000.0000,0000000.0,6769.13,0.251241,192085018,0000000.0000,0000000.0,5305.43,0.248877,63484.1,0.267,2027-08-01
NK225E    ,OOP,202708,65250.0,            ,132085218,0000000.0000,0000000.0,6905.2,0.250818,142085218,0000000.0000,0000000.0,5195.07,0.248514,63484.1,0.267,2027-08-01
NK225E    ,OOP,202708,65500.0,            ,132085518,0000000.0000,0000000.0,7042.82,0.250541,142085518,0000000.0000,0000000.0,5086.27,0.248087,63484.1,0.267,2027-08-01
NK225E    ,OOP,202708,65750.0,            ,132085718,0000000.0000,0000000.0,7181.96,0.249989,142085718,0000000.0000,0000000.0,4978.99,0.247804,63484.1,0.267,2027-08-01
NK225E    ,OOP,202708,66000.0,            ,182086018,0000000.0000,0000000.0,7322.65,0.249794,192086018,0000000.0000,0000000.0,4873.25,0.247458,63484.1,0.267,2027-08-01
NK225E    ,OOP,202708,66250.0,            ,132086218,0000000.0000,0000000.0,7465.91,0.249325,142086218,0000000.0000,0000000.0,4770.09,0.247047,63484.1,0.267,2027-08-01
NK225E    ,OOP,202708,66500.0,            ,132086518,0000000.0000,0000000.0,7610.71,0.249003,142086518,0000000.0000,0000000.0,4668.46,0.246782,63484.1,0.267,2027-08-01
NK225E    ,OOP,202708,66750.0,            ,132086718,0000000.0000,0000000.0,7756.99,0.248828,142086718,0000000.0000,0000000.0,4568.33,0.246453,63484.1,0.267,2027-08-01
NK225E    ,OOP,202708,67000.0,            ,182087018,0000000.0000,0000000.0,7904.81,0.24838,192087018,0000000.0000,0000000.0,4469.71,0.246061,63484.1,0.267,2027-08-01
NK225E    ,OOP,202708,67250.0,            ,132087218,0000000.0000,0000000.0,8055.06,0.24808,142087218,0000000.0000,0000000.0,4373.54,0.245817,63484.1,0.267,2027-08-01
NK225E    ,OOP,202708,67500.0,            ,132087518,0000000.0000,0000000.0,8206.81,0.247929,142087518,0000000.0000,0000000.0,4278.87,0.24551,63484.1,0.267,2027-08-01
NK225E    ,OOP,202708,67750.0,            ,132087718,0000000.0000,0000000.0,8360.02,0.247716,142087718,0000000.0000,0000000.0,4185.65,0.245352,63484.1,0.267,2027-08-01
NK225E    ,OOP,202708,68000.0,            ,182088018,0000000.0000,0000000.0,8514.72,0.247442,192088018,0000000.0000,0000000.0,4093.92,0.245132,63484.1,0.267,2027-08-01
NK225E    ,OOP,202708,68250.0,            ,132088218,0000000.0000,0000000.0,8671.71,0.247106,142088218,0000000.0000,0000000.0,4004.49,0.24485,63484.1,0.267,2027-08-01
NK225E    ,OOP,202708,68500.0,            ,132088518,0000000.0000,0000000.0,8830.14,0.246923,142088518,0000000.0000,0000000.0,3916.5,0.244507,63484.1,0.267,2027-08-01
NK225E    ,OOP,202708,68750.0,            ,132088718,0000000.0000,0000000.0,8990.0,0.246679,142088718,0000000.0000,0000000.0,3829.94,0.244316,63484.1,0.267,2027-08-01
NK225E    ,OOP,202708,69000.0,            ,182089018,0000000.0000,0000000.0,9151.29,0.246374,192089018,0000000.0000,0000000.0,3744.8,0.244064,63484.1,0.267,2027-08-01
NK225E    ,OOP,202708,69250.0,            ,132089218,0000000.0000,0000000.0,9314.72,0.246225,142089218,0000000.0000,0000000.0,3661.81,0.243967,63484.1,0.267,2027-08-01
NK225E    ,OOP,202708,69500.0,            ,132089518,0000000.0000,0000000.0,9479.56,0.246016,142089518,0000000.0000,0000000.0,3580.23,0.243593,63484.1,0.267,2027-08-01
NK225E    ,OOP,202708,69750.0,            ,132089718,0000000.0000,0000000.0,9645.76,0.245747,142089718,0000000.0000,0000000.0,3500.0,0.243376,63484.1,0.267,2027-08-01
NK225E    ,OOP,202708,70000.0,            ,182080018,0000000.0000,0000000.0,9813.35,0.245638,192080018,0000000.0000,0000000.0,3421.17,0.243318,63484.1,0.267,2027-08-01
NK225E    ,OOP,202708,70250.0,            ,132080218,0000000.0000,0000000.0,9982.93,0.24547,142080218,0000000.0000,0000000.0,3344.33,0.242981,63484.1,0.267,2027-08-01
NK225E    ,OOP,202708,70500.0,            ,132080518,0000000.0000,0000000.0,10153.85,0.245244,142080518,0000000.0000,0000000.0,3268.82,0.242805,63484.1,0.267,2027-08-01
NK225E    ,OOP,202708,70750.0,            ,132080718,0000000.0000,0000000.0,10326.09,0.245181,142080718,0000000.0000,0000000.0,3194.64,0.24257,63484.1,0.267,2027-08-01
NK225E    ,OOP,202708,71000.0,            ,182081018,0000000.0000,0000000.0,10499.65,0.244838,192081018,0000000.0000,0000000.0,3121.77,0.2425,63484.1,0.267,2027-08-01
NK225E    ,OOP,202708,71250.0,            ,132081218,0000000.0000,0000000.0,10675.03,0.244885,142081218,0000000.0000,0000000.0,3050.72,0.242373,63484.1,0.267,2027-08-01
NK225E    ,OOP,202708,71500.0,            ,132081518,0000000.0000,0000000.0,10851.71,0.24465,142081518,0000000.0000,0000000.0,2980.98,0.242188,63484.1,0.267,2027-08-01
NK225E    ,OOP,202708,71750.0,            ,132081718,0000000.0000,0000000.0,11029.63,0.244586,142081718,0000000.0000,0000000.0,2912.48,0.241945,63484.1,0.267,2027-08-01
NK225E    ,OOP,202708,72000.0,            ,182082018,0000000.0000,0000000.0,11208.83,0.244236,192082018,0000000.0000,0000000.0,2845.25,0.241873,63484.1,0.267,2027-08-01
NK225E    ,OOP,202708,72250.0,            ,132082218,0000000.0000,0000000.0,11389.72,0.244289,142082218,0000000.0000,0000000.0,2779.72,0.241745,63484.1,0.267,2027-08-01
NK225E    ,OOP,202708,72500.0,            ,132082518,0000000.0000,0000000.0,11571.82,0.244056,142082518,0000000.0000,0000000.0,2715.4,0.241561,63484.1,0.267,2027-08-01
NK225E    ,OOP,202708,72750.0,            ,132082718,0000000.0000,0000000.0,11755.12,0.244,142082718,0000000.0000,0000000.0,2652.28,0.241554,63484.1,0.267,2027-08-01
NK225E    ,OOP,202708,73000.0,            ,132203018,0000000.0000,0000000.0,11939.64,0.24389,142203018,0000000.0000,0000000.0,2590.36,0.241257,63484.1,0.267,2027-08-01
NK225E    ,OOP,202708,73250.0,            ,132083218,0000000.0000,0000000.0,12125.7,0.243724,142083218,0000000.0000,0000000.0,2530.0,0.24114,63484.1,0.267,2027-08-01
NK225E    ,OOP,202708,74000.0,            ,132204018,0000000.0000,0000000.0,12690.76,0.24338,142204018,0000000.0000,0000000.0,2355.8,0.240942,63484.1,0.267,2027-08-01
NK225E    ,OOP,202708,75000.0,            ,132205018,0000000.0000,0000000.0,13461.01,0.24324,142205018,0000000.0000,0000000.0,2140.34,0.240501,63484.1,0.267,2027-08-01
NK225E    ,OOP,202708,76000.0,            ,132206018,0000000.0000,0000000.0,14249.25,0.242779,142206018,0000000.0000,0000000.0,1942.89,0.239971,63484.1,0.267,2027-08-01
NK225E    ,OOP,202708,77000.0,            ,132207018,0000000.0000,0000000.0,15054.46,0.242822,142207018,0000000.0000,0000000.0,1762.4,0.239666,63484.1,0.267,2027-08-01
NK225E    ,OOP,202708,78000.0,            ,132208018,0000000.0000,0000000.0,15875.69,0.242638,142208018,0000000.0000,0000000.0,1597.94,0.239669,63484.1,0.267,2027-08-01
NK225E    ,OOP,202708,79000.0,            ,132209018,0000000.0000,0000000.0,16712.09,0.242841,142209018,0000000.0000,0000000.0,1448.64,0.239481,63484.1,0.267,2027-08-01
NK225E    ,OOP,202708,80000.0,            ,132200018,0000000.0000,0000000.0,17562.91,0.242921,142200018,0000000.0000,0000000.0,1313.76,0.239443,63484.1,0.267,2027-08-01
NK225E    ,OOP,202708,81000.0,            ,132201018,0000000.0000,0000000.0,18427.47,0.243241,142201018,0000000.0000,0000000.0,1192.62,0.239636,63484.1,0.267,2027-08-01
NK225E    ,OOP,202708,82000.0,            ,132202018,0000000.0000,0000000.0,19305.18,0.24389,142202018,0000000.0000,0000000.0,1084.64,0.240154,63484.1,0.267,2027-08-01
NK225E    ,OOP,202708,83000.0,            ,182203018,0000000.0000,0000000.0,20195.53,0.244618,192203018,0000000.0000,0000000.0,989.29,0.24074,63484.1,0.267,2027-08-01
NK225E    ,OOP,202709,20000.0,            ,182210018,0000000.0000,0000000.0,66.84,0.510155,192210018,0000000.0000,0000000.0,42948.95,0.582748,63484.1,0.267,2027-09-01
NK225E    ,OOP,202709,21000.0,            ,182211018,0000000.0000,0000000.0,73.53,0.49546,192211018,0000000.0000,0000000.0,41971.14,0.564539,63484.1,0.267,2027-09-01
NK225E    ,OOP,202709,22000.0,            ,182212018,0000000.0000,0000000.0,81.09,0.482544,192212018,0000000.0000,0000000.0,40994.2,0.544531,63484.1,0.267,2027-09-01
NK225E    ,OOP,202709,23000.0,            ,182213018,0000000.0000,0000000.0,89.66,0.469625,192213018,0000000.0000,0000000.0,40018.27,0.52766,63484.1,0.267,2027-09-01
NK225E    ,OOP,202709,24000.0,            ,182214018,0000000.0000,0000000.0,99.41,0.458102,192214018,0000000.0000,0000000.0,39043.52,0.511294,63484.1,0.267,2027-09-01
NK225E    ,OOP,202709,25000.0,            ,182215018,0000000.0000,0000000.0,110.49,0.447038,192215018,0000000.0000,0000000.0,38070.1,0.497384,63484.1,0.267,2027-09-01
NK225E    ,OOP,202709,26000.0,            ,182216018,0000000.0000,0000000.0,123.1,0.436344,192216018,0000000.0000,0000000.0,37098.22,0.4818,63484.1,0.267,2027-09-01
NK225E    ,OOP,202709,27000.0,            ,182217018,0000000.0000,0000000.0,137.46,0.426924,192217018,0000000.0000,0000000.0,36128.07,0.468369,63484.1,0.267,2027-09-01
NK225E    ,OOP,202709,28000.0,            ,182218018,0000000.0000,0000000.0,153.77,0.41756,192218018,0000000.0000,0000000.0,35159.89,0.455106,63484.1,0.267,2027-09-01
NK225E    ,OOP,202709,29000.0,            ,132339018,0000000.0000,0000000.0,172.31,0.408639,142339018,0000000.0000,0000000.0,34193.93,0.443516,63484.1,0.267,2027-09-01
NK225E    ,OOP,202709,30000.0,            ,132330018,0000000.0000,0000000.0,193.35,0.400399,142330018,0000000.0000,0000000.0,33230.46,0.431897,63484.1,0.267,2027-09-01
NK225E    ,OOP,202709,31000.0,            ,132331018,0000000.0000,0000000.0,217.18,0.392646,142331018,0000000.0000,0000000.0,32269.79,0.421564,63484.1,0.267,2027-09-01
NK225E    ,OOP,202709,32000.0,            ,132332018,0000000.0000,0000000.0,244.13,0.384941,142332018,0000000.0000,0000000.0,31312.25,0.412258,63484.1,0.267,2027-09-01
NK225E    ,OOP,202709,33000.0,            ,132333018,0000000.0000,0000000.0,274.57,0.377777,142333018,0000000.0000,0000000.0,30358.19,0.402664,63484.1,0.267,2027-09-01
NK225E    ,OOP,202709,34000.0,            ,132334018,0000000.0000,0000000.0,308.87,0.371668,142334018,0000000.0000,0000000.0,29407.99,0.393858,63484.1,0.267,2027-09-01
NK225E    ,OOP,202709,35000.0,            ,132335018,0000000.0000,0000000.0,347.45,0.364657,142335018,0000000.0000,0000000.0,28462.07,0.384731,63484.1,0.267,2027-09-01
NK225E    ,OOP,202709,36000.0,            ,132336018,0000000.0000,0000000.0,390.76,0.358826,142336018,0000000.0000,0000000.0,27520.88,0.377079,63484.1,0.267,2027-09-01
NK225E    ,OOP,202709,37000.0,            ,132337018,0000000.0000,0000000.0,439.26,0.352259,142337018,0000000.0000,0000000.0,26584.88,0.36977,63484.1,0.267,2027-09-01
NK225E    ,OOP,202709,38000.0,            ,132338018,0000000.0000,0000000.0,493.47,0.346725,142338018,0000000.0000,0000000.0,25654.59,0.362707,63484.1,0.267,2027-09-01
NK225E    ,OOP,202709,39000.0,            ,132099018,0000000.0000,0000000.0,553.94,0.341187,142099018,0000000.0000,0000000.0,24730.56,0.355813,63484.1,0.267,2027-09-01
NK225E    ,OOP,202709,40000.0,            ,132090018,0000000.0000,0000000.0,621.24,0.33628,142090018,0000000.0000,0000000.0,23813.37,0.349025,63484.1,0.267,2027-09-01
NK225E    ,OOP,202709,41000.0,            ,132091018,0000000.0000,0000000.0,696.0,0.330564,142091018,0000000.0000,0000000.0,22903.62,0.342878,63484.1,0.267,2027-09-01
NK225E    ,OOP,202709,42000.0,            ,132092018,0000000.0000,0000000.0,778.87,0.325897,142092018,0000000.0000,0000000.0,22001.99,0.337205,63484.1,0.267,2027-09-01
NK225E    ,OOP,202709,43000.0,            ,132093018,0000000.0000,0000000.0,870.56,0.320942,142093018,0000000.0000,0000000.0,21109.19,0.33137,63484.1,0.267,2027-09-01
NK225E    ,OOP,202709,44000.0,            ,132094018,0000000.0000,0000000.0,971.8,0.316202,142094018,0000000.0000,0000000.0,20225.92,0.325837,63484.1,0.267,2027-09-01
NK225E    ,OOP,202709,45000.0,            ,132095018,0000000.0000,0000000.0,1083.39,0.311586,142095018,0000000.0000,0000000.0,19353.01,0.320508,63484.1,0.267,2027-09-01
NK225E    ,OOP,202709,46000.0,            ,132096018,0000000.0000,0000000.0,1206.15,0.307023,142096018,0000000.0000,0000000.0,18491.28,0.315715,63484.1,0.267,2027-09-01
NK225E    ,OOP,202709,47000.0,            ,132097018,0000000.0000,0000000.0,1340.97,0.302847,142097018,0000000.0000,0000000.0,17641.6,0.310934,63484.1,0.267,2027-09-01
NK225E    ,OOP,202709,47250.0,            ,182097218,0000000.0000,0000000.0,1376.66,0.301765,192097218,0000000.0000,0000000.0,17431.17,0.309429,63484.1,0.267,2027-09-01
NK225E    ,OOP,202709,47500.0,            ,132217518,0000000.0000,0000000.0,1413.17,0.300629,142217518,0000000.0000,0000000.0,17221.55,0.308256,63484.1,0.267,2027-09-01
NK225E    ,OOP,202709,47750.0,            ,182097718,0000000.0000,0000000.0,1450.54,0.299815,192097718,0000000.0000,0000000.0,17012.79,0.307398,63484.1,0.267,2027-09-01
NK225E    ,OOP,202709,48000.0,            ,132098018,0000000.0000,0000000.0,1488.76,0.298572,142098018,0000000.0000,0000000.0,16804.89,0.306121,63484.1,0.267,2027-09-01
NK225E    ,OOP,202709,48250.0,            ,182098218,0000000.0000,0000000.0,1527.84,0.297643,192098218,0000000.0000,0000000.0,16597.84,0.304798,63484.1,0.267,2027-09-01
NK225E    ,OOP,202709,48500.0,            ,182098518,0000000.0000,0000000.0,1567.81,0.296656,192098518,0000000.0000,0000000.0,16391.69,0.303779,63484.1,0.267,2027-09-01
NK225E    ,OOP,202709,48750.0,            ,182098718,0000000.0000,0000000.0,1608.69,0.295613,192098718,0000000.0000,0000000.0,16186.44,0.302705,63484.1,0.267,2027-09-01
NK225E    ,OOP,202709,49000.0,            ,182099018,0000000.0000,0000000.0,1650.48,0.29486,192099018,0000000.0000,0000000.0,15982.11,0.30158,63484.1,0.267,2027-09-01
NK225E    ,OOP,202709,49250.0,            ,182099218,0000000.0000,0000000.0,1693.2,0.293706,192099218,0000000.0000,0000000.0,15778.7,0.300403,63484.1,0.267,2027-09-01
NK225E    ,OOP,202709,49500.0,            ,132099518,0000000.0000,0000000.0,1736.89,0.292835,142099518,0000000.0000,0000000.0,15576.27,0.299506,63484.1,0.267,2027-09-01
NK225E    ,OOP,202709,49750.0,            ,132099718,0000000.0000,0000000.0,1781.51,0.291905,142099718,0000000.0000,0000000.0,15374.77,0.298228,63484.1,0.267,2027-09-01
NK225E    ,OOP,202709,50000.0,            ,182090018,0000000.0000,0000000.0,1827.14,0.290919,192090018,0000000.0000,0000000.0,15174.27,0.297223,63484.1,0.267,2027-09-01
NK225E    ,OOP,202709,50250.0,            ,132090218,0000000.0000,0000000.0,1873.77,0.289877,142090218,0000000.0000,0000000.0,14974.78,0.296164,63484.1,0.267,2027-09-01
NK225E    ,OOP,202709,50500.0,            ,132090518,0000000.0000,0000000.0,1921.41,0.288781,142090518,0000000.0000,0000000.0,14776.29,0.295364,63484.1,0.267,2027-09-01
NK225E    ,OOP,202709,50750.0,            ,132090718,0000000.0000,0000000.0,1970.08,0.287944,142090718,0000000.0000,0000000.0,14578.84,0.294197,63484.1,0.267,2027-09-01
NK225E    ,OOP,202709,51000.0,            ,182091018,0000000.0000,0000000.0,2019.79,0.287048,192091018,0000000.0000,0000000.0,14382.42,0.293284,63484.1,0.267,2027-09-01
NK225E    ,OOP,202709,51250.0,            ,132091218,0000000.0000,0000000.0,2070.58,0.286095,142091218,0000000.0000,0000000.0,14187.09,0.292016,63484.1,0.267,2027-09-01
NK225E    ,OOP,202709,51500.0,            ,132091518,0000000.0000,0000000.0,2122.45,0.285085,142091518,0000000.0000,0000000.0,13992.83,0.290995,63484.1,0.267,2027-09-01
NK225E    ,OOP,202709,51750.0,            ,132091718,0000000.0000,0000000.0,2175.41,0.284316,142091718,0000000.0000,0000000.0,13799.67,0.290213,63484.1,0.267,2027-09-01
NK225E    ,OOP,202709,52000.0,            ,182092018,0000000.0000,0000000.0,2229.5,0.283195,192092018,0000000.0000,0000000.0,13607.63,0.289084,63484.1,0.267,2027-09-01
NK225E    ,OOP,202709,52250.0,            ,132092218,0000000.0000,0000000.0,2284.72,0.28231,142092218,0000000.0000,0000000.0,13416.73,0.288188,63484.1,0.267,2027-09-01
NK225E    ,OOP,202709,52500.0,            ,132092518,0000000.0000,0000000.0,2341.08,0.28165,142092518,0000000.0000,0000000.0,13226.97,0.287236,63484.1,0.267,2027-09-01
NK225E    ,OOP,202709,52750.0,            ,132092718,0000000.0000,0000000.0,2398.63,0.280648,142092718,0000000.0000,0000000.0,13038.39,0.286229,63484.1,0.267,2027-09-01
NK225E    ,OOP,202709,53000.0,            ,182093018,0000000.0000,0000000.0,2457.35,0.279867,192093018,0000000.0000,0000000.0,12850.98,0.285443,63484.1,0.267,2027-09-01
NK225E    ,OOP,202709,53250.0,            ,132093218,0000000.0000,0000000.0,2517.27,0.279027,142093218,0000000.0000,0000000.0,12664.78,0.284327,63484.1,0.267,2027-09-01
NK225E    ,OOP,202709,53500.0,            ,132093518,0000000.0000,0000000.0,2578.43,0.278128,142093518,0000000.0000,0000000.0,12479.82,0.283427,63484.1,0.267,2027-09-01
NK225E    ,OOP,202709,53750.0,            ,132093718,0000000.0000,0000000.0,2640.82,0.277173,142093718,0000000.0000,0000000.0,12296.07,0.282472,63484.1,0.267,2027-09-01
NK225E    ,OOP,202709,54000.0,            ,182094018,0000000.0000,0000000.0,2704.45,0.276426,192094018,0000000.0000,0000000.0,12113.58,0.281723,63484.1,0.267,2027-09-01
NK225E    ,OOP,202709,54250.0,            ,132094218,0000000.0000,0000000.0,2769.37,0.275618,142094218,0000000.0000,0000000.0,11932.38,0.280657,63484.1,0.267,2027-09-01
NK225E    ,OOP,202709,54500.0,            ,132094518,0000000.0000,0000000.0,2835.57,0.274752,142094518,0000000.0000,0000000.0,11752.45,0.279794,63484.1,0.267,2027-09-01
NK225E    ,OOP,202709,54750.0,            ,132094718,0000000.0000,0000000.0,2903.08,0.273828,142094718,0000000.0000,0000000.0,11573.84,0.279128,63484.1,0.267,2027-09-01
NK225E    ,OOP,202709,55000.0,            ,182095018,0000000.0000,0000000.0,2971.92,0.2731,192095018,0000000.0000,0000000.0,11396.55,0.278151,63484.1,0.267,2027-09-01
NK225E    ,OOP,202709,55250.0,            ,132095218,0000000.0000,0000000.0,3042.11,0.272312,142095218,0000000.0000,0000000.0,11220.61,0.277367,63484.1,0.267,2027-09-01
NK225E    ,OOP,202709,55500.0,            ,132095518,0000000.0000,0000000.0,3113.63,0.271464,142095518,0000000.0000,0000000.0,11046.01,0.276526,63484.1,0.267,2027-09-01
NK225E    ,OOP,202709,55750.0,            ,132095718,0000000.0000,0000000.0,3186.53,0.27056,142095718,0000000.0000,0000000.0,10872.79,0.275627,63484.1,0.267,2027-09-01
NK225E    ,OOP,202709,56000.0,            ,182096018,0000000.0000,0000000.0,3260.85,0.26984,192096018,0000000.0000,0000000.0,10700.98,0.274673,63484.1,0.267,2027-09-01
NK225E    ,OOP,202709,56250.0,            ,132096218,0000000.0000,0000000.0,3336.56,0.269061,142096218,0000000.0000,0000000.0,10530.56,0.273903,63484.1,0.267,2027-09-01
NK225E    ,OOP,202709,56500.0,            ,132096518,0000000.0000,0000000.0,3413.68,0.268461,142096518,0000000.0000,0000000.0,10361.56,0.273075,63484.1,0.267,2027-09-01
NK225E    ,OOP,202709,56750.0,            ,132096718,0000000.0000,0000000.0,3492.25,0.267562,142096718,0000000.0000,0000000.0,10194.01,0.272424,63484.1,0.267,2027-09-01
NK225E    ,OOP,202709,57000.0,            ,182097018,0000000.0000,0000000.0,3572.28,0.266841,192097018,0000000.0000,0000000.0,10027.92,0.27148,63484.1,0.267,2027-09-01
NK225E    ,OOP,202709,57250.0,            ,132097218,0000000.0000,0000000.0,3653.77,0.266059,142097218,0000000.0000,0000000.0,9863.28,0.270713,63484.1,0.267,2027-09-01
NK225E    ,OOP,202709,57500.0,            ,132097518,0000000.0000,0000000.0,3736.76,0.265449,142097518,0000000.0000,0000000.0,9700.14,0.270116,63484.1,0.267,2027-09-01
NK225E    ,OOP,202709,57750.0,            ,132097718,0000000.0000,0000000.0,3821.25,0.264549,142097718,0000000.0000,0000000.0,9538.51,0.269231,63484.1,0.267,2027-09-01
NK225E    ,OOP,202709,58000.0,            ,182098018,0000000.0000,0000000.0,3907.25,0.264044,192098018,0000000.0000,0000000.0,9378.39,0.268516,63484.1,0.267,2027-09-01
NK225E    ,OOP,202709,58250.0,            ,132098218,0000000.0000,0000000.0,3994.8,0.263252,142098218,0000000.0000,0000000.0,9219.81,0.267741,63484.1,0.267,2027-09-01
NK225E    ,OOP,202709,58500.0,            ,132098518,0000000.0000,0000000.0,4083.86,0.262625,142098518,0000000.0000,0000000.0,9062.75,0.267131,63484.1,0.267,2027-09-01
NK225E    ,OOP,202709,58750.0,            ,132098718,0000000.0000,0000000.0,4174.51,0.261936,142098718,0000000.0000,0000000.0,8907.27,0.26624,63484.1,0.267,2027-09-01
NK225E    ,OOP,202709,59000.0,            ,132219018,0000000.0000,0000000.0,4266.7,0.261187,142219018,0000000.0000,0000000.0,8753.34,0.265732,63484.1,0.267,2027-09-01
NK225E    ,OOP,202709,59250.0,            ,132099218,0000000.0000,0000000.0,4360.5,0.260598,142099218,0000000.0000,0000000.0,8601.01,0.264944,63484.1,0.267,2027-09-01
NK225E    ,OOP,202709,59500.0,            ,182099518,0000000.0000,0000000.0,4455.89,0.259947,192099518,0000000.0000,0000000.0,8450.27,0.264316,63484.1,0.267,2027-09-01
NK225E    ,OOP,202709,59750.0,            ,182099718,0000000.0000,0000000.0,4552.88,0.259236,192099718,0000000.0000,0000000.0,8301.14,0.263627,63484.1,0.267,2027-09-01
NK225E    ,OOP,202709,60000.0,            ,132210018,0000000.0000,0000000.0,4651.47,0.258465,142210018,0000000.0000,0000000.0,8153.61,0.26288,63484.1,0.267,2027-09-01
NK225E    ,OOP,202709,60250.0,            ,182090218,0000000.0000,0000000.0,4751.73,0.257849,192090218,0000000.0000,0000000.0,8007.74,0.262287,63484.1,0.267,2027-09-01
NK225E    ,OOP,202709,60500.0,            ,182090518,0000000.0000,0000000.0,4853.64,0.257384,192090518,0000000.0000,0000000.0,7863.53,0.261635,63484.1,0.267,2027-09-01
NK225E    ,OOP,202709,60750.0,            ,182090718,0000000.0000,0000000.0,4957.15,0.256646,192090718,0000000.0000,0000000.0,7720.91,0.260923,63484.1,0.267,2027-09-01
NK225E    ,OOP,202709,61000.0,            ,132211018,0000000.0000,0000000.0,5062.38,0.256059,142211018,0000000.0000,0000000.0,7580.02,0.260363,63484.1,0.267,2027-09-01
NK225E    ,OOP,202709,61250.0,            ,182091218,0000000.0000,0000000.0,5169.25,0.255411,192091218,0000000.0000,0000000.0,7440.76,0.259743,63484.1,0.267,2027-09-01
NK225E    ,OOP,202709,61500.0,            ,182091518,0000000.0000,0000000.0,5277.83,0.254911,192091518,0000000.0000,0000000.0,7303.22,0.259063,63484.1,0.267,2027-09-01
NK225E    ,OOP,202709,61750.0,            ,182091718,0000000.0000,0000000.0,5388.06,0.25435,192091718,0000000.0000,0000000.0,7167.32,0.258532,63484.1,0.267,2027-09-01
NK225E    ,OOP,202709,62000.0,            ,132212018,0000000.0000,0000000.0,5499.99,0.253728,142212018,0000000.0000,0000000.0,7033.13,0.257941,63484.1,0.267,2027-09-01
NK225E    ,OOP,202709,62250.0,            ,182092218,0000000.0000,0000000.0,5613.63,0.253251,192092218,0000000.0000,0000000.0,6900.64,0.257291,63484.1,0.267,2027-09-01
NK225E    ,OOP,202709,62500.0,            ,132212518,0000000.0000,0000000.0,5728.98,0.252714,142212518,0000000.0000,0000000.0,6769.87,0.256787,63484.1,0.267,2027-09-01
NK225E    ,OOP,202709,62750.0,            ,182092718,0000000.0000,0000000.0,5846.05,0.252116,192092718,0000000.0000,0000000.0,6640.81,0.256223,63484.1,0.267,2027-09-01
NK225E    ,OOP,202709,63000.0,            ,132213018,0000000.0000,0000000.0,5964.82,0.251662,142213018,0000000.0000,0000000.0,6513.45,0.255804,63484.1,0.267,2027-09-01
NK225E    ,OOP,202709,63250.0,            ,182093218,0000000.0000,0000000.0,6085.31,0.251147,192093218,0000000.0000,0000000.0,6387.82,0.255121,63484.1,0.267,2027-09-01
NK225E    ,OOP,202709,63500.0,            ,182093518,0000000.0000,0000000.0,6207.52,0.250571,192093518,0000000.0000,0000000.0,6263.91,0.254582,63484.1,0.267,2027-09-01
NK225E    ,OOP,202709,63750.0,            ,182093718,0000000.0000,0000000.0,6331.47,0.250138,192093718,0000000.0000,0000000.0,6141.73,0.254187,63484.1,0.267,2027-09-01
NK225E    ,OOP,202709,64000.0,            ,132214018,0000000.0000,0000000.0,6457.15,0.249645,142214018,0000000.0000,0000000.0,6021.28,0.253733,63484.1,0.267,2027-09-01
NK225E    ,OOP,202709,64250.0,            ,182094218,0000000.0000,0000000.0,6584.55,0.249091,192094218,0000000.0000,0000000.0,5902.57,0.253218,63484.1,0.267,2027-09-01
NK225E    ,OOP,202709,64500.0,            ,182094518,0000000.0000,0000000.0,6713.66,0.248679,192094518,0000000.0000,0000000.0,5785.55,0.252645,63484.1,0.267,2027-09-01
NK225E    ,OOP,202709,64750.0,            ,182094718,0000000.0000,0000000.0,6844.51,0.248206,192094718,0000000.0000,0000000.0,5670.27,0.252214,63484.1,0.267,2027-09-01
NK225E    ,OOP,202709,65000.0,            ,132215018,0000000.0000,0000000.0,6977.12,0.247674,142215018,0000000.0000,0000000.0,5556.76,0.251725,63484.1,0.267,2027-09-01
NK225E    ,OOP,202709,65250.0,            ,182095218,0000000.0000,0000000.0,7111.44,0.247283,192095218,0000000.0000,0000000.0,5444.96,0.251377,63484.1,0.267,2027-09-01
NK225E    ,OOP,202709,65500.0,            ,182095518,0000000.0000,0000000.0,7247.48,0.246832,192095518,0000000.0000,0000000.0,5334.87,0.250972,63484.1,0.267,2027-09-01
NK225E    ,OOP,202709,65750.0,            ,182095718,0000000.0000,0000000.0,7385.24,0.246322,192095718,0000000.0000,0000000.0,5226.51,0.250507,63484.1,0.267,2027-09-01
NK225E    ,OOP,202709,66000.0,            ,132216018,0000000.0000,0000000.0,7524.72,0.245953,142216018,0000000.0000,0000000.0,5119.86,0.249983,63484.1,0.267,2027-09-01
NK225E    ,OOP,202709,66250.0,            ,182096218,0000000.0000,0000000.0,7665.93,0.245525,192096218,0000000.0000,0000000.0,5014.95,0.249603,63484.1,0.267,2027-09-01
NK225E    ,OOP,202709,66500.0,            ,182096518,0000000.0000,0000000.0,7808.82,0.245239,192096518,0000000.0000,0000000.0,4911.71,0.249164,63484.1,0.267,2027-09-01
NK225E    ,OOP,202709,66750.0,            ,182096718,0000000.0000,0000000.0,7953.44,0.244692,192096718,0000000.0000,0000000.0,4810.21,0.248869,63484.1,0.267,2027-09-01
NK225E    ,OOP,202709,67000.0,            ,132217018,0000000.0000,0000000.0,8099.72,0.244491,142217018,0000000.0000,0000000.0,4710.36,0.248516,63484.1,0.267,2027-09-01
NK225E    ,OOP,202709,67250.0,            ,132217218,0000000.0000,0000000.0,8247.72,0.244028,142217218,0000000.0000,0000000.0,4612.23,0.248106,63484.1,0.267,2027-09-01
NK225E    ,OOP,202709,67500.0,            ,182217518,0000000.0000,0000000.0,8397.39,0.24371,192217518,0000000.0000,0000000.0,4515.78,0.24784,63484.1,0.267,2027-09-01
NK225E    ,OOP,202709,67750.0,            ,132217718,0000000.0000,0000000.0,8548.73,0.243333,142217718,0000000.0000,0000000.0,4420.99,0.247518,63484.1,0.267,2027-09-01
NK225E    ,OOP,202709,68000.0,            ,132218018,0000000.0000,0000000.0,8701.7,0.243101,142218018,0000000.0000,0000000.0,4327.84,0.247138,63484.1,0.267,2027-09-01
NK225E    ,OOP,202709,68250.0,            ,132218218,0000000.0000,0000000.0,8856.35,0.242608,142218218,0000000.0000,0000000.0,4236.36,0.246905,63484.1,0.267,2027-09-01
NK225E    ,OOP,202709,68500.0,            ,132218518,0000000.0000,0000000.0,9012.63,0.24226,142218518,0000000.0000,0000000.0,4146.52,0.246411,63484.1,0.267,2027-09-01
NK225E    ,OOP,202709,68750.0,            ,132218718,0000000.0000,0000000.0,9170.54,0.242061,142218718,0000000.0000,0000000.0,4058.31,0.24627,63484.1,0.267,2027-09-01
NK225E    ,OOP,202709,69000.0,            ,182219018,0000000.0000,0000000.0,9330.07,0.241805,192219018,0000000.0000,0000000.0,3971.71,0.245868,63484.1,0.267,2027-09-01
NK225E    ,OOP,202709,69250.0,            ,132219218,0000000.0000,0000000.0,9491.21,0.241492,142219218,0000000.0000,0000000.0,3886.72,0.245616,63484.1,0.267,2027-09-01
NK225E    ,OOP,202709,69500.0,            ,132219518,0000000.0000,0000000.0,9653.91,0.241122,142219518,0000000.0000,0000000.0,3803.3,0.245308,63484.1,0.267,2027-09-01
NK225E    ,OOP,202709,69750.0,            ,132219718,0000000.0000,0000000.0,9818.21,0.240903,142219718,0000000.0000,0000000.0,3721.48,0.245153,63484.1,0.267,2027-09-01
NK225E    ,OOP,202709,70000.0,            ,182330018,0000000.0000,0000000.0,9984.06,0.240628,192330018,0000000.0000,0000000.0,3641.2,0.244943,63484.1,0.267,2027-09-01
NK225E    ,OOP,202709,70250.0,            ,132210218,0000000.0000,0000000.0,10151.43,0.240297,142210218,0000000.0000,0000000.0,3562.45,0.244678,63484.1,0.267,2027-09-01
NK225E    ,OOP,202709,70500.0,            ,132210518,0000000.0000,0000000.0,10320.36,0.240121,142210518,0000000.0000,0000000.0,3485.26,0.244359,63484.1,0.267,2027-09-01
NK225E    ,OOP,202709,70750.0,            ,132210718,0000000.0000,0000000.0,10490.8,0.23989,142210718,0000000.0000,0000000.0,3409.57,0.244196,63484.1,0.267,2027-09-01
NK225E    ,OOP,202709,71000.0,            ,182331018,0000000.0000,0000000.0,10662.71,0.239604,192331018,0000000.0000,0000000.0,3335.36,0.24398,63484.1,0.267,2027-09-01
NK225E    ,OOP,202709,71250.0,            ,132211218,0000000.0000,0000000.0,10836.12,0.239477,142211218,0000000.0000,0000000.0,3262.64,0.24371,63484.1,0.267,2027-09-01
NK225E    ,OOP,202709,71500.0,            ,132211518,0000000.0000,0000000.0,11011.01,0.239296,142211518,0000000.0000,0000000.0,3191.4,0.243601,63484.1,0.267,2027-09-01
NK225E    ,OOP,202709,71750.0,            ,132211718,0000000.0000,0000000.0,11187.31,0.239062,142211718,0000000.0000,0000000.0,3121.57,0.24344,63484.1,0.267,2027-09-01
NK225E    ,OOP,202709,72000.0,            ,182332018,0000000.0000,0000000.0,11365.05,0.238772,192332018,0000000.0000,0000000.0,3053.19,0.243226,63484.1,0.267,2027-09-01
NK225E    ,OOP,202709,72250.0,            ,132212218,0000000.0000,0000000.0,11544.19,0.238648,142212218,0000000.0000,0000000.0,2986.21,0.243178,63484.1,0.267,2027-09-01
NK225E    ,OOP,202709,72500.0,            ,182092518,0000000.0000,0000000.0,11724.7,0.238472,192092518,0000000.0000,0000000.0,2920.6,0.242859,63484.1,0.267,2027-09-01
NK225E    ,OOP,202709,72750.0,            ,132212718,0000000.0000,0000000.0,11906.61,0.238242,142212718,0000000.0000,0000000.0,2856.37,0.242708,63484.1,0.267,2027-09-01
NK225E    ,OOP,202709,73000.0,            ,182333018,0000000.0000,0000000.0,12089.84,0.238183,192333018,0000000.0000,0000000.0,2793.48,0.24273,63484.1,0.267,2027-09-01
NK225E    ,OOP,202709,73250.0,            ,132213218,0000000.0000,0000000.0,12274.41,0.238074,142213218,0000000.0000,0000000.0,2731.92,0.242477,63484.1,0.267,2027-09-01
NK225E    ,OOP,202709,73500.0,            ,132213518,0000000.0000,0000000.0,12460.29,0.237913,142213518,0000000.0000,0000000.0,2671.68,0.242398,63484.1,0.267,2027-09-01
NK225E    ,OOP,202709,73750.0,            ,132213718,0000000.0000,0000000.0,12647.45,0.237699,142213718,0000000.0000,0000000.0,2612.72,0.242269,63484.1,0.267,2027-09-01
NK225E    ,OOP,202709,74000.0,            ,182334018,0000000.0000,0000000.0,12835.87,0.237665,192334018,0000000.0000,0000000.0,2555.02,0.24232,63484.1,0.267,2027-09-01
NK225E    ,OOP,202709,74250.0,            ,132214218,0000000.0000,0000000.0,13025.54,0.237348,142214218,0000000.0000,0000000.0,2498.56,0.242092,63484.1,0.267,2027-09-01
NK225E    ,OOP,202709,74500.0,            ,132214518,0000000.0000,0000000.0,13216.42,0.237448,142214518,0000000.0000,0000000.0,2443.32,0.242047,63484.1,0.267,2027-09-01
NK225E    ,OOP,202709,74750.0,            ,132214718,0000000.0000,0000000.0,13408.52,0.237263,142214718,0000000.0000,0000000.0,2389.29,0.241953,63484.1,0.267,2027-09-01
NK225E    ,OOP,202709,75000.0,            ,182335018,0000000.0000,0000000.0,13601.78,0.237028,192335018,0000000.0000,0000000.0,2336.42,0.242047,63484.1,0.267,2027-09-01
NK225E    ,OOP,202709,75250.0,            ,132215218,0000000.0000,0000000.0,13796.21,0.236981,142215218,0000000.0000,0000000.0,2284.73,0.241857,63484.1,0.267,2027-09-01
NK225E    ,OOP,202709,75500.0,            ,132215518,0000000.0000,0000000.0,13991.77,0.236887,142215518,0000000.0000,0000000.0,2234.17,0.241858,63484.1,0.267,2027-09-01
NK225E    ,OOP,202709,75750.0,            ,132215718,0000000.0000,0000000.0,14188.45,0.236743,142215718,0000000.0000,0000000.0,2184.72,0.241813,63484.1,0.267,2027-09-01
NK225E    ,OOP,202709,76000.0,            ,182336018,0000000.0000,0000000.0,14386.22,0.236798,192336018,0000000.0000,0000000.0,2136.36,0.241721,63484.1,0.267,2027-09-01
NK225E    ,OOP,202709,76250.0,            ,132216218,0000000.0000,0000000.0,14585.06,0.236807,142216218,0000000.0000,0000000.0,2089.08,0.241829,63484.1,0.267,2027-09-01
NK225E    ,OOP,202709,77500.0,            ,182097518,0000000.0000,0000000.0,15594.6,0.236407,192097518,0000000.0000,0000000.0,1868.0,0.241705,63484.1,0.267,2027-09-01
NK225E    ,OOP,202709,80000.0,            ,132450018,0000000.0000,0000000.0,17681.69,0.236232,142450018,0000000.0000,0000000.0,1493.84,0.241899,63484.1,0.267,2027-09-01
NK225E    ,OOP,202709,85000.0,            ,132455018,0000000.0000,0000000.0,22059.47,0.235494,142455018,0000000.0000,0000000.0,949.12,0.242947,63484.1,0.267,2027-09-01
NK225E    ,OOP,202709,90000.0,            ,182450018,0000000.0000,0000000.0,26603.71,0.231236,192450018,0000000.0000,0000000.0,570.87,0.24175,63484.1,0.267,2027-09-01
NK225E    ,OOP,202712,12500.0,            ,182122518,0000000.0000,0000000.0,17.68,0.54367,192122518,0000000.0000,0000000.0,49990.22,0.685476,63484.1,0.267,2027-12-01
NK225E    ,OOP,202712,12750.0,            ,182122718,0000000.0000,0000000.0,19.86,0.54367,192122718,0000000.0000,0000000.0,49747.24,0.677346,63484.1,0.267,2027-12-01
NK225E    ,OOP,202712,13000.0,            ,182123018,0000000.0000,0000000.0,22.24,0.54367,192123018,0000000.0000,0000000.0,49504.47,0.673485,63484.1,0.267,2027-12-01
NK225E    ,OOP,202712,13250.0,            ,182123218,0000000.0000,0000000.0,23.63,0.540749,192123218,0000000.0000,0000000.0,49260.7,0.665638,63484.1,0.267,2027-12-01
NK225E    ,OOP,202712,13500.0,            ,182123518,0000000.0000,0000000.0,25.06,0.537667,192123518,0000000.0000,0000000.0,49016.98,0.657949,63484.1,0.267,2027-12-01
NK225E    ,OOP,202712,13750.0,            ,182123718,0000000.0000,0000000.0,26.54,0.534907,192123718,0000000.0000,0000000.0,48773.3,0.654256,63484.1,0.267,2027-12-01
NK225E    ,OOP,202712,14000.0,            ,182124018,0000000.0000,0000000.0,28.05,0.531862,192124018,0000000.0000,0000000.0,48529.66,0.646819,63484.1,0.267,2027-12-01
NK225E    ,OOP,202712,14250.0,            ,182124218,0000000.0000,0000000.0,29.65,0.529152,192124218,0000000.0000,0000000.0,48286.11,0.639524,63484.1,0.267,2027-12-01
NK225E    ,OOP,202712,14500.0,            ,182124518,0000000.0000,0000000.0,31.3,0.526318,192124518,0000000.0000,0000000.0,48042.6,0.635979,63484.1,0.267,2027-12-01
NK225E    ,OOP,202712,14750.0,            ,182124718,0000000.0000,0000000.0,32.98,0.523483,192124718,0000000.0000,0000000.0,47799.13,0.628908,63484.1,0.267,2027-12-01
NK225E    ,OOP,202712,15000.0,            ,182125018,0000000.0000,0000000.0,34.71,0.520651,192125018,0000000.0000,0000000.0,47555.7,0.621966,63484.1,0.267,2027-12-01
NK225E    ,OOP,202712,15250.0,            ,182125218,0000000.0000,0000000.0,36.54,0.517902,192125218,0000000.0000,0000000.0,47312.37,0.615146,63484.1,0.267,2027-12-01
NK225E    ,OOP,202712,15500.0,            ,182125518,0000000.0000,0000000.0,38.4,0.515154,192125518,0000000.0000,0000000.0,47069.08,0.611812,63484.1,0.267,2027-12-01
NK225E    ,OOP,202712,15750.0,            ,182125718,0000000.0000,0000000.0,40.32,0.512405,192125718,0000000.0000,0000000.0,46825.84,0.605188,63484.1,0.267,2027-12-01
NK225E    ,OOP,202712,16000.0,            ,182126018,0000000.0000,0000000.0,42.27,0.509252,192126018,0000000.0000,0000000.0,46582.64,0.601891,63484.1,0.267,2027-12-01
NK225E    ,OOP,202712,16250.0,            ,182126218,0000000.0000,0000000.0,44.33,0.50699,192126218,0000000.0000,0000000.0,46339.55,0.59545,63484.1,0.267,2027-12-01
NK225E    ,OOP,202712,16500.0,            ,182126518,0000000.0000,0000000.0,46.44,0.504324,192126518,0000000.0000,0000000.0,46096.5,0.589113,63484.1,0.267,2027-12-01
NK225E    ,OOP,202712,16750.0,            ,182126718,0000000.0000,0000000.0,48.6,0.501658,192126718,0000000.0000,0000000.0,45853.5,0.585921,63484.1,0.267,2027-12-01
NK225E    ,OOP,202712,17000.0,            ,182127018,0000000.0000,0000000.0,50.8,0.498992,192127018,0000000.0000,0000000.0,45610.55,0.579752,63484.1,0.267,2027-12-01
NK225E    ,OOP,202712,17250.0,            ,182127218,0000000.0000,0000000.0,53.11,0.496272,192127218,0000000.0000,0000000.0,45367.71,0.576593,63484.1,0.267,2027-12-01
NK225E    ,OOP,202712,17500.0,            ,182127518,0000000.0000,0000000.0,55.47,0.49382,192127518,0000000.0000,0000000.0,45124.91,0.57058,63484.1,0.267,2027-12-01
NK225E    ,OOP,202712,17750.0,            ,182127718,0000000.0000,0000000.0,57.88,0.491234,192127718,0000000.0000,0000000.0,44882.17,0.564658,63484.1,0.267,2027-12-01
NK225E    ,OOP,202712,18000.0,            ,182128018,0000000.0000,0000000.0,60.35,0.488282,192128018,0000000.0000,0000000.0,44639.48,0.56159,63484.1,0.267,2027-12-01
NK225E    ,OOP,202712,18250.0,            ,132128218,0000000.0000,0000000.0,62.93,0.486139,142128218,0000000.0000,0000000.0,44396.91,0.555812,63484.1,0.267,2027-12-01
NK225E    ,OOP,202712,18500.0,            ,132128518,0000000.0000,0000000.0,65.57,0.483631,142128518,0000000.0000,0000000.0,44154.39,0.552774,63484.1,0.267,2027-12-01
NK225E    ,OOP,202712,18750.0,            ,132128718,0000000.0000,0000000.0,68.26,0.480877,142128718,0000000.0000,0000000.0,43911.93,0.547132,63484.1,0.267,2027-12-01
NK225E    ,OOP,202712,19000.0,            ,132129018,0000000.0000,0000000.0,71.0,0.478609,142129018,0000000.0000,0000000.0,43669.51,0.544123,63484.1,0.267,2027-12-01
NK225E    ,OOP,202712,19250.0,            ,132129218,0000000.0000,0000000.0,73.88,0.476182,142129218,0000000.0000,0000000.0,43427.24,0.538611,63484.1,0.267,2027-12-01
NK225E    ,OOP,202712,19500.0,            ,132129518,0000000.0000,0000000.0,76.82,0.47375,142129518,0000000.0000,0000000.0,43185.02,0.53563,63484.1,0.267,2027-12-01
NK225E    ,OOP,202712,19750.0,            ,132129718,0000000.0000,0000000.0,79.81,0.471318,142129718,0000000.0000,0000000.0,42942.86,0.53263,63484.1,0.267,2027-12-01
NK225E    ,OOP,202712,20000.0,            ,132120018,0000000.0000,0000000.0,82.85,0.468886,142120018,0000000.0000,0000000.0,42700.75,0.527288,63484.1,0.267,2027-12-01
NK225E    ,OOP,202712,20250.0,            ,132120218,0000000.0000,0000000.0,86.05,0.466485,142120218,0000000.0000,0000000.0,42458.79,0.524319,63484.1,0.267,2027-12-01
NK225E    ,OOP,202712,20500.0,            ,132120518,0000000.0000,0000000.0,89.31,0.463941,142120518,0000000.0000,0000000.0,42216.89,0.519092,63484.1,0.267,2027-12-01
NK225E    ,OOP,202712,20750.0,            ,132120718,0000000.0000,0000000.0,92.62,0.461367,142120718,0000000.0000,0000000.0,41975.05,0.516152,63484.1,0.267,2027-12-01
NK225E    ,OOP,202712,21000.0,            ,132121018,0000000.0000,0000000.0,96.0,0.459447,142121018,0000000.0000,0000000.0,41733.27,0.513199,63484.1,0.267,2027-12-01
NK225E    ,OOP,202712,21250.0,            ,132121218,0000000.0000,0000000.0,99.54,0.456803,142121218,0000000.0000,0000000.0,41491.66,0.508123,63484.1,0.267,2027-12-01
NK225E    ,OOP,202712,21500.0,            ,132121518,0000000.0000,0000000.0,103.15,0.454778,142121518,0000000.0000,0000000.0,41250.11,0.5052,63484.1,0.267,2027-12-01
NK225E    ,OOP,202712,21750.0,            ,132121718,0000000.0000,0000000.0,106.82,0.45208,142121718,0000000.0000,0000000.0,41008.63,0.502266,63484.1,0.267,2027-12-01
NK225E    ,OOP,202712,22000.0,            ,132122018,0000000.0000,0000000.0,110.56,0.449967,142122018,0000000.0000,0000000.0,40767.21,0.497332,63484.1,0.267,2027-12-01
NK225E    ,OOP,202712,22250.0,            ,132122218,0000000.0000,0000000.0,114.47,0.447807,142122218,0000000.0000,0000000.0,40525.97,0.494429,63484.1,0.267,2027-12-01
NK225E    ,OOP,202712,22500.0,            ,132122518,0000000.0000,0000000.0,118.46,0.445604,142122518,0000000.0000,0000000.0,40284.81,0.491517,63484.1,0.267,2027-12-01
NK225E    ,OOP,202712,22750.0,            ,132122718,0000000.0000,0000000.0,122.52,0.443363,142122718,0000000.0000,0000000.0,40043.71,0.488598,63484.1,0.267,2027-12-01
NK225E    ,OOP,202712,23000.0,            ,132123018,0000000.0000,0000000.0,126.65,0.441087,142123018,0000000.0000,0000000.0,39802.68,0.483835,63484.1,0.267,2027-12-01
NK225E    ,OOP,202712,23250.0,            ,132123218,0000000.0000,0000000.0,130.98,0.438779,142123218,0000000.0000,0000000.0,39561.86,0.480946,63484.1,0.267,2027-12-01
NK225E    ,OOP,202712,23500.0,            ,132123518,0000000.0000,0000000.0,135.38,0.436939,142123518,0000000.0000,0000000.0,39321.11,0.478053,63484.1,0.267,2027-12-01
NK225E    ,OOP,202712,23750.0,            ,132123718,0000000.0000,0000000.0,139.86,0.434563,142123718,0000000.0000,0000000.0,39080.43,0.475156,63484.1,0.267,2027-12-01
NK225E    ,OOP,202712,24000.0,            ,132124018,0000000.0000,0000000.0,144.42,0.432632,142124018,0000000.0000,0000000.0,38839.84,0.472255,63484.1,0.267,2027-12-01
NK225E    ,OOP,202712,24250.0,            ,132124218,0000000.0000,0000000.0,149.2,0.430655,142124218,0000000.0000,0000000.0,38599.46,0.469352,63484.1,0.267,2027-12-01
NK225E    ,OOP,202712,24500.0,            ,132124518,0000000.0000,0000000.0,154.06,0.428193,142124518,0000000.0000,0000000.0,38359.17,0.466447,63484.1,0.267,2027-12-01
NK225E    ,OOP,202712,24750.0,            ,132124718,0000000.0000,0000000.0,159.01,0.426145,142124718,0000000.0000,0000000.0,38118.96,0.463542,63484.1,0.267,2027-12-01
NK225E    ,OOP,202712,25000.0,            ,132125018,0000000.0000,0000000.0,164.04,0.424061,142125018,0000000.0000,0000000.0,37878.83,0.460636,63484.1,0.267,2027-12-01
NK225E    ,OOP,202712,25250.0,            ,132125218,0000000.0000,0000000.0,169.29,0.421944,142125218,0000000.0000,0000000.0,37638.93,0.457731,63484.1,0.267,2027-12-01
NK225E    ,OOP,202712,25500.0,            ,132125518,0000000.0000,0000000.0,174.63,0.42019,142125518,0000000.0000,0000000.0,37399.12,0.454827,63484.1,0.267,2027-12-01
NK225E    ,OOP,202712,25750.0,            ,132125718,0000000.0000,0000000.0,180.07,0.418003,142125718,0000000.0000,0000000.0,37159.4,0.451924,63484.1,0.267,2027-12-01
NK225E    ,OOP,202712,26000.0,            ,132126018,0000000.0000,0000000.0,185.68,0.416164,142126018,0000000.0000,0000000.0,36919.85,0.449023,63484.1,0.267,2027-12-01
NK225E    ,OOP,202712,26250.0,            ,132126218,0000000.0000,0000000.0,191.42,0.413918,142126218,0000000.0000,0000000.0,36680.44,0.446124,63484.1,0.267,2027-12-01
NK225E    ,OOP,202712,26500.0,            ,132126518,0000000.0000,0000000.0,197.31,0.412006,142126518,0000000.0000,0000000.0,36441.18,0.443228,63484.1,0.267,2027-12-01
NK225E    ,OOP,202712,26750.0,            ,132126718,0000000.0000,0000000.0,203.35,0.410057,142126718,0000000.0000,0000000.0,36202.06,0.440335,63484.1,0.267,2027-12-01
NK225E    ,OOP,202712,27000.0,            ,132127018,0000000.0000,0000000.0,209.53,0.408073,142127018,0000000.0000,0000000.0,35963.09,0.437445,63484.1,0.267,2027-12-01
NK225E    ,OOP,202712,27250.0,            ,132127218,0000000.0000,0000000.0,215.87,0.406384,142127218,0000000.0000,0000000.0,35724.27,0.435869,63484.1,0.267,2027-12-01
NK225E    ,OOP,202712,27500.0,            ,132127518,0000000.0000,0000000.0,222.36,0.40433,142127518,0000000.0000,0000000.0,35485.61,0.432964,63484.1,0.267,2027-12-01
NK225E    ,OOP,202712,27750.0,            ,132127718,0000000.0000,0000000.0,229.01,0.40256,142127718,0000000.0000,0000000.0,35247.11,0.430064,63484.1,0.267,2027-12-01
NK225E    ,OOP,202712,28000.0,            ,132128018,0000000.0000,0000000.0,235.83,0.400447,142128018,0000000.0000,0000000.0,35008.77,0.427169,63484.1,0.267,2027-12-01
NK225E    ,OOP,202712,28250.0,            ,182128218,0000000.0000,0000000.0,242.82,0.398606,192128218,0000000.0000,0000000.0,34770.6,0.425491,63484.1,0.267,2027-12-01
NK225E    ,OOP,202712,28500.0,            ,182128518,0000000.0000,0000000.0,249.97,0.39673,192128518,0000000.0000,0000000.0,34532.6,0.422586,63484.1,0.267,2027-12-01
NK225E    ,OOP,202712,28750.0,            ,182128718,0000000.0000,0000000.0,257.31,0.395101,192128718,0000000.0000,0000000.0,34294.78,0.42085,63484.1,0.267,2027-12-01
NK225E    ,OOP,202712,29000.0,            ,182129018,0000000.0000,0000000.0,264.82,0.393155,192129018,0000000.0000,0000000.0,34057.14,0.417938,63484.1,0.267,2027-12-01
NK225E    ,OOP,202712,29250.0,            ,182129218,0000000.0000,0000000.0,272.52,0.391446,192129218,0000000.0000,0000000.0,33819.68,0.416151,63484.1,0.267,2027-12-01
NK225E    ,OOP,202712,29500.0,            ,182129518,0000000.0000,0000000.0,280.41,0.389699,192129518,0000000.0000,0000000.0,33582.42,0.413235,63484.1,0.267,2027-12-01
NK225E    ,OOP,202712,29750.0,            ,182129718,0000000.0000,0000000.0,288.49,0.387915,192129718,0000000.0000,0000000.0,33345.34,0.411402,63484.1,0.267,2027-12-01
NK225E    ,OOP,202712,30000.0,            ,182120018,0000000.0000,0000000.0,296.77,0.386096,192120018,0000000.0000,0000000.0,33108.47,0.408484,63484.1,0.267,2027-12-01
NK225E    ,OOP,202712,30250.0,            ,182120218,0000000.0000,0000000.0,305.25,0.384728,192120218,0000000.0000,0000000.0,32871.8,0.406609,63484.1,0.267,2027-12-01
NK225E    ,OOP,202712,30500.0,            ,182120518,0000000.0000,0000000.0,313.94,0.38306,192120518,0000000.0000,0000000.0,32635.33,0.404704,63484.1,0.267,2027-12-01
NK225E    ,OOP,202712,30750.0,            ,182120718,0000000.0000,0000000.0,322.85,0.381344,192120718,0000000.0000,0000000.0,32399.09,0.401778,63484.1,0.267,2027-12-01
NK225E    ,OOP,202712,31000.0,            ,182121018,0000000.0000,0000000.0,331.98,0.379197,192121018,0000000.0000,0000000.0,32163.06,0.399839,63484.1,0.267,2027-12-01
NK225E    ,OOP,202712,31250.0,            ,182121218,0000000.0000,0000000.0,341.32,0.377662,192121218,0000000.0000,0000000.0,31927.25,0.397873,63484.1,0.267,2027-12-01
NK225E    ,OOP,202712,31500.0,            ,182121518,0000000.0000,0000000.0,350.9,0.376084,192121518,0000000.0000,0000000.0,31691.67,0.395883,63484.1,0.267,2027-12-01
NK225E    ,OOP,202712,31750.0,            ,182121718,0000000.0000,0000000.0,360.71,0.374466,192121718,0000000.0000,0000000.0,31456.33,0.393869,63484.1,0.267,2027-12-01
NK225E    ,OOP,202712,32000.0,            ,182122018,0000000.0000,0000000.0,370.77,0.372811,192122018,0000000.0000,0000000.0,31221.23,0.391834,63484.1,0.267,2027-12-01
NK225E    ,OOP,202712,32250.0,            ,182122218,0000000.0000,0000000.0,381.06,0.37112,192122218,0000000.0000,0000000.0,30986.37,0.389779,63484.1,0.267,2027-12-01
NK225E    ,OOP,202712,32500.0,            ,132242518,0000000.0000,0000000.0,391.62,0.369396,142242518,0000000.0000,0000000.0,30751.77,0.387703,63484.1,0.267,2027-12-01
NK225E    ,OOP,202712,32750.0,            ,132242718,0000000.0000,0000000.0,402.43,0.36764,142242718,0000000.0000,0000000.0,30517.43,0.38561,63484.1,0.267,2027-12-01
NK225E    ,OOP,202712,33000.0,            ,132243018,0000000.0000,0000000.0,413.5,0.366509,142243018,0000000.0000,0000000.0,30283.35,0.383499,63484.1,0.267,2027-12-01
NK225E    ,OOP,202712,33250.0,            ,132243218,0000000.0000,0000000.0,424.85,0.364927,142243218,0000000.0000,0000000.0,30049.54,0.381371,63484.1,0.267,2027-12-01
NK225E    ,OOP,202712,33500.0,            ,132243518,0000000.0000,0000000.0,436.47,0.363095,142243518,0000000.0000,0000000.0,29816.0,0.38003,63484.1,0.267,2027-12-01
NK225E    ,OOP,202712,33750.0,            ,132243718,0000000.0000,0000000.0,448.38,0.361212,142243718,0000000.0000,0000000.0,29582.76,0.377858,63484.1,0.267,2027-12-01
NK225E    ,OOP,202712,34000.0,            ,132244018,0000000.0000,0000000.0,460.57,0.36016,142244018,0000000.0000,0000000.0,29349.8,0.375672,63484.1,0.267,2027-12-01
NK225E    ,OOP,202712,34250.0,            ,132244218,0000000.0000,0000000.0,473.07,0.358215,142244218,0000000.0000,0000000.0,29117.14,0.374231,63484.1,0.267,2027-12-01
NK225E    ,OOP,202712,34500.0,            ,132244518,0000000.0000,0000000.0,485.87,0.357067,142244518,0000000.0000,0000000.0,28884.78,0.372007,63484.1,0.267,2027-12-01
NK225E    ,OOP,202712,34750.0,            ,132244718,0000000.0000,0000000.0,498.98,0.355068,142244718,0000000.0000,0000000.0,28652.74,0.370502,63484.1,0.267,2027-12-01
NK225E    ,OOP,202712,35000.0,            ,132245018,0000000.0000,0000000.0,512.41,0.353835,142245018,0000000.0000,0000000.0,28421.02,0.368244,63484.1,0.267,2027-12-01
NK225E    ,OOP,202712,35250.0,            ,132245218,0000000.0000,0000000.0,526.17,0.352552,142245218,0000000.0000,0000000.0,28189.61,0.36668,63484.1,0.267,2027-12-01
NK225E    ,OOP,202712,35500.0,            ,132245518,0000000.0000,0000000.0,540.26,0.351224,142245518,0000000.0000,0000000.0,27958.55,0.365081,63484.1,0.267,2027-12-01
NK225E    ,OOP,202712,35750.0,            ,132245718,0000000.0000,0000000.0,554.69,0.349808,142245718,0000000.0000,0000000.0,27727.83,0.36345,63484.1,0.267,2027-12-01
NK225E    ,OOP,202712,36000.0,            ,132246018,0000000.0000,0000000.0,569.47,0.347722,142246018,0000000.0000,0000000.0,27497.46,0.361788,63484.1,0.267,2027-12-01
NK225E    ,OOP,202712,36250.0,            ,132246218,0000000.0000,0000000.0,584.61,0.346284,142246218,0000000.0000,0000000.0,27267.44,0.360096,63484.1,0.267,2027-12-01
NK225E    ,OOP,202712,36500.0,            ,132246518,0000000.0000,0000000.0,600.12,0.345496,142246518,0000000.0000,0000000.0,27037.8,0.358376,63484.1,0.267,2027-12-01
NK225E    ,OOP,202712,36750.0,            ,132246718,0000000.0000,0000000.0,616.01,0.343971,142246718,0000000.0000,0000000.0,26808.52,0.356629,63484.1,0.267,2027-12-01
NK225E    ,OOP,202712,37000.0,            ,132247018,0000000.0000,0000000.0,632.27,0.342412,142247018,0000000.0000,0000000.0,26579.64,0.354855,63484.1,0.267,2027-12-01
NK225E    ,OOP,202712,37250.0,            ,132247218,0000000.0000,0000000.0,648.93,0.34082,142247218,0000000.0000,0000000.0,26351.14,0.353057,63484.1,0.267,2027-12-01
NK225E    ,OOP,202712,37500.0,            ,132247518,0000000.0000,0000000.0,665.98,0.339832,142247518,0000000.0000,0000000.0,26123.04,0.35183,63484.1,0.267,2027-12-01
NK225E    ,OOP,202712,37750.0,            ,132247718,0000000.0000,0000000.0,683.45,0.338169,142247718,0000000.0000,0000000.0,25895.35,0.349975,63484.1,0.267,2027-12-01
NK225E    ,OOP,202712,38000.0,            ,132248018,0000000.0000,0000000.0,701.33,0.337086,142248018,0000000.0000,0000000.0,25668.08,0.348672,63484.1,0.267,2027-12-01
NK225E    ,OOP,202712,38250.0,            ,132248218,0000000.0000,0000000.0,719.65,0.335358,142248218,0000000.0000,0000000.0,25441.24,0.346765,63484.1,0.267,2027-12-01
NK225E    ,OOP,202712,38500.0,            ,132248518,0000000.0000,0000000.0,738.4,0.33419,142248518,0000000.0000,0000000.0,25214.84,0.345393,63484.1,0.267,2027-12-01
NK225E    ,OOP,202712,38750.0,            ,132248718,0000000.0000,0000000.0,757.6,0.332976,142248718,0000000.0000,0000000.0,24988.88,0.343982,63484.1,0.267,2027-12-01
NK225E    ,OOP,202712,39000.0,            ,132249018,0000000.0000,0000000.0,777.26,0.331719,142249018,0000000.0000,0000000.0,24763.39,0.342002,63484.1,0.267,2027-12-01
NK225E    ,OOP,202712,39250.0,            ,132249218,0000000.0000,0000000.0,797.38,0.330419,142249218,0000000.0000,0000000.0,24538.35,0.34053,63484.1,0.267,2027-12-01
NK225E    ,OOP,202712,39500.0,            ,132249518,0000000.0000,0000000.0,817.98,0.32908,142249518,0000000.0000,0000000.0,24313.8,0.339025,63484.1,0.267,2027-12-01
NK225E    ,OOP,202712,39750.0,            ,132249718,0000000.0000,0000000.0,839.07,0.327702,142249718,0000000.0000,0000000.0,24089.73,0.337994,63484.1,0.267,2027-12-01
NK225E    ,OOP,202712,40000.0,            ,132240018,0000000.0000,0000000.0,860.67,0.326288,142240018,0000000.0000,0000000.0,23866.17,0.336416,63484.1,0.267,2027-12-01
NK225E    ,OOP,202712,40250.0,            ,132240218,0000000.0000,0000000.0,882.76,0.325351,142240218,0000000.0000,0000000.0,23643.11,0.33481,63484.1,0.267,2027-12-01
NK225E    ,OOP,202712,40500.0,            ,132240518,0000000.0000,0000000.0,905.37,0.323859,142240518,0000000.0000,0000000.0,23420.57,0.333655,63484.1,0.267,2027-12-01
NK225E    ,OOP,202712,40750.0,            ,132240718,0000000.0000,0000000.0,928.53,0.322827,142240718,0000000.0000,0000000.0,23198.57,0.331985,63484.1,0.267,2027-12-01
NK225E    ,OOP,202712,41000.0,            ,132241018,0000000.0000,0000000.0,952.21,0.321264,142241018,0000000.0000,0000000.0,22977.1,0.330753,63484.1,0.267,2027-12-01
NK225E    ,OOP,202712,41250.0,            ,132241218,0000000.0000,0000000.0,976.45,0.320147,142241218,0000000.0000,0000000.0,22756.19,0.329481,63484.1,0.267,2027-12-01
NK225E    ,OOP,202712,41500.0,            ,132241518,0000000.0000,0000000.0,1001.26,0.318985,142241518,0000000.0000,0000000.0,22535.84,0.32817,63484.1,0.267,2027-12-01
NK225E    ,OOP,202712,41750.0,            ,132241718,0000000.0000,0000000.0,1026.64,0.317781,142241718,0000000.0000,0000000.0,22316.07,0.326821,63484.1,0.267,2027-12-01
NK225E    ,OOP,202712,42000.0,            ,132242018,0000000.0000,0000000.0,1052.62,0.316535,142242018,0000000.0000,0000000.0,22096.89,0.325436,63484.1,0.267,2027-12-01
NK225E    ,OOP,202712,42250.0,            ,132242218,0000000.0000,0000000.0,1079.19,0.315691,142242218,0000000.0000,0000000.0,21878.3,0.324017,63484.1,0.267,2027-12-01
NK225E    ,OOP,202712,42500.0,            ,132362518,0000000.0000,0000000.0,1106.37,0.31436,142362518,0000000.0000,0000000.0,21660.33,0.322563,63484.1,0.267,2027-12-01
NK225E    ,OOP,202712,42750.0,            ,182242718,0000000.0000,0000000.0,1134.18,0.312992,192242718,0000000.0000,0000000.0,21442.98,0.321491,63484.1,0.267,2027-12-01
NK225E    ,OOP,202712,43000.0,            ,182243018,0000000.0000,0000000.0,1162.62,0.312009,192243018,0000000.0000,0000000.0,21226.27,0.319968,63484.1,0.267,2027-12-01
NK225E    ,OOP,202712,43250.0,            ,182243218,0000000.0000,0000000.0,1191.72,0.310978,192243218,0000000.0000,0000000.0,21010.22,0.318815,63484.1,0.267,2027-12-01
NK225E    ,OOP,202712,43500.0,            ,182243518,0000000.0000,0000000.0,1221.47,0.309901,192243518,0000000.0000,0000000.0,20794.81,0.317621,63484.1,0.267,2027-12-01
NK225E    ,OOP,202712,43750.0,            ,182243718,0000000.0000,0000000.0,1251.9,0.30878,192243718,0000000.0000,0000000.0,20580.08,0.316387,63484.1,0.267,2027-12-01
NK225E    ,OOP,202712,44000.0,            ,182244018,0000000.0000,0000000.0,1283.02,0.307615,192244018,0000000.0000,0000000.0,20366.05,0.315114,63484.1,0.267,2027-12-01
NK225E    ,OOP,202712,44250.0,            ,182244218,0000000.0000,0000000.0,1314.83,0.30641,192244218,0000000.0000,0000000.0,20152.71,0.313803,63484.1,0.267,2027-12-01
NK225E    ,OOP,202712,44500.0,            ,182244518,0000000.0000,0000000.0,1347.37,0.305545,192244518,0000000.0000,0000000.0,19940.09,0.312827,63484.1,0.267,2027-12-01
NK225E    ,OOP,202712,44750.0,            ,182244718,0000000.0000,0000000.0,1380.63,0.304256,192244718,0000000.0000,0000000.0,19728.19,0.31144,63484.1,0.267,2027-12-01
NK225E    ,OOP,202712,45000.0,            ,182245018,0000000.0000,0000000.0,1414.63,0.303297,192245018,0000000.0000,0000000.0,19517.04,0.310378,63484.1,0.267,2027-12-01
NK225E    ,OOP,202712,45250.0,            ,182245218,0000000.0000,0000000.0,1449.38,0.302291,192245218,0000000.0000,0000000.0,19306.64,0.309273,63484.1,0.267,2027-12-01
NK225E    ,OOP,202712,45500.0,            ,182245518,0000000.0000,0000000.0,1484.9,0.301239,192245518,0000000.0000,0000000.0,19097.0,0.308126,63484.1,0.267,2027-12-01
NK225E    ,OOP,202712,45750.0,            ,182245718,0000000.0000,0000000.0,1521.2,0.300144,192245718,0000000.0000,0000000.0,18888.15,0.306938,63484.1,0.267,2027-12-01
NK225E    ,OOP,202712,46000.0,            ,182246018,0000000.0000,0000000.0,1558.3,0.299351,192246018,0000000.0000,0000000.0,18680.09,0.306049,63484.1,0.267,2027-12-01
NK225E    ,OOP,202712,46250.0,            ,182246218,0000000.0000,0000000.0,1596.22,0.298167,192246218,0000000.0000,0000000.0,18472.85,0.304779,63484.1,0.267,2027-12-01
NK225E    ,OOP,202712,46500.0,            ,182246518,0000000.0000,0000000.0,1634.94,0.297278,192246518,0000000.0000,0000000.0,18266.42,0.303801,63484.1,0.267,2027-12-01
NK225E    ,OOP,202712,46750.0,            ,182246718,0000000.0000,0000000.0,1674.5,0.296341,192246718,0000000.0000,0000000.0,18060.83,0.302777,63484.1,0.267,2027-12-01
NK225E    ,OOP,202712,47000.0,            ,182247018,0000000.0000,0000000.0,1714.92,0.295357,192247018,0000000.0000,0000000.0,17856.1,0.30171,63484.1,0.267,2027-12-01
NK225E    ,OOP,202712,47250.0,            ,182247218,0000000.0000,0000000.0,1756.22,0.294328,192247218,0000000.0000,0000000.0,17652.23,0.300601,63484.1,0.267,2027-12-01
NK225E    ,OOP,202712,47500.0,            ,182247518,0000000.0000,0000000.0,1798.38,0.293255,192247518,0000000.0000,0000000.0,17449.24,0.299451,63484.1,0.267,2027-12-01
NK225E    ,OOP,202712,47750.0,            ,182247718,0000000.0000,0000000.0,1841.44,0.29245,192247718,0000000.0000,0000000.0,17247.15,0.298567,63484.1,0.267,2027-12-01
NK225E    ,OOP,202712,48000.0,            ,182248018,0000000.0000,0000000.0,1885.41,0.291595,192248018,0000000.0000,0000000.0,17045.96,0.297334,63484.1,0.267,2027-12-01
NK225E    ,OOP,202712,48250.0,            ,182248218,0000000.0000,0000000.0,1930.31,0.290692,192248218,0000000.0000,0000000.0,16845.71,0.296361,63484.1,0.267,2027-12-01
NK225E    ,OOP,202712,48500.0,            ,182248518,0000000.0000,0000000.0,1976.14,0.289743,192248518,0000000.0000,0000000.0,16646.38,0.295344,63484.1,0.267,2027-12-01
NK225E    ,OOP,202712,48750.0,            ,182248718,0000000.0000,0000000.0,2022.91,0.288747,192248718,0000000.0000,0000000.0,16448.0,0.294284,63484.1,0.267,2027-12-01
NK225E    ,OOP,202712,49000.0,            ,182249018,0000000.0000,0000000.0,2070.67,0.287708,192249018,0000000.0000,0000000.0,16250.6,0.293468,63484.1,0.267,2027-12-01
NK225E    ,OOP,202712,49250.0,            ,182249218,0000000.0000,0000000.0,2119.4,0.286912,192249218,0000000.0000,0000000.0,16054.18,0.292604,63484.1,0.267,2027-12-01
NK225E    ,OOP,202712,49500.0,            ,182249518,0000000.0000,0000000.0,2169.14,0.286066,192249518,0000000.0000,0000000.0,15858.76,0.291415,63484.1,0.267,2027-12-01
NK225E    ,OOP,202712,49750.0,            ,182249718,0000000.0000,0000000.0,2219.87,0.285173,192249718,0000000.0000,0000000.0,15664.34,0.290462,63484.1,0.267,2027-12-01
NK225E    ,OOP,202712,50000.0,            ,182240018,0000000.0000,0000000.0,2271.64,0.284233,192240018,0000000.0000,0000000.0,15470.96,0.289737,63484.1,0.267,2027-12-01
NK225E    ,OOP,202712,50250.0,            ,182240218,0000000.0000,0000000.0,2324.45,0.283519,192240218,0000000.0000,0000000.0,15278.61,0.288694,63484.1,0.267,2027-12-01
NK225E    ,OOP,202712,50500.0,            ,182240518,0000000.0000,0000000.0,2378.32,0.282487,192240518,0000000.0000,0000000.0,15087.32,0.287873,63484.1,0.267,2027-12-01
NK225E    ,OOP,202712,50750.0,            ,182240718,0000000.0000,0000000.0,2433.25,0.281677,192240718,0000000.0000,0000000.0,14897.09,0.287006,63484.1,0.267,2027-12-01
NK225E    ,OOP,202712,51000.0,            ,182241018,0000000.0000,0000000.0,2489.26,0.28108,192241018,0000000.0000,0000000.0,14707.96,0.286093,63484.1,0.267,2027-12-01
NK225E    ,OOP,202712,51250.0,            ,182241218,0000000.0000,0000000.0,2546.38,0.280172,192241218,0000000.0000,0000000.0,14519.91,0.285134,63484.1,0.267,2027-12-01
NK225E    ,OOP,202712,51500.0,            ,182241518,0000000.0000,0000000.0,2604.6,0.279218,192241518,0000000.0000,0000000.0,14332.99,0.284385,63484.1,0.267,2027-12-01
NK225E    ,OOP,202712,51750.0,            ,182241718,0000000.0000,0000000.0,2663.96,0.278472,192241718,0000000.0000,0000000.0,14147.19,0.283337,63484.1,0.267,2027-12-01
NK225E    ,OOP,202712,52000.0,            ,182242018,0000000.0000,0000000.0,2724.44,0.277676,192242018,0000000.0000,0000000.0,13962.52,0.282496,63484.1,0.267,2027-12-01
NK225E    ,OOP,202712,52250.0,            ,182242218,0000000.0000,0000000.0,2786.1,0.276833,192242218,0000000.0000,0000000.0,13779.02,0.281852,63484.1,0.267,2027-12-01
NK225E    ,OOP,202712,52500.0,            ,182362518,0000000.0000,0000000.0,2848.92,0.276187,192362518,0000000.0000,0000000.0,13596.68,0.280917,63484.1,0.267,2027-12-01
NK225E    ,OOP,202712,52750.0,            ,132362718,0000000.0000,0000000.0,2912.92,0.275491,142362718,0000000.0000,0000000.0,13415.53,0.280176,63484.1,0.267,2027-12-01
NK225E    ,OOP,202712,53000.0,            ,132363018,0000000.0000,0000000.0,2978.1,0.274744,142363018,0000000.0000,0000000.0,13235.56,0.279388,63484.1,0.267,2027-12-01
NK225E    ,OOP,202712,53250.0,            ,132363218,0000000.0000,0000000.0,3044.53,0.273949,142363218,0000000.0000,0000000.0,13056.83,0.278553,63484.1,0.267,2027-12-01
NK225E    ,OOP,202712,53500.0,            ,132363518,0000000.0000,0000000.0,3112.14,0.273106,142363518,0000000.0000,0000000.0,12879.28,0.277671,63484.1,0.267,2027-12-01
NK225E    ,OOP,202712,53750.0,            ,132363718,0000000.0000,0000000.0,3181.01,0.272448,142363718,0000000.0000,0000000.0,12703.0,0.276975,63484.1,0.267,2027-12-01
NK225E    ,OOP,202712,54000.0,            ,132364018,0000000.0000,0000000.0,3251.13,0.271741,142364018,0000000.0000,0000000.0,12527.97,0.27623,63484.1,0.267,2027-12-01
NK225E    ,OOP,202712,54250.0,            ,132364218,0000000.0000,0000000.0,3322.5,0.270984,142364218,0000000.0000,0000000.0,12354.18,0.275438,63484.1,0.267,2027-12-01
NK225E    ,OOP,202712,54500.0,            ,132364518,0000000.0000,0000000.0,3395.15,0.270404,142364518,0000000.0000,0000000.0,12181.68,0.274599,63484.1,0.267,2027-12-01
NK225E    ,OOP,202712,54750.0,            ,132364718,0000000.0000,0000000.0,3469.08,0.26955,142364718,0000000.0000,0000000.0,12010.45,0.273936,63484.1,0.267,2027-12-01
NK225E    ,OOP,202712,55000.0,            ,132365018,0000000.0000,0000000.0,3544.33,0.268871,142365018,0000000.0000,0000000.0,11840.54,0.273225,63484.1,0.267,2027-12-01
NK225E    ,OOP,202712,55250.0,            ,132365218,0000000.0000,0000000.0,3620.87,0.268143,142365218,0000000.0000,0000000.0,11671.94,0.272465,63484.1,0.267,2027-12-01
NK225E    ,OOP,202712,55500.0,            ,132365518,0000000.0000,0000000.0,3698.74,0.267584,142365518,0000000.0000,0000000.0,11504.64,0.271875,63484.1,0.267,2027-12-01
NK225E    ,OOP,202712,55750.0,            ,132365718,0000000.0000,0000000.0,3777.93,0.266973,142365718,0000000.0000,0000000.0,11338.68,0.27102,63484.1,0.267,2027-12-01
NK225E    ,OOP,202712,56000.0,            ,132366018,0000000.0000,0000000.0,3858.49,0.266313,142366018,0000000.0000,0000000.0,11174.08,0.270333,63484.1,0.267,2027-12-01
NK225E    ,OOP,202712,56250.0,            ,132366218,0000000.0000,0000000.0,3940.39,0.265603,142366218,0000000.0000,0000000.0,11010.83,0.269809,63484.1,0.267,2027-12-01
NK225E    ,OOP,202712,56500.0,            ,132366518,0000000.0000,0000000.0,4023.66,0.264845,142366518,0000000.0000,0000000.0,10848.95,0.269026,63484.1,0.267,2027-12-01
NK225E    ,OOP,202712,56750.0,            ,132366718,0000000.0000,0000000.0,4108.31,0.264248,142366718,0000000.0000,0000000.0,10688.44,0.268403,63484.1,0.267,2027-12-01
NK225E    ,OOP,202712,57000.0,            ,132367018,0000000.0000,0000000.0,4194.36,0.263602,142367018,0000000.0000,0000000.0,10529.34,0.267732,63484.1,0.267,2027-12-01
NK225E    ,OOP,202712,57250.0,            ,132367218,0000000.0000,0000000.0,4281.78,0.263111,142367218,0000000.0000,0000000.0,10371.61,0.267013,63484.1,0.267,2027-12-01
NK225E    ,OOP,202712,57500.0,            ,132367518,0000000.0000,0000000.0,4370.61,0.262366,142367518,0000000.0000,0000000.0,10215.28,0.26645,63484.1,0.267,2027-12-01
NK225E    ,OOP,202712,57750.0,            ,132367718,0000000.0000,0000000.0,4460.89,0.261775,142367718,0000000.0000,0000000.0,10060.4,0.265838,63484.1,0.267,2027-12-01
NK225E    ,OOP,202712,58000.0,            ,132368018,0000000.0000,0000000.0,4552.56,0.261336,142368018,0000000.0000,0000000.0,9906.92,0.265178,63484.1,0.267,2027-12-01
NK225E    ,OOP,202712,58250.0,            ,132368218,0000000.0000,0000000.0,4645.66,0.260647,142368218,0000000.0000,0000000.0,9754.87,0.264669,63484.1,0.267,2027-12-01
NK225E    ,OOP,202712,58500.0,            ,132368518,0000000.0000,0000000.0,4740.19,0.260107,142368518,0000000.0000,0000000.0,9604.24,0.263913,63484.1,0.267,2027-12-01
NK225E    ,OOP,202712,58750.0,            ,132368718,0000000.0000,0000000.0,4836.22,0.259518,142368718,0000000.0000,0000000.0,9455.11,0.263307,63484.1,0.267,2027-12-01
NK225E    ,OOP,202712,59000.0,            ,132369018,0000000.0000,0000000.0,4933.66,0.258879,142369018,0000000.0000,0000000.0,9307.39,0.262848,63484.1,0.267,2027-12-01
NK225E    ,OOP,202712,59250.0,            ,132369218,0000000.0000,0000000.0,5032.59,0.258387,142369218,0000000.0000,0000000.0,9161.17,0.262146,63484.1,0.267,2027-12-01
NK225E    ,OOP,202712,59500.0,            ,132369518,0000000.0000,0000000.0,5132.97,0.257846,142369518,0000000.0000,0000000.0,9016.4,0.261589,63484.1,0.267,2027-12-01
NK225E    ,OOP,202712,59750.0,            ,132369718,0000000.0000,0000000.0,5234.81,0.257254,142369718,0000000.0000,0000000.0,8873.08,0.261178,63484.1,0.267,2027-12-01
NK225E    ,OOP,202712,60000.0,            ,132360018,0000000.0000,0000000.0,5338.16,0.256806,142360018,0000000.0000,0000000.0,8731.28,0.260524,63484.1,0.267,2027-12-01
NK225E    ,OOP,202712,60250.0,            ,132360218,0000000.0000,0000000.0,5442.98,0.256308,142360218,0000000.0000,0000000.0,8590.95,0.260014,63484.1,0.267,2027-12-01
NK225E    ,OOP,202712,60500.0,            ,132360518,0000000.0000,0000000.0,5549.31,0.25576,142360518,0000000.0000,0000000.0,8452.12,0.259456,63484.1,0.267,2027-12-01
NK225E    ,OOP,202712,60750.0,            ,132360718,0000000.0000,0000000.0,5657.11,0.255164,142360718,0000000.0000,0000000.0,8314.77,0.259038,63484.1,0.267,2027-12-01
NK225E    ,OOP,202712,61000.0,            ,132361018,0000000.0000,0000000.0,5766.38,0.254708,142361018,0000000.0000,0000000.0,8178.88,0.258383,63484.1,0.267,2027-12-01
NK225E    ,OOP,202712,61250.0,            ,132361218,0000000.0000,0000000.0,5877.21,0.254202,142361218,0000000.0000,0000000.0,8044.55,0.257869,63484.1,0.267,2027-12-01
NK225E    ,OOP,202712,61500.0,            ,132361518,0000000.0000,0000000.0,5989.54,0.253834,142361518,0000000.0000,0000000.0,7911.73,0.257493,63484.1,0.267,2027-12-01
NK225E    ,OOP,202712,61750.0,            ,132361718,0000000.0000,0000000.0,6103.36,0.25323,142361718,0000000.0000,0000000.0,7780.4,0.256882,63484.1,0.267,2027-12-01
NK225E    ,OOP,202712,62000.0,            ,132362018,0000000.0000,0000000.0,6218.68,0.252764,142362018,0000000.0000,0000000.0,7650.57,0.256409,63484.1,0.267,2027-12-01
NK225E    ,OOP,202712,62250.0,            ,132362218,0000000.0000,0000000.0,6335.51,0.252248,142362218,0000000.0000,0000000.0,7522.24,0.255888,63484.1,0.267,2027-12-01
NK225E    ,OOP,202712,62500.0,            ,182242518,0000000.0000,0000000.0,6453.87,0.251869,192242518,0000000.0000,0000000.0,7395.44,0.255505,63484.1,0.267,2027-12-01
NK225E    ,OOP,202712,62750.0,            ,182362718,0000000.0000,0000000.0,6573.76,0.251441,192362718,0000000.0000,0000000.0,7270.18,0.255072,63484.1,0.267,2027-12-01
NK225E    ,OOP,202712,63000.0,            ,182363018,0000000.0000,0000000.0,6695.17,0.250964,192363018,0000000.0000,0000000.0,7146.43,0.254592,63484.1,0.267,2027-12-01
NK225E    ,OOP,202712,63250.0,            ,182363218,0000000.0000,0000000.0,6818.05,0.250622,192363218,0000000.0000,0000000.0,7024.16,0.254064,63484.1,0.267,2027-12-01
NK225E    ,OOP,202712,63500.0,            ,182363518,0000000.0000,0000000.0,6942.47,0.250048,192363518,0000000.0000,0000000.0,6903.43,0.253672,63484.1,0.267,2027-12-01
NK225E    ,OOP,202712,63750.0,            ,182363718,0000000.0000,0000000.0,7068.38,0.249609,192363718,0000000.0000,0000000.0,6784.18,0.253231,63484.1,0.267,2027-12-01
NK225E    ,OOP,202712,64000.0,            ,182364018,0000000.0000,0000000.0,7195.85,0.249304,192364018,0000000.0000,0000000.0,6666.49,0.252743,63484.1,0.267,2027-12-01
NK225E    ,OOP,202712,64250.0,            ,182364218,0000000.0000,0000000.0,7324.78,0.248768,192364218,0000000.0000,0000000.0,6550.26,0.25239,63484.1,0.267,2027-12-01
NK225E    ,OOP,202712,64500.0,            ,182364518,0000000.0000,0000000.0,7455.26,0.248366,192364518,0000000.0000,0000000.0,6435.6,0.25199,63484.1,0.267,2027-12-01
NK225E    ,OOP,202712,64750.0,            ,182364718,0000000.0000,0000000.0,7587.23,0.248098,192364718,0000000.0000,0000000.0,6322.41,0.251542,63484.1,0.267,2027-12-01
NK225E    ,OOP,202712,65000.0,            ,182365018,0000000.0000,0000000.0,7720.7,0.247601,192365018,0000000.0000,0000000.0,6210.72,0.251228,63484.1,0.267,2027-12-01
NK225E    ,OOP,202712,65250.0,            ,182365218,0000000.0000,0000000.0,7855.67,0.247237,192365218,0000000.0000,0000000.0,6100.54,0.250868,63484.1,0.267,2027-12-01
NK225E    ,OOP,202712,65500.0,            ,182365518,0000000.0000,0000000.0,7992.14,0.246825,192365518,0000000.0000,0000000.0,5991.85,0.25046,63484.1,0.267,2027-12-01
NK225E    ,OOP,202712,65750.0,            ,182365718,0000000.0000,0000000.0,8130.11,0.246547,192365718,0000000.0000,0000000.0,5884.67,0.250006,63484.1,0.267,2027-12-01
NK225E    ,OOP,202712,66000.0,            ,182366018,0000000.0000,0000000.0,8269.54,0.246222,192366018,0000000.0000,0000000.0,5778.94,0.249686,63484.1,0.267,2027-12-01
NK225E    ,OOP,202712,66250.0,            ,182366218,0000000.0000,0000000.0,8410.45,0.245849,192366218,0000000.0000,0000000.0,5674.7,0.24932,63484.1,0.267,2027-12-01
NK225E    ,OOP,202712,66500.0,            ,182366518,0000000.0000,0000000.0,8552.85,0.24543,192366518,0000000.0000,0000000.0,5571.95,0.248907,63484.1,0.267,2027-12-01
NK225E    ,OOP,202712,66750.0,            ,182366718,0000000.0000,0000000.0,8696.73,0.245144,192366718,0000000.0000,0000000.0,5470.67,0.248629,63484.1,0.267,2027-12-01
NK225E    ,OOP,202712,67000.0,            ,182367018,0000000.0000,0000000.0,8842.05,0.244812,192367018,0000000.0000,0000000.0,5370.84,0.248305,63484.1,0.267,2027-12-01
NK225E    ,OOP,202712,67250.0,            ,182367218,0000000.0000,0000000.0,8988.84,0.244434,192367218,0000000.0000,0000000.0,5272.47,0.247936,63484.1,0.267,2027-12-01
NK225E    ,OOP,202712,67500.0,            ,132487518,0000000.0000,0000000.0,9137.07,0.244008,142487518,0000000.0000,0000000.0,5175.54,0.247702,63484.1,0.267,2027-12-01
NK225E    ,OOP,202712,67750.0,            ,182367718,0000000.0000,0000000.0,9286.74,0.243719,192367718,0000000.0000,0000000.0,5080.06,0.247423,63484.1,0.267,2027-12-01
NK225E    ,OOP,202712,68000.0,            ,182368018,0000000.0000,0000000.0,9437.87,0.243383,192368018,0000000.0000,0000000.0,4986.03,0.247098,63484.1,0.267,2027-12-01
NK225E    ,OOP,202712,68250.0,            ,182368218,0000000.0000,0000000.0,9590.4,0.243183,192368218,0000000.0000,0000000.0,4893.41,0.246728,63484.1,0.267,2027-12-01
NK225E    ,OOP,202712,68500.0,            ,182368518,0000000.0000,0000000.0,9744.34,0.242755,192368518,0000000.0000,0000000.0,4802.2,0.246496,63484.1,0.267,2027-12-01
NK225E    ,OOP,202712,68750.0,            ,182368718,0000000.0000,0000000.0,9899.7,0.242465,192368718,0000000.0000,0000000.0,4712.4,0.246219,63484.1,0.267,2027-12-01
NK225E    ,OOP,202712,69000.0,            ,182369018,0000000.0000,0000000.0,10056.46,0.242313,192369018,0000000.0000,0000000.0,4624.0,0.245897,63484.1,0.267,2027-12-01
NK225E    ,OOP,202712,69250.0,            ,182369218,0000000.0000,0000000.0,10214.59,0.241931,192369218,0000000.0000,0000000.0,4536.98,0.245531,63484.1,0.267,2027-12-01
NK225E    ,OOP,202712,69500.0,            ,182369518,0000000.0000,0000000.0,10374.12,0.241689,192369518,0000000.0000,0000000.0,4451.35,0.245304,63484.1,0.267,2027-12-01
NK225E    ,OOP,202712,69750.0,            ,182369718,0000000.0000,0000000.0,10535.01,0.241403,192369718,0000000.0000,0000000.0,4367.09,0.245033,63484.1,0.267,2027-12-01
NK225E    ,OOP,202712,70000.0,            ,182360018,0000000.0000,0000000.0,10697.25,0.241071,192360018,0000000.0000,0000000.0,4284.17,0.244719,63484.1,0.267,2027-12-01
NK225E    ,OOP,202712,70250.0,            ,182360218,0000000.0000,0000000.0,10860.83,0.240881,192360218,0000000.0000,0000000.0,4202.6,0.244546,63484.1,0.267,2027-12-01
NK225E    ,OOP,202712,70500.0,            ,182360518,0000000.0000,0000000.0,11025.75,0.240647,192360518,0000000.0000,0000000.0,4122.36,0.24433,63484.1,0.267,2027-12-01
NK225E    ,OOP,202712,70750.0,            ,182360718,0000000.0000,0000000.0,11192.01,0.240369,192360718,0000000.0000,0000000.0,4043.47,0.244071,63484.1,0.267,2027-12-01
NK225E    ,OOP,202712,71000.0,            ,182361018,0000000.0000,0000000.0,11359.56,0.240046,192361018,0000000.0000,0000000.0,3965.87,0.243769,63484.1,0.267,2027-12-01
NK225E    ,OOP,202712,71250.0,            ,182361218,0000000.0000,0000000.0,11528.41,0.239869,192361218,0000000.0000,0000000.0,3889.56,0.243612,63484.1,0.267,2027-12-01
NK225E    ,OOP,202712,71500.0,            ,182361518,0000000.0000,0000000.0,11698.57,0.239649,192361518,0000000.0000,0000000.0,3814.57,0.243413,63484.1,0.267,2027-12-01
NK225E    ,OOP,202712,71750.0,            ,182361718,0000000.0000,0000000.0,11869.99,0.239385,192361718,0000000.0000,0000000.0,3740.83,0.243171,63484.1,0.267,2027-12-01
NK225E    ,OOP,202712,72000.0,            ,182362018,0000000.0000,0000000.0,12042.67,0.23927,192362018,0000000.0000,0000000.0,3668.36,0.242887,63484.1,0.267,2027-12-01
NK225E    ,OOP,202712,72250.0,            ,182362218,0000000.0000,0000000.0,12216.6,0.238919,192362218,0000000.0000,0000000.0,3597.14,0.242752,63484.1,0.267,2027-12-01
NK225E    ,OOP,202712,72500.0,            ,132482518,0000000.0000,0000000.0,12391.78,0.238719,142482518,0000000.0000,0000000.0,3527.16,0.242576,63484.1,0.267,2027-12-01
NK225E    ,OOP,202712,72750.0,            ,132482718,0000000.0000,0000000.0,12568.17,0.238476,142482718,0000000.0000,0000000.0,3458.39,0.242359,63484.1,0.267,2027-12-01
NK225E    ,OOP,202712,73000.0,            ,132483018,0000000.0000,0000000.0,12745.79,0.238386,142483018,0000000.0000,0000000.0,3390.86,0.242295,63484.1,0.267,2027-12-01
NK225E    ,OOP,202712,73250.0,            ,132483218,0000000.0000,0000000.0,12924.57,0.238256,142483218,0000000.0000,0000000.0,3324.49,0.241994,63484.1,0.267,2027-12-01
NK225E    ,OOP,202712,73500.0,            ,132483518,0000000.0000,0000000.0,13104.57,0.237886,142483518,0000000.0000,0000000.0,3259.33,0.241849,63484.1,0.267,2027-12-01
NK225E    ,OOP,202712,73750.0,            ,132483718,0000000.0000,0000000.0,13285.73,0.237871,142483718,0000000.0000,0000000.0,3195.33,0.241663,63484.1,0.267,2027-12-01
NK225E    ,OOP,202712,74000.0,            ,132484018,0000000.0000,0000000.0,13468.02,0.237615,142484018,0000000.0000,0000000.0,3132.47,0.241437,63484.1,0.267,2027-12-01
NK225E    ,OOP,202712,74250.0,            ,132484218,0000000.0000,0000000.0,13651.47,0.23752,142484218,0000000.0000,0000000.0,3070.77,0.241369,63484.1,0.267,2027-12-01
NK225E    ,OOP,202712,74500.0,            ,132484518,0000000.0000,0000000.0,13836.06,0.237181,142484518,0000000.0000,0000000.0,3010.2,0.241263,63484.1,0.267,2027-12-01
NK225E    ,OOP,202712,74750.0,            ,132484718,0000000.0000,0000000.0,14021.76,0.237004,142484718,0000000.0000,0000000.0,2950.74,0.241118,63484.1,0.267,2027-12-01
NK225E    ,OOP,202712,75000.0,            ,132485018,0000000.0000,0000000.0,14208.54,0.236992,142485018,0000000.0000,0000000.0,2892.37,0.240933,63484.1,0.267,2027-12-01
NK225E    ,OOP,202712,75250.0,            ,132485218,0000000.0000,0000000.0,14396.41,0.236734,142485218,0000000.0000,0000000.0,2835.08,0.240914,63484.1,0.267,2027-12-01
NK225E    ,OOP,202712,75500.0,            ,132485518,0000000.0000,0000000.0,14585.36,0.236643,142485518,0000000.0000,0000000.0,2778.88,0.24065,63484.1,0.267,2027-12-01
NK225E    ,OOP,202712,75750.0,            ,132485718,0000000.0000,0000000.0,14775.36,0.236514,142485718,0000000.0000,0000000.0,2723.72,0.240554,63484.1,0.267,2027-12-01
NK225E    ,OOP,202712,76000.0,            ,132486018,0000000.0000,0000000.0,14966.39,0.236345,142486018,0000000.0000,0000000.0,2669.6,0.24042,63484.1,0.267,2027-12-01
NK225E    ,OOP,202712,76250.0,            ,132486218,0000000.0000,0000000.0,15158.45,0.236136,142486218,0000000.0000,0000000.0,2616.51,0.240248,63484.1,0.267,2027-12-01
NK225E    ,OOP,202712,77500.0,            ,182367518,0000000.0000,0000000.0,16133.66,0.235586,192367518,0000000.0000,0000000.0,2365.94,0.239889,63484.1,0.267,2027-12-01
NK225E    ,OOP,202712,80000.0,            ,132480018,0000000.0000,0000000.0,18152.62,0.234622,142480018,0000000.0000,0000000.0,1933.35,0.239379,63484.1,0.267,2027-12-01
NK225E    ,OOP,202712,82500.0,            ,182482518,0000000.0000,0000000.0,20251.19,0.234004,192482518,0000000.0000,0000000.0,1580.38,0.239058,63484.1,0.267,2027-12-01
NK225E    ,OOP,202712,85000.0,            ,182485018,0000000.0000,0000000.0,22416.06,0.233562,192485018,0000000.0000,0000000.0,1293.7,0.239557,63484.1,0.267,2027-12-01
NK225E    ,OOP,202712,87500.0,            ,182487518,0000000.0000,0000000.0,24635.23,0.233644,192487518,0000000.0000,0000000.0,1061.32,0.240125,63484.1,0.267,2027-12-01
NK225E    ,OOP,202712,90000.0,            ,182480018,0000000.0000,0000000.0,26898.37,0.23357,192480018,0000000.0000,0000000.0,872.91,0.240626,63484.1,0.267,2027-12-01
NK225E    ,OOP,202712,95000.0,            ,132605018,0000000.0000,0000000.0,31522.81,0.23336,142605018,0000000.0000,0000000.0,594.25,0.242775,63484.1,0.267,2027-12-01
NK225E    ,OOP,202712,100000.0,            ,132600018,0000000.0000,0000000.0,36236.42,0.232021,142600018,0000000.0000,0000000.0,404.77,0.244917,63484.1,0.267,2027-12-01
NK225E    ,OOP,202803,50000.0,            ,133030018,0000000.0000,0000000.0,2654.75,0.278443,143030018,0000000.0000,0000000.0,15955.19,0.291681,63484.1,0.267,2028-03-01
NK225E    ,OOP,202803,51000.0,            ,133031018,0000000.0000,0000000.0,2903.91,0.275997,143031018,0000000.0000,0000000.0,15227.59,0.288743,63484.1,0.267,2028-03-01
NK225E    ,OOP,202803,52000.0,            ,133032018,0000000.0000,0000000.0,3160.69,0.273316,143032018,0000000.0000,0000000.0,14507.62,0.285406,63484.1,0.267,2028-03-01
NK225E    ,OOP,202803,53000.0,            ,133033018,0000000.0000,0000000.0,3427.94,0.270194,143033018,0000000.0000,0000000.0,13798.11,0.281909,63484.1,0.267,2028-03-01
NK225E    ,OOP,202803,54000.0,            ,133034018,0000000.0000,0000000.0,3708.37,0.267075,143034018,0000000.0000,0000000.0,13101.79,0.278454,63484.1,0.267,2028-03-01
NK225E    ,OOP,202803,55000.0,            ,133035018,0000000.0000,0000000.0,4004.74,0.26414,143035018,0000000.0000,0000000.0,12421.4,0.275022,63484.1,0.267,2028-03-01
NK225E    ,OOP,202803,56000.0,            ,133036018,0000000.0000,0000000.0,4319.51,0.261161,143036018,0000000.0000,0000000.0,11759.43,0.271784,63484.1,0.267,2028-03-01
NK225E    ,OOP,202803,57000.0,            ,133037018,0000000.0000,0000000.0,4654.97,0.258312,143037018,0000000.0000,0000000.0,11118.13,0.268711,63484.1,0.267,2028-03-01
NK225E    ,OOP,202803,58000.0,            ,133038018,0000000.0000,0000000.0,5012.98,0.255569,143038018,0000000.0000,0000000.0,10499.38,0.265773,63484.1,0.267,2028-03-01
NK225E    ,OOP,202803,59000.0,            ,133039018,0000000.0000,0000000.0,5395.04,0.253268,143039018,0000000.0000,0000000.0,9904.69,0.263129,63484.1,0.267,2028-03-01
NK225E    ,OOP,202803,59500.0,            ,133039518,0000000.0000,0000000.0,5596.39,0.252049,143039518,0000000.0000,0000000.0,9617.66,0.26193,63484.1,0.267,2028-03-01
NK225E    ,OOP,202803,59750.0,            ,133039718,0000000.0000,0000000.0,5698.78,0.251466,143039718,0000000.0000,0000000.0,9475.86,0.261272,63484.1,0.267,2028-03-01
NK225E    ,OOP,202803,60000.0,            ,183030018,0000000.0000,0000000.0,5802.39,0.251018,193030018,0000000.0000,0000000.0,9335.28,0.26075,63484.1,0.267,2028-03-01
NK225E    ,OOP,202803,60250.0,            ,133030218,0000000.0000,0000000.0,5908.89,0.250528,143030218,0000000.0000,0000000.0,9197.6,0.260188,63484.1,0.267,2028-03-01
NK225E    ,OOP,202803,60500.0,            ,133030518,0000000.0000,0000000.0,6016.59,0.249997,143030518,0000000.0000,0000000.0,9061.1,0.259586,63484.1,0.267,2028-03-01
NK225E    ,OOP,202803,60750.0,            ,133030718,0000000.0000,0000000.0,6125.5,0.249597,143030718,0000000.0000,0000000.0,8925.83,0.259119,63484.1,0.267,2028-03-01
NK225E    ,OOP,202803,61000.0,            ,183031018,0000000.0000,0000000.0,6235.61,0.248982,193031018,0000000.0000,0000000.0,8791.75,0.258612,63484.1,0.267,2028-03-01
NK225E    ,OOP,202803,61250.0,            ,133031218,0000000.0000,0000000.0,6348.63,0.248671,143031218,0000000.0000,0000000.0,8660.58,0.258064,63484.1,0.267,2028-03-01
NK225E    ,OOP,202803,61500.0,            ,133031518,0000000.0000,0000000.0,6462.83,0.248146,143031518,0000000.0000,0000000.0,8530.59,0.257649,63484.1,0.267,2028-03-01
NK225E    ,OOP,202803,61750.0,            ,133031718,0000000.0000,0000000.0,6578.29,0.247751,143031718,0000000.0000,0000000.0,8401.87,0.257194,63484.1,0.267,2028-03-01
NK225E    ,OOP,202803,62000.0,            ,183032018,0000000.0000,0000000.0,6694.91,0.247314,193032018,0000000.0000,0000000.0,8274.29,0.256699,63484.1,0.267,2028-03-01
NK225E    ,OOP,202803,62250.0,            ,133032218,0000000.0000,0000000.0,6814.44,0.247005,143032218,0000000.0000,0000000.0,8149.64,0.256334,63484.1,0.267,2028-03-01
NK225E    ,OOP,202803,62500.0,            ,133032518,0000000.0000,0000000.0,6935.16,0.246655,143032518,0000000.0000,0000000.0,8026.17,0.255929,63484.1,0.267,2028-03-01
NK225E    ,OOP,202803,62750.0,            ,133032718,0000000.0000,0000000.0,7057.1,0.246262,143032718,0000000.0000,0000000.0,7903.92,0.255484,63484.1,0.267,2028-03-01
NK225E    ,OOP,202803,63000.0,            ,183033018,0000000.0000,0000000.0,7180.28,0.245829,193033018,0000000.0000,0000000.0,7782.91,0.255169,63484.1,0.267,2028-03-01
NK225E    ,OOP,202803,63250.0,            ,133033218,0000000.0000,0000000.0,7306.14,0.245522,143033218,0000000.0000,0000000.0,7664.58,0.254813,63484.1,0.267,2028-03-01
NK225E    ,OOP,202803,63500.0,            ,133033518,0000000.0000,0000000.0,7433.24,0.245174,143033518,0000000.0000,0000000.0,7547.49,0.254418,63484.1,0.267,2028-03-01
NK225E    ,OOP,202803,63750.0,            ,133033718,0000000.0000,0000000.0,7561.52,0.244953,143033718,0000000.0000,0000000.0,7431.59,0.25415,63484.1,0.267,2028-03-01
NK225E    ,OOP,202803,64000.0,            ,183034018,0000000.0000,0000000.0,7691.05,0.244522,193034018,0000000.0000,0000000.0,7316.92,0.253844,63484.1,0.267,2028-03-01
NK225E    ,OOP,202803,64250.0,            ,133034218,0000000.0000,0000000.0,7823.08,0.244219,143034218,0000000.0000,0000000.0,7204.76,0.253497,63484.1,0.267,2028-03-01
NK225E    ,OOP,202803,64500.0,            ,133034518,0000000.0000,0000000.0,7956.31,0.24404,143034518,0000000.0000,0000000.0,7093.81,0.253112,63484.1,0.267,2028-03-01
NK225E    ,OOP,202803,64750.0,            ,133034718,0000000.0000,0000000.0,8090.75,0.243655,143034718,0000000.0000,0000000.0,6984.06,0.252854,63484.1,0.267,2028-03-01
NK225E    ,OOP,202803,65000.0,            ,183035018,0000000.0000,0000000.0,8226.39,0.243395,193035018,0000000.0000,0000000.0,6875.51,0.252557,63484.1,0.267,2028-03-01
NK225E    ,OOP,202803,65250.0,            ,133035218,0000000.0000,0000000.0,8364.29,0.243095,143035218,0000000.0000,0000000.0,6769.22,0.252387,63484.1,0.267,2028-03-01
NK225E    ,OOP,202803,65500.0,            ,133035518,0000000.0000,0000000.0,8503.4,0.24292,143035518,0000000.0000,0000000.0,6664.15,0.252013,63484.1,0.267,2028-03-01
NK225E    ,OOP,202803,65750.0,            ,133035718,0000000.0000,0000000.0,8643.68,0.242706,143035718,0000000.0000,0000000.0,6560.23,0.251766,63484.1,0.267,2028-03-01
NK225E    ,OOP,202803,66000.0,            ,183036018,0000000.0000,0000000.0,8785.17,0.242451,193036018,0000000.0000,0000000.0,6457.53,0.25148,63484.1,0.267,2028-03-01
NK225E    ,OOP,202803,66250.0,            ,133036218,0000000.0000,0000000.0,8928.62,0.242157,143036218,0000000.0000,0000000.0,6356.8,0.251322,63484.1,0.267,2028-03-01
NK225E    ,OOP,202803,66500.0,            ,133036518,0000000.0000,0000000.0,9073.27,0.241989,143036518,0000000.0000,0000000.0,6257.26,0.251126,63484.1,0.267,2028-03-01
NK225E    ,OOP,202803,66750.0,            ,133036718,0000000.0000,0000000.0,9219.06,0.241781,143036718,0000000.0000,0000000.0,6158.86,0.250892,63484.1,0.267,2028-03-01
NK225E    ,OOP,202803,67000.0,            ,183037018,0000000.0000,0000000.0,9366.05,0.241535,193037018,0000000.0000,0000000.0,6061.66,0.25062,63484.1,0.267,2028-03-01
NK225E    ,OOP,202803,67250.0,            ,133037218,0000000.0000,0000000.0,9514.72,0.241249,143037218,0000000.0000,0000000.0,5966.15,0.250477,63484.1,0.267,2028-03-01
NK225E    ,OOP,202803,67500.0,            ,133037518,0000000.0000,0000000.0,9664.55,0.24109,143037518,0000000.0000,0000000.0,5871.78,0.250296,63484.1,0.267,2028-03-01
NK225E    ,OOP,202803,67750.0,            ,133037718,0000000.0000,0000000.0,9815.52,0.240893,143037718,0000000.0000,0000000.0,5778.56,0.250078,63484.1,0.267,2028-03-01
NK225E    ,OOP,202803,68000.0,            ,183038018,0000000.0000,0000000.0,9967.62,0.240657,193038018,0000000.0000,0000000.0,5686.47,0.249823,63484.1,0.267,2028-03-01
NK225E    ,OOP,202803,68250.0,            ,133038218,0000000.0000,0000000.0,10121.14,0.240382,143038218,0000000.0000,0000000.0,5595.81,0.249697,63484.1,0.267,2028-03-01
NK225E    ,OOP,202803,68500.0,            ,133038518,0000000.0000,0000000.0,10275.79,0.240236,143038518,0000000.0000,0000000.0,5506.27,0.249369,63484.1,0.267,2028-03-01
NK225E    ,OOP,202803,68750.0,            ,133038718,0000000.0000,0000000.0,10431.55,0.240052,143038718,0000000.0000,0000000.0,5417.84,0.24917,63484.1,0.267,2028-03-01
NK225E    ,OOP,202803,69000.0,            ,183039018,0000000.0000,0000000.0,10588.44,0.239831,193039018,0000000.0000,0000000.0,5330.54,0.249101,63484.1,0.267,2028-03-01
NK225E    ,OOP,202803,69250.0,            ,133039218,0000000.0000,0000000.0,10746.46,0.239572,143039218,0000000.0000,0000000.0,5244.37,0.24883,63484.1,0.267,2028-03-01
NK225E    ,OOP,202803,70000.0,            ,133150018,0000000.0000,0000000.0,11227.1,0.239073,143150018,0000000.0000,0000000.0,4992.45,0.248303,63484.1,0.267,2028-03-01
NK225E    ,OOP,202803,71000.0,            ,133151018,0000000.0000,0000000.0,11882.34,0.23823,143151018,0000000.0000,0000000.0,4670.93,0.247611,63484.1,0.267,2028-03-01
NK225E    ,OOP,202803,72000.0,            ,133152018,0000000.0000,0000000.0,12553.01,0.237317,143152018,0000000.0000,0000000.0,4364.85,0.246701,63484.1,0.267,2028-03-01
NK225E    ,OOP,202803,73000.0,            ,133153018,0000000.0000,0000000.0,13238.32,0.236347,143153018,0000000.0000,0000000.0,4073.4,0.24593,63484.1,0.267,2028-03-01
NK225E    ,OOP,202803,74000.0,            ,133154018,0000000.0000,0000000.0,13937.69,0.235334,143154018,0000000.0000,0000000.0,3796.01,0.245143,63484.1,0.267,2028-03-01
NK225E    ,OOP,202803,75000.0,            ,133155018,0000000.0000,0000000.0,14650.84,0.234114,143155018,0000000.0000,0000000.0,3532.41,0.244178,63484.1,0.267,2028-03-01
NK225E    ,OOP,202803,76000.0,            ,133156018,0000000.0000,0000000.0,15377.88,0.233062,143156018,0000000.0000,0000000.0,3282.7,0.243226,63484.1,0.267,2028-03-01
NK225E    ,OOP,202803,77000.0,            ,133157018,0000000.0000,0000000.0,16119.17,0.231829,143157018,0000000.0000,0000000.0,3047.23,0.242305,63484.1,0.267,2028-03-01
NK225E    ,OOP,202803,78000.0,            ,133158018,0000000.0000,0000000.0,16875.41,0.230616,143158018,0000000.0000,0000000.0,2826.72,0.241438,63484.1,0.267,2028-03-01
NK225E    ,OOP,202803,79000.0,            ,133159018,0000000.0000,0000000.0,17647.66,0.229647,143159018,0000000.0000,0000000.0,2622.21,0.240648,63484.1,0.267,2028-03-01
NK225E    ,OOP,202803,80000.0,            ,183150018,0000000.0000,0000000.0,18437.16,0.228761,193150018,0000000.0000,0000000.0,2434.96,0.240165,63484.1,0.267,2028-03-01
NK225E    ,OOP,202806,15000.0,            ,183065018,0000000.0000,0000000.0,13.3,0.396175,193065018,0000000.0000,0000000.0,47187.26,0.604414,63484.1,0.267,2028-06-01
NK225E    ,OOP,202806,16000.0,            ,183066018,0000000.0000,0000000.0,20.56,0.397072,193066018,0000000.0000,0000000.0,46221.62,0.580908,63484.1,0.267,2028-06-01
NK225E    ,OOP,202806,17000.0,            ,183067018,0000000.0000,0000000.0,30.61,0.396165,193067018,0000000.0000,0000000.0,45258.76,0.558883,63484.1,0.267,2028-06-01
NK225E    ,OOP,202806,17500.0,            ,133067518,0000000.0000,0000000.0,36.86,0.395962,143067518,0000000.0000,0000000.0,44778.57,0.549135,63484.1,0.267,2028-06-01
NK225E    ,OOP,202806,17750.0,            ,133067718,0000000.0000,0000000.0,40.34,0.396665,143067718,0000000.0000,0000000.0,44538.81,0.544359,63484.1,0.267,2028-06-01
NK225E    ,OOP,202806,18000.0,            ,133068018,0000000.0000,0000000.0,44.06,0.395896,143068018,0000000.0000,0000000.0,44299.31,0.539645,63484.1,0.267,2028-06-01
NK225E    ,OOP,202806,18250.0,            ,133068218,0000000.0000,0000000.0,48.04,0.396001,143068218,0000000.0000,0000000.0,44060.06,0.534993,63484.1,0.267,2028-06-01
NK225E    ,OOP,202806,18500.0,            ,133068518,0000000.0000,0000000.0,52.28,0.3968,143068518,0000000.0000,0000000.0,43821.08,0.5304,63484.1,0.267,2028-06-01
NK225E    ,OOP,202806,18750.0,            ,133068718,0000000.0000,0000000.0,56.8,0.396349,143068718,0000000.0000,0000000.0,43582.37,0.527277,63484.1,0.267,2028-06-01
NK225E    ,OOP,202806,19000.0,            ,133069018,0000000.0000,0000000.0,61.61,0.396553,143069018,0000000.0000,0000000.0,43343.96,0.522776,63484.1,0.267,2028-06-01
NK225E    ,OOP,202806,19250.0,            ,133069218,0000000.0000,0000000.0,66.73,0.396496,143069218,0000000.0000,0000000.0,43105.84,0.518329,63484.1,0.267,2028-06-01
NK225E    ,OOP,202806,19500.0,            ,133069518,0000000.0000,0000000.0,72.15,0.396215,143069518,0000000.0000,0000000.0,42868.04,0.515278,63484.1,0.267,2028-06-01
NK225E    ,OOP,202806,19750.0,            ,133069718,0000000.0000,0000000.0,77.9,0.396441,143069718,0000000.0000,0000000.0,42630.57,0.510916,63484.1,0.267,2028-06-01
NK225E    ,OOP,202806,20000.0,            ,133060018,0000000.0000,0000000.0,83.99,0.39642,143060018,0000000.0000,0000000.0,42393.43,0.5079,63484.1,0.267,2028-06-01
NK225E    ,OOP,202806,20250.0,            ,133060218,0000000.0000,0000000.0,90.43,0.396188,143060218,0000000.0000,0000000.0,42156.64,0.503619,63484.1,0.267,2028-06-01
NK225E    ,OOP,202806,20500.0,            ,133060518,0000000.0000,0000000.0,97.22,0.39577,143060518,0000000.0000,0000000.0,41920.21,0.500637,63484.1,0.267,2028-06-01
NK225E    ,OOP,202806,20750.0,            ,133060718,0000000.0000,0000000.0,104.39,0.396304,143060718,0000000.0000,0000000.0,41684.15,0.497658,63484.1,0.267,2028-06-01
NK225E    ,OOP,202806,21000.0,            ,133061018,0000000.0000,0000000.0,111.94,0.396056,143061018,0000000.0000,0000000.0,41448.47,0.494684,63484.1,0.267,2028-06-01
NK225E    ,OOP,202806,21250.0,            ,133061218,0000000.0000,0000000.0,119.89,0.396136,143061218,0000000.0000,0000000.0,41213.19,0.490541,63484.1,0.267,2028-06-01
NK225E    ,OOP,202806,21500.0,            ,133061518,0000000.0000,0000000.0,128.24,0.396016,143061518,0000000.0000,0000000.0,40978.32,0.4876,63484.1,0.267,2028-06-01
NK225E    ,OOP,202806,21750.0,            ,133061718,0000000.0000,0000000.0,137.02,0.395721,143061718,0000000.0000,0000000.0,40743.87,0.484665,63484.1,0.267,2028-06-01
NK225E    ,OOP,202806,22000.0,            ,133062018,0000000.0000,0000000.0,146.22,0.396127,143062018,0000000.0000,0000000.0,40509.85,0.482843,63484.1,0.267,2028-06-01
NK225E    ,OOP,202806,22250.0,            ,133062218,0000000.0000,0000000.0,155.87,0.395908,143062218,0000000.0000,0000000.0,40276.27,0.479899,63484.1,0.267,2028-06-01
NK225E    ,OOP,202806,22500.0,            ,133062518,0000000.0000,0000000.0,165.98,0.395922,143062518,0000000.0000,0000000.0,40043.15,0.476961,63484.1,0.267,2028-06-01
NK225E    ,OOP,202806,22750.0,            ,133062718,0000000.0000,0000000.0,176.55,0.395763,143062718,0000000.0000,0000000.0,39810.5,0.475072,63484.1,0.267,2028-06-01
NK225E    ,OOP,202806,23000.0,            ,133063018,0000000.0000,0000000.0,187.61,0.395804,143063018,0000000.0000,0000000.0,39578.33,0.472131,63484.1,0.267,2028-06-01
NK225E    ,OOP,202806,23250.0,            ,133063218,0000000.0000,0000000.0,199.15,0.395676,143063218,0000000.0000,0000000.0,39346.65,0.470196,63484.1,0.267,2028-06-01
NK225E    ,OOP,202806,23500.0,            ,133063518,0000000.0000,0000000.0,211.2,0.395721,143063518,0000000.0000,0000000.0,39115.47,0.468231,63484.1,0.267,2028-06-01
NK225E    ,OOP,202806,23750.0,            ,133063718,0000000.0000,0000000.0,223.77,0.395914,143063718,0000000.0000,0000000.0,38884.81,0.465281,63484.1,0.267,2028-06-01
NK225E    ,OOP,202806,24000.0,            ,133064018,0000000.0000,0000000.0,236.86,0.39564,143064018,0000000.0000,0000000.0,38654.68,0.46328,63484.1,0.267,2028-06-01
NK225E    ,OOP,202806,24250.0,            ,133064218,0000000.0000,0000000.0,250.49,0.395804,143064218,0000000.0000,0000000.0,38425.08,0.461253,63484.1,0.267,2028-06-01
NK225E    ,OOP,202806,24500.0,            ,133064518,0000000.0000,0000000.0,264.67,0.395807,143064518,0000000.0000,0000000.0,38196.03,0.459202,63484.1,0.267,2028-06-01
NK225E    ,OOP,202806,24750.0,            ,133064718,0000000.0000,0000000.0,279.41,0.395664,143064718,0000000.0000,0000000.0,37967.55,0.458005,63484.1,0.267,2028-06-01
NK225E    ,OOP,202806,25000.0,            ,133065018,0000000.0000,0000000.0,294.72,0.39564,143065018,0000000.0000,0000000.0,37739.63,0.455894,63484.1,0.267,2028-06-01
NK225E    ,OOP,202806,25250.0,            ,133065218,0000000.0000,0000000.0,310.62,0.39572,143065218,0000000.0000,0000000.0,37512.3,0.454602,63484.1,0.267,2028-06-01
NK225E    ,OOP,202806,25500.0,            ,133065518,0000000.0000,0000000.0,327.11,0.396584,143065518,0000000.0000,0000000.0,37285.57,0.452439,63484.1,0.267,2028-06-01
NK225E    ,OOP,202806,25750.0,            ,133065718,0000000.0000,0000000.0,344.21,0.396134,143065718,0000000.0000,0000000.0,37059.44,0.451063,63484.1,0.267,2028-06-01
NK225E    ,OOP,202806,26000.0,            ,133066018,0000000.0000,0000000.0,361.92,0.395582,143066018,0000000.0000,0000000.0,36833.93,0.449641,63484.1,0.267,2028-06-01
NK225E    ,OOP,202806,26250.0,            ,133066218,0000000.0000,0000000.0,368.96,0.393884,143066218,0000000.0000,0000000.0,36597.74,0.445861,63484.1,0.267,2028-06-01
NK225E    ,OOP,202806,26500.0,            ,133066518,0000000.0000,0000000.0,376.02,0.391121,143066518,0000000.0000,0000000.0,36361.57,0.44288,63484.1,0.267,2028-06-01
NK225E    ,OOP,202806,26750.0,            ,133066718,0000000.0000,0000000.0,383.09,0.389388,143066718,0000000.0000,0000000.0,36125.41,0.439912,63484.1,0.267,2028-06-01
NK225E    ,OOP,202806,27000.0,            ,133067018,0000000.0000,0000000.0,390.17,0.386631,143067018,0000000.0000,0000000.0,35889.27,0.436957,63484.1,0.267,2028-06-01
NK225E    ,OOP,202806,27250.0,            ,133067218,0000000.0000,0000000.0,398.15,0.384867,143067218,0000000.0000,0000000.0,35654.03,0.434015,63484.1,0.267,2028-06-01
NK225E    ,OOP,202806,27500.0,            ,183067518,0000000.0000,0000000.0,406.18,0.382119,193067518,0000000.0000,0000000.0,35418.82,0.430363,63484.1,0.267,2028-06-01
NK225E    ,OOP,202806,27750.0,            ,183067718,0000000.0000,0000000.0,414.24,0.380328,193067718,0000000.0000,0000000.0,35183.66,0.427456,63484.1,0.267,2028-06-01
NK225E    ,OOP,202806,28000.0,            ,183068018,0000000.0000,0000000.0,422.35,0.377589,193068018,0000000.0000,0000000.0,34948.54,0.424562,63484.1,0.267,2028-06-01
NK225E    ,OOP,202806,28250.0,            ,183068218,0000000.0000,0000000.0,431.36,0.375774,193068218,0000000.0000,0000000.0,34714.33,0.421679,63484.1,0.267,2028-06-01
NK225E    ,OOP,202806,28500.0,            ,183068518,0000000.0000,0000000.0,440.45,0.373938,193068518,0000000.0000,0000000.0,34480.19,0.419493,63484.1,0.267,2028-06-01
NK225E    ,OOP,202806,28750.0,            ,183068718,0000000.0000,0000000.0,449.6,0.372083,193068718,0000000.0000,0000000.0,34246.12,0.416625,63484.1,0.267,2028-06-01
NK225E    ,OOP,202806,29000.0,            ,183069018,0000000.0000,0000000.0,458.83,0.369353,193069018,0000000.0000,0000000.0,34012.12,0.413768,63484.1,0.267,2028-06-01
NK225E    ,OOP,202806,29250.0,            ,183069218,0000000.0000,0000000.0,468.98,0.36748,193069218,0000000.0000,0000000.0,33779.05,0.410924,63484.1,0.267,2028-06-01
NK225E    ,OOP,202806,29500.0,            ,183069518,0000000.0000,0000000.0,479.23,0.365591,193069518,0000000.0000,0000000.0,33546.07,0.408737,63484.1,0.267,2028-06-01
NK225E    ,OOP,202806,29750.0,            ,183069718,0000000.0000,0000000.0,489.58,0.363687,193069718,0000000.0000,0000000.0,33313.19,0.405906,63484.1,0.267,2028-06-01
NK225E    ,OOP,202806,30000.0,            ,183060018,0000000.0000,0000000.0,500.04,0.361769,193060018,0000000.0000,0000000.0,33080.42,0.403087,63484.1,0.267,2028-06-01
NK225E    ,OOP,202806,30250.0,            ,183060218,0000000.0000,0000000.0,511.42,0.360615,193060218,0000000.0000,0000000.0,32848.58,0.400899,63484.1,0.267,2028-06-01
NK225E    ,OOP,202806,30500.0,            ,183060518,0000000.0000,0000000.0,522.94,0.358656,193060518,0000000.0000,0000000.0,32616.87,0.398705,63484.1,0.267,2028-06-01
NK225E    ,OOP,202806,30750.0,            ,183060718,0000000.0000,0000000.0,534.59,0.356686,193060718,0000000.0000,0000000.0,32385.3,0.395903,63484.1,0.267,2028-06-01
NK225E    ,OOP,202806,31000.0,            ,183061018,0000000.0000,0000000.0,546.37,0.355439,193061018,0000000.0000,0000000.0,32153.85,0.393706,63484.1,0.267,2028-06-01
NK225E    ,OOP,202806,31250.0,            ,183061218,0000000.0000,0000000.0,559.11,0.353435,193061218,0000000.0000,0000000.0,31923.36,0.391503,63484.1,0.267,2028-06-01
NK225E    ,OOP,202806,31500.0,            ,183061518,0000000.0000,0000000.0,572.0,0.352128,193061518,0000000.0000,0000000.0,31693.03,0.389295,63484.1,0.267,2028-06-01
NK225E    ,OOP,202806,31750.0,            ,183061718,0000000.0000,0000000.0,585.06,0.350095,193061718,0000000.0000,0000000.0,31462.87,0.386514,63484.1,0.267,2028-06-01
NK225E    ,OOP,202806,32000.0,            ,183062018,0000000.0000,0000000.0,598.29,0.348734,193062018,0000000.0000,0000000.0,31232.86,0.384305,63484.1,0.267,2028-06-01
NK225E    ,OOP,202806,32250.0,            ,183062218,0000000.0000,0000000.0,612.48,0.346675,193062218,0000000.0000,0000000.0,31003.83,0.382643,63484.1,0.267,2028-06-01
NK225E    ,OOP,202806,32500.0,            ,183062518,0000000.0000,0000000.0,626.86,0.345264,193062518,0000000.0000,0000000.0,30774.98,0.380418,63484.1,0.267,2028-06-01
NK225E    ,OOP,202806,32750.0,            ,183062718,0000000.0000,0000000.0,641.44,0.343824,193062718,0000000.0000,0000000.0,30546.34,0.378189,63484.1,0.267,2028-06-01
NK225E    ,OOP,202806,33000.0,            ,183063018,0000000.0000,0000000.0,656.22,0.342357,193063018,0000000.0000,0000000.0,30317.89,0.375957,63484.1,0.267,2028-06-01
NK225E    ,OOP,202806,33250.0,            ,183063218,0000000.0000,0000000.0,671.98,0.340863,193063218,0000000.0000,0000000.0,30090.42,0.374241,63484.1,0.267,2028-06-01
NK225E    ,OOP,202806,33500.0,            ,183063518,0000000.0000,0000000.0,687.97,0.339344,193063518,0000000.0000,0000000.0,29863.19,0.371996,63484.1,0.267,2028-06-01
NK225E    ,OOP,202806,33750.0,            ,183063718,0000000.0000,0000000.0,704.2,0.337801,193063718,0000000.0000,0000000.0,29636.19,0.370252,63484.1,0.267,2028-06-01
NK225E    ,OOP,202806,34000.0,            ,183064018,0000000.0000,0000000.0,720.66,0.336818,193064018,0000000.0000,0000000.0,29409.42,0.367995,63484.1,0.267,2028-06-01
NK225E    ,OOP,202806,34250.0,            ,183064218,0000000.0000,0000000.0,738.1,0.33522,193064218,0000000.0000,0000000.0,29183.64,0.366227,63484.1,0.267,2028-06-01
NK225E    ,OOP,202806,34500.0,            ,183064518,0000000.0000,0000000.0,755.82,0.333603,193064518,0000000.0000,0000000.0,28958.13,0.364442,63484.1,0.267,2028-06-01
NK225E    ,OOP,202806,34750.0,            ,183064718,0000000.0000,0000000.0,773.8,0.332516,193064718,0000000.0000,0000000.0,28732.88,0.362642,63484.1,0.267,2028-06-01
NK225E    ,OOP,202806,35000.0,            ,133185018,0000000.0000,0000000.0,792.05,0.331391,143185018,0000000.0000,0000000.0,28507.91,0.360828,63484.1,0.267,2028-06-01
NK225E    ,OOP,202806,35250.0,            ,183065218,0000000.0000,0000000.0,811.31,0.3297,193065218,0000000.0000,0000000.0,28283.94,0.359001,63484.1,0.267,2028-06-01
NK225E    ,OOP,202806,35500.0,            ,183065518,0000000.0000,0000000.0,830.87,0.328514,193065518,0000000.0000,0000000.0,28060.28,0.357159,63484.1,0.267,2028-06-01
NK225E    ,OOP,202806,35750.0,            ,183065718,0000000.0000,0000000.0,850.73,0.327293,193065718,0000000.0000,0000000.0,27836.91,0.355306,63484.1,0.267,2028-06-01
NK225E    ,OOP,202806,36000.0,            ,133186018,0000000.0000,0000000.0,870.9,0.326041,143186018,0000000.0000,0000000.0,27613.86,0.35344,63484.1,0.267,2028-06-01
NK225E    ,OOP,202806,36250.0,            ,183066218,0000000.0000,0000000.0,892.08,0.324758,193066218,0000000.0000,0000000.0,27391.81,0.351997,63484.1,0.267,2028-06-01
NK225E    ,OOP,202806,36500.0,            ,183066518,0000000.0000,0000000.0,913.6,0.323446,193066518,0000000.0000,0000000.0,27170.1,0.350102,63484.1,0.267,2028-06-01
NK225E    ,OOP,202806,36750.0,            ,183066718,0000000.0000,0000000.0,935.46,0.32258,193066718,0000000.0000,0000000.0,26948.73,0.348619,63484.1,0.267,2028-06-01
NK225E    ,OOP,202806,37000.0,            ,133187018,0000000.0000,0000000.0,957.67,0.321205,143187018,0000000.0000,0000000.0,26727.72,0.347113,63484.1,0.267,2028-06-01
NK225E    ,OOP,202806,37250.0,            ,183067218,0000000.0000,0000000.0,980.91,0.320262,193067218,0000000.0000,0000000.0,26507.73,0.345586,63484.1,0.267,2028-06-01
NK225E    ,OOP,202806,37500.0,            ,133187518,0000000.0000,0000000.0,1004.52,0.318829,143187518,0000000.0000,0000000.0,26288.12,0.344038,63484.1,0.267,2028-06-01
NK225E    ,OOP,202806,37750.0,            ,133187718,0000000.0000,0000000.0,1028.51,0.317815,143187718,0000000.0000,0000000.0,26068.88,0.34247,63484.1,0.267,2028-06-01
NK225E    ,OOP,202806,38000.0,            ,133188018,0000000.0000,0000000.0,1052.89,0.316764,143188018,0000000.0000,0000000.0,25850.04,0.340883,63484.1,0.267,2028-06-01
NK225E    ,OOP,202806,38250.0,            ,133188218,0000000.0000,0000000.0,1078.3,0.315678,143188218,0000000.0000,0000000.0,25632.22,0.339278,63484.1,0.267,2028-06-01
NK225E    ,OOP,202806,38500.0,            ,133188518,0000000.0000,0000000.0,1104.13,0.314557,143188518,0000000.0000,0000000.0,25414.82,0.338036,63484.1,0.267,2028-06-01
NK225E    ,OOP,202806,38750.0,            ,133188718,0000000.0000,0000000.0,1130.36,0.313404,143188718,0000000.0000,0000000.0,25197.83,0.336389,63484.1,0.267,2028-06-01
NK225E    ,OOP,202806,39000.0,            ,133189018,0000000.0000,0000000.0,1157.03,0.312219,143189018,0000000.0000,0000000.0,24981.27,0.335097,63484.1,0.267,2028-06-01
NK225E    ,OOP,202806,39250.0,            ,133189218,0000000.0000,0000000.0,1184.73,0.311403,143189218,0000000.0000,0000000.0,24765.75,0.333779,63484.1,0.267,2028-06-01
NK225E    ,OOP,202806,39500.0,            ,133189518,0000000.0000,0000000.0,1212.89,0.310153,143189518,0000000.0000,0000000.0,24550.68,0.332075,63484.1,0.267,2028-06-01
NK225E    ,OOP,202806,39750.0,            ,133189718,0000000.0000,0000000.0,1241.51,0.30926,143189718,0000000.0000,0000000.0,24336.07,0.330711,63484.1,0.267,2028-06-01
NK225E    ,OOP,202806,40000.0,            ,133180018,0000000.0000,0000000.0,1270.59,0.30795,143180018,0000000.0000,0000000.0,24121.93,0.329324,63484.1,0.267,2028-06-01
NK225E    ,OOP,202806,40250.0,            ,133180218,0000000.0000,0000000.0,1300.72,0.306987,143180218,0000000.0000,0000000.0,23908.83,0.328258,63484.1,0.267,2028-06-01
NK225E    ,OOP,202806,40500.0,            ,133180518,0000000.0000,0000000.0,1331.35,0.305988,143180518,0000000.0000,0000000.0,23696.23,0.326821,63484.1,0.267,2028-06-01
NK225E    ,OOP,202806,40750.0,            ,133180718,0000000.0000,0000000.0,1362.46,0.304954,143180718,0000000.0000,0000000.0,23484.11,0.325361,63484.1,0.267,2028-06-01
NK225E    ,OOP,202806,41000.0,            ,133181018,0000000.0000,0000000.0,1394.07,0.304242,143181018,0000000.0000,0000000.0,23272.5,0.324213,63484.1,0.267,2028-06-01
NK225E    ,OOP,202806,41250.0,            ,133181218,0000000.0000,0000000.0,1426.75,0.303136,143181218,0000000.0000,0000000.0,23061.96,0.323035,63484.1,0.267,2028-06-01
NK225E    ,OOP,202806,41500.0,            ,133181518,0000000.0000,0000000.0,1459.97,0.302,143181518,0000000.0000,0000000.0,22851.95,0.321829,63484.1,0.267,2028-06-01
NK225E    ,OOP,202806,41750.0,            ,133181718,0000000.0000,0000000.0,1493.72,0.301173,143181718,0000000.0000,0000000.0,22642.47,0.320595,63484.1,0.267,2028-06-01
NK225E    ,OOP,202806,42000.0,            ,133182018,0000000.0000,0000000.0,1528.0,0.300307,143182018,0000000.0000,0000000.0,22433.53,0.319335,63484.1,0.267,2028-06-01
NK225E    ,OOP,202806,42250.0,            ,133182218,0000000.0000,0000000.0,1563.37,0.299403,143182218,0000000.0000,0000000.0,22225.67,0.31805,63484.1,0.267,2028-06-01
NK225E    ,OOP,202806,42500.0,            ,183182518,0000000.0000,0000000.0,1599.31,0.298462,193182518,0000000.0000,0000000.0,22018.38,0.316739,63484.1,0.267,2028-06-01
NK225E    ,OOP,202806,42750.0,            ,133182718,0000000.0000,0000000.0,1635.81,0.297487,143182718,0000000.0000,0000000.0,21811.66,0.315706,63484.1,0.267,2028-06-01
NK225E    ,OOP,202806,43000.0,            ,133183018,0000000.0000,0000000.0,1672.88,0.296478,143183018,0000000.0000,0000000.0,21605.5,0.314642,63484.1,0.267,2028-06-01
NK225E    ,OOP,202806,43250.0,            ,133183218,0000000.0000,0000000.0,1711.05,0.295745,143183218,0000000.0000,0000000.0,21400.45,0.313254,63484.1,0.267,2028-06-01
NK225E    ,OOP,202806,43500.0,            ,133183518,0000000.0000,0000000.0,1749.84,0.294667,143183518,0000000.0000,0000000.0,21196.0,0.312134,63484.1,0.267,2028-06-01
NK225E    ,OOP,202806,43750.0,            ,133183718,0000000.0000,0000000.0,1789.22,0.29386,143183718,0000000.0000,0000000.0,20992.16,0.310985,63484.1,0.267,2028-06-01
NK225E    ,OOP,202806,44000.0,            ,133184018,0000000.0000,0000000.0,1829.22,0.293014,143184018,0000000.0000,0000000.0,20788.94,0.310091,63484.1,0.267,2028-06-01
NK225E    ,OOP,202806,44250.0,            ,133184218,0000000.0000,0000000.0,1870.35,0.292132,143184218,0000000.0000,0000000.0,20586.84,0.308884,63484.1,0.267,2028-06-01
NK225E    ,OOP,202806,44500.0,            ,133184518,0000000.0000,0000000.0,1912.11,0.291214,143184518,0000000.0000,0000000.0,20385.37,0.307927,63484.1,0.267,2028-06-01
NK225E    ,OOP,202806,44750.0,            ,133184718,0000000.0000,0000000.0,1954.51,0.290546,143184718,0000000.0000,0000000.0,20184.55,0.306665,63484.1,0.267,2028-06-01
NK225E    ,OOP,202806,45000.0,            ,183185018,0000000.0000,0000000.0,1997.58,0.289557,193185018,0000000.0000,0000000.0,19984.39,0.305647,63484.1,0.267,2028-06-01
NK225E    ,OOP,202806,45250.0,            ,133185218,0000000.0000,0000000.0,2041.79,0.288812,143185218,0000000.0000,0000000.0,19785.37,0.304599,63484.1,0.267,2028-06-01
NK225E    ,OOP,202806,45500.0,            ,133185518,0000000.0000,0000000.0,2086.69,0.287755,143185518,0000000.0000,0000000.0,19587.05,0.303521,63484.1,0.267,2028-06-01
NK225E    ,OOP,202806,45750.0,            ,133185718,0000000.0000,0000000.0,2132.25,0.286938,143185718,0000000.0000,0000000.0,19389.38,0.302674,63484.1,0.267,2028-06-01
NK225E    ,OOP,202806,46000.0,            ,183186018,0000000.0000,0000000.0,2178.51,0.286085,193186018,0000000.0000,0000000.0,19192.41,0.301536,63484.1,0.267,2028-06-01
NK225E    ,OOP,202806,46250.0,            ,133186218,0000000.0000,0000000.0,2225.93,0.285459,143186218,0000000.0000,0000000.0,18996.61,0.300625,63484.1,0.267,2028-06-01
NK225E    ,OOP,202806,46500.0,            ,133186518,0000000.0000,0000000.0,2274.09,0.284533,143186518,0000000.0000,0000000.0,18801.54,0.299681,63484.1,0.267,2028-06-01
NK225E    ,OOP,202806,46750.0,            ,133186718,0000000.0000,0000000.0,2322.95,0.283829,143186718,0000000.0000,0000000.0,18607.18,0.298705,63484.1,0.267,2028-06-01
NK225E    ,OOP,202806,47000.0,            ,183187018,0000000.0000,0000000.0,2372.54,0.283087,193187018,0000000.0000,0000000.0,18413.54,0.297699,63484.1,0.267,2028-06-01
NK225E    ,OOP,202806,47250.0,            ,133187218,0000000.0000,0000000.0,2423.33,0.282308,143187218,0000000.0000,0000000.0,18221.11,0.296662,63484.1,0.267,2028-06-01
NK225E    ,OOP,202806,47500.0,            ,183187518,0000000.0000,0000000.0,2474.89,0.281493,193187518,0000000.0000,0000000.0,18029.44,0.295596,63484.1,0.267,2028-06-01
NK225E    ,OOP,202806,47750.0,            ,183187718,0000000.0000,0000000.0,2527.2,0.280642,193187718,0000000.0000,0000000.0,17838.52,0.294739,63484.1,0.267,2028-06-01
NK225E    ,OOP,202806,48000.0,            ,183188018,0000000.0000,0000000.0,2580.26,0.279757,193188018,0000000.0000,0000000.0,17648.36,0.293848,63484.1,0.267,2028-06-01
NK225E    ,OOP,202806,48250.0,            ,183188218,0000000.0000,0000000.0,2634.59,0.279076,193188218,0000000.0000,0000000.0,17459.46,0.292926,63484.1,0.267,2028-06-01
NK225E    ,OOP,202806,48500.0,            ,183188518,0000000.0000,0000000.0,2689.7,0.278357,193188518,0000000.0000,0000000.0,17271.34,0.291972,63484.1,0.267,2028-06-01
NK225E    ,OOP,202806,48750.0,            ,183188718,0000000.0000,0000000.0,2745.59,0.277601,193188718,0000000.0000,0000000.0,17084.01,0.290987,63484.1,0.267,2028-06-01
NK225E    ,OOP,202806,49000.0,            ,183189018,0000000.0000,0000000.0,2802.28,0.276809,193189018,0000000.0000,0000000.0,16897.47,0.290197,63484.1,0.267,2028-06-01
NK225E    ,OOP,202806,49250.0,            ,183189218,0000000.0000,0000000.0,2860.26,0.275982,193189218,0000000.0000,0000000.0,16712.23,0.289372,63484.1,0.267,2028-06-01
NK225E    ,OOP,202806,49500.0,            ,183189518,0000000.0000,0000000.0,2919.09,0.275345,193189518,0000000.0000,0000000.0,16527.82,0.288515,63484.1,0.267,2028-06-01
NK225E    ,OOP,202806,49750.0,            ,183189718,0000000.0000,0000000.0,2978.71,0.27467,193189718,0000000.0000,0000000.0,16344.22,0.287626,63484.1,0.267,2028-06-01
NK225E    ,OOP,202806,50000.0,            ,183180018,0000000.0000,0000000.0,3039.18,0.273957,193180018,0000000.0000,0000000.0,16161.46,0.286704,63484.1,0.267,2028-06-01
NK225E    ,OOP,202806,50250.0,            ,183180218,0000000.0000,0000000.0,3101.01,0.273209,193180218,0000000.0000,0000000.0,15980.06,0.285752,63484.1,0.267,2028-06-01
NK225E    ,OOP,202806,50500.0,            ,183180518,0000000.0000,0000000.0,3163.68,0.272425,193180518,0000000.0000,0000000.0,15799.52,0.284981,63484.1,0.267,2028-06-01
NK225E    ,OOP,202806,50750.0,            ,183180718,0000000.0000,0000000.0,3227.21,0.271819,193180718,0000000.0000,0000000.0,15619.82,0.284176,63484.1,0.267,2028-06-01
NK225E    ,OOP,202806,51000.0,            ,183181018,0000000.0000,0000000.0,3291.63,0.270964,193181018,0000000.0000,0000000.0,15441.01,0.283338,63484.1,0.267,2028-06-01
NK225E    ,OOP,202806,51250.0,            ,183181218,0000000.0000,0000000.0,3357.44,0.270285,193181218,0000000.0000,0000000.0,15263.59,0.282468,63484.1,0.267,2028-06-01
NK225E    ,OOP,202806,51500.0,            ,183181518,0000000.0000,0000000.0,3424.13,0.269569,193181518,0000000.0000,0000000.0,15087.05,0.281771,63484.1,0.267,2028-06-01
NK225E    ,OOP,202806,51750.0,            ,183181718,0000000.0000,0000000.0,3491.7,0.269023,193181718,0000000.0000,0000000.0,14911.4,0.280836,63484.1,0.267,2028-06-01
NK225E    ,OOP,202806,52000.0,            ,183182018,0000000.0000,0000000.0,3560.2,0.268234,193182018,0000000.0000,0000000.0,14736.67,0.280071,63484.1,0.267,2028-06-01
NK225E    ,OOP,202806,52250.0,            ,183182218,0000000.0000,0000000.0,3630.16,0.267613,193182218,0000000.0000,0000000.0,14563.41,0.279273,63484.1,0.267,2028-06-01
NK225E    ,OOP,202806,52500.0,            ,133302518,0000000.0000,0000000.0,3701.07,0.266955,143302518,0000000.0000,0000000.0,14391.09,0.27864,63484.1,0.267,2028-06-01
NK225E    ,OOP,202806,52750.0,            ,183182718,0000000.0000,0000000.0,3772.86,0.26626,193182718,0000000.0000,0000000.0,14219.66,0.277775,63484.1,0.267,2028-06-01
NK225E    ,OOP,202806,53000.0,            ,183183018,0000000.0000,0000000.0,3845.61,0.26553,193183018,0000000.0000,0000000.0,14049.18,0.277073,63484.1,0.267,2028-06-01
NK225E    ,OOP,202806,53250.0,            ,183183218,0000000.0000,0000000.0,3919.89,0.264959,193183218,0000000.0000,0000000.0,13880.23,0.276337,63484.1,0.267,2028-06-01
NK225E    ,OOP,202806,53500.0,            ,183183518,0000000.0000,0000000.0,3995.13,0.26435,193183518,0000000.0000,0000000.0,13712.25,0.275567,63484.1,0.267,2028-06-01
NK225E    ,OOP,202806,53750.0,            ,183183718,0000000.0000,0000000.0,4071.3,0.263705,193183718,0000000.0000,0000000.0,13545.19,0.274764,63484.1,0.267,2028-06-01
NK225E    ,OOP,202806,54000.0,            ,183184018,0000000.0000,0000000.0,4148.45,0.263024,193184018,0000000.0000,0000000.0,13379.12,0.274117,63484.1,0.267,2028-06-01
NK225E    ,OOP,202806,54250.0,            ,183184218,0000000.0000,0000000.0,4227.21,0.262307,193184218,0000000.0000,0000000.0,13214.65,0.273435,63484.1,0.267,2028-06-01
NK225E    ,OOP,202806,54500.0,            ,183184518,0000000.0000,0000000.0,4306.96,0.261742,193184518,0000000.0000,0000000.0,13051.18,0.272719,63484.1,0.267,2028-06-01
NK225E    ,OOP,202806,54750.0,            ,183184718,0000000.0000,0000000.0,4387.67,0.261139,193184718,0000000.0000,0000000.0,12888.66,0.27197,63484.1,0.267,2028-06-01
NK225E    ,OOP,202806,55000.0,            ,133305018,0000000.0000,0000000.0,4469.39,0.260501,143305018,0000000.0000,0000000.0,12727.15,0.271187,63484.1,0.267,2028-06-01
NK225E    ,OOP,202806,55250.0,            ,183185218,0000000.0000,0000000.0,4552.79,0.260008,193185218,0000000.0000,0000000.0,12567.33,0.270553,63484.1,0.267,2028-06-01
NK225E    ,OOP,202806,55500.0,            ,183185518,0000000.0000,0000000.0,4637.22,0.259297,193185518,0000000.0000,0000000.0,12408.53,0.269885,63484.1,0.267,2028-06-01
NK225E    ,OOP,202806,55750.0,            ,183185718,0000000.0000,0000000.0,4722.63,0.258732,193185718,0000000.0000,0000000.0,12250.71,0.269183,63484.1,0.267,2028-06-01
NK225E    ,OOP,202806,56000.0,            ,133306018,0000000.0000,0000000.0,4809.11,0.258129,143306018,0000000.0000,0000000.0,12093.97,0.268625,63484.1,0.267,2028-06-01
NK225E    ,OOP,202806,56250.0,            ,183186218,0000000.0000,0000000.0,4897.29,0.257491,193186218,0000000.0000,0000000.0,11938.91,0.268032,63484.1,0.267,2028-06-01
NK225E    ,OOP,202806,56500.0,            ,183186518,0000000.0000,0000000.0,4986.55,0.256993,193186518,0000000.0000,0000000.0,11784.95,0.267405,63484.1,0.267,2028-06-01
NK225E    ,OOP,202806,56750.0,            ,183186718,0000000.0000,0000000.0,5076.81,0.256458,193186718,0000000.0000,0000000.0,11631.99,0.266743,63484.1,0.267,2028-06-01
NK225E    ,OOP,202806,57000.0,            ,133307018,0000000.0000,0000000.0,5168.15,0.255887,143307018,0000000.0000,0000000.0,11480.09,0.266047,63484.1,0.267,2028-06-01
NK225E    ,OOP,202806,57250.0,            ,183187218,0000000.0000,0000000.0,5261.3,0.255279,193187218,0000000.0000,0000000.0,11330.02,0.265491,63484.1,0.267,2028-06-01
NK225E    ,OOP,202806,57500.0,            ,133307518,0000000.0000,0000000.0,5355.48,0.254808,143307518,0000000.0000,0000000.0,11180.98,0.264899,63484.1,0.267,2028-06-01
NK225E    ,OOP,202806,57750.0,            ,133307718,0000000.0000,0000000.0,5450.75,0.2543,143307718,0000000.0000,0000000.0,11033.02,0.264274,63484.1,0.267,2028-06-01
NK225E    ,OOP,202806,58000.0,            ,133308018,0000000.0000,0000000.0,5547.13,0.253755,143308018,0000000.0000,0000000.0,10886.18,0.263614,63484.1,0.267,2028-06-01
NK225E    ,OOP,202806,58250.0,            ,133308218,0000000.0000,0000000.0,5645.35,0.253175,143308218,0000000.0000,0000000.0,10741.17,0.26309,63484.1,0.267,2028-06-01
NK225E    ,OOP,202806,58500.0,            ,133308518,0000000.0000,0000000.0,5744.7,0.252726,143308518,0000000.0000,0000000.0,10597.29,0.262531,63484.1,0.267,2028-06-01
NK225E    ,OOP,202806,58750.0,            ,133308718,0000000.0000,0000000.0,5845.1,0.252074,143308718,0000000.0000,0000000.0,10454.46,0.261937,63484.1,0.267,2028-06-01
NK225E    ,OOP,202806,59000.0,            ,133309018,0000000.0000,0000000.0,5946.61,0.251554,143309018,0000000.0000,0000000.0,10312.74,0.26131,63484.1,0.267,2028-06-01
NK225E    ,OOP,202806,59250.0,            ,133309218,0000000.0000,0000000.0,6050.04,0.251163,143309218,0000000.0000,0000000.0,10172.95,0.260814,63484.1,0.267,2028-06-01
NK225E    ,OOP,202806,59500.0,            ,133309518,0000000.0000,0000000.0,6154.66,0.25057,143309518,0000000.0000,0000000.0,10034.34,0.260283,63484.1,0.267,2028-06-01
NK225E    ,OOP,202806,59750.0,            ,133309718,0000000.0000,0000000.0,6260.27,0.250106,143309718,0000000.0000,0000000.0,9896.73,0.259719,63484.1,0.267,2028-06-01
NK225E    ,OOP,202806,60000.0,            ,133300018,0000000.0000,0000000.0,6367.08,0.249606,143300018,0000000.0000,0000000.0,9760.31,0.259283,63484.1,0.267,2028-06-01
NK225E    ,OOP,202806,60250.0,            ,133300218,0000000.0000,0000000.0,6475.84,0.249233,143300218,0000000.0000,0000000.0,9625.85,0.258813,63484.1,0.267,2028-06-01
NK225E    ,OOP,202806,60500.0,            ,133300518,0000000.0000,0000000.0,6585.8,0.248823,143300518,0000000.0000,0000000.0,9492.58,0.258307,63484.1,0.267,2028-06-01
NK225E    ,OOP,202806,60750.0,            ,133300718,0000000.0000,0000000.0,6696.8,0.248377,143300718,0000000.0000,0000000.0,9360.35,0.257768,63484.1,0.267,2028-06-01
NK225E    ,OOP,202806,61000.0,            ,133301018,0000000.0000,0000000.0,6808.93,0.247895,143301018,0000000.0000,0000000.0,9229.26,0.257356,63484.1,0.267,2028-06-01
NK225E    ,OOP,202806,61250.0,            ,133301218,0000000.0000,0000000.0,6923.14,0.247377,143301218,0000000.0000,0000000.0,9100.25,0.256749,63484.1,0.267,2028-06-01
NK225E    ,OOP,202806,61500.0,            ,133301518,0000000.0000,0000000.0,7038.5,0.246984,143301518,0000000.0000,0000000.0,8972.37,0.256427,63484.1,0.267,2028-06-01
NK225E    ,OOP,202806,61750.0,            ,133301718,0000000.0000,0000000.0,7154.93,0.246555,143301718,0000000.0000,0000000.0,8845.58,0.255912,63484.1,0.267,2028-06-01
NK225E    ,OOP,202806,62000.0,            ,133302018,0000000.0000,0000000.0,7272.51,0.24609,143302018,0000000.0000,0000000.0,8719.93,0.255522,63484.1,0.267,2028-06-01
NK225E    ,OOP,202806,62250.0,            ,133302218,0000000.0000,0000000.0,7392.21,0.245749,143302218,0000000.0000,0000000.0,8596.41,0.255097,63484.1,0.267,2028-06-01
NK225E    ,OOP,202806,62500.0,            ,133182518,0000000.0000,0000000.0,7513.06,0.245371,143182518,0000000.0000,0000000.0,8474.04,0.254638,63484.1,0.267,2028-06-01
NK225E    ,OOP,202806,62750.0,            ,133302718,0000000.0000,0000000.0,7635.0,0.244957,143302718,0000000.0000,0000000.0,8352.74,0.254145,63484.1,0.267,2028-06-01
NK225E    ,OOP,202806,63000.0,            ,133303018,0000000.0000,0000000.0,7758.08,0.244509,143303018,0000000.0000,0000000.0,8232.6,0.253776,63484.1,0.267,2028-06-01
NK225E    ,OOP,202806,63250.0,            ,133303218,0000000.0000,0000000.0,7883.33,0.244182,143303218,0000000.0000,0000000.0,8114.62,0.253373,63484.1,0.267,2028-06-01
NK225E    ,OOP,202806,63500.0,            ,133303518,0000000.0000,0000000.0,8009.7,0.243819,143303518,0000000.0000,0000000.0,7997.76,0.252935,63484.1,0.267,2028-06-01
NK225E    ,OOP,202806,63750.0,            ,133303718,0000000.0000,0000000.0,8137.17,0.243421,143303718,0000000.0000,0000000.0,7882.01,0.252621,63484.1,0.267,2028-06-01
NK225E    ,OOP,202806,64000.0,            ,133304018,0000000.0000,0000000.0,8265.8,0.243144,143304018,0000000.0000,0000000.0,7767.41,0.252272,63484.1,0.267,2028-06-01
NK225E    ,OOP,202806,64250.0,            ,133304218,0000000.0000,0000000.0,8396.59,0.242832,143304218,0000000.0000,0000000.0,7654.98,0.25189,63484.1,0.267,2028-06-01
NK225E    ,OOP,202806,64500.0,            ,133304518,0000000.0000,0000000.0,8528.53,0.242484,143304518,0000000.0000,0000000.0,7543.69,0.251474,63484.1,0.267,2028-06-01
NK225E    ,OOP,202806,64750.0,            ,133304718,0000000.0000,0000000.0,8661.54,0.242102,143304718,0000000.0000,0000000.0,7433.48,0.25118,63484.1,0.267,2028-06-01
NK225E    ,OOP,202806,65000.0,            ,183305018,0000000.0000,0000000.0,8795.69,0.241685,193305018,0000000.0000,0000000.0,7324.4,0.250853,63484.1,0.267,2028-06-01
NK225E    ,OOP,202806,65250.0,            ,133305218,0000000.0000,0000000.0,8932.04,0.241389,143305218,0000000.0000,0000000.0,7217.52,0.250492,63484.1,0.267,2028-06-01
NK225E    ,OOP,202806,65500.0,            ,133305518,0000000.0000,0000000.0,9069.49,0.241212,143305518,0000000.0000,0000000.0,7111.75,0.250253,63484.1,0.267,2028-06-01
NK225E    ,OOP,202806,65750.0,            ,133305718,0000000.0000,0000000.0,9208.04,0.240847,143305718,0000000.0000,0000000.0,7007.07,0.24998,63484.1,0.267,2028-06-01
NK225E    ,OOP,202806,66000.0,            ,183306018,0000000.0000,0000000.0,9347.71,0.240601,193306018,0000000.0000,0000000.0,6903.51,0.249675,63484.1,0.267,2028-06-01
NK225E    ,OOP,202806,66250.0,            ,133306218,0000000.0000,0000000.0,9489.53,0.240322,143306218,0000000.0000,0000000.0,6802.11,0.249337,63484.1,0.267,2028-06-01
NK225E    ,OOP,202806,66500.0,            ,133306518,0000000.0000,0000000.0,9632.48,0.240008,143306518,0000000.0000,0000000.0,6701.83,0.24912,63484.1,0.267,2028-06-01
NK225E    ,OOP,202806,66750.0,            ,133306718,0000000.0000,0000000.0,9776.5,0.239814,143306718,0000000.0000,0000000.0,6602.62,0.248871,63484.1,0.267,2028-06-01
NK225E    ,OOP,202806,67000.0,            ,183307018,0000000.0000,0000000.0,9921.59,0.239433,193307018,0000000.0000,0000000.0,6504.49,0.248589,63484.1,0.267,2028-06-01
NK225E    ,OOP,202806,67250.0,            ,133307218,0000000.0000,0000000.0,10068.86,0.239327,143307218,0000000.0000,0000000.0,6408.53,0.248275,63484.1,0.267,2028-06-01
NK225E    ,OOP,202806,67500.0,            ,183307518,0000000.0000,0000000.0,10217.19,0.239032,193307518,0000000.0000,0000000.0,6313.64,0.248083,63484.1,0.267,2028-06-01
NK225E    ,OOP,202806,67750.0,            ,183307718,0000000.0000,0000000.0,10366.58,0.238859,193307718,0000000.0000,0000000.0,6219.8,0.247859,63484.1,0.267,2028-06-01
NK225E    ,OOP,202806,68000.0,            ,183308018,0000000.0000,0000000.0,10517.05,0.238498,193308018,0000000.0000,0000000.0,6127.05,0.247603,63484.1,0.267,2028-06-01
NK225E    ,OOP,202806,68250.0,            ,183308218,0000000.0000,0000000.0,10669.64,0.238413,193308218,0000000.0000,0000000.0,6036.41,0.247469,63484.1,0.267,2028-06-01
NK225E    ,OOP,202806,68500.0,            ,183308518,0000000.0000,0000000.0,10823.27,0.238141,193308518,0000000.0000,0000000.0,5946.81,0.247304,63484.1,0.267,2028-06-01
NK225E    ,OOP,202806,68750.0,            ,183308718,0000000.0000,0000000.0,10977.93,0.237991,193308718,0000000.0000,0000000.0,5858.24,0.247108,63484.1,0.267,2028-06-01
NK225E    ,OOP,202806,69000.0,            ,183309018,0000000.0000,0000000.0,11133.65,0.237808,193309018,0000000.0000,0000000.0,5770.74,0.246881,63484.1,0.267,2028-06-01
NK225E    ,OOP,202806,69250.0,            ,183309218,0000000.0000,0000000.0,11291.42,0.237593,193309218,0000000.0000,0000000.0,5685.28,0.246777,63484.1,0.267,2028-06-01
NK225E    ,OOP,202806,69500.0,            ,183309518,0000000.0000,0000000.0,11450.23,0.237345,193309518,0000000.0000,0000000.0,5600.86,0.246487,63484.1,0.267,2028-06-01
NK225E    ,OOP,202806,69750.0,            ,183309718,0000000.0000,0000000.0,11610.01,0.237221,193309718,0000000.0000,0000000.0,5517.42,0.246322,63484.1,0.267,2028-06-01
NK225E    ,OOP,202806,70000.0,            ,183300018,0000000.0000,0000000.0,11770.82,0.237066,193300018,0000000.0000,0000000.0,5435.0,0.246282,63484.1,0.267,2028-06-01
NK225E    ,OOP,202806,70250.0,            ,183300218,0000000.0000,0000000.0,11933.61,0.236878,193300218,0000000.0000,0000000.0,5354.56,0.246055,63484.1,0.267,2028-06-01
NK225E    ,OOP,202806,70500.0,            ,183300518,0000000.0000,0000000.0,12097.38,0.236816,193300518,0000000.0000,0000000.0,5275.11,0.245955,63484.1,0.267,2028-06-01
NK225E    ,OOP,202806,70750.0,            ,183300718,0000000.0000,0000000.0,12262.11,0.236566,193300718,0000000.0000,0000000.0,5196.62,0.245824,63484.1,0.267,2028-06-01
NK225E    ,OOP,202806,71000.0,            ,183301018,0000000.0000,0000000.0,12427.81,0.236441,193301018,0000000.0000,0000000.0,5119.09,0.245664,63484.1,0.267,2028-06-01
NK225E    ,OOP,202806,71250.0,            ,183301218,0000000.0000,0000000.0,12595.42,0.236444,193301218,0000000.0000,0000000.0,5043.47,0.245631,63484.1,0.267,2028-06-01
NK225E    ,OOP,202806,71500.0,            ,183301518,0000000.0000,0000000.0,12764.0,0.236258,193301518,0000000.0000,0000000.0,4968.83,0.245569,63484.1,0.267,2028-06-01
NK225E    ,OOP,202806,71750.0,            ,183301718,0000000.0000,0000000.0,12933.49,0.236199,193301718,0000000.0000,0000000.0,4895.09,0.245477,63484.1,0.267,2028-06-01
NK225E    ,OOP,202806,72000.0,            ,183302018,0000000.0000,0000000.0,13103.93,0.236111,193302018,0000000.0000,0000000.0,4822.3,0.245357,63484.1,0.267,2028-06-01
NK225E    ,OOP,202806,72250.0,            ,183302218,0000000.0000,0000000.0,13276.14,0.235993,193302218,0000000.0000,0000000.0,4751.29,0.245366,63484.1,0.267,2028-06-01
NK225E    ,OOP,202806,72500.0,            ,183302518,0000000.0000,0000000.0,13449.26,0.235845,193302518,0000000.0000,0000000.0,4681.18,0.245189,63484.1,0.267,2028-06-01
NK225E    ,OOP,202806,72750.0,            ,183302718,0000000.0000,0000000.0,13623.27,0.235826,193302718,0000000.0000,0000000.0,4611.97,0.245141,63484.1,0.267,2028-06-01
NK225E    ,OOP,202806,73000.0,            ,183303018,0000000.0000,0000000.0,13798.21,0.235618,193303018,0000000.0000,0000000.0,4543.67,0.245065,63484.1,0.267,2028-06-01
NK225E    ,OOP,202806,73250.0,            ,183303218,0000000.0000,0000000.0,13974.77,0.235542,193303218,0000000.0000,0000000.0,4477.01,0.245122,63484.1,0.267,2028-06-01
NK225E    ,OOP,202806,73500.0,            ,183303518,0000000.0000,0000000.0,14152.23,0.235598,193303518,0000000.0000,0000000.0,4411.24,0.244991,63484.1,0.267,2028-06-01
NK225E    ,OOP,202806,73750.0,            ,183303718,0000000.0000,0000000.0,14330.54,0.235463,193303718,0000000.0000,0000000.0,4346.33,0.244993,63484.1,0.267,2028-06-01
NK225E    ,OOP,202806,74000.0,            ,183304018,0000000.0000,0000000.0,14509.71,0.235463,193304018,0000000.0000,0000000.0,4282.27,0.244967,63484.1,0.267,2028-06-01
NK225E    ,OOP,202806,74250.0,            ,183304218,0000000.0000,0000000.0,14690.39,0.235434,193304218,0000000.0000,0000000.0,4219.73,0.244915,63484.1,0.267,2028-06-01
NK225E    ,OOP,202806,74500.0,            ,183304518,0000000.0000,0000000.0,14871.91,0.235378,193304518,0000000.0000,0000000.0,4158.02,0.244998,63484.1,0.267,2028-06-01
NK225E    ,OOP,202806,74750.0,            ,183304718,0000000.0000,0000000.0,15054.24,0.235293,193304718,0000000.0000,0000000.0,4097.12,0.244892,63484.1,0.267,2028-06-01
NK225E    ,OOP,202806,75000.0,            ,133425018,0000000.0000,0000000.0,15237.38,0.23518,143425018,0000000.0000,0000000.0,4037.04,0.244923,63484.1,0.267,2028-06-01
NK225E    ,OOP,202806,75250.0,            ,183305218,0000000.0000,0000000.0,15421.87,0.235205,193305218,0000000.0000,0000000.0,3978.3,0.244928,63484.1,0.267,2028-06-01
NK225E    ,OOP,202806,75500.0,            ,183305518,0000000.0000,0000000.0,15607.15,0.235203,193305518,0000000.0000,0000000.0,3920.35,0.244906,63484.1,0.267,2028-06-01
NK225E    ,OOP,202806,75750.0,            ,183305718,0000000.0000,0000000.0,15793.21,0.235174,193305718,0000000.0000,0000000.0,3863.18,0.245025,63484.1,0.267,2028-06-01
NK225E    ,OOP,202806,76000.0,            ,133426018,0000000.0000,0000000.0,15980.07,0.235118,143426018,0000000.0000,0000000.0,3806.82,0.244952,63484.1,0.267,2028-06-01
NK225E    ,OOP,202806,76250.0,            ,183306218,0000000.0000,0000000.0,16168.32,0.235035,193306218,0000000.0000,0000000.0,3751.84,0.245021,63484.1,0.267,2028-06-01
NK225E    ,OOP,202806,77500.0,            ,133427518,0000000.0000,0000000.0,17120.63,0.235077,143427518,0000000.0000,0000000.0,3488.03,0.24516,63484.1,0.267,2028-06-01
NK225E    ,OOP,202806,80000.0,            ,133420018,0000000.0000,0000000.0,19077.3,0.234834,143420018,0000000.0000,0000000.0,3012.43,0.245542,63484.1,0.267,2028-06-01
NK225E    ,OOP,202806,85000.0,            ,183425018,0000000.0000,0000000.0,23140.27,0.23284,193425018,0000000.0000,0000000.0,2210.87,0.245045,63484.1,0.267,2028-06-01
NK225E    ,OOP,202806,90000.0,            ,183420018,0000000.0000,0000000.0,27281.44,0.223738,193420018,0000000.0000,0000000.0,1487.52,0.23859,63484.1,0.267,2028-06-01
NK225E    ,OOP,202812,10000.0,            ,183360018,0000000.0000,0000000.0,2.27,0.383826,193360018,0000000.0000,0000000.0,51702.5,0.751283,63484.1,0.267,2028-12-01
NK225E    ,OOP,202812,11000.0,            ,183241018,0000000.0000,0000000.0,4.38,0.383826,193241018,0000000.0000,0000000.0,50739.36,0.71168,63484.1,0.267,2028-12-01
NK225E    ,OOP,202812,12000.0,            ,183242018,0000000.0000,0000000.0,7.81,0.383826,193242018,0000000.0000,0000000.0,49777.53,0.677451,63484.1,0.267,2028-12-01
NK225E    ,OOP,202812,15000.0,            ,183125018,0000000.0000,0000000.0,31.34,0.383344,193125018,0000000.0000,0000000.0,46905.31,0.59272,63484.1,0.267,2028-12-01
NK225E    ,OOP,202812,16000.0,            ,183126018,0000000.0000,0000000.0,45.72,0.382038,193126018,0000000.0000,0000000.0,45954.44,0.57047,63484.1,0.267,2028-12-01
NK225E    ,OOP,202812,17000.0,            ,183127018,0000000.0000,0000000.0,64.55,0.38261,193127018,0000000.0000,0000000.0,45008.02,0.550672,63484.1,0.267,2028-12-01
NK225E    ,OOP,202812,18000.0,            ,183128018,0000000.0000,0000000.0,88.6,0.382245,193128018,0000000.0000,0000000.0,44066.81,0.531986,63484.1,0.267,2028-12-01
NK225E    ,OOP,202812,19000.0,            ,183129018,0000000.0000,0000000.0,118.63,0.382072,193129018,0000000.0000,0000000.0,43131.59,0.516122,63484.1,0.267,2028-12-01
NK225E    ,OOP,202812,20000.0,            ,183120018,0000000.0000,0000000.0,155.42,0.382096,193120018,0000000.0000,0000000.0,42203.13,0.501776,63484.1,0.267,2028-12-01
NK225E    ,OOP,202812,20750.0,            ,183120718,0000000.0000,0000000.0,187.91,0.381825,193120718,0000000.0000,0000000.0,41511.68,0.492562,63484.1,0.267,2028-12-01
NK225E    ,OOP,202812,21000.0,            ,183121018,0000000.0000,0000000.0,199.73,0.381974,193121018,0000000.0000,0000000.0,41282.19,0.489521,63484.1,0.267,2028-12-01
NK225E    ,OOP,202812,21250.0,            ,183121218,0000000.0000,0000000.0,212.08,0.381951,193121218,0000000.0000,0000000.0,41053.22,0.486496,63484.1,0.267,2028-12-01
NK225E    ,OOP,202812,21500.0,            ,183121518,0000000.0000,0000000.0,224.95,0.381775,193121518,0000000.0000,0000000.0,40824.78,0.483487,63484.1,0.267,2028-12-01
NK225E    ,OOP,202812,21750.0,            ,183121718,0000000.0000,0000000.0,238.36,0.381746,193121718,0000000.0000,0000000.0,40596.88,0.480492,63484.1,0.267,2028-12-01
NK225E    ,OOP,202812,22000.0,            ,183122018,0000000.0000,0000000.0,252.32,0.381845,193122018,0000000.0000,0000000.0,40369.53,0.478259,63484.1,0.267,2028-12-01
NK225E    ,OOP,202812,22250.0,            ,183122218,0000000.0000,0000000.0,266.85,0.38179,193122218,0000000.0000,0000000.0,40142.74,0.475283,63484.1,0.267,2028-12-01
NK225E    ,OOP,202812,22500.0,            ,133122518,0000000.0000,0000000.0,281.95,0.381848,143122518,0000000.0000,0000000.0,39916.53,0.473042,63484.1,0.267,2028-12-01
NK225E    ,OOP,202812,22750.0,            ,133122718,0000000.0000,0000000.0,297.63,0.381763,143122718,0000000.0000,0000000.0,39690.9,0.470791,63484.1,0.267,2028-12-01
NK225E    ,OOP,202812,23000.0,            ,133123018,0000000.0000,0000000.0,313.91,0.38178,143123018,0000000.0000,0000000.0,39465.86,0.468531,63484.1,0.267,2028-12-01
NK225E    ,OOP,202812,23250.0,            ,133123218,0000000.0000,0000000.0,330.79,0.38255,143123218,0000000.0000,0000000.0,39241.43,0.466263,63484.1,0.267,2028-12-01
NK225E    ,OOP,202812,23500.0,            ,133123518,0000000.0000,0000000.0,348.28,0.382065,143123518,0000000.0000,0000000.0,39017.62,0.463989,63484.1,0.267,2028-12-01
NK225E    ,OOP,202812,23750.0,            ,133123718,0000000.0000,0000000.0,366.41,0.382516,143123718,0000000.0000,0000000.0,38794.43,0.461707,63484.1,0.267,2028-12-01
NK225E    ,OOP,202812,24000.0,            ,133124018,0000000.0000,0000000.0,385.17,0.381817,143124018,0000000.0000,0000000.0,38571.87,0.460065,63484.1,0.267,2028-12-01
NK225E    ,OOP,202812,24250.0,            ,133124218,0000000.0000,0000000.0,404.57,0.382002,143124218,0000000.0000,0000000.0,38349.96,0.457762,63484.1,0.267,2028-12-01
NK225E    ,OOP,202812,24500.0,            ,133124518,0000000.0000,0000000.0,424.63,0.382055,143124518,0000000.0000,0000000.0,38128.71,0.456077,63484.1,0.267,2028-12-01
NK225E    ,OOP,202812,24750.0,            ,133124718,0000000.0000,0000000.0,445.36,0.381985,143124718,0000000.0000,0000000.0,37908.12,0.454366,63484.1,0.267,2028-12-01
NK225E    ,OOP,202812,25000.0,            ,133125018,0000000.0000,0000000.0,466.76,0.381805,143125018,0000000.0000,0000000.0,37688.21,0.452632,63484.1,0.267,2028-12-01
NK225E    ,OOP,202812,25250.0,            ,133125218,0000000.0000,0000000.0,488.84,0.381522,143125218,0000000.0000,0000000.0,37468.98,0.450875,63484.1,0.267,2028-12-01
NK225E    ,OOP,202812,25500.0,            ,133125518,0000000.0000,0000000.0,511.62,0.381957,143125518,0000000.0000,0000000.0,37250.45,0.449097,63484.1,0.267,2028-12-01
NK225E    ,OOP,202812,25750.0,            ,133125718,0000000.0000,0000000.0,535.1,0.38147,143125718,0000000.0000,0000000.0,37032.61,0.4473,63484.1,0.267,2028-12-01
NK225E    ,OOP,202812,26000.0,            ,133126018,0000000.0000,0000000.0,559.29,0.381667,143126018,0000000.0000,0000000.0,36815.49,0.44604,63484.1,0.267,2028-12-01
NK225E    ,OOP,202812,26250.0,            ,133126218,0000000.0000,0000000.0,574.42,0.380266,143126218,0000000.0000,0000000.0,36589.31,0.443104,63484.1,0.267,2028-12-01
NK225E    ,OOP,202812,26500.0,            ,133126518,0000000.0000,0000000.0,589.78,0.378833,143126518,0000000.0000,0000000.0,36363.36,0.440724,63484.1,0.267,2028-12-01
NK225E    ,OOP,202812,26750.0,            ,133126718,0000000.0000,0000000.0,605.35,0.377371,143126718,0000000.0000,0000000.0,36137.62,0.438346,63484.1,0.267,2028-12-01
NK225E    ,OOP,202812,27000.0,            ,133127018,0000000.0000,0000000.0,621.14,0.375881,143127018,0000000.0000,0000000.0,35912.09,0.435444,63484.1,0.267,2028-12-01
NK225E    ,OOP,202812,27250.0,            ,133127218,0000000.0000,0000000.0,637.02,0.374364,143127218,0000000.0000,0000000.0,35686.66,0.433076,63484.1,0.267,2028-12-01
NK225E    ,OOP,202812,27500.0,            ,133127518,0000000.0000,0000000.0,653.13,0.372823,143127518,0000000.0000,0000000.0,35461.45,0.43071,63484.1,0.267,2028-12-01
NK225E    ,OOP,202812,27750.0,            ,133127718,0000000.0000,0000000.0,669.43,0.371914,143127718,0000000.0000,0000000.0,35236.45,0.428346,63484.1,0.267,2028-12-01
NK225E    ,OOP,202812,28000.0,            ,133128018,0000000.0000,0000000.0,685.96,0.370316,143128018,0000000.0000,0000000.0,35011.65,0.425984,63484.1,0.267,2028-12-01
NK225E    ,OOP,202812,28250.0,            ,133128218,0000000.0000,0000000.0,702.62,0.368697,143128218,0000000.0000,0000000.0,34787.01,0.423624,63484.1,0.267,2028-12-01
NK225E    ,OOP,202812,28500.0,            ,133128518,0000000.0000,0000000.0,719.51,0.36706,143128518,0000000.0000,0000000.0,34562.58,0.421266,63484.1,0.267,2028-12-01
NK225E    ,OOP,202812,28750.0,            ,133128718,0000000.0000,0000000.0,736.6,0.366011,143128718,0000000.0000,0000000.0,34338.36,0.418911,63484.1,0.267,2028-12-01
NK225E    ,OOP,202812,29000.0,            ,133129018,0000000.0000,0000000.0,753.89,0.364328,143129018,0000000.0000,0000000.0,34114.34,0.416559,63484.1,0.267,2028-12-01
NK225E    ,OOP,202812,29250.0,            ,133129218,0000000.0000,0000000.0,771.39,0.362631,143129218,0000000.0000,0000000.0,33890.52,0.414209,63484.1,0.267,2028-12-01
NK225E    ,OOP,202812,29500.0,            ,133129518,0000000.0000,0000000.0,789.1,0.361491,143129518,0000000.0000,0000000.0,33666.92,0.411862,63484.1,0.267,2028-12-01
NK225E    ,OOP,202812,29750.0,            ,133129718,0000000.0000,0000000.0,807.01,0.359755,143129718,0000000.0000,0000000.0,33443.52,0.409969,63484.1,0.267,2028-12-01
NK225E    ,OOP,202812,30000.0,            ,133120018,0000000.0000,0000000.0,825.14,0.358559,143120018,0000000.0000,0000000.0,33220.33,0.407622,63484.1,0.267,2028-12-01
NK225E    ,OOP,202812,30250.0,            ,133120218,0000000.0000,0000000.0,843.52,0.35679,143120218,0000000.0000,0000000.0,32997.4,0.405278,63484.1,0.267,2028-12-01
NK225E    ,OOP,202812,30500.0,            ,133120518,0000000.0000,0000000.0,862.11,0.355542,143120518,0000000.0000,0000000.0,32774.68,0.403371,63484.1,0.267,2028-12-01
NK225E    ,OOP,202812,30750.0,            ,133120718,0000000.0000,0000000.0,880.91,0.354265,143120718,0000000.0000,0000000.0,32552.17,0.401028,63484.1,0.267,2028-12-01
NK225E    ,OOP,202812,31000.0,            ,133121018,0000000.0000,0000000.0,899.94,0.352449,143121018,0000000.0000,0000000.0,32329.88,0.398688,63484.1,0.267,2028-12-01
NK225E    ,OOP,202812,31250.0,            ,133121218,0000000.0000,0000000.0,919.27,0.351128,143121218,0000000.0000,0000000.0,32107.9,0.396769,63484.1,0.267,2028-12-01
NK225E    ,OOP,202812,31500.0,            ,133121518,0000000.0000,0000000.0,938.83,0.349783,143121518,0000000.0000,0000000.0,31886.15,0.394431,63484.1,0.267,2028-12-01
NK225E    ,OOP,202812,31750.0,            ,133121718,0000000.0000,0000000.0,958.6,0.348414,143121718,0000000.0000,0000000.0,31664.61,0.392504,63484.1,0.267,2028-12-01
NK225E    ,OOP,202812,32000.0,            ,133122018,0000000.0000,0000000.0,978.59,0.347022,143122018,0000000.0000,0000000.0,31443.29,0.39057,63484.1,0.267,2028-12-01
NK225E    ,OOP,202812,32250.0,            ,133122218,0000000.0000,0000000.0,998.97,0.34561,143122218,0000000.0000,0000000.0,31222.35,0.388233,63484.1,0.267,2028-12-01
NK225E    ,OOP,202812,32500.0,            ,183122518,0000000.0000,0000000.0,1019.59,0.344176,193122518,0000000.0000,0000000.0,31001.65,0.386292,63484.1,0.267,2028-12-01
NK225E    ,OOP,202812,32750.0,            ,183122718,0000000.0000,0000000.0,1040.41,0.342723,193122718,0000000.0000,0000000.0,30781.16,0.384345,63484.1,0.267,2028-12-01
NK225E    ,OOP,202812,33000.0,            ,183123018,0000000.0000,0000000.0,1061.47,0.341252,193123018,0000000.0000,0000000.0,30560.91,0.382392,63484.1,0.267,2028-12-01
NK225E    ,OOP,202812,33250.0,            ,183123218,0000000.0000,0000000.0,1083.0,0.339763,193123218,0000000.0000,0000000.0,30341.12,0.380434,63484.1,0.267,2028-12-01
NK225E    ,OOP,202812,33500.0,            ,183123518,0000000.0000,0000000.0,1104.76,0.338256,193123518,0000000.0000,0000000.0,30121.57,0.378099,63484.1,0.267,2028-12-01
NK225E    ,OOP,202812,33750.0,            ,183123718,0000000.0000,0000000.0,1126.75,0.336734,193123718,0000000.0000,0000000.0,29902.25,0.376503,63484.1,0.267,2028-12-01
NK225E    ,OOP,202812,34000.0,            ,183124018,0000000.0000,0000000.0,1148.98,0.335616,193124018,0000000.0000,0000000.0,29683.17,0.374531,63484.1,0.267,2028-12-01
NK225E    ,OOP,202812,34250.0,            ,183124218,0000000.0000,0000000.0,1171.75,0.334057,193124218,0000000.0000,0000000.0,29464.62,0.372554,63484.1,0.267,2028-12-01
NK225E    ,OOP,202812,34500.0,            ,183124518,0000000.0000,0000000.0,1194.78,0.332484,193124518,0000000.0000,0000000.0,29246.34,0.370574,63484.1,0.267,2028-12-01
NK225E    ,OOP,202812,34750.0,            ,183124718,0000000.0000,0000000.0,1218.05,0.331299,193124718,0000000.0000,0000000.0,29028.3,0.368589,63484.1,0.267,2028-12-01
NK225E    ,OOP,202812,35000.0,            ,133245018,0000000.0000,0000000.0,1241.58,0.330089,143245018,0000000.0000,0000000.0,28810.51,0.366601,63484.1,0.267,2028-12-01
NK225E    ,OOP,202812,35250.0,            ,183125218,0000000.0000,0000000.0,1265.73,0.328466,193125218,0000000.0000,0000000.0,28593.35,0.364951,63484.1,0.267,2028-12-01
NK225E    ,OOP,202812,35500.0,            ,183125518,0000000.0000,0000000.0,1290.14,0.327214,193125518,0000000.0000,0000000.0,28376.45,0.362951,63484.1,0.267,2028-12-01
NK225E    ,OOP,202812,35750.0,            ,183125718,0000000.0000,0000000.0,1314.82,0.325941,193125718,0000000.0000,0000000.0,28159.82,0.361282,63484.1,0.267,2028-12-01
NK225E    ,OOP,202812,36000.0,            ,133246018,0000000.0000,0000000.0,1339.77,0.324646,143246018,0000000.0000,0000000.0,27943.46,0.359273,63484.1,0.267,2028-12-01
NK225E    ,OOP,202812,36250.0,            ,183126218,0000000.0000,0000000.0,1365.44,0.32333,193126218,0000000.0000,0000000.0,27727.81,0.357587,63484.1,0.267,2028-12-01
NK225E    ,OOP,202812,36500.0,            ,183126518,0000000.0000,0000000.0,1391.39,0.321995,193126518,0000000.0000,0000000.0,27512.45,0.35589,63484.1,0.267,2028-12-01
NK225E    ,OOP,202812,36750.0,            ,183126718,0000000.0000,0000000.0,1417.62,0.320641,193126718,0000000.0000,0000000.0,27297.37,0.354184,63484.1,0.267,2028-12-01
NK225E    ,OOP,202812,37000.0,            ,133247018,0000000.0000,0000000.0,1444.15,0.319268,143247018,0000000.0000,0000000.0,27082.58,0.352468,63484.1,0.267,2028-12-01
NK225E    ,OOP,202812,37250.0,            ,183127218,0000000.0000,0000000.0,1471.47,0.317878,193127218,0000000.0000,0000000.0,26868.59,0.350742,63484.1,0.267,2028-12-01
NK225E    ,OOP,202812,37500.0,            ,183127518,0000000.0000,0000000.0,1499.11,0.316811,193127518,0000000.0000,0000000.0,26654.92,0.349008,63484.1,0.267,2028-12-01
NK225E    ,OOP,202812,37750.0,            ,183127718,0000000.0000,0000000.0,1527.04,0.315382,193127718,0000000.0000,0000000.0,26441.54,0.347265,63484.1,0.267,2028-12-01
NK225E    ,OOP,202812,38000.0,            ,133248018,0000000.0000,0000000.0,1555.3,0.313938,143248018,0000000.0000,0000000.0,26228.48,0.345513,63484.1,0.267,2028-12-01
NK225E    ,OOP,202812,38250.0,            ,183128218,0000000.0000,0000000.0,1584.44,0.312806,193128218,0000000.0000,0000000.0,26016.31,0.34405,63484.1,0.267,2028-12-01
NK225E    ,OOP,202812,38500.0,            ,183128518,0000000.0000,0000000.0,1613.94,0.31165,193128518,0000000.0000,0000000.0,25804.49,0.342279,63484.1,0.267,2028-12-01
NK225E    ,OOP,202812,38750.0,            ,183128718,0000000.0000,0000000.0,1643.74,0.310471,193128718,0000000.0000,0000000.0,25592.98,0.34079,63484.1,0.267,2028-12-01
NK225E    ,OOP,202812,39000.0,            ,133249018,0000000.0000,0000000.0,1673.89,0.308956,143249018,0000000.0000,0000000.0,25381.82,0.339001,63484.1,0.267,2028-12-01
NK225E    ,OOP,202812,39250.0,            ,183129218,0000000.0000,0000000.0,1705.03,0.307738,193129218,0000000.0000,0000000.0,25171.65,0.337488,63484.1,0.267,2028-12-01
NK225E    ,OOP,202812,39500.0,            ,183129518,0000000.0000,0000000.0,1736.54,0.306805,193129518,0000000.0000,0000000.0,24961.85,0.335961,63484.1,0.267,2028-12-01
NK225E    ,OOP,202812,39750.0,            ,183129718,0000000.0000,0000000.0,1768.41,0.305542,193129718,0000000.0000,0000000.0,24752.4,0.334422,63484.1,0.267,2028-12-01
NK225E    ,OOP,202812,40000.0,            ,133240018,0000000.0000,0000000.0,1800.64,0.30426,143240018,0000000.0000,0000000.0,24543.32,0.33287,63484.1,0.267,2028-12-01
NK225E    ,OOP,202812,40250.0,            ,183120218,0000000.0000,0000000.0,1833.95,0.30296,193120218,0000000.0000,0000000.0,24335.32,0.331306,63484.1,0.267,2028-12-01
NK225E    ,OOP,202812,40500.0,            ,183120518,0000000.0000,0000000.0,1867.66,0.301931,193120518,0000000.0000,0000000.0,24127.72,0.32973,63484.1,0.267,2028-12-01
NK225E    ,OOP,202812,40750.0,            ,133240718,0000000.0000,0000000.0,1901.76,0.300876,143240718,0000000.0000,0000000.0,23920.5,0.328143,63484.1,0.267,2028-12-01
NK225E    ,OOP,202812,41000.0,            ,133241018,0000000.0000,0000000.0,1936.25,0.299516,143241018,0000000.0000,0000000.0,23713.68,0.326806,63484.1,0.267,2028-12-01
NK225E    ,OOP,202812,41250.0,            ,133241218,0000000.0000,0000000.0,1971.93,0.298418,143241218,0000000.0000,0000000.0,23508.05,0.325453,63484.1,0.267,2028-12-01
NK225E    ,OOP,202812,41500.0,            ,133241518,0000000.0000,0000000.0,2008.05,0.297297,143241518,0000000.0000,0000000.0,23302.85,0.323827,63484.1,0.267,2028-12-01
NK225E    ,OOP,202812,41750.0,            ,133241718,0000000.0000,0000000.0,2044.57,0.296153,143241718,0000000.0000,0000000.0,23098.06,0.322444,63484.1,0.267,2028-12-01
NK225E    ,OOP,202812,42000.0,            ,133242018,0000000.0000,0000000.0,2081.53,0.295257,143242018,0000000.0000,0000000.0,22893.7,0.321046,63484.1,0.267,2028-12-01
NK225E    ,OOP,202812,42250.0,            ,133242218,0000000.0000,0000000.0,2119.77,0.294068,143242218,0000000.0000,0000000.0,22690.63,0.319633,63484.1,0.267,2028-12-01
NK225E    ,OOP,202812,42500.0,            ,183242518,0000000.0000,0000000.0,2158.48,0.292859,193242518,0000000.0000,0000000.0,22488.03,0.318205,63484.1,0.267,2028-12-01
NK225E    ,OOP,202812,42750.0,            ,133242718,0000000.0000,0000000.0,2197.65,0.291888,143242718,0000000.0000,0000000.0,22285.89,0.317006,63484.1,0.267,2028-12-01
NK225E    ,OOP,202812,43000.0,            ,133243018,0000000.0000,0000000.0,2237.27,0.290893,143243018,0000000.0000,0000000.0,22084.2,0.315547,63484.1,0.267,2028-12-01
NK225E    ,OOP,202812,43250.0,            ,133243218,0000000.0000,0000000.0,2278.28,0.289872,143243218,0000000.0000,0000000.0,21883.89,0.314312,63484.1,0.267,2028-12-01
NK225E    ,OOP,202812,43500.0,            ,133243518,0000000.0000,0000000.0,2319.79,0.288828,143243518,0000000.0000,0000000.0,21684.09,0.313059,63484.1,0.267,2028-12-01
NK225E    ,OOP,202812,43750.0,            ,133243718,0000000.0000,0000000.0,2361.8,0.28776,143243718,0000000.0000,0000000.0,21484.79,0.311788,63484.1,0.267,2028-12-01
NK225E    ,OOP,202812,44000.0,            ,133244018,0000000.0000,0000000.0,2404.3,0.28667,143244018,0000000.0000,0000000.0,21285.98,0.3105,63484.1,0.267,2028-12-01
NK225E    ,OOP,202812,44250.0,            ,133244218,0000000.0000,0000000.0,2448.29,0.285798,143244218,0000000.0000,0000000.0,21088.65,0.309195,63484.1,0.267,2028-12-01
NK225E    ,OOP,202812,44500.0,            ,133244518,0000000.0000,0000000.0,2492.82,0.284662,143244518,0000000.0000,0000000.0,20891.87,0.307872,63484.1,0.267,2028-12-01
NK225E    ,OOP,202812,44750.0,            ,133244718,0000000.0000,0000000.0,2537.89,0.283739,143244718,0000000.0000,0000000.0,20695.62,0.306758,63484.1,0.267,2028-12-01
NK225E    ,OOP,202812,45000.0,            ,183245018,0000000.0000,0000000.0,2583.49,0.282791,193245018,0000000.0000,0000000.0,20499.91,0.305401,63484.1,0.267,2028-12-01
NK225E    ,OOP,202812,45250.0,            ,133245218,0000000.0000,0000000.0,2630.66,0.281818,143245218,0000000.0000,0000000.0,20305.77,0.304248,63484.1,0.267,2028-12-01
NK225E    ,OOP,202812,45500.0,            ,133245518,0000000.0000,0000000.0,2678.41,0.281048,143245518,0000000.0000,0000000.0,20112.21,0.303076,63484.1,0.267,2028-12-01
NK225E    ,OOP,202812,45750.0,            ,133245718,0000000.0000,0000000.0,2726.74,0.280024,143245718,0000000.0000,0000000.0,19919.22,0.3021,63484.1,0.267,2028-12-01
NK225E    ,OOP,202812,46000.0,            ,183246018,0000000.0000,0000000.0,2775.64,0.278978,193246018,0000000.0000,0000000.0,19726.81,0.300888,63484.1,0.267,2028-12-01
NK225E    ,OOP,202812,46250.0,            ,133246218,0000000.0000,0000000.0,2826.22,0.278128,143246218,0000000.0000,0000000.0,19536.08,0.299657,63484.1,0.267,2028-12-01
NK225E    ,OOP,202812,46500.0,            ,133246518,0000000.0000,0000000.0,2877.41,0.277252,143246518,0000000.0000,0000000.0,19345.95,0.298617,63484.1,0.267,2028-12-01
NK225E    ,OOP,202812,46750.0,            ,133246718,0000000.0000,0000000.0,2929.21,0.27635,143246718,0000000.0000,0000000.0,19156.44,0.297556,63484.1,0.267,2028-12-01
NK225E    ,OOP,202812,47000.0,            ,183247018,0000000.0000,0000000.0,2981.65,0.275635,193247018,0000000.0000,0000000.0,18967.56,0.296474,63484.1,0.267,2028-12-01
NK225E    ,OOP,202812,47250.0,            ,133247218,0000000.0000,0000000.0,3035.83,0.27468,143247218,0000000.0000,0000000.0,18780.43,0.295371,63484.1,0.267,2028-12-01
NK225E    ,OOP,202812,47500.0,            ,133247518,0000000.0000,0000000.0,3090.68,0.27391,143247518,0000000.0000,0000000.0,18593.97,0.29445,63484.1,0.267,2028-12-01
NK225E    ,OOP,202812,47750.0,            ,133247718,0000000.0000,0000000.0,3146.19,0.273111,143247718,0000000.0000,0000000.0,18408.17,0.293305,63484.1,0.267,2028-12-01
NK225E    ,OOP,202812,48000.0,            ,183248018,0000000.0000,0000000.0,3202.35,0.272082,193248018,0000000.0000,0000000.0,18223.02,0.292338,63484.1,0.267,2028-12-01
NK225E    ,OOP,202812,48250.0,            ,133248218,0000000.0000,0000000.0,3260.34,0.271433,143248218,0000000.0000,0000000.0,18039.7,0.291349,63484.1,0.267,2028-12-01
NK225E    ,OOP,202812,48500.0,            ,133248518,0000000.0000,0000000.0,3319.05,0.270555,143248518,0000000.0000,0000000.0,17857.1,0.290338,63484.1,0.267,2028-12-01
NK225E    ,OOP,202812,48750.0,            ,133248718,0000000.0000,0000000.0,3378.43,0.269849,143248718,0000000.0000,0000000.0,17675.16,0.289305,63484.1,0.267,2028-12-01
NK225E    ,OOP,202812,49000.0,            ,183249018,0000000.0000,0000000.0,3438.53,0.268919,193249018,0000000.0000,0000000.0,17493.95,0.288442,63484.1,0.267,2028-12-01
NK225E    ,OOP,202812,49250.0,            ,133249218,0000000.0000,0000000.0,3500.55,0.268353,143249218,0000000.0000,0000000.0,17314.66,0.287554,63484.1,0.267,2028-12-01
NK225E    ,OOP,202812,49500.0,            ,133249518,0000000.0000,0000000.0,3563.3,0.267563,143249518,0000000.0000,0000000.0,17136.09,0.286455,63484.1,0.267,2028-12-01
NK225E    ,OOP,202812,49750.0,            ,133249718,0000000.0000,0000000.0,3626.79,0.266746,143249718,0000000.0000,0000000.0,16958.26,0.285708,63484.1,0.267,2028-12-01
NK225E    ,OOP,202812,50000.0,            ,183240018,0000000.0000,0000000.0,3691.01,0.266092,193240018,0000000.0000,0000000.0,16781.17,0.28475,63484.1,0.267,2028-12-01
NK225E    ,OOP,202812,50250.0,            ,133240218,0000000.0000,0000000.0,3757.21,0.265409,143240218,0000000.0000,0000000.0,16606.06,0.28377,63484.1,0.267,2028-12-01
NK225E    ,OOP,202812,50500.0,            ,133240518,0000000.0000,0000000.0,3824.2,0.264697,143240518,0000000.0000,0000000.0,16431.74,0.28295,63484.1,0.267,2028-12-01
NK225E    ,OOP,202812,50750.0,            ,183240718,0000000.0000,0000000.0,3891.97,0.263957,193240718,0000000.0000,0000000.0,16258.2,0.282105,63484.1,0.267,2028-12-01
NK225E    ,OOP,202812,51000.0,            ,133361018,0000000.0000,0000000.0,3960.52,0.26319,143361018,0000000.0000,0000000.0,16085.43,0.281235,63484.1,0.267,2028-12-01
NK225E    ,OOP,202812,51250.0,            ,183241218,0000000.0000,0000000.0,4031.1,0.262577,193241218,0000000.0000,0000000.0,15914.7,0.28052,63484.1,0.267,2028-12-01
NK225E    ,OOP,202812,51500.0,            ,183241518,0000000.0000,0000000.0,4102.52,0.261934,193241518,0000000.0000,0000000.0,15744.8,0.279778,63484.1,0.267,2028-12-01
NK225E    ,OOP,202812,51750.0,            ,183241718,0000000.0000,0000000.0,4174.71,0.261263,193241718,0000000.0000,0000000.0,15575.69,0.278836,63484.1,0.267,2028-12-01
NK225E    ,OOP,202812,52000.0,            ,133362018,0000000.0000,0000000.0,4247.75,0.260563,143362018,0000000.0000,0000000.0,15407.41,0.278044,63484.1,0.267,2028-12-01
NK225E    ,OOP,202812,52250.0,            ,183242218,0000000.0000,0000000.0,4322.88,0.26001,193242218,0000000.0000,0000000.0,15241.23,0.2774,63484.1,0.267,2028-12-01
NK225E    ,OOP,202812,52500.0,            ,133362518,0000000.0000,0000000.0,4398.84,0.259427,143362518,0000000.0000,0000000.0,15075.88,0.276559,63484.1,0.267,2028-12-01
NK225E    ,OOP,202812,52750.0,            ,183242718,0000000.0000,0000000.0,4475.65,0.258815,193242718,0000000.0000,0000000.0,14911.38,0.275863,63484.1,0.267,2028-12-01
NK225E    ,OOP,202812,53000.0,            ,183243018,0000000.0000,0000000.0,4553.34,0.258174,193243018,0000000.0000,0000000.0,14747.75,0.275141,63484.1,0.267,2028-12-01
NK225E    ,OOP,202812,53250.0,            ,183243218,0000000.0000,0000000.0,4633.1,0.257674,193243218,0000000.0000,0000000.0,14586.2,0.274393,63484.1,0.267,2028-12-01
NK225E    ,OOP,202812,53500.0,            ,183243518,0000000.0000,0000000.0,4713.79,0.256976,193243518,0000000.0000,0000000.0,14425.58,0.273786,63484.1,0.267,2028-12-01
NK225E    ,OOP,202812,53750.0,            ,183243718,0000000.0000,0000000.0,4795.33,0.256417,193243718,0000000.0000,0000000.0,14265.8,0.272988,63484.1,0.267,2028-12-01
NK225E    ,OOP,202812,54000.0,            ,183244018,0000000.0000,0000000.0,4877.75,0.255829,193244018,0000000.0000,0000000.0,14106.91,0.272329,63484.1,0.267,2028-12-01
NK225E    ,OOP,202812,54250.0,            ,183244218,0000000.0000,0000000.0,4962.37,0.255376,193244218,0000000.0000,0000000.0,13950.22,0.271806,63484.1,0.267,2028-12-01
NK225E    ,OOP,202812,54500.0,            ,183244518,0000000.0000,0000000.0,5047.89,0.254893,193244518,0000000.0000,0000000.0,13794.42,0.271094,63484.1,0.267,2028-12-01
NK225E    ,OOP,202812,54750.0,            ,183244718,0000000.0000,0000000.0,5134.26,0.25438,193244718,0000000.0000,0000000.0,13639.48,0.270518,63484.1,0.267,2028-12-01
NK225E    ,OOP,202812,55000.0,            ,133365018,0000000.0000,0000000.0,5221.63,0.253838,143365018,0000000.0000,0000000.0,13485.53,0.269914,63484.1,0.267,2028-12-01
NK225E    ,OOP,202812,55250.0,            ,183245218,0000000.0000,0000000.0,5311.1,0.253266,193245218,0000000.0000,0000000.0,13333.69,0.269284,63484.1,0.267,2028-12-01
NK225E    ,OOP,202812,55500.0,            ,183245518,0000000.0000,0000000.0,5401.53,0.252825,193245518,0000000.0000,0000000.0,13182.81,0.268627,63484.1,0.267,2028-12-01
NK225E    ,OOP,202812,55750.0,            ,183245718,0000000.0000,0000000.0,5492.86,0.252354,193245718,0000000.0000,0000000.0,13032.83,0.268102,63484.1,0.267,2028-12-01
NK225E    ,OOP,202812,56000.0,            ,133366018,0000000.0000,0000000.0,5585.19,0.251853,143366018,0000000.0000,0000000.0,12883.84,0.26755,63484.1,0.267,2028-12-01
NK225E    ,OOP,202812,56250.0,            ,183246218,0000000.0000,0000000.0,5679.64,0.251324,193246218,0000000.0000,0000000.0,12736.98,0.26697,63484.1,0.267,2028-12-01
NK225E    ,OOP,202812,56500.0,            ,183246518,0000000.0000,0000000.0,5775.05,0.25092,193246518,0000000.0000,0000000.0,12591.08,0.266364,63484.1,0.267,2028-12-01
NK225E    ,OOP,202812,56750.0,            ,183246718,0000000.0000,0000000.0,5871.41,0.250487,193246718,0000000.0000,0000000.0,12446.12,0.265886,63484.1,0.267,2028-12-01
NK225E    ,OOP,202812,57000.0,            ,133367018,0000000.0000,0000000.0,5968.75,0.250023,143367018,0000000.0000,0000000.0,12302.15,0.26538,63484.1,0.267,2028-12-01
NK225E    ,OOP,202812,57250.0,            ,183247218,0000000.0000,0000000.0,6068.23,0.249531,193247218,0000000.0000,0000000.0,12160.32,0.264847,63484.1,0.267,2028-12-01
NK225E    ,OOP,202812,57500.0,            ,183247518,0000000.0000,0000000.0,6168.68,0.249162,193247518,0000000.0000,0000000.0,12019.46,0.264287,63484.1,0.267,2028-12-01
NK225E    ,OOP,202812,57750.0,            ,183247718,0000000.0000,0000000.0,6270.07,0.248763,193247718,0000000.0000,0000000.0,11879.54,0.263852,63484.1,0.267,2028-12-01
NK225E    ,OOP,202812,58000.0,            ,133368018,0000000.0000,0000000.0,6372.5,0.248334,143368018,0000000.0000,0000000.0,11740.65,0.263389,63484.1,0.267,2028-12-01
NK225E    ,OOP,202812,58250.0,            ,183248218,0000000.0000,0000000.0,6477.03,0.248026,193248218,0000000.0000,0000000.0,11603.87,0.262899,63484.1,0.267,2028-12-01
NK225E    ,OOP,202812,58500.0,            ,183248518,0000000.0000,0000000.0,6582.55,0.247538,193248518,0000000.0000,0000000.0,11468.07,0.262382,63484.1,0.267,2028-12-01
NK225E    ,OOP,202812,58750.0,            ,183248718,0000000.0000,0000000.0,6689.01,0.247171,193248718,0000000.0000,0000000.0,11333.23,0.261987,63484.1,0.267,2028-12-01
NK225E    ,OOP,202812,59000.0,            ,133369018,0000000.0000,0000000.0,6796.56,0.246774,143369018,0000000.0000,0000000.0,11199.46,0.261564,63484.1,0.267,2028-12-01
NK225E    ,OOP,202812,59250.0,            ,183249218,0000000.0000,0000000.0,6906.15,0.246495,193249218,0000000.0000,0000000.0,11067.74,0.261114,63484.1,0.267,2028-12-01
NK225E    ,OOP,202812,59500.0,            ,183249518,0000000.0000,0000000.0,7016.7,0.24604,193249518,0000000.0000,0000000.0,10936.97,0.260784,63484.1,0.267,2028-12-01
NK225E    ,OOP,202812,59750.0,            ,183249718,0000000.0000,0000000.0,7128.27,0.245702,193249718,0000000.0000,0000000.0,10807.23,0.26028,63484.1,0.267,2028-12-01
NK225E    ,OOP,202812,60000.0,            ,133360018,0000000.0000,0000000.0,7240.86,0.245335,143360018,0000000.0000,0000000.0,10678.51,0.259895,63484.1,0.267,2028-12-01
NK225E    ,OOP,202812,60250.0,            ,183240218,0000000.0000,0000000.0,7355.48,0.245084,193240218,0000000.0000,0000000.0,10551.82,0.259483,63484.1,0.267,2028-12-01
NK225E    ,OOP,202812,60500.0,            ,183240518,0000000.0000,0000000.0,7471.1,0.244803,193240518,0000000.0000,0000000.0,10426.12,0.259189,63484.1,0.267,2028-12-01
NK225E    ,OOP,202812,60750.0,            ,133360718,0000000.0000,0000000.0,7587.71,0.244493,143360718,0000000.0000,0000000.0,10301.42,0.258723,63484.1,0.267,2028-12-01
NK225E    ,OOP,202812,61000.0,            ,183361018,0000000.0000,0000000.0,7705.31,0.244154,193361018,0000000.0000,0000000.0,10177.71,0.258374,63484.1,0.267,2028-12-01
NK225E    ,OOP,202812,61250.0,            ,133361218,0000000.0000,0000000.0,7824.89,0.243787,143361218,0000000.0000,0000000.0,10055.97,0.257999,63484.1,0.267,2028-12-01
NK225E    ,OOP,202812,61500.0,            ,133361518,0000000.0000,0000000.0,7945.49,0.243534,143361518,0000000.0000,0000000.0,9935.26,0.257739,63484.1,0.267,2028-12-01
NK225E    ,OOP,202812,61750.0,            ,133361718,0000000.0000,0000000.0,8067.09,0.243252,143361718,0000000.0000,0000000.0,9815.55,0.257311,63484.1,0.267,2028-12-01
NK225E    ,OOP,202812,62000.0,            ,183362018,0000000.0000,0000000.0,8189.68,0.242941,193362018,0000000.0000,0000000.0,9696.83,0.256997,63484.1,0.267,2028-12-01
NK225E    ,OOP,202812,62250.0,            ,133362218,0000000.0000,0000000.0,8314.19,0.242602,143362218,0000000.0000,0000000.0,9580.02,0.256798,63484.1,0.267,2028-12-01
NK225E    ,OOP,202812,62500.0,            ,133242518,0000000.0000,0000000.0,8439.72,0.242376,143242518,0000000.0000,0000000.0,9464.24,0.256432,63484.1,0.267,2028-12-01
NK225E    ,OOP,202812,62750.0,            ,133362718,0000000.0000,0000000.0,8566.24,0.242121,143362718,0000000.0000,0000000.0,9349.44,0.256179,63484.1,0.267,2028-12-01
NK225E    ,OOP,202812,63000.0,            ,133363018,0000000.0000,0000000.0,8693.74,0.241839,143363018,0000000.0000,0000000.0,9235.64,0.25576,63484.1,0.267,2028-12-01
NK225E    ,OOP,202812,63250.0,            ,133363218,0000000.0000,0000000.0,8823.09,0.241528,143363218,0000000.0000,0000000.0,9123.67,0.255595,63484.1,0.267,2028-12-01
NK225E    ,OOP,202812,63500.0,            ,133363518,0000000.0000,0000000.0,8953.42,0.241329,143363518,0000000.0000,0000000.0,9012.69,0.255264,63484.1,0.267,2028-12-01
NK225E    ,OOP,202812,63750.0,            ,133363718,0000000.0000,0000000.0,9084.74,0.241102,143363718,0000000.0000,0000000.0,8902.69,0.255046,63484.1,0.267,2028-12-01
NK225E    ,OOP,202812,64000.0,            ,133364018,0000000.0000,0000000.0,9217.06,0.240847,143364018,0000000.0000,0000000.0,8793.71,0.254663,63484.1,0.267,2028-12-01
NK225E    ,OOP,202812,64250.0,            ,133364218,0000000.0000,0000000.0,9351.12,0.240565,143364218,0000000.0000,0000000.0,8686.45,0.254393,63484.1,0.267,2028-12-01
NK225E    ,OOP,202812,64500.0,            ,133364518,0000000.0000,0000000.0,9486.19,0.240393,143364518,0000000.0000,0000000.0,8580.21,0.254236,63484.1,0.267,2028-12-01
NK225E    ,OOP,202812,64750.0,            ,133364718,0000000.0000,0000000.0,9622.23,0.240195,143364718,0000000.0000,0000000.0,8474.93,0.253915,63484.1,0.267,2028-12-01
NK225E    ,OOP,202812,65000.0,            ,183365018,0000000.0000,0000000.0,9759.23,0.239969,193365018,0000000.0000,0000000.0,8370.62,0.253706,63484.1,0.267,2028-12-01
NK225E    ,OOP,202812,65250.0,            ,133365218,0000000.0000,0000000.0,9897.92,0.239716,143365218,0000000.0000,0000000.0,8267.99,0.253472,63484.1,0.267,2028-12-01
NK225E    ,OOP,202812,65500.0,            ,133365518,0000000.0000,0000000.0,10037.56,0.239436,143365518,0000000.0000,0000000.0,8166.33,0.253212,63484.1,0.267,2028-12-01
NK225E    ,OOP,202812,65750.0,            ,133365718,0000000.0000,0000000.0,10178.16,0.239266,143365718,0000000.0000,0000000.0,8065.62,0.253065,63484.1,0.267,2028-12-01
NK225E    ,OOP,202812,66000.0,            ,183366018,0000000.0000,0000000.0,10319.75,0.23907,193366018,0000000.0000,0000000.0,7965.89,0.252755,63484.1,0.267,2028-12-01
NK225E    ,OOP,202812,66250.0,            ,133366218,0000000.0000,0000000.0,10462.9,0.238848,143366218,0000000.0000,0000000.0,7867.73,0.252558,63484.1,0.267,2028-12-01
NK225E    ,OOP,202812,66500.0,            ,133366518,0000000.0000,0000000.0,10607.0,0.238736,143366518,0000000.0000,0000000.0,7770.51,0.252335,63484.1,0.267,2028-12-01
NK225E    ,OOP,202812,66750.0,            ,133366718,0000000.0000,0000000.0,10752.02,0.238461,143366718,0000000.0000,0000000.0,7674.23,0.252225,63484.1,0.267,2028-12-01
NK225E    ,OOP,202812,67000.0,            ,183367018,0000000.0000,0000000.0,10898.02,0.238296,193367018,0000000.0000,0000000.0,7578.91,0.251953,63484.1,0.267,2028-12-01
NK225E    ,OOP,202812,67250.0,            ,133367218,0000000.0000,0000000.0,11045.49,0.238105,143367218,0000000.0000,0000000.0,7485.07,0.251794,63484.1,0.267,2028-12-01
NK225E    ,OOP,202812,67500.0,            ,183367518,0000000.0000,0000000.0,11193.93,0.237889,193367518,0000000.0000,0000000.0,7392.19,0.25161,63484.1,0.267,2028-12-01
NK225E    ,OOP,202812,67750.0,            ,133367718,0000000.0000,0000000.0,11343.27,0.237783,143367718,0000000.0000,0000000.0,7300.22,0.251401,63484.1,0.267,2028-12-01
NK225E    ,OOP,202812,68000.0,            ,183368018,0000000.0000,0000000.0,11493.53,0.237652,193368018,0000000.0000,0000000.0,7209.17,0.251306,63484.1,0.267,2028-12-01
NK225E    ,OOP,202812,68250.0,            ,133368218,0000000.0000,0000000.0,11645.17,0.237359,143368218,0000000.0000,0000000.0,7119.5,0.251049,63484.1,0.267,2028-12-01
NK225E    ,OOP,202812,68500.0,            ,133368518,0000000.0000,0000000.0,11797.75,0.237313,143368518,0000000.0000,0000000.0,7030.76,0.250905,63484.1,0.267,2028-12-01
NK225E    ,OOP,202812,68750.0,            ,133368718,0000000.0000,0000000.0,11951.23,0.237106,143368718,0000000.0000,0000000.0,6942.92,0.250738,63484.1,0.267,2028-12-01
NK225E    ,OOP,202812,69000.0,            ,183369018,0000000.0000,0000000.0,12105.59,0.236873,193369018,0000000.0000,0000000.0,6855.98,0.250547,63484.1,0.267,2028-12-01
NK225E    ,OOP,202812,69250.0,            ,133369218,0000000.0000,0000000.0,12261.28,0.236752,143369218,0000000.0000,0000000.0,6770.35,0.250469,63484.1,0.267,2028-12-01
NK225E    ,OOP,202812,69500.0,            ,133369518,0000000.0000,0000000.0,12417.84,0.236607,143369518,0000000.0000,0000000.0,6685.6,0.250367,63484.1,0.267,2028-12-01
NK225E    ,OOP,202812,69750.0,            ,133369718,0000000.0000,0000000.0,12575.28,0.236437,143369718,0000000.0000,0000000.0,6601.73,0.250105,63484.1,0.267,2028-12-01
NK225E    ,OOP,202812,70000.0,            ,133480018,0000000.0000,0000000.0,12733.59,0.236242,143480018,0000000.0000,0000000.0,6518.72,0.249958,63484.1,0.267,2028-12-01
NK225E    ,OOP,202812,70250.0,            ,133360218,0000000.0000,0000000.0,12893.12,0.23616,143360218,0000000.0000,0000000.0,6436.94,0.249924,63484.1,0.267,2028-12-01
NK225E    ,OOP,202812,70500.0,            ,133360518,0000000.0000,0000000.0,13053.54,0.235916,143360518,0000000.0000,0000000.0,6356.05,0.24973,63484.1,0.267,2028-12-01
NK225E    ,OOP,202812,70750.0,            ,183360718,0000000.0000,0000000.0,13214.77,0.235785,193360718,0000000.0000,0000000.0,6275.97,0.24965,63484.1,0.267,2028-12-01
NK225E    ,OOP,202812,71000.0,            ,133481018,0000000.0000,0000000.0,13376.89,0.23563,143481018,0000000.0000,0000000.0,6196.77,0.249411,63484.1,0.267,2028-12-01
NK225E    ,OOP,202812,71250.0,            ,183361218,0000000.0000,0000000.0,13540.13,0.23559,193361218,0000000.0000,0000000.0,6118.69,0.249286,63484.1,0.267,2028-12-01
NK225E    ,OOP,202812,71500.0,            ,183361518,0000000.0000,0000000.0,13704.2,0.235387,193361518,0000000.0000,0000000.0,6041.45,0.249277,63484.1,0.267,2028-12-01
NK225E    ,OOP,202812,71750.0,            ,183361718,0000000.0000,0000000.0,13869.09,0.2353,193361718,0000000.0000,0000000.0,5965.03,0.249108,63484.1,0.267,2028-12-01
NK225E    ,OOP,202812,72000.0,            ,133482018,0000000.0000,0000000.0,14034.8,0.235049,143482018,0000000.0000,0000000.0,5889.43,0.248916,63484.1,0.267,2028-12-01
NK225E    ,OOP,202812,72250.0,            ,183362218,0000000.0000,0000000.0,14201.57,0.234915,193362218,0000000.0000,0000000.0,5814.89,0.248841,63484.1,0.267,2028-12-01
NK225E    ,OOP,202812,72500.0,            ,183362518,0000000.0000,0000000.0,14369.15,0.234896,193362518,0000000.0000,0000000.0,5741.16,0.248744,63484.1,0.267,2028-12-01
NK225E    ,OOP,202812,72750.0,            ,183362718,0000000.0000,0000000.0,14537.53,0.234714,193362718,0000000.0000,0000000.0,5668.22,0.248625,63484.1,0.267,2028-12-01
NK225E    ,OOP,202812,73000.0,            ,183363018,0000000.0000,0000000.0,14706.7,0.23451,193363018,0000000.0000,0000000.0,5596.08,0.248484,63484.1,0.267,2028-12-01
NK225E    ,OOP,202812,73250.0,            ,183363218,0000000.0000,0000000.0,14876.83,0.234422,193363218,0000000.0000,0000000.0,5524.9,0.248461,63484.1,0.267,2028-12-01
NK225E    ,OOP,202812,73500.0,            ,183363518,0000000.0000,0000000.0,15047.78,0.234312,193363518,0000000.0000,0000000.0,5454.54,0.248277,63484.1,0.267,2028-12-01
NK225E    ,OOP,202812,73750.0,            ,183363718,0000000.0000,0000000.0,15219.47,0.234179,193363718,0000000.0000,0000000.0,5384.91,0.248212,63484.1,0.267,2028-12-01
NK225E    ,OOP,202812,74000.0,            ,183364018,0000000.0000,0000000.0,15391.96,0.234023,193364018,0000000.0000,0000000.0,5316.09,0.248126,63484.1,0.267,2028-12-01
NK225E    ,OOP,202812,74250.0,            ,183364218,0000000.0000,0000000.0,15565.32,0.233844,193364218,0000000.0000,0000000.0,5248.13,0.248018,63484.1,0.267,2028-12-01
NK225E    ,OOP,202812,74500.0,            ,183364518,0000000.0000,0000000.0,15739.46,0.233785,193364518,0000000.0000,0000000.0,5180.96,0.24789,63484.1,0.267,2028-12-01
NK225E    ,OOP,202812,74750.0,            ,183364718,0000000.0000,0000000.0,15914.35,0.233562,193364718,0000000.0000,0000000.0,5114.54,0.24774,63484.1,0.267,2028-12-01
NK225E    ,OOP,202812,75000.0,            ,133485018,0000000.0000,0000000.0,16089.99,0.233459,143485018,0000000.0000,0000000.0,5048.86,0.247711,63484.1,0.267,2028-12-01
NK225E    ,OOP,202812,75250.0,            ,183365218,0000000.0000,0000000.0,16266.43,0.233333,193365218,0000000.0000,0000000.0,4983.99,0.247662,63484.1,0.267,2028-12-01
NK225E    ,OOP,202812,75500.0,            ,183365518,0000000.0000,0000000.0,16443.63,0.233186,193365518,0000000.0000,0000000.0,4919.88,0.247451,63484.1,0.267,2028-12-01
NK225E    ,OOP,202812,75750.0,            ,183365718,0000000.0000,0000000.0,16621.52,0.233017,193365718,0000000.0000,0000000.0,4856.46,0.247361,63484.1,0.267,2028-12-01
NK225E    ,OOP,202812,76000.0,            ,133486018,0000000.0000,0000000.0,16800.16,0.23297,143486018,0000000.0000,0000000.0,4793.78,0.247251,63484.1,0.267,2028-12-01
NK225E    ,OOP,202812,76250.0,            ,183366218,0000000.0000,0000000.0,16979.54,0.232757,193366218,0000000.0000,0000000.0,4731.86,0.247263,63484.1,0.267,2028-12-01
NK225E    ,OOP,202812,77500.0,            ,133367518,0000000.0000,0000000.0,17887.07,0.232097,143367518,0000000.0000,0000000.0,4432.81,0.246745,63484.1,0.267,2028-12-01
NK225E    ,OOP,202812,80000.0,            ,183480018,0000000.0000,0000000.0,19751.8,0.230539,193480018,0000000.0000,0000000.0,3884.41,0.245869,63484.1,0.267,2028-12-01
NK225E    ,OOP,202812,85000.0,            ,183485018,0000000.0000,0000000.0,23659.2,0.227338,193485018,0000000.0000,0000000.0,2965.56,0.244172,63484.1,0.267,2028-12-01
NK225E    ,OOP,202812,90000.0,            ,133600018,0000000.0000,0000000.0,27775.56,0.223727,143600018,0000000.0000,0000000.0,2255.66,0.242919,63484.1,0.267,2028-12-01
NK225E    ,OOP,202812,95000.0,            ,133605018,0000000.0000,0000000.0,32084.09,0.220955,143605018,0000000.0000,0000000.0,1737.93,0.24324,63484.1,0.267,2028-12-01
NK225E    ,OOP,202812,100000.0,            ,183600018,0000000.0000,0000000.0,36580.95,0.221097,193600018,0000000.0000,0000000.0,1408.54,0.246884,63484.1,0.267,2028-12-01
NK225E    ,OOP,202906,15000.0,            ,184065018,0000000.0000,0000000.0,55.9,0.370835,194065018,0000000.0000,0000000.0,46593.64,0.589582,63484.1,0.267,2029-06-01
NK225E    ,OOP,202906,16000.0,            ,184066018,0000000.0000,0000000.0,78.48,0.370189,194066018,0000000.0000,0000000.0,45658.56,0.567769,63484.1,0.267,2029-06-01
NK225E    ,OOP,202906,17000.0,            ,184067018,0000000.0000,0000000.0,107.04,0.369889,194067018,0000000.0000,0000000.0,44729.46,0.548138,63484.1,0.267,2029-06-01
NK225E    ,OOP,202906,18000.0,            ,184068018,0000000.0000,0000000.0,142.37,0.369864,194068018,0000000.0000,0000000.0,43807.14,0.530379,63484.1,0.267,2029-06-01
NK225E    ,OOP,202906,19000.0,            ,184069018,0000000.0000,0000000.0,185.26,0.369717,194069018,0000000.0000,0000000.0,42892.36,0.514915,63484.1,0.267,2029-06-01
NK225E    ,OOP,202906,20000.0,            ,184060018,0000000.0000,0000000.0,236.45,0.36958,194060018,0000000.0000,0000000.0,41985.89,0.500762,63484.1,0.267,2029-06-01
NK225E    ,OOP,202906,20750.0,            ,184060718,0000000.0000,0000000.0,280.72,0.369623,194060718,0000000.0000,0000000.0,41311.92,0.491416,63484.1,0.267,2029-06-01
NK225E    ,OOP,202906,21000.0,            ,184061018,0000000.0000,0000000.0,296.66,0.369519,194061018,0000000.0000,0000000.0,41088.45,0.488344,63484.1,0.267,2029-06-01
NK225E    ,OOP,202906,21250.0,            ,184061218,0000000.0000,0000000.0,313.2,0.369515,194061218,0000000.0000,0000000.0,40865.58,0.485293,63484.1,0.267,2029-06-01
NK225E    ,OOP,202906,21500.0,            ,184061518,0000000.0000,0000000.0,330.36,0.370245,194061518,0000000.0000,0000000.0,40643.32,0.482848,63484.1,0.267,2029-06-01
NK225E    ,OOP,202906,21750.0,            ,184061718,0000000.0000,0000000.0,348.15,0.369751,194061718,0000000.0000,0000000.0,40421.7,0.479829,63484.1,0.267,2029-06-01
NK225E    ,OOP,202906,22000.0,            ,184062018,0000000.0000,0000000.0,366.58,0.370169,194062018,0000000.0000,0000000.0,40200.71,0.477397,63484.1,0.267,2029-06-01
NK225E    ,OOP,202906,22250.0,            ,184062218,0000000.0000,0000000.0,385.65,0.369468,194062218,0000000.0000,0000000.0,39980.36,0.474968,63484.1,0.267,2029-06-01
NK225E    ,OOP,202906,22500.0,            ,184062518,0000000.0000,0000000.0,405.37,0.369628,194062518,0000000.0000,0000000.0,39760.68,0.472541,63484.1,0.267,2029-06-01
NK225E    ,OOP,202906,22750.0,            ,184062718,0000000.0000,0000000.0,425.77,0.369658,194062718,0000000.0000,0000000.0,39541.65,0.470117,63484.1,0.267,2029-06-01
NK225E    ,OOP,202906,23000.0,            ,184063018,0000000.0000,0000000.0,446.83,0.369571,194063018,0000000.0000,0000000.0,39323.3,0.467696,63484.1,0.267,2029-06-01
NK225E    ,OOP,202906,23250.0,            ,184063218,0000000.0000,0000000.0,468.58,0.369377,194063218,0000000.0000,0000000.0,39105.64,0.465279,63484.1,0.267,2029-06-01
NK225E    ,OOP,202906,23500.0,            ,184063518,0000000.0000,0000000.0,491.02,0.369895,194063518,0000000.0000,0000000.0,38888.67,0.463379,63484.1,0.267,2029-06-01
NK225E    ,OOP,202906,23750.0,            ,134063718,0000000.0000,0000000.0,514.17,0.369487,144063718,0000000.0000,0000000.0,38672.39,0.460962,63484.1,0.267,2029-06-01
NK225E    ,OOP,202906,24000.0,            ,134064018,0000000.0000,0000000.0,538.02,0.369758,144064018,0000000.0000,0000000.0,38456.83,0.459047,63484.1,0.267,2029-06-01
NK225E    ,OOP,202906,24250.0,            ,134064218,0000000.0000,0000000.0,562.58,0.369907,144064218,0000000.0000,0000000.0,38241.98,0.45712,63484.1,0.267,2029-06-01
NK225E    ,OOP,202906,24500.0,            ,134064518,0000000.0000,0000000.0,587.87,0.369233,144064518,0000000.0000,0000000.0,38027.86,0.455184,63484.1,0.267,2029-06-01
NK225E    ,OOP,202906,24750.0,            ,134064718,0000000.0000,0000000.0,613.9,0.36919,144064718,0000000.0000,0000000.0,37814.47,0.453238,63484.1,0.267,2029-06-01
NK225E    ,OOP,202906,25000.0,            ,134065018,0000000.0000,0000000.0,640.66,0.369722,144065018,0000000.0000,0000000.0,37601.82,0.451284,63484.1,0.267,2029-06-01
NK225E    ,OOP,202906,25250.0,            ,134065218,0000000.0000,0000000.0,668.17,0.369476,144065218,0000000.0000,0000000.0,37389.91,0.44978,63484.1,0.267,2029-06-01
NK225E    ,OOP,202906,25500.0,            ,134065518,0000000.0000,0000000.0,696.44,0.36915,144065518,0000000.0000,0000000.0,37178.76,0.447804,63484.1,0.267,2029-06-01
NK225E    ,OOP,202906,25750.0,            ,134065718,0000000.0000,0000000.0,725.46,0.369363,144065718,0000000.0000,0000000.0,36968.38,0.446265,63484.1,0.267,2029-06-01
NK225E    ,OOP,202906,26000.0,            ,134066018,0000000.0000,0000000.0,755.26,0.369474,144066018,0000000.0000,0000000.0,36758.76,0.444707,63484.1,0.267,2029-06-01
NK225E    ,OOP,202906,26250.0,            ,134066218,0000000.0000,0000000.0,773.72,0.367741,144066218,0000000.0000,0000000.0,36537.8,0.441837,63484.1,0.267,2029-06-01
NK225E    ,OOP,202906,26500.0,            ,134066518,0000000.0000,0000000.0,792.4,0.366571,144066518,0000000.0000,0000000.0,36317.07,0.439412,63484.1,0.267,2029-06-01
NK225E    ,OOP,202906,26750.0,            ,134066718,0000000.0000,0000000.0,811.28,0.365369,144066718,0000000.0000,0000000.0,36096.53,0.436993,63484.1,0.267,2029-06-01
NK225E    ,OOP,202906,27000.0,            ,134067018,0000000.0000,0000000.0,830.38,0.363585,144067018,0000000.0000,0000000.0,35876.22,0.434582,63484.1,0.267,2029-06-01
NK225E    ,OOP,202906,27250.0,            ,134067218,0000000.0000,0000000.0,849.51,0.362336,144067218,0000000.0000,0000000.0,35655.93,0.431767,63484.1,0.267,2029-06-01
NK225E    ,OOP,202906,27500.0,            ,134067518,0000000.0000,0000000.0,868.84,0.361059,144067518,0000000.0000,0000000.0,35435.85,0.429374,63484.1,0.267,2029-06-01
NK225E    ,OOP,202906,27750.0,            ,134067718,0000000.0000,0000000.0,888.37,0.359235,144067718,0000000.0000,0000000.0,35215.96,0.426988,63484.1,0.267,2029-06-01
NK225E    ,OOP,202906,28000.0,            ,134068018,0000000.0000,0000000.0,908.1,0.357919,144068018,0000000.0000,0000000.0,34996.28,0.424608,63484.1,0.267,2029-06-01
NK225E    ,OOP,202906,28250.0,            ,134068218,0000000.0000,0000000.0,927.92,0.356579,144068218,0000000.0000,0000000.0,34776.69,0.422236,63484.1,0.267,2029-06-01
NK225E    ,OOP,202906,28500.0,            ,134068518,0000000.0000,0000000.0,947.95,0.355217,144068518,0000000.0000,0000000.0,34557.3,0.41987,63484.1,0.267,2029-06-01
NK225E    ,OOP,202906,28750.0,            ,134068718,0000000.0000,0000000.0,968.17,0.353835,144068718,0000000.0000,0000000.0,34338.11,0.41751,63484.1,0.267,2029-06-01
NK225E    ,OOP,202906,29000.0,            ,134069018,0000000.0000,0000000.0,988.59,0.352433,144069018,0000000.0000,0000000.0,34119.12,0.415157,63484.1,0.267,2029-06-01
NK225E    ,OOP,202906,29250.0,            ,134069218,0000000.0000,0000000.0,1009.18,0.351013,144069218,0000000.0000,0000000.0,33900.28,0.41281,63484.1,0.267,2029-06-01
NK225E    ,OOP,202906,29500.0,            ,134069518,0000000.0000,0000000.0,1029.96,0.349575,144069518,0000000.0000,0000000.0,33681.66,0.41047,63484.1,0.267,2029-06-01
NK225E    ,OOP,202906,29750.0,            ,134069718,0000000.0000,0000000.0,1050.95,0.348121,144069718,0000000.0000,0000000.0,33463.22,0.408136,63484.1,0.267,2029-06-01
NK225E    ,OOP,202906,30000.0,            ,134060018,0000000.0000,0000000.0,1072.12,0.34665,144060018,0000000.0000,0000000.0,33244.98,0.406167,63484.1,0.267,2029-06-01
NK225E    ,OOP,202906,30250.0,            ,134060218,0000000.0000,0000000.0,1093.54,0.345165,144060218,0000000.0000,0000000.0,33026.99,0.403842,63484.1,0.267,2029-06-01
NK225E    ,OOP,202906,30500.0,            ,134060518,0000000.0000,0000000.0,1115.17,0.343666,144060518,0000000.0000,0000000.0,32809.21,0.401522,63484.1,0.267,2029-06-01
NK225E    ,OOP,202906,30750.0,            ,134060718,0000000.0000,0000000.0,1136.99,0.342153,144060718,0000000.0000,0000000.0,32591.61,0.399209,63484.1,0.267,2029-06-01
NK225E    ,OOP,202906,31000.0,            ,134061018,0000000.0000,0000000.0,1159.01,0.340627,144061018,0000000.0000,0000000.0,32374.21,0.397245,63484.1,0.267,2029-06-01
NK225E    ,OOP,202906,31250.0,            ,134061218,0000000.0000,0000000.0,1181.37,0.339501,144061218,0000000.0000,0000000.0,32157.16,0.39494,63484.1,0.267,2029-06-01
NK225E    ,OOP,202906,31500.0,            ,134061518,0000000.0000,0000000.0,1203.92,0.337946,144061518,0000000.0000,0000000.0,31940.3,0.392976,63484.1,0.267,2029-06-01
NK225E    ,OOP,202906,31750.0,            ,134061718,0000000.0000,0000000.0,1226.68,0.336379,144061718,0000000.0000,0000000.0,31723.64,0.39068,63484.1,0.267,2029-06-01
NK225E    ,OOP,202906,32000.0,            ,134062018,0000000.0000,0000000.0,1249.64,0.335196,144062018,0000000.0000,0000000.0,31507.19,0.388717,63484.1,0.267,2029-06-01
NK225E    ,OOP,202906,32250.0,            ,134062218,0000000.0000,0000000.0,1273.04,0.333603,144062218,0000000.0000,0000000.0,31291.18,0.386429,63484.1,0.267,2029-06-01
NK225E    ,OOP,202906,32500.0,            ,134062518,0000000.0000,0000000.0,1296.65,0.332383,144062518,0000000.0000,0000000.0,31075.37,0.384467,63484.1,0.267,2029-06-01
NK225E    ,OOP,202906,32750.0,            ,134062718,0000000.0000,0000000.0,1320.46,0.330768,144062718,0000000.0000,0000000.0,30859.76,0.382187,63484.1,0.267,2029-06-01
NK225E    ,OOP,202906,33000.0,            ,134063018,0000000.0000,0000000.0,1344.49,0.329514,144063018,0000000.0000,0000000.0,30644.38,0.380226,63484.1,0.267,2029-06-01
NK225E    ,OOP,202906,33250.0,            ,134063218,0000000.0000,0000000.0,1369.06,0.328242,144063218,0000000.0000,0000000.0,30429.53,0.378264,63484.1,0.267,2029-06-01
NK225E    ,OOP,202906,33500.0,            ,134063518,0000000.0000,0000000.0,1393.84,0.326593,144063518,0000000.0000,0000000.0,30214.9,0.376301,63484.1,0.267,2029-06-01
NK225E    ,OOP,202906,33750.0,            ,184063718,0000000.0000,0000000.0,1418.84,0.325291,194063718,0000000.0000,0000000.0,30000.49,0.374338,63484.1,0.267,2029-06-01
NK225E    ,OOP,202906,34000.0,            ,184064018,0000000.0000,0000000.0,1444.06,0.323974,194064018,0000000.0000,0000000.0,29786.29,0.372373,63484.1,0.267,2029-06-01
NK225E    ,OOP,202906,34250.0,            ,184064218,0000000.0000,0000000.0,1469.93,0.32264,194064218,0000000.0000,0000000.0,29572.75,0.370408,63484.1,0.267,2029-06-01
NK225E    ,OOP,202906,34500.0,            ,184064518,0000000.0000,0000000.0,1496.03,0.321291,194064518,0000000.0000,0000000.0,29359.44,0.368443,63484.1,0.267,2029-06-01
NK225E    ,OOP,202906,34750.0,            ,184064718,0000000.0000,0000000.0,1522.37,0.319928,194064718,0000000.0000,0000000.0,29146.35,0.366476,63484.1,0.267,2029-06-01
NK225E    ,OOP,202906,35000.0,            ,134185018,0000000.0000,0000000.0,1548.93,0.31855,144185018,0000000.0000,0000000.0,28933.5,0.36451,63484.1,0.267,2029-06-01
NK225E    ,OOP,202906,35250.0,            ,184065218,0000000.0000,0000000.0,1576.25,0.317159,194065218,0000000.0000,0000000.0,28721.41,0.362826,63484.1,0.267,2029-06-01
NK225E    ,OOP,202906,35500.0,            ,184065518,0000000.0000,0000000.0,1603.84,0.316077,194065518,0000000.0000,0000000.0,28509.58,0.360856,63484.1,0.267,2029-06-01
NK225E    ,OOP,202906,35750.0,            ,184065718,0000000.0000,0000000.0,1631.65,0.314657,194065718,0000000.0000,0000000.0,28297.98,0.359163,63484.1,0.267,2029-06-01
NK225E    ,OOP,202906,36000.0,            ,134186018,0000000.0000,0000000.0,1659.74,0.313224,144186018,0000000.0000,0000000.0,28086.65,0.357189,63484.1,0.267,2029-06-01
NK225E    ,OOP,202906,36250.0,            ,184066218,0000000.0000,0000000.0,1688.67,0.312089,194066218,0000000.0000,0000000.0,27876.17,0.355488,63484.1,0.267,2029-06-01
NK225E    ,OOP,202906,36500.0,            ,184066518,0000000.0000,0000000.0,1717.89,0.310935,194066518,0000000.0000,0000000.0,27665.98,0.353511,63484.1,0.267,2029-06-01
NK225E    ,OOP,202906,36750.0,            ,184066718,0000000.0000,0000000.0,1747.38,0.309461,194066718,0000000.0000,0000000.0,27456.05,0.351801,63484.1,0.267,2029-06-01
NK225E    ,OOP,202906,37000.0,            ,134187018,0000000.0000,0000000.0,1777.14,0.308275,144187018,0000000.0000,0000000.0,27246.39,0.350085,63484.1,0.267,2029-06-01
NK225E    ,OOP,202906,37250.0,            ,184067218,0000000.0000,0000000.0,1807.87,0.307071,194067218,0000000.0000,0000000.0,27037.71,0.348365,63484.1,0.267,2029-06-01
NK225E    ,OOP,202906,37500.0,            ,184067518,0000000.0000,0000000.0,1838.91,0.30585,194067518,0000000.0000,0000000.0,26829.34,0.346639,63484.1,0.267,2029-06-01
NK225E    ,OOP,202906,37750.0,            ,184067718,0000000.0000,0000000.0,1870.25,0.304613,194067718,0000000.0000,0000000.0,26621.26,0.344908,63484.1,0.267,2029-06-01
NK225E    ,OOP,202906,38000.0,            ,134188018,0000000.0000,0000000.0,1901.87,0.30336,144188018,0000000.0000,0000000.0,26413.47,0.343172,63484.1,0.267,2029-06-01
NK225E    ,OOP,202906,38250.0,            ,184068218,0000000.0000,0000000.0,1934.59,0.302092,194068218,0000000.0000,0000000.0,26206.78,0.341682,63484.1,0.267,2029-06-01
NK225E    ,OOP,202906,38500.0,            ,184068518,0000000.0000,0000000.0,1967.65,0.300809,194068518,0000000.0000,0000000.0,26000.42,0.339935,63484.1,0.267,2029-06-01
NK225E    ,OOP,202906,38750.0,            ,184068718,0000000.0000,0000000.0,2001.01,0.299784,194068718,0000000.0000,0000000.0,25794.36,0.338429,63484.1,0.267,2029-06-01
NK225E    ,OOP,202906,39000.0,            ,134189018,0000000.0000,0000000.0,2034.7,0.29847,144189018,0000000.0000,0000000.0,25588.64,0.33667,63484.1,0.267,2029-06-01
NK225E    ,OOP,202906,39250.0,            ,184069218,0000000.0000,0000000.0,2069.59,0.297407,194069218,0000000.0000,0000000.0,25384.12,0.335149,63484.1,0.267,2029-06-01
NK225E    ,OOP,202906,39500.0,            ,184069518,0000000.0000,0000000.0,2104.85,0.296325,194069518,0000000.0000,0000000.0,25179.96,0.333618,63484.1,0.267,2029-06-01
NK225E    ,OOP,202906,39750.0,            ,184069718,0000000.0000,0000000.0,2140.44,0.295225,194069718,0000000.0000,0000000.0,24976.14,0.332079,63484.1,0.267,2029-06-01
NK225E    ,OOP,202906,40000.0,            ,134180018,0000000.0000,0000000.0,2176.4,0.293851,144180018,0000000.0000,0000000.0,24772.68,0.330532,63484.1,0.267,2029-06-01
NK225E    ,OOP,202906,40250.0,            ,184060218,0000000.0000,0000000.0,2213.69,0.29297,194060218,0000000.0000,0000000.0,24570.55,0.328976,63484.1,0.267,2029-06-01
NK225E    ,OOP,202906,40500.0,            ,184060518,0000000.0000,0000000.0,2251.35,0.291816,194060518,0000000.0000,0000000.0,24368.81,0.327642,63484.1,0.267,2029-06-01
NK225E    ,OOP,202906,40750.0,            ,134180718,0000000.0000,0000000.0,2289.4,0.290646,144180718,0000000.0000,0000000.0,24167.44,0.326068,63484.1,0.267,2029-06-01
NK225E    ,OOP,202906,41000.0,            ,134181018,0000000.0000,0000000.0,2327.83,0.289703,144181018,0000000.0000,0000000.0,23966.45,0.324712,63484.1,0.267,2029-06-01
NK225E    ,OOP,202906,41250.0,            ,134181218,0000000.0000,0000000.0,2367.7,0.288499,144181218,0000000.0000,0000000.0,23766.9,0.323121,63484.1,0.267,2029-06-01
NK225E    ,OOP,202906,41500.0,            ,134181518,0000000.0000,0000000.0,2407.97,0.287516,144181518,0000000.0000,0000000.0,23567.77,0.321744,63484.1,0.267,2029-06-01
NK225E    ,OOP,202906,41750.0,            ,134181718,0000000.0000,0000000.0,2448.66,0.286514,144181718,0000000.0000,0000000.0,23369.04,0.320355,63484.1,0.267,2029-06-01
NK225E    ,OOP,202906,42000.0,            ,134182018,0000000.0000,0000000.0,2489.79,0.285492,144182018,0000000.0000,0000000.0,23170.75,0.318955,63484.1,0.267,2029-06-01
NK225E    ,OOP,202906,42250.0,            ,134182218,0000000.0000,0000000.0,2532.46,0.28445,144182218,0000000.0000,0000000.0,22974.01,0.317545,63484.1,0.267,2029-06-01
NK225E    ,OOP,202906,42500.0,            ,184182518,0000000.0000,0000000.0,2575.57,0.283391,194182518,0000000.0000,0000000.0,22777.71,0.316336,63484.1,0.267,2029-06-01
NK225E    ,OOP,202906,42750.0,            ,134182718,0000000.0000,0000000.0,2619.14,0.282537,144182718,0000000.0000,0000000.0,22581.86,0.314903,63484.1,0.267,2029-06-01
NK225E    ,OOP,202906,43000.0,            ,134183018,0000000.0000,0000000.0,2663.18,0.281439,144183018,0000000.0000,0000000.0,22386.48,0.313669,63484.1,0.267,2029-06-01
NK225E    ,OOP,202906,43250.0,            ,134183218,0000000.0000,0000000.0,2708.85,0.280543,144183218,0000000.0000,0000000.0,22192.74,0.31242,63484.1,0.267,2029-06-01
NK225E    ,OOP,202906,43500.0,            ,134183518,0000000.0000,0000000.0,2755.03,0.279626,144183518,0000000.0000,0000000.0,21999.5,0.311158,63484.1,0.267,2029-06-01
NK225E    ,OOP,202906,43750.0,            ,134183718,0000000.0000,0000000.0,2801.69,0.278688,144183718,0000000.0000,0000000.0,21806.76,0.309883,63484.1,0.267,2029-06-01
NK225E    ,OOP,202906,44000.0,            ,134184018,0000000.0000,0000000.0,2848.85,0.277729,144184018,0000000.0000,0000000.0,21614.5,0.308595,63484.1,0.267,2029-06-01
NK225E    ,OOP,202906,44250.0,            ,134184218,0000000.0000,0000000.0,2897.75,0.276751,144184218,0000000.0000,0000000.0,21423.98,0.307493,63484.1,0.267,2029-06-01
NK225E    ,OOP,202906,44500.0,            ,134184518,0000000.0000,0000000.0,2947.17,0.275961,144184518,0000000.0000,0000000.0,21233.99,0.306179,63484.1,0.267,2029-06-01
NK225E    ,OOP,202906,44750.0,            ,134184718,0000000.0000,0000000.0,2997.12,0.274942,144184718,0000000.0000,0000000.0,21044.53,0.305047,63484.1,0.267,2029-06-01
NK225E    ,OOP,202906,45000.0,            ,184185018,0000000.0000,0000000.0,3047.63,0.274109,194185018,0000000.0000,0000000.0,20855.62,0.303901,63484.1,0.267,2029-06-01
NK225E    ,OOP,202906,45250.0,            ,134185218,0000000.0000,0000000.0,3099.97,0.273253,144185218,0000000.0000,0000000.0,20668.55,0.302739,63484.1,0.267,2029-06-01
NK225E    ,OOP,202906,45500.0,            ,134185518,0000000.0000,0000000.0,3152.88,0.272376,144185518,0000000.0000,0000000.0,20482.04,0.301563,63484.1,0.267,2029-06-01
NK225E    ,OOP,202906,45750.0,            ,134185718,0000000.0000,0000000.0,3206.35,0.271674,144185718,0000000.0000,0000000.0,20296.09,0.300561,63484.1,0.267,2029-06-01
NK225E    ,OOP,202906,46000.0,            ,184186018,0000000.0000,0000000.0,3260.38,0.270753,194186018,0000000.0000,0000000.0,20110.72,0.299354,63484.1,0.267,2029-06-01
NK225E    ,OOP,202906,46250.0,            ,134186218,0000000.0000,0000000.0,3316.35,0.270006,144186218,0000000.0000,0000000.0,19927.27,0.298319,63484.1,0.267,2029-06-01
NK225E    ,OOP,202906,46500.0,            ,134186518,0000000.0000,0000000.0,3372.95,0.269235,144186518,0000000.0000,0000000.0,19744.45,0.297268,63484.1,0.267,2029-06-01
NK225E    ,OOP,202906,46750.0,            ,134186718,0000000.0000,0000000.0,3430.13,0.268441,144186718,0000000.0000,0000000.0,19562.22,0.2962,63484.1,0.267,2029-06-01
NK225E    ,OOP,202906,47000.0,            ,184187018,0000000.0000,0000000.0,3487.94,0.267624,194187018,0000000.0000,0000000.0,19380.62,0.295296,63484.1,0.267,2029-06-01
NK225E    ,OOP,202906,47250.0,            ,134187218,0000000.0000,0000000.0,3547.72,0.266787,144187218,0000000.0000,0000000.0,19200.98,0.294195,63484.1,0.267,2029-06-01
NK225E    ,OOP,202906,47500.0,            ,134187518,0000000.0000,0000000.0,3608.17,0.266111,144187518,0000000.0000,0000000.0,19022.02,0.293256,63484.1,0.267,2029-06-01
NK225E    ,OOP,202906,47750.0,            ,134187718,0000000.0000,0000000.0,3669.27,0.265412,144187718,0000000.0000,0000000.0,18843.7,0.292298,63484.1,0.267,2029-06-01
NK225E    ,OOP,202906,48000.0,            ,184188018,0000000.0000,0000000.0,3731.01,0.264688,194188018,0000000.0000,0000000.0,18666.02,0.291323,63484.1,0.267,2029-06-01
NK225E    ,OOP,202906,48250.0,            ,134188218,0000000.0000,0000000.0,3794.81,0.263942,144188218,0000000.0000,0000000.0,18490.41,0.290331,63484.1,0.267,2029-06-01
NK225E    ,OOP,202906,48500.0,            ,134188518,0000000.0000,0000000.0,3859.32,0.26335,144188518,0000000.0000,0000000.0,18315.51,0.289493,63484.1,0.267,2029-06-01
NK225E    ,OOP,202906,48750.0,            ,134188718,0000000.0000,0000000.0,3924.48,0.262557,144188718,0000000.0000,0000000.0,18141.25,0.288636,63484.1,0.267,2029-06-01
NK225E    ,OOP,202906,49000.0,            ,184189018,0000000.0000,0000000.0,3990.36,0.261917,194189018,0000000.0000,0000000.0,17967.72,0.28776,63484.1,0.267,2029-06-01
NK225E    ,OOP,202906,49250.0,            ,134189218,0000000.0000,0000000.0,4058.33,0.261252,144189218,0000000.0000,0000000.0,17796.27,0.286865,63484.1,0.267,2029-06-01
NK225E    ,OOP,202906,49500.0,            ,134189518,0000000.0000,0000000.0,4127.04,0.260563,144189518,0000000.0000,0000000.0,17625.57,0.285951,63484.1,0.267,2029-06-01
NK225E    ,OOP,202906,49750.0,            ,134189718,0000000.0000,0000000.0,4196.47,0.260021,144189718,0000000.0000,0000000.0,17455.59,0.285185,63484.1,0.267,2029-06-01
NK225E    ,OOP,202906,50000.0,            ,184180018,0000000.0000,0000000.0,4266.63,0.259285,194180018,0000000.0000,0000000.0,17286.32,0.284234,63484.1,0.267,2029-06-01
NK225E    ,OOP,202906,50250.0,            ,134180218,0000000.0000,0000000.0,4338.92,0.258693,144180218,0000000.0000,0000000.0,17119.21,0.283593,63484.1,0.267,2029-06-01
NK225E    ,OOP,202906,50500.0,            ,134180518,0000000.0000,0000000.0,4412.0,0.258077,144180518,0000000.0000,0000000.0,16952.87,0.282767,63484.1,0.267,2029-06-01
NK225E    ,OOP,202906,50750.0,            ,184180718,0000000.0000,0000000.0,4485.83,0.2576,194180718,0000000.0000,0000000.0,16787.29,0.281921,63484.1,0.267,2029-06-01
NK225E    ,OOP,202906,51000.0,            ,184181018,0000000.0000,0000000.0,4560.42,0.256935,194181018,0000000.0000,0000000.0,16622.46,0.281217,63484.1,0.267,2029-06-01
NK225E    ,OOP,202906,51250.0,            ,184181218,0000000.0000,0000000.0,4637.16,0.256408,194181218,0000000.0000,0000000.0,16459.79,0.280492,63484.1,0.267,2029-06-01
NK225E    ,OOP,202906,51500.0,            ,184181518,0000000.0000,0000000.0,4714.69,0.255855,194181518,0000000.0000,0000000.0,16297.91,0.279746,63484.1,0.267,2029-06-01
NK225E    ,OOP,202906,51750.0,            ,184181718,0000000.0000,0000000.0,4793.07,0.255278,194181718,0000000.0000,0000000.0,16136.87,0.278979,63484.1,0.267,2029-06-01
NK225E    ,OOP,202906,52000.0,            ,184182018,0000000.0000,0000000.0,4872.2,0.254677,194182018,0000000.0000,0000000.0,15976.59,0.278349,63484.1,0.267,2029-06-01
NK225E    ,OOP,202906,52250.0,            ,184182218,0000000.0000,0000000.0,4953.54,0.254208,194182218,0000000.0000,0000000.0,15818.51,0.277542,63484.1,0.267,2029-06-01
NK225E    ,OOP,202906,52500.0,            ,134302518,0000000.0000,0000000.0,5035.68,0.253714,144302518,0000000.0000,0000000.0,15661.24,0.277023,63484.1,0.267,2029-06-01
NK225E    ,OOP,202906,52750.0,            ,184182718,0000000.0000,0000000.0,5118.65,0.253194,194182718,0000000.0000,0000000.0,15504.78,0.276329,63484.1,0.267,2029-06-01
NK225E    ,OOP,202906,53000.0,            ,184183018,0000000.0000,0000000.0,5202.42,0.25265,194183018,0000000.0000,0000000.0,15349.15,0.275614,63484.1,0.267,2029-06-01
NK225E    ,OOP,202906,53250.0,            ,184183218,0000000.0000,0000000.0,5288.4,0.252233,194183218,0000000.0000,0000000.0,15195.71,0.275029,63484.1,0.267,2029-06-01
NK225E    ,OOP,202906,53500.0,            ,184183518,0000000.0000,0000000.0,5375.21,0.251791,194183518,0000000.0000,0000000.0,15043.11,0.274423,63484.1,0.267,2029-06-01
NK225E    ,OOP,202906,53750.0,            ,184183718,0000000.0000,0000000.0,5462.87,0.251323,194183718,0000000.0000,0000000.0,14891.35,0.273795,63484.1,0.267,2029-06-01
NK225E    ,OOP,202906,54000.0,            ,184184018,0000000.0000,0000000.0,5551.4,0.250831,194184018,0000000.0000,0000000.0,14740.46,0.273145,63484.1,0.267,2029-06-01
NK225E    ,OOP,202906,54250.0,            ,184184218,0000000.0000,0000000.0,5642.05,0.250461,194184218,0000000.0000,0000000.0,14591.7,0.272622,63484.1,0.267,2029-06-01
NK225E    ,OOP,202906,54500.0,            ,184184518,0000000.0000,0000000.0,5733.63,0.250066,194184518,0000000.0000,0000000.0,14443.87,0.272077,63484.1,0.267,2029-06-01
NK225E    ,OOP,202906,54750.0,            ,184184718,0000000.0000,0000000.0,5826.01,0.249499,194184718,0000000.0000,0000000.0,14296.83,0.27151,63484.1,0.267,2029-06-01
NK225E    ,OOP,202906,55000.0,            ,134305018,0000000.0000,0000000.0,5919.31,0.249199,144305018,0000000.0000,0000000.0,14150.72,0.270921,63484.1,0.267,2029-06-01
NK225E    ,OOP,202906,55250.0,            ,184185218,0000000.0000,0000000.0,6014.73,0.248729,194185218,0000000.0000,0000000.0,14006.72,0.270455,63484.1,0.267,2029-06-01
NK225E    ,OOP,202906,55500.0,            ,184185518,0000000.0000,0000000.0,6111.05,0.248377,194185518,0000000.0000,0000000.0,13863.63,0.269966,63484.1,0.267,2029-06-01
NK225E    ,OOP,202906,55750.0,            ,184185718,0000000.0000,0000000.0,6208.25,0.248,194185718,0000000.0000,0000000.0,13721.42,0.269455,63484.1,0.267,2029-06-01
NK225E    ,OOP,202906,56000.0,            ,134306018,0000000.0000,0000000.0,6306.3,0.247598,144306018,0000000.0000,0000000.0,13580.05,0.268922,63484.1,0.267,2029-06-01
NK225E    ,OOP,202906,56250.0,            ,184186218,0000000.0000,0000000.0,6406.5,0.247171,194186218,0000000.0000,0000000.0,13440.84,0.268367,63484.1,0.267,2029-06-01
NK225E    ,OOP,202906,56500.0,            ,184186518,0000000.0000,0000000.0,6507.55,0.24686,194186518,0000000.0000,0000000.0,13302.48,0.267932,63484.1,0.267,2029-06-01
NK225E    ,OOP,202906,56750.0,            ,184186718,0000000.0000,0000000.0,6609.5,0.246524,194186718,0000000.0000,0000000.0,13165.01,0.267474,63484.1,0.267,2029-06-01
NK225E    ,OOP,202906,57000.0,            ,134307018,0000000.0000,0000000.0,6712.41,0.246162,144307018,0000000.0000,0000000.0,13028.5,0.266994,63484.1,0.267,2029-06-01
NK225E    ,OOP,202906,57250.0,            ,184187218,0000000.0000,0000000.0,6817.33,0.245776,194187218,0000000.0000,0000000.0,12894.0,0.26663,63484.1,0.267,2029-06-01
NK225E    ,OOP,202906,57500.0,            ,184187518,0000000.0000,0000000.0,6923.15,0.245502,194187518,0000000.0000,0000000.0,12760.41,0.266244,63484.1,0.267,2029-06-01
NK225E    ,OOP,202906,57750.0,            ,184187718,0000000.0000,0000000.0,7029.83,0.245204,194187718,0000000.0000,0000000.0,12627.68,0.265835,63484.1,0.267,2029-06-01
NK225E    ,OOP,202906,58000.0,            ,134308018,0000000.0000,0000000.0,7137.52,0.24488,144308018,0000000.0000,0000000.0,12495.96,0.265404,63484.1,0.267,2029-06-01
NK225E    ,OOP,202906,58250.0,            ,184188218,0000000.0000,0000000.0,7247.11,0.244532,194188218,0000000.0000,0000000.0,12366.13,0.264951,63484.1,0.267,2029-06-01
NK225E    ,OOP,202906,58500.0,            ,184188518,0000000.0000,0000000.0,7357.68,0.244295,194188518,0000000.0000,0000000.0,12237.28,0.264612,63484.1,0.267,2029-06-01
NK225E    ,OOP,202906,58750.0,            ,184188718,0000000.0000,0000000.0,7469.11,0.243897,194188718,0000000.0000,0000000.0,12109.3,0.26425,63484.1,0.267,2029-06-01
NK225E    ,OOP,202906,59000.0,            ,134309018,0000000.0000,0000000.0,7581.45,0.243611,144309018,0000000.0000,0000000.0,11982.22,0.263866,63484.1,0.267,2029-06-01
NK225E    ,OOP,202906,59250.0,            ,184189218,0000000.0000,0000000.0,7695.7,0.243299,194189218,0000000.0000,0000000.0,11857.06,0.263461,63484.1,0.267,2029-06-01
NK225E    ,OOP,202906,59500.0,            ,184189518,0000000.0000,0000000.0,7810.86,0.243097,194189518,0000000.0000,0000000.0,11732.81,0.263167,63484.1,0.267,2029-06-01
NK225E    ,OOP,202906,59750.0,            ,184189718,0000000.0000,0000000.0,7926.92,0.24287,194189718,0000000.0000,0000000.0,11609.46,0.262718,63484.1,0.267,2029-06-01
NK225E    ,OOP,202906,60000.0,            ,134300018,0000000.0000,0000000.0,8043.93,0.242485,144300018,0000000.0000,0000000.0,11487.05,0.26238,63484.1,0.267,2029-06-01
NK225E    ,OOP,202906,60250.0,            ,184180218,0000000.0000,0000000.0,8162.72,0.242341,194180218,0000000.0000,0000000.0,11366.42,0.262152,63484.1,0.267,2029-06-01
NK225E    ,OOP,202906,60500.0,            ,184180518,0000000.0000,0000000.0,8282.44,0.242041,194180518,0000000.0000,0000000.0,11246.73,0.26177,63484.1,0.267,2029-06-01
NK225E    ,OOP,202906,60750.0,            ,134300718,0000000.0000,0000000.0,8403.08,0.241848,144300718,0000000.0000,0000000.0,11127.95,0.261498,63484.1,0.267,2029-06-01
NK225E    ,OOP,202906,61000.0,            ,134301018,0000000.0000,0000000.0,8524.61,0.2415,144301018,0000000.0000,0000000.0,11010.07,0.261204,63484.1,0.267,2029-06-01
NK225E    ,OOP,202906,61250.0,            ,134301218,0000000.0000,0000000.0,8647.86,0.241259,144301218,0000000.0000,0000000.0,10893.9,0.260888,63484.1,0.267,2029-06-01
NK225E    ,OOP,202906,61500.0,            ,134301518,0000000.0000,0000000.0,8772.04,0.241124,144301518,0000000.0000,0000000.0,10778.67,0.260551,63484.1,0.267,2029-06-01
NK225E    ,OOP,202906,61750.0,            ,134301718,0000000.0000,0000000.0,8897.08,0.240835,144301718,0000000.0000,0000000.0,10664.3,0.260322,63484.1,0.267,2029-06-01
NK225E    ,OOP,202906,62000.0,            ,134302018,0000000.0000,0000000.0,9023.06,0.240652,144302018,0000000.0000,0000000.0,10550.86,0.259942,63484.1,0.267,2029-06-01
NK225E    ,OOP,202906,62250.0,            ,134302218,0000000.0000,0000000.0,9150.67,0.240446,144302218,0000000.0000,0000000.0,10439.06,0.259799,63484.1,0.267,2029-06-01
NK225E    ,OOP,202906,62500.0,            ,134182518,0000000.0000,0000000.0,9279.17,0.240215,144182518,0000000.0000,0000000.0,10328.15,0.259505,63484.1,0.267,2029-06-01
NK225E    ,OOP,202906,62750.0,            ,134302718,0000000.0000,0000000.0,9408.57,0.239962,144302718,0000000.0000,0000000.0,10218.13,0.259191,63484.1,0.267,2029-06-01
NK225E    ,OOP,202906,63000.0,            ,134303018,0000000.0000,0000000.0,9538.85,0.239813,144303018,0000000.0000,0000000.0,10108.99,0.258983,63484.1,0.267,2029-06-01
NK225E    ,OOP,202906,63250.0,            ,134303218,0000000.0000,0000000.0,9670.64,0.239514,144303218,0000000.0000,0000000.0,10001.37,0.258754,63484.1,0.267,2029-06-01
NK225E    ,OOP,202906,63500.0,            ,134303518,0000000.0000,0000000.0,9803.36,0.239319,144303518,0000000.0000,0000000.0,9894.67,0.258504,63484.1,0.267,2029-06-01
NK225E    ,OOP,202906,63750.0,            ,134303718,0000000.0000,0000000.0,9936.95,0.239101,144303718,0000000.0000,0000000.0,9788.85,0.258233,63484.1,0.267,2029-06-01
NK225E    ,OOP,202906,64000.0,            ,134304018,0000000.0000,0000000.0,10071.43,0.238988,144304018,0000000.0000,0000000.0,9683.91,0.258069,63484.1,0.267,2029-06-01
NK225E    ,OOP,202906,64250.0,            ,134304218,0000000.0000,0000000.0,10207.28,0.238724,144304218,0000000.0000,0000000.0,9580.35,0.257756,63484.1,0.267,2029-06-01
NK225E    ,OOP,202906,64500.0,            ,134304518,0000000.0000,0000000.0,10344.05,0.238565,144304518,0000000.0000,0000000.0,9477.71,0.25755,63484.1,0.267,2029-06-01
NK225E    ,OOP,202906,64750.0,            ,134304718,0000000.0000,0000000.0,10481.69,0.238384,144304718,0000000.0000,0000000.0,9375.93,0.257323,63484.1,0.267,2029-06-01
NK225E    ,OOP,202906,65000.0,            ,184305018,0000000.0000,0000000.0,10620.18,0.238179,194305018,0000000.0000,0000000.0,9275.01,0.257076,63484.1,0.267,2029-06-01
NK225E    ,OOP,202906,65250.0,            ,134305218,0000000.0000,0000000.0,10759.98,0.238079,144305218,0000000.0000,0000000.0,9175.39,0.256935,63484.1,0.267,2029-06-01
NK225E    ,OOP,202906,65500.0,            ,134305518,0000000.0000,0000000.0,10900.66,0.237831,144305518,0000000.0000,0000000.0,9076.66,0.256772,63484.1,0.267,2029-06-01
NK225E    ,OOP,202906,65750.0,            ,134305718,0000000.0000,0000000.0,11042.16,0.237686,144305718,0000000.0000,0000000.0,8978.75,0.25659,63484.1,0.267,2029-06-01
NK225E    ,OOP,202906,66000.0,            ,184306018,0000000.0000,0000000.0,11184.55,0.237519,194306018,0000000.0000,0000000.0,8881.72,0.256387,63484.1,0.267,2029-06-01
NK225E    ,OOP,202906,66250.0,            ,134306218,0000000.0000,0000000.0,11328.14,0.23733,144306218,0000000.0000,0000000.0,8785.89,0.256165,63484.1,0.267,2029-06-01
NK225E    ,OOP,202906,66500.0,            ,134306518,0000000.0000,0000000.0,11472.56,0.23712,144306518,0000000.0000,0000000.0,8690.9,0.255922,63484.1,0.267,2029-06-01
NK225E    ,OOP,202906,66750.0,            ,134306718,0000000.0000,0000000.0,11617.83,0.237013,144306718,0000000.0000,0000000.0,8596.75,0.255785,63484.1,0.267,2029-06-01
NK225E    ,OOP,202906,67000.0,            ,184307018,0000000.0000,0000000.0,11763.96,0.236885,194307018,0000000.0000,0000000.0,8503.47,0.255628,63484.1,0.267,2029-06-01
NK225E    ,OOP,202906,67250.0,            ,134307218,0000000.0000,0000000.0,11911.16,0.236611,144307218,0000000.0000,0000000.0,8411.25,0.255452,63484.1,0.267,2029-06-01
NK225E    ,OOP,202906,67500.0,            ,134307518,0000000.0000,0000000.0,12059.18,0.23644,144307518,0000000.0000,0000000.0,8319.86,0.255255,63484.1,0.267,2029-06-01
NK225E    ,OOP,202906,67750.0,            ,134307718,0000000.0000,0000000.0,12208.01,0.236373,144307718,0000000.0000,0000000.0,8229.28,0.25504,63484.1,0.267,2029-06-01
NK225E    ,OOP,202906,68000.0,            ,184308018,0000000.0000,0000000.0,12357.7,0.23616,194308018,0000000.0000,0000000.0,8139.55,0.25493,63484.1,0.267,2029-06-01
NK225E    ,OOP,202906,68250.0,            ,134308218,0000000.0000,0000000.0,12508.4,0.236051,144308218,0000000.0000,0000000.0,8050.83,0.254675,63484.1,0.267,2029-06-01
NK225E    ,OOP,202906,68500.0,            ,134308518,0000000.0000,0000000.0,12659.89,0.235796,144308518,0000000.0000,0000000.0,7962.92,0.254527,63484.1,0.267,2029-06-01
NK225E    ,OOP,202906,68750.0,            ,134308718,0000000.0000,0000000.0,12812.19,0.235646,144308718,0000000.0000,0000000.0,7875.8,0.254359,63484.1,0.267,2029-06-01
NK225E    ,OOP,202906,69000.0,            ,184309018,0000000.0000,0000000.0,12965.28,0.235474,194309018,0000000.0000,0000000.0,7789.48,0.254172,63484.1,0.267,2029-06-01
NK225E    ,OOP,202906,69250.0,            ,134309218,0000000.0000,0000000.0,13119.28,0.235407,144309218,0000000.0000,0000000.0,7704.06,0.254092,63484.1,0.267,2029-06-01
NK225E    ,OOP,202906,69500.0,            ,134309518,0000000.0000,0000000.0,13274.11,0.235195,144309518,0000000.0000,0000000.0,7619.47,0.253867,63484.1,0.267,2029-06-01
NK225E    ,OOP,202906,69750.0,            ,134309718,0000000.0000,0000000.0,13429.67,0.235088,144309718,0000000.0000,0000000.0,7535.62,0.253749,63484.1,0.267,2029-06-01
NK225E    ,OOP,202906,70000.0,            ,184300018,0000000.0000,0000000.0,13586.05,0.234835,194300018,0000000.0000,0000000.0,7452.58,0.253612,63484.1,0.267,2029-06-01
NK225E    ,OOP,202906,70250.0,            ,134300218,0000000.0000,0000000.0,13743.23,0.234687,144300218,0000000.0000,0000000.0,7370.35,0.253456,63484.1,0.267,2029-06-01
NK225E    ,OOP,202906,70500.0,            ,134300518,0000000.0000,0000000.0,13901.22,0.23452,144300518,0000000.0000,0000000.0,7288.93,0.253283,63484.1,0.267,2029-06-01
NK225E    ,OOP,202906,70750.0,            ,184300718,0000000.0000,0000000.0,14059.93,0.234457,194300718,0000000.0000,0000000.0,7208.23,0.25309,63484.1,0.267,2029-06-01
NK225E    ,OOP,202906,71000.0,            ,184301018,0000000.0000,0000000.0,14219.44,0.23425,194301018,0000000.0000,0000000.0,7128.32,0.253005,63484.1,0.267,2029-06-01
NK225E    ,OOP,202906,71250.0,            ,184301218,0000000.0000,0000000.0,14379.69,0.234022,194301218,0000000.0000,0000000.0,7049.16,0.252901,63484.1,0.267,2029-06-01
NK225E    ,OOP,202906,71500.0,            ,184301518,0000000.0000,0000000.0,14540.69,0.233901,194301518,0000000.0000,0000000.0,6970.74,0.252655,63484.1,0.267,2029-06-01
NK225E    ,OOP,202906,71750.0,            ,184301718,0000000.0000,0000000.0,14702.43,0.23376,194301718,0000000.0000,0000000.0,6893.07,0.252515,63484.1,0.267,2029-06-01
NK225E    ,OOP,202906,72000.0,            ,184302018,0000000.0000,0000000.0,14864.91,0.2336,194302018,0000000.0000,0000000.0,6816.13,0.252358,63484.1,0.267,2029-06-01
NK225E    ,OOP,202906,72250.0,            ,184302218,0000000.0000,0000000.0,15028.11,0.23342,194302218,0000000.0000,0000000.0,6739.91,0.252308,63484.1,0.267,2029-06-01
NK225E    ,OOP,202906,72500.0,            ,184302518,0000000.0000,0000000.0,15192.04,0.233221,194302518,0000000.0000,0000000.0,6664.43,0.252115,63484.1,0.267,2029-06-01
NK225E    ,OOP,202906,72750.0,            ,184302718,0000000.0000,0000000.0,15356.69,0.233129,194302718,0000000.0000,0000000.0,6589.66,0.25203,63484.1,0.267,2029-06-01
NK225E    ,OOP,202906,73000.0,            ,184303018,0000000.0000,0000000.0,15522.05,0.232892,194303018,0000000.0000,0000000.0,6515.61,0.251802,63484.1,0.267,2029-06-01
NK225E    ,OOP,202906,73250.0,            ,184303218,0000000.0000,0000000.0,15688.05,0.232762,194303218,0000000.0000,0000000.0,6442.19,0.251683,63484.1,0.267,2029-06-01
NK225E    ,OOP,202906,73500.0,            ,184303518,0000000.0000,0000000.0,15854.79,0.232614,194303518,0000000.0000,0000000.0,6369.52,0.251546,63484.1,0.267,2029-06-01
NK225E    ,OOP,202906,73750.0,            ,184303718,0000000.0000,0000000.0,16022.23,0.232446,194303718,0000000.0000,0000000.0,6297.54,0.251392,63484.1,0.267,2029-06-01
NK225E    ,OOP,202906,74000.0,            ,184304018,0000000.0000,0000000.0,16190.36,0.23226,194304018,0000000.0000,0000000.0,6226.27,0.25122,63484.1,0.267,2029-06-01
NK225E    ,OOP,202906,74250.0,            ,184304218,0000000.0000,0000000.0,16359.11,0.232056,194304218,0000000.0000,0000000.0,6155.6,0.251158,63484.1,0.267,2029-06-01
NK225E    ,OOP,202906,74500.0,            ,184304518,0000000.0000,0000000.0,16528.54,0.231832,194304518,0000000.0000,0000000.0,6085.62,0.250953,63484.1,0.267,2029-06-01
NK225E    ,OOP,202906,74750.0,            ,184304718,0000000.0000,0000000.0,16698.66,0.231718,194304718,0000000.0000,0000000.0,6016.32,0.250857,63484.1,0.267,2029-06-01
NK225E    ,OOP,202906,75000.0,            ,134425018,0000000.0000,0000000.0,16869.45,0.231585,144425018,0000000.0000,0000000.0,5947.69,0.250745,63484.1,0.267,2029-06-01
NK225E    ,OOP,202906,75250.0,            ,184305218,0000000.0000,0000000.0,17040.83,0.231306,194305218,0000000.0000,0000000.0,5879.66,0.250489,63484.1,0.267,2029-06-01
NK225E    ,OOP,202906,75500.0,            ,184305518,0000000.0000,0000000.0,17212.88,0.231137,194305518,0000000.0000,0000000.0,5812.3,0.250343,63484.1,0.267,2029-06-01
NK225E    ,OOP,202906,75750.0,            ,184305718,0000000.0000,0000000.0,17385.6,0.23095,194305718,0000000.0000,0000000.0,5745.6,0.250308,63484.1,0.267,2029-06-01
NK225E    ,OOP,202906,76000.0,            ,134426018,0000000.0000,0000000.0,17559.0,0.230874,144426018,0000000.0000,0000000.0,5679.59,0.25013,63484.1,0.267,2029-06-01
NK225E    ,OOP,202906,76250.0,            ,184306218,0000000.0000,0000000.0,17732.95,0.23065,194306218,0000000.0000,0000000.0,5614.12,0.249935,63484.1,0.267,2029-06-01
NK225E    ,OOP,202906,77500.0,            ,184307518,0000000.0000,0000000.0,18612.28,0.229653,194307518,0000000.0000,0000000.0,5296.38,0.249228,63484.1,0.267,2029-06-01
NK225E    ,OOP,202906,80000.0,            ,134420018,0000000.0000,0000000.0,20417.19,0.227794,144420018,0000000.0000,0000000.0,4707.15,0.247932,63484.1,0.267,2029-06-01
NK225E    ,OOP,202906,85000.0,            ,184425018,0000000.0000,0000000.0,24209.8,0.223824,194425018,0000000.0000,0000000.0,3711.46,0.245704,63484.1,0.267,2029-06-01
NK225E    ,OOP,202906,90000.0,            ,184420018,0000000.0000,0000000.0,28261.14,0.221803,194420018,0000000.0000,0000000.0,2974.51,0.245828,63484.1,0.267,2029-06-01
NK225E    ,OOP,202912,15000.0,            ,184125018,0000000.0000,0000000.0,80.92,0.355508,194125018,0000000.0000,0000000.0,46332.46,0.606232,63484.1,0.267,2029-12-01
NK225E    ,OOP,202912,16000.0,            ,184126018,0000000.0000,0000000.0,110.89,0.355871,194126018,0000000.0000,0000000.0,45412.59,0.582985,63484.1,0.267,2029-12-01
NK225E    ,OOP,202912,17000.0,            ,184127018,0000000.0000,0000000.0,147.96,0.355358,194127018,0000000.0000,0000000.0,44499.83,0.562517,63484.1,0.267,2029-12-01
NK225E    ,OOP,202912,18000.0,            ,184128018,0000000.0000,0000000.0,192.92,0.355462,194128018,0000000.0000,0000000.0,43594.95,0.544433,63484.1,0.267,2029-12-01
NK225E    ,OOP,202912,19000.0,            ,184129018,0000000.0000,0000000.0,246.52,0.355165,194129018,0000000.0000,0000000.0,42698.71,0.527869,63484.1,0.267,2029-12-01
NK225E    ,OOP,202912,20000.0,            ,184120018,0000000.0000,0000000.0,309.45,0.354939,194120018,0000000.0000,0000000.0,41811.81,0.513125,63484.1,0.267,2029-12-01
NK225E    ,OOP,202912,20750.0,            ,184120718,0000000.0000,0000000.0,363.18,0.355674,194120718,0000000.0000,0000000.0,41153.16,0.502722,63484.1,0.267,2029-12-01
NK225E    ,OOP,202912,21000.0,            ,184121018,0000000.0000,0000000.0,382.39,0.355014,194121018,0000000.0000,0000000.0,40934.91,0.499955,63484.1,0.267,2029-12-01
NK225E    ,OOP,202912,21250.0,            ,184121218,0000000.0000,0000000.0,402.25,0.355194,194121218,0000000.0000,0000000.0,40717.32,0.496736,63484.1,0.267,2029-12-01
NK225E    ,OOP,202912,21500.0,            ,184121518,0000000.0000,0000000.0,422.79,0.355245,194121518,0000000.0000,0000000.0,40500.4,0.493546,63484.1,0.267,2029-12-01
NK225E    ,OOP,202912,21750.0,            ,184121718,0000000.0000,0000000.0,444.01,0.355179,194121718,0000000.0000,0000000.0,40284.16,0.490837,63484.1,0.267,2029-12-01
NK225E    ,OOP,202912,22000.0,            ,184122018,0000000.0000,0000000.0,465.92,0.355008,194122018,0000000.0000,0000000.0,40068.61,0.487695,63484.1,0.267,2029-12-01
NK225E    ,OOP,202912,22250.0,            ,184122218,0000000.0000,0000000.0,488.53,0.35474,194122218,0000000.0000,0000000.0,39853.75,0.485021,63484.1,0.267,2029-12-01
NK225E    ,OOP,202912,22500.0,            ,184122518,0000000.0000,0000000.0,511.84,0.355147,194122518,0000000.0000,0000000.0,39639.61,0.482361,63484.1,0.267,2029-12-01
NK225E    ,OOP,202912,22750.0,            ,184122718,0000000.0000,0000000.0,535.87,0.354686,194122718,0000000.0000,0000000.0,39426.17,0.479715,63484.1,0.267,2029-12-01
NK225E    ,OOP,202912,23000.0,            ,184123018,0000000.0000,0000000.0,560.61,0.354868,194123018,0000000.0000,0000000.0,39213.46,0.477082,63484.1,0.267,2029-12-01
NK225E    ,OOP,202912,23250.0,            ,184123218,0000000.0000,0000000.0,586.09,0.35494,194123218,0000000.0000,0000000.0,39001.48,0.47488,63484.1,0.267,2029-12-01
NK225E    ,OOP,202912,23500.0,            ,134123518,0000000.0000,0000000.0,612.3,0.35491,144123518,0000000.0000,0000000.0,38790.23,0.472268,63484.1,0.267,2029-12-01
NK225E    ,OOP,202912,23750.0,            ,134123718,0000000.0000,0000000.0,639.25,0.354786,144123718,0000000.0000,0000000.0,38579.72,0.470075,63484.1,0.267,2029-12-01
NK225E    ,OOP,202912,24000.0,            ,134124018,0000000.0000,0000000.0,666.95,0.354577,144124018,0000000.0000,0000000.0,38369.97,0.467884,63484.1,0.267,2029-12-01
NK225E    ,OOP,202912,24250.0,            ,134124218,0000000.0000,0000000.0,695.41,0.354901,144124218,0000000.0000,0000000.0,38160.97,0.465695,63484.1,0.267,2029-12-01
NK225E    ,OOP,202912,24500.0,            ,134124518,0000000.0000,0000000.0,724.64,0.354522,144124518,0000000.0000,0000000.0,37952.73,0.463508,63484.1,0.267,2029-12-01
NK225E    ,OOP,202912,24750.0,            ,134124718,0000000.0000,0000000.0,754.63,0.354655,144124718,0000000.0000,0000000.0,37745.26,0.461324,63484.1,0.267,2029-12-01
NK225E    ,OOP,202912,25000.0,            ,134125018,0000000.0000,0000000.0,785.39,0.354695,144125018,0000000.0000,0000000.0,37538.57,0.459142,63484.1,0.267,2029-12-01
NK225E    ,OOP,202912,25250.0,            ,134125218,0000000.0000,0000000.0,816.94,0.354648,144125218,0000000.0000,0000000.0,37332.66,0.457337,63484.1,0.267,2029-12-01
NK225E    ,OOP,202912,25500.0,            ,134125518,0000000.0000,0000000.0,849.28,0.354521,144125518,0000000.0000,0000000.0,37127.53,0.455157,63484.1,0.267,2029-12-01
NK225E    ,OOP,202912,25750.0,            ,134125718,0000000.0000,0000000.0,882.4,0.354319,144125718,0000000.0000,0000000.0,36923.2,0.453343,63484.1,0.267,2029-12-01
NK225E    ,OOP,202912,26000.0,            ,134126018,0000000.0000,0000000.0,916.32,0.354554,144126018,0000000.0000,0000000.0,36719.66,0.451522,63484.1,0.267,2029-12-01
NK225E    ,OOP,202912,26250.0,            ,134126218,0000000.0000,0000000.0,951.05,0.354205,144126218,0000000.0000,0000000.0,36516.93,0.449696,63484.1,0.267,2029-12-01
NK225E    ,OOP,202912,26500.0,            ,134126518,0000000.0000,0000000.0,986.58,0.354278,144126518,0000000.0000,0000000.0,36315.0,0.448214,63484.1,0.267,2029-12-01
NK225E    ,OOP,202912,26750.0,            ,134126718,0000000.0000,0000000.0,1022.92,0.354272,144126718,0000000.0000,0000000.0,36113.89,0.446373,63484.1,0.267,2029-12-01
NK225E    ,OOP,202912,27000.0,            ,134127018,0000000.0000,0000000.0,1060.08,0.354193,144127018,0000000.0000,0000000.0,35913.59,0.444867,63484.1,0.267,2029-12-01
NK225E    ,OOP,202912,27250.0,            ,134127218,0000000.0000,0000000.0,1080.12,0.352696,144127218,0000000.0000,0000000.0,35696.17,0.442008,63484.1,0.267,2029-12-01
NK225E    ,OOP,202912,27500.0,            ,134127518,0000000.0000,0000000.0,1100.28,0.351186,144127518,0000000.0000,0000000.0,35478.87,0.439168,63484.1,0.267,2029-12-01
NK225E    ,OOP,202912,27750.0,            ,134127718,0000000.0000,0000000.0,1120.55,0.349665,144127718,0000000.0000,0000000.0,35261.68,0.436676,63484.1,0.267,2029-12-01
NK225E    ,OOP,202912,28000.0,            ,134128018,0000000.0000,0000000.0,1140.95,0.347703,144128018,0000000.0000,0000000.0,35044.62,0.43387,63484.1,0.267,2029-12-01
NK225E    ,OOP,202912,28250.0,            ,134128218,0000000.0000,0000000.0,1161.89,0.346167,144128218,0000000.0000,0000000.0,34828.11,0.431083,63484.1,0.267,2029-12-01
NK225E    ,OOP,202912,28500.0,            ,134128518,0000000.0000,0000000.0,1182.96,0.344621,144128518,0000000.0000,0000000.0,34611.71,0.428632,63484.1,0.267,2029-12-01
NK225E    ,OOP,202912,28750.0,            ,134128718,0000000.0000,0000000.0,1204.15,0.343066,144128718,0000000.0000,0000000.0,34395.45,0.425878,63484.1,0.267,2029-12-01
NK225E    ,OOP,202912,29000.0,            ,134129018,0000000.0000,0000000.0,1225.46,0.341502,144129018,0000000.0000,0000000.0,34179.3,0.423452,63484.1,0.267,2029-12-01
NK225E    ,OOP,202912,29250.0,            ,134129218,0000000.0000,0000000.0,1247.41,0.340327,144129218,0000000.0000,0000000.0,33963.78,0.421037,63484.1,0.267,2029-12-01
NK225E    ,OOP,202912,29500.0,            ,134129518,0000000.0000,0000000.0,1269.5,0.338741,144129518,0000000.0000,0000000.0,33748.42,0.418327,63484.1,0.267,2029-12-01
NK225E    ,OOP,202912,29750.0,            ,134129718,0000000.0000,0000000.0,1291.71,0.337147,144129718,0000000.0000,0000000.0,33533.17,0.415935,63484.1,0.267,2029-12-01
NK225E    ,OOP,202912,30000.0,            ,134120018,0000000.0000,0000000.0,1314.07,0.335546,144120018,0000000.0000,0000000.0,33318.06,0.413554,63484.1,0.267,2029-12-01
NK225E    ,OOP,202912,30250.0,            ,134120218,0000000.0000,0000000.0,1337.13,0.333939,144120218,0000000.0000,0000000.0,33103.66,0.410886,63484.1,0.267,2029-12-01
NK225E    ,OOP,202912,30500.0,            ,134120518,0000000.0000,0000000.0,1360.35,0.332695,144120518,0000000.0000,0000000.0,32889.42,0.408527,63484.1,0.267,2029-12-01
NK225E    ,OOP,202912,30750.0,            ,134120718,0000000.0000,0000000.0,1383.71,0.331071,144120718,0000000.0000,0000000.0,32675.33,0.406177,63484.1,0.267,2029-12-01
NK225E    ,OOP,202912,31000.0,            ,134121018,0000000.0000,0000000.0,1407.22,0.329801,144121018,0000000.0000,0000000.0,32461.38,0.403837,63484.1,0.267,2029-12-01
NK225E    ,OOP,202912,31250.0,            ,134121218,0000000.0000,0000000.0,1431.52,0.328162,144121218,0000000.0000,0000000.0,32248.23,0.401505,63484.1,0.267,2029-12-01
NK225E    ,OOP,202912,31500.0,            ,134121518,0000000.0000,0000000.0,1455.99,0.326866,144121518,0000000.0000,0000000.0,32035.23,0.399183,63484.1,0.267,2029-12-01
NK225E    ,OOP,202912,31750.0,            ,134121718,0000000.0000,0000000.0,1480.61,0.325214,144121718,0000000.0000,0000000.0,31822.4,0.396869,63484.1,0.267,2029-12-01
NK225E    ,OOP,202912,32000.0,            ,134122018,0000000.0000,0000000.0,1505.41,0.323896,144122018,0000000.0000,0000000.0,31609.74,0.394839,63484.1,0.267,2029-12-01
NK225E    ,OOP,202912,32250.0,            ,134122218,0000000.0000,0000000.0,1531.09,0.322566,144122218,0000000.0000,0000000.0,31397.96,0.392539,63484.1,0.267,2029-12-01
NK225E    ,OOP,202912,32500.0,            ,134122518,0000000.0000,0000000.0,1556.95,0.321223,144122518,0000000.0000,0000000.0,31186.36,0.390248,63484.1,0.267,2029-12-01
NK225E    ,OOP,202912,32750.0,            ,134122718,0000000.0000,0000000.0,1582.99,0.319868,144122718,0000000.0000,0000000.0,30974.94,0.388233,63484.1,0.267,2029-12-01
NK225E    ,OOP,202912,33000.0,            ,134123018,0000000.0000,0000000.0,1609.22,0.318502,144123018,0000000.0000,0000000.0,30763.71,0.385955,63484.1,0.267,2029-12-01
NK225E    ,OOP,202912,33250.0,            ,134123218,0000000.0000,0000000.0,1636.42,0.317125,144123218,0000000.0000,0000000.0,30553.45,0.383948,63484.1,0.267,2029-12-01
NK225E    ,OOP,202912,33500.0,            ,184123518,0000000.0000,0000000.0,1663.82,0.315738,194123518,0000000.0000,0000000.0,30343.39,0.381944,63484.1,0.267,2029-12-01
NK225E    ,OOP,202912,33750.0,            ,184123718,0000000.0000,0000000.0,1691.42,0.31434,194123718,0000000.0000,0000000.0,30133.53,0.379684,63484.1,0.267,2029-12-01
NK225E    ,OOP,202912,34000.0,            ,184124018,0000000.0000,0000000.0,1719.22,0.312933,194124018,0000000.0000,0000000.0,29923.88,0.377688,63484.1,0.267,2029-12-01
NK225E    ,OOP,202912,34250.0,            ,184124218,0000000.0000,0000000.0,1748.09,0.311817,194124218,0000000.0000,0000000.0,29715.28,0.375694,63484.1,0.267,2029-12-01
NK225E    ,OOP,202912,34500.0,            ,184124518,0000000.0000,0000000.0,1777.18,0.310388,194124518,0000000.0000,0000000.0,29506.91,0.373703,63484.1,0.267,2029-12-01
NK225E    ,OOP,202912,34750.0,            ,184124718,0000000.0000,0000000.0,1806.49,0.309243,194124718,0000000.0000,0000000.0,29298.77,0.371714,63484.1,0.267,2029-12-01
NK225E    ,OOP,202912,35000.0,            ,134245018,0000000.0000,0000000.0,1836.02,0.307794,144245018,0000000.0000,0000000.0,29090.84,0.369728,63484.1,0.267,2029-12-01
NK225E    ,OOP,202912,35250.0,            ,184125218,0000000.0000,0000000.0,1866.71,0.306622,194125218,0000000.0000,0000000.0,28884.07,0.367744,63484.1,0.267,2029-12-01
NK225E    ,OOP,202912,35500.0,            ,184125518,0000000.0000,0000000.0,1897.65,0.305436,194125518,0000000.0000,0000000.0,28677.55,0.366003,63484.1,0.267,2029-12-01
NK225E    ,OOP,202912,35750.0,            ,184125718,0000000.0000,0000000.0,1928.83,0.304235,194125718,0000000.0000,0000000.0,28471.27,0.364022,63484.1,0.267,2029-12-01
NK225E    ,OOP,202912,36000.0,            ,134246018,0000000.0000,0000000.0,1960.28,0.303021,144246018,0000000.0000,0000000.0,28265.27,0.362044,63484.1,0.267,2029-12-01
NK225E    ,OOP,202912,36250.0,            ,184126218,0000000.0000,0000000.0,1992.96,0.301794,194126218,0000000.0000,0000000.0,28060.49,0.360302,63484.1,0.267,2029-12-01
NK225E    ,OOP,202912,36500.0,            ,184126518,0000000.0000,0000000.0,2025.92,0.300554,194126518,0000000.0000,0000000.0,27855.98,0.358558,63484.1,0.267,2029-12-01
NK225E    ,OOP,202912,36750.0,            ,184126718,0000000.0000,0000000.0,2059.15,0.299302,194126718,0000000.0000,0000000.0,27651.75,0.356812,63484.1,0.267,2029-12-01
NK225E    ,OOP,202912,37000.0,            ,134247018,0000000.0000,0000000.0,2092.67,0.298299,144247018,0000000.0000,0000000.0,27447.82,0.354837,63484.1,0.267,2029-12-01
NK225E    ,OOP,202912,37250.0,            ,184127218,0000000.0000,0000000.0,2127.52,0.29702,194127218,0000000.0000,0000000.0,27245.21,0.353089,63484.1,0.267,2029-12-01
NK225E    ,OOP,202912,37500.0,            ,184127518,0000000.0000,0000000.0,2162.68,0.295985,194127518,0000000.0000,0000000.0,27042.9,0.351564,63484.1,0.267,2029-12-01
NK225E    ,OOP,202912,37750.0,            ,184127718,0000000.0000,0000000.0,2198.14,0.294682,194127718,0000000.0000,0000000.0,26840.9,0.349811,63484.1,0.267,2029-12-01
NK225E    ,OOP,202912,38000.0,            ,134248018,0000000.0000,0000000.0,2233.9,0.293617,144248018,0000000.0000,0000000.0,26639.21,0.348057,63484.1,0.267,2029-12-01
NK225E    ,OOP,202912,38250.0,            ,184128218,0000000.0000,0000000.0,2271.07,0.292537,194128218,0000000.0000,0000000.0,26438.92,0.346518,63484.1,0.267,2029-12-01
NK225E    ,OOP,202912,38500.0,            ,184128518,0000000.0000,0000000.0,2308.6,0.291441,194128518,0000000.0000,0000000.0,26238.99,0.344759,63484.1,0.267,2029-12-01
NK225E    ,OOP,202912,38750.0,            ,184128718,0000000.0000,0000000.0,2346.46,0.29033,194128718,0000000.0000,0000000.0,26039.4,0.343211,63484.1,0.267,2029-12-01
NK225E    ,OOP,202912,39000.0,            ,134249018,0000000.0000,0000000.0,2384.67,0.289441,144249018,0000000.0000,0000000.0,25840.14,0.341659,63484.1,0.267,2029-12-01
NK225E    ,OOP,202912,39250.0,            ,184129218,0000000.0000,0000000.0,2424.36,0.2883,194129218,0000000.0000,0000000.0,25642.37,0.340101,63484.1,0.267,2029-12-01
NK225E    ,OOP,202912,39500.0,            ,184129518,0000000.0000,0000000.0,2464.44,0.287375,194129518,0000000.0000,0000000.0,25445.0,0.338539,63484.1,0.267,2029-12-01
NK225E    ,OOP,202912,39750.0,            ,184129718,0000000.0000,0000000.0,2504.89,0.286205,194129718,0000000.0000,0000000.0,25247.99,0.336971,63484.1,0.267,2029-12-01
NK225E    ,OOP,202912,40000.0,            ,134240018,0000000.0000,0000000.0,2545.71,0.285247,144240018,0000000.0000,0000000.0,25051.35,0.335399,63484.1,0.267,2029-12-01
NK225E    ,OOP,202912,40250.0,            ,184120218,0000000.0000,0000000.0,2588.11,0.284272,194120218,0000000.0000,0000000.0,24856.29,0.333822,63484.1,0.267,2029-12-01
NK225E    ,OOP,202912,40500.0,            ,184120518,0000000.0000,0000000.0,2630.91,0.283281,194120518,0000000.0000,0000000.0,24661.63,0.332441,63484.1,0.267,2029-12-01
NK225E    ,OOP,202912,40750.0,            ,134240718,0000000.0000,0000000.0,2674.12,0.282273,144240718,0000000.0000,0000000.0,24467.38,0.331053,63484.1,0.267,2029-12-01
NK225E    ,OOP,202912,41000.0,            ,134241018,0000000.0000,0000000.0,2717.75,0.281464,144241018,0000000.0000,0000000.0,24273.55,0.329459,63484.1,0.267,2029-12-01
NK225E    ,OOP,202912,41250.0,            ,134241218,0000000.0000,0000000.0,2763.03,0.280423,144241218,0000000.0000,0000000.0,24081.37,0.328252,63484.1,0.267,2029-12-01
NK225E    ,OOP,202912,41500.0,            ,134241518,0000000.0000,0000000.0,2808.76,0.279577,144241518,0000000.0000,0000000.0,23889.64,0.32684,63484.1,0.267,2029-12-01
NK225E    ,OOP,202912,41750.0,            ,134241718,0000000.0000,0000000.0,2854.91,0.278712,144241718,0000000.0000,0000000.0,23698.34,0.325421,63484.1,0.267,2029-12-01
NK225E    ,OOP,202912,42000.0,            ,134242018,0000000.0000,0000000.0,2901.53,0.277622,144242018,0000000.0000,0000000.0,23507.49,0.323995,63484.1,0.267,2029-12-01
NK225E    ,OOP,202912,42250.0,            ,134242218,0000000.0000,0000000.0,2949.87,0.276723,144242218,0000000.0000,0000000.0,23318.38,0.322751,63484.1,0.267,2029-12-01
NK225E    ,OOP,202912,42500.0,            ,184242518,0000000.0000,0000000.0,2998.69,0.276008,194242518,0000000.0000,0000000.0,23129.74,0.321497,63484.1,0.267,2029-12-01
NK225E    ,OOP,202912,42750.0,            ,134242718,0000000.0000,0000000.0,3047.99,0.275072,144242718,0000000.0000,0000000.0,22941.57,0.320232,63484.1,0.267,2029-12-01
NK225E    ,OOP,202912,43000.0,            ,134243018,0000000.0000,0000000.0,3097.76,0.274119,144243018,0000000.0000,0000000.0,22753.88,0.318774,63484.1,0.267,2029-12-01
NK225E    ,OOP,202912,43250.0,            ,134243218,0000000.0000,0000000.0,3149.32,0.273345,144243218,0000000.0000,0000000.0,22567.99,0.317675,63484.1,0.267,2029-12-01
NK225E    ,OOP,202912,43500.0,            ,134243518,0000000.0000,0000000.0,3201.4,0.272552,144243518,0000000.0000,0000000.0,22382.61,0.316383,63484.1,0.267,2029-12-01
NK225E    ,OOP,202912,43750.0,            ,134243718,0000000.0000,0000000.0,3253.98,0.271739,144243718,0000000.0000,0000000.0,22197.73,0.31526,63484.1,0.267,2029-12-01
NK225E    ,OOP,202912,44000.0,            ,134244018,0000000.0000,0000000.0,3307.1,0.270907,144244018,0000000.0000,0000000.0,22013.39,0.313948,63484.1,0.267,2029-12-01
NK225E    ,OOP,202912,44250.0,            ,134244218,0000000.0000,0000000.0,3362.06,0.270245,144244218,0000000.0000,0000000.0,21830.89,0.312804,63484.1,0.267,2029-12-01
NK225E    ,OOP,202912,44500.0,            ,134244518,0000000.0000,0000000.0,3417.58,0.269375,144244518,0000000.0000,0000000.0,21648.96,0.311648,63484.1,0.267,2029-12-01
NK225E    ,OOP,202912,44750.0,            ,134244718,0000000.0000,0000000.0,3473.65,0.268672,144244718,0000000.0000,0000000.0,21467.57,0.310481,63484.1,0.267,2029-12-01
NK225E    ,OOP,202912,45000.0,            ,184245018,0000000.0000,0000000.0,3530.27,0.267766,194245018,0000000.0000,0000000.0,21286.72,0.309476,63484.1,0.267,2029-12-01
NK225E    ,OOP,202912,45250.0,            ,134245218,0000000.0000,0000000.0,3588.81,0.267204,144245218,0000000.0000,0000000.0,21107.8,0.308286,63484.1,0.267,2029-12-01
NK225E    ,OOP,202912,45500.0,            ,134245518,0000000.0000,0000000.0,3647.92,0.26644,144245518,0000000.0000,0000000.0,20929.46,0.307255,63484.1,0.267,2029-12-01
NK225E    ,OOP,202912,45750.0,            ,134245718,0000000.0000,0000000.0,3707.62,0.265657,144245718,0000000.0000,0000000.0,20751.7,0.306211,63484.1,0.267,2029-12-01
NK225E    ,OOP,202912,46000.0,            ,184246018,0000000.0000,0000000.0,3767.9,0.265031,194246018,0000000.0000,0000000.0,20574.52,0.305154,63484.1,0.267,2029-12-01
NK225E    ,OOP,202912,46250.0,            ,134246218,0000000.0000,0000000.0,3830.13,0.264209,144246218,0000000.0000,0000000.0,20399.29,0.304085,63484.1,0.267,2029-12-01
NK225E    ,OOP,202912,46500.0,            ,134246518,0000000.0000,0000000.0,3892.97,0.263542,144246518,0000000.0000,0000000.0,20224.67,0.303003,63484.1,0.267,2029-12-01
NK225E    ,OOP,202912,46750.0,            ,134246718,0000000.0000,0000000.0,3956.42,0.262854,144246718,0000000.0000,0000000.0,20050.67,0.302073,63484.1,0.267,2029-12-01
NK225E    ,OOP,202912,47000.0,            ,184247018,0000000.0000,0000000.0,4020.52,0.262315,194247018,0000000.0000,0000000.0,19877.31,0.301128,63484.1,0.267,2029-12-01
NK225E    ,OOP,202912,47250.0,            ,134247218,0000000.0000,0000000.0,4086.6,0.261586,144247218,0000000.0000,0000000.0,19705.92,0.300169,63484.1,0.267,2029-12-01
NK225E    ,OOP,202912,47500.0,            ,134247518,0000000.0000,0000000.0,4153.34,0.261004,144247518,0000000.0000,0000000.0,19535.21,0.299197,63484.1,0.267,2029-12-01
NK225E    ,OOP,202912,47750.0,            ,134247718,0000000.0000,0000000.0,4220.7,0.2604,144247718,0000000.0000,0000000.0,19365.11,0.29821,63484.1,0.267,2029-12-01
NK225E    ,OOP,202912,48000.0,            ,184248018,0000000.0000,0000000.0,4288.75,0.259775,194248018,0000000.0000,0000000.0,19195.69,0.297368,63484.1,0.267,2029-12-01
NK225E    ,OOP,202912,48250.0,            ,134248218,0000000.0000,0000000.0,4358.78,0.259129,144248218,0000000.0000,0000000.0,19028.27,0.296511,63484.1,0.267,2029-12-01
NK225E    ,OOP,202912,48500.0,            ,134248518,0000000.0000,0000000.0,4429.51,0.258623,144248518,0000000.0000,0000000.0,18861.54,0.295638,63484.1,0.267,2029-12-01
NK225E    ,OOP,202912,48750.0,            ,134248718,0000000.0000,0000000.0,4500.93,0.257935,144248718,0000000.0000,0000000.0,18695.5,0.29475,63484.1,0.267,2029-12-01
NK225E    ,OOP,202912,49000.0,            ,184249018,0000000.0000,0000000.0,4573.02,0.257386,194249018,0000000.0000,0000000.0,18530.13,0.293848,63484.1,0.267,2029-12-01
NK225E    ,OOP,202912,49250.0,            ,134249218,0000000.0000,0000000.0,4647.14,0.256816,144249218,0000000.0000,0000000.0,18366.79,0.293084,63484.1,0.267,2029-12-01
NK225E    ,OOP,202912,49500.0,            ,134249518,0000000.0000,0000000.0,4721.97,0.256224,144249518,0000000.0000,0000000.0,18204.16,0.292303,63484.1,0.267,2029-12-01
NK225E    ,OOP,202912,49750.0,            ,134249718,0000000.0000,0000000.0,4797.5,0.255765,144249718,0000000.0000,0000000.0,18042.23,0.291356,63484.1,0.267,2029-12-01
NK225E    ,OOP,202912,50000.0,            ,184240018,0000000.0000,0000000.0,4873.73,0.255131,194240018,0000000.0000,0000000.0,17881.01,0.290694,63484.1,0.267,2029-12-01
NK225E    ,OOP,202912,50250.0,            ,134240218,0000000.0000,0000000.0,4952.0,0.254629,144240218,0000000.0000,0000000.0,17721.82,0.289867,63484.1,0.267,2029-12-01
NK225E    ,OOP,202912,50500.0,            ,134240518,0000000.0000,0000000.0,5031.04,0.254105,144240518,0000000.0000,0000000.0,17563.4,0.289171,63484.1,0.267,2029-12-01
NK225E    ,OOP,202912,50750.0,            ,184240718,0000000.0000,0000000.0,5110.77,0.253709,194240718,0000000.0000,0000000.0,17405.67,0.288312,63484.1,0.267,2029-12-01
NK225E    ,OOP,202912,51000.0,            ,184241018,0000000.0000,0000000.0,5191.26,0.253141,194241018,0000000.0000,0000000.0,17248.7,0.287584,63484.1,0.267,2029-12-01
NK225E    ,OOP,202912,51250.0,            ,184241218,0000000.0000,0000000.0,5273.79,0.2527,194241218,0000000.0000,0000000.0,17093.77,0.286984,63484.1,0.267,2029-12-01
NK225E    ,OOP,202912,51500.0,            ,184241518,0000000.0000,0000000.0,5357.06,0.252237,194241518,0000000.0000,0000000.0,16939.59,0.286223,63484.1,0.267,2029-12-01
NK225E    ,OOP,202912,51750.0,            ,184241718,0000000.0000,0000000.0,5441.09,0.251752,194241718,0000000.0000,0000000.0,16786.16,0.285589,63484.1,0.267,2029-12-01
NK225E    ,OOP,202912,52000.0,            ,184242018,0000000.0000,0000000.0,5525.88,0.251246,194242018,0000000.0000,0000000.0,16633.48,0.284795,63484.1,0.267,2029-12-01
NK225E    ,OOP,202912,52250.0,            ,184242218,0000000.0000,0000000.0,5612.68,0.250861,194242218,0000000.0000,0000000.0,16482.83,0.284127,63484.1,0.267,2029-12-01
NK225E    ,OOP,202912,52500.0,            ,134362518,0000000.0000,0000000.0,5700.25,0.250312,144362518,0000000.0000,0000000.0,16332.94,0.283583,63484.1,0.267,2029-12-01
NK225E    ,OOP,202912,52750.0,            ,184242718,0000000.0000,0000000.0,5788.6,0.249884,194242718,0000000.0000,0000000.0,16183.83,0.282881,63484.1,0.267,2029-12-01
NK225E    ,OOP,202912,53000.0,            ,184243018,0000000.0000,0000000.0,5877.72,0.249434,194243018,0000000.0000,0000000.0,16035.49,0.282301,63484.1,0.267,2029-12-01
NK225E    ,OOP,202912,53250.0,            ,184243218,0000000.0000,0000000.0,5968.84,0.249102,194243218,0000000.0000,0000000.0,15889.15,0.281704,63484.1,0.267,2029-12-01
NK225E    ,OOP,202912,53500.0,            ,184243518,0000000.0000,0000000.0,6060.74,0.248609,194243518,0000000.0000,0000000.0,15743.59,0.28109,63484.1,0.267,2029-12-01
NK225E    ,OOP,202912,53750.0,            ,184243718,0000000.0000,0000000.0,6153.44,0.248233,194243718,0000000.0000,0000000.0,15598.83,0.280458,63484.1,0.267,2029-12-01
NK225E    ,OOP,202912,54000.0,            ,184244018,0000000.0000,0000000.0,6246.88,0.247835,194244018,0000000.0000,0000000.0,15454.82,0.279946,63484.1,0.267,2029-12-01
NK225E    ,OOP,202912,54250.0,            ,184244218,0000000.0000,0000000.0,6342.34,0.247551,194244218,0000000.0000,0000000.0,15312.81,0.27928,63484.1,0.267,2029-12-01
NK225E    ,OOP,202912,54500.0,            ,184244518,0000000.0000,0000000.0,6438.55,0.247109,194244518,0000000.0000,0000000.0,15171.57,0.278733,63484.1,0.267,2029-12-01
NK225E    ,OOP,202912,54750.0,            ,184244718,0000000.0000,0000000.0,6535.61,0.246781,194244718,0000000.0000,0000000.0,15031.17,0.278301,63484.1,0.267,2029-12-01
NK225E    ,OOP,202912,55000.0,            ,134365018,0000000.0000,0000000.0,6633.47,0.246297,144365018,0000000.0000,0000000.0,14891.57,0.277718,63484.1,0.267,2029-12-01
NK225E    ,OOP,202912,55250.0,            ,184245218,0000000.0000,0000000.0,6733.19,0.246059,194245218,0000000.0000,0000000.0,14753.83,0.277118,63484.1,0.267,2029-12-01
NK225E    ,OOP,202912,55500.0,            ,184245518,0000000.0000,0000000.0,6833.79,0.245665,194245518,0000000.0000,0000000.0,14616.97,0.276632,63484.1,0.267,2029-12-01
NK225E    ,OOP,202912,55750.0,            ,184245718,0000000.0000,0000000.0,6935.17,0.245251,194245718,0000000.0000,0000000.0,14480.89,0.276129,63484.1,0.267,2029-12-01
NK225E    ,OOP,202912,56000.0,            ,134366018,0000000.0000,0000000.0,7037.36,0.244946,144366018,0000000.0000,0000000.0,14345.63,0.275739,63484.1,0.267,2029-12-01
NK225E    ,OOP,202912,56250.0,            ,184246218,0000000.0000,0000000.0,7141.37,0.24462,194246218,0000000.0000,0000000.0,14212.17,0.2752,63484.1,0.267,2029-12-01
NK225E    ,OOP,202912,56500.0,            ,184246518,0000000.0000,0000000.0,7246.26,0.244273,194246518,0000000.0000,0000000.0,14079.61,0.274774,63484.1,0.267,2029-12-01
NK225E    ,OOP,202912,56750.0,            ,184246718,0000000.0000,0000000.0,7351.94,0.244033,194246718,0000000.0000,0000000.0,13947.83,0.274329,63484.1,0.267,2029-12-01
NK225E    ,OOP,202912,57000.0,            ,134367018,0000000.0000,0000000.0,7458.44,0.243643,144367018,0000000.0000,0000000.0,13816.87,0.273867,63484.1,0.267,2029-12-01
NK225E    ,OOP,202912,57250.0,            ,184247218,0000000.0000,0000000.0,7566.74,0.24336,194247218,0000000.0000,0000000.0,13687.7,0.273387,63484.1,0.267,2029-12-01
NK225E    ,OOP,202912,57500.0,            ,184247518,0000000.0000,0000000.0,7675.81,0.243056,194247518,0000000.0000,0000000.0,13559.32,0.272889,63484.1,0.267,2029-12-01
NK225E    ,OOP,202912,57750.0,            ,184247718,0000000.0000,0000000.0,7785.75,0.242731,194247718,0000000.0000,0000000.0,13431.8,0.272502,63484.1,0.267,2029-12-01
NK225E    ,OOP,202912,58000.0,            ,134368018,0000000.0000,0000000.0,7896.56,0.242511,144368018,0000000.0000,0000000.0,13305.14,0.272096,63484.1,0.267,2029-12-01
NK225E    ,OOP,202912,58250.0,            ,184248218,0000000.0000,0000000.0,8009.01,0.242144,194248218,0000000.0000,0000000.0,13180.14,0.271672,63484.1,0.267,2029-12-01
NK225E    ,OOP,202912,58500.0,            ,184248518,0000000.0000,0000000.0,8122.3,0.241882,194248518,0000000.0000,0000000.0,13055.97,0.271356,63484.1,0.267,2029-12-01
NK225E    ,OOP,202912,58750.0,            ,184248718,0000000.0000,0000000.0,8236.36,0.241598,194248718,0000000.0000,0000000.0,12932.57,0.270897,63484.1,0.267,2029-12-01
NK225E    ,OOP,202912,59000.0,            ,134369018,0000000.0000,0000000.0,8351.33,0.241294,144369018,0000000.0000,0000000.0,12810.08,0.270545,63484.1,0.267,2029-12-01
NK225E    ,OOP,202912,59250.0,            ,184249218,0000000.0000,0000000.0,8467.92,0.241094,194249218,0000000.0000,0000000.0,12689.22,0.270175,63484.1,0.267,2029-12-01
NK225E    ,OOP,202912,59500.0,            ,184249518,0000000.0000,0000000.0,8585.3,0.240748,194249518,0000000.0000,0000000.0,12569.14,0.269788,63484.1,0.267,2029-12-01
NK225E    ,OOP,202912,59750.0,            ,184249718,0000000.0000,0000000.0,8703.5,0.240506,194249718,0000000.0000,0000000.0,12449.88,0.269383,63484.1,0.267,2029-12-01
NK225E    ,OOP,202912,60000.0,            ,134360018,0000000.0000,0000000.0,8822.56,0.240243,144360018,0000000.0000,0000000.0,12331.48,0.269083,63484.1,0.267,2029-12-01
NK225E    ,OOP,202912,60250.0,            ,184240218,0000000.0000,0000000.0,8943.14,0.240081,194240218,0000000.0000,0000000.0,12214.59,0.268766,63484.1,0.267,2029-12-01
NK225E    ,OOP,202912,60500.0,            ,184240518,0000000.0000,0000000.0,9064.53,0.239778,194240518,0000000.0000,0000000.0,12098.53,0.268431,63484.1,0.267,2029-12-01
NK225E    ,OOP,202912,60750.0,            ,134360718,0000000.0000,0000000.0,9186.74,0.239575,144360718,0000000.0000,0000000.0,11983.28,0.268078,63484.1,0.267,2029-12-01
NK225E    ,OOP,202912,61000.0,            ,134361018,0000000.0000,0000000.0,9309.76,0.239352,144361018,0000000.0000,0000000.0,11868.84,0.267709,63484.1,0.267,2029-12-01
NK225E    ,OOP,202912,61250.0,            ,134361218,0000000.0000,0000000.0,9434.22,0.239109,144361218,0000000.0000,0000000.0,11755.84,0.267443,63484.1,0.267,2029-12-01
NK225E    ,OOP,202912,61500.0,            ,134361518,0000000.0000,0000000.0,9559.53,0.238845,144361518,0000000.0000,0000000.0,11643.69,0.267038,63484.1,0.267,2029-12-01
NK225E    ,OOP,202912,61750.0,            ,134361718,0000000.0000,0000000.0,9685.65,0.238562,144361718,0000000.0000,0000000.0,11532.36,0.266738,63484.1,0.267,2029-12-01
NK225E    ,OOP,202912,62000.0,            ,134362018,0000000.0000,0000000.0,9812.58,0.238379,144362018,0000000.0000,0000000.0,11421.83,0.266419,63484.1,0.267,2029-12-01
NK225E    ,OOP,202912,62250.0,            ,134362218,0000000.0000,0000000.0,9940.86,0.238176,144362218,0000000.0000,0000000.0,11312.65,0.266204,63484.1,0.267,2029-12-01
NK225E    ,OOP,202912,62500.0,            ,134242518,0000000.0000,0000000.0,10069.94,0.237954,144242518,0000000.0000,0000000.0,11204.27,0.265852,63484.1,0.267,2029-12-01
NK225E    ,OOP,202912,62750.0,            ,134362718,0000000.0000,0000000.0,10199.82,0.237711,144362718,0000000.0000,0000000.0,11096.69,0.265602,63484.1,0.267,2029-12-01
NK225E    ,OOP,202912,63000.0,            ,134363018,0000000.0000,0000000.0,10330.51,0.237449,144363018,0000000.0000,0000000.0,10989.91,0.265334,63484.1,0.267,2029-12-01
NK225E    ,OOP,202912,63250.0,            ,134363218,0000000.0000,0000000.0,10462.45,0.237286,144363218,0000000.0000,0000000.0,10884.39,0.26505,63484.1,0.267,2029-12-01
NK225E    ,OOP,202912,63500.0,            ,134363518,0000000.0000,0000000.0,10595.18,0.237104,144363518,0000000.0000,0000000.0,10779.67,0.264749,63484.1,0.267,2029-12-01
NK225E    ,OOP,202912,63750.0,            ,134363718,0000000.0000,0000000.0,10728.7,0.236785,144363718,0000000.0000,0000000.0,10675.74,0.264549,63484.1,0.267,2029-12-01
NK225E    ,OOP,202912,64000.0,            ,134364018,0000000.0000,0000000.0,10863.06,0.236564,144364018,0000000.0000,0000000.0,10572.63,0.264214,63484.1,0.267,2029-12-01
NK225E    ,OOP,202912,64250.0,            ,134364218,0000000.0000,0000000.0,10998.54,0.236441,144364218,0000000.0000,0000000.0,10470.65,0.26398,63484.1,0.267,2029-12-01
NK225E    ,OOP,202912,64500.0,            ,134364518,0000000.0000,0000000.0,11134.84,0.236183,144364518,0000000.0000,0000000.0,10369.49,0.26373,63484.1,0.267,2029-12-01
NK225E    ,OOP,202912,64750.0,            ,134364718,0000000.0000,0000000.0,11271.92,0.236022,144364718,0000000.0000,0000000.0,10269.12,0.263463,63484.1,0.267,2029-12-01
NK225E    ,OOP,202912,65000.0,            ,184365018,0000000.0000,0000000.0,11409.78,0.235842,194365018,0000000.0000,0000000.0,10169.51,0.26318,63484.1,0.267,2029-12-01
NK225E    ,OOP,202912,65250.0,            ,134365218,0000000.0000,0000000.0,11548.71,0.235644,144365218,0000000.0000,0000000.0,10070.98,0.262997,63484.1,0.267,2029-12-01
NK225E    ,OOP,202912,65500.0,            ,134365518,0000000.0000,0000000.0,11688.4,0.235427,144365518,0000000.0000,0000000.0,9973.22,0.262681,63484.1,0.267,2029-12-01
NK225E    ,OOP,202912,65750.0,            ,134365718,0000000.0000,0000000.0,11828.86,0.235192,144365718,0000000.0000,0000000.0,9876.22,0.262465,63484.1,0.267,2029-12-01
NK225E    ,OOP,202912,66000.0,            ,184366018,0000000.0000,0000000.0,11970.13,0.234938,194366018,0000000.0000,0000000.0,9780.03,0.262233,63484.1,0.267,2029-12-01
NK225E    ,OOP,202912,66250.0,            ,134366218,0000000.0000,0000000.0,12112.32,0.234782,144366218,0000000.0000,0000000.0,9684.77,0.261984,63484.1,0.267,2029-12-01
NK225E    ,OOP,202912,66500.0,            ,134366518,0000000.0000,0000000.0,12255.32,0.234607,144366518,0000000.0000,0000000.0,9590.3,0.261836,63484.1,0.267,2029-12-01
NK225E    ,OOP,202912,66750.0,            ,134366718,0000000.0000,0000000.0,12399.06,0.234415,144366718,0000000.0000,0000000.0,9496.58,0.261556,63484.1,0.267,2029-12-01
NK225E    ,OOP,202912,67000.0,            ,184367018,0000000.0000,0000000.0,12543.55,0.234204,194367018,0000000.0000,0000000.0,9403.62,0.261375,63484.1,0.267,2029-12-01
NK225E    ,OOP,202912,67250.0,            ,134367218,0000000.0000,0000000.0,12688.92,0.233975,144367218,0000000.0000,0000000.0,9311.52,0.261179,63484.1,0.267,2029-12-01
NK225E    ,OOP,202912,67500.0,            ,134367518,0000000.0000,0000000.0,12835.06,0.233844,144367518,0000000.0000,0000000.0,9220.21,0.260851,63484.1,0.267,2029-12-01
NK225E    ,OOP,202912,67750.0,            ,134367718,0000000.0000,0000000.0,12981.95,0.23358,144367718,0000000.0000,0000000.0,9129.63,0.260738,63484.1,0.267,2029-12-01
NK225E    ,OOP,202912,68000.0,            ,184368018,0000000.0000,0000000.0,13129.56,0.233413,194368018,0000000.0000,0000000.0,9039.79,0.260494,63484.1,0.267,2029-12-01
NK225E    ,OOP,202912,68250.0,            ,134368218,0000000.0000,0000000.0,13277.99,0.233229,144368218,0000000.0000,0000000.0,8950.76,0.260235,63484.1,0.267,2029-12-01
NK225E    ,OOP,202912,68500.0,            ,134368518,0000000.0000,0000000.0,13427.14,0.233027,144368518,0000000.0000,0000000.0,8862.45,0.260075,63484.1,0.267,2029-12-01
NK225E    ,OOP,202912,68750.0,            ,134368718,0000000.0000,0000000.0,13577.02,0.232807,144368718,0000000.0000,0000000.0,8774.87,0.259785,63484.1,0.267,2029-12-01
NK225E    ,OOP,202912,69000.0,            ,184369018,0000000.0000,0000000.0,13727.65,0.23257,194369018,0000000.0000,0000000.0,8688.04,0.259594,63484.1,0.267,2029-12-01
NK225E    ,OOP,202912,69250.0,            ,134369218,0000000.0000,0000000.0,13878.99,0.232431,144369218,0000000.0000,0000000.0,8601.93,0.259388,63484.1,0.267,2029-12-01
NK225E    ,OOP,202912,69500.0,            ,134369518,0000000.0000,0000000.0,14031.09,0.232275,144369518,0000000.0000,0000000.0,8516.57,0.259167,63484.1,0.267,2029-12-01
NK225E    ,OOP,202912,69750.0,            ,134369718,0000000.0000,0000000.0,14183.85,0.231986,144369718,0000000.0000,0000000.0,8431.86,0.259045,63484.1,0.267,2029-12-01
NK225E    ,OOP,202912,70000.0,            ,184360018,0000000.0000,0000000.0,14337.35,0.231796,194360018,0000000.0000,0000000.0,8347.91,0.258794,63484.1,0.267,2029-12-01
NK225E    ,OOP,202912,70250.0,            ,134360218,0000000.0000,0000000.0,14491.51,0.231588,144360218,0000000.0000,0000000.0,8264.61,0.258642,63484.1,0.267,2029-12-01
NK225E    ,OOP,202912,70500.0,            ,134360518,0000000.0000,0000000.0,14646.4,0.231479,144360518,0000000.0000,0000000.0,8182.04,0.258361,63484.1,0.267,2029-12-01
NK225E    ,OOP,202912,70750.0,            ,184360718,0000000.0000,0000000.0,14801.94,0.231237,194360718,0000000.0000,0000000.0,8100.12,0.258179,63484.1,0.267,2029-12-01
NK225E    ,OOP,202912,71000.0,            ,184361018,0000000.0000,0000000.0,14958.2,0.230979,194361018,0000000.0000,0000000.0,8018.92,0.257982,63484.1,0.267,2029-12-01
NK225E    ,OOP,202912,71250.0,            ,184361218,0000000.0000,0000000.0,15115.06,0.23082,194361218,0000000.0000,0000000.0,7938.32,0.257771,63484.1,0.267,2029-12-01
NK225E    ,OOP,202912,71500.0,            ,184361518,0000000.0000,0000000.0,15272.64,0.230643,194361518,0000000.0000,0000000.0,7858.44,0.25766,63484.1,0.267,2029-12-01
NK225E    ,OOP,202912,71750.0,            ,184361718,0000000.0000,0000000.0,15430.89,0.23045,194361718,0000000.0000,0000000.0,7779.24,0.257419,63484.1,0.267,2029-12-01
NK225E    ,OOP,202912,72000.0,            ,184362018,0000000.0000,0000000.0,15589.81,0.230241,194362018,0000000.0000,0000000.0,7700.7,0.257279,63484.1,0.267,2029-12-01
NK225E    ,OOP,202912,72250.0,            ,184362218,0000000.0000,0000000.0,15749.31,0.230015,194362218,0000000.0000,0000000.0,7622.74,0.257009,63484.1,0.267,2029-12-01
NK225E    ,OOP,202912,72500.0,            ,184362518,0000000.0000,0000000.0,15909.47,0.229773,194362518,0000000.0000,0000000.0,7545.44,0.25684,63484.1,0.267,2029-12-01
NK225E    ,OOP,202912,72750.0,            ,184362718,0000000.0000,0000000.0,16070.29,0.229514,194362718,0000000.0000,0000000.0,7468.8,0.256657,63484.1,0.267,2029-12-01
NK225E    ,OOP,202912,73000.0,            ,184363018,0000000.0000,0000000.0,16231.76,0.229355,194363018,0000000.0000,0000000.0,7392.81,0.256459,63484.1,0.267,2029-12-01
NK225E    ,OOP,202912,73250.0,            ,184363218,0000000.0000,0000000.0,16393.79,0.22918,194363218,0000000.0000,0000000.0,7317.38,0.256246,63484.1,0.267,2029-12-01
NK225E    ,OOP,202912,73500.0,            ,184363518,0000000.0000,0000000.0,16556.47,0.228872,194363518,0000000.0000,0000000.0,7242.6,0.25602,63484.1,0.267,2029-12-01
NK225E    ,OOP,202912,73750.0,            ,184363718,0000000.0000,0000000.0,16719.79,0.228665,194363718,0000000.0000,0000000.0,7168.46,0.255895,63484.1,0.267,2029-12-01
NK225E    ,OOP,202912,74000.0,            ,184364018,0000000.0000,0000000.0,16883.75,0.228441,194364018,0000000.0000,0000000.0,7094.96,0.25564,63484.1,0.267,2029-12-01
NK225E    ,OOP,202912,74250.0,            ,184364218,0000000.0000,0000000.0,17048.21,0.228318,194364218,0000000.0000,0000000.0,7021.96,0.255487,63484.1,0.267,2029-12-01
NK225E    ,OOP,202912,74500.0,            ,184364518,0000000.0000,0000000.0,17213.3,0.228063,194364518,0000000.0000,0000000.0,6949.59,0.255319,63484.1,0.267,2029-12-01
NK225E    ,OOP,202912,74750.0,            ,184364718,0000000.0000,0000000.0,17379.01,0.227791,194364718,0000000.0000,0000000.0,6877.85,0.255138,63484.1,0.267,2029-12-01
NK225E    ,OOP,202912,75000.0,            ,134485018,0000000.0000,0000000.0,17545.39,0.227621,144485018,0000000.0000,0000000.0,6806.77,0.254944,63484.1,0.267,2029-12-01
NK225E    ,OOP,202912,75250.0,            ,184365218,0000000.0000,0000000.0,17712.22,0.227318,194365218,0000000.0000,0000000.0,6736.14,0.254735,63484.1,0.267,2029-12-01
NK225E    ,OOP,202912,75500.0,            ,184365518,0000000.0000,0000000.0,17879.7,0.227116,194365518,0000000.0000,0000000.0,6666.16,0.254512,63484.1,0.267,2029-12-01
NK225E    ,OOP,202912,75750.0,            ,184365718,0000000.0000,0000000.0,18047.8,0.226899,194365718,0000000.0000,0000000.0,6596.8,0.254392,63484.1,0.267,2029-12-01
NK225E    ,OOP,202912,76000.0,            ,134486018,0000000.0000,0000000.0,18216.5,0.226666,144486018,0000000.0000,0000000.0,6528.04,0.254143,63484.1,0.267,2029-12-01
NK225E    ,OOP,202912,76250.0,            ,184366218,0000000.0000,0000000.0,18385.59,0.226418,194366218,0000000.0000,0000000.0,6459.67,0.253996,63484.1,0.267,2029-12-01
NK225E    ,OOP,202912,77500.0,            ,184367518,0000000.0000,0000000.0,19240.08,0.225299,194367518,0000000.0000,0000000.0,6126.86,0.25306,63484.1,0.267,2029-12-01
NK225E    ,OOP,202912,80000.0,            ,134480018,0000000.0000,0000000.0,20992.14,0.222757,144480018,0000000.0000,0000000.0,5504.33,0.251145,63484.1,0.267,2029-12-01
NK225E    ,OOP,202912,85000.0,            ,184485018,0000000.0000,0000000.0,24664.25,0.217541,194485018,0000000.0000,0000000.0,4427.26,0.247897,63484.1,0.267,2029-12-01
NK225E    ,OOP,202912,90000.0,            ,184480018,0000000.0000,0000000.0,28576.36,0.213413,194480018,0000000.0000,0000000.0,3590.19,0.246234,63484.1,0.267,2029-12-01
NK225E    ,OOP,202912,95000.0,            ,134605018,0000000.0000,0000000.0,32764.45,0.212725,144605018,0000000.0000,0000000.0,3029.11,0.248537,63484.1,0.267,2029-12-01
NK225E    ,OOP,202912,100000.0,            ,134600018,0000000.0000,0000000.0,37285.04,0.220199,144600018,0000000.0000,0000000.0,2800.51,0.258389,63484.1,0.267,2029-12-01
NK225E    ,OOP,203006,15000.0,            ,185065018,0000000.0000,0000000.0,115.29,0.348294,195065018,0000000.0000,0000000.0,46040.85,0.595153,63484.1,0.267,2030-06-01
NK225E    ,OOP,203006,16000.0,            ,185066018,0000000.0000,0000000.0,154.44,0.347921,195066018,0000000.0000,0000000.0,45137.64,0.57328,63484.1,0.267,2030-06-01
NK225E    ,OOP,203006,17000.0,            ,185067018,0000000.0000,0000000.0,201.9,0.347679,195067018,0000000.0000,0000000.0,44242.74,0.553421,63484.1,0.267,2030-06-01
NK225E    ,OOP,203006,18000.0,            ,185068018,0000000.0000,0000000.0,258.4,0.34758,195068018,0000000.0000,0000000.0,43356.88,0.535781,63484.1,0.267,2030-06-01
NK225E    ,OOP,203006,19000.0,            ,185069018,0000000.0000,0000000.0,324.64,0.34805,195069018,0000000.0000,0000000.0,42480.75,0.520052,63484.1,0.267,2030-06-01
NK225E    ,OOP,203006,20000.0,            ,185060018,0000000.0000,0000000.0,401.25,0.347468,195060018,0000000.0000,0000000.0,41614.99,0.505973,63484.1,0.267,2030-06-01
NK225E    ,OOP,203006,21000.0,            ,185061018,0000000.0000,0000000.0,488.8,0.347709,195061018,0000000.0000,0000000.0,40760.18,0.49332,63484.1,0.267,2030-06-01
NK225E    ,OOP,203006,21750.0,            ,185061718,0000000.0000,0000000.0,561.95,0.347697,195061718,0000000.0000,0000000.0,40126.56,0.484926,63484.1,0.267,2030-06-01
NK225E    ,OOP,203006,22000.0,            ,185062018,0000000.0000,0000000.0,587.8,0.347046,195062018,0000000.0000,0000000.0,39916.82,0.481906,63484.1,0.267,2030-06-01
NK225E    ,OOP,203006,22250.0,            ,185062218,0000000.0000,0000000.0,614.39,0.346996,195062218,0000000.0000,0000000.0,39707.82,0.479299,63484.1,0.267,2030-06-01
NK225E    ,OOP,203006,22500.0,            ,135062518,0000000.0000,0000000.0,641.74,0.347493,145062518,0000000.0000,0000000.0,39499.57,0.476707,63484.1,0.267,2030-06-01
NK225E    ,OOP,203006,22750.0,            ,135062718,0000000.0000,0000000.0,669.84,0.34725,145062718,0000000.0000,0000000.0,39292.09,0.47413,63484.1,0.267,2030-06-01
NK225E    ,OOP,203006,23000.0,            ,135063018,0000000.0000,0000000.0,698.71,0.346931,145063018,0000000.0000,0000000.0,39085.36,0.471939,63484.1,0.267,2030-06-01
NK225E    ,OOP,203006,23250.0,            ,135063218,0000000.0000,0000000.0,728.35,0.347125,145063218,0000000.0000,0000000.0,38879.41,0.469387,63484.1,0.267,2030-06-01
NK225E    ,OOP,203006,23500.0,            ,135063518,0000000.0000,0000000.0,758.76,0.347222,145063518,0000000.0000,0000000.0,38674.23,0.46721,63484.1,0.267,2030-06-01
NK225E    ,OOP,203006,23750.0,            ,135063718,0000000.0000,0000000.0,789.96,0.347228,145063718,0000000.0000,0000000.0,38469.84,0.465038,63484.1,0.267,2030-06-01
NK225E    ,OOP,203006,24000.0,            ,135064018,0000000.0000,0000000.0,821.94,0.347151,145064018,0000000.0000,0000000.0,38266.22,0.462871,63484.1,0.267,2030-06-01
NK225E    ,OOP,203006,24250.0,            ,135064218,0000000.0000,0000000.0,854.71,0.346997,145064218,0000000.0000,0000000.0,38063.4,0.460708,63484.1,0.267,2030-06-01
NK225E    ,OOP,203006,24500.0,            ,135064518,0000000.0000,0000000.0,888.27,0.346772,145064518,0000000.0000,0000000.0,37861.38,0.458551,63484.1,0.267,2030-06-01
NK225E    ,OOP,203006,24750.0,            ,135064718,0000000.0000,0000000.0,922.64,0.346974,145064718,0000000.0000,0000000.0,37660.16,0.456398,63484.1,0.267,2030-06-01
NK225E    ,OOP,203006,25000.0,            ,135065018,0000000.0000,0000000.0,957.81,0.346608,145065018,0000000.0000,0000000.0,37459.74,0.454584,63484.1,0.267,2030-06-01
NK225E    ,OOP,203006,25250.0,            ,135065218,0000000.0000,0000000.0,993.8,0.346654,145065218,0000000.0000,0000000.0,37260.13,0.452767,63484.1,0.267,2030-06-01
NK225E    ,OOP,203006,25500.0,            ,135065518,0000000.0000,0000000.0,1030.59,0.346625,145065518,0000000.0000,0000000.0,37061.34,0.450947,63484.1,0.267,2030-06-01
NK225E    ,OOP,203006,25750.0,            ,135065718,0000000.0000,0000000.0,1068.21,0.346525,145065718,0000000.0000,0000000.0,36863.36,0.449124,63484.1,0.267,2030-06-01
NK225E    ,OOP,203006,26000.0,            ,135066018,0000000.0000,0000000.0,1106.64,0.346794,145066018,0000000.0000,0000000.0,36666.2,0.447299,63484.1,0.267,2030-06-01
NK225E    ,OOP,203006,26250.0,            ,135066218,0000000.0000,0000000.0,1145.9,0.346556,145066218,0000000.0000,0000000.0,36469.87,0.445471,63484.1,0.267,2030-06-01
NK225E    ,OOP,203006,26500.0,            ,135066518,0000000.0000,0000000.0,1185.99,0.346677,145066518,0000000.0000,0000000.0,36274.37,0.443951,63484.1,0.267,2030-06-01
NK225E    ,OOP,203006,26750.0,            ,135066718,0000000.0000,0000000.0,1226.9,0.346725,145066718,0000000.0000,0000000.0,36079.69,0.442116,63484.1,0.267,2030-06-01
NK225E    ,OOP,203006,27000.0,            ,135067018,0000000.0000,0000000.0,1268.66,0.346705,145067018,0000000.0000,0000000.0,35885.85,0.44058,63484.1,0.267,2030-06-01
NK225E    ,OOP,203006,27250.0,            ,135067218,0000000.0000,0000000.0,1288.52,0.344669,145067218,0000000.0000,0000000.0,35670.13,0.437846,63484.1,0.267,2030-06-01
NK225E    ,OOP,203006,27500.0,            ,135067518,0000000.0000,0000000.0,1308.41,0.343027,145067518,0000000.0000,0000000.0,35454.42,0.434835,63484.1,0.267,2030-06-01
NK225E    ,OOP,203006,27750.0,            ,135067718,0000000.0000,0000000.0,1328.32,0.341381,145067718,0000000.0000,0000000.0,35238.74,0.432141,63484.1,0.267,2030-06-01
NK225E    ,OOP,203006,28000.0,            ,135068018,0000000.0000,0000000.0,1348.26,0.339355,145068018,0000000.0000,0000000.0,35023.1,0.429176,63484.1,0.267,2030-06-01
NK225E    ,OOP,203006,28250.0,            ,135068218,0000000.0000,0000000.0,1369.22,0.337707,145068218,0000000.0000,0000000.0,34808.46,0.42652,63484.1,0.267,2030-06-01
NK225E    ,OOP,203006,28500.0,            ,135068518,0000000.0000,0000000.0,1390.22,0.336055,145068518,0000000.0000,0000000.0,34593.88,0.423882,63484.1,0.267,2030-06-01
NK225E    ,OOP,203006,28750.0,            ,135068718,0000000.0000,0000000.0,1411.27,0.334401,145068718,0000000.0000,0000000.0,34379.33,0.42126,63484.1,0.267,2030-06-01
NK225E    ,OOP,203006,29000.0,            ,135069018,0000000.0000,0000000.0,1432.37,0.332743,145069018,0000000.0000,0000000.0,34164.84,0.418655,63484.1,0.267,2030-06-01
NK225E    ,OOP,203006,29250.0,            ,135069218,0000000.0000,0000000.0,1454.58,0.331083,145069218,0000000.0000,0000000.0,33951.45,0.416066,63484.1,0.267,2030-06-01
NK225E    ,OOP,203006,29500.0,            ,135069518,0000000.0000,0000000.0,1476.85,0.329421,145069518,0000000.0000,0000000.0,33738.14,0.413493,63484.1,0.267,2030-06-01
NK225E    ,OOP,203006,29750.0,            ,135069718,0000000.0000,0000000.0,1499.18,0.327757,145069718,0000000.0000,0000000.0,33524.88,0.410935,63484.1,0.267,2030-06-01
NK225E    ,OOP,203006,30000.0,            ,135060018,0000000.0000,0000000.0,1521.58,0.326427,145060018,0000000.0000,0000000.0,33311.69,0.408393,63484.1,0.267,2030-06-01
NK225E    ,OOP,203006,30250.0,            ,135060218,0000000.0000,0000000.0,1545.18,0.324755,145060218,0000000.0000,0000000.0,33099.7,0.405865,63484.1,0.267,2030-06-01
NK225E    ,OOP,203006,30500.0,            ,135060518,0000000.0000,0000000.0,1568.87,0.323081,145060518,0000000.0000,0000000.0,32887.8,0.403352,63484.1,0.267,2030-06-01
NK225E    ,OOP,203006,30750.0,            ,135060718,0000000.0000,0000000.0,1592.65,0.321729,145060718,0000000.0000,0000000.0,32675.98,0.401113,63484.1,0.267,2030-06-01
NK225E    ,OOP,203006,31000.0,            ,135061018,0000000.0000,0000000.0,1616.52,0.320049,145061018,0000000.0000,0000000.0,32464.26,0.398626,63484.1,0.267,2030-06-01
NK225E    ,OOP,203006,31250.0,            ,135061218,0000000.0000,0000000.0,1641.67,0.318683,145061218,0000000.0000,0000000.0,32253.82,0.396407,63484.1,0.267,2030-06-01
NK225E    ,OOP,203006,31500.0,            ,135061518,0000000.0000,0000000.0,1666.96,0.317308,145061518,0000000.0000,0000000.0,32043.52,0.393945,63484.1,0.267,2030-06-01
NK225E    ,OOP,203006,31750.0,            ,135061718,0000000.0000,0000000.0,1692.35,0.315618,145061718,0000000.0000,0000000.0,31833.32,0.391746,63484.1,0.267,2030-06-01
NK225E    ,OOP,203006,32000.0,            ,135062018,0000000.0000,0000000.0,1717.86,0.314231,145062018,0000000.0000,0000000.0,31623.24,0.389307,63484.1,0.267,2030-06-01
NK225E    ,OOP,203006,32250.0,            ,135062218,0000000.0000,0000000.0,1744.75,0.312836,145062218,0000000.0000,0000000.0,31414.53,0.387127,63484.1,0.267,2030-06-01
NK225E    ,OOP,203006,32500.0,            ,185062518,0000000.0000,0000000.0,1771.79,0.311433,195062518,0000000.0000,0000000.0,31205.98,0.384955,63484.1,0.267,2030-06-01
NK225E    ,OOP,203006,32750.0,            ,185062718,0000000.0000,0000000.0,1798.98,0.310023,195062718,0000000.0000,0000000.0,30997.58,0.382791,63484.1,0.267,2030-06-01
NK225E    ,OOP,203006,33000.0,            ,185063018,0000000.0000,0000000.0,1826.31,0.308606,195063018,0000000.0000,0000000.0,30789.32,0.380634,63484.1,0.267,2030-06-01
NK225E    ,OOP,203006,33250.0,            ,185063218,0000000.0000,0000000.0,1855.1,0.307467,195063218,0000000.0000,0000000.0,30582.52,0.378485,63484.1,0.267,2030-06-01
NK225E    ,OOP,203006,33500.0,            ,185063518,0000000.0000,0000000.0,1884.07,0.306033,195063518,0000000.0000,0000000.0,30375.9,0.376578,63484.1,0.267,2030-06-01
NK225E    ,OOP,203006,33750.0,            ,185063718,0000000.0000,0000000.0,1913.21,0.304871,195063718,0000000.0000,0000000.0,30169.45,0.374442,63484.1,0.267,2030-06-01
NK225E    ,OOP,203006,34000.0,            ,185064018,0000000.0000,0000000.0,1942.54,0.303423,195064018,0000000.0000,0000000.0,29963.19,0.372312,63484.1,0.267,2030-06-01
NK225E    ,OOP,203006,34250.0,            ,185064218,0000000.0000,0000000.0,1973.42,0.30224,195064218,0000000.0000,0000000.0,29758.48,0.370418,63484.1,0.267,2030-06-01
NK225E    ,OOP,203006,34500.0,            ,185064518,0000000.0000,0000000.0,2004.5,0.301044,195064518,0000000.0000,0000000.0,29553.97,0.368527,63484.1,0.267,2030-06-01
NK225E    ,OOP,203006,34750.0,            ,185064718,0000000.0000,0000000.0,2035.79,0.299838,195064718,0000000.0000,0000000.0,29349.67,0.366414,63484.1,0.267,2030-06-01
NK225E    ,OOP,203006,35000.0,            ,135185018,0000000.0000,0000000.0,2067.32,0.29836,145185018,0000000.0000,0000000.0,29145.6,0.364531,63484.1,0.267,2030-06-01
NK225E    ,OOP,203006,35250.0,            ,185065218,0000000.0000,0000000.0,2100.46,0.297392,195065218,0000000.0000,0000000.0,28943.15,0.36265,63484.1,0.267,2030-06-01
NK225E    ,OOP,203006,35500.0,            ,185065518,0000000.0000,0000000.0,2133.85,0.296154,195065518,0000000.0000,0000000.0,28740.95,0.360771,63484.1,0.267,2030-06-01
NK225E    ,OOP,203006,35750.0,            ,185065718,0000000.0000,0000000.0,2167.48,0.294906,195065718,0000000.0000,0000000.0,28538.99,0.359112,63484.1,0.267,2030-06-01
NK225E    ,OOP,203006,36000.0,            ,135186018,0000000.0000,0000000.0,2201.35,0.293896,145186018,0000000.0000,0000000.0,28337.27,0.357236,63484.1,0.267,2030-06-01
NK225E    ,OOP,203006,36250.0,            ,185066218,0000000.0000,0000000.0,2236.93,0.292627,195066218,0000000.0000,0000000.0,28137.26,0.355364,63484.1,0.267,2030-06-01
NK225E    ,OOP,203006,36500.0,            ,185066518,0000000.0000,0000000.0,2272.79,0.29159,195066518,0000000.0000,0000000.0,27937.53,0.353704,63484.1,0.267,2030-06-01
NK225E    ,OOP,203006,36750.0,            ,185066718,0000000.0000,0000000.0,2308.94,0.290539,195066718,0000000.0000,0000000.0,27738.08,0.352043,63484.1,0.267,2030-06-01
NK225E    ,OOP,203006,37000.0,            ,135187018,0000000.0000,0000000.0,2345.36,0.289239,145187018,0000000.0000,0000000.0,27538.92,0.350174,63484.1,0.267,2030-06-01
NK225E    ,OOP,203006,37250.0,            ,185067218,0000000.0000,0000000.0,2383.57,0.288397,195067218,0000000.0000,0000000.0,27341.54,0.348513,63484.1,0.267,2030-06-01
NK225E    ,OOP,203006,37500.0,            ,185067518,0000000.0000,0000000.0,2422.1,0.287307,195067518,0000000.0000,0000000.0,27144.48,0.34685,63484.1,0.267,2030-06-01
NK225E    ,OOP,203006,37750.0,            ,185067718,0000000.0000,0000000.0,2460.95,0.286204,195067718,0000000.0000,0000000.0,26947.74,0.345388,63484.1,0.267,2030-06-01
NK225E    ,OOP,203006,38000.0,            ,135188018,0000000.0000,0000000.0,2500.12,0.285089,145188018,0000000.0000,0000000.0,26751.31,0.343721,63484.1,0.267,2030-06-01
NK225E    ,OOP,203006,38250.0,            ,185068218,0000000.0000,0000000.0,2541.12,0.284185,195068218,0000000.0000,0000000.0,26556.72,0.342054,63484.1,0.267,2030-06-01
NK225E    ,OOP,203006,38500.0,            ,185068518,0000000.0000,0000000.0,2582.5,0.283265,195068518,0000000.0000,0000000.0,26362.51,0.340581,63484.1,0.267,2030-06-01
NK225E    ,OOP,203006,38750.0,            ,185068718,0000000.0000,0000000.0,2624.24,0.282329,195068718,0000000.0000,0000000.0,26168.66,0.339105,63484.1,0.267,2030-06-01
NK225E    ,OOP,203006,39000.0,            ,135189018,0000000.0000,0000000.0,2666.33,0.281377,145189018,0000000.0000,0000000.0,25975.16,0.337624,63484.1,0.267,2030-06-01
NK225E    ,OOP,203006,39250.0,            ,185069218,0000000.0000,0000000.0,2710.32,0.280411,195069218,0000000.0000,0000000.0,25783.55,0.336139,63484.1,0.267,2030-06-01
NK225E    ,OOP,203006,39500.0,            ,185069518,0000000.0000,0000000.0,2754.72,0.27943,195069518,0000000.0000,0000000.0,25592.37,0.33465,63484.1,0.267,2030-06-01
NK225E    ,OOP,203006,39750.0,            ,185069718,0000000.0000,0000000.0,2799.5,0.278643,195069718,0000000.0000,0000000.0,25401.55,0.333157,63484.1,0.267,2030-06-01
NK225E    ,OOP,203006,40000.0,            ,135180018,0000000.0000,0000000.0,2844.69,0.277632,145180018,0000000.0000,0000000.0,25211.16,0.331847,63484.1,0.267,2030-06-01
NK225E    ,OOP,203006,40250.0,            ,185060218,0000000.0000,0000000.0,2891.84,0.276811,195060218,0000000.0000,0000000.0,25022.72,0.330345,63484.1,0.267,2030-06-01
NK225E    ,OOP,203006,40500.0,            ,185060518,0000000.0000,0000000.0,2939.42,0.275973,195060518,0000000.0000,0000000.0,24834.71,0.329023,63484.1,0.267,2030-06-01
NK225E    ,OOP,203006,40750.0,            ,185060718,0000000.0000,0000000.0,2987.44,0.275118,195060718,0000000.0000,0000000.0,24647.13,0.327694,63484.1,0.267,2030-06-01
NK225E    ,OOP,203006,41000.0,            ,135181018,0000000.0000,0000000.0,3035.89,0.274247,145181018,0000000.0000,0000000.0,24459.99,0.326359,63484.1,0.267,2030-06-01
NK225E    ,OOP,203006,41250.0,            ,185061218,0000000.0000,0000000.0,3086.35,0.273555,195061218,0000000.0000,0000000.0,24274.86,0.325017,63484.1,0.267,2030-06-01
NK225E    ,OOP,203006,41500.0,            ,185061518,0000000.0000,0000000.0,3137.28,0.272651,195061518,0000000.0000,0000000.0,24090.2,0.323846,63484.1,0.267,2030-06-01
NK225E    ,OOP,203006,41750.0,            ,135181718,0000000.0000,0000000.0,3188.68,0.271923,145181718,0000000.0000,0000000.0,23906.01,0.322491,63484.1,0.267,2030-06-01
NK225E    ,OOP,203006,42000.0,            ,135182018,0000000.0000,0000000.0,3240.55,0.271176,145182018,0000000.0000,0000000.0,23722.29,0.321304,63484.1,0.267,2030-06-01
NK225E    ,OOP,203006,42250.0,            ,135182218,0000000.0000,0000000.0,3294.45,0.270411,145182218,0000000.0000,0000000.0,23540.6,0.320109,63484.1,0.267,2030-06-01
NK225E    ,OOP,203006,42500.0,            ,185182518,0000000.0000,0000000.0,3348.89,0.269628,195182518,0000000.0000,0000000.0,23359.45,0.318905,63484.1,0.267,2030-06-01
NK225E    ,OOP,203006,42750.0,            ,135182718,0000000.0000,0000000.0,3403.82,0.268829,145182718,0000000.0000,0000000.0,23178.78,0.317863,63484.1,0.267,2030-06-01
NK225E    ,OOP,203006,43000.0,            ,135183018,0000000.0000,0000000.0,3459.28,0.268194,145183018,0000000.0000,0000000.0,22998.65,0.316641,63484.1,0.267,2030-06-01
NK225E    ,OOP,203006,43250.0,            ,135183218,0000000.0000,0000000.0,3516.78,0.267539,145183218,0000000.0000,0000000.0,22820.56,0.31558,63484.1,0.267,2030-06-01
NK225E    ,OOP,203006,43500.0,            ,135183518,0000000.0000,0000000.0,3574.83,0.266865,145183518,0000000.0000,0000000.0,22643.02,0.314341,63484.1,0.267,2030-06-01
NK225E    ,OOP,203006,43750.0,            ,135183718,0000000.0000,0000000.0,3633.43,0.266173,145183718,0000000.0000,0000000.0,22466.03,0.31326,63484.1,0.267,2030-06-01
NK225E    ,OOP,203006,44000.0,            ,135184018,0000000.0000,0000000.0,3692.6,0.265462,145184018,0000000.0000,0000000.0,22289.61,0.312333,63484.1,0.267,2030-06-01
NK225E    ,OOP,203006,44250.0,            ,135184218,0000000.0000,0000000.0,3753.83,0.264905,145184218,0000000.0000,0000000.0,22115.25,0.311231,63484.1,0.267,2030-06-01
NK225E    ,OOP,203006,44500.0,            ,135184518,0000000.0000,0000000.0,3815.63,0.264158,145184518,0000000.0000,0000000.0,21941.46,0.31028,63484.1,0.267,2030-06-01
NK225E    ,OOP,203006,44750.0,            ,135184718,0000000.0000,0000000.0,3878.02,0.263562,145184718,0000000.0000,0000000.0,21768.25,0.309158,63484.1,0.267,2030-06-01
NK225E    ,OOP,203006,45000.0,            ,185185018,0000000.0000,0000000.0,3940.99,0.262947,195185018,0000000.0000,0000000.0,21595.63,0.308185,63484.1,0.267,2030-06-01
NK225E    ,OOP,203006,45250.0,            ,135185218,0000000.0000,0000000.0,4006.03,0.262313,145185218,0000000.0000,0000000.0,21425.09,0.307201,63484.1,0.267,2030-06-01
NK225E    ,OOP,203006,45500.0,            ,135185518,0000000.0000,0000000.0,4071.69,0.261824,145185518,0000000.0000,0000000.0,21255.16,0.306362,63484.1,0.267,2030-06-01
NK225E    ,OOP,203006,45750.0,            ,135185718,0000000.0000,0000000.0,4137.96,0.261152,145185718,0000000.0000,0000000.0,21085.84,0.305354,63484.1,0.267,2030-06-01
NK225E    ,OOP,203006,46000.0,            ,185186018,0000000.0000,0000000.0,4204.85,0.260623,195186018,0000000.0000,0000000.0,20917.13,0.304491,63484.1,0.267,2030-06-01
NK225E    ,OOP,203006,46250.0,            ,135186218,0000000.0000,0000000.0,4273.78,0.260074,145186218,0000000.0000,0000000.0,20750.47,0.30346,63484.1,0.267,2030-06-01
NK225E    ,OOP,203006,46500.0,            ,135186518,0000000.0000,0000000.0,4343.38,0.259505,145186518,0000000.0000,0000000.0,20584.48,0.302724,63484.1,0.267,2030-06-01
NK225E    ,OOP,203006,46750.0,            ,135186718,0000000.0000,0000000.0,4413.62,0.259074,145186718,0000000.0000,0000000.0,20419.13,0.301823,63484.1,0.267,2030-06-01
NK225E    ,OOP,203006,47000.0,            ,185187018,0000000.0000,0000000.0,4484.51,0.258466,195187018,0000000.0000,0000000.0,20254.43,0.300909,63484.1,0.267,2030-06-01
NK225E    ,OOP,203006,47250.0,            ,135187218,0000000.0000,0000000.0,4557.41,0.257994,145187218,0000000.0000,0000000.0,20091.74,0.300132,63484.1,0.267,2030-06-01
NK225E    ,OOP,203006,47500.0,            ,135187518,0000000.0000,0000000.0,4631.02,0.257501,145187518,0000000.0000,0000000.0,19929.75,0.299342,63484.1,0.267,2030-06-01
NK225E    ,OOP,203006,47750.0,            ,135187718,0000000.0000,0000000.0,4705.3,0.256988,145187718,0000000.0000,0000000.0,19768.44,0.298538,63484.1,0.267,2030-06-01
NK225E    ,OOP,203006,48000.0,            ,185188018,0000000.0000,0000000.0,4780.24,0.256456,195188018,0000000.0000,0000000.0,19607.8,0.297721,63484.1,0.267,2030-06-01
NK225E    ,OOP,203006,48250.0,            ,135188218,0000000.0000,0000000.0,4857.18,0.256054,145188218,0000000.0000,0000000.0,19449.14,0.29689,63484.1,0.267,2030-06-01
NK225E    ,OOP,203006,48500.0,            ,135188518,0000000.0000,0000000.0,4934.81,0.255631,145188518,0000000.0000,0000000.0,19291.18,0.296191,63484.1,0.267,2030-06-01
NK225E    ,OOP,203006,48750.0,            ,135188718,0000000.0000,0000000.0,5013.13,0.25504,145188718,0000000.0000,0000000.0,19133.91,0.295478,63484.1,0.267,2030-06-01
NK225E    ,OOP,203006,49000.0,            ,185189018,0000000.0000,0000000.0,5092.15,0.254577,195189018,0000000.0000,0000000.0,18977.34,0.29475,63484.1,0.267,2030-06-01
NK225E    ,OOP,203006,49250.0,            ,135189218,0000000.0000,0000000.0,5173.11,0.254239,145189218,0000000.0000,0000000.0,18822.71,0.294009,63484.1,0.267,2030-06-01
NK225E    ,OOP,203006,49500.0,            ,135189518,0000000.0000,0000000.0,5254.82,0.253736,145189518,0000000.0000,0000000.0,18668.83,0.293253,63484.1,0.267,2030-06-01
NK225E    ,OOP,203006,49750.0,            ,135189718,0000000.0000,0000000.0,5337.21,0.253356,145189718,0000000.0000,0000000.0,18515.63,0.292624,63484.1,0.267,2030-06-01
NK225E    ,OOP,203006,50000.0,            ,185180018,0000000.0000,0000000.0,5420.39,0.252956,195180018,0000000.0000,0000000.0,18363.22,0.29198,63484.1,0.267,2030-06-01
NK225E    ,OOP,203006,50250.0,            ,135180218,0000000.0000,0000000.0,5505.35,0.252536,145180218,0000000.0000,0000000.0,18212.59,0.291321,63484.1,0.267,2030-06-01
NK225E    ,OOP,203006,50500.0,            ,135180518,0000000.0000,0000000.0,5591.16,0.252235,145180518,0000000.0000,0000000.0,18062.8,0.290647,63484.1,0.267,2030-06-01
NK225E    ,OOP,203006,50750.0,            ,135180718,0000000.0000,0000000.0,5677.66,0.251774,145180718,0000000.0000,0000000.0,17913.71,0.289959,63484.1,0.267,2030-06-01
NK225E    ,OOP,203006,51000.0,            ,185181018,0000000.0000,0000000.0,5764.89,0.251432,195181018,0000000.0000,0000000.0,17765.35,0.289393,63484.1,0.267,2030-06-01
NK225E    ,OOP,203006,51250.0,            ,135181218,0000000.0000,0000000.0,5853.92,0.251069,145181218,0000000.0000,0000000.0,17618.79,0.288811,63484.1,0.267,2030-06-01
NK225E    ,OOP,203006,51500.0,            ,135181518,0000000.0000,0000000.0,5943.73,0.250687,145181518,0000000.0000,0000000.0,17473.01,0.288214,63484.1,0.267,2030-06-01
NK225E    ,OOP,203006,51750.0,            ,185181718,0000000.0000,0000000.0,6034.32,0.250284,195181718,0000000.0000,0000000.0,17328.01,0.287602,63484.1,0.267,2030-06-01
NK225E    ,OOP,203006,52000.0,            ,185182018,0000000.0000,0000000.0,6125.62,0.249996,195182018,0000000.0000,0000000.0,17183.72,0.286975,63484.1,0.267,2030-06-01
NK225E    ,OOP,203006,52250.0,            ,185182218,0000000.0000,0000000.0,6218.61,0.249554,195182218,0000000.0000,0000000.0,17041.11,0.286466,63484.1,0.267,2030-06-01
NK225E    ,OOP,203006,52500.0,            ,135302518,0000000.0000,0000000.0,6312.43,0.249226,145302518,0000000.0000,0000000.0,16899.34,0.285941,63484.1,0.267,2030-06-01
NK225E    ,OOP,203006,52750.0,            ,185182718,0000000.0000,0000000.0,6407.04,0.248877,195182718,0000000.0000,0000000.0,16758.36,0.2854,63484.1,0.267,2030-06-01
NK225E    ,OOP,203006,53000.0,            ,185183018,0000000.0000,0000000.0,6502.37,0.248641,195183018,0000000.0000,0000000.0,16618.1,0.284845,63484.1,0.267,2030-06-01
NK225E    ,OOP,203006,53250.0,            ,185183218,0000000.0000,0000000.0,6599.34,0.248253,195183218,0000000.0000,0000000.0,16479.49,0.284274,63484.1,0.267,2030-06-01
NK225E    ,OOP,203006,53500.0,            ,185183518,0000000.0000,0000000.0,6697.12,0.247975,195183518,0000000.0000,0000000.0,16341.67,0.283817,63484.1,0.267,2030-06-01
NK225E    ,OOP,203006,53750.0,            ,185183718,0000000.0000,0000000.0,6795.66,0.247677,195183718,0000000.0000,0000000.0,16204.62,0.283344,63484.1,0.267,2030-06-01
NK225E    ,OOP,203006,54000.0,            ,185184018,0000000.0000,0000000.0,6894.96,0.24736,195184018,0000000.0000,0000000.0,16068.33,0.282729,63484.1,0.267,2030-06-01
NK225E    ,OOP,203006,54250.0,            ,185184218,0000000.0000,0000000.0,6995.81,0.247023,195184218,0000000.0000,0000000.0,15933.59,0.282352,63484.1,0.267,2030-06-01
NK225E    ,OOP,203006,54500.0,            ,185184518,0000000.0000,0000000.0,7097.47,0.246667,195184518,0000000.0000,0000000.0,15799.66,0.281833,63484.1,0.267,2030-06-01
NK225E    ,OOP,203006,54750.0,            ,185184718,0000000.0000,0000000.0,7199.82,0.246418,195184718,0000000.0000,0000000.0,15666.42,0.281425,63484.1,0.267,2030-06-01
NK225E    ,OOP,203006,55000.0,            ,135305018,0000000.0000,0000000.0,7303.05,0.246149,145305018,0000000.0000,0000000.0,15534.06,0.280875,63484.1,0.267,2030-06-01
NK225E    ,OOP,203006,55250.0,            ,185185218,0000000.0000,0000000.0,7407.7,0.245861,195185218,0000000.0000,0000000.0,15403.11,0.280436,63484.1,0.267,2030-06-01
NK225E    ,OOP,203006,55500.0,            ,185185518,0000000.0000,0000000.0,7513.11,0.245553,195185518,0000000.0000,0000000.0,15272.94,0.279981,63484.1,0.267,2030-06-01
NK225E    ,OOP,203006,55750.0,            ,185185718,0000000.0000,0000000.0,7619.3,0.24535,195185718,0000000.0000,0000000.0,15143.53,0.27951,63484.1,0.267,2030-06-01
NK225E    ,OOP,203006,56000.0,            ,135306018,0000000.0000,0000000.0,7726.29,0.245005,145306018,0000000.0000,0000000.0,15014.93,0.279148,63484.1,0.267,2030-06-01
NK225E    ,OOP,203006,56250.0,            ,185186218,0000000.0000,0000000.0,7834.62,0.244763,195186218,0000000.0000,0000000.0,14887.67,0.278769,63484.1,0.267,2030-06-01
NK225E    ,OOP,203006,56500.0,            ,185186518,0000000.0000,0000000.0,7943.72,0.244502,195186518,0000000.0000,0000000.0,14761.18,0.278253,63484.1,0.267,2030-06-01
NK225E    ,OOP,203006,56750.0,            ,185186718,0000000.0000,0000000.0,8053.55,0.244222,195186718,0000000.0000,0000000.0,14635.42,0.277844,63484.1,0.267,2030-06-01
NK225E    ,OOP,203006,57000.0,            ,135307018,0000000.0000,0000000.0,8164.28,0.243924,145307018,0000000.0000,0000000.0,14510.55,0.27754,63484.1,0.267,2030-06-01
NK225E    ,OOP,203006,57250.0,            ,185187218,0000000.0000,0000000.0,8276.18,0.243727,195187218,0000000.0000,0000000.0,14386.87,0.2771,63484.1,0.267,2030-06-01
NK225E    ,OOP,203006,57500.0,            ,185187518,0000000.0000,0000000.0,8388.89,0.243392,195187518,0000000.0000,0000000.0,14263.99,0.276645,63484.1,0.267,2030-06-01
NK225E    ,OOP,203006,57750.0,            ,185187718,0000000.0000,0000000.0,8502.33,0.243158,195187718,0000000.0000,0000000.0,14141.83,0.276294,63484.1,0.267,2030-06-01
NK225E    ,OOP,203006,58000.0,            ,135308018,0000000.0000,0000000.0,8616.57,0.242905,145308018,0000000.0000,0000000.0,14020.48,0.275928,63484.1,0.267,2030-06-01
NK225E    ,OOP,203006,58250.0,            ,185188218,0000000.0000,0000000.0,8731.95,0.242634,195188218,0000000.0000,0000000.0,13900.27,0.275547,63484.1,0.267,2030-06-01
NK225E    ,OOP,203006,58500.0,            ,185188518,0000000.0000,0000000.0,8848.09,0.242462,195188518,0000000.0000,0000000.0,13780.83,0.275151,63484.1,0.267,2030-06-01
NK225E    ,OOP,203006,58750.0,            ,185188718,0000000.0000,0000000.0,8965.0,0.242155,195188718,0000000.0000,0000000.0,13662.14,0.274857,63484.1,0.267,2030-06-01
NK225E    ,OOP,203006,59000.0,            ,135309018,0000000.0000,0000000.0,9082.7,0.241947,145309018,0000000.0000,0000000.0,13544.25,0.274431,63484.1,0.267,2030-06-01
NK225E    ,OOP,203006,59250.0,            ,185189218,0000000.0000,0000000.0,9201.42,0.24172,195189218,0000000.0000,0000000.0,13427.38,0.274107,63484.1,0.267,2030-06-01
NK225E    ,OOP,203006,59500.0,            ,185189518,0000000.0000,0000000.0,9320.85,0.241476,195189518,0000000.0000,0000000.0,13311.22,0.273767,63484.1,0.267,2030-06-01
NK225E    ,OOP,203006,59750.0,            ,185189718,0000000.0000,0000000.0,9441.07,0.241213,195189718,0000000.0000,0000000.0,13195.85,0.273413,63484.1,0.267,2030-06-01
NK225E    ,OOP,203006,60000.0,            ,135300018,0000000.0000,0000000.0,9562.14,0.240934,145300018,0000000.0000,0000000.0,13081.32,0.273044,63484.1,0.267,2030-06-01
NK225E    ,OOP,203006,60250.0,            ,185180218,0000000.0000,0000000.0,9684.08,0.240751,195180218,0000000.0000,0000000.0,12967.68,0.272776,63484.1,0.267,2030-06-01
NK225E    ,OOP,203006,60500.0,            ,185180518,0000000.0000,0000000.0,9806.81,0.240437,195180518,0000000.0000,0000000.0,12854.82,0.272377,63484.1,0.267,2030-06-01
NK225E    ,OOP,203006,60750.0,            ,185180718,0000000.0000,0000000.0,9930.25,0.240219,195180718,0000000.0000,0000000.0,12742.66,0.272079,63484.1,0.267,2030-06-01
NK225E    ,OOP,203006,61000.0,            ,135301018,0000000.0000,0000000.0,10054.47,0.239984,145301018,0000000.0000,0000000.0,12631.29,0.271766,63484.1,0.267,2030-06-01
NK225E    ,OOP,203006,61250.0,            ,185181218,0000000.0000,0000000.0,10179.51,0.239732,195181218,0000000.0000,0000000.0,12520.74,0.271438,63484.1,0.267,2030-06-01
NK225E    ,OOP,203006,61500.0,            ,185181518,0000000.0000,0000000.0,10305.34,0.239575,195181518,0000000.0000,0000000.0,12410.98,0.271095,63484.1,0.267,2030-06-01
NK225E    ,OOP,203006,61750.0,            ,135301718,0000000.0000,0000000.0,10431.82,0.239289,145301718,0000000.0000,0000000.0,12301.87,0.270738,63484.1,0.267,2030-06-01
NK225E    ,OOP,203006,62000.0,            ,135302018,0000000.0000,0000000.0,10559.16,0.239098,145302018,0000000.0000,0000000.0,12193.62,0.27048,63484.1,0.267,2030-06-01
NK225E    ,OOP,203006,62250.0,            ,135302218,0000000.0000,0000000.0,10687.14,0.238778,145302218,0000000.0000,0000000.0,12086.01,0.270094,63484.1,0.267,2030-06-01
NK225E    ,OOP,203006,62500.0,            ,135182518,0000000.0000,0000000.0,10815.94,0.238553,145182518,0000000.0000,0000000.0,11979.22,0.269807,63484.1,0.267,2030-06-01
NK225E    ,OOP,203006,62750.0,            ,135302718,0000000.0000,0000000.0,10945.46,0.238312,145302718,0000000.0000,0000000.0,11873.15,0.269506,63484.1,0.267,2030-06-01
NK225E    ,OOP,203006,63000.0,            ,135303018,0000000.0000,0000000.0,11075.71,0.238054,145303018,0000000.0000,0000000.0,11767.8,0.26919,63484.1,0.267,2030-06-01
NK225E    ,OOP,203006,63250.0,            ,135303218,0000000.0000,0000000.0,11206.63,0.237891,145303218,0000000.0000,0000000.0,11663.13,0.26886,63484.1,0.267,2030-06-01
NK225E    ,OOP,203006,63500.0,            ,135303518,0000000.0000,0000000.0,11338.27,0.2376,145303518,0000000.0000,0000000.0,11559.18,0.268516,63484.1,0.267,2030-06-01
NK225E    ,OOP,203006,63750.0,            ,135303718,0000000.0000,0000000.0,11470.62,0.237403,145303718,0000000.0000,0000000.0,11455.94,0.268269,63484.1,0.267,2030-06-01
NK225E    ,OOP,203006,64000.0,            ,135304018,0000000.0000,0000000.0,11603.68,0.23708,145304018,0000000.0000,0000000.0,11353.41,0.267897,63484.1,0.267,2030-06-01
NK225E    ,OOP,203006,64250.0,            ,135304218,0000000.0000,0000000.0,11737.36,0.23685,145304218,0000000.0000,0000000.0,11251.5,0.267622,63484.1,0.267,2030-06-01
NK225E    ,OOP,203006,64500.0,            ,135304518,0000000.0000,0000000.0,11871.74,0.236605,145304518,0000000.0000,0000000.0,11150.29,0.267333,63484.1,0.267,2030-06-01
NK225E    ,OOP,203006,64750.0,            ,135304718,0000000.0000,0000000.0,12006.83,0.236344,145304718,0000000.0000,0000000.0,11049.78,0.267031,63484.1,0.267,2030-06-01
NK225E    ,OOP,203006,65000.0,            ,185305018,0000000.0000,0000000.0,12142.61,0.236176,195305018,0000000.0000,0000000.0,10949.98,0.266714,63484.1,0.267,2030-06-01
NK225E    ,OOP,203006,65250.0,            ,135305218,0000000.0000,0000000.0,12278.96,0.235883,145305218,0000000.0000,0000000.0,10850.74,0.266384,63484.1,0.267,2030-06-01
NK225E    ,OOP,203006,65500.0,            ,135305518,0000000.0000,0000000.0,12416.0,0.235574,145305518,0000000.0000,0000000.0,10752.18,0.26615,63484.1,0.267,2030-06-01
NK225E    ,OOP,203006,65750.0,            ,135305718,0000000.0000,0000000.0,12553.73,0.235358,145305718,0000000.0000,0000000.0,10654.32,0.265792,63484.1,0.267,2030-06-01
NK225E    ,OOP,203006,66000.0,            ,185306018,0000000.0000,0000000.0,12692.19,0.235127,195306018,0000000.0000,0000000.0,10557.2,0.265531,63484.1,0.267,2030-06-01
NK225E    ,OOP,203006,66250.0,            ,135306218,0000000.0000,0000000.0,12831.11,0.23488,145306218,0000000.0000,0000000.0,10460.52,0.265256,63484.1,0.267,2030-06-01
NK225E    ,OOP,203006,66500.0,            ,135306518,0000000.0000,0000000.0,12970.76,0.234618,145306518,0000000.0000,0000000.0,10364.58,0.264967,63484.1,0.267,2030-06-01
NK225E    ,OOP,203006,66750.0,            ,135306718,0000000.0000,0000000.0,13111.04,0.23434,145306718,0000000.0000,0000000.0,10269.27,0.264665,63484.1,0.267,2030-06-01
NK225E    ,OOP,203006,67000.0,            ,185307018,0000000.0000,0000000.0,13252.04,0.234047,195307018,0000000.0000,0000000.0,10174.68,0.26435,63484.1,0.267,2030-06-01
NK225E    ,OOP,203006,67250.0,            ,135307218,0000000.0000,0000000.0,13393.49,0.233846,145307218,0000000.0000,0000000.0,10080.54,0.264021,63484.1,0.267,2030-06-01
NK225E    ,OOP,203006,67500.0,            ,135307518,0000000.0000,0000000.0,13535.6,0.233523,145307518,0000000.0000,0000000.0,9987.06,0.263788,63484.1,0.267,2030-06-01
NK225E    ,OOP,203006,67750.0,            ,135307718,0000000.0000,0000000.0,13678.39,0.233292,145307718,0000000.0000,0000000.0,9894.25,0.263433,63484.1,0.267,2030-06-01
NK225E    ,OOP,203006,68000.0,            ,185308018,0000000.0000,0000000.0,13821.88,0.233046,195308018,0000000.0000,0000000.0,9802.16,0.263174,63484.1,0.267,2030-06-01
NK225E    ,OOP,203006,68250.0,            ,135308218,0000000.0000,0000000.0,13965.8,0.232785,145308218,0000000.0000,0000000.0,9710.49,0.262901,63484.1,0.267,2030-06-01
NK225E    ,OOP,203006,68500.0,            ,135308518,0000000.0000,0000000.0,14110.39,0.232509,145308518,0000000.0000,0000000.0,9619.48,0.262615,63484.1,0.267,2030-06-01
NK225E    ,OOP,203006,68750.0,            ,135308718,0000000.0000,0000000.0,14255.62,0.232218,145308718,0000000.0000,0000000.0,9529.13,0.262316,63484.1,0.267,2030-06-01
NK225E    ,OOP,203006,69000.0,            ,185309018,0000000.0000,0000000.0,14401.52,0.231912,195309018,0000000.0000,0000000.0,9439.43,0.262004,63484.1,0.267,2030-06-01
NK225E    ,OOP,203006,69250.0,            ,135309218,0000000.0000,0000000.0,14547.82,0.231699,145309218,0000000.0000,0000000.0,9350.14,0.26168,63484.1,0.267,2030-06-01
NK225E    ,OOP,203006,69500.0,            ,135309518,0000000.0000,0000000.0,14694.83,0.231363,145309518,0000000.0000,0000000.0,9261.56,0.26145,63484.1,0.267,2030-06-01
NK225E    ,OOP,203006,69750.0,            ,135309718,0000000.0000,0000000.0,14842.43,0.23112,145309718,0000000.0000,0000000.0,9173.56,0.2611,63484.1,0.267,2030-06-01
NK225E    ,OOP,203006,70000.0,            ,185300018,0000000.0000,0000000.0,14990.71,0.230863,195300018,0000000.0000,0000000.0,9086.26,0.260844,63484.1,0.267,2030-06-01
NK225E    ,OOP,203006,70250.0,            ,135300218,0000000.0000,0000000.0,15139.45,0.230591,145300218,0000000.0000,0000000.0,8999.41,0.260577,63484.1,0.267,2030-06-01
NK225E    ,OOP,203006,70500.0,            ,135300518,0000000.0000,0000000.0,15288.83,0.230304,145300518,0000000.0000,0000000.0,8913.19,0.260296,63484.1,0.267,2030-06-01
NK225E    ,OOP,203006,70750.0,            ,135300718,0000000.0000,0000000.0,15438.84,0.230003,145300718,0000000.0000,0000000.0,8827.61,0.260002,63484.1,0.267,2030-06-01
NK225E    ,OOP,203006,71000.0,            ,185301018,0000000.0000,0000000.0,15589.48,0.229687,195301018,0000000.0000,0000000.0,8742.66,0.259696,63484.1,0.267,2030-06-01
NK225E    ,OOP,203006,71250.0,            ,135301218,0000000.0000,0000000.0,15740.6,0.229357,145301218,0000000.0000,0000000.0,8658.19,0.259378,63484.1,0.267,2030-06-01
NK225E    ,OOP,203006,71500.0,            ,135301518,0000000.0000,0000000.0,15892.35,0.22912,145301518,0000000.0000,0000000.0,8574.35,0.259047,63484.1,0.267,2030-06-01
NK225E    ,OOP,203006,71750.0,            ,185301718,0000000.0000,0000000.0,16044.73,0.228761,195301718,0000000.0000,0000000.0,8491.14,0.258811,63484.1,0.267,2030-06-01
NK225E    ,OOP,203006,72000.0,            ,185302018,0000000.0000,0000000.0,16197.76,0.228495,195302018,0000000.0000,0000000.0,8408.58,0.258455,63484.1,0.267,2030-06-01
NK225E    ,OOP,203006,72250.0,            ,185302218,0000000.0000,0000000.0,16351.28,0.228215,195302218,0000000.0000,0000000.0,8326.51,0.258194,63484.1,0.267,2030-06-01
NK225E    ,OOP,203006,72500.0,            ,185302518,0000000.0000,0000000.0,16505.45,0.22792,195302518,0000000.0000,0000000.0,8245.09,0.257921,63484.1,0.267,2030-06-01
NK225E    ,OOP,203006,72750.0,            ,185302718,0000000.0000,0000000.0,16660.24,0.227612,195302718,0000000.0000,0000000.0,8164.28,0.257636,63484.1,0.267,2030-06-01
NK225E    ,OOP,203006,73000.0,            ,185303018,0000000.0000,0000000.0,16815.63,0.227289,195303018,0000000.0000,0000000.0,8084.08,0.257338,63484.1,0.267,2030-06-01
NK225E    ,OOP,203006,73250.0,            ,185303218,0000000.0000,0000000.0,16971.63,0.22706,195303218,0000000.0000,0000000.0,8004.49,0.257028,63484.1,0.267,2030-06-01
NK225E    ,OOP,203006,73500.0,            ,185303518,0000000.0000,0000000.0,17128.23,0.226709,195303518,0000000.0000,0000000.0,7925.5,0.256814,63484.1,0.267,2030-06-01
NK225E    ,OOP,203006,73750.0,            ,185303718,0000000.0000,0000000.0,17285.42,0.226452,195303718,0000000.0000,0000000.0,7847.11,0.25648,63484.1,0.267,2030-06-01
NK225E    ,OOP,203006,74000.0,            ,185304018,0000000.0000,0000000.0,17443.26,0.226072,195304018,0000000.0000,0000000.0,7769.36,0.256241,63484.1,0.267,2030-06-01
NK225E    ,OOP,203006,74250.0,            ,185304218,0000000.0000,0000000.0,17601.75,0.225787,195304218,0000000.0000,0000000.0,7692.25,0.255883,63484.1,0.267,2030-06-01
NK225E    ,OOP,203006,74500.0,            ,185304518,0000000.0000,0000000.0,17760.86,0.225488,195304518,0000000.0000,0000000.0,7615.77,0.25562,63484.1,0.267,2030-06-01
NK225E    ,OOP,203006,74750.0,            ,185304718,0000000.0000,0000000.0,17920.52,0.225175,195304718,0000000.0000,0000000.0,7539.84,0.255345,63484.1,0.267,2030-06-01
NK225E    ,OOP,203006,75000.0,            ,135425018,0000000.0000,0000000.0,18080.81,0.224957,145425018,0000000.0000,0000000.0,7464.54,0.255058,63484.1,0.267,2030-06-01
NK225E    ,OOP,203006,75250.0,            ,185305218,0000000.0000,0000000.0,18241.87,0.224615,195305218,0000000.0000,0000000.0,7390.0,0.254868,63484.1,0.267,2030-06-01
NK225E    ,OOP,203006,75500.0,            ,185305518,0000000.0000,0000000.0,18403.55,0.22426,195305518,0000000.0000,0000000.0,7316.09,0.254557,63484.1,0.267,2030-06-01
NK225E    ,OOP,203006,75750.0,            ,185305718,0000000.0000,0000000.0,18565.81,0.224001,195305718,0000000.0000,0000000.0,7242.76,0.254343,63484.1,0.267,2030-06-01
NK225E    ,OOP,203006,76000.0,            ,135426018,0000000.0000,0000000.0,18728.64,0.223727,145426018,0000000.0000,0000000.0,7170.0,0.254009,63484.1,0.267,2030-06-01
NK225E    ,OOP,203006,76250.0,            ,185306218,0000000.0000,0000000.0,18893.36,0.22344,195306218,0000000.0000,0000000.0,7099.14,0.253771,63484.1,0.267,2030-06-01
NK225E    ,OOP,203006,77500.0,            ,185307518,0000000.0000,0000000.0,19725.63,0.22202,195307518,0000000.0000,0000000.0,6753.45,0.252626,63484.1,0.267,2030-06-01
NK225E    ,OOP,203006,80000.0,            ,135420018,0000000.0000,0000000.0,21430.91,0.219164,145420018,0000000.0000,0000000.0,6102.82,0.250353,63484.1,0.267,2030-06-01
NK225E    ,OOP,203006,85000.0,            ,185425018,0000000.0000,0000000.0,25103.64,0.215915,195425018,0000000.0000,0000000.0,5063.73,0.248611,63484.1,0.267,2030-06-01
NK225E    ,OOP,203006,90000.0,            ,185420018,0000000.0000,0000000.0,29198.09,0.218901,195420018,0000000.0000,0000000.0,4446.36,0.253405,63484.1,0.267,2030-06-01
NK225E    ,OOP,203012,15000.0,            ,185125018,0000000.0000,0000000.0,151.81,0.340434,195125018,0000000.0000,0000000.0,45795.93,0.60615,63484.1,0.267,2030-12-01
NK225E    ,OOP,203012,16000.0,            ,185126018,0000000.0000,0000000.0,199.85,0.340215,195126018,0000000.0000,0000000.0,44909.02,0.583792,63484.1,0.267,2030-12-01
NK225E    ,OOP,203012,17000.0,            ,185127018,0000000.0000,0000000.0,257.18,0.340092,195127018,0000000.0000,0000000.0,44031.4,0.563465,63484.1,0.267,2030-12-01
NK225E    ,OOP,203012,18000.0,            ,185128018,0000000.0000,0000000.0,324.48,0.339883,195128018,0000000.0000,0000000.0,43163.75,0.545731,63484.1,0.267,2030-12-01
NK225E    ,OOP,203012,19000.0,            ,185129018,0000000.0000,0000000.0,402.36,0.33987,195129018,0000000.0000,0000000.0,42306.68,0.529423,63484.1,0.267,2030-12-01
NK225E    ,OOP,203012,20000.0,            ,185120018,0000000.0000,0000000.0,491.39,0.340042,195120018,0000000.0000,0000000.0,41460.75,0.515117,63484.1,0.267,2030-12-01
NK225E    ,OOP,203012,21000.0,            ,185121018,0000000.0000,0000000.0,592.04,0.339325,195121018,0000000.0000,0000000.0,40626.46,0.501823,63484.1,0.267,2030-12-01
NK225E    ,OOP,203012,21750.0,            ,185121718,0000000.0000,0000000.0,675.43,0.339481,195121718,0000000.0000,0000000.0,40008.63,0.493171,63484.1,0.267,2030-12-01
NK225E    ,OOP,203012,22000.0,            ,185122018,0000000.0000,0000000.0,704.76,0.339154,195122018,0000000.0000,0000000.0,39804.22,0.490106,63484.1,0.267,2030-12-01
NK225E    ,OOP,203012,22250.0,            ,185122218,0000000.0000,0000000.0,734.87,0.33933,195122218,0000000.0000,0000000.0,39600.6,0.487409,63484.1,0.267,2030-12-01
NK225E    ,OOP,203012,22500.0,            ,135122518,0000000.0000,0000000.0,765.76,0.339411,145122518,0000000.0000,0000000.0,39397.75,0.484732,63484.1,0.267,2030-12-01
NK225E    ,OOP,203012,22750.0,            ,135122718,0000000.0000,0000000.0,797.44,0.339404,145122718,0000000.0000,0000000.0,39195.69,0.482405,63484.1,0.267,2030-12-01
NK225E    ,OOP,203012,23000.0,            ,135123018,0000000.0000,0000000.0,829.91,0.339316,145123018,0000000.0000,0000000.0,38994.42,0.479762,63484.1,0.267,2030-12-01
NK225E    ,OOP,203012,23250.0,            ,135123218,0000000.0000,0000000.0,863.17,0.339153,145123218,0000000.0000,0000000.0,38793.95,0.477138,63484.1,0.267,2030-12-01
NK225E    ,OOP,203012,23500.0,            ,135123518,0000000.0000,0000000.0,897.24,0.33892,145123518,0000000.0000,0000000.0,38594.28,0.474851,63484.1,0.267,2030-12-01
NK225E    ,OOP,203012,23750.0,            ,135123718,0000000.0000,0000000.0,932.12,0.339107,145123718,0000000.0000,0000000.0,38395.42,0.472573,63484.1,0.267,2030-12-01
NK225E    ,OOP,203012,24000.0,            ,135124018,0000000.0000,0000000.0,967.8,0.339208,145124018,0000000.0000,0000000.0,38197.36,0.470306,63484.1,0.267,2030-12-01
NK225E    ,OOP,203012,24250.0,            ,135124218,0000000.0000,0000000.0,1004.29,0.339232,145124218,0000000.0000,0000000.0,38000.12,0.468048,63484.1,0.267,2030-12-01
NK225E    ,OOP,203012,24500.0,            ,135124518,0000000.0000,0000000.0,1041.6,0.339181,145124518,0000000.0000,0000000.0,37803.69,0.4658,63484.1,0.267,2030-12-01
NK225E    ,OOP,203012,24750.0,            ,135124718,0000000.0000,0000000.0,1079.73,0.339063,145124718,0000000.0000,0000000.0,37608.09,0.463562,63484.1,0.267,2030-12-01
NK225E    ,OOP,203012,25000.0,            ,135125018,0000000.0000,0000000.0,1118.69,0.338882,145125018,0000000.0000,0000000.0,37413.3,0.461629,63484.1,0.267,2030-12-01
NK225E    ,OOP,203012,25250.0,            ,135125218,0000000.0000,0000000.0,1158.47,0.338641,145125218,0000000.0000,0000000.0,37219.34,0.459699,63484.1,0.267,2030-12-01
NK225E    ,OOP,203012,25500.0,            ,135125518,0000000.0000,0000000.0,1199.08,0.33875,145125518,0000000.0000,0000000.0,37026.21,0.457771,63484.1,0.267,2030-12-01
NK225E    ,OOP,203012,25750.0,            ,135125718,0000000.0000,0000000.0,1240.52,0.33879,145125718,0000000.0000,0000000.0,36833.92,0.455846,63484.1,0.267,2030-12-01
NK225E    ,OOP,203012,26000.0,            ,135126018,0000000.0000,0000000.0,1282.79,0.338764,145126018,0000000.0000,0000000.0,36642.45,0.453923,63484.1,0.267,2030-12-01
NK225E    ,OOP,203012,26250.0,            ,135126218,0000000.0000,0000000.0,1325.9,0.338676,145126218,0000000.0000,0000000.0,36451.82,0.452003,63484.1,0.267,2030-12-01
NK225E    ,OOP,203012,26500.0,            ,135126518,0000000.0000,0000000.0,1369.85,0.33853,145126518,0000000.0000,0000000.0,36262.03,0.450362,63484.1,0.267,2030-12-01
NK225E    ,OOP,203012,26750.0,            ,135126718,0000000.0000,0000000.0,1414.63,0.338693,145126718,0000000.0000,0000000.0,36073.08,0.448444,63484.1,0.267,2030-12-01
NK225E    ,OOP,203012,27000.0,            ,135127018,0000000.0000,0000000.0,1460.26,0.338435,145127018,0000000.0000,0000000.0,35884.97,0.446799,63484.1,0.267,2030-12-01
NK225E    ,OOP,203012,27250.0,            ,135127218,0000000.0000,0000000.0,1475.16,0.336374,145127218,0000000.0000,0000000.0,35666.13,0.443551,63484.1,0.267,2030-12-01
NK225E    ,OOP,203012,27500.0,            ,135127518,0000000.0000,0000000.0,1489.9,0.334323,145127518,0000000.0000,0000000.0,35447.14,0.440332,63484.1,0.267,2030-12-01
NK225E    ,OOP,203012,27750.0,            ,135127718,0000000.0000,0000000.0,1504.46,0.331937,145127718,0000000.0000,0000000.0,35227.96,0.437142,63484.1,0.267,2030-12-01
NK225E    ,OOP,203012,28000.0,            ,135128018,0000000.0000,0000000.0,1518.87,0.329908,145128018,0000000.0000,0000000.0,35008.63,0.433981,63484.1,0.267,2030-12-01
NK225E    ,OOP,203012,28250.0,            ,135128218,0000000.0000,0000000.0,1536.06,0.327888,145128218,0000000.0000,0000000.0,34792.08,0.430848,63484.1,0.267,2030-12-01
NK225E    ,OOP,203012,28500.0,            ,135128518,0000000.0000,0000000.0,1553.14,0.325877,145128518,0000000.0000,0000000.0,34575.42,0.427743,63484.1,0.267,2030-12-01
NK225E    ,OOP,203012,28750.0,            ,135128718,0000000.0000,0000000.0,1570.11,0.323874,145128718,0000000.0000,0000000.0,34358.65,0.424917,63484.1,0.267,2030-12-01
NK225E    ,OOP,203012,29000.0,            ,135129018,0000000.0000,0000000.0,1586.98,0.32188,145129018,0000000.0000,0000000.0,34141.79,0.421862,63484.1,0.267,2030-12-01
NK225E    ,OOP,203012,29250.0,            ,135129218,0000000.0000,0000000.0,1606.6,0.320214,145129218,0000000.0000,0000000.0,33927.67,0.419081,63484.1,0.267,2030-12-01
NK225E    ,OOP,203012,29500.0,            ,135129518,0000000.0000,0000000.0,1626.19,0.318232,145129518,0000000.0000,0000000.0,33713.52,0.416321,63484.1,0.267,2030-12-01
NK225E    ,OOP,203012,29750.0,            ,135129718,0000000.0000,0000000.0,1645.72,0.316571,145129718,0000000.0000,0000000.0,33499.32,0.413336,63484.1,0.267,2030-12-01
NK225E    ,OOP,203012,30000.0,            ,135120018,0000000.0000,0000000.0,1665.21,0.314601,145120018,0000000.0000,0000000.0,33285.07,0.410618,63484.1,0.267,2030-12-01
NK225E    ,OOP,203012,30250.0,            ,135120218,0000000.0000,0000000.0,1687.42,0.312945,145120218,0000000.0000,0000000.0,33073.55,0.408159,63484.1,0.267,2030-12-01
NK225E    ,OOP,203012,30500.0,            ,135120518,0000000.0000,0000000.0,1709.65,0.311289,145120518,0000000.0000,0000000.0,32862.03,0.405477,63484.1,0.267,2030-12-01
NK225E    ,OOP,203012,30750.0,            ,135120718,0000000.0000,0000000.0,1731.89,0.309634,145120718,0000000.0000,0000000.0,32650.53,0.402814,63484.1,0.267,2030-12-01
NK225E    ,OOP,203012,31000.0,            ,135121018,0000000.0000,0000000.0,1754.13,0.30798,145121018,0000000.0000,0000000.0,32439.04,0.400168,63484.1,0.267,2030-12-01
NK225E    ,OOP,203012,31250.0,            ,135121218,0000000.0000,0000000.0,1779.05,0.306616,145121218,0000000.0000,0000000.0,32230.23,0.397772,63484.1,0.267,2030-12-01
NK225E    ,OOP,203012,31500.0,            ,135121518,0000000.0000,0000000.0,1804.07,0.30496,145121518,0000000.0000,0000000.0,32021.5,0.39539,63484.1,0.267,2030-12-01
NK225E    ,OOP,203012,31750.0,            ,135121718,0000000.0000,0000000.0,1829.15,0.303588,145121718,0000000.0000,0000000.0,31812.85,0.39302,63484.1,0.267,2030-12-01
NK225E    ,OOP,203012,32000.0,            ,135122018,0000000.0000,0000000.0,1854.3,0.30221,145122018,0000000.0000,0000000.0,31604.26,0.390664,63484.1,0.267,2030-12-01
NK225E    ,OOP,203012,32250.0,            ,135122218,0000000.0000,0000000.0,1882.11,0.300827,145122218,0000000.0000,0000000.0,31398.33,0.38832,63484.1,0.267,2030-12-01
NK225E    ,OOP,203012,32500.0,            ,185122518,0000000.0000,0000000.0,1910.04,0.299439,195122518,0000000.0000,0000000.0,31192.52,0.385988,63484.1,0.267,2030-12-01
NK225E    ,OOP,203012,32750.0,            ,185122718,0000000.0000,0000000.0,1938.1,0.298045,195122718,0000000.0000,0000000.0,30986.85,0.383888,63484.1,0.267,2030-12-01
NK225E    ,OOP,203012,33000.0,            ,185123018,0000000.0000,0000000.0,1966.29,0.296647,195123018,0000000.0000,0000000.0,30781.3,0.381578,63484.1,0.267,2030-12-01
NK225E    ,OOP,203012,33250.0,            ,185123218,0000000.0000,0000000.0,1997.09,0.295506,195123218,0000000.0000,0000000.0,30578.36,0.379496,63484.1,0.267,2030-12-01
NK225E    ,OOP,203012,33500.0,            ,185123518,0000000.0000,0000000.0,2028.08,0.294355,195123518,0000000.0000,0000000.0,30375.61,0.377421,63484.1,0.267,2030-12-01
NK225E    ,OOP,203012,33750.0,            ,185123718,0000000.0000,0000000.0,2059.25,0.292937,195123718,0000000.0000,0000000.0,30173.05,0.375354,63484.1,0.267,2030-12-01
NK225E    ,OOP,203012,34000.0,            ,185124018,0000000.0000,0000000.0,2090.63,0.291769,195124018,0000000.0000,0000000.0,29970.69,0.373295,63484.1,0.267,2030-12-01
NK225E    ,OOP,203012,34250.0,            ,185124218,0000000.0000,0000000.0,2124.56,0.290591,195124218,0000000.0000,0000000.0,29770.88,0.371451,63484.1,0.267,2030-12-01
NK225E    ,OOP,203012,34500.0,            ,185124518,0000000.0000,0000000.0,2158.73,0.28965,195124518,0000000.0000,0000000.0,29571.31,0.369404,63484.1,0.267,2030-12-01
NK225E    ,OOP,203012,34750.0,            ,185124718,0000000.0000,0000000.0,2193.14,0.28845,195124718,0000000.0000,0000000.0,29371.99,0.367569,63484.1,0.267,2030-12-01
NK225E    ,OOP,203012,35000.0,            ,135245018,0000000.0000,0000000.0,2227.82,0.287242,145245018,0000000.0000,0000000.0,29172.93,0.365534,63484.1,0.267,2030-12-01
NK225E    ,OOP,203012,35250.0,            ,185125218,0000000.0000,0000000.0,2264.99,0.286263,195125218,0000000.0000,0000000.0,28976.36,0.363707,63484.1,0.267,2030-12-01
NK225E    ,OOP,203012,35500.0,            ,185125518,0000000.0000,0000000.0,2302.47,0.285271,195125518,0000000.0000,0000000.0,28780.1,0.362083,63484.1,0.267,2030-12-01
NK225E    ,OOP,203012,35750.0,            ,185125718,0000000.0000,0000000.0,2340.24,0.284266,195125718,0000000.0000,0000000.0,28584.13,0.360262,63484.1,0.267,2030-12-01
NK225E    ,OOP,203012,36000.0,            ,135246018,0000000.0000,0000000.0,2378.32,0.283247,145246018,0000000.0000,0000000.0,28388.47,0.358443,63484.1,0.267,2030-12-01
NK225E    ,OOP,203012,36250.0,            ,185126218,0000000.0000,0000000.0,2418.85,0.282443,195126218,0000000.0000,0000000.0,28195.26,0.356822,63484.1,0.267,2030-12-01
NK225E    ,OOP,203012,36500.0,            ,185126518,0000000.0000,0000000.0,2459.73,0.281398,195126518,0000000.0000,0000000.0,28002.41,0.355201,63484.1,0.267,2030-12-01
NK225E    ,OOP,203012,36750.0,            ,185126718,0000000.0000,0000000.0,2500.96,0.280562,195126718,0000000.0000,0000000.0,27809.9,0.35358,63484.1,0.267,2030-12-01
NK225E    ,OOP,203012,37000.0,            ,135247018,0000000.0000,0000000.0,2542.54,0.279492,145247018,0000000.0000,0000000.0,27617.75,0.351958,63484.1,0.267,2030-12-01
NK225E    ,OOP,203012,37250.0,            ,185127218,0000000.0000,0000000.0,2586.52,0.278843,195127218,0000000.0000,0000000.0,27427.98,0.350337,63484.1,0.267,2030-12-01
NK225E    ,OOP,203012,37500.0,            ,185127518,0000000.0000,0000000.0,2630.89,0.27796,195127518,0000000.0000,0000000.0,27238.62,0.348715,63484.1,0.267,2030-12-01
NK225E    ,OOP,203012,37750.0,            ,185127718,0000000.0000,0000000.0,2675.67,0.277063,195127718,0000000.0000,0000000.0,27049.66,0.347278,63484.1,0.267,2030-12-01
NK225E    ,OOP,203012,38000.0,            ,135248018,0000000.0000,0000000.0,2720.84,0.276359,145248018,0000000.0000,0000000.0,26861.1,0.345838,63484.1,0.267,2030-12-01
NK225E    ,OOP,203012,38250.0,            ,185128218,0000000.0000,0000000.0,2768.33,0.275431,195128218,0000000.0000,0000000.0,26674.85,0.344395,63484.1,0.267,2030-12-01
NK225E    ,OOP,203012,38500.0,            ,185128518,0000000.0000,0000000.0,2816.27,0.274694,195128518,0000000.0000,0000000.0,26489.05,0.34295,63484.1,0.267,2030-12-01
NK225E    ,OOP,203012,38750.0,            ,185128718,0000000.0000,0000000.0,2864.65,0.273938,195128718,0000000.0000,0000000.0,26303.69,0.341501,63484.1,0.267,2030-12-01
NK225E    ,OOP,203012,39000.0,            ,135249018,0000000.0000,0000000.0,2913.51,0.273166,145249018,0000000.0000,0000000.0,26118.81,0.340049,63484.1,0.267,2030-12-01
NK225E    ,OOP,203012,39250.0,            ,185129218,0000000.0000,0000000.0,2964.58,0.272575,195129218,0000000.0000,0000000.0,25936.14,0.338771,63484.1,0.267,2030-12-01
NK225E    ,OOP,203012,39500.0,            ,185129518,0000000.0000,0000000.0,3016.13,0.271768,195129518,0000000.0000,0000000.0,25753.96,0.337487,63484.1,0.267,2030-12-01
NK225E    ,OOP,203012,39750.0,            ,185129718,0000000.0000,0000000.0,3068.18,0.271139,195129718,0000000.0000,0000000.0,25572.27,0.336198,63484.1,0.267,2030-12-01
NK225E    ,OOP,203012,40000.0,            ,135240018,0000000.0000,0000000.0,3120.75,0.27049,145240018,0000000.0000,0000000.0,25391.1,0.334903,63484.1,0.267,2030-12-01
NK225E    ,OOP,203012,40250.0,            ,185120218,0000000.0000,0000000.0,3175.43,0.269823,195120218,0000000.0000,0000000.0,25212.05,0.333603,63484.1,0.267,2030-12-01
NK225E    ,OOP,203012,40500.0,            ,185120518,0000000.0000,0000000.0,3230.67,0.269138,195120518,0000000.0000,0000000.0,25033.55,0.332468,63484.1,0.267,2030-12-01
NK225E    ,OOP,203012,40750.0,            ,185120718,0000000.0000,0000000.0,3286.44,0.268619,195120718,0000000.0000,0000000.0,24855.58,0.331325,63484.1,0.267,2030-12-01
NK225E    ,OOP,203012,41000.0,            ,135241018,0000000.0000,0000000.0,3342.74,0.267898,145241018,0000000.0000,0000000.0,24678.14,0.330007,63484.1,0.267,2030-12-01
NK225E    ,OOP,203012,41250.0,            ,185121218,0000000.0000,0000000.0,3401.09,0.26734,195121218,0000000.0000,0000000.0,24502.75,0.329016,63484.1,0.267,2030-12-01
NK225E    ,OOP,203012,41500.0,            ,185121518,0000000.0000,0000000.0,3460.0,0.266763,195121518,0000000.0000,0000000.0,24327.93,0.327851,63484.1,0.267,2030-12-01
NK225E    ,OOP,203012,41750.0,            ,135241718,0000000.0000,0000000.0,3519.48,0.266166,145241718,0000000.0000,0000000.0,24153.67,0.326679,63484.1,0.267,2030-12-01
NK225E    ,OOP,203012,42000.0,            ,135242018,0000000.0000,0000000.0,3579.56,0.265726,145242018,0000000.0000,0000000.0,23980.01,0.325662,63484.1,0.267,2030-12-01
NK225E    ,OOP,203012,42250.0,            ,135242218,0000000.0000,0000000.0,3641.58,0.265091,145242218,0000000.0000,0000000.0,23808.29,0.324635,63484.1,0.267,2030-12-01
NK225E    ,OOP,203012,42500.0,            ,185242518,0000000.0000,0000000.0,3704.19,0.26461,195242518,0000000.0000,0000000.0,23637.17,0.3236,63484.1,0.267,2030-12-01
NK225E    ,OOP,203012,42750.0,            ,135242718,0000000.0000,0000000.0,3767.4,0.264108,145242718,0000000.0000,0000000.0,23466.64,0.322556,63484.1,0.267,2030-12-01
NK225E    ,OOP,203012,43000.0,            ,135243018,0000000.0000,0000000.0,3831.21,0.263586,145243018,0000000.0000,0000000.0,23296.71,0.321503,63484.1,0.267,2030-12-01
NK225E    ,OOP,203012,43250.0,            ,135243218,0000000.0000,0000000.0,3896.89,0.263045,145243218,0000000.0000,0000000.0,23128.65,0.320442,63484.1,0.267,2030-12-01
NK225E    ,OOP,203012,43500.0,            ,135243518,0000000.0000,0000000.0,3963.19,0.262486,145243518,0000000.0000,0000000.0,22961.22,0.319527,63484.1,0.267,2030-12-01
NK225E    ,OOP,203012,43750.0,            ,135243718,0000000.0000,0000000.0,4030.12,0.262071,145243718,0000000.0000,0000000.0,22794.4,0.318602,63484.1,0.267,2030-12-01
NK225E    ,OOP,203012,44000.0,            ,135244018,0000000.0000,0000000.0,4097.66,0.261635,145244018,0000000.0000,0000000.0,22628.21,0.317666,63484.1,0.267,2030-12-01
NK225E    ,OOP,203012,44250.0,            ,135244218,0000000.0000,0000000.0,4166.97,0.261179,145244218,0000000.0000,0000000.0,22463.78,0.316721,63484.1,0.267,2030-12-01
NK225E    ,OOP,203012,44500.0,            ,135244518,0000000.0000,0000000.0,4236.92,0.260703,145244518,0000000.0000,0000000.0,22300.0,0.315766,63484.1,0.267,2030-12-01
NK225E    ,OOP,203012,44750.0,            ,135244718,0000000.0000,0000000.0,4307.52,0.260207,145244718,0000000.0000,0000000.0,22136.86,0.31495,63484.1,0.267,2030-12-01
NK225E    ,OOP,203012,45000.0,            ,185245018,0000000.0000,0000000.0,4378.79,0.259693,195245018,0000000.0000,0000000.0,21974.39,0.314123,63484.1,0.267,2030-12-01
NK225E    ,OOP,203012,45250.0,            ,135245218,0000000.0000,0000000.0,4451.69,0.259315,145245218,0000000.0000,0000000.0,21813.55,0.313138,63484.1,0.267,2030-12-01
NK225E    ,OOP,203012,45500.0,            ,135245518,0000000.0000,0000000.0,4525.29,0.258916,145245518,0000000.0000,0000000.0,21653.41,0.312436,63484.1,0.267,2030-12-01
NK225E    ,OOP,203012,45750.0,            ,135245718,0000000.0000,0000000.0,4599.55,0.258497,145245718,0000000.0000,0000000.0,21493.94,0.311576,63484.1,0.267,2030-12-01
NK225E    ,OOP,203012,46000.0,            ,185246018,0000000.0000,0000000.0,4674.47,0.258059,195246018,0000000.0000,0000000.0,21335.12,0.310705,63484.1,0.267,2030-12-01
NK225E    ,OOP,203012,46250.0,            ,135246218,0000000.0000,0000000.0,4750.94,0.257601,145246218,0000000.0000,0000000.0,21177.85,0.309967,63484.1,0.267,2030-12-01
NK225E    ,OOP,203012,46500.0,            ,135246518,0000000.0000,0000000.0,4828.08,0.257273,145246518,0000000.0000,0000000.0,21021.25,0.309217,63484.1,0.267,2030-12-01
NK225E    ,OOP,203012,46750.0,            ,135246718,0000000.0000,0000000.0,4905.9,0.256777,145246718,0000000.0000,0000000.0,20865.34,0.308314,63484.1,0.267,2030-12-01
NK225E    ,OOP,203012,47000.0,            ,185247018,0000000.0000,0000000.0,4984.44,0.256409,195247018,0000000.0000,0000000.0,20710.13,0.307541,63484.1,0.267,2030-12-01
NK225E    ,OOP,203012,47250.0,            ,135247218,0000000.0000,0000000.0,5064.42,0.256021,145247218,0000000.0000,0000000.0,20556.38,0.306896,63484.1,0.267,2030-12-01
NK225E    ,OOP,203012,47500.0,            ,135247518,0000000.0000,0000000.0,5145.09,0.255757,145247518,0000000.0000,0000000.0,20403.31,0.3061,63484.1,0.267,2030-12-01
NK225E    ,OOP,203012,47750.0,            ,135247718,0000000.0000,0000000.0,5226.45,0.255331,145247718,0000000.0000,0000000.0,20250.93,0.30543,63484.1,0.267,2030-12-01
NK225E    ,OOP,203012,48000.0,            ,185248018,0000000.0000,0000000.0,5308.5,0.254885,195248018,0000000.0000,0000000.0,20099.25,0.304748,63484.1,0.267,2030-12-01
NK225E    ,OOP,203012,48250.0,            ,135248218,0000000.0000,0000000.0,5391.89,0.254562,145248218,0000000.0000,0000000.0,19948.9,0.304053,63484.1,0.267,2030-12-01
NK225E    ,OOP,203012,48500.0,            ,135248518,0000000.0000,0000000.0,5476.01,0.254219,145248518,0000000.0000,0000000.0,19799.28,0.303347,63484.1,0.267,2030-12-01
NK225E    ,OOP,203012,48750.0,            ,135248718,0000000.0000,0000000.0,5560.83,0.253856,145248718,0000000.0000,0000000.0,19650.36,0.302628,63484.1,0.267,2030-12-01
NK225E    ,OOP,203012,49000.0,            ,185249018,0000000.0000,0000000.0,5646.35,0.253475,195249018,0000000.0000,0000000.0,19502.14,0.301897,63484.1,0.267,2030-12-01
NK225E    ,OOP,203012,49250.0,            ,135249218,0000000.0000,0000000.0,5733.12,0.253211,145249218,0000000.0000,0000000.0,19355.18,0.301288,63484.1,0.267,2030-12-01
NK225E    ,OOP,203012,49500.0,            ,135249518,0000000.0000,0000000.0,5820.63,0.252792,145249518,0000000.0000,0000000.0,19208.95,0.300666,63484.1,0.267,2030-12-01
NK225E    ,OOP,203012,49750.0,            ,135249718,0000000.0000,0000000.0,5908.81,0.25249,145249718,0000000.0000,0000000.0,19063.39,0.300031,63484.1,0.267,2030-12-01
NK225E    ,OOP,203012,50000.0,            ,185240018,0000000.0000,0000000.0,5997.73,0.252168,195240018,0000000.0000,0000000.0,18918.57,0.299384,63484.1,0.267,2030-12-01
NK225E    ,OOP,203012,50250.0,            ,135240218,0000000.0000,0000000.0,6087.81,0.251828,145240218,0000000.0000,0000000.0,18774.92,0.298724,63484.1,0.267,2030-12-01
NK225E    ,OOP,203012,50500.0,            ,135240518,0000000.0000,0000000.0,6178.6,0.251469,145240518,0000000.0000,0000000.0,18631.97,0.298052,63484.1,0.267,2030-12-01
NK225E    ,OOP,203012,50750.0,            ,135240718,0000000.0000,0000000.0,6270.09,0.251092,145240718,0000000.0000,0000000.0,18489.72,0.297497,63484.1,0.267,2030-12-01
NK225E    ,OOP,203012,51000.0,            ,185241018,0000000.0000,0000000.0,6362.33,0.250827,195241018,0000000.0000,0000000.0,18348.23,0.296929,63484.1,0.267,2030-12-01
NK225E    ,OOP,203012,51250.0,            ,135241218,0000000.0000,0000000.0,6455.59,0.250414,145241218,0000000.0000,0000000.0,18207.75,0.296348,63484.1,0.267,2030-12-01
NK225E    ,OOP,203012,51500.0,            ,135241518,0000000.0000,0000000.0,6549.64,0.250112,145241518,0000000.0000,0000000.0,18068.06,0.295754,63484.1,0.267,2030-12-01
NK225E    ,OOP,203012,51750.0,            ,185241718,0000000.0000,0000000.0,6644.35,0.249792,195241718,0000000.0000,0000000.0,17929.03,0.295147,63484.1,0.267,2030-12-01
NK225E    ,OOP,203012,52000.0,            ,185242018,0000000.0000,0000000.0,6739.82,0.249454,195242018,0000000.0000,0000000.0,17790.76,0.294529,63484.1,0.267,2030-12-01
NK225E    ,OOP,203012,52250.0,            ,185242218,0000000.0000,0000000.0,6836.27,0.249099,195242218,0000000.0000,0000000.0,17653.47,0.294022,63484.1,0.267,2030-12-01
NK225E    ,OOP,203012,52500.0,            ,135362518,0000000.0000,0000000.0,6933.43,0.248851,145362518,0000000.0000,0000000.0,17516.89,0.293503,63484.1,0.267,2030-12-01
NK225E    ,OOP,203012,52750.0,            ,185242718,0000000.0000,0000000.0,7031.29,0.24846,195242718,0000000.0000,0000000.0,17381.03,0.292847,63484.1,0.267,2030-12-01
NK225E    ,OOP,203012,53000.0,            ,185243018,0000000.0000,0000000.0,7129.83,0.248176,195243018,0000000.0000,0000000.0,17245.82,0.292302,63484.1,0.267,2030-12-01
NK225E    ,OOP,203012,53250.0,            ,185243218,0000000.0000,0000000.0,7229.35,0.247875,195243218,0000000.0000,0000000.0,17111.61,0.291744,63484.1,0.267,2030-12-01
NK225E    ,OOP,203012,53500.0,            ,185243518,0000000.0000,0000000.0,7329.67,0.247555,195243518,0000000.0000,0000000.0,16978.19,0.291296,63484.1,0.267,2030-12-01
NK225E    ,OOP,203012,53750.0,            ,185243718,0000000.0000,0000000.0,7430.61,0.247219,195243718,0000000.0000,0000000.0,16845.39,0.290713,63484.1,0.267,2030-12-01
NK225E    ,OOP,203012,54000.0,            ,185244018,0000000.0000,0000000.0,7532.3,0.246866,195244018,0000000.0000,0000000.0,16713.34,0.290238,63484.1,0.267,2030-12-01
NK225E    ,OOP,203012,54250.0,            ,185244218,0000000.0000,0000000.0,7634.81,0.246616,195244218,0000000.0000,0000000.0,16582.12,0.28963,63484.1,0.267,2030-12-01
NK225E    ,OOP,203012,54500.0,            ,185244518,0000000.0000,0000000.0,7738.07,0.246349,195244518,0000000.0000,0000000.0,16451.64,0.28913,63484.1,0.267,2030-12-01
NK225E    ,OOP,203012,54750.0,            ,185244718,0000000.0000,0000000.0,7842.0,0.245945,195244718,0000000.0000,0000000.0,16321.83,0.288617,63484.1,0.267,2030-12-01
NK225E    ,OOP,203012,55000.0,            ,135365018,0000000.0000,0000000.0,7946.7,0.245644,145365018,0000000.0000,0000000.0,16192.8,0.288092,63484.1,0.267,2030-12-01
NK225E    ,OOP,203012,55250.0,            ,185245218,0000000.0000,0000000.0,8052.2,0.245326,195245218,0000000.0000,0000000.0,16064.55,0.287672,63484.1,0.267,2030-12-01
NK225E    ,OOP,203012,55500.0,            ,185245518,0000000.0000,0000000.0,8158.39,0.244992,195245518,0000000.0000,0000000.0,15937.01,0.287122,63484.1,0.267,2030-12-01
NK225E    ,OOP,203012,55750.0,            ,185245718,0000000.0000,0000000.0,8265.29,0.244758,195245718,0000000.0000,0000000.0,15810.17,0.286676,63484.1,0.267,2030-12-01
NK225E    ,OOP,203012,56000.0,            ,135366018,0000000.0000,0000000.0,8372.92,0.244391,145366018,0000000.0000,0000000.0,15684.06,0.286218,63484.1,0.267,2030-12-01
NK225E    ,OOP,203012,56250.0,            ,185246218,0000000.0000,0000000.0,8481.29,0.244123,195246218,0000000.0000,0000000.0,15558.7,0.28563,63484.1,0.267,2030-12-01
NK225E    ,OOP,203012,56500.0,            ,185246518,0000000.0000,0000000.0,8590.36,0.243839,195246518,0000000.0000,0000000.0,15434.03,0.285147,63484.1,0.267,2030-12-01
NK225E    ,OOP,203012,56750.0,            ,185246718,0000000.0000,0000000.0,8700.17,0.243539,195246718,0000000.0000,0000000.0,15310.1,0.284766,63484.1,0.267,2030-12-01
NK225E    ,OOP,203012,57000.0,            ,135367018,0000000.0000,0000000.0,8810.66,0.243222,145367018,0000000.0000,0000000.0,15186.85,0.284258,63484.1,0.267,2030-12-01
NK225E    ,OOP,203012,57250.0,            ,185247218,0000000.0000,0000000.0,8921.85,0.24289,195247218,0000000.0000,0000000.0,15064.31,0.283737,63484.1,0.267,2030-12-01
NK225E    ,OOP,203012,57500.0,            ,185247518,0000000.0000,0000000.0,9033.82,0.242542,195247518,0000000.0000,0000000.0,14942.53,0.283318,63484.1,0.267,2030-12-01
NK225E    ,OOP,203012,57750.0,            ,185247718,0000000.0000,0000000.0,9146.43,0.242291,195247718,0000000.0000,0000000.0,14821.4,0.282886,63484.1,0.267,2030-12-01
NK225E    ,OOP,203012,58000.0,            ,135368018,0000000.0000,0000000.0,9259.72,0.241912,145368018,0000000.0000,0000000.0,14700.96,0.282442,63484.1,0.267,2030-12-01
NK225E    ,OOP,203012,58250.0,            ,185248218,0000000.0000,0000000.0,9373.79,0.241629,195248218,0000000.0000,0000000.0,14581.29,0.281986,63484.1,0.267,2030-12-01
NK225E    ,OOP,203012,58500.0,            ,185248518,0000000.0000,0000000.0,9488.54,0.241331,195248518,0000000.0000,0000000.0,14462.31,0.281517,63484.1,0.267,2030-12-01
NK225E    ,OOP,203012,58750.0,            ,185248718,0000000.0000,0000000.0,9603.93,0.241017,195248718,0000000.0000,0000000.0,14343.96,0.281036,63484.1,0.267,2030-12-01
NK225E    ,OOP,203012,59000.0,            ,135369018,0000000.0000,0000000.0,9720.09,0.240687,145369018,0000000.0000,0000000.0,14226.38,0.280543,63484.1,0.267,2030-12-01
NK225E    ,OOP,203012,59250.0,            ,185249218,0000000.0000,0000000.0,9836.89,0.240343,195249218,0000000.0000,0000000.0,14109.44,0.280149,63484.1,0.267,2030-12-01
NK225E    ,OOP,203012,59500.0,            ,185249518,0000000.0000,0000000.0,9954.4,0.240093,195249518,0000000.0000,0000000.0,13993.22,0.279743,63484.1,0.267,2030-12-01
NK225E    ,OOP,203012,59750.0,            ,185249718,0000000.0000,0000000.0,10072.55,0.239718,195249718,0000000.0000,0000000.0,13877.63,0.279214,63484.1,0.267,2030-12-01
NK225E    ,OOP,203012,60000.0,            ,135360018,0000000.0000,0000000.0,10191.37,0.239438,145360018,0000000.0000,0000000.0,13762.71,0.278784,63484.1,0.267,2030-12-01
NK225E    ,OOP,203012,60250.0,            ,185240218,0000000.0000,0000000.0,10310.95,0.239143,195240218,0000000.0000,0000000.0,13648.55,0.278341,63484.1,0.267,2030-12-01
NK225E    ,OOP,203012,60500.0,            ,185240518,0000000.0000,0000000.0,10431.16,0.238832,195240518,0000000.0000,0000000.0,13535.02,0.277996,63484.1,0.267,2030-12-01
NK225E    ,OOP,203012,60750.0,            ,185240718,0000000.0000,0000000.0,10552.13,0.238506,195240718,0000000.0000,0000000.0,13422.25,0.277529,63484.1,0.267,2030-12-01
NK225E    ,OOP,203012,61000.0,            ,135361018,0000000.0000,0000000.0,10673.71,0.238166,145361018,0000000.0000,0000000.0,13310.1,0.27716,63484.1,0.267,2030-12-01
NK225E    ,OOP,203012,61250.0,            ,185241218,0000000.0000,0000000.0,10796.01,0.237919,195241218,0000000.0000,0000000.0,13198.66,0.276669,63484.1,0.267,2030-12-01
NK225E    ,OOP,203012,61500.0,            ,185241518,0000000.0000,0000000.0,10918.93,0.237549,195241518,0000000.0000,0000000.0,13087.84,0.276275,63484.1,0.267,2030-12-01
NK225E    ,OOP,203012,61750.0,            ,135361718,0000000.0000,0000000.0,11042.6,0.237272,145361718,0000000.0000,0000000.0,12977.78,0.27587,63484.1,0.267,2030-12-01
NK225E    ,OOP,203012,62000.0,            ,135362018,0000000.0000,0000000.0,11166.88,0.23698,145362018,0000000.0000,0000000.0,12868.32,0.275452,63484.1,0.267,2030-12-01
NK225E    ,OOP,203012,62250.0,            ,135362218,0000000.0000,0000000.0,11291.87,0.236567,145362218,0000000.0000,0000000.0,12759.57,0.275022,63484.1,0.267,2030-12-01
NK225E    ,OOP,203012,62500.0,            ,135242518,0000000.0000,0000000.0,11417.56,0.236353,145242518,0000000.0000,0000000.0,12651.53,0.274581,63484.1,0.267,2030-12-01
NK225E    ,OOP,203012,62750.0,            ,135362718,0000000.0000,0000000.0,11543.91,0.236017,145362718,0000000.0000,0000000.0,12544.13,0.274235,63484.1,0.267,2030-12-01
NK225E    ,OOP,203012,63000.0,            ,135363018,0000000.0000,0000000.0,11670.91,0.235668,145363018,0000000.0000,0000000.0,12437.4,0.27377,63484.1,0.267,2030-12-01
NK225E    ,OOP,203012,63250.0,            ,135363218,0000000.0000,0000000.0,11798.6,0.23541,145363218,0000000.0000,0000000.0,12331.35,0.273401,63484.1,0.267,2030-12-01
NK225E    ,OOP,203012,63500.0,            ,135363518,0000000.0000,0000000.0,11927.0,0.235032,145363518,0000000.0000,0000000.0,12226.01,0.273019,63484.1,0.267,2030-12-01
NK225E    ,OOP,203012,63750.0,            ,135363718,0000000.0000,0000000.0,12056.03,0.234745,145363718,0000000.0000,0000000.0,12121.31,0.272626,63484.1,0.267,2030-12-01
NK225E    ,OOP,203012,64000.0,            ,135364018,0000000.0000,0000000.0,12185.72,0.234444,145364018,0000000.0000,0000000.0,12017.25,0.272221,63484.1,0.267,2030-12-01
NK225E    ,OOP,203012,64250.0,            ,135364218,0000000.0000,0000000.0,12316.14,0.234128,145364218,0000000.0000,0000000.0,11913.94,0.271805,63484.1,0.267,2030-12-01
NK225E    ,OOP,203012,64500.0,            ,135364518,0000000.0000,0000000.0,12447.25,0.233799,145364518,0000000.0000,0000000.0,11811.31,0.271482,63484.1,0.267,2030-12-01
NK225E    ,OOP,203012,64750.0,            ,135364718,0000000.0000,0000000.0,12579.0,0.233456,145364718,0000000.0000,0000000.0,11709.33,0.271042,63484.1,0.267,2030-12-01
NK225E    ,OOP,203012,65000.0,            ,185365018,0000000.0000,0000000.0,12711.39,0.233203,195365018,0000000.0000,0000000.0,11607.98,0.270697,63484.1,0.267,2030-12-01
NK225E    ,OOP,203012,65250.0,            ,135365218,0000000.0000,0000000.0,12844.56,0.232832,145365218,0000000.0000,0000000.0,11507.4,0.270339,63484.1,0.267,2030-12-01
NK225E    ,OOP,203012,65500.0,            ,135365518,0000000.0000,0000000.0,12978.41,0.232551,145365518,0000000.0000,0000000.0,11407.52,0.26997,63484.1,0.267,2030-12-01
NK225E    ,OOP,203012,65750.0,            ,135365718,0000000.0000,0000000.0,13112.84,0.232256,145365718,0000000.0000,0000000.0,11308.21,0.269589,63484.1,0.267,2030-12-01
NK225E    ,OOP,203012,66000.0,            ,185366018,0000000.0000,0000000.0,13247.95,0.231948,195366018,0000000.0000,0000000.0,11209.58,0.269197,63484.1,0.267,2030-12-01
NK225E    ,OOP,203012,66250.0,            ,135366218,0000000.0000,0000000.0,13383.88,0.231625,145366218,0000000.0000,0000000.0,11111.78,0.268794,63484.1,0.267,2030-12-01
NK225E    ,OOP,203012,66500.0,            ,135366518,0000000.0000,0000000.0,13520.44,0.231289,145366518,0000000.0000,0000000.0,11014.59,0.268484,63484.1,0.267,2030-12-01
NK225E    ,OOP,203012,66750.0,            ,135366718,0000000.0000,0000000.0,13657.62,0.23094,145366718,0000000.0000,0000000.0,10918.04,0.268058,63484.1,0.267,2030-12-01
NK225E    ,OOP,203012,67000.0,            ,185367018,0000000.0000,0000000.0,13795.42,0.23068,195367018,0000000.0000,0000000.0,10822.1,0.267724,63484.1,0.267,2030-12-01
NK225E    ,OOP,203012,67250.0,            ,135367218,0000000.0000,0000000.0,13934.08,0.230304,145367218,0000000.0000,0000000.0,10727.03,0.26738,63484.1,0.267,2030-12-01
NK225E    ,OOP,203012,67500.0,            ,135367518,0000000.0000,0000000.0,14073.41,0.230016,145367518,0000000.0000,0000000.0,10632.62,0.267024,63484.1,0.267,2030-12-01
NK225E    ,OOP,203012,67750.0,            ,135367718,0000000.0000,0000000.0,14213.36,0.229716,145367718,0000000.0000,0000000.0,10538.83,0.266657,63484.1,0.267,2030-12-01
NK225E    ,OOP,203012,68000.0,            ,185368018,0000000.0000,0000000.0,14353.92,0.229402,195368018,0000000.0000,0000000.0,10445.65,0.266382,63484.1,0.267,2030-12-01
NK225E    ,OOP,203012,68250.0,            ,135368218,0000000.0000,0000000.0,14495.38,0.229074,145368218,0000000.0000,0000000.0,10353.37,0.265992,63484.1,0.267,2030-12-01
NK225E    ,OOP,203012,68500.0,            ,135368518,0000000.0000,0000000.0,14637.45,0.228836,145368518,0000000.0000,0000000.0,10261.71,0.265694,63484.1,0.267,2030-12-01
NK225E    ,OOP,203012,68750.0,            ,135368718,0000000.0000,0000000.0,14780.13,0.228482,145368718,0000000.0000,0000000.0,10170.65,0.265283,63484.1,0.267,2030-12-01
NK225E    ,OOP,203012,69000.0,            ,185369018,0000000.0000,0000000.0,14923.46,0.228217,195369018,0000000.0000,0000000.0,10080.24,0.264963,63484.1,0.267,2030-12-01
NK225E    ,OOP,203012,69250.0,            ,135369218,0000000.0000,0000000.0,15067.73,0.227939,145369218,0000000.0000,0000000.0,9990.78,0.264632,63484.1,0.267,2030-12-01
NK225E    ,OOP,203012,69500.0,            ,135369518,0000000.0000,0000000.0,15212.61,0.227546,145369518,0000000.0000,0000000.0,9901.92,0.26429,63484.1,0.267,2030-12-01
NK225E    ,OOP,203012,69750.0,            ,135369718,0000000.0000,0000000.0,15358.09,0.227343,145369718,0000000.0000,0000000.0,9813.66,0.26404,63484.1,0.267,2030-12-01
NK225E    ,OOP,203012,70000.0,            ,185360018,0000000.0000,0000000.0,15504.16,0.227025,195360018,0000000.0000,0000000.0,9725.99,0.263676,63484.1,0.267,2030-12-01
NK225E    ,OOP,203012,70250.0,            ,135360218,0000000.0000,0000000.0,15651.26,0.226695,145360218,0000000.0000,0000000.0,9639.35,0.263403,63484.1,0.267,2030-12-01
NK225E    ,OOP,203012,70500.0,            ,135360518,0000000.0000,0000000.0,15798.95,0.226453,145360518,0000000.0000,0000000.0,9553.31,0.263018,63484.1,0.267,2030-12-01
NK225E    ,OOP,203012,70750.0,            ,135360718,0000000.0000,0000000.0,15947.24,0.226096,145360718,0000000.0000,0000000.0,9467.86,0.262723,63484.1,0.267,2030-12-01
NK225E    ,OOP,203012,71000.0,            ,185361018,0000000.0000,0000000.0,16096.16,0.225829,195361018,0000000.0000,0000000.0,9383.04,0.262418,63484.1,0.267,2030-12-01
NK225E    ,OOP,203012,71250.0,            ,135361218,0000000.0000,0000000.0,16246.1,0.225548,145361218,0000000.0000,0000000.0,9299.24,0.262102,63484.1,0.267,2030-12-01
NK225E    ,OOP,203012,71500.0,            ,135361518,0000000.0000,0000000.0,16396.63,0.225255,145361518,0000000.0000,0000000.0,9216.03,0.261878,63484.1,0.267,2030-12-01
NK225E    ,OOP,203012,71750.0,            ,185361718,0000000.0000,0000000.0,16547.73,0.224949,195361718,0000000.0000,0000000.0,9133.4,0.26154,63484.1,0.267,2030-12-01
NK225E    ,OOP,203012,72000.0,            ,185362018,0000000.0000,0000000.0,16699.46,0.224629,195362018,0000000.0000,0000000.0,9051.39,0.261294,63484.1,0.267,2030-12-01
NK225E    ,OOP,203012,72250.0,            ,185362218,0000000.0000,0000000.0,16852.25,0.2244,195362218,0000000.0000,0000000.0,8970.44,0.261037,63484.1,0.267,2030-12-01
NK225E    ,OOP,203012,72500.0,            ,185362518,0000000.0000,0000000.0,17005.66,0.224055,195362518,0000000.0000,0000000.0,8890.12,0.260668,63484.1,0.267,2030-12-01
NK225E    ,OOP,203012,72750.0,            ,185362718,0000000.0000,0000000.0,17159.59,0.2238,195362718,0000000.0000,0000000.0,8810.31,0.26039,63484.1,0.267,2030-12-01
NK225E    ,OOP,203012,73000.0,            ,185363018,0000000.0000,0000000.0,17314.14,0.223532,195363018,0000000.0000,0000000.0,8731.12,0.260203,63484.1,0.267,2030-12-01
NK225E    ,OOP,203012,73250.0,            ,185363218,0000000.0000,0000000.0,17469.84,0.223251,195363218,0000000.0000,0000000.0,8653.08,0.259904,63484.1,0.267,2030-12-01
NK225E    ,OOP,203012,73500.0,            ,185363518,0000000.0000,0000000.0,17626.1,0.222958,195363518,0000000.0000,0000000.0,8575.6,0.259594,63484.1,0.267,2030-12-01
NK225E    ,OOP,203012,73750.0,            ,185363718,0000000.0000,0000000.0,17782.91,0.222755,195363718,0000000.0000,0000000.0,8498.68,0.259376,63484.1,0.267,2030-12-01
NK225E    ,OOP,203012,74000.0,            ,185364018,0000000.0000,0000000.0,17940.28,0.222436,195364018,0000000.0000,0000000.0,8422.31,0.259147,63484.1,0.267,2030-12-01
NK225E    ,OOP,203012,74250.0,            ,185364218,0000000.0000,0000000.0,18098.84,0.222208,195364218,0000000.0000,0000000.0,8347.13,0.258908,63484.1,0.267,2030-12-01
NK225E    ,OOP,203012,74500.0,            ,185364518,0000000.0000,0000000.0,18258.0,0.221967,195364518,0000000.0000,0000000.0,8272.55,0.258659,63484.1,0.267,2030-12-01
NK225E    ,OOP,203012,74750.0,            ,185364718,0000000.0000,0000000.0,18417.65,0.221714,195364718,0000000.0000,0000000.0,8198.46,0.258399,63484.1,0.267,2030-12-01
NK225E    ,OOP,203012,75000.0,            ,135485018,0000000.0000,0000000.0,18577.89,0.221449,145485018,0000000.0000,0000000.0,8124.97,0.258129,63484.1,0.267,2030-12-01
NK225E    ,OOP,203012,75250.0,            ,185365218,0000000.0000,0000000.0,18739.36,0.221171,195365218,0000000.0000,0000000.0,8052.7,0.25795,63484.1,0.267,2030-12-01
NK225E    ,OOP,203012,75500.0,            ,185365518,0000000.0000,0000000.0,18901.36,0.220881,195365518,0000000.0000,0000000.0,7980.97,0.25766,63484.1,0.267,2030-12-01
NK225E    ,OOP,203012,75750.0,            ,185365718,0000000.0000,0000000.0,19063.9,0.220682,195365718,0000000.0000,0000000.0,7909.77,0.257461,63484.1,0.267,2030-12-01
NK225E    ,OOP,203012,76000.0,            ,135486018,0000000.0000,0000000.0,19227.02,0.22047,145486018,0000000.0000,0000000.0,7839.14,0.257252,63484.1,0.267,2030-12-01
NK225E    ,OOP,203012,76250.0,            ,185366218,0000000.0000,0000000.0,19392.61,0.220247,195366218,0000000.0000,0000000.0,7771.0,0.257033,63484.1,0.267,2030-12-01
NK225E    ,OOP,203012,77500.0,            ,185367518,0000000.0000,0000000.0,20228.42,0.219156,195367518,0000000.0000,0000000.0,7438.12,0.256198,63484.1,0.267,2030-12-01
NK225E    ,OOP,203012,80000.0,            ,135480018,0000000.0000,0000000.0,21937.58,0.216926,145480018,0000000.0000,0000000.0,6809.9,0.254517,63484.1,0.267,2030-12-01
NK225E    ,OOP,203012,85000.0,            ,185485018,0000000.0000,0000000.0,25571.93,0.214024,195485018,0000000.0000,0000000.0,5769.5,0.253094,63484.1,0.267,2030-12-01
NK225E    ,OOP,203012,90000.0,            ,185480018,0000000.0000,0000000.0,29444.98,0.212657,195480018,0000000.0000,0000000.0,4967.8,0.253743,63484.1,0.267,2030-12-01
NK225E    ,OOP,203012,95000.0,            ,135605018,0000000.0000,0000000.0,33494.03,0.212158,145605018,0000000.0000,0000000.0,4342.1,0.255713,63484.1,0.267,2030-12-01
NK225E    ,OOP,203012,100000.0,            ,135600018,0000000.0000,0000000.0,37630.41,0.210884,145600018,0000000.0000,0000000.0,3803.72,0.257487,63484.1,0.267,2030-12-01
NK225E    ,OOP,203106,26500.0,            ,186066518,0000000.0000,0000000.0,1495.59,0.32877,196066518,0000000.0000,0000000.0,36156.71,0.446444,63484.1,0.267,2031-06-01
NK225E    ,OOP,203106,26750.0,            ,186066718,0000000.0000,0000000.0,1542.83,0.328772,196066718,0000000.0000,0000000.0,35972.05,0.444584,63484.1,0.267,2031-06-01
NK225E    ,OOP,203106,27000.0,            ,186067018,0000000.0000,0000000.0,1590.91,0.328719,196067018,0000000.0000,0000000.0,35788.24,0.442977,63484.1,0.267,2031-06-01
NK225E    ,OOP,203106,27250.0,            ,186067218,0000000.0000,0000000.0,1606.94,0.326352,196067218,0000000.0000,0000000.0,35572.36,0.439636,63484.1,0.267,2031-06-01
NK225E    ,OOP,203106,27500.0,            ,186067518,0000000.0000,0000000.0,1622.81,0.324325,196067518,0000000.0000,0000000.0,35356.33,0.436574,63484.1,0.267,2031-06-01
NK225E    ,OOP,203106,27750.0,            ,136067718,0000000.0000,0000000.0,1638.48,0.322307,146067718,0000000.0000,0000000.0,35140.11,0.433297,63484.1,0.267,2031-06-01
NK225E    ,OOP,203106,28000.0,            ,136068018,0000000.0000,0000000.0,1653.99,0.3203,146068018,0000000.0000,0000000.0,34923.72,0.43005,63484.1,0.267,2031-06-01
NK225E    ,OOP,203106,28250.0,            ,136068218,0000000.0000,0000000.0,1672.56,0.318303,146068218,0000000.0000,0000000.0,34710.39,0.427073,63484.1,0.267,2031-06-01
NK225E    ,OOP,203106,28500.0,            ,136068518,0000000.0000,0000000.0,1691.02,0.316316,146068518,0000000.0000,0000000.0,34496.95,0.424122,63484.1,0.267,2031-06-01
NK225E    ,OOP,203106,28750.0,            ,136068718,0000000.0000,0000000.0,1709.36,0.314641,146068718,0000000.0000,0000000.0,34283.39,0.421196,63484.1,0.267,2031-06-01
NK225E    ,OOP,203106,29000.0,            ,136069018,0000000.0000,0000000.0,1727.61,0.312669,146069018,0000000.0000,0000000.0,34069.74,0.418294,63484.1,0.267,2031-06-01
NK225E    ,OOP,203106,29250.0,            ,136069218,0000000.0000,0000000.0,1748.88,0.311002,146069218,0000000.0000,0000000.0,33859.11,0.415416,63484.1,0.267,2031-06-01
NK225E    ,OOP,203106,29500.0,            ,136069518,0000000.0000,0000000.0,1770.1,0.309046,146069518,0000000.0000,0000000.0,33648.43,0.412791,63484.1,0.267,2031-06-01
NK225E    ,OOP,203106,29750.0,            ,136069718,0000000.0000,0000000.0,1791.27,0.307388,146069718,0000000.0000,0000000.0,33437.7,0.409957,63484.1,0.267,2031-06-01
NK225E    ,OOP,203106,30000.0,            ,136060018,0000000.0000,0000000.0,1812.39,0.305732,146060018,0000000.0000,0000000.0,33226.93,0.407372,63484.1,0.267,2031-06-01
NK225E    ,OOP,203106,30250.0,            ,136060218,0000000.0000,0000000.0,1836.5,0.304078,146060218,0000000.0000,0000000.0,33019.13,0.404804,63484.1,0.267,2031-06-01
NK225E    ,OOP,203106,30500.0,            ,136060518,0000000.0000,0000000.0,1860.64,0.302705,146060518,0000000.0000,0000000.0,32811.38,0.402254,63484.1,0.267,2031-06-01
NK225E    ,OOP,203106,30750.0,            ,136060718,0000000.0000,0000000.0,1884.8,0.301053,146060718,0000000.0000,0000000.0,32603.64,0.399721,63484.1,0.267,2031-06-01
NK225E    ,OOP,203106,31000.0,            ,136061018,0000000.0000,0000000.0,1908.97,0.299403,146061018,0000000.0000,0000000.0,32395.91,0.396988,63484.1,0.267,2031-06-01
NK225E    ,OOP,203106,31250.0,            ,136061218,0000000.0000,0000000.0,1936.09,0.298025,146061218,0000000.0000,0000000.0,32191.13,0.394706,63484.1,0.267,2031-06-01
NK225E    ,OOP,203106,31500.0,            ,136061518,0000000.0000,0000000.0,1963.3,0.296642,146061518,0000000.0000,0000000.0,31986.44,0.392437,63484.1,0.267,2031-06-01
NK225E    ,OOP,203106,31750.0,            ,136061718,0000000.0000,0000000.0,1990.58,0.295256,146061718,0000000.0000,0000000.0,31781.82,0.389969,63484.1,0.267,2031-06-01
NK225E    ,OOP,203106,32000.0,            ,136062018,0000000.0000,0000000.0,2017.96,0.293866,146062018,0000000.0000,0000000.0,31577.31,0.387726,63484.1,0.267,2031-06-01
NK225E    ,OOP,203106,32250.0,            ,136062218,0000000.0000,0000000.0,2048.23,0.292729,146062218,0000000.0000,0000000.0,31375.67,0.385494,63484.1,0.267,2031-06-01
NK225E    ,OOP,203106,32500.0,            ,136062518,0000000.0000,0000000.0,2078.65,0.29133,146062518,0000000.0000,0000000.0,31174.2,0.383275,63484.1,0.267,2031-06-01
NK225E    ,OOP,203106,32750.0,            ,136062718,0000000.0000,0000000.0,2109.2,0.290178,146062718,0000000.0000,0000000.0,30972.85,0.381066,63484.1,0.267,2031-06-01
NK225E    ,OOP,203106,33000.0,            ,136063018,0000000.0000,0000000.0,2139.92,0.288771,146063018,0000000.0000,0000000.0,30771.67,0.378869,63484.1,0.267,2031-06-01
NK225E    ,OOP,203106,33250.0,            ,136063218,0000000.0000,0000000.0,2173.48,0.287847,146063218,0000000.0000,0000000.0,30573.33,0.376884,63484.1,0.267,2031-06-01
NK225E    ,OOP,203106,33500.0,            ,136063518,0000000.0000,0000000.0,2207.25,0.28667,146063518,0000000.0000,0000000.0,30375.2,0.374906,63484.1,0.267,2031-06-01
NK225E    ,OOP,203106,33750.0,            ,136063718,0000000.0000,0000000.0,2241.23,0.285485,146063718,0000000.0000,0000000.0,30177.28,0.372935,63484.1,0.267,2031-06-01
NK225E    ,OOP,203106,34000.0,            ,136064018,0000000.0000,0000000.0,2275.41,0.284292,146064018,0000000.0000,0000000.0,29979.57,0.370971,63484.1,0.267,2031-06-01
NK225E    ,OOP,203106,34250.0,            ,136064218,0000000.0000,0000000.0,2312.37,0.283324,146064218,0000000.0000,0000000.0,29784.63,0.369014,63484.1,0.267,2031-06-01
NK225E    ,OOP,203106,34500.0,            ,136064518,0000000.0000,0000000.0,2349.62,0.282344,146064518,0000000.0000,0000000.0,29589.98,0.367064,63484.1,0.267,2031-06-01
NK225E    ,OOP,203106,34750.0,            ,136064718,0000000.0000,0000000.0,2387.14,0.281352,146064718,0000000.0000,0000000.0,29395.6,0.365312,63484.1,0.267,2031-06-01
NK225E    ,OOP,203106,35000.0,            ,136065018,0000000.0000,0000000.0,2424.93,0.280348,146065018,0000000.0000,0000000.0,29201.48,0.363373,63484.1,0.267,2031-06-01
NK225E    ,OOP,203106,35250.0,            ,136065218,0000000.0000,0000000.0,2465.42,0.279333,146065218,0000000.0000,0000000.0,29010.08,0.361817,63484.1,0.267,2031-06-01
NK225E    ,OOP,203106,35500.0,            ,136065518,0000000.0000,0000000.0,2506.26,0.278308,146065518,0000000.0000,0000000.0,28819.02,0.360074,63484.1,0.267,2031-06-01
NK225E    ,OOP,203106,35750.0,            ,136065718,0000000.0000,0000000.0,2547.4,0.277488,146065718,0000000.0000,0000000.0,28628.26,0.358335,63484.1,0.267,2031-06-01
NK225E    ,OOP,203106,36000.0,            ,136066018,0000000.0000,0000000.0,2588.89,0.276652,146066018,0000000.0000,0000000.0,28437.85,0.356599,63484.1,0.267,2031-06-01
NK225E    ,OOP,203106,36250.0,            ,136066218,0000000.0000,0000000.0,2633.01,0.275803,146066218,0000000.0000,0000000.0,28250.08,0.355047,63484.1,0.267,2031-06-01
NK225E    ,OOP,203106,36500.0,            ,136066518,0000000.0000,0000000.0,2677.52,0.274939,146066518,0000000.0000,0000000.0,28062.68,0.353496,63484.1,0.267,2031-06-01
NK225E    ,OOP,203106,36750.0,            ,136066718,0000000.0000,0000000.0,2722.4,0.274061,146066718,0000000.0000,0000000.0,27875.67,0.351945,63484.1,0.267,2031-06-01
NK225E    ,OOP,203106,37000.0,            ,136067018,0000000.0000,0000000.0,2767.67,0.273374,146067018,0000000.0000,0000000.0,27689.03,0.350216,63484.1,0.267,2031-06-01
NK225E    ,OOP,203106,37250.0,            ,136067218,0000000.0000,0000000.0,2815.48,0.272468,146067218,0000000.0000,0000000.0,27504.95,0.348843,63484.1,0.267,2031-06-01
NK225E    ,OOP,203106,37500.0,            ,136067518,0000000.0000,0000000.0,2863.75,0.271749,146067518,0000000.0000,0000000.0,27321.31,0.347292,63484.1,0.267,2031-06-01
NK225E    ,OOP,203106,37750.0,            ,186067718,0000000.0000,0000000.0,2912.44,0.271014,196067718,0000000.0000,0000000.0,27138.11,0.345915,63484.1,0.267,2031-06-01
NK225E    ,OOP,203106,38000.0,            ,186068018,0000000.0000,0000000.0,2961.57,0.270262,196068018,0000000.0000,0000000.0,26955.34,0.344534,63484.1,0.267,2031-06-01
NK225E    ,OOP,203106,38250.0,            ,186068218,0000000.0000,0000000.0,3013.15,0.269688,196068218,0000000.0000,0000000.0,26775.02,0.343152,63484.1,0.267,2031-06-01
NK225E    ,OOP,203106,38500.0,            ,186068518,0000000.0000,0000000.0,3065.21,0.269094,196068518,0000000.0000,0000000.0,26595.18,0.341767,63484.1,0.267,2031-06-01
NK225E    ,OOP,203106,38750.0,            ,186068718,0000000.0000,0000000.0,3117.74,0.268294,196068718,0000000.0000,0000000.0,26415.81,0.340379,63484.1,0.267,2031-06-01
NK225E    ,OOP,203106,39000.0,            ,186069018,0000000.0000,0000000.0,3170.75,0.267666,196069018,0000000.0000,0000000.0,26236.92,0.339156,63484.1,0.267,2031-06-01
NK225E    ,OOP,203106,39250.0,            ,186069218,0000000.0000,0000000.0,3226.13,0.26702,196069218,0000000.0000,0000000.0,26060.41,0.337927,63484.1,0.267,2031-06-01
NK225E    ,OOP,203106,39500.0,            ,186069518,0000000.0000,0000000.0,3282.03,0.266539,196069518,0000000.0000,0000000.0,25884.4,0.336694,63484.1,0.267,2031-06-01
NK225E    ,OOP,203106,39750.0,            ,186069718,0000000.0000,0000000.0,3338.44,0.265859,196069718,0000000.0000,0000000.0,25708.92,0.335457,63484.1,0.267,2031-06-01
NK225E    ,OOP,203106,40000.0,            ,186060018,0000000.0000,0000000.0,3395.41,0.26534,196060018,0000000.0000,0000000.0,25533.98,0.334215,63484.1,0.267,2031-06-01
NK225E    ,OOP,203106,40250.0,            ,186060218,0000000.0000,0000000.0,3454.6,0.264802,196060218,0000000.0000,0000000.0,25361.28,0.333128,63484.1,0.267,2031-06-01
NK225E    ,OOP,203106,40500.0,            ,186060518,0000000.0000,0000000.0,3514.35,0.264246,196060518,0000000.0000,0000000.0,25189.13,0.331876,63484.1,0.267,2031-06-01
NK225E    ,OOP,203106,40750.0,            ,186060718,0000000.0000,0000000.0,3574.66,0.263671,196060718,0000000.0000,0000000.0,25017.54,0.330777,63484.1,0.267,2031-06-01
NK225E    ,OOP,203106,41000.0,            ,186061018,0000000.0000,0000000.0,3635.52,0.263079,196061018,0000000.0000,0000000.0,24846.5,0.329672,63484.1,0.267,2031-06-01
NK225E    ,OOP,203106,41250.0,            ,186061218,0000000.0000,0000000.0,3698.5,0.262639,196061218,0000000.0000,0000000.0,24677.59,0.32856,63484.1,0.267,2031-06-01
NK225E    ,OOP,203106,41500.0,            ,186061518,0000000.0000,0000000.0,3762.08,0.262179,196061518,0000000.0000,0000000.0,24509.26,0.327597,63484.1,0.267,2031-06-01
NK225E    ,OOP,203106,41750.0,            ,186061718,0000000.0000,0000000.0,3826.24,0.2617,196061718,0000000.0000,0000000.0,24341.53,0.326472,63484.1,0.267,2031-06-01
NK225E    ,OOP,203106,42000.0,            ,186062018,0000000.0000,0000000.0,3891.03,0.261202,196062018,0000000.0000,0000000.0,24174.41,0.325493,63484.1,0.267,2031-06-01
NK225E    ,OOP,203106,42250.0,            ,186062218,0000000.0000,0000000.0,3957.78,0.260686,196062218,0000000.0000,0000000.0,24009.26,0.324506,63484.1,0.267,2031-06-01
NK225E    ,OOP,203106,42500.0,            ,186062518,0000000.0000,0000000.0,4025.18,0.260312,196062518,0000000.0000,0000000.0,23844.76,0.323511,63484.1,0.267,2031-06-01
NK225E    ,OOP,203106,42750.0,            ,186062718,0000000.0000,0000000.0,4093.19,0.259918,196062718,0000000.0000,0000000.0,23680.88,0.322657,63484.1,0.267,2031-06-01
NK225E    ,OOP,203106,43000.0,            ,186063018,0000000.0000,0000000.0,4161.82,0.259348,196063018,0000000.0000,0000000.0,23517.61,0.321646,63484.1,0.267,2031-06-01
NK225E    ,OOP,203106,43250.0,            ,186063218,0000000.0000,0000000.0,4232.31,0.259072,196063218,0000000.0000,0000000.0,23356.2,0.320774,63484.1,0.267,2031-06-01
NK225E    ,OOP,203106,43500.0,            ,186063518,0000000.0000,0000000.0,4303.46,0.258621,196063518,0000000.0000,0000000.0,23195.45,0.319893,63484.1,0.267,2031-06-01
NK225E    ,OOP,203106,43750.0,            ,186063718,0000000.0000,0000000.0,4375.22,0.258151,196063718,0000000.0000,0000000.0,23035.31,0.319003,63484.1,0.267,2031-06-01
NK225E    ,OOP,203106,44000.0,            ,186064018,0000000.0000,0000000.0,4447.65,0.257816,196064018,0000000.0000,0000000.0,22875.85,0.318103,63484.1,0.267,2031-06-01
NK225E    ,OOP,203106,44250.0,            ,186064218,0000000.0000,0000000.0,4521.8,0.25746,196064218,0000000.0000,0000000.0,22718.1,0.317196,63484.1,0.267,2031-06-01
NK225E    ,OOP,203106,44500.0,            ,186064518,0000000.0000,0000000.0,4596.61,0.257085,196064518,0000000.0000,0000000.0,22561.01,0.316421,63484.1,0.267,2031-06-01
NK225E    ,OOP,203106,44750.0,            ,186064718,0000000.0000,0000000.0,4672.07,0.256691,196064718,0000000.0000,0000000.0,22404.57,0.315636,63484.1,0.267,2031-06-01
NK225E    ,OOP,203106,45000.0,            ,186065018,0000000.0000,0000000.0,4748.23,0.256279,196065018,0000000.0000,0000000.0,22248.82,0.314841,63484.1,0.267,2031-06-01
NK225E    ,OOP,203106,45250.0,            ,186065218,0000000.0000,0000000.0,4825.94,0.255994,196065218,0000000.0000,0000000.0,22094.64,0.314036,63484.1,0.267,2031-06-01
NK225E    ,OOP,203106,45500.0,            ,186065518,0000000.0000,0000000.0,4904.36,0.255545,196065518,0000000.0000,0000000.0,21941.17,0.313221,63484.1,0.267,2031-06-01
NK225E    ,OOP,203106,45750.0,            ,186065718,0000000.0000,0000000.0,4983.46,0.255221,196065718,0000000.0000,0000000.0,21788.36,0.312534,63484.1,0.267,2031-06-01
NK225E    ,OOP,203106,46000.0,            ,186066018,0000000.0000,0000000.0,5063.22,0.254879,196066018,0000000.0000,0000000.0,21636.22,0.3117,63484.1,0.267,2031-06-01
NK225E    ,OOP,203106,46250.0,            ,186066218,0000000.0000,0000000.0,5144.45,0.254518,196066218,0000000.0000,0000000.0,21485.55,0.310992,63484.1,0.267,2031-06-01
NK225E    ,OOP,203106,46500.0,            ,136186518,0000000.0000,0000000.0,5226.35,0.254278,146186518,0000000.0000,0000000.0,21335.56,0.310273,63484.1,0.267,2031-06-01
NK225E    ,OOP,203106,46750.0,            ,136186718,0000000.0000,0000000.0,5308.94,0.25388,146186718,0000000.0000,0000000.0,21186.25,0.309543,63484.1,0.267,2031-06-01
NK225E    ,OOP,203106,47000.0,            ,136187018,0000000.0000,0000000.0,5392.21,0.253602,146187018,0000000.0000,0000000.0,21037.61,0.308804,63484.1,0.267,2031-06-01
NK225E    ,OOP,203106,47250.0,            ,136187218,0000000.0000,0000000.0,5476.82,0.253305,146187218,0000000.0000,0000000.0,20890.33,0.308186,63484.1,0.267,2031-06-01
NK225E    ,OOP,203106,47500.0,            ,136187518,0000000.0000,0000000.0,5562.12,0.25299,146187518,0000000.0000,0000000.0,20743.73,0.307556,63484.1,0.267,2031-06-01
NK225E    ,OOP,203106,47750.0,            ,136187718,0000000.0000,0000000.0,5648.11,0.252656,146187718,0000000.0000,0000000.0,20597.82,0.306785,63484.1,0.267,2031-06-01
NK225E    ,OOP,203106,48000.0,            ,136188018,0000000.0000,0000000.0,5734.79,0.252304,146188018,0000000.0000,0000000.0,20452.6,0.306134,63484.1,0.267,2031-06-01
NK225E    ,OOP,203106,48250.0,            ,136188218,0000000.0000,0000000.0,5822.64,0.252068,146188218,0000000.0000,0000000.0,20308.56,0.305472,63484.1,0.267,2031-06-01
NK225E    ,OOP,203106,48500.0,            ,136188518,0000000.0000,0000000.0,5911.23,0.251681,146188518,0000000.0000,0000000.0,20165.24,0.304928,63484.1,0.267,2031-06-01
NK225E    ,OOP,203106,48750.0,            ,136188718,0000000.0000,0000000.0,6000.51,0.251408,146188718,0000000.0000,0000000.0,20022.62,0.304244,63484.1,0.267,2031-06-01
NK225E    ,OOP,203106,49000.0,            ,136189018,0000000.0000,0000000.0,6090.47,0.251117,146189018,0000000.0000,0000000.0,19880.69,0.303676,63484.1,0.267,2031-06-01
NK225E    ,OOP,203106,49250.0,            ,136189218,0000000.0000,0000000.0,6181.52,0.250809,146189218,0000000.0000,0000000.0,19739.84,0.303097,63484.1,0.267,2031-06-01
NK225E    ,OOP,203106,49500.0,            ,136189518,0000000.0000,0000000.0,6273.26,0.250611,146189518,0000000.0000,0000000.0,19599.68,0.30238,63484.1,0.267,2031-06-01
NK225E    ,OOP,203106,49750.0,            ,136189718,0000000.0000,0000000.0,6365.69,0.250267,146189718,0000000.0000,0000000.0,19460.21,0.301779,63484.1,0.267,2031-06-01
NK225E    ,OOP,203106,50000.0,            ,136180018,0000000.0000,0000000.0,6458.77,0.250033,146180018,0000000.0000,0000000.0,19321.39,0.301291,63484.1,0.267,2031-06-01
NK225E    ,OOP,203106,50250.0,            ,136180218,0000000.0000,0000000.0,6552.9,0.249655,146180218,0000000.0000,0000000.0,19183.63,0.300667,63484.1,0.267,2031-06-01
NK225E    ,OOP,203106,50500.0,            ,136180518,0000000.0000,0000000.0,6647.65,0.249386,146180518,0000000.0000,0000000.0,19046.47,0.300155,63484.1,0.267,2031-06-01
NK225E    ,OOP,203106,50750.0,            ,136180718,0000000.0000,0000000.0,6743.16,0.2491,146180718,0000000.0000,0000000.0,18910.08,0.299509,63484.1,0.267,2031-06-01
NK225E    ,OOP,203106,51000.0,            ,136181018,0000000.0000,0000000.0,6839.28,0.248798,146181018,0000000.0000,0000000.0,18774.3,0.298974,63484.1,0.267,2031-06-01
NK225E    ,OOP,203106,51250.0,            ,136181218,0000000.0000,0000000.0,6936.33,0.2486,146181218,0000000.0000,0000000.0,18639.45,0.298428,63484.1,0.267,2031-06-01
NK225E    ,OOP,203106,51500.0,            ,136181518,0000000.0000,0000000.0,7033.99,0.248264,146181518,0000000.0000,0000000.0,18505.21,0.29787,63484.1,0.267,2031-06-01
NK225E    ,OOP,203106,51750.0,            ,136181718,0000000.0000,0000000.0,7132.41,0.248032,146181718,0000000.0000,0000000.0,18371.74,0.297301,63484.1,0.267,2031-06-01
NK225E    ,OOP,203106,52000.0,            ,136182018,0000000.0000,0000000.0,7231.48,0.247664,146182018,0000000.0000,0000000.0,18238.91,0.296722,63484.1,0.267,2031-06-01
NK225E    ,OOP,203106,52250.0,            ,136182218,0000000.0000,0000000.0,7331.28,0.247399,146182218,0000000.0000,0000000.0,18106.81,0.29625,63484.1,0.267,2031-06-01
NK225E    ,OOP,203106,52500.0,            ,136182518,0000000.0000,0000000.0,7431.79,0.247118,146182518,0000000.0000,0000000.0,17975.43,0.295766,63484.1,0.267,2031-06-01
NK225E    ,OOP,203106,52750.0,            ,136182718,0000000.0000,0000000.0,7532.99,0.246821,146182718,0000000.0000,0000000.0,17844.73,0.295153,63484.1,0.267,2031-06-01
NK225E    ,OOP,203106,53000.0,            ,136183018,0000000.0000,0000000.0,7634.83,0.246625,146183018,0000000.0000,0000000.0,17714.66,0.294647,63484.1,0.267,2031-06-01
NK225E    ,OOP,203106,53250.0,            ,136183218,0000000.0000,0000000.0,7737.34,0.246296,146183218,0000000.0000,0000000.0,17585.28,0.29413,63484.1,0.267,2031-06-01
NK225E    ,OOP,203106,53500.0,            ,136183518,0000000.0000,0000000.0,7840.62,0.246068,146183518,0000000.0000,0000000.0,17456.66,0.293601,63484.1,0.267,2031-06-01
NK225E    ,OOP,203106,53750.0,            ,136183718,0000000.0000,0000000.0,7944.53,0.245708,146183718,0000000.0000,0000000.0,17328.66,0.293177,63484.1,0.267,2031-06-01
NK225E    ,OOP,203106,54000.0,            ,136184018,0000000.0000,0000000.0,8049.11,0.245448,146184018,0000000.0000,0000000.0,17201.35,0.292626,63484.1,0.267,2031-06-01
NK225E    ,OOP,203106,54250.0,            ,136184218,0000000.0000,0000000.0,8154.27,0.245172,146184218,0000000.0000,0000000.0,17074.61,0.292179,63484.1,0.267,2031-06-01
NK225E    ,OOP,203106,54500.0,            ,136184518,0000000.0000,0000000.0,8260.06,0.244881,146184518,0000000.0000,0000000.0,16948.5,0.291606,63484.1,0.267,2031-06-01
NK225E    ,OOP,203106,54750.0,            ,136184718,0000000.0000,0000000.0,8366.61,0.244575,146184718,0000000.0000,0000000.0,16823.15,0.291137,63484.1,0.267,2031-06-01
NK225E    ,OOP,203106,55000.0,            ,136185018,0000000.0000,0000000.0,8473.73,0.244366,146185018,0000000.0000,0000000.0,16698.37,0.290656,63484.1,0.267,2031-06-01
NK225E    ,OOP,203106,55250.0,            ,136185218,0000000.0000,0000000.0,8581.43,0.244029,146185218,0000000.0000,0000000.0,16574.17,0.290164,63484.1,0.267,2031-06-01
NK225E    ,OOP,203106,55500.0,            ,136185518,0000000.0000,0000000.0,8689.78,0.243678,146185518,0000000.0000,0000000.0,16450.63,0.289662,63484.1,0.267,2031-06-01
NK225E    ,OOP,203106,55750.0,            ,136185718,0000000.0000,0000000.0,8798.8,0.243424,146185718,0000000.0000,0000000.0,16327.75,0.28926,63484.1,0.267,2031-06-01
NK225E    ,OOP,203106,56000.0,            ,136186018,0000000.0000,0000000.0,8908.48,0.243155,146186018,0000000.0000,0000000.0,16205.52,0.288735,63484.1,0.267,2031-06-01
NK225E    ,OOP,203106,56250.0,            ,136186218,0000000.0000,0000000.0,9018.63,0.242871,146186218,0000000.0000,0000000.0,16083.77,0.288311,63484.1,0.267,2031-06-01
NK225E    ,OOP,203106,56500.0,            ,186186518,0000000.0000,0000000.0,9129.43,0.242572,196186518,0000000.0000,0000000.0,15962.68,0.287765,63484.1,0.267,2031-06-01
NK225E    ,OOP,203106,56750.0,            ,186186718,0000000.0000,0000000.0,9240.93,0.242259,196186718,0000000.0000,0000000.0,15842.28,0.287318,63484.1,0.267,2031-06-01
NK225E    ,OOP,203106,57000.0,            ,186187018,0000000.0000,0000000.0,9353.08,0.241931,196187018,0000000.0000,0000000.0,15722.53,0.286861,63484.1,0.267,2031-06-01
NK225E    ,OOP,203106,57250.0,            ,186187218,0000000.0000,0000000.0,9465.6,0.241698,196187218,0000000.0000,0000000.0,15603.15,0.286393,63484.1,0.267,2031-06-01
NK225E    ,OOP,203106,57500.0,            ,186187518,0000000.0000,0000000.0,9578.81,0.241342,196187518,0000000.0000,0000000.0,15484.47,0.285914,63484.1,0.267,2031-06-01
NK225E    ,OOP,203106,57750.0,            ,186187718,0000000.0000,0000000.0,9692.67,0.24108,196187718,0000000.0000,0000000.0,15366.42,0.285425,63484.1,0.267,2031-06-01
NK225E    ,OOP,203106,58000.0,            ,186188018,0000000.0000,0000000.0,9807.16,0.240804,196188018,0000000.0000,0000000.0,15249.02,0.285033,63484.1,0.267,2031-06-01
NK225E    ,OOP,203106,58250.0,            ,186188218,0000000.0000,0000000.0,9922.07,0.240406,196188218,0000000.0000,0000000.0,15132.02,0.284522,63484.1,0.267,2031-06-01
NK225E    ,OOP,203106,58500.0,            ,186188518,0000000.0000,0000000.0,10037.65,0.240102,196188518,0000000.0000,0000000.0,15015.71,0.284108,63484.1,0.267,2031-06-01
NK225E    ,OOP,203106,58750.0,            ,186188718,0000000.0000,0000000.0,10153.83,0.23989,196188718,0000000.0000,0000000.0,14899.99,0.283577,63484.1,0.267,2031-06-01
NK225E    ,OOP,203106,59000.0,            ,186189018,0000000.0000,0000000.0,10270.68,0.239558,196189018,0000000.0000,0000000.0,14784.94,0.283142,63484.1,0.267,2031-06-01
NK225E    ,OOP,203106,59250.0,            ,186189218,0000000.0000,0000000.0,10387.93,0.239213,196189218,0000000.0000,0000000.0,14670.3,0.282696,63484.1,0.267,2031-06-01
NK225E    ,OOP,203106,59500.0,            ,186189518,0000000.0000,0000000.0,10505.81,0.238854,196189518,0000000.0000,0000000.0,14556.27,0.28224,63484.1,0.267,2031-06-01
NK225E    ,OOP,203106,59750.0,            ,186189718,0000000.0000,0000000.0,10624.32,0.238586,196189718,0000000.0000,0000000.0,14442.88,0.281774,63484.1,0.267,2031-06-01
NK225E    ,OOP,203106,60000.0,            ,186180018,0000000.0000,0000000.0,10743.5,0.238305,196180018,0000000.0000,0000000.0,14330.16,0.281402,63484.1,0.267,2031-06-01
NK225E    ,OOP,203106,60250.0,            ,186180218,0000000.0000,0000000.0,10863.06,0.237907,196180218,0000000.0000,0000000.0,14217.82,0.280915,63484.1,0.267,2031-06-01
NK225E    ,OOP,203106,60500.0,            ,186180518,0000000.0000,0000000.0,10983.24,0.237599,196180518,0000000.0000,0000000.0,14106.11,0.280522,63484.1,0.267,2031-06-01
NK225E    ,OOP,203106,60750.0,            ,186180718,0000000.0000,0000000.0,11103.99,0.237278,196180718,0000000.0000,0000000.0,13994.96,0.280014,63484.1,0.267,2031-06-01
NK225E    ,OOP,203106,61000.0,            ,186181018,0000000.0000,0000000.0,11225.51,0.236944,196181018,0000000.0000,0000000.0,13884.58,0.2796,63484.1,0.267,2031-06-01
NK225E    ,OOP,203106,61250.0,            ,186181218,0000000.0000,0000000.0,11347.4,0.236699,196181218,0000000.0000,0000000.0,13774.57,0.279176,63484.1,0.267,2031-06-01
NK225E    ,OOP,203106,61500.0,            ,186181518,0000000.0000,0000000.0,11469.95,0.236339,196181518,0000000.0000,0000000.0,13665.22,0.278742,63484.1,0.267,2031-06-01
NK225E    ,OOP,203106,61750.0,            ,186181718,0000000.0000,0000000.0,11593.06,0.235965,196181718,0000000.0000,0000000.0,13556.43,0.278297,63484.1,0.267,2031-06-01
NK225E    ,OOP,203106,62000.0,            ,186182018,0000000.0000,0000000.0,11716.79,0.235682,196182018,0000000.0000,0000000.0,13448.26,0.277842,63484.1,0.267,2031-06-01
NK225E    ,OOP,203106,62250.0,            ,186182218,0000000.0000,0000000.0,11841.07,0.235385,196182218,0000000.0000,0000000.0,13340.64,0.277377,63484.1,0.267,2031-06-01
NK225E    ,OOP,203106,62500.0,            ,186182518,0000000.0000,0000000.0,11965.86,0.235075,196182518,0000000.0000,0000000.0,13233.53,0.277005,63484.1,0.267,2031-06-01
NK225E    ,OOP,203106,62750.0,            ,186182718,0000000.0000,0000000.0,12091.35,0.234651,196182718,0000000.0000,0000000.0,13127.13,0.276519,63484.1,0.267,2031-06-01
NK225E    ,OOP,203106,63000.0,            ,186183018,0000000.0000,0000000.0,12217.45,0.234416,196183018,0000000.0000,0000000.0,13021.32,0.276126,63484.1,0.267,2031-06-01
NK225E    ,OOP,203106,63250.0,            ,186183218,0000000.0000,0000000.0,12344.04,0.234068,196183218,0000000.0000,0000000.0,12916.02,0.275723,63484.1,0.267,2031-06-01
NK225E    ,OOP,203106,63500.0,            ,186183518,0000000.0000,0000000.0,12471.29,0.233708,196183518,0000000.0000,0000000.0,12811.37,0.27531,63484.1,0.267,2031-06-01
NK225E    ,OOP,203106,63750.0,            ,186183718,0000000.0000,0000000.0,12599.13,0.233335,196183718,0000000.0000,0000000.0,12707.31,0.274887,63484.1,0.267,2031-06-01
NK225E    ,OOP,203106,64000.0,            ,186184018,0000000.0000,0000000.0,12727.57,0.233049,196184018,0000000.0000,0000000.0,12603.85,0.274453,63484.1,0.267,2031-06-01
NK225E    ,OOP,203106,64250.0,            ,186184218,0000000.0000,0000000.0,12856.65,0.232751,196184218,0000000.0000,0000000.0,12501.03,0.27401,63484.1,0.267,2031-06-01
NK225E    ,OOP,203106,64500.0,            ,186184518,0000000.0000,0000000.0,12986.32,0.232341,196184518,0000000.0000,0000000.0,12398.81,0.273557,63484.1,0.267,2031-06-01
NK225E    ,OOP,203106,64750.0,            ,186184718,0000000.0000,0000000.0,13116.59,0.232018,196184718,0000000.0000,0000000.0,12297.17,0.273194,63484.1,0.267,2031-06-01
NK225E    ,OOP,203106,65000.0,            ,186185018,0000000.0000,0000000.0,13247.44,0.231683,196185018,0000000.0000,0000000.0,12196.13,0.272822,63484.1,0.267,2031-06-01
NK225E    ,OOP,203106,65250.0,            ,186185218,0000000.0000,0000000.0,13378.98,0.231336,196185218,0000000.0000,0000000.0,12095.77,0.272339,63484.1,0.267,2031-06-01
NK225E    ,OOP,203106,65500.0,            ,186185518,0000000.0000,0000000.0,13511.16,0.231075,196185518,0000000.0000,0000000.0,11996.05,0.271947,63484.1,0.267,2031-06-01
NK225E    ,OOP,203106,65750.0,            ,186185718,0000000.0000,0000000.0,13643.92,0.230704,196185718,0000000.0000,0000000.0,11896.91,0.271544,63484.1,0.267,2031-06-01
NK225E    ,OOP,203106,66000.0,            ,186186018,0000000.0000,0000000.0,13777.26,0.230418,196186018,0000000.0000,0000000.0,11798.35,0.271132,63484.1,0.267,2031-06-01
NK225E    ,OOP,203106,66250.0,            ,186186218,0000000.0000,0000000.0,13911.39,0.230022,196186218,0000000.0000,0000000.0,11700.58,0.27081,63484.1,0.267,2031-06-01
NK225E    ,OOP,203106,66500.0,            ,136306518,0000000.0000,0000000.0,14046.15,0.229713,146306518,0000000.0000,0000000.0,11603.44,0.270378,63484.1,0.267,2031-06-01
NK225E    ,OOP,203106,66750.0,            ,136306718,0000000.0000,0000000.0,14181.43,0.229391,146306718,0000000.0000,0000000.0,11506.82,0.270036,63484.1,0.267,2031-06-01
NK225E    ,OOP,203106,67000.0,            ,136307018,0000000.0000,0000000.0,14317.34,0.229057,146307018,0000000.0000,0000000.0,11410.83,0.269585,63484.1,0.267,2031-06-01
NK225E    ,OOP,203106,67250.0,            ,136307218,0000000.0000,0000000.0,14454.17,0.228712,146307218,0000000.0000,0000000.0,11315.77,0.269223,63484.1,0.267,2031-06-01
NK225E    ,OOP,203106,67500.0,            ,136307518,0000000.0000,0000000.0,14591.59,0.228354,146307518,0000000.0000,0000000.0,11221.28,0.268851,63484.1,0.267,2031-06-01
NK225E    ,OOP,203106,67750.0,            ,136307718,0000000.0000,0000000.0,14729.57,0.228082,146307718,0000000.0000,0000000.0,11127.36,0.26847,63484.1,0.267,2031-06-01
NK225E    ,OOP,203106,68000.0,            ,136308018,0000000.0000,0000000.0,14868.17,0.227701,146308018,0000000.0000,0000000.0,11034.07,0.268079,63484.1,0.267,2031-06-01
NK225E    ,OOP,203106,68250.0,            ,136308218,0000000.0000,0000000.0,15007.8,0.227405,146308218,0000000.0000,0000000.0,10941.8,0.267777,63484.1,0.267,2031-06-01
NK225E    ,OOP,203106,68500.0,            ,136308518,0000000.0000,0000000.0,15147.99,0.227098,146308518,0000000.0000,0000000.0,10850.09,0.267366,63484.1,0.267,2031-06-01
NK225E    ,OOP,203106,68750.0,            ,136308718,0000000.0000,0000000.0,15288.75,0.226779,146308718,0000000.0000,0000000.0,10758.95,0.267045,63484.1,0.267,2031-06-01
NK225E    ,OOP,203106,69000.0,            ,136309018,0000000.0000,0000000.0,15430.07,0.226447,146309018,0000000.0000,0000000.0,10668.37,0.266615,63484.1,0.267,2031-06-01
NK225E    ,OOP,203106,69250.0,            ,136309218,0000000.0000,0000000.0,15572.57,0.226105,146309218,0000000.0000,0000000.0,10578.97,0.266274,63484.1,0.267,2031-06-01
NK225E    ,OOP,203106,69500.0,            ,136309518,0000000.0000,0000000.0,15715.67,0.225847,146309518,0000000.0000,0000000.0,10490.18,0.265924,63484.1,0.267,2031-06-01
NK225E    ,OOP,203106,69750.0,            ,136309718,0000000.0000,0000000.0,15859.33,0.225481,146309718,0000000.0000,0000000.0,10401.94,0.265661,63484.1,0.267,2031-06-01
NK225E    ,OOP,203106,70000.0,            ,136300018,0000000.0000,0000000.0,16003.55,0.225201,146300018,0000000.0000,0000000.0,10314.26,0.265292,63484.1,0.267,2031-06-01
NK225E    ,OOP,203106,70250.0,            ,136300218,0000000.0000,0000000.0,16149.09,0.224908,146300218,0000000.0000,0000000.0,10227.9,0.26501,63484.1,0.267,2031-06-01
NK225E    ,OOP,203106,70500.0,            ,136300518,0000000.0000,0000000.0,16295.18,0.224604,146300518,0000000.0000,0000000.0,10142.09,0.264621,63484.1,0.267,2031-06-01
NK225E    ,OOP,203106,70750.0,            ,136300718,0000000.0000,0000000.0,16441.83,0.224289,146300718,0000000.0000,0000000.0,10056.84,0.264321,63484.1,0.267,2031-06-01
NK225E    ,OOP,203106,71000.0,            ,136301018,0000000.0000,0000000.0,16589.07,0.224059,146301018,0000000.0000,0000000.0,9972.18,0.264011,63484.1,0.267,2031-06-01
NK225E    ,OOP,203106,71250.0,            ,136301218,0000000.0000,0000000.0,16737.78,0.22372,146301218,0000000.0000,0000000.0,9888.99,0.263691,63484.1,0.267,2031-06-01
NK225E    ,OOP,203106,71500.0,            ,136301518,0000000.0000,0000000.0,16887.03,0.223467,146301518,0000000.0000,0000000.0,9806.34,0.26346,63484.1,0.267,2031-06-01
NK225E    ,OOP,203106,71750.0,            ,136301718,0000000.0000,0000000.0,17036.83,0.223203,146301718,0000000.0000,0000000.0,9724.24,0.263121,63484.1,0.267,2031-06-01
NK225E    ,OOP,203106,72000.0,            ,136302018,0000000.0000,0000000.0,17187.21,0.222927,146302018,0000000.0000,0000000.0,9642.73,0.262871,63484.1,0.267,2031-06-01
NK225E    ,OOP,203106,72250.0,            ,136302218,0000000.0000,0000000.0,17339.21,0.222639,146302218,0000000.0000,0000000.0,9562.83,0.262514,63484.1,0.267,2031-06-01
NK225E    ,OOP,203106,72500.0,            ,136302518,0000000.0000,0000000.0,17491.75,0.22234,146302518,0000000.0000,0000000.0,9483.47,0.262245,63484.1,0.267,2031-06-01
NK225E    ,OOP,203106,72750.0,            ,136302718,0000000.0000,0000000.0,17644.82,0.222127,146302718,0000000.0000,0000000.0,9404.64,0.262063,63484.1,0.267,2031-06-01
NK225E    ,OOP,203106,73000.0,            ,136303018,0000000.0000,0000000.0,17798.47,0.221903,146303018,0000000.0000,0000000.0,9326.39,0.261776,63484.1,0.267,2031-06-01
NK225E    ,OOP,203106,73250.0,            ,136303218,0000000.0000,0000000.0,17953.93,0.221668,146303218,0000000.0000,0000000.0,9249.95,0.261479,63484.1,0.267,2031-06-01
NK225E    ,OOP,203106,73500.0,            ,136303518,0000000.0000,0000000.0,18109.92,0.221421,146303518,0000000.0000,0000000.0,9174.04,0.26127,63484.1,0.267,2031-06-01
NK225E    ,OOP,203106,73750.0,            ,136303718,0000000.0000,0000000.0,18266.43,0.221163,146303718,0000000.0000,0000000.0,9098.65,0.261051,63484.1,0.267,2031-06-01
NK225E    ,OOP,203106,74000.0,            ,136304018,0000000.0000,0000000.0,18423.51,0.220894,146304018,0000000.0000,0000000.0,9023.84,0.260824,63484.1,0.267,2031-06-01
NK225E    ,OOP,203106,74250.0,            ,136304218,0000000.0000,0000000.0,18582.55,0.220711,146304218,0000000.0000,0000000.0,8950.97,0.260587,63484.1,0.267,2031-06-01
NK225E    ,OOP,203106,74500.0,            ,136304518,0000000.0000,0000000.0,18742.1,0.220517,146304518,0000000.0000,0000000.0,8878.63,0.260438,63484.1,0.267,2031-06-01
NK225E    ,OOP,203106,74750.0,            ,136304718,0000000.0000,0000000.0,18902.16,0.220312,146304718,0000000.0000,0000000.0,8806.79,0.260184,63484.1,0.267,2031-06-01
NK225E    ,OOP,203106,75000.0,            ,136305018,0000000.0000,0000000.0,19062.78,0.220096,146305018,0000000.0000,0000000.0,8735.51,0.260017,63484.1,0.267,2031-06-01
NK225E    ,OOP,203106,75250.0,            ,136305218,0000000.0000,0000000.0,19225.55,0.219869,146305218,0000000.0000,0000000.0,8666.38,0.259841,63484.1,0.267,2031-06-01
NK225E    ,OOP,203106,75500.0,            ,136305518,0000000.0000,0000000.0,19388.82,0.219729,146305518,0000000.0000,0000000.0,8597.75,0.259656,63484.1,0.267,2031-06-01
NK225E    ,OOP,203106,75750.0,            ,136305718,0000000.0000,0000000.0,19552.58,0.219481,146305718,0000000.0000,0000000.0,8529.62,0.259463,63484.1,0.267,2031-06-01
NK225E    ,OOP,203106,76000.0,            ,136306018,0000000.0000,0000000.0,19716.9,0.219319,146306018,0000000.0000,0000000.0,8462.03,0.259357,63484.1,0.267,2031-06-01
NK225E    ,OOP,203106,76250.0,            ,136306218,0000000.0000,0000000.0,19886.88,0.219245,146306218,0000000.0000,0000000.0,8400.12,0.259243,63484.1,0.267,2031-06-01
NK225E    ,OOP,203106,80000.0,            ,186300018,0000000.0000,0000000.0,22493.29,0.218086,196300018,0000000.0000,0000000.0,7528.04,0.258549,63484.1,0.267,2031-06-01
NK225E    ,OOP,203112,18000.0,            ,136128018,0000000.0000,0000000.0,394.65,0.317551,146128018,0000000.0000,0000000.0,42689.34,0.542558,63484.1,0.267,2031-12-01
NK225E    ,OOP,203112,19000.0,            ,136129018,0000000.0000,0000000.0,483.75,0.317166,146129018,0000000.0000,0000000.0,41858.14,0.526099,63484.1,0.267,2031-12-01
NK225E    ,OOP,203112,20000.0,            ,136120018,0000000.0000,0000000.0,584.55,0.317351,146120018,0000000.0000,0000000.0,41038.65,0.511215,63484.1,0.267,2031-12-01
NK225E    ,OOP,203112,21000.0,            ,136121018,0000000.0000,0000000.0,697.46,0.316732,146121018,0000000.0000,0000000.0,40231.26,0.498013,63484.1,0.267,2031-12-01
NK225E    ,OOP,203112,22000.0,            ,136122018,0000000.0000,0000000.0,822.81,0.316538,146122018,0000000.0000,0000000.0,39436.31,0.485985,63484.1,0.267,2031-12-01
NK225E    ,OOP,203112,23000.0,            ,136123018,0000000.0000,0000000.0,960.89,0.316613,146123018,0000000.0000,0000000.0,38654.09,0.474991,63484.1,0.267,2031-12-01
NK225E    ,OOP,203112,24000.0,            ,136124018,0000000.0000,0000000.0,1111.92,0.31605,146124018,0000000.0000,0000000.0,37884.82,0.465177,63484.1,0.267,2031-12-01
NK225E    ,OOP,203112,25000.0,            ,136125018,0000000.0000,0000000.0,1276.08,0.31611,146125018,0000000.0000,0000000.0,37128.68,0.456149,63484.1,0.267,2031-12-01
NK225E    ,OOP,203112,26000.0,            ,136126018,0000000.0000,0000000.0,1453.5,0.315951,146126018,0000000.0000,0000000.0,36385.8,0.448063,63484.1,0.267,2031-12-01
NK225E    ,OOP,203112,27000.0,            ,136127018,0000000.0000,0000000.0,1644.27,0.315617,146127018,0000000.0000,0000000.0,35656.27,0.440579,63484.1,0.267,2031-12-01
NK225E    ,OOP,203112,27250.0,            ,186127218,0000000.0000,0000000.0,1663.19,0.313651,196127218,0000000.0000,0000000.0,35445.12,0.437621,63484.1,0.267,2031-12-01
NK225E    ,OOP,203112,27500.0,            ,186127518,0000000.0000,0000000.0,1681.98,0.312001,196127518,0000000.0000,0000000.0,35233.84,0.434459,63484.1,0.267,2031-12-01
NK225E    ,OOP,203112,27750.0,            ,186127718,0000000.0000,0000000.0,1700.66,0.310053,196127718,0000000.0000,0000000.0,35022.44,0.431328,63484.1,0.267,2031-12-01
NK225E    ,OOP,203112,28000.0,            ,186128018,0000000.0000,0000000.0,1719.23,0.308116,196128018,0000000.0000,0000000.0,34810.93,0.428226,63484.1,0.267,2031-12-01
NK225E    ,OOP,203112,28250.0,            ,136128218,0000000.0000,0000000.0,1741.16,0.306482,146128218,0000000.0000,0000000.0,34602.79,0.425377,63484.1,0.267,2031-12-01
NK225E    ,OOP,203112,28500.0,            ,136128518,0000000.0000,0000000.0,1763.04,0.30485,146128518,0000000.0000,0000000.0,34394.6,0.422553,63484.1,0.267,2031-12-01
NK225E    ,OOP,203112,28750.0,            ,136128718,0000000.0000,0000000.0,1784.88,0.303222,146128718,0000000.0000,0000000.0,34186.37,0.419753,63484.1,0.267,2031-12-01
NK225E    ,OOP,203112,29000.0,            ,186129018,0000000.0000,0000000.0,1806.69,0.301597,196129018,0000000.0000,0000000.0,33978.1,0.416976,63484.1,0.267,2031-12-01
NK225E    ,OOP,203112,29250.0,            ,136129218,0000000.0000,0000000.0,1831.77,0.299975,146129218,0000000.0000,0000000.0,33773.11,0.414221,63484.1,0.267,2031-12-01
NK225E    ,OOP,203112,29500.0,            ,136129518,0000000.0000,0000000.0,1856.91,0.298631,146129518,0000000.0000,0000000.0,33568.17,0.411704,63484.1,0.267,2031-12-01
NK225E    ,OOP,203112,29750.0,            ,136129718,0000000.0000,0000000.0,1882.04,0.297012,146129718,0000000.0000,0000000.0,33363.23,0.408992,63484.1,0.267,2031-12-01
NK225E    ,OOP,203112,30000.0,            ,186120018,0000000.0000,0000000.0,1907.22,0.295664,196120018,0000000.0000,0000000.0,33158.33,0.406512,63484.1,0.267,2031-12-01
NK225E    ,OOP,203112,30250.0,            ,136120218,0000000.0000,0000000.0,1935.6,0.294313,146120218,0000000.0000,0000000.0,32956.63,0.404049,63484.1,0.267,2031-12-01
NK225E    ,OOP,203112,30500.0,            ,136120518,0000000.0000,0000000.0,1964.09,0.292959,146120518,0000000.0000,0000000.0,32755.05,0.401603,63484.1,0.267,2031-12-01
NK225E    ,OOP,203112,30750.0,            ,136120718,0000000.0000,0000000.0,1992.65,0.291602,146120718,0000000.0000,0000000.0,32553.54,0.399174,63484.1,0.267,2031-12-01
NK225E    ,OOP,203112,31000.0,            ,186121018,0000000.0000,0000000.0,2021.33,0.290242,196121018,0000000.0000,0000000.0,32352.15,0.396761,63484.1,0.267,2031-12-01
NK225E    ,OOP,203112,31250.0,            ,136121218,0000000.0000,0000000.0,2053.12,0.289132,146121218,0000000.0000,0000000.0,32153.85,0.394566,63484.1,0.267,2031-12-01
NK225E    ,OOP,203112,31500.0,            ,136121518,0000000.0000,0000000.0,2085.06,0.288013,146121518,0000000.0000,0000000.0,31955.73,0.392383,63484.1,0.267,2031-12-01
NK225E    ,OOP,203112,31750.0,            ,136121718,0000000.0000,0000000.0,2117.18,0.286639,146121718,0000000.0000,0000000.0,31757.76,0.390014,63484.1,0.267,2031-12-01
NK225E    ,OOP,203112,32000.0,            ,186122018,0000000.0000,0000000.0,2149.48,0.285507,196122018,0000000.0000,0000000.0,31559.99,0.387856,63484.1,0.267,2031-12-01
NK225E    ,OOP,203112,32250.0,            ,136122218,0000000.0000,0000000.0,2184.78,0.284607,146122218,0000000.0000,0000000.0,31365.21,0.385904,63484.1,0.267,2031-12-01
NK225E    ,OOP,203112,32500.0,            ,136122518,0000000.0000,0000000.0,2220.31,0.283457,146122518,0000000.0000,0000000.0,31170.67,0.383768,63484.1,0.267,2031-12-01
NK225E    ,OOP,203112,32750.0,            ,136122718,0000000.0000,0000000.0,2256.07,0.282534,146122718,0000000.0000,0000000.0,30976.36,0.381833,63484.1,0.267,2031-12-01
NK225E    ,OOP,203112,33000.0,            ,186123018,0000000.0000,0000000.0,2292.09,0.281367,196123018,0000000.0000,0000000.0,30782.3,0.379717,63484.1,0.267,2031-12-01
NK225E    ,OOP,203112,33250.0,            ,136123218,0000000.0000,0000000.0,2330.98,0.280422,146123218,0000000.0000,0000000.0,30591.12,0.377799,63484.1,0.267,2031-12-01
NK225E    ,OOP,203112,33500.0,            ,136123518,0000000.0000,0000000.0,2370.19,0.279465,146123518,0000000.0000,0000000.0,30400.25,0.375889,63484.1,0.267,2031-12-01
NK225E    ,OOP,203112,33750.0,            ,136123718,0000000.0000,0000000.0,2409.67,0.278497,146123718,0000000.0000,0000000.0,30209.66,0.373986,63484.1,0.267,2031-12-01
NK225E    ,OOP,203112,34000.0,            ,186124018,0000000.0000,0000000.0,2449.47,0.277739,196124018,0000000.0000,0000000.0,30019.38,0.372274,63484.1,0.267,2031-12-01
NK225E    ,OOP,203112,34250.0,            ,136124218,0000000.0000,0000000.0,2492.05,0.276747,146124218,0000000.0000,0000000.0,29831.89,0.370383,63484.1,0.267,2031-12-01
NK225E    ,OOP,203112,34500.0,            ,136124518,0000000.0000,0000000.0,2534.98,0.27596,146124518,0000000.0000,0000000.0,29644.75,0.36868,63484.1,0.267,2031-12-01
NK225E    ,OOP,203112,34750.0,            ,136124718,0000000.0000,0000000.0,2578.27,0.275158,146124718,0000000.0000,0000000.0,29457.96,0.36698,63484.1,0.267,2031-12-01
NK225E    ,OOP,203112,35000.0,            ,186125018,0000000.0000,0000000.0,2621.93,0.274343,196125018,0000000.0000,0000000.0,29271.55,0.365285,63484.1,0.267,2031-12-01
NK225E    ,OOP,203112,35250.0,            ,136125218,0000000.0000,0000000.0,2668.24,0.27372,146125218,0000000.0000,0000000.0,29087.78,0.363592,63484.1,0.267,2031-12-01
NK225E    ,OOP,203112,35500.0,            ,136125518,0000000.0000,0000000.0,2714.95,0.272875,146125518,0000000.0000,0000000.0,28904.42,0.362079,63484.1,0.267,2031-12-01
NK225E    ,OOP,203112,35750.0,            ,136125718,0000000.0000,0000000.0,2762.07,0.272219,146125718,0000000.0000,0000000.0,28721.47,0.360566,63484.1,0.267,2031-12-01
NK225E    ,OOP,203112,36000.0,            ,186126018,0000000.0000,0000000.0,2809.63,0.271346,196126018,0000000.0000,0000000.0,28538.95,0.358882,63484.1,0.267,2031-12-01
NK225E    ,OOP,203112,36250.0,            ,136126218,0000000.0000,0000000.0,2859.7,0.270857,146126218,0000000.0000,0000000.0,28358.94,0.357371,63484.1,0.267,2031-12-01
NK225E    ,OOP,203112,36500.0,            ,136126518,0000000.0000,0000000.0,2910.22,0.270151,146126518,0000000.0000,0000000.0,28179.39,0.356032,63484.1,0.267,2031-12-01
NK225E    ,OOP,203112,36750.0,            ,136126718,0000000.0000,0000000.0,2961.21,0.269431,146126718,0000000.0000,0000000.0,28000.3,0.354521,63484.1,0.267,2031-12-01
NK225E    ,OOP,203112,37000.0,            ,186127018,0000000.0000,0000000.0,3012.65,0.268886,196127018,0000000.0000,0000000.0,27821.67,0.353012,63484.1,0.267,2031-12-01
NK225E    ,OOP,203112,37250.0,            ,136127218,0000000.0000,0000000.0,3066.48,0.268135,146127218,0000000.0000,0000000.0,27645.42,0.351669,63484.1,0.267,2031-12-01
NK225E    ,OOP,203112,37500.0,            ,136127518,0000000.0000,0000000.0,3120.81,0.267555,146127518,0000000.0000,0000000.0,27469.68,0.350324,63484.1,0.267,2031-12-01
NK225E    ,OOP,203112,37750.0,            ,136127718,0000000.0000,0000000.0,3175.63,0.267142,146127718,0000000.0000,0000000.0,27294.43,0.348977,63484.1,0.267,2031-12-01
NK225E    ,OOP,203112,38000.0,            ,136248018,0000000.0000,0000000.0,3230.99,0.266527,146248018,0000000.0000,0000000.0,27119.71,0.347629,63484.1,0.267,2031-12-01
NK225E    ,OOP,203112,38250.0,            ,186128218,0000000.0000,0000000.0,3288.55,0.265895,196128218,0000000.0000,0000000.0,26947.2,0.346439,63484.1,0.267,2031-12-01
NK225E    ,OOP,203112,38500.0,            ,186128518,0000000.0000,0000000.0,3346.68,0.265425,196128518,0000000.0000,0000000.0,26775.25,0.345245,63484.1,0.267,2031-12-01
NK225E    ,OOP,203112,38750.0,            ,186128718,0000000.0000,0000000.0,3405.35,0.264936,196128718,0000000.0000,0000000.0,26603.85,0.344047,63484.1,0.267,2031-12-01
NK225E    ,OOP,203112,39000.0,            ,136249018,0000000.0000,0000000.0,3464.55,0.264428,146249018,0000000.0000,0000000.0,26432.98,0.342689,63484.1,0.267,2031-12-01
NK225E    ,OOP,203112,39250.0,            ,186129218,0000000.0000,0000000.0,3525.84,0.263902,196129218,0000000.0000,0000000.0,26264.19,0.34164,63484.1,0.267,2031-12-01
NK225E    ,OOP,203112,39500.0,            ,186129518,0000000.0000,0000000.0,3587.72,0.263359,196129518,0000000.0000,0000000.0,26095.99,0.340431,63484.1,0.267,2031-12-01
NK225E    ,OOP,203112,39750.0,            ,186129718,0000000.0000,0000000.0,3650.14,0.262968,196129718,0000000.0000,0000000.0,25928.34,0.339372,63484.1,0.267,2031-12-01
NK225E    ,OOP,203112,40000.0,            ,136240018,0000000.0000,0000000.0,3713.17,0.262557,146240018,0000000.0000,0000000.0,25761.29,0.338155,63484.1,0.267,2031-12-01
NK225E    ,OOP,203112,40250.0,            ,186120218,0000000.0000,0000000.0,3778.12,0.262126,196120218,0000000.0000,0000000.0,25596.17,0.337085,63484.1,0.267,2031-12-01
NK225E    ,OOP,203112,40500.0,            ,186120518,0000000.0000,0000000.0,3843.66,0.261677,196120518,0000000.0000,0000000.0,25431.64,0.33601,63484.1,0.267,2031-12-01
NK225E    ,OOP,203112,40750.0,            ,186120718,0000000.0000,0000000.0,3909.81,0.26121,196120718,0000000.0000,0000000.0,25267.71,0.335078,63484.1,0.267,2031-12-01
NK225E    ,OOP,203112,41000.0,            ,136241018,0000000.0000,0000000.0,3976.55,0.260725,146241018,0000000.0000,0000000.0,25104.37,0.333991,63484.1,0.267,2031-12-01
NK225E    ,OOP,203112,41250.0,            ,186121218,0000000.0000,0000000.0,4045.07,0.260382,196121218,0000000.0000,0000000.0,24942.82,0.333046,63484.1,0.267,2031-12-01
NK225E    ,OOP,203112,41500.0,            ,186121518,0000000.0000,0000000.0,4114.21,0.260019,196121518,0000000.0000,0000000.0,24781.88,0.331948,63484.1,0.267,2031-12-01
NK225E    ,OOP,203112,41750.0,            ,186121718,0000000.0000,0000000.0,4183.97,0.259637,196121718,0000000.0000,0000000.0,24621.57,0.33099,63484.1,0.267,2031-12-01
NK225E    ,OOP,203112,42000.0,            ,136242018,0000000.0000,0000000.0,4254.34,0.259236,146242018,0000000.0000,0000000.0,24461.87,0.330025,63484.1,0.267,2031-12-01
NK225E    ,OOP,203112,42250.0,            ,186122218,0000000.0000,0000000.0,4326.33,0.258817,196122218,0000000.0000,0000000.0,24303.78,0.329196,63484.1,0.267,2031-12-01
NK225E    ,OOP,203112,42500.0,            ,186122518,0000000.0000,0000000.0,4398.99,0.258532,196122518,0000000.0000,0000000.0,24146.36,0.328217,63484.1,0.267,2031-12-01
NK225E    ,OOP,203112,42750.0,            ,186122718,0000000.0000,0000000.0,4472.24,0.258077,196122718,0000000.0000,0000000.0,23989.55,0.327372,63484.1,0.267,2031-12-01
NK225E    ,OOP,203112,43000.0,            ,136243018,0000000.0000,0000000.0,4546.17,0.257754,146243018,0000000.0000,0000000.0,23833.4,0.326379,63484.1,0.267,2031-12-01
NK225E    ,OOP,203112,43250.0,            ,186123218,0000000.0000,0000000.0,4621.52,0.257412,196123218,0000000.0000,0000000.0,23678.67,0.325519,63484.1,0.267,2031-12-01
NK225E    ,OOP,203112,43500.0,            ,186123518,0000000.0000,0000000.0,4697.55,0.257052,196123518,0000000.0000,0000000.0,23524.63,0.324789,63484.1,0.267,2031-12-01
NK225E    ,OOP,203112,43750.0,            ,186123718,0000000.0000,0000000.0,4774.23,0.256674,196123718,0000000.0000,0000000.0,23371.23,0.323913,63484.1,0.267,2031-12-01
NK225E    ,OOP,203112,44000.0,            ,136244018,0000000.0000,0000000.0,4851.55,0.256422,146244018,0000000.0000,0000000.0,23218.48,0.323029,63484.1,0.267,2031-12-01
NK225E    ,OOP,203112,44250.0,            ,186124218,0000000.0000,0000000.0,4930.19,0.256009,196124218,0000000.0000,0000000.0,23067.05,0.322273,63484.1,0.267,2031-12-01
NK225E    ,OOP,203112,44500.0,            ,186124518,0000000.0000,0000000.0,5009.49,0.25572,196124518,0000000.0000,0000000.0,22916.27,0.321373,63484.1,0.267,2031-12-01
NK225E    ,OOP,203112,44750.0,            ,186124718,0000000.0000,0000000.0,5089.44,0.255412,196124718,0000000.0000,0000000.0,22766.15,0.320601,63484.1,0.267,2031-12-01
NK225E    ,OOP,203112,45000.0,            ,136245018,0000000.0000,0000000.0,5170.08,0.255087,146245018,0000000.0000,0000000.0,22616.71,0.319819,63484.1,0.267,2031-12-01
NK225E    ,OOP,203112,45250.0,            ,186125218,0000000.0000,0000000.0,5251.86,0.254744,196125218,0000000.0000,0000000.0,22468.41,0.319161,63484.1,0.267,2031-12-01
NK225E    ,OOP,203112,45500.0,            ,186125518,0000000.0000,0000000.0,5334.32,0.254521,196125518,0000000.0000,0000000.0,22320.8,0.318362,63484.1,0.267,2031-12-01
NK225E    ,OOP,203112,45750.0,            ,186125718,0000000.0000,0000000.0,5417.41,0.254143,196125718,0000000.0000,0000000.0,22173.82,0.317555,63484.1,0.267,2031-12-01
NK225E    ,OOP,203112,46000.0,            ,136246018,0000000.0000,0000000.0,5501.19,0.253883,146246018,0000000.0000,0000000.0,22027.53,0.316869,63484.1,0.267,2031-12-01
NK225E    ,OOP,203112,46250.0,            ,186126218,0000000.0000,0000000.0,5585.98,0.253606,196126218,0000000.0000,0000000.0,21882.23,0.316174,63484.1,0.267,2031-12-01
NK225E    ,OOP,203112,46500.0,            ,186126518,0000000.0000,0000000.0,5671.45,0.25331,196126518,0000000.0000,0000000.0,21737.64,0.31547,63484.1,0.267,2031-12-01
NK225E    ,OOP,203112,46750.0,            ,186126718,0000000.0000,0000000.0,5757.59,0.252998,196126718,0000000.0000,0000000.0,21593.7,0.314757,63484.1,0.267,2031-12-01
NK225E    ,OOP,203112,47000.0,            ,136247018,0000000.0000,0000000.0,5844.39,0.252669,146247018,0000000.0000,0000000.0,21450.42,0.314034,63484.1,0.267,2031-12-01
NK225E    ,OOP,203112,47250.0,            ,136247218,0000000.0000,0000000.0,5932.08,0.252324,146247218,0000000.0000,0000000.0,21308.04,0.313303,63484.1,0.267,2031-12-01
NK225E    ,OOP,203112,47500.0,            ,136247518,0000000.0000,0000000.0,6020.46,0.252091,146247518,0000000.0000,0000000.0,21166.35,0.312689,63484.1,0.267,2031-12-01
NK225E    ,OOP,203112,47750.0,            ,136247718,0000000.0000,0000000.0,6109.47,0.251713,146247718,0000000.0000,0000000.0,21025.28,0.312065,63484.1,0.267,2031-12-01
NK225E    ,OOP,203112,48000.0,            ,186248018,0000000.0000,0000000.0,6199.17,0.251446,196248018,0000000.0000,0000000.0,20884.91,0.311307,63484.1,0.267,2031-12-01
NK225E    ,OOP,203112,48250.0,            ,136248218,0000000.0000,0000000.0,6289.65,0.251163,146248218,0000000.0000,0000000.0,20745.31,0.310664,63484.1,0.267,2031-12-01
NK225E    ,OOP,203112,48500.0,            ,136248518,0000000.0000,0000000.0,6380.78,0.250864,146248518,0000000.0000,0000000.0,20606.37,0.310011,63484.1,0.267,2031-12-01
NK225E    ,OOP,203112,48750.0,            ,136248718,0000000.0000,0000000.0,6472.57,0.250548,146248718,0000000.0000,0000000.0,20468.08,0.309472,63484.1,0.267,2031-12-01
NK225E    ,OOP,203112,49000.0,            ,186249018,0000000.0000,0000000.0,6565.06,0.25034,196249018,0000000.0000,0000000.0,20330.49,0.308801,63484.1,0.267,2031-12-01
NK225E    ,OOP,203112,49250.0,            ,136249218,0000000.0000,0000000.0,6658.19,0.249993,146249218,0000000.0000,0000000.0,20193.56,0.30812,63484.1,0.267,2031-12-01
NK225E    ,OOP,203112,49500.0,            ,136249518,0000000.0000,0000000.0,6752.02,0.249752,146249518,0000000.0000,0000000.0,20057.31,0.307551,63484.1,0.267,2031-12-01
NK225E    ,OOP,203112,49750.0,            ,136249718,0000000.0000,0000000.0,6846.5,0.249374,146249718,0000000.0000,0000000.0,19921.72,0.306972,63484.1,0.267,2031-12-01
NK225E    ,OOP,203112,50000.0,            ,186240018,0000000.0000,0000000.0,6941.63,0.249102,196240018,0000000.0000,0000000.0,19786.77,0.306264,63484.1,0.267,2031-12-01
NK225E    ,OOP,203112,50250.0,            ,136240218,0000000.0000,0000000.0,7037.37,0.248814,146240218,0000000.0000,0000000.0,19652.43,0.305667,63484.1,0.267,2031-12-01
NK225E    ,OOP,203112,50500.0,            ,136240518,0000000.0000,0000000.0,7133.75,0.248511,146240518,0000000.0000,0000000.0,19518.74,0.305059,63484.1,0.267,2031-12-01
NK225E    ,OOP,203112,50750.0,            ,136240718,0000000.0000,0000000.0,7230.73,0.248311,146240718,0000000.0000,0000000.0,19385.64,0.30456,63484.1,0.267,2031-12-01
NK225E    ,OOP,203112,51000.0,            ,186241018,0000000.0000,0000000.0,7328.44,0.247977,196241018,0000000.0000,0000000.0,19253.28,0.303933,63484.1,0.267,2031-12-01
NK225E    ,OOP,203112,51250.0,            ,136241218,0000000.0000,0000000.0,7426.62,0.247629,146241218,0000000.0000,0000000.0,19121.38,0.303298,63484.1,0.267,2031-12-01
NK225E    ,OOP,203112,51500.0,            ,136241518,0000000.0000,0000000.0,7525.48,0.247382,146241518,0000000.0000,0000000.0,18990.17,0.302769,63484.1,0.267,2031-12-01
NK225E    ,OOP,203112,51750.0,            ,136241718,0000000.0000,0000000.0,7624.94,0.24712,146241718,0000000.0000,0000000.0,18859.55,0.30223,63484.1,0.267,2031-12-01
NK225E    ,OOP,203112,52000.0,            ,186242018,0000000.0000,0000000.0,7725.12,0.246729,196242018,0000000.0000,0000000.0,18729.66,0.301567,63484.1,0.267,2031-12-01
NK225E    ,OOP,203112,52250.0,            ,136242218,0000000.0000,0000000.0,7825.71,0.246438,146242218,0000000.0000,0000000.0,18600.18,0.30101,63484.1,0.267,2031-12-01
NK225E    ,OOP,203112,52500.0,            ,136242518,0000000.0000,0000000.0,7926.94,0.246133,146242518,0000000.0000,0000000.0,18471.33,0.300443,63484.1,0.267,2031-12-01
NK225E    ,OOP,203112,52750.0,            ,136242718,0000000.0000,0000000.0,8028.75,0.245926,146242718,0000000.0000,0000000.0,18343.06,0.299866,63484.1,0.267,2031-12-01
NK225E    ,OOP,203112,53000.0,            ,186243018,0000000.0000,0000000.0,8131.32,0.245592,196243018,0000000.0000,0000000.0,18215.56,0.299393,63484.1,0.267,2031-12-01
NK225E    ,OOP,203112,53250.0,            ,136243218,0000000.0000,0000000.0,8234.21,0.245244,146243218,0000000.0000,0000000.0,18088.38,0.298798,63484.1,0.267,2031-12-01
NK225E    ,OOP,203112,53500.0,            ,136243518,0000000.0000,0000000.0,8337.85,0.244994,146243518,0000000.0000,0000000.0,17961.95,0.298193,63484.1,0.267,2031-12-01
NK225E    ,OOP,203112,53750.0,            ,136243718,0000000.0000,0000000.0,8441.99,0.244618,146243718,0000000.0000,0000000.0,17836.0,0.297691,63484.1,0.267,2031-12-01
NK225E    ,OOP,203112,54000.0,            ,186244018,0000000.0000,0000000.0,8546.87,0.24434,196244018,0000000.0000,0000000.0,17710.82,0.297179,63484.1,0.267,2031-12-01
NK225E    ,OOP,203112,54250.0,            ,136244218,0000000.0000,0000000.0,8652.06,0.244047,146244218,0000000.0000,0000000.0,17585.93,0.296658,63484.1,0.267,2031-12-01
NK225E    ,OOP,203112,54500.0,            ,136244518,0000000.0000,0000000.0,8757.92,0.243741,146244518,0000000.0000,0000000.0,17461.71,0.296017,63484.1,0.267,2031-12-01
NK225E    ,OOP,203112,54750.0,            ,136244718,0000000.0000,0000000.0,8864.38,0.243422,146244718,0000000.0000,0000000.0,17338.1,0.295587,63484.1,0.267,2031-12-01
NK225E    ,OOP,203112,55000.0,            ,186245018,0000000.0000,0000000.0,8971.46,0.243089,196245018,0000000.0000,0000000.0,17215.1,0.295038,63484.1,0.267,2031-12-01
NK225E    ,OOP,203112,55250.0,            ,136245218,0000000.0000,0000000.0,9078.92,0.242742,146245218,0000000.0000,0000000.0,17092.49,0.294479,63484.1,0.267,2031-12-01
NK225E    ,OOP,203112,55500.0,            ,136245518,0000000.0000,0000000.0,9187.03,0.24249,146245518,0000000.0000,0000000.0,16970.52,0.293912,63484.1,0.267,2031-12-01
NK225E    ,OOP,203112,55750.0,            ,136245718,0000000.0000,0000000.0,9295.75,0.242118,146245718,0000000.0000,0000000.0,16849.17,0.293443,63484.1,0.267,2031-12-01
NK225E    ,OOP,203112,56000.0,            ,186246018,0000000.0000,0000000.0,9405.07,0.241839,196246018,0000000.0000,0000000.0,16728.42,0.292857,63484.1,0.267,2031-12-01
NK225E    ,OOP,203112,56250.0,            ,136246218,0000000.0000,0000000.0,9514.76,0.241441,146246218,0000000.0000,0000000.0,16608.04,0.29237,63484.1,0.267,2031-12-01
NK225E    ,OOP,203112,56500.0,            ,136246518,0000000.0000,0000000.0,9625.1,0.241137,146246518,0000000.0000,0000000.0,16488.3,0.291873,63484.1,0.267,2031-12-01
NK225E    ,OOP,203112,56750.0,            ,136246718,0000000.0000,0000000.0,9736.0,0.240819,146246718,0000000.0000,0000000.0,16369.12,0.291367,63484.1,0.267,2031-12-01
NK225E    ,OOP,203112,57000.0,            ,186247018,0000000.0000,0000000.0,9847.53,0.240488,196247018,0000000.0000,0000000.0,16250.58,0.290852,63484.1,0.267,2031-12-01
NK225E    ,OOP,203112,57250.0,            ,186247218,0000000.0000,0000000.0,9959.43,0.240145,196247218,0000000.0000,0000000.0,16132.4,0.290327,63484.1,0.267,2031-12-01
NK225E    ,OOP,203112,57500.0,            ,186247518,0000000.0000,0000000.0,10071.96,0.239893,196247518,0000000.0000,0000000.0,16014.86,0.289794,63484.1,0.267,2031-12-01
NK225E    ,OOP,203112,57750.0,            ,186247718,0000000.0000,0000000.0,10185.09,0.239525,196247718,0000000.0000,0000000.0,15897.92,0.289252,63484.1,0.267,2031-12-01
NK225E    ,OOP,203112,58000.0,            ,136368018,0000000.0000,0000000.0,10298.81,0.239144,146368018,0000000.0000,0000000.0,15781.56,0.288805,63484.1,0.267,2031-12-01
NK225E    ,OOP,203112,58250.0,            ,186248218,0000000.0000,0000000.0,10412.97,0.238854,196248218,0000000.0000,0000000.0,15665.65,0.288245,63484.1,0.267,2031-12-01
NK225E    ,OOP,203112,58500.0,            ,186248518,0000000.0000,0000000.0,10527.77,0.238551,196248518,0000000.0000,0000000.0,15550.37,0.28778,63484.1,0.267,2031-12-01
NK225E    ,OOP,203112,58750.0,            ,186248718,0000000.0000,0000000.0,10643.1,0.238134,196248718,0000000.0000,0000000.0,15435.63,0.287305,63484.1,0.267,2031-12-01
NK225E    ,OOP,203112,59000.0,            ,136369018,0000000.0000,0000000.0,10759.07,0.237807,146369018,0000000.0000,0000000.0,15321.52,0.286822,63484.1,0.267,2031-12-01
NK225E    ,OOP,203112,59250.0,            ,186249218,0000000.0000,0000000.0,10875.42,0.237468,196249218,0000000.0000,0000000.0,15207.8,0.28633,63484.1,0.267,2031-12-01
NK225E    ,OOP,203112,59500.0,            ,186249518,0000000.0000,0000000.0,10992.51,0.237117,196249518,0000000.0000,0000000.0,15094.81,0.285828,63484.1,0.267,2031-12-01
NK225E    ,OOP,203112,59750.0,            ,186249718,0000000.0000,0000000.0,11110.12,0.236854,196249718,0000000.0000,0000000.0,14982.34,0.285318,63484.1,0.267,2031-12-01
NK225E    ,OOP,203112,60000.0,            ,136360018,0000000.0000,0000000.0,11228.31,0.236479,146360018,0000000.0000,0000000.0,14870.46,0.284901,63484.1,0.267,2031-12-01
NK225E    ,OOP,203112,60250.0,            ,186240218,0000000.0000,0000000.0,11347.02,0.236192,196240218,0000000.0000,0000000.0,14759.1,0.284373,63484.1,0.267,2031-12-01
NK225E    ,OOP,203112,60500.0,            ,186240518,0000000.0000,0000000.0,11466.36,0.235793,196240518,0000000.0000,0000000.0,14648.36,0.283937,63484.1,0.267,2031-12-01
NK225E    ,OOP,203112,60750.0,            ,186240718,0000000.0000,0000000.0,11586.17,0.235482,196240718,0000000.0000,0000000.0,14538.1,0.283392,63484.1,0.267,2031-12-01
NK225E    ,OOP,203112,61000.0,            ,136361018,0000000.0000,0000000.0,11706.71,0.235159,146361018,0000000.0000,0000000.0,14428.56,0.282938,63484.1,0.267,2031-12-01
NK225E    ,OOP,203112,61250.0,            ,186241218,0000000.0000,0000000.0,11827.76,0.234824,196241218,0000000.0000,0000000.0,14319.54,0.282476,63484.1,0.267,2031-12-01
NK225E    ,OOP,203112,61500.0,            ,186241518,0000000.0000,0000000.0,11949.38,0.234478,196241518,0000000.0000,0000000.0,14211.09,0.282005,63484.1,0.267,2031-12-01
NK225E    ,OOP,203112,61750.0,            ,186241718,0000000.0000,0000000.0,12071.62,0.23412,196241718,0000000.0000,0000000.0,14103.25,0.281525,63484.1,0.267,2031-12-01
NK225E    ,OOP,203112,62000.0,            ,136362018,0000000.0000,0000000.0,12194.43,0.23375,146362018,0000000.0000,0000000.0,13995.99,0.281037,63484.1,0.267,2031-12-01
NK225E    ,OOP,203112,62250.0,            ,186242218,0000000.0000,0000000.0,12317.91,0.233369,196242218,0000000.0000,0000000.0,13889.39,0.280639,63484.1,0.267,2031-12-01
NK225E    ,OOP,203112,62500.0,            ,186242518,0000000.0000,0000000.0,12441.94,0.233075,196242518,0000000.0000,0000000.0,13783.35,0.280132,63484.1,0.267,2031-12-01
NK225E    ,OOP,203112,62750.0,            ,186242718,0000000.0000,0000000.0,12566.54,0.232768,196242718,0000000.0000,0000000.0,13677.87,0.279717,63484.1,0.267,2031-12-01
NK225E    ,OOP,203112,63000.0,            ,136363018,0000000.0000,0000000.0,12691.75,0.232354,146363018,0000000.0000,0000000.0,13573.01,0.279292,63484.1,0.267,2031-12-01
NK225E    ,OOP,203112,63250.0,            ,186243218,0000000.0000,0000000.0,12817.68,0.232024,196243218,0000000.0000,0000000.0,13468.86,0.27876,63484.1,0.267,2031-12-01
NK225E    ,OOP,203112,63500.0,            ,186243518,0000000.0000,0000000.0,12944.21,0.231684,196243518,0000000.0000,0000000.0,13365.32,0.278318,63484.1,0.267,2031-12-01
NK225E    ,OOP,203112,63750.0,            ,186243718,0000000.0000,0000000.0,13071.3,0.231332,196243718,0000000.0000,0000000.0,13262.33,0.277965,63484.1,0.267,2031-12-01
NK225E    ,OOP,203112,64000.0,            ,136364018,0000000.0000,0000000.0,13198.95,0.231066,146364018,0000000.0000,0000000.0,13159.9,0.277505,63484.1,0.267,2031-12-01
NK225E    ,OOP,203112,64250.0,            ,186244218,0000000.0000,0000000.0,13327.46,0.230691,196244218,0000000.0000,0000000.0,13058.34,0.277037,63484.1,0.267,2031-12-01
NK225E    ,OOP,203112,64500.0,            ,186244518,0000000.0000,0000000.0,13456.52,0.230402,196244518,0000000.0000,0000000.0,12957.33,0.276657,63484.1,0.267,2031-12-01
NK225E    ,OOP,203112,64750.0,            ,186244718,0000000.0000,0000000.0,13586.14,0.230005,196244718,0000000.0000,0000000.0,12856.87,0.276171,63484.1,0.267,2031-12-01
NK225E    ,OOP,203112,65000.0,            ,136365018,0000000.0000,0000000.0,13716.3,0.229694,146365018,0000000.0000,0000000.0,12756.96,0.275774,63484.1,0.267,2031-12-01
NK225E    ,OOP,203112,65250.0,            ,186245218,0000000.0000,0000000.0,13847.44,0.229371,196245218,0000000.0000,0000000.0,12658.02,0.275369,63484.1,0.267,2031-12-01
NK225E    ,OOP,203112,65500.0,            ,186245518,0000000.0000,0000000.0,13979.12,0.229036,196245518,0000000.0000,0000000.0,12559.63,0.274954,63484.1,0.267,2031-12-01
NK225E    ,OOP,203112,65750.0,            ,186245718,0000000.0000,0000000.0,14111.34,0.228691,196245718,0000000.0000,0000000.0,12461.78,0.274531,63484.1,0.267,2031-12-01
NK225E    ,OOP,203112,66000.0,            ,136366018,0000000.0000,0000000.0,14244.11,0.228335,146366018,0000000.0000,0000000.0,12364.48,0.274099,63484.1,0.267,2031-12-01
NK225E    ,OOP,203112,66250.0,            ,186246218,0000000.0000,0000000.0,14377.9,0.228063,196246218,0000000.0000,0000000.0,12268.19,0.273755,63484.1,0.267,2031-12-01
NK225E    ,OOP,203112,66500.0,            ,186246518,0000000.0000,0000000.0,14512.29,0.227685,196246518,0000000.0000,0000000.0,12172.5,0.273306,63484.1,0.267,2031-12-01
NK225E    ,OOP,203112,66750.0,            ,186246718,0000000.0000,0000000.0,14647.21,0.227391,196246718,0000000.0000,0000000.0,12077.35,0.272945,63484.1,0.267,2031-12-01
NK225E    ,OOP,203112,67000.0,            ,136367018,0000000.0000,0000000.0,14782.68,0.227086,146367018,0000000.0000,0000000.0,11982.74,0.272574,63484.1,0.267,2031-12-01
NK225E    ,OOP,203112,67250.0,            ,136367218,0000000.0000,0000000.0,14919.26,0.226769,146367218,0000000.0000,0000000.0,11889.25,0.272196,63484.1,0.267,2031-12-01
NK225E    ,OOP,203112,67500.0,            ,136367518,0000000.0000,0000000.0,15056.43,0.226442,146367518,0000000.0000,0000000.0,11796.35,0.271808,63484.1,0.267,2031-12-01
NK225E    ,OOP,203112,67750.0,            ,136367718,0000000.0000,0000000.0,15194.09,0.226105,146367718,0000000.0000,0000000.0,11703.93,0.271412,63484.1,0.267,2031-12-01
NK225E    ,OOP,203112,68000.0,            ,186368018,0000000.0000,0000000.0,15332.34,0.22585,196368018,0000000.0000,0000000.0,11612.1,0.271103,63484.1,0.267,2031-12-01
NK225E    ,OOP,203112,68250.0,            ,136368218,0000000.0000,0000000.0,15471.8,0.225491,146368218,0000000.0000,0000000.0,11521.49,0.27069,63484.1,0.267,2031-12-01
NK225E    ,OOP,203112,68500.0,            ,136368518,0000000.0000,0000000.0,15611.8,0.225215,146368518,0000000.0000,0000000.0,11431.41,0.270363,63484.1,0.267,2031-12-01
NK225E    ,OOP,203112,68750.0,            ,136368718,0000000.0000,0000000.0,15752.33,0.224928,146368718,0000000.0000,0000000.0,11341.87,0.270028,63484.1,0.267,2031-12-01
NK225E    ,OOP,203112,69000.0,            ,186369018,0000000.0000,0000000.0,15893.38,0.22463,196369018,0000000.0000,0000000.0,11252.85,0.269685,63484.1,0.267,2031-12-01
NK225E    ,OOP,203112,69250.0,            ,136369218,0000000.0000,0000000.0,16035.76,0.224322,146369218,0000000.0000,0000000.0,11165.15,0.269333,63484.1,0.267,2031-12-01
NK225E    ,OOP,203112,69500.0,            ,136369518,0000000.0000,0000000.0,16178.72,0.224003,146369518,0000000.0000,0000000.0,11078.04,0.268972,63484.1,0.267,2031-12-01
NK225E    ,OOP,203112,69750.0,            ,136369718,0000000.0000,0000000.0,16322.15,0.223766,146369718,0000000.0000,0000000.0,10991.39,0.268697,63484.1,0.267,2031-12-01
NK225E    ,OOP,203112,70000.0,            ,186360018,0000000.0000,0000000.0,16466.16,0.223426,196360018,0000000.0000,0000000.0,10905.32,0.26832,63484.1,0.267,2031-12-01
NK225E    ,OOP,203112,70250.0,            ,136360218,0000000.0000,0000000.0,16611.54,0.223169,146360218,0000000.0000,0000000.0,10820.63,0.268028,63484.1,0.267,2031-12-01
NK225E    ,OOP,203112,70500.0,            ,136360518,0000000.0000,0000000.0,16757.43,0.222901,146360518,0000000.0000,0000000.0,10736.45,0.267728,63484.1,0.267,2031-12-01
NK225E    ,OOP,203112,70750.0,            ,136360718,0000000.0000,0000000.0,16903.85,0.222623,146360718,0000000.0000,0000000.0,10652.79,0.26742,63484.1,0.267,2031-12-01
NK225E    ,OOP,203112,71000.0,            ,186361018,0000000.0000,0000000.0,17050.83,0.222334,196361018,0000000.0000,0000000.0,10569.7,0.267103,63484.1,0.267,2031-12-01
NK225E    ,OOP,203112,71250.0,            ,136361218,0000000.0000,0000000.0,17199.23,0.222128,146361218,0000000.0000,0000000.0,10488.02,0.266777,63484.1,0.267,2031-12-01
NK225E    ,OOP,203112,71500.0,            ,136361518,0000000.0000,0000000.0,17348.2,0.221818,146361518,0000000.0000,0000000.0,10406.92,0.266538,63484.1,0.267,2031-12-01
NK225E    ,OOP,203112,71750.0,            ,136361718,0000000.0000,0000000.0,17497.68,0.221591,146361718,0000000.0000,0000000.0,10326.32,0.266196,63484.1,0.267,2031-12-01
NK225E    ,OOP,203112,72000.0,            ,186362018,0000000.0000,0000000.0,17647.66,0.22126,196362018,0000000.0000,0000000.0,10246.23,0.265939,63484.1,0.267,2031-12-01
NK225E    ,OOP,203112,72250.0,            ,136362218,0000000.0000,0000000.0,17799.22,0.221106,146362218,0000000.0000,0000000.0,10167.71,0.265674,63484.1,0.267,2031-12-01
NK225E    ,OOP,203112,72500.0,            ,136362518,0000000.0000,0000000.0,17951.28,0.220848,146362518,0000000.0000,0000000.0,10089.7,0.265401,63484.1,0.267,2031-12-01
NK225E    ,OOP,203112,72750.0,            ,136362718,0000000.0000,0000000.0,18103.84,0.220579,146362718,0000000.0000,0000000.0,10012.19,0.265213,63484.1,0.267,2031-12-01
NK225E    ,OOP,203112,73000.0,            ,186363018,0000000.0000,0000000.0,18256.9,0.220301,196363018,0000000.0000,0000000.0,9935.17,0.264924,63484.1,0.267,2031-12-01
NK225E    ,OOP,203112,73250.0,            ,136363218,0000000.0000,0000000.0,18411.53,0.220105,146363218,0000000.0000,0000000.0,9859.73,0.26472,63484.1,0.267,2031-12-01
NK225E    ,OOP,203112,73500.0,            ,136363518,0000000.0000,0000000.0,18566.71,0.2199,146363518,0000000.0000,0000000.0,9784.83,0.264507,63484.1,0.267,2031-12-01
NK225E    ,OOP,203112,73750.0,            ,136363718,0000000.0000,0000000.0,18722.37,0.219684,146363718,0000000.0000,0000000.0,9710.42,0.264193,63484.1,0.267,2031-12-01
NK225E    ,OOP,203112,74000.0,            ,186364018,0000000.0000,0000000.0,18878.52,0.219458,196364018,0000000.0000,0000000.0,9636.5,0.263964,63484.1,0.267,2031-12-01
NK225E    ,OOP,203112,74250.0,            ,136364218,0000000.0000,0000000.0,19036.34,0.219222,146364218,0000000.0000,0000000.0,9564.24,0.26382,63484.1,0.267,2031-12-01
NK225E    ,OOP,203112,74500.0,            ,136364518,0000000.0000,0000000.0,19194.65,0.219069,146364518,0000000.0000,0000000.0,9492.47,0.263575,63484.1,0.267,2031-12-01
NK225E    ,OOP,203112,74750.0,            ,136364718,0000000.0000,0000000.0,19353.43,0.218813,146364718,0000000.0000,0000000.0,9421.18,0.263416,63484.1,0.267,2031-12-01
NK225E    ,OOP,203112,75000.0,            ,186365018,0000000.0000,0000000.0,19512.75,0.21864,196365018,0000000.0000,0000000.0,9350.42,0.263155,63484.1,0.267,2031-12-01
NK225E    ,OOP,203112,75250.0,            ,136365218,0000000.0000,0000000.0,19673.72,0.218457,146365218,0000000.0000,0000000.0,9281.32,0.262979,63484.1,0.267,2031-12-01
NK225E    ,OOP,203112,75500.0,            ,136365518,0000000.0000,0000000.0,19835.16,0.218265,146365518,0000000.0000,0000000.0,9212.69,0.262795,63484.1,0.267,2031-12-01
NK225E    ,OOP,203112,75750.0,            ,136365718,0000000.0000,0000000.0,19997.07,0.218062,146365718,0000000.0000,0000000.0,9144.52,0.262696,63484.1,0.267,2031-12-01
NK225E    ,OOP,203112,76000.0,            ,186366018,0000000.0000,0000000.0,20159.45,0.21785,196366018,0000000.0000,0000000.0,9076.83,0.262497,63484.1,0.267,2031-12-01
NK225E    ,OOP,203112,76250.0,            ,136366218,0000000.0000,0000000.0,20325.46,0.217816,146366218,0000000.0000,0000000.0,9012.76,0.262382,63484.1,0.267,2031-12-01
NK225E    ,OOP,203112,80000.0,            ,136480018,0000000.0000,0000000.0,22868.97,0.215891,146480018,0000000.0000,0000000.0,8105.15,0.260868,63484.1,0.267,2031-12-01
NK225E    ,OOP,203206,24000.0,            ,137064018,0000000.0000,0000000.0,1138.14,0.303576,147064018,0000000.0000,0000000.0,37670.08,0.465434,63484.1,0.267,2032-06-01
NK225E    ,OOP,203206,25000.0,            ,137065018,0000000.0000,0000000.0,1304.28,0.303596,147065018,0000000.0000,0000000.0,36923.17,0.456106,63484.1,0.267,2032-06-01
NK225E    ,OOP,203206,26000.0,            ,137066018,0000000.0000,0000000.0,1483.62,0.303096,147066018,0000000.0000,0000000.0,36189.44,0.447495,63484.1,0.267,2032-06-01
NK225E    ,OOP,203206,27000.0,            ,137067018,0000000.0000,0000000.0,1676.22,0.303083,147067018,0000000.0000,0000000.0,35468.99,0.439745,63484.1,0.267,2032-06-01
NK225E    ,OOP,203206,27250.0,            ,187067218,0000000.0000,0000000.0,1701.1,0.301492,197067218,0000000.0000,0000000.0,35265.6,0.436677,63484.1,0.267,2032-06-01
NK225E    ,OOP,203206,27500.0,            ,187067518,0000000.0000,0000000.0,1726.0,0.300194,197067518,0000000.0000,0000000.0,35062.23,0.433856,63484.1,0.267,2032-06-01
NK225E    ,OOP,203206,27750.0,            ,187067718,0000000.0000,0000000.0,1750.92,0.298606,197067718,0000000.0000,0000000.0,34858.89,0.43106,63484.1,0.267,2032-06-01
NK225E    ,OOP,203206,28000.0,            ,137068018,0000000.0000,0000000.0,1775.85,0.29702,147068018,0000000.0000,0000000.0,34655.56,0.428289,63484.1,0.267,2032-06-01
NK225E    ,OOP,203206,28250.0,            ,187068218,0000000.0000,0000000.0,1803.56,0.295718,197068218,0000000.0000,0000000.0,34455.0,0.425542,63484.1,0.267,2032-06-01
NK225E    ,OOP,203206,28500.0,            ,187068518,0000000.0000,0000000.0,1831.35,0.294411,197068518,0000000.0000,0000000.0,34254.53,0.422819,63484.1,0.267,2032-06-01
NK225E    ,OOP,203206,28750.0,            ,187068718,0000000.0000,0000000.0,1859.22,0.293101,197068718,0000000.0000,0000000.0,34054.14,0.420118,63484.1,0.267,2032-06-01
NK225E    ,OOP,203206,29000.0,            ,137069018,0000000.0000,0000000.0,1887.18,0.291787,147069018,0000000.0000,0000000.0,33853.83,0.417646,63484.1,0.267,2032-06-01
NK225E    ,OOP,203206,29250.0,            ,187069218,0000000.0000,0000000.0,1917.86,0.290735,197069218,0000000.0000,0000000.0,33656.24,0.415192,63484.1,0.267,2032-06-01
NK225E    ,OOP,203206,29500.0,            ,187069518,0000000.0000,0000000.0,1948.68,0.289412,197069518,0000000.0000,0000000.0,33458.8,0.412554,63484.1,0.267,2032-06-01
NK225E    ,OOP,203206,29750.0,            ,187069718,0000000.0000,0000000.0,1979.65,0.288344,197069718,0000000.0000,0000000.0,33261.51,0.410138,63484.1,0.267,2032-06-01
NK225E    ,OOP,203206,30000.0,            ,137060018,0000000.0000,0000000.0,2010.79,0.287013,147060018,0000000.0000,0000000.0,33064.38,0.407738,63484.1,0.267,2032-06-01
NK225E    ,OOP,203206,30250.0,            ,187060218,0000000.0000,0000000.0,2044.58,0.28593,197060218,0000000.0000,0000000.0,32869.9,0.405553,63484.1,0.267,2032-06-01
NK225E    ,OOP,203206,30500.0,            ,187060518,0000000.0000,0000000.0,2078.6,0.284839,197060518,0000000.0000,0000000.0,32675.66,0.403185,63484.1,0.267,2032-06-01
NK225E    ,OOP,203206,30750.0,            ,187060718,0000000.0000,0000000.0,2112.8,0.28374,197060718,0000000.0000,0000000.0,32481.6,0.400834,63484.1,0.267,2032-06-01
NK225E    ,OOP,203206,31000.0,            ,137061018,0000000.0000,0000000.0,2147.23,0.282875,147061018,0000000.0000,0000000.0,32287.76,0.39869,63484.1,0.267,2032-06-01
NK225E    ,OOP,203206,31250.0,            ,187061218,0000000.0000,0000000.0,2184.27,0.281758,197061218,0000000.0000,0000000.0,32096.53,0.396559,63484.1,0.267,2032-06-01
NK225E    ,OOP,203206,31500.0,            ,187061518,0000000.0000,0000000.0,2221.57,0.28087,197061518,0000000.0000,0000000.0,31905.57,0.39444,63484.1,0.267,2032-06-01
NK225E    ,OOP,203206,31750.0,            ,187061718,0000000.0000,0000000.0,2259.13,0.279968,197061718,0000000.0000,0000000.0,31714.87,0.392332,63484.1,0.267,2032-06-01
NK225E    ,OOP,203206,32000.0,            ,137062018,0000000.0000,0000000.0,2296.95,0.279055,147062018,0000000.0000,0000000.0,31524.42,0.390236,63484.1,0.267,2032-06-01
NK225E    ,OOP,203206,32250.0,            ,187062218,0000000.0000,0000000.0,2337.32,0.278131,197062218,0000000.0000,0000000.0,31336.53,0.388336,63484.1,0.267,2032-06-01
NK225E    ,OOP,203206,32500.0,            ,187062518,0000000.0000,0000000.0,2378.03,0.277195,197062518,0000000.0000,0000000.0,31148.97,0.386443,63484.1,0.267,2032-06-01
NK225E    ,OOP,203206,32750.0,            ,187062718,0000000.0000,0000000.0,2419.05,0.276469,197062718,0000000.0000,0000000.0,30961.73,0.384378,63484.1,0.267,2032-06-01
NK225E    ,OOP,203206,33000.0,            ,137063018,0000000.0000,0000000.0,2460.39,0.275509,147063018,0000000.0000,0000000.0,30774.8,0.382502,63484.1,0.267,2032-06-01
NK225E    ,OOP,203206,33250.0,            ,187063218,0000000.0000,0000000.0,2504.2,0.274755,197063218,0000000.0000,0000000.0,30590.35,0.380634,63484.1,0.267,2032-06-01
NK225E    ,OOP,203206,33500.0,            ,187063518,0000000.0000,0000000.0,2548.38,0.273986,197063518,0000000.0000,0000000.0,30406.26,0.378951,63484.1,0.267,2032-06-01
NK225E    ,OOP,203206,33750.0,            ,187063718,0000000.0000,0000000.0,2592.92,0.273203,197063718,0000000.0000,0000000.0,30222.54,0.377096,63484.1,0.267,2032-06-01
NK225E    ,OOP,203206,34000.0,            ,187064018,0000000.0000,0000000.0,2637.86,0.272407,197064018,0000000.0000,0000000.0,30039.21,0.375423,63484.1,0.267,2032-06-01
NK225E    ,OOP,203206,34250.0,            ,137064218,0000000.0000,0000000.0,2685.18,0.271802,147064218,0000000.0000,0000000.0,29858.27,0.373581,63484.1,0.267,2032-06-01
NK225E    ,OOP,203206,34500.0,            ,137064518,0000000.0000,0000000.0,2732.91,0.270977,147064518,0000000.0000,0000000.0,29677.73,0.371917,63484.1,0.267,2032-06-01
NK225E    ,OOP,203206,34750.0,            ,137064718,0000000.0000,0000000.0,2781.05,0.27034,147064718,0000000.0000,0000000.0,29497.61,0.370428,63484.1,0.267,2032-06-01
NK225E    ,OOP,203206,35000.0,            ,187065018,0000000.0000,0000000.0,2829.64,0.269686,197065018,0000000.0000,0000000.0,29317.93,0.368771,63484.1,0.267,2032-06-01
NK225E    ,OOP,203206,35250.0,            ,137065218,0000000.0000,0000000.0,2880.51,0.269017,147065218,0000000.0000,0000000.0,29140.54,0.367118,63484.1,0.267,2032-06-01
NK225E    ,OOP,203206,35500.0,            ,137065518,0000000.0000,0000000.0,2931.83,0.268333,147065518,0000000.0000,0000000.0,28963.6,0.365635,63484.1,0.267,2032-06-01
NK225E    ,OOP,203206,35750.0,            ,137065718,0000000.0000,0000000.0,2983.62,0.267824,147065718,0000000.0000,0000000.0,28787.12,0.364153,63484.1,0.267,2032-06-01
NK225E    ,OOP,203206,36000.0,            ,187066018,0000000.0000,0000000.0,3035.89,0.267108,197066018,0000000.0000,0000000.0,28611.12,0.362673,63484.1,0.267,2032-06-01
NK225E    ,OOP,203206,36250.0,            ,137066218,0000000.0000,0000000.0,3090.32,0.266565,147066218,0000000.0000,0000000.0,28437.29,0.361194,63484.1,0.267,2032-06-01
NK225E    ,OOP,203206,36500.0,            ,137066518,0000000.0000,0000000.0,3145.28,0.266004,147066518,0000000.0000,0000000.0,28263.99,0.359716,63484.1,0.267,2032-06-01
NK225E    ,OOP,203206,36750.0,            ,137066718,0000000.0000,0000000.0,3200.71,0.265426,147066718,0000000.0000,0000000.0,28091.15,0.358399,63484.1,0.267,2032-06-01
NK225E    ,OOP,203206,37000.0,            ,187067018,0000000.0000,0000000.0,3256.65,0.265012,197067018,0000000.0000,0000000.0,27918.83,0.356922,63484.1,0.267,2032-06-01
NK225E    ,OOP,203206,37250.0,            ,137067218,0000000.0000,0000000.0,3314.68,0.2644,147067218,0000000.0000,0000000.0,27748.6,0.355604,63484.1,0.267,2032-06-01
NK225E    ,OOP,203206,37500.0,            ,137067518,0000000.0000,0000000.0,3373.24,0.263949,147067518,0000000.0000,0000000.0,27578.89,0.354285,63484.1,0.267,2032-06-01
NK225E    ,OOP,203206,37750.0,            ,137067718,0000000.0000,0000000.0,3432.32,0.263479,147067718,0000000.0000,0000000.0,27409.71,0.352964,63484.1,0.267,2032-06-01
NK225E    ,OOP,203206,38000.0,            ,187068018,0000000.0000,0000000.0,3491.97,0.26282,197068018,0000000.0000,0000000.0,27241.09,0.351797,63484.1,0.267,2032-06-01
NK225E    ,OOP,203206,38250.0,            ,137068218,0000000.0000,0000000.0,3553.55,0.262487,147068218,0000000.0000,0000000.0,27074.41,0.350473,63484.1,0.267,2032-06-01
NK225E    ,OOP,203206,38500.0,            ,137068518,0000000.0000,0000000.0,3615.72,0.261965,147068518,0000000.0000,0000000.0,26908.31,0.3493,63484.1,0.267,2032-06-01
NK225E    ,OOP,203206,38750.0,            ,137068718,0000000.0000,0000000.0,3678.42,0.261593,147068718,0000000.0000,0000000.0,26742.75,0.348124,63484.1,0.267,2032-06-01
NK225E    ,OOP,203206,39000.0,            ,187069018,0000000.0000,0000000.0,3741.71,0.261038,197069018,0000000.0000,0000000.0,26577.77,0.346945,63484.1,0.267,2032-06-01
NK225E    ,OOP,203206,39250.0,            ,137069218,0000000.0000,0000000.0,3806.83,0.26063,147069218,0000000.0000,0000000.0,26414.63,0.345763,63484.1,0.267,2032-06-01
NK225E    ,OOP,203206,39500.0,            ,137069518,0000000.0000,0000000.0,3872.54,0.260204,147069518,0000000.0000,0000000.0,26252.07,0.344578,63484.1,0.267,2032-06-01
NK225E    ,OOP,203206,39750.0,            ,137069718,0000000.0000,0000000.0,3938.83,0.25976,147069718,0000000.0000,0000000.0,26090.1,0.343537,63484.1,0.267,2032-06-01
NK225E    ,OOP,203206,40000.0,            ,187060018,0000000.0000,0000000.0,4005.73,0.259457,197060018,0000000.0000,0000000.0,25928.73,0.342345,63484.1,0.267,2032-06-01
NK225E    ,OOP,203206,40250.0,            ,137060218,0000000.0000,0000000.0,4074.32,0.258979,147060218,0000000.0000,0000000.0,25769.06,0.341295,63484.1,0.267,2032-06-01
NK225E    ,OOP,203206,40500.0,            ,137060518,0000000.0000,0000000.0,4143.54,0.258639,147060518,0000000.0000,0000000.0,25610.01,0.340241,63484.1,0.267,2032-06-01
NK225E    ,OOP,203206,40750.0,            ,137060718,0000000.0000,0000000.0,4213.33,0.258281,147060718,0000000.0000,0000000.0,25451.54,0.339324,63484.1,0.267,2032-06-01
NK225E    ,OOP,203206,41000.0,            ,187061018,0000000.0000,0000000.0,4283.76,0.257904,197061018,0000000.0000,0000000.0,25293.7,0.33826,63484.1,0.267,2032-06-01
NK225E    ,OOP,203206,41250.0,            ,137061218,0000000.0000,0000000.0,4355.76,0.25751,147061218,0000000.0000,0000000.0,25137.44,0.337331,63484.1,0.267,2032-06-01
NK225E    ,OOP,203206,41500.0,            ,137061518,0000000.0000,0000000.0,4428.38,0.257099,147061518,0000000.0000,0000000.0,24981.79,0.336257,63484.1,0.267,2032-06-01
NK225E    ,OOP,203206,41750.0,            ,137061718,0000000.0000,0000000.0,4501.61,0.25682,147061718,0000000.0000,0000000.0,24826.76,0.335318,63484.1,0.267,2032-06-01
NK225E    ,OOP,203206,42000.0,            ,187062018,0000000.0000,0000000.0,4575.5,0.256375,197062018,0000000.0000,0000000.0,24672.38,0.334373,63484.1,0.267,2032-06-01
NK225E    ,OOP,203206,42250.0,            ,137062218,0000000.0000,0000000.0,4650.8,0.256059,147062218,0000000.0000,0000000.0,24519.42,0.333421,63484.1,0.267,2032-06-01
NK225E    ,OOP,203206,42500.0,            ,137062518,0000000.0000,0000000.0,4726.77,0.255726,147062518,0000000.0000,0000000.0,24367.12,0.332601,63484.1,0.267,2032-06-01
NK225E    ,OOP,203206,42750.0,            ,137062718,0000000.0000,0000000.0,4803.36,0.255375,147062718,0000000.0000,0000000.0,24215.45,0.331638,63484.1,0.267,2032-06-01
NK225E    ,OOP,203206,43000.0,            ,187063018,0000000.0000,0000000.0,4880.58,0.255149,197063018,0000000.0000,0000000.0,24064.4,0.330803,63484.1,0.267,2032-06-01
NK225E    ,OOP,203206,43250.0,            ,137063218,0000000.0000,0000000.0,4959.11,0.254764,147063218,0000000.0000,0000000.0,23914.67,0.329962,63484.1,0.267,2032-06-01
NK225E    ,OOP,203206,43500.0,            ,137063518,0000000.0000,0000000.0,5038.32,0.254502,147063518,0000000.0000,0000000.0,23765.61,0.329113,63484.1,0.267,2032-06-01
NK225E    ,OOP,203206,43750.0,            ,137063718,0000000.0000,0000000.0,5118.12,0.254222,147063718,0000000.0000,0000000.0,23617.15,0.328259,63484.1,0.267,2032-06-01
NK225E    ,OOP,203206,44000.0,            ,137184018,0000000.0000,0000000.0,5198.59,0.253788,147184018,0000000.0000,0000000.0,23469.36,0.327397,63484.1,0.267,2032-06-01
NK225E    ,OOP,203206,44250.0,            ,187064218,0000000.0000,0000000.0,5280.22,0.253611,197064218,0000000.0000,0000000.0,23322.72,0.326529,63484.1,0.267,2032-06-01
NK225E    ,OOP,203206,44500.0,            ,187064518,0000000.0000,0000000.0,5362.53,0.25328,197064518,0000000.0000,0000000.0,23176.76,0.325784,63484.1,0.267,2032-06-01
NK225E    ,OOP,203206,44750.0,            ,187064718,0000000.0000,0000000.0,5445.47,0.252933,197064718,0000000.0000,0000000.0,23031.45,0.325031,63484.1,0.267,2032-06-01
NK225E    ,OOP,203206,45000.0,            ,137185018,0000000.0000,0000000.0,5529.06,0.252702,147185018,0000000.0000,0000000.0,22886.76,0.324143,63484.1,0.267,2032-06-01
NK225E    ,OOP,203206,45250.0,            ,187065218,0000000.0000,0000000.0,5613.7,0.252323,197065218,0000000.0000,0000000.0,22743.14,0.323376,63484.1,0.267,2032-06-01
NK225E    ,OOP,203206,45500.0,            ,187065518,0000000.0000,0000000.0,5699.02,0.252059,197065518,0000000.0000,0000000.0,22600.2,0.322727,63484.1,0.267,2032-06-01
NK225E    ,OOP,203206,45750.0,            ,187065718,0000000.0000,0000000.0,5784.95,0.251779,197065718,0000000.0000,0000000.0,22457.86,0.321945,63484.1,0.267,2032-06-01
NK225E    ,OOP,203206,46000.0,            ,137186018,0000000.0000,0000000.0,5871.55,0.251482,147186018,0000000.0000,0000000.0,22316.2,0.321155,63484.1,0.267,2032-06-01
NK225E    ,OOP,203206,46250.0,            ,187066218,0000000.0000,0000000.0,5959.07,0.251169,197066218,0000000.0000,0000000.0,22175.45,0.320483,63484.1,0.267,2032-06-01
NK225E    ,OOP,203206,46500.0,            ,187066518,0000000.0000,0000000.0,6047.27,0.250967,197066518,0000000.0000,0000000.0,22035.39,0.319802,63484.1,0.267,2032-06-01
NK225E    ,OOP,203206,46750.0,            ,187066718,0000000.0000,0000000.0,6136.11,0.250623,197066718,0000000.0000,0000000.0,21895.96,0.31899,63484.1,0.267,2032-06-01
NK225E    ,OOP,203206,47000.0,            ,137187018,0000000.0000,0000000.0,6225.58,0.250389,147187018,0000000.0000,0000000.0,21757.17,0.318294,63484.1,0.267,2032-06-01
NK225E    ,OOP,203206,47250.0,            ,137187218,0000000.0000,0000000.0,6315.9,0.250138,147187218,0000000.0000,0000000.0,21619.23,0.317711,63484.1,0.267,2032-06-01
NK225E    ,OOP,203206,47500.0,            ,137187518,0000000.0000,0000000.0,6406.86,0.249872,147187518,0000000.0000,0000000.0,21481.91,0.316999,63484.1,0.267,2032-06-01
NK225E    ,OOP,203206,47750.0,            ,137187718,0000000.0000,0000000.0,6498.45,0.24959,147187718,0000000.0000,0000000.0,21345.24,0.316279,63484.1,0.267,2032-06-01
NK225E    ,OOP,203206,48000.0,            ,137188018,0000000.0000,0000000.0,6590.67,0.249293,147188018,0000000.0000,0000000.0,21209.2,0.315671,63484.1,0.267,2032-06-01
NK225E    ,OOP,203206,48250.0,            ,137188218,0000000.0000,0000000.0,6683.61,0.248981,147188218,0000000.0000,0000000.0,21073.88,0.314935,63484.1,0.267,2032-06-01
NK225E    ,OOP,203206,48500.0,            ,137188518,0000000.0000,0000000.0,6777.23,0.248775,147188518,0000000.0000,0000000.0,20939.23,0.314311,63484.1,0.267,2032-06-01
NK225E    ,OOP,203206,48750.0,            ,137188718,0000000.0000,0000000.0,6871.44,0.248433,147188718,0000000.0000,0000000.0,20805.17,0.313678,63484.1,0.267,2032-06-01
NK225E    ,OOP,203206,49000.0,            ,137189018,0000000.0000,0000000.0,6966.31,0.248196,147189018,0000000.0000,0000000.0,20671.78,0.313037,63484.1,0.267,2032-06-01
NK225E    ,OOP,203206,49250.0,            ,137189218,0000000.0000,0000000.0,7061.82,0.247944,147189218,0000000.0000,0000000.0,20539.03,0.312388,63484.1,0.267,2032-06-01
NK225E    ,OOP,203206,49500.0,            ,137189518,0000000.0000,0000000.0,7157.95,0.24756,147189518,0000000.0000,0000000.0,20406.89,0.311731,63484.1,0.267,2032-06-01
NK225E    ,OOP,203206,49750.0,            ,137189718,0000000.0000,0000000.0,7254.67,0.247278,147189718,0000000.0000,0000000.0,20275.35,0.311181,63484.1,0.267,2032-06-01
NK225E    ,OOP,203206,50000.0,            ,137180018,0000000.0000,0000000.0,7352.14,0.247099,147180018,0000000.0000,0000000.0,20144.55,0.310508,63484.1,0.267,2032-06-01
NK225E    ,OOP,203206,50250.0,            ,137180218,0000000.0000,0000000.0,7450.01,0.246789,147180218,0000000.0000,0000000.0,20014.16,0.309942,63484.1,0.267,2032-06-01
NK225E    ,OOP,203206,50500.0,            ,137180518,0000000.0000,0000000.0,7548.63,0.246465,147180518,0000000.0000,0000000.0,19884.52,0.309367,63484.1,0.267,2032-06-01
NK225E    ,OOP,203206,50750.0,            ,137180718,0000000.0000,0000000.0,7647.83,0.246241,147180718,0000000.0000,0000000.0,19755.45,0.308784,63484.1,0.267,2032-06-01
NK225E    ,OOP,203206,51000.0,            ,137181018,0000000.0000,0000000.0,7747.65,0.24589,147181018,0000000.0000,0000000.0,19627.0,0.308192,63484.1,0.267,2032-06-01
NK225E    ,OOP,203206,51250.0,            ,137181218,0000000.0000,0000000.0,7847.94,0.245638,147181218,0000000.0000,0000000.0,19499.03,0.307592,63484.1,0.267,2032-06-01
NK225E    ,OOP,203206,51500.0,            ,137181518,0000000.0000,0000000.0,7948.8,0.245372,147181518,0000000.0000,0000000.0,19371.63,0.306984,63484.1,0.267,2032-06-01
NK225E    ,OOP,203206,51750.0,            ,137181718,0000000.0000,0000000.0,8050.37,0.245092,147181718,0000000.0000,0000000.0,19244.93,0.306368,63484.1,0.267,2032-06-01
NK225E    ,OOP,203206,52000.0,            ,137182018,0000000.0000,0000000.0,8152.54,0.244799,147182018,0000000.0000,0000000.0,19118.83,0.305855,63484.1,0.267,2032-06-01
NK225E    ,OOP,203206,52250.0,            ,137182218,0000000.0000,0000000.0,8255.09,0.244492,147182218,0000000.0000,0000000.0,18993.12,0.305223,63484.1,0.267,2032-06-01
NK225E    ,OOP,203206,52500.0,            ,137182518,0000000.0000,0000000.0,8358.2,0.244282,147182518,0000000.0000,0000000.0,18867.96,0.304693,63484.1,0.267,2032-06-01
NK225E    ,OOP,203206,52750.0,            ,137182718,0000000.0000,0000000.0,8462.0,0.243949,147182718,0000000.0000,0000000.0,18743.5,0.304045,63484.1,0.267,2032-06-01
NK225E    ,OOP,203206,53000.0,            ,137183018,0000000.0000,0000000.0,8566.35,0.243604,147183018,0000000.0000,0000000.0,18619.59,0.303499,63484.1,0.267,2032-06-01
NK225E    ,OOP,203206,53250.0,            ,137183218,0000000.0000,0000000.0,8671.07,0.243353,147183218,0000000.0000,0000000.0,18496.04,0.302944,63484.1,0.267,2032-06-01
NK225E    ,OOP,203206,53500.0,            ,137183518,0000000.0000,0000000.0,8776.44,0.24309,147183518,0000000.0000,0000000.0,18373.14,0.302382,63484.1,0.267,2032-06-01
NK225E    ,OOP,203206,53750.0,            ,137183718,0000000.0000,0000000.0,8882.39,0.242813,147183718,0000000.0000,0000000.0,18250.83,0.301918,63484.1,0.267,2032-06-01
NK225E    ,OOP,203206,54000.0,            ,187184018,0000000.0000,0000000.0,8988.94,0.242523,197184018,0000000.0000,0000000.0,18129.12,0.301339,63484.1,0.267,2032-06-01
NK225E    ,OOP,203206,54250.0,            ,137184218,0000000.0000,0000000.0,9095.79,0.242221,147184218,0000000.0000,0000000.0,18007.7,0.300752,63484.1,0.267,2032-06-01
NK225E    ,OOP,203206,54500.0,            ,137184518,0000000.0000,0000000.0,9203.23,0.241906,147184518,0000000.0000,0000000.0,17886.88,0.300263,63484.1,0.267,2032-06-01
NK225E    ,OOP,203206,54750.0,            ,137184718,0000000.0000,0000000.0,9311.21,0.24158,147184718,0000000.0000,0000000.0,17766.59,0.29966,63484.1,0.267,2032-06-01
NK225E    ,OOP,203206,55000.0,            ,187185018,0000000.0000,0000000.0,9419.86,0.241241,197185018,0000000.0000,0000000.0,17646.98,0.299155,63484.1,0.267,2032-06-01
NK225E    ,OOP,203206,55250.0,            ,137185218,0000000.0000,0000000.0,9528.86,0.240993,147185218,0000000.0000,0000000.0,17527.71,0.298642,63484.1,0.267,2032-06-01
NK225E    ,OOP,203206,55500.0,            ,137185518,0000000.0000,0000000.0,9638.38,0.24063,147185518,0000000.0000,0000000.0,17408.97,0.29812,63484.1,0.267,2032-06-01
NK225E    ,OOP,203206,55750.0,            ,137185718,0000000.0000,0000000.0,9748.48,0.240359,147185718,0000000.0000,0000000.0,17290.81,0.29759,63484.1,0.267,2032-06-01
NK225E    ,OOP,203206,56000.0,            ,187186018,0000000.0000,0000000.0,9859.2,0.240074,197186018,0000000.0000,0000000.0,17173.26,0.297053,63484.1,0.267,2032-06-01
NK225E    ,OOP,203206,56250.0,            ,137186218,0000000.0000,0000000.0,9970.16,0.239676,147186218,0000000.0000,0000000.0,17055.95,0.296507,63484.1,0.267,2032-06-01
NK225E    ,OOP,203206,56500.0,            ,137186518,0000000.0000,0000000.0,10081.73,0.239369,147186518,0000000.0000,0000000.0,16939.26,0.295954,63484.1,0.267,2032-06-01
NK225E    ,OOP,203206,56750.0,            ,137186718,0000000.0000,0000000.0,10193.82,0.239049,147186718,0000000.0000,0000000.0,16823.09,0.295495,63484.1,0.267,2032-06-01
NK225E    ,OOP,203206,57000.0,            ,187187018,0000000.0000,0000000.0,10306.53,0.238819,197187018,0000000.0000,0000000.0,16707.53,0.294926,63484.1,0.267,2032-06-01
NK225E    ,OOP,203206,57250.0,            ,187187218,0000000.0000,0000000.0,10419.6,0.238476,197187218,0000000.0000,0000000.0,16592.33,0.294452,63484.1,0.267,2032-06-01
NK225E    ,OOP,203206,57500.0,            ,187187518,0000000.0000,0000000.0,10533.18,0.238121,197187518,0000000.0000,0000000.0,16477.65,0.293867,63484.1,0.267,2032-06-01
NK225E    ,OOP,203206,57750.0,            ,187187718,0000000.0000,0000000.0,10647.28,0.237856,197187718,0000000.0000,0000000.0,16363.48,0.293376,63484.1,0.267,2032-06-01
NK225E    ,OOP,203206,58000.0,            ,187188018,0000000.0000,0000000.0,10762.03,0.237479,197188018,0000000.0000,0000000.0,16249.97,0.292878,63484.1,0.267,2032-06-01
NK225E    ,OOP,203206,58250.0,            ,187188218,0000000.0000,0000000.0,10877.09,0.23719,197188218,0000000.0000,0000000.0,16136.76,0.292371,63484.1,0.267,2032-06-01
NK225E    ,OOP,203206,58500.0,            ,187188518,0000000.0000,0000000.0,10992.7,0.236791,197188518,0000000.0000,0000000.0,16024.11,0.291857,63484.1,0.267,2032-06-01
NK225E    ,OOP,203206,58750.0,            ,187188718,0000000.0000,0000000.0,11108.86,0.236479,197188718,0000000.0000,0000000.0,15912.01,0.291335,63484.1,0.267,2032-06-01
NK225E    ,OOP,203206,59000.0,            ,187189018,0000000.0000,0000000.0,11225.52,0.236156,197189018,0000000.0000,0000000.0,15800.41,0.290805,63484.1,0.267,2032-06-01
NK225E    ,OOP,203206,59250.0,            ,187189218,0000000.0000,0000000.0,11342.63,0.235823,197189218,0000000.0000,0000000.0,15689.25,0.290367,63484.1,0.267,2032-06-01
NK225E    ,OOP,203206,59500.0,            ,187189518,0000000.0000,0000000.0,11460.19,0.235478,197189518,0000000.0000,0000000.0,15578.54,0.289821,63484.1,0.267,2032-06-01
NK225E    ,OOP,203206,59750.0,            ,187189718,0000000.0000,0000000.0,11578.39,0.235219,197189718,0000000.0000,0000000.0,15468.48,0.289367,63484.1,0.267,2032-06-01
NK225E    ,OOP,203206,60000.0,            ,187180018,0000000.0000,0000000.0,11697.14,0.234853,197180018,0000000.0000,0000000.0,15358.96,0.288905,63484.1,0.267,2032-06-01
NK225E    ,OOP,203206,60250.0,            ,187180218,0000000.0000,0000000.0,11816.22,0.234475,197180218,0000000.0000,0000000.0,15249.78,0.288337,63484.1,0.267,2032-06-01
NK225E    ,OOP,203206,60500.0,            ,187180518,0000000.0000,0000000.0,11935.95,0.234184,197180518,0000000.0000,0000000.0,15141.24,0.28786,63484.1,0.267,2032-06-01
NK225E    ,OOP,203206,60750.0,            ,187180718,0000000.0000,0000000.0,12056.16,0.233881,197180718,0000000.0000,0000000.0,15033.19,0.287374,63484.1,0.267,2032-06-01
NK225E    ,OOP,203206,61000.0,            ,187181018,0000000.0000,0000000.0,12176.91,0.233472,197181018,0000000.0000,0000000.0,14925.67,0.286881,63484.1,0.267,2032-06-01
NK225E    ,OOP,203206,61250.0,            ,187181218,0000000.0000,0000000.0,12298.14,0.233148,197181218,0000000.0000,0000000.0,14818.64,0.286381,63484.1,0.267,2032-06-01
NK225E    ,OOP,203206,61500.0,            ,187181518,0000000.0000,0000000.0,12419.91,0.232813,197181518,0000000.0000,0000000.0,14712.14,0.28597,63484.1,0.267,2032-06-01
NK225E    ,OOP,203206,61750.0,            ,187181718,0000000.0000,0000000.0,12542.16,0.232467,197181718,0000000.0000,0000000.0,14606.13,0.285454,63484.1,0.267,2032-06-01
NK225E    ,OOP,203206,62000.0,            ,187182018,0000000.0000,0000000.0,12664.99,0.232111,197182018,0000000.0000,0000000.0,14500.69,0.285027,63484.1,0.267,2032-06-01
NK225E    ,OOP,203206,62250.0,            ,187182218,0000000.0000,0000000.0,12788.35,0.231745,197182218,0000000.0000,0000000.0,14395.79,0.284496,63484.1,0.267,2032-06-01
NK225E    ,OOP,203206,62500.0,            ,187182518,0000000.0000,0000000.0,12912.34,0.231463,197182518,0000000.0000,0000000.0,14291.52,0.284053,63484.1,0.267,2032-06-01
NK225E    ,OOP,203206,62750.0,            ,187182718,0000000.0000,0000000.0,13036.76,0.231076,197182718,0000000.0000,0000000.0,14187.67,0.283603,63484.1,0.267,2032-06-01
NK225E    ,OOP,203206,63000.0,            ,187183018,0000000.0000,0000000.0,13161.75,0.230772,197183018,0000000.0000,0000000.0,14084.4,0.283145,63484.1,0.267,2032-06-01
NK225E    ,OOP,203206,63250.0,            ,187183218,0000000.0000,0000000.0,13287.32,0.230458,197183218,0000000.0000,0000000.0,13981.7,0.28268,63484.1,0.267,2032-06-01
NK225E    ,OOP,203206,63500.0,            ,187183518,0000000.0000,0000000.0,13413.41,0.230041,197183518,0000000.0000,0000000.0,13879.53,0.282206,63484.1,0.267,2032-06-01
NK225E    ,OOP,203206,63750.0,            ,187183718,0000000.0000,0000000.0,13540.03,0.229706,197183718,0000000.0000,0000000.0,13777.88,0.281726,63484.1,0.267,2032-06-01
NK225E    ,OOP,203206,64000.0,            ,137304018,0000000.0000,0000000.0,13667.21,0.229362,147304018,0000000.0000,0000000.0,13676.8,0.281238,63484.1,0.267,2032-06-01
NK225E    ,OOP,203206,64250.0,            ,187184218,0000000.0000,0000000.0,13795.08,0.229007,197184218,0000000.0000,0000000.0,13576.4,0.280837,63484.1,0.267,2032-06-01
NK225E    ,OOP,203206,64500.0,            ,187184518,0000000.0000,0000000.0,13923.46,0.228734,197184518,0000000.0000,0000000.0,13476.52,0.280428,63484.1,0.267,2032-06-01
NK225E    ,OOP,203206,64750.0,            ,187184718,0000000.0000,0000000.0,14052.36,0.228359,197184718,0000000.0000,0000000.0,13377.16,0.279917,63484.1,0.267,2032-06-01
NK225E    ,OOP,203206,65000.0,            ,137305018,0000000.0000,0000000.0,14181.83,0.228066,147305018,0000000.0000,0000000.0,13278.36,0.279493,63484.1,0.267,2032-06-01
NK225E    ,OOP,203206,65250.0,            ,187185218,0000000.0000,0000000.0,14312.03,0.227671,197185218,0000000.0000,0000000.0,13180.29,0.279062,63484.1,0.267,2032-06-01
NK225E    ,OOP,203206,65500.0,            ,187185518,0000000.0000,0000000.0,14442.79,0.227357,197185518,0000000.0000,0000000.0,13082.79,0.278623,63484.1,0.267,2032-06-01
NK225E    ,OOP,203206,65750.0,            ,187185718,0000000.0000,0000000.0,14574.07,0.227034,197185718,0000000.0000,0000000.0,12985.81,0.278176,63484.1,0.267,2032-06-01
NK225E    ,OOP,203206,66000.0,            ,137306018,0000000.0000,0000000.0,14705.86,0.226701,147306018,0000000.0000,0000000.0,12889.33,0.277815,63484.1,0.267,2032-06-01
NK225E    ,OOP,203206,66250.0,            ,187186218,0000000.0000,0000000.0,14838.53,0.226357,197186218,0000000.0000,0000000.0,12793.74,0.277353,63484.1,0.267,2032-06-01
NK225E    ,OOP,203206,66500.0,            ,187186518,0000000.0000,0000000.0,14971.77,0.226004,197186518,0000000.0000,0000000.0,12698.71,0.276977,63484.1,0.267,2032-06-01
NK225E    ,OOP,203206,66750.0,            ,187186718,0000000.0000,0000000.0,15105.46,0.225641,197186718,0000000.0000,0000000.0,12604.13,0.276501,63484.1,0.267,2032-06-01
NK225E    ,OOP,203206,67000.0,            ,137307018,0000000.0000,0000000.0,15239.7,0.225359,147307018,0000000.0000,0000000.0,12510.11,0.276109,63484.1,0.267,2032-06-01
NK225E    ,OOP,203206,67250.0,            ,137307218,0000000.0000,0000000.0,15374.95,0.224977,147307218,0000000.0000,0000000.0,12417.09,0.27571,63484.1,0.267,2032-06-01
NK225E    ,OOP,203206,67500.0,            ,137307518,0000000.0000,0000000.0,15510.75,0.224675,147307518,0000000.0000,0000000.0,12324.63,0.275304,63484.1,0.267,2032-06-01
NK225E    ,OOP,203206,67750.0,            ,137307718,0000000.0000,0000000.0,15646.99,0.224363,147307718,0000000.0000,0000000.0,12232.61,0.27489,63484.1,0.267,2032-06-01
NK225E    ,OOP,203206,68000.0,            ,137308018,0000000.0000,0000000.0,15783.8,0.224042,147308018,0000000.0000,0000000.0,12141.15,0.274561,63484.1,0.267,2032-06-01
NK225E    ,OOP,203206,68250.0,            ,137308218,0000000.0000,0000000.0,15921.7,0.223711,147308218,0000000.0000,0000000.0,12050.79,0.274132,63484.1,0.267,2032-06-01
NK225E    ,OOP,203206,68500.0,            ,137308518,0000000.0000,0000000.0,16060.16,0.22337,147308518,0000000.0000,0000000.0,11960.98,0.273788,63484.1,0.267,2032-06-01
NK225E    ,OOP,203206,68750.0,            ,137308718,0000000.0000,0000000.0,16199.11,0.223109,147308718,0000000.0000,0000000.0,11871.67,0.273345,63484.1,0.267,2032-06-01
NK225E    ,OOP,203206,69000.0,            ,137309018,0000000.0000,0000000.0,16338.56,0.222749,147309018,0000000.0000,0000000.0,11782.85,0.272985,63484.1,0.267,2032-06-01
NK225E    ,OOP,203206,69250.0,            ,137309218,0000000.0000,0000000.0,16479.28,0.222469,147309218,0000000.0000,0000000.0,11695.3,0.272619,63484.1,0.267,2032-06-01
NK225E    ,OOP,203206,69500.0,            ,137309518,0000000.0000,0000000.0,16620.48,0.22218,147309518,0000000.0000,0000000.0,11608.25,0.272336,63484.1,0.267,2032-06-01
NK225E    ,OOP,203206,69750.0,            ,137309718,0000000.0000,0000000.0,16762.18,0.221881,147309718,0000000.0000,0000000.0,11521.68,0.271954,63484.1,0.267,2032-06-01
NK225E    ,OOP,203206,70000.0,            ,137300018,0000000.0000,0000000.0,16904.37,0.221572,147300018,0000000.0000,0000000.0,11435.6,0.271565,63484.1,0.267,2032-06-01
NK225E    ,OOP,203206,70250.0,            ,137300218,0000000.0000,0000000.0,17047.98,0.221253,147300218,0000000.0000,0000000.0,11350.95,0.27126,63484.1,0.267,2032-06-01
NK225E    ,OOP,203206,70500.0,            ,137300518,0000000.0000,0000000.0,17192.08,0.220925,147300518,0000000.0000,0000000.0,11266.79,0.270947,63484.1,0.267,2032-06-01
NK225E    ,OOP,203206,70750.0,            ,137300718,0000000.0000,0000000.0,17336.67,0.220677,147300718,0000000.0000,0000000.0,11183.11,0.270536,63484.1,0.267,2032-06-01
NK225E    ,OOP,203206,71000.0,            ,137301018,0000000.0000,0000000.0,17481.74,0.22042,147301018,0000000.0000,0000000.0,11099.92,0.270208,63484.1,0.267,2032-06-01
NK225E    ,OOP,203206,71250.0,            ,137301218,0000000.0000,0000000.0,17628.35,0.220153,147301218,0000000.0000,0000000.0,11018.26,0.269964,63484.1,0.267,2032-06-01
NK225E    ,OOP,203206,71500.0,            ,137301518,0000000.0000,0000000.0,17775.44,0.219877,147301518,0000000.0000,0000000.0,10937.08,0.269621,63484.1,0.267,2032-06-01
NK225E    ,OOP,203206,71750.0,            ,137301718,0000000.0000,0000000.0,17923.0,0.219591,147301718,0000000.0000,0000000.0,10856.39,0.269362,63484.1,0.267,2032-06-01
NK225E    ,OOP,203206,72000.0,            ,137302018,0000000.0000,0000000.0,18071.1,0.219295,147302018,0000000.0000,0000000.0,10776.22,0.269005,63484.1,0.267,2032-06-01
NK225E    ,OOP,203206,72250.0,            ,137302218,0000000.0000,0000000.0,18220.84,0.21908,147302218,0000000.0000,0000000.0,10697.7,0.268731,63484.1,0.267,2032-06-01
NK225E    ,OOP,203206,72500.0,            ,137302518,0000000.0000,0000000.0,18371.06,0.218766,147302518,0000000.0000,0000000.0,10619.65,0.26845,63484.1,0.267,2032-06-01
NK225E    ,OOP,203206,72750.0,            ,137302718,0000000.0000,0000000.0,18521.75,0.218532,147302718,0000000.0000,0000000.0,10542.07,0.268161,63484.1,0.267,2032-06-01
NK225E    ,OOP,203206,73000.0,            ,137303018,0000000.0000,0000000.0,18672.96,0.218288,147303018,0000000.0000,0000000.0,10465.02,0.267865,63484.1,0.267,2032-06-01
NK225E    ,OOP,203206,73250.0,            ,137303218,0000000.0000,0000000.0,18825.92,0.218036,147303218,0000000.0000,0000000.0,10389.71,0.267652,63484.1,0.267,2032-06-01
NK225E    ,OOP,203206,73500.0,            ,137303518,0000000.0000,0000000.0,18979.35,0.217774,147303518,0000000.0000,0000000.0,10314.88,0.267432,63484.1,0.267,2032-06-01
NK225E    ,OOP,203206,73750.0,            ,137303718,0000000.0000,0000000.0,19133.24,0.217592,147303718,0000000.0000,0000000.0,10240.5,0.267204,63484.1,0.267,2032-06-01
NK225E    ,OOP,203206,74000.0,            ,187304018,0000000.0000,0000000.0,19287.64,0.217311,197304018,0000000.0000,0000000.0,10166.64,0.266879,63484.1,0.267,2032-06-01
NK225E    ,OOP,203206,74250.0,            ,137304218,0000000.0000,0000000.0,19443.96,0.217111,147304218,0000000.0000,0000000.0,10094.7,0.266727,63484.1,0.267,2032-06-01
NK225E    ,OOP,203206,74500.0,            ,137304518,0000000.0000,0000000.0,19600.74,0.216902,147304518,0000000.0000,0000000.0,10023.21,0.266478,63484.1,0.267,2032-06-01
NK225E    ,OOP,203206,74750.0,            ,137304718,0000000.0000,0000000.0,19757.96,0.216683,147304718,0000000.0000,0000000.0,9952.17,0.266311,63484.1,0.267,2032-06-01
NK225E    ,OOP,203206,75000.0,            ,187305018,0000000.0000,0000000.0,19915.64,0.216545,197305018,0000000.0000,0000000.0,9881.58,0.266048,63484.1,0.267,2032-06-01
NK225E    ,OOP,203206,75250.0,            ,137305218,0000000.0000,0000000.0,20075.39,0.216309,147305218,0000000.0000,0000000.0,9813.07,0.265867,63484.1,0.267,2032-06-01
NK225E    ,OOP,203206,75500.0,            ,137305518,0000000.0000,0000000.0,20235.65,0.216153,147305518,0000000.0000,0000000.0,9745.06,0.265679,63484.1,0.267,2032-06-01
NK225E    ,OOP,203206,75750.0,            ,137305718,0000000.0000,0000000.0,20396.29,0.215988,147305718,0000000.0000,0000000.0,9677.43,0.265483,63484.1,0.267,2032-06-01
NK225E    ,OOP,203206,76000.0,            ,187306018,0000000.0000,0000000.0,20557.43,0.215814,197306018,0000000.0000,0000000.0,9610.31,0.265371,63484.1,0.267,2032-06-01
NK225E    ,OOP,203206,76250.0,            ,137306218,0000000.0000,0000000.0,20723.7,0.215721,147306218,0000000.0000,0000000.0,9548.31,0.265251,63484.1,0.267,2032-06-01
NK225E    ,OOP,203206,80000.0,            ,187300018,0000000.0000,0000000.0,23268.91,0.214286,197300018,0000000.0000,0000000.0,8669.56,0.264069,63484.1,0.267,2032-06-01
NK225E    ,OOP,203212,25000.0,            ,137125018,0000000.0000,0000000.0,1406.08,0.297171,147125018,0000000.0000,0000000.0,36832.73,0.460325,63484.1,0.267,2032-12-01
NK225E    ,OOP,203212,26000.0,            ,137126018,0000000.0000,0000000.0,1593.53,0.296932,147126018,0000000.0000,0000000.0,36114.3,0.451554,63484.1,0.267,2032-12-01
NK225E    ,OOP,203212,27000.0,            ,137127018,0000000.0000,0000000.0,1794.2,0.296836,147127018,0000000.0000,0000000.0,35409.1,0.443431,63484.1,0.267,2032-12-01
NK225E    ,OOP,203212,27250.0,            ,187127218,0000000.0000,0000000.0,1817.88,0.295246,197127218,0000000.0000,0000000.0,35206.31,0.440438,63484.1,0.267,2032-12-01
NK225E    ,OOP,203212,27500.0,            ,187127518,0000000.0000,0000000.0,1841.54,0.293661,197127518,0000000.0000,0000000.0,35003.5,0.437474,63484.1,0.267,2032-12-01
NK225E    ,OOP,203212,27750.0,            ,187127718,0000000.0000,0000000.0,1865.15,0.29208,197127718,0000000.0000,0000000.0,34800.64,0.434334,63484.1,0.267,2032-12-01
NK225E    ,OOP,203212,28000.0,            ,137128018,0000000.0000,0000000.0,1888.71,0.290503,147128018,0000000.0000,0000000.0,34597.73,0.431429,63484.1,0.267,2032-12-01
NK225E    ,OOP,203212,28250.0,            ,187128218,0000000.0000,0000000.0,1916.27,0.289195,197128218,0000000.0000,0000000.0,34398.82,0.428752,63484.1,0.267,2032-12-01
NK225E    ,OOP,203212,28500.0,            ,187128518,0000000.0000,0000000.0,1943.9,0.287884,197128518,0000000.0000,0000000.0,34199.99,0.425899,63484.1,0.267,2032-12-01
NK225E    ,OOP,203212,28750.0,            ,187128718,0000000.0000,0000000.0,1971.56,0.286572,197128718,0000000.0000,0000000.0,34001.17,0.423269,63484.1,0.267,2032-12-01
NK225E    ,OOP,203212,29000.0,            ,137129018,0000000.0000,0000000.0,1999.28,0.285258,147129018,0000000.0000,0000000.0,33802.42,0.420466,63484.1,0.267,2032-12-01
NK225E    ,OOP,203212,29250.0,            ,187129218,0000000.0000,0000000.0,2030.81,0.283942,197129218,0000000.0000,0000000.0,33607.48,0.418076,63484.1,0.267,2032-12-01
NK225E    ,OOP,203212,29500.0,            ,187129518,0000000.0000,0000000.0,2062.49,0.282872,197129518,0000000.0000,0000000.0,33412.69,0.415511,63484.1,0.267,2032-12-01
NK225E    ,OOP,203212,29750.0,            ,187129718,0000000.0000,0000000.0,2094.28,0.28155,197129718,0000000.0000,0000000.0,33218.02,0.412967,63484.1,0.267,2032-12-01
NK225E    ,OOP,203212,30000.0,            ,137120018,0000000.0000,0000000.0,2126.23,0.280468,147120018,0000000.0000,0000000.0,33023.49,0.410442,63484.1,0.267,2032-12-01
NK225E    ,OOP,203212,30250.0,            ,187120218,0000000.0000,0000000.0,2161.81,0.27938,197120218,0000000.0000,0000000.0,32832.6,0.408126,63484.1,0.267,2032-12-01
NK225E    ,OOP,203212,30500.0,            ,187120518,0000000.0000,0000000.0,2197.62,0.278519,197120518,0000000.0000,0000000.0,32641.95,0.406012,63484.1,0.267,2032-12-01
NK225E    ,OOP,203212,30750.0,            ,187120718,0000000.0000,0000000.0,2233.63,0.277415,197120718,0000000.0000,0000000.0,32451.49,0.403725,63484.1,0.267,2032-12-01
NK225E    ,OOP,203212,31000.0,            ,137121018,0000000.0000,0000000.0,2269.88,0.276304,147121018,0000000.0000,0000000.0,32261.27,0.401455,63484.1,0.267,2032-12-01
NK225E    ,OOP,203212,31250.0,            ,187121218,0000000.0000,0000000.0,2309.57,0.275414,197121218,0000000.0000,0000000.0,32074.49,0.399381,63484.1,0.267,2032-12-01
NK225E    ,OOP,203212,31500.0,            ,187121518,0000000.0000,0000000.0,2349.55,0.274736,197121518,0000000.0000,0000000.0,31888.0,0.397139,63484.1,0.267,2032-12-01
NK225E    ,OOP,203212,31750.0,            ,187121718,0000000.0000,0000000.0,2389.82,0.273821,197121718,0000000.0000,0000000.0,31701.8,0.39509,63484.1,0.267,2032-12-01
NK225E    ,OOP,203212,32000.0,            ,137122018,0000000.0000,0000000.0,2430.4,0.272896,147122018,0000000.0000,0000000.0,31515.92,0.393052,63484.1,0.267,2032-12-01
NK225E    ,OOP,203212,32250.0,            ,187122218,0000000.0000,0000000.0,2474.21,0.272177,197122218,0000000.0000,0000000.0,31333.26,0.391201,63484.1,0.267,2032-12-01
NK225E    ,OOP,203212,32500.0,            ,187122518,0000000.0000,0000000.0,2518.41,0.271443,197122518,0000000.0000,0000000.0,31150.99,0.389184,63484.1,0.267,2032-12-01
NK225E    ,OOP,203212,32750.0,            ,187122718,0000000.0000,0000000.0,2562.95,0.270694,197122718,0000000.0000,0000000.0,30969.06,0.387351,63484.1,0.267,2032-12-01
NK225E    ,OOP,203212,33000.0,            ,137123018,0000000.0000,0000000.0,2607.87,0.269932,147123018,0000000.0000,0000000.0,30787.51,0.385525,63484.1,0.267,2032-12-01
NK225E    ,OOP,203212,33250.0,            ,187123218,0000000.0000,0000000.0,2655.81,0.269157,197123218,0000000.0000,0000000.0,30608.98,0.383708,63484.1,0.267,2032-12-01
NK225E    ,OOP,203212,33500.0,            ,187123518,0000000.0000,0000000.0,2704.19,0.268571,197123518,0000000.0000,0000000.0,30430.89,0.381897,63484.1,0.267,2032-12-01
NK225E    ,OOP,203212,33750.0,            ,187123718,0000000.0000,0000000.0,2753.0,0.267968,197123718,0000000.0000,0000000.0,30253.24,0.380261,63484.1,0.267,2032-12-01
NK225E    ,OOP,203212,34000.0,            ,137124018,0000000.0000,0000000.0,2802.24,0.267348,147124018,0000000.0000,0000000.0,30076.0,0.378464,63484.1,0.267,2032-12-01
NK225E    ,OOP,203212,34250.0,            ,187124218,0000000.0000,0000000.0,2854.28,0.266713,197124218,0000000.0000,0000000.0,29901.58,0.377004,63484.1,0.267,2032-12-01
NK225E    ,OOP,203212,34500.0,            ,137124518,0000000.0000,0000000.0,2906.81,0.266062,147124518,0000000.0000,0000000.0,29727.63,0.375381,63484.1,0.267,2032-12-01
NK225E    ,OOP,203212,34750.0,            ,137124718,0000000.0000,0000000.0,2959.81,0.265587,147124718,0000000.0000,0000000.0,29554.16,0.373763,63484.1,0.267,2032-12-01
NK225E    ,OOP,203212,35000.0,            ,187125018,0000000.0000,0000000.0,3013.31,0.265093,197125018,0000000.0000,0000000.0,29381.2,0.37215,63484.1,0.267,2032-12-01
NK225E    ,OOP,203212,35250.0,            ,137125218,0000000.0000,0000000.0,3069.38,0.26458,147125218,0000000.0000,0000000.0,29210.8,0.3707,63484.1,0.267,2032-12-01
NK225E    ,OOP,203212,35500.0,            ,137125518,0000000.0000,0000000.0,3126.0,0.264051,147125518,0000000.0000,0000000.0,29040.95,0.369252,63484.1,0.267,2032-12-01
NK225E    ,OOP,203212,35750.0,            ,137125718,0000000.0000,0000000.0,3183.12,0.263505,147125718,0000000.0000,0000000.0,28871.6,0.367806,63484.1,0.267,2032-12-01
NK225E    ,OOP,203212,36000.0,            ,187126018,0000000.0000,0000000.0,3240.79,0.263121,197126018,0000000.0000,0000000.0,28702.8,0.366362,63484.1,0.267,2032-12-01
NK225E    ,OOP,203212,36250.0,            ,137126218,0000000.0000,0000000.0,3300.79,0.262718,147126218,0000000.0000,0000000.0,28536.33,0.365074,63484.1,0.267,2032-12-01
NK225E    ,OOP,203212,36500.0,            ,137126518,0000000.0000,0000000.0,3361.37,0.262295,147126518,0000000.0000,0000000.0,28370.44,0.363785,63484.1,0.267,2032-12-01
NK225E    ,OOP,203212,36750.0,            ,137126718,0000000.0000,0000000.0,3422.52,0.261854,147126718,0000000.0000,0000000.0,28205.13,0.362344,63484.1,0.267,2032-12-01
NK225E    ,OOP,203212,37000.0,            ,187127018,0000000.0000,0000000.0,3484.23,0.261396,197127018,0000000.0000,0000000.0,28040.37,0.361055,63484.1,0.267,2032-12-01
NK225E    ,OOP,203212,37250.0,            ,137127218,0000000.0000,0000000.0,3548.06,0.261089,147127218,0000000.0000,0000000.0,27877.72,0.359916,63484.1,0.267,2032-12-01
NK225E    ,OOP,203212,37500.0,            ,137127518,0000000.0000,0000000.0,3612.5,0.260595,147127518,0000000.0000,0000000.0,27715.7,0.358626,63484.1,0.267,2032-12-01
NK225E    ,OOP,203212,37750.0,            ,137127718,0000000.0000,0000000.0,3677.51,0.26025,147127718,0000000.0000,0000000.0,27554.24,0.357483,63484.1,0.267,2032-12-01
NK225E    ,OOP,203212,38000.0,            ,187128018,0000000.0000,0000000.0,3743.14,0.259886,197128018,0000000.0000,0000000.0,27393.4,0.35619,63484.1,0.267,2032-12-01
NK225E    ,OOP,203212,38250.0,            ,137128218,0000000.0000,0000000.0,3810.63,0.259504,147128218,0000000.0000,0000000.0,27234.41,0.355043,63484.1,0.267,2032-12-01
NK225E    ,OOP,203212,38500.0,            ,137128518,0000000.0000,0000000.0,3878.76,0.259264,147128518,0000000.0000,0000000.0,27076.08,0.353894,63484.1,0.267,2032-12-01
NK225E    ,OOP,203212,38750.0,            ,137128718,0000000.0000,0000000.0,3947.51,0.258845,147128718,0000000.0000,0000000.0,26918.36,0.352886,63484.1,0.267,2032-12-01
NK225E    ,OOP,203212,39000.0,            ,187129018,0000000.0000,0000000.0,4016.88,0.258566,197129018,0000000.0000,0000000.0,26761.26,0.351731,63484.1,0.267,2032-12-01
NK225E    ,OOP,203212,39250.0,            ,137129218,0000000.0000,0000000.0,4087.88,0.258268,147129218,0000000.0000,0000000.0,26605.79,0.350716,63484.1,0.267,2032-12-01
NK225E    ,OOP,203212,39500.0,            ,137129518,0000000.0000,0000000.0,4159.51,0.257951,147129518,0000000.0000,0000000.0,26450.95,0.349555,63484.1,0.267,2032-12-01
NK225E    ,OOP,203212,39750.0,            ,137129718,0000000.0000,0000000.0,4231.77,0.257615,147129718,0000000.0000,0000000.0,26296.74,0.348533,63484.1,0.267,2032-12-01
NK225E    ,OOP,203212,40000.0,            ,187120018,0000000.0000,0000000.0,4304.7,0.257413,197120018,0000000.0000,0000000.0,26143.2,0.347507,63484.1,0.267,2032-12-01
NK225E    ,OOP,203212,40250.0,            ,137120218,0000000.0000,0000000.0,4379.04,0.257042,147120218,0000000.0000,0000000.0,25991.07,0.346615,63484.1,0.267,2032-12-01
NK225E    ,OOP,203212,40500.0,            ,137120518,0000000.0000,0000000.0,4454.02,0.256802,147120518,0000000.0000,0000000.0,25839.59,0.34558,63484.1,0.267,2032-12-01
NK225E    ,OOP,203212,40750.0,            ,137120718,0000000.0000,0000000.0,4529.65,0.256542,147120718,0000000.0000,0000000.0,25688.75,0.344678,63484.1,0.267,2032-12-01
NK225E    ,OOP,203212,41000.0,            ,187121018,0000000.0000,0000000.0,4605.91,0.256265,197121018,0000000.0000,0000000.0,25538.54,0.343635,63484.1,0.267,2032-12-01
NK225E    ,OOP,203212,41250.0,            ,137121218,0000000.0000,0000000.0,4683.38,0.25597,147121218,0000000.0000,0000000.0,25389.54,0.342723,63484.1,0.267,2032-12-01
NK225E    ,OOP,203212,41500.0,            ,137121518,0000000.0000,0000000.0,4761.5,0.255657,147121518,0000000.0000,0000000.0,25241.19,0.341806,63484.1,0.267,2032-12-01
NK225E    ,OOP,203212,41750.0,            ,137121718,0000000.0000,0000000.0,4840.27,0.255469,147121718,0000000.0000,0000000.0,25093.49,0.341017,63484.1,0.267,2032-12-01
NK225E    ,OOP,203212,42000.0,            ,187122018,0000000.0000,0000000.0,4919.71,0.255122,197122018,0000000.0000,0000000.0,24946.46,0.340089,63484.1,0.267,2032-12-01
NK225E    ,OOP,203212,42250.0,            ,137122218,0000000.0000,0000000.0,5000.13,0.254898,147122218,0000000.0000,0000000.0,24800.41,0.339156,63484.1,0.267,2032-12-01
NK225E    ,OOP,203212,42500.0,            ,137122518,0000000.0000,0000000.0,5081.19,0.254656,147122518,0000000.0000,0000000.0,24655.01,0.338349,63484.1,0.267,2032-12-01
NK225E    ,OOP,203212,42750.0,            ,137122718,0000000.0000,0000000.0,5162.9,0.254396,147122718,0000000.0000,0000000.0,24510.25,0.337536,63484.1,0.267,2032-12-01
NK225E    ,OOP,203212,43000.0,            ,187123018,0000000.0000,0000000.0,5245.3,0.25412,197123018,0000000.0000,0000000.0,24366.17,0.336717,63484.1,0.267,2032-12-01
NK225E    ,OOP,203212,43250.0,            ,137123218,0000000.0000,0000000.0,5328.45,0.253961,147123218,0000000.0000,0000000.0,24222.85,0.335892,63484.1,0.267,2032-12-01
NK225E    ,OOP,203212,43500.0,            ,137123518,0000000.0000,0000000.0,5412.28,0.253651,147123518,0000000.0000,0000000.0,24080.22,0.335061,63484.1,0.267,2032-12-01
NK225E    ,OOP,203212,43750.0,            ,137123718,0000000.0000,0000000.0,5496.75,0.253458,147123718,0000000.0000,0000000.0,23938.22,0.334224,63484.1,0.267,2032-12-01
NK225E    ,OOP,203212,44000.0,            ,187124018,0000000.0000,0000000.0,5581.87,0.253116,197124018,0000000.0000,0000000.0,23796.87,0.333381,63484.1,0.267,2032-12-01
NK225E    ,OOP,203212,44250.0,            ,137124218,0000000.0000,0000000.0,5667.62,0.252889,147124218,0000000.0000,0000000.0,23656.15,0.332658,63484.1,0.267,2032-12-01
NK225E    ,OOP,203212,44500.0,            ,187124518,0000000.0000,0000000.0,5754.05,0.252646,197124518,0000000.0000,0000000.0,23516.11,0.331804,63484.1,0.267,2032-12-01
NK225E    ,OOP,203212,44750.0,            ,187124718,0000000.0000,0000000.0,5841.08,0.252386,197124718,0000000.0000,0000000.0,23376.67,0.331068,63484.1,0.267,2032-12-01
NK225E    ,OOP,203212,45000.0,            ,137245018,0000000.0000,0000000.0,5928.78,0.252111,147245018,0000000.0000,0000000.0,23237.9,0.330326,63484.1,0.267,2032-12-01
NK225E    ,OOP,203212,45250.0,            ,187125218,0000000.0000,0000000.0,6016.91,0.251821,197125218,0000000.0000,0000000.0,23099.57,0.329576,63484.1,0.267,2032-12-01
NK225E    ,OOP,203212,45500.0,            ,187125518,0000000.0000,0000000.0,6105.72,0.25164,197125518,0000000.0000,0000000.0,22961.9,0.328821,63484.1,0.267,2032-12-01
NK225E    ,OOP,203212,45750.0,            ,187125718,0000000.0000,0000000.0,6195.15,0.251319,197125718,0000000.0000,0000000.0,22824.86,0.328059,63484.1,0.267,2032-12-01
NK225E    ,OOP,203212,46000.0,            ,137246018,0000000.0000,0000000.0,6285.2,0.251108,147246018,0000000.0000,0000000.0,22688.45,0.327411,63484.1,0.267,2032-12-01
NK225E    ,OOP,203212,46250.0,            ,187126218,0000000.0000,0000000.0,6375.63,0.25088,197126218,0000000.0000,0000000.0,22552.41,0.326637,63484.1,0.267,2032-12-01
NK225E    ,OOP,203212,46500.0,            ,187126518,0000000.0000,0000000.0,6466.68,0.250516,197126518,0000000.0000,0000000.0,22417.0,0.325975,63484.1,0.267,2032-12-01
NK225E    ,OOP,203212,46750.0,            ,187126718,0000000.0000,0000000.0,6558.35,0.250259,197126718,0000000.0000,0000000.0,22282.19,0.325188,63484.1,0.267,2032-12-01
NK225E    ,OOP,203212,47000.0,            ,137247018,0000000.0000,0000000.0,6650.64,0.249987,147247018,0000000.0000,0000000.0,22148.01,0.324512,63484.1,0.267,2032-12-01
NK225E    ,OOP,203212,47250.0,            ,137247218,0000000.0000,0000000.0,6743.15,0.24982,147247218,0000000.0000,0000000.0,22014.06,0.32383,63484.1,0.267,2032-12-01
NK225E    ,OOP,203212,47500.0,            ,137247518,0000000.0000,0000000.0,6836.32,0.249519,147247518,0000000.0000,0000000.0,21880.75,0.323141,63484.1,0.267,2032-12-01
NK225E    ,OOP,203212,47750.0,            ,137247718,0000000.0000,0000000.0,6930.05,0.249205,147247718,0000000.0000,0000000.0,21748.01,0.322445,63484.1,0.267,2032-12-01
NK225E    ,OOP,203212,48000.0,            ,137248018,0000000.0000,0000000.0,7024.43,0.248993,147248018,0000000.0000,0000000.0,21615.92,0.321743,63484.1,0.267,2032-12-01
NK225E    ,OOP,203212,48250.0,            ,137248218,0000000.0000,0000000.0,7118.97,0.248651,147248218,0000000.0000,0000000.0,21484.0,0.321034,63484.1,0.267,2032-12-01
NK225E    ,OOP,203212,48500.0,            ,137248518,0000000.0000,0000000.0,7214.11,0.248412,147248518,0000000.0000,0000000.0,21352.67,0.320433,63484.1,0.267,2032-12-01
NK225E    ,OOP,203212,48750.0,            ,137248718,0000000.0000,0000000.0,7309.85,0.248158,147248718,0000000.0000,0000000.0,21221.94,0.319711,63484.1,0.267,2032-12-01
NK225E    ,OOP,203212,49000.0,            ,137249018,0000000.0000,0000000.0,7406.18,0.247777,147249018,0000000.0000,0000000.0,21091.8,0.319096,63484.1,0.267,2032-12-01
NK225E    ,OOP,203212,49250.0,            ,137249218,0000000.0000,0000000.0,7502.61,0.247497,147249218,0000000.0000,0000000.0,20961.76,0.318362,63484.1,0.267,2032-12-01
NK225E    ,OOP,203212,49500.0,            ,137249518,0000000.0000,0000000.0,7599.63,0.247204,147249518,0000000.0000,0000000.0,20832.31,0.317733,63484.1,0.267,2032-12-01
NK225E    ,OOP,203212,49750.0,            ,137249718,0000000.0000,0000000.0,7697.22,0.246897,147249718,0000000.0000,0000000.0,20703.44,0.317097,63484.1,0.267,2032-12-01
NK225E    ,OOP,203212,50000.0,            ,137240018,0000000.0000,0000000.0,7795.45,0.246578,147240018,0000000.0000,0000000.0,20575.19,0.316454,63484.1,0.267,2032-12-01
NK225E    ,OOP,203212,50250.0,            ,137240218,0000000.0000,0000000.0,7893.71,0.246357,147240218,0000000.0000,0000000.0,20446.98,0.315694,63484.1,0.267,2032-12-01
NK225E    ,OOP,203212,50500.0,            ,137240518,0000000.0000,0000000.0,7992.58,0.246013,147240518,0000000.0000,0000000.0,20319.39,0.315149,63484.1,0.267,2032-12-01
NK225E    ,OOP,203212,50750.0,            ,137240718,0000000.0000,0000000.0,8091.99,0.245656,147240718,0000000.0000,0000000.0,20192.32,0.314486,63484.1,0.267,2032-12-01
NK225E    ,OOP,203212,51000.0,            ,137241018,0000000.0000,0000000.0,8192.0,0.245397,147241018,0000000.0000,0000000.0,20065.87,0.313817,63484.1,0.267,2032-12-01
NK225E    ,OOP,203212,51250.0,            ,137241218,0000000.0000,0000000.0,8292.08,0.245124,147241218,0000000.0000,0000000.0,19939.48,0.313141,63484.1,0.267,2032-12-01
NK225E    ,OOP,203212,51500.0,            ,137241518,0000000.0000,0000000.0,8392.72,0.244732,147241518,0000000.0000,0000000.0,19813.65,0.312568,63484.1,0.267,2032-12-01
NK225E    ,OOP,203212,51750.0,            ,137241718,0000000.0000,0000000.0,8493.92,0.244435,147241718,0000000.0000,0000000.0,19688.38,0.311879,63484.1,0.267,2032-12-01
NK225E    ,OOP,203212,52000.0,            ,137242018,0000000.0000,0000000.0,8595.67,0.244126,147242018,0000000.0000,0000000.0,19563.66,0.311291,63484.1,0.267,2032-12-01
NK225E    ,OOP,203212,52250.0,            ,137242218,0000000.0000,0000000.0,8697.51,0.243805,147242218,0000000.0000,0000000.0,19439.04,0.31059,63484.1,0.267,2032-12-01
NK225E    ,OOP,203212,52500.0,            ,137242518,0000000.0000,0000000.0,8799.91,0.243472,147242518,0000000.0000,0000000.0,19314.96,0.309989,63484.1,0.267,2032-12-01
NK225E    ,OOP,203212,52750.0,            ,137242718,0000000.0000,0000000.0,8902.8,0.243128,147242718,0000000.0000,0000000.0,19191.39,0.309381,63484.1,0.267,2032-12-01
NK225E    ,OOP,203212,53000.0,            ,137243018,0000000.0000,0000000.0,9006.34,0.242772,147243018,0000000.0000,0000000.0,19068.45,0.308767,63484.1,0.267,2032-12-01
NK225E    ,OOP,203212,53250.0,            ,137243218,0000000.0000,0000000.0,9109.94,0.242509,147243218,0000000.0000,0000000.0,18945.59,0.308145,63484.1,0.267,2032-12-01
NK225E    ,OOP,203212,53500.0,            ,137243518,0000000.0000,0000000.0,9214.09,0.242131,147243518,0000000.0000,0000000.0,18823.27,0.307517,63484.1,0.267,2032-12-01
NK225E    ,OOP,203212,53750.0,            ,137243718,0000000.0000,0000000.0,9318.77,0.241741,147243718,0000000.0000,0000000.0,18701.48,0.306883,63484.1,0.267,2032-12-01
NK225E    ,OOP,203212,54000.0,            ,137244018,0000000.0000,0000000.0,9424.0,0.241444,147244018,0000000.0000,0000000.0,18580.24,0.306242,63484.1,0.267,2032-12-01
NK225E    ,OOP,203212,54250.0,            ,137244218,0000000.0000,0000000.0,9529.32,0.241135,147244218,0000000.0000,0000000.0,18459.09,0.305699,63484.1,0.267,2032-12-01
NK225E    ,OOP,203212,54500.0,            ,137244518,0000000.0000,0000000.0,9635.27,0.240713,147244518,0000000.0000,0000000.0,18338.58,0.305045,63484.1,0.267,2032-12-01
NK225E    ,OOP,203212,54750.0,            ,137244718,0000000.0000,0000000.0,9741.76,0.240382,147244718,0000000.0000,0000000.0,18218.59,0.304385,63484.1,0.267,2032-12-01
NK225E    ,OOP,203212,55000.0,            ,187245018,0000000.0000,0000000.0,9848.77,0.24004,197245018,0000000.0000,0000000.0,18099.14,0.303821,63484.1,0.267,2032-12-01
NK225E    ,OOP,203212,55250.0,            ,137245218,0000000.0000,0000000.0,9955.97,0.239687,147245218,0000000.0000,0000000.0,17979.87,0.30325,63484.1,0.267,2032-12-01
NK225E    ,OOP,203212,55500.0,            ,137245518,0000000.0000,0000000.0,10063.74,0.239324,147245518,0000000.0000,0000000.0,17861.17,0.302673,63484.1,0.267,2032-12-01
NK225E    ,OOP,203212,55750.0,            ,137245718,0000000.0000,0000000.0,10172.04,0.238949,147245718,0000000.0000,0000000.0,17743.0,0.301987,63484.1,0.267,2032-12-01
NK225E    ,OOP,203212,56000.0,            ,187246018,0000000.0000,0000000.0,10280.86,0.238565,197246018,0000000.0000,0000000.0,17625.35,0.301397,63484.1,0.267,2032-12-01
NK225E    ,OOP,203212,56250.0,            ,137246218,0000000.0000,0000000.0,10389.95,0.238269,147246218,0000000.0000,0000000.0,17507.97,0.3008,63484.1,0.267,2032-12-01
NK225E    ,OOP,203212,56500.0,            ,137246518,0000000.0000,0000000.0,10499.61,0.237863,147246518,0000000.0000,0000000.0,17391.16,0.300297,63484.1,0.267,2032-12-01
NK225E    ,OOP,203212,56750.0,            ,137246718,0000000.0000,0000000.0,10609.78,0.237546,147246718,0000000.0000,0000000.0,17274.86,0.299686,63484.1,0.267,2032-12-01
NK225E    ,OOP,203212,57000.0,            ,187247018,0000000.0000,0000000.0,10720.53,0.23712,197247018,0000000.0000,0000000.0,17159.14,0.29907,63484.1,0.267,2032-12-01
NK225E    ,OOP,203212,57250.0,            ,187247218,0000000.0000,0000000.0,10831.63,0.236782,197247218,0000000.0000,0000000.0,17043.78,0.298546,63484.1,0.267,2032-12-01
NK225E    ,OOP,203212,57500.0,            ,187247518,0000000.0000,0000000.0,10943.25,0.236433,197247518,0000000.0000,0000000.0,16928.93,0.297917,63484.1,0.267,2032-12-01
NK225E    ,OOP,203212,57750.0,            ,187247718,0000000.0000,0000000.0,11055.38,0.236074,197247718,0000000.0000,0000000.0,16814.59,0.29738,63484.1,0.267,2032-12-01
NK225E    ,OOP,203212,58000.0,            ,187248018,0000000.0000,0000000.0,11168.08,0.235705,197248018,0000000.0000,0000000.0,16700.82,0.296737,63484.1,0.267,2032-12-01
NK225E    ,OOP,203212,58250.0,            ,187248218,0000000.0000,0000000.0,11281.23,0.235326,197248218,0000000.0000,0000000.0,16587.5,0.296187,63484.1,0.267,2032-12-01
NK225E    ,OOP,203212,58500.0,            ,187248518,0000000.0000,0000000.0,11394.95,0.234937,197248518,0000000.0000,0000000.0,16474.75,0.29563,63484.1,0.267,2032-12-01
NK225E    ,OOP,203212,58750.0,            ,187248718,0000000.0000,0000000.0,11509.07,0.234538,197248718,0000000.0000,0000000.0,16362.39,0.295067,63484.1,0.267,2032-12-01
NK225E    ,OOP,203212,59000.0,            ,187249018,0000000.0000,0000000.0,11623.85,0.234224,197249018,0000000.0000,0000000.0,16250.71,0.294497,63484.1,0.267,2032-12-01
NK225E    ,OOP,203212,59250.0,            ,187249218,0000000.0000,0000000.0,11739.19,0.233805,197249218,0000000.0000,0000000.0,16139.58,0.294017,63484.1,0.267,2032-12-01
NK225E    ,OOP,203212,59500.0,            ,187249518,0000000.0000,0000000.0,11855.08,0.233471,197249518,0000000.0000,0000000.0,16029.01,0.293434,63484.1,0.267,2032-12-01
NK225E    ,OOP,203212,59750.0,            ,187249718,0000000.0000,0000000.0,11971.43,0.233127,197249718,0000000.0000,0000000.0,15918.88,0.292844,63484.1,0.267,2032-12-01
NK225E    ,OOP,203212,60000.0,            ,187240018,0000000.0000,0000000.0,12088.34,0.232773,197240018,0000000.0000,0000000.0,15809.32,0.292344,63484.1,0.267,2032-12-01
NK225E    ,OOP,203212,60250.0,            ,187240218,0000000.0000,0000000.0,12205.95,0.23241,197240218,0000000.0000,0000000.0,15700.47,0.291838,63484.1,0.267,2032-12-01
NK225E    ,OOP,203212,60500.0,            ,187240518,0000000.0000,0000000.0,12324.13,0.232036,197240518,0000000.0000,0000000.0,15592.17,0.291229,63484.1,0.267,2032-12-01
NK225E    ,OOP,203212,60750.0,            ,187240718,0000000.0000,0000000.0,12442.75,0.231653,197240718,0000000.0000,0000000.0,15484.32,0.290709,63484.1,0.267,2032-12-01
NK225E    ,OOP,203212,61000.0,            ,187241018,0000000.0000,0000000.0,12561.92,0.231261,197241018,0000000.0000,0000000.0,15377.03,0.290183,63484.1,0.267,2032-12-01
NK225E    ,OOP,203212,61250.0,            ,187241218,0000000.0000,0000000.0,12681.97,0.230951,197241218,0000000.0000,0000000.0,15270.61,0.28965,63484.1,0.267,2032-12-01
NK225E    ,OOP,203212,61500.0,            ,187241518,0000000.0000,0000000.0,12802.51,0.230539,197241518,0000000.0000,0000000.0,15164.68,0.289204,63484.1,0.267,2032-12-01
NK225E    ,OOP,203212,61750.0,            ,187241718,0000000.0000,0000000.0,12923.56,0.23021,197241718,0000000.0000,0000000.0,15059.26,0.288658,63484.1,0.267,2032-12-01
NK225E    ,OOP,203212,62000.0,            ,187242018,0000000.0000,0000000.0,13045.1,0.229871,197242018,0000000.0000,0000000.0,14954.33,0.288199,63484.1,0.267,2032-12-01
NK225E    ,OOP,203212,62250.0,            ,187242218,0000000.0000,0000000.0,13167.62,0.229523,197242218,0000000.0000,0000000.0,14850.39,0.28764,63484.1,0.267,2032-12-01
NK225E    ,OOP,203212,62500.0,            ,187242518,0000000.0000,0000000.0,13290.7,0.229165,197242518,0000000.0000,0000000.0,14746.99,0.287167,63484.1,0.267,2032-12-01
NK225E    ,OOP,203212,62750.0,            ,187242718,0000000.0000,0000000.0,13414.21,0.228798,197242718,0000000.0000,0000000.0,14644.04,0.286688,63484.1,0.267,2032-12-01
NK225E    ,OOP,203212,63000.0,            ,187243018,0000000.0000,0000000.0,13538.28,0.228421,197243018,0000000.0000,0000000.0,14541.63,0.286203,63484.1,0.267,2032-12-01
NK225E    ,OOP,203212,63250.0,            ,187243218,0000000.0000,0000000.0,13663.44,0.228125,197243218,0000000.0000,0000000.0,14440.32,0.28571,63484.1,0.267,2032-12-01
NK225E    ,OOP,203212,63500.0,            ,187243518,0000000.0000,0000000.0,13789.09,0.22773,197243518,0000000.0000,0000000.0,14339.51,0.285211,63484.1,0.267,2032-12-01
NK225E    ,OOP,203212,63750.0,            ,187243718,0000000.0000,0000000.0,13915.23,0.227415,197243718,0000000.0000,0000000.0,14239.18,0.284798,63484.1,0.267,2032-12-01
NK225E    ,OOP,203212,64000.0,            ,187244018,0000000.0000,0000000.0,14041.92,0.227091,197244018,0000000.0000,0000000.0,14139.4,0.284286,63484.1,0.267,2032-12-01
NK225E    ,OOP,203212,64250.0,            ,187244218,0000000.0000,0000000.0,14169.77,0.226757,197244218,0000000.0000,0000000.0,14040.78,0.283859,63484.1,0.267,2032-12-01
NK225E    ,OOP,203212,64500.0,            ,187244518,0000000.0000,0000000.0,14298.16,0.226414,197244518,0000000.0000,0000000.0,13942.7,0.283426,63484.1,0.267,2032-12-01
NK225E    ,OOP,203212,64750.0,            ,187244718,0000000.0000,0000000.0,14427.04,0.226062,197244718,0000000.0000,0000000.0,13845.11,0.282985,63484.1,0.267,2032-12-01
NK225E    ,OOP,203212,65000.0,            ,137365018,0000000.0000,0000000.0,14556.41,0.225701,147365018,0000000.0000,0000000.0,13748.01,0.282538,63484.1,0.267,2032-12-01
NK225E    ,OOP,203212,65250.0,            ,187245218,0000000.0000,0000000.0,14687.09,0.225419,197245218,0000000.0000,0000000.0,13652.23,0.282085,63484.1,0.267,2032-12-01
NK225E    ,OOP,203212,65500.0,            ,187245518,0000000.0000,0000000.0,14818.27,0.225129,197245518,0000000.0000,0000000.0,13556.94,0.281624,63484.1,0.267,2032-12-01
NK225E    ,OOP,203212,65750.0,            ,187245718,0000000.0000,0000000.0,14949.94,0.224739,197245718,0000000.0000,0000000.0,13462.13,0.281248,63484.1,0.267,2032-12-01
NK225E    ,OOP,203212,66000.0,            ,137366018,0000000.0000,0000000.0,15082.09,0.22443,147366018,0000000.0000,0000000.0,13367.81,0.280775,63484.1,0.267,2032-12-01
NK225E    ,OOP,203212,66250.0,            ,187246218,0000000.0000,0000000.0,15215.62,0.224111,197246218,0000000.0000,0000000.0,13274.87,0.280385,63484.1,0.267,2032-12-01
NK225E    ,OOP,203212,66500.0,            ,187246518,0000000.0000,0000000.0,15349.69,0.223872,197246518,0000000.0000,0000000.0,13182.48,0.279988,63484.1,0.267,2032-12-01
NK225E    ,OOP,203212,66750.0,            ,187246718,0000000.0000,0000000.0,15484.19,0.223535,197246718,0000000.0000,0000000.0,13090.51,0.279585,63484.1,0.267,2032-12-01
NK225E    ,OOP,203212,67000.0,            ,137367018,0000000.0000,0000000.0,15619.22,0.223189,147367018,0000000.0000,0000000.0,12999.07,0.279265,63484.1,0.267,2032-12-01
NK225E    ,OOP,203212,67250.0,            ,137367218,0000000.0000,0000000.0,15755.7,0.222922,147367218,0000000.0000,0000000.0,12909.08,0.278849,63484.1,0.267,2032-12-01
NK225E    ,OOP,203212,67500.0,            ,137367518,0000000.0000,0000000.0,15892.65,0.222645,147367518,0000000.0000,0000000.0,12819.56,0.278515,63484.1,0.267,2032-12-01
NK225E    ,OOP,203212,67750.0,            ,137367718,0000000.0000,0000000.0,16030.08,0.22236,147367718,0000000.0000,0000000.0,12730.53,0.278085,63484.1,0.267,2032-12-01
NK225E    ,OOP,203212,68000.0,            ,137368018,0000000.0000,0000000.0,16168.0,0.222065,147368018,0000000.0000,0000000.0,12641.97,0.277738,63484.1,0.267,2032-12-01
NK225E    ,OOP,203212,68250.0,            ,137368218,0000000.0000,0000000.0,16307.4,0.221761,147368218,0000000.0000,0000000.0,12554.91,0.277384,63484.1,0.267,2032-12-01
NK225E    ,OOP,203212,68500.0,            ,137368518,0000000.0000,0000000.0,16447.29,0.221536,147368518,0000000.0000,0000000.0,12468.32,0.277023,63484.1,0.267,2032-12-01
NK225E    ,OOP,203212,68750.0,            ,137368718,0000000.0000,0000000.0,16587.65,0.221214,147368718,0000000.0000,0000000.0,12382.21,0.276745,63484.1,0.267,2032-12-01
NK225E    ,OOP,203212,69000.0,            ,137369018,0000000.0000,0000000.0,16728.48,0.220971,147369018,0000000.0000,0000000.0,12296.58,0.276371,63484.1,0.267,2032-12-01
NK225E    ,OOP,203212,69250.0,            ,137369218,0000000.0000,0000000.0,16870.8,0.220719,147369218,0000000.0000,0000000.0,12212.43,0.276079,63484.1,0.267,2032-12-01
NK225E    ,OOP,203212,69500.0,            ,137369518,0000000.0000,0000000.0,17013.6,0.220457,147369518,0000000.0000,0000000.0,12128.76,0.275691,63484.1,0.267,2032-12-01
NK225E    ,OOP,203212,69750.0,            ,137369718,0000000.0000,0000000.0,17156.87,0.220187,147369718,0000000.0000,0000000.0,12045.56,0.275386,63484.1,0.267,2032-12-01
NK225E    ,OOP,203212,70000.0,            ,137360018,0000000.0000,0000000.0,17300.6,0.219995,147360018,0000000.0000,0000000.0,11962.82,0.275074,63484.1,0.267,2032-12-01
NK225E    ,OOP,203212,70250.0,            ,137360218,0000000.0000,0000000.0,17445.77,0.219707,147360218,0000000.0000,0000000.0,11881.52,0.274755,63484.1,0.267,2032-12-01
NK225E    ,OOP,203212,70500.0,            ,137360518,0000000.0000,0000000.0,17591.46,0.219496,147360518,0000000.0000,0000000.0,11800.75,0.274518,63484.1,0.267,2032-12-01
NK225E    ,OOP,203212,70750.0,            ,137360718,0000000.0000,0000000.0,17737.62,0.219191,147360718,0000000.0000,0000000.0,11720.43,0.274185,63484.1,0.267,2032-12-01
NK225E    ,OOP,203212,71000.0,            ,137361018,0000000.0000,0000000.0,17884.23,0.218963,147361018,0000000.0000,0000000.0,11640.58,0.273935,63484.1,0.267,2032-12-01
NK225E    ,OOP,203212,71250.0,            ,137361218,0000000.0000,0000000.0,18032.22,0.218726,147361218,0000000.0000,0000000.0,11562.1,0.273589,63484.1,0.267,2032-12-01
NK225E    ,OOP,203212,71500.0,            ,137361518,0000000.0000,0000000.0,18180.73,0.218567,147361518,0000000.0000,0000000.0,11484.14,0.273325,63484.1,0.267,2032-12-01
NK225E    ,OOP,203212,71750.0,            ,137361718,0000000.0000,0000000.0,18329.63,0.218313,147361718,0000000.0000,0000000.0,11406.57,0.273054,63484.1,0.267,2032-12-01
NK225E    ,OOP,203212,72000.0,            ,137362018,0000000.0000,0000000.0,18479.05,0.21805,147362018,0000000.0000,0000000.0,11329.52,0.272777,63484.1,0.267,2032-12-01
NK225E    ,OOP,203212,72250.0,            ,137362218,0000000.0000,0000000.0,18629.72,0.217866,147362218,0000000.0000,0000000.0,11253.72,0.272581,63484.1,0.267,2032-12-01
NK225E    ,OOP,203212,72500.0,            ,137362518,0000000.0000,0000000.0,18780.9,0.217672,147362518,0000000.0000,0000000.0,11178.43,0.27229,63484.1,0.267,2032-12-01
NK225E    ,OOP,203212,72750.0,            ,137362718,0000000.0000,0000000.0,18932.46,0.21747,147362718,0000000.0000,0000000.0,11103.53,0.272081,63484.1,0.267,2032-12-01
NK225E    ,OOP,203212,73000.0,            ,137363018,0000000.0000,0000000.0,19084.53,0.217259,147363018,0000000.0000,0000000.0,11029.13,0.271864,63484.1,0.267,2032-12-01
NK225E    ,OOP,203212,73250.0,            ,137363218,0000000.0000,0000000.0,19237.74,0.217039,147363218,0000000.0000,0000000.0,10955.87,0.271554,63484.1,0.267,2032-12-01
NK225E    ,OOP,203212,73500.0,            ,137363518,0000000.0000,0000000.0,19391.45,0.216811,147363518,0000000.0000,0000000.0,10883.1,0.271325,63484.1,0.267,2032-12-01
NK225E    ,OOP,203212,73750.0,            ,137363718,0000000.0000,0000000.0,19545.53,0.216575,147363718,0000000.0000,0000000.0,10810.72,0.271176,63484.1,0.267,2032-12-01
NK225E    ,OOP,203212,74000.0,            ,137364018,0000000.0000,0000000.0,19700.11,0.216416,147364018,0000000.0000,0000000.0,10738.83,0.270934,63484.1,0.267,2032-12-01
NK225E    ,OOP,203212,74250.0,            ,137364218,0000000.0000,0000000.0,19855.65,0.21625,147364218,0000000.0000,0000000.0,10667.9,0.270685,63484.1,0.267,2032-12-01
NK225E    ,OOP,203212,74500.0,            ,137364518,0000000.0000,0000000.0,20011.62,0.215988,147364518,0000000.0000,0000000.0,10597.39,0.270517,63484.1,0.267,2032-12-01
NK225E    ,OOP,203212,74750.0,            ,137364718,0000000.0000,0000000.0,20168.01,0.215804,147364718,0000000.0000,0000000.0,10527.32,0.270256,63484.1,0.267,2032-12-01
NK225E    ,OOP,203212,75000.0,            ,187365018,0000000.0000,0000000.0,20324.84,0.215612,197365018,0000000.0000,0000000.0,10457.68,0.270075,63484.1,0.267,2032-12-01
NK225E    ,OOP,203212,75250.0,            ,137365218,0000000.0000,0000000.0,20482.44,0.215412,147365218,0000000.0000,0000000.0,10388.81,0.269888,63484.1,0.267,2032-12-01
NK225E    ,OOP,203212,75500.0,            ,137365518,0000000.0000,0000000.0,20640.46,0.215203,147365518,0000000.0000,0000000.0,10320.36,0.269607,63484.1,0.267,2032-12-01
NK225E    ,OOP,203212,75750.0,            ,137365718,0000000.0000,0000000.0,20798.9,0.215072,147365718,0000000.0000,0000000.0,10252.33,0.269407,63484.1,0.267,2032-12-01
NK225E    ,OOP,203212,76000.0,            ,187366018,0000000.0000,0000000.0,20957.81,0.214847,197366018,0000000.0000,0000000.0,10184.78,0.269287,63484.1,0.267,2032-12-01
NK225E    ,OOP,203212,76250.0,            ,137366218,0000000.0000,0000000.0,21116.4,0.214614,147366218,0000000.0000,0000000.0,10116.89,0.269075,63484.1,0.267,2032-12-01
NK225E    ,OOP,203212,80000.0,            ,187360018,0000000.0000,0000000.0,23543.82,0.211447,197360018,0000000.0000,0000000.0,9147.28,0.266017,63484.1,0.267,2032-12-01
NK225E    ,OOP,203306,23000.0,            ,138063018,0000000.0000,0000000.0,1082.88,0.287012,148063018,0000000.0000,0000000.0,38081.51,0.484322,63484.1,0.267,2033-06-01
NK225E    ,OOP,203306,24000.0,            ,138064018,0000000.0000,0000000.0,1244.69,0.286803,148064018,0000000.0000,0000000.0,37344.57,0.473201,63484.1,0.267,2033-06-01
NK225E    ,OOP,203306,25000.0,            ,138065018,0000000.0000,0000000.0,1419.55,0.28645,148065018,0000000.0000,0000000.0,36620.68,0.462953,63484.1,0.267,2033-06-01
NK225E    ,OOP,203306,26000.0,            ,138066018,0000000.0000,0000000.0,1607.51,0.285983,148066018,0000000.0000,0000000.0,35909.89,0.453695,63484.1,0.267,2033-06-01
NK225E    ,OOP,203306,27000.0,            ,138067018,0000000.0000,0000000.0,1808.61,0.285968,148067018,0000000.0000,0000000.0,35212.24,0.445321,63484.1,0.267,2033-06-01
NK225E    ,OOP,203306,28000.0,            ,138068018,0000000.0000,0000000.0,2022.83,0.285548,148068018,0000000.0000,0000000.0,34527.71,0.437354,63484.1,0.267,2033-06-01
NK225E    ,OOP,203306,29000.0,            ,138069018,0000000.0000,0000000.0,2127.24,0.27977,148069018,0000000.0000,0000000.0,33733.37,0.426002,63484.1,0.267,2033-06-01
NK225E    ,OOP,203306,30000.0,            ,138060018,0000000.0000,0000000.0,2253.39,0.274954,148060018,0000000.0000,0000000.0,32960.77,0.415603,63484.1,0.267,2033-06-01
NK225E    ,OOP,203306,31000.0,            ,138061018,0000000.0000,0000000.0,2401.13,0.270971,148061018,0000000.0000,0000000.0,32209.76,0.406244,63484.1,0.267,2033-06-01
NK225E    ,OOP,203306,32000.0,            ,138062018,0000000.0000,0000000.0,2570.24,0.267708,148062018,0000000.0000,0000000.0,31480.12,0.397831,63484.1,0.267,2033-06-01
NK225E    ,OOP,203306,33000.0,            ,188063018,0000000.0000,0000000.0,2760.37,0.264865,198063018,0000000.0000,0000000.0,30771.5,0.390278,63484.1,0.267,2033-06-01
NK225E    ,OOP,203306,33750.0,            ,138063718,0000000.0000,0000000.0,2917.58,0.263219,148063718,0000000.0000,0000000.0,30254.64,0.385111,63484.1,0.267,2033-06-01
NK225E    ,OOP,203306,34000.0,            ,188064018,0000000.0000,0000000.0,2970.94,0.262763,198064018,0000000.0000,0000000.0,30083.31,0.383509,63484.1,0.267,2033-06-01
NK225E    ,OOP,203306,34250.0,            ,138064218,0000000.0000,0000000.0,3027.69,0.262289,148064218,0000000.0000,0000000.0,29915.38,0.381912,63484.1,0.267,2033-06-01
NK225E    ,OOP,203306,34500.0,            ,138064518,0000000.0000,0000000.0,3084.98,0.261797,148064518,0000000.0000,0000000.0,29747.99,0.380319,63484.1,0.267,2033-06-01
NK225E    ,OOP,203306,34750.0,            ,138064718,0000000.0000,0000000.0,3142.82,0.261469,148064718,0000000.0000,0000000.0,29581.13,0.378887,63484.1,0.267,2033-06-01
NK225E    ,OOP,203306,35000.0,            ,188065018,0000000.0000,0000000.0,3201.21,0.260941,198065018,0000000.0000,0000000.0,29414.84,0.377302,63484.1,0.267,2033-06-01
NK225E    ,OOP,203306,35250.0,            ,138065218,0000000.0000,0000000.0,3262.57,0.260575,148065218,0000000.0000,0000000.0,29251.51,0.375876,63484.1,0.267,2033-06-01
NK225E    ,OOP,203306,35500.0,            ,138065518,0000000.0000,0000000.0,3324.55,0.260189,148065518,0000000.0000,0000000.0,29088.8,0.374452,63484.1,0.267,2033-06-01
NK225E    ,OOP,203306,35750.0,            ,138065718,0000000.0000,0000000.0,3387.11,0.259957,148065718,0000000.0000,0000000.0,28926.68,0.373181,63484.1,0.267,2033-06-01
NK225E    ,OOP,203306,36000.0,            ,188066018,0000000.0000,0000000.0,3450.27,0.259532,198066018,0000000.0000,0000000.0,28765.15,0.37176,63484.1,0.267,2033-06-01
NK225E    ,OOP,203306,36250.0,            ,138066218,0000000.0000,0000000.0,3516.03,0.25926,148066218,0000000.0000,0000000.0,28606.22,0.370491,63484.1,0.267,2033-06-01
NK225E    ,OOP,203306,36500.0,            ,138066518,0000000.0000,0000000.0,3582.42,0.258966,148066518,0000000.0000,0000000.0,28447.92,0.369221,63484.1,0.267,2033-06-01
NK225E    ,OOP,203306,36750.0,            ,138066718,0000000.0000,0000000.0,3649.44,0.258653,148066718,0000000.0000,0000000.0,28290.25,0.367952,63484.1,0.267,2033-06-01
NK225E    ,OOP,203306,37000.0,            ,188067018,0000000.0000,0000000.0,3717.09,0.25832,198067018,0000000.0000,0000000.0,28133.21,0.366828,63484.1,0.267,2033-06-01
NK225E    ,OOP,203306,37250.0,            ,138067218,0000000.0000,0000000.0,3786.92,0.258131,148067218,0000000.0000,0000000.0,27978.36,0.365558,63484.1,0.267,2033-06-01
NK225E    ,OOP,203306,37500.0,            ,138067518,0000000.0000,0000000.0,3857.41,0.25792,148067518,0000000.0000,0000000.0,27824.17,0.364431,63484.1,0.267,2033-06-01
NK225E    ,OOP,203306,37750.0,            ,138067718,0000000.0000,0000000.0,3928.56,0.257689,148067718,0000000.0000,0000000.0,27670.63,0.363303,63484.1,0.267,2033-06-01
NK225E    ,OOP,203306,38000.0,            ,188068018,0000000.0000,0000000.0,4000.4,0.257437,198068018,0000000.0000,0000000.0,27517.78,0.362172,63484.1,0.267,2033-06-01
NK225E    ,OOP,203306,38250.0,            ,138068218,0000000.0000,0000000.0,4074.02,0.257167,148068218,0000000.0000,0000000.0,27366.71,0.361181,63484.1,0.267,2033-06-01
NK225E    ,OOP,203306,38500.0,            ,138068518,0000000.0000,0000000.0,4148.35,0.256877,148068518,0000000.0000,0000000.0,27216.35,0.360046,63484.1,0.267,2033-06-01
NK225E    ,OOP,203306,38750.0,            ,138068718,0000000.0000,0000000.0,4223.31,0.256721,148068718,0000000.0000,0000000.0,27066.63,0.359049,63484.1,0.267,2033-06-01
NK225E    ,OOP,203306,39000.0,            ,188069018,0000000.0000,0000000.0,4298.99,0.256545,198069018,0000000.0000,0000000.0,26917.62,0.358048,63484.1,0.267,2033-06-01
NK225E    ,OOP,203306,39250.0,            ,138069218,0000000.0000,0000000.0,4376.06,0.256348,148069218,0000000.0000,0000000.0,26770.0,0.357044,63484.1,0.267,2033-06-01
NK225E    ,OOP,203306,39500.0,            ,138069518,0000000.0000,0000000.0,4453.84,0.256132,148069518,0000000.0000,0000000.0,26623.09,0.356036,63484.1,0.267,2033-06-01
NK225E    ,OOP,203306,39750.0,            ,138069718,0000000.0000,0000000.0,4532.31,0.255898,148069718,0000000.0000,0000000.0,26476.87,0.355025,63484.1,0.267,2033-06-01
NK225E    ,OOP,203306,40000.0,            ,188060018,0000000.0000,0000000.0,4611.46,0.255789,198060018,0000000.0000,0000000.0,26331.33,0.354146,63484.1,0.267,2033-06-01
NK225E    ,OOP,203306,40250.0,            ,138060218,0000000.0000,0000000.0,4691.67,0.255518,148060218,0000000.0000,0000000.0,26186.86,0.353262,63484.1,0.267,2033-06-01
NK225E    ,OOP,203306,40500.0,            ,138060518,0000000.0000,0000000.0,4772.57,0.25537,148060518,0000000.0000,0000000.0,26043.08,0.35224,63484.1,0.267,2033-06-01
NK225E    ,OOP,203306,40750.0,            ,138060718,0000000.0000,0000000.0,4854.15,0.255204,148060718,0000000.0000,0000000.0,25899.97,0.351347,63484.1,0.267,2033-06-01
NK225E    ,OOP,203306,41000.0,            ,188061018,0000000.0000,0000000.0,4936.41,0.255019,198061018,0000000.0000,0000000.0,25757.54,0.35045,63484.1,0.267,2033-06-01
NK225E    ,OOP,203306,41250.0,            ,138061218,0000000.0000,0000000.0,5019.43,0.254816,148061218,0000000.0000,0000000.0,25615.87,0.349679,63484.1,0.267,2033-06-01
NK225E    ,OOP,203306,41500.0,            ,138061518,0000000.0000,0000000.0,5103.15,0.254732,148061518,0000000.0000,0000000.0,25474.9,0.348772,63484.1,0.267,2033-06-01
NK225E    ,OOP,203306,41750.0,            ,138061718,0000000.0000,0000000.0,5187.51,0.254493,148061718,0000000.0000,0000000.0,25334.58,0.34799,63484.1,0.267,2033-06-01
NK225E    ,OOP,203306,42000.0,            ,188062018,0000000.0000,0000000.0,5272.58,0.254372,198062018,0000000.0000,0000000.0,25194.96,0.347074,63484.1,0.267,2033-06-01
NK225E    ,OOP,203306,42250.0,            ,138062218,0000000.0000,0000000.0,5358.1,0.254099,148062218,0000000.0000,0000000.0,25055.79,0.346281,63484.1,0.267,2033-06-01
NK225E    ,OOP,203306,42500.0,            ,138062518,0000000.0000,0000000.0,5444.27,0.253943,148062518,0000000.0000,0000000.0,24917.28,0.345483,63484.1,0.267,2033-06-01
NK225E    ,OOP,203306,42750.0,            ,138062718,0000000.0000,0000000.0,5531.11,0.253769,148062718,0000000.0000,0000000.0,24779.43,0.344679,63484.1,0.267,2033-06-01
NK225E    ,OOP,203306,43000.0,            ,138183018,0000000.0000,0000000.0,5618.65,0.253578,148183018,0000000.0000,0000000.0,24642.28,0.34387,63484.1,0.267,2033-06-01
NK225E    ,OOP,203306,43250.0,            ,138063218,0000000.0000,0000000.0,5706.38,0.253371,148063218,0000000.0000,0000000.0,24505.32,0.343057,63484.1,0.267,2033-06-01
NK225E    ,OOP,203306,43500.0,            ,138063518,0000000.0000,0000000.0,5794.76,0.253148,148063518,0000000.0000,0000000.0,24369.01,0.342238,63484.1,0.267,2033-06-01
NK225E    ,OOP,203306,43750.0,            ,188063718,0000000.0000,0000000.0,5883.78,0.252909,198063718,0000000.0000,0000000.0,24233.35,0.341537,63484.1,0.267,2033-06-01
NK225E    ,OOP,203306,44000.0,            ,138184018,0000000.0000,0000000.0,5973.45,0.25278,148184018,0000000.0000,0000000.0,24098.33,0.340707,63484.1,0.267,2033-06-01
NK225E    ,OOP,203306,44250.0,            ,188064218,0000000.0000,0000000.0,6063.07,0.25251,198064218,0000000.0000,0000000.0,23963.27,0.339994,63484.1,0.267,2033-06-01
NK225E    ,OOP,203306,44500.0,            ,188064518,0000000.0000,0000000.0,6153.37,0.252349,198064518,0000000.0000,0000000.0,23828.87,0.339155,63484.1,0.267,2033-06-01
NK225E    ,OOP,203306,44750.0,            ,188064718,0000000.0000,0000000.0,6244.3,0.252172,198064718,0000000.0000,0000000.0,23695.11,0.338431,63484.1,0.267,2033-06-01
NK225E    ,OOP,203306,45000.0,            ,138185018,0000000.0000,0000000.0,6335.85,0.251858,148185018,0000000.0000,0000000.0,23561.98,0.337701,63484.1,0.267,2033-06-01
NK225E    ,OOP,203306,45250.0,            ,188065218,0000000.0000,0000000.0,6427.2,0.251651,198065218,0000000.0000,0000000.0,23428.64,0.336966,63484.1,0.267,2033-06-01
NK225E    ,OOP,203306,45500.0,            ,188065518,0000000.0000,0000000.0,6519.2,0.251429,198065518,0000000.0000,0000000.0,23295.95,0.336225,63484.1,0.267,2033-06-01
NK225E    ,OOP,203306,45750.0,            ,188065718,0000000.0000,0000000.0,6611.77,0.251193,198065718,0000000.0000,0000000.0,23163.84,0.335478,63484.1,0.267,2033-06-01
NK225E    ,OOP,203306,46000.0,            ,138186018,0000000.0000,0000000.0,6704.99,0.250942,148186018,0000000.0000,0000000.0,23032.37,0.334726,63484.1,0.267,2033-06-01
NK225E    ,OOP,203306,46250.0,            ,188066218,0000000.0000,0000000.0,6797.84,0.250678,198066218,0000000.0000,0000000.0,22900.53,0.333969,63484.1,0.267,2033-06-01
NK225E    ,OOP,203306,46500.0,            ,188066518,0000000.0000,0000000.0,6891.32,0.250517,198066518,0000000.0000,0000000.0,22769.32,0.333207,63484.1,0.267,2033-06-01
NK225E    ,OOP,203306,46750.0,            ,188066718,0000000.0000,0000000.0,6985.39,0.250225,198066718,0000000.0000,0000000.0,22638.71,0.332554,63484.1,0.267,2033-06-01
NK225E    ,OOP,203306,47000.0,            ,138187018,0000000.0000,0000000.0,7080.05,0.24992,148187018,0000000.0000,0000000.0,22508.68,0.331781,63484.1,0.267,2033-06-01
NK225E    ,OOP,203306,47250.0,            ,188067218,0000000.0000,0000000.0,7174.3,0.249717,198067218,0000000.0000,0000000.0,22378.24,0.331117,63484.1,0.267,2033-06-01
NK225E    ,OOP,203306,47500.0,            ,188067518,0000000.0000,0000000.0,7269.11,0.249386,198067518,0000000.0000,0000000.0,22248.37,0.330333,63484.1,0.267,2033-06-01
NK225E    ,OOP,203306,47750.0,            ,188067718,0000000.0000,0000000.0,7364.5,0.249156,198067718,0000000.0000,0000000.0,22119.07,0.329658,63484.1,0.267,2033-06-01
NK225E    ,OOP,203306,48000.0,            ,138188018,0000000.0000,0000000.0,7460.46,0.2488,148188018,0000000.0000,0000000.0,21990.34,0.328864,63484.1,0.267,2033-06-01
NK225E    ,OOP,203306,48250.0,            ,188068218,0000000.0000,0000000.0,7555.91,0.248545,198068218,0000000.0000,0000000.0,21861.11,0.328177,63484.1,0.267,2033-06-01
NK225E    ,OOP,203306,48500.0,            ,188068518,0000000.0000,0000000.0,7651.97,0.248165,198068518,0000000.0000,0000000.0,21732.47,0.327485,63484.1,0.267,2033-06-01
NK225E    ,OOP,203306,48750.0,            ,188068718,0000000.0000,0000000.0,7748.57,0.247884,198068718,0000000.0000,0000000.0,21604.39,0.326787,63484.1,0.267,2033-06-01
NK225E    ,OOP,203306,49000.0,            ,138189018,0000000.0000,0000000.0,7845.73,0.247592,148189018,0000000.0000,0000000.0,21476.86,0.326084,63484.1,0.267,2033-06-01
NK225E    ,OOP,203306,49250.0,            ,188069218,0000000.0000,0000000.0,7942.38,0.247287,198069218,0000000.0000,0000000.0,21348.82,0.325265,63484.1,0.267,2033-06-01
NK225E    ,OOP,203306,49500.0,            ,188069518,0000000.0000,0000000.0,8039.62,0.24697,198069518,0000000.0000,0000000.0,21221.37,0.324552,63484.1,0.267,2033-06-01
NK225E    ,OOP,203306,49750.0,            ,188069718,0000000.0000,0000000.0,8137.39,0.246642,198069718,0000000.0000,0000000.0,21094.46,0.323833,63484.1,0.267,2033-06-01
NK225E    ,OOP,203306,50000.0,            ,138180018,0000000.0000,0000000.0,8235.7,0.246302,148180018,0000000.0000,0000000.0,20968.08,0.323217,63484.1,0.267,2033-06-01
NK225E    ,OOP,203306,50250.0,            ,188060218,0000000.0000,0000000.0,8333.56,0.245951,198060218,0000000.0000,0000000.0,20841.25,0.322488,63484.1,0.267,2033-06-01
NK225E    ,OOP,203306,50500.0,            ,188060518,0000000.0000,0000000.0,8431.94,0.245589,198060518,0000000.0000,0000000.0,20714.95,0.321753,63484.1,0.267,2033-06-01
NK225E    ,OOP,203306,50750.0,            ,188060718,0000000.0000,0000000.0,8530.84,0.245216,198060718,0000000.0000,0000000.0,20589.16,0.321013,63484.1,0.267,2033-06-01
NK225E    ,OOP,203306,51000.0,            ,138181018,0000000.0000,0000000.0,8630.26,0.244938,148181018,0000000.0000,0000000.0,20463.89,0.320375,63484.1,0.267,2033-06-01
NK225E    ,OOP,203306,51250.0,            ,188061218,0000000.0000,0000000.0,8729.3,0.244544,198061218,0000000.0000,0000000.0,20338.24,0.319625,63484.1,0.267,2033-06-01
NK225E    ,OOP,203306,51500.0,            ,188061518,0000000.0000,0000000.0,8828.89,0.244139,198061518,0000000.0000,0000000.0,20213.14,0.31887,63484.1,0.267,2033-06-01
NK225E    ,OOP,203306,51750.0,            ,188061718,0000000.0000,0000000.0,8928.93,0.243827,198061718,0000000.0000,0000000.0,20088.5,0.318216,63484.1,0.267,2033-06-01
NK225E    ,OOP,203306,52000.0,            ,138182018,0000000.0000,0000000.0,9029.53,0.243402,148182018,0000000.0000,0000000.0,19964.41,0.317451,63484.1,0.267,2033-06-01
NK225E    ,OOP,203306,52250.0,            ,188062218,0000000.0000,0000000.0,9129.81,0.243069,198062218,0000000.0000,0000000.0,19840.01,0.316786,63484.1,0.267,2033-06-01
NK225E    ,OOP,203306,52500.0,            ,188062518,0000000.0000,0000000.0,9230.64,0.242623,198062518,0000000.0000,0000000.0,19716.14,0.316116,63484.1,0.267,2033-06-01
NK225E    ,OOP,203306,52750.0,            ,188062718,0000000.0000,0000000.0,9331.91,0.24227,198062718,0000000.0000,0000000.0,19592.73,0.315336,63484.1,0.267,2033-06-01
NK225E    ,OOP,203306,53000.0,            ,188183018,0000000.0000,0000000.0,9433.67,0.241906,198183018,0000000.0000,0000000.0,19469.8,0.314656,63484.1,0.267,2033-06-01
NK225E    ,OOP,203306,53250.0,            ,188063218,0000000.0000,0000000.0,9535.38,0.241431,198063218,0000000.0000,0000000.0,19346.83,0.313969,63484.1,0.267,2033-06-01
NK225E    ,OOP,203306,53500.0,            ,188063518,0000000.0000,0000000.0,9637.53,0.241047,198063518,0000000.0000,0000000.0,19224.29,0.313278,63484.1,0.267,2033-06-01
NK225E    ,OOP,203306,53750.0,            ,138183718,0000000.0000,0000000.0,9740.12,0.240654,148183718,0000000.0000,0000000.0,19102.18,0.312582,63484.1,0.267,2033-06-01
NK225E    ,OOP,203306,54000.0,            ,188184018,0000000.0000,0000000.0,9843.28,0.24025,198184018,0000000.0000,0000000.0,18980.66,0.31188,63484.1,0.267,2033-06-01
NK225E    ,OOP,203306,54250.0,            ,138184218,0000000.0000,0000000.0,9946.43,0.239837,148184218,0000000.0000,0000000.0,18859.13,0.311174,63484.1,0.267,2033-06-01
NK225E    ,OOP,203306,54500.0,            ,138184518,0000000.0000,0000000.0,10050.01,0.239415,148184518,0000000.0000,0000000.0,18738.02,0.310462,63484.1,0.267,2033-06-01
NK225E    ,OOP,203306,54750.0,            ,138184718,0000000.0000,0000000.0,10154.11,0.238983,148184718,0000000.0000,0000000.0,18617.43,0.309746,63484.1,0.267,2033-06-01
NK225E    ,OOP,203306,55000.0,            ,188185018,0000000.0000,0000000.0,10258.7,0.238639,198185018,0000000.0000,0000000.0,18497.33,0.309124,63484.1,0.267,2033-06-01
NK225E    ,OOP,203306,55250.0,            ,138185218,0000000.0000,0000000.0,10363.55,0.238189,148185218,0000000.0000,0000000.0,18377.49,0.308398,63484.1,0.267,2033-06-01
NK225E    ,OOP,203306,55500.0,            ,138185518,0000000.0000,0000000.0,10468.77,0.237826,148185518,0000000.0000,0000000.0,18258.03,0.307766,63484.1,0.267,2033-06-01
NK225E    ,OOP,203306,55750.0,            ,138185718,0000000.0000,0000000.0,10574.57,0.237357,148185718,0000000.0000,0000000.0,18139.14,0.307029,63484.1,0.267,2033-06-01
NK225E    ,OOP,203306,56000.0,            ,188186018,0000000.0000,0000000.0,10680.74,0.236975,198186018,0000000.0000,0000000.0,18020.62,0.306386,63484.1,0.267,2033-06-01
NK225E    ,OOP,203306,56250.0,            ,138186218,0000000.0000,0000000.0,10787.38,0.236488,148186218,0000000.0000,0000000.0,17902.57,0.305738,63484.1,0.267,2033-06-01
NK225E    ,OOP,203306,56500.0,            ,138186518,0000000.0000,0000000.0,10894.48,0.236087,148186518,0000000.0000,0000000.0,17784.99,0.304987,63484.1,0.267,2033-06-01
NK225E    ,OOP,203306,56750.0,            ,138186718,0000000.0000,0000000.0,11002.05,0.235678,148186718,0000000.0000,0000000.0,17667.87,0.304329,63484.1,0.267,2033-06-01
NK225E    ,OOP,203306,57000.0,            ,188187018,0000000.0000,0000000.0,11110.1,0.235259,198187018,0000000.0000,0000000.0,17551.23,0.303665,63484.1,0.267,2033-06-01
NK225E    ,OOP,203306,57250.0,            ,138187218,0000000.0000,0000000.0,11218.76,0.234832,148187218,0000000.0000,0000000.0,17435.2,0.302996,63484.1,0.267,2033-06-01
NK225E    ,OOP,203306,57500.0,            ,138187518,0000000.0000,0000000.0,11327.89,0.234395,148187518,0000000.0000,0000000.0,17319.65,0.302419,63484.1,0.267,2033-06-01
NK225E    ,OOP,203306,57750.0,            ,138187718,0000000.0000,0000000.0,11437.49,0.233949,148187718,0000000.0000,0000000.0,17204.56,0.30174,63484.1,0.267,2033-06-01
NK225E    ,OOP,203306,58000.0,            ,188188018,0000000.0000,0000000.0,11547.55,0.233589,198188018,0000000.0000,0000000.0,17089.94,0.301056,63484.1,0.267,2033-06-01
NK225E    ,OOP,203306,58250.0,            ,138188218,0000000.0000,0000000.0,11658.46,0.233125,148188218,0000000.0000,0000000.0,16976.15,0.300462,63484.1,0.267,2033-06-01
NK225E    ,OOP,203306,58500.0,            ,138188518,0000000.0000,0000000.0,11769.82,0.232746,148188518,0000000.0000,0000000.0,16862.83,0.299862,63484.1,0.267,2033-06-01
NK225E    ,OOP,203306,58750.0,            ,138188718,0000000.0000,0000000.0,11881.65,0.232358,148188718,0000000.0000,0000000.0,16749.97,0.299163,63484.1,0.267,2033-06-01
NK225E    ,OOP,203306,59000.0,            ,188189018,0000000.0000,0000000.0,11994.0,0.231869,198189018,0000000.0000,0000000.0,16637.63,0.298553,63484.1,0.267,2033-06-01
NK225E    ,OOP,203306,59250.0,            ,138189218,0000000.0000,0000000.0,12107.3,0.231463,148189218,0000000.0000,0000000.0,16526.25,0.297937,63484.1,0.267,2033-06-01
NK225E    ,OOP,203306,59500.0,            ,138189518,0000000.0000,0000000.0,12221.23,0.231048,148189518,0000000.0000,0000000.0,16415.48,0.297411,63484.1,0.267,2033-06-01
NK225E    ,OOP,203306,59750.0,            ,138189718,0000000.0000,0000000.0,12335.51,0.230716,148189718,0000000.0000,0000000.0,16305.08,0.296784,63484.1,0.267,2033-06-01
NK225E    ,OOP,203306,60000.0,            ,188180018,0000000.0000,0000000.0,12450.31,0.230283,198180018,0000000.0000,0000000.0,16195.2,0.296152,63484.1,0.267,2033-06-01
NK225E    ,OOP,203306,60250.0,            ,138180218,0000000.0000,0000000.0,12566.35,0.229842,148180218,0000000.0000,0000000.0,16086.54,0.295609,63484.1,0.267,2033-06-01
NK225E    ,OOP,203306,60500.0,            ,138180518,0000000.0000,0000000.0,12682.84,0.229483,148180518,0000000.0000,0000000.0,15978.35,0.294966,63484.1,0.267,2033-06-01
NK225E    ,OOP,203306,60750.0,            ,138180718,0000000.0000,0000000.0,12799.81,0.229115,148180718,0000000.0000,0000000.0,15870.62,0.294411,63484.1,0.267,2033-06-01
NK225E    ,OOP,203306,61000.0,            ,188181018,0000000.0000,0000000.0,12917.29,0.228738,198181018,0000000.0000,0000000.0,15763.42,0.293851,63484.1,0.267,2033-06-01
NK225E    ,OOP,203306,61250.0,            ,138181218,0000000.0000,0000000.0,13036.17,0.228352,148181218,0000000.0000,0000000.0,15657.62,0.293285,63484.1,0.267,2033-06-01
NK225E    ,OOP,203306,61500.0,            ,138181518,0000000.0000,0000000.0,13155.58,0.227958,148181518,0000000.0000,0000000.0,15552.34,0.292713,63484.1,0.267,2033-06-01
NK225E    ,OOP,203306,61750.0,            ,138181718,0000000.0000,0000000.0,13275.46,0.227555,148181718,0000000.0000,0000000.0,15447.53,0.292227,63484.1,0.267,2033-06-01
NK225E    ,OOP,203306,62000.0,            ,188182018,0000000.0000,0000000.0,13395.8,0.227232,198182018,0000000.0000,0000000.0,15343.18,0.291644,63484.1,0.267,2033-06-01
NK225E    ,OOP,203306,62250.0,            ,138182218,0000000.0000,0000000.0,13517.78,0.226811,148182218,0000000.0000,0000000.0,15240.47,0.291147,63484.1,0.267,2033-06-01
NK225E    ,OOP,203306,62500.0,            ,138182518,0000000.0000,0000000.0,13640.22,0.226471,148182518,0000000.0000,0000000.0,15138.23,0.290644,63484.1,0.267,2033-06-01
NK225E    ,OOP,203306,62750.0,            ,138182718,0000000.0000,0000000.0,13763.14,0.226121,148182718,0000000.0000,0000000.0,15036.46,0.290135,63484.1,0.267,2033-06-01
NK225E    ,OOP,203306,63000.0,            ,138303018,0000000.0000,0000000.0,13886.52,0.225763,148303018,0000000.0000,0000000.0,14935.15,0.289621,63484.1,0.267,2033-06-01
NK225E    ,OOP,203306,63250.0,            ,138183218,0000000.0000,0000000.0,14011.66,0.225396,148183218,0000000.0000,0000000.0,14835.61,0.2891,63484.1,0.267,2033-06-01
NK225E    ,OOP,203306,63500.0,            ,138183518,0000000.0000,0000000.0,14137.33,0.225109,148183518,0000000.0000,0000000.0,14736.59,0.288664,63484.1,0.267,2033-06-01
NK225E    ,OOP,203306,63750.0,            ,188183718,0000000.0000,0000000.0,14263.47,0.224725,198183718,0000000.0000,0000000.0,14638.04,0.288133,63484.1,0.267,2033-06-01
NK225E    ,OOP,203306,64000.0,            ,138304018,0000000.0000,0000000.0,14390.08,0.224419,148304018,0000000.0000,0000000.0,14539.96,0.287685,63484.1,0.267,2033-06-01
NK225E    ,OOP,203306,64250.0,            ,188184218,0000000.0000,0000000.0,14518.57,0.224105,198184218,0000000.0000,0000000.0,14443.76,0.287231,63484.1,0.267,2033-06-01
NK225E    ,OOP,203306,64500.0,            ,188184518,0000000.0000,0000000.0,14647.58,0.223782,198184518,0000000.0000,0000000.0,14348.09,0.286771,63484.1,0.267,2033-06-01
NK225E    ,OOP,203306,64750.0,            ,188184718,0000000.0000,0000000.0,14777.01,0.223451,198184718,0000000.0000,0000000.0,14252.83,0.286395,63484.1,0.267,2033-06-01
NK225E    ,OOP,203306,65000.0,            ,138305018,0000000.0000,0000000.0,14906.97,0.223197,148305018,0000000.0000,0000000.0,14158.1,0.285923,63484.1,0.267,2033-06-01
NK225E    ,OOP,203306,65250.0,            ,188185218,0000000.0000,0000000.0,15038.88,0.222848,198185218,0000000.0000,0000000.0,14065.32,0.285535,63484.1,0.267,2033-06-01
NK225E    ,OOP,203306,65500.0,            ,188185518,0000000.0000,0000000.0,15171.25,0.222577,198185518,0000000.0000,0000000.0,13973.01,0.28514,63484.1,0.267,2033-06-01
NK225E    ,OOP,203306,65750.0,            ,188185718,0000000.0000,0000000.0,15304.1,0.222298,198185718,0000000.0000,0000000.0,13881.17,0.284739,63484.1,0.267,2033-06-01
NK225E    ,OOP,203306,66000.0,            ,138306018,0000000.0000,0000000.0,15437.41,0.222009,148306018,0000000.0000,0000000.0,13789.79,0.284333,63484.1,0.267,2033-06-01
NK225E    ,OOP,203306,66250.0,            ,188186218,0000000.0000,0000000.0,15572.74,0.221712,198186218,0000000.0000,0000000.0,13700.44,0.28392,63484.1,0.267,2033-06-01
NK225E    ,OOP,203306,66500.0,            ,188186518,0000000.0000,0000000.0,15708.54,0.221492,198186518,0000000.0000,0000000.0,13611.55,0.283589,63484.1,0.267,2033-06-01
NK225E    ,OOP,203306,66750.0,            ,188186718,0000000.0000,0000000.0,15844.81,0.221178,198186718,0000000.0000,0000000.0,13523.13,0.283164,63484.1,0.267,2033-06-01
NK225E    ,OOP,203306,67000.0,            ,138307018,0000000.0000,0000000.0,15981.54,0.220941,148307018,0000000.0000,0000000.0,13435.17,0.282821,63484.1,0.267,2033-06-01
NK225E    ,OOP,203306,67250.0,            ,188187218,0000000.0000,0000000.0,16120.24,0.220695,198187218,0000000.0000,0000000.0,13349.18,0.282472,63484.1,0.267,2033-06-01
NK225E    ,OOP,203306,67500.0,            ,188187518,0000000.0000,0000000.0,16259.4,0.22044,198187518,0000000.0000,0000000.0,13263.66,0.282116,63484.1,0.267,2033-06-01
NK225E    ,OOP,203306,67750.0,            ,188187718,0000000.0000,0000000.0,16399.03,0.220263,198187718,0000000.0000,0000000.0,13178.6,0.281842,63484.1,0.267,2033-06-01
NK225E    ,OOP,203306,68000.0,            ,138308018,0000000.0000,0000000.0,16539.12,0.219991,148308018,0000000.0000,0000000.0,13094.0,0.281475,63484.1,0.267,2033-06-01
NK225E    ,OOP,203306,68250.0,            ,188188218,0000000.0000,0000000.0,16681.06,0.219796,198188218,0000000.0000,0000000.0,13011.26,0.281188,63484.1,0.267,2033-06-01
NK225E    ,OOP,203306,68500.0,            ,188188518,0000000.0000,0000000.0,16823.53,0.219592,198188518,0000000.0000,0000000.0,12929.03,0.280896,63484.1,0.267,2033-06-01
NK225E    ,OOP,203306,68750.0,            ,188188718,0000000.0000,0000000.0,16966.45,0.21938,198188718,0000000.0000,0000000.0,12847.27,0.280597,63484.1,0.267,2033-06-01
NK225E    ,OOP,203306,69000.0,            ,138309018,0000000.0000,0000000.0,17109.83,0.21916,148309018,0000000.0000,0000000.0,12765.96,0.280292,63484.1,0.267,2033-06-01
NK225E    ,OOP,203306,69250.0,            ,188189218,0000000.0000,0000000.0,17254.89,0.21893,198189218,0000000.0000,0000000.0,12686.33,0.27998,63484.1,0.267,2033-06-01
NK225E    ,OOP,203306,69500.0,            ,188189518,0000000.0000,0000000.0,17400.4,0.218693,198189518,0000000.0000,0000000.0,12607.16,0.27975,63484.1,0.267,2033-06-01
NK225E    ,OOP,203306,69750.0,            ,188189718,0000000.0000,0000000.0,17546.37,0.218532,198189718,0000000.0000,0000000.0,12528.44,0.279513,63484.1,0.267,2033-06-01
NK225E    ,OOP,203306,70000.0,            ,138300018,0000000.0000,0000000.0,17692.79,0.218362,148300018,0000000.0000,0000000.0,12450.17,0.279183,63484.1,0.267,2033-06-01
NK225E    ,OOP,203306,70250.0,            ,188180218,0000000.0000,0000000.0,17840.66,0.218184,198180218,0000000.0000,0000000.0,12373.35,0.278934,63484.1,0.267,2033-06-01
NK225E    ,OOP,203306,70500.0,            ,188180518,0000000.0000,0000000.0,17989.03,0.217998,198180518,0000000.0000,0000000.0,12297.04,0.278764,63484.1,0.267,2033-06-01
NK225E    ,OOP,203306,70750.0,            ,188180718,0000000.0000,0000000.0,18137.85,0.217803,198180718,0000000.0000,0000000.0,12221.17,0.278503,63484.1,0.267,2033-06-01
NK225E    ,OOP,203306,71000.0,            ,138301018,0000000.0000,0000000.0,18287.11,0.2176,148301018,0000000.0000,0000000.0,12145.74,0.278235,63484.1,0.267,2033-06-01
NK225E    ,OOP,203306,71250.0,            ,188181218,0000000.0000,0000000.0,18437.45,0.217473,198181218,0000000.0000,0000000.0,12071.4,0.278047,63484.1,0.267,2033-06-01
NK225E    ,OOP,203306,71500.0,            ,188181518,0000000.0000,0000000.0,18588.3,0.217254,198181518,0000000.0000,0000000.0,11997.56,0.277768,63484.1,0.267,2033-06-01
NK225E    ,OOP,203306,71750.0,            ,188181718,0000000.0000,0000000.0,18739.59,0.217111,198181718,0000000.0000,0000000.0,11924.16,0.277567,63484.1,0.267,2033-06-01
NK225E    ,OOP,203306,72000.0,            ,138302018,0000000.0000,0000000.0,18891.3,0.216959,148302018,0000000.0000,0000000.0,11851.19,0.277361,63484.1,0.267,2033-06-01
NK225E    ,OOP,203306,72250.0,            ,188182218,0000000.0000,0000000.0,19043.69,0.2168,198182218,0000000.0000,0000000.0,11778.88,0.277149,63484.1,0.267,2033-06-01
NK225E    ,OOP,203306,72500.0,            ,188182518,0000000.0000,0000000.0,19196.57,0.216632,198182518,0000000.0000,0000000.0,11707.07,0.276931,63484.1,0.267,2033-06-01
NK225E    ,OOP,203306,72750.0,            ,188182718,0000000.0000,0000000.0,19349.87,0.216456,198182718,0000000.0000,0000000.0,11635.69,0.276707,63484.1,0.267,2033-06-01
NK225E    ,OOP,203306,73000.0,            ,188303018,0000000.0000,0000000.0,19503.6,0.216273,198303018,0000000.0000,0000000.0,11564.73,0.276477,63484.1,0.267,2033-06-01
NK225E    ,OOP,203306,73250.0,            ,188183218,0000000.0000,0000000.0,19657.51,0.216081,198183218,0000000.0000,0000000.0,11493.95,0.276326,63484.1,0.267,2033-06-01
NK225E    ,OOP,203306,73500.0,            ,188183518,0000000.0000,0000000.0,19811.9,0.215882,198183518,0000000.0000,0000000.0,11423.66,0.276084,63484.1,0.267,2033-06-01
NK225E    ,OOP,203306,73750.0,            ,138303718,0000000.0000,0000000.0,19966.65,0.215759,148303718,0000000.0000,0000000.0,11353.72,0.275836,63484.1,0.267,2033-06-01
NK225E    ,OOP,203306,74000.0,            ,188304018,0000000.0000,0000000.0,20121.87,0.215543,198304018,0000000.0000,0000000.0,11284.26,0.275667,63484.1,0.267,2033-06-01
NK225E    ,OOP,203306,74250.0,            ,138304218,0000000.0000,0000000.0,20276.68,0.215404,148304218,0000000.0000,0000000.0,11214.37,0.275493,63484.1,0.267,2033-06-01
NK225E    ,OOP,203306,74500.0,            ,138304518,0000000.0000,0000000.0,20431.89,0.215174,148304518,0000000.0000,0000000.0,11144.9,0.275228,63484.1,0.267,2033-06-01
NK225E    ,OOP,203306,74750.0,            ,138304718,0000000.0000,0000000.0,20587.51,0.215019,148304718,0000000.0000,0000000.0,11075.83,0.275042,63484.1,0.267,2033-06-01
NK225E    ,OOP,203306,75000.0,            ,188305018,0000000.0000,0000000.0,20743.54,0.214857,198305018,0000000.0000,0000000.0,11007.17,0.274765,63484.1,0.267,2033-06-01
NK225E    ,OOP,203306,75250.0,            ,138305218,0000000.0000,0000000.0,20898.42,0.214603,148305218,0000000.0000,0000000.0,10937.37,0.274568,63484.1,0.267,2033-06-01
NK225E    ,OOP,203306,75500.0,            ,138305518,0000000.0000,0000000.0,21053.76,0.214342,148305518,0000000.0000,0000000.0,10868.02,0.274364,63484.1,0.267,2033-06-01
NK225E    ,OOP,203306,75750.0,            ,138305718,0000000.0000,0000000.0,21209.5,0.214156,148305718,0000000.0000,0000000.0,10799.07,0.274071,63484.1,0.267,2033-06-01
NK225E    ,OOP,203306,76000.0,            ,188306018,0000000.0000,0000000.0,21365.63,0.213963,198306018,0000000.0000,0000000.0,10730.52,0.273856,63484.1,0.267,2033-06-01
NK225E    ,OOP,203306,76250.0,            ,138306218,0000000.0000,0000000.0,21513.8,0.213595,148306218,0000000.0000,0000000.0,10654.0,0.273468,63484.1,0.267,2033-06-01
NK225E    ,OOP,203306,80000.0,            ,188300018,0000000.0000,0000000.0,23783.05,0.207916,198300018,0000000.0000,0000000.0,9552.93,0.267835,63484.1,0.267,2033-06-01
NK225E    ,OOP,203312,35000.0,            ,138125018,0000000.0000,0000000.0,3251.4,0.253088,148125018,0000000.0000,0000000.0,29350.55,0.379152,63484.1,0.267,2033-12-01
NK225E    ,OOP,203312,36000.0,            ,138126018,0000000.0000,0000000.0,3652.11,0.256533,148126018,0000000.0000,0000000.0,28859.58,0.377593,63484.1,0.267,2033-12-01
NK225E    ,OOP,203312,37000.0,            ,138127018,0000000.0000,0000000.0,4039.78,0.258779,148127018,0000000.0000,0000000.0,28355.57,0.375566,63484.1,0.267,2033-12-01
NK225E    ,OOP,203312,38000.0,            ,138128018,0000000.0000,0000000.0,4414.53,0.260007,148128018,0000000.0000,0000000.0,27838.64,0.372975,63484.1,0.267,2033-12-01
NK225E    ,OOP,203312,39000.0,            ,138129018,0000000.0000,0000000.0,4777.25,0.260496,148129018,0000000.0000,0000000.0,27309.68,0.370002,63484.1,0.267,2033-12-01
NK225E    ,OOP,203312,40000.0,            ,138120018,0000000.0000,0000000.0,5129.41,0.260474,148120018,0000000.0000,0000000.0,26770.16,0.366677,63484.1,0.267,2033-12-01
NK225E    ,OOP,203312,41000.0,            ,138121018,0000000.0000,0000000.0,5472.87,0.259735,148121018,0000000.0000,0000000.0,26221.94,0.363029,63484.1,0.267,2033-12-01
NK225E    ,OOP,203312,42000.0,            ,138122018,0000000.0000,0000000.0,5809.77,0.258739,148122018,0000000.0000,0000000.0,25667.16,0.359204,63484.1,0.267,2033-12-01
NK225E    ,OOP,203312,43000.0,            ,138123018,0000000.0000,0000000.0,6142.25,0.257262,148123018,0000000.0000,0000000.0,25107.96,0.355216,63484.1,0.267,2033-12-01
NK225E    ,OOP,203312,44000.0,            ,138124018,0000000.0000,0000000.0,6472.63,0.25559,148124018,0000000.0000,0000000.0,24546.66,0.351076,63484.1,0.267,2033-12-01
NK225E    ,OOP,203312,45000.0,            ,188125018,0000000.0000,0000000.0,6803.15,0.253741,198125018,0000000.0000,0000000.0,23985.5,0.347027,63484.1,0.267,2033-12-01
NK225E    ,OOP,203312,45250.0,            ,138125218,0000000.0000,0000000.0,6885.67,0.253253,148125218,0000000.0000,0000000.0,23845.1,0.345952,63484.1,0.267,2033-12-01
NK225E    ,OOP,203312,45500.0,            ,138125518,0000000.0000,0000000.0,6968.63,0.252755,148125518,0000000.0000,0000000.0,23705.14,0.344992,63484.1,0.267,2033-12-01
NK225E    ,OOP,203312,45750.0,            ,138125718,0000000.0000,0000000.0,7052.03,0.252247,148125718,0000000.0000,0000000.0,23565.63,0.343914,63484.1,0.267,2033-12-01
NK225E    ,OOP,203312,46000.0,            ,188126018,0000000.0000,0000000.0,7135.92,0.251729,198126018,0000000.0000,0000000.0,23426.59,0.342949,63484.1,0.267,2033-12-01
NK225E    ,OOP,203312,46250.0,            ,138126218,0000000.0000,0000000.0,7219.53,0.251203,148126218,0000000.0000,0000000.0,23287.28,0.341869,63484.1,0.267,2033-12-01
NK225E    ,OOP,203312,46500.0,            ,138126518,0000000.0000,0000000.0,7303.62,0.250667,148126518,0000000.0000,0000000.0,23148.45,0.3409,63484.1,0.267,2033-12-01
NK225E    ,OOP,203312,46750.0,            ,138126718,0000000.0000,0000000.0,7388.09,0.250234,148126718,0000000.0000,0000000.0,23010.0,0.339929,63484.1,0.267,2033-12-01
NK225E    ,OOP,203312,47000.0,            ,188127018,0000000.0000,0000000.0,7473.03,0.24968,198127018,0000000.0000,0000000.0,22872.02,0.338955,63484.1,0.267,2033-12-01
NK225E    ,OOP,203312,47250.0,            ,138127218,0000000.0000,0000000.0,7558.22,0.249116,148127218,0000000.0000,0000000.0,22734.29,0.337869,63484.1,0.267,2033-12-01
NK225E    ,OOP,203312,47500.0,            ,138127518,0000000.0000,0000000.0,7643.83,0.248655,148127518,0000000.0000,0000000.0,22596.98,0.336892,63484.1,0.267,2033-12-01
NK225E    ,OOP,203312,47750.0,            ,138127718,0000000.0000,0000000.0,7729.86,0.248075,148127718,0000000.0000,0000000.0,22460.1,0.335912,63484.1,0.267,2033-12-01
NK225E    ,OOP,203312,48000.0,            ,188128018,0000000.0000,0000000.0,7816.37,0.247595,198128018,0000000.0000,0000000.0,22323.68,0.334931,63484.1,0.267,2033-12-01
NK225E    ,OOP,203312,48250.0,            ,138128218,0000000.0000,0000000.0,7903.52,0.247106,148128218,0000000.0000,0000000.0,22187.92,0.334057,63484.1,0.267,2033-12-01
NK225E    ,OOP,203312,48500.0,            ,138128518,0000000.0000,0000000.0,7991.11,0.246608,148128518,0000000.0000,0000000.0,22052.58,0.333071,63484.1,0.267,2033-12-01
NK225E    ,OOP,203312,48750.0,            ,138128718,0000000.0000,0000000.0,8079.11,0.2461,148128718,0000000.0000,0000000.0,21917.66,0.332082,63484.1,0.267,2033-12-01
NK225E    ,OOP,203312,49000.0,            ,188129018,0000000.0000,0000000.0,8167.54,0.245584,198129018,0000000.0000,0000000.0,21783.17,0.3312,63484.1,0.267,2033-12-01
NK225E    ,OOP,203312,49250.0,            ,138129218,0000000.0000,0000000.0,8257.0,0.245059,148129218,0000000.0000,0000000.0,21649.72,0.330207,63484.1,0.267,2033-12-01
NK225E    ,OOP,203312,49500.0,            ,138129518,0000000.0000,0000000.0,8346.95,0.244526,148129518,0000000.0000,0000000.0,21516.74,0.329319,63484.1,0.267,2033-12-01
NK225E    ,OOP,203312,49750.0,            ,138129718,0000000.0000,0000000.0,8437.27,0.244089,148129718,0000000.0000,0000000.0,21384.14,0.328428,63484.1,0.267,2033-12-01
NK225E    ,OOP,203312,50000.0,            ,188120018,0000000.0000,0000000.0,8528.06,0.243538,198120018,0000000.0000,0000000.0,21252.02,0.327534,63484.1,0.267,2033-12-01
NK225E    ,OOP,203312,50250.0,            ,138120218,0000000.0000,0000000.0,8620.15,0.243083,148120218,0000000.0000,0000000.0,21121.19,0.326637,63484.1,0.267,2033-12-01
NK225E    ,OOP,203312,50500.0,            ,138120518,0000000.0000,0000000.0,8712.73,0.242618,148120518,0000000.0000,0000000.0,20990.84,0.325738,63484.1,0.267,2033-12-01
NK225E    ,OOP,203312,50750.0,            ,138120718,0000000.0000,0000000.0,8805.69,0.242145,148120718,0000000.0000,0000000.0,20860.88,0.32494,63484.1,0.267,2033-12-01
NK225E    ,OOP,203312,51000.0,            ,188121018,0000000.0000,0000000.0,8899.18,0.241663,198121018,0000000.0000,0000000.0,20731.45,0.324034,63484.1,0.267,2033-12-01
NK225E    ,OOP,203312,51250.0,            ,138121218,0000000.0000,0000000.0,8994.18,0.241172,148121218,0000000.0000,0000000.0,20603.54,0.323229,63484.1,0.267,2033-12-01
NK225E    ,OOP,203312,51500.0,            ,138121518,0000000.0000,0000000.0,9089.63,0.240673,148121518,0000000.0000,0000000.0,20476.06,0.322317,63484.1,0.267,2033-12-01
NK225E    ,OOP,203312,51750.0,            ,138121718,0000000.0000,0000000.0,9185.52,0.240265,148121718,0000000.0000,0000000.0,20349.04,0.321505,63484.1,0.267,2033-12-01
NK225E    ,OOP,203312,52000.0,            ,188122018,0000000.0000,0000000.0,9281.86,0.239748,198122018,0000000.0000,0000000.0,20222.45,0.32069,63484.1,0.267,2033-12-01
NK225E    ,OOP,203312,52250.0,            ,138122218,0000000.0000,0000000.0,9379.93,0.239323,148122218,0000000.0000,0000000.0,20097.6,0.319972,63484.1,0.267,2033-12-01
NK225E    ,OOP,203312,52500.0,            ,138122518,0000000.0000,0000000.0,9478.41,0.238889,148122518,0000000.0000,0000000.0,19973.16,0.319149,63484.1,0.267,2033-12-01
NK225E    ,OOP,203312,52750.0,            ,138122718,0000000.0000,0000000.0,9577.44,0.238445,148122718,0000000.0000,0000000.0,19849.27,0.318323,63484.1,0.267,2033-12-01
NK225E    ,OOP,203312,53000.0,            ,188123018,0000000.0000,0000000.0,9676.92,0.237993,198123018,0000000.0000,0000000.0,19725.83,0.317594,63484.1,0.267,2033-12-01
NK225E    ,OOP,203312,53250.0,            ,138123218,0000000.0000,0000000.0,9778.17,0.237631,148123218,0000000.0000,0000000.0,19604.16,0.316861,63484.1,0.267,2033-12-01
NK225E    ,OOP,203312,53500.0,            ,138123518,0000000.0000,0000000.0,9879.93,0.237258,148123518,0000000.0000,0000000.0,19483.01,0.316123,63484.1,0.267,2033-12-01
NK225E    ,OOP,203312,53750.0,            ,138123718,0000000.0000,0000000.0,9982.11,0.236779,148123718,0000000.0000,0000000.0,19362.26,0.315381,63484.1,0.267,2033-12-01
NK225E    ,OOP,203312,54000.0,            ,188124018,0000000.0000,0000000.0,10084.79,0.236389,198124018,0000000.0000,0000000.0,19242.02,0.314636,63484.1,0.267,2033-12-01
NK225E    ,OOP,203312,54250.0,            ,138124218,0000000.0000,0000000.0,10189.33,0.23599,148124218,0000000.0000,0000000.0,19123.64,0.313985,63484.1,0.267,2033-12-01
NK225E    ,OOP,203312,54500.0,            ,138124518,0000000.0000,0000000.0,10294.33,0.235581,148124518,0000000.0000,0000000.0,19005.73,0.313329,63484.1,0.267,2033-12-01
NK225E    ,OOP,203312,54750.0,            ,138124718,0000000.0000,0000000.0,10399.81,0.235259,148124718,0000000.0000,0000000.0,18888.28,0.312571,63484.1,0.267,2033-12-01
NK225E    ,OOP,203312,55000.0,            ,138245018,0000000.0000,0000000.0,10505.8,0.234833,148245018,0000000.0000,0000000.0,18771.35,0.311906,63484.1,0.267,2033-12-01
NK225E    ,OOP,203312,55250.0,            ,188125218,0000000.0000,0000000.0,10613.62,0.234492,198125218,0000000.0000,0000000.0,18656.26,0.311237,63484.1,0.267,2033-12-01
NK225E    ,OOP,203312,55500.0,            ,188125518,0000000.0000,0000000.0,10721.92,0.234143,198125518,0000000.0000,0000000.0,18541.63,0.31066,63484.1,0.267,2033-12-01
NK225E    ,OOP,203312,55750.0,            ,188125718,0000000.0000,0000000.0,10830.69,0.233784,198125718,0000000.0000,0000000.0,18427.49,0.309981,63484.1,0.267,2033-12-01
NK225E    ,OOP,203312,56000.0,            ,138246018,0000000.0000,0000000.0,10939.93,0.233416,148246018,0000000.0000,0000000.0,18313.81,0.309395,63484.1,0.267,2033-12-01
NK225E    ,OOP,203312,56250.0,            ,188126218,0000000.0000,0000000.0,11050.98,0.233039,198126218,0000000.0000,0000000.0,18201.94,0.308707,63484.1,0.267,2033-12-01
NK225E    ,OOP,203312,56500.0,            ,188126518,0000000.0000,0000000.0,11162.51,0.232747,198126518,0000000.0000,0000000.0,18090.54,0.30811,63484.1,0.267,2033-12-01
NK225E    ,OOP,203312,56750.0,            ,188126718,0000000.0000,0000000.0,11274.51,0.232445,198126718,0000000.0000,0000000.0,17979.63,0.307509,63484.1,0.267,2033-12-01
NK225E    ,OOP,203312,57000.0,            ,138247018,0000000.0000,0000000.0,11387.05,0.232041,148247018,0000000.0000,0000000.0,17869.24,0.306997,63484.1,0.267,2033-12-01
NK225E    ,OOP,203312,57250.0,            ,188127218,0000000.0000,0000000.0,11501.25,0.231721,198127218,0000000.0000,0000000.0,17760.52,0.306386,63484.1,0.267,2033-12-01
NK225E    ,OOP,203312,57500.0,            ,188127518,0000000.0000,0000000.0,11615.93,0.231483,198127518,0000000.0000,0000000.0,17652.28,0.305864,63484.1,0.267,2033-12-01
NK225E    ,OOP,203312,57750.0,            ,188127718,0000000.0000,0000000.0,11731.09,0.231145,198127718,0000000.0000,0000000.0,17544.52,0.305242,63484.1,0.267,2033-12-01
NK225E    ,OOP,203312,58000.0,            ,138248018,0000000.0000,0000000.0,11846.73,0.230797,148248018,0000000.0000,0000000.0,17437.25,0.30471,63484.1,0.267,2033-12-01
NK225E    ,OOP,203312,58250.0,            ,188128218,0000000.0000,0000000.0,11963.83,0.230532,198128218,0000000.0000,0000000.0,17331.43,0.304172,63484.1,0.267,2033-12-01
NK225E    ,OOP,203312,58500.0,            ,188128518,0000000.0000,0000000.0,12081.58,0.230257,198128518,0000000.0000,0000000.0,17226.26,0.303629,63484.1,0.267,2033-12-01
NK225E    ,OOP,203312,58750.0,            ,188128718,0000000.0000,0000000.0,12199.76,0.229883,198128718,0000000.0000,0000000.0,17121.52,0.303174,63484.1,0.267,2033-12-01
NK225E    ,OOP,203312,59000.0,            ,138249018,0000000.0000,0000000.0,12318.36,0.22959,148249018,0000000.0000,0000000.0,17017.2,0.302621,63484.1,0.267,2033-12-01
NK225E    ,OOP,203312,59250.0,            ,188129218,0000000.0000,0000000.0,12438.44,0.229378,198129218,0000000.0000,0000000.0,16914.36,0.302155,63484.1,0.267,2033-12-01
NK225E    ,OOP,203312,59500.0,            ,188129518,0000000.0000,0000000.0,12559.0,0.229068,198129518,0000000.0000,0000000.0,16811.99,0.301591,63484.1,0.267,2033-12-01
NK225E    ,OOP,203312,59750.0,            ,188129718,0000000.0000,0000000.0,12679.98,0.228748,198129718,0000000.0000,0000000.0,16710.06,0.301114,63484.1,0.267,2033-12-01
NK225E    ,OOP,203312,60000.0,            ,138240018,0000000.0000,0000000.0,12801.5,0.228509,148240018,0000000.0000,0000000.0,16608.65,0.300632,63484.1,0.267,2033-12-01
NK225E    ,OOP,203312,60250.0,            ,188120218,0000000.0000,0000000.0,12924.16,0.22826,198120218,0000000.0000,0000000.0,16508.4,0.300144,63484.1,0.267,2033-12-01
NK225E    ,OOP,203312,60500.0,            ,188120518,0000000.0000,0000000.0,13047.36,0.227915,198120518,0000000.0000,0000000.0,16408.68,0.299651,63484.1,0.267,2033-12-01
NK225E    ,OOP,203312,60750.0,            ,188120718,0000000.0000,0000000.0,13170.93,0.227649,198120718,0000000.0000,0000000.0,16309.33,0.299243,63484.1,0.267,2033-12-01
NK225E    ,OOP,203312,61000.0,            ,138241018,0000000.0000,0000000.0,13295.08,0.227374,148241018,0000000.0000,0000000.0,16210.56,0.298739,63484.1,0.267,2033-12-01
NK225E    ,OOP,203312,61250.0,            ,188121218,0000000.0000,0000000.0,13420.22,0.227178,198121218,0000000.0000,0000000.0,16112.78,0.29832,63484.1,0.267,2033-12-01
NK225E    ,OOP,203312,61500.0,            ,188121518,0000000.0000,0000000.0,13545.83,0.226885,198121518,0000000.0000,0000000.0,16015.47,0.297896,63484.1,0.267,2033-12-01
NK225E    ,OOP,203312,61750.0,            ,188121718,0000000.0000,0000000.0,13671.91,0.226584,198121718,0000000.0000,0000000.0,15918.63,0.297376,63484.1,0.267,2033-12-01
NK225E    ,OOP,203312,62000.0,            ,138242018,0000000.0000,0000000.0,13798.47,0.226362,148242018,0000000.0000,0000000.0,15822.27,0.29694,63484.1,0.267,2033-12-01
NK225E    ,OOP,203312,62250.0,            ,188122218,0000000.0000,0000000.0,13925.78,0.22613,198122218,0000000.0000,0000000.0,15726.66,0.296589,63484.1,0.267,2033-12-01
NK225E    ,OOP,203312,62500.0,            ,188122518,0000000.0000,0000000.0,14053.61,0.225803,198122518,0000000.0000,0000000.0,15631.57,0.296143,63484.1,0.267,2033-12-01
NK225E    ,OOP,203312,62750.0,            ,188122718,0000000.0000,0000000.0,14181.86,0.225555,198122718,0000000.0000,0000000.0,15536.9,0.295691,63484.1,0.267,2033-12-01
NK225E    ,OOP,203312,63000.0,            ,138243018,0000000.0000,0000000.0,14310.63,0.225298,148243018,0000000.0000,0000000.0,15442.74,0.295233,63484.1,0.267,2033-12-01
NK225E    ,OOP,203312,63250.0,            ,188123218,0000000.0000,0000000.0,14439.91,0.225032,198123218,0000000.0000,0000000.0,15349.11,0.294859,63484.1,0.267,2033-12-01
NK225E    ,OOP,203312,63500.0,            ,188123518,0000000.0000,0000000.0,14569.72,0.224758,198123518,0000000.0000,0000000.0,15256.0,0.294391,63484.1,0.267,2033-12-01
NK225E    ,OOP,203312,63750.0,            ,188123718,0000000.0000,0000000.0,14699.93,0.224561,198123718,0000000.0000,0000000.0,15163.29,0.294006,63484.1,0.267,2033-12-01
NK225E    ,OOP,203312,64000.0,            ,138244018,0000000.0000,0000000.0,14830.66,0.22427,148244018,0000000.0000,0000000.0,15071.09,0.293616,63484.1,0.267,2033-12-01
NK225E    ,OOP,203312,64250.0,            ,188124218,0000000.0000,0000000.0,14961.72,0.223971,198124218,0000000.0000,0000000.0,14979.24,0.29322,63484.1,0.267,2033-12-01
NK225E    ,OOP,203312,64500.0,            ,188124518,0000000.0000,0000000.0,15093.3,0.223749,198124518,0000000.0000,0000000.0,14887.9,0.292818,63484.1,0.267,2033-12-01
NK225E    ,OOP,203312,64750.0,            ,188124718,0000000.0000,0000000.0,15225.27,0.223519,198124718,0000000.0000,0000000.0,14796.95,0.292411,63484.1,0.267,2033-12-01
NK225E    ,OOP,203312,65000.0,            ,188245018,0000000.0000,0000000.0,15357.75,0.223195,198245018,0000000.0000,0000000.0,14706.51,0.291998,63484.1,0.267,2033-12-01
NK225E    ,OOP,203312,65250.0,            ,138245218,0000000.0000,0000000.0,15490.39,0.222948,148245218,0000000.0000,0000000.0,14616.23,0.29158,63484.1,0.267,2033-12-01
NK225E    ,OOP,203312,65500.0,            ,138245518,0000000.0000,0000000.0,15623.53,0.222693,148245518,0000000.0000,0000000.0,14526.45,0.291157,63484.1,0.267,2033-12-01
NK225E    ,OOP,203312,65750.0,            ,138245718,0000000.0000,0000000.0,15757.12,0.22243,148245718,0000000.0000,0000000.0,14437.11,0.290815,63484.1,0.267,2033-12-01
NK225E    ,OOP,203312,66000.0,            ,188246018,0000000.0000,0000000.0,15891.14,0.222158,198246018,0000000.0000,0000000.0,14348.22,0.290381,63484.1,0.267,2033-12-01
NK225E    ,OOP,203312,66250.0,            ,138246218,0000000.0000,0000000.0,16025.26,0.221879,148246218,0000000.0000,0000000.0,14259.42,0.290029,63484.1,0.267,2033-12-01
NK225E    ,OOP,203312,66500.0,            ,138246518,0000000.0000,0000000.0,16159.81,0.221591,148246518,0000000.0000,0000000.0,14171.05,0.289584,63484.1,0.267,2033-12-01
NK225E    ,OOP,203312,66750.0,            ,138246718,0000000.0000,0000000.0,16294.8,0.221296,148246718,0000000.0000,0000000.0,14083.12,0.289221,63484.1,0.267,2033-12-01
NK225E    ,OOP,203312,67000.0,            ,188247018,0000000.0000,0000000.0,16430.23,0.221076,198247018,0000000.0000,0000000.0,13995.62,0.288766,63484.1,0.267,2033-12-01
NK225E    ,OOP,203312,67250.0,            ,138247218,0000000.0000,0000000.0,16565.67,0.220765,148247218,0000000.0000,0000000.0,13908.14,0.288392,63484.1,0.267,2033-12-01
NK225E    ,OOP,203312,67500.0,            ,138247518,0000000.0000,0000000.0,16701.54,0.220447,148247518,0000000.0000,0000000.0,13821.1,0.288012,63484.1,0.267,2033-12-01
NK225E    ,OOP,203312,67750.0,            ,138247718,0000000.0000,0000000.0,16837.84,0.220203,148247718,0000000.0000,0000000.0,13734.47,0.287627,63484.1,0.267,2033-12-01
NK225E    ,OOP,203312,68000.0,            ,188248018,0000000.0000,0000000.0,16974.62,0.219869,198248018,0000000.0000,0000000.0,13648.34,0.287237,63484.1,0.267,2033-12-01
NK225E    ,OOP,203312,68250.0,            ,138248218,0000000.0000,0000000.0,17111.35,0.21961,148248218,0000000.0000,0000000.0,13562.15,0.286842,63484.1,0.267,2033-12-01
NK225E    ,OOP,203312,68500.0,            ,138248518,0000000.0000,0000000.0,17248.51,0.219343,148248518,0000000.0000,0000000.0,13476.38,0.286441,63484.1,0.267,2033-12-01
NK225E    ,OOP,203312,68750.0,            ,138248718,0000000.0000,0000000.0,17386.08,0.218986,148248718,0000000.0000,0000000.0,13391.04,0.286035,63484.1,0.267,2033-12-01
NK225E    ,OOP,203312,69000.0,            ,188249018,0000000.0000,0000000.0,17524.07,0.218704,198249018,0000000.0000,0000000.0,13306.11,0.285624,63484.1,0.267,2033-12-01
NK225E    ,OOP,203312,69250.0,            ,138249218,0000000.0000,0000000.0,17662.06,0.218414,148249218,0000000.0000,0000000.0,13221.18,0.285293,63484.1,0.267,2033-12-01
NK225E    ,OOP,203312,69500.0,            ,138249518,0000000.0000,0000000.0,17800.53,0.218117,148249518,0000000.0000,0000000.0,13136.73,0.284871,63484.1,0.267,2033-12-01
NK225E    ,OOP,203312,69750.0,            ,138249718,0000000.0000,0000000.0,17939.35,0.217812,148249718,0000000.0000,0000000.0,13052.63,0.284445,63484.1,0.267,2033-12-01
NK225E    ,OOP,203312,70000.0,            ,188240018,0000000.0000,0000000.0,18078.64,0.217499,198240018,0000000.0000,0000000.0,12969.0,0.284098,63484.1,0.267,2033-12-01
NK225E    ,OOP,203312,70250.0,            ,138240218,0000000.0000,0000000.0,18218.04,0.217179,148240218,0000000.0000,0000000.0,12885.48,0.283661,63484.1,0.267,2033-12-01
NK225E    ,OOP,203312,70500.0,            ,138240518,0000000.0000,0000000.0,18357.84,0.216852,148240518,0000000.0000,0000000.0,12802.36,0.283304,63484.1,0.267,2033-12-01
NK225E    ,OOP,203312,70750.0,            ,138240718,0000000.0000,0000000.0,18498.06,0.216517,148240718,0000000.0000,0000000.0,12719.66,0.282941,63484.1,0.267,2033-12-01
NK225E    ,OOP,203312,71000.0,            ,188241018,0000000.0000,0000000.0,18638.68,0.216256,198241018,0000000.0000,0000000.0,12637.36,0.282489,63484.1,0.267,2033-12-01
NK225E    ,OOP,203312,71250.0,            ,138241218,0000000.0000,0000000.0,18779.64,0.215907,148241218,0000000.0000,0000000.0,12555.4,0.282116,63484.1,0.267,2033-12-01
NK225E    ,OOP,203312,71500.0,            ,138241518,0000000.0000,0000000.0,18921.01,0.215631,148241518,0000000.0000,0000000.0,12473.85,0.281738,63484.1,0.267,2033-12-01
NK225E    ,OOP,203312,71750.0,            ,138241718,0000000.0000,0000000.0,19062.77,0.215267,148241718,0000000.0000,0000000.0,12392.69,0.281355,63484.1,0.267,2033-12-01
NK225E    ,OOP,203312,72000.0,            ,188242018,0000000.0000,0000000.0,19205.0,0.214976,198242018,0000000.0000,0000000.0,12312.0,0.280967,63484.1,0.267,2033-12-01
NK225E    ,OOP,203312,72250.0,            ,138242218,0000000.0000,0000000.0,19347.74,0.214679,148242218,0000000.0000,0000000.0,12231.82,0.280574,63484.1,0.267,2033-12-01
NK225E    ,OOP,203312,72500.0,            ,138242518,0000000.0000,0000000.0,19490.95,0.214374,148242518,0000000.0000,0000000.0,12152.11,0.280259,63484.1,0.267,2033-12-01
NK225E    ,OOP,203312,72750.0,            ,138242718,0000000.0000,0000000.0,19634.55,0.21398,148242718,0000000.0000,0000000.0,12072.79,0.279855,63484.1,0.267,2033-12-01
NK225E    ,OOP,203312,73000.0,            ,188243018,0000000.0000,0000000.0,19778.54,0.213742,198243018,0000000.0000,0000000.0,11993.86,0.279447,63484.1,0.267,2033-12-01
NK225E    ,OOP,203312,73250.0,            ,138243218,0000000.0000,0000000.0,19923.53,0.213415,148243218,0000000.0000,0000000.0,11915.94,0.279116,63484.1,0.267,2033-12-01
NK225E    ,OOP,203312,73500.0,            ,138243518,0000000.0000,0000000.0,20068.98,0.21308,148243518,0000000.0000,0000000.0,11838.46,0.278781,63484.1,0.267,2033-12-01
NK225E    ,OOP,203312,73750.0,            ,138243718,0000000.0000,0000000.0,20214.76,0.212739,148243718,0000000.0000,0000000.0,11761.32,0.27844,63484.1,0.267,2033-12-01
NK225E    ,OOP,203312,74000.0,            ,188244018,0000000.0000,0000000.0,20360.99,0.212471,198244018,0000000.0000,0000000.0,11684.63,0.278012,63484.1,0.267,2033-12-01
NK225E    ,OOP,203312,74250.0,            ,138244218,0000000.0000,0000000.0,20508.71,0.212196,148244218,0000000.0000,0000000.0,11609.43,0.277744,63484.1,0.267,2033-12-01
NK225E    ,OOP,203312,74500.0,            ,138244518,0000000.0000,0000000.0,20656.88,0.211914,148244518,0000000.0000,0000000.0,11534.68,0.277388,63484.1,0.267,2033-12-01
NK225E    ,OOP,203312,74750.0,            ,138244718,0000000.0000,0000000.0,20805.37,0.211625,148244718,0000000.0000,0000000.0,11460.25,0.277028,63484.1,0.267,2033-12-01
NK225E    ,OOP,203312,75000.0,            ,138365018,0000000.0000,0000000.0,20954.3,0.211328,148365018,0000000.0000,0000000.0,11386.27,0.276745,63484.1,0.267,2033-12-01
NK225E    ,OOP,203312,75250.0,            ,188245218,0000000.0000,0000000.0,21105.34,0.211025,198245218,0000000.0000,0000000.0,11314.38,0.276456,63484.1,0.267,2033-12-01
NK225E    ,OOP,203312,75500.0,            ,188245518,0000000.0000,0000000.0,21256.82,0.210795,198245518,0000000.0000,0000000.0,11242.94,0.276163,63484.1,0.267,2033-12-01
NK225E    ,OOP,203312,75750.0,            ,188245718,0000000.0000,0000000.0,21408.68,0.210477,198245718,0000000.0000,0000000.0,11171.88,0.275864,63484.1,0.267,2033-12-01
NK225E    ,OOP,203312,76000.0,            ,138366018,0000000.0000,0000000.0,21560.92,0.210233,148366018,0000000.0000,0000000.0,11101.2,0.275561,63484.1,0.267,2033-12-01
NK225E    ,OOP,203312,76250.0,            ,188246218,0000000.0000,0000000.0,21722.38,0.210144,198246218,0000000.0000,0000000.0,11039.74,0.275416,63484.1,0.267,2033-12-01
NK225E    ,OOP,203312,80000.0,            ,138360018,0000000.0000,0000000.0,24189.5,0.20839,148360018,0000000.0000,0000000.0,10163.06,0.27354,63484.1,0.267,2033-12-01
NK225E    ,OOP,203406,49000.0,            ,139069018,0000000.0000,0000000.0,8470.39,0.243286,149069018,0000000.0000,0000000.0,22036.79,0.336905,63484.1,0.267,2034-06-01
NK225E    ,OOP,203406,50000.0,            ,139060018,0000000.0000,0000000.0,8850.82,0.241654,149060018,0000000.0000,0000000.0,21532.55,0.333397,63484.1,0.267,2034-06-01
NK225E    ,OOP,203406,51000.0,            ,139061018,0000000.0000,0000000.0,9240.71,0.24008,149061018,0000000.0000,0000000.0,21037.78,0.330158,63484.1,0.267,2034-06-01
NK225E    ,OOP,203406,52000.0,            ,139062018,0000000.0000,0000000.0,9639.91,0.238463,149062018,0000000.0000,0000000.0,20552.32,0.327072,63484.1,0.267,2034-06-01
NK225E    ,OOP,203406,53000.0,            ,139063018,0000000.0000,0000000.0,10048.63,0.236901,149063018,0000000.0000,0000000.0,20076.36,0.324034,63484.1,0.267,2034-06-01
NK225E    ,OOP,203406,54000.0,            ,139064018,0000000.0000,0000000.0,10466.73,0.235392,149064018,0000000.0000,0000000.0,19609.81,0.321139,63484.1,0.267,2034-06-01
NK225E    ,OOP,203406,55000.0,            ,139065018,0000000.0000,0000000.0,10894.33,0.233934,149065018,0000000.0000,0000000.0,19152.73,0.31838,63484.1,0.267,2034-06-01
NK225E    ,OOP,203406,56000.0,            ,139066018,0000000.0000,0000000.0,11331.37,0.232526,149066018,0000000.0000,0000000.0,18705.11,0.315751,63484.1,0.267,2034-06-01
NK225E    ,OOP,203406,57000.0,            ,139067018,0000000.0000,0000000.0,11777.72,0.231164,149067018,0000000.0000,0000000.0,18266.8,0.313246,63484.1,0.267,2034-06-01
NK225E    ,OOP,203406,57500.0,            ,189067518,0000000.0000,0000000.0,12004.77,0.230434,199067518,0000000.0000,0000000.0,18051.52,0.312016,63484.1,0.267,2034-06-01
NK225E    ,OOP,203406,57750.0,            ,189067718,0000000.0000,0000000.0,12118.94,0.230101,199067718,0000000.0000,0000000.0,17944.52,0.31144,63484.1,0.267,2034-06-01
NK225E    ,OOP,203406,58000.0,            ,139068018,0000000.0000,0000000.0,12233.55,0.22976,149068018,0000000.0000,0000000.0,17837.97,0.310769,63484.1,0.267,2034-06-01
NK225E    ,OOP,203406,58250.0,            ,189068218,0000000.0000,0000000.0,12349.12,0.2295,199068218,0000000.0000,0000000.0,17732.36,0.310185,63484.1,0.267,2034-06-01
NK225E    ,OOP,203406,58500.0,            ,189068518,0000000.0000,0000000.0,12465.18,0.229142,199068518,0000000.0000,0000000.0,17627.26,0.309597,63484.1,0.267,2034-06-01
NK225E    ,OOP,203406,58750.0,            ,189068718,0000000.0000,0000000.0,12581.63,0.228777,199068718,0000000.0000,0000000.0,17522.55,0.309097,63484.1,0.267,2034-06-01
NK225E    ,OOP,203406,59000.0,            ,189069018,0000000.0000,0000000.0,12698.59,0.228491,199069018,0000000.0000,0000000.0,17418.33,0.3085,63484.1,0.267,2034-06-01
NK225E    ,OOP,203406,59250.0,            ,189069218,0000000.0000,0000000.0,12816.49,0.228109,199069218,0000000.0000,0000000.0,17315.07,0.307899,63484.1,0.267,2034-06-01
NK225E    ,OOP,203406,59500.0,            ,189069518,0000000.0000,0000000.0,12934.84,0.227807,199069518,0000000.0000,0000000.0,17212.25,0.307385,63484.1,0.267,2034-06-01
NK225E    ,OOP,203406,59750.0,            ,189069718,0000000.0000,0000000.0,13053.63,0.227497,199069718,0000000.0000,0000000.0,17109.88,0.306775,63484.1,0.267,2034-06-01
NK225E    ,OOP,203406,60000.0,            ,189060018,0000000.0000,0000000.0,13172.87,0.227179,199060018,0000000.0000,0000000.0,17007.95,0.306252,63484.1,0.267,2034-06-01
NK225E    ,OOP,203406,60250.0,            ,139060218,0000000.0000,0000000.0,13293.05,0.226852,149060218,0000000.0000,0000000.0,16906.97,0.305724,63484.1,0.267,2034-06-01
NK225E    ,OOP,203406,60500.0,            ,139060518,0000000.0000,0000000.0,13413.68,0.226518,149060518,0000000.0000,0000000.0,16806.43,0.305191,63484.1,0.267,2034-06-01
NK225E    ,OOP,203406,60750.0,            ,139060718,0000000.0000,0000000.0,13534.69,0.226176,149060718,0000000.0000,0000000.0,16706.28,0.304655,63484.1,0.267,2034-06-01
NK225E    ,OOP,203406,61000.0,            ,189061018,0000000.0000,0000000.0,13656.26,0.225911,199061018,0000000.0000,0000000.0,16606.68,0.304113,63484.1,0.267,2034-06-01
NK225E    ,OOP,203406,61250.0,            ,139061218,0000000.0000,0000000.0,13778.67,0.225553,149061218,0000000.0000,0000000.0,16507.92,0.303567,63484.1,0.267,2034-06-01
NK225E    ,OOP,203406,61500.0,            ,139061518,0000000.0000,0000000.0,13901.57,0.225273,149061518,0000000.0000,0000000.0,16409.65,0.303106,63484.1,0.267,2034-06-01
NK225E    ,OOP,203406,61750.0,            ,139061718,0000000.0000,0000000.0,14024.85,0.224985,149061718,0000000.0000,0000000.0,16311.77,0.302551,63484.1,0.267,2034-06-01
NK225E    ,OOP,203406,62000.0,            ,189062018,0000000.0000,0000000.0,14148.63,0.224603,199062018,0000000.0000,0000000.0,16214.38,0.30208,63484.1,0.267,2034-06-01
NK225E    ,OOP,203406,62250.0,            ,139062218,0000000.0000,0000000.0,14273.3,0.2243,149062218,0000000.0000,0000000.0,16117.89,0.301605,63484.1,0.267,2034-06-01
NK225E    ,OOP,203406,62500.0,            ,139062518,0000000.0000,0000000.0,14398.41,0.224072,149062518,0000000.0000,0000000.0,16021.83,0.301037,63484.1,0.267,2034-06-01
NK225E    ,OOP,203406,62750.0,            ,139062718,0000000.0000,0000000.0,14523.95,0.223752,149062718,0000000.0000,0000000.0,15926.21,0.300552,63484.1,0.267,2034-06-01
NK225E    ,OOP,203406,63000.0,            ,189063018,0000000.0000,0000000.0,14649.99,0.223425,199063018,0000000.0000,0000000.0,15831.07,0.300063,63484.1,0.267,2034-06-01
NK225E    ,OOP,203406,63250.0,            ,139063218,0000000.0000,0000000.0,14776.86,0.22309,149063218,0000000.0000,0000000.0,15736.78,0.299656,63484.1,0.267,2034-06-01
NK225E    ,OOP,203406,63500.0,            ,139063518,0000000.0000,0000000.0,14904.17,0.222831,149063518,0000000.0000,0000000.0,15642.92,0.299157,63484.1,0.267,2034-06-01
NK225E    ,OOP,203406,63750.0,            ,139063718,0000000.0000,0000000.0,15031.91,0.222564,149063718,0000000.0000,0000000.0,15549.49,0.298654,63484.1,0.267,2034-06-01
NK225E    ,OOP,203406,64000.0,            ,189064018,0000000.0000,0000000.0,15160.07,0.222206,199064018,0000000.0000,0000000.0,15456.49,0.298233,63484.1,0.267,2034-06-01
NK225E    ,OOP,203406,64250.0,            ,139064218,0000000.0000,0000000.0,15289.13,0.221924,149064218,0000000.0000,0000000.0,15364.39,0.297721,63484.1,0.267,2034-06-01
NK225E    ,OOP,203406,64500.0,            ,139064518,0000000.0000,0000000.0,15418.62,0.221635,149064518,0000000.0000,0000000.0,15272.71,0.29729,63484.1,0.267,2034-06-01
NK225E    ,OOP,203406,64750.0,            ,139064718,0000000.0000,0000000.0,15548.54,0.221337,149064718,0000000.0000,0000000.0,15181.46,0.296855,63484.1,0.267,2034-06-01
NK225E    ,OOP,203406,65000.0,            ,189065018,0000000.0000,0000000.0,15678.88,0.221032,199065018,0000000.0000,0000000.0,15090.63,0.296415,63484.1,0.267,2034-06-01
NK225E    ,OOP,203406,65250.0,            ,139065218,0000000.0000,0000000.0,15810.06,0.220802,149065218,0000000.0000,0000000.0,15000.65,0.29597,63484.1,0.267,2034-06-01
NK225E    ,OOP,203406,65500.0,            ,139065518,0000000.0000,0000000.0,15941.72,0.220482,149065518,0000000.0000,0000000.0,14911.14,0.295521,63484.1,0.267,2034-06-01
NK225E    ,OOP,203406,65750.0,            ,139065718,0000000.0000,0000000.0,16073.8,0.220155,149065718,0000000.0000,0000000.0,14822.06,0.295067,63484.1,0.267,2034-06-01
NK225E    ,OOP,203406,66000.0,            ,189066018,0000000.0000,0000000.0,16206.3,0.219902,199066018,0000000.0000,0000000.0,14733.39,0.294693,63484.1,0.267,2034-06-01
NK225E    ,OOP,203406,66250.0,            ,139066218,0000000.0000,0000000.0,16339.58,0.219642,149066218,0000000.0000,0000000.0,14645.5,0.29423,63484.1,0.267,2034-06-01
NK225E    ,OOP,203406,66500.0,            ,139066518,0000000.0000,0000000.0,16473.33,0.219374,149066518,0000000.0000,0000000.0,14558.09,0.293847,63484.1,0.267,2034-06-01
NK225E    ,OOP,203406,66750.0,            ,139066718,0000000.0000,0000000.0,16607.51,0.219099,149066718,0000000.0000,0000000.0,14471.1,0.293374,63484.1,0.267,2034-06-01
NK225E    ,OOP,203406,67000.0,            ,189067018,0000000.0000,0000000.0,16742.09,0.218816,199067018,0000000.0000,0000000.0,14384.52,0.292981,63484.1,0.267,2034-06-01
NK225E    ,OOP,203406,67250.0,            ,139067218,0000000.0000,0000000.0,16877.51,0.218526,149067218,0000000.0000,0000000.0,14298.77,0.292584,63484.1,0.267,2034-06-01
NK225E    ,OOP,203406,67500.0,            ,139067518,0000000.0000,0000000.0,17013.35,0.218229,149067518,0000000.0000,0000000.0,14213.44,0.292182,63484.1,0.267,2034-06-01
NK225E    ,OOP,203406,67750.0,            ,139067718,0000000.0000,0000000.0,17149.59,0.217924,149067718,0000000.0000,0000000.0,14128.52,0.291775,63484.1,0.267,2034-06-01
NK225E    ,OOP,203406,68000.0,            ,189068018,0000000.0000,0000000.0,17286.25,0.217693,199068018,0000000.0000,0000000.0,14044.01,0.291364,63484.1,0.267,2034-06-01
NK225E    ,OOP,203406,68250.0,            ,139068218,0000000.0000,0000000.0,17423.67,0.217374,149068218,0000000.0000,0000000.0,13960.27,0.291031,63484.1,0.267,2034-06-01
NK225E    ,OOP,203406,68500.0,            ,139068518,0000000.0000,0000000.0,17561.57,0.217128,149068518,0000000.0000,0000000.0,13877.0,0.29061,63484.1,0.267,2034-06-01
NK225E    ,OOP,203406,68750.0,            ,139068718,0000000.0000,0000000.0,17699.87,0.216876,149068718,0000000.0000,0000000.0,13794.13,0.290268,63484.1,0.267,2034-06-01
NK225E    ,OOP,203406,69000.0,            ,139189018,0000000.0000,0000000.0,17838.57,0.216616,149189018,0000000.0000,0000000.0,13711.67,0.289838,63484.1,0.267,2034-06-01
NK225E    ,OOP,203406,69250.0,            ,139069218,0000000.0000,0000000.0,17978.04,0.216348,149069218,0000000.0000,0000000.0,13629.97,0.289487,63484.1,0.267,2034-06-01
NK225E    ,OOP,203406,69500.0,            ,139069518,0000000.0000,0000000.0,18117.98,0.216074,149069518,0000000.0000,0000000.0,13548.74,0.28913,63484.1,0.267,2034-06-01
NK225E    ,OOP,203406,69750.0,            ,139069718,0000000.0000,0000000.0,18258.32,0.215792,149069718,0000000.0000,0000000.0,13467.91,0.288769,63484.1,0.267,2034-06-01
NK225E    ,OOP,203406,70000.0,            ,139180018,0000000.0000,0000000.0,18399.05,0.215503,149180018,0000000.0000,0000000.0,13387.48,0.288404,63484.1,0.267,2034-06-01
NK225E    ,OOP,203406,70250.0,            ,189060218,0000000.0000,0000000.0,18540.55,0.215207,199060218,0000000.0000,0000000.0,13307.81,0.288033,63484.1,0.267,2034-06-01
NK225E    ,OOP,203406,70500.0,            ,189060518,0000000.0000,0000000.0,18682.44,0.214985,199060518,0000000.0000,0000000.0,13228.54,0.287658,63484.1,0.267,2034-06-01
NK225E    ,OOP,203406,70750.0,            ,189060718,0000000.0000,0000000.0,18824.73,0.214675,199060718,0000000.0000,0000000.0,13149.66,0.287361,63484.1,0.267,2034-06-01
NK225E    ,OOP,203406,71000.0,            ,139181018,0000000.0000,0000000.0,18967.47,0.214438,149181018,0000000.0000,0000000.0,13071.24,0.286976,63484.1,0.267,2034-06-01
NK225E    ,OOP,203406,71250.0,            ,189061218,0000000.0000,0000000.0,19110.98,0.214194,199061218,0000000.0000,0000000.0,12993.58,0.28667,63484.1,0.267,2034-06-01
NK225E    ,OOP,203406,71500.0,            ,189061518,0000000.0000,0000000.0,19254.87,0.213942,199061518,0000000.0000,0000000.0,12916.31,0.286276,63484.1,0.267,2034-06-01
NK225E    ,OOP,203406,71750.0,            ,189061718,0000000.0000,0000000.0,19399.16,0.213684,199061718,0000000.0000,0000000.0,12839.42,0.28596,63484.1,0.267,2034-06-01
NK225E    ,OOP,203406,72000.0,            ,139182018,0000000.0000,0000000.0,19543.82,0.213419,149182018,0000000.0000,0000000.0,12762.92,0.285639,63484.1,0.267,2034-06-01
NK225E    ,OOP,203406,72250.0,            ,189062218,0000000.0000,0000000.0,19689.25,0.213147,199062218,0000000.0000,0000000.0,12687.18,0.285313,63484.1,0.267,2034-06-01
NK225E    ,OOP,203406,72500.0,            ,189062518,0000000.0000,0000000.0,19835.12,0.212868,199062518,0000000.0000,0000000.0,12611.89,0.284983,63484.1,0.267,2034-06-01
NK225E    ,OOP,203406,72750.0,            ,189062718,0000000.0000,0000000.0,19981.38,0.212662,199062718,0000000.0000,0000000.0,12536.98,0.284648,63484.1,0.267,2034-06-01
NK225E    ,OOP,203406,73000.0,            ,139183018,0000000.0000,0000000.0,20128.01,0.212369,149183018,0000000.0000,0000000.0,12462.45,0.284308,63484.1,0.267,2034-06-01
NK225E    ,OOP,203406,73250.0,            ,189063218,0000000.0000,0000000.0,20275.4,0.212148,199063218,0000000.0000,0000000.0,12388.67,0.284045,63484.1,0.267,2034-06-01
NK225E    ,OOP,203406,73500.0,            ,189063518,0000000.0000,0000000.0,20423.23,0.211921,199063518,0000000.0000,0000000.0,12315.33,0.283697,63484.1,0.267,2034-06-01
NK225E    ,OOP,203406,73750.0,            ,189063718,0000000.0000,0000000.0,20571.37,0.211608,199063718,0000000.0000,0000000.0,12242.3,0.283425,63484.1,0.267,2034-06-01
NK225E    ,OOP,203406,74000.0,            ,139184018,0000000.0000,0000000.0,20719.94,0.211367,149184018,0000000.0000,0000000.0,12169.71,0.283067,63484.1,0.267,2034-06-01
NK225E    ,OOP,203406,74250.0,            ,189064218,0000000.0000,0000000.0,20869.27,0.21112,199064218,0000000.0000,0000000.0,12097.87,0.282785,63484.1,0.267,2034-06-01
NK225E    ,OOP,203406,74500.0,            ,189064518,0000000.0000,0000000.0,21019.03,0.210865,199064518,0000000.0000,0000000.0,12026.47,0.282499,63484.1,0.267,2034-06-01
NK225E    ,OOP,203406,74750.0,            ,189064718,0000000.0000,0000000.0,21169.09,0.210604,199064718,0000000.0000,0000000.0,11955.36,0.282208,63484.1,0.267,2034-06-01
NK225E    ,OOP,203406,75000.0,            ,139185018,0000000.0000,0000000.0,21319.59,0.210415,149185018,0000000.0000,0000000.0,11884.69,0.281913,63484.1,0.267,2034-06-01
NK225E    ,OOP,203406,75250.0,            ,189065218,0000000.0000,0000000.0,21470.83,0.21014,199065218,0000000.0000,0000000.0,11814.77,0.281613,63484.1,0.267,2034-06-01
NK225E    ,OOP,203406,75500.0,            ,189065518,0000000.0000,0000000.0,21622.49,0.209938,199065518,0000000.0000,0000000.0,11745.27,0.281309,63484.1,0.267,2034-06-01
NK225E    ,OOP,203406,75750.0,            ,189065718,0000000.0000,0000000.0,21774.46,0.20965,199065718,0000000.0000,0000000.0,11676.07,0.281081,63484.1,0.267,2034-06-01
NK225E    ,OOP,203406,76000.0,            ,139186018,0000000.0000,0000000.0,21926.85,0.209435,149186018,0000000.0000,0000000.0,11607.29,0.280767,63484.1,0.267,2034-06-01
NK225E    ,OOP,203406,76250.0,            ,189066218,0000000.0000,0000000.0,22080.04,0.209212,199066218,0000000.0000,0000000.0,11539.32,0.28053,63484.1,0.267,2034-06-01
NK225E    ,OOP,203406,77000.0,            ,139187018,0000000.0000,0000000.0,22541.82,0.208506,149187018,0000000.0000,0000000.0,11337.59,0.279709,63484.1,0.267,2034-06-01
NK225E    ,OOP,203406,78000.0,            ,139188018,0000000.0000,0000000.0,23164.39,0.207551,149188018,0000000.0000,0000000.0,11075.5,0.27866,63484.1,0.267,2034-06-01
NK225E    ,OOP,203406,79000.0,            ,189189018,0000000.0000,0000000.0,23794.58,0.20665,199189018,0000000.0000,0000000.0,10821.03,0.277699,63484.1,0.267,2034-06-01
NK225MWE  ,OOP,20260916,60500.0,            ,181380527,0000000.0000,0000000.0,2.33,0.367031,191380527,0000000.0000,0000000.0,2987.93,0.01,63484.1,0.2666,
NK225MWE  ,OOP,20260916,60625.0,            ,131380627,0000000.0000,0000000.0,3.12,0.365361,141380627,0000000.0000,0000000.0,2863.73,0.01,63484.1,0.2666,
NK225MWE  ,OOP,20260916,60750.0,            ,131380727,0000000.0000,0000000.0,3.87,0.372562,141380727,0000000.0000,0000000.0,2739.48,0.01,63484.1,0.2666,
NK225MWE  ,OOP,20260916,60875.0,            ,131380827,0000000.0000,0000000.0,4.85,0.366386,141380827,0000000.0000,0000000.0,2615.46,0.01,63484.1,0.2666,
NK225MWE  ,OOP,20260916,61000.0,            ,131381027,0000000.0000,0000000.0,5.74,0.358655,141381027,0000000.0000,0000000.0,2491.36,0.01,63484.1,0.2666,
NK225MWE  ,OOP,20260916,61125.0,            ,131381127,0000000.0000,0000000.0,7.65,0.35598,141381127,0000000.0000,0000000.0,2368.27,0.01,63484.1,0.2666,
NK225MWE  ,OOP,20260916,61250.0,            ,131381227,0000000.0000,0000000.0,9.1,0.350636,141381227,0000000.0000,0000000.0,2244.72,0.01,63484.1,0.2666,
NK225MWE  ,OOP,20260916,61375.0,            ,131381327,0000000.0000,0000000.0,11.88,0.347698,141381327,0000000.0000,0000000.0,2122.51,0.01,63484.1,0.2666,
NK225MWE  ,OOP,20260916,61500.0,            ,131381527,0000000.0000,0000000.0,14.66,0.342025,141381527,0000000.0000,0000000.0,2000.29,0.01,63484.1,0.2666,
NK225MWE  ,OOP,20260916,61625.0,            ,131381627,0000000.0000,0000000.0,18.69,0.340579,141381627,0000000.0000,0000000.0,1879.32,0.01,63484.1,0.2666,
NK225MWE  ,OOP,20260916,61750.0,            ,131381727,0000000.0000,0000000.0,25.12,0.341035,141381727,0000000.0000,0000000.0,1760.76,0.01,63484.1,0.2666,
NK225MWE  ,OOP,20260916,61875.0,            ,131381827,0000000.0000,0000000.0,30.12,0.333154,141381827,0000000.0000,0000000.0,1640.76,0.01,63484.1,0.2666,
NK225MWE  ,OOP,20260916,62000.0,            ,131382027,0000000.0000,0000000.0,35.77,0.327346,141382027,0000000.0000,0000000.0,1521.42,0.01,63484.1,0.2666,
NK225MWE  ,OOP,20260916,62125.0,            ,131382127,0000000.0000,0000000.0,48.85,0.331037,141382127,0000000.0000,0000000.0,1409.5,0.01,63484.1,0.2666,
NK225MWE  ,OOP,20260916,62250.0,            ,131382227,0000000.0000,0000000.0,59.21,0.325469,141382227,0000000.0000,0000000.0,1294.86,0.224246,63484.1,0.2666,
NK225MWE  ,OOP,20260916,62375.0,            ,131382327,0000000.0000,0000000.0,73.02,0.323708,141382327,0000000.0000,0000000.0,1183.67,0.241381,63484.1,0.2666,
NK225MWE  ,OOP,20260916,62500.0,            ,131382527,0000000.0000,0000000.0,89.24,0.319442,141382527,0000000.0000,0000000.0,1074.9,0.246394,63484.1,0.2666,
NK225MWE  ,OOP,20260916,62625.0,            ,131382627,0000000.0000,0000000.0,109.26,0.317196,141382627,0000000.0000,0000000.0,969.92,0.257803,63484.1,0.2666,
NK225MWE  ,OOP,20260916,62750.0,            ,131382727,0000000.0000,0000000.0,135.27,0.316999,141382727,0000000.0000,0000000.0,870.93,0.261067,63484.1,0.2666,
NK225MWE  ,OOP,20260916,62875.0,            ,131382827,0000000.0000,0000000.0,165.53,0.316202,141382827,0000000.0000,0000000.0,776.2,0.268332,63484.1,0.2666,
NK225MWE  ,OOP,20260916,63000.0,            ,131383027,0000000.0000,0000000.0,196.39,0.312917,141383027,0000000.0000,0000000.0,682.06,0.26492,63484.1,0.2666,
NK225MWE  ,OOP,20260916,63125.0,            ,131383127,0000000.0000,0000000.0,230.46,0.307224,141383127,0000000.0000,0000000.0,591.13,0.265186,63484.1,0.2666,
NK225MWE  ,OOP,20260916,63250.0,            ,131383227,0000000.0000,0000000.0,296.23,0.323118,141383227,0000000.0000,0000000.0,531.9,0.27985,63484.1,0.2666,
NK225MWE  ,OOP,20260916,63375.0,            ,131383327,0000000.0000,0000000.0,339.46,0.319399,141383327,0000000.0000,0000000.0,450.14,0.277097,63484.1,0.2666,
NK225MWE  ,OOP,20260916,63500.0,            ,131383527,0000000.0000,0000000.0,402.54,0.322677,141383527,0000000.0000,0000000.0,388.22,0.280675,63484.1,0.2666,
NK225MWE  ,OOP,20260916,63625.0,            ,131383627,0000000.0000,0000000.0,493.0,0.340542,141383627,0000000.0000,0000000.0,353.68,0.298219,63484.1,0.2666,
NK225MWE  ,OOP,20260916,63750.0,            ,131383727,0000000.0000,0000000.0,569.75,0.34691,141383727,0000000.0000,0000000.0,305.44,0.302938,63484.1,0.2666,
NK225MWE  ,OOP,20260916,63875.0,            ,131383827,0000000.0000,0000000.0,651.54,0.353397,141383827,0000000.0000,0000000.0,262.23,0.307198,63484.1,0.2666,
NK225MWE  ,OOP,20260916,64000.0,            ,131384027,0000000.0000,0000000.0,713.96,0.339646,141384027,0000000.0000,0000000.0,199.66,0.290761,63484.1,0.2666,
NK225MWE  ,OOP,20260916,64125.0,            ,131384127,0000000.0000,0000000.0,809.86,0.350857,141384127,0000000.0000,0000000.0,170.55,0.297458,63484.1,0.2666,
NK225MWE  ,OOP,20260916,64250.0,            ,131384227,0000000.0000,0000000.0,903.64,0.354531,141384227,0000000.0000,0000000.0,139.33,0.298186,63484.1,0.2666,
NK225MWE  ,OOP,20260916,64375.0,            ,131384327,0000000.0000,0000000.0,999.42,0.354536,141384327,0000000.0000,0000000.0,110.12,0.296158,63484.1,0.2666,
NK225MWE  ,OOP,20260916,64500.0,            ,131384527,0000000.0000,0000000.0,1102.05,0.361062,141384527,0000000.0000,0000000.0,87.76,0.29722,63484.1,0.2666,
NK225MWE  ,OOP,20260916,64625.0,            ,131384627,0000000.0000,0000000.0,1201.36,0.364589,141384627,0000000.0000,0000000.0,62.07,0.287344,63484.1,0.2666,
NK225MWE  ,OOP,20260916,64750.0,            ,131384727,0000000.0000,0000000.0,1311.63,0.371005,141384727,0000000.0000,0000000.0,47.35,0.285794,63484.1,0.2666,
NK225MWE  ,OOP,20260916,64875.0,            ,131384827,0000000.0000,0000000.0,1431.8,0.388125,141384827,0000000.0000,0000000.0,42.51,0.298593,63484.1,0.2666,
NK225MWE  ,OOP,20260916,65000.0,            ,131385027,0000000.0000,0000000.0,1545.17,0.397263,141385027,0000000.0000,0000000.0,30.89,0.29655,63484.1,0.2666,
NK225MWE  ,OOP,20260916,65125.0,            ,131385127,0000000.0000,0000000.0,1661.53,0.404485,141385127,0000000.0000,0000000.0,22.25,0.293723,63484.1,0.2666,
NK225MWE  ,OOP,20260916,65250.0,            ,131385227,0000000.0000,0000000.0,1780.22,0.417867,141385227,0000000.0000,0000000.0,15.94,0.290976,63484.1,0.2666,
NK225MWE  ,OOP,20260916,65375.0,            ,131385327,0000000.0000,0000000.0,1901.39,0.438758,141385327,0000000.0000,0000000.0,12.12,0.294915,63484.1,0.2666,
NK225MWE  ,OOP,20260916,65500.0,            ,131385527,0000000.0000,0000000.0,2023.18,0.450602,141385527,0000000.0000,0000000.0,8.91,0.295294,63484.1,0.2666,
NK225MWE  ,OOP,20260916,65625.0,            ,131385627,0000000.0000,0000000.0,2145.74,0.470738,141385627,0000000.0000,0000000.0,6.47,0.297432,63484.1,0.2666,
NK225MWE  ,OOP,20260916,65750.0,            ,131385727,0000000.0000,0000000.0,2268.69,0.481066,141385727,0000000.0000,0000000.0,4.42,0.295088,63484.1,0.2666,
NK225MWE  ,OOP,20260916,65875.0,            ,131385827,0000000.0000,0000000.0,2392.11,0.500521,141385827,0000000.0000,0000000.0,2.85,0.296007,63484.1,0.2666,
NK225MWE  ,OOP,20260916,66000.0,            ,131386027,0000000.0000,0000000.0,2516.62,0.519778,141386027,0000000.0000,0000000.0,2.36,0.296558,63484.1,0.2666,
NK225MWE  ,OOP,20260916,66125.0,            ,131386127,0000000.0000,0000000.0,2640.79,0.53885,141386127,0000000.0000,0000000.0,1.54,0.300468,63484.1,0.2666,
NK225MWE  ,OOP,20260916,66250.0,            ,131386227,0002855.0000,0000000.0,2765.06,0.557745,141386227,0000033.0000,0000000.0,0.81,0.293196,63484.1,0.2666,
NK225MWE  ,OOP,20260916,66375.0,            ,131386327,0000000.0000,0000000.0,2889.83,0.576473,141386327,0000000.0000,0000000.0,0.59,0.295613,63484.1,0.2666,
NK225MWE  ,OOP,20260916,66500.0,            ,131386527,0000000.0000,0000000.0,3014.75,0.595041,141386527,0000000.0000,0000000.0,0.5,0.302688,63484.1,0.2666,
NK225MWE  ,OOP,20260916,66625.0,            ,131386627,0000000.0000,0000000.0,3139.54,0.613457,141386627,0000000.0000,0000000.0,0.3,0.300374,63484.1,0.2666,
NK225MWE  ,OOP,20260916,66750.0,            ,131386727,0000000.0000,0000000.0,3264.41,0.631726,141386727,0000000.0000,0000000.0,0.17,0.298061,63484.1,0.2666,
NK225MWE  ,OOP,20260916,66875.0,            ,131386827,0000000.0000,0000000.0,3389.36,0.649856,141386827,0000000.0000,0000000.0,0.12,0.300023,63484.1,0.2666,
NK225MWE  ,OOP,20260916,67000.0,            ,131387027,0000000.0000,0000000.0,3514.31,0.655537,141387027,0000000.0000,0000000.0,0.08,0.301985,63484.1,0.2666,
NK225MWE  ,OOP,20260916,67125.0,            ,131387127,0000000.0000,0000000.0,3639.27,0.673187,141387127,0000000.0000,0000000.0,0.04,0.298697,63484.1,0.2666,
NK225MWE  ,OOP,20260916,67250.0,            ,131387227,0000000.0000,0000000.0,3764.27,0.690714,141387227,0000000.0000,0000000.0,0.04,0.308894,63484.1,0.2666,
NK225MWE  ,OOP,20260916,67375.0,            ,131387327,0000000.0000,0000000.0,3889.24,0.708124,141387327,0000000.0000,0000000.0,0.02,0.304598,63484.1,0.2666,
NK225MWE  ,OOP,20260916,67500.0,            ,131387527,0000000.0000,0000000.0,4014.23,0.72542,141387527,0000000.0000,0000000.0,0.01,0.300302,63484.1,0.2666,
NK225MWE  ,OOP,20260916,67625.0,            ,131387627,0000000.0000,0000000.0,4139.22,0.742605,141387627,0000000.0000,0000000.0,0.0,0.298568,63484.1,0.2666,
NK225MWE  ,OOP,20260916,67750.0,            ,131387727,0000000.0000,0000000.0,4264.21,0.759684,141387727,0000000.0000,0000000.0,0.0,0.296835,63484.1,0.2666,
NK225MWE  ,OOP,20260916,67875.0,            ,131387827,0000000.0000,0000000.0,4389.21,0.77666,141387827,0000000.0000,0000000.0,0.0,0.295102,63484.1,0.2666,
NK225MWE  ,OOP,20260916,68000.0,            ,131388027,0000000.0000,0000000.0,4514.2,0.793534,141388027,0000000.0000,0000000.0,0.0,0.293369,63484.1,0.2666,
NK225MWE  ,OOP,20260916,68125.0,            ,131388127,0000000.0000,0000000.0,4639.2,0.810311,141388127,0000000.0000,0000000.0,0.0,0.296176,63484.1,0.2666,
NK225MWE  ,OOP,20260916,68250.0,            ,131388227,0000000.0000,0000000.0,4764.2,0.826993,141388227,0000000.0000,0000000.0,0.0,0.298984,63484.1,0.2666,
NK225MWE  ,OOP,20260916,68375.0,            ,131388327,0000000.0000,0000000.0,4889.19,0.843582,141388327,0000000.0000,0000000.0,0.0,0.301791,63484.1,0.2666,
NK225MWE  ,OOP,20260916,68500.0,            ,131388527,0000000.0000,0000000.0,5014.19,0.860081,141388527,0000000.0000,0000000.0,0.0,0.304599,63484.1,0.2666,
NK225MWE  ,OOP,20260916,68625.0,            ,131388627,0000000.0000,0000000.0,5139.19,0.876491,141388627,0000000.0000,0000000.0,0.0,0.311103,63484.1,0.2666,
NK225MWE  ,OOP,20260916,68750.0,            ,131388727,0000000.0000,0000000.0,5264.18,0.892816,141388727,0000000.0000,0000000.0,0.0,0.311103,63484.1,0.2666,
NK225MWE  ,OOP,20260916,68875.0,            ,131388827,0000000.0000,0000000.0,5389.18,0.909056,141388827,0000000.0000,0000000.0,0.0,0.311103,63484.1,0.2666,
NK225MWE  ,OOP,20260916,69000.0,            ,131389027,0000000.0000,0000000.0,5514.18,0.925215,141389027,0000000.0000,0000000.0,0.0,0.311103,63484.1,0.2666,
NK225MWE  ,OOP,20260916,69125.0,            ,131389127,0000000.0000,0000000.0,5639.18,0.941293,141389127,0000000.0000,0000000.0,0.0,0.311103,63484.1,0.2666,
NK225MWE  ,OOP,20260916,69250.0,            ,131389227,0000000.0000,0000000.0,5764.17,0.957292,141389227,0000000.0000,0000000.0,0.0,0.311103,63484.1,0.2666,
NK225MWE  ,OOP,20260916,69375.0,            ,131389327,0000000.0000,0000000.0,5889.17,0.973215,141389327,0000000.0000,0000000.0,0.0,0.311103,63484.1,0.2666,
NK225MWE  ,OOP,20260916,69500.0,            ,131389527,0000000.0000,0000000.0,6014.17,0.989062,141389527,0000000.0000,0000000.0,0.0,0.311103,63484.1,0.2666,
NK225MWE  ,OOP,20260916,69625.0,            ,131389627,0000000.0000,0000000.0,6139.16,1.004835,141389627,0000000.0000,0000000.0,0.0,0.311103,63484.1,0.2666,
NK225MWE  ,OOP,20260916,69750.0,            ,131389727,0000000.0000,0000000.0,6264.16,1.020535,141389727,0000000.0000,0000000.0,0.0,0.311103,63484.1,0.2666,
NK225MWE  ,OOP,20260916,69875.0,            ,131389827,0000000.0000,0000000.0,6389.16,1.036165,141389827,0000000.0000,0000000.0,0.0,0.311103,63484.1,0.2666,
NK225MWE  ,OOP,20260916,70000.0,            ,131380027,0000000.0000,0000000.0,6514.15,1.051724,141380027,0000000.0000,0000000.0,0.0,0.311103,63484.1,0.2666,
NK225MWE  ,OOP,20260916,70125.0,            ,131380127,0000000.0000,0000000.0,6639.15,1.067215,141380127,0000000.0000,0000000.0,0.0,0.311103,63484.1,0.2666,
NK225MWE  ,OOP,20260916,70250.0,            ,131380227,0000000.0000,0000000.0,6764.15,1.082639,141380227,0000000.0000,0000000.0,0.0,0.311103,63484.1,0.2666,
NK225MWE  ,OOP,20260916,70375.0,            ,131380327,0000000.0000,0000000.0,6889.14,1.097996,141380327,0000000.0000,0000000.0,0.0,0.311103,63484.1,0.2666,
NK225MWE  ,OOP,20260916,70500.0,            ,131380527,0000000.0000,0000000.0,7014.14,1.113289,141380527,0000000.0000,0000000.0,0.0,0.311103,63484.1,0.2666,
NK225MWE  ,OOP,20260918,60500.0,            ,181380526,0000066.0000,0000000.0,66.0,0.364657,191380526,0000000.0000,0000000.0,3055.54,0.279656,63484.1,0.2666,
NK225MWE  ,OOP,20260918,60625.0,            ,181380626,0000061.0000,0000000.0,75.49,0.370579,191380626,0000000.0000,0000000.0,2939.2,0.292557,63484.1,0.2666,
NK225MWE  ,OOP,20260918,60750.0,            ,181380726,0000068.0000,0000000.0,85.04,0.3668,191380726,0000000.0000,0000000.0,2820.91,0.291252,63484.1,0.2666,
NK225MWE  ,OOP,20260918,60875.0,            ,181380826,0000000.0000,0000000.0,95.54,0.362226,191380826,0000000.0000,0000000.0,2703.59,0.296459,63484.1,0.2666,
NK225MWE  ,OOP,20260918,61000.0,            ,181381026,0000095.0000,0000000.0,95.0,0.34719,191381026,0000000.0000,0000000.0,2584.31,0.292129,63484.1,0.2666,
NK225MWE  ,OOP,20260918,61125.0,            ,181381126,0000150.0000,0000000.0,109.19,0.353649,191381126,0000000.0000,0000000.0,2471.84,0.299283,63484.1,0.2666,
NK225MWE  ,OOP,20260918,61250.0,            ,181381226,0000116.0000,0000000.0,116.0,0.340017,191381226,0002800.0000,0000000.0,2353.99,0.292617,63484.1,0.2666,
NK225MWE  ,OOP,20260918,61375.0,            ,181381326,0000114.0000,0000000.0,129.05,0.345199,191381326,0000000.0000,0000000.0,2242.96,0.2955,63484.1,0.2666,
NK225MWE  ,OOP,20260918,61500.0,            ,181381526,0000147.0000,0000000.0,146.99,0.337053,191381526,0000000.0000,0000000.0,2129.49,0.296297,63484.1,0.2666,
NK225MWE  ,OOP,20260918,61625.0,            ,181381626,0000110.0000,0000000.0,159.91,0.337009,191381626,0000000.0000,0000000.0,2019.9,0.295404,63484.1,0.2666,
NK225MWE  ,OOP,20260918,61750.0,            ,181381726,0000173.0000,0000000.0,173.0,0.326086,191381726,0000000.0000,0000000.0,1917.65,0.300597,63484.1,0.2666,
NK225MWE  ,OOP,20260918,61875.0,            ,181381826,0000175.0000,0000000.0,194.53,0.331625,191381826,0000000.0000,0000000.0,1806.09,0.293043,63484.1,0.2666,
NK225MWE  ,OOP,20260918,62000.0,            ,181382026,0000221.0000,0000000.0,220.99,0.325439,191382026,0000000.0000,0000000.0,1694.49,0.288118,63484.1,0.2666,
NK225MWE  ,OOP,20260918,62125.0,            ,181382126,0000239.0000,0000000.0,239.0,0.319554,191382126,0000000.0000,0000000.0,1603.5,0.294595,63484.1,0.2666,
NK225MWE  ,OOP,20260918,62250.0,            ,181382226,0000305.0000,0000000.0,261.41,0.323283,191382226,0001955.0000,0000000.0,1499.24,0.292912,63484.1,0.2666,
NK225MWE  ,OOP,20260918,62375.0,            ,131382326,0000245.0000,0000000.0,287.53,0.320995,141382326,0000000.0000,0000000.0,1400.36,0.289815,63484.1,0.2666,
NK225MWE  ,OOP,20260918,62500.0,            ,131382526,0000290.0000,0000000.0,315.67,0.317933,141382526,0000000.0000,0000000.0,1302.95,0.288034,63484.1,0.2666,
NK225MWE  ,OOP,20260918,62625.0,            ,131382626,0000000.0000,0000000.0,360.32,0.311306,141382626,0000000.0000,0000000.0,1209.46,0.284789,63484.1,0.2666,
NK225MWE  ,OOP,20260918,62750.0,            ,131382726,0000470.0000,0000000.0,385.51,0.312845,141382726,0000000.0000,0000000.0,1123.37,0.285018,63484.1,0.2666,
NK225MWE  ,OOP,20260918,62875.0,            ,131382826,0000370.0000,0000000.0,434.35,0.312942,141382826,0000000.0000,0000000.0,1039.75,0.285939,63484.1,0.2666,
NK225MWE  ,OOP,20260918,63000.0,            ,131383026,0000440.0000,0000000.0,487.82,0.308273,141383026,0000900.0000,0000000.0,1015.62,0.317029,63484.1,0.2666,
NK225MWE  ,OOP,20260918,63125.0,            ,131383126,0000000.0000,0000000.0,499.6,0.301973,141383126,0000000.0000,0000000.0,862.49,0.320751,63484.1,0.2666,
NK225MWE  ,OOP,20260918,63250.0,            ,131383226,0000710.0000,0000000.0,582.67,0.317572,141383226,0000915.0000,0000000.0,865.97,0.305289,63484.1,0.2666,
NK225MWE  ,OOP,20260918,63375.0,            ,131383326,0000590.0000,0000000.0,650.58,0.307592,141383326,0000610.0000,0000000.0,737.43,0.296211,63484.1,0.2666,
NK225MWE  ,OOP,20260918,63500.0,            ,131383526,0000620.0000,0000000.0,688.09,0.310923,141383526,0000685.0000,0000000.0,678.69,0.318363,63484.1,0.2666,
NK225MWE  ,OOP,20260918,63625.0,            ,131383626,0000850.0000,0000000.0,744.39,0.310805,141383626,0000500.0000,0000000.0,660.36,0.305163,63484.1,0.2666,
NK225MWE  ,OOP,20260918,63750.0,            ,131383726,0000900.0000,0000000.0,873.78,0.309164,141383726,0000650.0000,0000000.0,624.44,0.321051,63484.1,0.2666,
NK225MWE  ,OOP,20260918,63875.0,            ,131383826,0000000.0000,0000000.0,952.66,0.317072,141383826,0000530.0000,0000000.0,565.91,0.320204,63484.1,0.2666,
NK225MWE  ,OOP,20260918,64000.0,            ,131384026,0000860.0000,0000000.0,988.75,0.314678,141384026,0000510.0000,0000000.0,510.0,0.320111,63484.1,0.2666,
NK225MWE  ,OOP,20260918,64125.0,            ,131384126,0000715.0000,0000000.0,1080.2,0.329081,141384126,0000000.0000,0000000.0,443.16,0.304695,63484.1,0.2666,
NK225MWE  ,OOP,20260918,64250.0,            ,131384226,0001040.0000,0000000.0,1161.57,0.330911,141384226,0000440.0000,0000000.0,415.1,0.317758,63484.1,0.2666,
NK225MWE  ,OOP,20260918,64375.0,            ,131384326,0001580.0000,0000000.0,1240.41,0.328995,141384326,0000360.0000,0000000.0,377.1,0.315445,63484.1,0.2666,
NK225MWE  ,OOP,20260918,64500.0,            ,131384526,0000950.0000,0000000.0,1327.84,0.328011,141384526,0000340.0000,0000000.0,340.0,0.319019,63484.1,0.2666,
NK225MWE  ,OOP,20260918,64625.0,            ,131384626,0000000.0000,0000000.0,1399.5,0.320323,141384626,0000310.0000,0000000.0,302.16,0.315625,63484.1,0.2666,
NK225MWE  ,OOP,20260918,64750.0,            ,131384726,0000000.0000,0000000.0,1492.48,0.321341,141384726,0000250.0000,0000000.0,230.49,0.29081,63484.1,0.2666,
NK225MWE  ,OOP,20260918,64875.0,            ,131384826,0000000.0000,0000000.0,1610.96,0.335005,141384826,0000155.0000,0000000.0,223.98,0.300129,63484.1,0.2666,
NK225MWE  ,OOP,20260918,65000.0,            ,131385026,0001570.0000,0000000.0,1703.95,0.333853,141385026,0000214.0000,0000000.0,213.99,0.316665,63484.1,0.2666,
NK225MWE  ,OOP,20260918,65125.0,            ,131385126,0000000.0000,0000000.0,1801.53,0.331159,141385126,0000125.0000,0000000.0,164.56,0.307054,63484.1,0.2666,
NK225MWE  ,OOP,20260918,65250.0,            ,131385226,0000000.0000,0000000.0,1903.18,0.33323,141385226,0000111.0000,0000000.0,141.23,0.294956,63484.1,0.2666,
NK225MWE  ,OOP,20260918,65375.0,            ,131385326,0000000.0000,0000000.0,2012.53,0.337531,141385326,0000000.0000,0000000.0,125.59,0.297841,63484.1,0.2666,
NK225MWE  ,OOP,20260918,65500.0,            ,131385526,0002200.0000,0000000.0,2121.88,0.340926,141385526,0000121.0000,0000000.0,120.99,0.30931,63484.1,0.2666,
NK225MWE  ,OOP,20260918,65625.0,            ,131385626,0000000.0000,0000000.0,2232.79,0.343353,141385626,0000153.0000,0000000.0,109.74,0.307033,63484.1,0.2666,
NK225MWE  ,OOP,20260918,65750.0,            ,131385726,0000000.0000,0000000.0,2343.17,0.348705,141385726,0000092.0000,0000000.0,91.99,0.309377,63484.1,0.2666,
NK225MWE  ,OOP,20260918,65875.0,            ,131385826,0000000.0000,0000000.0,2454.06,0.34918,141385826,0000093.0000,0000000.0,78.38,0.300181,63484.1,0.2666,
NK225MWE  ,OOP,20260918,66000.0,            ,131386026,0002675.0000,0000000.0,2574.79,0.357294,141386026,0000074.0000,0000000.0,74.0,0.314829,63484.1,0.2666,
NK225MWE  ,OOP,20260918,66125.0,            ,131386126,0000000.0000,0000000.0,2689.31,0.360439,141386126,0000068.0000,0000000.0,62.01,0.305043,63484.1,0.2666,
NK225MWE  ,OOP,20260918,66250.0,            ,131386226,0003100.0000,0000000.0,2801.73,0.362733,141386226,0000075.0000,0000000.0,55.55,0.311898,63484.1,0.2666,
NK225MWE  ,OOP,20260918,66375.0,            ,131386326,0000000.0000,0000000.0,2921.96,0.369296,141386326,0000043.0000,0000000.0,50.59,0.311195,63484.1,0.2666,
NK225MWE  ,OOP,20260918,66500.0,            ,131386526,0003270.0000,0000000.0,3045.33,0.380744,141386526,0000041.0000,0000000.0,41.0,0.315276,63484.1,0.2666,
NK225MWE  ,OOP,20260918,66625.0,            ,131386626,0000000.0000,0000000.0,3164.02,0.381134,141386626,0000000.0000,0000000.0,27.17,0.295822,63484.1,0.2666,
NK225MWE  ,OOP,20260918,66750.0,            ,131386726,0003020.0000,0000000.0,3283.71,0.386376,141386726,0000031.0000,0000000.0,27.66,0.310817,63484.1,0.2666,
NK225MWE  ,OOP,20260918,66875.0,            ,131386826,0000000.0000,0000000.0,3405.87,0.397248,141386826,0000026.0000,0000000.0,23.27,0.309855,63484.1,0.2666,
NK225MWE  ,OOP,20260918,67000.0,            ,131387026,0000000.0000,0000000.0,3528.38,0.401821,141387026,0000021.0000,0000000.0,20.99,0.314042,63484.1,0.2666,
NK225MWE  ,OOP,20260918,67125.0,            ,131387126,0000000.0000,0000000.0,3649.67,0.412427,141387126,0000019.0000,0000000.0,16.95,0.311844,63484.1,0.2666,
NK225MWE  ,OOP,20260918,67250.0,            ,131387226,0000000.0000,0000000.0,3773.58,0.422957,141387226,0000016.0000,0000000.0,15.73,0.307606,63484.1,0.2666,
NK225MWE  ,OOP,20260918,67375.0,            ,131387326,0000000.0000,0000000.0,3896.9,0.426659,141387326,0000013.0000,0000000.0,11.18,0.304129,63484.1,0.2666,
NK225MWE  ,OOP,20260918,67500.0,            ,131387526,0000000.0000,0000000.0,4019.31,0.436942,141387526,0000011.0000,0000000.0,10.64,0.312216,63484.1,0.2666,
NK225MWE  ,OOP,20260918,67625.0,            ,131387626,0000000.0000,0000000.0,4142.68,0.447157,141387626,0000008.0000,0000000.0,5.9,0.298568,63484.1,0.2666,
NK225MWE  ,OOP,20260918,67750.0,            ,131387726,0000000.0000,0000000.0,4266.36,0.449964,141387726,0000006.0000,0000000.0,4.59,0.296835,63484.1,0.2666,
NK225MWE  ,OOP,20260918,67875.0,            ,131387826,0000000.0000,0000000.0,4390.3,0.459946,141387826,0000005.0000,0000000.0,5.0,0.307309,63484.1,0.2666,
NK225MWE  ,OOP,20260918,68000.0,            ,131388026,0000000.0000,0000000.0,4514.45,0.469868,141388026,0000004.0000,0000000.0,4.0,0.306475,63484.1,0.2666,
NK225MWE  ,OOP,20260918,68125.0,            ,131388126,0000000.0000,0000000.0,4639.12,0.479732,141388126,0000004.0000,0000000.0,2.38,0.296176,63484.1,0.2666,
NK225MWE  ,OOP,20260918,68250.0,            ,131388226,0000000.0000,0000000.0,4763.82,0.48954,141388226,0000004.0000,0000000.0,2.09,0.297533,63484.1,0.2666,
NK225MWE  ,OOP,20260918,68375.0,            ,131388326,0000000.0000,0000000.0,4888.56,0.499292,141388326,0000005.0000,0000000.0,1.84,0.301791,63484.1,0.2666,
NK225MWE  ,OOP,20260918,68500.0,            ,131388526,0000000.0000,0000000.0,5013.33,0.508992,141388526,0000002.0000,0000000.0,1.52,0.302645,63484.1,0.2666,
NK225MWE  ,OOP,20260918,68625.0,            ,131388626,0000000.0000,0000000.0,5138.32,0.518639,141388626,0000000.0000,0000000.0,1.52,0.309153,63484.1,0.2666,
NK225MWE  ,OOP,20260918,68750.0,            ,131388726,0000000.0000,0000000.0,5263.0,0.528235,141388726,0000001.0000,0000000.0,1.0,0.303354,63484.1,0.2666,
NK225MWE  ,OOP,20260918,68875.0,            ,131388826,0000000.0000,0000000.0,5387.73,0.537781,141388826,0000002.0000,0000000.0,1.05,0.309612,63484.1,0.2666,
NK225MWE  ,OOP,20260918,69000.0,            ,131389026,0000000.0000,0000000.0,5512.51,0.547279,141389026,0000001.0000,0000000.0,1.0,0.315847,63484.1,0.2666,
NK225MWE  ,OOP,20260918,69125.0,            ,131389126,0000000.0000,0000000.0,5637.33,0.556729,141389126,0000001.0000,0000000.0,0.67,0.311103,63484.1,0.2666,
NK225MWE  ,OOP,20260918,69250.0,            ,131389226,0000000.0000,0000000.0,5762.18,0.566132,141389226,0000001.0000,0000000.0,0.53,0.311103,63484.1,0.2666,
NK225MWE  ,OOP,20260918,69375.0,            ,131389326,0000000.0000,0000000.0,5887.06,0.566451,141389326,0000001.0000,0000000.0,0.42,0.311103,63484.1,0.2666,
NK225MWE  ,OOP,20260918,69500.0,            ,131389526,0000000.0000,0000000.0,6011.97,0.575665,141389526,0000001.0000,0000000.0,0.33,0.311103,63484.1,0.2666,
NK225MWE  ,OOP,20260918,69625.0,            ,131389626,0000000.0000,0000000.0,6136.89,0.584836,141389626,0000000.0000,0000000.0,0.26,0.311103,63484.1,0.2666,
NK225MWE  ,OOP,20260918,69750.0,            ,131389726,0000000.0000,0000000.0,6261.82,0.593965,141389726,0000001.0000,0000000.0,0.2,0.311103,63484.1,0.2666,
NK225MWE  ,OOP,20260918,69875.0,            ,131389826,0000000.0000,0000000.0,6386.76,0.603053,141389826,0000000.0000,0000000.0,0.16,0.311103,63484.1,0.2666,
NK225MWE  ,OOP,20260918,70000.0,            ,131380026,0000000.0000,0000000.0,6511.72,0.612101,141380026,0000001.0000,0000000.0,1.0,0.364947,63484.1,0.2666,
NK225MWE  ,OOP,20260918,70125.0,            ,131380126,0000000.0000,0000000.0,6636.68,0.621109,141380126,0000000.0000,0000000.0,0.09,0.311103,63484.1,0.2666,
NK225MWE  ,OOP,20260918,70250.0,            ,131380226,0000000.0000,0000000.0,6761.65,0.630077,141380226,0000000.0000,0000000.0,0.07,0.311103,63484.1,0.2666,
NK225MWE  ,OOP,20260918,70375.0,            ,131380326,0000000.0000,0000000.0,6886.62,0.639008,141380326,0000000.0000,0000000.0,0.05,0.311103,63484.1,0.2666,
NK225MWE  ,OOP,20260918,70500.0,            ,131380526,0000000.0000,0000000.0,7011.6,0.6479,141380526,0000000.0000,0000000.0,0.04,0.311103,63484.1,0.2666,
NK225MWE  ,OOP,20260918,70625.0,            ,131380626,0000000.0000,0000000.0,7136.58,0.656756,141380626,0000000.0000,0000000.0,0.03,0.311103,63484.1,0.2666,
NK225MWE  ,OOP,20260918,70750.0,            ,131380726,0000000.0000,0000000.0,7261.56,0.665575,141380726,0000000.0000,0000000.0,0.02,0.311103,63484.1,0.2666,
NK225MWE  ,OOP,20260918,70875.0,            ,131380826,0000000.0000,0000000.0,7386.55,0.674358,141380826,0000000.0000,0000000.0,0.02,0.311103,63484.1,0.2666,
NK225MWE  ,OOP,20260918,71000.0,            ,131381026,0000000.0000,0000000.0,7511.53,0.683106,141381026,0000000.0000,0000000.0,0.01,0.311103,63484.1,0.2666,
NK225MWE  ,OOP,20260918,71125.0,            ,131381126,0000000.0000,0000000.0,7636.52,0.691819,141381126,0000000.0000,0000000.0,0.01,0.311103,63484.1,0.2666,
NK225MWE  ,OOP,20260918,71250.0,            ,131381226,0000000.0000,0000000.0,7761.51,0.700497,141381226,0000000.0000,0000000.0,0.0,0.311103,63484.1,0.2666,
NK225MWE  ,OOP,20260918,71375.0,            ,131381326,0000000.0000,0000000.0,7886.5,0.709142,141381326,0000000.0000,0000000.0,0.0,0.311103,63484.1,0.2666,
NK225MWE  ,OOP,20260918,71500.0,            ,131381526,0000000.0000,0000000.0,8011.49,0.717754,141381526,0000000.0000,0000000.0,0.0,0.311103,63484.1,0.2666,
NK225MWE  ,OOP,20260918,71625.0,            ,131381626,0000000.0000,0000000.0,8136.47,0.726332,141381626,0000000.0000,0000000.0,0.0,0.311103,63484.1,0.2666,
NK225MWE  ,OOP,20260918,71750.0,            ,131381726,0000000.0000,0000000.0,8261.46,0.734878,141381726,0000000.0000,0000000.0,0.0,0.311103,63484.1,0.2666,
NK225MWE  ,OOP,20260918,71875.0,            ,131381826,0000000.0000,0000000.0,8386.45,0.743393,141381826,0000000.0000,0000000.0,0.0,0.311103,63484.1,0.2666,
NK225MWE  ,OOP,20260918,72000.0,            ,131382026,0000000.0000,0000000.0,8511.44,0.751876,141382026,0000000.0000,0000000.0,0.0,0.311103,63484.1,0.2666,
NK225MWE  ,OOP,20260918,72125.0,            ,131382126,0000000.0000,0000000.0,8636.43,0.760328,141382126,0000000.0000,0000000.0,0.0,0.311103,63484.1,0.2666,
NK225MWE  ,OOP,20260918,72250.0,            ,131382226,0000000.0000,0000000.0,8761.42,0.768749,141382226,0000000.0000,0000000.0,0.0,0.311103,63484.1,0.2666,
NK225MWE  ,OOP,20260925,60500.0,            ,131390526,0000280.0000,0000000.0,285.84,0.304254,141390526,0000000.0000,0000000.0,3284.07,0.287021,63484.1,0.2666,
NK225MWE  ,OOP,20260925,60625.0,            ,131390626,0000000.0000,0000000.0,286.66,0.302195,141390626,0000000.0000,0000000.0,3159.92,0.280793,63484.1,0.2666,
NK225MWE  ,OOP,20260925,60750.0,            ,131390726,0000305.0000,0000000.0,305.0,0.296501,141390726,0000000.0000,0000000.0,3035.76,0.272473,63484.1,0.2666,
NK225MWE  ,OOP,20260925,60875.0,            ,131390826,0000000.0000,0000000.0,292.23,0.287767,141390826,0000000.0000,0000000.0,2915.55,0.26604,63484.1,0.2666,
NK225MWE  ,OOP,20260925,61000.0,            ,131391026,0000400.0000,0000000.0,296.96,0.280748,141391026,0000000.0000,0000000.0,2795.32,0.259477,63484.1,0.2666,
NK225MWE  ,OOP,20260925,61125.0,            ,131391126,0000310.0000,0000000.0,301.69,0.273604,141391126,0000000.0000,0000000.0,2675.07,0.252781,63484.1,0.2666,
NK225MWE  ,OOP,20260925,61250.0,            ,131391226,0000300.0000,0000000.0,410.24,0.29268,141391226,0000000.0000,0000000.0,2658.66,0.281856,63484.1,0.2666,
NK225MWE  ,OOP,20260925,61375.0,            ,131391326,0000000.0000,0000000.0,429.79,0.297236,141391326,0000000.0000,0000000.0,2553.24,0.278935,63484.1,0.2666,
NK225MWE  ,OOP,20260925,61500.0,            ,131391526,0000500.0000,0000000.0,434.48,0.288986,141391526,0000000.0000,0000000.0,2432.95,0.270991,63484.1,0.2666,
NK225MWE  ,OOP,20260925,61625.0,            ,131391626,0000390.0000,0000000.0,449.75,0.283573,141391626,0000000.0000,0000000.0,2323.26,0.265965,63484.1,0.2666,
NK225MWE  ,OOP,20260925,61750.0,            ,131391726,0000320.0000,0000000.0,465.93,0.279356,141391726,0000000.0000,0000000.0,2214.47,0.262153,63484.1,0.2666,
NK225MWE  ,OOP,20260925,61875.0,            ,131391826,0000495.0000,0000000.0,483.09,0.273396,141391826,0000000.0000,0000000.0,2106.66,0.256537,63484.1,0.2666,
NK225MWE  ,OOP,20260925,62000.0,            ,131392026,0000455.0000,0000000.0,577.01,0.289276,141392026,0000000.0000,0000000.0,2075.61,0.273131,63484.1,0.2666,
NK225MWE  ,OOP,20260925,62125.0,            ,131392126,0000000.0000,0000000.0,581.59,0.279707,141392126,0000000.0000,0000000.0,1955.23,0.263785,63484.1,0.2666,
NK225MWE  ,OOP,20260925,62250.0,            ,131392226,0000600.0000,0000000.0,586.15,0.27128,141392226,0000000.0000,0000000.0,1834.81,0.25425,63484.1,0.2666,
NK225MWE  ,OOP,20260925,62375.0,            ,131392326,0000000.0000,0000000.0,695.07,0.288611,141392326,0000000.0000,0000000.0,1818.76,0.273398,63484.1,0.2666,
NK225MWE  ,OOP,20260925,62500.0,            ,131392526,0000710.0000,0000000.0,694.6,0.276798,141392526,0000000.0000,0000000.0,1693.32,0.26175,63484.1,0.2666,
NK225MWE  ,OOP,20260925,62625.0,            ,131392626,0000000.0000,0000000.0,739.66,0.276122,141392626,0000000.0000,0000000.0,1613.41,0.261302,63484.1,0.2666,
NK225MWE  ,OOP,20260925,62750.0,            ,131392726,0000000.0000,0000000.0,786.79,0.274946,141392726,0000000.0000,0000000.0,1535.58,0.26032,63484.1,0.2666,
NK225MWE  ,OOP,20260925,62875.0,            ,131392826,0000000.0000,0000000.0,836.03,0.275733,141392826,0000000.0000,0000000.0,1459.85,0.260046,63484.1,0.2666,
NK225MWE  ,OOP,20260925,63000.0,            ,131393026,0000715.0000,0000000.0,887.4,0.27477,141393026,0001360.0000,0000000.0,1386.25,0.260447,63484.1,0.2666,
NK225MWE  ,OOP,20260925,63125.0,            ,131393126,0000000.0000,0000000.0,940.94,0.27451,141393126,0000000.0000,0000000.0,1314.82,0.260293,63484.1,0.2666,
NK225MWE  ,OOP,20260925,63250.0,            ,131393226,0000000.0000,0000000.0,996.66,0.273736,141393226,0000000.0000,0000000.0,1245.57,0.259595,63484.1,0.2666,
NK225MWE  ,OOP,20260925,63375.0,            ,131393326,0000000.0000,0000000.0,1054.58,0.273645,141393326,0000000.0000,0000000.0,1178.52,0.259553,63484.1,0.2666,
NK225MWE  ,OOP,20260925,63500.0,            ,131393526,0001065.0000,0000000.0,1114.72,0.273037,141393526,0000000.0000,0000000.0,1113.69,0.258965,63484.1,0.2666,
NK225MWE  ,OOP,20260925,63625.0,            ,131393626,0000000.0000,0000000.0,1177.08,0.273106,141393626,0000000.0000,0000000.0,1051.08,0.259026,63484.1,0.2666,
NK225MWE  ,OOP,20260925,63750.0,            ,131393726,0000000.0000,0000000.0,1243.77,0.273853,141393726,0000000.0000,0000000.0,992.81,0.259738,63484.1,0.2666,
NK225MWE  ,OOP,20260925,63875.0,            ,131393826,0000000.0000,0000000.0,1312.98,0.27409,141393826,0000000.0000,0000000.0,937.04,0.259912,63484.1,0.2666,
NK225MWE  ,OOP,20260925,64000.0,            ,131394026,0001100.0000,0000000.0,1404.75,0.278641,141394026,0000805.0000,0000000.0,903.85,0.264378,63484.1,0.2666,
NK225MWE  ,OOP,20260925,64125.0,            ,131394126,0000000.0000,0000000.0,1504.07,0.28517,141394126,0000000.0000,0000000.0,878.2,0.270807,63484.1,0.2666,
NK225MWE  ,OOP,20260925,64250.0,            ,131394226,0000000.0000,0000000.0,1573.3,0.283966,141394226,0000000.0000,0000000.0,822.46,0.269462,63484.1,0.2666,
NK225MWE  ,OOP,20260925,64375.0,            ,131394326,0000000.0000,0000000.0,1655.08,0.285957,141394326,0000000.0000,0000000.0,779.27,0.271296,63484.1,0.2666,
NK225MWE  ,OOP,20260925,64500.0,            ,131394526,0000000.0000,0000000.0,1701.67,0.277487,141394526,0000000.0000,0000000.0,700.89,0.26258,63484.1,0.2666,
NK225MWE  ,OOP,20260925,64625.0,            ,131394626,0000000.0000,0000000.0,1816.14,0.286072,141394626,0000000.0000,0000000.0,690.39,0.270999,63484.1,0.2666,
NK225MWE  ,OOP,20260925,64750.0,            ,131394726,0000000.0000,0000000.0,1895.4,0.285401,141394726,0000000.0000,0000000.0,644.69,0.270071,63484.1,0.2666,
NK225MWE  ,OOP,20260925,64875.0,            ,131394826,0000000.0000,0000000.0,1979.7,0.285532,141394826,0000000.0000,0000000.0,604.02,0.269919,63484.1,0.2666,
NK225MWE  ,OOP,20260925,65000.0,            ,131395026,0001850.0000,0000000.0,2056.43,0.28385,141395026,0000605.0000,0000000.0,555.78,0.267895,63484.1,0.2666,
NK225MWE  ,OOP,20260925,65125.0,            ,131395126,0000000.0000,0000000.0,2153.33,0.287058,141395126,0000000.0000,0000000.0,527.71,0.270802,63484.1,0.2666,
NK225MWE  ,OOP,20260925,65250.0,            ,131395226,0000000.0000,0000000.0,2209.85,0.277382,141395226,0000000.0000,0000000.0,459.26,0.260525,63484.1,0.2666,
NK225MWE  ,OOP,20260925,65375.0,            ,131395326,0000000.0000,0000000.0,2296.16,0.276753,141395326,0000000.0000,0000000.0,420.6,0.259414,63484.1,0.2666,
NK225MWE  ,OOP,20260925,65500.0,            ,131395526,0000000.0000,0000000.0,2384.62,0.274112,141395526,0000500.0000,0000000.0,384.09,0.257701,63484.1,0.2666,
NK225MWE  ,OOP,20260925,65625.0,            ,131395626,0000000.0000,0000000.0,2475.21,0.273869,141395626,0000340.0000,0000000.0,349.71,0.255335,63484.1,0.2666,
NK225MWE  ,OOP,20260925,65750.0,            ,131395726,0000000.0000,0000000.0,2559.41,0.269947,141395726,0000305.0000,0000000.0,308.94,0.249579,63484.1,0.2666,
NK225MWE  ,OOP,20260925,65875.0,            ,131395826,0000000.0000,0000000.0,2674.02,0.275063,141395826,0000290.0000,0000000.0,298.59,0.254221,63484.1,0.2666,
NK225MWE  ,OOP,20260925,66000.0,            ,131396026,0000000.0000,0000000.0,2742.95,0.264762,141396026,0000295.0000,0000000.0,242.55,0.242744,63484.1,0.2666,
NK225MWE  ,OOP,20260925,66125.0,            ,131396126,0000000.0000,0000000.0,2866.73,0.272629,141396126,0000250.0000,0000000.0,241.35,0.2499,63484.1,0.2666,
NK225MWE  ,OOP,20260925,66250.0,            ,131396226,0000000.0000,0000000.0,2990.51,0.278632,141396226,0000000.0000,0000000.0,240.17,0.256964,63484.1,0.2666,
NK225MWE  ,OOP,20260925,66375.0,            ,131396326,0000000.0000,0000000.0,3093.98,0.279001,141396326,0000000.0000,0000000.0,218.67,0.256009,63484.1,0.2666,
NK225MWE  ,OOP,20260925,66500.0,            ,131396526,0000000.0000,0000000.0,3181.15,0.273086,141396526,0000210.0000,0000000.0,180.87,0.247506,63484.1,0.2666,
NK225MWE  ,OOP,20260925,66625.0,            ,131396626,0000000.0000,0000000.0,3304.97,0.280341,141396626,0000000.0000,0000000.0,179.72,0.253932,63484.1,0.2666,
NK225MWE  ,OOP,20260925,66750.0,            ,131396726,0003055.0000,0000000.0,3428.8,0.287529,141396726,0000000.0000,0000000.0,178.59,0.260737,63484.1,0.2666,
NK225MWE  ,OOP,20260925,66875.0,            ,131396826,0000000.0000,0000000.0,3539.4,0.288448,141396826,0000000.0000,0000000.0,164.21,0.260917,63484.1,0.2666,
NK225MWE  ,OOP,20260925,67000.0,            ,131397026,0003350.0000,0000000.0,3627.53,0.280088,141397026,0000123.0000,0000000.0,123.0,0.249661,63484.1,0.2666,
NK225MWE  ,OOP,20260925,67125.0,            ,131397126,0000000.0000,0000000.0,3742.86,0.282166,141397126,0000000.0000,0000000.0,117.74,0.250361,63484.1,0.2666,
NK225MWE  ,OOP,20260925,67250.0,            ,131397226,0000000.0000,0000000.0,3858.88,0.283955,141397226,0000000.0000,0000000.0,108.79,0.251212,63484.1,0.2666,
NK225MWE  ,OOP,20260925,67375.0,            ,131397326,0000000.0000,0000000.0,3975.56,0.285441,141397326,0000000.0000,0000000.0,100.49,0.25227,63484.1,0.2666,
NK225MWE  ,OOP,20260925,67500.0,            ,131397526,0000000.0000,0000000.0,4092.84,0.289238,141397526,0000115.0000,0000000.0,92.81,0.253602,63484.1,0.2666,
NK225MWE  ,OOP,20260925,67625.0,            ,131397626,0000000.0000,0000000.0,4206.43,0.290177,141397626,0000000.0000,0000000.0,81.43,0.251715,63484.1,0.2666,
NK225MWE  ,OOP,20260925,67750.0,            ,131397726,0000000.0000,0000000.0,4321.13,0.290759,141397726,0000000.0000,0000000.0,71.16,0.24977,63484.1,0.2666,
NK225MWE  ,OOP,20260925,67875.0,            ,131397826,0000000.0000,0000000.0,4436.84,0.290951,141397826,0000000.0000,0000000.0,61.91,0.24781,63484.1,0.2666,
NK225MWE  ,OOP,20260925,68000.0,            ,131398026,0000000.0000,0000000.0,4553.52,0.290715,141398026,0000060.0000,0000000.0,53.62,0.245895,63484.1,0.2666,
NK225MWE  ,OOP,20260925,68125.0,            ,131398126,0000000.0000,0000000.0,4675.75,0.29658,141398126,0000000.0000,0000000.0,50.88,0.249187,63484.1,0.2666,
NK225MWE  ,OOP,20260925,68250.0,            ,131398226,0000000.0000,0000000.0,4798.17,0.299121,141398226,0000000.0000,0000000.0,48.33,0.251319,63484.1,0.2666,
NK225MWE  ,OOP,20260925,68375.0,            ,131398326,0000000.0000,0000000.0,4920.75,0.304877,141398326,0000000.0000,0000000.0,45.94,0.254304,63484.1,0.2666,
NK225MWE  ,OOP,20260925,68500.0,            ,131398526,0000000.0000,0000000.0,5043.49,0.310601,141398526,0000000.0000,0000000.0,43.71,0.257146,63484.1,0.2666,
NK225MWE  ,OOP,20260925,68625.0,            ,131398626,0000000.0000,0000000.0,5164.07,0.312803,141398626,0000000.0000,0000000.0,39.32,0.257462,63484.1,0.2666,
NK225MWE  ,OOP,20260925,68750.0,            ,131398726,0000000.0000,0000000.0,5285.05,0.314805,141398726,0000000.0000,0000000.0,35.33,0.257321,63484.1,0.2666,
NK225MWE  ,OOP,20260925,68875.0,            ,131398826,0000000.0000,0000000.0,5406.39,0.316595,141398826,0000000.0000,0000000.0,31.71,0.256645,63484.1,0.2666,
NK225MWE  ,OOP,20260925,69000.0,            ,131399026,0000000.0000,0000000.0,5528.07,0.322075,141399026,0000026.0000,0000000.0,28.42,0.256887,63484.1,0.2666,
NK225MWE  ,OOP,20260925,69125.0,            ,131399126,0000000.0000,0000000.0,5650.06,0.32357,141399126,0000000.0000,0000000.0,25.44,0.256665,63484.1,0.2666,
NK225MWE  ,OOP,20260925,69250.0,            ,131399226,0000000.0000,0000000.0,5772.34,0.324827,141399226,0000000.0000,0000000.0,22.74,0.257719,63484.1,0.2666,
NK225MWE  ,OOP,20260925,69375.0,            ,131399326,0000000.0000,0000000.0,5894.87,0.330139,141399326,0000000.0000,0000000.0,20.3,0.258451,63484.1,0.2666,
NK225MWE  ,OOP,20260930,60500.0,            ,131400527,0000000.0000,0000000.0,548.03,0.308704,141400527,0000000.0000,0000000.0,3203.24,0.294554,63484.1,0.2666,
NK225MWE  ,OOP,20260930,60625.0,            ,131400627,0000000.0000,0000000.0,570.3,0.305559,141400627,0000000.0000,0000000.0,3100.56,0.291672,63484.1,0.2666,
NK225MWE  ,OOP,20260930,60750.0,            ,131400727,0000000.0000,0000000.0,592.57,0.30343,141400727,0000000.0000,0000000.0,2997.88,0.289816,63484.1,0.2666,
NK225MWE  ,OOP,20260930,60875.0,            ,131400827,0000000.0000,0000000.0,598.83,0.296254,141400827,0000000.0000,0000000.0,2879.18,0.282808,63484.1,0.2666,
NK225MWE  ,OOP,20260930,61000.0,            ,131401027,0000000.0000,0000000.0,603.54,0.288982,141401027,0000000.0000,0000000.0,2758.94,0.275703,63484.1,0.2666,
NK225MWE  ,OOP,20260930,61125.0,            ,131401127,0000000.0000,0000000.0,604.07,0.280437,141401127,0000000.0000,0000000.0,2634.52,0.267303,63484.1,0.2666,
NK225MWE  ,OOP,20260930,61250.0,            ,131401227,0000000.0000,0000000.0,712.51,0.297028,141401227,0000000.0000,0000000.0,2618.0,0.284387,63484.1,0.2666,
NK225MWE  ,OOP,20260930,61375.0,            ,131401327,0000000.0000,0000000.0,751.81,0.296973,141401327,0000000.0000,0000000.0,2532.35,0.284554,63484.1,0.2666,
NK225MWE  ,OOP,20260930,61500.0,            ,131401527,0000000.0000,0000000.0,756.27,0.288904,141401527,0000000.0000,0000000.0,2411.85,0.276614,63484.1,0.2666,
NK225MWE  ,OOP,20260930,61625.0,            ,131401627,0000000.0000,0000000.0,783.36,0.286145,141401627,0000000.0000,0000000.0,2313.99,0.274029,63484.1,0.2666,
NK225MWE  ,OOP,20260930,61750.0,            ,131401727,0000000.0000,0000000.0,807.15,0.282051,141401727,0000000.0000,0000000.0,2212.83,0.270088,63484.1,0.2666,
NK225MWE  ,OOP,20260930,61875.0,            ,131401827,0000000.0000,0000000.0,836.57,0.278778,141401827,0000000.0000,0000000.0,2117.3,0.266963,63484.1,0.2666,
NK225MWE  ,OOP,20260930,62000.0,            ,131402027,0000000.0000,0000000.0,950.55,0.292935,141402027,0000000.0000,0000000.0,2106.32,0.281336,63484.1,0.2666,
NK225MWE  ,OOP,20260930,62125.0,            ,131402127,0000000.0000,0000000.0,958.77,0.284829,141402127,0000000.0000,0000000.0,1989.59,0.272292,63484.1,0.2666,
NK225MWE  ,OOP,20260930,62250.0,            ,131402227,0000000.0000,0000000.0,962.14,0.274495,141402227,0000000.0000,0000000.0,1868.01,0.263076,63484.1,0.2666,
NK225MWE  ,OOP,20260930,62375.0,            ,131402327,0000000.0000,0000000.0,1069.42,0.286229,141402327,0000000.0000,0000000.0,1850.33,0.274939,63484.1,0.2666,
NK225MWE  ,OOP,20260930,62500.0,            ,131402527,0000000.0000,0000000.0,1079.37,0.277391,141402527,0000000.0000,0000000.0,1735.33,0.26617,63484.1,0.2666,
NK225MWE  ,OOP,20260930,62625.0,            ,131402627,0000000.0000,0000000.0,1132.94,0.277286,141402627,0000000.0000,0000000.0,1663.94,0.266136,63484.1,0.2666,
NK225MWE  ,OOP,20260930,62750.0,            ,131402727,0000000.0000,0000000.0,1185.06,0.276834,141402727,0000000.0000,0000000.0,1591.11,0.264751,63484.1,0.2666,
NK225MWE  ,OOP,20260930,62875.0,            ,131402827,0000000.0000,0000000.0,1242.79,0.27604,141402827,0000000.0000,0000000.0,1523.89,0.264988,63484.1,0.2666,
NK225MWE  ,OOP,20260930,63000.0,            ,131403027,0000000.0000,0000000.0,1296.97,0.274904,141403027,0000000.0000,0000000.0,1453.11,0.263879,63484.1,0.2666,
NK225MWE  ,OOP,20260930,63125.0,            ,131403127,0000000.0000,0000000.0,1357.49,0.274407,141403127,0000000.0000,0000000.0,1388.68,0.263394,63484.1,0.2666,
NK225MWE  ,OOP,20260930,63250.0,            ,131403227,0000000.0000,0000000.0,1416.57,0.273564,141403227,0000000.0000,0000000.0,1322.81,0.262549,63484.1,0.2666,
NK225MWE  ,OOP,20260930,63375.0,            ,131403327,0000000.0000,0000000.0,1475.64,0.272373,141403327,0000000.0000,0000000.0,1256.92,0.261342,63484.1,0.2666,
NK225MWE  ,OOP,20260930,63500.0,            ,131403527,0000000.0000,0000000.0,1543.17,0.272795,141403527,0000000.0000,0000000.0,1199.51,0.261732,63484.1,0.2666,
NK225MWE  ,OOP,20260930,63625.0,            ,131403627,0000000.0000,0000000.0,1604.39,0.271886,141403627,0000000.0000,0000000.0,1135.76,0.260777,63484.1,0.2666,
NK225MWE  ,OOP,20260930,63750.0,            ,131403727,0000000.0000,0000000.0,1679.2,0.272603,141403727,0000000.0000,0000000.0,1085.63,0.261434,63484.1,0.2666,
NK225MWE  ,OOP,20260930,63875.0,            ,131403827,0000000.0000,0000000.0,1745.8,0.270992,141403827,0000000.0000,0000000.0,1027.28,0.259743,63484.1,0.2666,
NK225MWE  ,OOP,20260930,64000.0,            ,131404027,0000000.0000,0000000.0,1839.36,0.275024,141404027,0000000.0000,0000000.0,995.88,0.263693,63484.1,0.2666,
NK225MWE  ,OOP,20260930,64125.0,            ,131404127,0000000.0000,0000000.0,1933.51,0.278772,141404127,0000000.0000,0000000.0,965.08,0.267349,63484.1,0.2666,
NK225MWE  ,OOP,20260930,64250.0,            ,131404227,0000000.0000,0000000.0,2007.57,0.278179,141404227,0000000.0000,0000000.0,914.18,0.266637,63484.1,0.2666,
NK225MWE  ,OOP,20260930,64375.0,            ,131404327,0000000.0000,0000000.0,2086.88,0.278267,141404327,0000000.0000,0000000.0,868.54,0.266593,63484.1,0.2666,
NK225MWE  ,OOP,20260930,64500.0,            ,131404527,0000000.0000,0000000.0,2143.54,0.27282,141404527,0000000.0000,0000000.0,800.25,0.26201,63484.1,0.2666,
NK225MWE  ,OOP,20260930,64625.0,            ,131404627,0000000.0000,0000000.0,2249.68,0.278495,141404627,0000000.0000,0000000.0,781.43,0.266508,63484.1,0.2666,
NK225MWE  ,OOP,20260930,64750.0,            ,131404727,0000000.0000,0000000.0,2331.06,0.27758,141404727,0000000.0000,0000000.0,737.86,0.265402,63484.1,0.2666,
NK225MWE  ,OOP,20260930,64875.0,            ,131404827,0000000.0000,0000000.0,2414.71,0.27739,141404827,0000000.0000,0000000.0,696.55,0.265008,63484.1,0.2666,
NK225MWE  ,OOP,20260930,65000.0,            ,131405027,0000000.0000,0000000.0,2494.9,0.275761,141405027,0000000.0000,0000000.0,651.8,0.263137,63484.1,0.2666,
NK225MWE  ,OOP,20260930,65125.0,            ,131405127,0000000.0000,0000000.0,2587.19,0.277107,141405127,0000000.0000,0000000.0,619.13,0.264259,63484.1,0.2666,
NK225MWE  ,OOP,20260930,65250.0,            ,131405227,0000000.0000,0000000.0,2652.9,0.271306,141405227,0000000.0000,0000000.0,559.89,0.258093,63484.1,0.2666,
NK225MWE  ,OOP,20260930,65375.0,            ,131405327,0000000.0000,0000000.0,2738.31,0.269606,141405327,0000000.0000,0000000.0,520.34,0.257255,63484.1,0.2666,
NK225MWE  ,OOP,20260930,65500.0,            ,131405527,0000000.0000,0000000.0,2827.72,0.268693,141405527,0000000.0000,0000000.0,484.8,0.256022,63484.1,0.2666,
NK225MWE  ,OOP,20260930,65625.0,            ,131405627,0000000.0000,0000000.0,2916.58,0.267398,141405627,0000000.0000,0000000.0,448.7,0.254366,63484.1,0.2666,
NK225MWE  ,OOP,20260930,65750.0,            ,131405727,0000000.0000,0000000.0,3002.46,0.265698,141405727,0000000.0000,0000000.0,409.63,0.250945,63484.1,0.2666,
NK225MWE  ,OOP,20260930,65875.0,            ,131405827,0000000.0000,0000000.0,3111.57,0.268766,141405827,0000000.0000,0000000.0,393.79,0.253696,63484.1,0.2666,
NK225MWE  ,OOP,20260930,66000.0,            ,131406027,0000000.0000,0000000.0,3183.99,0.260948,141406027,0000000.0000,0000000.0,341.26,0.246492,63484.1,0.2666,
NK225MWE  ,OOP,20260930,66125.0,            ,131406127,0000000.0000,0000000.0,3305.9,0.267537,141406127,0000000.0000,0000000.0,338.21,0.251466,63484.1,0.2666,
NK225MWE  ,OOP,20260930,66250.0,            ,131406227,0000000.0000,0000000.0,3419.37,0.271279,141406227,0000000.0000,0000000.0,326.73,0.254871,63484.1,0.2666,
NK225MWE  ,OOP,20260930,66375.0,            ,131406327,0000000.0000,0000000.0,3521.1,0.270581,141406327,0000000.0000,0000000.0,303.51,0.253275,63484.1,0.2666,
NK225MWE  ,OOP,20260930,66500.0,            ,131406527,0000000.0000,0000000.0,3607.94,0.266511,141406527,0000000.0000,0000000.0,265.39,0.247663,63484.1,0.2666,
NK225MWE  ,OOP,20260930,66625.0,            ,131406627,0000000.0000,0000000.0,3727.85,0.271109,141406627,0000000.0000,0000000.0,260.35,0.251909,63484.1,0.2666,
NK225MWE  ,OOP,20260930,66750.0,            ,131406727,0000000.0000,0000000.0,3849.53,0.275612,141406727,0000000.0000,0000000.0,257.08,0.256724,63484.1,0.2666,
NK225MWE  ,OOP,20260930,66875.0,            ,131406827,0000000.0000,0000000.0,3953.78,0.275235,141406827,0000000.0000,0000000.0,236.37,0.25559,63484.1,0.2666,
NK225MWE  ,OOP,20260930,67000.0,            ,131407027,0000000.0000,0000000.0,4041.8,0.269443,141407027,0000000.0000,0000000.0,199.44,0.248036,63484.1,0.2666,
NK225MWE  ,OOP,20260930,67125.0,            ,131407127,0000000.0000,0000000.0,4153.85,0.269904,141407127,0000000.0000,0000000.0,186.53,0.248405,63484.1,0.2666,
NK225MWE  ,OOP,20260930,67250.0,            ,131407227,0000000.0000,0000000.0,4266.97,0.271899,141407227,0000000.0000,0000000.0,174.7,0.249276,63484.1,0.2666,
NK225MWE  ,OOP,20260930,67375.0,            ,131407327,0000000.0000,0000000.0,4380.6,0.273711,141407327,0000000.0000,0000000.0,163.38,0.249872,63484.1,0.2666,
NK225MWE  ,OOP,20260930,67500.0,            ,131407527,0000000.0000,0000000.0,4494.71,0.275333,141407527,0000000.0000,0000000.0,152.53,0.250173,63484.1,0.2666,
NK225MWE  ,OOP,20260930,67625.0,            ,131407627,0000000.0000,0000000.0,4607.82,0.274758,141407627,0000000.0000,0000000.0,140.69,0.250153,63484.1,0.2666,
NK225MWE  ,OOP,20260930,67750.0,            ,131407727,0000000.0000,0000000.0,4717.37,0.273816,141407727,0000000.0000,0000000.0,125.29,0.247787,63484.1,0.2666,
NK225MWE  ,OOP,20260930,67875.0,            ,131407827,0000000.0000,0000000.0,4830.17,0.274668,141407827,0000000.0000,0000000.0,113.14,0.246374,63484.1,0.2666,
NK225MWE  ,OOP,20260930,68000.0,            ,131408027,0000000.0000,0000000.0,4944.41,0.275277,141408027,0000000.0000,0000000.0,102.43,0.245568,63484.1,0.2666,
NK225MWE  ,OOP,20260930,68125.0,            ,131408127,0000000.0000,0000000.0,5063.76,0.277973,141408127,0000000.0000,0000000.0,96.81,0.246707,63484.1,0.2666,
NK225MWE  ,OOP,20260930,68250.0,            ,131408227,0000000.0000,0000000.0,5183.74,0.280554,141408227,0000000.0000,0000000.0,91.84,0.248853,63484.1,0.2666,
NK225MWE  ,OOP,20260930,68375.0,            ,131408327,0000000.0000,0000000.0,5304.15,0.28302,141408327,0000000.0000,0000000.0,87.3,0.25022,63484.1,0.2666,
NK225MWE  ,OOP,20260930,68500.0,            ,131408527,0000000.0000,0000000.0,5424.9,0.285366,141408527,0000000.0000,0000000.0,83.1,0.252053,63484.1,0.2666,
NK225MWE  ,OOP,20260930,68625.0,            ,131408627,0000000.0000,0000000.0,5543.17,0.287591,141408627,0000000.0000,0000000.0,76.41,0.252337,63484.1,0.2666,
NK225MWE  ,OOP,20260930,68750.0,            ,131408727,0000000.0000,0000000.0,5661.89,0.289691,141408727,0000000.0000,0000000.0,70.18,0.252315,63484.1,0.2666,
NK225MWE  ,OOP,20260930,68875.0,            ,131408827,0000000.0000,0000000.0,5781.39,0.288885,141408827,0000000.0000,0000000.0,64.72,0.25274,63484.1,0.2666,
NK225MWE  ,OOP,20260930,69000.0,            ,131409027,0000000.0000,0000000.0,5901.02,0.290634,141409027,0000000.0000,0000000.0,59.4,0.252045,63484.1,0.2666,
NK225MWE  ,OOP,20260930,69125.0,            ,131409127,0000000.0000,0000000.0,6020.87,0.292238,141409127,0000000.0000,0000000.0,54.3,0.251813,63484.1,0.2666,
NK225MWE  ,OOP,20260930,69250.0,            ,131409227,0000000.0000,0000000.0,6141.42,0.29675,141409227,0000000.0000,0000000.0,49.9,0.252165,63484.1,0.2666,
NK225MWE  ,OOP,20260930,69375.0,            ,131409327,0000000.0000,0000000.0,6262.22,0.298152,141409327,0000000.0000,0000000.0,45.75,0.252229,63484.1,0.2666,
NK225MWE  ,OOP,20261002,60500.0,            ,131400526,0000000.0000,0000000.0,613.6,0.306234,141400526,0000000.0000,0000000.0,3284.32,0.291943,63484.1,0.2666,
NK225MWE  ,OOP,20261002,60625.0,            ,131400626,0000000.0000,0000000.0,637.91,0.30417,141400626,0000000.0000,0000000.0,3183.7,0.290134,63484.1,0.2666,
NK225MWE  ,OOP,20261002,60750.0,            ,131400726,0000000.0000,0000000.0,661.75,0.301889,141400726,0000000.0000,0000000.0,3082.62,0.288091,63484.1,0.2666,
NK225MWE  ,OOP,20261002,60875.0,            ,131400826,0000000.0000,0000000.0,683.33,0.299396,141400826,0000000.0000,0000000.0,2979.28,0.284697,63484.1,0.2666,
NK225MWE  ,OOP,20261002,61000.0,            ,131401026,0000000.0000,0000000.0,688.05,0.292333,141401026,0000000.0000,0000000.0,2859.07,0.277793,63484.1,0.2666,
NK225MWE  ,OOP,20261002,61125.0,            ,131401126,0000000.0000,0000000.0,690.04,0.2841,141401126,0000000.0000,0000000.0,2736.15,0.270796,63484.1,0.2666,
NK225MWE  ,OOP,20261002,61250.0,            ,131401226,0000000.0000,0000000.0,785.87,0.295929,141401226,0000000.0000,0000000.0,2707.05,0.283003,63484.1,0.2666,
NK225MWE  ,OOP,20261002,61375.0,            ,131401326,0000000.0000,0000000.0,834.49,0.297706,141401326,0000000.0000,0000000.0,2630.75,0.284994,63484.1,0.2666,
NK225MWE  ,OOP,20261002,61500.0,            ,131401526,0000000.0000,0000000.0,835.71,0.289956,141401526,0000000.0000,0000000.0,2507.05,0.276327,63484.1,0.2666,
NK225MWE  ,OOP,20261002,61625.0,            ,131401626,0000000.0000,0000000.0,866.55,0.287149,141401626,0000000.0000,0000000.0,2412.97,0.274704,63484.1,0.2666,
NK225MWE  ,OOP,20261002,61750.0,            ,131401726,0000000.0000,0000000.0,891.86,0.283115,141401726,0000000.0000,0000000.0,2313.36,0.270804,63484.1,0.2666,
NK225MWE  ,OOP,20261002,61875.0,            ,131401826,0000000.0000,0000000.0,925.05,0.280845,141401826,0000000.0000,0000000.0,2221.63,0.26867,63484.1,0.2666,
NK225MWE  ,OOP,20261002,62000.0,            ,131402026,0000000.0000,0000000.0,1025.81,0.290972,141402026,0000000.0000,0000000.0,2197.46,0.278973,63484.1,0.2666,
NK225MWE  ,OOP,20261002,62125.0,            ,131402126,0000000.0000,0000000.0,1053.05,0.287107,141402126,0000000.0000,0000000.0,2099.78,0.275205,63484.1,0.2666,
NK225MWE  ,OOP,20261002,62250.0,            ,131402226,0000000.0000,0000000.0,1051.26,0.277284,141402226,0000000.0000,0000000.0,1973.07,0.265455,63484.1,0.2666,
NK225MWE  ,OOP,20261002,62375.0,            ,131402326,0000000.0000,0000000.0,1150.26,0.286257,141402326,0000000.0000,0000000.0,1947.15,0.274537,63484.1,0.2666,
NK225MWE  ,OOP,20261002,62500.0,            ,131402526,0000000.0000,0000000.0,1164.26,0.278816,141402526,0000000.0000,0000000.0,1836.23,0.267158,63484.1,0.2666,
NK225MWE  ,OOP,20261002,62625.0,            ,131402626,0000000.0000,0000000.0,1218.55,0.27864,141402626,0000000.0000,0000000.0,1765.6,0.267044,63484.1,0.2666,
NK225MWE  ,OOP,20261002,62750.0,            ,131402726,0000000.0000,0000000.0,1269.71,0.277231,141402726,0000000.0000,0000000.0,1691.84,0.265683,63484.1,0.2666,
NK225MWE  ,OOP,20261002,62875.0,            ,131402826,0000000.0000,0000000.0,1328.26,0.27738,141402826,0000000.0000,0000000.0,1625.46,0.265867,63484.1,0.2666,
NK225MWE  ,OOP,20261002,63000.0,            ,131403026,0000000.0000,0000000.0,1380.52,0.2763,141403026,0000000.0000,0000000.0,1552.8,0.263886,63484.1,0.2666,
NK225MWE  ,OOP,20261002,63125.0,            ,131403126,0000000.0000,0000000.0,1441.24,0.275841,141403126,0000000.0000,0000000.0,1488.6,0.264358,63484.1,0.2666,
NK225MWE  ,OOP,20261002,63250.0,            ,131403226,0000000.0000,0000000.0,1498.81,0.275079,141403226,0000000.0000,0000000.0,1421.25,0.263591,63484.1,0.2666,
NK225MWE  ,OOP,20261002,63375.0,            ,131403326,0000000.0000,0000000.0,1555.36,0.273092,141403326,0000000.0000,0000000.0,1352.88,0.261586,63484.1,0.2666,
NK225MWE  ,OOP,20261002,63500.0,            ,131403526,0000000.0000,0000000.0,1623.53,0.27356,141403526,0000000.0000,0000000.0,1296.13,0.262023,63484.1,0.2666,
NK225MWE  ,OOP,20261002,63625.0,            ,131403626,0000000.0000,0000000.0,1681.26,0.271878,141403626,0000000.0000,0000000.0,1228.93,0.260294,63484.1,0.2666,
NK225MWE  ,OOP,20261002,63750.0,            ,131403726,0000000.0000,0000000.0,1757.2,0.27266,141403726,0000000.0000,0000000.0,1179.95,0.261017,63484.1,0.2666,
NK225MWE  ,OOP,20261002,63875.0,            ,131403826,0000000.0000,0000000.0,1819.73,0.271282,141403826,0000000.0000,0000000.0,1117.57,0.259564,63484.1,0.2666,
NK225MWE  ,OOP,20261002,64000.0,            ,131404026,0000000.0000,0000000.0,1911.12,0.274268,141404026,0000000.0000,0000000.0,1084.03,0.26247,63484.1,0.2666,
NK225MWE  ,OOP,20261002,64125.0,            ,131404126,0000000.0000,0000000.0,1999.72,0.276991,141404126,0000000.0000,0000000.0,1047.72,0.2651,63484.1,0.2666,
NK225MWE  ,OOP,20261002,64250.0,            ,131404226,0000000.0000,0000000.0,2073.88,0.276606,141404226,0000000.0000,0000000.0,996.95,0.264602,63484.1,0.2666,
NK225MWE  ,OOP,20261002,64375.0,            ,131404326,0000000.0000,0000000.0,2149.58,0.275918,141404326,0000000.0000,0000000.0,947.73,0.263784,63484.1,0.2666,
NK225MWE  ,OOP,20261002,64500.0,            ,131404526,0000000.0000,0000000.0,2209.51,0.272014,141404526,0000000.0000,0000000.0,882.74,0.259714,63484.1,0.2666,
NK225MWE  ,OOP,20261002,64625.0,            ,131404626,0000000.0000,0000000.0,2308.92,0.275564,141404626,0000000.0000,0000000.0,857.23,0.264113,63484.1,0.2666,
NK225MWE  ,OOP,20261002,64750.0,            ,131404726,0000000.0000,0000000.0,2389.4,0.275927,141404726,0000000.0000,0000000.0,812.79,0.26332,63484.1,0.2666,
NK225MWE  ,OOP,20261002,64875.0,            ,131404826,0000000.0000,0000000.0,2470.82,0.275002,141404826,0000000.0000,0000000.0,769.28,0.262195,63484.1,0.2666,
NK225MWE  ,OOP,20261002,65000.0,            ,131405026,0000000.0000,0000000.0,2551.09,0.273756,141405026,0000000.0000,0000000.0,724.63,0.260726,63484.1,0.2666,
NK225MWE  ,OOP,20261002,65125.0,            ,131405126,0000000.0000,0000000.0,2639.22,0.274248,141405126,0000000.0000,0000000.0,687.84,0.260996,63484.1,0.2666,
NK225MWE  ,OOP,20261002,65250.0,            ,131405226,0000000.0000,0000000.0,2708.43,0.270248,141405226,0000000.0000,0000000.0,632.13,0.256683,63484.1,0.2666,
NK225MWE  ,OOP,20261002,65375.0,            ,131405326,0000000.0000,0000000.0,2791.94,0.269026,141405326,0000000.0000,0000000.0,590.72,0.255161,63484.1,0.2666,
NK225MWE  ,OOP,20261002,65500.0,            ,131405526,0000000.0000,0000000.0,2880.56,0.268558,141405526,0000000.0000,0000000.0,554.42,0.254379,63484.1,0.2666,
NK225MWE  ,OOP,20261002,65625.0,            ,131405626,0000000.0000,0000000.0,2967.3,0.26665,141405626,0000000.0000,0000000.0,516.23,0.253247,63484.1,0.2666,
NK225MWE  ,OOP,20261002,65750.0,            ,131405726,0000000.0000,0000000.0,3053.15,0.265506,141405726,0000000.0000,0000000.0,477.16,0.250558,63484.1,0.2666,
NK225MWE  ,OOP,20261002,65875.0,            ,131405826,0000000.0000,0000000.0,3158.04,0.267539,141405826,0000000.0000,0000000.0,457.13,0.252268,63484.1,0.2666,
NK225MWE  ,OOP,20261002,66000.0,            ,131406026,0000000.0000,0000000.0,3231.99,0.262132,141406026,0000000.0000,0000000.0,406.16,0.246239,63484.1,0.2666,
NK225MWE  ,OOP,20261002,66125.0,            ,131406126,0000000.0000,0000000.0,3357.33,0.268528,141406126,0000000.0000,0000000.0,406.59,0.252445,63484.1,0.2666,
NK225MWE  ,OOP,20261002,66250.0,            ,131406226,0000000.0000,0000000.0,3458.35,0.268616,141406226,0000000.0000,0000000.0,382.68,0.253381,63484.1,0.2666,
NK225MWE  ,OOP,20261002,66375.0,            ,131406326,0000000.0000,0000000.0,3558.47,0.268416,141406326,0000000.0000,0000000.0,357.88,0.252709,63484.1,0.2666,
NK225MWE  ,OOP,20261002,66500.0,            ,131406526,0000000.0000,0000000.0,3645.01,0.265242,141406526,0000000.0000,0000000.0,319.5,0.247444,63484.1,0.2666,
NK225MWE  ,OOP,20261002,66625.0,            ,131406626,0000000.0000,0000000.0,3760.6,0.268458,141406626,0000000.0000,0000000.0,310.17,0.25027,63484.1,0.2666,
NK225MWE  ,OOP,20261002,66750.0,            ,131406726,0000000.0000,0000000.0,3878.98,0.272933,141406726,0000000.0000,0000000.0,303.63,0.254136,63484.1,0.2666,
NK225MWE  ,OOP,20261002,66875.0,            ,131406826,0000000.0000,0000000.0,3981.59,0.271643,141406826,0000000.0000,0000000.0,281.31,0.253023,63484.1,0.2666,
NK225MWE  ,OOP,20261002,67000.0,            ,131407026,0000000.0000,0000000.0,4070.03,0.266988,141407026,0000000.0000,0000000.0,244.83,0.247294,63484.1,0.2666,
NK225MWE  ,OOP,20261002,67125.0,            ,131407126,0000000.0000,0000000.0,4179.82,0.267911,141407126,0000000.0000,0000000.0,229.7,0.247538,63484.1,0.2666,
NK225MWE  ,OOP,20261002,67250.0,            ,131407226,0000000.0000,0000000.0,4290.96,0.270197,141407226,0000000.0000,0000000.0,215.92,0.247844,63484.1,0.2666,
NK225MWE  ,OOP,20261002,67375.0,            ,131407326,0000000.0000,0000000.0,4402.53,0.270704,141407326,0000000.0000,0000000.0,202.57,0.248597,63484.1,0.2666,
NK225MWE  ,OOP,20261002,67500.0,            ,131407526,0000000.0000,0000000.0,4514.53,0.270964,141407526,0000000.0000,0000000.0,189.65,0.24872,63484.1,0.2666,
NK225MWE  ,OOP,20261002,67625.0,            ,131407626,0000000.0000,0000000.0,4627.56,0.272706,141407626,0000000.0000,0000000.0,177.76,0.24934,63484.1,0.2666,
NK225MWE  ,OOP,20261002,67750.0,            ,131407726,0000000.0000,0000000.0,4734.02,0.272489,141407726,0000000.0000,0000000.0,159.29,0.246787,63484.1,0.2666,
NK225MWE  ,OOP,20261002,67875.0,            ,131407826,0000000.0000,0000000.0,4845.22,0.271976,141407826,0000000.0000,0000000.0,145.58,0.245419,63484.1,0.2666,
NK225MWE  ,OOP,20261002,68000.0,            ,131408026,0000000.0000,0000000.0,4958.22,0.273089,141408026,0000000.0000,0000000.0,133.65,0.244998,63484.1,0.2666,
NK225MWE  ,OOP,20261002,68125.0,            ,131408126,0000000.0000,0000000.0,5075.51,0.274007,141408126,0000000.0000,0000000.0,126.02,0.245695,63484.1,0.2666,
NK225MWE  ,OOP,20261002,68250.0,            ,131408226,0000000.0000,0000000.0,5193.75,0.27678,141408226,0000000.0000,0000000.0,119.34,0.247167,63484.1,0.2666,
NK225MWE  ,OOP,20261002,68375.0,            ,131408326,0000000.0000,0000000.0,5312.61,0.27946,141408326,0000000.0000,0000000.0,113.28,0.248466,63484.1,0.2666,
NK225MWE  ,OOP,20261002,68500.0,            ,131408526,0000000.0000,0000000.0,5431.93,0.279888,141408526,0000000.0000,0000000.0,107.68,0.250129,63484.1,0.2666,
NK225MWE  ,OOP,20261002,68625.0,            ,131408626,0000000.0000,0000000.0,5548.82,0.282325,141408626,0000000.0000,0000000.0,99.64,0.249935,63484.1,0.2666,
NK225MWE  ,OOP,20261002,68750.0,            ,131408726,0000000.0000,0000000.0,5666.19,0.282367,141408726,0000000.0000,0000000.0,92.09,0.250024,63484.1,0.2666,
NK225MWE  ,OOP,20261002,68875.0,            ,131408826,0000000.0000,0000000.0,5784.63,0.284543,141408826,0000000.0000,0000000.0,85.62,0.249823,63484.1,0.2666,
NK225MWE  ,OOP,20261002,69000.0,            ,131409026,0000000.0000,0000000.0,5903.06,0.286611,141409026,0000000.0000,0000000.0,79.12,0.249972,63484.1,0.2666,
NK225MWE  ,OOP,20261002,69125.0,            ,131409126,0000000.0000,0000000.0,6021.61,0.28857,141409126,0000000.0000,0000000.0,72.74,0.24984,63484.1,0.2666,
NK225MWE  ,OOP,20261002,69250.0,            ,131409226,0000000.0000,0000000.0,6141.16,0.290416,141409226,0000000.0000,0000000.0,67.38,0.250146,63484.1,0.2666,
NK225MWE  ,OOP,20261002,69375.0,            ,131409326,0000000.0000,0000000.0,6260.95,0.292144,141409326,0000000.0000,0000000.0,62.25,0.250191,63484.1,0.2666,
NK225MWE  ,OOP,20261007,60500.0,            ,131410527,0000000.0000,0000000.0,767.54,0.300881,141410527,0000000.0000,0000000.0,3449.44,0.289621,63484.1,0.2666,
NK225MWE  ,OOP,20261007,60625.0,            ,131410627,0000000.0000,0000000.0,797.49,0.29954,141410627,0000000.0000,0000000.0,3354.49,0.289421,63484.1,0.2666,
NK225MWE  ,OOP,20261007,60750.0,            ,131410727,0000000.0000,0000000.0,825.58,0.298009,141410727,0000000.0000,0000000.0,3257.69,0.287063,63484.1,0.2666,
NK225MWE  ,OOP,20261007,60875.0,            ,131410827,0000000.0000,0000000.0,859.92,0.297232,141410827,0000000.0000,0000000.0,3167.13,0.286436,63484.1,0.2666,
NK225MWE  ,OOP,20261007,61000.0,            ,131411027,0000000.0000,0000000.0,886.33,0.294393,141411027,0000000.0000,0000000.0,3068.64,0.284655,63484.1,0.2666,
NK225MWE  ,OOP,20261007,61125.0,            ,131411127,0000000.0000,0000000.0,908.75,0.291397,141411127,0000000.0000,0000000.0,2966.16,0.280839,63484.1,0.2666,
NK225MWE  ,OOP,20261007,61250.0,            ,131411227,0000000.0000,0000000.0,959.23,0.292762,141411227,0000000.0000,0000000.0,2891.74,0.282346,63484.1,0.2666,
NK225MWE  ,OOP,20261007,61375.0,            ,131411327,0000000.0000,0000000.0,1003.93,0.292967,141411327,0000000.0000,0000000.0,2811.55,0.283568,63484.1,0.2666,
NK225MWE  ,OOP,20261007,61500.0,            ,131411527,0000000.0000,0000000.0,1027.8,0.289412,141411527,0000000.0000,0000000.0,2710.52,0.279208,63484.1,0.2666,
NK225MWE  ,OOP,20261007,61625.0,            ,131411627,0000000.0000,0000000.0,1069.97,0.288317,141411627,0000000.0000,0000000.0,2627.79,0.279086,63484.1,0.2666,
NK225MWE  ,OOP,20261007,61750.0,            ,131411727,0000000.0000,0000000.0,1100.1,0.285284,141411727,0000000.0000,0000000.0,2533.03,0.276127,63484.1,0.2666,
NK225MWE  ,OOP,20261007,61875.0,            ,131411827,0000000.0000,0000000.0,1144.73,0.284641,141411827,0000000.0000,0000000.0,2452.75,0.275559,63484.1,0.2666,
NK225MWE  ,OOP,20261007,62000.0,            ,131412027,0000000.0000,0000000.0,1201.3,0.286317,141412027,0000000.0000,0000000.0,2384.43,0.277307,63484.1,0.2666,
NK225MWE  ,OOP,20261007,62125.0,            ,131412127,0000000.0000,0000000.0,1243.91,0.285209,141412127,0000000.0000,0000000.0,2302.14,0.275416,63484.1,0.2666,
NK225MWE  ,OOP,20261007,62250.0,            ,131412227,0000000.0000,0000000.0,1271.87,0.280549,141412227,0000000.0000,0000000.0,2205.21,0.271642,63484.1,0.2666,
NK225MWE  ,OOP,20261007,62375.0,            ,131412327,0000000.0000,0000000.0,1343.02,0.284003,141412327,0000000.0000,0000000.0,2151.45,0.274317,63484.1,0.2666,
NK225MWE  ,OOP,20261007,62500.0,            ,131412527,0000000.0000,0000000.0,1370.99,0.278944,141412527,0000000.0000,0000000.0,2054.53,0.270119,63484.1,0.2666,
NK225MWE  ,OOP,20261007,62625.0,            ,131412627,0000000.0000,0000000.0,1427.45,0.27944,141412627,0000000.0000,0000000.0,1986.08,0.270646,63484.1,0.2666,
NK225MWE  ,OOP,20261007,62750.0,            ,131412727,0000000.0000,0000000.0,1476.01,0.278064,141412727,0000000.0000,0000000.0,1909.75,0.268476,63484.1,0.2666,
NK225MWE  ,OOP,20261007,62875.0,            ,131412827,0000000.0000,0000000.0,1537.2,0.278089,141412827,0000000.0000,0000000.0,1846.04,0.269332,63484.1,0.2666,
NK225MWE  ,OOP,20261007,63000.0,            ,131413027,0000000.0000,0000000.0,1584.34,0.275445,141413027,0000000.0000,0000000.0,1768.28,0.266695,63484.1,0.2666,
NK225MWE  ,OOP,20261007,63125.0,            ,131413127,0000000.0000,0000000.0,1646.15,0.275815,141413127,0000000.0000,0000000.0,1705.2,0.267065,63484.1,0.2666,
NK225MWE  ,OOP,20261007,63250.0,            ,131413227,0000000.0000,0000000.0,1700.03,0.274331,141413227,0000000.0000,0000000.0,1634.17,0.265573,63484.1,0.2666,
NK225MWE  ,OOP,20261007,63375.0,            ,131413327,0000000.0000,0000000.0,1750.07,0.271803,141413327,0000000.0000,0000000.0,1559.32,0.26303,63484.1,0.2666,
NK225MWE  ,OOP,20261007,63500.0,            ,131413527,0000000.0000,0000000.0,1820.96,0.272274,141413527,0000000.0000,0000000.0,1505.31,0.263477,63484.1,0.2666,
NK225MWE  ,OOP,20261007,63625.0,            ,131413627,0000000.0000,0000000.0,1869.61,0.269267,141413627,0000000.0000,0000000.0,1429.06,0.260437,63484.1,0.2666,
NK225MWE  ,OOP,20261007,63750.0,            ,131413727,0000000.0000,0000000.0,1949.79,0.270885,141413727,0000000.0000,0000000.0,1384.34,0.262015,63484.1,0.2666,
NK225MWE  ,OOP,20261007,63875.0,            ,131413827,0000000.0000,0000000.0,2001.63,0.268198,141413827,0000000.0000,0000000.0,1311.28,0.259278,63484.1,0.2666,
NK225MWE  ,OOP,20261007,64000.0,            ,131414027,0000000.0000,0000000.0,2086.79,0.270167,141414027,0000000.0000,0000000.0,1271.55,0.261192,63484.1,0.2666,
NK225MWE  ,OOP,20261007,64125.0,            ,131414127,0000000.0000,0000000.0,2159.06,0.270273,141414127,0000000.0000,0000000.0,1218.92,0.261233,63484.1,0.2666,
NK225MWE  ,OOP,20261007,64250.0,            ,131414227,0000000.0000,0000000.0,2235.12,0.270145,141414227,0000000.0000,0000000.0,1170.08,0.261031,63484.1,0.2666,
NK225MWE  ,OOP,20261007,64375.0,            ,131414327,0000000.0000,0000000.0,2301.4,0.268114,141414327,0000000.0000,0000000.0,1111.47,0.259748,63484.1,0.2666,
NK225MWE  ,OOP,20261007,64500.0,            ,131414527,0000000.0000,0000000.0,2374.4,0.267498,141414527,0000000.0000,0000000.0,1059.56,0.258201,63484.1,0.2666,
NK225MWE  ,OOP,20261007,64625.0,            ,131414627,0000000.0000,0000000.0,2453.56,0.267485,141414627,0000000.0000,0000000.0,1013.83,0.258086,63484.1,0.2666,
NK225MWE  ,OOP,20261007,64750.0,            ,131414727,0000000.0000,0000000.0,2533.27,0.267238,141414727,0000000.0000,0000000.0,968.64,0.257726,63484.1,0.2666,
NK225MWE  ,OOP,20261007,64875.0,            ,131414827,0000000.0000,0000000.0,2609.85,0.266752,141414827,0000000.0000,0000000.0,920.32,0.257115,63484.1,0.2666,
NK225MWE  ,OOP,20261007,65000.0,            ,131415027,0000000.0000,0000000.0,2692.82,0.266022,141415027,0000000.0000,0000000.0,878.39,0.257129,63484.1,0.2666,
NK225MWE  ,OOP,20261007,65125.0,            ,131415127,0000000.0000,0000000.0,2769.86,0.26504,141415127,0000000.0000,0000000.0,830.53,0.255113,63484.1,0.2666,
NK225MWE  ,OOP,20261007,65250.0,            ,131415227,0000000.0000,0000000.0,2854.13,0.264698,141415227,0000000.0000,0000000.0,789.9,0.254611,63484.1,0.2666,
NK225MWE  ,OOP,20261007,65375.0,            ,131415327,0000000.0000,0000000.0,2934.64,0.2632,141415327,0000000.0000,0000000.0,745.52,0.252927,63484.1,0.2666,
NK225MWE  ,OOP,20261007,65500.0,            ,131415527,0000000.0000,0000000.0,3023.61,0.263278,141415527,0000000.0000,0000000.0,709.59,0.252823,63484.1,0.2666,
NK225MWE  ,OOP,20261007,65625.0,            ,131415627,0000000.0000,0000000.0,3106.82,0.262182,141415627,0000000.0000,0000000.0,667.9,0.251515,63484.1,0.2666,
NK225MWE  ,OOP,20261007,65750.0,            ,131415727,0000000.0000,0000000.0,3196.42,0.261775,141415727,0000000.0000,0000000.0,632.6,0.250889,63484.1,0.2666,
NK225MWE  ,OOP,20261007,65875.0,            ,131415827,0000000.0000,0000000.0,3289.19,0.26112,141415827,0000000.0000,0000000.0,600.47,0.250992,63484.1,0.2666,
NK225MWE  ,OOP,20261007,66000.0,            ,131416027,0000000.0000,0000000.0,3374.5,0.260206,141416027,0000000.0000,0000000.0,560.88,0.248818,63484.1,0.2666,
NK225MWE  ,OOP,20261007,66125.0,            ,131416127,0000000.0000,0000000.0,3477.79,0.26106,141416127,0000000.0000,0000000.0,539.28,0.250472,63484.1,0.2666,
NK225MWE  ,OOP,20261007,66250.0,            ,131416227,0000000.0000,0000000.0,3572.55,0.260678,141416227,0000000.0000,0000000.0,509.14,0.249828,63484.1,0.2666,
NK225MWE  ,OOP,20261007,66375.0,            ,131416327,0000000.0000,0000000.0,3670.31,0.261109,141416327,0000000.0000,0000000.0,482.0,0.250001,63484.1,0.2666,
NK225MWE  ,OOP,20261007,66500.0,            ,131416527,0000000.0000,0000000.0,3761.5,0.259156,141416527,0000000.0000,0000000.0,448.29,0.247702,63484.1,0.2666,
NK225MWE  ,OOP,20261007,66625.0,            ,131416627,0000000.0000,0000000.0,3863.08,0.260219,141416627,0000000.0000,0000000.0,424.97,0.247339,63484.1,0.2666,
NK225MWE  ,OOP,20261007,66750.0,            ,131416727,0000000.0000,0000000.0,3970.65,0.2611,141416727,0000000.0000,0000000.0,407.64,0.249078,63484.1,0.2666,
NK225MWE  ,OOP,20261007,66875.0,            ,131416827,0000000.0000,0000000.0,4070.88,0.260631,141416827,0000000.0000,0000000.0,382.97,0.248246,63484.1,0.2666,
NK225MWE  ,OOP,20261007,67000.0,            ,131417027,0000000.0000,0000000.0,4167.53,0.259909,141417027,0000000.0000,0000000.0,354.73,0.247123,63484.1,0.2666,
NK225MWE  ,OOP,20261007,67125.0,            ,131417127,0000000.0000,0000000.0,4271.95,0.26015,141417127,0000000.0000,0000000.0,334.25,0.246981,63484.1,0.2666,
NK225MWE  ,OOP,20261007,67250.0,            ,131417227,0000000.0000,0000000.0,4378.52,0.260177,141417227,0000000.0000,0000000.0,315.92,0.246589,63484.1,0.2666,
NK225MWE  ,OOP,20261007,67375.0,            ,131417327,0000000.0000,0000000.0,4485.23,0.261275,141417327,0000000.0000,0000000.0,297.74,0.245932,63484.1,0.2666,
NK225MWE  ,OOP,20261007,67500.0,            ,131417527,0000000.0000,0000000.0,4592.1,0.260878,141417527,0000000.0000,0000000.0,279.71,0.245561,63484.1,0.2666,
NK225MWE  ,OOP,20261007,67625.0,            ,131417627,0000000.0000,0000000.0,4707.87,0.262969,141417627,0000000.0000,0000000.0,270.58,0.247861,63484.1,0.2666,
NK225MWE  ,OOP,20261007,67750.0,            ,131417727,0000000.0000,0000000.0,4807.0,0.260739,141417727,0000000.0000,0000000.0,244.8,0.244612,63484.1,0.2666,
NK225MWE  ,OOP,20261007,67875.0,            ,131417827,0000000.0000,0000000.0,4915.77,0.261053,141417827,0000000.0000,0000000.0,228.68,0.244358,63484.1,0.2666,
NK225MWE  ,OOP,20261007,68000.0,            ,131418027,0000000.0000,0000000.0,5027.49,0.262663,141418027,0000000.0000,0000000.0,215.5,0.244505,63484.1,0.2666,
NK225MWE  ,OOP,20261007,68125.0,            ,131418127,0000000.0000,0000000.0,5138.64,0.26261,141418127,0000000.0000,0000000.0,201.76,0.244083,63484.1,0.2666,
NK225MWE  ,OOP,20261007,68250.0,            ,131418227,0000000.0000,0000000.0,5251.8,0.263921,141418227,0000000.0000,0000000.0,190.02,0.244459,63484.1,0.2666,
NK225MWE  ,OOP,20261007,68375.0,            ,131418327,0000000.0000,0000000.0,5366.18,0.263463,141418327,0000000.0000,0000000.0,179.5,0.244995,63484.1,0.2666,
NK225MWE  ,OOP,20261007,68500.0,            ,131418527,0000000.0000,0000000.0,5481.38,0.266124,141418527,0000000.0000,0000000.0,169.8,0.245338,63484.1,0.2666,
NK225MWE  ,OOP,20261007,68625.0,            ,131418627,0000000.0000,0000000.0,5595.28,0.265279,141418627,0000000.0000,0000000.0,158.8,0.245077,63484.1,0.2666,
NK225MWE  ,OOP,20261007,68750.0,            ,131418727,0000000.0000,0000000.0,5709.67,0.265952,141418727,0000000.0000,0000000.0,148.3,0.244975,63484.1,0.2666,
NK225MWE  ,OOP,20261007,68875.0,            ,131418827,0000000.0000,0000000.0,5826.11,0.268296,141418827,0000000.0000,0000000.0,139.84,0.245495,63484.1,0.2666,
NK225MWE  ,OOP,20261007,69000.0,            ,131419027,0000000.0000,0000000.0,5941.89,0.268688,141419027,0000000.0000,0000000.0,130.71,0.245378,63484.1,0.2666,
NK225MWE  ,OOP,20261007,69125.0,            ,131419127,0000000.0000,0000000.0,6057.38,0.268898,141419127,0000000.0000,0000000.0,121.31,0.245017,63484.1,0.2666,
NK225MWE  ,OOP,20261007,69250.0,            ,131419227,0000000.0000,0000000.0,6174.89,0.270927,141419227,0000000.0000,0000000.0,113.92,0.245378,63484.1,0.2666,
NK225MWE  ,OOP,20261007,69375.0,            ,131419327,0000000.0000,0000000.0,6292.49,0.270815,141419327,0000000.0000,0000000.0,106.63,0.245541,63484.1,0.2666,
NK225MWE  ,OOP,20261009,58375.0,            ,181418326,0000420.0000,0000000.0,444.93,0.321936,191418326,0000000.0000,0000000.0,5254.42,0.319502,63484.1,0.2666,
NK225MWE  ,OOP,20261009,58500.0,            ,181418526,0000465.0000,0000000.0,465.0,0.318733,191418526,0005300.0000,0000000.0,5144.45,0.317574,63484.1,0.2666,
NK225MWE  ,OOP,20261009,58625.0,            ,181418626,0000000.0000,0000000.0,477.26,0.317241,191418626,0000000.0000,0000000.0,5036.97,0.315521,63484.1,0.2666,
NK225MWE  ,OOP,20261009,58750.0,            ,181418726,0000410.0000,0000000.0,498.58,0.315717,191418726,0000000.0000,0000000.0,4927.0,0.313343,63484.1,0.2666,
NK225MWE  ,OOP,20261009,58875.0,            ,181418826,0000485.0000,0000000.0,512.08,0.313893,191418826,0000000.0000,0000000.0,4822.01,0.312233,63484.1,0.2666,
NK225MWE  ,OOP,20261009,59000.0,            ,181419026,0000515.0000,0000000.0,501.12,0.313283,191419026,0000000.0000,0000000.0,4714.53,0.310957,63484.1,0.2666,
NK225MWE  ,OOP,20261009,59125.0,            ,181419126,0000000.0000,0000000.0,554.37,0.312958,191419126,0000000.0000,0000000.0,4614.53,0.310659,63484.1,0.2666,
NK225MWE  ,OOP,20261009,59250.0,            ,181419226,0000510.0000,0000000.0,578.73,0.310219,191419226,0004150.0000,0000000.0,4507.05,0.309048,63484.1,0.2666,
NK225MWE  ,OOP,20261009,59375.0,            ,181419326,0000000.0000,0000000.0,591.67,0.307738,191419326,0000000.0000,0000000.0,4402.05,0.307289,63484.1,0.2666,
NK225MWE  ,OOP,20261009,59500.0,            ,181419526,0000625.0000,0000000.0,625.0,0.30763,191419526,0000000.0000,0000000.0,4299.56,0.305384,63484.1,0.2666,
NK225MWE  ,OOP,20261009,59625.0,            ,181419626,0000000.0000,0000000.0,638.95,0.306617,191419626,0000000.0000,0000000.0,4199.55,0.304391,63484.1,0.2666,
NK225MWE  ,OOP,20261009,59750.0,            ,181419726,0000575.0000,0000000.0,668.9,0.3044,191419726,0000000.0000,0000000.0,4094.56,0.302188,63484.1,0.2666,
NK225MWE  ,OOP,20261009,59875.0,            ,181419826,0000000.0000,0000000.0,691.21,0.303307,191419826,0000000.0000,0000000.0,4002.04,0.302894,63484.1,0.2666,
NK225MWE  ,OOP,20261009,60000.0,            ,181410026,0000720.0000,0000000.0,719.99,0.30255,191410026,0000000.0000,0000000.0,3897.04,0.300374,63484.1,0.2666,
NK225MWE  ,OOP,20261009,60125.0,            ,181410126,0000690.0000,0000000.0,743.47,0.301844,191410126,0000000.0000,0000000.0,3804.51,0.299684,63484.1,0.2666,
NK225MWE  ,OOP,20261009,60250.0,            ,181410226,0000770.0000,0000000.0,776.59,0.299026,191410226,0000000.0000,0000000.0,3699.51,0.296875,63484.1,0.2666,
NK225MWE  ,OOP,20261009,60375.0,            ,181410326,0000000.0000,0000000.0,795.72,0.297166,191410326,0000000.0000,0000000.0,3606.98,0.296789,63484.1,0.2666,
NK225MWE  ,OOP,20261009,60500.0,            ,181410526,0000805.0000,0000000.0,834.18,0.296746,191410526,0003420.0000,0000000.0,3509.47,0.294622,63484.1,0.2666,
NK225MWE  ,OOP,20261009,60625.0,            ,181410626,0000000.0000,0000000.0,855.45,0.294504,191410626,0000000.0000,0000000.0,3416.94,0.294146,63484.1,0.2666,
NK225MWE  ,OOP,20261009,60750.0,            ,181410726,0000945.0000,0000000.0,894.29,0.293758,191410726,0000000.0000,0000000.0,3348.07,0.292562,63484.1,0.2666,
NK225MWE  ,OOP,20261009,60875.0,            ,181410826,0000000.0000,0000000.0,922.67,0.293792,191410826,0000000.0000,0000000.0,3234.38,0.2917,63484.1,0.2666,
NK225MWE  ,OOP,20261009,61000.0,            ,181411026,0000960.0000,0000000.0,959.99,0.29361,191411026,0003035.0000,0000000.0,3153.18,0.289764,63484.1,0.2666,
NK225MWE  ,OOP,20261009,61125.0,            ,181411126,0000000.0000,0000000.0,994.87,0.291481,191411126,0003000.0000,0000000.0,3056.8,0.290274,63484.1,0.2666,
NK225MWE  ,OOP,20261009,61250.0,            ,181411226,0000955.0000,0000000.0,1037.01,0.289188,191411226,0002865.0000,0000000.0,2980.79,0.287116,63484.1,0.2666,
NK225MWE  ,OOP,20261009,61375.0,            ,181411326,0000000.0000,0000000.0,1074.57,0.288432,191411326,0000000.0000,0000000.0,2876.73,0.287216,63484.1,0.2666,
NK225MWE  ,OOP,20261009,61500.0,            ,181411526,0001060.0000,0000000.0,1114.63,0.286637,191411526,0002490.0000,0000000.0,2800.9,0.285415,63484.1,0.2666,
NK225MWE  ,OOP,20261009,61625.0,            ,181411626,0000000.0000,0000000.0,1149.69,0.286276,191411626,0000000.0000,0000000.0,2709.13,0.285099,63484.1,0.2666,
NK225MWE  ,OOP,20261009,61750.0,            ,181411726,0000000.0000,0000000.0,1199.75,0.28416,191411726,0000000.0000,0000000.0,2638.53,0.282925,63484.1,0.2666,
NK225MWE  ,OOP,20261009,61875.0,            ,131411826,0000000.0000,0000000.0,1234.81,0.284235,141411826,0000000.0000,0000000.0,2541.53,0.283024,63484.1,0.2666,
NK225MWE  ,OOP,20261009,62000.0,            ,131412026,0001285.0000,0000000.0,1284.99,0.283342,141412026,0002465.0000,0000000.0,2464.99,0.280474,63484.1,0.2666,
NK225MWE  ,OOP,20261009,62125.0,            ,131412126,0000000.0000,0000000.0,1334.94,0.281415,141412126,0000000.0000,0000000.0,2401.22,0.280158,63484.1,0.2666,
NK225MWE  ,OOP,20261009,62250.0,            ,131412226,0000000.0000,0000000.0,1375.01,0.279299,141412226,0000000.0000,0000000.0,2318.78,0.278033,63484.1,0.2666,
NK225MWE  ,OOP,20261009,62375.0,            ,131412326,0000000.0000,0000000.0,1422.57,0.280163,141412326,0000000.0000,0000000.0,2233.85,0.278888,63484.1,0.2666,
NK225MWE  ,OOP,20261009,62500.0,            ,131412526,0001390.0000,0000000.0,1470.14,0.27686,141412526,0002050.0000,0000000.0,2158.91,0.275574,63484.1,0.2666,
NK225MWE  ,OOP,20261009,62625.0,            ,131412626,0000000.0000,0000000.0,1522.71,0.276509,141412626,0000000.0000,0000000.0,2078.98,0.275212,63484.1,0.2666,
NK225MWE  ,OOP,20261009,62750.0,            ,131412726,0001340.0000,0000000.0,1570.27,0.275163,141412726,0001965.0000,0000000.0,2019.05,0.273854,63484.1,0.2666,
NK225MWE  ,OOP,20261009,62875.0,            ,131412826,0001535.0000,0000000.0,1617.84,0.27483,141412826,0002070.0000,0000000.0,1916.62,0.273843,63484.1,0.2666,
NK225MWE  ,OOP,20261009,63000.0,            ,131413026,0001820.0000,0000000.0,1680.41,0.272619,141413026,0001830.0000,0000000.0,1830.0,0.273613,63484.1,0.2666,
NK225MWE  ,OOP,20261009,63125.0,            ,131413126,0000000.0000,0000000.0,1725.48,0.272267,141413126,0000000.0000,0000000.0,1786.76,0.275491,63484.1,0.2666,
NK225MWE  ,OOP,20261009,63250.0,            ,131413226,0001750.0000,0000000.0,1783.05,0.270771,141413226,0001705.0000,0000000.0,1736.83,0.271728,63484.1,0.2666,
NK225MWE  ,OOP,20261009,63375.0,            ,131413326,0001735.0000,0000000.0,1843.13,0.26836,141413326,0001620.0000,0000000.0,1669.4,0.269299,63484.1,0.2666,
NK225MWE  ,OOP,20261009,63500.0,            ,131413526,0001870.0000,0000000.0,1905.7,0.268826,141413526,0001580.0000,0000000.0,1579.99,0.2651,63484.1,0.2666,
NK225MWE  ,OOP,20261009,63625.0,            ,131413626,0000000.0000,0000000.0,1965.77,0.265193,141413626,0000000.0000,0000000.0,1532.04,0.267652,63484.1,0.2666,
NK225MWE  ,OOP,20261009,63750.0,            ,131413726,0002120.0000,0000000.0,2030.84,0.267546,141413726,0001550.0000,0000000.0,1489.61,0.268438,63484.1,0.2666,
NK225MWE  ,OOP,20261009,63875.0,            ,131413826,0001830.0000,0000000.0,2112.07,0.263452,141413826,0000000.0000,0000000.0,1427.18,0.265889,63484.1,0.2666,
NK225MWE  ,OOP,20261009,64000.0,            ,131414026,0002085.0000,0000000.0,2160.99,0.265373,141414026,0001375.0000,0000000.0,1362.25,0.266236,63484.1,0.2666,
NK225MWE  ,OOP,20261009,64125.0,            ,131414126,0000000.0000,0000000.0,2246.05,0.263155,141414126,0001395.0000,0000000.0,1304.83,0.264792,63484.1,0.2666,
NK225MWE  ,OOP,20261009,64250.0,            ,131414226,0002620.0000,0000000.0,2337.71,0.263859,141414226,0001100.0000,0000000.0,1247.4,0.264697,63484.1,0.2666,
NK225MWE  ,OOP,20261009,64375.0,            ,131414326,0000000.0000,0000000.0,2342.3,0.261164,141414326,0000000.0000,0000000.0,1202.47,0.261193,63484.1,0.2666,
NK225MWE  ,OOP,20261009,64500.0,            ,131414526,0002215.0000,0000000.0,2438.77,0.261227,141414526,0001125.0000,0000000.0,1145.04,0.263041,63484.1,0.2666,
NK225MWE  ,OOP,20261009,64625.0,            ,131414626,0000000.0000,0000000.0,2503.61,0.259845,141414626,0000000.0000,0000000.0,1087.62,0.259838,63484.1,0.2666,
NK225MWE  ,OOP,20261009,64750.0,            ,131414726,0002855.0000,0000000.0,2603.91,0.259654,141414726,0000860.0000,0000000.0,1042.68,0.261264,63484.1,0.2666,
NK225MWE  ,OOP,20261009,64875.0,            ,131414826,0000000.0000,0000000.0,2658.01,0.258411,141414826,0000000.0000,0000000.0,1013.92,0.258367,63484.1,0.2666,
NK225MWE  ,OOP,20261009,65000.0,            ,131415026,0002405.0000,0000000.0,2756.55,0.258594,141415026,0000955.0000,0000000.0,954.99,0.259367,63484.1,0.2666,
NK225MWE  ,OOP,20261009,65125.0,            ,131415126,0000000.0000,0000000.0,2814.92,0.256866,141415126,0000000.0000,0000000.0,880.41,0.256784,63484.1,0.2666,
NK225MWE  ,OOP,20261009,65250.0,            ,131415226,0002775.0000,0000000.0,2929.19,0.257449,141415226,0000840.0000,0000000.0,865.46,0.258204,63484.1,0.2666,
NK225MWE  ,OOP,20261009,65375.0,            ,131415326,0000000.0000,0000000.0,2986.86,0.256087,141415326,0000000.0000,0000000.0,802.57,0.255963,63484.1,0.2666,
NK225MWE  ,OOP,20261009,65500.0,            ,131415526,0003450.0000,0000000.0,3076.58,0.256232,141415526,0000770.0000,0000000.0,785.6,0.257958,63484.1,0.2666,
NK225MWE  ,OOP,20261009,65625.0,            ,131415626,0000000.0000,0000000.0,3158.78,0.254365,141415626,0000000.0000,0000000.0,724.71,0.255096,63484.1,0.2666,
NK225MWE  ,OOP,20261009,65750.0,            ,131415726,0000000.0000,0000000.0,3251.01,0.254957,141415726,0000800.0000,0000000.0,708.23,0.255679,63484.1,0.2666,
NK225MWE  ,OOP,20261009,65875.0,            ,131415826,0000000.0000,0000000.0,3338.22,0.25349,141415826,0000000.0000,0000000.0,654.37,0.253275,63484.1,0.2666,
NK225MWE  ,OOP,20261009,66000.0,            ,131416026,0003700.0000,0000000.0,3430.45,0.253645,141416026,0000630.0000,0000000.0,630.0,0.254353,63484.1,0.2666,
NK225MWE  ,OOP,20261009,66125.0,            ,131416126,0000000.0000,0000000.0,3522.67,0.252619,141416126,0000000.0000,0000000.0,589.05,0.25332,63484.1,0.2666,
NK225MWE  ,OOP,20261009,66250.0,            ,131416226,0003870.0000,0000000.0,3614.9,0.25232,141416226,0000520.0000,0000000.0,575.97,0.253014,63484.1,0.2666,
NK225MWE  ,OOP,20261009,66375.0,            ,131416326,0000000.0000,0000000.0,3712.14,0.251789,141416326,0000000.0000,0000000.0,528.74,0.251465,63484.1,0.2666,
NK225MWE  ,OOP,20261009,66500.0,            ,131416526,0003825.0000,0000000.0,3806.88,0.251014,141416526,0000515.0000,0000000.0,516.09,0.251694,63484.1,0.2666,
NK225MWE  ,OOP,20261009,66625.0,            ,131416626,0000000.0000,0000000.0,3901.61,0.249984,141416626,0000000.0000,0000000.0,468.43,0.251715,63484.1,0.2666,
NK225MWE  ,OOP,20261009,66750.0,            ,131416726,0004220.0000,0000000.0,4003.86,0.250855,141416726,0000555.0000,0000000.0,461.2,0.251519,63484.1,0.2666,
NK225MWE  ,OOP,20261009,66875.0,            ,131416826,0000000.0000,0000000.0,4103.61,0.25044,141416826,0000400.0000,0000000.0,420.65,0.249985,63484.1,0.2666,
NK225MWE  ,OOP,20261009,67000.0,            ,131417026,0004300.0000,0000000.0,4205.86,0.249785,141417026,0000405.0000,0000000.0,405.0,0.250434,63484.1,0.2666,
NK225MWE  ,OOP,20261009,67125.0,            ,131417126,0000000.0000,0000000.0,4308.12,0.250049,141417126,0000000.0000,0000000.0,375.38,0.249518,63484.1,0.2666,
NK225MWE  ,OOP,20261009,67250.0,            ,131417226,0004525.0000,0000000.0,4455.52,0.250112,141417226,0000335.0000,0000000.0,368.91,0.249539,63484.1,0.2666,
NK225MWE  ,OOP,20261009,67375.0,            ,131417326,0000000.0000,0000000.0,4517.65,0.248721,141417326,0000000.0000,0000000.0,335.14,0.249345,63484.1,0.2666,
NK225MWE  ,OOP,20261009,67500.0,            ,131417526,0004710.0000,0000000.0,4622.41,0.248308,141417526,0000325.0000,0000000.0,329.0,0.248923,63484.1,0.2666,
NK225MWE  ,OOP,20261009,67625.0,            ,131417626,0000000.0000,0000000.0,4740.23,0.251593,141417626,0000000.0000,0000000.0,307.94,0.249037,63484.1,0.2666,
NK225MWE  ,OOP,20261009,67750.0,            ,131417726,0004865.0000,0000000.0,4836.46,0.248105,141417726,0000294.0000,0000000.0,291.59,0.248426,63484.1,0.2666,
NK225MWE  ,OOP,20261009,67875.0,            ,131417826,0000000.0000,0000000.0,4944.74,0.24837,141417826,0000000.0000,0000000.0,262.67,0.24698,63484.1,0.2666,
NK225MWE  ,OOP,20261009,68000.0,            ,131418026,0005410.0000,0000000.0,5056.54,0.248438,141418026,0000262.0000,0000000.0,259.17,0.247845,63484.1,0.2666,
NK225MWE  ,OOP,20261009,68125.0,            ,131418126,0000000.0000,0000000.0,5164.82,0.248297,141418126,0000000.0000,0000000.0,232.97,0.247047,63484.1,0.2666,
NK225MWE  ,OOP,20261009,68250.0,            ,131418226,0000000.0000,0000000.0,5322.12,0.247932,141418226,0000212.0000,0000000.0,228.75,0.247538,63484.1,0.2666,
NK225MWE  ,OOP,20261009,68375.0,            ,131418326,0000000.0000,0000000.0,5387.91,0.248933,141418326,0000000.0000,0000000.0,206.28,0.246882,63484.1,0.2666,
NK225MWE  ,OOP,20261009,68500.0,            ,131418526,0000000.0000,0000000.0,5553.0,0.248133,141418526,0000202.0000,0000000.0,201.99,0.247304,63484.1,0.2666,
NK225MWE  ,OOP,20261009,68625.0,            ,131418626,0000000.0000,0000000.0,5614.01,0.248784,141418626,0000000.0000,0000000.0,182.61,0.246502,63484.1,0.2666,
NK225MWE  ,OOP,20261009,68750.0,            ,131418726,0000000.0000,0000000.0,5778.27,0.249271,141418726,0000177.0000,0000000.0,176.99,0.246871,63484.1,0.2666,
NK225MWE  ,OOP,20261009,68875.0,            ,131418826,0000000.0000,0000000.0,5843.14,0.249585,141418826,0000000.0000,0000000.0,161.96,0.246306,63484.1,0.2666,
NK225MWE  ,OOP,20261009,69000.0,            ,131419026,0000000.0000,0000000.0,6008.5,0.249714,141419026,0000159.0000,0000000.0,158.99,0.247046,63484.1,0.2666,
NK225MWE  ,OOP,20261009,69125.0,            ,131419126,0000000.0000,0000000.0,6072.26,0.249645,141419126,0000000.0000,0000000.0,141.3,0.245192,63484.1,0.2666,
NK225MWE  ,OOP,20261009,69250.0,            ,131419226,0006405.0000,0000000.0,6189.08,0.249363,141419226,0000124.0000,0000000.0,139.0,0.246795,63484.1,0.2666,
NK225MWE  ,OOP,20261009,69375.0,            ,131419326,0000000.0000,0000000.0,6305.91,0.248849,141419326,0000000.0000,0000000.0,125.17,0.24478,63484.1,0.2666,
NK225MWE  ,OOP,20261009,69500.0,            ,131419526,0000000.0000,0000000.0,6473.91,0.250323,141419526,0000122.0000,0000000.0,122.0,0.246084,63484.1,0.2666,
NK225MWE  ,OOP,20261009,69625.0,            ,131419626,0000000.0000,0000000.0,6540.06,0.249391,141419626,0000000.0000,0000000.0,109.55,0.245359,63484.1,0.2666,
NK225MWE  ,OOP,20261009,69750.0,            ,131419726,0000000.0000,0000000.0,6658.9,0.250593,141419726,0000110.0000,0000000.0,110.0,0.246876,63484.1,0.2666,
NK225MWE  ,OOP,20261009,69875.0,            ,131419826,0000000.0000,0000000.0,6775.22,0.249173,141419826,0000000.0000,0000000.0,94.92,0.245173,63484.1,0.2666,
NK225MWE  ,OOP,20261009,70000.0,            ,131410026,0000000.0000,0000000.0,6944.64,0.250062,141410026,0000095.0000,0000000.0,95.0,0.246949,63484.1,0.2666,
NK225MWE  ,OOP,20261009,70125.0,            ,131410126,0000000.0000,0000000.0,7013.4,0.250822,141410126,0000000.0000,0000000.0,83.33,0.244268,63484.1,0.2666,
NK225MWE  ,OOP,20261009,70250.0,            ,131410226,0000000.0000,0000000.0,7134.25,0.251445,141410226,0000081.0000,0000000.0,83.18,0.247366,63484.1,0.2666,
NK225MWE  ,OOP,20261009,70375.0,            ,131410326,0000000.0000,0000000.0,7253.59,0.251923,141410326,0000100.0000,0000000.0,73.74,0.245727,63484.1,0.2666,
NK225MWE  ,OOP,20261009,70500.0,            ,131410526,0000000.0000,0000000.0,7374.94,0.252244,141410526,0000077.0000,0000000.0,73.21,0.247802,63484.1,0.2666,
NK225MWE  ,OOP,20261009,70625.0,            ,131410626,0000000.0000,0000000.0,7493.78,0.252396,141410626,0000000.0000,0000000.0,64.16,0.247522,63484.1,0.2666,
NK225MWE  ,OOP,20261009,70750.0,            ,131410726,0000000.0000,0000000.0,7616.15,0.252366,141410726,0000061.0000,0000000.0,64.24,0.247879,63484.1,0.2666,
NK225MWE  ,OOP,20261009,70875.0,            ,131410826,0000000.0000,0000000.0,7735.99,0.252134,141410826,0000000.0000,0000000.0,56.59,0.245487,63484.1,0.2666,
NK225MWE  ,OOP,20261009,71000.0,            ,131411026,0000000.0000,0000000.0,7858.35,0.255328,141411026,0000055.0000,0000000.0,55.81,0.248862,63484.1,0.2666,
NK225MWE  ,OOP,20261009,71125.0,            ,131411126,0000000.0000,0000000.0,7978.2,0.254837,141411126,0000050.0000,0000000.0,49.02,0.245375,63484.1,0.2666,
NK225MWE  ,OOP,20261009,71250.0,            ,131411226,0000000.0000,0000000.0,8102.07,0.257981,141411226,0000041.0000,0000000.0,49.79,0.248355,63484.1,0.2666,
NK225MWE  ,OOP,20261009,71375.0,            ,131411326,0000000.0000,0000000.0,8222.93,0.257204,141411326,0000000.0000,0000000.0,43.97,0.246804,63484.1,0.2666,
NK225MWE  ,OOP,20261009,71500.0,            ,131411526,0000000.0000,0000000.0,8344.79,0.256146,141411526,0000047.0000,0000000.0,43.81,0.248807,63484.1,0.2666,
NK225MWE  ,OOP,20261009,71625.0,            ,131411626,0000000.0000,0000000.0,8468.66,0.259203,141411626,0000000.0000,0000000.0,39.92,0.248699,63484.1,0.2666,
NK225MWE  ,OOP,20261009,71750.0,            ,131411726,0008840.0000,0000000.0,8589.01,0.257784,141411726,0000039.0000,0000000.0,38.83,0.247461,63484.1,0.2666,
NK225MWE  ,OOP,20261009,71875.0,            ,181411826,0000000.0000,0000000.0,8712.89,0.260793,191411826,0000000.0000,0000000.0,34.37,0.24849,63484.1,0.2666,
NK225MWE  ,OOP,20261009,72000.0,            ,181412026,0008770.0000,0000000.0,8834.75,0.258957,191412026,0000034.0000,0000000.0,33.85,0.249711,63484.1,0.2666,
NK225MWE  ,OOP,20261009,72125.0,            ,181412126,0000000.0000,0000000.0,8958.62,0.261918,191412126,0000000.0000,0000000.0,30.33,0.249288,63484.1,0.2666,
NK225MWE  ,OOP,20261009,72250.0,            ,181412226,0000000.0000,0000000.0,9080.48,0.259594,191412226,0000029.0000,0000000.0,29.87,0.249047,63484.1,0.2666,
NK225MWE  ,OOP,20261014,60500.0,            ,131420527,0000000.0000,0000000.0,974.56,0.298106,141420527,0000000.0000,0000000.0,3672.13,0.287737,63484.1,0.2666,
NK225MWE  ,OOP,20261014,60625.0,            ,131420627,0000000.0000,0000000.0,1007.97,0.297282,141420627,0000000.0000,0000000.0,3580.68,0.287028,63484.1,0.2666,
NK225MWE  ,OOP,20261014,60750.0,            ,131420727,0000000.0000,0000000.0,1041.48,0.295497,141420727,0000000.0000,0000000.0,3489.32,0.286154,63484.1,0.2666,
NK225MWE  ,OOP,20261014,60875.0,            ,131420827,0000000.0000,0000000.0,1080.45,0.295167,141420827,0000000.0000,0000000.0,3403.42,0.28592,63484.1,0.2666,
NK225MWE  ,OOP,20261014,61000.0,            ,131421027,0000000.0000,0000000.0,1108.28,0.293095,141421027,0000000.0000,0000000.0,3306.39,0.283926,63484.1,0.2666,
NK225MWE  ,OOP,20261014,61125.0,            ,131421127,0000000.0000,0000000.0,1155.41,0.294002,141421127,0000000.0000,0000000.0,3228.65,0.284142,63484.1,0.2666,
NK225MWE  ,OOP,20261014,61250.0,            ,131421227,0000000.0000,0000000.0,1184.26,0.290863,141421227,0000000.0000,0000000.0,3132.63,0.281849,63484.1,0.2666,
NK225MWE  ,OOP,20261014,61375.0,            ,131421327,0000000.0000,0000000.0,1227.07,0.290659,141421327,0000000.0000,0000000.0,3050.58,0.281718,63484.1,0.2666,
NK225MWE  ,OOP,20261014,61500.0,            ,131421527,0000000.0000,0000000.0,1262.87,0.28877,141421527,0000000.0000,0000000.0,2961.51,0.279889,63484.1,0.2666,
NK225MWE  ,OOP,20261014,61625.0,            ,131421627,0000000.0000,0000000.0,1311.65,0.288983,141421627,0000000.0000,0000000.0,2885.43,0.280166,63484.1,0.2666,
NK225MWE  ,OOP,20261014,61750.0,            ,131421727,0000000.0000,0000000.0,1346.09,0.286787,141421727,0000000.0000,0000000.0,2795.0,0.27802,63484.1,0.2666,
NK225MWE  ,OOP,20261014,61875.0,            ,131421827,0000000.0000,0000000.0,1395.53,0.286659,141421827,0000000.0000,0000000.0,2719.57,0.277943,63484.1,0.2666,
NK225MWE  ,OOP,20261014,62000.0,            ,131422027,0000000.0000,0000000.0,1431.62,0.284891,141422027,0000000.0000,0000000.0,2630.8,0.275483,63484.1,0.2666,
NK225MWE  ,OOP,20261014,62125.0,            ,131422127,0000000.0000,0000000.0,1483.04,0.284423,141422127,0000000.0000,0000000.0,2557.35,0.275788,63484.1,0.2666,
NK225MWE  ,OOP,20261014,62250.0,            ,131422227,0000000.0000,0000000.0,1526.0,0.28306,141422227,0000000.0000,0000000.0,2475.45,0.273733,63484.1,0.2666,
NK225MWE  ,OOP,20261014,62375.0,            ,131422327,0000000.0000,0000000.0,1583.0,0.282973,141422327,0000000.0000,0000000.0,2407.58,0.274399,63484.1,0.2666,
NK225MWE  ,OOP,20261014,62500.0,            ,131422527,0000000.0000,0000000.0,1619.63,0.280561,141422527,0000000.0000,0000000.0,2319.35,0.271293,63484.1,0.2666,
NK225MWE  ,OOP,20261014,62625.0,            ,131422627,0000000.0000,0000000.0,1676.61,0.280131,141422627,0000000.0000,0000000.0,2251.46,0.271596,63484.1,0.2666,
NK225MWE  ,OOP,20261014,62750.0,            ,131422727,0000000.0000,0000000.0,1725.03,0.278815,141422727,0000000.0000,0000000.0,2175.02,0.270293,63484.1,0.2666,
NK225MWE  ,OOP,20261014,62875.0,            ,131422827,0000000.0000,0000000.0,1786.7,0.278746,141422827,0000000.0000,0000000.0,2111.82,0.27023,63484.1,0.2666,
NK225MWE  ,OOP,20261014,63000.0,            ,131423027,0000000.0000,0000000.0,1832.26,0.277086,141423027,0000000.0000,0000000.0,2032.51,0.268571,63484.1,0.2666,
NK225MWE  ,OOP,20261014,63125.0,            ,131423127,0000000.0000,0000000.0,1894.15,0.276665,141423127,0000000.0000,0000000.0,1969.54,0.268146,63484.1,0.2666,
NK225MWE  ,OOP,20261014,63250.0,            ,131423227,0000000.0000,0000000.0,1946.68,0.275362,141423227,0000000.0000,0000000.0,1897.2,0.266834,63484.1,0.2666,
NK225MWE  ,OOP,20261014,63375.0,            ,131423327,0000000.0000,0000000.0,1992.78,0.272475,141423327,0000000.0000,0000000.0,1818.44,0.263931,63484.1,0.2666,
NK225MWE  ,OOP,20261014,63500.0,            ,131423527,0000000.0000,0000000.0,2063.79,0.27293,141423527,0000000.0000,0000000.0,1764.58,0.265069,63484.1,0.2666,
NK225MWE  ,OOP,20261014,63625.0,            ,131423627,0000000.0000,0000000.0,2108.74,0.270387,141423627,0000000.0000,0000000.0,1684.66,0.261794,63484.1,0.2666,
NK225MWE  ,OOP,20261014,63750.0,            ,131423727,0000000.0000,0000000.0,2188.92,0.271895,141423727,0000000.0000,0000000.0,1639.97,0.263269,63484.1,0.2666,
NK225MWE  ,OOP,20261014,63875.0,            ,131423827,0000000.0000,0000000.0,2236.4,0.268275,141423827,0000000.0000,0000000.0,1562.59,0.260315,63484.1,0.2666,
NK225MWE  ,OOP,20261014,64000.0,            ,131424027,0000000.0000,0000000.0,2316.31,0.269425,141424027,0000000.0000,0000000.0,1517.64,0.261423,63484.1,0.2666,
NK225MWE  ,OOP,20261014,64125.0,            ,131424127,0000000.0000,0000000.0,2380.52,0.268267,141424127,0000000.0000,0000000.0,1456.98,0.260214,63484.1,0.2666,
NK225MWE  ,OOP,20261014,64250.0,            ,131424227,0000000.0000,0000000.0,2455.69,0.269068,141424227,0000000.0000,0000000.0,1407.29,0.260244,63484.1,0.2666,
NK225MWE  ,OOP,20261014,64375.0,            ,131424327,0000000.0000,0000000.0,2517.46,0.26682,141424327,0000000.0000,0000000.0,1344.19,0.257927,63484.1,0.2666,
NK225MWE  ,OOP,20261014,64500.0,            ,131424527,0000000.0000,0000000.0,2595.22,0.267264,141424527,0000000.0000,0000000.0,1297.08,0.2583,63484.1,0.2666,
NK225MWE  ,OOP,20261014,64625.0,            ,131424627,0000000.0000,0000000.0,2663.08,0.26535,141424627,0000000.0000,0000000.0,1240.07,0.257032,63484.1,0.2666,
NK225MWE  ,OOP,20261014,64750.0,            ,131424727,0000000.0000,0000000.0,2741.04,0.265432,141424727,0000000.0000,0000000.0,1193.17,0.257034,63484.1,0.2666,
NK225MWE  ,OOP,20261014,64875.0,            ,131424827,0000000.0000,0000000.0,2814.07,0.264598,141424827,0000000.0000,0000000.0,1141.34,0.255365,63484.1,0.2666,
NK225MWE  ,OOP,20261014,65000.0,            ,131425027,0000000.0000,0000000.0,2896.31,0.264318,141425027,0000000.0000,0000000.0,1098.71,0.255732,63484.1,0.2666,
NK225MWE  ,OOP,20261014,65125.0,            ,131425127,0000000.0000,0000000.0,2967.1,0.263102,141425127,0000000.0000,0000000.0,1044.63,0.253649,63484.1,0.2666,
NK225MWE  ,OOP,20261014,65250.0,            ,131425227,0000000.0000,0000000.0,3056.29,0.263966,141425227,0000000.0000,0000000.0,1008.96,0.254402,63484.1,0.2666,
NK225MWE  ,OOP,20261014,65375.0,            ,131425327,0000000.0000,0000000.0,3133.29,0.262365,141425327,0000000.0000,0000000.0,961.09,0.253438,63484.1,0.2666,
NK225MWE  ,OOP,20261014,65500.0,            ,131425527,0000000.0000,0000000.0,3221.94,0.262885,141425527,0000000.0000,0000000.0,924.88,0.253836,63484.1,0.2666,
NK225MWE  ,OOP,20261014,65625.0,            ,131425627,0000000.0000,0000000.0,3299.42,0.261665,141425627,0000000.0000,0000000.0,877.49,0.251676,63484.1,0.2666,
NK225MWE  ,OOP,20261014,65750.0,            ,131425727,0000000.0000,0000000.0,3390.7,0.261834,141425727,0000000.0000,0000000.0,843.9,0.252499,63484.1,0.2666,
NK225MWE  ,OOP,20261014,65875.0,            ,131425827,0000000.0000,0000000.0,3476.0,0.261022,141425827,0000000.0000,0000000.0,804.34,0.251526,63484.1,0.2666,
NK225MWE  ,OOP,20261014,66000.0,            ,131426027,0000000.0000,0000000.0,3564.47,0.260832,141426027,0000000.0000,0000000.0,767.95,0.251172,63484.1,0.2666,
NK225MWE  ,OOP,20261014,66125.0,            ,131426127,0000000.0000,0000000.0,3652.83,0.26046,141426127,0000000.0000,0000000.0,731.44,0.250623,63484.1,0.2666,
NK225MWE  ,OOP,20261014,66250.0,            ,131426227,0000000.0000,0000000.0,3742.85,0.259902,141426227,0000000.0000,0000000.0,696.59,0.249874,63484.1,0.2666,
NK225MWE  ,OOP,20261014,66375.0,            ,131426327,0000000.0000,0000000.0,3836.16,0.26001,141426327,0000000.0000,0000000.0,665.04,0.248914,63484.1,0.2666,
NK225MWE  ,OOP,20261014,66500.0,            ,131426527,0000000.0000,0000000.0,3929.46,0.259948,141426527,0000000.0000,0000000.0,633.47,0.24863,63484.1,0.2666,
NK225MWE  ,OOP,20261014,66625.0,            ,131426627,0000000.0000,0000000.0,4019.38,0.258819,141426627,0000000.0000,0000000.0,598.53,0.24724,63484.1,0.2666,
NK225MWE  ,OOP,20261014,66750.0,            ,131426727,0000000.0000,0000000.0,4119.74,0.259289,141426727,0000000.0000,0000000.0,574.02,0.248405,63484.1,0.2666,
NK225MWE  ,OOP,20261014,66875.0,            ,131426827,0000000.0000,0000000.0,4214.92,0.258678,141426827,0000000.0000,0000000.0,544.33,0.247536,63484.1,0.2666,
NK225MWE  ,OOP,20261014,67000.0,            ,131427027,0000000.0000,0000000.0,4315.67,0.258813,141427027,0000000.0000,0000000.0,520.22,0.247419,63484.1,0.2666,
NK225MWE  ,OOP,20261014,67125.0,            ,131427127,0000000.0000,0000000.0,4413.83,0.258781,141427127,0000000.0000,0000000.0,493.51,0.247115,63484.1,0.2666,
NK225MWE  ,OOP,20261014,67250.0,            ,131427227,0000000.0000,0000000.0,4515.88,0.258575,141427227,0000000.0000,0000000.0,470.7,0.246617,63484.1,0.2666,
NK225MWE  ,OOP,20261014,67375.0,            ,131427327,0000000.0000,0000000.0,4616.84,0.259192,141427327,0000000.0000,0000000.0,446.79,0.246956,63484.1,0.2666,
NK225MWE  ,OOP,20261014,67500.0,            ,131427527,0000000.0000,0000000.0,4719.46,0.25864,141427527,0000000.0000,0000000.0,424.55,0.246065,63484.1,0.2666,
NK225MWE  ,OOP,20261014,67625.0,            ,131427627,0000000.0000,0000000.0,4832.73,0.261027,141427627,0000000.0000,0000000.0,412.94,0.248228,63484.1,0.2666,
NK225MWE  ,OOP,20261014,67750.0,            ,131427727,0000000.0000,0000000.0,4926.58,0.259084,141427727,0000000.0000,0000000.0,381.94,0.245842,63484.1,0.2666,
NK225MWE  ,OOP,20261014,67875.0,            ,131427827,0000000.0000,0000000.0,5031.61,0.259066,141427827,0000000.0000,0000000.0,362.1,0.245451,63484.1,0.2666,
NK225MWE  ,OOP,20261014,68000.0,            ,131428027,0000000.0000,0000000.0,5140.87,0.259999,141428027,0000000.0000,0000000.0,346.49,0.246047,63484.1,0.2666,
NK225MWE  ,OOP,20261014,68125.0,            ,131428127,0000000.0000,0000000.0,5246.08,0.259662,141428127,0000000.0000,0000000.0,326.84,0.245278,63484.1,0.2666,
NK225MWE  ,OOP,20261014,68250.0,            ,131428227,0000000.0000,0000000.0,5353.55,0.260316,141428227,0000000.0000,0000000.0,309.44,0.245544,63484.1,0.2666,
NK225MWE  ,OOP,20261016,60500.0,            ,131420526,0000000.0000,0000000.0,1031.98,0.297297,141420526,0000000.0000,0000000.0,3734.03,0.289027,63484.1,0.2666,
NK225MWE  ,OOP,20261016,60625.0,            ,131420626,0000000.0000,0000000.0,1065.65,0.296395,141420626,0000000.0000,0000000.0,3642.84,0.287417,63484.1,0.2666,
NK225MWE  ,OOP,20261016,60750.0,            ,131420726,0000000.0000,0000000.0,1100.66,0.295349,141420726,0000000.0000,0000000.0,3553.0,0.286454,63484.1,0.2666,
NK225MWE  ,OOP,20261016,60875.0,            ,131420826,0000000.0000,0000000.0,1140.14,0.294924,141420826,0000000.0000,0000000.0,3467.61,0.286112,63484.1,0.2666,
NK225MWE  ,OOP,20261016,61000.0,            ,131421026,0000000.0000,0000000.0,1168.07,0.292829,141421026,0000000.0000,0000000.0,3370.69,0.284085,63484.1,0.2666,
NK225MWE  ,OOP,20261016,61125.0,            ,131421126,0000000.0000,0000000.0,1215.99,0.292858,141421126,0000000.0000,0000000.0,3293.75,0.28494,63484.1,0.2666,
NK225MWE  ,OOP,20261016,61250.0,            ,131421226,0000000.0000,0000000.0,1245.44,0.290495,141421226,0000000.0000,0000000.0,3198.35,0.282628,63484.1,0.2666,
NK225MWE  ,OOP,20261016,61375.0,            ,131421326,0000000.0000,0000000.0,1288.28,0.290214,141421326,0000000.0000,0000000.0,3116.33,0.282403,63484.1,0.2666,
NK225MWE  ,OOP,20261016,61500.0,            ,131421526,0000000.0000,0000000.0,1324.41,0.288314,141421526,0000000.0000,0000000.0,3027.6,0.28055,63484.1,0.2666,
NK225MWE  ,OOP,20261016,61625.0,            ,131421626,0000000.0000,0000000.0,1373.67,0.288448,141421626,0000000.0000,0000000.0,2952.01,0.280731,63484.1,0.2666,
NK225MWE  ,OOP,20261016,61750.0,            ,131421726,0000000.0000,0000000.0,1409.0,0.286262,141421726,0000000.0000,0000000.0,2862.48,0.278583,63484.1,0.2666,
NK225MWE  ,OOP,20261016,61875.0,            ,131421826,0000000.0000,0000000.0,1458.11,0.286078,141421826,0000000.0000,0000000.0,2786.73,0.278436,63484.1,0.2666,
NK225MWE  ,OOP,20261016,62000.0,            ,131422026,0000000.0000,0000000.0,1494.75,0.284314,141422026,0000000.0000,0000000.0,2698.51,0.276704,63484.1,0.2666,
NK225MWE  ,OOP,20261016,62125.0,            ,131422126,0000000.0000,0000000.0,1546.76,0.283812,141422126,0000000.0000,0000000.0,2625.67,0.276231,63484.1,0.2666,
NK225MWE  ,OOP,20261016,62250.0,            ,131422226,0000000.0000,0000000.0,1589.97,0.282451,141422226,0000000.0000,0000000.0,2544.02,0.274892,63484.1,0.2666,
NK225MWE  ,OOP,20261016,62375.0,            ,131422326,0000000.0000,0000000.0,1646.7,0.282327,141422326,0000000.0000,0000000.0,2475.89,0.274789,63484.1,0.2666,
NK225MWE  ,OOP,20261016,62500.0,            ,131422526,0000000.0000,0000000.0,1684.2,0.279962,141422526,0000000.0000,0000000.0,2388.54,0.272438,63484.1,0.2666,
NK225MWE  ,OOP,20261016,62625.0,            ,131422626,0000000.0000,0000000.0,1740.95,0.280206,141422626,0000000.0000,0000000.0,2320.44,0.272004,63484.1,0.2666,
NK225MWE  ,OOP,20261016,62750.0,            ,131422726,0000000.0000,0000000.0,1789.89,0.278221,141422726,0000000.0000,0000000.0,2244.52,0.270715,63484.1,0.2666,
NK225MWE  ,OOP,20261016,62875.0,            ,131422826,0000000.0000,0000000.0,1851.21,0.278821,141422826,0000000.0000,0000000.0,2180.98,0.271318,63484.1,0.2666,
NK225MWE  ,OOP,20261016,63000.0,            ,131423026,0000000.0000,0000000.0,1897.18,0.276517,141423026,0000000.0000,0000000.0,2102.09,0.269012,63484.1,0.2666,
NK225MWE  ,OOP,20261016,63125.0,            ,131423126,0000000.0000,0000000.0,1958.87,0.276785,141423126,0000000.0000,0000000.0,2038.93,0.269272,63484.1,0.2666,
NK225MWE  ,OOP,20261016,63250.0,            ,131423226,0000000.0000,0000000.0,2011.61,0.274841,141423226,0000000.0000,0000000.0,1966.81,0.267316,63484.1,0.2666,
NK225MWE  ,OOP,20261016,63375.0,            ,131423326,0000000.0000,0000000.0,2057.36,0.272051,141423326,0000000.0000,0000000.0,1887.7,0.265192,63484.1,0.2666,
NK225MWE  ,OOP,20261016,63500.0,            ,131423526,0000000.0000,0000000.0,2127.84,0.273182,141423526,0000000.0000,0000000.0,1833.33,0.265621,63484.1,0.2666,
NK225MWE  ,OOP,20261016,63625.0,            ,131423626,0000000.0000,0000000.0,2173.11,0.270056,141423626,0000000.0000,0000000.0,1753.74,0.262468,63484.1,0.2666,
NK225MWE  ,OOP,20261016,63750.0,            ,131423726,0000000.0000,0000000.0,2252.35,0.271534,141423726,0000000.0000,0000000.0,1708.12,0.263916,63484.1,0.2666,
NK225MWE  ,OOP,20261016,63875.0,            ,131423826,0000000.0000,0000000.0,2300.22,0.268744,141423826,0000000.0000,0000000.0,1631.14,0.261089,63484.1,0.2666,
NK225MWE  ,OOP,20261016,64000.0,            ,131424026,0000000.0000,0000000.0,2379.13,0.269203,141424026,0000000.0000,0000000.0,1585.19,0.262194,63484.1,0.2666,
NK225MWE  ,OOP,20261016,64125.0,            ,131424126,0000000.0000,0000000.0,2443.31,0.268121,141424126,0000000.0000,0000000.0,1524.51,0.261067,63484.1,0.2666,
NK225MWE  ,OOP,20261016,64250.0,            ,131424226,0000000.0000,0000000.0,2517.67,0.268246,141424226,0000000.0000,0000000.0,1474.02,0.261144,63484.1,0.2666,
NK225MWE  ,OOP,20261016,64375.0,            ,131424326,0000000.0000,0000000.0,2579.52,0.266816,141424326,0000000.0000,0000000.0,1411.01,0.258963,63484.1,0.2666,
NK225MWE  ,OOP,20261016,64500.0,            ,131424526,0000000.0000,0000000.0,2656.54,0.266601,141424526,0000000.0000,0000000.0,1363.18,0.259384,63484.1,0.2666,
NK225MWE  ,OOP,20261016,64625.0,            ,131424626,0000000.0000,0000000.0,2723.82,0.265514,141424626,0000000.0000,0000000.0,1305.6,0.257526,63484.1,0.2666,
NK225MWE  ,OOP,20261016,64750.0,            ,131424726,0000000.0000,0000000.0,2801.19,0.264954,141424726,0000000.0000,0000000.0,1258.11,0.257599,63484.1,0.2666,
NK225MWE  ,OOP,20261016,64875.0,            ,131424826,0000000.0000,0000000.0,2873.75,0.264219,141424826,0000000.0000,0000000.0,1205.81,0.256786,63484.1,0.2666,
NK225MWE  ,OOP,20261016,65000.0,            ,131425026,0000000.0000,0000000.0,2955.05,0.264024,141425026,0000000.0000,0000000.0,1162.26,0.25651,63484.1,0.2666,
NK225MWE  ,OOP,20261016,65125.0,            ,131425126,0000000.0000,0000000.0,3025.57,0.262935,141425126,0000000.0000,0000000.0,1107.93,0.254601,63484.1,0.2666,
NK225MWE  ,OOP,20261016,65250.0,            ,131425226,0000000.0000,0000000.0,3113.56,0.263123,141425226,0000000.0000,0000000.0,1071.06,0.255424,63484.1,0.2666,
NK225MWE  ,OOP,20261016,65375.0,            ,131425326,0000000.0000,0000000.0,3189.67,0.262409,141425326,0000000.0000,0000000.0,1022.31,0.253864,63484.1,0.2666,
NK225MWE  ,OOP,20261016,65500.0,            ,131425526,0000000.0000,0000000.0,3278.09,0.263009,141425526,0000000.0000,0000000.0,985.87,0.254353,63484.1,0.2666,
NK225MWE  ,OOP,20261016,65625.0,            ,131425626,0000000.0000,0000000.0,3353.77,0.261191,141425626,0000000.0000,0000000.0,936.7,0.252399,63484.1,0.2666,
NK225MWE  ,OOP,20261016,65750.0,            ,131425726,0000000.0000,0000000.0,3444.9,0.261458,141425726,0000000.0000,0000000.0,902.97,0.253311,63484.1,0.2666,
NK225MWE  ,OOP,20261016,65875.0,            ,131425826,0000000.0000,0000000.0,3529.69,0.260793,141425826,0000000.0000,0000000.0,862.91,0.252512,63484.1,0.2666,
NK225MWE  ,OOP,20261016,66000.0,            ,131426026,0000000.0000,0000000.0,3616.77,0.260731,141426026,0000000.0000,0000000.0,825.12,0.25152,63484.1,0.2666,
NK225MWE  ,OOP,20261016,66125.0,            ,131426126,0000000.0000,0000000.0,3703.71,0.259706,141426126,0000000.0000,0000000.0,787.21,0.251134,63484.1,0.2666,
NK225MWE  ,OOP,20261016,66250.0,            ,131426226,0000000.0000,0000000.0,3793.09,0.259296,141426226,0000000.0000,0000000.0,751.73,0.250566,63484.1,0.2666,
NK225MWE  ,OOP,20261016,66375.0,            ,131426326,0000000.0000,0000000.0,3884.9,0.259529,141426326,0000000.0000,0000000.0,718.69,0.249809,63484.1,0.2666,
NK225MWE  ,OOP,20261016,66500.0,            ,131426526,0000000.0000,0000000.0,3977.97,0.258773,141426526,0000000.0000,0000000.0,686.9,0.249704,63484.1,0.2666,
NK225MWE  ,OOP,20261016,66625.0,            ,131426626,0000000.0000,0000000.0,4066.04,0.257827,141426626,0000000.0000,0000000.0,650.12,0.248561,63484.1,0.2666,
NK225MWE  ,OOP,20261016,66750.0,            ,131426726,0000000.0000,0000000.0,4165.86,0.258412,141426726,0000000.0000,0000000.0,625.08,0.248967,63484.1,0.2666,
NK225MWE  ,OOP,20261016,66875.0,            ,131426826,0000000.0000,0000000.0,4259.28,0.257977,141426826,0000000.0000,0000000.0,593.64,0.248322,63484.1,0.2666,
NK225MWE  ,OOP,20261016,67000.0,            ,131427026,0000000.0000,0000000.0,4359.71,0.258258,141427026,0000000.0000,0000000.0,569.21,0.248398,63484.1,0.2666,
NK225MWE  ,OOP,20261016,67125.0,            ,131427126,0000000.0000,0000000.0,4456.31,0.257476,141427126,0000000.0000,0000000.0,540.96,0.247374,63484.1,0.2666,
NK225MWE  ,OOP,20261016,67250.0,            ,131427226,0000000.0000,0000000.0,4557.47,0.25836,141427226,0000000.0000,0000000.0,517.26,0.248049,63484.1,0.2666,
NK225MWE  ,OOP,20261016,67375.0,            ,131427326,0000000.0000,0000000.0,4656.99,0.258172,141427326,0000000.0000,0000000.0,491.92,0.247609,63484.1,0.2666,
NK225MWE  ,OOP,20261016,67500.0,            ,131427526,0000000.0000,0000000.0,4759.03,0.257815,141427526,0000000.0000,0000000.0,469.11,0.246981,63484.1,0.2666,
NK225MWE  ,OOP,20261016,67625.0,            ,131427626,0000000.0000,0000000.0,4870.18,0.260238,141427626,0000000.0000,0000000.0,455.4,0.24922,63484.1,0.2666,
NK225MWE  ,OOP,20261016,67750.0,            ,131427726,0000000.0000,0000000.0,4963.6,0.257579,141427726,0000000.0000,0000000.0,423.97,0.246173,63484.1,0.2666,
NK225MWE  ,OOP,20261016,67875.0,            ,131427826,0000000.0000,0000000.0,5067.47,0.257728,141427826,0000000.0000,0000000.0,402.97,0.246024,63484.1,0.2666,
NK225MWE  ,OOP,20261016,68000.0,            ,131428026,0000000.0000,0000000.0,5175.81,0.258779,141428026,0000000.0000,0000000.0,386.46,0.246806,63484.1,0.2666,
NK225MWE  ,OOP,20261016,68125.0,            ,131428126,0000000.0000,0000000.0,5279.98,0.258643,141428126,0000000.0000,0000000.0,365.78,0.246331,63484.1,0.2666,
NK225MWE  ,OOP,20261016,68250.0,            ,131428226,0000000.0000,0000000.0,5386.2,0.258344,141428226,0000000.0000,0000000.0,347.14,0.245664,63484.1,0.2666,
NK225MWE  ,OOP,20261016,68375.0,            ,131428326,0000000.0000,0000000.0,5492.11,0.257873,141428326,0000000.0000,0000000.0,328.2,0.245992,63484.1,0.2666,
NK225MWE  ,OOP,20261016,68500.0,            ,131428526,0000000.0000,0000000.0,5603.84,0.259538,141428526,0000000.0000,0000000.0,315.07,0.246174,63484.1,0.2666,
NK225MWE  ,OOP,20261016,68625.0,            ,131428626,0000000.0000,0000000.0,5710.46,0.258761,141428626,0000000.0000,0000000.0,296.83,0.244935,63484.1,0.2666,
NK225MWE  ,OOP,20261016,68750.0,            ,131428726,0000000.0000,0000000.0,5821.68,0.259005,141428726,0000000.0000,0000000.0,283.19,0.245286,63484.1,0.2666,
NK225MWE  ,OOP,20261016,68875.0,            ,131428826,0000000.0000,0000000.0,5932.6,0.26035,141428826,0000000.0000,0000000.0,269.26,0.245225,63484.1,0.2666,
NK225MWE  ,OOP,20261016,69000.0,            ,131429026,0000000.0000,0000000.0,6044.81,0.260337,141429026,0000000.0000,0000000.0,256.61,0.245552,63484.1,0.2666,
NK225MWE  ,OOP,20261016,69125.0,            ,131429126,0000000.0000,0000000.0,6154.85,0.26017,141429126,0000000.0000,0000000.0,241.79,0.24488,63484.1,0.2666,
NK225MWE  ,OOP,20261016,69250.0,            ,131429226,0000000.0000,0000000.0,6268.71,0.261185,141429226,0000000.0000,0000000.0,230.79,0.245183,63484.1,0.2666,
NK225MWE  ,OOP,20261016,69375.0,            ,131429326,0000000.0000,0000000.0,6381.07,0.262101,141429326,0000000.0000,0000000.0,218.29,0.245039,63484.1,0.2666,
NK225MWE  ,OOP,20261113,60500.0,            ,181460526,0001800.0000,0000000.0,1692.04,0.289217,191460526,0000000.0000,0000000.0,4473.32,0.293606,63484.1,0.2666,
NK225MWE  ,OOP,20261113,60625.0,            ,181460626,0000000.0000,0000000.0,1734.58,0.2874,191460626,0000000.0000,0000000.0,4373.02,0.29227,63484.1,0.2666,
NK225MWE  ,OOP,20261113,60750.0,            ,181460726,0000000.0000,0000000.0,1772.12,0.28874,191460726,0000000.0000,0000000.0,4313.4,0.293543,63484.1,0.2666,
NK225MWE  ,OOP,20261113,60875.0,            ,181460826,0000000.0000,0000000.0,1832.16,0.288372,191460826,0000000.0000,0000000.0,4225.99,0.292581,63484.1,0.2666,
NK225MWE  ,OOP,20261113,61000.0,            ,181461026,0001825.0000,0000000.0,1864.7,0.285801,191461026,0004180.0000,0000000.0,4143.48,0.290485,63484.1,0.2666,
NK225MWE  ,OOP,20261113,61125.0,            ,181461126,0000000.0000,0000000.0,1917.93,0.28633,191461126,0000000.0000,0000000.0,4058.97,0.290955,63484.1,0.2666,
NK225MWE  ,OOP,20261113,61250.0,            ,181461226,0001965.0000,0000000.0,1937.27,0.285194,191461226,0003750.0000,0000000.0,3961.05,0.289764,63484.1,0.2666,
NK225MWE  ,OOP,20261113,61375.0,            ,181461326,0000000.0000,0000000.0,1992.32,0.283461,191461326,0000000.0000,0000000.0,3886.94,0.287978,63484.1,0.2666,
NK225MWE  ,OOP,20261113,61500.0,            ,181461526,0001815.0000,0000000.0,2034.86,0.282175,191461526,0000000.0000,0000000.0,3813.64,0.286639,63484.1,0.2666,
NK225MWE  ,OOP,20261113,61625.0,            ,181461626,0000000.0000,0000000.0,2065.85,0.282357,191461626,0000000.0000,0000000.0,3729.91,0.286769,63484.1,0.2666,
NK225MWE  ,OOP,20261113,61750.0,            ,181461726,0000000.0000,0000000.0,2122.44,0.281673,191461726,0000000.0000,0000000.0,3656.22,0.286298,63484.1,0.2666,
NK225MWE  ,OOP,20261113,61875.0,            ,181461826,0000000.0000,0000000.0,2179.98,0.280407,191461826,0000000.0000,0000000.0,3620.77,0.284724,63484.1,0.2666,
NK225MWE  ,OOP,20261113,62000.0,            ,181462026,0002185.0000,0000000.0,2225.02,0.279312,191462026,0003230.0000,0000000.0,3518.8,0.283461,63484.1,0.2666,
NK225MWE  ,OOP,20261113,62125.0,            ,181462126,0000000.0000,0000000.0,2251.87,0.279653,191462126,0000000.0000,0000000.0,3441.34,0.283879,63484.1,0.2666,
NK225MWE  ,OOP,20261113,62250.0,            ,181462226,0000000.0000,0000000.0,2325.11,0.278391,191462226,0000000.0000,0000000.0,3361.39,0.283077,63484.1,0.2666,
NK225MWE  ,OOP,20261113,62375.0,            ,131462326,0000000.0000,0000000.0,2339.78,0.27755,141462326,0000000.0000,0000000.0,3293.57,0.281692,63484.1,0.2666,
NK225MWE  ,OOP,20261113,62500.0,            ,131462526,0002380.0000,0000000.0,2435.2,0.277127,141462526,0000000.0000,0000000.0,3206.47,0.281228,63484.1,0.2666,
NK225MWE  ,OOP,20261113,62625.0,            ,131462626,0000000.0000,0000000.0,2487.47,0.276117,141462626,0000000.0000,0000000.0,3175.34,0.280679,63484.1,0.2666,
NK225MWE  ,OOP,20261113,62750.0,            ,131462726,0002740.0000,0000000.0,2530.28,0.27602,141462726,0002970.0000,0000000.0,3071.56,0.280544,63484.1,0.2666,
NK225MWE  ,OOP,20261113,62875.0,            ,131462826,0000000.0000,0000000.0,2564.41,0.274841,141462826,0000000.0000,0000000.0,3016.38,0.278968,63484.1,0.2666,
NK225MWE  ,OOP,20261113,63000.0,            ,131463026,0002375.0000,0000000.0,2660.38,0.274569,141463026,0002700.0000,0000000.0,2921.65,0.278525,63484.1,0.2666,
NK225MWE  ,OOP,20261113,63125.0,            ,131463126,0000000.0000,0000000.0,2685.26,0.273715,141463126,0000000.0000,0000000.0,2856.69,0.278133,63484.1,0.2666,
NK225MWE  ,OOP,20261113,63250.0,            ,131463226,0002990.0000,0000000.0,2780.47,0.273269,141463226,0002810.0000,0000000.0,2796.74,0.277655,63484.1,0.2666,
NK225MWE  ,OOP,20261113,63375.0,            ,131463326,0002775.0000,0000000.0,2833.0,0.271254,141463326,0000000.0000,0000000.0,2758.68,0.275608,63484.1,0.2666,
NK225MWE  ,OOP,20261113,63500.0,            ,131463526,0002850.0000,0000000.0,2875.55,0.270634,141463526,0002745.0000,0000000.0,2664.32,0.274959,63484.1,0.2666,
NK225MWE  ,OOP,20261113,63625.0,            ,131463626,0002985.0000,0000000.0,2930.49,0.269927,141463626,0000000.0000,0000000.0,2636.76,0.274224,63484.1,0.2666,
NK225MWE  ,OOP,20261113,63750.0,            ,131463726,0002900.0000,0000000.0,2998.14,0.269131,141463726,0002470.0000,0000000.0,2539.42,0.273401,63484.1,0.2666,
NK225MWE  ,OOP,20261113,63875.0,            ,131463826,0000000.0000,0000000.0,3058.43,0.26874,141463826,0000000.0000,0000000.0,2512.49,0.272985,63484.1,0.2666,
NK225MWE  ,OOP,20261113,64000.0,            ,131464026,0003365.0000,0000000.0,3150.73,0.267766,141464026,0002250.0000,0000000.0,2419.51,0.271939,63484.1,0.2666,
NK225MWE  ,OOP,20261113,64125.0,            ,131464126,0000000.0000,0000000.0,3198.28,0.267196,141464126,0000000.0000,0000000.0,2357.05,0.271891,63484.1,0.2666,
NK225MWE  ,OOP,20261113,64250.0,            ,131464226,0000000.0000,0000000.0,3270.83,0.266538,141464226,0000000.0000,0000000.0,2289.59,0.270716,63484.1,0.2666,
NK225MWE  ,OOP,20261113,64375.0,            ,131464326,0000000.0000,0000000.0,3328.37,0.266285,141464326,0000000.0000,0000000.0,2274.84,0.27094,63484.1,0.2666,
NK225MWE  ,OOP,20261113,64500.0,            ,131464526,0003350.0000,0000000.0,3400.92,0.265446,141464526,0002055.0000,0000000.0,2192.18,0.270084,63484.1,0.2666,
NK225MWE  ,OOP,20261113,64625.0,            ,131464626,0000000.0000,0000000.0,3473.46,0.264516,141464626,0000000.0000,0000000.0,2134.73,0.269138,63484.1,0.2666,
NK225MWE  ,OOP,20261113,64750.0,            ,131464726,0000000.0000,0000000.0,3548.5,0.264493,141464726,0000000.0000,0000000.0,2094.77,0.268601,63484.1,0.2666,
NK225MWE  ,OOP,20261113,64875.0,            ,131464826,0000000.0000,0000000.0,3578.91,0.263772,141464826,0000000.0000,0000000.0,2047.22,0.268476,63484.1,0.2666,
NK225MWE  ,OOP,20261113,65000.0,            ,131465026,0000000.0000,0000000.0,3693.59,0.263681,141465026,0000000.0000,0000000.0,1979.86,0.267762,63484.1,0.2666,
NK225MWE  ,OOP,20261113,65125.0,            ,131465126,0000000.0000,0000000.0,3751.58,0.262887,141465126,0000000.0000,0000000.0,1927.41,0.267461,63484.1,0.2666,
NK225MWE  ,OOP,20261113,65250.0,            ,131465226,0000000.0000,0000000.0,3823.69,0.261999,141465226,0000000.0000,0000000.0,1874.95,0.266566,63484.1,0.2666,
NK225MWE  ,OOP,20261113,65375.0,            ,131465326,0000000.0000,0000000.0,3889.46,0.261016,141465326,0000000.0000,0000000.0,1827.5,0.265577,63484.1,0.2666,
NK225MWE  ,OOP,20261113,65500.0,            ,131465526,0000000.0000,0000000.0,3986.27,0.261989,141465526,0001640.0000,0000000.0,1780.04,0.266542,63484.1,0.2666,
NK225MWE  ,OOP,20261113,65625.0,            ,131465626,0000000.0000,0000000.0,4033.83,0.259274,141465626,0000000.0000,0000000.0,1722.59,0.263828,63484.1,0.2666,
NK225MWE  ,OOP,20261113,65750.0,            ,131465726,0000000.0000,0000000.0,4146.35,0.260594,141465726,0001810.0000,0000000.0,1682.63,0.265141,63484.1,0.2666,
NK225MWE  ,OOP,20261113,65875.0,            ,131465826,0000000.0000,0000000.0,4218.21,0.26132,141465826,0000000.0000,0000000.0,1619.61,0.265863,63484.1,0.2666,
NK225MWE  ,OOP,20261113,66000.0,            ,131466026,0000000.0000,0000000.0,4293.95,0.259869,141466026,0001500.0000,0000000.0,1592.72,0.264415,63484.1,0.2666,
NK225MWE  ,OOP,20261113,66125.0,            ,131466126,0000000.0000,0000000.0,4357.58,0.257782,141466126,0000000.0000,0000000.0,1542.76,0.262863,63484.1,0.2666,
NK225MWE  ,OOP,20261113,66250.0,            ,131466226,0004645.0000,0000000.0,4464.03,0.258246,141466226,0001365.0000,0000000.0,1502.8,0.26333,63484.1,0.2666,
NK225MWE  ,OOP,20261113,66375.0,            ,131466326,0000000.0000,0000000.0,4519.45,0.257018,141466326,0000000.0000,0000000.0,1455.35,0.261579,63484.1,0.2666,
NK225MWE  ,OOP,20261113,66500.0,            ,131466526,0000000.0000,0000000.0,4621.63,0.258392,141466526,0001400.0000,0000000.0,1417.89,0.262953,63484.1,0.2666,
NK225MWE  ,OOP,20261113,66625.0,            ,131466626,0000000.0000,0000000.0,4686.33,0.255882,141466626,0000000.0000,0000000.0,1367.94,0.260459,63484.1,0.2666,
NK225MWE  ,OOP,20261113,66750.0,            ,131466726,0005105.0000,0000000.0,4789.2,0.25765,141466726,0001235.0000,0000000.0,1340.47,0.261679,63484.1,0.2666,
NK225MWE  ,OOP,20261113,66875.0,            ,131466826,0000000.0000,0000000.0,4855.7,0.254918,141466826,0000000.0000,0000000.0,1288.02,0.259516,63484.1,0.2666,
NK225MWE  ,OOP,20261113,67000.0,            ,131467026,0000000.0000,0000000.0,4962.89,0.256538,141467026,0001390.0000,0000000.0,1263.06,0.261696,63484.1,0.2666,
NK225MWE  ,OOP,20261113,67125.0,            ,131467126,0000000.0000,0000000.0,5040.08,0.254706,141467126,0000000.0000,0000000.0,1194.2,0.259891,63484.1,0.2666,
NK225MWE  ,OOP,20261113,67250.0,            ,131467226,0000000.0000,0000000.0,5134.77,0.255041,141467226,0001225.0000,0000000.0,1193.13,0.260243,63484.1,0.2666,
NK225MWE  ,OOP,20261113,67375.0,            ,131467326,0000000.0000,0000000.0,5216.96,0.254142,141467326,0000000.0000,0000000.0,1150.68,0.258795,63484.1,0.2666,
NK225MWE  ,OOP,20261113,67500.0,            ,131467526,0000000.0000,0000000.0,5321.67,0.255477,141467526,0001155.0000,0000000.0,1120.71,0.260136,63484.1,0.2666,
NK225MWE  ,OOP,20261113,67625.0,            ,131467626,0000000.0000,0000000.0,5388.84,0.252025,141467626,0000975.0000,0000000.0,1073.26,0.257316,63484.1,0.2666,
NK225MWE  ,OOP,20261113,67750.0,            ,131467726,0000000.0000,0000000.0,5498.54,0.2538,141467726,0001085.0000,0000000.0,1050.79,0.2591,63484.1,0.2666,
NK225MWE  ,OOP,20261113,67875.0,            ,131467826,0000000.0000,0000000.0,5590.74,0.253107,141467826,0000000.0000,0000000.0,1015.83,0.25844,63484.1,0.2666,
NK225MWE  ,OOP,20261113,68000.0,            ,131468026,0000000.0000,0000000.0,5690.42,0.25354,141468026,0001080.0000,0000000.0,990.87,0.258897,63484.1,0.2666,
NK225MWE  ,OOP,20261113,68125.0,            ,131468126,0000000.0000,0000000.0,5787.62,0.25328,141468126,0000000.0000,0000000.0,943.93,0.259282,63484.1,0.2666,
NK225MWE  ,OOP,20261113,68250.0,            ,131468226,0000000.0000,0000000.0,5879.82,0.252929,141468226,0000000.0000,0000000.0,930.94,0.258353,63484.1,0.2666,
NK225MWE  ,OOP,20261113,68375.0,            ,131468326,0000000.0000,0000000.0,5954.49,0.249932,141468326,0000000.0000,0000000.0,861.35,0.255425,63484.1,0.2666,
NK225MWE  ,OOP,20261113,68500.0,            ,131468526,0000000.0000,0000000.0,6074.21,0.252595,141468526,0000880.0000,0000000.0,873.51,0.25809,63484.1,0.2666,
NK225MWE  ,OOP,20261113,68625.0,            ,131468626,0000000.0000,0000000.0,6151.39,0.249341,141468626,0000000.0000,0000000.0,808.79,0.254917,63484.1,0.2666,
NK225MWE  ,OOP,20261113,68750.0,            ,131468726,0000000.0000,0000000.0,6268.6,0.251242,141468726,0000000.0000,0000000.0,821.08,0.257485,63484.1,0.2666,
NK225MWE  ,OOP,20261113,68875.0,            ,131468826,0000000.0000,0000000.0,6355.78,0.249734,141468826,0000000.0000,0000000.0,763.73,0.255386,63484.1,0.2666,
NK225MWE  ,OOP,20261113,69000.0,            ,131469026,0000000.0000,0000000.0,6467.99,0.250843,141469026,0000745.0000,0000000.0,771.15,0.257193,63484.1,0.2666,
NK225MWE  ,OOP,20261113,69125.0,            ,131469126,0000000.0000,0000000.0,6565.19,0.25051,141469126,0000000.0000,0000000.0,723.68,0.256237,63484.1,0.2666,
NK225MWE  ,OOP,20261113,69250.0,            ,131469226,0000000.0000,0000000.0,6672.38,0.250791,141469226,0000000.0000,0000000.0,721.21,0.257252,63484.1,0.2666,
NK225MWE  ,OOP,20261113,69375.0,            ,131469326,0000000.0000,0000000.0,6764.58,0.248843,141469326,0000000.0000,0000000.0,673.62,0.255402,63484.1,0.2666,
NK225MWE  ,OOP,20261113,69500.0,            ,131469526,0000000.0000,0000000.0,6874.28,0.249675,141469526,0000000.0000,0000000.0,673.78,0.256277,63484.1,0.2666,
NK225MWE  ,OOP,20261113,69625.0,            ,131469626,0000000.0000,0000000.0,6973.98,0.248965,141469626,0000000.0000,0000000.0,633.56,0.255646,63484.1,0.2666,
NK225MWE  ,OOP,20261113,69750.0,            ,131469726,0000000.0000,0000000.0,7083.68,0.249662,141469726,0000000.0000,0000000.0,628.84,0.256221,63484.1,0.2666,
NK225MWE  ,OOP,20261113,69875.0,            ,131469826,0000000.0000,0000000.0,7170.87,0.246443,141469826,0000000.0000,0000000.0,581.0,0.253323,63484.1,0.2666,
NK225MWE  ,OOP,20261113,70000.0,            ,131460026,0000000.0000,0000000.0,7290.57,0.248535,141460026,0000560.0000,0000000.0,588.9,0.255432,63484.1,0.2666,
NK225MWE  ,OOP,20261113,70125.0,            ,131460126,0000000.0000,0000000.0,7380.27,0.245809,141460126,0000000.0000,0000000.0,540.94,0.252857,63484.1,0.2666,
NK225MWE  ,OOP,20261113,70250.0,            ,131460226,0007935.0000,0000000.0,7502.48,0.248621,141460226,0000520.0000,0000000.0,551.45,0.255664,63484.1,0.2666,
NK225MWE  ,OOP,20261113,70375.0,            ,131460326,0000000.0000,0000000.0,7594.66,0.245633,141460326,0000000.0000,0000000.0,505.89,0.252847,63484.1,0.2666,
NK225MWE  ,OOP,20261113,70500.0,            ,131460526,0000000.0000,0000000.0,7716.89,0.247542,141460526,0000465.0000,0000000.0,516.51,0.255595,63484.1,0.2666,
NK225MWE  ,OOP,20261113,70625.0,            ,131460626,0000000.0000,0000000.0,7806.57,0.244238,141460626,0000000.0000,0000000.0,468.34,0.251673,63484.1,0.2666,
NK225MWE  ,OOP,20261113,70750.0,            ,131460726,0000000.0000,0000000.0,7931.29,0.246929,141460726,0000000.0000,0000000.0,481.56,0.254357,63484.1,0.2666,
NK225MWE  ,OOP,20261113,70875.0,            ,131460826,0000000.0000,0000000.0,8023.48,0.244219,141460826,0000000.0000,0000000.0,435.79,0.251841,63484.1,0.2666,
NK225MWE  ,OOP,20261113,71000.0,            ,131461026,0000000.0000,0000000.0,8143.2,0.245937,141461026,0000000.0000,0000000.0,448.06,0.25447,63484.1,0.2666,
NK225MWE  ,OOP,20261113,71125.0,            ,131461126,0000000.0000,0000000.0,8247.89,0.243869,141461126,0000000.0000,0000000.0,410.75,0.252612,63484.1,0.2666,
NK225MWE  ,OOP,20261113,71250.0,            ,131461226,0000000.0000,0000000.0,8367.61,0.245494,141461226,0000000.0000,0000000.0,416.66,0.254279,63484.1,0.2666,
NK225MWE  ,OOP,20261113,71375.0,            ,131461326,0000000.0000,0000000.0,8472.31,0.244152,141461326,0000000.0000,0000000.0,385.71,0.253127,63484.1,0.2666,
NK225MWE  ,OOP,20261113,71500.0,            ,131461526,0000000.0000,0000000.0,8589.52,0.245691,141461526,0000000.0000,0000000.0,391.7,0.253761,63484.1,0.2666,
NK225MWE  ,OOP,20261113,71625.0,            ,131461626,0000000.0000,0000000.0,8689.22,0.243101,141461626,0000000.0000,0000000.0,353.16,0.251409,63484.1,0.2666,
NK225MWE  ,OOP,20261113,71750.0,            ,131461726,0000000.0000,0000000.0,8813.94,0.244535,141461726,0000365.0000,0000000.0,364.25,0.253882,63484.1,0.2666,
NK225MWE  ,OOP,20261113,71875.0,            ,131461826,0000000.0000,0000000.0,8916.14,0.242711,141461826,0000000.0000,0000000.0,330.63,0.252306,63484.1,0.2666,
NK225MWE  ,OOP,20261113,72000.0,            ,131462026,0000000.0000,0000000.0,9038.35,0.244048,141462026,0000345.0000,0000000.0,339.29,0.253704,63484.1,0.2666,
NK225MWE  ,OOP,20261113,72125.0,            ,131462126,0000000.0000,0000000.0,9141.05,0.241959,141462126,0000000.0000,0000000.0,306.09,0.251902,63484.1,0.2666,
NK225MWE  ,OOP,20261113,72250.0,            ,131462226,0000000.0000,0000000.0,9261.77,0.24319,141462226,0000310.0000,0000000.0,316.83,0.253204,63484.1,0.2666,
NK225MWE  ,OOP,20261211,60500.0,            ,131500526,0000000.0000,0000000.0,2142.73,0.283904,141500526,0000000.0000,0000000.0,5009.76,0.278866,63484.1,0.2666,
NK225MWE  ,OOP,20261211,60625.0,            ,131500626,0000000.0000,0000000.0,2177.16,0.281309,141500626,0000000.0000,0000000.0,4905.04,0.276254,63484.1,0.2666,
NK225MWE  ,OOP,20261211,60750.0,            ,131500726,0000000.0000,0000000.0,2187.37,0.27999,141500726,0000000.0000,0000000.0,4815.3,0.27492,63484.1,0.2666,
NK225MWE  ,OOP,20261211,60875.0,            ,131500826,0000000.0000,0000000.0,2272.04,0.282097,141500826,0000000.0000,0000000.0,4765.52,0.277017,63484.1,0.2666,
NK225MWE  ,OOP,20261211,61000.0,            ,131501026,0000000.0000,0000000.0,2307.26,0.280232,141501026,0000000.0000,0000000.0,4668.29,0.275134,63484.1,0.2666,
NK225MWE  ,OOP,20261211,61125.0,            ,131501126,0000000.0000,0000000.0,2354.08,0.280471,141501126,0000000.0000,0000000.0,4598.52,0.275358,63484.1,0.2666,
NK225MWE  ,OOP,20261211,61250.0,            ,131501226,0000000.0000,0000000.0,2391.34,0.276796,141501226,0000000.0000,0000000.0,4511.27,0.274233,63484.1,0.2666,
NK225MWE  ,OOP,20261211,61375.0,            ,131501326,0000000.0000,0000000.0,2436.11,0.278203,141501326,0000000.0000,0000000.0,4431.52,0.273481,63484.1,0.2666,
NK225MWE  ,OOP,20261211,61500.0,            ,131501526,0000000.0000,0000000.0,2485.86,0.277415,141501526,0000000.0000,0000000.0,4356.76,0.273097,63484.1,0.2666,
NK225MWE  ,OOP,20261211,61625.0,            ,131501626,0000000.0000,0000000.0,2525.63,0.276572,141501626,0000000.0000,0000000.0,4272.01,0.271808,63484.1,0.2666,
NK225MWE  ,OOP,20261211,61750.0,            ,131501726,0000000.0000,0000000.0,2580.38,0.276514,141501726,0000000.0000,0000000.0,4202.25,0.271729,63484.1,0.2666,
NK225MWE  ,OOP,20261211,61875.0,            ,131501826,0000000.0000,0000000.0,2625.13,0.275557,141501826,0000000.0000,0000000.0,4122.48,0.270749,63484.1,0.2666,
NK225MWE  ,OOP,20261211,62000.0,            ,131502026,0000000.0000,0000000.0,2692.54,0.27538,141502026,0000000.0000,0000000.0,4052.71,0.270549,63484.1,0.2666,
NK225MWE  ,OOP,20261211,62125.0,            ,131502126,0000000.0000,0000000.0,2729.63,0.274727,141502126,0000000.0000,0000000.0,3977.95,0.269871,63484.1,0.2666,
NK225MWE  ,OOP,20261211,62250.0,            ,131502226,0000000.0000,0000000.0,2784.37,0.27443,141502226,0000000.0000,0000000.0,3908.18,0.26955,63484.1,0.2666,
NK225MWE  ,OOP,20261211,62375.0,            ,131502326,0000000.0000,0000000.0,2831.62,0.273661,141502326,0000000.0000,0000000.0,3830.91,0.268755,63484.1,0.2666,
NK225MWE  ,OOP,20261211,62500.0,            ,131502526,0000000.0000,0000000.0,2886.36,0.273247,141502526,0000000.0000,0000000.0,3761.14,0.268314,63484.1,0.2666,
NK225MWE  ,OOP,20261211,62625.0,            ,131502626,0000000.0000,0000000.0,2946.12,0.273185,141502626,0000000.0000,0000000.0,3696.38,0.268224,63484.1,0.2666,
NK225MWE  ,OOP,20261211,62750.0,            ,131502726,0000000.0000,0000000.0,2998.36,0.272241,141502726,0000000.0000,0000000.0,3624.1,0.267663,63484.1,0.2666,
NK225MWE  ,OOP,20261211,62875.0,            ,131502826,0000000.0000,0000000.0,3050.61,0.27165,141502826,0000000.0000,0000000.0,3551.83,0.267041,63484.1,0.2666,
NK225MWE  ,OOP,20261211,63000.0,            ,131503026,0000000.0000,0000000.0,3075.11,0.27141,141503026,0003730.0000,0000000.0,3497.54,0.266769,63484.1,0.2666,
NK225MWE  ,OOP,20261211,63125.0,            ,131503126,0000000.0000,0000000.0,3165.09,0.270701,141503126,0000000.0000,0000000.0,3417.28,0.266028,63484.1,0.2666,
NK225MWE  ,OOP,20261211,63250.0,            ,131503226,0000000.0000,0000000.0,3224.83,0.269933,141503226,0000000.0000,0000000.0,3352.51,0.265635,63484.1,0.2666,
NK225MWE  ,OOP,20261211,63375.0,            ,131503326,0000000.0000,0000000.0,3289.58,0.270329,141503326,0000000.0000,0000000.0,3292.74,0.265589,63484.1,0.2666,
NK225MWE  ,OOP,20261211,63500.0,            ,131503526,0000000.0000,0000000.0,3338.67,0.269036,141503526,0003290.0000,0000000.0,3217.32,0.264667,63484.1,0.2666,
NK225MWE  ,OOP,20261211,63625.0,            ,131503626,0000000.0000,0000000.0,3402.93,0.268905,141503626,0000000.0000,0000000.0,3157.06,0.264093,63484.1,0.2666,
NK225MWE  ,OOP,20261211,63750.0,            ,131503726,0000000.0000,0000000.0,3464.67,0.268307,141503726,0000000.0000,0000000.0,3094.29,0.263864,63484.1,0.2666,
NK225MWE  ,OOP,20261211,63875.0,            ,131503826,0000000.0000,0000000.0,3523.92,0.267649,141503826,0000000.0000,0000000.0,3029.02,0.263168,63484.1,0.2666,
NK225MWE  ,OOP,20261211,64000.0,            ,131504026,0000000.0000,0000000.0,3585.68,0.266931,141504026,0003125.0000,0000000.0,2966.26,0.262817,63484.1,0.2666,
NK225MWE  ,OOP,20261211,64125.0,            ,131504126,0000000.0000,0000000.0,3647.43,0.26656,141504126,0000000.0000,0000000.0,2903.49,0.262406,63484.1,0.2666,
NK225MWE  ,OOP,20261211,64250.0,            ,131504226,0000000.0000,0000000.0,3716.68,0.266536,141504226,0000000.0000,0000000.0,2848.24,0.263825,63484.1,0.2666,
NK225MWE  ,OOP,20261211,64375.0,            ,131504326,0000000.0000,0000000.0,3775.93,0.265638,141504326,0000000.0000,0000000.0,2782.96,0.261807,63484.1,0.2666,
NK225MWE  ,OOP,20261211,64500.0,            ,131504526,0000000.0000,0000000.0,3845.18,0.265494,141504526,0002795.0000,0000000.0,2727.7,0.261619,63484.1,0.2666,
NK225MWE  ,OOP,20261211,64625.0,            ,131504626,0000000.0000,0000000.0,3919.43,0.265698,141504626,0000000.0000,0000000.0,2677.44,0.260963,63484.1,0.2666,
NK225MWE  ,OOP,20261211,64750.0,            ,131504726,0000000.0000,0000000.0,3986.18,0.265026,141504726,0000000.0000,0000000.0,2619.67,0.260653,63484.1,0.2666,
NK225MWE  ,OOP,20261211,64875.0,            ,131504826,0000000.0000,0000000.0,4047.93,0.263884,141504826,0000000.0000,0000000.0,2556.91,0.260282,63484.1,0.2666,
NK225MWE  ,OOP,20261211,65000.0,            ,131505026,0000000.0000,0000000.0,4119.68,0.263908,141505026,0002680.0000,0000000.0,2529.98,0.260261,63484.1,0.2666,
NK225MWE  ,OOP,20261211,65125.0,            ,131505126,0000000.0000,0000000.0,4193.93,0.263874,141505126,0000000.0000,0000000.0,2453.87,0.259768,63484.1,0.2666,
NK225MWE  ,OOP,20261211,65250.0,            ,131505226,0000000.0000,0000000.0,4265.7,0.26337,141505226,0002500.0000,0000000.0,2401.13,0.259625,63484.1,0.2666,
NK225MWE  ,OOP,20261211,65375.0,            ,131505326,0000000.0000,0000000.0,4339.95,0.263217,141505326,0000000.0000,0000000.0,2350.86,0.259009,63484.1,0.2666,
NK225MWE  ,OOP,20261211,65500.0,            ,131505526,0000000.0000,0000000.0,4406.7,0.262591,141505526,0002330.0000,0000000.0,2293.1,0.257501,63484.1,0.2666,
NK225MWE  ,OOP,20261211,65625.0,            ,131505626,0000000.0000,0000000.0,4483.46,0.262318,141505626,0000000.0000,0000000.0,2245.33,0.257588,63484.1,0.2666,
NK225MWE  ,OOP,20261211,65750.0,            ,131505726,0000000.0000,0000000.0,4552.7,0.261568,141505726,0000000.0000,0000000.0,2190.07,0.256781,63484.1,0.2666,
NK225MWE  ,OOP,20261211,65875.0,            ,131505826,0000000.0000,0000000.0,4631.96,0.261592,141505826,0000000.0000,0000000.0,2144.81,0.256748,63484.1,0.2666,
NK225MWE  ,OOP,20261211,66000.0,            ,131506026,0000000.0000,0000000.0,4698.7,0.260298,141506026,0002260.0000,0000000.0,2095.01,0.259178,63484.1,0.2666,
NK225MWE  ,OOP,20261211,66125.0,            ,131506126,0000000.0000,0000000.0,4762.93,0.258935,141506126,0000000.0000,0000000.0,2026.74,0.253966,63484.1,0.2666,
NK225MWE  ,OOP,20261211,66250.0,            ,131506226,0000000.0000,0000000.0,4852.22,0.259622,141506226,0000000.0000,0000000.0,1991.52,0.254592,63484.1,0.2666,
NK225MWE  ,OOP,20261211,66375.0,            ,131506326,0000000.0000,0000000.0,4941.5,0.260256,141506326,0000000.0000,0000000.0,1956.29,0.255164,63484.1,0.2666,
NK225MWE  ,OOP,20261211,66500.0,            ,131506526,0000000.0000,0000000.0,5010.74,0.259129,141506526,0000000.0000,0000000.0,1901.01,0.253968,63484.1,0.2666,
NK225MWE  ,OOP,20261211,66625.0,            ,131506626,0000000.0000,0000000.0,5082.48,0.257934,141506626,0000000.0000,0000000.0,1908.89,0.253133,63484.1,0.2666,
NK225MWE  ,OOP,20261211,66750.0,            ,131506726,0000000.0000,0000000.0,5174.27,0.258828,141506726,0000000.0000,0000000.0,1815.51,0.25353,63484.1,0.2666,
NK225MWE  ,OOP,20261211,66875.0,            ,131506826,0000000.0000,0000000.0,5263.56,0.25924,141506826,0000000.0000,0000000.0,1780.28,0.253873,63484.1,0.2666,
NK225MWE  ,OOP,20261211,67000.0,            ,131507026,0000000.0000,0000000.0,5347.81,0.259164,141507026,0000000.0000,0000000.0,1784.67,0.253723,63484.1,0.2666,
NK225MWE  ,OOP,20261211,67125.0,            ,131507126,0000000.0000,0000000.0,5427.09,0.258591,141507126,0000000.0000,0000000.0,1694.78,0.253073,63484.1,0.2666,
NK225MWE  ,OOP,20261211,67250.0,            ,131507226,0000000.0000,0000000.0,5493.8,0.256628,141507226,0000000.0000,0000000.0,1700.72,0.251469,63484.1,0.2666,
NK225MWE  ,OOP,20261211,67375.0,            ,131507326,0000000.0000,0000000.0,5575.56,0.255917,141507326,0000000.0000,0000000.0,1594.22,0.251126,63484.1,0.2666,
NK225MWE  ,OOP,20261211,67500.0,            ,131507526,0000000.0000,0000000.0,5667.35,0.256486,141507526,0000000.0000,0000000.0,1561.5,0.251172,63484.1,0.2666,
NK225MWE  ,OOP,20261211,67625.0,            ,131507626,0000000.0000,0000000.0,5751.62,0.256103,141507626,0000000.0000,0000000.0,1521.25,0.250706,63484.1,0.2666,
NK225MWE  ,OOP,20261211,67750.0,            ,131507726,0000000.0000,0000000.0,5855.95,0.257474,141507726,0000000.0000,0000000.0,1501.06,0.252004,63484.1,0.2666,
NK225MWE  ,OOP,20261211,67875.0,            ,131507826,0000000.0000,0000000.0,5932.69,0.256066,141507826,0000000.0000,0000000.0,1453.29,0.250963,63484.1,0.2666,
NK225MWE  ,OOP,20261211,68000.0,            ,131508026,0000000.0000,0000000.0,6032.02,0.256884,141508026,0000000.0000,0000000.0,1468.45,0.251704,63484.1,0.2666,
NK225MWE  ,OOP,20261211,68125.0,            ,131508126,0000000.0000,0000000.0,6103.73,0.254873,141508126,0000000.0000,0000000.0,1375.29,0.250062,63484.1,0.2666,
NK225MWE  ,OOP,20261211,68250.0,            ,131508226,0000000.0000,0000000.0,6213.08,0.25652,141508226,0000000.0000,0000000.0,1385.65,0.251165,63484.1,0.2666,
