UnderlyingName,OptionType,ContractMonth,StrikePrice,Col5,CallSecurityCode,CallBid,CallAsk,CallClose,TheoreticalPrice,PutSecurityCode,PutBid,PutAsk,UnderlyingClose,IV,BaseVolatility,Delta,ContractMonthDt
NK225E    ,OOP,202610,20000.0,            ,131580018,0000001.0000,0000000.0,0.0,0.874135,141580018,0000000.0000,0000000.0,43586.13,1.911584,63923.0,0.2573,2026-10-01
NK225E    ,OOP,202610,22500.0,            ,131342518,0000000.0000,0000000.0,0.0,0.874135,141342518,0000000.0000,0000000.0,41088.27,1.715767,63923.0,0.2573,2026-10-01
NK225E    ,OOP,202610,25000.0,            ,131345018,0000001.0000,0000000.0,0.01,0.874135,141345018,0000000.0000,0000000.0,38590.42,1.564031,63923.0,0.2573,2026-10-01
NK225E    ,OOP,202610,26000.0,            ,181226018,0000001.0000,0000000.0,1.5,1.054725,191226018,0000000.0000,0000000.0,37591.3,1.498849,63923.0,0.2573,2026-10-01
NK225E    ,OOP,202610,27000.0,            ,181227018,0000002.0000,0000000.0,1.5,1.01194,191227018,0000000.0000,0000000.0,36592.21,1.43622,63923.0,0.2573,2026-10-01
NK225E    ,OOP,202610,28000.0,            ,181228018,0000002.0000,0000000.0,1.5,0.970707,191228018,0000000.0000,0000000.0,35593.17,1.375952,63923.0,0.2573,2026-10-01
NK225E    ,OOP,202610,29000.0,            ,181229018,0000002.0000,0000000.0,1.5,0.93091,191229018,0000000.0000,0000000.0,34594.22,1.336883,63923.0,0.2573,2026-10-01
NK225E    ,OOP,202610,30000.0,            ,181220018,0000002.0000,0000000.0,2.51,0.9401,191220018,0000000.0000,0000000.0,33595.42,1.280411,63923.0,0.2573,2026-10-01
NK225E    ,OOP,202610,31000.0,            ,181221018,0000002.0000,0000000.0,2.51,0.901052,191221018,0000000.0000,0000000.0,32596.88,1.225846,63923.0,0.2573,2026-10-01
NK225E    ,OOP,202610,32000.0,            ,181222018,0000003.0000,0000000.0,2.51,0.879252,191222018,0000000.0000,0000000.0,31598.73,1.189483,63923.0,0.2573,2026-10-01
NK225E    ,OOP,202610,33000.0,            ,181223018,0000004.0000,0000000.0,3.52,0.865911,191223018,0000000.0000,0000000.0,30600.52,1.137975,63923.0,0.2573,2026-10-01
NK225E    ,OOP,202610,34000.0,            ,131104018,0000004.0000,0000000.0,4.0,0.83789,141104018,0000000.0000,0000000.0,29601.84,1.088035,63923.0,0.2573,2026-10-01
NK225E    ,OOP,202610,35000.0,            ,131105018,0000005.0000,0000000.0,5.03,0.817481,141105018,0000000.0000,0000000.0,28603.15,1.039567,63923.0,0.2573,2026-10-01
NK225E    ,OOP,202610,36000.0,            ,131106018,0000005.0000,0000000.0,5.0,0.781336,141106018,0000000.0000,0000000.0,27604.94,1.006317,63923.0,0.2573,2026-10-01
NK225E    ,OOP,202610,37000.0,            ,131107018,0000007.0000,0000000.0,7.04,0.770015,141107018,0000000.0000,0000000.0,26607.19,0.960182,63923.0,0.2573,2026-10-01
NK225E    ,OOP,202610,38000.0,            ,131108018,0000008.0000,0000000.0,7.92,0.743689,141108018,0000000.0000,0000000.0,25609.43,0.927528,63923.0,0.2573,2026-10-01
NK225E    ,OOP,202610,39000.0,            ,131109018,0000009.0000,0000000.0,8.42,0.713145,141109018,0000000.0000,0000000.0,24610.73,0.88345,63923.0,0.2573,2026-10-01
NK225E    ,OOP,202610,40000.0,            ,131100018,0000011.0000,0000000.0,11.58,0.69785,141100018,0000000.0000,0000000.0,23613.91,0.851327,63923.0,0.2573,2026-10-01
NK225E    ,OOP,202610,41000.0,            ,131101018,0000013.0000,0000000.0,12.87,0.669807,141101018,0000000.0000,0000000.0,22616.14,0.809067,63923.0,0.2573,2026-10-01
NK225E    ,OOP,202610,42000.0,            ,131102018,0000016.0000,0000000.0,14.61,0.646867,141102018,0000000.0000,0000000.0,21618.82,0.777408,63923.0,0.2573,2026-10-01
NK225E    ,OOP,202610,42750.0,            ,131102718,0000000.0000,0000000.0,17.32,0.631075,141102718,0000000.0000,0000000.0,20871.77,0.746832,63923.0,0.2573,2026-10-01
NK225E    ,OOP,202610,43000.0,            ,131103018,0000019.0000,0000000.0,18.31,0.622655,141103018,0000000.0000,0000000.0,20621.97,0.736752,63923.0,0.2573,2026-10-01
NK225E    ,OOP,202610,43250.0,            ,131103218,0000000.0000,0000000.0,18.31,0.618567,141103218,0000000.0000,0000000.0,20373.1,0.726727,63923.0,0.2573,2026-10-01
NK225E    ,OOP,202610,43500.0,            ,131103518,0000000.0000,0000000.0,19.3,0.614247,141103518,0000000.0000,0000000.0,20124.24,0.725416,63923.0,0.2573,2026-10-01
NK225E    ,OOP,202610,43750.0,            ,131103718,0000000.0000,0000000.0,20.29,0.609719,141103718,0000000.0000,0000000.0,19875.37,0.715424,63923.0,0.2573,2026-10-01
NK225E    ,OOP,202610,44000.0,            ,181104018,0000021.0000,0000000.0,21.67,0.605003,191104018,0000000.0000,0000000.0,19626.5,0.705485,63923.0,0.2573,2026-10-01
NK225E    ,OOP,202610,44250.0,            ,131104218,0000000.0000,0000000.0,22.27,0.600115,141104218,0000000.0000,0000000.0,19377.63,0.695597,63923.0,0.2573,2026-10-01
NK225E    ,OOP,202610,44500.0,            ,131104518,0000000.0000,0000000.0,22.27,0.59507,141104518,0000000.0000,0000000.0,19128.76,0.693706,63923.0,0.2573,2026-10-01
NK225E    ,OOP,202610,44750.0,            ,131104718,0000000.0000,0000000.0,23.25,0.586671,141104718,0000000.0000,0000000.0,18879.42,0.683848,63923.0,0.2573,2026-10-01
NK225E    ,OOP,202610,45000.0,            ,181105018,0000025.0000,0000000.0,24.99,0.587553,191105018,0000000.0000,0000000.0,18631.02,0.674039,63923.0,0.2573,2026-10-01
NK225E    ,OOP,202610,45250.0,            ,131105218,0000000.0000,0000000.0,23.49,0.574649,141105218,0000000.0000,0000000.0,18381.2,0.664279,63923.0,0.2573,2026-10-01
NK225E    ,OOP,202610,45500.0,            ,131105518,0000000.0000,0000000.0,25.89,0.573275,141105518,0000000.0000,0000000.0,18133.74,0.654567,63923.0,0.2573,2026-10-01
NK225E    ,OOP,202610,45750.0,            ,131105718,0000000.0000,0000000.0,25.31,0.562367,141105718,0000000.0000,0000000.0,17883.45,0.644903,63923.0,0.2573,2026-10-01
NK225E    ,OOP,202610,46000.0,            ,181106018,0000029.0000,0000000.0,28.99,0.564715,191106018,0000000.0000,0000000.0,17635.51,0.642448,63923.0,0.2573,2026-10-01
NK225E    ,OOP,202610,46250.0,            ,131106218,0000000.0000,0000000.0,27.59,0.552723,141106218,0000000.0000,0000000.0,17386.16,0.632807,63923.0,0.2573,2026-10-01
NK225E    ,OOP,202610,46500.0,            ,131106518,0000038.0000,0000000.0,28.5,0.546674,141106518,0000000.0000,0000000.0,17137.27,0.62321,63923.0,0.2573,2026-10-01
NK225E    ,OOP,202610,46750.0,            ,131106718,0000000.0000,0000000.0,29.86,0.541677,141106718,0000000.0000,0000000.0,16888.86,0.620311,63923.0,0.2573,2026-10-01
NK225E    ,OOP,202610,47000.0,            ,181107018,0000035.0000,0000000.0,31.7,0.537593,191107018,0000000.0000,0000000.0,16640.91,0.610736,63923.0,0.2573,2026-10-01
NK225E    ,OOP,202610,47250.0,            ,131107218,0000000.0000,0000000.0,34.0,0.534266,141107218,0000000.0000,0000000.0,16393.42,0.601203,63923.0,0.2573,2026-10-01
NK225E    ,OOP,202610,47500.0,            ,131107518,0000039.0000,0000000.0,33.96,0.525798,141107518,0000000.0000,0000000.0,16143.59,0.591713,63923.0,0.2573,2026-10-01
NK225E    ,OOP,202610,47750.0,            ,131107718,0000000.0000,0000000.0,34.85,0.519289,141107718,0000000.0000,0000000.0,15894.7,0.588389,63923.0,0.2573,2026-10-01
NK225E    ,OOP,202610,48000.0,            ,181108018,0000039.0000,0000000.0,38.55,0.517133,191108018,0000000.0000,0000000.0,15648.14,0.578915,63923.0,0.2573,2026-10-01
NK225E    ,OOP,202610,48250.0,            ,131108218,0000000.0000,0000000.0,39.43,0.511413,141108218,0000000.0000,0000000.0,15399.7,0.575249,63923.0,0.2573,2026-10-01
NK225E    ,OOP,202610,48500.0,            ,131108518,0000042.0000,0000000.0,40.78,0.507579,141108518,0000000.0000,0000000.0,15151.27,0.565792,63923.0,0.2573,2026-10-01
NK225E    ,OOP,202610,48750.0,            ,131108718,0000050.0000,0000000.0,42.13,0.50254,141108718,0000000.0000,0000000.0,14902.83,0.556373,63923.0,0.2573,2026-10-01
NK225E    ,OOP,202610,49000.0,            ,181109018,0000048.0000,0000000.0,48.0,0.500497,191109018,0000000.0000,0000000.0,14654.85,0.552371,63923.0,0.2573,2026-10-01
NK225E    ,OOP,202610,49250.0,            ,131109218,0000050.0000,0000000.0,49.99,0.495027,141109218,0000000.0000,0000000.0,14407.81,0.542965,63923.0,0.2573,2026-10-01
NK225E    ,OOP,202610,49500.0,            ,131109518,0000052.0000,0000000.0,51.99,0.489429,141109518,0000000.0000,0000000.0,14160.29,0.538676,63923.0,0.2573,2026-10-01
NK225E    ,OOP,202610,49750.0,            ,131109718,0000059.0000,0000000.0,52.89,0.47948,141109718,0000000.0000,0000000.0,13912.3,0.529282,63923.0,0.2573,2026-10-01
NK225E    ,OOP,202610,50000.0,            ,181100018,0000054.0000,0000000.0,54.0,0.475178,191100018,0000000.0000,0000000.0,13665.25,0.524728,63923.0,0.2573,2026-10-01
NK225E    ,OOP,202610,50250.0,            ,131100218,0000060.0000,0000000.0,57.82,0.470644,141100218,0000000.0000,0000000.0,13417.25,0.515345,63923.0,0.2573,2026-10-01
NK225E    ,OOP,202610,50500.0,            ,131100518,0000062.0000,0000000.0,62.0,0.468356,141100518,0000000.0000,0000000.0,13170.18,0.510544,63923.0,0.2573,2026-10-01
NK225E    ,OOP,202610,50750.0,            ,131100718,0000062.0000,0000000.0,63.25,0.460952,141100718,0000000.0000,0000000.0,12923.57,0.501168,63923.0,0.2573,2026-10-01
NK225E    ,OOP,202610,51000.0,            ,181101018,0000067.0000,0000000.0,73.16,0.454682,191101018,0000000.0000,0000000.0,12676.02,0.496136,63923.0,0.2573,2026-10-01
NK225E    ,OOP,202610,51250.0,            ,131101218,0000069.0000,0000000.0,68.18,0.449432,141101218,0000000.0000,0000000.0,12429.4,0.486767,63923.0,0.2573,2026-10-01
NK225E    ,OOP,202610,51500.0,            ,131101518,0000072.0000,0000000.0,71.99,0.445071,141101518,0000000.0000,0000000.0,12183.24,0.481516,63923.0,0.2573,2026-10-01
NK225E    ,OOP,202610,51750.0,            ,131101718,0000076.0000,0000000.0,74.6,0.439062,141101718,0000000.0000,0000000.0,11936.14,0.476085,63923.0,0.2573,2026-10-01
NK225E    ,OOP,202610,52000.0,            ,181102018,0000080.0000,0000000.0,80.0,0.43564,191102018,0000000.0000,0000000.0,11690.9,0.470482,63923.0,0.2573,2026-10-01
NK225E    ,OOP,202610,52250.0,            ,131102218,0000084.0000,0000000.0,84.0,0.430604,141102218,0000000.0000,0000000.0,11443.78,0.461066,63923.0,0.2573,2026-10-01
NK225E    ,OOP,202610,52500.0,            ,131102518,0000094.0000,0000000.0,86.44,0.423613,141102518,0000000.0000,0000000.0,11198.99,0.455277,63923.0,0.2573,2026-10-01
NK225E    ,OOP,202610,52750.0,            ,181102718,0000092.0000,0000000.0,89.89,0.418182,191102718,0000000.0000,0000000.0,10952.79,0.449333,63923.0,0.2573,2026-10-01
NK225E    ,OOP,202610,53000.0,            ,181103018,0000095.0000,0000000.0,95.92,0.41357,191103018,0000000.0000,0000000.0,10707.51,0.443243,63923.0,0.2573,2026-10-01
NK225E    ,OOP,202610,53250.0,            ,181103218,0000101.0000,0000000.0,99.26,0.407857,191103218,0000000.0000,0000000.0,10463.16,0.437012,63923.0,0.2573,2026-10-01
NK225E    ,OOP,202610,53500.0,            ,181103518,0000111.0000,0000000.0,104.19,0.402883,191103518,0000000.0000,0000000.0,10219.26,0.430646,63923.0,0.2573,2026-10-01
NK225E    ,OOP,202610,53750.0,            ,181103718,0000113.0000,0000000.0,113.0,0.400235,191103718,0000000.0000,0000000.0,9973.94,0.424151,63923.0,0.2573,2026-10-01
NK225E    ,OOP,202610,54000.0,            ,131224018,0000117.0000,0000000.0,117.0,0.393924,141224018,0000000.0000,0000000.0,9730.48,0.420409,63923.0,0.2573,2026-10-01
NK225E    ,OOP,202610,54250.0,            ,181104218,0000124.0000,0000000.0,121.95,0.388109,191104218,0000000.0000,0000000.0,9487.47,0.413577,63923.0,0.2573,2026-10-01
NK225E    ,OOP,202610,54500.0,            ,181104518,0000141.0000,0000000.0,129.36,0.383422,191104518,0000000.0000,0000000.0,9245.38,0.40663,63923.0,0.2573,2026-10-01
NK225E    ,OOP,202610,54750.0,            ,181104718,0000139.0000,0000000.0,137.75,0.379034,191104718,0000000.0000,0000000.0,9003.28,0.402154,63923.0,0.2573,2026-10-01
NK225E    ,OOP,202610,55000.0,            ,131225018,0000146.0000,0000000.0,146.0,0.374908,141225018,0000000.0000,0000000.0,8761.15,0.397381,63923.0,0.2573,2026-10-01
NK225E    ,OOP,202610,55250.0,            ,181105218,0000154.0000,0000000.0,154.0,0.369916,191105218,0000000.0000,0000000.0,8519.95,0.38996,63923.0,0.2573,2026-10-01
NK225E    ,OOP,202610,55500.0,            ,181105518,0000164.0000,0000000.0,164.0,0.365686,191105518,0000000.0000,0000000.0,8278.25,0.384741,63923.0,0.2573,2026-10-01
NK225E    ,OOP,202610,55750.0,            ,181105718,0000176.0000,0000000.0,173.28,0.360634,191105718,0000000.0000,0000000.0,8039.34,0.379266,63923.0,0.2573,2026-10-01
NK225E    ,OOP,202610,56000.0,            ,131226018,0000185.0000,0000000.0,184.99,0.356705,141226018,0000000.0000,0000000.0,7800.87,0.373547,63923.0,0.2573,2026-10-01
NK225E    ,OOP,202610,56250.0,            ,181106218,0000197.0000,0000000.0,196.99,0.352397,191106218,0000000.0000,0000000.0,7562.85,0.369623,63923.0,0.2573,2026-10-01
NK225E    ,OOP,202610,56500.0,            ,181106518,0000211.0000,0000000.0,211.0,0.348577,191106518,0000000.0000,0000000.0,7326.21,0.363375,63923.0,0.2573,2026-10-01
NK225E    ,OOP,202610,56750.0,            ,181106718,0000224.0000,0000000.0,224.0,0.34395,191106718,0000000.0000,0000000.0,7090.95,0.358785,63923.0,0.2573,2026-10-01
NK225E    ,OOP,202610,57000.0,            ,131227018,0000242.0000,0000000.0,242.0,0.340884,141227018,0000000.0000,0000000.0,6858.49,0.355627,63923.0,0.2573,2026-10-01
NK225E    ,OOP,202610,57250.0,            ,181107218,0000256.0000,0000000.0,256.0,0.335874,191107218,0000000.0000,0000000.0,6624.1,0.35029,63923.0,0.2573,2026-10-01
NK225E    ,OOP,202610,57500.0,            ,181107518,0000280.0000,0000000.0,273.0,0.331573,191107518,0000000.0000,0000000.0,6394.87,0.346278,63923.0,0.2573,2026-10-01
NK225E    ,OOP,202610,57750.0,            ,181107718,0000320.0000,0000000.0,292.26,0.32753,191107718,0000000.0000,0000000.0,6163.23,0.34184,63923.0,0.2573,2026-10-01
NK225E    ,OOP,202610,58000.0,            ,131228018,0000315.0000,0000000.0,314.99,0.324309,141228018,0000000.0000,0000000.0,5936.28,0.337,63923.0,0.2573,2026-10-01
NK225E    ,OOP,202610,58250.0,            ,181108218,0000335.0000,0000000.0,334.99,0.319664,191108218,0000000.0000,0000000.0,5709.29,0.333215,63923.0,0.2573,2026-10-01
NK225E    ,OOP,202610,58375.0,            ,181108318,0000000.0000,0000000.0,350.57,0.318654,191108318,0000000.0000,0000000.0,5595.77,0.330439,63923.0,0.2573,2026-10-01
NK225E    ,OOP,202610,58500.0,            ,181108518,0000365.0000,0000000.0,364.99,0.317477,191108518,0000000.0000,0000000.0,5486.99,0.328951,63923.0,0.2573,2026-10-01
NK225E    ,OOP,202610,58625.0,            ,181108618,0000400.0000,0000000.0,377.75,0.314744,191108618,0000000.0000,0000000.0,5373.45,0.325974,63923.0,0.2573,2026-10-01
NK225E    ,OOP,202610,58750.0,            ,181108718,0000420.0000,0000000.0,390.1,0.313286,191108718,0000000.0000,0000000.0,5264.65,0.325553,63923.0,0.2573,2026-10-01
NK225E    ,OOP,202610,58875.0,            ,181108818,0000000.0000,0000000.0,407.41,0.311678,191108818,0000000.0000,0000000.0,5153.46,0.32236,63923.0,0.2573,2026-10-01
NK225E    ,OOP,202610,59000.0,            ,131229018,0000425.0000,0000000.0,424.99,0.311229,141229018,0000000.0000,0000000.0,5042.25,0.320355,63923.0,0.2573,2026-10-01
NK225E    ,OOP,202610,59125.0,            ,181109118,0000465.0000,0000000.0,437.07,0.308034,191109118,0000000.0000,0000000.0,4933.4,0.318223,63923.0,0.2573,2026-10-01
NK225E    ,OOP,202610,59250.0,            ,181109218,0000465.0000,0000000.0,451.89,0.306006,191109218,0000000.0000,0000000.0,4824.55,0.315966,63923.0,0.2573,2026-10-01
NK225E    ,OOP,202610,59375.0,            ,181109318,0000475.0000,0000000.0,474.99,0.306291,191109318,0000000.0000,0000000.0,4720.45,0.314782,63923.0,0.2573,2026-10-01
NK225E    ,OOP,202610,59500.0,            ,181109518,0000500.0000,0000000.0,499.99,0.306338,191109518,0000000.0000,0000000.0,4611.56,0.313432,63923.0,0.2573,2026-10-01
NK225E    ,OOP,202610,59625.0,            ,181109618,0000565.0000,0000000.0,508.77,0.301495,191109618,0000000.0000,0000000.0,4507.44,0.311922,63923.0,0.2573,2026-10-01
NK225E    ,OOP,202610,59750.0,            ,181109718,0000590.0000,0000000.0,526.07,0.300063,191109718,0000000.0000,0000000.0,4400.91,0.309133,63923.0,0.2573,2026-10-01
NK225E    ,OOP,202610,59875.0,            ,181109818,0000605.0000,0000000.0,548.34,0.298467,191109818,0000000.0000,0000000.0,4296.77,0.308441,63923.0,0.2573,2026-10-01
NK225E    ,OOP,202610,60000.0,            ,131220018,0000575.0000,0000000.0,575.0,0.298915,141220018,0000000.0000,0000000.0,4192.6,0.306477,63923.0,0.2573,2026-10-01
NK225E    ,OOP,202610,60125.0,            ,181100118,0000655.0000,0000000.0,590.39,0.295885,191100118,0000000.0000,0000000.0,4090.82,0.304369,63923.0,0.2573,2026-10-01
NK225E    ,OOP,202610,60250.0,            ,181100218,0000680.0000,0000000.0,612.65,0.294369,191100218,0000000.0000,0000000.0,3989.02,0.303163,63923.0,0.2573,2026-10-01
NK225E    ,OOP,202610,60375.0,            ,181100318,0000705.0000,0000000.0,637.4,0.293121,191100318,0000000.0000,0000000.0,3892.03,0.301783,63923.0,0.2573,2026-10-01
NK225E    ,OOP,202610,60500.0,            ,181100518,0000660.0000,0000000.0,660.0,0.291254,191100518,0000000.0000,0000000.0,3785.37,0.299224,63923.0,0.2573,2026-10-01
NK225E    ,OOP,202610,60625.0,            ,181100618,0000000.0000,0000000.0,689.38,0.289711,191100618,0000000.0000,0000000.0,3690.76,0.298515,63923.0,0.2573,2026-10-01
NK225E    ,OOP,202610,60750.0,            ,181100718,0000735.0000,0000000.0,714.12,0.288809,191100718,0000000.0000,0000000.0,3588.88,0.296635,63923.0,0.2573,2026-10-01
NK225E    ,OOP,202610,60875.0,            ,181100818,0000000.0000,0000000.0,746.22,0.286111,191100818,0000000.0000,0000000.0,3489.39,0.294595,63923.0,0.2573,2026-10-01
NK225E    ,OOP,202610,61000.0,            ,131221018,0000815.0000,0000000.0,771.06,0.28597,141221018,0000000.0000,0000000.0,3397.16,0.293342,63923.0,0.2573,2026-10-01
NK225E    ,OOP,202610,61125.0,            ,181101118,0000930.0000,0000000.0,798.29,0.284347,191101118,0000000.0000,0000000.0,3304.92,0.292836,63923.0,0.2573,2026-10-01
NK225E    ,OOP,202610,61250.0,            ,181101218,0000920.0000,0000000.0,830.48,0.283177,191101218,0000000.0000,0000000.0,3205.35,0.290289,63923.0,0.2573,2026-10-01
NK225E    ,OOP,202610,61375.0,            ,181101318,0000900.0000,0000000.0,860.19,0.281538,191101318,0000000.0000,0000000.0,3120.38,0.289401,63923.0,0.2573,2026-10-01
NK225E    ,OOP,202610,61500.0,            ,181101518,0000900.0000,0000000.0,899.99,0.281441,191101518,0000000.0000,0000000.0,3020.76,0.286527,63923.0,0.2573,2026-10-01
NK225E    ,OOP,202610,61625.0,            ,181101618,0000000.0000,0000000.0,932.4,0.279383,191101618,0000000.0000,0000000.0,2935.75,0.28615,63923.0,0.2573,2026-10-01
NK225E    ,OOP,202610,61750.0,            ,181101718,0000970.0000,0000000.0,970.0,0.278897,191101718,0000000.0000,0000000.0,2840.95,0.283816,63923.0,0.2573,2026-10-01
NK225E    ,OOP,202610,61875.0,            ,131101818,0000000.0000,0000000.0,993.93,0.276466,141101818,0000000.0000,0000000.0,2755.91,0.283033,63923.0,0.2573,2026-10-01
NK225E    ,OOP,202610,62000.0,            ,131222018,0001035.0000,0000000.0,1034.99,0.274716,141222018,0000000.0000,0000000.0,2666.86,0.281192,63923.0,0.2573,2026-10-01
NK225E    ,OOP,202610,62125.0,            ,131102118,0000000.0000,0000000.0,1068.26,0.273618,141102118,0000000.0000,0000000.0,2585.79,0.280849,63923.0,0.2573,2026-10-01
NK225E    ,OOP,202610,62250.0,            ,181102218,0001165.0000,0000000.0,1115.39,0.272378,191102218,0000000.0000,0000000.0,2493.31,0.277784,63923.0,0.2573,2026-10-01
NK225E    ,OOP,202610,62375.0,            ,131102318,0000000.0000,0000000.0,1160.03,0.271627,141102318,0000000.0000,0000000.0,2376.98,0.278683,63923.0,0.2573,2026-10-01
NK225E    ,OOP,202610,62500.0,            ,131222518,0001290.0000,0000000.0,1202.18,0.269902,141222518,0000000.0000,0000000.0,2365.41,0.276061,63923.0,0.2573,2026-10-01
NK225E    ,OOP,202610,62625.0,            ,131102618,0000000.0000,0000000.0,1251.8,0.268786,141102618,0000000.0000,0000000.0,2270.08,0.275693,63923.0,0.2573,2026-10-01
NK225E    ,OOP,202610,62750.0,            ,131222718,0001300.0000,0000000.0,1299.99,0.269071,141222718,0000000.0000,0000000.0,2163.85,0.27268,63923.0,0.2573,2026-10-01
NK225E    ,OOP,202610,62875.0,            ,131102818,0000000.0000,0000000.0,1338.57,0.266482,141102818,0000000.0000,0000000.0,2094.36,0.27349,63923.0,0.2573,2026-10-01
NK225E    ,OOP,202610,63000.0,            ,131223018,0001400.0000,0000000.0,1400.0,0.26734,141223018,0001940.0000,0000000.0,2039.62,0.270013,63923.0,0.2573,2026-10-01
NK225E    ,OOP,202610,63125.0,            ,131103118,0000000.0000,0000000.0,1437.8,0.264202,141103118,0000000.0000,0000000.0,1963.59,0.271226,63923.0,0.2573,2026-10-01
NK225E    ,OOP,202610,63250.0,            ,131223218,0000000.0000,0000000.0,1489.91,0.262344,141223218,0000000.0000,0000000.0,1893.2,0.267393,63923.0,0.2573,2026-10-01
NK225E    ,OOP,202610,63375.0,            ,131103318,0001990.0000,0000000.0,1539.52,0.259917,141103318,0000000.0000,0000000.0,1820.31,0.266511,63923.0,0.2573,2026-10-01
NK225E    ,OOP,202610,63500.0,            ,131223518,0001695.0000,0000000.0,1596.62,0.26067,141223518,0001735.0000,0000000.0,1735.0,0.263042,63923.0,0.2573,2026-10-01
NK225E    ,OOP,202610,63625.0,            ,131103618,0000000.0000,0000000.0,1651.22,0.255959,141103618,0000000.0000,0000000.0,1684.53,0.262495,63923.0,0.2573,2026-10-01
NK225E    ,OOP,202610,63750.0,            ,131223718,0000000.0000,0000000.0,1670.79,0.257558,141223718,0001375.0000,0000000.0,1651.65,0.264074,63923.0,0.2573,2026-10-01
NK225E    ,OOP,202610,63875.0,            ,131103818,0000000.0000,0000000.0,1747.89,0.253874,141103818,0000000.0000,0000000.0,1548.74,0.260706,63923.0,0.2573,2026-10-01
NK225E    ,OOP,202610,64000.0,            ,181224018,0000000.0000,0000000.0,1842.0,0.255327,191224018,0001480.0000,0000000.0,1480.0,0.260247,63923.0,0.2573,2026-10-01
NK225E    ,OOP,202610,64125.0,            ,131104118,0000000.0000,0000000.0,1899.22,0.254638,141104118,0000000.0000,0000000.0,1437.95,0.261129,63923.0,0.2573,2026-10-01
NK225E    ,OOP,202610,64250.0,            ,131224218,0000000.0000,0000000.0,1981.22,0.252916,141224218,0001240.0000,0000000.0,1372.54,0.259412,63923.0,0.2573,2026-10-01
NK225E    ,OOP,202610,64375.0,            ,131104318,0000000.0000,0000000.0,2028.15,0.250148,141104318,0000000.0000,0000000.0,1304.62,0.256655,63923.0,0.2573,2026-10-01
NK225E    ,OOP,202610,64500.0,            ,131224518,0002145.0000,0000000.0,2093.35,0.250309,141224518,0001145.0000,0000000.0,1256.74,0.257631,63923.0,0.2573,2026-10-01
NK225E    ,OOP,202610,64625.0,            ,131104618,0000000.0000,0000000.0,2167.12,0.248623,141104618,0000000.0000,0000000.0,1191.32,0.255172,63923.0,0.2573,2026-10-01
NK225E    ,OOP,202610,64750.0,            ,131224718,0002815.0000,0000000.0,2243.98,0.248294,141224718,0000960.0000,0000000.0,1165.98,0.255681,63923.0,0.2573,2026-10-01
NK225E    ,OOP,202610,64875.0,            ,131104818,0000000.0000,0000000.0,2308.02,0.246085,141104818,0000000.0000,0000000.0,1093.03,0.252704,63923.0,0.2573,2026-10-01
NK225E    ,OOP,202610,65000.0,            ,181225018,0002880.0000,0000000.0,2395.1,0.246896,191225018,0001035.0000,0000000.0,1034.99,0.253555,63923.0,0.2573,2026-10-01
NK225E    ,OOP,202610,65125.0,            ,131105118,0000000.0000,0000000.0,2469.36,0.245815,141105118,0000760.0000,0000000.0,983.75,0.25232,63923.0,0.2573,2026-10-01
NK225E    ,OOP,202610,65250.0,            ,131225218,0000000.0000,0000000.0,2548.73,0.245313,141225218,0000790.0000,0000000.0,951.87,0.252082,63923.0,0.2573,2026-10-01
NK225E    ,OOP,202610,65375.0,            ,131105318,0000000.0000,0000000.0,2628.09,0.244558,141105318,0000685.0000,0000000.0,883.15,0.251394,63923.0,0.2573,2026-10-01
NK225E    ,OOP,202610,65500.0,            ,131225518,0000000.0000,0000000.0,2710.01,0.243543,141225518,0000790.0000,0000000.0,856.07,0.250455,63923.0,0.2573,2026-10-01
NK225E    ,OOP,202610,65625.0,            ,131105618,0000000.0000,0000000.0,2794.51,0.243137,141105618,0000715.0000,0000000.0,820.72,0.250131,63923.0,0.2573,2026-10-01
NK225E    ,OOP,202610,65750.0,            ,131225718,0000000.0000,0000000.0,2892.38,0.242478,141225718,0000760.0000,0000000.0,759.99,0.247787,63923.0,0.2573,2026-10-01
NK225E    ,OOP,202610,65875.0,            ,131105818,0000000.0000,0000000.0,2966.06,0.241557,141105818,0000640.0000,0000000.0,726.02,0.248027,63923.0,0.2573,2026-10-01
NK225E    ,OOP,202610,66000.0,            ,131346018,0000000.0000,0000000.0,3053.12,0.240362,141346018,0000685.0000,0000000.0,685.0,0.246746,63923.0,0.2573,2026-10-01
NK225E    ,OOP,202610,66125.0,            ,131106118,0000000.0000,0000000.0,3142.77,0.239825,141106118,0000575.0000,0000000.0,666.75,0.247246,63923.0,0.2573,2026-10-01
NK225E    ,OOP,202610,66250.0,            ,131226218,0000000.0000,0000000.0,3235.03,0.239026,141226218,0000615.0000,0000000.0,615.0,0.245625,63923.0,0.2573,2026-10-01
NK225E    ,OOP,202610,66375.0,            ,131106318,0000000.0000,0000000.0,3324.66,0.23795,141106318,0000510.0000,0000000.0,598.56,0.246624,63923.0,0.2573,2026-10-01
NK225E    ,OOP,202610,66500.0,            ,131226518,0000000.0000,0000000.0,3419.53,0.237595,141226518,0000495.0000,0000000.0,563.2,0.246437,63923.0,0.2573,2026-10-01
NK225E    ,OOP,202610,66625.0,            ,131106618,0000000.0000,0000000.0,3514.39,0.236982,141106618,0000000.0000,0000000.0,535.39,0.246011,63923.0,0.2573,2026-10-01
NK225E    ,OOP,202610,66750.0,            ,131226718,0000000.0000,0000000.0,3611.88,0.236096,141226718,0000410.0000,0000000.0,505.05,0.245332,63923.0,0.2573,2026-10-01
NK225E    ,OOP,202610,66875.0,            ,131106818,0000000.0000,0000000.0,3709.36,0.236015,141106818,0000390.0000,0000000.0,470.4,0.244388,63923.0,0.2573,2026-10-01
NK225E    ,OOP,202610,67000.0,            ,131347018,0000000.0000,0000000.0,3809.5,0.235688,141347018,0000445.0000,0000000.0,444.99,0.244256,63923.0,0.2573,2026-10-01
NK225E    ,OOP,202610,67125.0,            ,131107118,0000000.0000,0000000.0,3909.62,0.235101,141107118,0000000.0000,0000000.0,429.16,0.243886,63923.0,0.2573,2026-10-01
NK225E    ,OOP,202610,67250.0,            ,131227218,0000000.0000,0000000.0,4009.74,0.234238,141227218,0000345.0000,0000000.0,403.86,0.243263,63923.0,0.2573,2026-10-01
NK225E    ,OOP,202610,67375.0,            ,131107318,0000000.0000,0000000.0,4112.52,0.233079,141107318,0000330.0000,0000000.0,383.6,0.24356,63923.0,0.2573,2026-10-01
NK225E    ,OOP,202610,67500.0,            ,181227518,0000000.0000,0000000.0,4220.12,0.234143,191227518,0000310.0000,0000000.0,363.34,0.243643,63923.0,0.2573,2026-10-01
NK225E    ,OOP,202610,67625.0,            ,131107618,0000000.0000,0000000.0,4320.74,0.232415,141107618,0000273.0000,0000000.0,338.04,0.242244,63923.0,0.2573,2026-10-01
NK225E    ,OOP,202610,67750.0,            ,131227718,0000000.0000,0000000.0,4429.42,0.231682,141227718,0000273.0000,0000000.0,322.82,0.24312,63923.0,0.2573,2026-10-01
NK225E    ,OOP,202610,67875.0,            ,131107818,0000000.0000,0000000.0,4534.86,0.230654,141107818,0000250.0000,0000000.0,300.03,0.242218,63923.0,0.2573,2026-10-01
NK225E    ,OOP,202610,68000.0,            ,131348018,0000000.0000,0000000.0,4645.17,0.230778,141348018,0000282.0000,0000000.0,282.0,0.243511,63923.0,0.2573,2026-10-01
NK225E    ,OOP,202610,68125.0,            ,131108118,0000000.0000,0000000.0,4751.68,0.23067,141108118,0000193.0000,0000000.0,254.6,0.241812,63923.0,0.2573,2026-10-01
NK225E    ,OOP,202610,68250.0,            ,131228218,0000000.0000,0000000.0,4864.7,0.230312,141228218,0000214.0000,0000000.0,249.34,0.242719,63923.0,0.2573,2026-10-01
NK225E    ,OOP,202610,68375.0,            ,131108318,0000000.0000,0000000.0,4972.83,0.229686,141108318,0000000.0000,0000000.0,236.65,0.241934,63923.0,0.2573,2026-10-01
NK225E    ,OOP,202610,68500.0,            ,131228518,0000000.0000,0000000.0,5085.32,0.228764,141228518,0000194.0000,0000000.0,222.45,0.242132,63923.0,0.2573,2026-10-01
NK225E    ,OOP,202610,68625.0,            ,131108618,0000000.0000,0000000.0,5194.52,0.227516,141108618,0000000.0000,0000000.0,208.75,0.24113,63923.0,0.2573,2026-10-01
NK225E    ,OOP,202610,68750.0,            ,131228718,0000000.0000,0000000.0,5310.29,0.22781,141228718,0000135.0000,0000000.0,196.56,0.24222,63923.0,0.2573,2026-10-01
NK225E    ,OOP,202610,68875.0,            ,131108818,0000000.0000,0000000.0,5421.13,0.225898,141108818,0000170.0000,0000000.0,183.37,0.241393,63923.0,0.2573,2026-10-01
NK225E    ,OOP,202610,69000.0,            ,131349018,0000000.0000,0000000.0,5536.9,0.225652,141349018,0000168.0000,0000000.0,167.99,0.241383,63923.0,0.2573,2026-10-01
NK225E    ,OOP,202610,69125.0,            ,131109118,0000000.0000,0000000.0,5649.92,0.225139,141109118,0000000.0000,0000000.0,162.04,0.241148,63923.0,0.2573,2026-10-01
NK225E    ,OOP,202610,69250.0,            ,131229218,0000000.0000,0000000.0,5768.46,0.226641,141229218,0000148.0000,0000000.0,147.99,0.24147,63923.0,0.2573,2026-10-01
NK225E    ,OOP,202610,69375.0,            ,131109318,0000000.0000,0000000.0,5883.14,0.22319,141109318,0000125.0000,0000000.0,143.23,0.242012,63923.0,0.2573,2026-10-01
NK225E    ,OOP,202610,69500.0,            ,131229518,0000000.0000,0000000.0,6000.59,0.224283,141229518,0000120.0000,0000000.0,134.08,0.242808,63923.0,0.2573,2026-10-01
NK225E    ,OOP,202610,69625.0,            ,131109618,0000000.0000,0000000.0,6114.71,0.222517,141109618,0000000.0000,0000000.0,125.44,0.24165,63923.0,0.2573,2026-10-01
NK225E    ,OOP,202610,69750.0,            ,131229718,0000000.0000,0000000.0,6235.49,0.223204,141229718,0000115.0000,0000000.0,115.0,0.242053,63923.0,0.2573,2026-10-01
NK225E    ,OOP,202610,69875.0,            ,131109818,0000000.0000,0000000.0,6350.15,0.220644,141109818,0000000.0000,0000000.0,110.69,0.241779,63923.0,0.2573,2026-10-01
NK225E    ,OOP,202610,70000.0,            ,131340018,0000000.0000,0000000.0,6470.95,0.220819,141340018,0000103.0000,0000000.0,103.0,0.243314,63923.0,0.2573,2026-10-01
NK225E    ,OOP,202610,70125.0,            ,131100118,0000000.0000,0000000.0,6588.95,0.217186,141100118,0000000.0000,0000000.0,95.94,0.243137,63923.0,0.2573,2026-10-01
NK225E    ,OOP,202610,70250.0,            ,131220218,0000000.0000,0000000.0,6708.64,0.216656,141220218,0000073.0000,0000000.0,91.36,0.2439,63923.0,0.2573,2026-10-01
NK225E    ,OOP,202610,70375.0,            ,131100318,0000000.0000,0000000.0,6827.77,0.215806,141100318,0000000.0000,0000000.0,84.74,0.243757,63923.0,0.2573,2026-10-01
NK225E    ,OOP,202610,70500.0,            ,131220518,0000000.0000,0000000.0,6948.58,0.214582,141220518,0000067.0000,0000000.0,80.16,0.244304,63923.0,0.2573,2026-10-01
NK225E    ,OOP,202610,70625.0,            ,131100618,0000000.0000,0000000.0,7067.15,0.212912,141100618,0000000.0000,0000000.0,73.54,0.243599,63923.0,0.2573,2026-10-01
NK225E    ,OOP,202610,70750.0,            ,131220718,0000000.0000,0000000.0,7187.97,0.210692,141220718,0000056.0000,0000000.0,70.99,0.244558,63923.0,0.2573,2026-10-01
NK225E    ,OOP,202610,70875.0,            ,131100818,0000000.0000,0000000.0,7309.36,0.20777,141100818,0000000.0000,0000000.0,65.38,0.244652,63923.0,0.2573,2026-10-01
NK225E    ,OOP,202610,71000.0,            ,131341018,0000000.0000,0000000.0,7429.05,0.203905,141341018,0000062.0000,0000000.0,61.99,0.245435,63923.0,0.2573,2026-10-01
NK225E    ,OOP,202610,71125.0,            ,131101118,0000000.0000,0000000.0,7551.57,0.206838,141101118,0000051.0000,0000000.0,56.21,0.24562,63923.0,0.2573,2026-10-01
NK225E    ,OOP,202610,71250.0,            ,131221218,0000000.0000,0000000.0,7671.83,0.201546,141221218,0000044.0000,0000000.0,53.66,0.245345,63923.0,0.2573,2026-10-01
NK225E    ,OOP,202610,71375.0,            ,131101318,0000000.0000,0000000.0,7793.79,0.194009,141101318,0000035.0000,0000000.0,50.09,0.245478,63923.0,0.2573,2026-10-01
NK225E    ,OOP,202610,71500.0,            ,131221518,0000000.0000,0000000.0,7915.18,0.18177,141221518,0000038.0000,0000000.0,47.54,0.245836,63923.0,0.2573,2026-10-01
NK225E    ,OOP,202610,71625.0,            ,131101618,0000000.0000,0000000.0,8039.99,0.184589,141101618,0000000.0000,0000000.0,45.24,0.247267,63923.0,0.2573,2026-10-01
NK225E    ,OOP,202610,71750.0,            ,131221718,0000000.0000,0000000.0,8162.53,0.187403,141221718,0000000.0000,0000000.0,42.89,0.247192,63923.0,0.2573,2026-10-01
NK225E    ,OOP,202610,71875.0,            ,181101818,0000000.0000,0000000.0,8283.36,0.151432,191101818,0000035.0000,0000000.0,38.82,0.248167,63923.0,0.2573,2026-10-01
NK225E    ,OOP,202610,72000.0,            ,131342018,0000000.0000,0000000.0,8404.18,0.01,141342018,0000036.0000,0000000.0,35.99,0.246907,63923.0,0.2573,2026-10-01
NK225E    ,OOP,202610,72125.0,            ,181102118,0000000.0000,0000000.0,8528.44,0.01,191102118,0000029.0000,0000000.0,34.12,0.247706,63923.0,0.2573,2026-10-01
NK225E    ,OOP,202610,72250.0,            ,131222218,0000000.0000,0000000.0,8648.69,0.01,141222218,0000000.0000,0000000.0,29.47,0.246895,63923.0,0.2573,2026-10-01
NK225E    ,OOP,202610,72500.0,            ,181102518,0000000.0000,0000000.0,8896.07,0.01,191102518,0000023.0000,0000000.0,26.0,0.248698,63923.0,0.2573,2026-10-01
NK225E    ,OOP,202610,72750.0,            ,181222718,0000000.0000,0000000.0,9142.88,0.01,191222718,0000022.0000,0000000.0,24.09,0.248745,63923.0,0.2573,2026-10-01
NK225E    ,OOP,202610,73000.0,            ,131343018,0000000.0000,0000000.0,9390.28,0.01,141343018,0000020.0000,0000000.0,21.5,0.250118,63923.0,0.2573,2026-10-01
NK225E    ,OOP,202610,73250.0,            ,181223218,0000000.0000,0000000.0,9637.1,0.01,191223218,0000000.0000,0000000.0,18.95,0.252875,63923.0,0.2573,2026-10-01
NK225E    ,OOP,202610,73500.0,            ,181223518,0000000.0000,0000000.0,9885.08,0.01,191223518,0000016.0000,0000000.0,15.99,0.250572,63923.0,0.2573,2026-10-01
NK225E    ,OOP,202610,73750.0,            ,181223718,0000000.0000,0000000.0,10133.07,0.01,191223718,0000013.0000,0000000.0,14.86,0.255642,63923.0,0.2573,2026-10-01
NK225E    ,OOP,202610,74000.0,            ,131344018,0000000.0000,0000000.0,10381.07,0.01,141344018,0000012.0000,0000000.0,12.81,0.256298,63923.0,0.2573,2026-10-01
NK225E    ,OOP,202610,74250.0,            ,181224218,0000000.0000,0000000.0,10629.06,0.01,191224218,0000011.0000,0000000.0,11.0,0.253655,63923.0,0.2573,2026-10-01
NK225E    ,OOP,202610,74500.0,            ,181224518,0000000.0000,0000000.0,10877.64,0.01,191224518,0000008.0000,0000000.0,9.45,0.258459,63923.0,0.2573,2026-10-01
NK225E    ,OOP,202610,74750.0,            ,181224718,0000000.0000,0000000.0,11126.81,0.01,191224718,0000000.0000,0000000.0,8.72,0.2603,63923.0,0.2573,2026-10-01
NK225E    ,OOP,202610,75000.0,            ,181345018,0000000.0000,0000000.0,11375.39,0.01,191345018,0000008.0000,0000000.0,8.0,0.25835,63923.0,0.2573,2026-10-01
NK225E    ,OOP,202610,75250.0,            ,181225218,0000000.0000,0000000.0,11624.57,0.01,191225218,0000000.0000,0000000.0,7.18,0.259825,63923.0,0.2573,2026-10-01
NK225E    ,OOP,202610,75500.0,            ,181225518,0000000.0000,0000000.0,11873.74,0.01,191225518,0000005.0000,0000000.0,6.66,0.267503,63923.0,0.2573,2026-10-01
NK225E    ,OOP,202610,75750.0,            ,181225718,0000000.0000,0000000.0,12122.33,0.01,191225718,0000005.0000,0000000.0,5.64,0.268095,63923.0,0.2573,2026-10-01
NK225E    ,OOP,202610,76000.0,            ,181346018,0000000.0000,0000000.0,12371.51,0.01,191346018,0000005.0000,0000000.0,5.0,0.263095,63923.0,0.2573,2026-10-01
NK225E    ,OOP,202610,76250.0,            ,181226218,0000000.0000,0000000.0,12620.69,0.01,191226218,0000004.0000,0000000.0,3.91,0.267411,63923.0,0.2573,2026-10-01
NK225E    ,OOP,202610,76500.0,            ,181226518,0000000.0000,0000000.0,12870.47,0.01,191226518,0000005.0000,0000000.0,4.99,0.271705,63923.0,0.2573,2026-10-01
NK225E    ,OOP,202610,77000.0,            ,181347018,0000000.0000,0000000.0,13369.42,0.01,191347018,0000004.0000,0000000.0,3.42,0.270037,63923.0,0.2573,2026-10-01
NK225E    ,OOP,202610,77500.0,            ,131227518,0000000.0000,0000000.0,13867.79,0.01,141227518,0000003.0000,0000000.0,2.44,0.269684,63923.0,0.2573,2026-10-01
NK225E    ,OOP,202610,78000.0,            ,181348018,0000000.0000,0000000.0,14367.35,0.01,191348018,0000002.0000,0000000.0,2.44,0.277605,63923.0,0.2573,2026-10-01
NK225E    ,OOP,202610,78500.0,            ,181228518,0000000.0000,0000000.0,14865.72,0.01,191228518,0000002.0000,0000000.0,1.95,0.279883,63923.0,0.2573,2026-10-01
NK225E    ,OOP,202610,79000.0,            ,181349018,0000000.0000,0000000.0,15365.29,0.01,191349018,0000000.0000,0000000.0,1.46,0.280599,63923.0,0.2573,2026-10-01
NK225E    ,OOP,202610,79500.0,            ,181229518,0000000.0000,0000000.0,15864.85,0.01,191229518,0000000.0000,0000000.0,1.46,0.288029,63923.0,0.2573,2026-10-01
NK225E    ,OOP,202610,80000.0,            ,181340018,0000000.0000,0000000.0,16364.41,0.01,191340018,0000001.0000,0000000.0,1.46,0.295394,63923.0,0.2573,2026-10-01
NK225E    ,OOP,202610,80500.0,            ,181220518,0000000.0000,0000000.0,16863.52,0.01,191220518,0000001.0000,0000000.0,1.35,0.300763,63923.0,0.2573,2026-10-01
NK225E    ,OOP,202610,81000.0,            ,181341018,0000000.0000,0000000.0,17362.75,0.01,191341018,0000001.0000,0000000.0,1.0,0.300555,63923.0,0.2573,2026-10-01
NK225E    ,OOP,202610,81500.0,            ,181221518,0000000.0000,0000000.0,17862.05,0.01,191221518,0000000.0000,0000000.0,0.74,0.300763,63923.0,0.2573,2026-10-01
NK225E    ,OOP,202610,82000.0,            ,181342018,0000000.0000,0000000.0,18361.43,0.01,191342018,0000000.0000,0000000.0,0.54,0.300763,63923.0,0.2573,2026-10-01
NK225E    ,OOP,202610,82500.0,            ,181222518,0000000.0000,0000000.0,18860.86,0.01,191222518,0000000.0000,0000000.0,0.4,0.300763,63923.0,0.2573,2026-10-01
NK225E    ,OOP,202610,83000.0,            ,181343018,0000000.0000,0000000.0,19360.32,0.01,191343018,0000000.0000,0000000.0,0.29,0.300763,63923.0,0.2573,2026-10-01
NK225E    ,OOP,202610,83500.0,            ,131343518,0000000.0000,0000000.0,19859.81,0.01,141343518,0000000.0000,0000000.0,0.21,0.300763,63923.0,0.2573,2026-10-01
NK225E    ,OOP,202610,84000.0,            ,181344018,0000000.0000,0000000.0,20359.33,0.01,191344018,0000000.0000,0000000.0,0.15,0.300763,63923.0,0.2573,2026-10-01
NK225E    ,OOP,202610,84500.0,            ,131344518,0000000.0000,0000000.0,20858.86,0.01,141344518,0000000.0000,0000000.0,0.11,0.300763,63923.0,0.2573,2026-10-01
NK225E    ,OOP,202610,85000.0,            ,131465018,0000000.0000,0000000.0,21358.4,0.01,141465018,0000000.0000,0000000.0,0.08,0.300763,63923.0,0.2573,2026-10-01
NK225E    ,OOP,202610,87500.0,            ,131347518,0000000.0000,0000000.0,23856.2,0.01,141347518,0000000.0000,0000000.0,0.01,0.300763,63923.0,0.2573,2026-10-01
NK225E    ,OOP,202610,90000.0,            ,131460018,0000000.0000,0000000.0,26354.05,0.01,141460018,0000000.0000,0000000.0,0.0,0.300763,63923.0,0.2573,2026-10-01
NK225E    ,OOP,202610,92500.0,            ,181342518,0000000.0000,0000000.0,28851.91,0.01,191342518,0000000.0000,0000000.0,0.0,0.300763,63923.0,0.2573,2026-10-01
NK225E    ,OOP,202610,95000.0,            ,181465018,0000000.0000,0000000.0,31349.77,0.01,191465018,0000000.0000,0000000.0,0.0,0.300763,63923.0,0.2573,2026-10-01
NK225E    ,OOP,202610,97500.0,            ,181347518,0000000.0000,0000000.0,33847.64,0.01,191347518,0000000.0000,0000000.0,0.0,0.300763,63923.0,0.2573,2026-10-01
NK225E    ,OOP,202610,100000.0,            ,181460018,0000000.0000,0000000.0,36345.5,0.01,191460018,0000000.0000,0000000.0,0.0,0.300763,63923.0,0.2573,2026-10-01
NK225E    ,OOP,202611,20000.0,            ,131590018,0000005.0000,0000000.0,5.01,0.94786,141590018,0000000.0000,0000000.0,43613.07,1.21805,63923.0,0.2573,2026-11-01
NK225E    ,OOP,202611,22500.0,            ,131352518,0000000.0000,0000000.0,7.49,0.885176,141352518,0000000.0000,0000000.0,41118.44,1.099038,63923.0,0.2573,2026-11-01
NK225E    ,OOP,202611,25000.0,            ,181235018,0000010.0000,0000000.0,9.53,0.829619,191235018,0000000.0000,0000000.0,38623.82,0.992965,63923.0,0.2573,2026-11-01
NK225E    ,OOP,202611,26000.0,            ,131356018,0000000.0000,0000000.0,0.94,0.75496,141356018,0000000.0000,0000000.0,37625.97,0.948392,63923.0,0.2573,2026-11-01
NK225E    ,OOP,202611,27000.0,            ,181237018,0000000.0000,0000000.0,0.94,0.736474,191237018,0000000.0000,0000000.0,36628.13,0.918082,63923.0,0.2573,2026-11-01
NK225E    ,OOP,202611,28000.0,            ,181238018,0000000.0000,0000000.0,0.94,0.716835,191238018,0000000.0000,0000000.0,35630.28,0.876747,63923.0,0.2573,2026-11-01
NK225E    ,OOP,202611,29000.0,            ,181239018,0000017.0000,0000000.0,16.41,0.74127,191239018,0000000.0000,0000000.0,34632.43,0.848445,63923.0,0.2573,2026-11-01
NK225E    ,OOP,202611,30000.0,            ,181230018,0000018.0000,0000000.0,17.99,0.725172,191230018,0000000.0000,0000000.0,33638.39,0.820608,63923.0,0.2573,2026-11-01
NK225E    ,OOP,202611,31000.0,            ,181231018,0000000.0000,0000000.0,8.56,0.660944,191231018,0000000.0000,0000000.0,32644.36,0.793225,63923.0,0.2573,2026-11-01
NK225E    ,OOP,202611,32000.0,            ,181232018,0000000.0000,0000000.0,12.39,0.654158,191232018,0000000.0000,0000000.0,31650.34,0.766284,63923.0,0.2573,2026-11-01
NK225E    ,OOP,202611,33000.0,            ,181233018,0000000.0000,0000000.0,15.72,0.630054,191233018,0000000.0000,0000000.0,30655.83,0.73977,63923.0,0.2573,2026-11-01
NK225E    ,OOP,202611,34000.0,            ,181234018,0000000.0000,0000000.0,18.63,0.614692,191234018,0000000.0000,0000000.0,29660.89,0.713666,63923.0,0.2573,2026-11-01
NK225E    ,OOP,202611,35000.0,            ,131355018,0000035.0000,0000000.0,34.29,0.631894,141355018,0000000.0000,0000000.0,28679.33,0.708427,63923.0,0.2573,2026-11-01
NK225E    ,OOP,202611,36000.0,            ,131116018,0000000.0000,0000000.0,38.7,0.613929,141116018,0000000.0000,0000000.0,27685.27,0.681865,63923.0,0.2573,2026-11-01
NK225E    ,OOP,202611,37000.0,            ,131117018,0000000.0000,0000000.0,43.45,0.595885,141117018,0000000.0000,0000000.0,26692.17,0.661326,63923.0,0.2573,2026-11-01
NK225E    ,OOP,202611,38000.0,            ,131118018,0000055.0000,0000000.0,48.19,0.580083,141118018,0000000.0000,0000000.0,25700.5,0.635319,63923.0,0.2573,2026-11-01
NK225E    ,OOP,202611,39000.0,            ,131119018,0000000.0000,0000000.0,54.64,0.562458,141119018,0000000.0000,0000000.0,24708.81,0.614536,63923.0,0.2573,2026-11-01
NK225E    ,OOP,202611,40000.0,            ,131110018,0000063.0000,0000000.0,62.59,0.544929,141110018,0000000.0000,0000000.0,23718.07,0.593483,63923.0,0.2573,2026-11-01
NK225E    ,OOP,202611,41000.0,            ,131111018,0000000.0000,0000000.0,69.04,0.528774,141111018,0000000.0000,0000000.0,22728.74,0.57222,63923.0,0.2573,2026-11-01
NK225E    ,OOP,202611,42000.0,            ,131112018,0000086.0000,0000000.0,79.46,0.511766,141112018,0000000.0000,0000000.0,21739.39,0.550793,63923.0,0.2573,2026-11-01
NK225E    ,OOP,202611,43000.0,            ,131113018,0000096.0000,0000000.0,96.0,0.500991,141113018,0000000.0000,0000000.0,20752.9,0.532633,63923.0,0.2573,2026-11-01
NK225E    ,OOP,202611,44000.0,            ,131114018,0000102.0000,0000000.0,102.0,0.480131,141114018,0000000.0000,0000000.0,19767.82,0.513819,63923.0,0.2573,2026-11-01
NK225E    ,OOP,202611,44500.0,            ,181114518,0000109.0000,0000000.0,109.0,0.472615,191114518,0000000.0000,0000000.0,19275.01,0.502732,63923.0,0.2573,2026-11-01
NK225E    ,OOP,202611,44750.0,            ,181114718,0000000.0000,0000000.0,111.71,0.468184,191114718,0000000.0000,0000000.0,19028.37,0.498629,63923.0,0.2573,2026-11-01
NK225E    ,OOP,202611,45000.0,            ,131115018,0000121.0000,0000000.0,113.19,0.466163,141115018,0000000.0000,0000000.0,18784.13,0.49446,63923.0,0.2573,2026-11-01
NK225E    ,OOP,202611,45250.0,            ,181115218,0000000.0000,0000000.0,119.15,0.460449,191115218,0000000.0000,0000000.0,18536.03,0.487476,63923.0,0.2573,2026-11-01
NK225E    ,OOP,202611,45500.0,            ,131115518,0000124.0000,0000000.0,124.0,0.457354,141115518,0000000.0000,0000000.0,18291.3,0.483254,63923.0,0.2573,2026-11-01
NK225E    ,OOP,202611,45750.0,            ,131115718,0000000.0000,0000000.0,127.09,0.452883,141115718,0000000.0000,0000000.0,18045.6,0.478973,63923.0,0.2573,2026-11-01
NK225E    ,OOP,202611,46000.0,            ,181116018,0000000.0000,0000000.0,129.56,0.450203,191116018,0000000.0000,0000000.0,17802.31,0.474635,63923.0,0.2573,2026-11-01
NK225E    ,OOP,202611,46250.0,            ,131116218,0000000.0000,0000000.0,137.01,0.446199,141116218,0000000.0000,0000000.0,17556.61,0.470242,63923.0,0.2573,2026-11-01
NK225E    ,OOP,202611,46500.0,            ,131116518,0000000.0000,0000000.0,141.48,0.443269,141116518,0000000.0000,0000000.0,17312.83,0.468226,63923.0,0.2573,2026-11-01
NK225E    ,OOP,202611,46750.0,            ,131116718,0000000.0000,0000000.0,145.94,0.439656,141116718,0000000.0000,0000000.0,17068.56,0.463672,63923.0,0.2573,2026-11-01
NK225E    ,OOP,202611,47000.0,            ,181117018,0000165.0000,0000000.0,150.9,0.436487,191117018,0000000.0000,0000000.0,16824.76,0.459072,63923.0,0.2573,2026-11-01
NK225E    ,OOP,202611,47250.0,            ,131117218,0000000.0000,0000000.0,156.36,0.432164,141117218,0000000.0000,0000000.0,16579.52,0.454427,63923.0,0.2573,2026-11-01
NK225E    ,OOP,202611,47500.0,            ,131117518,0000164.0000,0000000.0,164.0,0.428798,141117518,0000000.0000,0000000.0,16335.72,0.449739,63923.0,0.2573,2026-11-01
NK225E    ,OOP,202611,47750.0,            ,131117718,0000203.0000,0000000.0,168.76,0.424722,141117718,0000000.0000,0000000.0,16091.92,0.445009,63923.0,0.2573,2026-11-01
NK225E    ,OOP,202611,48000.0,            ,181118018,0000194.0000,0000000.0,171.73,0.421276,191118018,0000000.0000,0000000.0,15849.07,0.442326,63923.0,0.2573,2026-11-01
NK225E    ,OOP,202611,48250.0,            ,131118218,0000184.0000,0000000.0,183.99,0.418991,141118218,0000000.0000,0000000.0,15606.69,0.437471,63923.0,0.2573,2026-11-01
NK225E    ,OOP,202611,48500.0,            ,131118518,0000000.0000,0000000.0,188.11,0.414316,141118518,0000000.0000,0000000.0,15362.87,0.432578,63923.0,0.2573,2026-11-01
NK225E    ,OOP,202611,48750.0,            ,131118718,0000000.0000,0000000.0,194.06,0.410467,141118718,0000000.0000,0000000.0,15119.52,0.429584,63923.0,0.2573,2026-11-01
NK225E    ,OOP,202611,49000.0,            ,181119018,0000201.0000,0000000.0,200.99,0.406955,191119018,0000000.0000,0000000.0,14876.64,0.42458,63923.0,0.2573,2026-11-01
NK225E    ,OOP,202611,49250.0,            ,131119218,0000000.0000,0000000.0,205.96,0.404554,141119218,0000000.0000,0000000.0,14637.14,0.421378,63923.0,0.2573,2026-11-01
NK225E    ,OOP,202611,49500.0,            ,131119518,0000230.0000,0000000.0,214.39,0.400414,141119518,0000000.0000,0000000.0,14394.73,0.418052,63923.0,0.2573,2026-11-01
NK225E    ,OOP,202611,49750.0,            ,131119718,0000000.0000,0000000.0,224.32,0.397346,141119718,0000000.0000,0000000.0,14154.24,0.414606,63923.0,0.2573,2026-11-01
NK225E    ,OOP,202611,50000.0,            ,181110018,0000243.0000,0000000.0,231.75,0.392948,191110018,0000000.0000,0000000.0,13910.86,0.409368,63923.0,0.2573,2026-11-01
NK225E    ,OOP,202611,50250.0,            ,131110218,0000000.0000,0000000.0,241.68,0.390459,141110218,0000000.0000,0000000.0,13671.8,0.405749,63923.0,0.2573,2026-11-01
NK225E    ,OOP,202611,50500.0,            ,131110518,0000284.0000,0000000.0,250.61,0.387367,141110518,0000000.0000,0000000.0,13432.74,0.402023,63923.0,0.2573,2026-11-01
NK225E    ,OOP,202611,50750.0,            ,131110718,0000000.0000,0000000.0,257.54,0.383132,141110718,0000000.0000,0000000.0,13190.77,0.398197,63923.0,0.2573,2026-11-01
NK225E    ,OOP,202611,51000.0,            ,181111018,0000300.0000,0000000.0,270.45,0.379955,191111018,0000000.0000,0000000.0,12951.68,0.394274,63923.0,0.2573,2026-11-01
NK225E    ,OOP,202611,51250.0,            ,131111218,0000315.0000,0000000.0,281.36,0.376789,141111218,0000000.0000,0000000.0,12714.04,0.390257,63923.0,0.2573,2026-11-01
NK225E    ,OOP,202611,51500.0,            ,131111518,0000000.0000,0000000.0,290.78,0.373031,141111518,0000000.0000,0000000.0,12473.0,0.38615,63923.0,0.2573,2026-11-01
NK225E    ,OOP,202611,51750.0,            ,131111718,0000360.0000,0000000.0,305.18,0.370594,141111718,0000000.0000,0000000.0,12237.75,0.383349,63923.0,0.2573,2026-11-01
NK225E    ,OOP,202611,52000.0,            ,181112018,0000325.0000,0000000.0,317.58,0.366762,191112018,0000000.0000,0000000.0,11997.65,0.379036,63923.0,0.2573,2026-11-01
NK225E    ,OOP,202611,52250.0,            ,131112218,0000330.0000,0000000.0,329.99,0.364224,141112218,0000000.0000,0000000.0,11762.37,0.375961,63923.0,0.2573,2026-11-01
NK225E    ,OOP,202611,52500.0,            ,131112518,0000380.0000,0000000.0,342.38,0.3608,141112518,0000000.0000,0000000.0,11527.09,0.372737,63923.0,0.2573,2026-11-01
NK225E    ,OOP,202611,52750.0,            ,131112718,0000000.0000,0000000.0,357.26,0.357901,141112718,0000000.0000,0000000.0,11291.78,0.369372,63923.0,0.2573,2026-11-01
NK225E    ,OOP,202611,53000.0,            ,181113018,0000380.0000,0000000.0,372.15,0.354293,191113018,0000000.0000,0000000.0,11056.46,0.365872,63923.0,0.2573,2026-11-01
NK225E    ,OOP,202611,53250.0,            ,131113218,0000385.0000,0000000.0,385.0,0.351123,141113218,0000000.0000,0000000.0,10823.55,0.362242,63923.0,0.2573,2026-11-01
NK225E    ,OOP,202611,53500.0,            ,131113518,0000000.0000,0000000.0,399.42,0.348994,141113518,0000000.0000,0000000.0,10590.62,0.359625,63923.0,0.2573,2026-11-01
NK225E    ,OOP,202611,53750.0,            ,131113718,0000420.0000,0000000.0,419.99,0.345496,141113718,0000000.0000,0000000.0,10355.25,0.354609,63923.0,0.2573,2026-11-01
NK225E    ,OOP,202611,54000.0,            ,181114018,0000000.0000,0000000.0,434.16,0.342983,191114018,0000000.0000,0000000.0,10127.13,0.352774,63923.0,0.2573,2026-11-01
NK225E    ,OOP,202611,54250.0,            ,131114218,0000455.0000,0000000.0,454.99,0.339187,141114218,0000000.0000,0000000.0,9896.56,0.349659,63923.0,0.2573,2026-11-01
NK225E    ,OOP,202611,54500.0,            ,131114518,0000000.0000,0000000.0,476.34,0.336608,141114518,0000000.0000,0000000.0,9668.4,0.346382,63923.0,0.2573,2026-11-01
NK225E    ,OOP,202611,54750.0,            ,131114718,0000495.0000,0000000.0,494.99,0.33328,141114718,0000000.0000,0000000.0,9440.23,0.342948,63923.0,0.2573,2026-11-01
NK225E    ,OOP,202611,55000.0,            ,181115018,0000565.0000,0000000.0,523.5,0.331058,191115018,0000000.0000,0000000.0,9212.03,0.340325,63923.0,0.2573,2026-11-01
NK225E    ,OOP,202611,55250.0,            ,131115218,0000545.0000,0000000.0,545.0,0.328613,141115218,0000000.0000,0000000.0,8988.67,0.337504,63923.0,0.2573,2026-11-01
NK225E    ,OOP,202611,55500.0,            ,181115518,0000570.0000,0000000.0,569.99,0.325955,191115518,0000000.0000,0000000.0,8765.28,0.334494,63923.0,0.2573,2026-11-01
NK225E    ,OOP,202611,55750.0,            ,181115718,0000595.0000,0000000.0,595.0,0.323095,191115718,0000000.0000,0000000.0,8541.87,0.331302,63923.0,0.2573,2026-11-01
NK225E    ,OOP,202611,56000.0,            ,131236018,0000655.0000,0000000.0,622.76,0.321797,141236018,0000000.0000,0000000.0,8320.87,0.328794,63923.0,0.2573,2026-11-01
NK225E    ,OOP,202611,56250.0,            ,181116218,0000705.0000,0000000.0,652.55,0.318092,191116218,0000000.0000,0000000.0,8099.84,0.326071,63923.0,0.2573,2026-11-01
NK225E    ,OOP,202611,56500.0,            ,181116518,0000785.0000,0000000.0,687.32,0.316259,191116518,0000000.0000,0000000.0,7883.65,0.323954,63923.0,0.2573,2026-11-01
NK225E    ,OOP,202611,56750.0,            ,181116718,0000725.0000,0000000.0,724.99,0.314632,191116718,0000000.0000,0000000.0,7667.44,0.320806,63923.0,0.2573,2026-11-01
NK225E    ,OOP,202611,57000.0,            ,131237018,0000000.0000,0000000.0,756.84,0.311532,141237018,0000000.0000,0000000.0,7453.64,0.318237,63923.0,0.2573,2026-11-01
NK225E    ,OOP,202611,57250.0,            ,181117218,0000850.0000,0000000.0,789.1,0.308859,191117218,0000000.0000,0000000.0,7239.81,0.316194,63923.0,0.2573,2026-11-01
NK225E    ,OOP,202611,57500.0,            ,181117518,0000000.0000,0000000.0,828.84,0.307709,191117518,0000000.0000,0000000.0,7035.71,0.314627,63923.0,0.2573,2026-11-01
NK225E    ,OOP,202611,57750.0,            ,181117718,0000985.0000,0000000.0,868.57,0.305403,191117718,0000000.0000,0000000.0,6826.71,0.31207,63923.0,0.2573,2026-11-01
NK225E    ,OOP,202611,58000.0,            ,131238018,0001050.0000,0000000.0,913.28,0.302607,141238018,0000000.0000,0000000.0,6617.68,0.309279,63923.0,0.2573,2026-11-01
NK225E    ,OOP,202611,58250.0,            ,181118218,0000000.0000,0000000.0,955.5,0.300122,191118218,0000000.0000,0000000.0,6413.51,0.306939,63923.0,0.2573,2026-11-01
NK225E    ,OOP,202611,58500.0,            ,181118518,0001010.0000,0000000.0,1010.0,0.299032,191118518,0000000.0000,0000000.0,6211.74,0.305009,63923.0,0.2573,2026-11-01
NK225E    ,OOP,202611,58750.0,            ,181118718,0001050.0000,0000000.0,1049.99,0.295732,191118718,0000000.0000,0000000.0,6017.3,0.303452,63923.0,0.2573,2026-11-01
NK225E    ,OOP,202611,59000.0,            ,131239018,0001170.0000,0000000.0,1117.02,0.295403,141239018,0000000.0000,0000000.0,5817.93,0.300972,63923.0,0.2573,2026-11-01
NK225E    ,OOP,202611,59250.0,            ,181119218,0000000.0000,0000000.0,1164.2,0.294095,191119218,0000000.0000,0000000.0,5628.34,0.299472,63923.0,0.2573,2026-11-01
NK225E    ,OOP,202611,59500.0,            ,181119518,0000000.0000,0000000.0,1223.85,0.292475,191119518,0000000.0000,0000000.0,5438.73,0.297673,63923.0,0.2573,2026-11-01
NK225E    ,OOP,202611,59750.0,            ,181119718,0000000.0000,0000000.0,1280.99,0.289957,191119718,0000000.0000,0000000.0,5246.62,0.29499,63923.0,0.2573,2026-11-01
NK225E    ,OOP,202611,60000.0,            ,131230018,0001430.0000,0000000.0,1340.64,0.287754,141230018,0000000.0000,0000000.0,5078.1,0.293212,63923.0,0.2573,2026-11-01
NK225E    ,OOP,202611,60250.0,            ,181110218,0000000.0000,0000000.0,1407.75,0.286987,191110218,0000000.0000,0000000.0,4873.6,0.291707,63923.0,0.2573,2026-11-01
NK225E    ,OOP,202611,60500.0,            ,181110518,0001545.0000,0000000.0,1474.86,0.284189,191110518,0000000.0000,0000000.0,4715.59,0.289331,63923.0,0.2573,2026-11-01
NK225E    ,OOP,202611,60625.0,            ,181110618,0000000.0000,0000000.0,1542.1,0.284922,191110618,0000000.0000,0000000.0,4620.76,0.289986,63923.0,0.2573,2026-11-01
NK225E    ,OOP,202611,60750.0,            ,181110718,0000000.0000,0000000.0,1531.98,0.283334,191110718,0000000.0000,0000000.0,4537.68,0.287777,63923.0,0.2573,2026-11-01
NK225E    ,OOP,202611,60875.0,            ,181110818,0000000.0000,0000000.0,1569.27,0.282778,191110818,0000000.0000,0000000.0,4440.81,0.287704,63923.0,0.2573,2026-11-01
NK225E    ,OOP,202611,61000.0,            ,131231018,0001715.0000,0000000.0,1619.05,0.281046,141231018,0000000.0000,0000000.0,4369.77,0.285908,63923.0,0.2573,2026-11-01
NK225E    ,OOP,202611,61125.0,            ,181111118,0000000.0000,0000000.0,1666.32,0.281414,191111118,0000000.0000,0000000.0,4270.71,0.285668,63923.0,0.2573,2026-11-01
NK225E    ,OOP,202611,61250.0,            ,181111218,0000000.0000,0000000.0,1693.62,0.280609,191111218,0000000.0000,0000000.0,4201.85,0.28534,63923.0,0.2573,2026-11-01
NK225E    ,OOP,202611,61375.0,            ,181111318,0000000.0000,0000000.0,1733.41,0.280257,191111318,0000000.0000,0000000.0,4108.0,0.284926,63923.0,0.2573,2026-11-01
NK225E    ,OOP,202611,61500.0,            ,181111518,0002005.0000,0000000.0,1778.18,0.278756,191111518,0000000.0000,0000000.0,4036.42,0.283368,63923.0,0.2573,2026-11-01
NK225E    ,OOP,202611,61625.0,            ,181111618,0000000.0000,0000000.0,1852.93,0.278546,191111618,0000000.0000,0000000.0,3942.79,0.283316,63923.0,0.2573,2026-11-01
NK225E    ,OOP,202611,61750.0,            ,181111718,0000000.0000,0000000.0,1882.72,0.277631,191111718,0000000.0000,0000000.0,3836.03,0.282129,63923.0,0.2573,2026-11-01
NK225E    ,OOP,202611,61875.0,            ,181111818,0002110.0000,0000000.0,1922.5,0.27694,191111818,0000000.0000,0000000.0,3780.02,0.281384,63923.0,0.2573,2026-11-01
NK225E    ,OOP,202611,62000.0,            ,131232018,0000000.0000,0000000.0,1969.78,0.276166,141232018,0000000.0000,0000000.0,3700.56,0.28004,63923.0,0.2573,2026-11-01
NK225E    ,OOP,202611,62125.0,            ,181112118,0000000.0000,0000000.0,1995.93,0.275307,191112118,0000000.0000,0000000.0,3624.66,0.280163,63923.0,0.2573,2026-11-01
NK225E    ,OOP,202611,62250.0,            ,181112218,0000000.0000,0000000.0,2031.84,0.274365,191112218,0000000.0000,0000000.0,3545.1,0.278658,63923.0,0.2573,2026-11-01
NK225E    ,OOP,202611,62375.0,            ,131112318,0000000.0000,0000000.0,2089.1,0.27385,141112318,0000000.0000,0000000.0,3469.27,0.278606,63923.0,0.2573,2026-11-01
NK225E    ,OOP,202611,62500.0,            ,131232518,0002390.0000,0000000.0,2158.85,0.27274,141232518,0000000.0000,0000000.0,3404.64,0.277449,63923.0,0.2573,2026-11-01
NK225E    ,OOP,202611,62625.0,            ,131112618,0000000.0000,0000000.0,2206.12,0.272559,141112618,0000000.0000,0000000.0,3318.83,0.276716,63923.0,0.2573,2026-11-01
NK225E    ,OOP,202611,62750.0,            ,181112718,0000000.0000,0000000.0,2253.37,0.271783,191112718,0000000.0000,0000000.0,3246.66,0.276402,63923.0,0.2573,2026-11-01
NK225E    ,OOP,202611,62875.0,            ,131112818,0000000.0000,0000000.0,2288.15,0.271424,141112818,0000000.0000,0000000.0,3173.33,0.275498,63923.0,0.2573,2026-11-01
NK225E    ,OOP,202611,63000.0,            ,131233018,0000000.0000,0000000.0,2357.9,0.270475,141233018,0000000.0000,0000000.0,3103.69,0.27401,63923.0,0.2573,2026-11-01
NK225E    ,OOP,202611,63125.0,            ,131113118,0002630.0000,0000000.0,2417.66,0.26994,141113118,0000000.0000,0000000.0,2981.44,0.273937,63923.0,0.2573,2026-11-01
NK225E    ,OOP,202611,63250.0,            ,181113218,0000000.0000,0000000.0,2457.41,0.268817,191113218,0000000.0000,0000000.0,2955.71,0.273277,63923.0,0.2573,2026-11-01
NK225E    ,OOP,202611,63375.0,            ,131113318,0000000.0000,0000000.0,2524.67,0.268603,141113318,0000000.0000,0000000.0,2878.33,0.273027,63923.0,0.2573,2026-11-01
NK225E    ,OOP,202611,63500.0,            ,181113518,0002690.0000,0000000.0,2594.42,0.267249,191113518,0002640.0000,0000000.0,2837.73,0.271695,63923.0,0.2573,2026-11-01
NK225E    ,OOP,202611,63625.0,            ,131113618,0000000.0000,0000000.0,2621.67,0.264931,141113618,0000000.0000,0000000.0,2759.98,0.269286,63923.0,0.2573,2026-11-01
NK225E    ,OOP,202611,63750.0,            ,181113718,0000000.0000,0000000.0,2696.43,0.26445,191113718,0002475.0000,0000000.0,2697.24,0.268775,63923.0,0.2573,2026-11-01
NK225E    ,OOP,202611,63875.0,            ,131113818,0000000.0000,0000000.0,2751.18,0.263501,141113818,0000000.0000,0000000.0,2629.49,0.268125,63923.0,0.2573,2026-11-01
NK225E    ,OOP,202611,64000.0,            ,131234018,0000000.0000,0000000.0,2810.92,0.262814,141234018,0002250.0000,0000000.0,2564.25,0.267411,63923.0,0.2573,2026-11-01
NK225E    ,OOP,202611,64125.0,            ,131114118,0000000.0000,0000000.0,2873.17,0.262959,141114118,0002290.0000,0000000.0,2499.0,0.2672,63923.0,0.2573,2026-11-01
NK225E    ,OOP,202611,64250.0,            ,181114218,0000000.0000,0000000.0,2917.9,0.262115,191114218,0000000.0000,0000000.0,2443.76,0.266331,63923.0,0.2573,2026-11-01
NK225E    ,OOP,202611,64375.0,            ,131114318,0000000.0000,0000000.0,2987.66,0.261674,141114318,0002225.0000,0000000.0,2378.51,0.265719,63923.0,0.2573,2026-11-01
NK225E    ,OOP,202611,64500.0,            ,131234518,0000000.0000,0000000.0,3057.41,0.260646,141234518,0002165.0000,0000000.0,2320.76,0.265312,63923.0,0.2573,2026-11-01
NK225E    ,OOP,202611,64625.0,            ,131114618,0000000.0000,0000000.0,3134.67,0.260021,141114618,0000000.0000,0000000.0,2258.01,0.26447,63923.0,0.2573,2026-11-01
NK225E    ,OOP,202611,64750.0,            ,131234718,0000000.0000,0000000.0,3194.41,0.259801,141234718,0000000.0000,0000000.0,2195.26,0.264427,63923.0,0.2573,2026-11-01
NK225E    ,OOP,202611,64875.0,            ,131114818,0000000.0000,0000000.0,3274.17,0.259489,141114818,0000000.0000,0000000.0,2142.51,0.263353,63923.0,0.2573,2026-11-01
NK225E    ,OOP,202611,65000.0,            ,131235018,0003485.0000,0000000.0,3346.43,0.259085,141235018,0001830.0000,0000000.0,2087.27,0.263679,63923.0,0.2573,2026-11-01
NK225E    ,OOP,202611,65125.0,            ,131115118,0000000.0000,0000000.0,3398.65,0.25909,141115118,0000000.0000,0000000.0,2032.02,0.26317,63923.0,0.2573,2026-11-01
NK225E    ,OOP,202611,65250.0,            ,131235218,0000000.0000,0000000.0,3470.9,0.257086,141235218,0001840.0000,0000000.0,1976.77,0.261742,63923.0,0.2573,2026-11-01
NK225E    ,OOP,202611,65375.0,            ,131115318,0000000.0000,0000000.0,3548.16,0.257132,141115318,0000000.0000,0000000.0,1926.53,0.261526,63923.0,0.2573,2026-11-01
NK225E    ,OOP,202611,65500.0,            ,131235518,0000000.0000,0000000.0,3654.61,0.257047,141235518,0000000.0000,0000000.0,1868.78,0.261595,63923.0,0.2573,2026-11-01
NK225E    ,OOP,202611,65625.0,            ,131115618,0000000.0000,0000000.0,3713.66,0.255666,141115618,0000000.0000,0000000.0,1821.03,0.260207,63923.0,0.2573,2026-11-01
NK225E    ,OOP,202611,65750.0,            ,131235718,0000000.0000,0000000.0,3796.45,0.255205,141235718,0000000.0000,0000000.0,1768.28,0.259566,63923.0,0.2573,2026-11-01
NK225E    ,OOP,202611,65875.0,            ,131115818,0000000.0000,0000000.0,3869.54,0.255165,141115818,0000000.0000,0000000.0,1720.54,0.259238,63923.0,0.2573,2026-11-01
NK225E    ,OOP,202611,66000.0,            ,181236018,0000000.0000,0000000.0,3944.46,0.254001,191236018,0001565.0000,0000000.0,1672.8,0.25853,63923.0,0.2573,2026-11-01
NK225E    ,OOP,202611,66125.0,            ,131116118,0000000.0000,0000000.0,4015.24,0.253254,141116118,0000000.0000,0000000.0,1630.06,0.257782,63923.0,0.2573,2026-11-01
NK225E    ,OOP,202611,66250.0,            ,131236218,0000000.0000,0000000.0,4093.96,0.253979,141236218,0000000.0000,0000000.0,1579.82,0.258504,63923.0,0.2573,2026-11-01
NK225E    ,OOP,202611,66375.0,            ,131116318,0000000.0000,0000000.0,4171.06,0.251989,141116318,0000000.0000,0000000.0,1532.07,0.256521,63923.0,0.2573,2026-11-01
NK225E    ,OOP,202611,66500.0,            ,131236518,0000000.0000,0000000.0,4269.57,0.252538,141236518,0000000.0000,0000000.0,1506.88,0.25707,63923.0,0.2573,2026-11-01
NK225E    ,OOP,202611,66625.0,            ,131116618,0000000.0000,0000000.0,4334.49,0.251401,141116618,0000000.0000,0000000.0,1451.62,0.25594,63923.0,0.2573,2026-11-01
NK225E    ,OOP,202611,66750.0,            ,131236718,0000000.0000,0000000.0,4450.25,0.251775,141236718,0000000.0000,0000000.0,1398.86,0.256854,63923.0,0.2573,2026-11-01
NK225E    ,OOP,202611,66875.0,            ,131116818,0000000.0000,0000000.0,4518.32,0.252066,141116818,0000000.0000,0000000.0,1366.14,0.257155,63923.0,0.2573,2026-11-01
NK225E    ,OOP,202611,67000.0,            ,131357018,0000000.0000,0000000.0,4622.52,0.251179,141357018,0001160.0000,0000000.0,1328.42,0.255738,63923.0,0.2573,2026-11-01
NK225E    ,OOP,202611,67125.0,            ,131117118,0000000.0000,0000000.0,4676.62,0.250188,141117118,0000000.0000,0000000.0,1280.67,0.25476,63923.0,0.2573,2026-11-01
NK225E    ,OOP,202611,67250.0,            ,131237218,0000000.0000,0000000.0,4763.36,0.250207,141237218,0000000.0000,0000000.0,1242.94,0.255345,63923.0,0.2573,2026-11-01
NK225E    ,OOP,202611,67375.0,            ,131117318,0000000.0000,0000000.0,4859.97,0.249575,141117318,0000000.0000,0000000.0,1207.73,0.25448,63923.0,0.2573,2026-11-01
NK225E    ,OOP,202611,67500.0,            ,181237518,0000000.0000,0000000.0,4951.11,0.250551,191237518,0000000.0000,0000000.0,1180.04,0.255157,63923.0,0.2573,2026-11-01
NK225E    ,OOP,202611,67625.0,            ,131117618,0000000.0000,0000000.0,5044.31,0.25031,141117618,0000000.0000,0000000.0,1129.76,0.255503,63923.0,0.2573,2026-11-01
NK225E    ,OOP,202611,67750.0,            ,131237718,0000000.0000,0000000.0,5124.69,0.248814,141237718,0000000.0000,0000000.0,1107.08,0.25404,63923.0,0.2573,2026-11-01
NK225E    ,OOP,202611,67875.0,            ,131117818,0000000.0000,0000000.0,5223.86,0.247784,141117818,0000000.0000,0000000.0,1061.84,0.252673,63923.0,0.2573,2026-11-01
NK225E    ,OOP,202611,68000.0,            ,131358018,0000000.0000,0000000.0,5313.66,0.249027,141358018,0001000.0000,0000000.0,1044.17,0.254203,63923.0,0.2573,2026-11-01
NK225E    ,OOP,202611,68125.0,            ,131118118,0000000.0000,0000000.0,5408.69,0.249608,141118118,0000000.0000,0000000.0,1002.75,0.254307,63923.0,0.2573,2026-11-01
NK225E    ,OOP,202611,68250.0,            ,131238218,0000000.0000,0000000.0,5494.91,0.247681,141238218,0000000.0000,0000000.0,973.74,0.25287,63923.0,0.2573,2026-11-01
NK225E    ,OOP,202611,68375.0,            ,131118318,0000000.0000,0000000.0,5600.98,0.248704,141118318,0000000.0000,0000000.0,942.26,0.254066,63923.0,0.2573,2026-11-01
NK225E    ,OOP,202611,68500.0,            ,131238518,0000000.0000,0000000.0,5691.6,0.247794,141238518,0000000.0000,0000000.0,918.35,0.252994,63923.0,0.2573,2026-11-01
NK225E    ,OOP,202611,68625.0,            ,131118618,0000000.0000,0000000.0,5784.77,0.247406,141118618,0000000.0000,0000000.0,876.59,0.252849,63923.0,0.2573,2026-11-01
NK225E    ,OOP,202611,68750.0,            ,131238718,0000000.0000,0000000.0,5877.95,0.246279,141238718,0000000.0000,0000000.0,860.46,0.252407,63923.0,0.2573,2026-11-01
NK225E    ,OOP,202611,68875.0,            ,131118818,0000000.0000,0000000.0,5971.13,0.245687,141118818,0000000.0000,0000000.0,813.49,0.251226,63923.0,0.2573,2026-11-01
NK225E    ,OOP,202611,69000.0,            ,131359018,0000000.0000,0000000.0,6079.79,0.246979,141359018,0000740.0000,0000000.0,805.07,0.251888,63923.0,0.2573,2026-11-01
NK225E    ,OOP,202611,69125.0,            ,131119118,0000000.0000,0000000.0,6167.78,0.244863,141119118,0000000.0000,0000000.0,760.68,0.251161,63923.0,0.2573,2026-11-01
NK225E    ,OOP,202611,69250.0,            ,131239218,0000000.0000,0000000.0,6276.47,0.246012,141239218,0000000.0000,0000000.0,754.7,0.251634,63923.0,0.2573,2026-11-01
NK225E    ,OOP,202611,69375.0,            ,131119318,0000000.0000,0000000.0,6377.4,0.245725,141119318,0000000.0000,0000000.0,720.83,0.252117,63923.0,0.2573,2026-11-01
NK225E    ,OOP,202611,69500.0,            ,131239518,0000000.0000,0000000.0,6478.31,0.245345,141239518,0000000.0000,0000000.0,696.8,0.25111,63923.0,0.2573,2026-11-01
NK225E    ,OOP,202611,69625.0,            ,131119618,0000000.0000,0000000.0,6579.24,0.244867,141119618,0000000.0000,0000000.0,673.21,0.251394,63923.0,0.2573,2026-11-01
NK225E    ,OOP,202611,69750.0,            ,131239718,0000000.0000,0000000.0,6682.75,0.245018,141239718,0000000.0000,0000000.0,656.48,0.250389,63923.0,0.2573,2026-11-01
NK225E    ,OOP,202611,69875.0,            ,131119818,0000000.0000,0000000.0,6788.87,0.24509,141119818,0000000.0000,0000000.0,633.38,0.25174,63923.0,0.2573,2026-11-01
NK225E    ,OOP,202611,70000.0,            ,131350018,0000000.0000,0000000.0,6889.78,0.244327,141350018,0000580.0000,0000000.0,618.67,0.250868,63923.0,0.2573,2026-11-01
NK225E    ,OOP,202611,70125.0,            ,131110118,0000000.0000,0000000.0,6998.48,0.244987,141110118,0000000.0000,0000000.0,593.53,0.251777,63923.0,0.2573,2026-11-01
NK225E    ,OOP,202611,70250.0,            ,131230218,0000000.0000,0000000.0,7099.4,0.244028,141230218,0000515.0000,0000000.0,573.33,0.249899,63923.0,0.2573,2026-11-01
NK225E    ,OOP,202611,70375.0,            ,131110318,0000000.0000,0000000.0,7205.51,0.243744,141110318,0000000.0000,0000000.0,551.1,0.250715,63923.0,0.2573,2026-11-01
NK225E    ,OOP,202611,70500.0,            ,131230518,0000000.0000,0000000.0,7306.41,0.242553,141230518,0000450.0000,0000000.0,538.03,0.249639,63923.0,0.2573,2026-11-01
NK225E    ,OOP,202611,70625.0,            ,131110618,0000000.0000,0000000.0,7422.96,0.244544,141110618,0000000.0000,0000000.0,519.09,0.25165,63923.0,0.2573,2026-11-01
NK225E    ,OOP,202611,70750.0,            ,131230718,0000000.0000,0000000.0,7523.85,0.243161,141230718,0000450.0000,0000000.0,502.74,0.250026,63923.0,0.2573,2026-11-01
NK225E    ,OOP,202611,70875.0,            ,131110818,0000000.0000,0000000.0,7635.19,0.243357,141110818,0000000.0000,0000000.0,481.85,0.250671,63923.0,0.2573,2026-11-01
NK225E    ,OOP,202611,71000.0,            ,131351018,0000000.0000,0000000.0,7736.06,0.24172,141351018,0000430.0000,0000000.0,463.0,0.248844,63923.0,0.2573,2026-11-01
NK225E    ,OOP,202611,71125.0,            ,131111118,0000000.0000,0000000.0,7850.01,0.242629,141111118,0000000.0000,0000000.0,447.22,0.250153,63923.0,0.2573,2026-11-01
NK225E    ,OOP,202611,71250.0,            ,131231218,0000000.0000,0000000.0,7956.11,0.241659,141231218,0000000.0000,0000000.0,434.66,0.24926,63923.0,0.2573,2026-11-01
NK225E    ,OOP,202611,71375.0,            ,131111318,0000000.0000,0000000.0,8067.45,0.241503,141111318,0000000.0000,0000000.0,415.2,0.250168,63923.0,0.2573,2026-11-01
NK225E    ,OOP,202611,71500.0,            ,131231518,0000000.0000,0000000.0,8176.17,0.241258,141231518,0000000.0000,0000000.0,401.88,0.248568,63923.0,0.2573,2026-11-01
NK225E    ,OOP,202611,71625.0,            ,131111618,0000000.0000,0000000.0,8292.77,0.241901,141111618,0000000.0000,0000000.0,391.05,0.250793,63923.0,0.2573,2026-11-01
NK225E    ,OOP,202611,71750.0,            ,131231718,0000000.0000,0000000.0,8398.86,0.24149,141231718,0000340.0000,0000000.0,376.65,0.248943,63923.0,0.2573,2026-11-01
NK225E    ,OOP,202611,71875.0,            ,131111818,0000000.0000,0000000.0,8512.83,0.24098,141111818,0000000.0000,0000000.0,361.65,0.250183,63923.0,0.2573,2026-11-01
NK225E    ,OOP,202611,72000.0,            ,131352018,0000000.0000,0000000.0,8621.54,0.240363,141352018,0000300.0000,0000000.0,349.07,0.24974,63923.0,0.2573,2026-11-01
NK225E    ,OOP,202611,72125.0,            ,131112118,0000000.0000,0000000.0,8735.51,0.240714,141112118,0000000.0000,0000000.0,334.87,0.2492,63923.0,0.2573,2026-11-01
NK225E    ,OOP,202611,72250.0,            ,131232218,0000000.0000,0000000.0,8843.69,0.238788,141232218,0000000.0000,0000000.0,326.19,0.248557,63923.0,0.2573,2026-11-01
NK225E    ,OOP,202611,72500.0,            ,181112518,0000000.0000,0000000.0,9073.22,0.239055,191112518,0000000.0000,0000000.0,302.97,0.248682,63923.0,0.2573,2026-11-01
NK225E    ,OOP,202611,72750.0,            ,131232718,0000000.0000,0000000.0,9302.22,0.23902,141232718,0000000.0000,0000000.0,274.79,0.24897,63923.0,0.2573,2026-11-01
NK225E    ,OOP,202611,73000.0,            ,131353018,0000000.0000,0000000.0,9530.7,0.238653,141353018,0000215.0000,0000000.0,260.56,0.248386,63923.0,0.2573,2026-11-01
NK225E    ,OOP,202611,73250.0,            ,131233218,0000000.0000,0000000.0,9759.7,0.236548,141233218,0000208.0000,0000000.0,239.36,0.248151,63923.0,0.2573,2026-11-01
NK225E    ,OOP,202611,73500.0,            ,131233518,0000000.0000,0000000.0,9994.0,0.236775,141233518,0000210.0000,0000000.0,223.69,0.248516,63923.0,0.2573,2026-11-01
NK225E    ,OOP,202611,73750.0,            ,131233718,0000000.0000,0000000.0,10227.25,0.236703,141233718,0000185.0000,0000000.0,207.52,0.248609,63923.0,0.2573,2026-11-01
NK225E    ,OOP,202611,74000.0,            ,131354018,0000000.0000,0000000.0,10462.09,0.236299,141354018,0000191.0000,0000000.0,191.0,0.247828,63923.0,0.2573,2026-11-01
NK225E    ,OOP,202611,74250.0,            ,131234218,0000000.0000,0000000.0,10697.99,0.235522,141234218,0000000.0000,0000000.0,177.71,0.248788,63923.0,0.2573,2026-11-01
NK225E    ,OOP,202611,74500.0,            ,181234518,0000000.0000,0000000.0,10933.9,0.234319,191234518,0000000.0000,0000000.0,165.58,0.248907,63923.0,0.2573,2026-11-01
NK225E    ,OOP,202611,74750.0,            ,181234718,0000000.0000,0000000.0,11172.48,0.234612,191234718,0000000.0000,0000000.0,151.93,0.249407,63923.0,0.2573,2026-11-01
NK225E    ,OOP,202611,75000.0,            ,181355018,0000000.0000,0000000.0,11412.13,0.234624,191355018,0000135.0000,0000000.0,144.34,0.250013,63923.0,0.2573,2026-11-01
NK225E    ,OOP,202611,75250.0,            ,181235218,0000000.0000,0000000.0,11650.18,0.232052,191235218,0000000.0000,0000000.0,131.2,0.249652,63923.0,0.2573,2026-11-01
NK225E    ,OOP,202611,75500.0,            ,181235518,0000000.0000,0000000.0,11890.37,0.231215,191235518,0000000.0000,0000000.0,122.09,0.250126,63923.0,0.2573,2026-11-01
NK225E    ,OOP,202611,75750.0,            ,181235718,0000000.0000,0000000.0,12130.02,0.229925,191235718,0000000.0000,0000000.0,115.01,0.24995,63923.0,0.2573,2026-11-01
NK225E    ,OOP,202611,76000.0,            ,181356018,0000000.0000,0000000.0,12371.83,0.231002,191356018,0000100.0000,0000000.0,107.42,0.250333,63923.0,0.2573,2026-11-01
NK225E    ,OOP,202611,76250.0,            ,181236218,0000000.0000,0000000.0,12613.63,0.228828,191236218,0000000.0000,0000000.0,96.29,0.250473,63923.0,0.2573,2026-11-01
NK225E    ,OOP,202611,76500.0,            ,181236518,0000000.0000,0000000.0,12856.51,0.225895,191236518,0000077.0000,0000000.0,88.71,0.250827,63923.0,0.2573,2026-11-01
NK225E    ,OOP,202611,77000.0,            ,181357018,0000000.0000,0000000.0,13342.29,0.225651,191357018,0000064.0000,0000000.0,76.55,0.251324,63923.0,0.2573,2026-11-01
NK225E    ,OOP,202611,77500.0,            ,131237518,0000000.0000,0000000.0,13830.76,0.218622,141237518,0000000.0000,0000000.0,66.93,0.251975,63923.0,0.2573,2026-11-01
NK225E    ,OOP,202611,78000.0,            ,181358018,0000000.0000,0000000.0,14320.87,0.212964,191358018,0000000.0000,0000000.0,56.81,0.25298,63923.0,0.2573,2026-11-01
NK225E    ,OOP,202611,78500.0,            ,181238518,0000000.0000,0000000.0,14810.98,0.200933,191238518,0000000.0000,0000000.0,49.07,0.253853,63923.0,0.2573,2026-11-01
NK225E    ,OOP,202611,79000.0,            ,181359018,0000000.0000,0000000.0,15304.36,0.192882,191359018,0000037.0000,0000000.0,43.52,0.255506,63923.0,0.2573,2026-11-01
NK225E    ,OOP,202611,79500.0,            ,181239518,0000000.0000,0000000.0,15797.75,0.01,191239518,0000033.0000,0000000.0,37.99,0.256479,63923.0,0.2573,2026-11-01
NK225E    ,OOP,202611,80000.0,            ,181350018,0000000.0000,0000000.0,16292.23,0.01,191350018,0000030.0000,0000000.0,33.54,0.257197,63923.0,0.2573,2026-11-01
NK225E    ,OOP,202611,82500.0,            ,181232518,0000000.0000,0000000.0,18769.06,0.01,191232518,0000016.0000,0000000.0,15.99,0.261388,63923.0,0.2573,2026-11-01
NK225E    ,OOP,202611,85000.0,            ,131475018,0000000.0000,0000000.0,21256.38,0.01,141475018,0000009.0000,0000000.0,7.62,0.270146,63923.0,0.2573,2026-11-01
NK225E    ,OOP,202611,87500.0,            ,131357518,0000000.0000,0000000.0,23747.62,0.01,141357518,0000005.0000,0000000.0,4.44,0.274695,63923.0,0.2573,2026-11-01
NK225E    ,OOP,202611,90000.0,            ,131470018,0000000.0000,0000000.0,26239.98,0.01,141470018,0000003.0000,0000000.0,2.46,0.281756,63923.0,0.2573,2026-11-01
NK225E    ,OOP,202611,92500.0,            ,181352518,0000000.0000,0000000.0,28733.91,0.01,191352518,0000000.0000,0000000.0,2.14,0.298442,63923.0,0.2573,2026-11-01
NK225E    ,OOP,202611,95000.0,            ,181475018,0000000.0000,0000000.0,31228.07,0.01,191475018,0000002.0000,0000000.0,1.48,0.308694,63923.0,0.2573,2026-11-01
NK225E    ,OOP,202611,97500.0,            ,181357518,0000000.0000,0000000.0,33721.27,0.01,191357518,0000000.0000,0000000.0,0.26,0.29103,63923.0,0.2573,2026-11-01
NK225E    ,OOP,202611,100000.0,            ,181470018,0000000.0000,0000000.0,36215.64,0.01,191470018,0000000.0000,0000000.0,0.02,0.270224,63923.0,0.2573,2026-11-01
NK225E    ,OOP,202612,12500.0,            ,181122518,0000003.0000,0000000.0,2.32,1.029197,191122518,0000000.0000,0000000.0,51116.93,1.309586,63923.0,0.2573,2026-12-01
NK225E    ,OOP,202612,12750.0,            ,181122718,0000000.0000,0000000.0,0.01,0.770814,191122718,0000000.0000,0000000.0,50867.89,1.288909,63923.0,0.2573,2026-12-01
NK225E    ,OOP,202612,13000.0,            ,181123018,0000000.0000,0000000.0,0.02,0.770814,191123018,0000000.0000,0000000.0,50618.85,1.293474,63923.0,0.2573,2026-12-01
NK225E    ,OOP,202612,13250.0,            ,181123218,0000000.0000,0000000.0,0.03,0.770316,191123218,0000000.0000,0000000.0,50369.82,1.273726,63923.0,0.2573,2026-12-01
NK225E    ,OOP,202612,13500.0,            ,181123518,0000000.0000,0000000.0,0.03,0.769819,191123518,0000000.0000,0000000.0,50120.78,1.254281,63923.0,0.2573,2026-12-01
NK225E    ,OOP,202612,13750.0,            ,181123718,0000000.0000,0000000.0,0.04,0.769322,191123718,0000000.0000,0000000.0,49871.75,1.235124,63923.0,0.2573,2026-12-01
NK225E    ,OOP,202612,14000.0,            ,181124018,0000000.0000,0000000.0,0.05,0.958498,191124018,0000000.0000,0000000.0,49622.72,1.216237,63923.0,0.2573,2026-12-01
NK225E    ,OOP,202612,14250.0,            ,181124218,0000000.0000,0000000.0,0.07,0.767988,191124218,0000000.0000,0000000.0,49373.69,1.221005,63923.0,0.2573,2026-12-01
NK225E    ,OOP,202612,14500.0,            ,181124518,0000000.0000,0000000.0,0.08,0.767151,191124518,0000000.0000,0000000.0,49124.66,1.202917,63923.0,0.2573,2026-12-01
NK225E    ,OOP,202612,14750.0,            ,181124718,0000000.0000,0000000.0,0.1,0.766314,191124718,0000000.0000,0000000.0,48875.64,1.185076,63923.0,0.2573,2026-12-01
NK225E    ,OOP,202612,15000.0,            ,181125018,0000008.0000,0000000.0,0.12,0.944879,191125018,0000000.0000,0000000.0,48626.62,1.16747,63923.0,0.2573,2026-12-01
NK225E    ,OOP,202612,15250.0,            ,181125218,0000000.0000,0000000.0,0.15,0.764324,191125218,0000000.0000,0000000.0,48377.6,1.150085,63923.0,0.2573,2026-12-01
NK225E    ,OOP,202612,15500.0,            ,181125518,0000000.0000,0000000.0,0.17,0.763172,191125518,0000000.0000,0000000.0,48128.58,1.154936,63923.0,0.2573,2026-12-01
NK225E    ,OOP,202612,15750.0,            ,181125718,0000000.0000,0000000.0,0.21,0.76202,191125718,0000000.0000,0000000.0,47879.57,1.138248,63923.0,0.2573,2026-12-01
NK225E    ,OOP,202612,16000.0,            ,131126018,0000000.0000,0000000.0,0.24,0.760868,141126018,0000000.0000,0000000.0,47630.57,1.121765,63923.0,0.2573,2026-12-01
NK225E    ,OOP,202612,16250.0,            ,131126218,0000000.0000,0000000.0,0.28,0.759424,141126218,0000000.0000,0000000.0,47381.56,1.105477,63923.0,0.2573,2026-12-01
NK225E    ,OOP,202612,16500.0,            ,131126518,0000000.0000,0000000.0,0.33,0.757981,141126518,0000000.0000,0000000.0,47132.57,1.089372,63923.0,0.2573,2026-12-01
NK225E    ,OOP,202612,16750.0,            ,131126718,0000000.0000,0000000.0,0.38,0.756538,141126718,0000000.0000,0000000.0,46883.58,1.094221,63923.0,0.2573,2026-12-01
NK225E    ,OOP,202612,17000.0,            ,131127018,0000000.0000,0000000.0,0.44,0.755095,141127018,0000000.0000,0000000.0,46634.59,1.078732,63923.0,0.2573,2026-12-01
NK225E    ,OOP,202612,17250.0,            ,131127218,0000000.0000,0000000.0,0.51,0.753383,141127218,0000000.0000,0000000.0,46385.62,1.063415,63923.0,0.2573,2026-12-01
NK225E    ,OOP,202612,17500.0,            ,131127518,0000000.0000,0000000.0,0.58,0.751672,141127518,0000000.0000,0000000.0,46136.65,1.048262,63923.0,0.2573,2026-12-01
NK225E    ,OOP,202612,17750.0,            ,131127718,0000000.0000,0000000.0,0.66,0.749961,141127718,0000000.0000,0000000.0,45887.68,1.033263,63923.0,0.2573,2026-12-01
NK225E    ,OOP,202612,18000.0,            ,131128018,0000000.0000,0000000.0,0.75,0.802626,141128018,0000000.0000,0000000.0,45638.73,1.038049,63923.0,0.2573,2026-12-01
NK225E    ,OOP,202612,18250.0,            ,131128218,0000000.0000,0000000.0,0.84,0.746293,141128218,0000000.0000,0000000.0,45389.78,1.023599,63923.0,0.2573,2026-12-01
NK225E    ,OOP,202612,18500.0,            ,131128518,0000000.0000,0000000.0,0.95,0.744337,141128518,0000000.0000,0000000.0,45140.84,1.009296,63923.0,0.2573,2026-12-01
NK225E    ,OOP,202612,18750.0,            ,131128718,0000000.0000,0000000.0,0.95,0.73664,141128718,0000000.0000,0000000.0,44891.8,0.995131,63923.0,0.2573,2026-12-01
NK225E    ,OOP,202612,19000.0,            ,131129018,0000000.0000,0000000.0,0.95,0.728847,141129018,0000000.0000,0000000.0,44642.76,0.981098,63923.0,0.2573,2026-12-01
NK225E    ,OOP,202612,19250.0,            ,131129218,0000000.0000,0000000.0,0.95,0.721159,141129218,0000000.0000,0000000.0,44393.72,0.985776,63923.0,0.2573,2026-12-01
NK225E    ,OOP,202612,19500.0,            ,131129518,0000000.0000,0000000.0,0.95,0.713571,141129518,0000000.0000,0000000.0,44144.67,0.972236,63923.0,0.2573,2026-12-01
NK225E    ,OOP,202612,19750.0,            ,131129718,0000000.0000,0000000.0,0.95,0.706081,141129718,0000000.0000,0000000.0,43895.63,0.958823,63923.0,0.2573,2026-12-01
NK225E    ,OOP,202612,20000.0,            ,131120018,0000010.0000,0000000.0,10.03,0.837395,141120018,0000000.0000,0000000.0,43646.59,0.945528,63923.0,0.2573,2026-12-01
NK225E    ,OOP,202612,20250.0,            ,131120218,0000000.0000,0000000.0,0.95,0.691387,141120218,0000000.0000,0000000.0,43397.55,0.932346,63923.0,0.2573,2026-12-01
NK225E    ,OOP,202612,20500.0,            ,131120518,0000000.0000,0000000.0,0.95,0.684178,141120518,0000000.0000,0000000.0,43148.5,0.91927,63923.0,0.2573,2026-12-01
NK225E    ,OOP,202612,20750.0,            ,131120718,0000000.0000,0000000.0,0.94,0.677057,141120718,0000000.0000,0000000.0,42899.46,0.924149,63923.0,0.2573,2026-12-01
NK225E    ,OOP,202612,21000.0,            ,131121018,0000000.0000,0000000.0,0.94,0.670023,141121018,0000000.0000,0000000.0,42650.42,0.911524,63923.0,0.2573,2026-12-01
NK225E    ,OOP,202612,21250.0,            ,131121218,0000000.0000,0000000.0,0.94,0.663073,141121218,0000000.0000,0000000.0,42401.37,0.899002,63923.0,0.2573,2026-12-01
NK225E    ,OOP,202612,21500.0,            ,131121518,0000000.0000,0000000.0,0.94,0.656206,141121518,0000000.0000,0000000.0,42152.33,0.886577,63923.0,0.2573,2026-12-01
NK225E    ,OOP,202612,21750.0,            ,131121718,0000000.0000,0000000.0,0.94,0.649418,141121718,0000000.0000,0000000.0,41903.29,0.874243,63923.0,0.2573,2026-12-01
NK225E    ,OOP,202612,22000.0,            ,131122018,0000000.0000,0000000.0,0.94,0.64271,141122018,0000000.0000,0000000.0,41654.24,0.878934,63923.0,0.2573,2026-12-01
NK225E    ,OOP,202612,22250.0,            ,131122218,0000000.0000,0000000.0,0.94,0.636078,141122218,0000000.0000,0000000.0,41405.2,0.867011,63923.0,0.2573,2026-12-01
NK225E    ,OOP,202612,22500.0,            ,131122518,0000000.0000,0000000.0,0.94,0.629521,141122518,0000000.0000,0000000.0,41156.16,0.855179,63923.0,0.2573,2026-12-01
NK225E    ,OOP,202612,22750.0,            ,131122718,0000000.0000,0000000.0,0.94,0.623037,141122718,0000000.0000,0000000.0,40907.11,0.843433,63923.0,0.2573,2026-12-01
NK225E    ,OOP,202612,23000.0,            ,131123018,0000000.0000,0000000.0,0.94,0.651479,141123018,0000000.0000,0000000.0,40658.07,0.831766,63923.0,0.2573,2026-12-01
NK225E    ,OOP,202612,23250.0,            ,131123218,0000000.0000,0000000.0,0.94,0.715939,141123218,0000000.0000,0000000.0,40409.03,0.836252,63923.0,0.2573,2026-12-01
NK225E    ,OOP,202612,23500.0,            ,131123518,0000000.0000,0000000.0,1.89,0.658986,141123518,0000000.0000,0000000.0,40160.94,0.824962,63923.0,0.2573,2026-12-01
NK225E    ,OOP,202612,23750.0,            ,131123718,0000000.0000,0000000.0,2.85,0.649641,141123718,0000000.0000,0000000.0,39912.85,0.813752,63923.0,0.2573,2026-12-01
NK225E    ,OOP,202612,24000.0,            ,131124018,0000000.0000,0000000.0,3.81,0.658485,141124018,0000000.0000,0000000.0,39664.77,0.817492,63923.0,0.2573,2026-12-01
NK225E    ,OOP,202612,24250.0,            ,131124218,0000000.0000,0000000.0,4.76,0.664347,141124218,0000000.0000,0000000.0,39416.68,0.806618,63923.0,0.2573,2026-12-01
NK225E    ,OOP,202612,24500.0,            ,131124518,0000000.0000,0000000.0,5.72,0.668236,141124518,0000000.0000,0000000.0,39168.6,0.80949,63923.0,0.2573,2026-12-01
NK225E    ,OOP,202612,24750.0,            ,131124718,0000000.0000,0000000.0,6.68,0.670716,141124718,0000000.0000,0000000.0,38920.52,0.798918,63923.0,0.2573,2026-12-01
NK225E    ,OOP,202612,25000.0,            ,131125018,0000000.0000,0000000.0,7.64,0.672135,141125018,0000000.0000,0000000.0,38672.43,0.788428,63923.0,0.2573,2026-12-01
NK225E    ,OOP,202612,25250.0,            ,131125218,0000000.0000,0000000.0,8.6,0.672725,141125218,0000000.0000,0000000.0,38424.35,0.790762,63923.0,0.2573,2026-12-01
NK225E    ,OOP,202612,25500.0,            ,131125518,0000000.0000,0000000.0,9.36,0.671267,141125518,0000000.0000,0000000.0,38176.06,0.780546,63923.0,0.2573,2026-12-01
NK225E    ,OOP,202612,25750.0,            ,131125718,0000000.0000,0000000.0,9.91,0.668137,141125718,0000000.0000,0000000.0,37927.57,0.770408,63923.0,0.2573,2026-12-01
NK225E    ,OOP,202612,26000.0,            ,181126018,0000000.0000,0000000.0,10.48,0.664982,191126018,0000000.0000,0000000.0,37679.1,0.772269,63923.0,0.2573,2026-12-01
NK225E    ,OOP,202612,26250.0,            ,181126218,0000000.0000,0000000.0,11.07,0.661803,191126218,0000000.0000,0000000.0,37430.65,0.762382,63923.0,0.2573,2026-12-01
NK225E    ,OOP,202612,26500.0,            ,181126518,0000027.0000,0000000.0,11.47,0.665643,191126518,0000000.0000,0000000.0,37182.0,0.752572,63923.0,0.2573,2026-12-01
NK225E    ,OOP,202612,26750.0,            ,181126718,0000000.0000,0000000.0,12.32,0.655377,191126718,0000000.0000,0000000.0,36933.81,0.754013,63923.0,0.2573,2026-12-01
NK225E    ,OOP,202612,27000.0,            ,181127018,0000000.0000,0000000.0,12.97,0.652132,191127018,0000000.0000,0000000.0,36685.42,0.744433,63923.0,0.2573,2026-12-01
NK225E    ,OOP,202612,27250.0,            ,181127218,0000000.0000,0000000.0,13.65,0.648867,191127218,0000000.0000,0000000.0,36437.05,0.734927,63923.0,0.2573,2026-12-01
NK225E    ,OOP,202612,27500.0,            ,181127518,0000000.0000,0000000.0,14.35,0.645583,191127518,0000000.0000,0000000.0,36188.71,0.735995,63923.0,0.2573,2026-12-01
NK225E    ,OOP,202612,27750.0,            ,181127718,0000000.0000,0000000.0,15.07,0.64228,191127718,0000000.0000,0000000.0,35940.39,0.726701,63923.0,0.2573,2026-12-01
NK225E    ,OOP,202612,28000.0,            ,181128018,0000000.0000,0000000.0,15.81,0.63896,191128018,0000000.0000,0000000.0,35692.09,0.717479,63923.0,0.2573,2026-12-01
NK225E    ,OOP,202612,28250.0,            ,181128218,0000000.0000,0000000.0,16.58,0.635624,191128218,0000000.0000,0000000.0,35443.81,0.718212,63923.0,0.2573,2026-12-01
NK225E    ,OOP,202612,28500.0,            ,181128518,0000000.0000,0000000.0,17.36,0.632273,191128518,0000000.0000,0000000.0,35195.56,0.709185,63923.0,0.2573,2026-12-01
NK225E    ,OOP,202612,28750.0,            ,181128718,0000000.0000,0000000.0,18.18,0.628907,191128718,0000000.0000,0000000.0,34947.33,0.700228,63923.0,0.2573,2026-12-01
NK225E    ,OOP,202612,29000.0,            ,181129018,0000000.0000,0000000.0,19.01,0.62546,191129018,0000000.0000,0000000.0,34699.12,0.700661,63923.0,0.2573,2026-12-01
NK225E    ,OOP,202612,29250.0,            ,181129218,0000000.0000,0000000.0,19.87,0.622133,191129218,0000000.0000,0000000.0,34450.94,0.691885,63923.0,0.2573,2026-12-01
NK225E    ,OOP,202612,29500.0,            ,181129518,0000000.0000,0000000.0,20.76,0.618728,191129518,0000000.0000,0000000.0,34202.78,0.683177,63923.0,0.2573,2026-12-01
NK225E    ,OOP,202612,29750.0,            ,181129718,0000000.0000,0000000.0,21.67,0.615312,191129718,0000000.0000,0000000.0,33954.65,0.683338,63923.0,0.2573,2026-12-01
NK225E    ,OOP,202612,30000.0,            ,181120018,0000035.0000,0000000.0,33.04,0.63686,191120018,0000000.0000,0000000.0,33706.87,0.674798,63923.0,0.2573,2026-12-01
NK225E    ,OOP,202612,30250.0,            ,181120218,0000000.0000,0000000.0,23.57,0.608449,191120218,0000000.0000,0000000.0,33458.46,0.666323,63923.0,0.2573,2026-12-01
NK225E    ,OOP,202612,30500.0,            ,181120518,0000000.0000,0000000.0,24.55,0.605003,191120518,0000000.0000,0000000.0,33210.41,0.666238,63923.0,0.2573,2026-12-01
NK225E    ,OOP,202612,30750.0,            ,181120718,0000000.0000,0000000.0,25.57,0.60155,191120718,0000000.0000,0000000.0,32962.38,0.65792,63923.0,0.2573,2026-12-01
NK225E    ,OOP,202612,31000.0,            ,181121018,0000000.0000,0000000.0,26.61,0.598089,191121018,0000000.0000,0000000.0,32714.38,0.657525,63923.0,0.2573,2026-12-01
NK225E    ,OOP,202612,31250.0,            ,181121218,0000000.0000,0000000.0,27.68,0.594622,191121218,0000000.0000,0000000.0,32466.4,0.649355,63923.0,0.2573,2026-12-01
NK225E    ,OOP,202612,31500.0,            ,181121518,0000000.0000,0000000.0,28.77,0.591149,191121518,0000000.0000,0000000.0,32218.46,0.641246,63923.0,0.2573,2026-12-01
NK225E    ,OOP,202612,31750.0,            ,181121718,0000000.0000,0000000.0,29.9,0.587671,191121718,0000000.0000,0000000.0,31970.54,0.640654,63923.0,0.2573,2026-12-01
NK225E    ,OOP,202612,32000.0,            ,181122018,0000000.0000,0000000.0,31.06,0.58405,191122018,0000000.0000,0000000.0,31722.65,0.632684,63923.0,0.2573,2026-12-01
NK225E    ,OOP,202612,32250.0,            ,181122218,0000000.0000,0000000.0,32.24,0.580703,191122218,0000000.0000,0000000.0,31474.8,0.63184,63923.0,0.2573,2026-12-01
NK225E    ,OOP,202612,32500.0,            ,131242518,0000000.0000,0000000.0,33.46,0.577214,141242518,0000000.0000,0000000.0,31226.97,0.624,63923.0,0.2573,2026-12-01
NK225E    ,OOP,202612,32750.0,            ,131242718,0000000.0000,0000000.0,34.71,0.573723,141242718,0000000.0000,0000000.0,30979.18,0.622929,63923.0,0.2573,2026-12-01
NK225E    ,OOP,202612,33000.0,            ,131243018,0000000.0000,0000000.0,35.99,0.570231,141243018,0000000.0000,0000000.0,30731.42,0.615213,63923.0,0.2573,2026-12-01
NK225E    ,OOP,202612,33250.0,            ,131243218,0000000.0000,0000000.0,37.31,0.566738,141243218,0000000.0000,0000000.0,30483.69,0.613938,63923.0,0.2573,2026-12-01
NK225E    ,OOP,202612,33500.0,            ,131243518,0000000.0000,0000000.0,38.66,0.563245,141243518,0000000.0000,0000000.0,30236.0,0.60634,63923.0,0.2573,2026-12-01
NK225E    ,OOP,202612,33750.0,            ,131243718,0000000.0000,0000000.0,40.04,0.559666,141243718,0000000.0000,0000000.0,29988.34,0.598798,63923.0,0.2573,2026-12-01
NK225E    ,OOP,202612,34000.0,            ,131244018,0000000.0000,0000000.0,41.47,0.556261,141244018,0000000.0000,0000000.0,29740.72,0.597394,63923.0,0.2573,2026-12-01
NK225E    ,OOP,202612,34250.0,            ,131244218,0000000.0000,0000000.0,42.93,0.552772,141244218,0000000.0000,0000000.0,29493.14,0.589963,63923.0,0.2573,2026-12-01
NK225E    ,OOP,202612,34500.0,            ,131244518,0000000.0000,0000000.0,44.43,0.549285,141244518,0000000.0000,0000000.0,29245.6,0.588388,63923.0,0.2573,2026-12-01
NK225E    ,OOP,202612,34750.0,            ,131244718,0000000.0000,0000000.0,45.96,0.545801,141244718,0000000.0000,0000000.0,28998.09,0.581063,63923.0,0.2573,2026-12-01
NK225E    ,OOP,202612,35000.0,            ,131245018,0000000.0000,0000000.0,61.66,0.561587,141245018,0000000.0000,0000000.0,28764.75,0.594658,63923.0,0.2573,2026-12-01
NK225E    ,OOP,202612,35250.0,            ,131245218,0000000.0000,0000000.0,63.56,0.557899,141245218,0000000.0000,0000000.0,28517.61,0.58741,63923.0,0.2573,2026-12-01
NK225E    ,OOP,202612,35500.0,            ,131245518,0000000.0000,0000000.0,65.46,0.554161,141245518,0000000.0000,0000000.0,28270.47,0.584937,63923.0,0.2573,2026-12-01
NK225E    ,OOP,202612,35750.0,            ,131245718,0000000.0000,0000000.0,67.36,0.550377,141245718,0000000.0000,0000000.0,28023.32,0.577781,63923.0,0.2573,2026-12-01
NK225E    ,OOP,202612,36000.0,            ,131246018,0000000.0000,0000000.0,69.26,0.54625,141246018,0000000.0000,0000000.0,27776.18,0.575218,63923.0,0.2573,2026-12-01
NK225E    ,OOP,202612,36250.0,            ,131246218,0000000.0000,0000000.0,71.16,0.542502,141246218,0000000.0000,0000000.0,27529.03,0.572536,63923.0,0.2573,2026-12-01
NK225E    ,OOP,202612,36500.0,            ,131246518,0000000.0000,0000000.0,72.09,0.537646,141246518,0000000.0000,0000000.0,27280.92,0.565507,63923.0,0.2573,2026-12-01
NK225E    ,OOP,202612,36750.0,            ,131246718,0000000.0000,0000000.0,73.99,0.533834,141246718,0000000.0000,0000000.0,27033.77,0.558528,63923.0,0.2573,2026-12-01
NK225E    ,OOP,202612,37000.0,            ,131247018,0000000.0000,0000000.0,76.36,0.530376,141247018,0000000.0000,0000000.0,26787.11,0.555805,63923.0,0.2573,2026-12-01
NK225E    ,OOP,202612,37250.0,            ,131247218,0000000.0000,0000000.0,78.74,0.52686,141247218,0000000.0000,0000000.0,26540.44,0.552976,63923.0,0.2573,2026-12-01
NK225E    ,OOP,202612,37500.0,            ,131247518,0000000.0000,0000000.0,81.11,0.52318,141247518,0000000.0000,0000000.0,26293.77,0.546114,63923.0,0.2573,2026-12-01
NK225E    ,OOP,202612,37750.0,            ,131247718,0000000.0000,0000000.0,83.48,0.519669,141247718,0000000.0000,0000000.0,26047.1,0.543221,63923.0,0.2573,2026-12-01
NK225E    ,OOP,202612,38000.0,            ,131248018,0000000.0000,0000000.0,85.85,0.516,141248018,0000000.0000,0000000.0,25800.43,0.540235,63923.0,0.2573,2026-12-01
NK225E    ,OOP,202612,38250.0,            ,131248218,0000000.0000,0000000.0,87.74,0.511861,141248218,0000000.0000,0000000.0,25553.27,0.533482,63923.0,0.2573,2026-12-01
NK225E    ,OOP,202612,38500.0,            ,131248518,0000000.0000,0000000.0,90.59,0.50853,141248518,0000000.0000,0000000.0,25307.08,0.530441,63923.0,0.2573,2026-12-01
NK225E    ,OOP,202612,38750.0,            ,131248718,0000000.0000,0000000.0,91.99,0.503928,141248718,0000000.0000,0000000.0,25059.44,0.527319,63923.0,0.2573,2026-12-01
NK225E    ,OOP,202612,39000.0,            ,131249018,0000100.0000,0000000.0,95.46,0.499002,141249018,0000000.0000,0000000.0,24810.83,0.520669,63923.0,0.2573,2026-12-01
NK225E    ,OOP,202612,39250.0,            ,131249218,0000000.0000,0000000.0,99.12,0.49808,141249218,0000000.0000,0000000.0,24568.49,0.517499,63923.0,0.2573,2026-12-01
NK225E    ,OOP,202612,39500.0,            ,131249518,0000000.0000,0000000.0,102.45,0.494993,141249518,0000000.0000,0000000.0,24322.77,0.514257,63923.0,0.2573,2026-12-01
NK225E    ,OOP,202612,39750.0,            ,131249718,0000000.0000,0000000.0,109.63,0.494565,141249718,0000000.0000,0000000.0,24080.91,0.514117,63923.0,0.2573,2026-12-01
NK225E    ,OOP,202612,40000.0,            ,131240018,0000110.0000,0000000.0,110.0,0.489062,141240018,0000000.0000,0000000.0,23834.71,0.510659,63923.0,0.2573,2026-12-01
NK225E    ,OOP,202612,40250.0,            ,131240218,0000000.0000,0000000.0,116.27,0.487514,141240218,0000000.0000,0000000.0,23589.46,0.507146,63923.0,0.2573,2026-12-01
NK225E    ,OOP,202612,40500.0,            ,131240518,0000000.0000,0000000.0,118.14,0.483125,141240518,0000000.0000,0000000.0,23342.29,0.500653,63923.0,0.2573,2026-12-01
NK225E    ,OOP,202612,40750.0,            ,131240718,0000000.0000,0000000.0,122.42,0.480039,141240718,0000000.0000,0000000.0,23097.52,0.497111,63923.0,0.2573,2026-12-01
NK225E    ,OOP,202612,41000.0,            ,131241018,0000000.0000,0000000.0,124.76,0.476097,141241018,0000000.0000,0000000.0,22850.83,0.493519,63923.0,0.2573,2026-12-01
NK225E    ,OOP,202612,41250.0,            ,131241218,0000000.0000,0000000.0,129.03,0.473038,141241218,0000000.0000,0000000.0,22606.06,0.489878,63923.0,0.2573,2026-12-01
NK225E    ,OOP,202612,41500.0,            ,131241518,0000000.0000,0000000.0,131.86,0.469079,141241518,0000000.0000,0000000.0,22359.84,0.486193,63923.0,0.2573,2026-12-01
NK225E    ,OOP,202612,41750.0,            ,131241718,0000000.0000,0000000.0,134.68,0.465068,141241718,0000000.0000,0000000.0,22113.61,0.479832,63923.0,0.2573,2026-12-01
NK225E    ,OOP,202612,42000.0,            ,131242018,0000000.0000,0000000.0,136.53,0.460162,141242018,0000000.0000,0000000.0,21866.42,0.476125,63923.0,0.2573,2026-12-01
NK225E    ,OOP,202612,42250.0,            ,131242218,0000000.0000,0000000.0,138.86,0.456148,141242218,0000000.0000,0000000.0,21619.71,0.472377,63923.0,0.2573,2026-12-01
NK225E    ,OOP,202612,42500.0,            ,131362518,0000000.0000,0000000.0,143.12,0.452815,141362518,0000000.0000,0000000.0,21374.93,0.468589,63923.0,0.2573,2026-12-01
NK225E    ,OOP,202612,42750.0,            ,181242718,0000000.0000,0000000.0,147.37,0.449353,191242718,0000000.0000,0000000.0,21130.14,0.464764,63923.0,0.2573,2026-12-01
NK225E    ,OOP,202612,43000.0,            ,181243018,0000154.0000,0000000.0,153.99,0.447407,191243018,0000000.0000,0000000.0,20886.31,0.460903,63923.0,0.2573,2026-12-01
NK225E    ,OOP,202612,43250.0,            ,181243218,0000000.0000,0000000.0,156.35,0.442791,191243218,0000000.0000,0000000.0,20641.04,0.457008,63923.0,0.2573,2026-12-01
NK225E    ,OOP,202612,43500.0,            ,181243518,0000000.0000,0000000.0,161.08,0.43967,191243518,0000000.0000,0000000.0,20396.72,0.45308,63923.0,0.2573,2026-12-01
NK225E    ,OOP,202612,43750.0,            ,181243718,0000000.0000,0000000.0,165.32,0.435997,191243718,0000000.0000,0000000.0,20151.92,0.449121,63923.0,0.2573,2026-12-01
NK225E    ,OOP,202612,44000.0,            ,181244018,0000000.0000,0000000.0,168.59,0.431811,191244018,0000000.0000,0000000.0,19906.15,0.445131,63923.0,0.2573,2026-12-01
NK225E    ,OOP,202612,44250.0,            ,181244218,0000000.0000,0000000.0,176.2,0.429911,191244218,0000000.0000,0000000.0,19664.71,0.443214,63923.0,0.2573,2026-12-01
NK225E    ,OOP,202612,44500.0,            ,181244518,0000000.0000,0000000.0,180.43,0.426091,191244518,0000000.0000,0000000.0,19419.9,0.439124,63923.0,0.2573,2026-12-01
NK225E    ,OOP,202612,44750.0,            ,181244718,0000000.0000,0000000.0,184.17,0.422237,191244718,0000000.0000,0000000.0,19174.6,0.435009,63923.0,0.2573,2026-12-01
NK225E    ,OOP,202612,45000.0,            ,181245018,0000000.0000,0000000.0,190.8,0.419202,191245018,0000000.0000,0000000.0,18932.19,0.430869,63923.0,0.2573,2026-12-01
NK225E    ,OOP,202612,45250.0,            ,181245218,0000204.0000,0000000.0,204.0,0.419358,191245218,0000000.0000,0000000.0,18688.81,0.426705,63923.0,0.2573,2026-12-01
NK225E    ,OOP,202612,45500.0,            ,181245518,0000000.0000,0000000.0,211.29,0.416485,191245518,0000000.0000,0000000.0,18454.59,0.428072,63923.0,0.2573,2026-12-01
NK225E    ,OOP,202612,45750.0,            ,181245718,0000000.0000,0000000.0,218.88,0.413529,191245718,0000000.0000,0000000.0,18213.13,0.423756,63923.0,0.2573,2026-12-01
NK225E    ,OOP,202612,46000.0,            ,181246018,0000000.0000,0000000.0,223.07,0.409751,191246018,0000000.0000,0000000.0,17968.28,0.419421,63923.0,0.2573,2026-12-01
NK225E    ,OOP,202612,46250.0,            ,181246218,0000000.0000,0000000.0,232.58,0.407383,191246218,0000000.0000,0000000.0,17728.75,0.416777,63923.0,0.2573,2026-12-01
NK225E    ,OOP,202612,46500.0,            ,181246518,0000000.0000,0000000.0,237.73,0.403497,191246518,0000000.0000,0000000.0,17484.85,0.414035,63923.0,0.2573,2026-12-01
NK225E    ,OOP,202612,46750.0,            ,181246718,0000000.0000,0000000.0,244.8,0.400265,191246718,0000000.0000,0000000.0,17242.89,0.409586,63923.0,0.2573,2026-12-01
NK225E    ,OOP,202612,47000.0,            ,181247018,0000249.0000,0000000.0,249.0,0.396296,191247018,0000000.0000,0000000.0,17003.33,0.406707,63923.0,0.2573,2026-12-01
NK225E    ,OOP,202612,47250.0,            ,181247218,0000000.0000,0000000.0,263.77,0.395232,191247218,0000000.0000,0000000.0,16763.77,0.403742,63923.0,0.2573,2026-12-01
NK225E    ,OOP,202612,47500.0,            ,181247518,0000000.0000,0000000.0,267.92,0.390821,191247518,0000000.0000,0000000.0,16518.88,0.399191,63923.0,0.2573,2026-12-01
NK225E    ,OOP,202612,47750.0,            ,181247718,0000000.0000,0000000.0,279.32,0.388561,191247718,0000000.0000,0000000.0,16281.24,0.39757,63923.0,0.2573,2026-12-01
NK225E    ,OOP,202612,48000.0,            ,181248018,0000300.0000,0000000.0,284.43,0.384681,191248018,0000000.0000,0000000.0,16037.3,0.392942,63923.0,0.2573,2026-12-01
NK225E    ,OOP,202612,48250.0,            ,181248218,0000294.0000,0000000.0,294.0,0.381937,191248218,0000000.0000,0000000.0,15803.03,0.391099,63923.0,0.2573,2026-12-01
NK225E    ,OOP,202612,48500.0,            ,181248518,0000000.0000,0000000.0,305.74,0.379382,191248518,0000000.0000,0000000.0,15560.52,0.387758,63923.0,0.2573,2026-12-01
NK225E    ,OOP,202612,48750.0,            ,181248718,0000000.0000,0000000.0,308.89,0.374748,191248718,0000000.0000,0000000.0,15314.63,0.381688,63923.0,0.2573,2026-12-01
NK225E    ,OOP,202612,49000.0,            ,181249018,0000000.0000,0000000.0,327.01,0.373963,191249018,0000000.0000,0000000.0,15083.71,0.380882,63923.0,0.2573,2026-12-01
NK225E    ,OOP,202612,49250.0,            ,181249218,0000000.0000,0000000.0,338.84,0.371323,191249218,0000000.0000,0000000.0,14846.5,0.378608,63923.0,0.2573,2026-12-01
NK225E    ,OOP,202612,49500.0,            ,181249518,0000000.0000,0000000.0,343.41,0.366728,191249518,0000000.0000,0000000.0,14602.03,0.373759,63923.0,0.2573,2026-12-01
NK225E    ,OOP,202612,49750.0,            ,181249718,0000000.0000,0000000.0,364.9,0.366327,191249718,0000000.0000,0000000.0,14374.47,0.372508,63923.0,0.2573,2026-12-01
NK225E    ,OOP,202612,50000.0,            ,181240018,0000000.0000,0000000.0,362.19,0.359858,191240018,0000000.0000,0000000.0,14122.72,0.366405,63923.0,0.2573,2026-12-01
NK225E    ,OOP,202612,50250.0,            ,181240218,0000000.0000,0000000.0,390.91,0.360671,191240218,0000000.0000,0000000.0,13902.4,0.367212,63923.0,0.2573,2026-12-01
NK225E    ,OOP,202612,50500.0,            ,181240518,0000000.0000,0000000.0,405.11,0.358256,191240518,0000000.0000,0000000.0,13667.56,0.364406,63923.0,0.2573,2026-12-01
NK225E    ,OOP,202612,50750.0,            ,181240718,0000000.0000,0000000.0,421.72,0.355722,191240718,0000000.0000,0000000.0,13435.13,0.361502,63923.0,0.2573,2026-12-01
NK225E    ,OOP,202612,51000.0,            ,181241018,0000000.0000,0000000.0,431.06,0.351999,191241018,0000000.0000,0000000.0,13195.42,0.357455,63923.0,0.2573,2026-12-01
NK225E    ,OOP,202612,51250.0,            ,181241218,0000000.0000,0000000.0,452.48,0.350837,191241218,0000000.0000,0000000.0,12967.8,0.35643,63923.0,0.2573,2026-12-01
NK225E    ,OOP,202612,51500.0,            ,181241518,0000000.0000,0000000.0,459.37,0.346309,191241518,0000000.0000,0000000.0,12725.65,0.351236,63923.0,0.2573,2026-12-01
NK225E    ,OOP,202612,51750.0,            ,181241718,0000000.0000,0000000.0,485.62,0.345487,191241718,0000000.0000,0000000.0,12502.86,0.350908,63923.0,0.2573,2026-12-01
NK225E    ,OOP,202612,52000.0,            ,181242018,0000510.0000,0000000.0,492.47,0.340951,191242018,0000000.0000,0000000.0,12260.66,0.345624,63923.0,0.2573,2026-12-01
NK225E    ,OOP,202612,52250.0,            ,181242218,0000515.0000,0000000.0,514.99,0.339233,191242218,0000000.0000,0000000.0,12037.85,0.344971,63923.0,0.2573,2026-12-01
NK225E    ,OOP,202612,52500.0,            ,181362518,0000000.0000,0000000.0,537.64,0.33689,191362518,0000000.0000,0000000.0,11807.75,0.342304,63923.0,0.2573,2026-12-01
NK225E    ,OOP,202612,52750.0,            ,131362718,0000000.0000,0000000.0,556.57,0.334415,141362718,0000000.0000,0000000.0,11577.63,0.339522,63923.0,0.2573,2026-12-01
NK225E    ,OOP,202612,53000.0,            ,131363018,0000000.0000,0000000.0,582.75,0.332682,141363018,0000000.0000,0000000.0,11354.78,0.337482,63923.0,0.2573,2026-12-01
NK225E    ,OOP,202612,53250.0,            ,131363218,0000000.0000,0000000.0,601.65,0.329939,141363218,0000000.0000,0000000.0,11124.63,0.334464,63923.0,0.2573,2026-12-01
NK225E    ,OOP,202612,53500.0,            ,131363518,0000000.0000,0000000.0,622.95,0.327081,141363518,0000000.0000,0000000.0,10896.89,0.332154,63923.0,0.2573,2026-12-01
NK225E    ,OOP,202612,53750.0,            ,131363718,0000000.0000,0000000.0,649.09,0.325573,141363718,0000000.0000,0000000.0,10673.99,0.329707,63923.0,0.2573,2026-12-01
NK225E    ,OOP,202612,54000.0,            ,131364018,0000680.0000,0000000.0,661.96,0.321345,141364018,0000000.0000,0000000.0,10443.78,0.326357,63923.0,0.2573,2026-12-01
NK225E    ,OOP,202612,54250.0,            ,131364218,0000000.0000,0000000.0,686.74,0.318622,141364218,0000000.0000,0000000.0,10213.54,0.322913,63923.0,0.2573,2026-12-01
NK225E    ,OOP,202612,54500.0,            ,131364518,0000000.0000,0000000.0,715.25,0.316819,141364518,0000000.0000,0000000.0,9993.01,0.320856,63923.0,0.2573,2026-12-01
NK225E    ,OOP,202612,54750.0,            ,131364718,0000000.0000,0000000.0,753.48,0.315571,141364718,0000000.0000,0000000.0,9782.2,0.31936,63923.0,0.2573,2026-12-01
NK225E    ,OOP,202612,55000.0,            ,131365018,0000000.0000,0000000.0,794.13,0.315411,141365018,0000000.0000,0000000.0,9573.81,0.319072,63923.0,0.2573,2026-12-01
NK225E    ,OOP,202612,55250.0,            ,131365218,0000000.0000,0000000.0,829.9,0.313847,141365218,0000000.0000,0000000.0,9360.54,0.317181,63923.0,0.2573,2026-12-01
NK225E    ,OOP,202612,55500.0,            ,131365518,0000000.0000,0000000.0,854.18,0.31056,141365518,0000000.0000,0000000.0,9137.49,0.313795,63923.0,0.2573,2026-12-01
NK225E    ,OOP,202612,55750.0,            ,131365718,0000000.0000,0000000.0,874.55,0.306653,141365718,0000000.0000,0000000.0,8907.1,0.309653,63923.0,0.2573,2026-12-01
NK225E    ,OOP,202612,56000.0,            ,131366018,0000000.0000,0000000.0,922.45,0.305882,141366018,0000000.0000,0000000.0,8705.96,0.30926,63923.0,0.2573,2026-12-01
NK225E    ,OOP,202612,56250.0,            ,131366218,0000000.0000,0000000.0,936.15,0.301068,141366218,0000000.0000,0000000.0,8470.62,0.30427,63923.0,0.2573,2026-12-01
NK225E    ,OOP,202612,56500.0,            ,131366518,0000000.0000,0000000.0,1006.35,0.300506,141366518,0000000.0000,0000000.0,8274.31,0.304117,63923.0,0.2573,2026-12-01
NK225E    ,OOP,202612,56750.0,            ,131366718,0000000.0000,0000000.0,1046.13,0.299704,141366718,0000000.0000,0000000.0,8073.12,0.302519,63923.0,0.2573,2026-12-01
NK225E    ,OOP,202612,57000.0,            ,131367018,0001130.0000,0000000.0,1060.97,0.296921,141367018,0000000.0000,0000000.0,7862.11,0.30015,63923.0,0.2573,2026-12-01
NK225E    ,OOP,202612,57250.0,            ,131367218,0000000.0000,0000000.0,1140.64,0.296286,141367218,0000000.0000,0000000.0,7668.21,0.299329,63923.0,0.2573,2026-12-01
NK225E    ,OOP,202612,57500.0,            ,131367518,0000000.0000,0000000.0,1195.37,0.295972,141367518,0000000.0000,0000000.0,7479.2,0.299393,63923.0,0.2573,2026-12-01
NK225E    ,OOP,202612,57750.0,            ,131367718,0000000.0000,0000000.0,1252.02,0.293223,141367718,0000000.0000,0000000.0,7268.11,0.295931,63923.0,0.2573,2026-12-01
NK225E    ,OOP,202612,58000.0,            ,131368018,0001260.0000,0000000.0,1260.0,0.289784,141368018,0000000.0000,0000000.0,7081.51,0.295549,63923.0,0.2573,2026-12-01
NK225E    ,OOP,202612,58250.0,            ,131368218,0000000.0000,0000000.0,1314.65,0.289379,141368218,0000000.0000,0000000.0,6870.34,0.292306,63923.0,0.2573,2026-12-01
NK225E    ,OOP,202612,58500.0,            ,131368518,0000000.0000,0000000.0,1391.81,0.287179,141368518,0000000.0000,0000000.0,6673.88,0.289954,63923.0,0.2573,2026-12-01
NK225E    ,OOP,202612,58750.0,            ,131368718,0000000.0000,0000000.0,1436.55,0.285813,141368718,0000000.0000,0000000.0,6484.75,0.28844,63923.0,0.2573,2026-12-01
NK225E    ,OOP,202612,59000.0,            ,131369018,0000000.0000,0000000.0,1506.23,0.285354,141369018,0000000.0000,0000000.0,6310.36,0.288209,63923.0,0.2573,2026-12-01
NK225E    ,OOP,202612,59250.0,            ,131369218,0000000.0000,0000000.0,1596.33,0.283431,141369218,0000000.0000,0000000.0,6116.26,0.286266,63923.0,0.2573,2026-12-01
NK225E    ,OOP,202612,59500.0,            ,131369518,0000000.0000,0000000.0,1660.57,0.281913,141369518,0000000.0000,0000000.0,5931.98,0.284609,63923.0,0.2573,2026-12-01
NK225E    ,OOP,202612,59750.0,            ,131369718,0000000.0000,0000000.0,1717.76,0.280184,141369718,0000000.0000,0000000.0,5750.13,0.282747,63923.0,0.2573,2026-12-01
NK225E    ,OOP,202612,60000.0,            ,131360018,0000000.0000,0000000.0,1787.43,0.279646,141360018,0000000.0000,0000000.0,5580.61,0.28208,63923.0,0.2573,2026-12-01
NK225E    ,OOP,202612,60250.0,            ,131360218,0002025.0000,0000000.0,1868.33,0.278407,141360218,0000000.0000,0000000.0,5403.64,0.280718,63923.0,0.2573,2026-12-01
NK225E    ,OOP,202612,60500.0,            ,131360518,0000000.0000,0000000.0,1934.26,0.275588,141360518,0000000.0000,0000000.0,5219.22,0.278234,63923.0,0.2573,2026-12-01
NK225E    ,OOP,202612,60625.0,            ,131120618,0000000.0000,0000000.0,1971.59,0.275907,141120618,0000000.0000,0000000.0,5143.08,0.278492,63923.0,0.2573,2026-12-01
NK225E    ,OOP,202612,60750.0,            ,131360718,0000000.0000,0000000.0,2011.41,0.276158,141360718,0000000.0000,0000000.0,5069.42,0.278682,63923.0,0.2573,2026-12-01
NK225E    ,OOP,202612,60875.0,            ,131120818,0000000.0000,0000000.0,2051.24,0.275009,141120818,0000000.0000,0000000.0,4980.9,0.277476,63923.0,0.2573,2026-12-01
NK225E    ,OOP,202612,61000.0,            ,131361018,0000000.0000,0000000.0,2111.03,0.275134,141361018,0000000.0000,0000000.0,4902.26,0.277102,63923.0,0.2573,2026-12-01
NK225E    ,OOP,202612,61125.0,            ,131121118,0000000.0000,0000000.0,2133.37,0.273877,141121118,0000000.0000,0000000.0,4813.72,0.276231,63923.0,0.2573,2026-12-01
NK225E    ,OOP,202612,61250.0,            ,131361218,0002510.0000,0000000.0,2185.25,0.274336,141361218,0000000.0000,0000000.0,4749.98,0.277047,63923.0,0.2573,2026-12-01
NK225E    ,OOP,202612,61375.0,            ,131121318,0000000.0000,0000000.0,2223.0,0.272948,141121318,0000000.0000,0000000.0,4656.45,0.275193,63923.0,0.2573,2026-12-01
NK225E    ,OOP,202612,61500.0,            ,131361518,0000000.0000,0000000.0,2293.95,0.272827,141361518,0000000.0000,0000000.0,4582.77,0.275018,63923.0,0.2573,2026-12-01
NK225E    ,OOP,202612,61625.0,            ,131121618,0000000.0000,0000000.0,2336.32,0.271784,141121618,0000000.0000,0000000.0,4499.16,0.274353,63923.0,0.2573,2026-12-01
NK225E    ,OOP,202612,61750.0,            ,131361718,0000000.0000,0000000.0,2354.94,0.271542,141361718,0000000.0000,0000000.0,4420.5,0.273631,63923.0,0.2573,2026-12-01
NK225E    ,OOP,202612,61875.0,            ,131121818,0000000.0000,0000000.0,2424.58,0.270814,141121818,0000000.0000,0000000.0,4344.32,0.273277,63923.0,0.2573,2026-12-01
NK225E    ,OOP,202612,62000.0,            ,131362018,0002710.0000,0000000.0,2449.55,0.269991,141362018,0000000.0000,0000000.0,4265.65,0.270804,63923.0,0.2573,2026-12-01
NK225E    ,OOP,202612,62125.0,            ,131122118,0002550.0000,0000000.0,2484.38,0.269607,141122118,0000000.0000,0000000.0,4189.46,0.270705,63923.0,0.2573,2026-12-01
NK225E    ,OOP,202612,62250.0,            ,131362218,0002665.0000,0000000.0,2534.18,0.269126,141362218,0000000.0000,0000000.0,4115.74,0.270599,63923.0,0.2573,2026-12-01
NK225E    ,OOP,202612,62375.0,            ,131122318,0000000.0000,0000000.0,2568.99,0.268585,141122318,0000000.0000,0000000.0,4039.54,0.270013,63923.0,0.2573,2026-12-01
NK225E    ,OOP,202612,62500.0,            ,181242518,0000000.0000,0000000.0,2631.29,0.267985,191242518,0000000.0000,0000000.0,3965.82,0.269785,63923.0,0.2573,2026-12-01
NK225E    ,OOP,202612,62625.0,            ,131122618,0000000.0000,0000000.0,2671.09,0.267742,141122618,0000000.0000,0000000.0,3897.08,0.26991,63923.0,0.2573,2026-12-01
NK225E    ,OOP,202612,62750.0,            ,181362718,0000000.0000,0000000.0,2733.39,0.267022,191362718,0000000.0000,0000000.0,3823.35,0.269145,63923.0,0.2573,2026-12-01
NK225E    ,OOP,202612,62875.0,            ,131122818,0000000.0000,0000000.0,2780.69,0.266657,141122818,0000000.0000,0000000.0,3754.6,0.268734,63923.0,0.2573,2026-12-01
NK225E    ,OOP,202612,63000.0,            ,181363018,0002945.0000,0000000.0,2847.98,0.26582,191363018,0000000.0000,0000000.0,3678.35,0.267852,63923.0,0.2573,2026-12-01
NK225E    ,OOP,202612,63125.0,            ,131123118,0000000.0000,0000000.0,2887.79,0.265335,141123118,0000000.0000,0000000.0,3609.6,0.267323,63923.0,0.2573,2026-12-01
NK225E    ,OOP,202612,63250.0,            ,181363218,0003390.0000,0000000.0,2957.58,0.265198,191363218,0000000.0000,0000000.0,3543.33,0.267143,63923.0,0.2573,2026-12-01
NK225E    ,OOP,202612,63375.0,            ,131123318,0000000.0000,0000000.0,3007.38,0.264183,141123318,0000000.0000,0000000.0,3417.78,0.266493,63923.0,0.2573,2026-12-01
NK225E    ,OOP,202612,63500.0,            ,181363518,0000000.0000,0000000.0,3069.68,0.263925,191363518,0000000.0000,0000000.0,3355.84,0.266192,63923.0,0.2573,2026-12-01
NK225E    ,OOP,202612,63625.0,            ,131123618,0000000.0000,0000000.0,3126.97,0.26279,141123618,0000000.0000,0000000.0,3304.26,0.265015,63923.0,0.2573,2026-12-01
NK225E    ,OOP,202612,63750.0,            ,181363718,0000000.0000,0000000.0,3174.26,0.262411,191363718,0000000.0000,0000000.0,3255.55,0.264594,63923.0,0.2573,2026-12-01
NK225E    ,OOP,202612,63875.0,            ,131123818,0000000.0000,0000000.0,3246.55,0.26197,141123818,0000000.0000,0000000.0,3189.87,0.262892,63923.0,0.2573,2026-12-01
NK225E    ,OOP,202612,64000.0,            ,181364018,0000000.0000,0000000.0,3291.34,0.261061,191364018,0002975.0000,0000000.0,3129.66,0.26235,63923.0,0.2573,2026-12-01
NK225E    ,OOP,202612,64125.0,            ,131124118,0000000.0000,0000000.0,3363.64,0.260905,141124118,0000000.0000,0000000.0,3064.45,0.262154,63923.0,0.2573,2026-12-01
NK225E    ,OOP,202612,64250.0,            ,181364218,0000000.0000,0000000.0,3415.93,0.260281,191364218,0000000.0000,0000000.0,3001.74,0.261491,63923.0,0.2573,2026-12-01
NK225E    ,OOP,202612,64375.0,            ,131124318,0000000.0000,0000000.0,3483.22,0.260001,141124318,0000000.0000,0000000.0,2939.03,0.261172,63923.0,0.2573,2026-12-01
NK225E    ,OOP,202612,64500.0,            ,181364518,0000000.0000,0000000.0,3545.51,0.259253,191364518,0000000.0000,0000000.0,2878.83,0.260792,63923.0,0.2573,2026-12-01
NK225E    ,OOP,202612,64625.0,            ,131124618,0000000.0000,0000000.0,3610.3,0.25885,141124618,0000000.0000,0000000.0,2818.62,0.26035,63923.0,0.2573,2026-12-01
NK225E    ,OOP,202612,64750.0,            ,181364718,0000000.0000,0000000.0,3702.61,0.258385,191364718,0000000.0000,0000000.0,2758.41,0.259847,63923.0,0.2573,2026-12-01
NK225E    ,OOP,202612,64875.0,            ,131124818,0000000.0000,0000000.0,3739.89,0.257857,141124818,0000000.0000,0000000.0,2703.2,0.25969,63923.0,0.2573,2026-12-01
NK225E    ,OOP,202612,65000.0,            ,181365018,0000000.0000,0000000.0,3809.67,0.257268,191365018,0002540.0000,0000000.0,2642.99,0.259063,63923.0,0.2573,2026-12-01
NK225E    ,OOP,202612,65125.0,            ,131125118,0000000.0000,0000000.0,3894.48,0.257024,141125118,0000000.0000,0000000.0,2587.79,0.258783,63923.0,0.2573,2026-12-01
NK225E    ,OOP,202612,65250.0,            ,181365218,0000000.0000,0000000.0,3959.27,0.257127,191365218,0000000.0000,0000000.0,2532.59,0.258441,63923.0,0.2573,2026-12-01
NK225E    ,OOP,202612,65375.0,            ,131125318,0000000.0000,0000000.0,4044.71,0.25676,141125318,0000000.0000,0000000.0,2477.37,0.258037,63923.0,0.2573,2026-12-01
NK225E    ,OOP,202612,65500.0,            ,181365518,0000000.0000,0000000.0,4112.43,0.25592,191365518,0000000.0000,0000000.0,2422.16,0.257572,63923.0,0.2573,2026-12-01
NK225E    ,OOP,202612,65625.0,            ,131125618,0000000.0000,0000000.0,4185.2,0.25584,141125618,0000000.0000,0000000.0,2371.96,0.257455,63923.0,0.2573,2026-12-01
NK225E    ,OOP,202612,65750.0,            ,181365718,0000000.0000,0000000.0,4263.01,0.255698,191365718,0000000.0000,0000000.0,2344.29,0.257279,63923.0,0.2573,2026-12-01
NK225E    ,OOP,202612,65875.0,            ,131125818,0000000.0000,0000000.0,4335.77,0.255496,141125818,0000000.0000,0000000.0,2271.55,0.257041,63923.0,0.2573,2026-12-01
NK225E    ,OOP,202612,66000.0,            ,181366018,0000000.0000,0000000.0,4408.52,0.254817,191366018,0000000.0000,0000000.0,2216.34,0.256328,63923.0,0.2573,2026-12-01
NK225E    ,OOP,202612,66125.0,            ,131126118,0000000.0000,0000000.0,4478.73,0.254074,141126118,0000000.0000,0000000.0,2171.14,0.256383,63923.0,0.2573,2026-12-01
NK225E    ,OOP,202612,66250.0,            ,181366218,0000000.0000,0000000.0,4553.99,0.253683,191366218,0000000.0000,0000000.0,2145.98,0.255961,63923.0,0.2573,2026-12-01
NK225E    ,OOP,202612,66375.0,            ,131126318,0000000.0000,0000000.0,4636.87,0.25407,141126318,0000000.0000,0000000.0,2070.74,0.255477,63923.0,0.2573,2026-12-01
NK225E    ,OOP,202612,66500.0,            ,181366518,0000000.0000,0000000.0,4712.11,0.253557,191366518,0000000.0000,0000000.0,2048.07,0.255351,63923.0,0.2573,2026-12-01
NK225E    ,OOP,202612,66625.0,            ,131126618,0000000.0000,0000000.0,4782.3,0.252557,141126618,0000000.0000,0000000.0,1980.34,0.254742,63923.0,0.2573,2026-12-01
NK225E    ,OOP,202612,66750.0,            ,181366718,0000000.0000,0000000.0,4862.61,0.252339,191366718,0000000.0000,0000000.0,1957.68,0.254494,63923.0,0.2573,2026-12-01
NK225E    ,OOP,202612,66875.0,            ,131126818,0000000.0000,0000000.0,4935.32,0.251205,141126818,0000000.0000,0000000.0,1899.96,0.253754,63923.0,0.2573,2026-12-01
NK225E    ,OOP,202612,67000.0,            ,181367018,0000000.0000,0000000.0,5028.36,0.252149,191367018,0001750.0000,0000000.0,1822.19,0.254243,63923.0,0.2573,2026-12-01
NK225E    ,OOP,202612,67125.0,            ,131127118,0000000.0000,0000000.0,5098.49,0.250884,141127118,0000000.0000,0000000.0,1779.49,0.252948,63923.0,0.2573,2026-12-01
NK225E    ,OOP,202612,67250.0,            ,181367218,0000000.0000,0000000.0,5188.99,0.251284,191367218,0000000.0000,0000000.0,1749.32,0.253752,63923.0,0.2573,2026-12-01
NK225E    ,OOP,202612,67375.0,            ,131127318,0000000.0000,0000000.0,5271.84,0.250755,141127318,0000000.0000,0000000.0,1714.14,0.253197,63923.0,0.2573,2026-12-01
NK225E    ,OOP,202612,67500.0,            ,131487518,0000000.0000,0000000.0,5354.68,0.250602,141487518,0000000.0000,0000000.0,1668.93,0.253016,63923.0,0.2573,2026-12-01
NK225E    ,OOP,202612,67625.0,            ,131127618,0000000.0000,0000000.0,5437.53,0.250388,141127618,0000000.0000,0000000.0,1626.24,0.252333,63923.0,0.2573,2026-12-01
NK225E    ,OOP,202612,67750.0,            ,181367718,0000000.0000,0000000.0,5522.92,0.250113,191367718,0000000.0000,0000000.0,1581.03,0.252474,63923.0,0.2573,2026-12-01
NK225E    ,OOP,202612,67875.0,            ,131127818,0000000.0000,0000000.0,5610.86,0.249777,141127818,0000000.0000,0000000.0,1545.86,0.252111,63923.0,0.2573,2026-12-01
NK225E    ,OOP,202612,68000.0,            ,181368018,0000000.0000,0000000.0,5703.92,0.250282,191368018,0000000.0000,0000000.0,1530.72,0.252587,63923.0,0.2573,2026-12-01
NK225E    ,OOP,202612,68125.0,            ,131128118,0000000.0000,0000000.0,5786.76,0.24937,141128118,0000000.0000,0000000.0,1480.49,0.252105,63923.0,0.2573,2026-12-01
NK225E    ,OOP,202612,68250.0,            ,181368218,0000000.0000,0000000.0,5877.25,0.249305,191368218,0000000.0000,0000000.0,1416.34,0.252016,63923.0,0.2573,2026-12-01
NK225E    ,OOP,202612,68500.0,            ,181368518,0000000.0000,0000000.0,6058.23,0.248998,191368518,0000000.0000,0000000.0,1346.2,0.251662,63923.0,0.2573,2026-12-01
NK225E    ,OOP,202612,68750.0,            ,181368718,0000000.0000,0000000.0,6239.24,0.248924,191368718,0000000.0000,0000000.0,1299.58,0.251069,63923.0,0.2573,2026-12-01
NK225E    ,OOP,202612,69000.0,            ,181369018,0000000.0000,0000000.0,6427.9,0.248618,191369018,0000000.0000,0000000.0,1225.94,0.25119,63923.0,0.2573,2026-12-01
NK225E    ,OOP,202612,69250.0,            ,181369218,0000000.0000,0000000.0,6606.3,0.247581,191369218,0000000.0000,0000000.0,1163.99,0.25011,63923.0,0.2573,2026-12-01
NK225E    ,OOP,202612,69500.0,            ,181369518,0000000.0000,0000000.0,6802.69,0.247781,191369518,0000000.0000,0000000.0,1113.43,0.250262,63923.0,0.2573,2026-12-01
NK225E    ,OOP,202612,69750.0,            ,181369718,0000000.0000,0000000.0,6991.35,0.247251,191369718,0000000.0000,0000000.0,1055.71,0.249686,63923.0,0.2573,2026-12-01
NK225E    ,OOP,202612,70000.0,            ,181360018,0000000.0000,0000000.0,7192.88,0.247519,191360018,0000980.0000,0000000.0,1030.01,0.250423,63923.0,0.2573,2026-12-01
NK225E    ,OOP,202612,70250.0,            ,181360218,0000000.0000,0000000.0,7386.68,0.247041,191360218,0000000.0000,0000000.0,974.77,0.249909,63923.0,0.2573,2026-12-01
NK225E    ,OOP,202612,70500.0,            ,181360518,0000000.0000,0000000.0,7577.88,0.24577,191360518,0000000.0000,0000000.0,916.92,0.248608,63923.0,0.2573,2026-12-01
NK225E    ,OOP,202612,70750.0,            ,181360718,0000000.0000,0000000.0,7766.46,0.244211,191360718,0000000.0000,0000000.0,856.46,0.247021,63923.0,0.2573,2026-12-01
NK225E    ,OOP,202612,71000.0,            ,181361018,0000000.0000,0000000.0,7980.93,0.244662,191361018,0000000.0000,0000000.0,821.89,0.247999,63923.0,0.2573,2026-12-01
NK225E    ,OOP,202612,71250.0,            ,181361218,0000000.0000,0000000.0,8185.04,0.244322,191361218,0000000.0000,0000000.0,776.95,0.247635,63923.0,0.2573,2026-12-01
NK225E    ,OOP,202612,71500.0,            ,181361518,0000000.0000,0000000.0,8391.74,0.244353,191361518,0000000.0000,0000000.0,734.61,0.247034,63923.0,0.2573,2026-12-01
NK225E    ,OOP,202612,71750.0,            ,181361718,0000000.0000,0000000.0,8603.64,0.244168,191361718,0000000.0000,0000000.0,697.47,0.247423,63923.0,0.2573,2026-12-01
NK225E    ,OOP,202612,72000.0,            ,181362018,0000000.0000,0000000.0,8792.07,0.241163,191362018,0000600.0000,0000000.0,636.86,0.244427,63923.0,0.2573,2026-12-01
NK225E    ,OOP,202612,72250.0,            ,181362218,0000000.0000,0000000.0,9027.42,0.243765,191362218,0000000.0000,0000000.0,623.17,0.24696,63923.0,0.2573,2026-12-01
NK225E    ,OOP,202612,72500.0,            ,131482518,0000000.0000,0000000.0,9236.69,0.242189,141482518,0000000.0000,0000000.0,583.39,0.246048,63923.0,0.2573,2026-12-01
NK225E    ,OOP,202612,72750.0,            ,131482718,0000000.0000,0000000.0,9459.02,0.24313,141482718,0000000.0000,0000000.0,556.68,0.246955,63923.0,0.2573,2026-12-01
NK225E    ,OOP,202612,73000.0,            ,131483018,0009730.0000,0000000.0,9665.65,0.24099,141483018,0000000.0000,0000000.0,514.27,0.244838,63923.0,0.2573,2026-12-01
NK225E    ,OOP,202612,73250.0,            ,131483218,0000000.0000,0000000.0,9895.84,0.242283,141483218,0000000.0000,0000000.0,495.41,0.245404,63923.0,0.2573,2026-12-01
NK225E    ,OOP,202612,73500.0,            ,131483518,0000000.0000,0000000.0,10112.92,0.241101,141483518,0000000.0000,0000000.0,463.45,0.245671,63923.0,0.2573,2026-12-01
NK225E    ,OOP,202612,73750.0,            ,131483718,0000000.0000,0000000.0,10340.51,0.242058,141483718,0000000.0000,0000000.0,441.99,0.246602,63923.0,0.2573,2026-12-01
NK225E    ,OOP,202612,74000.0,            ,131484018,0000000.0000,0000000.0,10557.58,0.240353,141484018,0000365.0000,0000000.0,410.03,0.244126,63923.0,0.2573,2026-12-01
NK225E    ,OOP,202612,74250.0,            ,131484218,0000000.0000,0000000.0,10790.43,0.241802,141484218,0000000.0000,0000000.0,393.83,0.246347,63923.0,0.2573,2026-12-01
NK225E    ,OOP,202612,74500.0,            ,131484518,0000000.0000,0000000.0,11015.39,0.241346,141484518,0000000.0000,0000000.0,369.75,0.245897,63923.0,0.2573,2026-12-01
NK225E    ,OOP,202612,74750.0,            ,131484718,0000000.0000,0000000.0,11237.17,0.239703,141484718,0000000.0000,0000000.0,342.49,0.245211,63923.0,0.2573,2026-12-01
NK225E    ,OOP,202612,75000.0,            ,131485018,0000000.0000,0000000.0,11466.87,0.239684,141485018,0000000.0000,0000000.0,323.14,0.245215,63923.0,0.2573,2026-12-01
NK225E    ,OOP,202612,75250.0,            ,131485218,0000000.0000,0000000.0,11699.21,0.240478,141485218,0000000.0000,0000000.0,306.44,0.24432,63923.0,0.2573,2026-12-01
NK225E    ,OOP,202612,75500.0,            ,131485518,0000000.0000,0000000.0,11932.07,0.240075,141485518,0000000.0000,0000000.0,290.26,0.245219,63923.0,0.2573,2026-12-01
NK225E    ,OOP,202612,75750.0,            ,131485718,0000000.0000,0000000.0,12161.24,0.239434,141485718,0000000.0000,0000000.0,270.38,0.244603,63923.0,0.2573,2026-12-01
NK225E    ,OOP,202612,76000.0,            ,131486018,0000000.0000,0000000.0,12396.23,0.23969,141486018,0000000.0000,0000000.0,256.33,0.245062,63923.0,0.2573,2026-12-01
NK225E    ,OOP,202612,76250.0,            ,131486218,0000000.0000,0000000.0,12630.16,0.239769,141486218,0000000.0000,0000000.0,241.23,0.245133,63923.0,0.2573,2026-12-01
NK225E    ,OOP,202612,77000.0,            ,131487018,0000000.0000,0000000.0,13336.22,0.238785,141487018,0000000.0000,0000000.0,200.15,0.244932,63923.0,0.2573,2026-12-01
NK225E    ,OOP,202612,77500.0,            ,181367518,0000000.0000,0000000.0,13810.47,0.238429,191367518,0000000.0000,0000000.0,176.32,0.24488,63923.0,0.2573,2026-12-01
NK225E    ,OOP,202612,78000.0,            ,131488018,0000000.0000,0000000.0,14287.92,0.237179,141488018,0000150.0000,0000000.0,155.69,0.245256,63923.0,0.2573,2026-12-01
NK225E    ,OOP,202612,79000.0,            ,131489018,0000000.0000,0000000.0,15249.26,0.235298,141489018,0000000.0000,0000000.0,120.85,0.245222,63923.0,0.2573,2026-12-01
NK225E    ,OOP,202612,80000.0,            ,131480018,0000000.0000,0000000.0,16223.51,0.236605,141480018,0000000.0000,0000000.0,98.93,0.247936,63923.0,0.2573,2026-12-01
NK225E    ,OOP,202612,81000.0,            ,131481018,0000000.0000,0000000.0,17197.79,0.235067,141481018,0000064.0000,0000000.0,77.04,0.248082,63923.0,0.2573,2026-12-01
NK225E    ,OOP,202612,82000.0,            ,131482018,0000000.0000,0000000.0,18175.32,0.228792,141482018,0000058.0000,0000000.0,58.4,0.24781,63923.0,0.2573,2026-12-01
NK225E    ,OOP,202612,82500.0,            ,181482518,0000000.0000,0000000.0,18673.29,0.235256,191482518,0000000.0000,0000000.0,58.28,0.25273,63923.0,0.2573,2026-12-01
NK225E    ,OOP,202612,83000.0,            ,181483018,0000000.0000,0000000.0,19159.88,0.226074,191483018,0000000.0000,0000000.0,46.8,0.250568,63923.0,0.2573,2026-12-01
NK225E    ,OOP,202612,84000.0,            ,181484018,0000000.0000,0000000.0,20146.17,0.225992,191484018,0000000.0000,0000000.0,36.91,0.251954,63923.0,0.2573,2026-12-01
NK225E    ,OOP,202612,85000.0,            ,181485018,0000000.0000,0000000.0,21136.71,0.222119,191485018,0000034.0000,0000000.0,31.28,0.254604,63923.0,0.2573,2026-12-01
NK225E    ,OOP,202612,87500.0,            ,181487518,0000000.0000,0000000.0,23613.27,0.01,191487518,0000000.0000,0000000.0,17.41,0.257876,63923.0,0.2573,2026-12-01
NK225E    ,OOP,202612,90000.0,            ,181480018,0000000.0000,0000000.0,26097.52,0.01,191480018,0000012.0000,0000000.0,11.24,0.265059,63923.0,0.2573,2026-12-01
NK225E    ,OOP,202612,95000.0,            ,131605018,0000000.0000,0000000.0,31071.57,0.01,141605018,0000000.0000,0000000.0,4.44,0.276212,63923.0,0.2573,2026-12-01
NK225E    ,OOP,202612,100000.0,            ,131600018,0000000.0000,0000000.0,36051.34,0.01,141600018,0000003.0000,0000000.0,3.46,0.297927,63923.0,0.2573,2026-12-01
NK225E    ,OOP,202701,36000.0,            ,132016018,0000000.0000,0000000.0,80.09,0.485392,142016018,0000000.0000,0000000.0,27793.63,0.502963,63923.0,0.2573,2027-01-01
NK225E    ,OOP,202701,37000.0,            ,132017018,0000000.0000,0000000.0,90.99,0.473542,142017018,0000000.0000,0000000.0,26810.15,0.488166,63923.0,0.2573,2027-01-01
NK225E    ,OOP,202701,38000.0,            ,132018018,0000000.0000,0000000.0,103.4,0.461899,142018018,0000000.0000,0000000.0,25828.19,0.476221,63923.0,0.2573,2027-01-01
NK225E    ,OOP,202701,39000.0,            ,132019018,0000000.0000,0000000.0,117.56,0.45054,142019018,0000000.0000,0000000.0,24847.97,0.463495,63923.0,0.2573,2027-01-01
NK225E    ,OOP,202701,40000.0,            ,132010018,0000000.0000,0000000.0,133.75,0.439459,142010018,0000000.0000,0000000.0,23869.78,0.450154,63923.0,0.2573,2027-01-01
NK225E    ,OOP,202701,41000.0,            ,132011018,0000000.0000,0000000.0,152.28,0.428513,142011018,0000000.0000,0000000.0,22893.93,0.438616,63923.0,0.2573,2027-01-01
NK225E    ,OOP,202701,42000.0,            ,132012018,0000000.0000,0000000.0,173.54,0.417878,142012018,0000000.0000,0000000.0,21920.82,0.426268,63923.0,0.2573,2027-01-01
NK225E    ,OOP,202701,43000.0,            ,132013018,0000000.0000,0000000.0,197.99,0.407853,142013018,0000000.0000,0000000.0,20950.88,0.415128,63923.0,0.2573,2027-01-01
NK225E    ,OOP,202701,44000.0,            ,132014018,0000000.0000,0000000.0,226.14,0.397808,142014018,0000000.0000,0000000.0,19984.66,0.404784,63923.0,0.2573,2027-01-01
NK225E    ,OOP,202701,45000.0,            ,132015018,0000000.0000,0000000.0,258.63,0.387938,142015018,0000000.0000,0000000.0,19022.77,0.394907,63923.0,0.2573,2027-01-01
NK225E    ,OOP,202701,46000.0,            ,182016018,0000000.0000,0000000.0,303.49,0.380707,192016018,0000000.0000,0000000.0,18073.25,0.38658,63923.0,0.2573,2027-01-01
NK225E    ,OOP,202701,47000.0,            ,182017018,0000000.0000,0000000.0,341.53,0.36997,192017018,0000000.0000,0000000.0,17116.91,0.375616,63923.0,0.2573,2027-01-01
NK225E    ,OOP,202701,47250.0,            ,132017218,0000000.0000,0000000.0,351.51,0.367238,142017218,0000000.0000,0000000.0,16878.3,0.372425,63923.0,0.2573,2027-01-01
NK225E    ,OOP,202701,47500.0,            ,132017518,0000000.0000,0000000.0,363.91,0.365013,142017518,0000000.0000,0000000.0,16642.1,0.370337,63923.0,0.2573,2027-01-01
NK225E    ,OOP,202701,47750.0,            ,132017718,0000000.0000,0000000.0,374.35,0.362248,142017718,0000000.0000,0000000.0,16403.95,0.367033,63923.0,0.2573,2027-01-01
NK225E    ,OOP,202701,48000.0,            ,182018018,0000000.0000,0000000.0,384.79,0.359418,192018018,0000000.0000,0000000.0,16165.8,0.363688,63923.0,0.2573,2027-01-01
NK225E    ,OOP,202701,48250.0,            ,132018218,0000000.0000,0000000.0,398.14,0.357164,142018218,0000000.0000,0000000.0,15930.55,0.361377,63923.0,0.2573,2027-01-01
NK225E    ,OOP,202701,48500.0,            ,132018518,0000000.0000,0000000.0,410.02,0.354501,142018518,0000000.0000,0000000.0,15693.83,0.358978,63923.0,0.2573,2027-01-01
NK225E    ,OOP,202701,48750.0,            ,132018718,0000000.0000,0000000.0,424.32,0.352283,142018718,0000000.0000,0000000.0,15459.54,0.356496,63923.0,0.2573,2027-01-01
NK225E    ,OOP,202701,49000.0,            ,182019018,0000000.0000,0000000.0,438.61,0.349965,192019018,0000000.0000,0000000.0,15225.23,0.353934,63923.0,0.2573,2027-01-01
NK225E    ,OOP,202701,49250.0,            ,132019218,0000000.0000,0000000.0,452.89,0.347557,142019218,0000000.0000,0000000.0,14990.92,0.351296,63923.0,0.2573,2027-01-01
NK225E    ,OOP,202701,49500.0,            ,132019518,0000000.0000,0000000.0,467.16,0.345063,142019518,0000000.0000,0000000.0,14756.59,0.348584,63923.0,0.2573,2027-01-01
NK225E    ,OOP,202701,49750.0,            ,132019718,0000000.0000,0000000.0,481.42,0.342217,142019718,0000000.0000,0000000.0,14522.26,0.346726,63923.0,0.2573,2027-01-01
NK225E    ,OOP,202701,50000.0,            ,182010018,0000000.0000,0000000.0,500.53,0.340624,192010018,0000000.0000,0000000.0,14292.78,0.344755,63923.0,0.2573,2027-01-01
NK225E    ,OOP,202701,50250.0,            ,132010218,0000000.0000,0000000.0,514.77,0.33797,142010218,0000000.0000,0000000.0,14058.42,0.341799,63923.0,0.2573,2027-01-01
NK225E    ,OOP,202701,50500.0,            ,132010518,0000000.0000,0000000.0,533.87,0.335994,142010518,0000000.0000,0000000.0,13828.92,0.339639,63923.0,0.2573,2027-01-01
NK225E    ,OOP,202701,50750.0,            ,132010718,0000000.0000,0000000.0,552.95,0.333908,142010718,0000000.0000,0000000.0,13599.41,0.33738,63923.0,0.2573,2027-01-01
NK225E    ,OOP,202701,51000.0,            ,182011018,0000000.0000,0000000.0,569.59,0.331312,192011018,0000000.0000,0000000.0,13367.45,0.335026,63923.0,0.2573,2027-01-01
NK225E    ,OOP,202701,51250.0,            ,132011218,0000000.0000,0000000.0,588.64,0.329028,142011218,0000000.0000,0000000.0,13137.91,0.33258,63923.0,0.2573,2027-01-01
NK225E    ,OOP,202701,51500.0,            ,132011518,0000000.0000,0000000.0,610.12,0.327012,142011518,0000000.0000,0000000.0,12910.8,0.330047,63923.0,0.2573,2027-01-01
NK225E    ,OOP,202701,51750.0,            ,132011718,0000000.0000,0000000.0,631.59,0.324678,142011718,0000000.0000,0000000.0,12683.67,0.32819,63923.0,0.2573,2027-01-01
NK225E    ,OOP,202701,52000.0,            ,182012018,0000000.0000,0000000.0,653.04,0.322708,192012018,0000000.0000,0000000.0,12456.53,0.325472,63923.0,0.2573,2027-01-01
NK225E    ,OOP,202701,52250.0,            ,132012218,0000000.0000,0000000.0,676.92,0.320465,142012218,0000000.0000,0000000.0,12231.81,0.323403,63923.0,0.2573,2027-01-01
NK225E    ,OOP,202701,52500.0,            ,132012518,0000000.0000,0000000.0,700.78,0.318558,142012518,0000000.0000,0000000.0,12007.08,0.321226,63923.0,0.2573,2027-01-01
NK225E    ,OOP,202701,52750.0,            ,132012718,0000000.0000,0000000.0,727.07,0.316533,142012718,0000000.0000,0000000.0,11784.77,0.319637,63923.0,0.2573,2027-01-01
NK225E    ,OOP,202701,53000.0,            ,182013018,0000000.0000,0000000.0,753.34,0.314853,192013018,0000000.0000,0000000.0,11562.45,0.317239,63923.0,0.2573,2027-01-01
NK225E    ,OOP,202701,53250.0,            ,132013218,0000000.0000,0000000.0,782.04,0.312818,142013218,0000000.0000,0000000.0,11342.55,0.315405,63923.0,0.2573,2027-01-01
NK225E    ,OOP,202701,53500.0,            ,132013518,0000000.0000,0000000.0,810.72,0.311105,142013518,0000000.0000,0000000.0,11122.64,0.313449,63923.0,0.2573,2027-01-01
NK225E    ,OOP,202701,53750.0,            ,132013718,0000000.0000,0000000.0,885.37,0.314934,142013718,0000000.0000,0000000.0,10948.69,0.317631,63923.0,0.2573,2027-01-01
NK225E    ,OOP,202701,54000.0,            ,182014018,0000000.0000,0000000.0,918.09,0.31322,192014018,0000000.0000,0000000.0,10732.82,0.315311,63923.0,0.2573,2027-01-01
NK225E    ,OOP,202701,54250.0,            ,132014218,0000000.0000,0000000.0,952.05,0.311234,142014218,0000000.0000,0000000.0,10518.18,0.313481,63923.0,0.2573,2027-01-01
NK225E    ,OOP,202701,54500.0,            ,132014518,0000000.0000,0000000.0,987.28,0.309491,142014518,0000000.0000,0000000.0,10304.82,0.312107,63923.0,0.2573,2027-01-01
NK225E    ,OOP,202701,54750.0,            ,132014718,0000000.0000,0000000.0,1023.83,0.308056,142014718,0000000.0000,0000000.0,10092.77,0.310019,63923.0,0.2573,2027-01-01
NK225E    ,OOP,202701,55000.0,            ,182015018,0000000.0000,0000000.0,1061.74,0.306179,192015018,0000000.0000,0000000.0,9882.09,0.308372,63923.0,0.2573,2027-01-01
NK225E    ,OOP,202701,55250.0,            ,132015218,0000000.0000,0000000.0,1101.05,0.304595,142015218,0000000.0000,0000000.0,9672.81,0.306589,63923.0,0.2573,2027-01-01
NK225E    ,OOP,202701,55500.0,            ,132015518,0000000.0000,0000000.0,1141.82,0.302872,142015518,0000000.0000,0000000.0,9464.98,0.305209,63923.0,0.2573,2027-01-01
NK225E    ,OOP,202701,55750.0,            ,132015718,0000000.0000,0000000.0,1184.09,0.301445,142015718,0000000.0000,0000000.0,9258.66,0.303159,63923.0,0.2573,2027-01-01
NK225E    ,OOP,202701,56000.0,            ,132136018,0000000.0000,0000000.0,1227.91,0.299542,142136018,0000000.0000,0000000.0,9053.88,0.301499,63923.0,0.2573,2027-01-01
NK225E    ,OOP,202701,56250.0,            ,132016218,0000000.0000,0000000.0,1273.32,0.297923,142016218,0000000.0000,0000000.0,8850.7,0.300204,63923.0,0.2573,2027-01-01
NK225E    ,OOP,202701,56500.0,            ,132016518,0000000.0000,0000000.0,1320.37,0.296659,142016518,0000000.0000,0000000.0,8649.16,0.298262,63923.0,0.2573,2027-01-01
NK225E    ,OOP,202701,56750.0,            ,132016718,0000000.0000,0000000.0,1369.12,0.294752,142016718,0000000.0000,0000000.0,8449.31,0.296676,63923.0,0.2573,2027-01-01
NK225E    ,OOP,202701,57000.0,            ,132137018,0000000.0000,0000000.0,1419.6,0.29363,142137018,0000000.0000,0000000.0,8251.2,0.295421,63923.0,0.2573,2027-01-01
NK225E    ,OOP,202701,57250.0,            ,182017218,0000000.0000,0000000.0,1471.88,0.29195,192017218,0000000.0000,0000000.0,8054.88,0.294009,63923.0,0.2573,2027-01-01
NK225E    ,OOP,202701,57500.0,            ,182017518,0000000.0000,0000000.0,1526.01,0.290552,192017518,0000000.0000,0000000.0,7860.41,0.292445,63923.0,0.2573,2027-01-01
NK225E    ,OOP,202701,57750.0,            ,182017718,0000000.0000,0000000.0,1582.04,0.288999,192017718,0000000.0000,0000000.0,7667.85,0.290734,63923.0,0.2573,2027-01-01
NK225E    ,OOP,202701,58000.0,            ,132138018,0000000.0000,0000000.0,1640.0,0.287742,142138018,0000000.0000,0000000.0,7477.22,0.289323,63923.0,0.2573,2027-01-01
NK225E    ,OOP,202701,58250.0,            ,182018218,0000000.0000,0000000.0,1699.96,0.285887,192018218,0000000.0000,0000000.0,7288.58,0.287758,63923.0,0.2573,2027-01-01
NK225E    ,OOP,202701,58500.0,            ,182018518,0000000.0000,0000000.0,1761.97,0.284752,192018518,0000000.0000,0000000.0,7102.0,0.286472,63923.0,0.2573,2027-01-01
NK225E    ,OOP,202701,58750.0,            ,182018718,0000000.0000,0000000.0,1826.08,0.283451,192018718,0000000.0000,0000000.0,6917.51,0.285026,63923.0,0.2573,2027-01-01
NK225E    ,OOP,202701,59000.0,            ,132139018,0000000.0000,0000000.0,1892.34,0.281989,142139018,0000000.0000,0000000.0,6735.18,0.283424,63923.0,0.2573,2027-01-01
NK225E    ,OOP,202701,59250.0,            ,182019218,0000000.0000,0000000.0,1960.81,0.280781,192019218,0000000.0000,0000000.0,6555.05,0.28208,63923.0,0.2573,2027-01-01
NK225E    ,OOP,202701,59500.0,            ,182019518,0000000.0000,0000000.0,1971.6,0.274518,192019518,0000000.0000,0000000.0,6317.25,0.276097,63923.0,0.2573,2027-01-01
NK225E    ,OOP,202701,59750.0,            ,182019718,0000000.0000,0000000.0,2046.5,0.273449,192019718,0000000.0000,0000000.0,6143.55,0.274893,63923.0,0.2573,2027-01-01
NK225E    ,OOP,202701,60000.0,            ,132130018,0000000.0000,0000000.0,2126.33,0.272604,142130018,0000000.0000,0000000.0,5974.79,0.273918,63923.0,0.2573,2027-01-01
NK225E    ,OOP,202701,60250.0,            ,182010218,0000000.0000,0000000.0,2201.74,0.271324,192010218,0000000.0000,0000000.0,5808.48,0.27316,63923.0,0.2573,2027-01-01
NK225E    ,OOP,202701,60500.0,            ,182010518,0000000.0000,0000000.0,2281.44,0.269603,192010518,0000000.0000,0000000.0,5632.24,0.271445,63923.0,0.2573,2027-01-01
NK225E    ,OOP,202701,60750.0,            ,182010718,0000000.0000,0000000.0,2366.11,0.269092,192010718,0000000.0000,0000000.0,5475.82,0.27072,63923.0,0.2573,2027-01-01
NK225E    ,OOP,202701,61000.0,            ,132131018,0000000.0000,0000000.0,2450.78,0.267844,142131018,0000000.0000,0000000.0,5309.44,0.269433,63923.0,0.2573,2027-01-01
NK225E    ,OOP,202701,61250.0,            ,182011218,0000000.0000,0000000.0,2540.45,0.266917,192011218,0000000.0000,0000000.0,5152.98,0.268726,63923.0,0.2573,2027-01-01
NK225E    ,OOP,202701,61500.0,            ,182011518,0000000.0000,0000000.0,2635.12,0.266114,192011518,0000000.0000,0000000.0,4996.5,0.267464,63923.0,0.2573,2027-01-01
NK225E    ,OOP,202701,61750.0,            ,182011718,0000000.0000,0000000.0,2729.78,0.264792,192011718,0000000.0000,0000000.0,4840.0,0.266396,63923.0,0.2573,2027-01-01
NK225E    ,OOP,202701,62000.0,            ,132132018,0000000.0000,0000000.0,2824.44,0.263662,142132018,0000000.0000,0000000.0,4683.47,0.265151,63923.0,0.2573,2027-01-01
NK225E    ,OOP,202701,62250.0,            ,182012218,0000000.0000,0000000.0,2914.1,0.263081,192012218,0000000.0000,0000000.0,4539.37,0.264457,63923.0,0.2573,2027-01-01
NK225E    ,OOP,202701,62500.0,            ,132132518,0000000.0000,0000000.0,3028.75,0.26195,142132518,0000000.0000,0000000.0,4395.27,0.263578,63923.0,0.2573,2027-01-01
NK225E    ,OOP,202701,62750.0,            ,182012718,0003170.0000,0000000.0,3128.4,0.261359,192012718,0000000.0000,0000000.0,4253.64,0.262876,63923.0,0.2573,2027-01-01
NK225E    ,OOP,202701,63000.0,            ,132133018,0000000.0000,0000000.0,3243.05,0.26044,142133018,0000000.0000,0000000.0,4114.49,0.261989,63923.0,0.2573,2027-01-01
NK225E    ,OOP,202701,63250.0,            ,182013218,0000000.0000,0000000.0,3342.69,0.259258,192013218,0000000.0000,0000000.0,3981.47,0.260918,63923.0,0.2573,2027-01-01
NK225E    ,OOP,202701,63500.0,            ,182013518,0000000.0000,0000000.0,3457.32,0.258821,192013518,0000000.0000,0000000.0,3855.6,0.260019,63923.0,0.2573,2027-01-01
NK225E    ,OOP,202701,63750.0,            ,182013718,0000000.0000,0000000.0,3586.97,0.25798,192013718,0000000.0000,0000000.0,3725.24,0.259308,63923.0,0.2573,2027-01-01
NK225E    ,OOP,202701,64000.0,            ,132134018,0000000.0000,0000000.0,3696.6,0.257381,142134018,0000000.0000,0000000.0,3589.88,0.258729,63923.0,0.2573,2027-01-01
NK225E    ,OOP,202701,64250.0,            ,182014218,0000000.0000,0000000.0,3821.23,0.256734,192014218,0000000.0000,0000000.0,3464.51,0.257981,63923.0,0.2573,2027-01-01
NK225E    ,OOP,202701,64500.0,            ,182014518,0000000.0000,0000000.0,3945.86,0.2559,192014518,0000000.0000,0000000.0,3344.14,0.257047,63923.0,0.2573,2027-01-01
NK225E    ,OOP,202701,64750.0,            ,182014718,0000000.0000,0000000.0,4090.51,0.255231,192014718,0000000.0000,0000000.0,3223.79,0.256632,63923.0,0.2573,2027-01-01
NK225E    ,OOP,202701,65000.0,            ,132135018,0000000.0000,0000000.0,4210.13,0.254373,142135018,0003075.0000,0000000.0,3115.93,0.255677,63923.0,0.2573,2027-01-01
NK225E    ,OOP,202701,65250.0,            ,182015218,0000000.0000,0000000.0,4349.77,0.253681,192015218,0000000.0000,0000000.0,2998.07,0.255242,63923.0,0.2573,2027-01-01
NK225E    ,OOP,202701,65500.0,            ,182015518,0000000.0000,0000000.0,4489.4,0.253155,192015518,0000000.0000,0000000.0,2887.7,0.25462,63923.0,0.2573,2027-01-01
NK225E    ,OOP,202701,65750.0,            ,182015718,0000000.0000,0000000.0,4639.04,0.25273,192015718,0000000.0000,0000000.0,2792.35,0.254167,63923.0,0.2573,2027-01-01
NK225E    ,OOP,202701,66000.0,            ,182136018,0000000.0000,0000000.0,4773.68,0.251444,192136018,0000000.0000,0000000.0,2676.98,0.252955,63923.0,0.2573,2027-01-01
NK225E    ,OOP,202701,66250.0,            ,182016218,0000000.0000,0000000.0,4938.69,0.251522,192016218,0000000.0000,0000000.0,2586.63,0.253061,63923.0,0.2573,2027-01-01
NK225E    ,OOP,202701,66500.0,            ,182016518,0000000.0000,0000000.0,5086.69,0.250962,192016518,0000000.0000,0000000.0,2476.25,0.251776,63923.0,0.2573,2027-01-01
NK225E    ,OOP,202701,66750.0,            ,182016718,0000000.0000,0000000.0,5239.74,0.250214,192016718,0000000.0000,0000000.0,2380.9,0.251269,63923.0,0.2573,2027-01-01
NK225E    ,OOP,202701,67000.0,            ,182137018,0000000.0000,0000000.0,5392.77,0.249641,192137018,0000000.0000,0000000.0,2285.55,0.250575,63923.0,0.2573,2027-01-01
NK225E    ,OOP,202701,67250.0,            ,132137218,0000000.0000,0000000.0,5553.4,0.249249,142137218,0000000.0000,0000000.0,2200.21,0.250431,63923.0,0.2573,2027-01-01
NK225E    ,OOP,202701,67500.0,            ,182137518,0000000.0000,0000000.0,5714.01,0.248672,192137518,0000000.0000,0000000.0,2109.85,0.250116,63923.0,0.2573,2027-01-01
NK225E    ,OOP,202701,67750.0,            ,132137718,0000000.0000,0000000.0,5884.77,0.248659,142137718,0000000.0000,0000000.0,2024.51,0.25001,63923.0,0.2573,2027-01-01
NK225E    ,OOP,202701,68000.0,            ,182138018,0000000.0000,0000000.0,6047.91,0.248088,192138018,0000000.0000,0000000.0,1944.17,0.249347,63923.0,0.2573,2027-01-01
NK225E    ,OOP,202701,68250.0,            ,132138218,0000000.0000,0000000.0,6218.65,0.247713,142138218,0000000.0000,0000000.0,1868.84,0.249261,63923.0,0.2573,2027-01-01
NK225E    ,OOP,202701,68500.0,            ,132138518,0000000.0000,0000000.0,6389.4,0.247154,142138518,0000000.0000,0000000.0,1788.51,0.248611,63923.0,0.2573,2027-01-01
NK225E    ,OOP,202701,68750.0,            ,132138718,0000000.0000,0000000.0,6570.33,0.247194,142138718,0000000.0000,0000000.0,1718.2,0.248558,63923.0,0.2573,2027-01-01
NK225E    ,OOP,202701,69000.0,            ,182139018,0000000.0000,0000000.0,6746.15,0.246663,192139018,0000000.0000,0000000.0,1642.85,0.248331,63923.0,0.2573,2027-01-01
NK225E    ,OOP,202701,69250.0,            ,132139218,0000000.0000,0000000.0,6899.23,0.244327,142139218,0000000.0000,0000000.0,1577.55,0.245909,63923.0,0.2573,2027-01-01
NK225E    ,OOP,202701,69500.0,            ,132139518,0000000.0000,0000000.0,7080.06,0.243802,142139518,0000000.0000,0000000.0,1481.92,0.245292,63923.0,0.2573,2027-01-01
NK225E    ,OOP,202701,69750.0,            ,132139718,0000000.0000,0000000.0,7263.36,0.243089,142139718,0000000.0000,0000000.0,1416.63,0.244902,63923.0,0.2573,2027-01-01
NK225E    ,OOP,202701,70000.0,            ,182130018,0000000.0000,0000000.0,7449.1,0.242605,192130018,0000000.0000,0000000.0,1353.77,0.244329,63923.0,0.2573,2027-01-01
NK225E    ,OOP,202701,70250.0,            ,132130218,0000000.0000,0000000.0,7637.22,0.242366,142130218,0000000.0000,0000000.0,1293.3,0.243998,63923.0,0.2573,2027-01-01
NK225E    ,OOP,202701,70500.0,            ,132130518,0000000.0000,0000000.0,7827.66,0.241949,142130518,0000000.0000,0000000.0,1235.14,0.243925,63923.0,0.2573,2027-01-01
NK225E    ,OOP,202701,70750.0,            ,132130718,0000000.0000,0000000.0,8020.37,0.241794,142130718,0000000.0000,0000000.0,1179.26,0.243235,63923.0,0.2573,2027-01-01
NK225E    ,OOP,202701,71000.0,            ,182131018,0000000.0000,0000000.0,8215.29,0.241466,192131018,0000000.0000,0000000.0,1125.59,0.243261,63923.0,0.2573,2027-01-01
NK225E    ,OOP,202701,71250.0,            ,132131218,0000000.0000,0000000.0,8412.38,0.240957,142131218,0000000.0000,0000000.0,1074.08,0.242658,63923.0,0.2573,2027-01-01
NK225E    ,OOP,202701,71500.0,            ,132131518,0000000.0000,0000000.0,8611.56,0.240736,142131518,0000000.0000,0000000.0,1024.67,0.242339,63923.0,0.2573,2027-01-01
NK225E    ,OOP,202701,71750.0,            ,132131718,0000000.0000,0000000.0,8812.79,0.240339,142131718,0000000.0000,0000000.0,977.3,0.242324,63923.0,0.2573,2027-01-01
NK225E    ,OOP,202701,72000.0,            ,182132018,0000000.0000,0000000.0,9016.0,0.240257,192132018,0000000.0000,0000000.0,931.91,0.242145,63923.0,0.2573,2027-01-01
NK225E    ,OOP,202701,72250.0,            ,132132218,0000000.0000,0000000.0,9221.12,0.240006,142132218,0000000.0000,0000000.0,888.44,0.241796,63923.0,0.2573,2027-01-01
NK225E    ,OOP,202701,72500.0,            ,182012518,0000000.0000,0000000.0,9450.39,0.241653,192012518,0000000.0000,0000000.0,869.12,0.243839,63923.0,0.2573,2027-01-01
NK225E    ,OOP,202701,72750.0,            ,132132718,0000000.0000,0000000.0,9659.52,0.241624,142132718,0000000.0000,0000000.0,829.65,0.243713,63923.0,0.2573,2027-01-01
NK225E    ,OOP,202701,73000.0,            ,182133018,0000000.0000,0000000.0,9868.64,0.241435,192133018,0000000.0000,0000000.0,790.18,0.242906,63923.0,0.2573,2027-01-01
NK225E    ,OOP,202701,73250.0,            ,132133218,0000000.0000,0000000.0,10080.36,0.241077,142133218,0000000.0000,0000000.0,753.3,0.243509,63923.0,0.2573,2027-01-01
NK225E    ,OOP,202701,73500.0,            ,132133518,0000000.0000,0000000.0,10297.26,0.241677,142133518,0000000.0000,0000000.0,721.61,0.243062,63923.0,0.2573,2027-01-01
NK225E    ,OOP,202701,73750.0,            ,132133718,0000000.0000,0000000.0,10508.97,0.240987,142133718,0000000.0000,0000000.0,684.72,0.243218,63923.0,0.2573,2027-01-01
NK225E    ,OOP,202701,74000.0,            ,182134018,0000000.0000,0000000.0,10720.67,0.240102,192134018,0000000.0000,0000000.0,647.83,0.242825,63923.0,0.2573,2027-01-01
NK225E    ,OOP,202701,74250.0,            ,132134218,0000000.0000,0000000.0,10937.56,0.240244,142134218,0000000.0000,0000000.0,616.13,0.241785,63923.0,0.2573,2027-01-01
NK225E    ,OOP,202701,74500.0,            ,132134518,0000000.0000,0000000.0,11154.45,0.239604,142134518,0000000.0000,0000000.0,584.42,0.242129,63923.0,0.2573,2027-01-01
NK225E    ,OOP,202701,74750.0,            ,132134718,0000000.0000,0000000.0,11376.55,0.239426,142134718,0000000.0000,0000000.0,557.92,0.242484,63923.0,0.2573,2027-01-01
NK225E    ,OOP,202701,75000.0,            ,182135018,0000000.0000,0000000.0,11598.65,0.239754,192135018,0000000.0000,0000000.0,531.43,0.241574,63923.0,0.2573,2027-01-01
NK225E    ,OOP,202701,75250.0,            ,132135218,0000000.0000,0000000.0,11820.75,0.239258,142135218,0000000.0000,0000000.0,504.93,0.242112,63923.0,0.2573,2027-01-01
NK225E    ,OOP,202701,75500.0,            ,132135518,0000000.0000,0000000.0,12042.84,0.239292,142135518,0000000.0000,0000000.0,478.43,0.242031,63923.0,0.2573,2027-01-01
NK225E    ,OOP,202701,75750.0,            ,132135718,0000000.0000,0000000.0,12270.16,0.239177,142135718,0000000.0000,0000000.0,457.16,0.241386,63923.0,0.2573,2027-01-01
NK225E    ,OOP,202701,76000.0,            ,132256018,0000000.0000,0000000.0,12497.48,0.239659,142256018,0000000.0000,0000000.0,435.88,0.241529,63923.0,0.2573,2027-01-01
NK225E    ,OOP,202701,76250.0,            ,132136218,0000000.0000,0000000.0,12725.33,0.239244,142136218,0000000.0000,0000000.0,415.14,0.241614,63923.0,0.2573,2027-01-01
NK225E    ,OOP,202701,77500.0,            ,132137518,0000000.0000,0000000.0,13872.7,0.237971,142137518,0000000.0000,0000000.0,319.53,0.24218,63923.0,0.2573,2027-01-01
NK225E    ,OOP,202701,80000.0,            ,132250018,0000000.0000,0000000.0,16237.93,0.239385,142250018,0000000.0000,0000000.0,198.82,0.24423,63923.0,0.2573,2027-01-01
NK225E    ,OOP,202701,82500.0,            ,182132518,0000000.0000,0000000.0,18651.83,0.242032,192132518,0000000.0000,0000000.0,126.77,0.248463,63923.0,0.2573,2027-01-01
NK225E    ,OOP,202701,85000.0,            ,132255018,0000000.0000,0000000.0,21094.19,0.24603,142255018,0000000.0000,0000000.0,83.18,0.253136,63923.0,0.2573,2027-01-01
NK225E    ,OOP,202701,87500.0,            ,132257518,0000000.0000,0000000.0,23552.92,0.245626,142257518,0000000.0000,0000000.0,55.96,0.259406,63923.0,0.2573,2027-01-01
NK225E    ,OOP,202701,90000.0,            ,182250018,0000000.0000,0000000.0,26021.05,0.247339,192250018,0000000.0000,0000000.0,38.15,0.264298,63923.0,0.2573,2027-01-01
NK225E    ,OOP,202701,95000.0,            ,182255018,0000000.0000,0000000.0,30971.59,0.191507,192255018,0000000.0000,0000000.0,16.8,0.272428,63923.0,0.2573,2027-01-01
NK225E    ,OOP,202701,100000.0,            ,132370018,0000000.0000,0000000.0,35931.89,0.01,142370018,0000000.0000,0000000.0,5.21,0.270694,63923.0,0.2573,2027-01-01
NK225E    ,OOP,202702,43000.0,            ,132023018,0000300.0000,0000000.0,287.9,0.385426,142023018,0000000.0000,0000000.0,21112.3,0.394527,63923.0,0.2573,2027-02-01
NK225E    ,OOP,202702,44000.0,            ,132024018,0000000.0000,0000000.0,332.42,0.378482,142024018,0000000.0000,0000000.0,20164.16,0.385974,63923.0,0.2573,2027-02-01
NK225E    ,OOP,202702,45000.0,            ,132025018,0000000.0000,0000000.0,379.21,0.370522,142025018,0000000.0000,0000000.0,19218.29,0.377478,63923.0,0.2573,2027-02-01
NK225E    ,OOP,202702,46000.0,            ,132026018,0000000.0000,0000000.0,431.57,0.362247,142026018,0000000.0000,0000000.0,18277.99,0.368926,63923.0,0.2573,2027-02-01
NK225E    ,OOP,202702,47000.0,            ,132027018,0000000.0000,0000000.0,490.39,0.354592,142027018,0000000.0000,0000000.0,17344.15,0.360233,63923.0,0.2573,2027-02-01
NK225E    ,OOP,202702,47250.0,            ,182027218,0000000.0000,0000000.0,506.28,0.352483,192027218,0000000.0000,0000000.0,17111.88,0.358546,63923.0,0.2573,2027-02-01
NK225E    ,OOP,202702,47500.0,            ,182027518,0000000.0000,0000000.0,522.62,0.350762,192027518,0000000.0000,0000000.0,16880.05,0.35592,63923.0,0.2573,2027-02-01
NK225E    ,OOP,202702,47750.0,            ,182027718,0000000.0000,0000000.0,539.42,0.348811,192027718,0000000.0000,0000000.0,16648.69,0.354075,63923.0,0.2573,2027-02-01
NK225E    ,OOP,202702,48000.0,            ,132028018,0000000.0000,0000000.0,556.7,0.346576,142028018,0000000.0000,0000000.0,16417.81,0.352148,63923.0,0.2573,2027-02-01
NK225E    ,OOP,202702,48250.0,            ,182028218,0000000.0000,0000000.0,574.68,0.344945,192028218,0000000.0000,0000000.0,16187.62,0.35014,63923.0,0.2573,2027-02-01
NK225E    ,OOP,202702,48500.0,            ,182028518,0000000.0000,0000000.0,593.17,0.343029,192028518,0000000.0000,0000000.0,15957.94,0.348056,63923.0,0.2573,2027-02-01
NK225E    ,OOP,202702,48750.0,            ,182028718,0000000.0000,0000000.0,612.18,0.340774,192028718,0000000.0000,0000000.0,15728.79,0.345898,63923.0,0.2573,2027-02-01
NK225E    ,OOP,202702,49000.0,            ,132029018,0000000.0000,0000000.0,631.73,0.338935,142029018,0000000.0000,0000000.0,15500.17,0.34367,63923.0,0.2573,2027-02-01
NK225E    ,OOP,202702,49250.0,            ,182029218,0000000.0000,0000000.0,652.13,0.337011,192029218,0000000.0000,0000000.0,15272.4,0.342099,63923.0,0.2573,2027-02-01
NK225E    ,OOP,202702,49500.0,            ,182029518,0000000.0000,0000000.0,673.11,0.335455,192029518,0000000.0000,0000000.0,15045.22,0.339722,63923.0,0.2573,2027-02-01
NK225E    ,OOP,202702,49750.0,            ,182029718,0000000.0000,0000000.0,694.68,0.333583,192029718,0000000.0000,0000000.0,14818.62,0.337978,63923.0,0.2573,2027-02-01
NK225E    ,OOP,202702,50000.0,            ,132020018,0000000.0000,0000000.0,716.87,0.331453,142020018,0000000.0000,0000000.0,14592.65,0.336144,63923.0,0.2573,2027-02-01
NK225E    ,OOP,202702,50250.0,            ,182020218,0000000.0000,0000000.0,740.07,0.329884,192020218,0000000.0000,0000000.0,14367.68,0.334223,63923.0,0.2573,2027-02-01
NK225E    ,OOP,202702,50500.0,            ,182020518,0000000.0000,0000000.0,763.93,0.328075,192020518,0000000.0000,0000000.0,14143.39,0.33222,63923.0,0.2573,2027-02-01
NK225E    ,OOP,202702,50750.0,            ,182020718,0000000.0000,0000000.0,788.48,0.325806,192020718,0000000.0000,0000000.0,13919.76,0.330137,63923.0,0.2573,2027-02-01
NK225E    ,OOP,202702,51000.0,            ,132021018,0000000.0000,0000000.0,813.72,0.324438,142021018,0000000.0000,0000000.0,13696.85,0.327977,63923.0,0.2573,2027-02-01
NK225E    ,OOP,202702,51250.0,            ,182021218,0000000.0000,0000000.0,840.16,0.322659,192021218,0000000.0000,0000000.0,13475.12,0.326353,63923.0,0.2573,2027-02-01
NK225E    ,OOP,202702,51500.0,            ,182021518,0000000.0000,0000000.0,867.35,0.320634,192021518,0000000.0000,0000000.0,13254.15,0.324634,63923.0,0.2573,2027-02-01
NK225E    ,OOP,202702,51750.0,            ,182021718,0000000.0000,0000000.0,895.32,0.319122,192021718,0000000.0000,0000000.0,13033.95,0.32282,63923.0,0.2573,2027-02-01
NK225E    ,OOP,202702,52000.0,            ,132022018,0000000.0000,0000000.0,924.1,0.317403,142022018,0000000.0000,0000000.0,12814.56,0.320918,63923.0,0.2573,2027-02-01
NK225E    ,OOP,202702,52250.0,            ,182022218,0000000.0000,0000000.0,954.26,0.31571,192022218,0000000.0000,0000000.0,12596.56,0.318928,63923.0,0.2573,2027-02-01
NK225E    ,OOP,202702,52500.0,            ,132022518,0000000.0000,0000000.0,985.29,0.313985,142022518,0000000.0000,0000000.0,12379.42,0.317406,63923.0,0.2573,2027-02-01
NK225E    ,OOP,202702,52750.0,            ,132022718,0000000.0000,0000000.0,1017.19,0.312085,142022718,0000000.0000,0000000.0,12163.16,0.315781,63923.0,0.2573,2027-02-01
NK225E    ,OOP,202702,53000.0,            ,182023018,0000000.0000,0000000.0,1050.01,0.310631,192023018,0000000.0000,0000000.0,11947.82,0.313528,63923.0,0.2573,2027-02-01
NK225E    ,OOP,202702,53250.0,            ,132023218,0000000.0000,0000000.0,1084.44,0.308546,142023218,0000000.0000,0000000.0,11734.08,0.312238,63923.0,0.2573,2027-02-01
NK225E    ,OOP,202702,53500.0,            ,132023518,0000000.0000,0000000.0,1119.86,0.306892,142023518,0000000.0000,0000000.0,11521.33,0.310326,63923.0,0.2573,2027-02-01
NK225E    ,OOP,202702,53750.0,            ,132023718,0000000.0000,0000000.0,1156.28,0.305642,142023718,0000000.0000,0000000.0,11309.59,0.308824,63923.0,0.2573,2027-02-01
NK225E    ,OOP,202702,54000.0,            ,182024018,0000000.0000,0000000.0,1193.73,0.303782,192024018,0000000.0000,0000000.0,11098.88,0.307217,63923.0,0.2573,2027-02-01
NK225E    ,OOP,202702,54250.0,            ,132024218,0000000.0000,0000000.0,1233.02,0.302314,142024218,0000000.0000,0000000.0,10890.0,0.305507,63923.0,0.2573,2027-02-01
NK225E    ,OOP,202702,54500.0,            ,132024518,0000000.0000,0000000.0,1273.43,0.300738,142024518,0000000.0000,0000000.0,10682.25,0.303698,63923.0,0.2573,2027-02-01
NK225E    ,OOP,202702,54750.0,            ,132024718,0000000.0000,0000000.0,1314.97,0.299056,142024718,0000000.0000,0000000.0,10475.62,0.302257,63923.0,0.2573,2027-02-01
NK225E    ,OOP,202702,55000.0,            ,182025018,0000000.0000,0000000.0,1357.68,0.297732,192025018,0000000.0000,0000000.0,10270.17,0.300707,63923.0,0.2573,2027-02-01
NK225E    ,OOP,202702,55250.0,            ,132025218,0000000.0000,0000000.0,1402.46,0.296292,142025218,0000000.0000,0000000.0,10066.78,0.29905,63923.0,0.2573,2027-02-01
NK225E    ,OOP,202702,55500.0,            ,132025518,0000000.0000,0000000.0,1448.5,0.294741,142025518,0000000.0000,0000000.0,9864.66,0.297289,63923.0,0.2573,2027-02-01
NK225E    ,OOP,202702,55750.0,            ,132025718,0000000.0000,0000000.0,1495.82,0.293081,142025718,0000000.0000,0000000.0,9663.81,0.295862,63923.0,0.2573,2027-02-01
NK225E    ,OOP,202702,56000.0,            ,182026018,0000000.0000,0000000.0,1544.45,0.291744,192026018,0000000.0000,0000000.0,9464.27,0.294321,63923.0,0.2573,2027-02-01
NK225E    ,OOP,202702,56250.0,            ,132026218,0000000.0000,0000000.0,1595.4,0.290291,142026218,0000000.0000,0000000.0,9267.06,0.293091,63923.0,0.2573,2027-02-01
NK225E    ,OOP,202702,56500.0,            ,132026518,0000000.0000,0000000.0,1647.75,0.289138,142026518,0000000.0000,0000000.0,9071.25,0.29174,63923.0,0.2573,2027-02-01
NK225E    ,OOP,202702,56750.0,            ,132026718,0000000.0000,0000000.0,1701.54,0.287454,142026718,0000000.0000,0000000.0,8876.88,0.290273,63923.0,0.2573,2027-02-01
NK225E    ,OOP,202702,57000.0,            ,182027018,0000000.0000,0000000.0,1756.79,0.286063,192027018,0000000.0000,0000000.0,8683.96,0.288693,63923.0,0.2573,2027-02-01
NK225E    ,OOP,202702,57250.0,            ,132027218,0000000.0000,0000000.0,1814.6,0.28495,142027218,0000000.0000,0000000.0,8493.6,0.287395,63923.0,0.2573,2027-02-01
NK225E    ,OOP,202702,57500.0,            ,132027518,0000000.0000,0000000.0,1873.97,0.283712,142027518,0000000.0000,0000000.0,8304.81,0.285978,63923.0,0.2573,2027-02-01
NK225E    ,OOP,202702,57750.0,            ,132027718,0000000.0000,0000000.0,1934.92,0.28235,142027718,0000000.0000,0000000.0,8117.6,0.284826,63923.0,0.2573,2027-02-01
NK225E    ,OOP,202702,58000.0,            ,182028018,0000000.0000,0000000.0,1997.49,0.280868,192028018,0000000.0000,0000000.0,7932.0,0.283549,63923.0,0.2573,2027-02-01
NK225E    ,OOP,202702,58250.0,            ,132028218,0000000.0000,0000000.0,2062.86,0.279642,142028218,0000000.0000,0000000.0,7749.21,0.28215,63923.0,0.2573,2027-02-01
NK225E    ,OOP,202702,58500.0,            ,132028518,0000000.0000,0000000.0,2129.95,0.278659,142028518,0000000.0000,0000000.0,7568.13,0.280999,63923.0,0.2573,2027-02-01
NK225E    ,OOP,202702,58750.0,            ,132028718,0000000.0000,0000000.0,2198.77,0.277182,142028718,0000000.0000,0000000.0,7388.78,0.279721,63923.0,0.2573,2027-02-01
NK225E    ,OOP,202702,59000.0,            ,182029018,0000000.0000,0000000.0,2269.35,0.276302,192029018,0000000.0000,0000000.0,7211.2,0.27832,63923.0,0.2573,2027-02-01
NK225E    ,OOP,202702,59250.0,            ,132029218,0000000.0000,0000000.0,2315.67,0.273158,142029218,0000000.0000,0000000.0,7009.35,0.27538,63923.0,0.2573,2027-02-01
NK225E    ,OOP,202702,59500.0,            ,132029518,0000000.0000,0000000.0,2363.24,0.26993,142029518,0000000.0000,0000000.0,6808.76,0.27235,63923.0,0.2573,2027-02-01
NK225E    ,OOP,202702,59750.0,            ,132029718,0000000.0000,0000000.0,2440.88,0.269048,142029718,0000000.0000,0000000.0,6638.23,0.270966,63923.0,0.2573,2027-02-01
NK225E    ,OOP,202702,60000.0,            ,182020018,0000000.0000,0000000.0,2523.46,0.268028,192020018,0000000.0000,0000000.0,6472.65,0.270143,63923.0,0.2573,2027-02-01
NK225E    ,OOP,202702,60250.0,            ,132020218,0000000.0000,0000000.0,2606.03,0.267213,142020218,0000000.0000,0000000.0,6307.06,0.269181,63923.0,0.2573,2027-02-01
NK225E    ,OOP,202702,60500.0,            ,132020518,0000000.0000,0000000.0,2695.28,0.266595,142020518,0000000.0000,0000000.0,6148.91,0.26842,63923.0,0.2573,2027-02-01
NK225E    ,OOP,202702,60750.0,            ,132020718,0000000.0000,0000000.0,2775.89,0.2655,142020718,0000000.0000,0000000.0,5988.26,0.267519,63923.0,0.2573,2027-02-01
NK225E    ,OOP,202702,61000.0,            ,182021018,0000000.0000,0000000.0,2865.6,0.264601,192021018,0000000.0000,0000000.0,5830.06,0.266812,63923.0,0.2573,2027-02-01
NK225E    ,OOP,202702,61250.0,            ,132021218,0000000.0000,0000000.0,2960.31,0.263564,142021218,0000000.0000,0000000.0,5674.36,0.265636,63923.0,0.2573,2027-02-01
NK225E    ,OOP,202702,61500.0,            ,132021518,0000000.0000,0000000.0,3055.0,0.262715,142021518,0000000.0000,0000000.0,5521.11,0.264976,63923.0,0.2573,2027-02-01
NK225E    ,OOP,202702,61750.0,            ,132021718,0000000.0000,0000000.0,3149.7,0.262029,142021718,0000000.0000,0000000.0,5370.34,0.263852,63923.0,0.2573,2027-02-01
NK225E    ,OOP,202702,62000.0,            ,182022018,0000000.0000,0000000.0,3249.41,0.261201,192022018,0000000.0000,0000000.0,5222.05,0.263234,63923.0,0.2573,2027-02-01
NK225E    ,OOP,202702,62250.0,            ,132022218,0000000.0000,0000000.0,3354.09,0.260288,142022218,0000000.0000,0000000.0,5076.23,0.262473,63923.0,0.2573,2027-02-01
NK225E    ,OOP,202702,62500.0,            ,182022518,0000000.0000,0000000.0,3458.78,0.259515,192022518,0000000.0000,0000000.0,4932.9,0.261571,63923.0,0.2573,2027-02-01
NK225E    ,OOP,202702,62750.0,            ,182022718,0000000.0000,0000000.0,3563.48,0.2586,192022718,0000000.0000,0000000.0,4789.54,0.260529,63923.0,0.2573,2027-02-01
NK225E    ,OOP,202702,63000.0,            ,132143018,0000000.0000,0000000.0,3673.15,0.258055,142143018,0000000.0000,0000000.0,4656.16,0.259976,63923.0,0.2573,2027-02-01
NK225E    ,OOP,202702,63250.0,            ,182023218,0000000.0000,0000000.0,3787.85,0.257462,192023218,0000000.0000,0000000.0,4522.79,0.259593,63923.0,0.2573,2027-02-01
NK225E    ,OOP,202702,63500.0,            ,182023518,0000000.0000,0000000.0,3902.52,0.256567,192023518,0000000.0000,0000000.0,4384.37,0.258442,63923.0,0.2573,2027-02-01
NK225E    ,OOP,202702,63750.0,            ,182023718,0000000.0000,0000000.0,4022.22,0.255396,192023718,0000000.0000,0000000.0,4250.95,0.257463,63923.0,0.2573,2027-02-01
NK225E    ,OOP,202702,64000.0,            ,132144018,0000000.0000,0000000.0,4146.24,0.255013,142144018,0000000.0000,0000000.0,4123.55,0.256962,63923.0,0.2573,2027-02-01
NK225E    ,OOP,202702,64250.0,            ,182024218,0000000.0000,0000000.0,4270.4,0.254486,192024218,0000000.0000,0000000.0,4000.79,0.256318,63923.0,0.2573,2027-02-01
NK225E    ,OOP,202702,64500.0,            ,182024518,0000000.0000,0000000.0,4395.79,0.253815,192024518,0000000.0000,0000000.0,3878.02,0.255531,63923.0,0.2573,2027-02-01
NK225E    ,OOP,202702,64750.0,            ,182024718,0000000.0000,0000000.0,4521.16,0.252999,192024718,0000000.0000,0000000.0,3755.22,0.254911,63923.0,0.2573,2027-02-01
NK225E    ,OOP,202702,65000.0,            ,132145018,0000000.0000,0000000.0,4656.59,0.252658,142145018,0000000.0000,0000000.0,3642.48,0.254456,63923.0,0.2573,2027-02-01
NK225E    ,OOP,202702,65250.0,            ,182025218,0000000.0000,0000000.0,4786.96,0.251863,192025218,0000000.0000,0000000.0,3524.69,0.253549,63923.0,0.2573,2027-02-01
NK225E    ,OOP,202702,65500.0,            ,182025518,0000000.0000,0000000.0,4922.34,0.251234,192025518,0000000.0000,0000000.0,3411.91,0.253118,63923.0,0.2573,2027-02-01
NK225E    ,OOP,202702,65750.0,            ,182025718,0000000.0000,0000000.0,5062.74,0.25077,192025718,0000000.0000,0000000.0,3306.2,0.252543,63923.0,0.2573,2027-02-01
NK225E    ,OOP,202702,66000.0,            ,132146018,0000000.0000,0000000.0,5203.16,0.250162,142146018,0000000.0000,0000000.0,3207.61,0.252137,63923.0,0.2573,2027-02-01
NK225E    ,OOP,202702,66250.0,            ,182026218,0000000.0000,0000000.0,5348.6,0.249722,192026218,0000000.0000,0000000.0,3102.29,0.251589,63923.0,0.2573,2027-02-01
NK225E    ,OOP,202702,66500.0,            ,182026518,0000000.0000,0000000.0,5494.02,0.249139,192026518,0000000.0000,0000000.0,3001.98,0.250709,63923.0,0.2573,2027-02-01
NK225E    ,OOP,202702,66750.0,            ,182026718,0000000.0000,0000000.0,5649.54,0.249041,192026718,0000000.0000,0000000.0,2901.66,0.251005,63923.0,0.2573,2027-02-01
NK225E    ,OOP,202702,67000.0,            ,132147018,0000000.0000,0000000.0,5794.94,0.248171,142147018,0000000.0000,0000000.0,2806.35,0.249799,63923.0,0.2573,2027-02-01
NK225E    ,OOP,202702,67250.0,            ,132147218,0000000.0000,0000000.0,5958.03,0.248107,142147218,0000000.0000,0000000.0,2711.04,0.250176,63923.0,0.2573,2027-02-01
NK225E    ,OOP,202702,67500.0,            ,132147518,0000000.0000,0000000.0,6113.52,0.247586,142147518,0000000.0000,0000000.0,2620.73,0.249869,63923.0,0.2573,2027-02-01
NK225E    ,OOP,202702,67750.0,            ,132147718,0000000.0000,0000000.0,6276.59,0.247564,142147718,0000000.0000,0000000.0,2530.43,0.249423,63923.0,0.2573,2027-02-01
NK225E    ,OOP,202702,68000.0,            ,132148018,0000000.0000,0000000.0,6437.14,0.247083,142148018,0000000.0000,0000000.0,2445.12,0.24916,63923.0,0.2573,2027-02-01
NK225E    ,OOP,202702,68250.0,            ,132148218,0000000.0000,0000000.0,6602.73,0.246786,142148218,0000000.0000,0000000.0,2359.81,0.248759,63923.0,0.2573,2027-02-01
NK225E    ,OOP,202702,68500.0,            ,132148518,0000000.0000,0000000.0,6768.32,0.246351,142148518,0000000.0000,0000000.0,2279.52,0.248547,63923.0,0.2573,2027-02-01
NK225E    ,OOP,202702,68750.0,            ,132148718,0000000.0000,0000000.0,6933.91,0.245774,142148718,0000000.0000,0000000.0,2199.22,0.247868,63923.0,0.2573,2027-02-01
NK225E    ,OOP,202702,69000.0,            ,132149018,0000000.0000,0000000.0,7084.24,0.244047,142149018,0002055.0000,0000000.0,2121.44,0.246376,63923.0,0.2573,2027-02-01
NK225E    ,OOP,202702,69250.0,            ,132149218,0000000.0000,0000000.0,7280.3,0.245202,142149218,0000000.0000,0000000.0,2048.66,0.247426,63923.0,0.2573,2027-02-01
NK225E    ,OOP,202702,69500.0,            ,132149518,0000000.0000,0000000.0,7458.96,0.245222,142149518,0000000.0000,0000000.0,1973.36,0.247343,63923.0,0.2573,2027-02-01
NK225E    ,OOP,202702,69750.0,            ,132149718,0000000.0000,0000000.0,7639.53,0.245111,142149718,0000000.0000,0000000.0,1910.3,0.247473,63923.0,0.2573,2027-02-01
NK225E    ,OOP,202702,70000.0,            ,132140018,0000000.0000,0000000.0,7821.97,0.245218,142140018,0000000.0000,0000000.0,1844.57,0.24713,63923.0,0.2573,2027-02-01
NK225E    ,OOP,202702,70250.0,            ,132140218,0000000.0000,0000000.0,8003.95,0.244845,142140218,0000000.0000,0000000.0,1778.39,0.247002,63923.0,0.2573,2027-02-01
NK225E    ,OOP,202702,70500.0,            ,132140518,0000000.0000,0000000.0,8187.8,0.244692,142140518,0000000.0000,0000000.0,1714.07,0.246745,63923.0,0.2573,2027-02-01
NK225E    ,OOP,202702,70750.0,            ,132140718,0000000.0000,0000000.0,8373.46,0.244408,142140718,0000000.0000,0000000.0,1651.57,0.246716,63923.0,0.2573,2027-02-01
NK225E    ,OOP,202702,71000.0,            ,132141018,0000000.0000,0000000.0,8560.93,0.24399,142141018,0000000.0000,0000000.0,1590.87,0.246195,63923.0,0.2573,2027-02-01
NK225E    ,OOP,202702,71250.0,            ,132141218,0000000.0000,0000000.0,8751.03,0.243806,142141218,0000000.0000,0000000.0,1532.8,0.246277,63923.0,0.2573,2027-02-01
NK225E    ,OOP,202702,71500.0,            ,132141518,0000000.0000,0000000.0,8942.83,0.243492,142141518,0000000.0000,0000000.0,1476.45,0.245861,63923.0,0.2573,2027-02-01
NK225E    ,OOP,202702,71750.0,            ,132141718,0000000.0000,0000000.0,9136.32,0.243428,142141718,0000000.0000,0000000.0,1421.77,0.245691,63923.0,0.2573,2027-02-01
NK225E    ,OOP,202702,72000.0,            ,132142018,0000000.0000,0000000.0,9331.45,0.243237,142142018,0000000.0000,0000000.0,1368.73,0.245781,63923.0,0.2573,2027-02-01
NK225E    ,OOP,202702,72250.0,            ,132142218,0000000.0000,0000000.0,9528.96,0.243314,142142218,0000000.0000,0000000.0,1318.07,0.245751,63923.0,0.2573,2027-02-01
NK225E    ,OOP,202702,72500.0,            ,132142518,0000000.0000,0000000.0,9728.02,0.242868,142142518,0000000.0000,0000000.0,1268.97,0.2456,63923.0,0.2573,2027-02-01
NK225E    ,OOP,202702,72750.0,            ,132142718,0000000.0000,0000000.0,9928.6,0.242694,142142718,0000000.0000,0000000.0,1221.39,0.245322,63923.0,0.2573,2027-02-01
NK225E    ,OOP,202702,73000.0,            ,182143018,0000000.0000,0000000.0,10130.68,0.242809,192143018,0000000.0000,0000000.0,1175.3,0.245329,63923.0,0.2573,2027-02-01
NK225E    ,OOP,202702,73250.0,            ,132143218,0000000.0000,0000000.0,10334.86,0.242808,142143218,0000000.0000,0000000.0,1131.32,0.245217,63923.0,0.2573,2027-02-01
NK225E    ,OOP,202702,73500.0,            ,132143518,0000000.0000,0000000.0,10540.46,0.242688,142143518,0000000.0000,0000000.0,1088.75,0.245411,63923.0,0.2573,2027-02-01
NK225E    ,OOP,202702,73750.0,            ,132143718,0000000.0000,0000000.0,10747.41,0.242444,142143718,0000000.0000,0000000.0,1047.54,0.245058,63923.0,0.2573,2027-02-01
NK225E    ,OOP,202702,74000.0,            ,182144018,0000000.0000,0000000.0,10955.71,0.24252,192144018,0000000.0000,0000000.0,1007.68,0.245019,63923.0,0.2573,2027-02-01
NK225E    ,OOP,202702,74250.0,            ,132144218,0000000.0000,0000000.0,11165.88,0.242482,142144218,0000000.0000,0000000.0,969.68,0.245315,63923.0,0.2573,2027-02-01
NK225E    ,OOP,202702,74500.0,            ,132144518,0000000.0000,0000000.0,11377.29,0.242325,142144518,0000000.0000,0000000.0,932.93,0.245045,63923.0,0.2573,2027-02-01
NK225E    ,OOP,202702,74750.0,            ,132144718,0000000.0000,0000000.0,11589.92,0.242046,142144718,0000000.0000,0000000.0,897.39,0.24512,63923.0,0.2573,2027-02-01
NK225E    ,OOP,202702,75000.0,            ,182145018,0000000.0000,0000000.0,11803.75,0.242125,192145018,0000000.0000,0000000.0,863.05,0.245084,63923.0,0.2573,2027-02-01
NK225E    ,OOP,202702,75250.0,            ,132145218,0000000.0000,0000000.0,12019.2,0.242092,142145218,0000000.0000,0000000.0,830.34,0.245421,63923.0,0.2573,2027-02-01
NK225E    ,OOP,202702,75500.0,            ,132145518,0000000.0000,0000000.0,12235.75,0.241944,142145518,0000000.0000,0000000.0,798.73,0.245162,63923.0,0.2573,2027-02-01
NK225E    ,OOP,202702,75750.0,            ,132145718,0000000.0000,0000000.0,12453.38,0.242193,142145718,0000000.0000,0000000.0,768.19,0.245288,63923.0,0.2573,2027-02-01
NK225E    ,OOP,202702,76000.0,            ,182146018,0000000.0000,0000000.0,12672.05,0.24234,192146018,0000000.0000,0000000.0,738.7,0.245309,63923.0,0.2573,2027-02-01
NK225E    ,OOP,202702,76250.0,            ,132146218,0000000.0000,0000000.0,12892.63,0.242382,142146218,0000000.0000,0000000.0,711.11,0.245751,63923.0,0.2573,2027-02-01
NK225E    ,OOP,202702,77500.0,            ,182147518,0000000.0000,0000000.0,14009.22,0.242677,192147518,0000000.0000,0000000.0,586.88,0.246542,63923.0,0.2573,2027-02-01
NK225E    ,OOP,202702,80000.0,            ,182140018,0000000.0000,0000000.0,16300.53,0.24321,192140018,0000000.0000,0000000.0,396.54,0.247126,63923.0,0.2573,2027-02-01
NK225E    ,OOP,202702,82500.0,            ,182142518,0000000.0000,0000000.0,18656.78,0.244423,192142518,0000000.0000,0000000.0,271.14,0.250322,63923.0,0.2573,2027-02-01
NK225E    ,OOP,202702,85000.0,            ,132265018,0000000.0000,0000000.0,21052.32,0.245156,142265018,0000000.0000,0000000.0,185.03,0.252909,63923.0,0.2573,2027-02-01
NK225E    ,OOP,202702,87500.0,            ,132267518,0000000.0000,0000000.0,23476.47,0.24602,142267518,0000000.0000,0000000.0,127.53,0.255974,63923.0,0.2573,2027-02-01
NK225E    ,OOP,202702,90000.0,            ,132260018,0000000.0000,0000000.0,25918.77,0.244207,142260018,0000000.0000,0000000.0,88.19,0.258563,63923.0,0.2573,2027-02-01
NK225E    ,OOP,202702,95000.0,            ,182265018,0000000.0000,0000000.0,30836.69,0.236358,192265018,0000000.0000,0000000.0,42.82,0.265643,63923.0,0.2573,2027-02-01
NK225E    ,OOP,202702,100000.0,            ,182260018,0000000.0000,0000000.0,35778.87,0.01,192260018,0000000.0000,0000000.0,21.7,0.271398,63923.0,0.2573,2027-02-01
NK225E    ,OOP,202703,20000.0,            ,132390018,0000000.0000,0000000.0,15.1,0.63387,142390018,0000000.0000,0000000.0,43663.04,0.679035,63923.0,0.2573,2027-03-01
NK225E    ,OOP,202703,21000.0,            ,132271018,0000000.0000,0000000.0,17.78,0.600901,142271018,0000000.0000,0000000.0,42674.43,0.654467,63923.0,0.2573,2027-03-01
NK225E    ,OOP,202703,22000.0,            ,132272018,0000000.0000,0000000.0,20.79,0.586515,142272018,0000000.0000,0000000.0,41686.16,0.630948,63923.0,0.2573,2027-03-01
NK225E    ,OOP,202703,23000.0,            ,132273018,0000000.0000,0000000.0,24.16,0.572536,142273018,0000000.0000,0000000.0,40698.24,0.616998,63923.0,0.2573,2027-03-01
NK225E    ,OOP,202703,24000.0,            ,132274018,0000000.0000,0000000.0,27.93,0.558946,142274018,0000000.0000,0000000.0,39710.73,0.594819,63923.0,0.2573,2027-03-01
NK225E    ,OOP,202703,25000.0,            ,182155018,0000000.0000,0000000.0,32.16,0.545733,192155018,0000000.0000,0000000.0,38723.68,0.580629,63923.0,0.2573,2027-03-01
NK225E    ,OOP,202703,26000.0,            ,132276018,0000000.0000,0000000.0,36.89,0.532883,142276018,0000000.0000,0000000.0,37737.12,0.56604,63923.0,0.2573,2027-03-01
NK225E    ,OOP,202703,27000.0,            ,182157018,0000000.0000,0000000.0,42.19,0.520383,192157018,0000000.0000,0000000.0,36751.13,0.545473,63923.0,0.2573,2027-03-01
NK225E    ,OOP,202703,28000.0,            ,132278018,0000000.0000,0000000.0,48.12,0.508225,142278018,0000000.0000,0000000.0,35765.78,0.531048,63923.0,0.2573,2027-03-01
NK225E    ,OOP,202703,29000.0,            ,132039018,0000000.0000,0000000.0,54.77,0.496396,142039018,0000000.0000,0000000.0,34781.14,0.516484,63923.0,0.2573,2027-03-01
NK225E    ,OOP,202703,30000.0,            ,132030018,0000000.0000,0000000.0,62.23,0.484886,142030018,0000000.0000,0000000.0,33797.31,0.50619,63923.0,0.2573,2027-03-01
NK225E    ,OOP,202703,31000.0,            ,132031018,0000000.0000,0000000.0,70.6,0.473687,142031018,0000000.0000,0000000.0,32814.4,0.491196,63923.0,0.2573,2027-03-01
NK225E    ,OOP,202703,32000.0,            ,132032018,0000000.0000,0000000.0,80.02,0.462774,142032018,0000000.0000,0000000.0,31832.53,0.479829,63923.0,0.2573,2027-03-01
NK225E    ,OOP,202703,33000.0,            ,132033018,0000000.0000,0000000.0,90.62,0.452191,142033018,0000000.0000,0000000.0,30851.84,0.464724,63923.0,0.2573,2027-03-01
NK225E    ,OOP,202703,34000.0,            ,132034018,0000000.0000,0000000.0,102.57,0.441881,142034018,0000000.0000,0000000.0,29872.51,0.455657,63923.0,0.2573,2027-03-01
NK225E    ,OOP,202703,35000.0,            ,132035018,0000000.0000,0000000.0,116.07,0.431811,142035018,0000000.0000,0000000.0,28894.72,0.443083,63923.0,0.2573,2027-03-01
NK225E    ,OOP,202703,36000.0,            ,132036018,0000000.0000,0000000.0,161.3,0.4366,142036018,0000000.0000,0000000.0,27948.67,0.446174,63923.0,0.2573,2027-03-01
NK225E    ,OOP,202703,37000.0,            ,132037018,0000000.0000,0000000.0,164.96,0.420004,142037018,0000000.0000,0000000.0,26961.05,0.428026,63923.0,0.2573,2027-03-01
NK225E    ,OOP,202703,38000.0,            ,132038018,0000000.0000,0000000.0,168.22,0.403326,142038018,0000000.0000,0000000.0,25973.02,0.412256,63923.0,0.2573,2027-03-01
NK225E    ,OOP,202703,39000.0,            ,182039018,0000000.0000,0000000.0,233.62,0.40966,192039018,0000000.0000,0000000.0,25047.13,0.415474,63923.0,0.2573,2027-03-01
NK225E    ,OOP,202703,40000.0,            ,182030018,0000000.0000,0000000.0,259.11,0.399541,192030018,0000000.0000,0000000.0,24081.34,0.405113,63923.0,0.2573,2027-03-01
NK225E    ,OOP,202703,40250.0,            ,132030218,0000000.0000,0000000.0,267.31,0.397407,142030218,0000000.0000,0000000.0,23841.71,0.40279,63923.0,0.2573,2027-03-01
NK225E    ,OOP,202703,40500.0,            ,132030518,0000000.0000,0000000.0,273.55,0.39464,142030518,0000000.0000,0000000.0,23600.13,0.400418,63923.0,0.2573,2027-03-01
NK225E    ,OOP,202703,40750.0,            ,132030718,0000000.0000,0000000.0,281.74,0.392618,142030718,0000000.0000,0000000.0,23360.5,0.398001,63923.0,0.2573,2027-03-01
NK225E    ,OOP,202703,41000.0,            ,182031018,0000000.0000,0000000.0,287.97,0.389845,192031018,0000000.0000,0000000.0,23118.91,0.395541,63923.0,0.2573,2027-03-01
NK225E    ,OOP,202703,41250.0,            ,132031218,0000000.0000,0000000.0,297.13,0.387796,142031218,0000000.0000,0000000.0,22880.25,0.393039,63923.0,0.2573,2027-03-01
NK225E    ,OOP,202703,41500.0,            ,132031518,0000000.0000,0000000.0,305.8,0.385628,142031518,0000000.0000,0000000.0,22641.1,0.390498,63923.0,0.2573,2027-03-01
NK225E    ,OOP,202703,41750.0,            ,132031718,0000000.0000,0000000.0,312.51,0.382871,142031718,0000000.0000,0000000.0,22399.99,0.387919,63923.0,0.2573,2027-03-01
NK225E    ,OOP,202703,42000.0,            ,182032018,0000000.0000,0000000.0,321.66,0.380697,192032018,0000000.0000,0000000.0,22161.31,0.385304,63923.0,0.2573,2027-03-01
NK225E    ,OOP,202703,42250.0,            ,132032218,0000000.0000,0000000.0,330.8,0.378468,142032218,0000000.0000,0000000.0,21922.63,0.383839,63923.0,0.2573,2027-03-01
NK225E    ,OOP,202703,42500.0,            ,132032518,0000000.0000,0000000.0,340.43,0.376201,142032518,0000000.0000,0000000.0,21684.44,0.381133,63923.0,0.2573,2027-03-01
NK225E    ,OOP,202703,42750.0,            ,132032718,0000000.0000,0000000.0,350.06,0.374072,142032718,0000000.0000,0000000.0,21446.25,0.378395,63923.0,0.2573,2027-03-01
NK225E    ,OOP,202703,43000.0,            ,182033018,0000000.0000,0000000.0,359.68,0.371815,192033018,0000000.0000,0000000.0,21208.05,0.376736,63923.0,0.2573,2027-03-01
NK225E    ,OOP,202703,43250.0,            ,132033218,0000000.0000,0000000.0,368.8,0.369385,142033218,0000000.0000,0000000.0,20969.35,0.373918,63923.0,0.2573,2027-03-01
NK225E    ,OOP,202703,43500.0,            ,132033518,0000000.0000,0000000.0,378.41,0.367019,142033518,0000000.0000,0000000.0,20731.14,0.371074,63923.0,0.2573,2027-03-01
NK225E    ,OOP,202703,43750.0,            ,132033718,0000000.0000,0000000.0,390.46,0.365028,142033718,0000000.0000,0000000.0,20495.37,0.369244,63923.0,0.2573,2027-03-01
NK225E    ,OOP,202703,44000.0,            ,182034018,0000000.0000,0000000.0,402.51,0.363168,192034018,0000000.0000,0000000.0,20259.59,0.367344,63923.0,0.2573,2027-03-01
NK225E    ,OOP,202703,44250.0,            ,132034218,0000000.0000,0000000.0,412.1,0.360649,142034218,0000000.0000,0000000.0,20021.37,0.364388,63923.0,0.2573,2027-03-01
NK225E    ,OOP,202703,44500.0,            ,132034518,0000000.0000,0000000.0,424.14,0.358576,142034518,0000000.0000,0000000.0,19785.58,0.362382,63923.0,0.2573,2027-03-01
NK225E    ,OOP,202703,44750.0,            ,132034718,0000000.0000,0000000.0,436.17,0.356444,142034718,0000000.0000,0000000.0,19549.79,0.360315,63923.0,0.2573,2027-03-01
NK225E    ,OOP,202703,45000.0,            ,182035018,0000000.0000,0000000.0,450.64,0.354596,192035018,0000000.0000,0000000.0,19316.44,0.35819,63923.0,0.2573,2027-03-01
NK225E    ,OOP,202703,45250.0,            ,132035218,0000000.0000,0000000.0,462.66,0.352466,142035218,0000000.0000,0000000.0,19080.64,0.356009,63923.0,0.2573,2027-03-01
NK225E    ,OOP,202703,45500.0,            ,132035518,0000000.0000,0000000.0,474.67,0.350163,142035518,0000000.0000,0000000.0,18844.83,0.353774,63923.0,0.2573,2027-03-01
NK225E    ,OOP,202703,45750.0,            ,132035718,0000000.0000,0000000.0,489.12,0.348242,142035718,0000000.0000,0000000.0,18611.46,0.351488,63923.0,0.2573,2027-03-01
NK225E    ,OOP,202703,46000.0,            ,182036018,0000000.0000,0000000.0,503.57,0.346256,192036018,0000000.0000,0000000.0,18378.08,0.350002,63923.0,0.2573,2027-03-01
NK225E    ,OOP,202703,46250.0,            ,132036218,0000000.0000,0000000.0,518.01,0.344206,142036218,0000000.0000,0000000.0,18144.7,0.347602,63923.0,0.2573,2027-03-01
NK225E    ,OOP,202703,46500.0,            ,132036518,0000000.0000,0000000.0,534.89,0.3425,142036518,0000000.0000,0000000.0,17913.76,0.345968,63923.0,0.2573,2027-03-01
NK225E    ,OOP,202703,46750.0,            ,132036718,0000000.0000,0000000.0,551.76,0.340717,142036718,0000000.0000,0000000.0,17682.81,0.343464,63923.0,0.2573,2027-03-01
NK225E    ,OOP,202703,47000.0,            ,182037018,0000000.0000,0000000.0,566.18,0.33829,192037018,0000000.0000,0000000.0,17449.41,0.341695,63923.0,0.2573,2027-03-01
NK225E    ,OOP,202703,47250.0,            ,132037218,0000000.0000,0000000.0,585.48,0.336862,142037218,0000000.0000,0000000.0,17220.89,0.339854,63923.0,0.2573,2027-03-01
NK225E    ,OOP,202703,47500.0,            ,132037518,0000000.0000,0000000.0,602.34,0.334946,142037518,0000000.0000,0000000.0,16989.92,0.337944,63923.0,0.2573,2027-03-01
NK225E    ,OOP,202703,47750.0,            ,132037718,0000000.0000,0000000.0,619.19,0.332891,142037718,0000000.0000,0000000.0,16758.95,0.335968,63923.0,0.2573,2027-03-01
NK225E    ,OOP,202703,48000.0,            ,182038018,0000000.0000,0000000.0,638.46,0.331126,192038018,0000000.0000,0000000.0,16530.41,0.333928,63923.0,0.2573,2027-03-01
NK225E    ,OOP,202703,48250.0,            ,132038218,0000000.0000,0000000.0,657.74,0.329288,142038218,0000000.0000,0000000.0,16301.87,0.331826,63923.0,0.2573,2027-03-01
NK225E    ,OOP,202703,48500.0,            ,132038518,0000000.0000,0000000.0,679.46,0.327716,142038518,0000000.0000,0000000.0,16075.76,0.330347,63923.0,0.2573,2027-03-01
NK225E    ,OOP,202703,48750.0,            ,132038718,0000000.0000,0000000.0,698.72,0.325731,142038718,0000000.0000,0000000.0,15847.2,0.328116,63923.0,0.2573,2027-03-01
NK225E    ,OOP,202703,49000.0,            ,132159018,0000000.0000,0000000.0,720.43,0.323947,142159018,0000000.0000,0000000.0,15621.08,0.326483,63923.0,0.2573,2027-03-01
NK225E    ,OOP,202703,49250.0,            ,132039218,0000000.0000,0000000.0,742.12,0.3222,142039218,0000000.0000,0000000.0,15394.96,0.324771,63923.0,0.2573,2027-03-01
NK225E    ,OOP,202703,49500.0,            ,132039518,0000000.0000,0000000.0,766.26,0.320473,142039518,0000000.0000,0000000.0,15171.27,0.322983,63923.0,0.2573,2027-03-01
NK225E    ,OOP,202703,49750.0,            ,132039718,0000000.0000,0000000.0,790.38,0.318933,142039718,0000000.0000,0000000.0,14947.57,0.321121,63923.0,0.2573,2027-03-01
NK225E    ,OOP,202703,50000.0,            ,132150018,0000000.0000,0000000.0,814.5,0.317248,142150018,0000000.0000,0000000.0,14723.87,0.319788,63923.0,0.2573,2027-03-01
NK225E    ,OOP,202703,50250.0,            ,182030218,0000000.0000,0000000.0,838.61,0.315439,192030218,0000000.0000,0000000.0,14500.16,0.317777,63923.0,0.2573,2027-03-01
NK225E    ,OOP,202703,50500.0,            ,182030518,0000000.0000,0000000.0,865.17,0.31382,192030518,0000000.0000,0000000.0,14278.89,0.315699,63923.0,0.2573,2027-03-01
NK225E    ,OOP,202703,50750.0,            ,182030718,0000000.0000,0000000.0,891.71,0.311963,192030718,0000000.0000,0000000.0,14057.61,0.314123,63923.0,0.2573,2027-03-01
NK225E    ,OOP,202703,51000.0,            ,132151018,0000000.0000,0000000.0,920.69,0.310589,142151018,0000000.0000,0000000.0,13838.78,0.312463,63923.0,0.2573,2027-03-01
NK225E    ,OOP,202703,51250.0,            ,182031218,0000000.0000,0000000.0,949.66,0.309088,192031218,0000000.0000,0000000.0,13619.93,0.311265,63923.0,0.2573,2027-03-01
NK225E    ,OOP,202703,51500.0,            ,182031518,0000000.0000,0000000.0,978.63,0.307425,192031518,0000000.0000,0000000.0,13401.08,0.309437,63923.0,0.2573,2027-03-01
NK225E    ,OOP,202703,51750.0,            ,182031718,0000000.0000,0000000.0,1010.04,0.305931,192031718,0000000.0000,0000000.0,13184.66,0.308055,63923.0,0.2573,2027-03-01
NK225E    ,OOP,202703,52000.0,            ,132152018,0000000.0000,0000000.0,1041.44,0.30421,142152018,0000000.0000,0000000.0,12968.24,0.306071,63923.0,0.2573,2027-03-01
NK225E    ,OOP,202703,52250.0,            ,182032218,0000000.0000,0000000.0,1075.29,0.302913,192032218,0000000.0000,0000000.0,12754.27,0.304518,63923.0,0.2573,2027-03-01
NK225E    ,OOP,202703,52500.0,            ,182032518,0000000.0000,0000000.0,1109.12,0.301433,192032518,0000000.0000,0000000.0,12540.28,0.30337,63923.0,0.2573,2027-03-01
NK225E    ,OOP,202703,52750.0,            ,182032718,0000000.0000,0000000.0,1142.94,0.299834,192032718,0000000.0000,0000000.0,12326.28,0.301639,63923.0,0.2573,2027-03-01
NK225E    ,OOP,202703,53000.0,            ,132153018,0000000.0000,0000000.0,1155.6,0.296079,142153018,0000000.0000,0000000.0,12091.12,0.297934,63923.0,0.2573,2027-03-01
NK225E    ,OOP,202703,53250.0,            ,182033218,0000000.0000,0000000.0,1193.93,0.294829,192033218,0000000.0000,0000000.0,11881.62,0.296544,63923.0,0.2573,2027-03-01
NK225E    ,OOP,202703,53500.0,            ,182033518,0000000.0000,0000000.0,1233.5,0.293538,192033518,0000000.0000,0000000.0,11673.37,0.295061,63923.0,0.2573,2027-03-01
NK225E    ,OOP,202703,53750.0,            ,182033718,0000000.0000,0000000.0,1274.32,0.292261,192033718,0000000.0000,0000000.0,11466.37,0.293935,63923.0,0.2573,2027-03-01
NK225E    ,OOP,202703,54000.0,            ,132154018,0000000.0000,0000000.0,1316.44,0.290873,142154018,0000000.0000,0000000.0,11260.67,0.292706,63923.0,0.2573,2027-03-01
NK225E    ,OOP,202703,54250.0,            ,182034218,0000000.0000,0000000.0,1359.88,0.289756,192034218,0000000.0000,0000000.0,11056.29,0.291376,63923.0,0.2573,2027-03-01
NK225E    ,OOP,202703,54500.0,            ,182034518,0000000.0000,0000000.0,1404.69,0.288527,192034518,0000000.0000,0000000.0,10853.28,0.28995,63923.0,0.2573,2027-03-01
NK225E    ,OOP,202703,54750.0,            ,182034718,0000000.0000,0000000.0,1450.9,0.287238,192034718,0000000.0000,0000000.0,10651.67,0.288846,63923.0,0.2573,2027-03-01
NK225E    ,OOP,202703,55000.0,            ,132155018,0000000.0000,0000000.0,1498.55,0.286117,142155018,0000000.0000,0000000.0,10451.49,0.287637,63923.0,0.2573,2027-03-01
NK225E    ,OOP,202703,55250.0,            ,182035218,0000000.0000,0000000.0,1547.65,0.28472,192035218,0000000.0000,0000000.0,10252.77,0.286326,63923.0,0.2573,2027-03-01
NK225E    ,OOP,202703,55500.0,            ,182035518,0000000.0000,0000000.0,1598.26,0.28351,192035518,0000000.0000,0000000.0,10055.56,0.285313,63923.0,0.2573,2027-03-01
NK225E    ,OOP,202703,55750.0,            ,182035718,0000000.0000,0000000.0,1650.4,0.282587,192035718,0000000.0000,0000000.0,9859.88,0.2838,63923.0,0.2573,2027-03-01
NK225E    ,OOP,202703,56000.0,            ,132156018,0000000.0000,0000000.0,1704.11,0.281484,142156018,0000000.0000,0000000.0,9665.77,0.282962,63923.0,0.2573,2027-03-01
NK225E    ,OOP,202703,56250.0,            ,182036218,0000000.0000,0000000.0,1759.43,0.280365,192036218,0000000.0000,0000000.0,9473.27,0.281631,63923.0,0.2573,2027-03-01
NK225E    ,OOP,202703,56500.0,            ,182036518,0000000.0000,0000000.0,1816.4,0.279158,192036518,0000000.0000,0000000.0,9282.41,0.280573,63923.0,0.2573,2027-03-01
NK225E    ,OOP,202703,56750.0,            ,182036718,0000000.0000,0000000.0,1875.04,0.278172,192036718,0000000.0000,0000000.0,9093.23,0.279406,63923.0,0.2573,2027-03-01
NK225E    ,OOP,202703,57000.0,            ,132157018,0000000.0000,0000000.0,1935.39,0.277075,142157018,0000000.0000,0000000.0,8905.76,0.278133,63923.0,0.2573,2027-03-01
NK225E    ,OOP,202703,57250.0,            ,182037218,0000000.0000,0000000.0,1997.49,0.275869,192037218,0000000.0000,0000000.0,8720.04,0.277114,63923.0,0.2573,2027-03-01
NK225E    ,OOP,202703,57500.0,            ,182037518,0000000.0000,0000000.0,2061.37,0.27491,192037518,0000000.0000,0000000.0,8536.1,0.275985,63923.0,0.2573,2027-03-01
NK225E    ,OOP,202703,57750.0,            ,182037718,0000000.0000,0000000.0,2127.07,0.273839,192037718,0000000.0000,0000000.0,8353.98,0.275094,63923.0,0.2573,2027-03-01
NK225E    ,OOP,202703,58000.0,            ,132158018,0000000.0000,0000000.0,2194.62,0.272657,142158018,0000000.0000,0000000.0,8173.7,0.27409,63923.0,0.2573,2027-03-01
NK225E    ,OOP,202703,58250.0,            ,182038218,0000000.0000,0000000.0,2264.05,0.271707,192038218,0000000.0000,0000000.0,7995.31,0.272974,63923.0,0.2573,2027-03-01
NK225E    ,OOP,202703,58500.0,            ,182038518,0000000.0000,0000000.0,2335.38,0.270977,192038518,0000000.0000,0000000.0,7818.83,0.272083,63923.0,0.2573,2027-03-01
NK225E    ,OOP,202703,58750.0,            ,182038718,0000000.0000,0000000.0,2408.69,0.269798,192038718,0000000.0000,0000000.0,7644.31,0.271077,63923.0,0.2573,2027-03-01
NK225E    ,OOP,202703,59000.0,            ,182159018,0000000.0000,0000000.0,2483.97,0.268837,192159018,0000000.0000,0000000.0,7471.77,0.269959,63923.0,0.2573,2027-03-01
NK225E    ,OOP,202703,59250.0,            ,182039218,0000000.0000,0000000.0,2561.24,0.268084,192039218,0000000.0000,0000000.0,7301.22,0.269054,63923.0,0.2573,2027-03-01
NK225E    ,OOP,202703,59500.0,            ,182039518,0000000.0000,0000000.0,2662.88,0.26849,192039518,0000000.0000,0000000.0,7155.03,0.269628,63923.0,0.2573,2027-03-01
NK225E    ,OOP,202703,59750.0,            ,182039718,0000000.0000,0000000.0,2745.76,0.26749,192039718,0000000.0000,0000000.0,6990.1,0.268795,63923.0,0.2573,2027-03-01
NK225E    ,OOP,202703,60000.0,            ,182150018,0000000.0000,0000000.0,2828.63,0.266689,192150018,0000000.0000,0000000.0,6825.14,0.267845,63923.0,0.2573,2027-03-01
NK225E    ,OOP,202703,60250.0,            ,132150218,0000000.0000,0000000.0,2916.44,0.26608,142150218,0000000.0000,0000000.0,6665.14,0.267091,63923.0,0.2573,2027-03-01
NK225E    ,OOP,202703,60500.0,            ,132150518,0000000.0000,0000000.0,3004.25,0.265044,142150518,0000000.0000,0000000.0,6505.12,0.266218,63923.0,0.2573,2027-03-01
NK225E    ,OOP,202703,60750.0,            ,132150718,0000000.0000,0000000.0,3070.76,0.264198,142150718,0000000.0000,0000000.0,6347.58,0.26523,63923.0,0.2573,2027-03-01
NK225E    ,OOP,202703,61000.0,            ,182151018,0000000.0000,0000000.0,3175.48,0.262962,192151018,0000000.0000,0000000.0,6190.03,0.264429,63923.0,0.2573,2027-03-01
NK225E    ,OOP,202703,61250.0,            ,132151218,0000000.0000,0000000.0,3270.21,0.262756,142151218,0000000.0000,0000000.0,6042.42,0.263811,63923.0,0.2573,2027-03-01
NK225E    ,OOP,202703,61500.0,            ,132151518,0003570.0000,0000000.0,3364.94,0.262155,142151518,0000000.0000,0000000.0,5892.33,0.263072,63923.0,0.2573,2027-03-01
NK225E    ,OOP,202703,61750.0,            ,132151718,0000000.0000,0000000.0,3464.64,0.261136,142151718,0000000.0000,0000000.0,5739.71,0.262215,63923.0,0.2573,2027-03-01
NK225E    ,OOP,202703,62000.0,            ,182152018,0000000.0000,0000000.0,3564.38,0.260296,192152018,0000000.0000,0000000.0,5594.56,0.261534,63923.0,0.2573,2027-03-01
NK225E    ,OOP,202703,62250.0,            ,132152218,0000000.0000,0000000.0,3669.09,0.259631,142152218,0000000.0000,0000000.0,5451.91,0.260734,63923.0,0.2573,2027-03-01
NK225E    ,OOP,202703,62500.0,            ,182152518,0000000.0000,0000000.0,3773.81,0.258844,192152518,0000000.0000,0000000.0,5309.22,0.259816,63923.0,0.2573,2027-03-01
NK225E    ,OOP,202703,62750.0,            ,132152718,0000000.0000,0000000.0,3883.51,0.257939,142152718,0000000.0000,0000000.0,5166.53,0.259069,63923.0,0.2573,2027-03-01
NK225E    ,OOP,202703,63000.0,            ,182153018,0000000.0000,0000000.0,3983.22,0.257492,192153018,0000000.0000,0000000.0,5033.85,0.258492,63923.0,0.2573,2027-03-01
NK225E    ,OOP,202703,63250.0,            ,132153218,0000000.0000,0000000.0,4092.93,0.256923,142153218,0000000.0000,0000000.0,4898.63,0.257794,63923.0,0.2573,2027-03-01
NK225E    ,OOP,202703,63500.0,            ,132153518,0000000.0000,0000000.0,4222.65,0.256233,142153518,0000000.0000,0000000.0,4768.41,0.257262,63923.0,0.2573,2027-03-01
NK225E    ,OOP,202703,63750.0,            ,132153718,0000000.0000,0000000.0,4327.36,0.255708,142153718,0000000.0000,0000000.0,4638.17,0.25661,63923.0,0.2573,2027-03-01
NK225E    ,OOP,202703,64000.0,            ,182154018,0000000.0000,0000000.0,4462.06,0.254777,192154018,0000000.0000,0000000.0,4505.32,0.255837,63923.0,0.2573,2027-03-01
NK225E    ,OOP,202703,64250.0,            ,132154218,0000000.0000,0000000.0,4571.76,0.254011,142154218,0000000.0000,0000000.0,4385.02,0.25523,63923.0,0.2573,2027-03-01
NK225E    ,OOP,202703,64500.0,            ,132154518,0000000.0000,0000000.0,4711.47,0.253692,142154518,0000000.0000,0000000.0,4254.72,0.254786,63923.0,0.2573,2027-03-01
NK225E    ,OOP,202703,64750.0,            ,132154718,0000000.0000,0000000.0,4826.17,0.252968,142154718,0000000.0000,0000000.0,4134.44,0.253938,63923.0,0.2573,2027-03-01
NK225E    ,OOP,202703,65000.0,            ,182275018,0000000.0000,0000000.0,4955.88,0.25184,192275018,0003820.0000,0000000.0,4026.65,0.252969,63923.0,0.2573,2027-03-01
NK225E    ,OOP,202703,65250.0,            ,132155218,0000000.0000,0000000.0,5090.58,0.251726,142155218,0000000.0000,0000000.0,3903.84,0.253015,63923.0,0.2573,2027-03-01
NK225E    ,OOP,202703,65500.0,            ,132155518,0000000.0000,0000000.0,5230.27,0.251207,142155518,0000000.0000,0000000.0,3803.56,0.252292,63923.0,0.2573,2027-03-01
NK225E    ,OOP,202703,65750.0,            ,132155718,0000000.0000,0000000.0,5364.98,0.250851,142155718,0000000.0000,0000000.0,3693.26,0.251797,63923.0,0.2573,2027-03-01
NK225E    ,OOP,202703,66000.0,            ,182156018,0000000.0000,0000000.0,5519.7,0.250359,192156018,0000000.0000,0000000.0,3572.96,0.251298,63923.0,0.2573,2027-03-01
NK225E    ,OOP,202703,66250.0,            ,132156218,0000000.0000,0000000.0,5649.39,0.249495,142156218,0000000.0000,0000000.0,3467.67,0.25058,63923.0,0.2573,2027-03-01
NK225E    ,OOP,202703,66500.0,            ,132156518,0000000.0000,0000000.0,5794.1,0.249349,142156518,0000000.0000,0000000.0,3377.38,0.250313,63923.0,0.2573,2027-03-01
NK225E    ,OOP,202703,66750.0,            ,132156718,0000000.0000,0000000.0,5949.99,0.248799,142156718,0000000.0000,0000000.0,3277.1,0.249927,63923.0,0.2573,2027-03-01
NK225E    ,OOP,202703,67000.0,            ,132277018,0000000.0000,0000000.0,6101.65,0.248129,142277018,0002975.0000,0000000.0,3166.79,0.248951,63923.0,0.2573,2027-03-01
NK225E    ,OOP,202703,67250.0,            ,132157218,0000000.0000,0000000.0,6257.14,0.247915,142157218,0000000.0000,0000000.0,3071.5,0.248598,63923.0,0.2573,2027-03-01
NK225E    ,OOP,202703,67500.0,            ,182157518,0000000.0000,0000000.0,6410.1,0.247293,192157518,0000000.0000,0000000.0,2976.22,0.248127,63923.0,0.2573,2027-03-01
NK225E    ,OOP,202703,67750.0,            ,132157718,0000000.0000,0000000.0,6560.51,0.246551,142157718,0000000.0000,0000000.0,2885.94,0.247774,63923.0,0.2573,2027-03-01
NK225E    ,OOP,202703,68000.0,            ,182158018,0000000.0000,0000000.0,6728.61,0.24686,192158018,0000000.0000,0000000.0,2795.66,0.247962,63923.0,0.2573,2027-03-01
NK225E    ,OOP,202703,68250.0,            ,132158218,0000000.0000,0000000.0,6889.12,0.246469,142158218,0000000.0000,0000000.0,2710.37,0.247176,63923.0,0.2573,2027-03-01
NK225E    ,OOP,202703,68500.0,            ,132158518,0000000.0000,0000000.0,7044.57,0.245663,142158518,0000000.0000,0000000.0,2625.1,0.246817,63923.0,0.2573,2027-03-01
NK225E    ,OOP,202703,68750.0,            ,132158718,0000000.0000,0000000.0,7210.12,0.245331,142158718,0000000.0000,0000000.0,2539.82,0.246353,63923.0,0.2573,2027-03-01
NK225E    ,OOP,202703,69000.0,            ,132279018,0000000.0000,0000000.0,7380.75,0.245185,142279018,0002245.0000,0000000.0,2459.55,0.246395,63923.0,0.2573,2027-03-01
NK225E    ,OOP,202703,69250.0,            ,132159218,0000000.0000,0000000.0,7546.3,0.244622,142159218,0000000.0000,0000000.0,2384.28,0.245709,63923.0,0.2573,2027-03-01
NK225E    ,OOP,202703,69500.0,            ,132159518,0000000.0000,0000000.0,7721.98,0.244858,142159518,0000000.0000,0000000.0,2304.0,0.24582,63923.0,0.2573,2027-03-01
NK225E    ,OOP,202703,69750.0,            ,132159718,0000000.0000,0000000.0,7862.08,0.242512,142159718,0000000.0000,0000000.0,2233.75,0.24335,63923.0,0.2573,2027-03-01
NK225E    ,OOP,202703,70000.0,            ,132270018,0000000.0000,0000000.0,8037.47,0.2422,142270018,0000000.0000,0000000.0,2121.13,0.243222,63923.0,0.2573,2027-03-01
NK225E    ,OOP,202703,70250.0,            ,182150218,0000000.0000,0000000.0,8214.91,0.241772,192150218,0000000.0000,0000000.0,2050.75,0.242983,63923.0,0.2573,2027-03-01
NK225E    ,OOP,202703,70500.0,            ,182150518,0000000.0000,0000000.0,8394.37,0.241546,192150518,0000000.0000,0000000.0,1982.38,0.242631,63923.0,0.2573,2027-03-01
NK225E    ,OOP,202703,70750.0,            ,182150718,0000000.0000,0000000.0,8575.77,0.241207,192150718,0000000.0000,0000000.0,1915.97,0.242485,63923.0,0.2573,2027-03-01
NK225E    ,OOP,202703,71000.0,            ,182271018,0000000.0000,0000000.0,8759.14,0.241079,192271018,0000000.0000,0000000.0,1851.51,0.242229,63923.0,0.2573,2027-03-01
NK225E    ,OOP,202703,71250.0,            ,182151218,0000000.0000,0000000.0,8944.4,0.240841,192151218,0000000.0000,0000000.0,1788.95,0.241861,63923.0,0.2573,2027-03-01
NK225E    ,OOP,202703,71500.0,            ,182151518,0000000.0000,0000000.0,9131.54,0.24049,192151518,0000000.0000,0000000.0,1728.27,0.241711,63923.0,0.2573,2027-03-01
NK225E    ,OOP,202703,71750.0,            ,182151718,0000000.0000,0000000.0,9320.51,0.240363,192151718,0000000.0000,0000000.0,1669.42,0.241452,63923.0,0.2573,2027-03-01
NK225E    ,OOP,202703,72000.0,            ,182272018,0000000.0000,0000000.0,9511.28,0.240127,192272018,0000000.0000,0000000.0,1612.36,0.241424,63923.0,0.2573,2027-03-01
NK225E    ,OOP,202703,72250.0,            ,182152218,0000000.0000,0000000.0,9703.8,0.240128,192152218,0000000.0000,0000000.0,1557.07,0.24129,63923.0,0.2573,2027-03-01
NK225E    ,OOP,202703,72500.0,            ,132152518,0000000.0000,0000000.0,9898.06,0.239672,142152518,0000000.0000,0000000.0,1503.5,0.24105,63923.0,0.2573,2027-03-01
NK225E    ,OOP,202703,72750.0,            ,182152718,0000000.0000,0000000.0,10094.01,0.239815,192152718,0000000.0000,0000000.0,1451.63,0.241056,63923.0,0.2573,2027-03-01
NK225E    ,OOP,202703,73000.0,            ,182273018,0000000.0000,0000000.0,10291.59,0.239496,192273018,0000000.0000,0000000.0,1401.39,0.24096,63923.0,0.2573,2027-03-01
NK225E    ,OOP,202703,73250.0,            ,182153218,0000000.0000,0000000.0,10490.79,0.239434,192153218,0000000.0000,0000000.0,1352.77,0.240759,63923.0,0.2573,2027-03-01
NK225E    ,OOP,202703,73500.0,            ,182153518,0000000.0000,0000000.0,10691.57,0.239267,192153518,0000000.0000,0000000.0,1305.73,0.240132,63923.0,0.2573,2027-03-01
NK225E    ,OOP,202703,73750.0,            ,182153718,0000000.0000,0000000.0,10893.87,0.238994,192153718,0000000.0000,0000000.0,1260.21,0.240048,63923.0,0.2573,2027-03-01
NK225E    ,OOP,202703,74000.0,            ,182274018,0000000.0000,0000000.0,11097.69,0.238998,192274018,0000000.0000,0000000.0,1216.2,0.240654,63923.0,0.2573,2027-03-01
NK225E    ,OOP,202703,74250.0,            ,182154218,0000000.0000,0000000.0,11321.63,0.240469,192154218,0000000.0000,0000000.0,1192.32,0.241973,63923.0,0.2573,2027-03-01
NK225E    ,OOP,202703,74500.0,            ,182154518,0000000.0000,0000000.0,11527.87,0.240297,192154518,0000000.0000,0000000.0,1150.75,0.241318,63923.0,0.2573,2027-03-01
NK225E    ,OOP,202703,74750.0,            ,182154718,0000000.0000,0000000.0,11734.1,0.24002,192154718,0000000.0000,0000000.0,1109.15,0.241629,63923.0,0.2573,2027-03-01
NK225E    ,OOP,202703,75000.0,            ,132275018,0000000.0000,0000000.0,11945.47,0.240459,142275018,0000000.0000,0000000.0,1072.7,0.241914,63923.0,0.2573,2027-03-01
NK225E    ,OOP,202703,75250.0,            ,182155218,0000000.0000,0000000.0,12151.7,0.23998,192155218,0000000.0000,0000000.0,1031.11,0.240958,63923.0,0.2573,2027-03-01
NK225E    ,OOP,202703,75500.0,            ,182155518,0000000.0000,0000000.0,12363.08,0.239812,192155518,0000000.0000,0000000.0,994.66,0.241377,63923.0,0.2573,2027-03-01
NK225E    ,OOP,202703,75750.0,            ,182155718,0000000.0000,0000000.0,12577.03,0.239977,192155718,0000000.0000,0000000.0,960.79,0.241018,63923.0,0.2573,2027-03-01
NK225E    ,OOP,202703,76000.0,            ,182276018,0000000.0000,0000000.0,12790.96,0.240052,192276018,0000000.0000,0000000.0,926.9,0.241729,63923.0,0.2573,2027-03-01
NK225E    ,OOP,202703,76250.0,            ,182156218,0000000.0000,0000000.0,13004.91,0.239584,192156218,0000000.0000,0000000.0,893.03,0.241549,63923.0,0.2573,2027-03-01
NK225E    ,OOP,202703,77500.0,            ,132157518,0000000.0000,0000000.0,14095.21,0.239455,142157518,0000000.0000,0000000.0,744.23,0.241533,63923.0,0.2573,2027-03-01
NK225E    ,OOP,202703,80000.0,            ,182270018,0000000.0000,0000000.0,16340.39,0.239144,192270018,0000000.0000,0000000.0,511.2,0.241047,63923.0,0.2573,2027-03-01
NK225E    ,OOP,202703,82500.0,            ,132272518,0000000.0000,0000000.0,18660.29,0.239759,142272518,0000000.0000,0000000.0,352.88,0.242158,63923.0,0.2573,2027-03-01
NK225E    ,OOP,202703,85000.0,            ,132395018,0000000.0000,0000000.0,21045.11,0.243793,142395018,0000000.0000,0000000.0,259.48,0.247038,63923.0,0.2573,2027-03-01
NK225E    ,OOP,202703,87500.0,            ,132277518,0000000.0000,0000000.0,23450.52,0.246089,142277518,0000000.0000,0000000.0,186.68,0.250284,63923.0,0.2573,2027-03-01
NK225E    ,OOP,202703,90000.0,            ,182390018,0000000.0000,0000000.0,25861.51,0.242449,192390018,0000100.0000,0000000.0,119.45,0.24822,63923.0,0.2573,2027-03-01
NK225E    ,OOP,202703,95000.0,            ,182395018,0000000.0000,0000000.0,30767.76,0.248309,192395018,0000000.0000,0000000.0,69.28,0.258415,63923.0,0.2573,2027-03-01
NK225E    ,OOP,202703,100000.0,            ,132510018,0000000.0000,0000000.0,35692.57,0.246538,142510018,0000000.0000,0000000.0,37.66,0.264853,63923.0,0.2573,2027-03-01
NK225E    ,OOP,202704,41000.0,            ,132041018,0000000.0000,0000000.0,299.85,0.361398,142041018,0000000.0000,0000000.0,22752.81,0.368221,63923.0,0.2573,2027-04-01
NK225E    ,OOP,202704,42000.0,            ,132042018,0000000.0000,0000000.0,350.18,0.356446,142042018,0000000.0000,0000000.0,21812.0,0.362553,63923.0,0.2573,2027-04-01
NK225E    ,OOP,202704,43000.0,            ,132043018,0000000.0000,0000000.0,406.07,0.350938,142043018,0000000.0000,0000000.0,20876.74,0.356639,63923.0,0.2573,2027-04-01
NK225E    ,OOP,202704,44000.0,            ,132044018,0000000.0000,0000000.0,468.08,0.345651,142044018,0000000.0000,0000000.0,19947.61,0.350448,63923.0,0.2573,2027-04-01
NK225E    ,OOP,202704,45000.0,            ,132045018,0000000.0000,0000000.0,536.91,0.340036,142045018,0000000.0000,0000000.0,19025.29,0.343959,63923.0,0.2573,2027-04-01
NK225E    ,OOP,202704,46000.0,            ,132046018,0000000.0000,0000000.0,613.33,0.334349,142046018,0000000.0000,0000000.0,18110.57,0.337875,63923.0,0.2573,2027-04-01
NK225E    ,OOP,202704,47000.0,            ,132047018,0000000.0000,0000000.0,698.28,0.328631,142047018,0000000.0000,0000000.0,17204.38,0.332005,63923.0,0.2573,2027-04-01
NK225E    ,OOP,202704,48000.0,            ,132048018,0000000.0000,0000000.0,792.82,0.32292,142048018,0000000.0000,0000000.0,16307.77,0.326203,63923.0,0.2573,2027-04-01
NK225E    ,OOP,202704,49000.0,            ,132049018,0000000.0000,0000000.0,898.13,0.31725,142049018,0000000.0000,0000000.0,15421.94,0.32036,63923.0,0.2573,2027-04-01
NK225E    ,OOP,202704,50000.0,            ,132040018,0000000.0000,0000000.0,1015.57,0.311594,142040018,0000000.0000,0000000.0,14548.24,0.31439,63923.0,0.2573,2027-04-01
NK225E    ,OOP,202704,51000.0,            ,182041018,0000000.0000,0000000.0,1146.65,0.306003,192041018,0000000.0000,0000000.0,13688.17,0.3087,63923.0,0.2573,2027-04-01
NK225E    ,OOP,202704,52000.0,            ,182042018,0000000.0000,0000000.0,1292.99,0.300531,192042018,0000000.0000,0000000.0,12843.37,0.303139,63923.0,0.2573,2027-04-01
NK225E    ,OOP,202704,52250.0,            ,132042218,0000000.0000,0000000.0,1332.35,0.299289,142042218,0000000.0000,0000000.0,12634.94,0.301659,63923.0,0.2573,2027-04-01
NK225E    ,OOP,202704,52500.0,            ,132042518,0000000.0000,0000000.0,1372.69,0.297961,142042518,0000000.0000,0000000.0,12427.5,0.300103,63923.0,0.2573,2027-04-01
NK225E    ,OOP,202704,52750.0,            ,132042718,0000000.0000,0000000.0,1414.04,0.29655,142042718,0000000.0000,0000000.0,12221.06,0.298887,63923.0,0.2573,2027-04-01
NK225E    ,OOP,202704,53000.0,            ,182043018,0000000.0000,0000000.0,1456.42,0.29547,192043018,0000000.0000,0000000.0,12015.65,0.297585,63923.0,0.2573,2027-04-01
NK225E    ,OOP,202704,53250.0,            ,132043218,0000000.0000,0000000.0,1500.37,0.294298,142043218,0000000.0000,0000000.0,11811.82,0.296199,63923.0,0.2573,2027-04-01
NK225E    ,OOP,202704,53500.0,            ,132043518,0000000.0000,0000000.0,1545.42,0.293037,142043518,0000000.0000,0000000.0,11609.08,0.295128,63923.0,0.2573,2027-04-01
NK225E    ,OOP,202704,53750.0,            ,132043718,0000000.0000,0000000.0,1591.55,0.291689,142043718,0000000.0000,0000000.0,11407.43,0.293574,63923.0,0.2573,2027-04-01
NK225E    ,OOP,202704,54000.0,            ,182044018,0000000.0000,0000000.0,1638.82,0.290258,192044018,0000000.0000,0000000.0,11206.91,0.292328,63923.0,0.2573,2027-04-01
NK225E    ,OOP,202704,54250.0,            ,132044218,0000000.0000,0000000.0,1687.87,0.289125,142044218,0000000.0000,0000000.0,11008.18,0.290994,63923.0,0.2573,2027-04-01
NK225E    ,OOP,202704,54500.0,            ,132044518,0000000.0000,0000000.0,1738.11,0.287901,142044518,0000000.0000,0000000.0,10810.63,0.289949,63923.0,0.2573,2027-04-01
NK225E    ,OOP,202704,54750.0,            ,132044718,0000000.0000,0000000.0,1789.55,0.286588,142044718,0000000.0000,0000000.0,10614.28,0.288443,63923.0,0.2573,2027-04-01
NK225E    ,OOP,202704,55000.0,            ,182045018,0000000.0000,0000000.0,1842.23,0.285552,192045018,0000000.0000,0000000.0,10419.18,0.287219,63923.0,0.2573,2027-04-01
NK225E    ,OOP,202704,55250.0,            ,132045218,0000000.0000,0000000.0,1896.9,0.284421,142045218,0000000.0000,0000000.0,10226.06,0.286262,63923.0,0.2573,2027-04-01
NK225E    ,OOP,202704,55500.0,            ,132045518,0000000.0000,0000000.0,1952.86,0.283199,142045518,0000000.0000,0000000.0,10034.23,0.284859,63923.0,0.2573,2027-04-01
NK225E    ,OOP,202704,55750.0,            ,132045718,0000000.0000,0000000.0,2010.13,0.281887,142045718,0000000.0000,0000000.0,9843.72,0.283717,63923.0,0.2573,2027-04-01
NK225E    ,OOP,202704,56000.0,            ,182046018,0000000.0000,0000000.0,2068.76,0.28083,192046018,0000000.0000,0000000.0,9654.56,0.282483,63923.0,0.2573,2027-04-01
NK225E    ,OOP,202704,56250.0,            ,132046218,0000000.0000,0000000.0,2129.57,0.279678,142046218,0000000.0000,0000000.0,9467.59,0.281497,63923.0,0.2573,2027-04-01
NK225E    ,OOP,202704,56500.0,            ,132046518,0000000.0000,0000000.0,2191.79,0.278767,142046518,0000000.0000,0000000.0,9282.02,0.280415,63923.0,0.2573,2027-04-01
NK225E    ,OOP,202704,56750.0,            ,132046718,0000000.0000,0000000.0,2255.44,0.277429,142046718,0000000.0000,0000000.0,9097.88,0.279239,63923.0,0.2573,2027-04-01
NK225E    ,OOP,202704,57000.0,            ,182047018,0000000.0000,0000000.0,2320.53,0.276328,192047018,0000000.0000,0000000.0,8915.19,0.277971,63923.0,0.2573,2027-04-01
NK225E    ,OOP,202704,57250.0,            ,132047218,0000000.0000,0000000.0,2388.02,0.275452,142047218,0000000.0000,0000000.0,8734.89,0.276934,63923.0,0.2573,2027-04-01
NK225E    ,OOP,202704,57500.0,            ,132047518,0000000.0000,0000000.0,2457.03,0.27416,142047518,0000000.0000,0000000.0,8556.12,0.276118,63923.0,0.2573,2027-04-01
NK225E    ,OOP,202704,57750.0,            ,132047718,0000000.0000,0000000.0,2527.58,0.273404,142047718,0000000.0000,0000000.0,8378.88,0.274888,63923.0,0.2573,2027-04-01
NK225E    ,OOP,202704,58000.0,            ,182048018,0000000.0000,0000000.0,2599.68,0.272236,192048018,0000000.0000,0000000.0,8203.2,0.273875,63923.0,0.2573,2027-04-01
NK225E    ,OOP,202704,58250.0,            ,132048218,0000000.0000,0000000.0,2674.37,0.27128,142048218,0000000.0000,0000000.0,8030.1,0.272766,63923.0,0.2573,2027-04-01
NK225E    ,OOP,202704,58500.0,            ,132048518,0000000.0000,0000000.0,2750.69,0.270225,142048518,0000000.0000,0000000.0,7858.63,0.271865,63923.0,0.2573,2027-04-01
NK225E    ,OOP,202704,58750.0,            ,132048718,0000000.0000,0000000.0,2828.64,0.269373,142048718,0000000.0000,0000000.0,7688.8,0.270864,63923.0,0.2573,2027-04-01
NK225E    ,OOP,202704,59000.0,            ,182049018,0000000.0000,0000000.0,2908.25,0.268123,192049018,0000000.0000,0000000.0,7520.63,0.269765,63923.0,0.2573,2027-04-01
NK225E    ,OOP,202704,59250.0,            ,132049218,0000000.0000,0000000.0,2990.63,0.267368,142049218,0000000.0000,0000000.0,7355.22,0.268864,63923.0,0.2573,2027-04-01
NK225E    ,OOP,202704,59500.0,            ,132049518,0000000.0000,0000000.0,3074.75,0.26651,142049518,0000000.0000,0000000.0,7191.55,0.267863,63923.0,0.2573,2027-04-01
NK225E    ,OOP,202704,59750.0,            ,132049718,0000000.0000,0000000.0,3160.58,0.26555,142049718,0000000.0000,0000000.0,7029.6,0.267052,63923.0,0.2573,2027-04-01
NK225E    ,OOP,202704,60000.0,            ,182040018,0000000.0000,0000000.0,3248.19,0.26449,192040018,0000000.0000,0000000.0,6869.42,0.26614,63923.0,0.2573,2027-04-01
NK225E    ,OOP,202704,60250.0,            ,132040218,0000000.0000,0000000.0,3338.71,0.263616,142040218,0000000.0000,0000000.0,6712.16,0.265127,63923.0,0.2573,2027-04-01
NK225E    ,OOP,202704,60500.0,            ,132040518,0000000.0000,0000000.0,3431.06,0.262922,142040518,0000000.0000,0000000.0,6556.72,0.264297,63923.0,0.2573,2027-04-01
NK225E    ,OOP,202704,60750.0,            ,132040718,0000000.0000,0000000.0,3525.22,0.262124,142040718,0000000.0000,0000000.0,6403.09,0.263365,63923.0,0.2573,2027-04-01
NK225E    ,OOP,202704,61000.0,            ,132161018,0000000.0000,0000000.0,3621.22,0.261223,142161018,0000000.0000,0000000.0,6251.31,0.262611,63923.0,0.2573,2027-04-01
NK225E    ,OOP,202704,61250.0,            ,132041218,0000000.0000,0000000.0,3720.28,0.260496,142041218,0000000.0000,0000000.0,6102.58,0.261753,63923.0,0.2573,2027-04-01
NK225E    ,OOP,202704,61500.0,            ,132041518,0000000.0000,0000000.0,3821.23,0.259666,142041518,0000000.0000,0000000.0,5955.75,0.261068,63923.0,0.2573,2027-04-01
NK225E    ,OOP,202704,61750.0,            ,132041718,0000000.0000,0000000.0,3924.07,0.258731,142041718,0000000.0000,0000000.0,5810.79,0.260279,63923.0,0.2573,2027-04-01
NK225E    ,OOP,202704,62000.0,            ,132162018,0000000.0000,0000000.0,4028.82,0.257967,142162018,0000000.0000,0000000.0,5667.77,0.259386,63923.0,0.2573,2027-04-01
NK225E    ,OOP,202704,62250.0,            ,182042218,0000000.0000,0000000.0,4136.74,0.25737,192042218,0000000.0000,0000000.0,5527.89,0.258662,63923.0,0.2573,2027-04-01
NK225E    ,OOP,202704,62500.0,            ,182042518,0000000.0000,0000000.0,4246.57,0.256666,192042518,0000000.0000,0000000.0,5389.94,0.258104,63923.0,0.2573,2027-04-01
NK225E    ,OOP,202704,62750.0,            ,182042718,0000000.0000,0000000.0,4358.39,0.255858,192042718,0000000.0000,0000000.0,5253.97,0.257171,63923.0,0.2573,2027-04-01
NK225E    ,OOP,202704,63000.0,            ,132163018,0000000.0000,0000000.0,4472.16,0.255213,142163018,0000000.0000,0000000.0,5119.96,0.256403,63923.0,0.2573,2027-04-01
NK225E    ,OOP,202704,63250.0,            ,182043218,0000000.0000,0000000.0,4589.15,0.254463,192043218,0000000.0000,0000000.0,4989.16,0.255798,63923.0,0.2573,2027-04-01
NK225E    ,OOP,202704,63500.0,            ,182043518,0000000.0000,0000000.0,4708.11,0.253874,192043518,0000000.0000,0000000.0,4860.34,0.255088,63923.0,0.2573,2027-04-01
NK225E    ,OOP,202704,63750.0,            ,182043718,0000000.0000,0000000.0,4829.06,0.25318,192043718,0000000.0000,0000000.0,4733.5,0.25454,63923.0,0.2573,2027-04-01
NK225E    ,OOP,202704,64000.0,            ,132164018,0000000.0000,0000000.0,4951.99,0.25238,142164018,0000000.0000,0000000.0,4608.65,0.253886,63923.0,0.2573,2027-04-01
NK225E    ,OOP,202704,64250.0,            ,182044218,0000000.0000,0000000.0,5078.17,0.252005,192044218,0000000.0000,0000000.0,4487.04,0.253392,63923.0,0.2573,2027-04-01
NK225E    ,OOP,202704,64500.0,            ,182044518,0000000.0000,0000000.0,5206.34,0.251259,192044518,0000000.0000,0000000.0,4367.42,0.252793,63923.0,0.2573,2027-04-01
NK225E    ,OOP,202704,64750.0,            ,182044718,0000000.0000,0000000.0,5336.52,0.250673,192044718,0000000.0000,0000000.0,4249.82,0.252089,63923.0,0.2573,2027-04-01
NK225E    ,OOP,202704,65000.0,            ,132165018,0000000.0000,0000000.0,5468.69,0.250246,142165018,0000000.0000,0000000.0,4134.21,0.251544,63923.0,0.2573,2027-04-01
NK225E    ,OOP,202704,65250.0,            ,182045218,0000000.0000,0000000.0,5604.08,0.249713,192045218,0000000.0000,0000000.0,4021.81,0.250895,63923.0,0.2573,2027-04-01
NK225E    ,OOP,202704,65500.0,            ,182045518,0000000.0000,0000000.0,5741.51,0.249075,192045518,0000000.0000,0000000.0,3911.45,0.250405,63923.0,0.2573,2027-04-01
NK225E    ,OOP,202704,65750.0,            ,182045718,0000000.0000,0000000.0,5880.9,0.248596,192045718,0000000.0000,0000000.0,3803.05,0.250077,63923.0,0.2573,2027-04-01
NK225E    ,OOP,202704,66000.0,            ,132166018,0000000.0000,0000000.0,6022.26,0.248012,142166018,0000000.0000,0000000.0,3696.63,0.249378,63923.0,0.2573,2027-04-01
NK225E    ,OOP,202704,66250.0,            ,182046218,0000000.0000,0000000.0,6166.81,0.24759,192046218,0000000.0000,0000000.0,3593.39,0.249108,63923.0,0.2573,2027-04-01
NK225E    ,OOP,202704,66500.0,            ,182046518,0000000.0000,0000000.0,6313.33,0.247063,192046518,0000000.0000,0000000.0,3492.13,0.248466,63923.0,0.2573,2027-04-01
NK225E    ,OOP,202704,66750.0,            ,182046718,0000000.0000,0000000.0,6461.78,0.246699,192046718,0000000.0000,0000000.0,3392.79,0.247988,63923.0,0.2573,2027-04-01
NK225E    ,OOP,202704,67000.0,            ,132167018,0000000.0000,0000000.0,6612.18,0.246231,142167018,0000000.0000,0000000.0,3295.41,0.247675,63923.0,0.2573,2027-04-01
NK225E    ,OOP,202704,67250.0,            ,182047218,0000000.0000,0000000.0,6765.67,0.245929,192047218,0000000.0000,0000000.0,3201.11,0.247259,63923.0,0.2573,2027-04-01
NK225E    ,OOP,202704,67500.0,            ,182047518,0000000.0000,0000000.0,6921.08,0.245524,192047518,0000000.0000,0000000.0,3108.73,0.246739,63923.0,0.2573,2027-04-01
NK225E    ,OOP,202704,67750.0,            ,182047718,0000000.0000,0000000.0,7078.38,0.245015,192047718,0000000.0000,0000000.0,3018.24,0.246389,63923.0,0.2573,2027-04-01
NK225E    ,OOP,202704,68000.0,            ,132168018,0000000.0000,0000000.0,7237.55,0.244677,142168018,0000000.0000,0000000.0,2929.63,0.245936,63923.0,0.2573,2027-04-01
NK225E    ,OOP,202704,68250.0,            ,182048218,0000000.0000,0000000.0,7399.71,0.244236,192048218,0000000.0000,0000000.0,2844.0,0.245656,63923.0,0.2573,2027-04-01
NK225E    ,OOP,202704,68500.0,            ,182048518,0000000.0000,0000000.0,7563.71,0.243969,192048518,0000000.0000,0000000.0,2760.22,0.245553,63923.0,0.2573,2027-04-01
NK225E    ,OOP,202704,68750.0,            ,182048718,0000000.0000,0000000.0,7729.53,0.243601,192048718,0000000.0000,0000000.0,2678.25,0.245072,63923.0,0.2573,2027-04-01
NK225E    ,OOP,202704,69000.0,            ,132169018,0000000.0000,0000000.0,7897.15,0.243413,142169018,0000000.0000,0000000.0,2598.08,0.244769,63923.0,0.2573,2027-04-01
NK225E    ,OOP,202704,69250.0,            ,182049218,0000000.0000,0000000.0,8067.6,0.243126,192049218,0000000.0000,0000000.0,2520.75,0.24465,63923.0,0.2573,2027-04-01
NK225E    ,OOP,202704,69500.0,            ,182049518,0000000.0000,0000000.0,8239.79,0.242737,192049518,0000000.0000,0000000.0,2445.15,0.244147,63923.0,0.2573,2027-04-01
NK225E    ,OOP,202704,69750.0,            ,182049718,0000000.0000,0000000.0,8413.71,0.242536,192049718,0000000.0000,0000000.0,2371.29,0.244117,63923.0,0.2573,2027-04-01
NK225E    ,OOP,202704,70000.0,            ,132160018,0000000.0000,0000000.0,8589.33,0.242236,142160018,0000000.0000,0000000.0,2299.12,0.243702,63923.0,0.2573,2027-04-01
NK225E    ,OOP,202704,70250.0,            ,182040218,0000000.0000,0000000.0,8767.62,0.241836,192040218,0000000.0000,0000000.0,2229.62,0.243479,63923.0,0.2573,2027-04-01
NK225E    ,OOP,202704,70500.0,            ,182040518,0000000.0000,0000000.0,8947.55,0.241632,192040518,0000000.0000,0000000.0,2161.77,0.243455,63923.0,0.2573,2027-04-01
NK225E    ,OOP,202704,70750.0,            ,182040718,0000000.0000,0000000.0,9129.1,0.241629,192040718,0000000.0000,0000000.0,2095.54,0.243038,63923.0,0.2573,2027-04-01
NK225E    ,OOP,202704,71000.0,            ,182161018,0000000.0000,0000000.0,9312.27,0.241231,192161018,0000000.0000,0000000.0,2030.92,0.242823,63923.0,0.2573,2027-04-01
NK225E    ,OOP,202704,71250.0,            ,182041218,0000000.0000,0000000.0,9497.9,0.241037,192041218,0000000.0000,0000000.0,1968.76,0.242816,63923.0,0.2573,2027-04-01
NK225E    ,OOP,202704,71500.0,            ,182041518,0000000.0000,0000000.0,9685.07,0.241057,192041518,0000000.0000,0000000.0,1908.15,0.242718,63923.0,0.2573,2027-04-01
NK225E    ,OOP,202704,71750.0,            ,182041718,0000000.0000,0000000.0,9873.74,0.240986,192041718,0000000.0000,0000000.0,1849.03,0.242527,63923.0,0.2573,2027-04-01
NK225E    ,OOP,202704,72000.0,            ,182162018,0000000.0000,0000000.0,10063.91,0.240823,192162018,0000000.0000,0000000.0,1791.41,0.242242,63923.0,0.2573,2027-04-01
NK225E    ,OOP,202704,72250.0,            ,132162218,0000000.0000,0000000.0,10256.34,0.240565,142162218,0000000.0000,0000000.0,1736.06,0.242179,63923.0,0.2573,2027-04-01
NK225E    ,OOP,202704,72500.0,            ,132162518,0000000.0000,0000000.0,10450.19,0.240535,142162518,0000000.0000,0000000.0,1682.13,0.242026,63923.0,0.2573,2027-04-01
NK225E    ,OOP,202704,72750.0,            ,132162718,0000000.0000,0000000.0,10645.44,0.240416,142162718,0000000.0000,0000000.0,1629.59,0.242107,63923.0,0.2573,2027-04-01
NK225E    ,OOP,202704,73000.0,            ,182163018,0000000.0000,0000000.0,10842.06,0.240204,192163018,0000000.0000,0000000.0,1578.42,0.242102,63923.0,0.2573,2027-04-01
NK225E    ,OOP,202704,73250.0,            ,132163218,0000000.0000,0000000.0,11040.73,0.240236,142163218,0000000.0000,0000000.0,1529.31,0.242009,63923.0,0.2573,2027-04-01
NK225E    ,OOP,202704,73500.0,            ,132163518,0000000.0000,0000000.0,11240.72,0.240181,142163518,0000000.0000,0000000.0,1481.51,0.241827,63923.0,0.2573,2027-04-01
NK225E    ,OOP,202704,73750.0,            ,132163718,0000000.0000,0000000.0,11441.98,0.240037,142163718,0000000.0000,0000000.0,1434.98,0.241898,63923.0,0.2573,2027-04-01
NK225E    ,OOP,202704,74000.0,            ,182164018,0000000.0000,0000000.0,11644.48,0.239803,192164018,0000000.0000,0000000.0,1389.7,0.241885,63923.0,0.2573,2027-04-01
NK225E    ,OOP,202704,74250.0,            ,132164218,0000000.0000,0000000.0,11848.85,0.239832,142164218,0000000.0000,0000000.0,1346.28,0.241787,63923.0,0.2573,2027-04-01
NK225E    ,OOP,202704,74500.0,            ,132164518,0000000.0000,0000000.0,12054.39,0.239776,142164518,0000000.0000,0000000.0,1304.04,0.241601,63923.0,0.2573,2027-04-01
NK225E    ,OOP,202704,74750.0,            ,132164718,0000000.0000,0000000.0,12261.09,0.24,142164718,0000000.0000,0000000.0,1262.95,0.241689,63923.0,0.2573,2027-04-01
NK225E    ,OOP,202704,75000.0,            ,182165018,0000000.0000,0000000.0,12468.93,0.239775,192165018,0000000.0000,0000000.0,1223.01,0.241697,63923.0,0.2573,2027-04-01
NK225E    ,OOP,202704,75250.0,            ,132165218,0000000.0000,0000000.0,12678.43,0.239836,142165218,0000000.0000,0000000.0,1184.72,0.241996,63923.0,0.2573,2027-04-01
NK225E    ,OOP,202704,75500.0,            ,132165518,0000000.0000,0000000.0,12888.99,0.239816,142165518,0000000.0000,0000000.0,1147.49,0.241842,63923.0,0.2573,2027-04-01
NK225E    ,OOP,202704,75750.0,            ,132165718,0000000.0000,0000000.0,13100.59,0.239713,142165718,0000000.0000,0000000.0,1111.31,0.241987,63923.0,0.2573,2027-04-01
NK225E    ,OOP,202704,76000.0,            ,182166018,0000000.0000,0000000.0,13313.22,0.239921,192166018,0000000.0000,0000000.0,1076.15,0.242056,63923.0,0.2573,2027-04-01
NK225E    ,OOP,202704,76250.0,            ,132166218,0000000.0000,0000000.0,13527.87,0.240054,142166218,0000000.0000,0000000.0,1043.02,0.242046,63923.0,0.2573,2027-04-01
NK225E    ,OOP,202704,80000.0,            ,182160018,0000000.0000,0000000.0,16848.42,0.241483,192160018,0000000.0000,0000000.0,646.78,0.244266,63923.0,0.2573,2027-04-01
NK225E    ,OOP,202704,85000.0,            ,132285018,0000000.0000,0000000.0,21502.81,0.244003,142285018,0000000.0000,0000000.0,345.45,0.247607,63923.0,0.2573,2027-04-01
NK225E    ,OOP,202704,90000.0,            ,132280018,0000000.0000,0000000.0,26295.1,0.244917,142280018,0000000.0000,0000000.0,182.02,0.251767,63923.0,0.2573,2027-04-01
NK225E    ,OOP,202705,48000.0,            ,132058018,0000000.0000,0000000.0,936.59,0.315118,142058018,0000000.0000,0000000.0,16523.72,0.318041,63923.0,0.2573,2027-05-01
NK225E    ,OOP,202705,49000.0,            ,132059018,0000000.0000,0000000.0,1056.54,0.310165,142059018,0000000.0000,0000000.0,15654.04,0.312832,63923.0,0.2573,2027-05-01
NK225E    ,OOP,202705,50000.0,            ,132050018,0000000.0000,0000000.0,1187.75,0.305016,142050018,0000000.0000,0000000.0,14795.6,0.307907,63923.0,0.2573,2027-05-01
NK225E    ,OOP,202705,51000.0,            ,132051018,0000000.0000,0000000.0,1331.82,0.300052,142051018,0000000.0000,0000000.0,13950.03,0.302713,63923.0,0.2573,2027-05-01
NK225E    ,OOP,202705,52000.0,            ,132052018,0000000.0000,0000000.0,1490.49,0.295157,142052018,0000000.0000,0000000.0,13119.07,0.297226,63923.0,0.2573,2027-05-01
NK225E    ,OOP,202705,53000.0,            ,132053018,0000000.0000,0000000.0,1665.71,0.290241,142053018,0000000.0000,0000000.0,12304.64,0.292157,63923.0,0.2573,2027-05-01
NK225E    ,OOP,202705,54000.0,            ,132054018,0000000.0000,0000000.0,1859.49,0.285231,142054018,0000000.0000,0000000.0,11508.79,0.287356,63923.0,0.2573,2027-05-01
NK225E    ,OOP,202705,55000.0,            ,132055018,0000000.0000,0000000.0,2073.99,0.280721,142055018,0000000.0000,0000000.0,10733.65,0.282707,63923.0,0.2573,2027-05-01
NK225E    ,OOP,202705,55750.0,            ,182055718,0000000.0000,0000000.0,2250.12,0.277407,192055718,0000000.0000,0000000.0,10167.55,0.279142,63923.0,0.2573,2027-05-01
NK225E    ,OOP,202705,56000.0,            ,132056018,0000000.0000,0000000.0,2311.39,0.276248,142056018,0000000.0000,0000000.0,9981.41,0.278111,63923.0,0.2573,2027-05-01
NK225E    ,OOP,202705,56250.0,            ,182056218,0000000.0000,0000000.0,2374.95,0.275319,192056218,0000000.0000,0000000.0,9797.56,0.276999,63923.0,0.2573,2027-05-01
NK225E    ,OOP,202705,56500.0,            ,182056518,0000000.0000,0000000.0,2439.88,0.274305,192056518,0000000.0000,0000000.0,9615.08,0.276111,63923.0,0.2573,2027-05-01
NK225E    ,OOP,202705,56750.0,            ,182056718,0000000.0000,0000000.0,2506.16,0.273208,192056718,0000000.0000,0000000.0,9433.95,0.275138,63923.0,0.2573,2027-05-01
NK225E    ,OOP,202705,57000.0,            ,132057018,0000000.0000,0000000.0,2573.84,0.272328,142057018,0000000.0000,0000000.0,9254.22,0.274082,63923.0,0.2573,2027-05-01
NK225E    ,OOP,202705,57250.0,            ,182057218,0000000.0000,0000000.0,2644.04,0.271362,192057218,0000000.0000,0000000.0,9077.01,0.272945,63923.0,0.2573,2027-05-01
NK225E    ,OOP,202705,57500.0,            ,132057518,0000000.0000,0000000.0,2715.7,0.270312,142057518,0000000.0000,0000000.0,8901.26,0.272018,63923.0,0.2573,2027-05-01
NK225E    ,OOP,202705,57750.0,            ,132057718,0000000.0000,0000000.0,2788.83,0.269467,142057718,0000000.0000,0000000.0,8726.98,0.271007,63923.0,0.2573,2027-05-01
NK225E    ,OOP,202705,58000.0,            ,182058018,0000000.0000,0000000.0,2863.44,0.268252,192058018,0000000.0000,0000000.0,8554.18,0.269912,63923.0,0.2573,2027-05-01
NK225E    ,OOP,202705,58250.0,            ,132058218,0000000.0000,0000000.0,2940.78,0.267519,142058218,0000000.0000,0000000.0,8384.11,0.269018,63923.0,0.2573,2027-05-01
NK225E    ,OOP,202705,58500.0,            ,132058518,0000000.0000,0000000.0,3019.67,0.266697,142058518,0000000.0000,0000000.0,8215.59,0.268316,63923.0,0.2573,2027-05-01
NK225E    ,OOP,202705,58750.0,            ,132058718,0000000.0000,0000000.0,3100.13,0.265789,142058718,0000000.0000,0000000.0,8048.64,0.267249,63923.0,0.2573,2027-05-01
NK225E    ,OOP,202705,59000.0,            ,182059018,0000000.0000,0000000.0,3182.17,0.264794,192059018,0000000.0000,0000000.0,7883.27,0.266373,63923.0,0.2573,2027-05-01
NK225E    ,OOP,202705,59250.0,            ,132059218,0000000.0000,0000000.0,3267.1,0.263986,142059218,0000000.0000,0000000.0,7720.79,0.265682,63923.0,0.2573,2027-05-01
NK225E    ,OOP,202705,59500.0,            ,132059518,0000000.0000,0000000.0,3353.68,0.26309,142059518,0000000.0000,0000000.0,7559.96,0.264633,63923.0,0.2573,2027-05-01
NK225E    ,OOP,202705,59750.0,            ,132059718,0000000.0000,0000000.0,3441.91,0.262374,142059718,0000000.0000,0000000.0,7400.78,0.264034,63923.0,0.2573,2027-05-01
NK225E    ,OOP,202705,60000.0,            ,182050018,0000000.0000,0000000.0,3531.79,0.261569,192050018,0000000.0000,0000000.0,7243.25,0.263079,63923.0,0.2573,2027-05-01
NK225E    ,OOP,202705,60250.0,            ,132050218,0000000.0000,0000000.0,3624.72,0.260676,142050218,0000000.0000,0000000.0,7088.77,0.262301,63923.0,0.2573,2027-05-01
NK225E    ,OOP,202705,60500.0,            ,132050518,0000000.0000,0000000.0,3719.37,0.259957,142050518,0000000.0000,0000000.0,6936.01,0.261436,63923.0,0.2573,2027-05-01
NK225E    ,OOP,202705,60750.0,            ,132050718,0000000.0000,0000000.0,3815.72,0.259148,142050718,0000000.0000,0000000.0,6784.95,0.260742,63923.0,0.2573,2027-05-01
NK225E    ,OOP,202705,61000.0,            ,182051018,0000000.0000,0000000.0,3913.82,0.258508,192051018,0000000.0000,0000000.0,6635.64,0.259959,63923.0,0.2573,2027-05-01
NK225E    ,OOP,202705,61250.0,            ,132051218,0000000.0000,0000000.0,4015.05,0.257778,142051218,0000000.0000,0000000.0,6489.46,0.259344,63923.0,0.2573,2027-05-01
NK225E    ,OOP,202705,61500.0,            ,132051518,0000000.0000,0000000.0,4118.06,0.257213,142051518,0000000.0000,0000000.0,6345.06,0.258639,63923.0,0.2573,2027-05-01
NK225E    ,OOP,202705,61750.0,            ,132051718,0000000.0000,0000000.0,4222.85,0.256557,142051718,0000000.0000,0000000.0,6202.44,0.258097,63923.0,0.2573,2027-05-01
NK225E    ,OOP,202705,62000.0,            ,182052018,0000000.0000,0000000.0,4329.42,0.255811,192052018,0000000.0000,0000000.0,6061.6,0.257213,63923.0,0.2573,2027-05-01
NK225E    ,OOP,202705,62250.0,            ,132052218,0000000.0000,0000000.0,4439.2,0.255226,142052218,0000000.0000,0000000.0,5923.97,0.256743,63923.0,0.2573,2027-05-01
NK225E    ,OOP,202705,62500.0,            ,132052518,0000000.0000,0000000.0,4550.77,0.254551,142052518,0000000.0000,0000000.0,5788.13,0.256182,63923.0,0.2573,2027-05-01
NK225E    ,OOP,202705,62750.0,            ,132052718,0000000.0000,0000000.0,4664.2,0.254034,142052718,0000000.0000,0000000.0,5654.15,0.25553,63923.0,0.2573,2027-05-01
NK225E    ,OOP,202705,63000.0,            ,182053018,0000000.0000,0000000.0,4779.42,0.253426,192053018,0000000.0000,0000000.0,5521.97,0.254789,63923.0,0.2573,2027-05-01
NK225E    ,OOP,202705,63250.0,            ,132053218,0000000.0000,0000000.0,4897.87,0.252728,142053218,0000000.0000,0000000.0,5393.0,0.254206,63923.0,0.2573,2027-05-01
NK225E    ,OOP,202705,63500.0,            ,132053518,0000000.0000,0000000.0,5018.15,0.252186,142053518,0000000.0000,0000000.0,5265.88,0.25378,63923.0,0.2573,2027-05-01
NK225E    ,OOP,202705,63750.0,            ,132053718,0000000.0000,0000000.0,5140.28,0.251801,142053718,0000000.0000,0000000.0,5140.59,0.253263,63923.0,0.2573,2027-05-01
NK225E    ,OOP,202705,64000.0,            ,182054018,0000000.0000,0000000.0,5264.28,0.251324,192054018,0000000.0000,0000000.0,5017.18,0.252656,63923.0,0.2573,2027-05-01
NK225E    ,OOP,202705,64250.0,            ,132054218,0000000.0000,0000000.0,5391.43,0.250756,142054218,0000000.0000,0000000.0,4896.92,0.252205,63923.0,0.2573,2027-05-01
NK225E    ,OOP,202705,64500.0,            ,132054518,0000000.0000,0000000.0,5520.43,0.250343,142054518,0000000.0000,0000000.0,4778.52,0.251663,63923.0,0.2573,2027-05-01
NK225E    ,OOP,202705,64750.0,            ,132054718,0000000.0000,0000000.0,5651.26,0.24984,142054718,0000000.0000,0000000.0,4661.94,0.251277,63923.0,0.2573,2027-05-01
NK225E    ,OOP,202705,65000.0,            ,182055018,0000000.0000,0000000.0,5783.97,0.249246,192055018,0000000.0000,0000000.0,4547.23,0.250801,63923.0,0.2573,2027-05-01
NK225E    ,OOP,202705,65250.0,            ,132055218,0000000.0000,0000000.0,5919.78,0.248808,142055218,0000000.0000,0000000.0,4435.63,0.250481,63923.0,0.2573,2027-05-01
NK225E    ,OOP,202705,65500.0,            ,132055518,0000000.0000,0000000.0,6057.42,0.248524,142055518,0000000.0000,0000000.0,4325.86,0.250071,63923.0,0.2573,2027-05-01
NK225E    ,OOP,202705,65750.0,            ,132055718,0000000.0000,0000000.0,6196.88,0.248151,142055718,0000000.0000,0000000.0,4217.91,0.249572,63923.0,0.2573,2027-05-01
NK225E    ,OOP,202705,66000.0,            ,182056018,0000000.0000,0000000.0,6338.16,0.247688,192056018,0000000.0000,0000000.0,4111.79,0.249229,63923.0,0.2573,2027-05-01
NK225E    ,OOP,202705,66250.0,            ,132056218,0000000.0000,0000000.0,6482.43,0.247382,142056218,0000000.0000,0000000.0,4008.65,0.248798,63923.0,0.2573,2027-05-01
NK225E    ,OOP,202705,66500.0,            ,132056518,0000000.0000,0000000.0,6628.53,0.246987,142056518,0000000.0000,0000000.0,3907.33,0.248525,63923.0,0.2573,2027-05-01
NK225E    ,OOP,202705,66750.0,            ,132056718,0000000.0000,0000000.0,6776.41,0.24675,142056718,0000000.0000,0000000.0,3807.8,0.248163,63923.0,0.2573,2027-05-01
NK225E    ,OOP,202705,67000.0,            ,182057018,0000000.0000,0000000.0,6926.07,0.246178,192057018,0000000.0000,0000000.0,3710.05,0.247714,63923.0,0.2573,2027-05-01
NK225E    ,OOP,202705,67250.0,            ,132057218,0000000.0000,0000000.0,7078.58,0.246013,142057218,0000000.0000,0000000.0,3615.16,0.247425,63923.0,0.2573,2027-05-01
NK225E    ,OOP,202705,67500.0,            ,182057518,0000000.0000,0000000.0,7232.87,0.245761,192057518,0000000.0000,0000000.0,3522.03,0.247049,63923.0,0.2573,2027-05-01
NK225E    ,OOP,202705,67750.0,            ,182057718,0000000.0000,0000000.0,7388.89,0.245422,192057718,0000000.0000,0000000.0,3430.65,0.246836,63923.0,0.2573,2027-05-01
NK225E    ,OOP,202705,68000.0,            ,132178018,0000000.0000,0000000.0,7546.64,0.244996,142178018,0000000.0000,0000000.0,3340.99,0.246537,63923.0,0.2573,2027-05-01
NK225E    ,OOP,202705,68250.0,            ,182058218,0000000.0000,0000000.0,7707.08,0.244735,192058218,0000000.0000,0000000.0,3254.01,0.246403,63923.0,0.2573,2027-05-01
NK225E    ,OOP,202705,68500.0,            ,182058518,0000000.0000,0000000.0,7869.22,0.244641,192058518,0000000.0000,0000000.0,3168.74,0.246186,63923.0,0.2573,2027-05-01
NK225E    ,OOP,202705,68750.0,            ,182058718,0000000.0000,0000000.0,8033.03,0.244463,192058718,0000000.0000,0000000.0,3085.15,0.245884,63923.0,0.2573,2027-05-01
NK225E    ,OOP,202705,69000.0,            ,132179018,0000000.0000,0000000.0,8198.5,0.2442,142179018,0000000.0000,0000000.0,3003.21,0.245496,63923.0,0.2573,2027-05-01
NK225E    ,OOP,202705,69250.0,            ,182059218,0000000.0000,0000000.0,8366.49,0.243852,192059218,0000000.0000,0000000.0,2923.79,0.24528,63923.0,0.2573,2027-05-01
NK225E    ,OOP,202705,69500.0,            ,182059518,0000000.0000,0000000.0,8536.09,0.243677,192059518,0000000.0000,0000000.0,2845.98,0.245239,63923.0,0.2573,2027-05-01
NK225E    ,OOP,202705,69750.0,            ,182059718,0000000.0000,0000000.0,8707.29,0.243419,192059718,0000000.0000,0000000.0,2769.76,0.245116,63923.0,0.2573,2027-05-01
NK225E    ,OOP,202705,70000.0,            ,132170018,0000000.0000,0000000.0,8880.09,0.24334,142170018,0000000.0000,0000000.0,2695.15,0.244913,63923.0,0.2573,2027-05-01
NK225E    ,OOP,202705,70250.0,            ,182050218,0000000.0000,0000000.0,9055.18,0.243179,192050218,0000000.0000,0000000.0,2622.84,0.244626,63923.0,0.2573,2027-05-01
NK225E    ,OOP,202705,70500.0,            ,182050518,0000000.0000,0000000.0,9231.83,0.242936,192050518,0000000.0000,0000000.0,2552.08,0.244522,63923.0,0.2573,2027-05-01
NK225E    ,OOP,202705,70750.0,            ,182050718,0000000.0000,0000000.0,9409.97,0.242879,192050718,0000000.0000,0000000.0,2482.81,0.244338,63923.0,0.2573,2027-05-01
NK225E    ,OOP,202705,71000.0,            ,132171018,0000000.0000,0000000.0,9589.62,0.242472,142171018,0000000.0000,0000000.0,2415.05,0.244073,63923.0,0.2573,2027-05-01
NK225E    ,OOP,202705,71250.0,            ,182051218,0000000.0000,0000000.0,9771.39,0.242525,192051218,0000000.0000,0000000.0,2349.41,0.243998,63923.0,0.2573,2027-05-01
NK225E    ,OOP,202705,71500.0,            ,182051518,0000000.0000,0000000.0,9954.61,0.242226,192051518,0000000.0000,0000000.0,2285.22,0.243845,63923.0,0.2573,2027-05-01
NK225E    ,OOP,202705,71750.0,            ,182051718,0000000.0000,0000000.0,10139.25,0.242123,192051718,0000000.0000,0000000.0,2222.44,0.24389,63923.0,0.2573,2027-05-01
NK225E    ,OOP,202705,72000.0,            ,132172018,0000000.0000,0000000.0,10325.31,0.241941,142172018,0000000.0000,0000000.0,2161.09,0.243579,63923.0,0.2573,2027-05-01
NK225E    ,OOP,202705,72250.0,            ,182052218,0000000.0000,0000000.0,10513.28,0.241962,192052218,0000000.0000,0000000.0,2101.66,0.243751,63923.0,0.2573,2027-05-01
NK225E    ,OOP,202705,72500.0,            ,182052518,0000000.0000,0000000.0,10702.6,0.241907,192052518,0000000.0000,0000000.0,2043.57,0.243566,63923.0,0.2573,2027-05-01
NK225E    ,OOP,202705,72750.0,            ,182052718,0000000.0000,0000000.0,10893.26,0.241776,192052718,0000000.0000,0000000.0,1986.82,0.243591,63923.0,0.2573,2027-05-01
NK225E    ,OOP,202705,73000.0,            ,132173018,0000000.0000,0000000.0,11085.24,0.241567,142173018,0000000.0000,0000000.0,1931.39,0.243251,63923.0,0.2573,2027-05-01
NK225E    ,OOP,202705,73250.0,            ,182053218,0000000.0000,0000000.0,11278.95,0.241575,192053218,0000000.0000,0000000.0,1877.69,0.243417,63923.0,0.2573,2027-05-01
NK225E    ,OOP,202705,73500.0,            ,182053518,0000000.0000,0000000.0,11473.93,0.241508,192053518,0000000.0000,0000000.0,1825.26,0.243217,63923.0,0.2573,2027-05-01
NK225E    ,OOP,202705,73750.0,            ,182053718,0000000.0000,0000000.0,11670.14,0.241366,192053718,0000000.0000,0000000.0,1774.06,0.243239,63923.0,0.2573,2027-05-01
NK225E    ,OOP,202705,74000.0,            ,132174018,0000000.0000,0000000.0,11867.56,0.241453,142174018,0000000.0000,0000000.0,1724.07,0.24319,63923.0,0.2573,2027-05-01
NK225E    ,OOP,202705,74250.0,            ,182054218,0000000.0000,0000000.0,12066.54,0.241161,192054218,0000000.0000,0000000.0,1675.64,0.243067,63923.0,0.2573,2027-05-01
NK225E    ,OOP,202705,74500.0,            ,182054518,0000000.0000,0000000.0,12266.69,0.241102,192054518,0000000.0000,0000000.0,1628.38,0.24318,63923.0,0.2573,2027-05-01
NK225E    ,OOP,202705,74750.0,            ,182054718,0000000.0000,0000000.0,12467.98,0.241286,192054718,0000000.0000,0000000.0,1582.26,0.242911,63923.0,0.2573,2027-05-01
NK225E    ,OOP,202705,75000.0,            ,132175018,0000000.0000,0000000.0,12670.42,0.241083,142175018,0000000.0000,0000000.0,1537.29,0.242882,63923.0,0.2573,2027-05-01
NK225E    ,OOP,202705,75250.0,            ,182055218,0000000.0000,0000000.0,12874.23,0.241128,192055218,0000000.0000,0000000.0,1493.69,0.243105,63923.0,0.2573,2027-05-01
NK225E    ,OOP,202705,75500.0,            ,182055518,0000000.0000,0000000.0,13079.14,0.241104,192055518,0000000.0000,0000000.0,1451.19,0.242937,63923.0,0.2573,2027-05-01
NK225E    ,OOP,202705,75750.0,            ,132175718,0000000.0000,0000000.0,13285.09,0.241009,142175718,0000000.0000,0000000.0,1409.73,0.243027,63923.0,0.2573,2027-05-01
NK225E    ,OOP,202705,76000.0,            ,132176018,0000000.0000,0000000.0,13492.09,0.240842,142176018,0000000.0000,0000000.0,1369.32,0.243049,63923.0,0.2573,2027-05-01
NK225E    ,OOP,202705,76250.0,            ,132176218,0000000.0000,0000000.0,13700.32,0.240944,142176218,0000000.0000,0000000.0,1330.14,0.243004,63923.0,0.2573,2027-05-01
NK225E    ,OOP,202705,77000.0,            ,132177018,0000000.0000,0000000.0,14330.91,0.240847,142177018,0000000.0000,0000000.0,1218.5,0.242799,63923.0,0.2573,2027-05-01
NK225E    ,OOP,202705,78000.0,            ,182178018,0000000.0000,0000000.0,15185.37,0.24086,192178018,0000000.0000,0000000.0,1083.32,0.242904,63923.0,0.2573,2027-05-01
NK225E    ,OOP,202705,80000.0,            ,182170018,0000000.0000,0000000.0,16935.62,0.240902,192170018,0000000.0000,0000000.0,854.29,0.243161,63923.0,0.2573,2027-05-01
NK225E    ,OOP,202705,85000.0,            ,182175018,0000000.0000,0000000.0,21500.47,0.241312,192175018,0000000.0000,0000000.0,470.94,0.244468,63923.0,0.2573,2027-05-01
NK225E    ,OOP,202705,90000.0,            ,132290018,0000000.0000,0000000.0,26254.83,0.24569,142290018,0000000.0000,0000000.0,277.11,0.250502,63923.0,0.2573,2027-05-01
NK225E    ,OOP,202706,12500.0,            ,182062518,0000000.0000,0000000.0,2.2,0.587784,192062518,0000000.0000,0000000.0,50736.57,0.864842,63923.0,0.2573,2027-06-01
NK225E    ,OOP,202706,12750.0,            ,182062718,0000000.0000,0000000.0,2.57,0.587784,192062718,0000000.0000,0000000.0,50489.83,0.857067,63923.0,0.2573,2027-06-01
NK225E    ,OOP,202706,13000.0,            ,182063018,0000000.0000,0000000.0,3.0,0.587749,192063018,0000000.0000,0000000.0,50243.15,0.843322,63923.0,0.2573,2027-06-01
NK225E    ,OOP,202706,13250.0,            ,182063218,0000000.0000,0000000.0,3.35,0.586011,192063218,0000000.0000,0000000.0,49996.39,0.835937,63923.0,0.2573,2027-06-01
NK225E    ,OOP,202706,13500.0,            ,182063518,0000000.0000,0000000.0,3.73,0.584239,192063518,0000000.0000,0000000.0,49749.66,0.828658,63923.0,0.2573,2027-06-01
NK225E    ,OOP,202706,13750.0,            ,182063718,0000000.0000,0000000.0,4.14,0.582466,192063718,0000000.0000,0000000.0,49502.96,0.815653,63923.0,0.2573,2027-06-01
NK225E    ,OOP,202706,14000.0,            ,182064018,0000000.0000,0000000.0,4.59,0.580694,192064018,0000000.0000,0000000.0,49256.3,0.808718,63923.0,0.2573,2027-06-01
NK225E    ,OOP,202706,14250.0,            ,182064218,0000000.0000,0000000.0,5.06,0.578817,192064218,0000000.0000,0000000.0,49009.66,0.801873,63923.0,0.2573,2027-06-01
NK225E    ,OOP,202706,14500.0,            ,182064518,0000000.0000,0000000.0,5.57,0.576941,192064518,0000000.0000,0000000.0,48763.06,0.789533,63923.0,0.2573,2027-06-01
NK225E    ,OOP,202706,14750.0,            ,182064718,0000000.0000,0000000.0,6.11,0.575064,192064718,0000000.0000,0000000.0,48516.5,0.782996,63923.0,0.2573,2027-06-01
NK225E    ,OOP,202706,15000.0,            ,182065018,0000000.0000,0000000.0,6.7,0.573188,192065018,0000000.0000,0000000.0,48269.97,0.776534,63923.0,0.2573,2027-06-01
NK225E    ,OOP,202706,15250.0,            ,182065218,0000000.0000,0000000.0,7.31,0.571219,192065218,0000000.0000,0000000.0,48023.47,0.764795,63923.0,0.2573,2027-06-01
NK225E    ,OOP,202706,15500.0,            ,182065518,0000000.0000,0000000.0,7.96,0.569251,192065518,0000000.0000,0000000.0,47777.01,0.75861,63923.0,0.2573,2027-06-01
NK225E    ,OOP,202706,15750.0,            ,182065718,0000000.0000,0000000.0,8.65,0.567282,192065718,0000000.0000,0000000.0,47530.59,0.75249,63923.0,0.2573,2027-06-01
NK225E    ,OOP,202706,16000.0,            ,182066018,0000000.0000,0000000.0,9.38,0.565314,192066018,0000000.0000,0000000.0,47284.22,0.746434,63923.0,0.2573,2027-06-01
NK225E    ,OOP,202706,16250.0,            ,132066218,0000000.0000,0000000.0,10.15,0.563265,142066218,0000000.0000,0000000.0,47037.87,0.735424,63923.0,0.2573,2027-06-01
NK225E    ,OOP,202706,16500.0,            ,132066518,0000000.0000,0000000.0,10.95,0.561217,142066518,0000000.0000,0000000.0,46791.57,0.729609,63923.0,0.2573,2027-06-01
NK225E    ,OOP,202706,16750.0,            ,132066718,0000000.0000,0000000.0,11.81,0.559169,142066718,0000000.0000,0000000.0,46545.31,0.72385,63923.0,0.2573,2027-06-01
NK225E    ,OOP,202706,17000.0,            ,132067018,0000000.0000,0000000.0,12.71,0.557121,142067018,0000000.0000,0000000.0,46299.1,0.718146,63923.0,0.2573,2027-06-01
NK225E    ,OOP,202706,17250.0,            ,132067218,0000000.0000,0000000.0,13.64,0.555003,142067218,0000000.0000,0000000.0,46052.92,0.707782,63923.0,0.2573,2027-06-01
NK225E    ,OOP,202706,17500.0,            ,132067518,0000000.0000,0000000.0,14.61,0.552886,142067518,0000000.0000,0000000.0,45806.79,0.70229,63923.0,0.2573,2027-06-01
NK225E    ,OOP,202706,17750.0,            ,132067718,0000000.0000,0000000.0,15.64,0.550769,142067718,0000000.0000,0000000.0,45560.71,0.696845,63923.0,0.2573,2027-06-01
NK225E    ,OOP,202706,18000.0,            ,132068018,0000000.0000,0000000.0,16.71,0.548652,142068018,0000000.0000,0000000.0,45314.67,0.691447,63923.0,0.2573,2027-06-01
NK225E    ,OOP,202706,18250.0,            ,132068218,0000000.0000,0000000.0,17.82,0.546477,142068218,0000000.0000,0000000.0,45068.67,0.681659,63923.0,0.2573,2027-06-01
NK225E    ,OOP,202706,18500.0,            ,132068518,0000000.0000,0000000.0,18.98,0.544302,142068518,0000000.0000,0000000.0,44822.72,0.676449,63923.0,0.2573,2027-06-01
NK225E    ,OOP,202706,18750.0,            ,132068718,0000000.0000,0000000.0,20.19,0.542127,142068718,0000000.0000,0000000.0,44576.82,0.67128,63923.0,0.2573,2027-06-01
NK225E    ,OOP,202706,19000.0,            ,132069018,0000000.0000,0000000.0,21.45,0.539952,142069018,0000000.0000,0000000.0,44330.97,0.666152,63923.0,0.2573,2027-06-01
NK225E    ,OOP,202706,19250.0,            ,132069218,0000000.0000,0000000.0,22.74,0.537728,142069218,0000000.0000,0000000.0,44085.16,0.661063,63923.0,0.2573,2027-06-01
NK225E    ,OOP,202706,19500.0,            ,132069518,0000000.0000,0000000.0,24.09,0.535271,142069518,0000000.0000,0000000.0,43839.4,0.656014,63923.0,0.2573,2027-06-01
NK225E    ,OOP,202706,19750.0,            ,132069718,0000000.0000,0000000.0,25.49,0.533282,142069718,0000000.0000,0000000.0,43593.69,0.646996,63923.0,0.2573,2027-06-01
NK225E    ,OOP,202706,20000.0,            ,132060018,0000000.0000,0000000.0,26.95,0.531059,142060018,0000000.0000,0000000.0,43348.03,0.642106,63923.0,0.2573,2027-06-01
NK225E    ,OOP,202706,20250.0,            ,132060218,0000000.0000,0000000.0,28.44,0.528797,142060218,0000000.0000,0000000.0,43102.42,0.637251,63923.0,0.2573,2027-06-01
NK225E    ,OOP,202706,20500.0,            ,132060518,0000000.0000,0000000.0,29.99,0.526536,142060518,0000000.0000,0000000.0,42856.86,0.63243,63923.0,0.2573,2027-06-01
NK225E    ,OOP,202706,20750.0,            ,132060718,0000000.0000,0000000.0,31.59,0.524274,142060718,0000000.0000,0000000.0,42611.35,0.627643,63923.0,0.2573,2027-06-01
NK225E    ,OOP,202706,21000.0,            ,132061018,0000000.0000,0000000.0,33.25,0.521548,142061018,0000000.0000,0000000.0,42365.9,0.62289,63923.0,0.2573,2027-06-01
NK225E    ,OOP,202706,21250.0,            ,132061218,0000000.0000,0000000.0,34.95,0.519722,142061218,0000000.0000,0000000.0,42120.49,0.618169,63923.0,0.2573,2027-06-01
NK225E    ,OOP,202706,21500.0,            ,132061518,0000000.0000,0000000.0,36.7,0.517431,142061518,0000000.0000,0000000.0,41875.13,0.613481,63923.0,0.2573,2027-06-01
NK225E    ,OOP,202706,21750.0,            ,132061718,0000000.0000,0000000.0,38.52,0.51514,142061718,0000000.0000,0000000.0,41629.84,0.608824,63923.0,0.2573,2027-06-01
NK225E    ,OOP,202706,22000.0,            ,132062018,0000000.0000,0000000.0,40.39,0.512849,142062018,0000000.0000,0000000.0,41384.6,0.6042,63923.0,0.2573,2027-06-01
NK225E    ,OOP,202706,22250.0,            ,132062218,0000000.0000,0000000.0,42.3,0.510088,142062218,0000000.0000,0000000.0,41139.4,0.599606,63923.0,0.2573,2027-06-01
NK225E    ,OOP,202706,22500.0,            ,132062518,0000000.0000,0000000.0,44.27,0.507833,142062518,0000000.0000,0000000.0,40894.26,0.591742,63923.0,0.2573,2027-06-01
NK225E    ,OOP,202706,22750.0,            ,132062718,0000000.0000,0000000.0,46.3,0.505495,142062718,0000000.0000,0000000.0,40649.19,0.58727,63923.0,0.2573,2027-06-01
NK225E    ,OOP,202706,23000.0,            ,132063018,0000000.0000,0000000.0,48.39,0.503082,142063018,0000000.0000,0000000.0,40404.17,0.582827,63923.0,0.2573,2027-06-01
NK225E    ,OOP,202706,23250.0,            ,132063218,0000000.0000,0000000.0,50.53,0.501276,142063218,0000000.0000,0000000.0,40159.2,0.578411,63923.0,0.2573,2027-06-01
NK225E    ,OOP,202706,23500.0,            ,132063518,0000000.0000,0000000.0,52.73,0.498951,142063518,0000000.0000,0000000.0,39914.29,0.574022,63923.0,0.2573,2027-06-01
NK225E    ,OOP,202706,23750.0,            ,132063718,0000000.0000,0000000.0,54.99,0.496626,142063718,0000000.0000,0000000.0,39669.44,0.572673,63923.0,0.2573,2027-06-01
NK225E    ,OOP,202706,24000.0,            ,132064018,0000000.0000,0000000.0,57.32,0.493944,142064018,0000000.0000,0000000.0,39424.65,0.568284,63923.0,0.2573,2027-06-01
NK225E    ,OOP,202706,24250.0,            ,132064218,0000000.0000,0000000.0,59.69,0.491971,142064218,0000000.0000,0000000.0,39179.92,0.563924,63923.0,0.2573,2027-06-01
NK225E    ,OOP,202706,24500.0,            ,132064518,0000000.0000,0000000.0,62.13,0.489499,142064518,0000000.0000,0000000.0,38935.25,0.55959,63923.0,0.2573,2027-06-01
NK225E    ,OOP,202706,24750.0,            ,132064718,0000000.0000,0000000.0,64.63,0.487311,142064718,0000000.0000,0000000.0,38690.64,0.555283,63923.0,0.2573,2027-06-01
NK225E    ,OOP,202706,25000.0,            ,132065018,0000000.0000,0000000.0,67.2,0.484784,142065018,0000000.0000,0000000.0,38446.1,0.551003,63923.0,0.2573,2027-06-01
NK225E    ,OOP,202706,25250.0,            ,132065218,0000000.0000,0000000.0,69.83,0.482651,142065218,0000000.0000,0000000.0,38201.62,0.546748,63923.0,0.2573,2027-06-01
NK225E    ,OOP,202706,25500.0,            ,132065518,0000000.0000,0000000.0,72.52,0.479848,142065518,0000000.0000,0000000.0,37957.2,0.542519,63923.0,0.2573,2027-06-01
NK225E    ,OOP,202706,25750.0,            ,132065718,0000000.0000,0000000.0,75.28,0.477746,142065718,0000000.0000,0000000.0,37712.85,0.538315,63923.0,0.2573,2027-06-01
NK225E    ,OOP,202706,26000.0,            ,132066018,0000000.0000,0000000.0,78.11,0.475574,142066018,0000000.0000,0000000.0,37468.57,0.534136,63923.0,0.2573,2027-06-01
NK225E    ,OOP,202706,26250.0,            ,182066218,0000000.0000,0000000.0,81.0,0.473339,192066218,0000000.0000,0000000.0,37224.35,0.529982,63923.0,0.2573,2027-06-01
NK225E    ,OOP,202706,26500.0,            ,182066518,0000000.0000,0000000.0,83.96,0.47102,192066518,0000000.0000,0000000.0,36980.2,0.528304,63923.0,0.2573,2027-06-01
NK225E    ,OOP,202706,26750.0,            ,182066718,0000000.0000,0000000.0,87.0,0.4687,192066718,0000000.0000,0000000.0,36736.13,0.524158,63923.0,0.2573,2027-06-01
NK225E    ,OOP,202706,27000.0,            ,182067018,0000000.0000,0000000.0,90.1,0.466305,192067018,0000000.0000,0000000.0,36492.13,0.520037,63923.0,0.2573,2027-06-01
NK225E    ,OOP,202706,27250.0,            ,182067218,0000000.0000,0000000.0,93.28,0.463866,192067218,0000000.0000,0000000.0,36248.2,0.515939,63923.0,0.2573,2027-06-01
NK225E    ,OOP,202706,27500.0,            ,182067518,0000000.0000,0000000.0,96.54,0.461386,192067518,0000000.0000,0000000.0,36004.34,0.511865,63923.0,0.2573,2027-06-01
NK225E    ,OOP,202706,27750.0,            ,182067718,0000000.0000,0000000.0,99.87,0.458869,192067718,0000000.0000,0000000.0,35760.56,0.510045,63923.0,0.2573,2027-06-01
NK225E    ,OOP,202706,28000.0,            ,182068018,0000000.0000,0000000.0,103.28,0.456972,192068018,0000000.0000,0000000.0,35516.87,0.505983,63923.0,0.2573,2027-06-01
NK225E    ,OOP,202706,28250.0,            ,182068218,0000000.0000,0000000.0,106.77,0.454372,192068218,0000000.0000,0000000.0,35273.25,0.501943,63923.0,0.2573,2027-06-01
NK225E    ,OOP,202706,28500.0,            ,182068518,0000000.0000,0000000.0,110.35,0.45236,192068518,0000000.0000,0000000.0,35029.71,0.497927,63923.0,0.2573,2027-06-01
NK225E    ,OOP,202706,28750.0,            ,182068718,0000000.0000,0000000.0,114.0,0.449689,192068718,0000000.0000,0000000.0,34786.26,0.496003,63923.0,0.2573,2027-06-01
NK225E    ,OOP,202706,29000.0,            ,182069018,0000000.0000,0000000.0,117.75,0.447578,192069018,0000000.0000,0000000.0,34542.89,0.492,63923.0,0.2573,2027-06-01
NK225E    ,OOP,202706,29250.0,            ,182069218,0000000.0000,0000000.0,121.58,0.445414,192069218,0000000.0000,0000000.0,34299.62,0.48802,63923.0,0.2573,2027-06-01
NK225E    ,OOP,202706,29500.0,            ,182069518,0000000.0000,0000000.0,125.5,0.443202,192069518,0000000.0000,0000000.0,34056.43,0.486016,63923.0,0.2573,2027-06-01
NK225E    ,OOP,202706,29750.0,            ,182069718,0000000.0000,0000000.0,129.51,0.440944,192069718,0000000.0000,0000000.0,33813.33,0.482051,63923.0,0.2573,2027-06-01
NK225E    ,OOP,202706,30000.0,            ,182060018,0000000.0000,0000000.0,133.62,0.438644,192060018,0000000.0000,0000000.0,33570.33,0.479982,63923.0,0.2573,2027-06-01
NK225E    ,OOP,202706,30250.0,            ,182060218,0000000.0000,0000000.0,137.83,0.436306,192060218,0000000.0000,0000000.0,33327.43,0.476035,63923.0,0.2573,2027-06-01
NK225E    ,OOP,202706,30500.0,            ,182060518,0000000.0000,0000000.0,142.14,0.433931,192060518,0000000.0000,0000000.0,33084.63,0.472109,63923.0,0.2573,2027-06-01
NK225E    ,OOP,202706,30750.0,            ,182060718,0000000.0000,0000000.0,146.55,0.432,192060718,0000000.0000,0000000.0,32841.93,0.469979,63923.0,0.2573,2027-06-01
NK225E    ,OOP,202706,31000.0,            ,182061018,0000000.0000,0000000.0,151.06,0.42955,192061018,0000000.0000,0000000.0,32599.33,0.46607,63923.0,0.2573,2027-06-01
NK225E    ,OOP,202706,31250.0,            ,182061218,0000000.0000,0000000.0,155.68,0.427522,192061218,0000000.0000,0000000.0,32356.85,0.46389,63923.0,0.2573,2027-06-01
NK225E    ,OOP,202706,31500.0,            ,182061518,0000000.0000,0000000.0,160.42,0.425006,192061518,0000000.0000,0000000.0,32114.47,0.46,63923.0,0.2573,2027-06-01
NK225E    ,OOP,202706,31750.0,            ,182061718,0000000.0000,0000000.0,165.27,0.422894,192061718,0000000.0000,0000000.0,31872.21,0.457774,63923.0,0.2573,2027-06-01
NK225E    ,OOP,202706,32000.0,            ,182062018,0000000.0000,0000000.0,170.24,0.420738,192062018,0000000.0000,0000000.0,31630.07,0.453903,63923.0,0.2573,2027-06-01
NK225E    ,OOP,202706,32250.0,            ,182062218,0000000.0000,0000000.0,175.33,0.418541,192062218,0000000.0000,0000000.0,31388.05,0.451635,63923.0,0.2573,2027-06-01
NK225E    ,OOP,202706,32500.0,            ,132182518,0000000.0000,0000000.0,180.54,0.416307,142182518,0000000.0000,0000000.0,31146.16,0.44933,63923.0,0.2573,2027-06-01
NK225E    ,OOP,202706,32750.0,            ,132182718,0000000.0000,0000000.0,185.88,0.414421,142182718,0000000.0000,0000000.0,30904.39,0.445479,63923.0,0.2573,2027-06-01
NK225E    ,OOP,202706,33000.0,            ,132183018,0000000.0000,0000000.0,191.36,0.412108,142183018,0000000.0000,0000000.0,30662.75,0.443139,63923.0,0.2573,2027-06-01
NK225E    ,OOP,202706,33250.0,            ,132183218,0000000.0000,0000000.0,196.97,0.41013,142183218,0000000.0000,0000000.0,30421.26,0.440767,63923.0,0.2573,2027-06-01
NK225E    ,OOP,202706,33500.0,            ,132183518,0000000.0000,0000000.0,202.72,0.407748,142183518,0000000.0000,0000000.0,30179.9,0.436938,63923.0,0.2573,2027-06-01
NK225E    ,OOP,202706,33750.0,            ,132183718,0000000.0000,0000000.0,208.62,0.405687,142183718,0000000.0000,0000000.0,29938.69,0.434537,63923.0,0.2573,2027-06-01
NK225E    ,OOP,202706,34000.0,            ,132184018,0000000.0000,0000000.0,214.66,0.403585,142184018,0000000.0000,0000000.0,29697.62,0.432107,63923.0,0.2573,2027-06-01
NK225E    ,OOP,202706,34250.0,            ,132184218,0000000.0000,0000000.0,220.87,0.401444,142184218,0000000.0000,0000000.0,29456.71,0.429651,63923.0,0.2573,2027-06-01
NK225E    ,OOP,202706,34500.0,            ,132184518,0000000.0000,0000000.0,227.22,0.399265,142184518,0000000.0000,0000000.0,29215.96,0.425846,63923.0,0.2573,2027-06-01
NK225E    ,OOP,202706,34750.0,            ,132184718,0000000.0000,0000000.0,233.75,0.397367,142184718,0000000.0000,0000000.0,28975.38,0.423367,63923.0,0.2573,2027-06-01
NK225E    ,OOP,202706,35000.0,            ,132185018,0000000.0000,0000000.0,240.44,0.39542,142185018,0000000.0000,0000000.0,28734.96,0.420865,63923.0,0.2573,2027-06-01
NK225E    ,OOP,202706,35250.0,            ,132185218,0000000.0000,0000000.0,247.3,0.39313,142185218,0000000.0000,0000000.0,28494.72,0.41834,63923.0,0.2573,2027-06-01
NK225E    ,OOP,202706,35500.0,            ,132185518,0000000.0000,0000000.0,254.35,0.391104,142185518,0000000.0000,0000000.0,28254.65,0.415794,63923.0,0.2573,2027-06-01
NK225E    ,OOP,202706,35750.0,            ,132185718,0000000.0000,0000000.0,261.58,0.389037,142185718,0000000.0000,0000000.0,28014.77,0.413227,63923.0,0.2573,2027-06-01
NK225E    ,OOP,202706,36000.0,            ,132186018,0000000.0000,0000000.0,269.0,0.38721,142186018,0000000.0000,0000000.0,27775.08,0.410641,63923.0,0.2573,2027-06-01
NK225E    ,OOP,202706,36250.0,            ,132186218,0000000.0000,0000000.0,276.62,0.385063,142186218,0000000.0000,0000000.0,27535.59,0.408038,63923.0,0.2573,2027-06-01
NK225E    ,OOP,202706,36500.0,            ,132186518,0000000.0000,0000000.0,284.44,0.383148,142186518,0000000.0000,0000000.0,27296.3,0.405417,63923.0,0.2573,2027-06-01
NK225E    ,OOP,202706,36750.0,            ,132186718,0000000.0000,0000000.0,292.47,0.381188,142186718,0000000.0000,0000000.0,27057.23,0.40389,63923.0,0.2573,2027-06-01
NK225E    ,OOP,202706,37000.0,            ,132187018,0000000.0000,0000000.0,300.72,0.379187,142187018,0000000.0000,0000000.0,26818.36,0.401217,63923.0,0.2573,2027-06-01
NK225E    ,OOP,202706,37250.0,            ,132187218,0000000.0000,0000000.0,309.19,0.377931,142187218,0000000.0000,0000000.0,26579.72,0.39853,63923.0,0.2573,2027-06-01
NK225E    ,OOP,202706,37500.0,            ,132187518,0000000.0000,0000000.0,317.88,0.37531,142187518,0000000.0000,0000000.0,26341.31,0.395829,63923.0,0.2573,2027-06-01
NK225E    ,OOP,202706,37750.0,            ,132187718,0000000.0000,0000000.0,326.83,0.373661,142187718,0000000.0000,0000000.0,26103.15,0.394143,63923.0,0.2573,2027-06-01
NK225E    ,OOP,202706,38000.0,            ,132188018,0000000.0000,0000000.0,336.01,0.371957,142188018,0000000.0000,0000000.0,25865.22,0.391399,63923.0,0.2573,2027-06-01
NK225E    ,OOP,202706,38250.0,            ,132188218,0000000.0000,0000000.0,345.44,0.370202,142188218,0000000.0000,0000000.0,25627.54,0.389631,63923.0,0.2573,2027-06-01
NK225E    ,OOP,202706,38500.0,            ,132188518,0000000.0000,0000000.0,355.14,0.368397,142188518,0000000.0000,0000000.0,25390.13,0.386849,63923.0,0.2573,2027-06-01
NK225E    ,OOP,202706,38750.0,            ,132188718,0000000.0000,0000000.0,365.11,0.366545,142188718,0000000.0000,0000000.0,25152.99,0.385006,63923.0,0.2573,2027-06-01
NK225E    ,OOP,202706,39000.0,            ,132189018,0000000.0000,0000000.0,375.36,0.36465,142189018,0000000.0000,0000000.0,24916.13,0.382189,63923.0,0.2573,2027-06-01
NK225E    ,OOP,202706,39250.0,            ,132189218,0000000.0000,0000000.0,385.9,0.362712,142189218,0000000.0000,0000000.0,24679.56,0.380278,63923.0,0.2573,2027-06-01
NK225E    ,OOP,202706,39500.0,            ,132189518,0000000.0000,0000000.0,396.72,0.360734,142189518,0000000.0000,0000000.0,24443.28,0.378324,63923.0,0.2573,2027-06-01
NK225E    ,OOP,202706,39750.0,            ,132189718,0000000.0000,0000000.0,407.86,0.358719,142189718,0000000.0000,0000000.0,24207.3,0.375454,63923.0,0.2573,2027-06-01
NK225E    ,OOP,202706,40000.0,            ,132180018,0000000.0000,0000000.0,419.31,0.357487,142180018,0000000.0000,0000000.0,23971.64,0.37344,63923.0,0.2573,2027-06-01
NK225E    ,OOP,202706,40250.0,            ,132180218,0000000.0000,0000000.0,431.08,0.355512,142180218,0000000.0000,0000000.0,23736.3,0.371389,63923.0,0.2573,2027-06-01
NK225E    ,OOP,202706,40500.0,            ,132180518,0000000.0000,0000000.0,443.19,0.353373,142180518,0000000.0000,0000000.0,23501.31,0.369303,63923.0,0.2573,2027-06-01
NK225E    ,OOP,202706,40750.0,            ,132180718,0000000.0000,0000000.0,455.65,0.352094,142180718,0000000.0000,0000000.0,23266.65,0.367183,63923.0,0.2573,2027-06-01
NK225E    ,OOP,202706,41000.0,            ,132181018,0000000.0000,0000000.0,468.46,0.349877,142181018,0000000.0000,0000000.0,23032.36,0.365029,63923.0,0.2573,2027-06-01
NK225E    ,OOP,202706,41250.0,            ,132181218,0000000.0000,0000000.0,481.64,0.348484,142181218,0000000.0000,0000000.0,22798.43,0.362845,63923.0,0.2573,2027-06-01
NK225E    ,OOP,202706,41500.0,            ,132181518,0000000.0000,0000000.0,495.2,0.347029,142181518,0000000.0000,0000000.0,22564.88,0.361397,63923.0,0.2573,2027-06-01
NK225E    ,OOP,202706,41750.0,            ,132181718,0000000.0000,0000000.0,509.16,0.344702,142181718,0000000.0000,0000000.0,22331.72,0.35914,63923.0,0.2573,2027-06-01
NK225E    ,OOP,202706,42000.0,            ,132182018,0000000.0000,0000000.0,523.51,0.343148,142182018,0000000.0000,0000000.0,22098.96,0.356855,63923.0,0.2573,2027-06-01
NK225E    ,OOP,202706,42250.0,            ,132182218,0000000.0000,0000000.0,538.28,0.34154,142182218,0000000.0000,0000000.0,21866.62,0.355267,63923.0,0.2573,2027-06-01
NK225E    ,OOP,202706,42500.0,            ,132302518,0000000.0000,0000000.0,553.48,0.33988,142302518,0000000.0000,0000000.0,21634.72,0.353627,63923.0,0.2573,2027-06-01
NK225E    ,OOP,202706,42750.0,            ,182182718,0000000.0000,0000000.0,569.12,0.33817,192182718,0000000.0000,0000000.0,21403.25,0.351241,63923.0,0.2573,2027-06-01
NK225E    ,OOP,202706,43000.0,            ,182183018,0000000.0000,0000000.0,585.21,0.336412,192183018,0000000.0000,0000000.0,21172.23,0.349515,63923.0,0.2573,2027-06-01
NK225E    ,OOP,202706,43250.0,            ,182183218,0000000.0000,0000000.0,601.77,0.335322,192183218,0000000.0000,0000000.0,20941.68,0.347743,63923.0,0.2573,2027-06-01
NK225E    ,OOP,202706,43500.0,            ,182183518,0000000.0000,0000000.0,618.82,0.333461,192183518,0000000.0000,0000000.0,20711.62,0.345925,63923.0,0.2573,2027-06-01
NK225E    ,OOP,202706,43750.0,            ,182183718,0000000.0000,0000000.0,636.36,0.331558,192183718,0000000.0000,0000000.0,20482.05,0.344063,63923.0,0.2573,2027-06-01
NK225E    ,OOP,202706,44000.0,            ,182184018,0000000.0000,0000000.0,654.42,0.330286,192184018,0000000.0000,0000000.0,20253.0,0.34216,63923.0,0.2573,2027-06-01
NK225E    ,OOP,202706,44250.0,            ,182184218,0000000.0000,0000000.0,673.0,0.328948,192184218,0000000.0000,0000000.0,20024.47,0.340217,63923.0,0.2573,2027-06-01
NK225E    ,OOP,202706,44500.0,            ,182184518,0000000.0000,0000000.0,692.12,0.327548,192184518,0000000.0000,0000000.0,19796.48,0.338843,63923.0,0.2573,2027-06-01
NK225E    ,OOP,202706,44750.0,            ,182184718,0000000.0000,0000000.0,711.8,0.32546,192184718,0000000.0000,0000000.0,19569.05,0.336813,63923.0,0.2573,2027-06-01
NK225E    ,OOP,202706,45000.0,            ,182185018,0000000.0000,0000000.0,732.06,0.323955,192185018,0000000.0000,0000000.0,19342.21,0.335333,63923.0,0.2573,2027-06-01
NK225E    ,OOP,202706,45250.0,            ,182185218,0000000.0000,0000000.0,752.9,0.322998,192185218,0000000.0000,0000000.0,19115.94,0.333222,63923.0,0.2573,2027-06-01
NK225E    ,OOP,202706,45500.0,            ,182185518,0000000.0000,0000000.0,774.36,0.321373,192185518,0000000.0000,0000000.0,18890.29,0.331643,63923.0,0.2573,2027-06-01
NK225E    ,OOP,202706,45750.0,            ,182185718,0000000.0000,0000000.0,796.44,0.319698,192185718,0000000.0000,0000000.0,18665.25,0.330012,63923.0,0.2573,2027-06-01
NK225E    ,OOP,202706,46000.0,            ,182186018,0000000.0000,0000000.0,819.16,0.318541,192186018,0000000.0000,0000000.0,18440.87,0.328331,63923.0,0.2573,2027-06-01
NK225E    ,OOP,202706,46250.0,            ,182186218,0000000.0000,0000000.0,842.54,0.316759,192186218,0000000.0000,0000000.0,18217.14,0.326601,63923.0,0.2573,2027-06-01
NK225E    ,OOP,202706,46500.0,            ,182186518,0000000.0000,0000000.0,866.61,0.315478,192186518,0000000.0000,0000000.0,17994.1,0.325348,63923.0,0.2573,2027-06-01
NK225E    ,OOP,202706,46750.0,            ,182186718,0000000.0000,0000000.0,891.37,0.314133,192186718,0000000.0000,0000000.0,17771.75,0.323517,63923.0,0.2573,2027-06-01
NK225E    ,OOP,202706,47000.0,            ,182187018,0000000.0000,0000000.0,916.84,0.312726,192187018,0000000.0000,0000000.0,17550.11,0.322148,63923.0,0.2573,2027-06-01
NK225E    ,OOP,202706,47250.0,            ,182187218,0000000.0000,0000000.0,943.05,0.311261,192187218,0000000.0000,0000000.0,17329.21,0.320719,63923.0,0.2573,2027-06-01
NK225E    ,OOP,202706,47500.0,            ,182187518,0000000.0000,0000000.0,970.01,0.310242,192187518,0000000.0000,0000000.0,17109.06,0.319232,63923.0,0.2573,2027-06-01
NK225E    ,OOP,202706,47750.0,            ,182187718,0000000.0000,0000000.0,997.75,0.308656,192187718,0000000.0000,0000000.0,16889.69,0.31769,63923.0,0.2573,2027-06-01
NK225E    ,OOP,202706,48000.0,            ,182188018,0000000.0000,0000000.0,1026.29,0.307502,192188018,0000000.0000,0000000.0,16671.13,0.316095,63923.0,0.2573,2027-06-01
NK225E    ,OOP,202706,48250.0,            ,182188218,0000000.0000,0000000.0,1055.65,0.30628,192188218,0000000.0000,0000000.0,16453.37,0.314447,63923.0,0.2573,2027-06-01
NK225E    ,OOP,202706,48500.0,            ,182188518,0000000.0000,0000000.0,1085.84,0.304991,192188518,0000000.0000,0000000.0,16236.45,0.313203,63923.0,0.2573,2027-06-01
NK225E    ,OOP,202706,48750.0,            ,182188718,0000000.0000,0000000.0,1116.88,0.30364,192188718,0000000.0000,0000000.0,16020.39,0.311894,63923.0,0.2573,2027-06-01
NK225E    ,OOP,202706,49000.0,            ,182189018,0000000.0000,0000000.0,1148.81,0.302227,192189018,0000000.0000,0000000.0,15805.2,0.310086,63923.0,0.2573,2027-06-01
NK225E    ,OOP,202706,49250.0,            ,182189218,0000000.0000,0000000.0,1181.64,0.300755,192189218,0000000.0000,0000000.0,15590.93,0.309093,63923.0,0.2573,2027-06-01
NK225E    ,OOP,202706,49500.0,            ,182189518,0000000.0000,0000000.0,1215.39,0.29966,192189518,0000000.0000,0000000.0,15377.57,0.307605,63923.0,0.2573,2027-06-01
NK225E    ,OOP,202706,49750.0,            ,182189718,0000000.0000,0000000.0,1250.09,0.298495,192189718,0000000.0000,0000000.0,15165.16,0.306061,63923.0,0.2573,2027-06-01
NK225E    ,OOP,202706,50000.0,            ,182180018,0000000.0000,0000000.0,1285.77,0.297261,192180018,0000000.0000,0000000.0,14953.73,0.304871,63923.0,0.2573,2027-06-01
NK225E    ,OOP,202706,50250.0,            ,182180218,0000000.0000,0000000.0,1322.43,0.295963,192180218,0000000.0000,0000000.0,14743.28,0.303616,63923.0,0.2573,2027-06-01
NK225E    ,OOP,202706,50500.0,            ,182180518,0000000.0000,0000000.0,1360.1,0.295005,192180518,0000000.0000,0000000.0,14533.83,0.302296,63923.0,0.2573,2027-06-01
NK225E    ,OOP,202706,50750.0,            ,182180718,0000000.0000,0000000.0,1398.81,0.293972,192180718,0000000.0000,0000000.0,14325.44,0.300915,63923.0,0.2573,2027-06-01
NK225E    ,OOP,202706,51000.0,            ,182181018,0000000.0000,0000000.0,1438.58,0.292476,192181018,0000000.0000,0000000.0,14118.1,0.299857,63923.0,0.2573,2027-06-01
NK225E    ,OOP,202706,51250.0,            ,182181218,0000000.0000,0000000.0,1479.43,0.291691,192181218,0000000.0000,0000000.0,13911.84,0.298351,63923.0,0.2573,2027-06-01
NK225E    ,OOP,202706,51500.0,            ,182181518,0000000.0000,0000000.0,1521.4,0.290448,192181518,0000000.0000,0000000.0,13706.7,0.29716,63923.0,0.2573,2027-06-01
NK225E    ,OOP,202706,51750.0,            ,182181718,0000000.0000,0000000.0,1564.5,0.28914,192181718,0000000.0000,0000000.0,13502.69,0.295903,63923.0,0.2573,2027-06-01
NK225E    ,OOP,202706,52000.0,            ,182182018,0000000.0000,0000000.0,1608.74,0.288134,192182018,0000000.0000,0000000.0,13299.82,0.294942,63923.0,0.2573,2027-06-01
NK225E    ,OOP,202706,52250.0,            ,182182218,0000000.0000,0000000.0,1654.18,0.287055,192182218,0000000.0000,0000000.0,13098.15,0.293553,63923.0,0.2573,2027-06-01
NK225E    ,OOP,202706,52500.0,            ,182302518,0000000.0000,0000000.0,1700.8,0.285904,192302518,0000000.0000,0000000.0,12897.66,0.292452,63923.0,0.2573,2027-06-01
NK225E    ,OOP,202706,52750.0,            ,132302718,0000000.0000,0000000.0,1748.67,0.285034,142302718,0000000.0000,0000000.0,12698.42,0.291283,63923.0,0.2573,2027-06-01
NK225E    ,OOP,202706,53000.0,            ,132303018,0000000.0000,0000000.0,1797.78,0.284086,142303018,0000000.0000,0000000.0,12500.42,0.290046,63923.0,0.2573,2027-06-01
NK225E    ,OOP,202706,53250.0,            ,132303218,0000000.0000,0000000.0,1848.16,0.283064,142303218,0000000.0000,0000000.0,12303.69,0.289078,63923.0,0.2573,2027-06-01
NK225E    ,OOP,202706,53500.0,            ,132303518,0000000.0000,0000000.0,1899.85,0.281969,142303518,0000000.0000,0000000.0,12108.28,0.288036,63923.0,0.2573,2027-06-01
NK225E    ,OOP,202706,53750.0,            ,132303718,0000000.0000,0000000.0,1952.85,0.280803,142303718,0000000.0000,0000000.0,11914.17,0.286924,63923.0,0.2573,2027-06-01
NK225E    ,OOP,202706,54000.0,            ,132304018,0000000.0000,0000000.0,2007.22,0.279893,142304018,0000000.0000,0000000.0,11721.43,0.285743,63923.0,0.2573,2027-06-01
NK225E    ,OOP,202706,54250.0,            ,132304218,0000000.0000,0000000.0,2062.94,0.278906,142304218,0000000.0000,0000000.0,11530.04,0.28481,63923.0,0.2573,2027-06-01
NK225E    ,OOP,202706,54500.0,            ,132304518,0000000.0000,0000000.0,2120.07,0.278161,142304518,0000000.0000,0000000.0,11340.05,0.283803,63923.0,0.2573,2027-06-01
NK225E    ,OOP,202706,54750.0,            ,132304718,0000000.0000,0000000.0,2178.61,0.277025,142304718,0000000.0000,0000000.0,11151.49,0.282725,63923.0,0.2573,2027-06-01
NK225E    ,OOP,202706,55000.0,            ,132305018,0000000.0000,0000000.0,2238.58,0.276125,142305018,0000000.0000,0000000.0,10964.34,0.281575,63923.0,0.2573,2027-06-01
NK225E    ,OOP,202706,55250.0,            ,132305218,0000000.0000,0000000.0,2300.02,0.275149,142305218,0000000.0000,0000000.0,10778.68,0.280658,63923.0,0.2573,2027-06-01
NK225E    ,OOP,202706,55500.0,            ,132305518,0000000.0000,0000000.0,2362.96,0.274397,142305518,0000000.0000,0000000.0,10594.51,0.279665,63923.0,0.2573,2027-06-01
NK225E    ,OOP,202706,55750.0,            ,132305718,0000000.0000,0000000.0,2427.39,0.273566,142305718,0000000.0000,0000000.0,10411.83,0.278894,63923.0,0.2573,2027-06-01
NK225E    ,OOP,202706,56000.0,            ,132306018,0000000.0000,0000000.0,2493.38,0.272657,142306018,0000000.0000,0000000.0,10230.71,0.277754,63923.0,0.2573,2027-06-01
NK225E    ,OOP,202706,56250.0,            ,132306218,0000000.0000,0000000.0,2560.9,0.271671,142306218,0000000.0000,0000000.0,10051.12,0.276831,63923.0,0.2573,2027-06-01
NK225E    ,OOP,202706,56500.0,            ,132306518,0000000.0000,0000000.0,2630.01,0.270896,142306518,0000000.0000,0000000.0,9873.13,0.276117,63923.0,0.2573,2027-06-01
NK225E    ,OOP,202706,56750.0,            ,132306718,0000000.0000,0000000.0,2700.7,0.270042,142306718,0000000.0000,0000000.0,9696.7,0.275044,63923.0,0.2573,2027-06-01
NK225E    ,OOP,202706,57000.0,            ,132307018,0000000.0000,0000000.0,2773.02,0.269111,142307018,0000000.0000,0000000.0,9521.91,0.274176,63923.0,0.2573,2027-06-01
NK225E    ,OOP,202706,57250.0,            ,132307218,0000000.0000,0000000.0,2846.97,0.268379,142307218,0000000.0000,0000000.0,9348.76,0.273232,63923.0,0.2573,2027-06-01
NK225E    ,OOP,202706,57500.0,            ,132307518,0000000.0000,0000000.0,2922.58,0.267568,142307518,0000000.0000,0000000.0,9177.25,0.272486,63923.0,0.2573,2027-06-01
NK225E    ,OOP,202706,57750.0,            ,132307718,0000000.0000,0000000.0,2999.86,0.266678,142307718,0000000.0000,0000000.0,9007.43,0.271661,63923.0,0.2573,2027-06-01
NK225E    ,OOP,202706,58000.0,            ,132308018,0000000.0000,0000000.0,3078.85,0.265978,142308018,0000000.0000,0000000.0,8839.3,0.27076,63923.0,0.2573,2027-06-01
NK225E    ,OOP,202706,58250.0,            ,132308218,0000000.0000,0000000.0,3159.54,0.265198,142308218,0000000.0000,0000000.0,8672.89,0.270047,63923.0,0.2573,2027-06-01
NK225E    ,OOP,202706,58500.0,            ,132308518,0000000.0000,0000000.0,3241.96,0.264339,142308518,0000000.0000,0000000.0,8508.2,0.269255,63923.0,0.2573,2027-06-01
NK225E    ,OOP,202706,58750.0,            ,132308718,0000000.0000,0000000.0,3326.13,0.263663,142308718,0000000.0000,0000000.0,8345.26,0.268385,63923.0,0.2573,2027-06-01
NK225E    ,OOP,202706,59000.0,            ,132309018,0000000.0000,0000000.0,3412.08,0.262905,142309018,0000000.0000,0000000.0,8184.1,0.267697,63923.0,0.2573,2027-06-01
NK225E    ,OOP,202706,59250.0,            ,132309218,0000000.0000,0000000.0,3499.8,0.262068,142309218,0000000.0000,0000000.0,8024.71,0.266929,63923.0,0.2573,2027-06-01
NK225E    ,OOP,202706,59500.0,            ,132309518,0000000.0000,0000000.0,3589.31,0.261407,142309518,0000000.0000,0000000.0,7867.11,0.266084,63923.0,0.2573,2027-06-01
NK225E    ,OOP,202706,59750.0,            ,132309718,0000000.0000,0000000.0,3680.63,0.260665,142309718,0000000.0000,0000000.0,7711.32,0.265413,63923.0,0.2573,2027-06-01
NK225E    ,OOP,202706,60000.0,            ,132300018,0000000.0000,0000000.0,3773.77,0.260093,142300018,0000000.0000,0000000.0,7557.35,0.264663,63923.0,0.2573,2027-06-01
NK225E    ,OOP,202706,60250.0,            ,132300218,0000000.0000,0000000.0,3868.74,0.259439,142300218,0000000.0000,0000000.0,7405.21,0.263834,63923.0,0.2573,2027-06-01
NK225E    ,OOP,202706,60500.0,            ,132300518,0000000.0000,0000000.0,3965.57,0.258705,142300518,0000000.0000,0000000.0,7254.93,0.263175,63923.0,0.2573,2027-06-01
NK225E    ,OOP,202706,60750.0,            ,132300718,0000000.0000,0000000.0,4064.26,0.258135,142300718,0000000.0000,0000000.0,7106.51,0.262436,63923.0,0.2573,2027-06-01
NK225E    ,OOP,202706,61000.0,            ,132301018,0000000.0000,0000000.0,4164.79,0.257484,142301018,0000000.0000,0000000.0,6959.93,0.261862,63923.0,0.2573,2027-06-01
NK225E    ,OOP,202706,61250.0,            ,132301218,0000000.0000,0000000.0,4267.25,0.256752,142301218,0000000.0000,0000000.0,6815.28,0.261208,63923.0,0.2573,2027-06-01
NK225E    ,OOP,202706,61500.0,            ,132301518,0000000.0000,0000000.0,4371.57,0.256181,142301518,0000000.0000,0000000.0,6672.49,0.260474,63923.0,0.2573,2027-06-01
NK225E    ,OOP,202706,61750.0,            ,132301718,0000000.0000,0000000.0,4477.78,0.255528,142301718,0000000.0000,0000000.0,6531.6,0.259902,63923.0,0.2573,2027-06-01
NK225E    ,OOP,202706,62000.0,            ,132302018,0000000.0000,0000000.0,4585.91,0.254795,142302018,0000000.0000,0000000.0,6392.62,0.259249,63923.0,0.2573,2027-06-01
NK225E    ,OOP,202706,62250.0,            ,132302218,0000000.0000,0000000.0,4695.93,0.254219,142302218,0000000.0000,0000000.0,6255.53,0.258517,63923.0,0.2573,2027-06-01
NK225E    ,OOP,202706,62500.0,            ,182182518,0000000.0000,0000000.0,4807.89,0.253562,192182518,0000000.0000,0000000.0,6120.38,0.257944,63923.0,0.2573,2027-06-01
NK225E    ,OOP,202706,62750.0,            ,182302718,0000000.0000,0000000.0,4921.75,0.253061,192302718,0000000.0000,0000000.0,5987.13,0.25729,63923.0,0.2573,2027-06-01
NK225E    ,OOP,202706,63000.0,            ,182303018,0000000.0000,0000000.0,5037.56,0.252477,192303018,0000000.0000,0000000.0,5855.83,0.256792,63923.0,0.2573,2027-06-01
NK225E    ,OOP,202706,63250.0,            ,182303218,0000000.0000,0000000.0,5155.26,0.252047,192303218,0000000.0000,0000000.0,5726.42,0.256214,63923.0,0.2573,2027-06-01
NK225E    ,OOP,202706,63500.0,            ,182303518,0000000.0000,0000000.0,5274.9,0.251302,192303518,0000000.0000,0000000.0,5598.95,0.255556,63923.0,0.2573,2027-06-01
NK225E    ,OOP,202706,63750.0,            ,182303718,0000000.0000,0000000.0,5396.48,0.250942,192303718,0000000.0000,0000000.0,5473.42,0.255052,63923.0,0.2573,2027-06-01
NK225E    ,OOP,202706,64000.0,            ,182304018,0000000.0000,0000000.0,5519.98,0.250268,192304018,0000000.0000,0000000.0,5349.81,0.254469,63923.0,0.2573,2027-06-01
NK225E    ,OOP,202706,64250.0,            ,182304218,0000000.0000,0000000.0,5645.43,0.249746,192304218,0000000.0000,0000000.0,5228.15,0.254038,63923.0,0.2573,2027-06-01
NK225E    ,OOP,202706,64500.0,            ,182304518,0000000.0000,0000000.0,5772.79,0.249143,192304518,0000000.0000,0000000.0,5108.4,0.253528,63923.0,0.2573,2027-06-01
NK225E    ,OOP,202706,64750.0,            ,182304718,0000000.0000,0000000.0,5902.04,0.248692,192304718,0000000.0000,0000000.0,4990.55,0.252938,63923.0,0.2573,2027-06-01
NK225E    ,OOP,202706,65000.0,            ,182305018,0000000.0000,0000000.0,6033.27,0.248159,192305018,0000000.0000,0000000.0,4874.66,0.252501,63923.0,0.2573,2027-06-01
NK225E    ,OOP,202706,65250.0,            ,182305218,0000000.0000,0000000.0,6166.39,0.247778,192305218,0000000.0000,0000000.0,4760.67,0.251984,63923.0,0.2573,2027-06-01
NK225E    ,OOP,202706,65500.0,            ,182305518,0000000.0000,0000000.0,6301.44,0.247315,192305518,0000000.0000,0000000.0,4648.61,0.251388,63923.0,0.2573,2027-06-01
NK225E    ,OOP,202706,65750.0,            ,182305718,0000000.0000,0000000.0,6438.37,0.246773,192305718,0000000.0000,0000000.0,4538.44,0.250945,63923.0,0.2573,2027-06-01
NK225E    ,OOP,202706,66000.0,            ,182306018,0000000.0000,0000000.0,6577.22,0.246149,192306018,0000000.0000,0000000.0,4430.18,0.250423,63923.0,0.2573,2027-06-01
NK225E    ,OOP,202706,66250.0,            ,182306218,0000000.0000,0000000.0,6717.96,0.24591,192306218,0000000.0000,0000000.0,4323.8,0.250054,63923.0,0.2573,2027-06-01
NK225E    ,OOP,202706,66500.0,            ,182306518,0000000.0000,0000000.0,6860.59,0.245358,192306518,0000000.0000,0000000.0,4219.33,0.249606,63923.0,0.2573,2027-06-01
NK225E    ,OOP,202706,66750.0,            ,182306718,0000000.0000,0000000.0,7005.08,0.24496,192306718,0000000.0000,0000000.0,4116.7,0.24908,63923.0,0.2573,2027-06-01
NK225E    ,OOP,202706,67000.0,            ,182307018,0000000.0000,0000000.0,7151.45,0.244481,192307018,0000000.0000,0000000.0,4015.96,0.248709,63923.0,0.2573,2027-06-01
NK225E    ,OOP,202706,67250.0,            ,182307218,0000000.0000,0000000.0,7299.67,0.243923,192307218,0000000.0000,0000000.0,3917.08,0.24826,63923.0,0.2573,2027-06-01
NK225E    ,OOP,202706,67500.0,            ,132427518,0000000.0000,0000000.0,7449.74,0.243519,142427518,0000000.0000,0000000.0,3820.04,0.247732,63923.0,0.2573,2027-06-01
NK225E    ,OOP,202706,67750.0,            ,182307718,0000000.0000,0000000.0,7601.63,0.243036,192307718,0000000.0000,0000000.0,3724.82,0.247361,63923.0,0.2573,2027-06-01
NK225E    ,OOP,202706,68000.0,            ,182308018,0000000.0000,0000000.0,7755.34,0.242709,192308018,0000000.0000,0000000.0,3631.42,0.246913,63923.0,0.2573,2027-06-01
NK225E    ,OOP,202706,68250.0,            ,182308218,0000000.0000,0000000.0,7910.86,0.242304,192308218,0000000.0000,0000000.0,3539.83,0.246624,63923.0,0.2573,2027-06-01
NK225E    ,OOP,202706,68500.0,            ,182308518,0000000.0000,0000000.0,8068.17,0.24182,192308518,0000000.0000,0000000.0,3450.03,0.246258,63923.0,0.2573,2027-06-01
NK225E    ,OOP,202706,68750.0,            ,182308718,0000000.0000,0000000.0,8227.26,0.241497,192308718,0000000.0000,0000000.0,3362.01,0.245816,63923.0,0.2573,2027-06-01
NK225E    ,OOP,202706,69000.0,            ,182309018,0000000.0000,0000000.0,8388.11,0.241095,192309018,0000000.0000,0000000.0,3275.75,0.245536,63923.0,0.2573,2027-06-01
NK225E    ,OOP,202706,69250.0,            ,182309218,0000000.0000,0000000.0,8550.72,0.240857,192309218,0000000.0000,0000000.0,3191.25,0.24518,63923.0,0.2573,2027-06-01
NK225E    ,OOP,202706,69500.0,            ,182309518,0000000.0000,0000000.0,8715.05,0.240298,192309518,0000000.0000,0000000.0,3108.47,0.244748,63923.0,0.2573,2027-06-01
NK225E    ,OOP,202706,69750.0,            ,182309718,0000000.0000,0000000.0,8881.07,0.239905,192309718,0000000.0000,0000000.0,3027.39,0.244483,63923.0,0.2573,2027-06-01
NK225E    ,OOP,202706,70000.0,            ,182300018,0000000.0000,0000000.0,9048.81,0.23968,192300018,0000000.0000,0000000.0,2948.02,0.244143,63923.0,0.2573,2027-06-01
NK225E    ,OOP,202706,70250.0,            ,182300218,0000000.0000,0000000.0,9218.23,0.239379,192300218,0000000.0000,0000000.0,2870.33,0.243727,63923.0,0.2573,2027-06-01
NK225E    ,OOP,202706,70500.0,            ,182300518,0000000.0000,0000000.0,9389.31,0.239001,192300518,0000000.0000,0000000.0,2794.29,0.243483,63923.0,0.2573,2027-06-01
NK225E    ,OOP,202706,70750.0,            ,182300718,0000000.0000,0000000.0,9562.01,0.238547,192300718,0000000.0000,0000000.0,2719.89,0.243166,63923.0,0.2573,2027-06-01
NK225E    ,OOP,202706,71000.0,            ,182301018,0000000.0000,0000000.0,9736.36,0.238266,192301018,0000000.0000,0000000.0,2647.13,0.242774,63923.0,0.2573,2027-06-01
NK225E    ,OOP,202706,71250.0,            ,182301218,0000000.0000,0000000.0,9912.28,0.237911,192301218,0000000.0000,0000000.0,2575.94,0.242559,63923.0,0.2573,2027-06-01
NK225E    ,OOP,202706,71500.0,            ,182301518,0000000.0000,0000000.0,10089.81,0.237479,192301518,0000000.0000,0000000.0,2506.35,0.242272,63923.0,0.2573,2027-06-01
NK225E    ,OOP,202706,71750.0,            ,182301718,0000000.0000,0000000.0,10268.89,0.237228,192301718,0000000.0000,0000000.0,2438.32,0.241912,63923.0,0.2573,2027-06-01
NK225E    ,OOP,202706,72000.0,            ,182302018,0000000.0000,0000000.0,10449.52,0.236903,192302018,0000000.0000,0000000.0,2371.84,0.241736,63923.0,0.2573,2027-06-01
NK225E    ,OOP,202706,72250.0,            ,182302218,0000000.0000,0000000.0,10631.66,0.236502,192302218,0000000.0000,0000000.0,2306.88,0.241489,63923.0,0.2573,2027-06-01
NK225E    ,OOP,202706,72500.0,            ,132422518,0000000.0000,0000000.0,10815.29,0.236291,142422518,0000000.0000,0000000.0,2243.4,0.24117,63923.0,0.2573,2027-06-01
NK225E    ,OOP,202706,72750.0,            ,132422718,0000000.0000,0000000.0,11000.42,0.236007,142422718,0000000.0000,0000000.0,2181.42,0.240777,63923.0,0.2573,2027-06-01
NK225E    ,OOP,202706,73000.0,            ,132423018,0000000.0000,0000000.0,11186.98,0.235649,142423018,0000000.0000,0000000.0,2120.87,0.24058,63923.0,0.2573,2027-06-01
NK225E    ,OOP,202706,73250.0,            ,132423218,0000000.0000,0000000.0,11374.99,0.235215,142423218,0000000.0000,0000000.0,2061.77,0.240311,63923.0,0.2573,2027-06-01
NK225E    ,OOP,202706,73500.0,            ,132423518,0000000.0000,0000000.0,11564.43,0.234981,142423518,0000000.0000,0000000.0,2004.1,0.23997,63923.0,0.2573,2027-06-01
NK225E    ,OOP,202706,73750.0,            ,132423718,0000000.0000,0000000.0,11755.23,0.234675,142423718,0000000.0000,0000000.0,1947.8,0.239834,63923.0,0.2573,2027-06-01
NK225E    ,OOP,202706,74000.0,            ,132424018,0000000.0000,0000000.0,11947.41,0.234578,142424018,0000000.0000,0000000.0,1892.86,0.23963,63923.0,0.2573,2027-06-01
NK225E    ,OOP,202706,74250.0,            ,132424218,0000000.0000,0000000.0,12140.95,0.234125,142424218,0000000.0000,0000000.0,1839.3,0.239355,63923.0,0.2573,2027-06-01
NK225E    ,OOP,202706,74500.0,            ,132424518,0000000.0000,0000000.0,12335.8,0.233886,142424518,0000000.0000,0000000.0,1787.03,0.239296,63923.0,0.2573,2027-06-01
NK225E    ,OOP,202706,74750.0,            ,132424718,0000000.0000,0000000.0,12531.95,0.233574,142424718,0000000.0000,0000000.0,1736.08,0.238881,63923.0,0.2573,2027-06-01
NK225E    ,OOP,202706,75000.0,            ,132425018,0000000.0000,0000000.0,12729.38,0.233487,142425018,0000000.0000,0000000.0,1686.4,0.238685,63923.0,0.2573,2027-06-01
NK225E    ,OOP,202706,75250.0,            ,132425218,0000000.0000,0000000.0,12928.08,0.23303,142425218,0000000.0000,0000000.0,1637.98,0.238421,63923.0,0.2573,2027-06-01
NK225E    ,OOP,202706,75500.0,            ,132425518,0000000.0000,0000000.0,13128.01,0.232802,142425518,0000000.0000,0000000.0,1590.8,0.238387,63923.0,0.2573,2027-06-01
NK225E    ,OOP,202706,75750.0,            ,132425718,0000000.0000,0000000.0,13329.13,0.232503,142425718,0000000.0000,0000000.0,1544.82,0.238288,63923.0,0.2573,2027-06-01
NK225E    ,OOP,202706,76000.0,            ,132426018,0000000.0000,0000000.0,13531.47,0.232445,142426018,0000000.0000,0000000.0,1500.05,0.238125,63923.0,0.2573,2027-06-01
NK225E    ,OOP,202706,76250.0,            ,132426218,0000000.0000,0000000.0,13734.97,0.232003,142426218,0000000.0000,0000000.0,1456.44,0.237894,63923.0,0.2573,2027-06-01
NK225E    ,OOP,202706,77500.0,            ,182307518,0000000.0000,0000000.0,14769.18,0.231,192307518,0000000.0000,0000000.0,1255.1,0.237019,63923.0,0.2573,2027-06-01
NK225E    ,OOP,202706,80000.0,            ,132420018,0000000.0000,0000000.0,16912.7,0.228871,142420018,0000000.0000,0000000.0,927.53,0.236009,63923.0,0.2573,2027-06-01
NK225E    ,OOP,202706,85000.0,            ,182425018,0000000.0000,0000000.0,21431.47,0.224902,192425018,0000000.0000,0000000.0,504.11,0.235603,63923.0,0.2573,2027-06-01
NK225E    ,OOP,202706,90000.0,            ,182420018,0000000.0000,0000000.0,26153.11,0.222187,192420018,0000000.0000,0000000.0,283.56,0.238047,63923.0,0.2573,2027-06-01
NK225E    ,OOP,202706,95000.0,            ,132545018,0000000.0000,0000000.0,30989.41,0.220768,142545018,0000000.0000,0000000.0,177.67,0.245344,63923.0,0.2573,2027-06-01
NK225E    ,OOP,202706,100000.0,            ,132540018,0000000.0000,0000000.0,35890.65,0.225024,142540018,0000000.0000,0000000.0,136.72,0.259235,63923.0,0.2573,2027-06-01
NK225E    ,OOP,202707,53000.0,            ,132073018,0000000.0000,0000000.0,2036.15,0.286893,142073018,0000000.0000,0000000.0,12754.17,0.288284,63923.0,0.2573,2027-07-01
NK225E    ,OOP,202707,54000.0,            ,132074018,0000000.0000,0000000.0,2250.12,0.282665,142074018,0000000.0000,0000000.0,11980.9,0.28382,63923.0,0.2573,2027-07-01
NK225E    ,OOP,202707,55000.0,            ,132075018,0000000.0000,0000000.0,2482.82,0.278308,142075018,0000000.0000,0000000.0,11226.36,0.279535,63923.0,0.2573,2027-07-01
NK225E    ,OOP,202707,56000.0,            ,132076018,0000000.0000,0000000.0,2736.6,0.274331,142076018,0000000.0000,0000000.0,10492.9,0.275627,63923.0,0.2573,2027-07-01
NK225E    ,OOP,202707,57000.0,            ,132077018,0000000.0000,0000000.0,3013.74,0.270376,142077018,0000000.0000,0000000.0,9782.81,0.271475,63923.0,0.2573,2027-07-01
NK225E    ,OOP,202707,57500.0,            ,182077518,0000000.0000,0000000.0,3162.36,0.268648,192077518,0000000.0000,0000000.0,9437.81,0.269654,63923.0,0.2573,2027-07-01
NK225E    ,OOP,202707,57750.0,            ,182077718,0000000.0000,0000000.0,3238.69,0.26768,192077718,0000000.0000,0000000.0,9267.33,0.26877,63923.0,0.2573,2027-07-01
NK225E    ,OOP,202707,58000.0,            ,132078018,0000000.0000,0000000.0,3316.38,0.266645,142078018,0000000.0000,0000000.0,9098.21,0.267816,63923.0,0.2573,2027-07-01
NK225E    ,OOP,202707,58250.0,            ,182078218,0000000.0000,0000000.0,3396.76,0.265794,192078218,0000000.0000,0000000.0,8931.79,0.267045,63923.0,0.2573,2027-07-01
NK225E    ,OOP,202707,58500.0,            ,182078518,0000000.0000,0000000.0,3478.56,0.265121,192078518,0000000.0000,0000000.0,8766.77,0.266204,63923.0,0.2573,2027-07-01
NK225E    ,OOP,202707,58750.0,            ,182078718,0000000.0000,0000000.0,3561.77,0.264129,192078718,0000000.0000,0000000.0,8603.17,0.265292,63923.0,0.2573,2027-07-01
NK225E    ,OOP,202707,59000.0,            ,132079018,0000000.0000,0000000.0,3646.44,0.263314,142079018,0000000.0000,0000000.0,8441.03,0.264556,63923.0,0.2573,2027-07-01
NK225E    ,OOP,202707,59250.0,            ,182079218,0000000.0000,0000000.0,3733.98,0.262671,192079218,0000000.0000,0000000.0,8281.76,0.263749,63923.0,0.2573,2027-07-01
NK225E    ,OOP,202707,59500.0,            ,182079518,0000000.0000,0000000.0,3823.0,0.261954,192079518,0000000.0000,0000000.0,8123.97,0.262871,63923.0,0.2573,2027-07-01
NK225E    ,OOP,202707,59750.0,            ,182079718,0000000.0000,0000000.0,3913.51,0.261166,192079718,0000000.0000,0000000.0,7967.67,0.262162,63923.0,0.2573,2027-07-01
NK225E    ,OOP,202707,60000.0,            ,132070018,0000000.0000,0000000.0,4005.54,0.260307,142070018,0000000.0000,0000000.0,7812.9,0.261382,63923.0,0.2573,2027-07-01
NK225E    ,OOP,202707,60250.0,            ,182070218,0000000.0000,0000000.0,4100.57,0.259613,192070218,0000000.0000,0000000.0,7661.12,0.260767,63923.0,0.2573,2027-07-01
NK225E    ,OOP,202707,60500.0,            ,182070518,0000000.0000,0000000.0,4197.16,0.258847,192070518,0000000.0000,0000000.0,7510.9,0.260079,63923.0,0.2573,2027-07-01
NK225E    ,OOP,202707,60750.0,            ,182070718,0000000.0000,0000000.0,4295.29,0.258242,192070718,0000000.0000,0000000.0,7362.22,0.259318,63923.0,0.2573,2027-07-01
NK225E    ,OOP,202707,61000.0,            ,132071018,0000000.0000,0000000.0,4394.99,0.257564,142071018,0000000.0000,0000000.0,7215.11,0.258486,63923.0,0.2573,2027-07-01
NK225E    ,OOP,202707,61250.0,            ,182071218,0000000.0000,0000000.0,4497.76,0.256814,192071218,0000000.0000,0000000.0,7071.07,0.258045,63923.0,0.2573,2027-07-01
NK225E    ,OOP,202707,61500.0,            ,182071518,0000000.0000,0000000.0,4602.14,0.256221,192071518,0000000.0000,0000000.0,6928.64,0.257299,63923.0,0.2573,2027-07-01
NK225E    ,OOP,202707,61750.0,            ,182071718,0000000.0000,0000000.0,4708.12,0.255555,192071718,0000000.0000,0000000.0,6787.82,0.256711,63923.0,0.2573,2027-07-01
NK225E    ,OOP,202707,62000.0,            ,132072018,0000000.0000,0000000.0,4815.71,0.255043,142072018,0000000.0000,0000000.0,6648.59,0.256049,63923.0,0.2573,2027-07-01
NK225E    ,OOP,202707,62250.0,            ,182072218,0000000.0000,0000000.0,4926.39,0.254458,192072218,0000000.0000,0000000.0,6512.46,0.255541,63923.0,0.2573,2027-07-01
NK225E    ,OOP,202707,62500.0,            ,182072518,0000000.0000,0000000.0,5038.69,0.253799,192072518,0000000.0000,0000000.0,6377.95,0.25496,63923.0,0.2573,2027-07-01
NK225E    ,OOP,202707,62750.0,            ,182072718,0000000.0000,0000000.0,5152.66,0.253292,192072718,0000000.0000,0000000.0,6245.12,0.254306,63923.0,0.2573,2027-07-01
NK225E    ,OOP,202707,63000.0,            ,182073018,0000000.0000,0000000.0,5268.23,0.252712,192073018,0000000.0000,0000000.0,6113.87,0.253804,63923.0,0.2573,2027-07-01
NK225E    ,OOP,202707,63250.0,            ,132073218,0000000.0000,0000000.0,5386.86,0.252282,142073218,0000000.0000,0000000.0,5985.7,0.253228,63923.0,0.2573,2027-07-01
NK225E    ,OOP,202707,63500.0,            ,132073518,0000000.0000,0000000.0,5507.17,0.251778,142073518,0000000.0000,0000000.0,5859.19,0.252802,63923.0,0.2573,2027-07-01
NK225E    ,OOP,202707,63750.0,            ,132073718,0000000.0000,0000000.0,5629.09,0.251201,142073718,0000000.0000,0000000.0,5734.31,0.252304,63923.0,0.2573,2027-07-01
NK225E    ,OOP,202707,64000.0,            ,182074018,0000000.0000,0000000.0,5752.67,0.250773,192074018,0000000.0000,0000000.0,5611.08,0.251732,63923.0,0.2573,2027-07-01
NK225E    ,OOP,202707,64250.0,            ,132074218,0000000.0000,0000000.0,5879.23,0.250272,142074218,0000000.0000,0000000.0,5490.82,0.251309,63923.0,0.2573,2027-07-01
NK225E    ,OOP,202707,64500.0,            ,132074518,0000000.0000,0000000.0,6007.43,0.249919,142074518,0000000.0000,0000000.0,5372.22,0.250813,63923.0,0.2573,2027-07-01
NK225E    ,OOP,202707,64750.0,            ,132074718,0000000.0000,0000000.0,6137.29,0.249493,142074718,0000000.0000,0000000.0,5255.27,0.250466,63923.0,0.2573,2027-07-01
NK225E    ,OOP,202707,65000.0,            ,182075018,0000000.0000,0000000.0,6268.79,0.248993,192075018,0000000.0000,0000000.0,5139.96,0.250046,63923.0,0.2573,2027-07-01
NK225E    ,OOP,202707,65250.0,            ,132075218,0000000.0000,0000000.0,6403.12,0.248642,142075218,0000000.0000,0000000.0,5027.48,0.249554,63923.0,0.2573,2027-07-01
NK225E    ,OOP,202707,65500.0,            ,132075518,0000000.0000,0000000.0,6539.08,0.248219,142075518,0000000.0000,0000000.0,4916.64,0.24921,63923.0,0.2573,2027-07-01
NK225E    ,OOP,202707,65750.0,            ,132075718,0000000.0000,0000000.0,6676.69,0.247723,142075718,0000000.0000,0000000.0,4807.43,0.248794,63923.0,0.2573,2027-07-01
NK225E    ,OOP,202707,66000.0,            ,182076018,0000000.0000,0000000.0,6815.94,0.247375,192076018,0000000.0000,0000000.0,4699.88,0.248527,63923.0,0.2573,2027-07-01
NK225E    ,OOP,202707,66250.0,            ,132076218,0000000.0000,0000000.0,6957.85,0.247177,142076218,0000000.0000,0000000.0,4594.97,0.248188,63923.0,0.2573,2027-07-01
NK225E    ,OOP,202707,66500.0,            ,132076518,0000000.0000,0000000.0,7101.37,0.246686,142076518,0000000.0000,0000000.0,4491.68,0.247778,63923.0,0.2573,2027-07-01
NK225E    ,OOP,202707,66750.0,            ,132076718,0000000.0000,0000000.0,7246.5,0.246344,142076718,0000000.0000,0000000.0,4390.0,0.247518,63923.0,0.2573,2027-07-01
NK225E    ,OOP,202707,67000.0,            ,182077018,0000000.0000,0000000.0,7393.24,0.246153,192077018,0000000.0000,0000000.0,4289.93,0.247188,63923.0,0.2573,2027-07-01
NK225E    ,OOP,202707,67250.0,            ,132077218,0000000.0000,0000000.0,7542.44,0.245669,142077218,0000000.0000,0000000.0,4192.33,0.246786,63923.0,0.2573,2027-07-01
NK225E    ,OOP,202707,67500.0,            ,132077518,0000000.0000,0000000.0,7693.26,0.24556,142077518,0000000.0000,0000000.0,4096.34,0.246537,63923.0,0.2573,2027-07-01
NK225E    ,OOP,202707,67750.0,            ,132077718,0000000.0000,0000000.0,7845.62,0.245157,142077718,0000000.0000,0000000.0,4001.89,0.246218,63923.0,0.2573,2027-07-01
NK225E    ,OOP,202707,68000.0,            ,182078018,0000000.0000,0000000.0,7999.58,0.244907,192078018,0000000.0000,0000000.0,3909.04,0.245828,63923.0,0.2573,2027-07-01
NK225E    ,OOP,202707,68250.0,            ,132078218,0000000.0000,0000000.0,8155.8,0.244588,142078218,0000000.0000,0000000.0,3818.44,0.245593,63923.0,0.2573,2027-07-01
NK225E    ,OOP,202707,68500.0,            ,132078518,0000000.0000,0000000.0,8313.57,0.244425,142078518,0000000.0000,0000000.0,3729.41,0.245289,63923.0,0.2573,2027-07-01
NK225E    ,OOP,202707,68750.0,            ,132078718,0000000.0000,0000000.0,8472.86,0.243966,142078718,0000000.0000,0000000.0,3641.89,0.245142,63923.0,0.2573,2027-07-01
NK225E    ,OOP,202707,69000.0,            ,182079018,0000000.0000,0000000.0,8633.68,0.243665,192079018,0000000.0000,0000000.0,3555.9,0.244928,63923.0,0.2573,2027-07-01
NK225E    ,OOP,202707,69250.0,            ,132079218,0000000.0000,0000000.0,8796.58,0.243522,142079218,0000000.0000,0000000.0,3471.99,0.244645,63923.0,0.2573,2027-07-01
NK225E    ,OOP,202707,69500.0,            ,132079518,0000000.0000,0000000.0,8960.96,0.243312,142079518,0000000.0000,0000000.0,3389.56,0.244293,63923.0,0.2573,2027-07-01
NK225E    ,OOP,202707,69750.0,            ,132079718,0000000.0000,0000000.0,9126.82,0.243034,142079718,0000000.0000,0000000.0,3308.61,0.244104,63923.0,0.2573,2027-07-01
NK225E    ,OOP,202707,70000.0,            ,182070018,0000000.0000,0000000.0,9294.13,0.242688,192070018,0000000.0000,0000000.0,3229.12,0.243847,63923.0,0.2573,2027-07-01
NK225E    ,OOP,202707,70250.0,            ,132070218,0000000.0000,0000000.0,9463.35,0.242506,142070218,0000000.0000,0000000.0,3151.52,0.243755,63923.0,0.2573,2027-07-01
NK225E    ,OOP,202707,70500.0,            ,132070518,0000000.0000,0000000.0,9633.99,0.242257,142070518,0000000.0000,0000000.0,3075.36,0.243364,63923.0,0.2573,2027-07-01
NK225E    ,OOP,202707,70750.0,            ,132070718,0000000.0000,0000000.0,9806.05,0.242177,142070718,0000000.0000,0000000.0,3000.61,0.24314,63923.0,0.2573,2027-07-01
NK225E    ,OOP,202707,71000.0,            ,182071018,0000000.0000,0000000.0,9979.53,0.241795,192071018,0000000.0000,0000000.0,2927.28,0.243086,63923.0,0.2573,2027-07-01
NK225E    ,OOP,202707,71250.0,            ,132071218,0000000.0000,0000000.0,10154.74,0.241583,142071218,0000000.0000,0000000.0,2855.67,0.242731,63923.0,0.2573,2027-07-01
NK225E    ,OOP,202707,71500.0,            ,132071518,0000000.0000,0000000.0,10331.33,0.241545,142071518,0000000.0000,0000000.0,2785.45,0.242547,63923.0,0.2573,2027-07-01
NK225E    ,OOP,202707,71750.0,            ,132071718,0000000.0000,0000000.0,10509.27,0.241202,142071718,0000000.0000,0000000.0,2716.59,0.242298,63923.0,0.2573,2027-07-01
NK225E    ,OOP,202707,72000.0,            ,182072018,0000000.0000,0000000.0,10688.55,0.241035,192072018,0000000.0000,0000000.0,2649.06,0.242228,63923.0,0.2573,2027-07-01
NK225E    ,OOP,202707,72250.0,            ,132072218,0000000.0000,0000000.0,10869.41,0.240803,142072218,0000000.0000,0000000.0,2583.11,0.242094,63923.0,0.2573,2027-07-01
NK225E    ,OOP,202707,72500.0,            ,132072518,0000000.0000,0000000.0,11051.6,0.240754,142072518,0000000.0000,0000000.0,2518.49,0.241897,63923.0,0.2573,2027-07-01
NK225E    ,OOP,202707,72750.0,            ,132072718,0000000.0000,0000000.0,11235.07,0.240393,142072718,0000000.0000,0000000.0,2455.15,0.241635,63923.0,0.2573,2027-07-01
NK225E    ,OOP,202707,73000.0,            ,132193018,0000000.0000,0000000.0,11419.81,0.240217,142193018,0000000.0000,0000000.0,2393.09,0.24156,63923.0,0.2573,2027-07-01
NK225E    ,OOP,202707,73250.0,            ,182073218,0000000.0000,0000000.0,11606.07,0.239977,192073218,0000000.0000,0000000.0,2332.53,0.24117,63923.0,0.2573,2027-07-01
NK225E    ,OOP,202707,74000.0,            ,132194018,0000000.0000,0000000.0,12172.18,0.239648,142194018,0000000.0000,0000000.0,2158.22,0.240636,63923.0,0.2573,2027-07-01
NK225E    ,OOP,202707,75000.0,            ,132195018,0000000.0000,0000000.0,12944.53,0.238872,142195018,0000000.0000,0000000.0,1943.33,0.240019,63923.0,0.2573,2027-07-01
NK225E    ,OOP,202707,76000.0,            ,132196018,0000000.0000,0000000.0,13735.95,0.238203,142196018,0000000.0000,0000000.0,1747.51,0.239527,63923.0,0.2573,2027-07-01
NK225E    ,OOP,202707,77000.0,            ,132197018,0000000.0000,0000000.0,14545.61,0.237719,142197018,0000000.0000,0000000.0,1569.93,0.239237,63923.0,0.2573,2027-07-01
NK225E    ,OOP,202707,78000.0,            ,132198018,0000000.0000,0000000.0,15372.82,0.237202,142198018,0000000.0000,0000000.0,1409.9,0.238626,63923.0,0.2573,2027-07-01
NK225E    ,OOP,202707,79000.0,            ,132199018,0000000.0000,0000000.0,16216.96,0.237042,142199018,0000000.0000,0000000.0,1266.8,0.238687,63923.0,0.2573,2027-07-01
NK225E    ,OOP,202707,80000.0,            ,132190018,0000000.0000,0000000.0,17077.55,0.237022,142190018,0000000.0000,0000000.0,1140.16,0.238235,63923.0,0.2573,2027-07-01
NK225E    ,OOP,202707,81000.0,            ,132191018,0000000.0000,0000000.0,17954.09,0.23724,142191018,0000000.0000,0000000.0,1029.46,0.239036,63923.0,0.2573,2027-07-01
NK225E    ,OOP,202707,82000.0,            ,132192018,0000000.0000,0000000.0,18846.23,0.238196,142192018,0000000.0000,0000000.0,934.37,0.239879,63923.0,0.2573,2027-07-01
NK225E    ,OOP,202707,83000.0,            ,182193018,0000000.0000,0000000.0,19753.63,0.239271,192193018,0000000.0000,0000000.0,854.53,0.241228,63923.0,0.2573,2027-07-01
NK225E    ,OOP,202708,53000.0,            ,132083018,0000000.0000,0000000.0,2244.38,0.284778,142083018,0000000.0000,0000000.0,13039.44,0.286537,63923.0,0.2573,2027-08-01
NK225E    ,OOP,202708,54000.0,            ,132084018,0000000.0000,0000000.0,2474.97,0.281069,142084018,0000000.0000,0000000.0,12284.29,0.282784,63923.0,0.2573,2027-08-01
NK225E    ,OOP,202708,55000.0,            ,132085018,0000000.0000,0000000.0,2718.09,0.277234,142085018,0000000.0000,0000000.0,11541.67,0.278645,63923.0,0.2573,2027-08-01
NK225E    ,OOP,202708,56000.0,            ,132086018,0000000.0000,0000000.0,2977.58,0.273247,142086018,0000000.0000,0000000.0,10815.43,0.274638,63923.0,0.2573,2027-08-01
NK225E    ,OOP,202708,57000.0,            ,132087018,0000000.0000,0000000.0,3257.19,0.269086,142087018,0000000.0000,0000000.0,10109.3,0.270461,63923.0,0.2573,2027-08-01
NK225E    ,OOP,202708,58000.0,            ,132088018,0000000.0000,0000000.0,3560.36,0.265442,142088018,0000000.0000,0000000.0,9426.73,0.266805,63923.0,0.2573,2027-08-01
NK225E    ,OOP,202708,59000.0,            ,132089018,0000000.0000,0000000.0,3890.17,0.261995,142089018,0000000.0000,0000000.0,8770.8,0.26312,63923.0,0.2573,2027-08-01
NK225E    ,OOP,202708,59500.0,            ,182089518,0000000.0000,0000000.0,4066.85,0.260358,192089518,0000000.0000,0000000.0,8454.61,0.261597,63923.0,0.2573,2027-08-01
NK225E    ,OOP,202708,59750.0,            ,182089718,0000000.0000,0000000.0,4157.29,0.259558,192089718,0000000.0000,0000000.0,8298.62,0.260854,63923.0,0.2573,2027-08-01
NK225E    ,OOP,202708,60000.0,            ,132080018,0000000.0000,0000000.0,4249.15,0.258695,142080018,0000000.0000,0000000.0,8144.04,0.260047,63923.0,0.2573,2027-08-01
NK225E    ,OOP,202708,60250.0,            ,182080218,0000000.0000,0000000.0,4344.46,0.257992,192080218,0000000.0000,0000000.0,7992.92,0.2594,63923.0,0.2573,2027-08-01
NK225E    ,OOP,202708,60500.0,            ,182080518,0000000.0000,0000000.0,4441.24,0.257447,192080518,0000000.0000,0000000.0,7843.25,0.258689,63923.0,0.2573,2027-08-01
NK225E    ,OOP,202708,60750.0,            ,182080718,0000000.0000,0000000.0,4539.52,0.256615,192080718,0000000.0000,0000000.0,7695.1,0.257913,63923.0,0.2573,2027-08-01
NK225E    ,OOP,202708,61000.0,            ,132081018,0000000.0000,0000000.0,4639.25,0.255939,142081018,0000000.0000,0000000.0,7548.4,0.257293,63923.0,0.2573,2027-08-01
NK225E    ,OOP,202708,61250.0,            ,182081218,0000000.0000,0000000.0,4742.57,0.255416,192081218,0000000.0000,0000000.0,7405.29,0.256607,63923.0,0.2573,2027-08-01
NK225E    ,OOP,202708,61500.0,            ,182081518,0000000.0000,0000000.0,4847.47,0.254827,192081518,0000000.0000,0000000.0,7263.75,0.256075,63923.0,0.2573,2027-08-01
NK225E    ,OOP,202708,61750.0,            ,182081718,0000000.0000,0000000.0,4953.86,0.254172,192081718,0000000.0000,0000000.0,7123.71,0.255477,63923.0,0.2573,2027-08-01
NK225E    ,OOP,202708,62000.0,            ,132082018,0000000.0000,0000000.0,5061.77,0.253668,142082018,0000000.0000,0000000.0,6985.18,0.254813,63923.0,0.2573,2027-08-01
NK225E    ,OOP,202708,62250.0,            ,182082218,0000000.0000,0000000.0,5173.33,0.253097,192082218,0000000.0000,0000000.0,6850.31,0.2543,63923.0,0.2573,2027-08-01
NK225E    ,OOP,202708,62500.0,            ,182082518,0000000.0000,0000000.0,5286.43,0.252461,192082518,0000000.0000,0000000.0,6716.97,0.25372,63923.0,0.2573,2027-08-01
NK225E    ,OOP,202708,62750.0,            ,182082718,0000000.0000,0000000.0,5401.1,0.251973,192082718,0000000.0000,0000000.0,6585.21,0.253289,63923.0,0.2573,2027-08-01
NK225E    ,OOP,202708,63000.0,            ,182083018,0000000.0000,0000000.0,5517.32,0.251631,192083018,0000000.0000,0000000.0,6455.0,0.252791,63923.0,0.2573,2027-08-01
NK225E    ,OOP,202708,63250.0,            ,182083218,0000000.0000,0000000.0,5637.08,0.25101,192083218,0000000.0000,0000000.0,6328.32,0.252228,63923.0,0.2573,2027-08-01
NK225E    ,OOP,202708,63500.0,            ,132083518,0000000.0000,0000000.0,5758.42,0.250747,142083518,0000000.0000,0000000.0,6203.23,0.251811,63923.0,0.2573,2027-08-01
NK225E    ,OOP,202708,63750.0,            ,132083718,0000000.0000,0000000.0,5881.33,0.250207,142083718,0000000.0000,0000000.0,6079.7,0.251539,63923.0,0.2573,2027-08-01
NK225E    ,OOP,202708,64000.0,            ,182084018,0000000.0000,0000000.0,6005.8,0.249811,192084018,0000000.0000,0000000.0,5957.73,0.250991,63923.0,0.2573,2027-08-01
NK225E    ,OOP,202708,64250.0,            ,132084218,0000000.0000,0000000.0,6133.62,0.249559,142084218,0000000.0000,0000000.0,5839.11,0.250587,63923.0,0.2573,2027-08-01
NK225E    ,OOP,202708,64500.0,            ,132084518,0000000.0000,0000000.0,6263.0,0.249032,142084518,0000000.0000,0000000.0,5722.06,0.250328,63923.0,0.2573,2027-08-01
NK225E    ,OOP,202708,64750.0,            ,132084718,0000000.0000,0000000.0,6393.94,0.248859,142084718,0000000.0000,0000000.0,5606.57,0.250004,63923.0,0.2573,2027-08-01
NK225E    ,OOP,202708,65000.0,            ,182085018,0000000.0000,0000000.0,6526.47,0.24841,192085018,0000000.0000,0000000.0,5492.66,0.249615,63923.0,0.2573,2027-08-01
NK225E    ,OOP,202708,65250.0,            ,132085218,0000000.0000,0000000.0,6662.06,0.248106,142085218,0000000.0000,0000000.0,5381.82,0.249369,63923.0,0.2573,2027-08-01
NK225E    ,OOP,202708,65500.0,            ,132085518,0000000.0000,0000000.0,6799.22,0.247946,142085518,0000000.0000,0000000.0,5272.54,0.24906,63923.0,0.2573,2027-08-01
NK225E    ,OOP,202708,65750.0,            ,132085718,0000000.0000,0000000.0,6937.9,0.247512,142085718,0000000.0000,0000000.0,5164.79,0.248686,63923.0,0.2573,2027-08-01
NK225E    ,OOP,202708,66000.0,            ,182086018,0000000.0000,0000000.0,7078.15,0.247223,192086018,0000000.0000,0000000.0,5058.61,0.248456,63923.0,0.2573,2027-08-01
NK225E    ,OOP,202708,66250.0,            ,132086218,0000000.0000,0000000.0,7221.1,0.247078,142086218,0000000.0000,0000000.0,4955.12,0.248163,63923.0,0.2573,2027-08-01
NK225E    ,OOP,202708,66500.0,            ,132086518,0000000.0000,0000000.0,7365.61,0.246869,142086518,0000000.0000,0000000.0,4853.19,0.248015,63923.0,0.2573,2027-08-01
NK225E    ,OOP,202708,66750.0,            ,132086718,0000000.0000,0000000.0,7511.62,0.246597,142086718,0000000.0000,0000000.0,4752.77,0.247805,63923.0,0.2573,2027-08-01
NK225E    ,OOP,202708,67000.0,            ,182087018,0000000.0000,0000000.0,7659.15,0.246262,192087018,0000000.0000,0000000.0,4653.86,0.247531,63923.0,0.2573,2027-08-01
NK225E    ,OOP,202708,67250.0,            ,132087218,0000000.0000,0000000.0,7809.03,0.246073,142087218,0000000.0000,0000000.0,4557.31,0.247404,63923.0,0.2573,2027-08-01
NK225E    ,OOP,202708,67500.0,            ,132087518,0000000.0000,0000000.0,7960.4,0.245822,142087518,0000000.0000,0000000.0,4462.25,0.247215,63923.0,0.2573,2027-08-01
NK225E    ,OOP,202708,67750.0,            ,132087718,0000000.0000,0000000.0,8113.25,0.245718,142087718,0000000.0000,0000000.0,4368.66,0.246964,63923.0,0.2573,2027-08-01
NK225E    ,OOP,202708,68000.0,            ,182088018,0000000.0000,0000000.0,8267.56,0.245553,192088018,0000000.0000,0000000.0,4276.54,0.246651,63923.0,0.2573,2027-08-01
NK225E    ,OOP,202708,68250.0,            ,132088218,0000000.0000,0000000.0,8423.85,0.245326,142088218,0000000.0000,0000000.0,4186.39,0.246487,63923.0,0.2573,2027-08-01
NK225E    ,OOP,202708,68500.0,            ,132088518,0000000.0000,0000000.0,8581.58,0.24525,142088518,0000000.0000,0000000.0,4097.69,0.246263,63923.0,0.2573,2027-08-01
NK225E    ,OOP,202708,68750.0,            ,132088718,0000000.0000,0000000.0,8740.75,0.2449,142088718,0000000.0000,0000000.0,4010.42,0.24619,63923.0,0.2573,2027-08-01
NK225E    ,OOP,202708,69000.0,            ,182089018,0000000.0000,0000000.0,8901.33,0.244702,192089018,0000000.0000,0000000.0,3924.57,0.246057,63923.0,0.2573,2027-08-01
NK225E    ,OOP,202708,69250.0,            ,132089218,0000000.0000,0000000.0,9063.51,0.244657,142089218,0000000.0000,0000000.0,3840.31,0.245865,63923.0,0.2573,2027-08-01
NK225E    ,OOP,202708,69500.0,            ,132089518,0000000.0000,0000000.0,9227.11,0.244553,142089518,0000000.0000,0000000.0,3757.48,0.245612,63923.0,0.2573,2027-08-01
NK225E    ,OOP,202708,69750.0,            ,132089718,0000000.0000,0000000.0,9392.09,0.24439,142089718,0000000.0000,0000000.0,3676.02,0.245515,63923.0,0.2573,2027-08-01
NK225E    ,OOP,202708,70000.0,            ,182080018,0000000.0000,0000000.0,9558.44,0.244167,192080018,0000000.0000,0000000.0,3595.94,0.245359,63923.0,0.2573,2027-08-01
NK225E    ,OOP,202708,70250.0,            ,132080218,0000000.0000,0000000.0,9726.06,0.243885,142080218,0000000.0000,0000000.0,3517.12,0.245144,63923.0,0.2573,2027-08-01
NK225E    ,OOP,202708,70500.0,            ,132080518,0000000.0000,0000000.0,9895.04,0.243761,142080518,0000000.0000,0000000.0,3439.67,0.245089,63923.0,0.2573,2027-08-01
NK225E    ,OOP,202708,70750.0,            ,132080718,0000000.0000,0000000.0,10065.34,0.243579,142080718,0000000.0000,0000000.0,3363.53,0.244756,63923.0,0.2573,2027-08-01
NK225E    ,OOP,202708,71000.0,            ,182081018,0000000.0000,0000000.0,10236.98,0.243338,192081018,0000000.0000,0000000.0,3288.74,0.244585,63923.0,0.2573,2027-08-01
NK225E    ,OOP,202708,71250.0,            ,132081218,0000000.0000,0000000.0,10409.61,0.24326,142081218,0000000.0000,0000000.0,3214.94,0.244577,63923.0,0.2573,2027-08-01
NK225E    ,OOP,202708,71500.0,            ,132081518,0000000.0000,0000000.0,10583.56,0.243125,142081518,0000000.0000,0000000.0,3142.45,0.244291,63923.0,0.2573,2027-08-01
NK225E    ,OOP,202708,71750.0,            ,132081718,0000000.0000,0000000.0,10758.78,0.242933,142081718,0000000.0000,0000000.0,3071.23,0.24417,63923.0,0.2573,2027-08-01
NK225E    ,OOP,202708,72000.0,            ,182082018,0000000.0000,0000000.0,10935.28,0.242684,192082018,0000000.0000,0000000.0,3001.3,0.243992,63923.0,0.2573,2027-08-01
NK225E    ,OOP,202708,72250.0,            ,132082218,0000000.0000,0000000.0,11112.6,0.242376,142082218,0000000.0000,0000000.0,2932.19,0.243758,63923.0,0.2573,2027-08-01
NK225E    ,OOP,202708,72500.0,            ,132082518,0000000.0000,0000000.0,11291.2,0.242238,142082518,0000000.0000,0000000.0,2864.35,0.243466,63923.0,0.2573,2027-08-01
NK225E    ,OOP,202708,72750.0,            ,132082718,0000000.0000,0000000.0,11471.01,0.242044,142082718,0000000.0000,0000000.0,2797.72,0.243346,63923.0,0.2573,2027-08-01
NK225E    ,OOP,202708,73000.0,            ,132203018,0000000.0000,0000000.0,11652.06,0.241793,142203018,0000000.0000,0000000.0,2732.34,0.243171,63923.0,0.2573,2027-08-01
NK225E    ,OOP,202708,73250.0,            ,132083218,0000000.0000,0000000.0,11833.83,0.241484,142083218,0000000.0000,0000000.0,2667.67,0.242939,63923.0,0.2573,2027-08-01
NK225E    ,OOP,202708,74000.0,            ,132204018,0000000.0000,0000000.0,12386.33,0.240925,142204018,0000000.0000,0000000.0,2480.87,0.242142,63923.0,0.2573,2027-08-01
NK225E    ,OOP,202708,75000.0,            ,132205018,0000000.0000,0000000.0,13137.63,0.239879,142205018,0000000.0000,0000000.0,2246.44,0.241174,63923.0,0.2573,2027-08-01
NK225E    ,OOP,202708,76000.0,            ,132206018,0000000.0000,0000000.0,13905.82,0.238678,142206018,0000000.0000,0000000.0,2028.88,0.240318,63923.0,0.2573,2027-08-01
NK225E    ,OOP,202708,77000.0,            ,132207018,0000000.0000,0000000.0,14691.18,0.23762,142207018,0000000.0000,0000000.0,1828.5,0.239368,63923.0,0.2573,2027-08-01
NK225E    ,OOP,202708,78000.0,            ,132208018,0000000.0000,0000000.0,15494.3,0.236771,142208018,0000000.0000,0000000.0,1645.89,0.238361,63923.0,0.2573,2027-08-01
NK225E    ,OOP,202708,79000.0,            ,132209018,0000000.0000,0000000.0,16316.05,0.235922,142209018,0000000.0000,0000000.0,1481.9,0.237632,63923.0,0.2573,2027-08-01
NK225E    ,OOP,202708,80000.0,            ,132200018,0000000.0000,0000000.0,17157.46,0.235436,142200018,0000000.0000,0000000.0,1337.57,0.237278,63923.0,0.2573,2027-08-01
NK225E    ,OOP,202708,81000.0,            ,132201018,0000000.0000,0000000.0,18019.66,0.235756,142201018,0000000.0000,0000000.0,1214.03,0.237415,63923.0,0.2573,2027-08-01
NK225E    ,OOP,202708,82000.0,            ,132202018,0000000.0000,0000000.0,18903.9,0.236726,142202018,0000000.0000,0000000.0,1112.53,0.238516,63923.0,0.2573,2027-08-01
NK225E    ,OOP,202708,83000.0,            ,182203018,0000000.0000,0000000.0,19811.6,0.238503,192203018,0000000.0000,0000000.0,1034.49,0.240426,63923.0,0.2573,2027-08-01
NK225E    ,OOP,202709,20000.0,            ,182210018,0000000.0000,0000000.0,63.9,0.509319,192210018,0000000.0000,0000000.0,43377.56,0.626794,63923.0,0.2573,2027-09-01
NK225E    ,OOP,202709,21000.0,            ,182211018,0000000.0000,0000000.0,71.2,0.496746,192211018,0000000.0000,0000000.0,42400.32,0.603998,63923.0,0.2573,2027-09-01
NK225E    ,OOP,202709,22000.0,            ,182212018,0000000.0000,0000000.0,79.33,0.484036,192212018,0000000.0000,0000000.0,41423.9,0.584223,63923.0,0.2573,2027-09-01
NK225E    ,OOP,202709,23000.0,            ,182213018,0000000.0000,0000000.0,88.4,0.47129,192213018,0000000.0000,0000000.0,40448.43,0.565209,63923.0,0.2573,2027-09-01
NK225E    ,OOP,202709,24000.0,            ,182214018,0000000.0000,0000000.0,98.55,0.45994,192214018,0000000.0000,0000000.0,39474.04,0.546886,63923.0,0.2573,2027-09-01
NK225E    ,OOP,202709,25000.0,            ,182215018,0000000.0000,0000000.0,109.93,0.449642,192215018,0000000.0000,0000000.0,38500.88,0.529194,63923.0,0.2573,2027-09-01
NK225E    ,OOP,202709,26000.0,            ,182216018,0000000.0000,0000000.0,122.71,0.439031,192216018,0000000.0000,0000000.0,37529.11,0.513636,63923.0,0.2573,2027-09-01
NK225E    ,OOP,202709,27000.0,            ,182217018,0000000.0000,0000000.0,137.05,0.429206,192217018,0000000.0000,0000000.0,36558.91,0.498439,63923.0,0.2573,2027-09-01
NK225E    ,OOP,202709,28000.0,            ,182218018,0000000.0000,0000000.0,153.16,0.419971,192218018,0000000.0000,0000000.0,35590.48,0.483577,63923.0,0.2573,2027-09-01
NK225E    ,OOP,202709,29000.0,            ,132339018,0000000.0000,0000000.0,171.26,0.411171,142339018,0000000.0000,0000000.0,34624.04,0.469031,63923.0,0.2573,2027-09-01
NK225E    ,OOP,202709,30000.0,            ,132330018,0000000.0000,0000000.0,191.6,0.402688,142330018,0000000.0000,0000000.0,33659.83,0.456007,63923.0,0.2573,2027-09-01
NK225E    ,OOP,202709,31000.0,            ,132331018,0000000.0000,0000000.0,214.43,0.394432,142331018,0000000.0000,0000000.0,32698.12,0.444269,63923.0,0.2573,2027-09-01
NK225E    ,OOP,202709,32000.0,            ,132332018,0000000.0000,0000000.0,240.05,0.38663,142332018,0000000.0000,0000000.0,31739.2,0.432532,63923.0,0.2573,2027-09-01
NK225E    ,OOP,202709,33000.0,            ,132333018,0000000.0000,0000000.0,268.78,0.379417,142333018,0000000.0000,0000000.0,30783.39,0.421813,63923.0,0.2573,2027-09-01
NK225E    ,OOP,202709,34000.0,            ,132334018,0000000.0000,0000000.0,300.96,0.372129,142334018,0000000.0000,0000000.0,29831.03,0.411,63923.0,0.2573,2027-09-01
NK225E    ,OOP,202709,35000.0,            ,132335018,0000000.0000,0000000.0,336.97,0.366086,142335018,0000000.0000,0000000.0,28882.49,0.400994,63923.0,0.2573,2027-09-01
NK225E    ,OOP,202709,36000.0,            ,132336018,0000000.0000,0000000.0,377.22,0.359527,142336018,0000000.0000,0000000.0,27938.2,0.391649,63923.0,0.2573,2027-09-01
NK225E    ,OOP,202709,37000.0,            ,132337018,0000000.0000,0000000.0,422.16,0.352366,142337018,0000000.0000,0000000.0,26998.6,0.382838,63923.0,0.2573,2027-09-01
NK225E    ,OOP,202709,38000.0,            ,132338018,0000000.0000,0000000.0,472.27,0.346395,142338018,0000000.0000,0000000.0,26064.17,0.374451,63923.0,0.2573,2027-09-01
NK225E    ,OOP,202709,39000.0,            ,132099018,0000000.0000,0000000.0,528.09,0.340528,142099018,0000000.0000,0000000.0,25135.44,0.366393,63923.0,0.2573,2027-09-01
NK225E    ,OOP,202709,40000.0,            ,132090018,0000000.0000,0000000.0,590.17,0.3347,142090018,0000000.0000,0000000.0,24212.98,0.359204,63923.0,0.2573,2027-09-01
NK225E    ,OOP,202709,41000.0,            ,132091018,0000000.0000,0000000.0,659.11,0.329506,142091018,0000000.0000,0000000.0,23297.38,0.351544,63923.0,0.2573,2027-09-01
NK225E    ,OOP,202709,42000.0,            ,132092018,0000000.0000,0000000.0,735.58,0.324165,142092018,0000000.0000,0000000.0,22389.31,0.344555,63923.0,0.2573,2027-09-01
NK225E    ,OOP,202709,43000.0,            ,132093018,0000000.0000,0000000.0,820.29,0.31921,142093018,0000000.0000,0000000.0,21489.48,0.338086,63923.0,0.2573,2027-09-01
NK225E    ,OOP,202709,44000.0,            ,132094018,0000000.0000,0000000.0,913.99,0.314008,142094018,0000000.0000,0000000.0,20598.64,0.332009,63923.0,0.2573,2027-09-01
NK225E    ,OOP,202709,45000.0,            ,132095018,0000000.0000,0000000.0,1017.48,0.309034,142095018,0000000.0000,0000000.0,19717.58,0.32578,63923.0,0.2573,2027-09-01
NK225E    ,OOP,202709,46000.0,            ,132096018,0000000.0000,0000000.0,1131.6,0.304632,142096018,0000000.0000,0000000.0,18847.16,0.320217,63923.0,0.2573,2027-09-01
NK225E    ,OOP,202709,47000.0,            ,132097018,0000000.0000,0000000.0,1257.28,0.300235,142097018,0000000.0000,0000000.0,17988.3,0.314778,63923.0,0.2573,2027-09-01
NK225E    ,OOP,202709,47250.0,            ,182097218,0000000.0000,0000000.0,1290.61,0.298907,192097218,0000000.0000,0000000.0,17775.5,0.313312,63923.0,0.2573,2027-09-01
NK225E    ,OOP,202709,47500.0,            ,132217518,0000000.0000,0000000.0,1324.75,0.297925,142217518,0000000.0000,0000000.0,17563.5,0.311805,63923.0,0.2573,2027-09-01
NK225E    ,OOP,202709,47750.0,            ,182097718,0000000.0000,0000000.0,1359.68,0.296887,192097718,0000000.0000,0000000.0,17352.29,0.310629,63923.0,0.2573,2027-09-01
NK225E    ,OOP,202709,48000.0,            ,132098018,0000000.0000,0000000.0,1395.45,0.295795,142098018,0000000.0000,0000000.0,17141.93,0.309404,63923.0,0.2573,2027-09-01
NK225E    ,OOP,202709,48250.0,            ,182098218,0000000.0000,0000000.0,1432.06,0.294651,192098218,0000000.0000,0000000.0,16932.4,0.308132,63923.0,0.2573,2027-09-01
NK225E    ,OOP,202709,48500.0,            ,182098518,0000000.0000,0000000.0,1469.55,0.293455,192098518,0000000.0000,0000000.0,16723.75,0.306814,63923.0,0.2573,2027-09-01
NK225E    ,OOP,202709,48750.0,            ,182098718,0000000.0000,0000000.0,1507.89,0.292571,192098718,0000000.0000,0000000.0,16515.96,0.305452,63923.0,0.2573,2027-09-01
NK225E    ,OOP,202709,49000.0,            ,182099018,0000000.0000,0000000.0,1547.13,0.291629,192099018,0000000.0000,0000000.0,16309.06,0.304389,63923.0,0.2573,2027-09-01
NK225E    ,OOP,202709,49250.0,            ,182099218,0000000.0000,0000000.0,1587.29,0.290629,192099218,0000000.0000,0000000.0,16103.09,0.302937,63923.0,0.2573,2027-09-01
NK225E    ,OOP,202709,49500.0,            ,132099518,0000000.0000,0000000.0,1628.36,0.289574,142099518,0000000.0000,0000000.0,15898.02,0.301777,63923.0,0.2573,2027-09-01
NK225E    ,OOP,202709,49750.0,            ,132099718,0000000.0000,0000000.0,1670.37,0.288467,142099718,0000000.0000,0000000.0,15693.9,0.300568,63923.0,0.2573,2027-09-01
NK225E    ,OOP,202709,50000.0,            ,182090018,0000000.0000,0000000.0,1713.36,0.287307,192090018,0000000.0000,0000000.0,15490.76,0.299635,63923.0,0.2573,2027-09-01
NK225E    ,OOP,202709,50250.0,            ,132090218,0000000.0000,0000000.0,1757.32,0.286426,142090218,0000000.0000,0000000.0,15288.57,0.298328,63923.0,0.2573,2027-09-01
NK225E    ,OOP,202709,50500.0,            ,132090518,0000000.0000,0000000.0,1802.26,0.285487,142090518,0000000.0000,0000000.0,15087.39,0.297291,63923.0,0.2573,2027-09-01
NK225E    ,OOP,202709,50750.0,            ,132090718,0000000.0000,0000000.0,1848.22,0.284491,142090718,0000000.0000,0000000.0,14887.21,0.295891,63923.0,0.2573,2027-09-01
NK225E    ,OOP,202709,51000.0,            ,182091018,0000000.0000,0000000.0,1895.22,0.283441,192091018,0000000.0000,0000000.0,14688.07,0.295061,63923.0,0.2573,2027-09-01
NK225E    ,OOP,202709,51250.0,            ,132091218,0000000.0000,0000000.0,1943.24,0.282647,142091218,0000000.0000,0000000.0,14489.96,0.293872,63923.0,0.2573,2027-09-01
NK225E    ,OOP,202709,51500.0,            ,132091518,0000000.0000,0000000.0,1992.34,0.281488,142091518,0000000.0000,0000000.0,14292.93,0.292634,63923.0,0.2573,2027-09-01
NK225E    ,OOP,202709,51750.0,            ,132091718,0000000.0000,0000000.0,2042.52,0.28058,142091718,0000000.0000,0000000.0,14096.96,0.291644,63923.0,0.2573,2027-09-01
NK225E    ,OOP,202709,52000.0,            ,182092018,0000000.0000,0000000.0,2093.81,0.279614,192092018,0000000.0000,0000000.0,13902.12,0.290601,63923.0,0.2573,2027-09-01
NK225E    ,OOP,202709,52250.0,            ,132092218,0000000.0000,0000000.0,2146.21,0.278887,142092218,0000000.0000,0000000.0,13708.38,0.289506,63923.0,0.2573,2027-09-01
NK225E    ,OOP,202709,52500.0,            ,132092518,0000000.0000,0000000.0,2199.74,0.277809,142092518,0000000.0000,0000000.0,13515.78,0.28836,63923.0,0.2573,2027-09-01
NK225E    ,OOP,202709,52750.0,            ,132092718,0000000.0000,0000000.0,2254.43,0.276963,142092718,0000000.0000,0000000.0,13324.33,0.287446,63923.0,0.2573,2027-09-01
NK225E    ,OOP,202709,53000.0,            ,182093018,0000000.0000,0000000.0,2310.27,0.27606,192093018,0000000.0000,0000000.0,13134.04,0.286476,63923.0,0.2573,2027-09-01
NK225E    ,OOP,202709,53250.0,            ,132093218,0000000.0000,0000000.0,2367.32,0.275099,142093218,0000000.0000,0000000.0,12944.96,0.285453,63923.0,0.2573,2027-09-01
NK225E    ,OOP,202709,53500.0,            ,132093518,0000000.0000,0000000.0,2425.57,0.274358,142093518,0000000.0000,0000000.0,12757.07,0.284377,63923.0,0.2573,2027-09-01
NK225E    ,OOP,202709,53750.0,            ,132093718,0000000.0000,0000000.0,2485.04,0.273557,142093718,0000000.0000,0000000.0,12570.4,0.283249,63923.0,0.2573,2027-09-01
NK225E    ,OOP,202709,54000.0,            ,182094018,0000000.0000,0000000.0,2545.76,0.272696,192094018,0000000.0000,0000000.0,12384.98,0.282337,63923.0,0.2573,2027-09-01
NK225E    ,OOP,202709,54250.0,            ,132094218,0000000.0000,0000000.0,2607.74,0.271777,142094218,0000000.0000,0000000.0,12200.83,0.281369,63923.0,0.2573,2027-09-01
NK225E    ,OOP,202709,54500.0,            ,132094518,0000000.0000,0000000.0,2671.0,0.270802,142094518,0000000.0000,0000000.0,12017.95,0.280348,63923.0,0.2573,2027-09-01
NK225E    ,OOP,202709,54750.0,            ,132094718,0000000.0000,0000000.0,2735.56,0.270031,142094718,0000000.0000,0000000.0,11836.38,0.27953,63923.0,0.2573,2027-09-01
NK225E    ,OOP,202709,55000.0,            ,182095018,0000000.0000,0000000.0,2801.43,0.269201,192095018,0000000.0000,0000000.0,11656.12,0.278655,63923.0,0.2573,2027-09-01
NK225E    ,OOP,202709,55250.0,            ,132095218,0000000.0000,0000000.0,2868.62,0.268312,142095218,0000000.0000,0000000.0,11477.17,0.277724,63923.0,0.2573,2027-09-01
NK225E    ,OOP,202709,55500.0,            ,132095518,0000000.0000,0000000.0,2937.18,0.267616,142095518,0000000.0000,0000000.0,11299.59,0.276739,63923.0,0.2573,2027-09-01
NK225E    ,OOP,202709,55750.0,            ,132095718,0000000.0000,0000000.0,3007.08,0.26686,142095718,0000000.0000,0000000.0,11123.36,0.2757,63923.0,0.2573,2027-09-01
NK225E    ,OOP,202709,56000.0,            ,182096018,0000000.0000,0000000.0,3078.38,0.266044,192096018,0000000.0000,0000000.0,10948.53,0.274852,63923.0,0.2573,2027-09-01
NK225E    ,OOP,202709,56250.0,            ,132096218,0000000.0000,0000000.0,3151.07,0.265169,142096218,0000000.0000,0000000.0,10775.08,0.273948,63923.0,0.2573,2027-09-01
NK225E    ,OOP,202709,56500.0,            ,132096518,0000000.0000,0000000.0,3225.19,0.264478,142096518,0000000.0000,0000000.0,10603.06,0.273228,63923.0,0.2573,2027-09-01
NK225E    ,OOP,202709,56750.0,            ,132096718,0000000.0000,0000000.0,3300.73,0.263488,142096718,0000000.0000,0000000.0,10432.46,0.272449,63923.0,0.2573,2027-09-01
NK225E    ,OOP,202709,57000.0,            ,182097018,0000000.0000,0000000.0,3377.73,0.262915,192097018,0000000.0000,0000000.0,10263.33,0.271613,63923.0,0.2573,2027-09-01
NK225E    ,OOP,202709,57250.0,            ,132097218,0000000.0000,0000000.0,3456.2,0.262044,142097218,0000000.0000,0000000.0,10095.66,0.27072,63923.0,0.2573,2027-09-01
NK225E    ,OOP,202709,57500.0,            ,132097518,0000000.0000,0000000.0,3536.12,0.261349,142097518,0000000.0000,0000000.0,9929.45,0.269771,63923.0,0.2573,2027-09-01
NK225E    ,OOP,202709,57750.0,            ,132097718,0000000.0000,0000000.0,3617.56,0.260592,142097718,0000000.0000,0000000.0,9764.76,0.268997,63923.0,0.2573,2027-09-01
NK225E    ,OOP,202709,58000.0,            ,182098018,0000000.0000,0000000.0,3700.51,0.259776,192098018,0000000.0000,0000000.0,9601.57,0.268166,63923.0,0.2573,2027-09-01
NK225E    ,OOP,202709,58250.0,            ,132098218,0000000.0000,0000000.0,3784.98,0.259129,142098218,0000000.0000,0000000.0,9439.91,0.267503,63923.0,0.2573,2027-09-01
NK225E    ,OOP,202709,58500.0,            ,132098518,0000000.0000,0000000.0,3871.01,0.25842,142098518,0000000.0000,0000000.0,9279.8,0.266781,63923.0,0.2573,2027-09-01
NK225E    ,OOP,202709,58750.0,            ,132098718,0000000.0000,0000000.0,3958.57,0.25765,142098718,0000000.0000,0000000.0,9121.22,0.266001,63923.0,0.2573,2027-09-01
NK225E    ,OOP,202709,59000.0,            ,132219018,0000000.0000,0000000.0,4047.72,0.257043,142219018,0000000.0000,0000000.0,8964.23,0.265164,63923.0,0.2573,2027-09-01
NK225E    ,OOP,202709,59250.0,            ,132099218,0000000.0000,0000000.0,4138.42,0.256374,142099218,0000000.0000,0000000.0,8808.8,0.264489,63923.0,0.2573,2027-09-01
NK225E    ,OOP,202709,59500.0,            ,182099518,0000000.0000,0000000.0,4230.75,0.255645,192099518,0000000.0000,0000000.0,8655.0,0.263755,63923.0,0.2573,2027-09-01
NK225E    ,OOP,202709,59750.0,            ,182099718,0000000.0000,0000000.0,4324.66,0.255072,192099718,0000000.0000,0000000.0,8502.77,0.262963,63923.0,0.2573,2027-09-01
NK225E    ,OOP,202709,60000.0,            ,132210018,0000000.0000,0000000.0,4420.23,0.254438,142210018,0000000.0000,0000000.0,8352.21,0.262329,63923.0,0.2573,2027-09-01
NK225E    ,OOP,202709,60250.0,            ,182090218,0000000.0000,0000000.0,4517.38,0.253742,192090218,0000000.0000,0000000.0,8203.22,0.261635,63923.0,0.2573,2027-09-01
NK225E    ,OOP,202709,60500.0,            ,182090518,0000000.0000,0000000.0,4616.21,0.252986,192090518,0000000.0000,0000000.0,8055.91,0.260883,63923.0,0.2573,2027-09-01
NK225E    ,OOP,202709,60750.0,            ,182090718,0000000.0000,0000000.0,4716.68,0.252383,192090718,0000000.0000,0000000.0,7910.25,0.260285,63923.0,0.2573,2027-09-01
NK225E    ,OOP,202709,61000.0,            ,132211018,0000000.0000,0000000.0,4818.81,0.251929,142211018,0000000.0000,0000000.0,7766.24,0.259627,63923.0,0.2573,2027-09-01
NK225E    ,OOP,202709,61250.0,            ,182091218,0000000.0000,0000000.0,4922.62,0.251202,192091218,0000000.0000,0000000.0,7623.91,0.25891,63923.0,0.2573,2027-09-01
NK225E    ,OOP,202709,61500.0,            ,182091518,0000000.0000,0000000.0,5028.1,0.250625,192091518,0000000.0000,0000000.0,7483.26,0.258344,63923.0,0.2573,2027-09-01
NK225E    ,OOP,202709,61750.0,            ,182091718,0000000.0000,0000000.0,5135.28,0.249985,192091718,0000000.0000,0000000.0,7344.31,0.257718,63923.0,0.2573,2027-09-01
NK225E    ,OOP,202709,62000.0,            ,132212018,0000000.0000,0000000.0,5244.15,0.249492,142212018,0000000.0000,0000000.0,7207.04,0.257033,63923.0,0.2573,2027-09-01
NK225E    ,OOP,202709,62250.0,            ,182092218,0000000.0000,0000000.0,5354.72,0.248937,192092218,0000000.0000,0000000.0,7071.47,0.256495,63923.0,0.2573,2027-09-01
NK225E    ,OOP,202709,62500.0,            ,132212518,0000000.0000,0000000.0,5467.0,0.248321,142212518,0000000.0000,0000000.0,6937.62,0.255898,63923.0,0.2573,2027-09-01
NK225E    ,OOP,202709,62750.0,            ,182092718,0000000.0000,0000000.0,5580.97,0.247644,192092718,0000000.0000,0000000.0,6805.45,0.255242,63923.0,0.2573,2027-09-01
NK225E    ,OOP,202709,63000.0,            ,132213018,0000000.0000,0000000.0,5696.71,0.24711,142213018,0000000.0000,0000000.0,6675.06,0.254731,63923.0,0.2573,2027-09-01
NK225E    ,OOP,202709,63250.0,            ,182093218,0000000.0000,0000000.0,5814.17,0.246719,192093218,0000000.0000,0000000.0,6546.38,0.25416,63923.0,0.2573,2027-09-01
NK225E    ,OOP,202709,63500.0,            ,182093518,0000000.0000,0000000.0,5933.34,0.246062,192093518,0000000.0000,0000000.0,6419.42,0.25353,63923.0,0.2573,2027-09-01
NK225E    ,OOP,202709,63750.0,            ,182093718,0000000.0000,0000000.0,6054.24,0.245548,192093718,0000000.0000,0000000.0,6294.18,0.253044,63923.0,0.2573,2027-09-01
NK225E    ,OOP,202709,64000.0,            ,132214018,0000000.0000,0000000.0,6176.9,0.244972,142214018,0000000.0000,0000000.0,6170.71,0.252498,63923.0,0.2573,2027-09-01
NK225E    ,OOP,202709,64250.0,            ,182094218,0000000.0000,0000000.0,6301.26,0.244537,192094218,0000000.0000,0000000.0,6048.93,0.251893,63923.0,0.2573,2027-09-01
NK225E    ,OOP,202709,64500.0,            ,182094518,0000000.0000,0000000.0,6427.37,0.24404,192094518,0000000.0000,0000000.0,5928.91,0.25143,63923.0,0.2573,2027-09-01
NK225E    ,OOP,202709,64750.0,            ,182094718,0000000.0000,0000000.0,6555.23,0.243482,192094718,0000000.0000,0000000.0,5810.63,0.250909,63923.0,0.2573,2027-09-01
NK225E    ,OOP,202709,65000.0,            ,132215018,0000000.0000,0000000.0,6684.84,0.243065,142215018,0000000.0000,0000000.0,5694.1,0.250529,63923.0,0.2573,2027-09-01
NK225E    ,OOP,202709,65250.0,            ,182095218,0000000.0000,0000000.0,6816.17,0.242586,192095218,0000000.0000,0000000.0,5579.3,0.249889,63923.0,0.2573,2027-09-01
NK225E    ,OOP,202709,65500.0,            ,182095518,0000000.0000,0000000.0,6949.22,0.242047,192095518,0000000.0000,0000000.0,5466.21,0.249591,63923.0,0.2573,2027-09-01
NK225E    ,OOP,202709,65750.0,            ,182095718,0000000.0000,0000000.0,7084.01,0.241647,192095718,0000000.0000,0000000.0,5354.87,0.249034,63923.0,0.2573,2027-09-01
NK225E    ,OOP,202709,66000.0,            ,132216018,0000000.0000,0000000.0,7220.54,0.241186,142216018,0000000.0000,0000000.0,5245.27,0.248619,63923.0,0.2573,2027-09-01
NK225E    ,OOP,202709,66250.0,            ,182096218,0000000.0000,0000000.0,7358.79,0.240866,192096218,0000000.0000,0000000.0,5137.37,0.248145,63923.0,0.2573,2027-09-01
NK225E    ,OOP,202709,66500.0,            ,182096518,0000000.0000,0000000.0,7498.76,0.240284,192096518,0000000.0000,0000000.0,5031.21,0.247813,63923.0,0.2573,2027-09-01
NK225E    ,OOP,202709,66750.0,            ,182096718,0000000.0000,0000000.0,7640.44,0.240044,192096718,0000000.0000,0000000.0,4926.76,0.247222,63923.0,0.2573,2027-09-01
NK225E    ,OOP,202709,67000.0,            ,132217018,0000000.0000,0000000.0,7783.84,0.239542,142217018,0000000.0000,0000000.0,4824.02,0.246975,63923.0,0.2573,2027-09-01
NK225E    ,OOP,202709,67250.0,            ,132217218,0000000.0000,0000000.0,7928.93,0.239182,142217218,0000000.0000,0000000.0,4722.98,0.246468,63923.0,0.2573,2027-09-01
NK225E    ,OOP,202709,67500.0,            ,182217518,0000000.0000,0000000.0,8075.73,0.238761,192217518,0000000.0000,0000000.0,4623.64,0.246104,63923.0,0.2573,2027-09-01
NK225E    ,OOP,202709,67750.0,            ,132217718,0000000.0000,0000000.0,8224.23,0.238281,142217718,0000000.0000,0000000.0,4526.0,0.245683,63923.0,0.2573,2027-09-01
NK225E    ,OOP,202709,68000.0,            ,132218018,0000000.0000,0000000.0,8374.37,0.237943,142218018,0000000.0000,0000000.0,4430.01,0.245405,63923.0,0.2573,2027-09-01
NK225E    ,OOP,202709,68250.0,            ,132218218,0000000.0000,0000000.0,8526.22,0.237546,142218218,0000000.0000,0000000.0,4335.72,0.245071,63923.0,0.2573,2027-09-01
NK225E    ,OOP,202709,68500.0,            ,132218518,0000000.0000,0000000.0,8679.69,0.237293,142218518,0000000.0000,0000000.0,4243.06,0.244679,63923.0,0.2573,2027-09-01
NK225E    ,OOP,202709,68750.0,            ,132218718,0000000.0000,0000000.0,8834.83,0.236981,142218718,0000000.0000,0000000.0,4152.06,0.244434,63923.0,0.2573,2027-09-01
NK225E    ,OOP,202709,69000.0,            ,182219018,0000000.0000,0000000.0,8991.59,0.23661,192219018,0000000.0000,0000000.0,4062.69,0.244132,63923.0,0.2573,2027-09-01
NK225E    ,OOP,202709,69250.0,            ,132219218,0000000.0000,0000000.0,9150.0,0.23618,142219218,0000000.0000,0000000.0,3974.96,0.243773,63923.0,0.2573,2027-09-01
NK225E    ,OOP,202709,69500.0,            ,132219518,0000000.0000,0000000.0,9310.01,0.235898,142219518,0000000.0000,0000000.0,3888.83,0.243358,63923.0,0.2573,2027-09-01
NK225E    ,OOP,202709,69750.0,            ,132219718,0000000.0000,0000000.0,9471.61,0.235557,142219718,0000000.0000,0000000.0,3804.3,0.243092,63923.0,0.2573,2027-09-01
NK225E    ,OOP,202709,70000.0,            ,182330018,0000000.0000,0000000.0,9634.8,0.235158,192330018,0000000.0000,0000000.0,3721.35,0.24277,63923.0,0.2573,2027-09-01
NK225E    ,OOP,202709,70250.0,            ,132210218,0000000.0000,0000000.0,9799.57,0.234909,142210218,0000000.0000,0000000.0,3639.99,0.2426,63923.0,0.2573,2027-09-01
NK225E    ,OOP,202709,70500.0,            ,132210518,0000000.0000,0000000.0,9965.88,0.234602,142210518,0000000.0000,0000000.0,3560.16,0.242375,63923.0,0.2573,2027-09-01
NK225E    ,OOP,202709,70750.0,            ,132210718,0000000.0000,0000000.0,10133.75,0.234449,142210718,0000000.0000,0000000.0,3481.9,0.242096,63923.0,0.2573,2027-09-01
NK225E    ,OOP,202709,71000.0,            ,182331018,0000000.0000,0000000.0,10303.12,0.234028,192331018,0000000.0000,0000000.0,3405.13,0.241761,63923.0,0.2573,2027-09-01
NK225E    ,OOP,202709,71250.0,            ,132211218,0000000.0000,0000000.0,10474.03,0.233762,142211218,0000000.0000,0000000.0,3329.9,0.241582,63923.0,0.2573,2027-09-01
NK225E    ,OOP,202709,71500.0,            ,132211518,0000000.0000,0000000.0,10646.41,0.233439,142211518,0000000.0000,0000000.0,3256.15,0.24135,63923.0,0.2573,2027-09-01
NK225E    ,OOP,202709,71750.0,            ,132211718,0000000.0000,0000000.0,10820.27,0.233274,142211718,0000000.0000,0000000.0,3183.87,0.241063,63923.0,0.2573,2027-09-01
NK225E    ,OOP,202709,72000.0,            ,182332018,0000000.0000,0000000.0,10995.59,0.233054,192332018,0000000.0000,0000000.0,3113.06,0.240937,63923.0,0.2573,2027-09-01
NK225E    ,OOP,202709,72250.0,            ,132212218,0000000.0000,0000000.0,11172.36,0.232778,142212218,0000000.0000,0000000.0,3043.69,0.240758,63923.0,0.2573,2027-09-01
NK225E    ,OOP,202709,72500.0,            ,182092518,0000000.0000,0000000.0,11350.54,0.232446,192092518,0000000.0000,0000000.0,2975.74,0.240526,63923.0,0.2573,2027-09-01
NK225E    ,OOP,202709,72750.0,            ,132212718,0000000.0000,0000000.0,11530.11,0.232279,142212718,0000000.0000,0000000.0,2909.17,0.24046,63923.0,0.2573,2027-09-01
NK225E    ,OOP,202709,73000.0,            ,182333018,0000000.0000,0000000.0,11711.08,0.232057,192333018,0000000.0000,0000000.0,2844.0,0.240123,63923.0,0.2573,2027-09-01
NK225E    ,OOP,202709,73250.0,            ,132213218,0000000.0000,0000000.0,11893.42,0.23178,142213218,0000000.0000,0000000.0,2780.21,0.240175,63923.0,0.2573,2027-09-01
NK225E    ,OOP,202709,73500.0,            ,132213518,0000000.0000,0000000.0,12077.09,0.231674,142213518,0000000.0000,0000000.0,2717.74,0.239954,63923.0,0.2573,2027-09-01
NK225E    ,OOP,202709,73750.0,            ,132213718,0000000.0000,0000000.0,12262.1,0.231515,142213718,0000000.0000,0000000.0,2656.62,0.239681,63923.0,0.2573,2027-09-01
NK225E    ,OOP,202709,74000.0,            ,182334018,0000000.0000,0000000.0,12448.41,0.231303,192334018,0000000.0000,0000000.0,2596.8,0.239582,63923.0,0.2573,2027-09-01
NK225E    ,OOP,202709,74250.0,            ,132214218,0000000.0000,0000000.0,12635.99,0.231037,142214218,0000000.0000,0000000.0,2538.24,0.239433,63923.0,0.2573,2027-09-01
NK225E    ,OOP,202709,74500.0,            ,132214518,0000000.0000,0000000.0,12824.86,0.23095,142214518,0000000.0000,0000000.0,2480.98,0.239462,63923.0,0.2573,2027-09-01
NK225E    ,OOP,202709,74750.0,            ,132214718,0000000.0000,0000000.0,13014.96,0.230811,142214718,0000000.0000,0000000.0,2424.94,0.239213,63923.0,0.2573,2027-09-01
NK225E    ,OOP,202709,75000.0,            ,182335018,0000000.0000,0000000.0,13206.3,0.23062,192335018,0000000.0000,0000000.0,2370.14,0.239145,63923.0,0.2573,2027-09-01
NK225E    ,OOP,202709,75250.0,            ,132215218,0000000.0000,0000000.0,13398.82,0.230376,142215218,0000000.0000,0000000.0,2316.53,0.239028,63923.0,0.2573,2027-09-01
NK225E    ,OOP,202709,75500.0,            ,132215518,0000000.0000,0000000.0,13592.54,0.230321,142215518,0000000.0000,0000000.0,2264.11,0.239099,63923.0,0.2573,2027-09-01
NK225E    ,OOP,202709,75750.0,            ,132215718,0000000.0000,0000000.0,13787.42,0.229972,142215718,0000000.0000,0000000.0,2212.86,0.238886,63923.0,0.2573,2027-09-01
NK225E    ,OOP,202709,76000.0,            ,182336018,0000000.0000,0000000.0,13983.44,0.229813,192336018,0000000.0000,0000000.0,2162.74,0.238863,63923.0,0.2573,2027-09-01
NK225E    ,OOP,202709,76250.0,            ,132216218,0000000.0000,0000000.0,14180.58,0.229852,142216218,0000000.0000,0000000.0,2113.74,0.238793,63923.0,0.2573,2027-09-01
NK225E    ,OOP,202709,77500.0,            ,182097518,0000000.0000,0000000.0,15182.32,0.229063,192097518,0000000.0000,0000000.0,1884.81,0.238485,63923.0,0.2573,2027-09-01
NK225E    ,OOP,202709,80000.0,            ,132450018,0000000.0000,0000000.0,17257.86,0.22812,142450018,0000000.0000,0000000.0,1498.99,0.238695,63923.0,0.2573,2027-09-01
NK225E    ,OOP,202709,85000.0,            ,132455018,0000000.0000,0000000.0,21629.68,0.226117,142455018,0000000.0000,0000000.0,948.11,0.239662,63923.0,0.2573,2027-09-01
NK225E    ,OOP,202709,90000.0,            ,182450018,0000000.0000,0000000.0,26190.43,0.221068,192450018,0000000.0000,0000000.0,586.14,0.24015,63923.0,0.2573,2027-09-01
NK225E    ,OOP,202712,12500.0,            ,182122518,0000000.0000,0000000.0,14.57,0.540601,192122518,0000000.0000,0000000.0,50416.57,0.752308,63923.0,0.2573,2027-12-01
NK225E    ,OOP,202712,12750.0,            ,182122718,0000000.0000,0000000.0,16.42,0.535549,192122718,0000000.0000,0000000.0,50173.25,0.743357,63923.0,0.2573,2027-12-01
NK225E    ,OOP,202712,13000.0,            ,182123018,0000000.0000,0000000.0,18.45,0.535549,192123018,0000000.0000,0000000.0,49930.12,0.737495,63923.0,0.2573,2027-12-01
NK225E    ,OOP,202712,13250.0,            ,182123218,0000000.0000,0000000.0,19.78,0.533092,192123218,0000000.0000,0000000.0,49686.28,0.728883,63923.0,0.2573,2027-12-01
NK225E    ,OOP,202712,13500.0,            ,182123518,0000000.0000,0000000.0,21.17,0.530167,192123518,0000000.0000,0000000.0,49442.5,0.720447,63923.0,0.2573,2027-12-01
NK225E    ,OOP,202712,13750.0,            ,182123718,0000000.0000,0000000.0,22.61,0.528179,192123718,0000000.0000,0000000.0,49198.78,0.712182,63923.0,0.2573,2027-12-01
NK225E    ,OOP,202712,14000.0,            ,182124018,0000000.0000,0000000.0,24.11,0.52544,192124018,0000000.0000,0000000.0,48955.12,0.706799,63923.0,0.2573,2027-12-01
NK225E    ,OOP,202712,14250.0,            ,182124218,0000000.0000,0000000.0,25.68,0.523294,192124218,0000000.0000,0000000.0,48711.52,0.698821,63923.0,0.2573,2027-12-01
NK225E    ,OOP,202712,14500.0,            ,182124518,0000000.0000,0000000.0,27.31,0.520194,192124518,0000000.0000,0000000.0,48467.98,0.690995,63923.0,0.2573,2027-12-01
NK225E    ,OOP,202712,14750.0,            ,182124718,0000000.0000,0000000.0,29.0,0.518432,192124718,0000000.0000,0000000.0,48224.5,0.683315,63923.0,0.2573,2027-12-01
NK225E    ,OOP,202712,15000.0,            ,182125018,0000000.0000,0000000.0,30.74,0.516009,192125018,0000000.0000,0000000.0,47981.08,0.678334,63923.0,0.2573,2027-12-01
NK225E    ,OOP,202712,15250.0,            ,182125218,0000000.0000,0000000.0,32.56,0.513611,192125218,0000000.0000,0000000.0,47737.74,0.670902,63923.0,0.2573,2027-12-01
NK225E    ,OOP,202712,15500.0,            ,182125518,0000000.0000,0000000.0,34.44,0.510445,192125518,0000000.0000,0000000.0,47494.45,0.6636,63923.0,0.2573,2027-12-01
NK225E    ,OOP,202712,15750.0,            ,182125718,0000000.0000,0000000.0,36.38,0.508183,192125718,0000000.0000,0000000.0,47251.23,0.658865,63923.0,0.2573,2027-12-01
NK225E    ,OOP,202712,16000.0,            ,182126018,0000000.0000,0000000.0,38.38,0.505814,192126018,0000000.0000,0000000.0,47008.06,0.651787,63923.0,0.2573,2027-12-01
NK225E    ,OOP,202712,16250.0,            ,182126218,0000000.0000,0000000.0,40.46,0.503354,192126218,0000000.0000,0000000.0,46764.98,0.644827,63923.0,0.2573,2027-12-01
NK225E    ,OOP,202712,16500.0,            ,182126518,0000000.0000,0000000.0,42.61,0.500815,192126518,0000000.0000,0000000.0,46521.96,0.640311,63923.0,0.2573,2027-12-01
NK225E    ,OOP,202712,16750.0,            ,182126718,0000000.0000,0000000.0,44.81,0.49932,192126718,0000000.0000,0000000.0,46279.0,0.633552,63923.0,0.2573,2027-12-01
NK225E    ,OOP,202712,17000.0,            ,182127018,0000000.0000,0000000.0,47.08,0.496842,192127018,0000000.0000,0000000.0,46036.1,0.629152,63923.0,0.2573,2027-12-01
NK225E    ,OOP,202712,17250.0,            ,182127218,0000000.0000,0000000.0,49.44,0.494072,192127218,0000000.0000,0000000.0,45793.29,0.622582,63923.0,0.2573,2027-12-01
NK225E    ,OOP,202712,17500.0,            ,182127518,0000000.0000,0000000.0,51.86,0.492293,192127518,0000000.0000,0000000.0,45550.55,0.618291,63923.0,0.2573,2027-12-01
NK225E    ,OOP,202712,17750.0,            ,182127718,0000000.0000,0000000.0,54.35,0.489561,192127718,0000000.0000,0000000.0,45307.87,0.611898,63923.0,0.2573,2027-12-01
NK225E    ,OOP,202712,18000.0,            ,182128018,0000000.0000,0000000.0,56.9,0.487632,192128018,0000000.0000,0000000.0,45065.25,0.605602,63923.0,0.2573,2027-12-01
NK225E    ,OOP,202712,18250.0,            ,132128218,0000000.0000,0000000.0,59.54,0.484762,142128218,0000000.0000,0000000.0,44822.73,0.601483,63923.0,0.2573,2027-12-01
NK225E    ,OOP,202712,18500.0,            ,132128518,0000000.0000,0000000.0,62.26,0.482779,142128518,0000000.0000,0000000.0,44580.28,0.59535,63923.0,0.2573,2027-12-01
NK225E    ,OOP,202712,18750.0,            ,132128718,0000000.0000,0000000.0,65.04,0.480708,142128718,0000000.0000,0000000.0,44337.9,0.591322,63923.0,0.2573,2027-12-01
NK225E    ,OOP,202712,19000.0,            ,132129018,0000000.0000,0000000.0,67.88,0.477629,142129018,0000000.0000,0000000.0,44095.58,0.585341,63923.0,0.2573,2027-12-01
NK225E    ,OOP,202712,19250.0,            ,132129218,0000000.0000,0000000.0,70.83,0.475447,142129218,0000000.0000,0000000.0,43853.36,0.5814,63923.0,0.2573,2027-12-01
NK225E    ,OOP,202712,19500.0,            ,132129518,0000000.0000,0000000.0,73.85,0.473201,142129518,0000000.0000,0000000.0,43611.22,0.577479,63923.0,0.2573,2027-12-01
NK225E    ,OOP,202712,19750.0,            ,132129718,0000000.0000,0000000.0,76.94,0.470898,142129718,0000000.0000,0000000.0,43369.14,0.571704,63923.0,0.2573,2027-12-01
NK225E    ,OOP,202712,20000.0,            ,132120018,0000000.0000,0000000.0,80.1,0.468545,142120018,0000000.0000,0000000.0,43127.13,0.567862,63923.0,0.2573,2027-12-01
NK225E    ,OOP,202712,20250.0,            ,132120218,0000000.0000,0000000.0,83.37,0.466921,142120218,0000000.0000,0000000.0,42885.24,0.562222,63923.0,0.2573,2027-12-01
NK225E    ,OOP,202712,20500.0,            ,132120518,0000000.0000,0000000.0,86.72,0.464457,142120518,0000000.0000,0000000.0,42643.42,0.558455,63923.0,0.2573,2027-12-01
NK225E    ,OOP,202712,20750.0,            ,132120718,0000000.0000,0000000.0,90.14,0.461958,142120718,0000000.0000,0000000.0,42401.67,0.554708,63923.0,0.2573,2027-12-01
NK225E    ,OOP,202712,21000.0,            ,132121018,0000000.0000,0000000.0,93.62,0.460128,142121018,0000000.0000,0000000.0,42159.99,0.549248,63923.0,0.2573,2027-12-01
NK225E    ,OOP,202712,21250.0,            ,132121218,0000000.0000,0000000.0,97.24,0.457551,142121218,0000000.0000,0000000.0,41918.44,0.54557,63923.0,0.2573,2027-12-01
NK225E    ,OOP,202712,21500.0,            ,132121518,0000000.0000,0000000.0,100.93,0.455604,142121518,0000000.0000,0000000.0,41676.97,0.541909,63923.0,0.2573,2027-12-01
NK225E    ,OOP,202712,21750.0,            ,132121718,0000000.0000,0000000.0,104.7,0.453596,142121718,0000000.0000,0000000.0,41435.57,0.536617,63923.0,0.2573,2027-12-01
NK225E    ,OOP,202712,22000.0,            ,132122018,0000000.0000,0000000.0,108.54,0.450924,142122018,0000000.0000,0000000.0,41194.25,0.533022,63923.0,0.2573,2027-12-01
NK225E    ,OOP,202712,22250.0,            ,132122218,0000000.0000,0000000.0,112.52,0.44883,142122218,0000000.0000,0000000.0,40953.06,0.529443,63923.0,0.2573,2027-12-01
NK225E    ,OOP,202712,22500.0,            ,132122518,0000000.0000,0000000.0,116.58,0.44669,142122518,0000000.0000,0000000.0,40711.96,0.52588,63923.0,0.2573,2027-12-01
NK225E    ,OOP,202712,22750.0,            ,132122718,0000000.0000,0000000.0,120.72,0.444508,142122718,0000000.0000,0000000.0,40470.93,0.52079,63923.0,0.2573,2027-12-01
NK225E    ,OOP,202712,23000.0,            ,132123018,0000000.0000,0000000.0,124.94,0.442826,142123018,0000000.0000,0000000.0,40229.99,0.517287,63923.0,0.2573,2027-12-01
NK225E    ,OOP,202712,23250.0,            ,132123218,0000000.0000,0000000.0,129.32,0.440556,142123218,0000000.0000,0000000.0,39989.2,0.5138,63923.0,0.2573,2027-12-01
NK225E    ,OOP,202712,23500.0,            ,132123518,0000000.0000,0000000.0,133.78,0.438255,142123518,0000000.0000,0000000.0,39748.49,0.510328,63923.0,0.2573,2027-12-01
NK225E    ,OOP,202712,23750.0,            ,132123718,0000000.0000,0000000.0,138.32,0.436418,142123718,0000000.0000,0000000.0,39507.87,0.506871,63923.0,0.2573,2027-12-01
NK225E    ,OOP,202712,24000.0,            ,132124018,0000000.0000,0000000.0,142.94,0.434051,142124018,0000000.0000,0000000.0,39267.32,0.503429,63923.0,0.2573,2027-12-01
NK225E    ,OOP,202712,24250.0,            ,132124218,0000000.0000,0000000.0,147.74,0.432125,142124218,0000000.0000,0000000.0,39026.96,0.500003,63923.0,0.2573,2027-12-01
NK225E    ,OOP,202712,24500.0,            ,132124518,0000000.0000,0000000.0,152.63,0.430154,142124518,0000000.0000,0000000.0,38786.68,0.495216,63923.0,0.2573,2027-12-01
NK225E    ,OOP,202712,24750.0,            ,132124718,0000000.0000,0000000.0,157.6,0.42814,142124718,0000000.0000,0000000.0,38546.49,0.491843,63923.0,0.2573,2027-12-01
NK225E    ,OOP,202712,25000.0,            ,132125018,0000000.0000,0000000.0,162.67,0.426089,142125018,0000000.0000,0000000.0,38306.39,0.488484,63923.0,0.2573,2027-12-01
NK225E    ,OOP,202712,25250.0,            ,132125218,0000000.0000,0000000.0,167.91,0.424002,142125218,0000000.0000,0000000.0,38066.47,0.485139,63923.0,0.2573,2027-12-01
NK225E    ,OOP,202712,25500.0,            ,132125518,0000000.0000,0000000.0,173.25,0.421883,142125518,0000000.0000,0000000.0,37826.64,0.481808,63923.0,0.2573,2027-12-01
NK225E    ,OOP,202712,25750.0,            ,132125718,0000000.0000,0000000.0,178.68,0.419735,142125718,0000000.0000,0000000.0,37586.91,0.478491,63923.0,0.2573,2027-12-01
NK225E    ,OOP,202712,26000.0,            ,132126018,0000000.0000,0000000.0,184.27,0.417939,142126018,0000000.0000,0000000.0,37347.33,0.475188,63923.0,0.2573,2027-12-01
NK225E    ,OOP,202712,26250.0,            ,132126218,0000000.0000,0000000.0,189.98,0.416098,142126218,0000000.0000,0000000.0,37107.88,0.473123,63923.0,0.2573,2027-12-01
NK225E    ,OOP,202712,26500.0,            ,132126518,0000000.0000,0000000.0,195.83,0.413856,142126518,0000000.0000,0000000.0,36868.56,0.469829,63923.0,0.2573,2027-12-01
NK225E    ,OOP,202712,26750.0,            ,132126718,0000000.0000,0000000.0,201.8,0.411944,142126718,0000000.0000,0000000.0,36629.37,0.466548,63923.0,0.2573,2027-12-01
NK225E    ,OOP,202712,27000.0,            ,132127018,0000000.0000,0000000.0,207.92,0.409996,142127018,0000000.0000,0000000.0,36390.31,0.463281,63923.0,0.2573,2027-12-01
NK225E    ,OOP,202712,27250.0,            ,132127218,0000000.0000,0000000.0,214.17,0.408015,142127218,0000000.0000,0000000.0,36151.4,0.460028,63923.0,0.2573,2027-12-01
NK225E    ,OOP,202712,27500.0,            ,132127518,0000000.0000,0000000.0,220.56,0.406326,142127518,0000000.0000,0000000.0,35912.63,0.456789,63923.0,0.2573,2027-12-01
NK225E    ,OOP,202712,27750.0,            ,132127718,0000000.0000,0000000.0,227.1,0.404277,142127718,0000000.0000,0000000.0,35674.0,0.454671,63923.0,0.2573,2027-12-01
NK225E    ,OOP,202712,28000.0,            ,132128018,0000000.0000,0000000.0,233.79,0.402509,142128018,0000000.0000,0000000.0,35435.53,0.451442,63923.0,0.2573,2027-12-01
NK225E    ,OOP,202712,28250.0,            ,182128218,0000000.0000,0000000.0,240.63,0.400402,192128218,0000000.0000,0000000.0,35197.21,0.448227,63923.0,0.2573,2027-12-01
NK225E    ,OOP,202712,28500.0,            ,182128518,0000000.0000,0000000.0,247.63,0.398565,192128518,0000000.0000,0000000.0,34959.04,0.446078,63923.0,0.2573,2027-12-01
NK225E    ,OOP,202712,28750.0,            ,182128718,0000000.0000,0000000.0,254.79,0.396694,192128718,0000000.0000,0000000.0,34721.03,0.442874,63923.0,0.2573,2027-12-01
NK225E    ,OOP,202712,29000.0,            ,182129018,0000000.0000,0000000.0,262.11,0.394791,192129018,0000000.0000,0000000.0,34483.19,0.439684,63923.0,0.2573,2027-12-01
NK225E    ,OOP,202712,29250.0,            ,182129218,0000000.0000,0000000.0,269.6,0.393128,192129218,0000000.0000,0000000.0,34245.51,0.437509,63923.0,0.2573,2027-12-01
NK225E    ,OOP,202712,29500.0,            ,182129518,0000000.0000,0000000.0,277.26,0.391161,192129518,0000000.0000,0000000.0,34008.01,0.434331,63923.0,0.2573,2027-12-01
NK225E    ,OOP,202712,29750.0,            ,182129718,0000000.0000,0000000.0,285.1,0.389425,192129718,0000000.0000,0000000.0,33770.68,0.432136,63923.0,0.2573,2027-12-01
NK225E    ,OOP,202712,30000.0,            ,182120018,0000000.0000,0000000.0,293.12,0.387654,192120018,0000000.0000,0000000.0,33533.53,0.428971,63923.0,0.2573,2027-12-01
NK225E    ,OOP,202712,30250.0,            ,182120218,0000000.0000,0000000.0,301.32,0.385848,192120218,0000000.0000,0000000.0,33296.57,0.426757,63923.0,0.2573,2027-12-01
NK225E    ,OOP,202712,30500.0,            ,182120518,0000000.0000,0000000.0,309.71,0.384011,192120518,0000000.0000,0000000.0,33059.8,0.424525,63923.0,0.2573,2027-12-01
NK225E    ,OOP,202712,30750.0,            ,182120718,0000000.0000,0000000.0,318.29,0.382613,192120718,0000000.0000,0000000.0,32823.21,0.421374,63923.0,0.2573,2027-12-01
NK225E    ,OOP,202712,31000.0,            ,182121018,0000000.0000,0000000.0,327.08,0.381164,192121018,0000000.0000,0000000.0,32586.83,0.419128,63923.0,0.2573,2027-12-01
NK225E    ,OOP,202712,31250.0,            ,182121218,0000000.0000,0000000.0,336.06,0.379669,192121218,0000000.0000,0000000.0,32350.65,0.416866,63923.0,0.2573,2027-12-01
NK225E    ,OOP,202712,31500.0,            ,182121518,0000000.0000,0000000.0,345.26,0.377041,192121518,0000000.0000,0000000.0,32114.68,0.413731,63923.0,0.2573,2027-12-01
NK225E    ,OOP,202712,31750.0,            ,182121718,0000000.0000,0000000.0,354.67,0.375486,192121718,0000000.0000,0000000.0,31878.92,0.411458,63923.0,0.2573,2027-12-01
NK225E    ,OOP,202712,32000.0,            ,182122018,0000000.0000,0000000.0,364.3,0.373891,192122018,0000000.0000,0000000.0,31643.39,0.409171,63923.0,0.2573,2027-12-01
NK225E    ,OOP,202712,32250.0,            ,182122218,0000000.0000,0000000.0,374.14,0.372258,192122218,0000000.0000,0000000.0,31408.07,0.406872,63923.0,0.2573,2027-12-01
NK225E    ,OOP,202712,32500.0,            ,132242518,0000000.0000,0000000.0,384.23,0.37059,142242518,0000000.0000,0000000.0,31172.98,0.404562,63923.0,0.2573,2027-12-01
NK225E    ,OOP,202712,32750.0,            ,132242718,0000000.0000,0000000.0,394.54,0.368888,142242718,0000000.0000,0000000.0,30938.13,0.402241,63923.0,0.2573,2027-12-01
NK225E    ,OOP,202712,33000.0,            ,132243018,0000000.0000,0000000.0,405.1,0.367155,142243018,0000000.0000,0000000.0,30703.52,0.39991,63923.0,0.2573,2027-12-01
NK225E    ,OOP,202712,33250.0,            ,132243218,0000000.0000,0000000.0,415.9,0.365392,142243218,0000000.0000,0000000.0,30469.16,0.397569,63923.0,0.2573,2027-12-01
NK225E    ,OOP,202712,33500.0,            ,132243518,0000000.0000,0000000.0,426.96,0.364511,142243518,0000000.0000,0000000.0,30235.05,0.395219,63923.0,0.2573,2027-12-01
NK225E    ,OOP,202712,33750.0,            ,132243718,0000000.0000,0000000.0,438.27,0.362675,142243718,0000000.0000,0000000.0,30001.2,0.392861,63923.0,0.2573,2027-12-01
NK225E    ,OOP,202712,34000.0,            ,132244018,0000000.0000,0000000.0,449.85,0.360814,142244018,0000000.0000,0000000.0,29767.62,0.391222,63923.0,0.2573,2027-12-01
NK225E    ,OOP,202712,34250.0,            ,132244218,0000000.0000,0000000.0,461.71,0.35893,142244218,0000000.0000,0000000.0,29534.31,0.388836,63923.0,0.2573,2027-12-01
NK225E    ,OOP,202712,34500.0,            ,132244518,0000000.0000,0000000.0,473.84,0.357859,142244518,0000000.0000,0000000.0,29301.27,0.386443,63923.0,0.2573,2027-12-01
NK225E    ,OOP,202712,34750.0,            ,132244718,0000000.0000,0000000.0,486.26,0.355917,142244718,0000000.0000,0000000.0,29068.53,0.384736,63923.0,0.2573,2027-12-01
NK225E    ,OOP,202712,35000.0,            ,132245018,0000000.0000,0000000.0,498.97,0.354754,142245018,0000000.0000,0000000.0,28836.07,0.38232,63923.0,0.2573,2027-12-01
NK225E    ,OOP,202712,35250.0,            ,132245218,0000000.0000,0000000.0,511.98,0.352759,142245218,0000000.0000,0000000.0,28603.92,0.380568,63923.0,0.2573,2027-12-01
NK225E    ,OOP,202712,35500.0,            ,132245518,0000000.0000,0000000.0,525.3,0.351515,142245518,0000000.0000,0000000.0,28372.08,0.378131,63923.0,0.2573,2027-12-01
NK225E    ,OOP,202712,35750.0,            ,132245718,0000000.0000,0000000.0,538.94,0.350223,142245718,0000000.0000,0000000.0,28140.54,0.376338,63923.0,0.2573,2027-12-01
NK225E    ,OOP,202712,36000.0,            ,132246018,0000000.0000,0000000.0,552.89,0.348153,142246018,0000000.0000,0000000.0,27909.33,0.374519,63923.0,0.2573,2027-12-01
NK225E    ,OOP,202712,36250.0,            ,132246218,0000000.0000,0000000.0,567.18,0.346791,142246218,0000000.0000,0000000.0,27678.46,0.37205,63923.0,0.2573,2027-12-01
NK225E    ,OOP,202712,36500.0,            ,132246518,0000000.0000,0000000.0,581.8,0.345388,142246518,0000000.0000,0000000.0,27447.91,0.370195,63923.0,0.2573,2027-12-01
NK225E    ,OOP,202712,36750.0,            ,132246718,0000000.0000,0000000.0,596.78,0.343947,142246718,0000000.0000,0000000.0,27217.73,0.368318,63923.0,0.2573,2027-12-01
NK225E    ,OOP,202712,37000.0,            ,132247018,0000000.0000,0000000.0,612.1,0.342469,142247018,0000000.0000,0000000.0,26987.88,0.366418,63923.0,0.2573,2027-12-01
NK225E    ,OOP,202712,37250.0,            ,132247218,0000000.0000,0000000.0,627.79,0.340956,142247218,0000000.0000,0000000.0,26758.41,0.364499,63923.0,0.2573,2027-12-01
NK225E    ,OOP,202712,37500.0,            ,132247518,0000000.0000,0000000.0,643.85,0.339409,142247518,0000000.0000,0000000.0,26529.3,0.36256,63923.0,0.2573,2027-12-01
NK225E    ,OOP,202712,37750.0,            ,132247718,0000000.0000,0000000.0,660.3,0.337831,142247718,0000000.0000,0000000.0,26300.58,0.361168,63923.0,0.2573,2027-12-01
NK225E    ,OOP,202712,38000.0,            ,132248018,0000000.0000,0000000.0,677.13,0.336848,142248018,0000000.0000,0000000.0,26072.25,0.359183,63923.0,0.2573,2027-12-01
NK225E    ,OOP,202712,38250.0,            ,132248218,0000000.0000,0000000.0,694.36,0.335199,142248218,0000000.0000,0000000.0,25844.32,0.35718,63923.0,0.2573,2027-12-01
NK225E    ,OOP,202712,38500.0,            ,132248518,0000000.0000,0000000.0,712.01,0.334124,142248518,0000000.0000,0000000.0,25616.79,0.3557,63923.0,0.2573,2027-12-01
NK225E    ,OOP,202712,38750.0,            ,132248718,0000000.0000,0000000.0,730.06,0.332411,142248718,0000000.0000,0000000.0,25389.69,0.353657,63923.0,0.2573,2027-12-01
NK225E    ,OOP,202712,39000.0,            ,132249018,0000000.0000,0000000.0,748.55,0.331251,142249018,0000000.0000,0000000.0,25163.01,0.352121,63923.0,0.2573,2027-12-01
NK225E    ,OOP,202712,39250.0,            ,132249218,0000000.0000,0000000.0,767.47,0.330047,142249218,0000000.0000,0000000.0,24936.76,0.35004,63923.0,0.2573,2027-12-01
NK225E    ,OOP,202712,39500.0,            ,132249518,0000000.0000,0000000.0,786.85,0.328243,142249518,0000000.0000,0000000.0,24710.98,0.348451,63923.0,0.2573,2027-12-01
NK225E    ,OOP,202712,39750.0,            ,132249718,0000000.0000,0000000.0,806.68,0.326964,142249718,0000000.0000,0000000.0,24485.64,0.346834,63923.0,0.2573,2027-12-01
NK225E    ,OOP,202712,40000.0,            ,132240018,0000000.0000,0000000.0,826.98,0.325646,142240018,0000000.0000,0000000.0,24260.78,0.345188,63923.0,0.2573,2027-12-01
NK225E    ,OOP,202712,40250.0,            ,132240218,0000000.0000,0000000.0,847.76,0.32429,142240218,0000000.0000,0000000.0,24036.38,0.343515,63923.0,0.2573,2027-12-01
NK225E    ,OOP,202712,40500.0,            ,132240518,0000000.0000,0000000.0,869.02,0.323412,142240518,0000000.0000,0000000.0,23812.49,0.341817,63923.0,0.2573,2027-12-01
NK225E    ,OOP,202712,40750.0,            ,132240718,0000000.0000,0000000.0,890.79,0.321975,142240718,0000000.0000,0000000.0,23589.09,0.34056,63923.0,0.2573,2027-12-01
NK225E    ,OOP,202712,41000.0,            ,132241018,0000000.0000,0000000.0,913.08,0.320505,142241018,0000000.0000,0000000.0,23366.21,0.338805,63923.0,0.2573,2027-12-01
NK225E    ,OOP,202712,41250.0,            ,132241218,0000000.0000,0000000.0,935.89,0.319491,142241218,0000000.0000,0000000.0,23143.85,0.337027,63923.0,0.2573,2027-12-01
NK225E    ,OOP,202712,41500.0,            ,132241518,0000000.0000,0000000.0,959.22,0.317949,142241518,0000000.0000,0000000.0,22922.02,0.335671,63923.0,0.2573,2027-12-01
NK225E    ,OOP,202712,41750.0,            ,132241718,0000000.0000,0000000.0,983.11,0.31685,142241718,0000000.0000,0000000.0,22700.75,0.334281,63923.0,0.2573,2027-12-01
NK225E    ,OOP,202712,42000.0,            ,132242018,0000000.0000,0000000.0,1007.56,0.315705,142242018,0000000.0000,0000000.0,22480.03,0.332425,63923.0,0.2573,2027-12-01
NK225E    ,OOP,202712,42250.0,            ,132242218,0000000.0000,0000000.0,1032.57,0.314518,142242218,0000000.0000,0000000.0,22259.87,0.330974,63923.0,0.2573,2027-12-01
NK225E    ,OOP,202712,42500.0,            ,132362518,0000000.0000,0000000.0,1058.18,0.31329,142362518,0000000.0000,0000000.0,22040.32,0.329491,63923.0,0.2573,2027-12-01
NK225E    ,OOP,202712,42750.0,            ,182242718,0000000.0000,0000000.0,1084.37,0.312022,192242718,0000000.0000,0000000.0,21821.34,0.327977,63923.0,0.2573,2027-12-01
NK225E    ,OOP,202712,43000.0,            ,182243018,0000000.0000,0000000.0,1111.17,0.310716,192243018,0000000.0000,0000000.0,21602.98,0.326838,63923.0,0.2573,2027-12-01
NK225E    ,OOP,202712,43250.0,            ,182243218,0000000.0000,0000000.0,1138.59,0.309798,192243218,0000000.0000,0000000.0,21385.23,0.32526,63923.0,0.2573,2027-12-01
NK225E    ,OOP,202712,43500.0,            ,182243518,0000000.0000,0000000.0,1166.64,0.308413,192243518,0000000.0000,0000000.0,21168.12,0.323653,63923.0,0.2573,2027-12-01
NK225E    ,OOP,202712,43750.0,            ,182243718,0000000.0000,0000000.0,1195.35,0.307404,192243718,0000000.0000,0000000.0,20951.66,0.322407,63923.0,0.2573,2027-12-01
NK225E    ,OOP,202712,44000.0,            ,182244018,0000000.0000,0000000.0,1224.71,0.306349,192244018,0000000.0000,0000000.0,20735.85,0.321123,63923.0,0.2573,2027-12-01
NK225E    ,OOP,202712,44250.0,            ,182244218,0000000.0000,0000000.0,1254.75,0.304854,192244218,0000000.0000,0000000.0,20520.73,0.319803,63923.0,0.2573,2027-12-01
NK225E    ,OOP,202712,44500.0,            ,182244518,0000000.0000,0000000.0,1285.46,0.304108,192244518,0000000.0000,0000000.0,20306.27,0.318448,63923.0,0.2573,2027-12-01
NK225E    ,OOP,202712,44750.0,            ,182244718,0000000.0000,0000000.0,1316.88,0.302924,192244718,0000000.0000,0000000.0,20092.53,0.317058,63923.0,0.2573,2027-12-01
NK225E    ,OOP,202712,45000.0,            ,182245018,0000000.0000,0000000.0,1349.01,0.301701,192245018,0000000.0000,0000000.0,19879.49,0.315636,63923.0,0.2573,2027-12-01
NK225E    ,OOP,202712,45250.0,            ,182245218,0000000.0000,0000000.0,1381.87,0.30081,192245218,0000000.0000,0000000.0,19667.19,0.314536,63923.0,0.2573,2027-12-01
NK225E    ,OOP,202712,45500.0,            ,182245518,0000000.0000,0000000.0,1415.47,0.299506,192245518,0000000.0000,0000000.0,19455.62,0.313045,63923.0,0.2573,2027-12-01
NK225E    ,OOP,202712,45750.0,            ,182245718,0000000.0000,0000000.0,1449.83,0.298525,192245718,0000000.0000,0000000.0,19244.81,0.311869,63923.0,0.2573,2027-12-01
NK225E    ,OOP,202712,46000.0,            ,182246018,0000000.0000,0000000.0,1484.94,0.297498,192246018,0000000.0000,0000000.0,19034.76,0.310654,63923.0,0.2573,2027-12-01
NK225E    ,OOP,202712,46250.0,            ,182246218,0000000.0000,0000000.0,1520.85,0.296427,192246218,0000000.0000,0000000.0,18825.51,0.309401,63923.0,0.2573,2027-12-01
NK225E    ,OOP,202712,46500.0,            ,182246518,0000000.0000,0000000.0,1557.54,0.295314,192246518,0000000.0000,0000000.0,18617.04,0.308112,63923.0,0.2573,2027-12-01
NK225E    ,OOP,202712,46750.0,            ,182246718,0000000.0000,0000000.0,1595.07,0.294496,192246718,0000000.0000,0000000.0,18409.39,0.306787,63923.0,0.2573,2027-12-01
NK225E    ,OOP,202712,47000.0,            ,182247018,0000000.0000,0000000.0,1633.41,0.293297,192247018,0000000.0000,0000000.0,18202.57,0.305748,63923.0,0.2573,2027-12-01
NK225E    ,OOP,202712,47250.0,            ,182247218,0000000.0000,0000000.0,1672.59,0.292386,192247218,0000000.0000,0000000.0,17996.58,0.304667,63923.0,0.2573,2027-12-01
NK225E    ,OOP,202712,47500.0,            ,182247518,0000000.0000,0000000.0,1712.63,0.291428,192247518,0000000.0000,0000000.0,17791.46,0.303546,63923.0,0.2573,2027-12-01
NK225E    ,OOP,202712,47750.0,            ,182247718,0000000.0000,0000000.0,1753.53,0.290425,192247718,0000000.0000,0000000.0,17587.2,0.302384,63923.0,0.2573,2027-12-01
NK225E    ,OOP,202712,48000.0,            ,182248018,0000000.0000,0000000.0,1795.34,0.289377,192248018,0000000.0000,0000000.0,17383.83,0.301184,63923.0,0.2573,2027-12-01
NK225E    ,OOP,202712,48250.0,            ,182248218,0000000.0000,0000000.0,1838.03,0.288288,192248218,0000000.0000,0000000.0,17181.37,0.299945,63923.0,0.2573,2027-12-01
NK225E    ,OOP,202712,48500.0,            ,182248518,0000000.0000,0000000.0,1881.65,0.28746,192248518,0000000.0000,0000000.0,16979.81,0.298967,63923.0,0.2573,2027-12-01
NK225E    ,OOP,202712,48750.0,            ,182248718,0000000.0000,0000000.0,1926.18,0.286585,192248718,0000000.0000,0000000.0,16779.19,0.297652,63923.0,0.2573,2027-12-01
NK225E    ,OOP,202712,49000.0,            ,182249018,0000000.0000,0000000.0,1971.67,0.285662,192249018,0000000.0000,0000000.0,16579.5,0.296592,63923.0,0.2573,2027-12-01
NK225E    ,OOP,202712,49250.0,            ,182249218,0000000.0000,0000000.0,2018.11,0.284693,192249218,0000000.0000,0000000.0,16380.78,0.295775,63923.0,0.2573,2027-12-01
NK225E    ,OOP,202712,49500.0,            ,182249518,0000000.0000,0000000.0,2065.53,0.28368,192249518,0000000.0000,0000000.0,16183.03,0.29463,63923.0,0.2573,2027-12-01
NK225E    ,OOP,202712,49750.0,            ,182249718,0000000.0000,0000000.0,2113.94,0.282908,192249718,0000000.0000,0000000.0,15986.28,0.293446,63923.0,0.2573,2027-12-01
NK225E    ,OOP,202712,50000.0,            ,182240018,0000000.0000,0000000.0,2163.35,0.282086,192240018,0000000.0000,0000000.0,15790.53,0.292498,63923.0,0.2573,2027-12-01
NK225E    ,OOP,202712,50250.0,            ,182240218,0000000.0000,0000000.0,2213.79,0.281216,192240218,0000000.0000,0000000.0,15595.8,0.291507,63923.0,0.2573,2027-12-01
NK225E    ,OOP,202712,50500.0,            ,182240518,0000000.0000,0000000.0,2265.26,0.2803,192240518,0000000.0000,0000000.0,15402.1,0.290473,63923.0,0.2573,2027-12-01
NK225E    ,OOP,202712,50750.0,            ,182240718,0000000.0000,0000000.0,2317.77,0.279338,192240718,0000000.0000,0000000.0,15209.45,0.289397,63923.0,0.2573,2027-12-01
NK225E    ,OOP,202712,51000.0,            ,182241018,0000000.0000,0000000.0,2371.36,0.278598,192241018,0000000.0000,0000000.0,15017.88,0.288543,63923.0,0.2573,2027-12-01
NK225E    ,OOP,202712,51250.0,            ,182241218,0000000.0000,0000000.0,2426.02,0.277546,192241218,0000000.0000,0000000.0,14827.37,0.287643,63923.0,0.2573,2027-12-01
NK225E    ,OOP,202712,51500.0,            ,182241518,0000000.0000,0000000.0,2481.76,0.276711,192241518,0000000.0000,0000000.0,14637.94,0.286698,63923.0,0.2573,2027-12-01
NK225E    ,OOP,202712,51750.0,            ,182241718,0000000.0000,0000000.0,2538.62,0.276086,192241718,0000000.0000,0000000.0,14449.64,0.28571,63923.0,0.2573,2027-12-01
NK225E    ,OOP,202712,52000.0,            ,182242018,0000000.0000,0000000.0,2596.62,0.275155,192242018,0000000.0000,0000000.0,14262.47,0.28468,63923.0,0.2573,2027-12-01
NK225E    ,OOP,202712,52250.0,            ,182242218,0000000.0000,0000000.0,2655.74,0.274431,192242218,0000000.0000,0000000.0,14076.43,0.283855,63923.0,0.2573,2027-12-01
NK225E    ,OOP,202712,52500.0,            ,182362518,0000000.0000,0000000.0,2716.01,0.273656,192362518,0000000.0000,0000000.0,13891.53,0.282985,63923.0,0.2573,2027-12-01
NK225E    ,OOP,202712,52750.0,            ,132362718,0000000.0000,0000000.0,2777.45,0.272834,142362718,0000000.0000,0000000.0,13707.8,0.28207,63923.0,0.2573,2027-12-01
NK225E    ,OOP,202712,53000.0,            ,132363018,0000000.0000,0000000.0,2840.06,0.271965,142363018,0000000.0000,0000000.0,13525.25,0.28111,63923.0,0.2573,2027-12-01
NK225E    ,OOP,202712,53250.0,            ,132363218,0000000.0000,0000000.0,2903.86,0.271289,142363218,0000000.0000,0000000.0,13343.88,0.280345,63923.0,0.2573,2027-12-01
NK225E    ,OOP,202712,53500.0,            ,132363518,0000000.0000,0000000.0,2968.89,0.270564,142363518,0000000.0000,0000000.0,13163.74,0.279533,63923.0,0.2573,2027-12-01
NK225E    ,OOP,202712,53750.0,            ,132363718,0000000.0000,0000000.0,3035.11,0.269789,142363718,0000000.0000,0000000.0,12984.81,0.278676,63923.0,0.2573,2027-12-01
NK225E    ,OOP,202712,54000.0,            ,132364018,0000000.0000,0000000.0,3102.58,0.268967,142364018,0000000.0000,0000000.0,12807.11,0.277773,63923.0,0.2573,2027-12-01
NK225E    ,OOP,202712,54250.0,            ,132364218,0000000.0000,0000000.0,3171.29,0.268328,142364218,0000000.0000,0000000.0,12630.65,0.276826,63923.0,0.2573,2027-12-01
NK225E    ,OOP,202712,54500.0,            ,132364518,0000000.0000,0000000.0,3241.27,0.267411,142364518,0000000.0000,0000000.0,12455.47,0.276062,63923.0,0.2573,2027-12-01
NK225E    ,OOP,202712,54750.0,            ,132364718,0000000.0000,0000000.0,3312.51,0.266675,142364718,0000000.0000,0000000.0,12281.54,0.275252,63923.0,0.2573,2027-12-01
NK225E    ,OOP,202712,55000.0,            ,132365018,0000000.0000,0000000.0,3385.03,0.266114,142365018,0000000.0000,0000000.0,12108.9,0.274617,63923.0,0.2573,2027-12-01
NK225E    ,OOP,202712,55250.0,            ,132365218,0000000.0000,0000000.0,3458.87,0.26528,142365218,0000000.0000,0000000.0,11937.57,0.273714,63923.0,0.2573,2027-12-01
NK225E    ,OOP,202712,55500.0,            ,132365518,0000000.0000,0000000.0,3534.0,0.264619,142365518,0000000.0000,0000000.0,11767.53,0.272985,63923.0,0.2573,2027-12-01
NK225E    ,OOP,202712,55750.0,            ,132365718,0000000.0000,0000000.0,3610.44,0.263908,142365718,0000000.0000,0000000.0,11598.81,0.272209,63923.0,0.2573,2027-12-01
NK225E    ,OOP,202712,56000.0,            ,132366018,0000000.0000,0000000.0,3688.22,0.263365,142366018,0000000.0000,0000000.0,11431.43,0.271387,63923.0,0.2573,2027-12-01
NK225E    ,OOP,202712,56250.0,            ,132366218,0000000.0000,0000000.0,3767.34,0.262556,142366218,0000000.0000,0000000.0,11265.38,0.270732,63923.0,0.2573,2027-12-01
NK225E    ,OOP,202712,56500.0,            ,132366518,0000000.0000,0000000.0,3847.83,0.261913,142366518,0000000.0000,0000000.0,11100.7,0.270029,63923.0,0.2573,2027-12-01
NK225E    ,OOP,202712,56750.0,            ,132366718,0000000.0000,0000000.0,3929.66,0.261221,142366718,0000000.0000,0000000.0,10937.36,0.26928,63923.0,0.2573,2027-12-01
NK225E    ,OOP,202712,57000.0,            ,132367018,0000000.0000,0000000.0,4012.88,0.260688,142367018,0000000.0000,0000000.0,10775.42,0.268483,63923.0,0.2573,2027-12-01
NK225E    ,OOP,202712,57250.0,            ,132367218,0000000.0000,0000000.0,4097.48,0.260104,142367218,0000000.0000,0000000.0,10614.86,0.267848,63923.0,0.2573,2027-12-01
NK225E    ,OOP,202712,57500.0,            ,132367518,0000000.0000,0000000.0,4183.43,0.259471,142367518,0000000.0000,0000000.0,10455.64,0.267164,63923.0,0.2573,2027-12-01
NK225E    ,OOP,202712,57750.0,            ,132367718,0000000.0000,0000000.0,4270.85,0.258788,142367718,0000000.0000,0000000.0,10297.89,0.266433,63923.0,0.2573,2027-12-01
NK225E    ,OOP,202712,58000.0,            ,132368018,0000000.0000,0000000.0,4359.66,0.258057,142368018,0000000.0000,0000000.0,10141.54,0.265857,63923.0,0.2573,2027-12-01
NK225E    ,OOP,202712,58250.0,            ,132368218,0000000.0000,0000000.0,4449.85,0.257479,142368218,0000000.0000,0000000.0,9986.56,0.265233,63923.0,0.2573,2027-12-01
NK225E    ,OOP,202712,58500.0,            ,132368518,0000000.0000,0000000.0,4541.52,0.256851,142368518,0000000.0000,0000000.0,9833.07,0.264562,63923.0,0.2573,2027-12-01
NK225E    ,OOP,202712,58750.0,            ,132368718,0000000.0000,0000000.0,4634.61,0.256373,142368718,0000000.0000,0000000.0,9680.99,0.263843,63923.0,0.2573,2027-12-01
NK225E    ,OOP,202712,59000.0,            ,132369018,0000000.0000,0000000.0,4729.12,0.255843,142369018,0000000.0000,0000000.0,9530.34,0.263274,63923.0,0.2573,2027-12-01
NK225E    ,OOP,202712,59250.0,            ,132369218,0000000.0000,0000000.0,4825.07,0.255264,142369218,0000000.0000,0000000.0,9381.12,0.262657,63923.0,0.2573,2027-12-01
NK225E    ,OOP,202712,59500.0,            ,132369518,0000000.0000,0000000.0,4922.54,0.254636,142369518,0000000.0000,0000000.0,9233.43,0.261993,63923.0,0.2573,2027-12-01
NK225E    ,OOP,202712,59750.0,            ,132369718,0000000.0000,0000000.0,5021.41,0.253959,142369718,0000000.0000,0000000.0,9087.13,0.261475,63923.0,0.2573,2027-12-01
NK225E    ,OOP,202712,60000.0,            ,132360018,0000000.0000,0000000.0,5121.77,0.253426,142360018,0000000.0000,0000000.0,8942.32,0.260716,63923.0,0.2573,2027-12-01
NK225E    ,OOP,202712,60250.0,            ,132360218,0000000.0000,0000000.0,5223.61,0.252843,142360218,0000000.0000,0000000.0,8799.0,0.260294,63923.0,0.2573,2027-12-01
NK225E    ,OOP,202712,60500.0,            ,132360518,0000000.0000,0000000.0,5326.96,0.252402,142360518,0000000.0000,0000000.0,8657.18,0.259632,63923.0,0.2573,2027-12-01
NK225E    ,OOP,202712,60750.0,            ,132360718,0000000.0000,0000000.0,5431.73,0.251911,142360718,0000000.0000,0000000.0,8516.79,0.259114,63923.0,0.2573,2027-12-01
NK225E    ,OOP,202712,61000.0,            ,132361018,0000000.0000,0000000.0,5538.04,0.25137,142361018,0000000.0000,0000000.0,8377.93,0.258546,63923.0,0.2573,2027-12-01
NK225E    ,OOP,202712,61250.0,            ,132361218,0000000.0000,0000000.0,5645.81,0.25078,142361218,0000000.0000,0000000.0,8240.54,0.257932,63923.0,0.2573,2027-12-01
NK225E    ,OOP,202712,61500.0,            ,132361518,0000000.0000,0000000.0,5755.07,0.250329,142361518,0000000.0000,0000000.0,8104.63,0.257457,63923.0,0.2573,2027-12-01
NK225E    ,OOP,202712,61750.0,            ,132361718,0000000.0000,0000000.0,5865.86,0.249828,142361718,0000000.0000,0000000.0,7970.26,0.256935,63923.0,0.2573,2027-12-01
NK225E    ,OOP,202712,62000.0,            ,132362018,0000000.0000,0000000.0,5978.13,0.249277,142362018,0000000.0000,0000000.0,7837.36,0.256364,63923.0,0.2573,2027-12-01
NK225E    ,OOP,202712,62250.0,            ,132362218,0000000.0000,0000000.0,6091.9,0.248678,142362218,0000000.0000,0000000.0,7705.96,0.255747,63923.0,0.2573,2027-12-01
NK225E    ,OOP,202712,62500.0,            ,182242518,0000000.0000,0000000.0,6207.15,0.248215,192242518,0000000.0000,0000000.0,7576.05,0.255267,63923.0,0.2573,2027-12-01
NK225E    ,OOP,202712,62750.0,            ,182362718,0000000.0000,0000000.0,6323.94,0.247703,192362718,0000000.0000,0000000.0,7447.68,0.254739,63923.0,0.2573,2027-12-01
NK225E    ,OOP,202712,63000.0,            ,182363018,0000000.0000,0000000.0,6442.22,0.247325,192363018,0000000.0000,0000000.0,7320.79,0.254348,63923.0,0.2573,2027-12-01
NK225E    ,OOP,202712,63250.0,            ,182363218,0000000.0000,0000000.0,6562.02,0.246898,192363218,0000000.0000,0000000.0,7195.43,0.253725,63923.0,0.2573,2027-12-01
NK225E    ,OOP,202712,63500.0,            ,182363518,0000000.0000,0000000.0,6683.34,0.246422,192363518,0000000.0000,0000000.0,7071.57,0.253239,63923.0,0.2573,2027-12-01
NK225E    ,OOP,202712,63750.0,            ,182363718,0000000.0000,0000000.0,6806.11,0.245897,192363718,0000000.0000,0000000.0,6949.19,0.252887,63923.0,0.2573,2027-12-01
NK225E    ,OOP,202712,64000.0,            ,182364018,0000000.0000,0000000.0,6930.44,0.245506,192364018,0000000.0000,0000000.0,6828.35,0.252305,63923.0,0.2573,2027-12-01
NK225E    ,OOP,202712,64250.0,            ,182364218,0000000.0000,0000000.0,7056.23,0.245065,192364218,0000000.0000,0000000.0,6708.97,0.251859,63923.0,0.2573,2027-12-01
NK225E    ,OOP,202712,64500.0,            ,182364518,0000000.0000,0000000.0,7183.57,0.244576,192364518,0000000.0000,0000000.0,6591.15,0.251365,63923.0,0.2573,2027-12-01
NK225E    ,OOP,202712,64750.0,            ,182364718,0000000.0000,0000000.0,7312.37,0.244039,192364718,0000000.0000,0000000.0,6474.78,0.251005,63923.0,0.2573,2027-12-01
NK225E    ,OOP,202712,65000.0,            ,182365018,0000000.0000,0000000.0,7442.66,0.243634,192365018,0000000.0000,0000000.0,6359.91,0.250598,63923.0,0.2573,2027-12-01
NK225E    ,OOP,202712,65250.0,            ,182365218,0000000.0000,0000000.0,7574.47,0.243181,192365218,0000000.0000,0000000.0,6246.55,0.250144,63923.0,0.2573,2027-12-01
NK225E    ,OOP,202712,65500.0,            ,182365518,0000000.0000,0000000.0,7707.77,0.24286,192365518,0000000.0000,0000000.0,6134.68,0.249643,63923.0,0.2573,2027-12-01
NK225E    ,OOP,202712,65750.0,            ,182365718,0000000.0000,0000000.0,7842.55,0.24249,192365718,0000000.0000,0000000.0,6024.3,0.249276,63923.0,0.2573,2027-12-01
NK225E    ,OOP,202712,66000.0,            ,182366018,0000000.0000,0000000.0,7978.81,0.242073,192366018,0000000.0000,0000000.0,5915.39,0.248862,63923.0,0.2573,2027-12-01
NK225E    ,OOP,202712,66250.0,            ,182366218,0000000.0000,0000000.0,8116.54,0.241608,192366218,0000000.0000,0000000.0,5807.96,0.248402,63923.0,0.2573,2027-12-01
NK225E    ,OOP,202712,66500.0,            ,182366518,0000000.0000,0000000.0,8255.76,0.241275,192366518,0000000.0000,0000000.0,5702.01,0.248075,63923.0,0.2573,2027-12-01
NK225E    ,OOP,202712,66750.0,            ,182366718,0000000.0000,0000000.0,8396.44,0.240714,192366718,0000000.0000,0000000.0,5597.53,0.247702,63923.0,0.2573,2027-12-01
NK225E    ,OOP,202712,67000.0,            ,182367018,0000000.0000,0000000.0,8538.59,0.240466,192367018,0000000.0000,0000000.0,5494.51,0.247283,63923.0,0.2573,2027-12-01
NK225E    ,OOP,202712,67250.0,            ,182367218,0000000.0000,0000000.0,8682.18,0.23999,192367218,0000000.0000,0000000.0,5392.93,0.246818,63923.0,0.2573,2027-12-01
NK225E    ,OOP,202712,67500.0,            ,132487518,0000000.0000,0000000.0,8827.22,0.239648,142487518,0000000.0000,0000000.0,5292.81,0.246488,63923.0,0.2573,2027-12-01
NK225E    ,OOP,202712,67750.0,            ,182367718,0000000.0000,0000000.0,8973.71,0.239258,192367718,0000000.0000,0000000.0,5194.14,0.246111,63923.0,0.2573,2027-12-01
NK225E    ,OOP,202712,68000.0,            ,182368018,0000000.0000,0000000.0,9121.65,0.238821,192368018,0000000.0000,0000000.0,5096.91,0.24587,63923.0,0.2573,2027-12-01
NK225E    ,OOP,202712,68250.0,            ,182368218,0000000.0000,0000000.0,9271.0,0.238518,192368218,0000000.0000,0000000.0,5001.09,0.245402,63923.0,0.2573,2027-12-01
NK225E    ,OOP,202712,68500.0,            ,182368518,0000000.0000,0000000.0,9421.75,0.238168,192368518,0000000.0000,0000000.0,4906.68,0.24507,63923.0,0.2573,2027-12-01
NK225E    ,OOP,202712,68750.0,            ,182368718,0000000.0000,0000000.0,9573.95,0.237772,192368718,0000000.0000,0000000.0,4813.72,0.244692,63923.0,0.2573,2027-12-01
NK225E    ,OOP,202712,69000.0,            ,182369018,0000000.0000,0000000.0,9727.52,0.237511,192369018,0000000.0000,0000000.0,4722.12,0.244452,63923.0,0.2573,2027-12-01
NK225E    ,OOP,202712,69250.0,            ,182369218,0000000.0000,0000000.0,9882.5,0.237204,192369218,0000000.0000,0000000.0,4631.94,0.243984,63923.0,0.2573,2027-12-01
NK225E    ,OOP,202712,69500.0,            ,182369518,0000000.0000,0000000.0,10038.88,0.236851,192369518,0000000.0000,0000000.0,4543.15,0.243837,63923.0,0.2573,2027-12-01
NK225E    ,OOP,202712,69750.0,            ,182369718,0000000.0000,0000000.0,10196.63,0.236451,192369718,0000000.0000,0000000.0,4455.73,0.243462,63923.0,0.2573,2027-12-01
NK225E    ,OOP,202712,70000.0,            ,182360018,0000000.0000,0000000.0,10355.74,0.23619,192360018,0000000.0000,0000000.0,4369.68,0.243043,63923.0,0.2573,2027-12-01
NK225E    ,OOP,202712,70250.0,            ,182360218,0000000.0000,0000000.0,10516.22,0.235698,192360218,0000000.0000,0000000.0,4284.99,0.242763,63923.0,0.2573,2027-12-01
NK225E    ,OOP,202712,70500.0,            ,182360518,0000000.0000,0000000.0,10678.02,0.23553,192360518,0000000.0000,0000000.0,4201.62,0.242439,63923.0,0.2573,2027-12-01
NK225E    ,OOP,202712,70750.0,            ,182360718,0000000.0000,0000000.0,10841.17,0.235132,192360718,0000000.0000,0000000.0,4119.61,0.242256,63923.0,0.2573,2027-12-01
NK225E    ,OOP,202712,71000.0,            ,182361018,0000000.0000,0000000.0,11005.65,0.234874,192361018,0000000.0000,0000000.0,4038.92,0.241844,63923.0,0.2573,2027-12-01
NK225E    ,OOP,202712,71250.0,            ,182361218,0000000.0000,0000000.0,11171.46,0.234572,192361218,0000000.0000,0000000.0,3959.57,0.241574,63923.0,0.2573,2027-12-01
NK225E    ,OOP,202712,71500.0,            ,182361518,0000000.0000,0000000.0,11338.55,0.234224,192361518,0000000.0000,0000000.0,3881.49,0.241449,63923.0,0.2573,2027-12-01
NK225E    ,OOP,202712,71750.0,            ,182361718,0000000.0000,0000000.0,11506.93,0.233831,192361718,0000000.0000,0000000.0,3804.71,0.241093,63923.0,0.2573,2027-12-01
NK225E    ,OOP,202712,72000.0,            ,182362018,0000000.0000,0000000.0,11676.61,0.233582,192362018,0000000.0000,0000000.0,3729.23,0.240882,63923.0,0.2573,2027-12-01
NK225E    ,OOP,202712,72250.0,            ,182362218,0000000.0000,0000000.0,11847.54,0.233289,192362218,0000000.0000,0000000.0,3654.99,0.240628,63923.0,0.2573,2027-12-01
NK225E    ,OOP,202712,72500.0,            ,132482518,0000000.0000,0000000.0,12019.76,0.232952,142482518,0000000.0000,0000000.0,3582.04,0.240332,63923.0,0.2573,2027-12-01
NK225E    ,OOP,202712,72750.0,            ,132482718,0000000.0000,0000000.0,12193.19,0.232762,142482718,0000000.0000,0000000.0,3510.31,0.239993,63923.0,0.2573,2027-12-01
NK225E    ,OOP,202712,73000.0,            ,132483018,0000000.0000,0000000.0,12367.86,0.23253,142483018,0000000.0000,0000000.0,3439.82,0.239803,63923.0,0.2573,2027-12-01
NK225E    ,OOP,202712,73250.0,            ,132483218,0000000.0000,0000000.0,12543.79,0.232253,142483218,0000000.0000,0000000.0,3370.57,0.239572,63923.0,0.2573,2027-12-01
NK225E    ,OOP,202712,73500.0,            ,132483518,0000000.0000,0000000.0,12720.89,0.231933,142483518,0000000.0000,0000000.0,3302.51,0.239298,63923.0,0.2573,2027-12-01
NK225E    ,OOP,202712,73750.0,            ,132483718,0000000.0000,0000000.0,12899.2,0.231568,142483718,0000000.0000,0000000.0,3235.66,0.239178,63923.0,0.2573,2027-12-01
NK225E    ,OOP,202712,74000.0,            ,132484018,0000000.0000,0000000.0,13078.67,0.231357,142484018,0000000.0000,0000000.0,3169.96,0.238821,63923.0,0.2573,2027-12-01
NK225E    ,OOP,202712,74250.0,            ,132484218,0000000.0000,0000000.0,13259.34,0.231104,142484218,0000000.0000,0000000.0,3105.47,0.238619,63923.0,0.2573,2027-12-01
NK225E    ,OOP,202712,74500.0,            ,132484518,0000000.0000,0000000.0,13441.15,0.230807,142484518,0000000.0000,0000000.0,3042.11,0.238376,63923.0,0.2573,2027-12-01
NK225E    ,OOP,202712,74750.0,            ,132484718,0000000.0000,0000000.0,13624.12,0.230669,142484718,0000000.0000,0000000.0,2979.91,0.238291,63923.0,0.2573,2027-12-01
NK225E    ,OOP,202712,75000.0,            ,132485018,0000000.0000,0000000.0,13808.22,0.230286,142485018,0000000.0000,0000000.0,2918.84,0.237966,63923.0,0.2573,2027-12-01
NK225E    ,OOP,202712,75250.0,            ,132485218,0000000.0000,0000000.0,13993.44,0.230064,142485218,0000000.0000,0000000.0,2858.9,0.237801,63923.0,0.2573,2027-12-01
NK225E    ,OOP,202712,75500.0,            ,132485518,0000000.0000,0000000.0,14179.75,0.229799,142485518,0000000.0000,0000000.0,2800.05,0.237597,63923.0,0.2573,2027-12-01
NK225E    ,OOP,202712,75750.0,            ,132485718,0000000.0000,0000000.0,14367.17,0.229492,142485718,0000000.0000,0000000.0,2742.3,0.237352,63923.0,0.2573,2027-12-01
NK225E    ,OOP,202712,76000.0,            ,132486018,0000000.0000,0000000.0,14555.67,0.229351,142486018,0000000.0000,0000000.0,2685.63,0.237273,63923.0,0.2573,2027-12-01
NK225E    ,OOP,202712,76250.0,            ,132486218,0000000.0000,0000000.0,14745.21,0.22917,142486218,0000000.0000,0000000.0,2630.01,0.237156,63923.0,0.2573,2027-12-01
NK225E    ,OOP,202712,77500.0,            ,182367518,0000000.0000,0000000.0,15708.51,0.227857,192367518,0000000.0000,0000000.0,2367.49,0.2362,63923.0,0.2573,2027-12-01
NK225E    ,OOP,202712,80000.0,            ,132480018,0000000.0000,0000000.0,17707.21,0.225999,142480018,0000000.0000,0000000.0,1914.53,0.23496,63923.0,0.2573,2027-12-01
NK225E    ,OOP,202712,82500.0,            ,182482518,0000000.0000,0000000.0,19790.96,0.224144,192482518,0000000.0000,0000000.0,1546.63,0.234167,63923.0,0.2573,2027-12-01
NK225E    ,OOP,202712,85000.0,            ,182485018,0000000.0000,0000000.0,21947.02,0.22264,192485018,0000000.0000,0000000.0,1251.03,0.233977,63923.0,0.2573,2027-12-01
NK225E    ,OOP,202712,87500.0,            ,182487518,0000000.0000,0000000.0,24163.7,0.221297,192487518,0000000.0000,0000000.0,1016.06,0.234247,63923.0,0.2573,2027-12-01
NK225E    ,OOP,202712,90000.0,            ,182480018,0000000.0000,0000000.0,26430.62,0.220528,192480018,0000000.0000,0000000.0,831.31,0.235029,63923.0,0.2573,2027-12-01
NK225E    ,OOP,202712,95000.0,            ,132605018,0000000.0000,0000000.0,31080.66,0.219943,142605018,0000000.0000,0000000.0,578.05,0.238746,63923.0,0.2573,2027-12-01
NK225E    ,OOP,202712,100000.0,            ,132600018,0000000.0000,0000000.0,35842.26,0.221458,142600018,0000000.0000,0000000.0,436.34,0.246042,63923.0,0.2573,2027-12-01
NK225E    ,OOP,202803,50000.0,            ,133030018,0000000.0000,0000000.0,2568.36,0.277694,143030018,0000000.0000,0000000.0,16296.06,0.295087,63923.0,0.2573,2028-03-01
NK225E    ,OOP,202803,51000.0,            ,133031018,0000000.0000,0000000.0,2788.66,0.274175,143031018,0000000.0000,0000000.0,15539.57,0.290917,63923.0,0.2573,2028-03-01
NK225E    ,OOP,202803,52000.0,            ,133032018,0000000.0000,0000000.0,3026.44,0.270973,143032018,0000000.0000,0000000.0,14800.54,0.286896,63923.0,0.2573,2028-03-01
NK225E    ,OOP,202803,53000.0,            ,133033018,0000000.0000,0000000.0,3282.03,0.267809,143033018,0000000.0000,0000000.0,14079.34,0.283203,63923.0,0.2573,2028-03-01
NK225E    ,OOP,202803,54000.0,            ,133034018,0000000.0000,0000000.0,3555.93,0.26466,143034018,0000000.0000,0000000.0,13376.44,0.279578,63923.0,0.2573,2028-03-01
NK225E    ,OOP,202803,55000.0,            ,133035018,0000000.0000,0000000.0,3848.71,0.261907,143035018,0000000.0000,0000000.0,12692.43,0.276197,63923.0,0.2573,2028-03-01
NK225E    ,OOP,202803,56000.0,            ,133036018,0000000.0000,0000000.0,4161.04,0.259103,143036018,0000000.0000,0000000.0,12027.96,0.27302,63923.0,0.2573,2028-03-01
NK225E    ,OOP,202803,57000.0,            ,133037018,0000000.0000,0000000.0,4493.64,0.256427,143037018,0000000.0000,0000000.0,11383.76,0.270015,63923.0,0.2573,2028-03-01
NK225E    ,OOP,202803,58000.0,            ,133038018,0000000.0000,0000000.0,4847.39,0.253851,143038018,0000000.0000,0000000.0,10760.71,0.267153,63923.0,0.2573,2028-03-01
NK225E    ,OOP,202803,59000.0,            ,133039018,0000000.0000,0000000.0,5223.09,0.251535,143039018,0000000.0000,0000000.0,10159.61,0.264412,63923.0,0.2573,2028-03-01
NK225E    ,OOP,202803,59500.0,            ,133039518,0000000.0000,0000000.0,5420.09,0.250487,143039518,0000000.0000,0000000.0,9868.22,0.26317,63923.0,0.2573,2028-03-01
NK225E    ,OOP,202803,59750.0,            ,133039718,0000000.0000,0000000.0,5520.32,0.249989,143039718,0000000.0000,0000000.0,9724.25,0.262579,63923.0,0.2573,2028-03-01
NK225E    ,OOP,202803,60000.0,            ,183030018,0000000.0000,0000000.0,5621.72,0.249449,193030018,0000000.0000,0000000.0,9581.44,0.261949,63923.0,0.2573,2028-03-01
NK225E    ,OOP,202803,60250.0,            ,133030218,0000000.0000,0000000.0,5725.51,0.248868,143030218,0000000.0000,0000000.0,9441.04,0.261455,63923.0,0.2573,2028-03-01
NK225E    ,OOP,202803,60500.0,            ,133030518,0000000.0000,0000000.0,5830.49,0.24842,143030518,0000000.0000,0000000.0,9301.82,0.260748,63923.0,0.2573,2028-03-01
NK225E    ,OOP,202803,60750.0,            ,133030718,0000000.0000,0000000.0,5936.65,0.247757,143030718,0000000.0000,0000000.0,9163.78,0.260176,63923.0,0.2573,2028-03-01
NK225E    ,OOP,202803,61000.0,            ,183031018,0000000.0000,0000000.0,6044.0,0.247399,193031018,0000000.0000,0000000.0,9026.93,0.259738,63923.0,0.2573,2028-03-01
NK225E    ,OOP,202803,61250.0,            ,133031218,0000000.0000,0000000.0,6153.9,0.246827,143031218,0000000.0000,0000000.0,8892.63,0.259088,63923.0,0.2573,2028-03-01
NK225E    ,OOP,202803,61500.0,            ,133031518,0000000.0000,0000000.0,6265.0,0.246385,143031518,0000000.0000,0000000.0,8759.54,0.258571,63923.0,0.2573,2028-03-01
NK225E    ,OOP,202803,61750.0,            ,133031718,0000000.0000,0000000.0,6377.31,0.245902,143031718,0000000.0000,0000000.0,8627.64,0.258186,63923.0,0.2573,2028-03-01
NK225E    ,OOP,202803,62000.0,            ,183032018,0000000.0000,0000000.0,6490.79,0.245377,193032018,0000000.0000,0000000.0,8496.92,0.257591,63923.0,0.2573,2028-03-01
NK225E    ,OOP,202803,62250.0,            ,133032218,0000000.0000,0000000.0,6606.98,0.244981,143032218,0000000.0000,0000000.0,8368.91,0.257127,63923.0,0.2573,2028-03-01
NK225E    ,OOP,202803,62500.0,            ,133032518,0000000.0000,0000000.0,6724.34,0.244543,143032518,0000000.0000,0000000.0,8242.08,0.256793,63923.0,0.2573,2028-03-01
NK225E    ,OOP,202803,62750.0,            ,133032718,0000000.0000,0000000.0,6842.92,0.244233,143032718,0000000.0000,0000000.0,8116.46,0.25625,63923.0,0.2573,2028-03-01
NK225E    ,OOP,202803,63000.0,            ,183033018,0000000.0000,0000000.0,6962.75,0.243712,193033018,0000000.0000,0000000.0,7992.08,0.255837,63923.0,0.2573,2028-03-01
NK225E    ,OOP,202803,63250.0,            ,133033218,0000000.0000,0000000.0,7085.3,0.243487,143033218,0000000.0000,0000000.0,7870.44,0.255385,63923.0,0.2573,2028-03-01
NK225E    ,OOP,202803,63500.0,            ,133033518,0000000.0000,0000000.0,7209.07,0.243052,143033518,0000000.0000,0000000.0,7750.01,0.255061,63923.0,0.2573,2028-03-01
NK225E    ,OOP,202803,63750.0,            ,133033718,0000000.0000,0000000.0,7334.06,0.242742,143033718,0000000.0000,0000000.0,7630.8,0.25453,63923.0,0.2573,2028-03-01
NK225E    ,OOP,202803,64000.0,            ,183034018,0000000.0000,0000000.0,7460.26,0.242225,193034018,0000000.0000,0000000.0,7512.8,0.254129,63923.0,0.2573,2028-03-01
NK225E    ,OOP,202803,64250.0,            ,133034218,0000000.0000,0000000.0,7589.26,0.242,143034218,0000000.0000,0000000.0,7397.61,0.253854,63923.0,0.2573,2028-03-01
NK225E    ,OOP,202803,64500.0,            ,133034518,0000000.0000,0000000.0,7719.52,0.241734,143034518,0000000.0000,0000000.0,7283.66,0.25354,63923.0,0.2573,2028-03-01
NK225E    ,OOP,202803,64750.0,            ,133034718,0000000.0000,0000000.0,7850.98,0.241261,143034718,0000000.0000,0000000.0,7170.92,0.253188,63923.0,0.2573,2028-03-01
NK225E    ,OOP,202803,65000.0,            ,183035018,0000000.0000,0000000.0,7983.65,0.241079,193035018,0000000.0000,0000000.0,7059.39,0.252796,63923.0,0.2573,2028-03-01
NK225E    ,OOP,202803,65250.0,            ,133035218,0000000.0000,0000000.0,8119.12,0.24069,143035218,0000000.0000,0000000.0,6950.67,0.252532,63923.0,0.2573,2028-03-01
NK225E    ,OOP,202803,65500.0,            ,133035518,0000000.0000,0000000.0,8255.84,0.240426,143035518,0000000.0000,0000000.0,6843.18,0.252229,63923.0,0.2573,2028-03-01
NK225E    ,OOP,202803,65750.0,            ,133035718,0000000.0000,0000000.0,8393.75,0.240287,143035718,0000000.0000,0000000.0,6736.89,0.252053,63923.0,0.2573,2028-03-01
NK225E    ,OOP,202803,66000.0,            ,183036018,0000000.0000,0000000.0,8532.85,0.239942,193036018,0000000.0000,0000000.0,6631.8,0.251674,63923.0,0.2573,2028-03-01
NK225E    ,OOP,202803,66250.0,            ,133036218,0000000.0000,0000000.0,8674.75,0.239723,143036218,0000000.0000,0000000.0,6529.5,0.251421,63923.0,0.2573,2028-03-01
NK225E    ,OOP,202803,66500.0,            ,133036518,0000000.0000,0000000.0,8817.87,0.239463,143036518,0000000.0000,0000000.0,6428.42,0.251295,63923.0,0.2573,2028-03-01
NK225E    ,OOP,202803,66750.0,            ,133036718,0000000.0000,0000000.0,8962.13,0.239328,143036718,0000000.0000,0000000.0,6328.48,0.251131,63923.0,0.2573,2028-03-01
NK225E    ,OOP,202803,67000.0,            ,183037018,0000000.0000,0000000.0,9107.6,0.238989,193037018,0000000.0000,0000000.0,6229.75,0.250765,63923.0,0.2573,2028-03-01
NK225E    ,OOP,202803,67250.0,            ,133037218,0000000.0000,0000000.0,9255.76,0.23894,143037218,0000000.0000,0000000.0,6133.71,0.250691,63923.0,0.2573,2028-03-01
NK225E    ,OOP,202803,67500.0,            ,133037518,0000000.0000,0000000.0,9405.07,0.238687,143037518,0000000.0000,0000000.0,6038.82,0.25058,63923.0,0.2573,2028-03-01
NK225E    ,OOP,202803,67750.0,            ,133037718,0000000.0000,0000000.0,9555.53,0.23856,143037718,0000000.0000,0000000.0,5945.08,0.250267,63923.0,0.2573,2028-03-01
NK225E    ,OOP,202803,68000.0,            ,183038018,0000000.0000,0000000.0,9707.17,0.238395,193038018,0000000.0000,0000000.0,5852.52,0.250246,63923.0,0.2573,2028-03-01
NK225E    ,OOP,202803,68250.0,            ,133038218,0000000.0000,0000000.0,9861.34,0.23819,143038218,0000000.0000,0000000.0,5762.49,0.250024,63923.0,0.2573,2028-03-01
NK225E    ,OOP,202803,68500.0,            ,133038518,0000000.0000,0000000.0,10016.64,0.238113,143038518,0000000.0000,0000000.0,5673.59,0.24993,63923.0,0.2573,2028-03-01
NK225E    ,OOP,202803,68750.0,            ,133038718,0000000.0000,0000000.0,10173.05,0.237997,143038718,0000000.0000,0000000.0,5585.81,0.249801,63923.0,0.2573,2028-03-01
NK225E    ,OOP,202803,69000.0,            ,183039018,0000000.0000,0000000.0,10330.61,0.237844,193039018,0000000.0000,0000000.0,5499.17,0.249635,63923.0,0.2573,2028-03-01
NK225E    ,OOP,202803,69250.0,            ,133039218,0000000.0000,0000000.0,10490.44,0.237818,143039218,0000000.0000,0000000.0,5414.8,0.249599,63923.0,0.2573,2028-03-01
NK225E    ,OOP,202803,70000.0,            ,133150018,0000000.0000,0000000.0,10976.54,0.23752,143150018,0000000.0000,0000000.0,5168.3,0.249445,63923.0,0.2573,2028-03-01
NK225E    ,OOP,202803,71000.0,            ,133151018,0000000.0000,0000000.0,11643.27,0.237279,143151018,0000000.0000,0000000.0,4858.23,0.249365,63923.0,0.2573,2028-03-01
NK225E    ,OOP,202803,72000.0,            ,133152018,0000000.0000,0000000.0,12328.73,0.237144,143152018,0000000.0000,0000000.0,4566.89,0.24925,63923.0,0.2573,2028-03-01
NK225E    ,OOP,202803,73000.0,            ,133153018,0000000.0000,0000000.0,13030.52,0.236966,143153018,0000000.0000,0000000.0,4291.88,0.249288,63923.0,0.2573,2028-03-01
NK225E    ,OOP,202803,74000.0,            ,133154018,0000000.0000,0000000.0,13745.96,0.236766,143154018,0000000.0000,0000000.0,4030.53,0.24916,63923.0,0.2573,2028-03-01
NK225E    ,OOP,202803,75000.0,            ,133155018,0000000.0000,0000000.0,14472.14,0.236387,143155018,0000000.0000,0000000.0,3779.92,0.249053,63923.0,0.2573,2028-03-01
NK225E    ,OOP,202803,76000.0,            ,133156018,0000000.0000,0000000.0,15205.86,0.235657,143156018,0000000.0000,0000000.0,3536.84,0.248632,63923.0,0.2573,2028-03-01
NK225E    ,OOP,202803,77000.0,            ,133157018,0000000.0000,0000000.0,15943.74,0.234762,143157018,0000000.0000,0000000.0,3297.92,0.2479,63923.0,0.2573,2028-03-01
NK225E    ,OOP,202803,78000.0,            ,133158018,0000000.0000,0000000.0,16682.39,0.233134,143158018,0000000.0000,0000000.0,3059.77,0.246667,63923.0,0.2573,2028-03-01
NK225E    ,OOP,202803,79000.0,            ,133159018,0000000.0000,0000000.0,17418.28,0.230927,143159018,0000000.0000,0000000.0,2818.86,0.244917,63923.0,0.2573,2028-03-01
NK225E    ,OOP,202803,80000.0,            ,183150018,0000000.0000,0000000.0,18148.09,0.227894,193150018,0000000.0000,0000000.0,2571.88,0.242226,63923.0,0.2573,2028-03-01
NK225E    ,OOP,202806,15000.0,            ,183065018,0000000.0000,0000000.0,7.38,0.37736,193065018,0000000.0000,0000000.0,47607.42,0.631631,63923.0,0.2573,2028-06-01
NK225E    ,OOP,202806,16000.0,            ,183066018,0000000.0000,0000000.0,11.86,0.37736,193066018,0000000.0000,0000000.0,46638.96,0.605281,63923.0,0.2573,2028-06-01
NK225E    ,OOP,202806,17000.0,            ,183067018,0000000.0000,0000000.0,18.29,0.376719,193067018,0000000.0000,0000000.0,45672.44,0.582106,63923.0,0.2573,2028-06-01
NK225E    ,OOP,202806,17500.0,            ,133067518,0000000.0000,0000000.0,22.4,0.376626,143067518,0000000.0000,0000000.0,45190.07,0.571745,63923.0,0.2573,2028-06-01
NK225E    ,OOP,202806,17750.0,            ,133067718,0000000.0000,0000000.0,24.7,0.376163,143067718,0000000.0000,0000000.0,44949.14,0.565305,63923.0,0.2573,2028-06-01
NK225E    ,OOP,202806,18000.0,            ,133068018,0000000.0000,0000000.0,27.19,0.377057,143068018,0000000.0000,0000000.0,44708.39,0.560322,63923.0,0.2573,2028-06-01
NK225E    ,OOP,202806,18250.0,            ,133068218,0000000.0000,0000000.0,29.87,0.376096,143068218,0000000.0000,0000000.0,44467.83,0.555407,63923.0,0.2573,2028-06-01
NK225E    ,OOP,202806,18500.0,            ,133068518,0000000.0000,0000000.0,32.75,0.376352,143068518,0000000.0000,0000000.0,44227.47,0.550558,63923.0,0.2573,2028-06-01
NK225E    ,OOP,202806,18750.0,            ,133068718,0000000.0000,0000000.0,35.84,0.376312,143068718,0000000.0000,0000000.0,43987.33,0.545771,63923.0,0.2573,2028-06-01
NK225E    ,OOP,202806,19000.0,            ,133069018,0000000.0000,0000000.0,39.15,0.376023,143069018,0000000.0000,0000000.0,43747.4,0.541045,63923.0,0.2573,2028-06-01
NK225E    ,OOP,202806,19250.0,            ,133069218,0000000.0000,0000000.0,42.69,0.376612,143069218,0000000.0000,0000000.0,43507.71,0.53638,63923.0,0.2573,2028-06-01
NK225E    ,OOP,202806,19500.0,            ,133069518,0000000.0000,0000000.0,46.48,0.375867,143069518,0000000.0000,0000000.0,43268.25,0.531772,63923.0,0.2573,2028-06-01
NK225E    ,OOP,202806,19750.0,            ,133069718,0000000.0000,0000000.0,50.51,0.375932,143069718,0000000.0000,0000000.0,43029.05,0.52722,63923.0,0.2573,2028-06-01
NK225E    ,OOP,202806,20000.0,            ,133060018,0000000.0000,0000000.0,54.81,0.376645,143060018,0000000.0000,0000000.0,42790.11,0.522723,63923.0,0.2573,2028-06-01
NK225E    ,OOP,202806,20250.0,            ,133060218,0000000.0000,0000000.0,59.38,0.376215,143060218,0000000.0000,0000000.0,42551.45,0.519469,63923.0,0.2573,2028-06-01
NK225E    ,OOP,202806,20500.0,            ,133060518,0000000.0000,0000000.0,64.24,0.376396,143060518,0000000.0000,0000000.0,42313.07,0.515061,63923.0,0.2573,2028-06-01
NK225E    ,OOP,202806,20750.0,            ,133060718,0000000.0000,0000000.0,69.4,0.376341,143060718,0000000.0000,0000000.0,42074.99,0.510704,63923.0,0.2573,2028-06-01
NK225E    ,OOP,202806,21000.0,            ,133061018,0000000.0000,0000000.0,74.86,0.376082,143061018,0000000.0000,0000000.0,41837.21,0.507532,63923.0,0.2573,2028-06-01
NK225E    ,OOP,202806,21250.0,            ,133061218,0000000.0000,0000000.0,80.64,0.376299,143061218,0000000.0000,0000000.0,41599.76,0.503257,63923.0,0.2573,2028-06-01
NK225E    ,OOP,202806,21500.0,            ,133061518,0000000.0000,0000000.0,86.75,0.37629,143061518,0000000.0000,0000000.0,41362.63,0.50013,63923.0,0.2573,2028-06-01
NK225E    ,OOP,202806,21750.0,            ,133061718,0000000.0000,0000000.0,93.2,0.376087,143061718,0000000.0000,0000000.0,41125.85,0.495934,63923.0,0.2573,2028-06-01
NK225E    ,OOP,202806,22000.0,            ,133062018,0000000.0000,0000000.0,100.01,0.375712,143062018,0000000.0000,0000000.0,40889.42,0.49285,63923.0,0.2573,2028-06-01
NK225E    ,OOP,202806,22250.0,            ,133062218,0000000.0000,0000000.0,107.18,0.37571,143062218,0000000.0000,0000000.0,40653.36,0.489777,63923.0,0.2573,2028-06-01
NK225E    ,OOP,202806,22500.0,            ,133062518,0000000.0000,0000000.0,114.73,0.376019,143062518,0000000.0000,0000000.0,40417.67,0.486715,63923.0,0.2573,2028-06-01
NK225E    ,OOP,202806,22750.0,            ,133062718,0000000.0000,0000000.0,122.67,0.376116,143062718,0000000.0000,0000000.0,40182.37,0.482653,63923.0,0.2573,2028-06-01
NK225E    ,OOP,202806,23000.0,            ,133063018,0000000.0000,0000000.0,131.01,0.376028,143063018,0000000.0000,0000000.0,39947.47,0.479632,63923.0,0.2573,2028-06-01
NK225E    ,OOP,202806,23250.0,            ,133063218,0000000.0000,0000000.0,139.76,0.375775,143063218,0000000.0000,0000000.0,39712.99,0.476621,63923.0,0.2573,2028-06-01
NK225E    ,OOP,202806,23500.0,            ,133063518,0000000.0000,0000000.0,148.94,0.375781,143063518,0000000.0000,0000000.0,39478.93,0.474581,63923.0,0.2573,2028-06-01
NK225E    ,OOP,202806,23750.0,            ,133063718,0000000.0000,0000000.0,158.55,0.37562,143063718,0000000.0000,0000000.0,39245.31,0.471576,63923.0,0.2573,2028-06-01
NK225E    ,OOP,202806,24000.0,            ,133064018,0000000.0000,0000000.0,168.62,0.375678,143064018,0000000.0000,0000000.0,39012.13,0.468583,63923.0,0.2573,2028-06-01
NK225E    ,OOP,202806,24250.0,            ,133064218,0000000.0000,0000000.0,179.14,0.375572,143064218,0000000.0000,0000000.0,38779.41,0.46651,63923.0,0.2573,2028-06-01
NK225E    ,OOP,202806,24500.0,            ,133064518,0000000.0000,0000000.0,190.13,0.375654,143064518,0000000.0000,0000000.0,38547.17,0.463525,63923.0,0.2573,2028-06-01
NK225E    ,OOP,202806,24750.0,            ,133064718,0000000.0000,0000000.0,201.61,0.375577,143064718,0000000.0000,0000000.0,38315.41,0.461428,63923.0,0.2573,2028-06-01
NK225E    ,OOP,202806,25000.0,            ,133065018,0000000.0000,0000000.0,213.58,0.375662,143065018,0000000.0000,0000000.0,38084.15,0.458452,63923.0,0.2573,2028-06-01
NK225E    ,OOP,202806,25250.0,            ,133065218,0000000.0000,0000000.0,226.06,0.375593,143065218,0000000.0000,0000000.0,37853.39,0.456335,63923.0,0.2573,2028-06-01
NK225E    ,OOP,202806,25500.0,            ,133065518,0000000.0000,0000000.0,239.06,0.375666,143065518,0000000.0000,0000000.0,37623.15,0.454199,63923.0,0.2573,2028-06-01
NK225E    ,OOP,202806,25750.0,            ,133065718,0000000.0000,0000000.0,252.59,0.375592,143065718,0000000.0000,0000000.0,37393.44,0.452048,63923.0,0.2573,2028-06-01
NK225E    ,OOP,202806,26000.0,            ,133066018,0000000.0000,0000000.0,266.66,0.375644,143066018,0000000.0000,0000000.0,37164.28,0.449881,63923.0,0.2573,2028-06-01
NK225E    ,OOP,202806,26250.0,            ,133066218,0000000.0000,0000000.0,275.72,0.374302,143066218,0000000.0000,0000000.0,36930.1,0.446919,63923.0,0.2573,2028-06-01
NK225E    ,OOP,202806,26500.0,            ,133066518,0000000.0000,0000000.0,284.96,0.372912,143066518,0000000.0000,0000000.0,36696.11,0.443968,63923.0,0.2573,2028-06-01
NK225E    ,OOP,202806,26750.0,            ,133066718,0000000.0000,0000000.0,294.4,0.371478,143066718,0000000.0000,0000000.0,36462.31,0.441791,63923.0,0.2573,2028-06-01
NK225E    ,OOP,202806,27000.0,            ,133067018,0000000.0000,0000000.0,304.03,0.370003,143067018,0000000.0000,0000000.0,36228.7,0.438855,63923.0,0.2573,2028-06-01
NK225E    ,OOP,202806,27250.0,            ,133067218,0000000.0000,0000000.0,314.0,0.369618,143067218,0000000.0000,0000000.0,35995.43,0.435932,63923.0,0.2573,2028-06-01
NK225E    ,OOP,202806,27500.0,            ,183067518,0000000.0000,0000000.0,324.17,0.368262,193067518,0000000.0000,0000000.0,35762.37,0.433021,63923.0,0.2573,2028-06-01
NK225E    ,OOP,202806,27750.0,            ,183067718,0000000.0000,0000000.0,334.55,0.366862,193067718,0000000.0000,0000000.0,35529.51,0.430838,63923.0,0.2573,2028-06-01
NK225E    ,OOP,202806,28000.0,            ,183068018,0000000.0000,0000000.0,345.13,0.365424,193068018,0000000.0000,0000000.0,35296.86,0.427942,63923.0,0.2573,2028-06-01
NK225E    ,OOP,202806,28250.0,            ,183068218,0000000.0000,0000000.0,356.08,0.363948,193068218,0000000.0000,0000000.0,35064.57,0.425752,63923.0,0.2573,2028-06-01
NK225E    ,OOP,202806,28500.0,            ,183068518,0000000.0000,0000000.0,367.25,0.362438,193068518,0000000.0000,0000000.0,34832.5,0.422871,63923.0,0.2573,2028-06-01
NK225E    ,OOP,202806,28750.0,            ,183068718,0000000.0000,0000000.0,378.63,0.360896,193068718,0000000.0000,0000000.0,34600.65,0.420675,63923.0,0.2573,2028-06-01
NK225E    ,OOP,202806,29000.0,            ,183069018,0000000.0000,0000000.0,390.24,0.359324,193069018,0000000.0000,0000000.0,34369.02,0.417808,63923.0,0.2573,2028-06-01
NK225E    ,OOP,202806,29250.0,            ,183069218,0000000.0000,0000000.0,402.23,0.358644,193069218,0000000.0000,0000000.0,34137.77,0.415608,63923.0,0.2573,2028-06-01
NK225E    ,OOP,202806,29500.0,            ,183069518,0000000.0000,0000000.0,414.45,0.356997,193069518,0000000.0000,0000000.0,33906.76,0.4134,63923.0,0.2573,2028-06-01
NK225E    ,OOP,202806,29750.0,            ,183069718,0000000.0000,0000000.0,426.91,0.356203,193069718,0000000.0000,0000000.0,33675.97,0.411185,63923.0,0.2573,2028-06-01
NK225E    ,OOP,202806,30000.0,            ,183060018,0000000.0000,0000000.0,439.6,0.354491,193060018,0000000.0000,0000000.0,33445.43,0.408341,63923.0,0.2573,2028-06-01
NK225E    ,OOP,202806,30250.0,            ,183060218,0000000.0000,0000000.0,452.7,0.353594,193060218,0000000.0000,0000000.0,33215.3,0.406124,63923.0,0.2573,2028-06-01
NK225E    ,OOP,202806,30500.0,            ,183060518,0000000.0000,0000000.0,466.05,0.351826,193060518,0000000.0000,0000000.0,32985.41,0.403902,63923.0,0.2573,2028-06-01
NK225E    ,OOP,202806,30750.0,            ,183060718,0000000.0000,0000000.0,479.65,0.350839,193060718,0000000.0000,0000000.0,32755.77,0.401674,63923.0,0.2573,2028-06-01
NK225E    ,OOP,202806,31000.0,            ,183061018,0000000.0000,0000000.0,493.5,0.349801,193061018,0000000.0000,0000000.0,32526.38,0.399442,63923.0,0.2573,2028-06-01
NK225E    ,OOP,202806,31250.0,            ,183061218,0000000.0000,0000000.0,507.79,0.347954,193061218,0000000.0000,0000000.0,32297.43,0.397205,63923.0,0.2573,2028-06-01
NK225E    ,OOP,202806,31500.0,            ,183061518,0000000.0000,0000000.0,522.33,0.34684,193061518,0000000.0000,0000000.0,32068.74,0.395534,63923.0,0.2573,2028-06-01
NK225E    ,OOP,202806,31750.0,            ,183061718,0000000.0000,0000000.0,537.15,0.345682,193061718,0000000.0000,0000000.0,31840.32,0.393281,63923.0,0.2573,2028-06-01
NK225E    ,OOP,202806,32000.0,            ,183062018,0000000.0000,0000000.0,552.24,0.344484,193062018,0000000.0000,0000000.0,31612.18,0.391025,63923.0,0.2573,2028-06-01
NK225E    ,OOP,202806,32250.0,            ,183062218,0000000.0000,0000000.0,567.78,0.343247,193062218,0000000.0000,0000000.0,31384.48,0.38931,63923.0,0.2573,2028-06-01
NK225E    ,OOP,202806,32500.0,            ,183062518,0000000.0000,0000000.0,583.62,0.341974,193062518,0000000.0000,0000000.0,31157.08,0.38704,63923.0,0.2573,2028-06-01
NK225E    ,OOP,202806,32750.0,            ,183062718,0000000.0000,0000000.0,599.73,0.340667,193062718,0000000.0000,0000000.0,30929.96,0.384768,63923.0,0.2573,2028-06-01
NK225E    ,OOP,202806,33000.0,            ,183063018,0000000.0000,0000000.0,616.14,0.339326,193063018,0000000.0000,0000000.0,30703.12,0.383015,63923.0,0.2573,2028-06-01
NK225E    ,OOP,202806,33250.0,            ,183063218,0000000.0000,0000000.0,633.03,0.338595,193063218,0000000.0000,0000000.0,30476.78,0.381245,63923.0,0.2573,2028-06-01
NK225E    ,OOP,202806,33500.0,            ,183063518,0000000.0000,0000000.0,650.22,0.337182,193063518,0000000.0000,0000000.0,30250.74,0.378953,63923.0,0.2573,2028-06-01
NK225E    ,OOP,202806,33750.0,            ,183063718,0000000.0000,0000000.0,667.72,0.335742,193063718,0000000.0000,0000000.0,30025.0,0.377158,63923.0,0.2573,2028-06-01
NK225E    ,OOP,202806,34000.0,            ,183064018,0000000.0000,0000000.0,685.54,0.334877,193064018,0000000.0000,0000000.0,29799.58,0.375349,63923.0,0.2573,2028-06-01
NK225E    ,OOP,202806,34250.0,            ,183064218,0000000.0000,0000000.0,703.86,0.333375,193064218,0000000.0000,0000000.0,29574.66,0.373524,63923.0,0.2573,2028-06-01
NK225E    ,OOP,202806,34500.0,            ,183064518,0000000.0000,0000000.0,722.51,0.332428,193064518,0000000.0000,0000000.0,29350.07,0.371686,63923.0,0.2573,2028-06-01
NK225E    ,OOP,202806,34750.0,            ,183064718,0000000.0000,0000000.0,741.48,0.331436,193064718,0000000.0000,0000000.0,29125.81,0.369834,63923.0,0.2573,2028-06-01
NK225E    ,OOP,202806,35000.0,            ,133185018,0000000.0000,0000000.0,760.78,0.330402,143185018,0000000.0000,0000000.0,28901.87,0.36797,63923.0,0.2573,2028-06-01
NK225E    ,OOP,202806,35250.0,            ,183065218,0000000.0000,0000000.0,780.63,0.328785,193065218,0000000.0000,0000000.0,28678.49,0.366094,63923.0,0.2573,2028-06-01
NK225E    ,OOP,202806,35500.0,            ,183065518,0000000.0000,0000000.0,800.83,0.327684,193065518,0000000.0000,0000000.0,28455.45,0.364205,63923.0,0.2573,2028-06-01
NK225E    ,OOP,202806,35750.0,            ,183065718,0000000.0000,0000000.0,821.37,0.326546,193065718,0000000.0000,0000000.0,28232.75,0.362748,63923.0,0.2573,2028-06-01
NK225E    ,OOP,202806,36000.0,            ,133186018,0000000.0000,0000000.0,842.27,0.325373,143186018,0000000.0000,0000000.0,28010.41,0.360832,63923.0,0.2573,2028-06-01
NK225E    ,OOP,202806,36250.0,            ,183066218,0000000.0000,0000000.0,863.75,0.32467,193066218,0000000.0000,0000000.0,27788.66,0.359335,63923.0,0.2573,2028-06-01
NK225E    ,OOP,202806,36500.0,            ,183066518,0000000.0000,0000000.0,885.6,0.323423,193066518,0000000.0000,0000000.0,27567.28,0.357393,63923.0,0.2573,2028-06-01
NK225E    ,OOP,202806,36750.0,            ,183066718,0000000.0000,0000000.0,907.82,0.322147,193066718,0000000.0000,0000000.0,27346.25,0.355859,63923.0,0.2573,2028-06-01
NK225E    ,OOP,202806,37000.0,            ,133187018,0000000.0000,0000000.0,930.41,0.321317,143187018,0000000.0000,0000000.0,27125.61,0.354305,63923.0,0.2573,2028-06-01
NK225E    ,OOP,202806,37250.0,            ,183067218,0000000.0000,0000000.0,953.63,0.319976,193067218,0000000.0000,0000000.0,26905.59,0.35273,63923.0,0.2573,2028-06-01
NK225E    ,OOP,202806,37500.0,            ,133187518,0000000.0000,0000000.0,977.25,0.319068,143187518,0000000.0000,0000000.0,26685.97,0.351137,63923.0,0.2573,2028-06-01
NK225E    ,OOP,202806,37750.0,            ,133187718,0000000.0000,0000000.0,1001.24,0.317668,143187718,0000000.0000,0000000.0,26466.73,0.349525,63923.0,0.2573,2028-06-01
NK225E    ,OOP,202806,38000.0,            ,133188018,0000000.0000,0000000.0,1025.65,0.316688,143188018,0000000.0000,0000000.0,26247.9,0.347896,63923.0,0.2573,2028-06-01
NK225E    ,OOP,202806,38250.0,            ,133188218,0000000.0000,0000000.0,1050.72,0.31567,143188218,0000000.0000,0000000.0,26029.73,0.34625,63923.0,0.2573,2028-06-01
NK225E    ,OOP,202806,38500.0,            ,133188518,0000000.0000,0000000.0,1076.21,0.314616,143188518,0000000.0000,0000000.0,25811.99,0.344586,63923.0,0.2573,2028-06-01
NK225E    ,OOP,202806,38750.0,            ,133188718,0000000.0000,0000000.0,1102.12,0.313527,143188718,0000000.0000,0000000.0,25594.66,0.34328,63923.0,0.2573,2028-06-01
NK225E    ,OOP,202806,39000.0,            ,133189018,0000000.0000,0000000.0,1128.46,0.312405,143189018,0000000.0000,0000000.0,25377.76,0.341581,63923.0,0.2573,2028-06-01
NK225E    ,OOP,202806,39250.0,            ,133189218,0000000.0000,0000000.0,1155.51,0.311251,143189218,0000000.0000,0000000.0,25161.58,0.34023,63923.0,0.2573,2028-06-01
NK225E    ,OOP,202806,39500.0,            ,133189518,0000000.0000,0000000.0,1183.01,0.310465,143189518,0000000.0000,0000000.0,24945.84,0.338854,63923.0,0.2573,2028-06-01
NK225E    ,OOP,202806,39750.0,            ,133189718,0000000.0000,0000000.0,1210.95,0.309245,143189718,0000000.0000,0000000.0,24730.54,0.337102,63923.0,0.2573,2028-06-01
NK225E    ,OOP,202806,40000.0,            ,133180018,0000000.0000,0000000.0,1239.33,0.308382,143180018,0000000.0000,0000000.0,24515.69,0.335686,63923.0,0.2573,2028-06-01
NK225E    ,OOP,202806,40250.0,            ,133180218,0000000.0000,0000000.0,1268.49,0.30748,143180218,0000000.0000,0000000.0,24301.61,0.334247,63923.0,0.2573,2028-06-01
NK225E    ,OOP,202806,40500.0,            ,133180518,0000000.0000,0000000.0,1298.13,0.306167,143180518,0000000.0000,0000000.0,24088.02,0.332787,63923.0,0.2573,2028-06-01
NK225E    ,OOP,202806,40750.0,            ,133180718,0000000.0000,0000000.0,1328.23,0.305197,143180718,0000000.0000,0000000.0,23874.88,0.331641,63923.0,0.2573,2028-06-01
NK225E    ,OOP,202806,41000.0,            ,133181018,0000000.0000,0000000.0,1358.82,0.304191,143181018,0000000.0000,0000000.0,23662.23,0.330137,63923.0,0.2573,2028-06-01
NK225E    ,OOP,202806,41250.0,            ,133181218,0000000.0000,0000000.0,1390.23,0.303152,143181218,0000000.0000,0000000.0,23450.4,0.328613,63923.0,0.2573,2028-06-01
NK225E    ,OOP,202806,41500.0,            ,133181518,0000000.0000,0000000.0,1422.15,0.302079,143181518,0000000.0000,0000000.0,23239.08,0.327392,63923.0,0.2573,2028-06-01
NK225E    ,OOP,202806,41750.0,            ,133181718,0000000.0000,0000000.0,1454.56,0.30132,143181718,0000000.0000,0000000.0,23028.26,0.326144,63923.0,0.2573,2028-06-01
NK225E    ,OOP,202806,42000.0,            ,133182018,0000000.0000,0000000.0,1487.49,0.300181,143182018,0000000.0000,0000000.0,22817.95,0.324558,63923.0,0.2573,2028-06-01
NK225E    ,OOP,202806,42250.0,            ,133182218,0000000.0000,0000000.0,1521.3,0.299347,143182218,0000000.0000,0000000.0,22608.53,0.323264,63923.0,0.2573,2028-06-01
NK225E    ,OOP,202806,42500.0,            ,183182518,0000000.0000,0000000.0,1555.65,0.298474,193182518,0000000.0000,0000000.0,22399.64,0.321946,63923.0,0.2573,2028-06-01
NK225E    ,OOP,202806,42750.0,            ,133182718,0000000.0000,0000000.0,1590.53,0.297241,143182718,0000000.0000,0000000.0,22191.28,0.320906,63923.0,0.2573,2028-06-01
NK225E    ,OOP,202806,43000.0,            ,133183018,0000000.0000,0000000.0,1625.95,0.296301,143183018,0000000.0000,0000000.0,21983.46,0.319538,63923.0,0.2573,2028-06-01
NK225E    ,OOP,202806,43250.0,            ,133183218,0000000.0000,0000000.0,1662.32,0.295327,143183218,0000000.0000,0000000.0,21776.6,0.318148,63923.0,0.2573,2028-06-01
NK225E    ,OOP,202806,43500.0,            ,133183518,0000000.0000,0000000.0,1699.26,0.294629,143183518,0000000.0000,0000000.0,21570.3,0.317027,63923.0,0.2573,2028-06-01
NK225E    ,OOP,202806,43750.0,            ,133183718,0000000.0000,0000000.0,1736.76,0.293586,143183718,0000000.0000,0000000.0,21364.57,0.315877,63923.0,0.2573,2028-06-01
NK225E    ,OOP,202806,44000.0,            ,133184018,0000000.0000,0000000.0,1774.85,0.292511,143184018,0000000.0000,0000000.0,21159.42,0.314417,63923.0,0.2573,2028-06-01
NK225E    ,OOP,202806,44250.0,            ,133184218,0000000.0000,0000000.0,1813.95,0.291703,143184218,0000000.0000,0000000.0,20955.28,0.313218,63923.0,0.2573,2028-06-01
NK225E    ,OOP,202806,44500.0,            ,133184518,0000000.0000,0000000.0,1853.65,0.290857,143184518,0000000.0000,0000000.0,20751.74,0.311992,63923.0,0.2573,2028-06-01
NK225E    ,OOP,202806,44750.0,            ,133184718,0000000.0000,0000000.0,1893.95,0.289976,143184718,0000000.0000,0000000.0,20548.81,0.311015,63923.0,0.2573,2028-06-01
NK225E    ,OOP,202806,45000.0,            ,183185018,0000000.0000,0000000.0,1934.86,0.28906,193185018,0000000.0000,0000000.0,20346.48,0.309736,63923.0,0.2573,2028-06-01
NK225E    ,OOP,202806,45250.0,            ,133185218,0000000.0000,0000000.0,1976.87,0.28811,143185218,0000000.0000,0000000.0,20145.25,0.308701,63923.0,0.2573,2028-06-01
NK225E    ,OOP,202806,45500.0,            ,133185518,0000000.0000,0000000.0,2019.5,0.287127,143185518,0000000.0000,0000000.0,19944.65,0.307372,63923.0,0.2573,2028-06-01
NK225E    ,OOP,202806,45750.0,            ,133185718,0000000.0000,0000000.0,2062.77,0.286113,143185718,0000000.0000,0000000.0,19744.68,0.306282,63923.0,0.2573,2028-06-01
NK225E    ,OOP,202806,46000.0,            ,183186018,0000000.0000,0000000.0,2106.69,0.285337,193186018,0000000.0000,0000000.0,19545.36,0.305163,63923.0,0.2573,2028-06-01
NK225E    ,OOP,202806,46250.0,            ,133186218,0000000.0000,0000000.0,2151.77,0.284525,143186218,0000000.0000,0000000.0,19347.21,0.304018,63923.0,0.2573,2028-06-01
NK225E    ,OOP,202806,46500.0,            ,133186518,0000000.0000,0000000.0,2197.55,0.283676,143186518,0000000.0000,0000000.0,19149.75,0.302845,63923.0,0.2573,2028-06-01
NK225E    ,OOP,202806,46750.0,            ,133186718,0000000.0000,0000000.0,2243.98,0.282793,143186718,0000000.0000,0000000.0,18952.94,0.301896,63923.0,0.2573,2028-06-01
NK225E    ,OOP,202806,47000.0,            ,183187018,0000000.0000,0000000.0,2291.1,0.281876,193187018,0000000.0000,0000000.0,18756.83,0.30067,63923.0,0.2573,2028-06-01
NK225E    ,OOP,202806,47250.0,            ,133187218,0000000.0000,0000000.0,2339.47,0.28118,143187218,0000000.0000,0000000.0,18561.96,0.299662,63923.0,0.2573,2028-06-01
NK225E    ,OOP,202806,47500.0,            ,183187518,0000000.0000,0000000.0,2388.54,0.280195,193187518,0000000.0000,0000000.0,18367.79,0.298625,63923.0,0.2573,2028-06-01
NK225E    ,OOP,202806,47750.0,            ,183187718,0000000.0000,0000000.0,2438.32,0.279426,193187718,0000000.0000,0000000.0,18174.33,0.297559,63923.0,0.2573,2028-06-01
NK225E    ,OOP,202806,48000.0,            ,183188018,0000000.0000,0000000.0,2488.81,0.278621,193188018,0000000.0000,0000000.0,17981.59,0.296466,63923.0,0.2573,2028-06-01
NK225E    ,OOP,202806,48250.0,            ,183188218,0000000.0000,0000000.0,2540.64,0.277781,193188218,0000000.0000,0000000.0,17790.18,0.295578,63923.0,0.2573,2028-06-01
NK225E    ,OOP,202806,48500.0,            ,183188518,0000000.0000,0000000.0,2593.22,0.276907,193188518,0000000.0000,0000000.0,17599.53,0.294659,63923.0,0.2573,2028-06-01
NK225E    ,OOP,202806,48750.0,            ,183188718,0000000.0000,0000000.0,2646.56,0.276235,193188718,0000000.0000,0000000.0,17409.63,0.29348,63923.0,0.2573,2028-06-01
NK225E    ,OOP,202806,49000.0,            ,183189018,0000000.0000,0000000.0,2700.65,0.275293,193189018,0000000.0000,0000000.0,17220.48,0.292501,63923.0,0.2573,2028-06-01
NK225E    ,OOP,202806,49250.0,            ,183189218,0000000.0000,0000000.0,2756.16,0.274549,193189218,0000000.0000,0000000.0,17032.75,0.291717,63923.0,0.2573,2028-06-01
NK225E    ,OOP,202806,49500.0,            ,183189518,0000000.0000,0000000.0,2812.44,0.273769,193189518,0000000.0000,0000000.0,16845.8,0.290678,63923.0,0.2573,2028-06-01
NK225E    ,OOP,202806,49750.0,            ,183189718,0000000.0000,0000000.0,2869.52,0.272954,193189718,0000000.0000,0000000.0,16659.64,0.289611,63923.0,0.2573,2028-06-01
NK225E    ,OOP,202806,50000.0,            ,183180018,0000000.0000,0000000.0,2927.41,0.272106,193180018,0000000.0000,0000000.0,16474.3,0.288733,63923.0,0.2573,2028-06-01
NK225E    ,OOP,202806,50250.0,            ,183180218,0000000.0000,0000000.0,2986.79,0.271443,193180218,0000000.0000,0000000.0,16290.43,0.287823,63923.0,0.2573,2028-06-01
NK225E    ,OOP,202806,50500.0,            ,183180518,0000000.0000,0000000.0,3047.01,0.270744,193180518,0000000.0000,0000000.0,16107.42,0.286883,63923.0,0.2573,2028-06-01
NK225E    ,OOP,202806,50750.0,            ,183180718,0000000.0000,0000000.0,3108.03,0.270009,193180718,0000000.0000,0000000.0,15925.2,0.285913,63923.0,0.2573,2028-06-01
NK225E    ,OOP,202806,51000.0,            ,183181018,0000000.0000,0000000.0,3169.91,0.269238,193181018,0000000.0000,0000000.0,15743.84,0.285123,63923.0,0.2573,2028-06-01
NK225E    ,OOP,202806,51250.0,            ,183181218,0000000.0000,0000000.0,3233.36,0.268432,193181218,0000000.0000,0000000.0,15564.06,0.284299,63923.0,0.2573,2028-06-01
NK225E    ,OOP,202806,51500.0,            ,183181518,0000000.0000,0000000.0,3297.67,0.267802,193181518,0000000.0000,0000000.0,15385.14,0.283444,63923.0,0.2573,2028-06-01
NK225E    ,OOP,202806,51750.0,            ,183181718,0000000.0000,0000000.0,3362.85,0.267134,193181718,0000000.0000,0000000.0,15207.08,0.282557,63923.0,0.2573,2028-06-01
NK225E    ,OOP,202806,52000.0,            ,183182018,0000000.0000,0000000.0,3428.93,0.26643,193182018,0000000.0000,0000000.0,15029.92,0.28164,63923.0,0.2573,2028-06-01
NK225E    ,OOP,202806,52250.0,            ,183182218,0000000.0000,0000000.0,3496.64,0.26569,193182218,0000000.0000,0000000.0,14854.4,0.280892,63923.0,0.2573,2028-06-01
NK225E    ,OOP,202806,52500.0,            ,133302518,0000000.0000,0000000.0,3565.28,0.264916,143302518,0000000.0000,0000000.0,14679.8,0.279912,63923.0,0.2573,2028-06-01
NK225E    ,OOP,202806,52750.0,            ,183182718,0000000.0000,0000000.0,3634.82,0.264307,193182718,0000000.0000,0000000.0,14506.1,0.2791,63923.0,0.2573,2028-06-01
NK225E    ,OOP,202806,53000.0,            ,183183018,0000000.0000,0000000.0,3705.27,0.26366,193183018,0000000.0000,0000000.0,14333.31,0.278452,63923.0,0.2573,2028-06-01
NK225E    ,OOP,202806,53250.0,            ,183183218,0000000.0000,0000000.0,3777.48,0.262978,193183218,0000000.0000,0000000.0,14162.28,0.277575,63923.0,0.2573,2028-06-01
NK225E    ,OOP,202806,53500.0,            ,183183518,0000000.0000,0000000.0,3850.62,0.26226,193183518,0000000.0000,0000000.0,13992.19,0.276859,63923.0,0.2573,2028-06-01
NK225E    ,OOP,202806,53750.0,            ,183183718,0000000.0000,0000000.0,3924.7,0.261699,193183718,0000000.0000,0000000.0,13823.04,0.276109,63923.0,0.2573,2028-06-01
NK225E    ,OOP,202806,54000.0,            ,183184018,0000000.0000,0000000.0,3999.73,0.26091,193184018,0000000.0000,0000000.0,13654.82,0.275327,63923.0,0.2573,2028-06-01
NK225E    ,OOP,202806,54250.0,            ,183184218,0000000.0000,0000000.0,4076.61,0.260466,193184218,0000000.0000,0000000.0,13488.46,0.274513,63923.0,0.2573,2028-06-01
NK225E    ,OOP,202806,54500.0,            ,183184518,0000000.0000,0000000.0,4154.45,0.259796,193184518,0000000.0000,0000000.0,13323.07,0.273853,63923.0,0.2573,2028-06-01
NK225E    ,OOP,202806,54750.0,            ,183184718,0000000.0000,0000000.0,4233.27,0.259089,193184718,0000000.0000,0000000.0,13158.66,0.273159,63923.0,0.2573,2028-06-01
NK225E    ,OOP,202806,55000.0,            ,133305018,0000000.0000,0000000.0,4313.07,0.258533,143305018,0000000.0000,0000000.0,12995.22,0.272432,63923.0,0.2573,2028-06-01
NK225E    ,OOP,202806,55250.0,            ,183185218,0000000.0000,0000000.0,4394.78,0.25794,193185218,0000000.0000,0000000.0,12833.69,0.271672,63923.0,0.2573,2028-06-01
NK225E    ,OOP,202806,55500.0,            ,183185518,0000000.0000,0000000.0,4477.5,0.257311,193185518,0000000.0000,0000000.0,12673.17,0.27106,63923.0,0.2573,2028-06-01
NK225E    ,OOP,202806,55750.0,            ,183185718,0000000.0000,0000000.0,4561.22,0.256826,193185718,0000000.0000,0000000.0,12513.65,0.270235,63923.0,0.2573,2028-06-01
NK225E    ,OOP,202806,56000.0,            ,133306018,0000000.0000,0000000.0,4645.97,0.256125,143306018,0000000.0000,0000000.0,12355.17,0.269557,63923.0,0.2573,2028-06-01
NK225E    ,OOP,202806,56250.0,            ,183186218,0000000.0000,0000000.0,4732.7,0.255567,193186218,0000000.0000,0000000.0,12198.66,0.269022,63923.0,0.2573,2028-06-01
NK225E    ,OOP,202806,56500.0,            ,183186518,0000000.0000,0000000.0,4820.46,0.254973,193186518,0000000.0000,0000000.0,12043.19,0.268276,63923.0,0.2573,2028-06-01
NK225E    ,OOP,202806,56750.0,            ,183186718,0000000.0000,0000000.0,4909.26,0.254518,193186718,0000000.0000,0000000.0,11888.75,0.267673,63923.0,0.2573,2028-06-01
NK225E    ,OOP,202806,57000.0,            ,133307018,0000000.0000,0000000.0,4999.06,0.254026,143307018,0000000.0000,0000000.0,11735.32,0.267036,63923.0,0.2573,2028-06-01
NK225E    ,OOP,202806,57250.0,            ,183187218,0000000.0000,0000000.0,5090.98,0.253496,193187218,0000000.0000,0000000.0,11584.0,0.266365,63923.0,0.2573,2028-06-01
NK225E    ,OOP,202806,57500.0,            ,133307518,0000000.0000,0000000.0,5183.93,0.252931,143307518,0000000.0000,0000000.0,11433.71,0.265833,63923.0,0.2573,2028-06-01
NK225E    ,OOP,202806,57750.0,            ,133307718,0000000.0000,0000000.0,5277.93,0.252329,143307718,0000000.0000,0000000.0,11284.48,0.265266,63923.0,0.2573,2028-06-01
NK225E    ,OOP,202806,58000.0,            ,133308018,0000000.0000,0000000.0,5373.01,0.251863,143308018,0000000.0000,0000000.0,11136.31,0.264665,63923.0,0.2573,2028-06-01
NK225E    ,OOP,202806,58250.0,            ,133308218,0000000.0000,0000000.0,5470.15,0.251359,143308218,0000000.0000,0000000.0,10990.22,0.26403,63923.0,0.2573,2028-06-01
NK225E    ,OOP,202806,58500.0,            ,133308518,0000000.0000,0000000.0,5568.43,0.250819,143308518,0000000.0000,0000000.0,10845.27,0.263531,63923.0,0.2573,2028-06-01
NK225E    ,OOP,202806,58750.0,            ,133308718,0000000.0000,0000000.0,5667.77,0.250411,143308718,0000000.0000,0000000.0,10701.37,0.262996,63923.0,0.2573,2028-06-01
NK225E    ,OOP,202806,59000.0,            ,133309018,0000000.0000,0000000.0,5768.16,0.249965,143309018,0000000.0000,0000000.0,10558.52,0.262427,63923.0,0.2573,2028-06-01
NK225E    ,OOP,202806,59250.0,            ,133309218,0000000.0000,0000000.0,5870.76,0.249483,143309218,0000000.0000,0000000.0,10417.88,0.261825,63923.0,0.2573,2028-06-01
NK225E    ,OOP,202806,59500.0,            ,133309518,0000000.0000,0000000.0,5974.46,0.248964,143309518,0000000.0000,0000000.0,10278.34,0.261354,63923.0,0.2573,2028-06-01
NK225E    ,OOP,202806,59750.0,            ,133309718,0000000.0000,0000000.0,6079.19,0.248574,143309718,0000000.0000,0000000.0,10139.84,0.260848,63923.0,0.2573,2028-06-01
NK225E    ,OOP,202806,60000.0,            ,133300018,0000000.0000,0000000.0,6185.09,0.248147,143300018,0000000.0000,0000000.0,10002.5,0.260308,63923.0,0.2573,2028-06-01
NK225E    ,OOP,202806,60250.0,            ,133300218,0000000.0000,0000000.0,6293.17,0.247684,143300218,0000000.0000,0000000.0,9867.34,0.259897,63923.0,0.2573,2028-06-01
NK225E    ,OOP,202806,60500.0,            ,133300518,0000000.0000,0000000.0,6402.36,0.247185,143300518,0000000.0000,0000000.0,9733.3,0.259452,63923.0,0.2573,2028-06-01
NK225E    ,OOP,202806,60750.0,            ,133300718,0000000.0000,0000000.0,6512.67,0.246811,143300718,0000000.0000,0000000.0,9600.37,0.258972,63923.0,0.2573,2028-06-01
NK225E    ,OOP,202806,61000.0,            ,133301018,0000000.0000,0000000.0,6624.06,0.246401,143301018,0000000.0000,0000000.0,9468.52,0.258458,63923.0,0.2573,2028-06-01
NK225E    ,OOP,202806,61250.0,            ,133301218,0000000.0000,0000000.0,6737.68,0.245955,143301218,0000000.0000,0000000.0,9338.91,0.258071,63923.0,0.2573,2028-06-01
NK225E    ,OOP,202806,61500.0,            ,133301518,0000000.0000,0000000.0,6852.4,0.245632,143301518,0000000.0000,0000000.0,9210.39,0.257649,63923.0,0.2573,2028-06-01
NK225E    ,OOP,202806,61750.0,            ,133301718,0000000.0000,0000000.0,6968.27,0.245273,143301718,0000000.0000,0000000.0,9083.02,0.257193,63923.0,0.2573,2028-06-01
NK225E    ,OOP,202806,62000.0,            ,133302018,0000000.0000,0000000.0,7085.25,0.244878,143302018,0000000.0000,0000000.0,8956.77,0.256703,63923.0,0.2573,2028-06-01
NK225E    ,OOP,202806,62250.0,            ,133302218,0000000.0000,0000000.0,7204.44,0.244447,143302218,0000000.0000,0000000.0,8832.72,0.256338,63923.0,0.2573,2028-06-01
NK225E    ,OOP,202806,62500.0,            ,133182518,0000000.0000,0000000.0,7324.75,0.244139,143182518,0000000.0000,0000000.0,8709.79,0.255939,63923.0,0.2573,2028-06-01
NK225E    ,OOP,202806,62750.0,            ,133302718,0000000.0000,0000000.0,7446.18,0.243794,143302718,0000000.0000,0000000.0,8587.99,0.255663,63923.0,0.2573,2028-06-01
NK225E    ,OOP,202806,63000.0,            ,133303018,0000000.0000,0000000.0,7568.77,0.243413,143303018,0000000.0000,0000000.0,8467.34,0.255196,63923.0,0.2573,2028-06-01
NK225E    ,OOP,202806,63250.0,            ,133303218,0000000.0000,0000000.0,7693.53,0.243154,143303218,0000000.0000,0000000.0,8348.86,0.254852,63923.0,0.2573,2028-06-01
NK225E    ,OOP,202806,63500.0,            ,133303518,0000000.0000,0000000.0,7819.42,0.242858,143303518,0000000.0000,0000000.0,8231.51,0.254475,63923.0,0.2573,2028-06-01
NK225E    ,OOP,202806,63750.0,            ,133303718,0000000.0000,0000000.0,7946.42,0.242527,143303718,0000000.0000,0000000.0,8115.28,0.254219,63923.0,0.2573,2028-06-01
NK225E    ,OOP,202806,64000.0,            ,133304018,0000000.0000,0000000.0,8074.58,0.242161,143304018,0000000.0000,0000000.0,8000.2,0.253775,63923.0,0.2573,2028-06-01
NK225E    ,OOP,202806,64250.0,            ,133304218,0000000.0000,0000000.0,8204.89,0.241915,143304218,0000000.0000,0000000.0,7887.27,0.253452,63923.0,0.2573,2028-06-01
NK225E    ,OOP,202806,64500.0,            ,133304518,0000000.0000,0000000.0,8336.31,0.241479,143304518,0000000.0000,0000000.0,7775.45,0.253097,63923.0,0.2573,2028-06-01
NK225E    ,OOP,202806,64750.0,            ,133304718,0000000.0000,0000000.0,8468.84,0.241317,143304718,0000000.0000,0000000.0,7664.75,0.252862,63923.0,0.2573,2028-06-01
NK225E    ,OOP,202806,65000.0,            ,183305018,0000000.0000,0000000.0,8602.52,0.240966,193305018,0000000.0000,0000000.0,7555.19,0.252594,63923.0,0.2573,2028-06-01
NK225E    ,OOP,202806,65250.0,            ,133305218,0000000.0000,0000000.0,8738.31,0.240734,143305218,0000000.0000,0000000.0,7447.74,0.252293,63923.0,0.2573,2028-06-01
NK225E    ,OOP,202806,65500.0,            ,133305518,0000000.0000,0000000.0,8875.23,0.240468,143305518,0000000.0000,0000000.0,7341.43,0.25196,63923.0,0.2573,2028-06-01
NK225E    ,OOP,202806,65750.0,            ,133305718,0000000.0000,0000000.0,9013.22,0.240167,143305718,0000000.0000,0000000.0,7236.19,0.251747,63923.0,0.2573,2028-06-01
NK225E    ,OOP,202806,66000.0,            ,183306018,0000000.0000,0000000.0,9152.34,0.239985,193306018,0000000.0000,0000000.0,7132.07,0.251502,63923.0,0.2573,2028-06-01
NK225E    ,OOP,202806,66250.0,            ,133306218,0000000.0000,0000000.0,9293.53,0.239616,143306218,0000000.0000,0000000.0,7030.02,0.251224,63923.0,0.2573,2028-06-01
NK225E    ,OOP,202806,66500.0,            ,133306518,0000000.0000,0000000.0,9435.84,0.239519,143306518,0000000.0000,0000000.0,6929.09,0.250914,63923.0,0.2573,2028-06-01
NK225E    ,OOP,202806,66750.0,            ,133306718,0000000.0000,0000000.0,9579.19,0.239235,143306718,0000000.0000,0000000.0,6829.21,0.250724,63923.0,0.2573,2028-06-01
NK225E    ,OOP,202806,67000.0,            ,183307018,0000000.0000,0000000.0,9723.66,0.238917,193307018,0000000.0000,0000000.0,6730.44,0.250503,63923.0,0.2573,2028-06-01
NK225E    ,OOP,202806,67250.0,            ,133307218,0000000.0000,0000000.0,9870.14,0.238719,143307218,0000000.0000,0000000.0,6633.69,0.25025,63923.0,0.2573,2028-06-01
NK225E    ,OOP,202806,67500.0,            ,183307518,0000000.0000,0000000.0,10017.69,0.238488,193307518,0000000.0000,0000000.0,6538.0,0.250118,63923.0,0.2573,2028-06-01
NK225E    ,OOP,202806,67750.0,            ,183307718,0000000.0000,0000000.0,10166.3,0.238376,193307718,0000000.0000,0000000.0,6443.37,0.249801,63923.0,0.2573,2028-06-01
NK225E    ,OOP,202806,68000.0,            ,183308018,0000000.0000,0000000.0,10315.97,0.238078,193308018,0000000.0000,0000000.0,6349.8,0.249606,63923.0,0.2573,2028-06-01
NK225E    ,OOP,202806,68250.0,            ,183308218,0000000.0000,0000000.0,10467.56,0.2379,193308218,0000000.0000,0000000.0,6258.16,0.249532,63923.0,0.2573,2028-06-01
NK225E    ,OOP,202806,68500.0,            ,183308518,0000000.0000,0000000.0,10620.23,0.237843,193308518,0000000.0000,0000000.0,6167.59,0.249274,63923.0,0.2573,2028-06-01
NK225E    ,OOP,202806,68750.0,            ,183308718,0000000.0000,0000000.0,10773.93,0.2376,193308718,0000000.0000,0000000.0,6078.05,0.249139,63923.0,0.2573,2028-06-01
NK225E    ,OOP,202806,69000.0,            ,183309018,0000000.0000,0000000.0,10928.66,0.237478,193309018,0000000.0000,0000000.0,5989.54,0.248972,63923.0,0.2573,2028-06-01
NK225E    ,OOP,202806,69250.0,            ,183309218,0000000.0000,0000000.0,11085.22,0.237323,193309218,0000000.0000,0000000.0,5902.87,0.248775,63923.0,0.2573,2028-06-01
NK225E    ,OOP,202806,69500.0,            ,183309518,0000000.0000,0000000.0,11242.83,0.237137,193309518,0000000.0000,0000000.0,5817.24,0.248701,63923.0,0.2573,2028-06-01
NK225E    ,OOP,202806,69750.0,            ,183309718,0000000.0000,0000000.0,11401.41,0.236919,193309718,0000000.0000,0000000.0,5732.58,0.248597,63923.0,0.2573,2028-06-01
NK225E    ,OOP,202806,70000.0,            ,183300018,0000000.0000,0000000.0,11561.02,0.236823,193300018,0000000.0000,0000000.0,5648.96,0.248308,63923.0,0.2573,2028-06-01
NK225E    ,OOP,202806,70250.0,            ,183300218,0000000.0000,0000000.0,11722.37,0.236695,193300218,0000000.0000,0000000.0,5567.07,0.248298,63923.0,0.2573,2028-06-01
NK225E    ,OOP,202806,70500.0,            ,183300518,0000000.0000,0000000.0,11884.73,0.236537,193300518,0000000.0000,0000000.0,5486.19,0.248103,63923.0,0.2573,2028-06-01
NK225E    ,OOP,202806,70750.0,            ,183300718,0000000.0000,0000000.0,12048.03,0.236347,193300718,0000000.0000,0000000.0,5406.26,0.248034,63923.0,0.2573,2028-06-01
NK225E    ,OOP,202806,71000.0,            ,183301018,0000000.0000,0000000.0,12212.33,0.236281,193301018,0000000.0000,0000000.0,5327.32,0.247935,63923.0,0.2573,2028-06-01
NK225E    ,OOP,202806,71250.0,            ,183301218,0000000.0000,0000000.0,12378.23,0.236029,193301218,0000000.0000,0000000.0,5249.98,0.247807,63923.0,0.2573,2028-06-01
NK225E    ,OOP,202806,71500.0,            ,183301518,0000000.0000,0000000.0,12545.08,0.235901,193301518,0000000.0000,0000000.0,5173.6,0.24765,63923.0,0.2573,2028-06-01
NK225E    ,OOP,202806,71750.0,            ,183301718,0000000.0000,0000000.0,12712.87,0.2359,193301718,0000000.0000,0000000.0,5098.15,0.247619,63923.0,0.2573,2028-06-01
NK225E    ,OOP,202806,72000.0,            ,183302018,0000000.0000,0000000.0,12881.62,0.235712,193302018,0000000.0000,0000000.0,5023.67,0.24756,63923.0,0.2573,2028-06-01
NK225E    ,OOP,202806,72250.0,            ,183302218,0000000.0000,0000000.0,13051.84,0.235651,193302218,0000000.0000,0000000.0,4950.65,0.247473,63923.0,0.2573,2028-06-01
NK225E    ,OOP,202806,72500.0,            ,183302518,0000000.0000,0000000.0,13223.01,0.23556,193302518,0000000.0000,0000000.0,4878.58,0.247357,63923.0,0.2573,2028-06-01
NK225E    ,OOP,202806,72750.0,            ,183302718,0000000.0000,0000000.0,13395.08,0.23544,193302718,0000000.0000,0000000.0,4807.41,0.24737,63923.0,0.2573,2028-06-01
NK225E    ,OOP,202806,73000.0,            ,183303018,0000000.0000,0000000.0,13568.05,0.235289,193303018,0000000.0000,0000000.0,4737.14,0.247198,63923.0,0.2573,2028-06-01
NK225E    ,OOP,202806,73250.0,            ,183303218,0000000.0000,0000000.0,13742.37,0.235269,193303218,0000000.0000,0000000.0,4668.23,0.247155,63923.0,0.2573,2028-06-01
NK225E    ,OOP,202806,73500.0,            ,183303518,0000000.0000,0000000.0,13917.58,0.235059,193303518,0000000.0000,0000000.0,4600.2,0.247086,63923.0,0.2573,2028-06-01
NK225E    ,OOP,202806,73750.0,            ,183303718,0000000.0000,0000000.0,14093.66,0.23498,193303718,0000000.0000,0000000.0,4533.04,0.246988,63923.0,0.2573,2028-06-01
NK225E    ,OOP,202806,74000.0,            ,183304018,0000000.0000,0000000.0,14270.6,0.234873,193304018,0000000.0000,0000000.0,4466.75,0.247023,63923.0,0.2573,2028-06-01
NK225E    ,OOP,202806,74250.0,            ,183304218,0000000.0000,0000000.0,14448.73,0.234898,193304218,0000000.0000,0000000.0,4401.64,0.247031,63923.0,0.2573,2028-06-01
NK225E    ,OOP,202806,74500.0,            ,183304518,0000000.0000,0000000.0,14627.74,0.234733,193304518,0000000.0000,0000000.0,4337.42,0.246852,63923.0,0.2573,2028-06-01
NK225E    ,OOP,202806,74750.0,            ,183304718,0000000.0000,0000000.0,14807.55,0.234702,193304718,0000000.0000,0000000.0,4273.99,0.246807,63923.0,0.2573,2028-06-01
NK225E    ,OOP,202806,75000.0,            ,133425018,0000000.0000,0000000.0,14988.22,0.234643,143425018,0000000.0000,0000000.0,4211.42,0.246896,63923.0,0.2573,2028-06-01
NK225E    ,OOP,202806,75250.0,            ,183305218,0000000.0000,0000000.0,15169.92,0.234556,193305218,0000000.0000,0000000.0,4149.89,0.246798,63923.0,0.2573,2028-06-01
NK225E    ,OOP,202806,75500.0,            ,183305518,0000000.0000,0000000.0,15352.46,0.234441,193305518,0000000.0000,0000000.0,4089.19,0.246836,63923.0,0.2573,2028-06-01
NK225E    ,OOP,202806,75750.0,            ,183305718,0000000.0000,0000000.0,15535.8,0.234298,193305718,0000000.0000,0000000.0,4029.29,0.246686,63923.0,0.2573,2028-06-01
NK225E    ,OOP,202806,76000.0,            ,133426018,0000000.0000,0000000.0,15719.93,0.234293,143426018,0000000.0000,0000000.0,3970.19,0.246672,63923.0,0.2573,2028-06-01
NK225E    ,OOP,202806,76250.0,            ,183306218,0000000.0000,0000000.0,15904.76,0.234261,193306218,0000000.0000,0000000.0,3911.77,0.246633,63923.0,0.2573,2028-06-01
NK225E    ,OOP,202806,77500.0,            ,133427518,0000000.0000,0000000.0,16840.37,0.233697,143427518,0000000.0000,0000000.0,3631.2,0.246558,63923.0,0.2573,2028-06-01
NK225E    ,OOP,202806,80000.0,            ,133420018,0000000.0000,0000000.0,18765.76,0.232828,143420018,0000000.0000,0000000.0,3124.23,0.246277,63923.0,0.2573,2028-06-01
NK225E    ,OOP,202806,85000.0,            ,183425018,0000000.0000,0000000.0,22763.38,0.2285,193425018,0000000.0000,0000000.0,2257.11,0.243906,63923.0,0.2573,2028-06-01
NK225E    ,OOP,202806,90000.0,            ,183420018,0000000.0000,0000000.0,26870.83,0.217554,193420018,0000000.0000,0000000.0,1499.82,0.236477,63923.0,0.2573,2028-06-01
NK225E    ,OOP,202812,10000.0,            ,183360018,0000000.0000,0000000.0,1.87,0.379585,193360018,0000000.0000,0000000.0,52125.4,0.775286,63923.0,0.2573,2028-12-01
NK225E    ,OOP,202812,11000.0,            ,183241018,0000000.0000,0000000.0,3.65,0.379585,193241018,0000000.0000,0000000.0,51161.89,0.734405,63923.0,0.2573,2028-12-01
NK225E    ,OOP,202812,12000.0,            ,183242018,0000000.0000,0000000.0,6.6,0.379585,193242018,0000000.0000,0000000.0,50199.54,0.698975,63923.0,0.2573,2028-12-01
NK225E    ,OOP,202812,15000.0,            ,183125018,0000000.0000,0000000.0,27.29,0.379129,193125018,0000000.0000,0000000.0,47324.35,0.610196,63923.0,0.2573,2028-12-01
NK225E    ,OOP,202812,16000.0,            ,183126018,0000000.0000,0000000.0,40.13,0.378292,193126018,0000000.0000,0000000.0,46371.9,0.5871,63923.0,0.2573,2028-12-01
NK225E    ,OOP,202812,17000.0,            ,183127018,0000000.0000,0000000.0,57.08,0.377801,193127018,0000000.0000,0000000.0,45423.56,0.565493,63923.0,0.2573,2028-12-01
NK225E    ,OOP,202812,18000.0,            ,183128018,0000000.0000,0000000.0,78.86,0.377691,193128018,0000000.0000,0000000.0,44480.05,0.546116,63923.0,0.2573,2028-12-01
NK225E    ,OOP,202812,19000.0,            ,183129018,0000000.0000,0000000.0,106.24,0.377369,193129018,0000000.0000,0000000.0,43542.13,0.528663,63923.0,0.2573,2028-12-01
NK225E    ,OOP,202812,20000.0,            ,183120018,0000000.0000,0000000.0,139.97,0.377496,193120018,0000000.0000,0000000.0,42610.56,0.513694,63923.0,0.2573,2028-12-01
NK225E    ,OOP,202812,20750.0,            ,183120718,0000000.0000,0000000.0,169.89,0.377454,193120718,0000000.0000,0000000.0,41916.52,0.503227,63923.0,0.2573,2028-12-01
NK225E    ,OOP,202812,21000.0,            ,183121018,0000000.0000,0000000.0,180.81,0.377235,193121018,0000000.0000,0000000.0,41686.11,0.500053,63923.0,0.2573,2028-12-01
NK225E    ,OOP,202812,21250.0,            ,183121218,0000000.0000,0000000.0,192.22,0.377208,193121218,0000000.0000,0000000.0,41456.2,0.496898,63923.0,0.2573,2028-12-01
NK225E    ,OOP,202812,21500.0,            ,183121518,0000000.0000,0000000.0,204.13,0.377344,193121518,0000000.0000,0000000.0,41226.78,0.493763,63923.0,0.2573,2028-12-01
NK225E    ,OOP,202812,21750.0,            ,183121718,0000000.0000,0000000.0,216.55,0.377315,193121718,0000000.0000,0000000.0,40997.89,0.490646,63923.0,0.2573,2028-12-01
NK225E    ,OOP,202812,22000.0,            ,183122018,0000000.0000,0000000.0,229.5,0.377428,193122018,0000000.0000,0000000.0,40769.51,0.487548,63923.0,0.2573,2028-12-01
NK225E    ,OOP,202812,22250.0,            ,183122218,0000000.0000,0000000.0,242.99,0.377385,193122218,0000000.0000,0000000.0,40541.68,0.484468,63923.0,0.2573,2028-12-01
NK225E    ,OOP,202812,22500.0,            ,133122518,0000000.0000,0000000.0,257.02,0.377202,143122518,0000000.0000,0000000.0,40314.39,0.482108,63923.0,0.2573,2028-12-01
NK225E    ,OOP,202812,22750.0,            ,133122718,0000000.0000,0000000.0,271.62,0.377148,143122718,0000000.0000,0000000.0,40087.66,0.479053,63923.0,0.2573,2028-12-01
NK225E    ,OOP,202812,23000.0,            ,133123018,0000000.0000,0000000.0,286.78,0.377207,143123018,0000000.0000,0000000.0,39861.49,0.476695,63923.0,0.2573,2028-12-01
NK225E    ,OOP,202812,23250.0,            ,133123218,0000000.0000,0000000.0,302.52,0.377125,143123218,0000000.0000,0000000.0,39635.91,0.474333,63923.0,0.2573,2028-12-01
NK225E    ,OOP,202812,23500.0,            ,133123518,0000000.0000,0000000.0,318.85,0.377598,143123518,0000000.0000,0000000.0,39410.92,0.471967,63923.0,0.2573,2028-12-01
NK225E    ,OOP,202812,23750.0,            ,133123718,0000000.0000,0000000.0,335.78,0.377253,143123718,0000000.0000,0000000.0,39186.53,0.469597,63923.0,0.2573,2028-12-01
NK225E    ,OOP,202812,24000.0,            ,133124018,0000000.0000,0000000.0,353.33,0.377854,143124018,0000000.0000,0000000.0,38962.75,0.467225,63923.0,0.2573,2028-12-01
NK225E    ,OOP,202812,24250.0,            ,133124218,0000000.0000,0000000.0,371.49,0.377278,143124218,0000000.0000,0000000.0,38739.59,0.464851,63923.0,0.2573,2028-12-01
NK225E    ,OOP,202812,24500.0,            ,133124518,0000000.0000,0000000.0,390.29,0.377595,143124518,0000000.0000,0000000.0,38517.06,0.463086,63923.0,0.2573,2028-12-01
NK225E    ,OOP,202812,24750.0,            ,133124718,0000000.0000,0000000.0,409.72,0.377771,143124718,0000000.0000,0000000.0,38295.18,0.460699,63923.0,0.2573,2028-12-01
NK225E    ,OOP,202812,25000.0,            ,133125018,0000000.0000,0000000.0,429.81,0.377817,143125018,0000000.0000,0000000.0,38073.94,0.458903,63923.0,0.2573,2028-12-01
NK225E    ,OOP,202812,25250.0,            ,133125218,0000000.0000,0000000.0,450.56,0.377746,143125218,0000000.0000,0000000.0,37853.36,0.456506,63923.0,0.2573,2028-12-01
NK225E    ,OOP,202812,25500.0,            ,133125518,0000000.0000,0000000.0,471.98,0.377566,143125518,0000000.0000,0000000.0,37633.46,0.454681,63923.0,0.2573,2028-12-01
NK225E    ,OOP,202812,25750.0,            ,133125718,0000000.0000,0000000.0,494.07,0.377288,143125718,0000000.0000,0000000.0,37414.23,0.452839,63923.0,0.2573,2028-12-01
NK225E    ,OOP,202812,26000.0,            ,133126018,0000000.0000,0000000.0,516.86,0.376918,143126018,0000000.0000,0000000.0,37195.69,0.451531,63923.0,0.2573,2028-12-01
NK225E    ,OOP,202812,26250.0,            ,133126218,0000000.0000,0000000.0,530.69,0.375686,143126218,0000000.0000,0000000.0,36968.21,0.448561,63923.0,0.2573,2028-12-01
NK225E    ,OOP,202812,26500.0,            ,133126518,0000000.0000,0000000.0,544.73,0.374415,143126518,0000000.0000,0000000.0,36740.92,0.44561,63923.0,0.2573,2028-12-01
NK225E    ,OOP,202812,26750.0,            ,133126718,0000000.0000,0000000.0,558.95,0.373108,143126718,0000000.0000,0000000.0,36513.81,0.443204,63923.0,0.2573,2028-12-01
NK225E    ,OOP,202812,27000.0,            ,133127018,0000000.0000,0000000.0,573.36,0.371037,143127018,0000000.0000,0000000.0,36286.9,0.440279,63923.0,0.2573,2028-12-01
NK225E    ,OOP,202812,27250.0,            ,133127218,0000000.0000,0000000.0,588.02,0.369679,143127218,0000000.0000,0000000.0,36060.24,0.437885,63923.0,0.2573,2028-12-01
NK225E    ,OOP,202812,27500.0,            ,133127518,0000000.0000,0000000.0,602.88,0.36829,143127518,0000000.0000,0000000.0,35833.77,0.435495,63923.0,0.2573,2028-12-01
NK225E    ,OOP,202812,27750.0,            ,133127718,0000000.0000,0000000.0,617.93,0.366873,143127718,0000000.0000,0000000.0,35607.5,0.432605,63923.0,0.2573,2028-12-01
NK225E    ,OOP,202812,28000.0,            ,133128018,0000000.0000,0000000.0,633.17,0.365429,143128018,0000000.0000,0000000.0,35381.42,0.430227,63923.0,0.2573,2028-12-01
NK225E    ,OOP,202812,28250.0,            ,133128218,0000000.0000,0000000.0,648.7,0.363959,143128218,0000000.0000,0000000.0,35155.62,0.427851,63923.0,0.2573,2028-12-01
NK225E    ,OOP,202812,28500.0,            ,133128518,0000000.0000,0000000.0,664.42,0.362465,143128518,0000000.0000,0000000.0,34930.03,0.424996,63923.0,0.2573,2028-12-01
NK225E    ,OOP,202812,28750.0,            ,133128718,0000000.0000,0000000.0,680.35,0.360948,143128718,0000000.0000,0000000.0,34704.62,0.422633,63923.0,0.2573,2028-12-01
NK225E    ,OOP,202812,29000.0,            ,133129018,0000000.0000,0000000.0,696.47,0.35941,143129018,0000000.0000,0000000.0,34479.43,0.420272,63923.0,0.2573,2028-12-01
NK225E    ,OOP,202812,29250.0,            ,133129218,0000000.0000,0000000.0,712.93,0.357852,143129218,0000000.0000,0000000.0,34254.56,0.417915,63923.0,0.2573,2028-12-01
NK225E    ,OOP,202812,29500.0,            ,133129518,0000000.0000,0000000.0,729.58,0.356873,143129518,0000000.0000,0000000.0,34029.89,0.41556,63923.0,0.2573,2028-12-01
NK225E    ,OOP,202812,29750.0,            ,133129718,0000000.0000,0000000.0,746.44,0.355267,143129718,0000000.0000,0000000.0,33805.43,0.413209,63923.0,0.2573,2028-12-01
NK225E    ,OOP,202812,30000.0,            ,133120018,0000000.0000,0000000.0,763.51,0.353645,143120018,0000000.0000,0000000.0,33581.17,0.410861,63923.0,0.2573,2028-12-01
NK225E    ,OOP,202812,30250.0,            ,133120218,0000000.0000,0000000.0,780.95,0.352008,143120218,0000000.0000,0000000.0,33357.29,0.408516,63923.0,0.2573,2028-12-01
NK225E    ,OOP,202812,30500.0,            ,133120518,0000000.0000,0000000.0,798.61,0.35091,143120518,0000000.0000,0000000.0,33133.62,0.406175,63923.0,0.2573,2028-12-01
NK225E    ,OOP,202812,30750.0,            ,133120718,0000000.0000,0000000.0,816.47,0.349234,143120718,0000000.0000,0000000.0,32910.16,0.403837,63923.0,0.2573,2028-12-01
NK225E    ,OOP,202812,31000.0,            ,133121018,0000000.0000,0000000.0,834.54,0.34808,143121018,0000000.0000,0000000.0,32686.91,0.401926,63923.0,0.2573,2028-12-01
NK225E    ,OOP,202812,31250.0,            ,133121218,0000000.0000,0000000.0,853.05,0.346371,143121218,0000000.0000,0000000.0,32464.1,0.39959,63923.0,0.2573,2028-12-01
NK225E    ,OOP,202812,31500.0,            ,133121518,0000000.0000,0000000.0,871.78,0.345166,143121518,0000000.0000,0000000.0,32241.5,0.397257,63923.0,0.2573,2028-12-01
NK225E    ,OOP,202812,31750.0,            ,133121718,0000000.0000,0000000.0,890.73,0.343933,143121718,0000000.0000,0000000.0,32019.13,0.395336,63923.0,0.2573,2028-12-01
NK225E    ,OOP,202812,32000.0,            ,133122018,0000000.0000,0000000.0,909.91,0.342175,143122018,0000000.0000,0000000.0,31796.98,0.393006,63923.0,0.2573,2028-12-01
NK225E    ,OOP,202812,32250.0,            ,133122218,0000000.0000,0000000.0,929.56,0.340898,143122218,0000000.0000,0000000.0,31575.31,0.391077,63923.0,0.2573,2028-12-01
NK225E    ,OOP,202812,32500.0,            ,183122518,0000000.0000,0000000.0,949.46,0.339597,193122518,0000000.0000,0000000.0,31353.89,0.388749,63923.0,0.2573,2028-12-01
NK225E    ,OOP,202812,32750.0,            ,183122718,0000000.0000,0000000.0,969.59,0.338271,193122718,0000000.0000,0000000.0,31132.69,0.386814,63923.0,0.2573,2028-12-01
NK225E    ,OOP,202812,33000.0,            ,183123018,0000000.0000,0000000.0,989.95,0.336924,193123018,0000000.0000,0000000.0,30911.73,0.384873,63923.0,0.2573,2028-12-01
NK225E    ,OOP,202812,33250.0,            ,183123218,0000000.0000,0000000.0,1010.85,0.335555,193123218,0000000.0000,0000000.0,30691.31,0.382548,63923.0,0.2573,2028-12-01
NK225E    ,OOP,202812,33500.0,            ,183123518,0000000.0000,0000000.0,1032.01,0.334165,193123518,0000000.0000,0000000.0,30471.14,0.380601,63923.0,0.2573,2028-12-01
NK225E    ,OOP,202812,33750.0,            ,183123718,0000000.0000,0000000.0,1053.4,0.332756,193123718,0000000.0000,0000000.0,30251.21,0.378649,63923.0,0.2573,2028-12-01
NK225E    ,OOP,202812,34000.0,            ,183124018,0000000.0000,0000000.0,1075.05,0.331329,193124018,0000000.0000,0000000.0,30031.54,0.376693,63923.0,0.2573,2028-12-01
NK225E    ,OOP,202812,34250.0,            ,183124218,0000000.0000,0000000.0,1097.31,0.330311,193124218,0000000.0000,0000000.0,29812.48,0.374732,63923.0,0.2573,2028-12-01
NK225E    ,OOP,202812,34500.0,            ,183124518,0000000.0000,0000000.0,1119.84,0.328842,193124518,0000000.0000,0000000.0,29593.68,0.372767,63923.0,0.2573,2028-12-01
NK225E    ,OOP,202812,34750.0,            ,183124718,0000000.0000,0000000.0,1142.62,0.327357,193124718,0000000.0000,0000000.0,29375.14,0.370798,63923.0,0.2573,2028-12-01
NK225E    ,OOP,202812,35000.0,            ,133245018,0000000.0000,0000000.0,1165.68,0.326264,143245018,0000000.0000,0000000.0,29156.88,0.368824,63923.0,0.2573,2028-12-01
NK225E    ,OOP,202812,35250.0,            ,183125218,0000000.0000,0000000.0,1189.41,0.324743,193125218,0000000.0000,0000000.0,28939.28,0.367191,63923.0,0.2573,2028-12-01
NK225E    ,OOP,202812,35500.0,            ,183125518,0000000.0000,0000000.0,1213.43,0.323602,193125518,0000000.0000,0000000.0,28721.98,0.365207,63923.0,0.2573,2028-12-01
NK225E    ,OOP,202812,35750.0,            ,183125718,0000000.0000,0000000.0,1237.73,0.322437,193125718,0000000.0000,0000000.0,28504.95,0.36322,63923.0,0.2573,2028-12-01
NK225E    ,OOP,202812,36000.0,            ,133246018,0000000.0000,0000000.0,1262.31,0.320863,143246018,0000000.0000,0000000.0,28288.21,0.36156,63923.0,0.2573,2028-12-01
NK225E    ,OOP,202812,36250.0,            ,183126218,0000000.0000,0000000.0,1287.65,0.319656,193126218,0000000.0000,0000000.0,28072.22,0.359891,63923.0,0.2573,2028-12-01
NK225E    ,OOP,202812,36500.0,            ,183126518,0000000.0000,0000000.0,1313.28,0.318425,193126518,0000000.0000,0000000.0,27856.53,0.357887,63923.0,0.2573,2028-12-01
NK225E    ,OOP,202812,36750.0,            ,183126718,0000000.0000,0000000.0,1339.21,0.317173,193126718,0000000.0000,0000000.0,27641.15,0.3562,63923.0,0.2573,2028-12-01
NK225E    ,OOP,202812,37000.0,            ,133247018,0000000.0000,0000000.0,1365.47,0.3159,143247018,0000000.0000,0000000.0,27426.07,0.354504,63923.0,0.2573,2028-12-01
NK225E    ,OOP,202812,37250.0,            ,183127218,0000000.0000,0000000.0,1392.54,0.314962,193127218,0000000.0000,0000000.0,27211.82,0.352798,63923.0,0.2573,2028-12-01
NK225E    ,OOP,202812,37500.0,            ,183127518,0000000.0000,0000000.0,1419.93,0.313644,193127518,0000000.0000,0000000.0,26997.89,0.351083,63923.0,0.2573,2028-12-01
NK225E    ,OOP,202812,37750.0,            ,183127718,0000000.0000,0000000.0,1447.64,0.312307,193127718,0000000.0000,0000000.0,26784.28,0.349359,63923.0,0.2573,2028-12-01
NK225E    ,OOP,202812,38000.0,            ,133248018,0000000.0000,0000000.0,1475.7,0.311293,143248018,0000000.0000,0000000.0,26571.01,0.347627,63923.0,0.2573,2028-12-01
NK225E    ,OOP,202812,38250.0,            ,183128218,0000000.0000,0000000.0,1504.66,0.309917,193128218,0000000.0000,0000000.0,26358.65,0.345886,63923.0,0.2573,2028-12-01
NK225E    ,OOP,202812,38500.0,            ,183128518,0000000.0000,0000000.0,1533.96,0.308854,193128518,0000000.0000,0000000.0,26146.63,0.344432,63923.0,0.2573,2028-12-01
NK225E    ,OOP,202812,38750.0,            ,183128718,0000000.0000,0000000.0,1563.62,0.307766,193128718,0000000.0000,0000000.0,25934.96,0.342672,63923.0,0.2573,2028-12-01
NK225E    ,OOP,202812,39000.0,            ,133249018,0000000.0000,0000000.0,1593.63,0.306333,143249018,0000000.0000,0000000.0,25723.65,0.341193,63923.0,0.2573,2028-12-01
NK225E    ,OOP,202812,39250.0,            ,183129218,0000000.0000,0000000.0,1624.61,0.305202,193129218,0000000.0000,0000000.0,25513.31,0.339415,63923.0,0.2573,2028-12-01
NK225E    ,OOP,202812,39500.0,            ,183129518,0000000.0000,0000000.0,1655.99,0.304048,193129518,0000000.0000,0000000.0,25303.36,0.337911,63923.0,0.2573,2028-12-01
NK225E    ,OOP,202812,39750.0,            ,183129718,0000000.0000,0000000.0,1687.75,0.30318,193129718,0000000.0000,0000000.0,25093.8,0.336395,63923.0,0.2573,2028-12-01
NK225E    ,OOP,202812,40000.0,            ,133240018,0000000.0000,0000000.0,1719.88,0.301978,143240018,0000000.0000,0000000.0,24884.61,0.334866,63923.0,0.2573,2028-12-01
NK225E    ,OOP,202812,40250.0,            ,183120218,0000000.0000,0000000.0,1753.07,0.300757,193120218,0000000.0000,0000000.0,24676.48,0.333324,63923.0,0.2573,2028-12-01
NK225E    ,OOP,202812,40500.0,            ,183120518,0000000.0000,0000000.0,1786.69,0.29981,193120518,0000000.0000,0000000.0,24468.77,0.33177,63923.0,0.2573,2028-12-01
NK225E    ,OOP,202812,40750.0,            ,133240718,0000000.0000,0000000.0,1820.69,0.298546,143240718,0000000.0000,0000000.0,24261.45,0.330472,63923.0,0.2573,2028-12-01
NK225E    ,OOP,202812,41000.0,            ,133241018,0000000.0000,0000000.0,1855.13,0.29755,143241018,0000000.0000,0000000.0,24054.56,0.328892,63923.0,0.2573,2028-12-01
NK225E    ,OOP,202812,41250.0,            ,133241218,0000000.0000,0000000.0,1890.7,0.296529,143241218,0000000.0000,0000000.0,23848.81,0.327562,63923.0,0.2573,2028-12-01
NK225E    ,OOP,202812,41500.0,            ,133241518,0000000.0000,0000000.0,1926.72,0.295484,143241518,0000000.0000,0000000.0,23643.5,0.325957,63923.0,0.2573,2028-12-01
NK225E    ,OOP,202812,41750.0,            ,133241718,0000000.0000,0000000.0,1963.17,0.294414,143241718,0000000.0000,0000000.0,23438.63,0.324598,63923.0,0.2573,2028-12-01
NK225E    ,OOP,202812,42000.0,            ,133242018,0000000.0000,0000000.0,2000.06,0.293322,143242018,0000000.0000,0000000.0,23234.2,0.323222,63923.0,0.2573,2028-12-01
NK225E    ,OOP,202812,42250.0,            ,133242218,0000000.0000,0000000.0,2038.19,0.292207,143242218,0000000.0000,0000000.0,23031.0,0.321831,63923.0,0.2573,2028-12-01
NK225E    ,OOP,202812,42500.0,            ,183242518,0000000.0000,0000000.0,2076.8,0.291336,193242518,0000000.0000,0000000.0,22828.3,0.320426,63923.0,0.2573,2028-12-01
NK225E    ,OOP,202812,42750.0,            ,133242718,0000000.0000,0000000.0,2115.87,0.290175,143242718,0000000.0000,0000000.0,22626.04,0.31925,63923.0,0.2573,2028-12-01
NK225E    ,OOP,202812,43000.0,            ,133243018,0000000.0000,0000000.0,2155.44,0.289253,143243018,0000000.0000,0000000.0,22424.28,0.317813,63923.0,0.2573,2028-12-01
NK225E    ,OOP,202812,43250.0,            ,133243218,0000000.0000,0000000.0,2196.31,0.288305,143243218,0000000.0000,0000000.0,22223.84,0.316602,63923.0,0.2573,2028-12-01
NK225E    ,OOP,202812,43500.0,            ,133243518,0000000.0000,0000000.0,2237.69,0.287331,143243518,0000000.0000,0000000.0,22023.89,0.315372,63923.0,0.2573,2028-12-01
NK225E    ,OOP,202812,43750.0,            ,133243718,0000000.0000,0000000.0,2279.58,0.286332,143243718,0000000.0000,0000000.0,21824.45,0.313889,63923.0,0.2573,2028-12-01
NK225E    ,OOP,202812,44000.0,            ,133244018,0000000.0000,0000000.0,2321.97,0.28531,143244018,0000000.0000,0000000.0,21625.53,0.312626,63923.0,0.2573,2028-12-01
NK225E    ,OOP,202812,44250.0,            ,133244218,0000000.0000,0000000.0,2365.78,0.284508,143244218,0000000.0000,0000000.0,21428.01,0.311576,63923.0,0.2573,2028-12-01
NK225E    ,OOP,202812,44500.0,            ,133244518,0000000.0000,0000000.0,2410.12,0.283436,143244518,0000000.0000,0000000.0,21231.03,0.310276,63923.0,0.2573,2028-12-01
NK225E    ,OOP,202812,44750.0,            ,133244718,0000000.0000,0000000.0,2455.01,0.282581,143244718,0000000.0000,0000000.0,21034.59,0.30896,63923.0,0.2573,2028-12-01
NK225E    ,OOP,202812,45000.0,            ,183245018,0000000.0000,0000000.0,2500.45,0.281699,193245018,0000000.0000,0000000.0,20838.71,0.307851,63923.0,0.2573,2028-12-01
NK225E    ,OOP,202812,45250.0,            ,133245218,0000000.0000,0000000.0,2547.37,0.28079,143245218,0000000.0000,0000000.0,20644.31,0.306722,63923.0,0.2573,2028-12-01
NK225E    ,OOP,202812,45500.0,            ,133245518,0000000.0000,0000000.0,2594.88,0.279856,143245518,0000000.0000,0000000.0,20450.49,0.305573,63923.0,0.2573,2028-12-01
NK225E    ,OOP,202812,45750.0,            ,133245718,0000000.0000,0000000.0,2642.96,0.278897,143245718,0000000.0000,0000000.0,20257.25,0.304404,63923.0,0.2573,2028-12-01
NK225E    ,OOP,202812,46000.0,            ,183246018,0000000.0000,0000000.0,2691.63,0.278138,193246018,0000000.0000,0000000.0,20064.6,0.303217,63923.0,0.2573,2028-12-01
NK225E    ,OOP,202812,46250.0,            ,133246218,0000000.0000,0000000.0,2741.87,0.277351,143246218,0000000.0000,0000000.0,19873.51,0.302012,63923.0,0.2573,2028-12-01
NK225E    ,OOP,202812,46500.0,            ,133246518,0000000.0000,0000000.0,2792.72,0.276317,143246518,0000000.0000,0000000.0,19683.04,0.300998,63923.0,0.2573,2028-12-01
NK225E    ,OOP,202812,46750.0,            ,133246718,0000000.0000,0000000.0,2844.19,0.275477,143246718,0000000.0000,0000000.0,19493.19,0.299963,63923.0,0.2573,2028-12-01
NK225E    ,OOP,202812,47000.0,            ,183247018,0000000.0000,0000000.0,2896.29,0.274826,193247018,0000000.0000,0000000.0,19303.96,0.2987,63923.0,0.2573,2028-12-01
NK225E    ,OOP,202812,47250.0,            ,133247218,0000000.0000,0000000.0,2950.04,0.273931,143247218,0000000.0000,0000000.0,19116.39,0.297829,63923.0,0.2573,2028-12-01
NK225E    ,OOP,202812,47500.0,            ,133247518,0000000.0000,0000000.0,3004.44,0.273012,143247518,0000000.0000,0000000.0,18929.47,0.296732,63923.0,0.2573,2028-12-01
NK225E    ,OOP,202812,47750.0,            ,133247718,0000000.0000,0000000.0,3059.5,0.272276,143247718,0000000.0000,0000000.0,18743.2,0.295614,63923.0,0.2573,2028-12-01
NK225E    ,OOP,202812,48000.0,            ,183248018,0000000.0000,0000000.0,3115.22,0.271512,193248018,0000000.0000,0000000.0,18557.6,0.294676,63923.0,0.2573,2028-12-01
NK225E    ,OOP,202812,48250.0,            ,133248218,0000000.0000,0000000.0,3172.65,0.27072,143248218,0000000.0000,0000000.0,18373.71,0.293715,63923.0,0.2573,2028-12-01
NK225E    ,OOP,202812,48500.0,            ,133248518,0000000.0000,0000000.0,3230.78,0.269902,143248518,0000000.0000,0000000.0,18190.51,0.292731,63923.0,0.2573,2028-12-01
NK225E    ,OOP,202812,48750.0,            ,133248718,0000000.0000,0000000.0,3289.59,0.269256,143248718,0000000.0000,0000000.0,18008.0,0.291726,63923.0,0.2573,2028-12-01
NK225E    ,OOP,202812,49000.0,            ,183249018,0000000.0000,0000000.0,3349.14,0.268384,193249018,0000000.0000,0000000.0,17826.23,0.290699,63923.0,0.2573,2028-12-01
NK225E    ,OOP,202812,49250.0,            ,133249218,0000000.0000,0000000.0,3410.45,0.267682,143249218,0000000.0000,0000000.0,17646.21,0.289842,63923.0,0.2573,2028-12-01
NK225E    ,OOP,202812,49500.0,            ,133249518,0000000.0000,0000000.0,3472.49,0.266951,143249518,0000000.0000,0000000.0,17466.92,0.28896,63923.0,0.2573,2028-12-01
NK225E    ,OOP,202812,49750.0,            ,133249718,0000000.0000,0000000.0,3535.26,0.266385,143249718,0000000.0000,0000000.0,17288.37,0.288056,63923.0,0.2573,2028-12-01
NK225E    ,OOP,202812,50000.0,            ,183240018,0000000.0000,0000000.0,3598.77,0.265598,193240018,0000000.0000,0000000.0,17110.56,0.287128,63923.0,0.2573,2028-12-01
NK225E    ,OOP,202812,50250.0,            ,133240218,0000000.0000,0000000.0,3664.12,0.264973,143240218,0000000.0000,0000000.0,16934.59,0.286177,63923.0,0.2573,2028-12-01
NK225E    ,OOP,202812,50500.0,            ,133240518,0000000.0000,0000000.0,3730.26,0.264132,143240518,0000000.0000,0000000.0,16759.41,0.285387,63923.0,0.2573,2028-12-01
NK225E    ,OOP,202812,50750.0,            ,183240718,0000000.0000,0000000.0,3797.15,0.263451,193240718,0000000.0000,0000000.0,16584.97,0.284391,63923.0,0.2573,2028-12-01
NK225E    ,OOP,202812,51000.0,            ,133361018,0000000.0000,0000000.0,3864.84,0.262924,143361018,0000000.0000,0000000.0,16411.34,0.283553,63923.0,0.2573,2028-12-01
NK225E    ,OOP,202812,51250.0,            ,183241218,0000000.0000,0000000.0,3934.42,0.262186,193241218,0000000.0000,0000000.0,16239.59,0.282692,63923.0,0.2573,2028-12-01
NK225E    ,OOP,202812,51500.0,            ,183241518,0000000.0000,0000000.0,4004.8,0.2616,193241518,0000000.0000,0000000.0,16068.65,0.281983,63923.0,0.2573,2028-12-01
NK225E    ,OOP,202812,51750.0,            ,183241718,0000000.0000,0000000.0,4075.99,0.260985,193241718,0000000.0000,0000000.0,15898.51,0.281249,63923.0,0.2573,2028-12-01
NK225E    ,OOP,202812,52000.0,            ,133362018,0000000.0000,0000000.0,4147.98,0.260341,143362018,0000000.0000,0000000.0,15729.19,0.280316,63923.0,0.2573,2028-12-01
NK225E    ,OOP,202812,52250.0,            ,183242218,0000000.0000,0000000.0,4221.91,0.259668,193242218,0000000.0000,0000000.0,15561.79,0.279533,63923.0,0.2573,2028-12-01
NK225E    ,OOP,202812,52500.0,            ,133362518,0000000.0000,0000000.0,4296.7,0.259142,143362518,0000000.0000,0000000.0,15395.26,0.278897,63923.0,0.2573,2028-12-01
NK225E    ,OOP,202812,52750.0,            ,183242718,0000000.0000,0000000.0,4372.33,0.258413,193242718,0000000.0000,0000000.0,15229.57,0.278064,63923.0,0.2573,2028-12-01
NK225E    ,OOP,202812,53000.0,            ,183243018,0000000.0000,0000000.0,4448.81,0.257829,193243018,0000000.0000,0000000.0,15064.72,0.277377,63923.0,0.2573,2028-12-01
NK225E    ,OOP,202812,53250.0,            ,183243218,0000000.0000,0000000.0,4527.22,0.257215,193243218,0000000.0000,0000000.0,14901.81,0.276664,63923.0,0.2573,2028-12-01
NK225E    ,OOP,202812,53500.0,            ,183243518,0000000.0000,0000000.0,4606.59,0.256743,193243518,0000000.0000,0000000.0,14739.86,0.275925,63923.0,0.2573,2028-12-01
NK225E    ,OOP,202812,53750.0,            ,183243718,0000000.0000,0000000.0,4686.77,0.256239,193243718,0000000.0000,0000000.0,14578.72,0.275162,63923.0,0.2573,2028-12-01
NK225E    ,OOP,202812,54000.0,            ,183244018,0000000.0000,0000000.0,4767.86,0.25554,193244018,0000000.0000,0000000.0,14418.48,0.274539,63923.0,0.2573,2028-12-01
NK225E    ,OOP,202812,54250.0,            ,183244218,0000000.0000,0000000.0,4850.94,0.255143,193244218,0000000.0000,0000000.0,14260.24,0.27389,63923.0,0.2573,2028-12-01
NK225E    ,OOP,202812,54500.0,            ,183244518,0000000.0000,0000000.0,4934.92,0.254552,193244518,0000000.0000,0000000.0,14102.9,0.273214,63923.0,0.2573,2028-12-01
NK225E    ,OOP,202812,54750.0,            ,183244718,0000000.0000,0000000.0,5019.8,0.253932,193244718,0000000.0000,0000000.0,13946.45,0.272513,63923.0,0.2573,2028-12-01
NK225E    ,OOP,202812,55000.0,            ,133365018,0000000.0000,0000000.0,5105.55,0.253446,143365018,0000000.0000,0000000.0,13790.87,0.271948,63923.0,0.2573,2028-12-01
NK225E    ,OOP,202812,55250.0,            ,183245218,0000000.0000,0000000.0,5193.39,0.252931,193245218,0000000.0000,0000000.0,13637.39,0.271196,63923.0,0.2573,2028-12-01
NK225E    ,OOP,202812,55500.0,            ,183245518,0000000.0000,0000000.0,5282.11,0.252546,193245518,0000000.0000,0000000.0,13484.79,0.270579,63923.0,0.2573,2028-12-01
NK225E    ,OOP,202812,55750.0,            ,183245718,0000000.0000,0000000.0,5371.76,0.251971,193245718,0000000.0000,0000000.0,13333.12,0.270093,63923.0,0.2573,2028-12-01
NK225E    ,OOP,202812,56000.0,            ,133366018,0000000.0000,0000000.0,5462.36,0.251527,143366018,0000000.0000,0000000.0,13182.4,0.269423,63923.0,0.2573,2028-12-01
NK225E    ,OOP,202812,56250.0,            ,183246218,0000000.0000,0000000.0,5554.98,0.251052,193246218,0000000.0000,0000000.0,13033.69,0.268883,63923.0,0.2573,2028-12-01
NK225E    ,OOP,202812,56500.0,            ,183246518,0000000.0000,0000000.0,5648.58,0.250548,193246518,0000000.0000,0000000.0,12885.96,0.268317,63923.0,0.2573,2028-12-01
NK225E    ,OOP,202812,56750.0,            ,183246718,0000000.0000,0000000.0,5743.11,0.25017,193246718,0000000.0000,0000000.0,12739.17,0.267725,63923.0,0.2573,2028-12-01
NK225E    ,OOP,202812,57000.0,            ,133367018,0000000.0000,0000000.0,5838.59,0.249608,143367018,0000000.0000,0000000.0,12593.33,0.26726,63923.0,0.2573,2028-12-01
NK225E    ,OOP,202812,57250.0,            ,183247218,0000000.0000,0000000.0,5936.1,0.249172,193247218,0000000.0000,0000000.0,12449.52,0.266615,63923.0,0.2573,2028-12-01
NK225E    ,OOP,202812,57500.0,            ,183247518,0000000.0000,0000000.0,6034.57,0.248706,193247518,0000000.0000,0000000.0,12306.66,0.266097,63923.0,0.2573,2028-12-01
NK225E    ,OOP,202812,57750.0,            ,183247718,0000000.0000,0000000.0,6134.03,0.248362,193247718,0000000.0000,0000000.0,12164.8,0.265552,63923.0,0.2573,2028-12-01
NK225E    ,OOP,202812,58000.0,            ,133368018,0000000.0000,0000000.0,6234.45,0.247988,143368018,0000000.0000,0000000.0,12023.9,0.265131,63923.0,0.2573,2028-12-01
NK225E    ,OOP,202812,58250.0,            ,183248218,0000000.0000,0000000.0,6336.91,0.247585,193248218,0000000.0000,0000000.0,11885.03,0.264683,63923.0,0.2573,2028-12-01
NK225E    ,OOP,202812,58500.0,            ,183248518,0000000.0000,0000000.0,6440.33,0.247153,193248518,0000000.0000,0000000.0,11747.13,0.264208,63923.0,0.2573,2028-12-01
NK225E    ,OOP,202812,58750.0,            ,183248718,0000000.0000,0000000.0,6544.73,0.246692,193248718,0000000.0000,0000000.0,11610.21,0.263707,63923.0,0.2573,2028-12-01
NK225E    ,OOP,202812,59000.0,            ,133369018,0000000.0000,0000000.0,6650.11,0.24635,143369018,0000000.0000,0000000.0,11474.26,0.263179,63923.0,0.2573,2028-12-01
NK225E    ,OOP,202812,59250.0,            ,183249218,0000000.0000,0000000.0,6757.51,0.245979,193249218,0000000.0000,0000000.0,11340.34,0.262772,63923.0,0.2573,2028-12-01
NK225E    ,OOP,202812,59500.0,            ,183249518,0000000.0000,0000000.0,6865.9,0.245578,193249518,0000000.0000,0000000.0,11207.41,0.262339,63923.0,0.2573,2028-12-01
NK225E    ,OOP,202812,59750.0,            ,183249718,0000000.0000,0000000.0,6975.24,0.245149,193249718,0000000.0000,0000000.0,11075.42,0.261879,63923.0,0.2573,2028-12-01
NK225E    ,OOP,202812,60000.0,            ,133360018,0000000.0000,0000000.0,7085.66,0.244837,143360018,0000000.0000,0000000.0,10944.52,0.261393,63923.0,0.2573,2028-12-01
NK225E    ,OOP,202812,60250.0,            ,183240218,0000000.0000,0000000.0,7198.0,0.244496,193240218,0000000.0000,0000000.0,10815.53,0.261025,63923.0,0.2573,2028-12-01
NK225E    ,OOP,202812,60500.0,            ,183240518,0000000.0000,0000000.0,7311.36,0.244126,193240518,0000000.0000,0000000.0,10687.57,0.26063,63923.0,0.2573,2028-12-01
NK225E    ,OOP,202812,60750.0,            ,133360718,0000000.0000,0000000.0,7425.67,0.24387,143360718,0000000.0000,0000000.0,10560.56,0.260209,63923.0,0.2573,2028-12-01
NK225E    ,OOP,202812,61000.0,            ,183361018,0000000.0000,0000000.0,7541.01,0.243443,193361018,0000000.0000,0000000.0,10434.57,0.259762,63923.0,0.2573,2028-12-01
NK225E    ,OOP,202812,61250.0,            ,133361218,0000000.0000,0000000.0,7658.28,0.24313,143361218,0000000.0000,0000000.0,10310.52,0.259432,63923.0,0.2573,2028-12-01
NK225E    ,OOP,202812,61500.0,            ,133361518,0000000.0000,0000000.0,7776.57,0.242789,143361518,0000000.0000,0000000.0,10187.49,0.259075,63923.0,0.2573,2028-12-01
NK225E    ,OOP,202812,61750.0,            ,133361718,0000000.0000,0000000.0,7895.82,0.242561,143361718,0000000.0000,0000000.0,10065.42,0.258691,63923.0,0.2573,2028-12-01
NK225E    ,OOP,202812,62000.0,            ,183362018,0000000.0000,0000000.0,8016.09,0.242163,193362018,0000000.0000,0000000.0,9944.36,0.258282,63923.0,0.2573,2028-12-01
NK225E    ,OOP,202812,62250.0,            ,133362218,0000000.0000,0000000.0,8138.27,0.241878,143362218,0000000.0000,0000000.0,9825.22,0.257987,63923.0,0.2573,2028-12-01
NK225E    ,OOP,202812,62500.0,            ,133242518,0000000.0000,0000000.0,8261.44,0.241565,143242518,0000000.0000,0000000.0,9707.06,0.257666,63923.0,0.2573,2028-12-01
NK225E    ,OOP,202812,62750.0,            ,133362718,0000000.0000,0000000.0,8385.59,0.241363,143362718,0000000.0000,0000000.0,9589.9,0.257319,63923.0,0.2573,2028-12-01
NK225E    ,OOP,202812,63000.0,            ,133363018,0000000.0000,0000000.0,8510.73,0.240994,143363018,0000000.0000,0000000.0,9473.71,0.256947,63923.0,0.2573,2028-12-01
NK225E    ,OOP,202812,63250.0,            ,133363218,0000000.0000,0000000.0,8637.71,0.240737,143363218,0000000.0000,0000000.0,9359.37,0.256687,63923.0,0.2573,2028-12-01
NK225E    ,OOP,202812,63500.0,            ,133363518,0000000.0000,0000000.0,8765.71,0.240451,143363518,0000000.0000,0000000.0,9246.05,0.256402,63923.0,0.2573,2028-12-01
NK225E    ,OOP,202812,63750.0,            ,133363718,0000000.0000,0000000.0,8894.66,0.240277,143363718,0000000.0000,0000000.0,9133.67,0.256091,63923.0,0.2573,2028-12-01
NK225E    ,OOP,202812,64000.0,            ,133364018,0000000.0000,0000000.0,9024.61,0.239936,143364018,0000000.0000,0000000.0,9022.3,0.255755,63923.0,0.2573,2028-12-01
NK225E    ,OOP,202812,64250.0,            ,133364218,0000000.0000,0000000.0,9156.34,0.239706,143364218,0000000.0000,0000000.0,8912.7,0.255531,63923.0,0.2573,2028-12-01
NK225E    ,OOP,202812,64500.0,            ,133364518,0000000.0000,0000000.0,9289.08,0.239449,143364518,0000000.0000,0000000.0,8804.11,0.255144,63923.0,0.2573,2028-12-01
NK225E    ,OOP,202812,64750.0,            ,133364718,0000000.0000,0000000.0,9422.78,0.239164,143364718,0000000.0000,0000000.0,8696.5,0.254869,63923.0,0.2573,2028-12-01
NK225E    ,OOP,202812,65000.0,            ,183365018,0000000.0000,0000000.0,9557.45,0.23899,193365018,0000000.0000,0000000.0,8589.85,0.254706,63923.0,0.2573,2028-12-01
NK225E    ,OOP,202812,65250.0,            ,133365218,0000000.0000,0000000.0,9693.86,0.238788,143365218,0000000.0000,0000000.0,8484.92,0.254381,63923.0,0.2573,2028-12-01
NK225E    ,OOP,202812,65500.0,            ,133365518,0000000.0000,0000000.0,9831.22,0.23856,143365518,0000000.0000,0000000.0,8380.96,0.254168,63923.0,0.2573,2028-12-01
NK225E    ,OOP,202812,65750.0,            ,133365718,0000000.0000,0000000.0,9969.54,0.238304,143365718,0000000.0000,0000000.0,8277.96,0.253929,63923.0,0.2573,2028-12-01
NK225E    ,OOP,202812,66000.0,            ,183366018,0000000.0000,0000000.0,10108.84,0.238022,193366018,0000000.0000,0000000.0,8175.94,0.253666,63923.0,0.2573,2028-12-01
NK225E    ,OOP,202812,66250.0,            ,133366218,0000000.0000,0000000.0,10249.76,0.23785,143366218,0000000.0000,0000000.0,8075.53,0.253378,63923.0,0.2573,2028-12-01
NK225E    ,OOP,202812,66500.0,            ,133366518,0000000.0000,0000000.0,10391.66,0.237651,143366518,0000000.0000,0000000.0,7976.11,0.253202,63923.0,0.2573,2028-12-01
NK225E    ,OOP,202812,66750.0,            ,133366718,0000000.0000,0000000.0,10534.49,0.237426,143366718,0000000.0000,0000000.0,7877.62,0.253001,63923.0,0.2573,2028-12-01
NK225E    ,OOP,202812,67000.0,            ,183367018,0000000.0000,0000000.0,10678.27,0.237175,193367018,0000000.0000,0000000.0,7780.07,0.252775,63923.0,0.2573,2028-12-01
NK225E    ,OOP,202812,67250.0,            ,133367218,0000000.0000,0000000.0,10823.64,0.237033,143367218,0000000.0000,0000000.0,7684.12,0.252525,63923.0,0.2573,2028-12-01
NK225E    ,OOP,202812,67500.0,            ,183367518,0000000.0000,0000000.0,10969.93,0.236866,193367518,0000000.0000,0000000.0,7589.09,0.252387,63923.0,0.2573,2028-12-01
NK225E    ,OOP,202812,67750.0,            ,133367718,0000000.0000,0000000.0,11117.15,0.236673,143367718,0000000.0000,0000000.0,7494.98,0.252089,63923.0,0.2573,2028-12-01
NK225E    ,OOP,202812,68000.0,            ,183368018,0000000.0000,0000000.0,11265.29,0.236454,193368018,0000000.0000,0000000.0,7401.8,0.251902,63923.0,0.2573,2028-12-01
NK225E    ,OOP,202812,68250.0,            ,133368218,0000000.0000,0000000.0,11414.92,0.236209,143368218,0000000.0000,0000000.0,7310.11,0.251828,63923.0,0.2573,2028-12-01
NK225E    ,OOP,202812,68500.0,            ,133368518,0000000.0000,0000000.0,11565.51,0.236075,143368518,0000000.0000,0000000.0,7219.37,0.251594,63923.0,0.2573,2028-12-01
NK225E    ,OOP,202812,68750.0,            ,133368718,0000000.0000,0000000.0,11716.95,0.235915,143368718,0000000.0000,0000000.0,7129.49,0.251336,63923.0,0.2573,2028-12-01
NK225E    ,OOP,202812,69000.0,            ,183369018,0000000.0000,0000000.0,11869.33,0.23573,193369018,0000000.0000,0000000.0,7040.55,0.25119,63923.0,0.2573,2028-12-01
NK225E    ,OOP,202812,69250.0,            ,133369218,0000000.0000,0000000.0,12023.12,0.23552,143369218,0000000.0000,0000000.0,6953.01,0.251021,63923.0,0.2573,2028-12-01
NK225E    ,OOP,202812,69500.0,            ,133369518,0000000.0000,0000000.0,12177.8,0.235285,143369518,0000000.0000,0000000.0,6866.37,0.250828,63923.0,0.2573,2028-12-01
NK225E    ,OOP,202812,69750.0,            ,133369718,0000000.0000,0000000.0,12333.35,0.235162,143369718,0000000.0000,0000000.0,6780.6,0.250749,63923.0,0.2573,2028-12-01
NK225E    ,OOP,202812,70000.0,            ,133480018,0000000.0000,0000000.0,12489.82,0.235013,143480018,0000000.0000,0000000.0,6695.74,0.25051,63923.0,0.2573,2028-12-01
NK225E    ,OOP,202812,70250.0,            ,133360218,0000000.0000,0000000.0,12647.59,0.23484,143360218,0000000.0000,0000000.0,6612.19,0.250384,63923.0,0.2573,2028-12-01
NK225E    ,OOP,202812,70500.0,            ,133360518,0000000.0000,0000000.0,12806.23,0.234642,143360518,0000000.0000,0000000.0,6529.51,0.250235,63923.0,0.2573,2028-12-01
NK225E    ,OOP,202812,70750.0,            ,183360718,0000000.0000,0000000.0,12965.73,0.234557,193360718,0000000.0000,0000000.0,6447.68,0.250064,63923.0,0.2573,2028-12-01
NK225E    ,OOP,202812,71000.0,            ,133481018,0000000.0000,0000000.0,13126.11,0.234311,143481018,0000000.0000,0000000.0,6366.74,0.250006,63923.0,0.2573,2028-12-01
NK225E    ,OOP,202812,71250.0,            ,183361218,0000000.0000,0000000.0,13287.71,0.234177,193361218,0000000.0000,0000000.0,6287.01,0.249789,63923.0,0.2573,2028-12-01
NK225E    ,OOP,202812,71500.0,            ,183361518,0000000.0000,0000000.0,13450.18,0.234019,193361518,0000000.0000,0000000.0,6208.16,0.249687,63923.0,0.2573,2028-12-01
NK225E    ,OOP,202812,71750.0,            ,183361718,0000000.0000,0000000.0,13613.48,0.233838,193361718,0000000.0000,0000000.0,6130.14,0.249562,63923.0,0.2573,2028-12-01
NK225E    ,OOP,202812,72000.0,            ,133482018,0000000.0000,0000000.0,13777.61,0.23377,143482018,0000000.0000,0000000.0,6052.95,0.249415,63923.0,0.2573,2028-12-01
NK225E    ,OOP,202812,72250.0,            ,183362218,0000000.0000,0000000.0,13942.89,0.233541,193362218,0000000.0000,0000000.0,5976.9,0.249384,63923.0,0.2573,2028-12-01
NK225E    ,OOP,202812,72500.0,            ,183362518,0000000.0000,0000000.0,14109.01,0.233426,193362518,0000000.0000,0000000.0,5901.7,0.249193,63923.0,0.2573,2028-12-01
NK225E    ,OOP,202812,72750.0,            ,183362718,0000000.0000,0000000.0,14275.94,0.233288,193362718,0000000.0000,0000000.0,5827.31,0.249118,63923.0,0.2573,2028-12-01
NK225E    ,OOP,202812,73000.0,            ,183363018,0000000.0000,0000000.0,14443.68,0.233127,193363018,0000000.0000,0000000.0,5753.72,0.249021,63923.0,0.2573,2028-12-01
NK225E    ,OOP,202812,73250.0,            ,183363218,0000000.0000,0000000.0,14612.5,0.233081,193363218,0000000.0000,0000000.0,5681.22,0.248903,63923.0,0.2573,2028-12-01
NK225E    ,OOP,202812,73500.0,            ,183363518,0000000.0000,0000000.0,14782.1,0.232874,193363518,0000000.0000,0000000.0,5609.5,0.248764,63923.0,0.2573,2028-12-01
NK225E    ,OOP,202812,73750.0,            ,183363718,0000000.0000,0000000.0,14952.49,0.232782,193363718,0000000.0000,0000000.0,5538.56,0.248603,63923.0,0.2573,2028-12-01
NK225E    ,OOP,202812,74000.0,            ,183364018,0000000.0000,0000000.0,15123.69,0.232669,193364018,0000000.0000,0000000.0,5468.44,0.24856,63923.0,0.2573,2028-12-01
NK225E    ,OOP,202812,74250.0,            ,183364218,0000000.0000,0000000.0,15295.87,0.232532,193364218,0000000.0000,0000000.0,5399.3,0.248495,63923.0,0.2573,2028-12-01
NK225E    ,OOP,202812,74500.0,            ,183364518,0000000.0000,0000000.0,15468.82,0.232373,193364518,0000000.0000,0000000.0,5330.92,0.24841,63923.0,0.2573,2028-12-01
NK225E    ,OOP,202812,74750.0,            ,183364718,0000000.0000,0000000.0,15642.52,0.232192,193364718,0000000.0000,0000000.0,5263.3,0.248305,63923.0,0.2573,2028-12-01
NK225E    ,OOP,202812,75000.0,            ,133485018,0000000.0000,0000000.0,15817.0,0.232129,143485018,0000000.0000,0000000.0,5196.46,0.248178,63923.0,0.2573,2028-12-01
NK225E    ,OOP,202812,75250.0,            ,183365218,0000000.0000,0000000.0,15992.41,0.231902,193365218,0000000.0000,0000000.0,5130.54,0.248031,63923.0,0.2573,2028-12-01
NK225E    ,OOP,202812,75500.0,            ,183365518,0000000.0000,0000000.0,16168.55,0.231795,193365518,0000000.0000,0000000.0,5065.36,0.248004,63923.0,0.2573,2028-12-01
NK225E    ,OOP,202812,75750.0,            ,183365718,0000000.0000,0000000.0,16345.42,0.231667,193365718,0000000.0000,0000000.0,5000.9,0.247957,63923.0,0.2573,2028-12-01
NK225E    ,OOP,202812,76000.0,            ,133486018,0000000.0000,0000000.0,16523.01,0.231516,143486018,0000000.0000,0000000.0,4937.18,0.247749,63923.0,0.2573,2028-12-01
NK225E    ,OOP,202812,76250.0,            ,183366218,0000000.0000,0000000.0,16701.57,0.231343,193366218,0000000.0000,0000000.0,4874.41,0.247661,63923.0,0.2573,2028-12-01
NK225E    ,OOP,202812,77500.0,            ,133367518,0000000.0000,0000000.0,17604.94,0.230732,143367518,0000000.0000,0000000.0,4571.16,0.247355,63923.0,0.2573,2028-12-01
NK225E    ,OOP,202812,80000.0,            ,183480018,0000000.0000,0000000.0,19461.82,0.229406,193480018,0000000.0000,0000000.0,4014.81,0.246609,63923.0,0.2573,2028-12-01
NK225E    ,OOP,202812,85000.0,            ,183485018,0000000.0000,0000000.0,23354.27,0.226117,193485018,0000000.0000,0000000.0,3080.8,0.245134,63923.0,0.2573,2028-12-01
NK225E    ,OOP,202812,90000.0,            ,133600018,0000000.0000,0000000.0,27441.27,0.222026,143600018,0000000.0000,0000000.0,2341.33,0.24349,63923.0,0.2573,2028-12-01
NK225E    ,OOP,202812,95000.0,            ,133605018,0000000.0000,0000000.0,31688.04,0.216492,143605018,0000000.0000,0000000.0,1761.63,0.241706,63923.0,0.2573,2028-12-01
NK225E    ,OOP,202812,100000.0,            ,183600018,0000000.0000,0000000.0,36074.21,0.209749,193600018,0000000.0000,0000000.0,1321.33,0.240311,63923.0,0.2573,2028-12-01
NK225E    ,OOP,202906,15000.0,            ,184065018,0000000.0000,0000000.0,49.76,0.366053,194065018,0000000.0000,0000000.0,47007.47,0.608525,63923.0,0.2573,2029-06-01
NK225E    ,OOP,202906,16000.0,            ,184066018,0000000.0000,0000000.0,70.33,0.366295,194066018,0000000.0000,0000000.0,46070.33,0.585783,63923.0,0.2573,2029-06-01
NK225E    ,OOP,202906,17000.0,            ,184067018,0000000.0000,0000000.0,96.49,0.366183,194067018,0000000.0000,0000000.0,45138.8,0.564541,63923.0,0.2573,2029-06-01
NK225E    ,OOP,202906,18000.0,            ,184068018,0000000.0000,0000000.0,129.03,0.365571,194068018,0000000.0000,0000000.0,44213.64,0.545995,63923.0,0.2573,2029-06-01
NK225E    ,OOP,202906,19000.0,            ,184069018,0000000.0000,0000000.0,168.73,0.365549,194069018,0000000.0000,0000000.0,43295.64,0.529106,63923.0,0.2573,2029-06-01
NK225E    ,OOP,202906,20000.0,            ,184060018,0000000.0000,0000000.0,216.34,0.36562,194060018,0000000.0000,0000000.0,42385.55,0.513652,63923.0,0.2573,2029-06-01
NK225E    ,OOP,202906,20750.0,            ,184060718,0000000.0000,0000000.0,257.67,0.365397,194060718,0000000.0000,0000000.0,41708.61,0.503834,63923.0,0.2573,2029-06-01
NK225E    ,OOP,202906,21000.0,            ,184061018,0000000.0000,0000000.0,272.58,0.365308,194061018,0000000.0000,0000000.0,41484.09,0.500613,63923.0,0.2573,2029-06-01
NK225E    ,OOP,202906,21250.0,            ,184061218,0000000.0000,0000000.0,288.07,0.365329,194061218,0000000.0000,0000000.0,41260.15,0.497418,63923.0,0.2573,2029-06-01
NK225E    ,OOP,202906,21500.0,            ,184061518,0000000.0000,0000000.0,304.15,0.365444,194061518,0000000.0000,0000000.0,41036.81,0.494247,63923.0,0.2573,2029-06-01
NK225E    ,OOP,202906,21750.0,            ,184061718,0000000.0000,0000000.0,320.84,0.366297,194061718,0000000.0000,0000000.0,40814.07,0.4911,63923.0,0.2573,2029-06-01
NK225E    ,OOP,202906,22000.0,            ,184062018,0000000.0000,0000000.0,338.14,0.365904,194062018,0000000.0000,0000000.0,40591.94,0.488527,63923.0,0.2573,2029-06-01
NK225E    ,OOP,202906,22250.0,            ,184062218,0000000.0000,0000000.0,356.06,0.365415,194062218,0000000.0000,0000000.0,40370.44,0.485419,63923.0,0.2573,2029-06-01
NK225E    ,OOP,202906,22500.0,            ,184062518,0000000.0000,0000000.0,374.61,0.365818,194062518,0000000.0000,0000000.0,40149.57,0.482868,63923.0,0.2573,2029-06-01
NK225E    ,OOP,202906,22750.0,            ,184062718,0000000.0000,0000000.0,393.81,0.365129,194062718,0000000.0000,0000000.0,39929.34,0.480324,63923.0,0.2573,2029-06-01
NK225E    ,OOP,202906,23000.0,            ,184063018,0000000.0000,0000000.0,413.66,0.365283,194063018,0000000.0000,0000000.0,39709.77,0.477787,63923.0,0.2573,2029-06-01
NK225E    ,OOP,202906,23250.0,            ,184063218,0000000.0000,0000000.0,434.17,0.365312,194063218,0000000.0000,0000000.0,39490.85,0.475256,63923.0,0.2573,2029-06-01
NK225E    ,OOP,202906,23500.0,            ,184063518,0000000.0000,0000000.0,455.34,0.365226,194063518,0000000.0000,0000000.0,39272.6,0.472733,63923.0,0.2573,2029-06-01
NK225E    ,OOP,202906,23750.0,            ,134063718,0000000.0000,0000000.0,477.2,0.365037,144063718,0000000.0000,0000000.0,39055.04,0.470217,63923.0,0.2573,2029-06-01
NK225E    ,OOP,202906,24000.0,            ,134064018,0000000.0000,0000000.0,499.75,0.365546,144064018,0000000.0000,0000000.0,38838.16,0.468195,63923.0,0.2573,2029-06-01
NK225E    ,OOP,202906,24250.0,            ,134064218,0000000.0000,0000000.0,522.98,0.36515,144064218,0000000.0000,0000000.0,38621.97,0.465686,63923.0,0.2573,2029-06-01
NK225E    ,OOP,202906,24500.0,            ,134064518,0000000.0000,0000000.0,546.93,0.365418,144064518,0000000.0000,0000000.0,38406.49,0.463658,63923.0,0.2573,2029-06-01
NK225E    ,OOP,202906,24750.0,            ,134064718,0000000.0000,0000000.0,571.58,0.365569,144064718,0000000.0000,0000000.0,38191.72,0.461623,63923.0,0.2573,2029-06-01
NK225E    ,OOP,202906,25000.0,            ,134065018,0000000.0000,0000000.0,596.96,0.364913,144065018,0000000.0000,0000000.0,37977.67,0.459582,63923.0,0.2573,2029-06-01
NK225E    ,OOP,202906,25250.0,            ,134065218,0000000.0000,0000000.0,623.06,0.365553,144065218,0000000.0000,0000000.0,37764.34,0.457537,63923.0,0.2573,2029-06-01
NK225E    ,OOP,202906,25500.0,            ,134065518,0000000.0000,0000000.0,649.9,0.365404,144065518,0000000.0000,0000000.0,37551.76,0.455486,63923.0,0.2573,2029-06-01
NK225E    ,OOP,202906,25750.0,            ,134065718,0000000.0000,0000000.0,677.47,0.365169,144065718,0000000.0000,0000000.0,37339.91,0.453869,63923.0,0.2573,2029-06-01
NK225E    ,OOP,202906,26000.0,            ,134066018,0000000.0000,0000000.0,705.8,0.364855,144066018,0000000.0000,0000000.0,37128.81,0.451804,63923.0,0.2573,2029-06-01
NK225E    ,OOP,202906,26250.0,            ,134066218,0000000.0000,0000000.0,719.92,0.363252,144066218,0000000.0000,0000000.0,36903.51,0.448884,63923.0,0.2573,2029-06-01
NK225E    ,OOP,202906,26500.0,            ,134066518,0000000.0000,0000000.0,734.12,0.361634,144066518,0000000.0000,0000000.0,36678.29,0.445983,63923.0,0.2573,2029-06-01
NK225E    ,OOP,202906,26750.0,            ,134066718,0000000.0000,0000000.0,748.4,0.360002,144066718,0000000.0000,0000000.0,36453.14,0.4431,63923.0,0.2573,2029-06-01
NK225E    ,OOP,202906,27000.0,            ,134067018,0000000.0000,0000000.0,762.75,0.357778,144067018,0000000.0000,0000000.0,36228.06,0.439823,63923.0,0.2573,2029-06-01
NK225E    ,OOP,202906,27250.0,            ,134067218,0000000.0000,0000000.0,778.0,0.35613,144067218,0000000.0000,0000000.0,36003.89,0.436981,63923.0,0.2573,2029-06-01
NK225E    ,OOP,202906,27500.0,            ,134067518,0000000.0000,0000000.0,793.36,0.35447,144067518,0000000.0000,0000000.0,35779.82,0.434156,63923.0,0.2573,2029-06-01
NK225E    ,OOP,202906,27750.0,            ,134067718,0000000.0000,0000000.0,808.81,0.352799,144067718,0000000.0000,0000000.0,35555.85,0.431347,63923.0,0.2573,2029-06-01
NK225E    ,OOP,202906,28000.0,            ,134068018,0000000.0000,0000000.0,824.36,0.351117,144068018,0000000.0000,0000000.0,35331.98,0.42895,63923.0,0.2573,2029-06-01
NK225E    ,OOP,202906,28250.0,            ,134068218,0000000.0000,0000000.0,840.84,0.349425,144068218,0000000.0000,0000000.0,35109.03,0.426171,63923.0,0.2573,2029-06-01
NK225E    ,OOP,202906,28500.0,            ,134068518,0000000.0000,0000000.0,857.44,0.347724,144068518,0000000.0000,0000000.0,34886.2,0.423407,63923.0,0.2573,2029-06-01
NK225E    ,OOP,202906,28750.0,            ,134068718,0000000.0000,0000000.0,874.16,0.346014,144068718,0000000.0000,0000000.0,34663.49,0.420659,63923.0,0.2573,2029-06-01
NK225E    ,OOP,202906,29000.0,            ,134069018,0000000.0000,0000000.0,891.0,0.344801,144069018,0000000.0000,0000000.0,34440.91,0.418304,63923.0,0.2573,2029-06-01
NK225E    ,OOP,202906,29250.0,            ,134069218,0000000.0000,0000000.0,908.79,0.343068,144069218,0000000.0000,0000000.0,34219.28,0.415583,63923.0,0.2573,2029-06-01
NK225E    ,OOP,202906,29500.0,            ,134069518,0000000.0000,0000000.0,926.73,0.341327,144069518,0000000.0000,0000000.0,33997.79,0.413245,63923.0,0.2573,2029-06-01
NK225E    ,OOP,202906,29750.0,            ,134069718,0000000.0000,0000000.0,944.81,0.34006,144069718,0000000.0000,0000000.0,33776.45,0.410549,63923.0,0.2573,2029-06-01
NK225E    ,OOP,202906,30000.0,            ,134060018,0000000.0000,0000000.0,963.04,0.338301,144060018,0000000.0000,0000000.0,33555.25,0.408228,63923.0,0.2573,2029-06-01
NK225E    ,OOP,202906,30250.0,            ,134060218,0000000.0000,0000000.0,982.23,0.336999,144060218,0000000.0000,0000000.0,33335.02,0.405913,63923.0,0.2573,2029-06-01
NK225E    ,OOP,202906,30500.0,            ,134060518,0000000.0000,0000000.0,1001.61,0.335678,144060518,0000000.0000,0000000.0,33114.97,0.403253,63923.0,0.2573,2029-06-01
NK225E    ,OOP,202906,30750.0,            ,134060718,0000000.0000,0000000.0,1021.15,0.33389,144060718,0000000.0000,0000000.0,32895.09,0.400954,63923.0,0.2573,2029-06-01
NK225E    ,OOP,202906,31000.0,            ,134061018,0000000.0000,0000000.0,1040.87,0.33254,144061018,0000000.0000,0000000.0,32675.38,0.398662,63923.0,0.2573,2029-06-01
NK225E    ,OOP,202906,31250.0,            ,134061218,0000000.0000,0000000.0,1061.58,0.331172,144061218,0000000.0000,0000000.0,32456.66,0.396375,63923.0,0.2573,2029-06-01
NK225E    ,OOP,202906,31500.0,            ,134061518,0000000.0000,0000000.0,1082.49,0.329788,144061518,0000000.0000,0000000.0,32238.15,0.394094,63923.0,0.2573,2029-06-01
NK225E    ,OOP,202906,31750.0,            ,134061718,0000000.0000,0000000.0,1103.59,0.328388,144061718,0000000.0000,0000000.0,32019.82,0.391819,63923.0,0.2573,2029-06-01
NK225E    ,OOP,202906,32000.0,            ,134062018,0000000.0000,0000000.0,1124.89,0.326973,144062018,0000000.0000,0000000.0,31801.7,0.38988,63923.0,0.2573,2029-06-01
NK225E    ,OOP,202906,32250.0,            ,134062218,0000000.0000,0000000.0,1147.2,0.325544,144062218,0000000.0000,0000000.0,31584.59,0.387612,63923.0,0.2573,2029-06-01
NK225E    ,OOP,202906,32500.0,            ,134062518,0000000.0000,0000000.0,1169.75,0.324503,144062518,0000000.0000,0000000.0,31367.71,0.385351,63923.0,0.2573,2029-06-01
NK225E    ,OOP,202906,32750.0,            ,134062718,0000000.0000,0000000.0,1192.52,0.323042,144062718,0000000.0000,0000000.0,31151.06,0.383414,63923.0,0.2573,2029-06-01
NK225E    ,OOP,202906,33000.0,            ,134063018,0000000.0000,0000000.0,1215.51,0.321568,144063018,0000000.0000,0000000.0,30934.62,0.38116,63923.0,0.2573,2029-06-01
NK225E    ,OOP,202906,33250.0,            ,134063218,0000000.0000,0000000.0,1239.55,0.320466,144063218,0000000.0000,0000000.0,30719.23,0.379224,63923.0,0.2573,2029-06-01
NK225E    ,OOP,202906,33500.0,            ,134063518,0000000.0000,0000000.0,1263.83,0.31934,144063518,0000000.0000,0000000.0,30504.09,0.377286,63923.0,0.2573,2029-06-01
NK225E    ,OOP,202906,33750.0,            ,184063718,0000000.0000,0000000.0,1288.37,0.317823,194063718,0000000.0000,0000000.0,30289.2,0.375347,63923.0,0.2573,2029-06-01
NK225E    ,OOP,202906,34000.0,            ,184064018,0000000.0000,0000000.0,1313.15,0.316661,194064018,0000000.0000,0000000.0,30074.56,0.373105,63923.0,0.2573,2029-06-01
NK225E    ,OOP,202906,34250.0,            ,184064218,0000000.0000,0000000.0,1339.01,0.315479,194064218,0000000.0000,0000000.0,29860.99,0.371168,63923.0,0.2573,2029-06-01
NK225E    ,OOP,202906,34500.0,            ,184064518,0000000.0000,0000000.0,1365.14,0.314277,194064518,0000000.0000,0000000.0,29647.7,0.369229,63923.0,0.2573,2029-06-01
NK225E    ,OOP,202906,34750.0,            ,184064718,0000000.0000,0000000.0,1391.54,0.313057,194064718,0000000.0000,0000000.0,29434.68,0.367581,63923.0,0.2573,2029-06-01
NK225E    ,OOP,202906,35000.0,            ,134185018,0000000.0000,0000000.0,1418.24,0.31182,144185018,0000000.0000,0000000.0,29221.96,0.365638,63923.0,0.2573,2029-06-01
NK225E    ,OOP,202906,35250.0,            ,184065218,0000000.0000,0000000.0,1446.02,0.310565,194065218,0000000.0000,0000000.0,29010.3,0.363694,63923.0,0.2573,2029-06-01
NK225E    ,OOP,202906,35500.0,            ,184065518,0000000.0000,0000000.0,1474.11,0.309628,194065518,0000000.0000,0000000.0,28798.97,0.362032,63923.0,0.2573,2029-06-01
NK225E    ,OOP,202906,35750.0,            ,184065718,0000000.0000,0000000.0,1502.51,0.308336,194065718,0000000.0000,0000000.0,28587.94,0.360084,63923.0,0.2573,2029-06-01
NK225E    ,OOP,202906,36000.0,            ,134186018,0000000.0000,0000000.0,1531.21,0.307354,144186018,0000000.0000,0000000.0,28377.22,0.358412,63923.0,0.2573,2029-06-01
NK225E    ,OOP,202906,36250.0,            ,184066218,0000000.0000,0000000.0,1561.03,0.306029,194066218,0000000.0000,0000000.0,28167.62,0.356734,63923.0,0.2573,2029-06-01
NK225E    ,OOP,202906,36500.0,            ,184066518,0000000.0000,0000000.0,1591.2,0.305005,194066518,0000000.0000,0000000.0,27958.36,0.35505,63923.0,0.2573,2029-06-01
NK225E    ,OOP,202906,36750.0,            ,184066718,0000000.0000,0000000.0,1621.69,0.303959,194066718,0000000.0000,0000000.0,27749.43,0.353092,63923.0,0.2573,2029-06-01
NK225E    ,OOP,202906,37000.0,            ,134187018,0000000.0000,0000000.0,1652.53,0.302892,144187018,0000000.0000,0000000.0,27540.84,0.3514,63923.0,0.2573,2029-06-01
NK225E    ,OOP,202906,37250.0,            ,184067218,0000000.0000,0000000.0,1684.5,0.301804,194067218,0000000.0000,0000000.0,27333.38,0.349964,63923.0,0.2573,2029-06-01
NK225E    ,OOP,202906,37500.0,            ,184067518,0000000.0000,0000000.0,1716.84,0.300697,194067518,0000000.0000,0000000.0,27126.3,0.348258,63923.0,0.2573,2029-06-01
NK225E    ,OOP,202906,37750.0,            ,184067718,0000000.0000,0000000.0,1749.55,0.299571,194067718,0000000.0000,0000000.0,26919.59,0.346547,63923.0,0.2573,2029-06-01
NK225E    ,OOP,202906,38000.0,            ,134188018,0000000.0000,0000000.0,1782.62,0.298716,144188018,0000000.0000,0000000.0,26713.24,0.345085,63923.0,0.2573,2029-06-01
NK225E    ,OOP,202906,38250.0,            ,184068218,0000000.0000,0000000.0,1816.86,0.29755,194068218,0000000.0000,0000000.0,26508.05,0.343362,63923.0,0.2573,2029-06-01
NK225E    ,OOP,202906,38500.0,            ,184068518,0000000.0000,0000000.0,1851.51,0.296648,194068518,0000000.0000,0000000.0,26303.28,0.341883,63923.0,0.2573,2029-06-01
NK225E    ,OOP,202906,38750.0,            ,184068718,0000000.0000,0000000.0,1886.55,0.295445,194068718,0000000.0000,0000000.0,26098.89,0.340395,63923.0,0.2573,2029-06-01
NK225E    ,OOP,202906,39000.0,            ,134189018,0000000.0000,0000000.0,1921.99,0.294501,144189018,0000000.0000,0000000.0,25894.91,0.338897,63923.0,0.2573,2029-06-01
NK225E    ,OOP,202906,39250.0,            ,184069218,0000000.0000,0000000.0,1958.61,0.293534,194069218,0000000.0000,0000000.0,25692.1,0.33739,63923.0,0.2573,2029-06-01
NK225E    ,OOP,202906,39500.0,            ,184069518,0000000.0000,0000000.0,1995.67,0.292546,194069518,0000000.0000,0000000.0,25489.74,0.335874,63923.0,0.2573,2029-06-01
NK225E    ,OOP,202906,39750.0,            ,184069718,0000000.0000,0000000.0,2033.16,0.291537,194069718,0000000.0000,0000000.0,25287.79,0.33435,63923.0,0.2573,2029-06-01
NK225E    ,OOP,202906,40000.0,            ,134180018,0000000.0000,0000000.0,2071.06,0.290768,144180018,0000000.0000,0000000.0,25086.28,0.333052,63923.0,0.2573,2029-06-01
NK225E    ,OOP,202906,40250.0,            ,184060218,0000000.0000,0000000.0,2110.19,0.289715,194060218,0000000.0000,0000000.0,24885.98,0.331509,63923.0,0.2573,2029-06-01
NK225E    ,OOP,202906,40500.0,            ,184060518,0000000.0000,0000000.0,2149.78,0.288898,194060518,0000000.0000,0000000.0,24686.15,0.330188,63923.0,0.2573,2029-06-01
NK225E    ,OOP,202906,40750.0,            ,134180718,0000000.0000,0000000.0,2189.83,0.287805,144180718,0000000.0000,0000000.0,24486.77,0.328855,63923.0,0.2573,2029-06-01
NK225E    ,OOP,202906,41000.0,            ,134181018,0000000.0000,0000000.0,2230.33,0.286942,144181018,0000000.0000,0000000.0,24287.85,0.327509,63923.0,0.2573,2029-06-01
NK225E    ,OOP,202906,41250.0,            ,134181218,0000000.0000,0000000.0,2272.1,0.286056,144181218,0000000.0000,0000000.0,24090.19,0.326152,63923.0,0.2573,2029-06-01
NK225E    ,OOP,202906,41500.0,            ,134181518,0000000.0000,0000000.0,2314.35,0.285148,144181518,0000000.0000,0000000.0,23893.02,0.324784,63923.0,0.2573,2029-06-01
NK225E    ,OOP,202906,41750.0,            ,134181718,0000000.0000,0000000.0,2357.09,0.284217,144181718,0000000.0000,0000000.0,23696.33,0.323405,63923.0,0.2573,2029-06-01
NK225E    ,OOP,202906,42000.0,            ,134182018,0000000.0000,0000000.0,2400.31,0.283502,144182018,0000000.0000,0000000.0,23500.12,0.322231,63923.0,0.2573,2029-06-01
NK225E    ,OOP,202906,42250.0,            ,134182218,0000000.0000,0000000.0,2444.82,0.282527,144182218,0000000.0000,0000000.0,23305.21,0.320828,63923.0,0.2573,2029-06-01
NK225E    ,OOP,202906,42500.0,            ,184182518,0000000.0000,0000000.0,2489.84,0.281762,194182518,0000000.0000,0000000.0,23110.81,0.319627,63923.0,0.2573,2029-06-01
NK225E    ,OOP,202906,42750.0,            ,134182718,0000000.0000,0000000.0,2535.38,0.280746,144182718,0000000.0000,0000000.0,22916.92,0.318413,63923.0,0.2573,2029-06-01
NK225E    ,OOP,202906,43000.0,            ,134183018,0000000.0000,0000000.0,2581.45,0.279935,144183018,0000000.0000,0000000.0,22723.57,0.317184,63923.0,0.2573,2029-06-01
NK225E    ,OOP,202906,43250.0,            ,134183218,0000000.0000,0000000.0,2628.84,0.279101,144183218,0000000.0000,0000000.0,22531.53,0.315942,63923.0,0.2573,2029-06-01
NK225E    ,OOP,202906,43500.0,            ,134183518,0000000.0000,0000000.0,2676.78,0.278464,144183518,0000000.0000,0000000.0,22340.04,0.314687,63923.0,0.2573,2029-06-01
NK225E    ,OOP,202906,43750.0,            ,134183718,0000000.0000,0000000.0,2725.25,0.277583,144183718,0000000.0000,0000000.0,22149.09,0.313621,63923.0,0.2573,2029-06-01
NK225E    ,OOP,202906,44000.0,            ,134184018,0000000.0000,0000000.0,2774.27,0.27668,144184018,0000000.0000,0000000.0,21958.69,0.312339,63923.0,0.2573,2029-06-01
NK225E    ,OOP,202906,44250.0,            ,134184218,0000000.0000,0000000.0,2824.65,0.275969,144184218,0000000.0000,0000000.0,21769.64,0.311243,63923.0,0.2573,2029-06-01
NK225E    ,OOP,202906,44500.0,            ,134184518,0000000.0000,0000000.0,2875.61,0.275233,144184518,0000000.0000,0000000.0,21581.17,0.310131,63923.0,0.2573,2029-06-01
NK225E    ,OOP,202906,44750.0,            ,134184718,0000000.0000,0000000.0,2927.13,0.274473,144184718,0000000.0000,0000000.0,21393.27,0.309004,63923.0,0.2573,2029-06-01
NK225E    ,OOP,202906,45000.0,            ,184185018,0000000.0000,0000000.0,2979.25,0.273689,194185018,0000000.0000,0000000.0,21205.97,0.307862,63923.0,0.2573,2029-06-01
NK225E    ,OOP,202906,45250.0,            ,134185218,0000000.0000,0000000.0,3032.76,0.272883,144185218,0000000.0000,0000000.0,21020.05,0.306706,63923.0,0.2573,2029-06-01
NK225E    ,OOP,202906,45500.0,            ,134185518,0000000.0000,0000000.0,3086.88,0.272054,144185518,0000000.0000,0000000.0,20834.75,0.305725,63923.0,0.2573,2029-06-01
NK225E    ,OOP,202906,45750.0,            ,134185718,0000000.0000,0000000.0,3141.58,0.271402,144185718,0000000.0000,0000000.0,20650.02,0.304538,63923.0,0.2573,2029-06-01
NK225E    ,OOP,202906,46000.0,            ,184186018,0000000.0000,0000000.0,3196.92,0.270527,194186018,0000000.0000,0000000.0,20465.93,0.303525,63923.0,0.2573,2029-06-01
NK225E    ,OOP,202906,46250.0,            ,134186218,0000000.0000,0000000.0,3253.66,0.269827,144186218,0000000.0000,0000000.0,20283.25,0.302495,63923.0,0.2573,2029-06-01
NK225E    ,OOP,202906,46500.0,            ,134186518,0000000.0000,0000000.0,3311.06,0.269103,144186518,0000000.0000,0000000.0,20101.23,0.301448,63923.0,0.2573,2029-06-01
NK225E    ,OOP,202906,46750.0,            ,134186718,0000000.0000,0000000.0,3369.07,0.268355,144186718,0000000.0000,0000000.0,19919.81,0.300385,63923.0,0.2573,2029-06-01
NK225E    ,OOP,202906,47000.0,            ,184187018,0000000.0000,0000000.0,3427.74,0.267774,194187018,0000000.0000,0000000.0,19739.05,0.299487,63923.0,0.2573,2029-06-01
NK225E    ,OOP,202906,47250.0,            ,134187218,0000000.0000,0000000.0,3487.85,0.266979,144187218,0000000.0000,0000000.0,19559.74,0.298571,63923.0,0.2573,2029-06-01
NK225E    ,OOP,202906,47500.0,            ,134187518,0000000.0000,0000000.0,3548.65,0.266347,144187518,0000000.0000,0000000.0,19381.11,0.297459,63923.0,0.2573,2029-06-01
NK225E    ,OOP,202906,47750.0,            ,134187718,0000000.0000,0000000.0,3610.08,0.265691,144187718,0000000.0000,0000000.0,19203.12,0.296508,63923.0,0.2573,2029-06-01
NK225E    ,OOP,202906,48000.0,            ,184188018,0000000.0000,0000000.0,3672.2,0.26501,194188018,0000000.0000,0000000.0,19025.81,0.29554,63923.0,0.2573,2029-06-01
NK225E    ,OOP,202906,48250.0,            ,134188218,0000000.0000,0000000.0,3735.82,0.264305,144188218,0000000.0000,0000000.0,18850.01,0.294729,63923.0,0.2573,2029-06-01
NK225E    ,OOP,202906,48500.0,            ,134188518,0000000.0000,0000000.0,3800.13,0.263578,144188518,0000000.0000,0000000.0,18674.9,0.293725,63923.0,0.2573,2029-06-01
NK225E    ,OOP,202906,48750.0,            ,134188718,0000000.0000,0000000.0,3865.13,0.263004,144188718,0000000.0000,0000000.0,18500.47,0.292876,63923.0,0.2573,2029-06-01
NK225E    ,OOP,202906,49000.0,            ,184189018,0000000.0000,0000000.0,3930.82,0.26223,194189018,0000000.0000,0000000.0,18326.73,0.291839,63923.0,0.2573,2029-06-01
NK225E    ,OOP,202906,49250.0,            ,134189218,0000000.0000,0000000.0,3998.07,0.261608,144189218,0000000.0000,0000000.0,18154.56,0.291122,63923.0,0.2573,2029-06-01
NK225E    ,OOP,202906,49500.0,            ,134189518,0000000.0000,0000000.0,4066.03,0.260961,144189518,0000000.0000,0000000.0,17983.1,0.290217,63923.0,0.2573,2029-06-01
NK225E    ,OOP,202906,49750.0,            ,134189718,0000000.0000,0000000.0,4134.7,0.260291,144189718,0000000.0000,0000000.0,17812.35,0.289295,63923.0,0.2573,2029-06-01
NK225E    ,OOP,202906,50000.0,            ,184180018,0000000.0000,0000000.0,4204.1,0.259766,194180018,0000000.0000,0000000.0,17642.31,0.288519,63923.0,0.2573,2029-06-01
NK225E    ,OOP,202906,50250.0,            ,134180218,0000000.0000,0000000.0,4275.08,0.259048,144180218,0000000.0000,0000000.0,17473.87,0.287561,63923.0,0.2573,2029-06-01
NK225E    ,OOP,202906,50500.0,            ,134180518,0000000.0000,0000000.0,4346.79,0.258474,144180518,0000000.0000,0000000.0,17306.16,0.286747,63923.0,0.2573,2029-06-01
NK225E    ,OOP,202906,50750.0,            ,184180718,0000000.0000,0000000.0,4419.25,0.257875,194180718,0000000.0000,0000000.0,17139.19,0.285915,63923.0,0.2573,2029-06-01
NK225E    ,OOP,202906,51000.0,            ,184181018,0000000.0000,0000000.0,4492.45,0.257253,194181018,0000000.0000,0000000.0,16972.97,0.285064,63923.0,0.2573,2029-06-01
NK225E    ,OOP,202906,51250.0,            ,184181218,0000000.0000,0000000.0,4567.26,0.256769,194181218,0000000.0000,0000000.0,16808.35,0.284353,63923.0,0.2573,2029-06-01
NK225E    ,OOP,202906,51500.0,            ,184181518,0000000.0000,0000000.0,4642.86,0.256098,194181518,0000000.0000,0000000.0,16644.52,0.283622,63923.0,0.2573,2029-06-01
NK225E    ,OOP,202906,51750.0,            ,184181718,0000000.0000,0000000.0,4719.19,0.255564,194181718,0000000.0000,0000000.0,16481.43,0.282871,63923.0,0.2573,2029-06-01
NK225E    ,OOP,202906,52000.0,            ,184182018,0000000.0000,0000000.0,4796.35,0.255006,194182018,0000000.0000,0000000.0,16319.17,0.2821,63923.0,0.2573,2029-06-01
NK225E    ,OOP,202906,52250.0,            ,184182218,0000000.0000,0000000.0,4875.14,0.254423,194182218,0000000.0000,0000000.0,16158.53,0.28131,63923.0,0.2573,2029-06-01
NK225E    ,OOP,202906,52500.0,            ,134302518,0000000.0000,0000000.0,4954.71,0.253816,144302518,0000000.0000,0000000.0,15998.68,0.280501,63923.0,0.2573,2029-06-01
NK225E    ,OOP,202906,52750.0,            ,184182718,0000000.0000,0000000.0,5035.1,0.253341,194182718,0000000.0000,0000000.0,15839.65,0.279826,63923.0,0.2573,2029-06-01
NK225E    ,OOP,202906,53000.0,            ,184183018,0000000.0000,0000000.0,5116.25,0.252841,194183018,0000000.0000,0000000.0,15681.37,0.27913,63923.0,0.2573,2029-06-01
NK225E    ,OOP,202906,53250.0,            ,184183218,0000000.0000,0000000.0,5199.14,0.252316,194183218,0000000.0000,0000000.0,15524.83,0.278415,63923.0,0.2573,2029-06-01
NK225E    ,OOP,202906,53500.0,            ,184183518,0000000.0000,0000000.0,5282.83,0.251767,194183518,0000000.0000,0000000.0,15369.09,0.277679,63923.0,0.2573,2029-06-01
NK225E    ,OOP,202906,53750.0,            ,184183718,0000000.0000,0000000.0,5367.26,0.251193,194183718,0000000.0000,0000000.0,15214.1,0.276924,63923.0,0.2573,2029-06-01
NK225E    ,OOP,202906,54000.0,            ,184184018,0000000.0000,0000000.0,5452.59,0.250747,194184018,0000000.0000,0000000.0,15060.01,0.276297,63923.0,0.2573,2029-06-01
NK225E    ,OOP,202906,54250.0,            ,184184218,0000000.0000,0000000.0,5539.62,0.250126,194184218,0000000.0000,0000000.0,14907.61,0.27565,63923.0,0.2573,2029-06-01
NK225E    ,OOP,202906,54500.0,            ,184184518,0000000.0000,0000000.0,5627.5,0.24963,194184518,0000000.0000,0000000.0,14756.07,0.274983,63923.0,0.2573,2029-06-01
NK225E    ,OOP,202906,54750.0,            ,184184718,0000000.0000,0000000.0,5716.17,0.24911,194184718,0000000.0000,0000000.0,14605.31,0.274295,63923.0,0.2573,2029-06-01
NK225E    ,OOP,202906,55000.0,            ,134305018,0000000.0000,0000000.0,5805.7,0.248713,144305018,0000000.0000,0000000.0,14455.42,0.273732,63923.0,0.2573,2029-06-01
NK225E    ,OOP,202906,55250.0,            ,184185218,0000000.0000,0000000.0,5896.99,0.248145,194185218,0000000.0000,0000000.0,14307.29,0.273148,63923.0,0.2573,2029-06-01
NK225E    ,OOP,202906,55500.0,            ,184185518,0000000.0000,0000000.0,5989.16,0.247698,194185518,0000000.0000,0000000.0,14160.03,0.2724,63923.0,0.2573,2029-06-01
NK225E    ,OOP,202906,55750.0,            ,184185718,0000000.0000,0000000.0,6082.13,0.247226,194185718,0000000.0000,0000000.0,14013.57,0.271917,63923.0,0.2573,2029-06-01
NK225E    ,OOP,202906,56000.0,            ,134306018,0000000.0000,0000000.0,6175.98,0.24673,144306018,0000000.0000,0000000.0,13868.0,0.271271,63923.0,0.2573,2029-06-01
NK225E    ,OOP,202906,56250.0,            ,184186218,0000000.0000,0000000.0,6271.59,0.246353,194186218,0000000.0000,0000000.0,13724.19,0.270605,63923.0,0.2573,2029-06-01
NK225E    ,OOP,202906,56500.0,            ,184186518,0000000.0000,0000000.0,6368.13,0.24595,194186518,0000000.0000,0000000.0,13581.3,0.270059,63923.0,0.2573,2029-06-01
NK225E    ,OOP,202906,56750.0,            ,184186718,0000000.0000,0000000.0,6465.49,0.245383,194186718,0000000.0000,0000000.0,13439.23,0.269493,63923.0,0.2573,2029-06-01
NK225E    ,OOP,202906,57000.0,            ,134307018,0000000.0000,0000000.0,6563.67,0.244932,144307018,0000000.0000,0000000.0,13297.98,0.268905,63923.0,0.2573,2029-06-01
NK225E    ,OOP,202906,57250.0,            ,184187218,0000000.0000,0000000.0,6663.74,0.244597,194187218,0000000.0000,0000000.0,13158.64,0.268436,63923.0,0.2573,2029-06-01
NK225E    ,OOP,202906,57500.0,            ,184187518,0000000.0000,0000000.0,6764.69,0.244098,194187518,0000000.0000,0000000.0,13020.16,0.267807,63923.0,0.2573,2029-06-01
NK225E    ,OOP,202906,57750.0,            ,184187718,0000000.0000,0000000.0,6866.47,0.243713,194187718,0000000.0000,0000000.0,12882.51,0.267295,63923.0,0.2573,2029-06-01
NK225E    ,OOP,202906,58000.0,            ,134308018,0000000.0000,0000000.0,6969.19,0.243304,144308018,0000000.0000,0000000.0,12745.8,0.266762,63923.0,0.2573,2029-06-01
NK225E    ,OOP,202906,58250.0,            ,184188218,0000000.0000,0000000.0,7073.73,0.242871,194188218,0000000.0000,0000000.0,12610.92,0.266344,63923.0,0.2573,2029-06-01
NK225E    ,OOP,202906,58500.0,            ,184188518,0000000.0000,0000000.0,7179.15,0.24255,194188518,0000000.0000,0000000.0,12476.92,0.265769,63923.0,0.2573,2029-06-01
NK225E    ,OOP,202906,58750.0,            ,184188718,0000000.0000,0000000.0,7285.44,0.242069,194188718,0000000.0000,0000000.0,12343.79,0.265309,63923.0,0.2573,2029-06-01
NK225E    ,OOP,202906,59000.0,            ,134309018,0000000.0000,0000000.0,7392.61,0.2417,144309018,0000000.0000,0000000.0,12211.53,0.264828,63923.0,0.2573,2029-06-01
NK225E    ,OOP,202906,59250.0,            ,184189218,0000000.0000,0000000.0,7501.67,0.241307,194189218,0000000.0000,0000000.0,12081.16,0.264325,63923.0,0.2573,2029-06-01
NK225E    ,OOP,202906,59500.0,            ,184189518,0000000.0000,0000000.0,7611.64,0.241023,194189518,0000000.0000,0000000.0,11951.71,0.263935,63923.0,0.2573,2029-06-01
NK225E    ,OOP,202906,59750.0,            ,184189718,0000000.0000,0000000.0,7722.47,0.240582,194189718,0000000.0000,0000000.0,11823.11,0.263391,63923.0,0.2573,2029-06-01
NK225E    ,OOP,202906,60000.0,            ,134300018,0000000.0000,0000000.0,7834.21,0.24025,144300018,0000000.0000,0000000.0,11695.43,0.262959,63923.0,0.2573,2029-06-01
NK225E    ,OOP,202906,60250.0,            ,184180218,0000000.0000,0000000.0,7947.82,0.239894,194180218,0000000.0000,0000000.0,11569.61,0.262506,63923.0,0.2573,2029-06-01
NK225E    ,OOP,202906,60500.0,            ,184180518,0000000.0000,0000000.0,8062.35,0.239515,194180518,0000000.0000,0000000.0,11444.72,0.262163,63923.0,0.2573,2029-06-01
NK225E    ,OOP,202906,60750.0,            ,134300718,0000000.0000,0000000.0,8177.73,0.239243,144300718,0000000.0000,0000000.0,11320.68,0.261668,63923.0,0.2573,2029-06-01
NK225E    ,OOP,202906,61000.0,            ,134301018,0000000.0000,0000000.0,8294.04,0.238817,144301018,0000000.0000,0000000.0,11197.56,0.261283,63923.0,0.2573,2029-06-01
NK225E    ,OOP,202906,61250.0,            ,134301218,0000000.0000,0000000.0,8412.23,0.238498,144301218,0000000.0000,0000000.0,11076.32,0.260877,63923.0,0.2573,2029-06-01
NK225E    ,OOP,202906,61500.0,            ,134301518,0000000.0000,0000000.0,8531.34,0.238155,144301518,0000000.0000,0000000.0,10956.01,0.26045,63923.0,0.2573,2029-06-01
NK225E    ,OOP,202906,61750.0,            ,134301718,0000000.0000,0000000.0,8651.35,0.237918,144301718,0000000.0000,0000000.0,10836.59,0.260132,63923.0,0.2573,2029-06-01
NK225E    ,OOP,202906,62000.0,            ,134302018,0000000.0000,0000000.0,8772.24,0.237529,144302018,0000000.0000,0000000.0,10718.06,0.259663,63923.0,0.2573,2029-06-01
NK225E    ,OOP,202906,62250.0,            ,134302218,0000000.0000,0000000.0,8895.02,0.237245,144302218,0000000.0000,0000000.0,10601.42,0.259303,63923.0,0.2573,2029-06-01
NK225E    ,OOP,202906,62500.0,            ,134182518,0000000.0000,0000000.0,9018.69,0.236938,144182518,0000000.0000,0000000.0,10485.66,0.259051,63923.0,0.2573,2029-06-01
NK225E    ,OOP,202906,62750.0,            ,134302718,0000000.0000,0000000.0,9143.25,0.236608,144302718,0000000.0000,0000000.0,10370.79,0.258649,63923.0,0.2573,2029-06-01
NK225E    ,OOP,202906,63000.0,            ,134303018,0000000.0000,0000000.0,9268.73,0.236382,144303018,0000000.0000,0000000.0,10256.85,0.258354,63923.0,0.2573,2029-06-01
NK225E    ,OOP,202906,63250.0,            ,134303218,0000000.0000,0000000.0,9396.11,0.236133,144303218,0000000.0000,0000000.0,10144.8,0.257911,63923.0,0.2573,2029-06-01
NK225E    ,OOP,202906,63500.0,            ,134303518,0000000.0000,0000000.0,9524.37,0.235861,144303518,0000000.0000,0000000.0,10033.64,0.257702,63923.0,0.2573,2029-06-01
NK225E    ,OOP,202906,63750.0,            ,134303718,0000000.0000,0000000.0,9653.51,0.235566,144303718,0000000.0000,0000000.0,9923.36,0.257345,63923.0,0.2573,2029-06-01
NK225E    ,OOP,202906,64000.0,            ,134304018,0000000.0000,0000000.0,9783.53,0.235248,144304018,0000000.0000,0000000.0,9813.95,0.256968,63923.0,0.2573,2029-06-01
NK225E    ,OOP,202906,64250.0,            ,134304218,0000000.0000,0000000.0,9915.46,0.235034,144304218,0000000.0000,0000000.0,9706.45,0.256697,63923.0,0.2573,2029-06-01
NK225E    ,OOP,202906,64500.0,            ,134304518,0000000.0000,0000000.0,10048.26,0.234797,144304518,0000000.0000,0000000.0,9599.83,0.256405,63923.0,0.2573,2029-06-01
NK225E    ,OOP,202906,64750.0,            ,134304718,0000000.0000,0000000.0,10181.93,0.234538,144304718,0000000.0000,0000000.0,9494.07,0.256093,63923.0,0.2573,2029-06-01
NK225E    ,OOP,202906,65000.0,            ,184305018,0000000.0000,0000000.0,10316.47,0.234256,194305018,0000000.0000,0000000.0,9389.19,0.255887,63923.0,0.2573,2029-06-01
NK225E    ,OOP,202906,65250.0,            ,134305218,0000000.0000,0000000.0,10452.87,0.234077,144305218,0000000.0000,0000000.0,9286.16,0.255534,63923.0,0.2573,2029-06-01
NK225E    ,OOP,202906,65500.0,            ,134305518,0000000.0000,0000000.0,10590.17,0.233876,144305518,0000000.0000,0000000.0,9184.04,0.255287,63923.0,0.2573,2029-06-01
NK225E    ,OOP,202906,65750.0,            ,134305718,0000000.0000,0000000.0,10728.34,0.233652,144305718,0000000.0000,0000000.0,9082.79,0.25502,63923.0,0.2573,2029-06-01
NK225E    ,OOP,202906,66000.0,            ,184306018,0000000.0000,0000000.0,10867.37,0.233406,194306018,0000000.0000,0000000.0,8982.39,0.254857,63923.0,0.2573,2029-06-01
NK225E    ,OOP,202906,66250.0,            ,134306218,0000000.0000,0000000.0,11008.25,0.233138,144306218,0000000.0000,0000000.0,8883.84,0.25455,63923.0,0.2573,2029-06-01
NK225E    ,OOP,202906,66500.0,            ,134306518,0000000.0000,0000000.0,11149.98,0.232973,144306518,0000000.0000,0000000.0,8786.15,0.254347,63923.0,0.2573,2029-06-01
NK225E    ,OOP,202906,66750.0,            ,134306718,0000000.0000,0000000.0,11292.56,0.232786,144306718,0000000.0000,0000000.0,8689.31,0.254125,63923.0,0.2573,2029-06-01
NK225E    ,OOP,202906,67000.0,            ,184307018,0000000.0000,0000000.0,11435.99,0.232577,194307018,0000000.0000,0000000.0,8593.31,0.253883,63923.0,0.2573,2029-06-01
NK225E    ,OOP,202906,67250.0,            ,134307218,0000000.0000,0000000.0,11581.22,0.232346,144307218,0000000.0000,0000000.0,8499.11,0.253745,63923.0,0.2573,2029-06-01
NK225E    ,OOP,202906,67500.0,            ,134307518,0000000.0000,0000000.0,11727.28,0.232218,144307518,0000000.0000,0000000.0,8405.75,0.253588,63923.0,0.2573,2029-06-01
NK225E    ,OOP,202906,67750.0,            ,134307718,0000000.0000,0000000.0,11874.18,0.232068,144307718,0000000.0000,0000000.0,8313.23,0.253287,63923.0,0.2573,2029-06-01
NK225E    ,OOP,202906,68000.0,            ,184308018,0000000.0000,0000000.0,12021.95,0.231773,194308018,0000000.0000,0000000.0,8221.57,0.25309,63923.0,0.2573,2029-06-01
NK225E    ,OOP,202906,68250.0,            ,134308218,0000000.0000,0000000.0,12171.46,0.231705,144308218,0000000.0000,0000000.0,8131.66,0.252999,63923.0,0.2573,2029-06-01
NK225E    ,OOP,202906,68500.0,            ,134308518,0000000.0000,0000000.0,12321.8,0.231491,144308518,0000000.0000,0000000.0,8042.57,0.252764,63923.0,0.2573,2029-06-01
NK225E    ,OOP,202906,68750.0,            ,134308718,0000000.0000,0000000.0,12472.95,0.231381,144308718,0000000.0000,0000000.0,7954.29,0.252634,63923.0,0.2573,2029-06-01
NK225E    ,OOP,202906,69000.0,            ,184309018,0000000.0000,0000000.0,12624.95,0.231249,194309018,0000000.0000,0000000.0,7866.87,0.252485,63923.0,0.2573,2029-06-01
NK225E    ,OOP,202906,69250.0,            ,134309218,0000000.0000,0000000.0,12778.64,0.231097,144309218,0000000.0000,0000000.0,7781.13,0.252316,63923.0,0.2573,2029-06-01
NK225E    ,OOP,202906,69500.0,            ,134309518,0000000.0000,0000000.0,12933.13,0.230923,144309518,0000000.0000,0000000.0,7696.2,0.252253,63923.0,0.2573,2029-06-01
NK225E    ,OOP,202906,69750.0,            ,134309718,0000000.0000,0000000.0,13088.42,0.23073,144309718,0000000.0000,0000000.0,7612.06,0.252047,63923.0,0.2573,2029-06-01
NK225E    ,OOP,202906,70000.0,            ,184300018,0000000.0000,0000000.0,13244.49,0.230639,194300018,0000000.0000,0000000.0,7528.71,0.251946,63923.0,0.2573,2029-06-01
NK225E    ,OOP,202906,70250.0,            ,134300218,0000000.0000,0000000.0,13402.2,0.230528,144300218,0000000.0000,0000000.0,7446.99,0.251827,63923.0,0.2573,2029-06-01
NK225E    ,OOP,202906,70500.0,            ,134300518,0000000.0000,0000000.0,13560.72,0.230397,144300518,0000000.0000,0000000.0,7366.09,0.251689,63923.0,0.2573,2029-06-01
NK225E    ,OOP,202906,70750.0,            ,184300718,0000000.0000,0000000.0,13720.02,0.230246,194300718,0000000.0000,0000000.0,7285.96,0.251533,63923.0,0.2573,2029-06-01
NK225E    ,OOP,202906,71000.0,            ,184301018,0000000.0000,0000000.0,13880.08,0.230199,194301018,0000000.0000,0000000.0,7206.61,0.251482,63923.0,0.2573,2029-06-01
NK225E    ,OOP,202906,71250.0,            ,184301218,0000000.0000,0000000.0,14041.72,0.230007,194301218,0000000.0000,0000000.0,7128.81,0.251414,63923.0,0.2573,2029-06-01
NK225E    ,OOP,202906,71500.0,            ,184301518,0000000.0000,0000000.0,14204.11,0.22992,194301518,0000000.0000,0000000.0,7051.78,0.251327,63923.0,0.2573,2029-06-01
NK225E    ,OOP,202906,71750.0,            ,184301718,0000000.0000,0000000.0,14367.24,0.229814,194301718,0000000.0000,0000000.0,6975.49,0.251222,63923.0,0.2573,2029-06-01
NK225E    ,OOP,202906,72000.0,            ,184302018,0000000.0000,0000000.0,14531.13,0.229688,194302018,0000000.0000,0000000.0,6899.95,0.251099,63923.0,0.2573,2029-06-01
NK225E    ,OOP,202906,72250.0,            ,184302218,0000000.0000,0000000.0,14696.51,0.229667,194302218,0000000.0000,0000000.0,6825.91,0.251083,63923.0,0.2573,2029-06-01
NK225E    ,OOP,202906,72500.0,            ,184302518,0000000.0000,0000000.0,14862.63,0.229502,194302518,0000000.0000,0000000.0,6752.6,0.25105,63923.0,0.2573,2029-06-01
NK225E    ,OOP,202906,72750.0,            ,184302718,0000000.0000,0000000.0,15029.47,0.229442,194302718,0000000.0000,0000000.0,6680.02,0.250874,63923.0,0.2573,2029-06-01
NK225E    ,OOP,202906,73000.0,            ,184303018,0000000.0000,0000000.0,15197.08,0.229364,194303018,0000000.0000,0000000.0,6608.2,0.250806,63923.0,0.2573,2029-06-01
NK225E    ,OOP,202906,73250.0,            ,184303218,0000000.0000,0000000.0,15366.07,0.229266,194303218,0000000.0000,0000000.0,6537.77,0.250844,63923.0,0.2573,2029-06-01
NK225E    ,OOP,202906,73500.0,            ,184303518,0000000.0000,0000000.0,15535.78,0.229276,194303518,0000000.0000,0000000.0,6468.05,0.250742,63923.0,0.2573,2029-06-01
NK225E    ,OOP,202906,73750.0,            ,184303718,0000000.0000,0000000.0,15706.18,0.229141,194303718,0000000.0000,0000000.0,6399.03,0.250746,63923.0,0.2573,2029-06-01
NK225E    ,OOP,202906,74000.0,            ,184304018,0000000.0000,0000000.0,15877.29,0.229113,194304018,0000000.0000,0000000.0,6330.71,0.250734,63923.0,0.2573,2029-06-01
NK225E    ,OOP,202906,74250.0,            ,184304218,0000000.0000,0000000.0,16049.68,0.229066,194304218,0000000.0000,0000000.0,6263.67,0.250706,63923.0,0.2573,2029-06-01
NK225E    ,OOP,202906,74500.0,            ,184304518,0000000.0000,0000000.0,16222.75,0.229002,194304518,0000000.0000,0000000.0,6197.32,0.25066,63923.0,0.2573,2029-06-01
NK225E    ,OOP,202906,74750.0,            ,184304718,0000000.0000,0000000.0,16396.49,0.228919,194304718,0000000.0000,0000000.0,6131.64,0.250598,63923.0,0.2573,2029-06-01
NK225E    ,OOP,202906,75000.0,            ,134425018,0000000.0000,0000000.0,16570.95,0.228818,144425018,0000000.0000,0000000.0,6066.67,0.250645,63923.0,0.2573,2029-06-01
NK225E    ,OOP,202906,75250.0,            ,184305218,0000000.0000,0000000.0,16746.59,0.228826,194305218,0000000.0000,0000000.0,6002.88,0.25055,63923.0,0.2573,2029-06-01
NK225E    ,OOP,202906,75500.0,            ,184305518,0000000.0000,0000000.0,16922.88,0.228816,194305518,0000000.0000,0000000.0,5939.75,0.250565,63923.0,0.2573,2029-06-01
NK225E    ,OOP,202906,75750.0,            ,184305718,0000000.0000,0000000.0,17099.82,0.22866,194305718,0000000.0000,0000000.0,5877.27,0.250564,63923.0,0.2573,2029-06-01
NK225E    ,OOP,202906,76000.0,            ,134426018,0000000.0000,0000000.0,17277.45,0.228615,144426018,0000000.0000,0000000.0,5815.47,0.250547,63923.0,0.2573,2029-06-01
NK225E    ,OOP,202906,76250.0,            ,184306218,0000000.0000,0000000.0,17456.54,0.228681,194306218,0000000.0000,0000000.0,5755.14,0.25064,63923.0,0.2573,2029-06-01
NK225E    ,OOP,202906,77500.0,            ,184307518,0000000.0000,0000000.0,18361.34,0.228494,194307518,0000000.0000,0000000.0,5462.81,0.250621,63923.0,0.2573,2029-06-01
NK225E    ,OOP,202906,80000.0,            ,134420018,0000000.0000,0000000.0,20215.32,0.228175,144420018,0000000.0000,0000000.0,4922.55,0.250869,63923.0,0.2573,2029-06-01
NK225E    ,OOP,202906,85000.0,            ,184425018,0000000.0000,0000000.0,24075.92,0.227027,194425018,0000000.0000,0000000.0,3994.65,0.25129,63923.0,0.2573,2029-06-01
NK225E    ,OOP,202906,90000.0,            ,184420018,0000000.0000,0000000.0,28043.21,0.222978,194420018,0000000.0000,0000000.0,3173.44,0.249751,63923.0,0.2573,2029-06-01
NK225E    ,OOP,202912,15000.0,            ,184125018,0000000.0000,0000000.0,57.18,0.341264,194125018,0000000.0000,0000000.0,46725.87,0.606551,63923.0,0.2573,2029-12-01
NK225E    ,OOP,202912,16000.0,            ,184126018,0000000.0000,0000000.0,80.03,0.340933,194126018,0000000.0000,0000000.0,45798.84,0.582777,63923.0,0.2573,2029-12-01
NK225E    ,OOP,202912,17000.0,            ,184127018,0000000.0000,0000000.0,108.85,0.340867,194127018,0000000.0000,0000000.0,44877.79,0.561846,63923.0,0.2573,2029-12-01
NK225E    ,OOP,202912,18000.0,            ,184128018,0000000.0000,0000000.0,144.42,0.340635,194128018,0000000.0000,0000000.0,43963.48,0.542231,63923.0,0.2573,2029-12-01
NK225E    ,OOP,202912,19000.0,            ,184129018,0000000.0000,0000000.0,187.5,0.34072,194129018,0000000.0000,0000000.0,43056.68,0.524839,63923.0,0.2573,2029-12-01
NK225E    ,OOP,202912,20000.0,            ,184120018,0000000.0000,0000000.0,238.83,0.34052,194120018,0000000.0000,0000000.0,42158.13,0.509374,63923.0,0.2573,2029-12-01
NK225E    ,OOP,202912,20750.0,            ,184120718,0000000.0000,0000000.0,283.16,0.340487,194120718,0000000.0000,0000000.0,41490.05,0.498732,63923.0,0.2573,2029-12-01
NK225E    ,OOP,202912,21000.0,            ,184121018,0000000.0000,0000000.0,299.1,0.340448,194121018,0000000.0000,0000000.0,41268.53,0.495098,63923.0,0.2573,2029-12-01
NK225E    ,OOP,202912,21250.0,            ,184121218,0000000.0000,0000000.0,315.64,0.340289,194121218,0000000.0000,0000000.0,41047.6,0.491979,63923.0,0.2573,2029-12-01
NK225E    ,OOP,202912,21500.0,            ,184121518,0000000.0000,0000000.0,332.8,0.341031,194121518,0000000.0000,0000000.0,40827.29,0.488886,63923.0,0.2573,2029-12-01
NK225E    ,OOP,202912,21750.0,            ,184121718,0000000.0000,0000000.0,350.57,0.34063,194121718,0000000.0000,0000000.0,40607.59,0.485819,63923.0,0.2573,2029-12-01
NK225E    ,OOP,202912,22000.0,            ,184122018,0000000.0000,0000000.0,368.98,0.340142,194122018,0000000.0000,0000000.0,40388.53,0.482777,63923.0,0.2573,2029-12-01
NK225E    ,OOP,202912,22250.0,            ,184122218,0000000.0000,0000000.0,388.02,0.340479,194122218,0000000.0000,0000000.0,40170.1,0.479759,63923.0,0.2573,2029-12-01
NK225E    ,OOP,202912,22500.0,            ,184122518,0000000.0000,0000000.0,407.71,0.34068,194122518,0000000.0000,0000000.0,39952.32,0.476764,63923.0,0.2573,2029-12-01
NK225E    ,OOP,202912,22750.0,            ,184122718,0000000.0000,0000000.0,428.06,0.34076,194122718,0000000.0000,0000000.0,39735.2,0.473793,63923.0,0.2573,2029-12-01
NK225E    ,OOP,202912,23000.0,            ,184123018,0000000.0000,0000000.0,449.08,0.340729,194123018,0000000.0000,0000000.0,39518.75,0.471277,63923.0,0.2573,2029-12-01
NK225E    ,OOP,202912,23250.0,            ,184123218,0000000.0000,0000000.0,470.76,0.340597,194123218,0000000.0000,0000000.0,39302.97,0.468345,63923.0,0.2573,2029-12-01
NK225E    ,OOP,202912,23500.0,            ,134123518,0000000.0000,0000000.0,493.14,0.340372,144123518,0000000.0000,0000000.0,39087.87,0.465856,63923.0,0.2573,2029-12-01
NK225E    ,OOP,202912,23750.0,            ,134123718,0000000.0000,0000000.0,516.2,0.340063,144123718,0000000.0000,0000000.0,38873.47,0.463378,63923.0,0.2573,2029-12-01
NK225E    ,OOP,202912,24000.0,            ,134124018,0000000.0000,0000000.0,539.96,0.340383,144124018,0000000.0000,0000000.0,38659.76,0.460909,63923.0,0.2573,2029-12-01
NK225E    ,OOP,202912,24250.0,            ,134124218,0000000.0000,0000000.0,564.43,0.339903,144124218,0000000.0000,0000000.0,38446.76,0.458451,63923.0,0.2573,2029-12-01
NK225E    ,OOP,202912,24500.0,            ,134124518,0000000.0000,0000000.0,589.62,0.340024,144124518,0000000.0000,0000000.0,38234.48,0.456003,63923.0,0.2573,2029-12-01
NK225E    ,OOP,202912,24750.0,            ,134124718,0000000.0000,0000000.0,615.53,0.340045,144124718,0000000.0000,0000000.0,38022.91,0.453958,63923.0,0.2573,2029-12-01
NK225E    ,OOP,202912,25000.0,            ,134125018,0000000.0000,0000000.0,642.16,0.339976,144125018,0000000.0000,0000000.0,37812.08,0.451525,63923.0,0.2573,2029-12-01
NK225E    ,OOP,202912,25250.0,            ,134125218,0000000.0000,0000000.0,669.54,0.339823,144125218,0000000.0000,0000000.0,37601.98,0.449484,63923.0,0.2573,2029-12-01
NK225E    ,OOP,202912,25500.0,            ,134125518,0000000.0000,0000000.0,697.65,0.340182,144125518,0000000.0000,0000000.0,37392.63,0.447443,63923.0,0.2573,2029-12-01
NK225E    ,OOP,202912,25750.0,            ,134125718,0000000.0000,0000000.0,726.52,0.339864,144125718,0000000.0000,0000000.0,37184.03,0.445403,63923.0,0.2573,2029-12-01
NK225E    ,OOP,202912,26000.0,            ,134126018,0000000.0000,0000000.0,756.14,0.340036,144126018,0000000.0000,0000000.0,36976.18,0.443362,63923.0,0.2573,2029-12-01
NK225E    ,OOP,202912,26250.0,            ,134126218,0000000.0000,0000000.0,786.53,0.340118,144126218,0000000.0000,0000000.0,36769.1,0.441322,63923.0,0.2573,2029-12-01
NK225E    ,OOP,202912,26500.0,            ,134126518,0000000.0000,0000000.0,817.68,0.340116,144126518,0000000.0000,0000000.0,36562.79,0.43964,63923.0,0.2573,2029-12-01
NK225E    ,OOP,202912,26750.0,            ,134126718,0000000.0000,0000000.0,849.61,0.340035,144126718,0000000.0000,0000000.0,36357.25,0.437597,63923.0,0.2573,2029-12-01
NK225E    ,OOP,202912,27000.0,            ,134127018,0000000.0000,0000000.0,882.32,0.339881,144127018,0000000.0000,0000000.0,36152.49,0.435903,63923.0,0.2573,2029-12-01
NK225E    ,OOP,202912,27250.0,            ,134127218,0000000.0000,0000000.0,900.32,0.338189,144127218,0000000.0000,0000000.0,35933.01,0.433169,63923.0,0.2573,2029-12-01
NK225E    ,OOP,202912,27500.0,            ,134127518,0000000.0000,0000000.0,918.44,0.336975,144127518,0000000.0000,0000000.0,35713.66,0.430451,63923.0,0.2573,2029-12-01
NK225E    ,OOP,202912,27750.0,            ,134127718,0000000.0000,0000000.0,936.7,0.335265,144127718,0000000.0000,0000000.0,35494.45,0.427751,63923.0,0.2573,2029-12-01
NK225E    ,OOP,202912,28000.0,            ,134128018,0000000.0000,0000000.0,955.1,0.33355,144128018,0000000.0000,0000000.0,35275.38,0.425068,63923.0,0.2573,2029-12-01
NK225E    ,OOP,202912,28250.0,            ,134128218,0000000.0000,0000000.0,974.53,0.332292,144128218,0000000.0000,0000000.0,35057.35,0.422401,63923.0,0.2573,2029-12-01
NK225E    ,OOP,202912,28500.0,            ,134128518,0000000.0000,0000000.0,994.13,0.331015,144128518,0000000.0000,0000000.0,34839.48,0.41975,63923.0,0.2573,2029-12-01
NK225E    ,OOP,202912,28750.0,            ,134128718,0000000.0000,0000000.0,1013.9,0.32972,144128718,0000000.0000,0000000.0,34621.77,0.417114,63923.0,0.2573,2029-12-01
NK225E    ,OOP,202912,29000.0,            ,134129018,0000000.0000,0000000.0,1033.82,0.327972,144129018,0000000.0000,0000000.0,34404.22,0.414814,63923.0,0.2573,2029-12-01
NK225E    ,OOP,202912,29250.0,            ,134129218,0000000.0000,0000000.0,1054.8,0.326652,144129218,0000000.0000,0000000.0,34187.74,0.412206,63923.0,0.2573,2029-12-01
NK225E    ,OOP,202912,29500.0,            ,134129518,0000000.0000,0000000.0,1075.98,0.325317,144129518,0000000.0000,0000000.0,33971.45,0.409613,63923.0,0.2573,2029-12-01
NK225E    ,OOP,202912,29750.0,            ,134129718,0000000.0000,0000000.0,1097.34,0.323967,144129718,0000000.0000,0000000.0,33755.34,0.407344,63923.0,0.2573,2029-12-01
NK225E    ,OOP,202912,30000.0,            ,134120018,0000000.0000,0000000.0,1118.89,0.322604,144120018,0000000.0000,0000000.0,33539.43,0.405084,63923.0,0.2573,2029-12-01
NK225E    ,OOP,202912,30250.0,            ,134120218,0000000.0000,0000000.0,1141.53,0.321227,144120218,0000000.0000,0000000.0,33324.59,0.402527,63923.0,0.2573,2029-12-01
NK225E    ,OOP,202912,30500.0,            ,134120518,0000000.0000,0000000.0,1164.4,0.320235,144120518,0000000.0000,0000000.0,33109.99,0.400285,63923.0,0.2573,2029-12-01
NK225E    ,OOP,202912,30750.0,            ,134120718,0000000.0000,0000000.0,1187.46,0.318828,144120718,0000000.0000,0000000.0,32895.58,0.39805,63923.0,0.2573,2029-12-01
NK225E    ,OOP,202912,31000.0,            ,134121018,0000000.0000,0000000.0,1210.75,0.317411,144121018,0000000.0000,0000000.0,32681.4,0.395822,63923.0,0.2573,2029-12-01
NK225E    ,OOP,202912,31250.0,            ,134121218,0000000.0000,0000000.0,1235.14,0.31636,144121218,0000000.0000,0000000.0,32468.33,0.393602,63923.0,0.2573,2029-12-01
NK225E    ,OOP,202912,31500.0,            ,134121518,0000000.0000,0000000.0,1259.78,0.315289,144121518,0000000.0000,0000000.0,32255.49,0.391389,63923.0,0.2573,2029-12-01
NK225E    ,OOP,202912,31750.0,            ,134121718,0000000.0000,0000000.0,1284.66,0.313831,144121718,0000000.0000,0000000.0,32042.9,0.389182,63923.0,0.2573,2029-12-01
NK225E    ,OOP,202912,32000.0,            ,134122018,0000000.0000,0000000.0,1309.79,0.312724,144122018,0000000.0000,0000000.0,31830.56,0.386983,63923.0,0.2573,2029-12-01
NK225E    ,OOP,202912,32250.0,            ,134122218,0000000.0000,0000000.0,1336.04,0.311599,144122218,0000000.0000,0000000.0,31619.34,0.38507,63923.0,0.2573,2029-12-01
NK225E    ,OOP,202912,32500.0,            ,134122518,0000000.0000,0000000.0,1362.56,0.310455,144122518,0000000.0000,0000000.0,31408.39,0.382881,63923.0,0.2573,2029-12-01
NK225E    ,OOP,202912,32750.0,            ,134122718,0000000.0000,0000000.0,1389.34,0.309295,144122718,0000000.0000,0000000.0,31197.71,0.380973,63923.0,0.2573,2029-12-01
NK225E    ,OOP,202912,33000.0,            ,134123018,0000000.0000,0000000.0,1416.4,0.308117,144123018,0000000.0000,0000000.0,30987.3,0.379065,63923.0,0.2573,2029-12-01
NK225E    ,OOP,202912,33250.0,            ,134123218,0000000.0000,0000000.0,1444.6,0.306924,144123218,0000000.0000,0000000.0,30778.03,0.376891,63923.0,0.2573,2029-12-01
NK225E    ,OOP,202912,33500.0,            ,184123518,0000000.0000,0000000.0,1473.11,0.306044,194123518,0000000.0000,0000000.0,30569.07,0.374988,63923.0,0.2573,2029-12-01
NK225E    ,OOP,202912,33750.0,            ,184123718,0000000.0000,0000000.0,1501.92,0.304817,194123718,0000000.0000,0000000.0,30360.41,0.373086,63923.0,0.2573,2029-12-01
NK225E    ,OOP,202912,34000.0,            ,184124018,0000000.0000,0000000.0,1531.02,0.303894,194124018,0000000.0000,0000000.0,30152.04,0.371186,63923.0,0.2573,2029-12-01
NK225E    ,OOP,202912,34250.0,            ,184124218,0000000.0000,0000000.0,1561.28,0.302635,194124218,0000000.0000,0000000.0,29944.84,0.369286,63923.0,0.2573,2029-12-01
NK225E    ,OOP,202912,34500.0,            ,184124518,0000000.0000,0000000.0,1591.89,0.301673,194124518,0000000.0000,0000000.0,29737.97,0.367643,63923.0,0.2573,2029-12-01
NK225E    ,OOP,202912,34750.0,            ,184124718,0000000.0000,0000000.0,1622.8,0.30069,194124718,0000000.0000,0000000.0,29531.41,0.365743,63923.0,0.2573,2029-12-01
NK225E    ,OOP,202912,35000.0,            ,134245018,0000000.0000,0000000.0,1654.06,0.299687,144245018,0000000.0000,0000000.0,29325.2,0.363844,63923.0,0.2573,2029-12-01
NK225E    ,OOP,202912,35250.0,            ,184125218,0000000.0000,0000000.0,1686.48,0.298665,194125218,0000000.0000,0000000.0,29120.16,0.362194,63923.0,0.2573,2029-12-01
NK225E    ,OOP,202912,35500.0,            ,184125518,0000000.0000,0000000.0,1719.28,0.297625,194125518,0000000.0000,0000000.0,28915.48,0.36054,63923.0,0.2573,2029-12-01
NK225E    ,OOP,202912,35750.0,            ,184125718,0000000.0000,0000000.0,1752.41,0.296566,194125718,0000000.0000,0000000.0,28711.15,0.358641,63923.0,0.2573,2029-12-01
NK225E    ,OOP,202912,36000.0,            ,134246018,0000000.0000,0000000.0,1785.91,0.295775,144246018,0000000.0000,0000000.0,28507.18,0.356982,63923.0,0.2573,2029-12-01
NK225E    ,OOP,202912,36250.0,            ,184126218,0000000.0000,0000000.0,1820.59,0.294679,194126218,0000000.0000,0000000.0,28304.39,0.355321,63923.0,0.2573,2029-12-01
NK225E    ,OOP,202912,36500.0,            ,184126518,0000000.0000,0000000.0,1855.67,0.293844,194126518,0000000.0000,0000000.0,28102.0,0.353656,63923.0,0.2573,2029-12-01
NK225E    ,OOP,202912,36750.0,            ,184126718,0000000.0000,0000000.0,1891.12,0.292987,194126718,0000000.0000,0000000.0,27899.98,0.352221,63923.0,0.2573,2029-12-01
NK225E    ,OOP,202912,37000.0,            ,134247018,0000000.0000,0000000.0,1926.97,0.291838,144247018,0000000.0000,0000000.0,27698.36,0.350548,63923.0,0.2573,2029-12-01
NK225E    ,OOP,202912,37250.0,            ,184127218,0000000.0000,0000000.0,1964.02,0.290941,194127218,0000000.0000,0000000.0,27497.94,0.348872,63923.0,0.2573,2029-12-01
NK225E    ,OOP,202912,37500.0,            ,184127518,0000000.0000,0000000.0,2001.48,0.290024,194127518,0000000.0000,0000000.0,27297.93,0.34742,63923.0,0.2573,2029-12-01
NK225E    ,OOP,202912,37750.0,            ,184127718,0000000.0000,0000000.0,2039.34,0.289345,194127718,0000000.0000,0000000.0,27098.33,0.345961,63923.0,0.2573,2029-12-01
NK225E    ,OOP,202912,38000.0,            ,134248018,0000000.0000,0000000.0,2077.64,0.288386,144248018,0000000.0000,0000000.0,26899.16,0.344272,63923.0,0.2573,2029-12-01
NK225E    ,OOP,202912,38250.0,            ,184128218,0000000.0000,0000000.0,2117.14,0.287408,194128218,0000000.0000,0000000.0,26701.19,0.342802,63923.0,0.2573,2029-12-01
NK225E    ,OOP,202912,38500.0,            ,184128518,0000000.0000,0000000.0,2157.1,0.286661,194128518,0000000.0000,0000000.0,26503.68,0.341325,63923.0,0.2573,2029-12-01
NK225E    ,OOP,202912,38750.0,            ,184128718,0000000.0000,0000000.0,2197.5,0.285646,194128718,0000000.0000,0000000.0,26306.6,0.340057,63923.0,0.2573,2029-12-01
NK225E    ,OOP,202912,39000.0,            ,134249018,0000000.0000,0000000.0,2238.33,0.284857,144249018,0000000.0000,0000000.0,26109.96,0.338566,63923.0,0.2573,2029-12-01
NK225E    ,OOP,202912,39250.0,            ,184129218,0000000.0000,0000000.0,2280.39,0.284045,194129218,0000000.0000,0000000.0,25914.56,0.337068,63923.0,0.2573,2029-12-01
NK225E    ,OOP,202912,39500.0,            ,184129518,0000000.0000,0000000.0,2322.94,0.283212,194129518,0000000.0000,0000000.0,25719.63,0.335775,63923.0,0.2573,2029-12-01
NK225E    ,OOP,202912,39750.0,            ,184129718,0000000.0000,0000000.0,2365.95,0.282359,194129718,0000000.0000,0000000.0,25525.17,0.334264,63923.0,0.2573,2029-12-01
NK225E    ,OOP,202912,40000.0,            ,134240018,0000000.0000,0000000.0,2409.42,0.281716,144240018,0000000.0000,0000000.0,25331.18,0.332953,63923.0,0.2573,2029-12-01
NK225E    ,OOP,202912,40250.0,            ,184120218,0000000.0000,0000000.0,2454.15,0.280822,194120218,0000000.0000,0000000.0,25138.44,0.331634,63923.0,0.2573,2029-12-01
NK225E    ,OOP,202912,40500.0,            ,184120518,0000000.0000,0000000.0,2499.36,0.280133,194120518,0000000.0000,0000000.0,24946.18,0.330306,63923.0,0.2573,2029-12-01
NK225E    ,OOP,202912,40750.0,            ,134240718,0000000.0000,0000000.0,2545.07,0.279199,144240718,0000000.0000,0000000.0,24754.42,0.328969,63923.0,0.2573,2029-12-01
NK225E    ,OOP,202912,41000.0,            ,134241018,0000000.0000,0000000.0,2591.27,0.278467,144241018,0000000.0000,0000000.0,24563.15,0.327822,63923.0,0.2573,2029-12-01
NK225E    ,OOP,202912,41250.0,            ,134241218,0000000.0000,0000000.0,2638.73,0.277713,144241218,0000000.0000,0000000.0,24373.15,0.326466,63923.0,0.2573,2029-12-01
NK225E    ,OOP,202912,41500.0,            ,134241518,0000000.0000,0000000.0,2686.74,0.276937,144241518,0000000.0000,0000000.0,24183.68,0.325298,63923.0,0.2573,2029-12-01
NK225E    ,OOP,202912,41750.0,            ,134241718,0000000.0000,0000000.0,2735.24,0.276141,144241718,0000000.0000,0000000.0,23994.71,0.323925,63923.0,0.2573,2029-12-01
NK225E    ,OOP,202912,42000.0,            ,134242018,0000000.0000,0000000.0,2784.28,0.275325,144242018,0000000.0000,0000000.0,23806.28,0.322736,63923.0,0.2573,2029-12-01
NK225E    ,OOP,202912,42250.0,            ,134242218,0000000.0000,0000000.0,2834.58,0.274697,144242218,0000000.0000,0000000.0,23619.11,0.321536,63923.0,0.2573,2029-12-01
NK225E    ,OOP,202912,42500.0,            ,184242518,0000000.0000,0000000.0,2885.44,0.274045,194242518,0000000.0000,0000000.0,23432.51,0.320325,63923.0,0.2573,2029-12-01
NK225E    ,OOP,202912,42750.0,            ,134242718,0000000.0000,0000000.0,2936.85,0.273168,144242718,0000000.0000,0000000.0,23246.44,0.319291,63923.0,0.2573,2029-12-01
NK225E    ,OOP,202912,43000.0,            ,134243018,0000000.0000,0000000.0,2988.8,0.272473,144243018,0000000.0000,0000000.0,23060.92,0.318058,63923.0,0.2573,2029-12-01
NK225E    ,OOP,202912,43250.0,            ,134243218,0000000.0000,0000000.0,3042.04,0.271757,144243218,0000000.0000,0000000.0,22876.69,0.316999,63923.0,0.2573,2029-12-01
NK225E    ,OOP,202912,43500.0,            ,134243518,0000000.0000,0000000.0,3095.86,0.271215,144243518,0000000.0000,0000000.0,22693.05,0.315745,63923.0,0.2573,2029-12-01
NK225E    ,OOP,202912,43750.0,            ,134243718,0000000.0000,0000000.0,3150.24,0.270455,144243718,0000000.0000,0000000.0,22509.95,0.314662,63923.0,0.2573,2029-12-01
NK225E    ,OOP,202912,44000.0,            ,134244018,0000000.0000,0000000.0,3205.2,0.269676,144244018,0000000.0000,0000000.0,22327.45,0.313567,63923.0,0.2573,2029-12-01
NK225E    ,OOP,202912,44250.0,            ,134244218,0000000.0000,0000000.0,3261.46,0.269067,144244218,0000000.0000,0000000.0,22146.24,0.312459,63923.0,0.2573,2029-12-01
NK225E    ,OOP,202912,44500.0,            ,134244518,0000000.0000,0000000.0,3318.33,0.268435,144244518,0000000.0000,0000000.0,21965.64,0.31134,63923.0,0.2573,2029-12-01
NK225E    ,OOP,202912,44750.0,            ,134244718,0000000.0000,0000000.0,3375.79,0.26778,144244718,0000000.0000,0000000.0,21785.64,0.310384,63923.0,0.2573,2029-12-01
NK225E    ,OOP,202912,45000.0,            ,184245018,0000000.0000,0000000.0,3433.85,0.267105,194245018,0000000.0000,0000000.0,21606.22,0.30924,63923.0,0.2573,2029-12-01
NK225E    ,OOP,202912,45250.0,            ,134245218,0000000.0000,0000000.0,3493.23,0.266408,144245218,0000000.0000,0000000.0,21428.13,0.308257,63923.0,0.2573,2029-12-01
NK225E    ,OOP,202912,45500.0,            ,134245518,0000000.0000,0000000.0,3553.24,0.265691,144245518,0000000.0000,0000000.0,21250.67,0.307261,63923.0,0.2573,2029-12-01
NK225E    ,OOP,202912,45750.0,            ,134245718,0000000.0000,0000000.0,3613.84,0.265133,144245718,0000000.0000,0000000.0,21073.8,0.306251,63923.0,0.2573,2029-12-01
NK225E    ,OOP,202912,46000.0,            ,184246018,0000000.0000,0000000.0,3675.08,0.264552,194246018,0000000.0000,0000000.0,20897.58,0.305228,63923.0,0.2573,2029-12-01
NK225E    ,OOP,202912,46250.0,            ,134246218,0000000.0000,0000000.0,3737.66,0.263773,144246218,0000000.0000,0000000.0,20722.69,0.304359,63923.0,0.2573,2029-12-01
NK225E    ,OOP,202912,46500.0,            ,134246518,0000000.0000,0000000.0,3800.91,0.263149,144246518,0000000.0000,0000000.0,20548.47,0.303309,63923.0,0.2573,2029-12-01
NK225E    ,OOP,202912,46750.0,            ,134246718,0000000.0000,0000000.0,3864.76,0.262676,144246718,0000000.0000,0000000.0,20374.85,0.302411,63923.0,0.2573,2029-12-01
NK225E    ,OOP,202912,47000.0,            ,184247018,0000000.0000,0000000.0,3929.28,0.262009,194247018,0000000.0000,0000000.0,20201.9,0.301498,63923.0,0.2573,2029-12-01
NK225E    ,OOP,202912,47250.0,            ,134247218,0000000.0000,0000000.0,3995.13,0.261321,144247218,0000000.0000,0000000.0,20030.28,0.300571,63923.0,0.2573,2029-12-01
NK225E    ,OOP,202912,47500.0,            ,134247518,0000000.0000,0000000.0,4061.66,0.260781,144247518,0000000.0000,0000000.0,19859.34,0.299629,63923.0,0.2573,2029-12-01
NK225E    ,OOP,202912,47750.0,            ,134247718,0000000.0000,0000000.0,4128.85,0.260219,144247718,0000000.0000,0000000.0,19689.06,0.298674,63923.0,0.2573,2029-12-01
NK225E    ,OOP,202912,48000.0,            ,184248018,0000000.0000,0000000.0,4196.69,0.259634,194248018,0000000.0000,0000000.0,19519.43,0.297863,63923.0,0.2573,2029-12-01
NK225E    ,OOP,202912,48250.0,            ,134248218,0000000.0000,0000000.0,4265.94,0.259029,144248218,0000000.0000,0000000.0,19351.22,0.29688,63923.0,0.2573,2029-12-01
NK225E    ,OOP,202912,48500.0,            ,134248518,0000000.0000,0000000.0,4335.87,0.258402,144248518,0000000.0000,0000000.0,19183.67,0.296039,63923.0,0.2573,2029-12-01
NK225E    ,OOP,202912,48750.0,            ,134248718,0000000.0000,0000000.0,4406.47,0.257916,144248718,0000000.0000,0000000.0,19016.8,0.295183,63923.0,0.2573,2029-12-01
NK225E    ,OOP,202912,49000.0,            ,184249018,0000000.0000,0000000.0,4477.75,0.257247,194249018,0000000.0000,0000000.0,18850.62,0.294312,63923.0,0.2573,2029-12-01
NK225E    ,OOP,202912,49250.0,            ,134249218,0000000.0000,0000000.0,4550.45,0.256717,144249218,0000000.0000,0000000.0,18685.84,0.29358,63923.0,0.2573,2029-12-01
NK225E    ,OOP,202912,49500.0,            ,134249518,0000000.0000,0000000.0,4623.84,0.256165,144249518,0000000.0000,0000000.0,18521.76,0.292679,63923.0,0.2573,2029-12-01
NK225E    ,OOP,202912,49750.0,            ,134249718,0000000.0000,0000000.0,4697.92,0.255592,144249718,0000000.0000,0000000.0,18358.38,0.291914,63923.0,0.2573,2029-12-01
NK225E    ,OOP,202912,50000.0,            ,184240018,0000000.0000,0000000.0,4772.71,0.255152,194240018,0000000.0000,0000000.0,18195.69,0.290984,63923.0,0.2573,2029-12-01
NK225E    ,OOP,202912,50250.0,            ,134240218,0000000.0000,0000000.0,4848.91,0.254536,144240218,0000000.0000,0000000.0,18034.43,0.290189,63923.0,0.2573,2029-12-01
NK225E    ,OOP,202912,50500.0,            ,134240518,0000000.0000,0000000.0,4925.86,0.254052,144240518,0000000.0000,0000000.0,17873.91,0.289526,63923.0,0.2573,2029-12-01
NK225E    ,OOP,202912,50750.0,            ,184240718,0000000.0000,0000000.0,5003.49,0.253546,194240718,0000000.0000,0000000.0,17714.07,0.2887,63923.0,0.2573,2029-12-01
NK225E    ,OOP,202912,51000.0,            ,184241018,0000000.0000,0000000.0,5081.91,0.253019,194241018,0000000.0000,0000000.0,17555.01,0.287858,63923.0,0.2573,2029-12-01
NK225E    ,OOP,202912,51250.0,            ,184241218,0000000.0000,0000000.0,5161.71,0.25247,194241218,0000000.0000,0000000.0,17397.35,0.287147,63923.0,0.2573,2029-12-01
NK225E    ,OOP,202912,51500.0,            ,184241518,0000000.0000,0000000.0,5242.28,0.251901,194241518,0000000.0000,0000000.0,17240.45,0.286419,63923.0,0.2573,2029-12-01
NK225E    ,OOP,202912,51750.0,            ,184241718,0000000.0000,0000000.0,5323.58,0.251457,194241718,0000000.0000,0000000.0,17084.28,0.285675,63923.0,0.2573,2029-12-01
NK225E    ,OOP,202912,52000.0,            ,184242018,0000000.0000,0000000.0,5405.61,0.250847,194242018,0000000.0000,0000000.0,16928.84,0.284915,63923.0,0.2573,2029-12-01
NK225E    ,OOP,202912,52250.0,            ,184242218,0000000.0000,0000000.0,5489.07,0.250361,194242218,0000000.0000,0000000.0,16774.83,0.284281,63923.0,0.2573,2029-12-01
NK225E    ,OOP,202912,52500.0,            ,134362518,0000000.0000,0000000.0,5573.37,0.249997,144362518,0000000.0000,0000000.0,16621.67,0.28349,63923.0,0.2573,2029-12-01
NK225E    ,OOP,202912,52750.0,            ,184242718,0000000.0000,0000000.0,5658.35,0.249468,194242718,0000000.0000,0000000.0,16469.18,0.282823,63923.0,0.2573,2029-12-01
NK225E    ,OOP,202912,53000.0,            ,184243018,0000000.0000,0000000.0,5744.08,0.248919,194243018,0000000.0000,0000000.0,16317.43,0.28214,63923.0,0.2573,2029-12-01
NK225E    ,OOP,202912,53250.0,            ,184243218,0000000.0000,0000000.0,5831.37,0.248489,194243218,0000000.0000,0000000.0,16167.26,0.28144,63923.0,0.2573,2029-12-01
NK225E    ,OOP,202912,53500.0,            ,184243518,0000000.0000,0000000.0,5919.35,0.248039,194243518,0000000.0000,0000000.0,16017.77,0.280862,63923.0,0.2573,2029-12-01
NK225E    ,OOP,202912,53750.0,            ,184243718,0000000.0000,0000000.0,6008.16,0.247567,194243718,0000000.0000,0000000.0,15869.11,0.280129,63923.0,0.2573,2029-12-01
NK225E    ,OOP,202912,54000.0,            ,184244018,0000000.0000,0000000.0,6097.73,0.247074,194244018,0000000.0000,0000000.0,15721.2,0.279517,63923.0,0.2573,2029-12-01
NK225E    ,OOP,202912,54250.0,            ,184244218,0000000.0000,0000000.0,6188.79,0.246561,194244218,0000000.0000,0000000.0,15574.79,0.278888,63923.0,0.2573,2029-12-01
NK225E    ,OOP,202912,54500.0,            ,184244518,0000000.0000,0000000.0,6280.65,0.246163,194244518,0000000.0000,0000000.0,15429.19,0.278242,63923.0,0.2573,2029-12-01
NK225E    ,OOP,202912,54750.0,            ,184244718,0000000.0000,0000000.0,6373.25,0.245744,194244718,0000000.0000,0000000.0,15284.32,0.27758,63923.0,0.2573,2029-12-01
NK225E    ,OOP,202912,55000.0,            ,134365018,0000000.0000,0000000.0,6466.65,0.245304,144365018,0000000.0000,0000000.0,15140.25,0.277035,63923.0,0.2573,2029-12-01
NK225E    ,OOP,202912,55250.0,            ,184245218,0000000.0000,0000000.0,6561.61,0.244843,194245218,0000000.0000,0000000.0,14997.74,0.27634,63923.0,0.2573,2029-12-01
NK225E    ,OOP,202912,55500.0,            ,184245518,0000000.0000,0000000.0,6657.32,0.244362,194245518,0000000.0000,0000000.0,14855.98,0.275761,63923.0,0.2573,2029-12-01
NK225E    ,OOP,202912,55750.0,            ,184245718,0000000.0000,0000000.0,6753.88,0.243993,194245718,0000000.0000,0000000.0,14715.07,0.275165,63923.0,0.2573,2029-12-01
NK225E    ,OOP,202912,56000.0,            ,134366018,0000000.0000,0000000.0,6851.18,0.243471,144366018,0000000.0000,0000000.0,14574.9,0.274552,63923.0,0.2573,2029-12-01
NK225E    ,OOP,202912,56250.0,            ,184246218,0000000.0000,0000000.0,6950.02,0.24306,194246218,0000000.0000,0000000.0,14436.28,0.274053,63923.0,0.2573,2029-12-01
NK225E    ,OOP,202912,56500.0,            ,184246518,0000000.0000,0000000.0,7049.73,0.242759,194246518,0000000.0000,0000000.0,14298.52,0.273537,63923.0,0.2573,2029-12-01
NK225E    ,OOP,202912,56750.0,            ,184246718,0000000.0000,0000000.0,7150.19,0.242307,194246718,0000000.0000,0000000.0,14161.51,0.272874,63923.0,0.2573,2029-12-01
NK225E    ,OOP,202912,57000.0,            ,134367018,0000000.0000,0000000.0,7251.44,0.241834,144367018,0000000.0000,0000000.0,14025.29,0.272324,63923.0,0.2573,2029-12-01
NK225E    ,OOP,202912,57250.0,            ,184247218,0000000.0000,0000000.0,7354.3,0.24147,194247218,0000000.0000,0000000.0,13890.67,0.271884,63923.0,0.2573,2029-12-01
NK225E    ,OOP,202912,57500.0,            ,184247518,0000000.0000,0000000.0,7457.95,0.241085,194247518,0000000.0000,0000000.0,13756.86,0.2713,63923.0,0.2573,2029-12-01
NK225E    ,OOP,202912,57750.0,            ,184247718,0000000.0000,0000000.0,7562.39,0.240679,194247718,0000000.0000,0000000.0,13623.83,0.270826,63923.0,0.2573,2029-12-01
NK225E    ,OOP,202912,58000.0,            ,134368018,0000000.0000,0000000.0,7667.67,0.240254,144368018,0000000.0000,0000000.0,13491.64,0.270208,63923.0,0.2573,2029-12-01
NK225E    ,OOP,202912,58250.0,            ,184248218,0000000.0000,0000000.0,7774.54,0.239934,194248218,0000000.0000,0000000.0,13361.04,0.2697,63923.0,0.2573,2029-12-01
NK225E    ,OOP,202912,58500.0,            ,184248518,0000000.0000,0000000.0,7882.25,0.239593,194248518,0000000.0000,0000000.0,13231.28,0.2693,63923.0,0.2573,2029-12-01
NK225E    ,OOP,202912,58750.0,            ,184248718,0000000.0000,0000000.0,7990.76,0.239108,194248718,0000000.0000,0000000.0,13102.32,0.268757,63923.0,0.2573,2029-12-01
NK225E    ,OOP,202912,59000.0,            ,134369018,0000000.0000,0000000.0,8100.06,0.238851,144369018,0000000.0000,0000000.0,12974.15,0.268323,63923.0,0.2573,2029-12-01
NK225E    ,OOP,202912,59250.0,            ,184249218,0000000.0000,0000000.0,8210.97,0.23845,194249218,0000000.0000,0000000.0,12847.59,0.267747,63923.0,0.2573,2029-12-01
NK225E    ,OOP,202912,59500.0,            ,184249518,0000000.0000,0000000.0,8322.73,0.238029,194249518,0000000.0000,0000000.0,12721.88,0.267278,63923.0,0.2573,2029-12-01
NK225E    ,OOP,202912,59750.0,            ,184249718,0000000.0000,0000000.0,8435.28,0.237711,194249718,0000000.0000,0000000.0,12596.97,0.266915,63923.0,0.2573,2029-12-01
NK225E    ,OOP,202912,60000.0,            ,134360018,0000000.0000,0000000.0,8548.64,0.237372,144360018,0000000.0000,0000000.0,12472.85,0.266412,63923.0,0.2573,2029-12-01
NK225E    ,OOP,202912,60250.0,            ,184240218,0000000.0000,0000000.0,8663.66,0.237014,194240218,0000000.0000,0000000.0,12350.4,0.266015,63923.0,0.2573,2029-12-01
NK225E    ,OOP,202912,60500.0,            ,184240518,0000000.0000,0000000.0,8779.52,0.236636,194240518,0000000.0000,0000000.0,12228.8,0.2656,63923.0,0.2573,2029-12-01
NK225E    ,OOP,202912,60750.0,            ,134360718,0000000.0000,0000000.0,8896.15,0.23636,144360718,0000000.0000,0000000.0,12107.95,0.265168,63923.0,0.2573,2029-12-01
NK225E    ,OOP,202912,61000.0,            ,134361018,0000000.0000,0000000.0,9013.62,0.236063,144361018,0000000.0000,0000000.0,11987.95,0.264719,63923.0,0.2573,2029-12-01
NK225E    ,OOP,202912,61250.0,            ,134361218,0000000.0000,0000000.0,9132.76,0.235746,144361218,0000000.0000,0000000.0,11869.62,0.264253,63923.0,0.2573,2029-12-01
NK225E    ,OOP,202912,61500.0,            ,134361518,0000000.0000,0000000.0,9252.7,0.23541,144361518,0000000.0000,0000000.0,11752.1,0.263891,63923.0,0.2573,2029-12-01
NK225E    ,OOP,202912,61750.0,            ,134361718,0000000.0000,0000000.0,9373.45,0.235054,144361718,0000000.0000,0000000.0,11635.38,0.263512,63923.0,0.2573,2029-12-01
NK225E    ,OOP,202912,62000.0,            ,134362018,0000000.0000,0000000.0,9494.99,0.234798,144362018,0000000.0000,0000000.0,11519.45,0.263116,63923.0,0.2573,2029-12-01
NK225E    ,OOP,202912,62250.0,            ,134362218,0000000.0000,0000000.0,9618.22,0.234403,144362218,0000000.0000,0000000.0,11405.21,0.262703,63923.0,0.2573,2029-12-01
NK225E    ,OOP,202912,62500.0,            ,134242518,0000000.0000,0000000.0,9742.29,0.234107,144242518,0000000.0000,0000000.0,11291.81,0.262392,63923.0,0.2573,2029-12-01
NK225E    ,OOP,202912,62750.0,            ,134362718,0000000.0000,0000000.0,9867.12,0.233911,144362718,0000000.0000,0000000.0,11179.17,0.261946,63923.0,0.2573,2029-12-01
NK225E    ,OOP,202912,63000.0,            ,134363018,0000000.0000,0000000.0,9992.78,0.233576,144363018,0000000.0000,0000000.0,11067.37,0.261601,63923.0,0.2573,2029-12-01
NK225E    ,OOP,202912,63250.0,            ,134363218,0000000.0000,0000000.0,10120.14,0.233223,144363218,0000000.0000,0000000.0,10957.25,0.261239,63923.0,0.2573,2029-12-01
NK225E    ,OOP,202912,63500.0,            ,134363518,0000000.0000,0000000.0,10248.28,0.232968,144363518,0000000.0000,0000000.0,10847.93,0.260861,63923.0,0.2573,2029-12-01
NK225E    ,OOP,202912,63750.0,            ,134363718,0000000.0000,0000000.0,10377.23,0.232693,144363718,0000000.0000,0000000.0,10739.4,0.260584,63923.0,0.2573,2029-12-01
NK225E    ,OOP,202912,64000.0,            ,134364018,0000000.0000,0000000.0,10506.96,0.2324,144364018,0000000.0000,0000000.0,10631.66,0.26029,63923.0,0.2573,2029-12-01
NK225E    ,OOP,202912,64250.0,            ,134364218,0000000.0000,0000000.0,10638.38,0.232204,144364218,0000000.0000,0000000.0,10525.61,0.259862,63923.0,0.2573,2029-12-01
NK225E    ,OOP,202912,64500.0,            ,134364518,0000000.0000,0000000.0,10770.63,0.231872,144364518,0000000.0000,0000000.0,10420.4,0.259651,63923.0,0.2573,2029-12-01
NK225E    ,OOP,202912,64750.0,            ,134364718,0000000.0000,0000000.0,10903.67,0.231638,144364718,0000000.0000,0000000.0,10315.97,0.259307,63923.0,0.2573,2029-12-01
NK225E    ,OOP,202912,65000.0,            ,184365018,0000000.0000,0000000.0,11037.49,0.231385,194365018,0000000.0000,0000000.0,10212.32,0.258946,63923.0,0.2573,2029-12-01
NK225E    ,OOP,202912,65250.0,            ,134365218,0000000.0000,0000000.0,11173.0,0.231113,144365218,0000000.0000,0000000.0,10110.36,0.258686,63923.0,0.2573,2029-12-01
NK225E    ,OOP,202912,65500.0,            ,134365518,0000000.0000,0000000.0,11309.29,0.230938,144365518,0000000.0000,0000000.0,10009.18,0.258409,63923.0,0.2573,2029-12-01
NK225E    ,OOP,202912,65750.0,            ,134365718,0000000.0000,0000000.0,11446.36,0.230628,144365718,0000000.0000,0000000.0,9908.78,0.258115,63923.0,0.2573,2029-12-01
NK225E    ,OOP,202912,66000.0,            ,184366018,0000000.0000,0000000.0,11584.24,0.230416,194366018,0000000.0000,0000000.0,9809.19,0.257805,63923.0,0.2573,2029-12-01
NK225E    ,OOP,202912,66250.0,            ,134366218,0000000.0000,0000000.0,11723.81,0.230184,144366218,0000000.0000,0000000.0,9711.29,0.257594,63923.0,0.2573,2029-12-01
NK225E    ,OOP,202912,66500.0,            ,134366518,0000000.0000,0000000.0,11864.14,0.23005,144366518,0000000.0000,0000000.0,9614.16,0.257367,63923.0,0.2573,2029-12-01
NK225E    ,OOP,202912,66750.0,            ,134366718,0000000.0000,0000000.0,12005.25,0.229782,144366718,0000000.0000,0000000.0,9517.79,0.257124,63923.0,0.2573,2029-12-01
NK225E    ,OOP,202912,67000.0,            ,184367018,0000000.0000,0000000.0,12147.11,0.229495,194367018,0000000.0000,0000000.0,9422.19,0.256865,63923.0,0.2573,2029-12-01
NK225E    ,OOP,202912,67250.0,            ,134367218,0000000.0000,0000000.0,12290.65,0.229305,144367218,0000000.0000,0000000.0,9328.26,0.256589,63923.0,0.2573,2029-12-01
NK225E    ,OOP,202912,67500.0,            ,134367518,0000000.0000,0000000.0,12434.95,0.229097,144367518,0000000.0000,0000000.0,9235.08,0.256412,63923.0,0.2573,2029-12-01
NK225E    ,OOP,202912,67750.0,            ,134367718,0000000.0000,0000000.0,12580.0,0.228986,144367718,0000000.0000,0000000.0,9142.66,0.256105,63923.0,0.2573,2029-12-01
NK225E    ,OOP,202912,68000.0,            ,184368018,0000000.0000,0000000.0,12725.84,0.228741,194368018,0000000.0000,0000000.0,9051.04,0.255896,63923.0,0.2573,2029-12-01
NK225E    ,OOP,202912,68250.0,            ,134368218,0000000.0000,0000000.0,12873.31,0.228593,144368218,0000000.0000,0000000.0,8961.03,0.255672,63923.0,0.2573,2029-12-01
NK225E    ,OOP,202912,68500.0,            ,134368518,0000000.0000,0000000.0,13021.51,0.228313,144368518,0000000.0000,0000000.0,8871.77,0.255546,63923.0,0.2573,2029-12-01
NK225E    ,OOP,202912,68750.0,            ,134368718,0000000.0000,0000000.0,13170.46,0.22813,144368718,0000000.0000,0000000.0,8783.25,0.25529,63923.0,0.2573,2029-12-01
NK225E    ,OOP,202912,69000.0,            ,184369018,0000000.0000,0000000.0,13320.19,0.228043,194369018,0000000.0000,0000000.0,8695.5,0.255132,63923.0,0.2573,2029-12-01
NK225E    ,OOP,202912,69250.0,            ,134369218,0000000.0000,0000000.0,13471.52,0.227824,144369218,0000000.0000,0000000.0,8609.37,0.25496,63923.0,0.2573,2029-12-01
NK225E    ,OOP,202912,69500.0,            ,134369518,0000000.0000,0000000.0,13623.58,0.227702,144369518,0000000.0000,0000000.0,8523.96,0.254771,63923.0,0.2573,2029-12-01
NK225E    ,OOP,202912,69750.0,            ,134369718,0000000.0000,0000000.0,13776.36,0.227448,144369718,0000000.0000,0000000.0,8439.27,0.254567,63923.0,0.2573,2029-12-01
NK225E    ,OOP,202912,70000.0,            ,184360018,0000000.0000,0000000.0,13929.86,0.22729,194360018,0000000.0000,0000000.0,8355.3,0.254462,63923.0,0.2573,2029-12-01
NK225E    ,OOP,202912,70250.0,            ,134360218,0000000.0000,0000000.0,14084.95,0.22723,144360218,0000000.0000,0000000.0,8272.92,0.254227,63923.0,0.2573,2029-12-01
NK225E    ,OOP,202912,70500.0,            ,134360518,0000000.0000,0000000.0,14240.8,0.227039,144360518,0000000.0000,0000000.0,8191.3,0.254092,63923.0,0.2573,2029-12-01
NK225E    ,OOP,202912,70750.0,            ,184360718,0000000.0000,0000000.0,14397.3,0.22683,194360718,0000000.0000,0000000.0,8110.34,0.253941,63923.0,0.2573,2029-12-01
NK225E    ,OOP,202912,71000.0,            ,184361018,0000000.0000,0000000.0,14554.55,0.226718,194361018,0000000.0000,0000000.0,8030.12,0.253775,63923.0,0.2573,2029-12-01
NK225E    ,OOP,202912,71250.0,            ,184361218,0000000.0000,0000000.0,14713.34,0.22659,194361218,0000000.0000,0000000.0,7951.43,0.253708,63923.0,0.2573,2029-12-01
NK225E    ,OOP,202912,71500.0,            ,184361518,0000000.0000,0000000.0,14872.81,0.226444,194361518,0000000.0000,0000000.0,7873.43,0.253626,63923.0,0.2573,2029-12-01
NK225E    ,OOP,202912,71750.0,            ,184361718,0000000.0000,0000000.0,15032.97,0.226396,194361718,0000000.0000,0000000.0,7796.13,0.253415,63923.0,0.2573,2029-12-01
NK225E    ,OOP,202912,72000.0,            ,184362018,0000000.0000,0000000.0,15193.86,0.226217,194362018,0000000.0000,0000000.0,7719.54,0.253304,63923.0,0.2573,2029-12-01
NK225E    ,OOP,202912,72250.0,            ,184362218,0000000.0000,0000000.0,15356.21,0.226136,194362218,0000000.0000,0000000.0,7644.43,0.253178,63923.0,0.2573,2029-12-01
NK225E    ,OOP,202912,72500.0,            ,184362518,0000000.0000,0000000.0,15519.28,0.225924,194362518,0000000.0000,0000000.0,7570.02,0.253151,63923.0,0.2573,2029-12-01
NK225E    ,OOP,202912,72750.0,            ,184362718,0000000.0000,0000000.0,15682.97,0.22581,194362718,0000000.0000,0000000.0,7496.25,0.252996,63923.0,0.2573,2029-12-01
NK225E    ,OOP,202912,73000.0,            ,184363018,0000000.0000,0000000.0,15847.37,0.225795,194363018,0000000.0000,0000000.0,7423.18,0.25294,63923.0,0.2573,2029-12-01
NK225E    ,OOP,202912,73250.0,            ,184363218,0000000.0000,0000000.0,16013.16,0.225649,194363218,0000000.0000,0000000.0,7351.5,0.252871,63923.0,0.2573,2029-12-01
NK225E    ,OOP,202912,73500.0,            ,184363518,0000000.0000,0000000.0,16179.66,0.225601,194363518,0000000.0000,0000000.0,7280.53,0.252787,63923.0,0.2573,2029-12-01
NK225E    ,OOP,202912,73750.0,            ,184363718,0000000.0000,0000000.0,16346.8,0.225423,194363718,0000000.0000,0000000.0,7210.2,0.252688,63923.0,0.2573,2029-12-01
NK225E    ,OOP,202912,74000.0,            ,184364018,0000000.0000,0000000.0,16514.58,0.225343,194364018,0000000.0000,0000000.0,7140.51,0.252576,63923.0,0.2573,2029-12-01
NK225E    ,OOP,202912,74250.0,            ,184364218,0000000.0000,0000000.0,16683.74,0.225248,194364218,0000000.0000,0000000.0,7072.2,0.252564,63923.0,0.2573,2029-12-01
NK225E    ,OOP,202912,74500.0,            ,184364518,0000000.0000,0000000.0,16853.53,0.225137,194364518,0000000.0000,0000000.0,7004.52,0.252538,63923.0,0.2573,2029-12-01
NK225E    ,OOP,202912,74750.0,            ,184364718,0000000.0000,0000000.0,17023.95,0.225127,194364718,0000000.0000,0000000.0,6937.47,0.252499,63923.0,0.2573,2029-12-01
NK225E    ,OOP,202912,75000.0,            ,134485018,0000000.0000,0000000.0,17194.98,0.224984,144485018,0000000.0000,0000000.0,6871.04,0.252446,63923.0,0.2573,2029-12-01
NK225E    ,OOP,202912,75250.0,            ,184365218,0000000.0000,0000000.0,17367.33,0.224943,194365218,0000000.0000,0000000.0,6805.91,0.252379,63923.0,0.2573,2029-12-01
NK225E    ,OOP,202912,75500.0,            ,184365518,0000000.0000,0000000.0,17540.28,0.224886,194365518,0000000.0000,0000000.0,6741.4,0.252299,63923.0,0.2573,2029-12-01
NK225E    ,OOP,202912,75750.0,            ,184365718,0000000.0000,0000000.0,17713.84,0.224814,194365718,0000000.0000,0000000.0,6677.49,0.25232,63923.0,0.2573,2029-12-01
NK225E    ,OOP,202912,76000.0,            ,134486018,0000000.0000,0000000.0,17888.04,0.224727,144486018,0000000.0000,0000000.0,6614.22,0.252213,63923.0,0.2573,2029-12-01
NK225E    ,OOP,202912,76250.0,            ,184366218,0000000.0000,0000000.0,18064.22,0.224741,194366218,0000000.0000,0000000.0,6552.92,0.252323,63923.0,0.2573,2029-12-01
NK225E    ,OOP,202912,77500.0,            ,184367518,0000000.0000,0000000.0,18953.9,0.224477,194367518,0000000.0000,0000000.0,6255.26,0.252334,63923.0,0.2573,2029-12-01
NK225E    ,OOP,202912,80000.0,            ,134480018,0000000.0000,0000000.0,20774.71,0.224059,144480018,0000000.0000,0000000.0,5701.38,0.252345,63923.0,0.2573,2029-12-01
NK225E    ,OOP,202912,85000.0,            ,184485018,0000000.0000,0000000.0,24589.21,0.223499,194485018,0000000.0000,0000000.0,4766.49,0.253291,63923.0,0.2573,2029-12-01
NK225E    ,OOP,202912,90000.0,            ,184480018,0000000.0000,0000000.0,28544.47,0.22173,194480018,0000000.0000,0000000.0,3972.37,0.253786,63923.0,0.2573,2029-12-01
NK225E    ,OOP,202912,95000.0,            ,134605018,0000000.0000,0000000.0,32540.4,0.216205,144605018,0000000.0000,0000000.0,3218.91,0.251436,63923.0,0.2573,2029-12-01
NK225E    ,OOP,202912,100000.0,            ,134600018,0000000.0000,0000000.0,36484.17,0.202069,144600018,0000000.0000,0000000.0,2413.29,0.243229,63923.0,0.2573,2029-12-01
NK225E    ,OOP,203006,15000.0,            ,185065018,0000000.0000,0000000.0,65.02,0.322516,195065018,0000000.0000,0000000.0,46404.71,0.595894,63923.0,0.2573,2030-06-01
NK225E    ,OOP,203006,16000.0,            ,185066018,0000000.0000,0000000.0,90.21,0.322857,195066018,0000000.0000,0000000.0,45487.49,0.573002,63923.0,0.2573,2030-06-01
NK225E    ,OOP,203006,17000.0,            ,185067018,0000000.0000,0000000.0,121.73,0.322617,195067018,0000000.0000,0000000.0,44576.61,0.551715,63923.0,0.2573,2030-06-01
NK225E    ,OOP,203006,18000.0,            ,185068018,0000000.0000,0000000.0,160.35,0.322189,195068018,0000000.0000,0000000.0,43672.82,0.532805,63923.0,0.2573,2030-06-01
NK225E    ,OOP,203006,19000.0,            ,185069018,0000000.0000,0000000.0,206.82,0.322035,195069018,0000000.0000,0000000.0,42776.89,0.515483,63923.0,0.2573,2030-06-01
NK225E    ,OOP,203006,20000.0,            ,185060018,0000000.0000,0000000.0,261.86,0.321871,195060018,0000000.0000,0000000.0,41889.53,0.499546,63923.0,0.2573,2030-06-01
NK225E    ,OOP,203006,21000.0,            ,185061018,0000000.0000,0000000.0,326.14,0.322552,195061018,0000000.0000,0000000.0,41011.4,0.48567,63923.0,0.2573,2030-06-01
NK225E    ,OOP,203006,21750.0,            ,185061718,0000000.0000,0000000.0,380.8,0.322191,195061718,0000000.0000,0000000.0,40359.26,0.476058,63923.0,0.2573,2030-06-01
NK225E    ,OOP,203006,22000.0,            ,185062018,0000000.0000,0000000.0,400.3,0.321598,195062018,0000000.0000,0000000.0,40143.16,0.472781,63923.0,0.2573,2030-06-01
NK225E    ,OOP,203006,22250.0,            ,185062218,0000000.0000,0000000.0,420.46,0.321754,195062218,0000000.0000,0000000.0,39927.71,0.469934,63923.0,0.2573,2030-06-01
NK225E    ,OOP,203006,22500.0,            ,135062518,0000000.0000,0000000.0,441.27,0.321799,145062518,0000000.0000,0000000.0,39712.93,0.46711,63923.0,0.2573,2030-06-01
NK225E    ,OOP,203006,22750.0,            ,135062718,0000000.0000,0000000.0,462.76,0.321742,145062718,0000000.0000,0000000.0,39498.81,0.464307,63923.0,0.2573,2030-06-01
NK225E    ,OOP,203006,23000.0,            ,135063018,0000000.0000,0000000.0,484.93,0.321591,145063018,0000000.0000,0000000.0,39285.38,0.461525,63923.0,0.2573,2030-06-01
NK225E    ,OOP,203006,23250.0,            ,135063218,0000000.0000,0000000.0,507.78,0.322061,145063218,0000000.0000,0000000.0,39072.63,0.458764,63923.0,0.2573,2030-06-01
NK225E    ,OOP,203006,23500.0,            ,135063518,0000000.0000,0000000.0,531.33,0.321726,145063518,0000000.0000,0000000.0,38860.58,0.456023,63923.0,0.2573,2030-06-01
NK225E    ,OOP,203006,23750.0,            ,135063718,0000000.0000,0000000.0,555.58,0.321982,145063718,0000000.0000,0000000.0,38649.23,0.453302,63923.0,0.2573,2030-06-01
NK225E    ,OOP,203006,24000.0,            ,135064018,0000000.0000,0000000.0,580.55,0.321492,145064018,0000000.0000,0000000.0,38438.6,0.450964,63923.0,0.2573,2030-06-01
NK225E    ,OOP,203006,24250.0,            ,135064218,0000000.0000,0000000.0,606.23,0.321566,145064218,0000000.0000,0000000.0,38228.68,0.448635,63923.0,0.2573,2030-06-01
NK225E    ,OOP,203006,24500.0,            ,135064518,0000000.0000,0000000.0,632.64,0.321549,145064518,0000000.0000,0000000.0,38019.48,0.446317,63923.0,0.2573,2030-06-01
NK225E    ,OOP,203006,24750.0,            ,135064718,0000000.0000,0000000.0,659.78,0.32145,145064718,0000000.0000,0000000.0,37811.02,0.443658,63923.0,0.2573,2030-06-01
NK225E    ,OOP,203006,25000.0,            ,135065018,0000000.0000,0000000.0,687.65,0.321274,145065018,0000000.0000,0000000.0,37603.3,0.441708,63923.0,0.2573,2030-06-01
NK225E    ,OOP,203006,25250.0,            ,135065218,0000000.0000,0000000.0,716.28,0.321579,145065218,0000000.0000,0000000.0,37396.32,0.439417,63923.0,0.2573,2030-06-01
NK225E    ,OOP,203006,25500.0,            ,135065518,0000000.0000,0000000.0,745.65,0.321252,145065518,0000000.0000,0000000.0,37190.09,0.437136,63923.0,0.2573,2030-06-01
NK225E    ,OOP,203006,25750.0,            ,135065718,0000000.0000,0000000.0,775.78,0.321386,145065718,0000000.0000,0000000.0,36984.62,0.435197,63923.0,0.2573,2030-06-01
NK225E    ,OOP,203006,26000.0,            ,135066018,0000000.0000,0000000.0,806.68,0.321437,145066018,0000000.0000,0000000.0,36779.92,0.433259,63923.0,0.2573,2030-06-01
NK225E    ,OOP,203006,26250.0,            ,135066218,0000000.0000,0000000.0,838.35,0.321411,145066218,0000000.0000,0000000.0,36575.98,0.430997,63923.0,0.2573,2030-06-01
NK225E    ,OOP,203006,26500.0,            ,135066518,0000000.0000,0000000.0,870.79,0.321312,145066518,0000000.0000,0000000.0,36372.82,0.429065,63923.0,0.2573,2030-06-01
NK225E    ,OOP,203006,26750.0,            ,135066718,0000000.0000,0000000.0,904.01,0.321146,145066718,0000000.0000,0000000.0,36170.44,0.427134,63923.0,0.2573,2030-06-01
NK225E    ,OOP,203006,27000.0,            ,135067018,0000000.0000,0000000.0,938.01,0.320918,145067018,0000000.0000,0000000.0,35968.85,0.425517,63923.0,0.2573,2030-06-01
NK225E    ,OOP,203006,27250.0,            ,135067218,0000000.0000,0000000.0,961.01,0.320183,145067218,0000000.0000,0000000.0,35756.24,0.422967,63923.0,0.2573,2030-06-01
NK225E    ,OOP,203006,27500.0,            ,135067518,0000000.0000,0000000.0,984.3,0.318973,145067518,0000000.0000,0000000.0,35543.93,0.420434,63923.0,0.2573,2030-06-01
NK225E    ,OOP,203006,27750.0,            ,135067718,0000000.0000,0000000.0,1007.87,0.318178,145067718,0000000.0000,0000000.0,35331.9,0.417915,63923.0,0.2573,2030-06-01
NK225E    ,OOP,203006,28000.0,            ,135068018,0000000.0000,0000000.0,1031.74,0.316928,145068018,0000000.0000,0000000.0,35120.16,0.415711,63923.0,0.2573,2030-06-01
NK225E    ,OOP,203006,28250.0,            ,135068218,0000000.0000,0000000.0,1056.39,0.316078,145068218,0000000.0000,0000000.0,34909.21,0.413219,63923.0,0.2573,2030-06-01
NK225E    ,OOP,203006,28500.0,            ,135068518,0000000.0000,0000000.0,1081.34,0.314791,145068518,0000000.0000,0000000.0,34698.57,0.411035,63923.0,0.2573,2030-06-01
NK225E    ,OOP,203006,28750.0,            ,135068718,0000000.0000,0000000.0,1106.6,0.313893,145068718,0000000.0000,0000000.0,34488.22,0.408569,63923.0,0.2573,2030-06-01
NK225E    ,OOP,203006,29000.0,            ,135069018,0000000.0000,0000000.0,1132.17,0.312968,145069018,0000000.0000,0000000.0,34278.19,0.406403,63923.0,0.2573,2030-06-01
NK225E    ,OOP,203006,29250.0,            ,135069218,0000000.0000,0000000.0,1158.54,0.312018,145069218,0000000.0000,0000000.0,34068.96,0.404245,63923.0,0.2573,2030-06-01
NK225E    ,OOP,203006,29500.0,            ,135069518,0000000.0000,0000000.0,1185.22,0.311045,145069518,0000000.0000,0000000.0,33860.04,0.402095,63923.0,0.2573,2030-06-01
NK225E    ,OOP,203006,29750.0,            ,135069718,0000000.0000,0000000.0,1212.23,0.310049,145069718,0000000.0000,0000000.0,33651.45,0.399953,63923.0,0.2573,2030-06-01
NK225E    ,OOP,203006,30000.0,            ,135060018,0000000.0000,0000000.0,1239.57,0.309032,145060018,0000000.0000,0000000.0,33443.19,0.397817,63923.0,0.2573,2030-06-01
NK225E    ,OOP,203006,30250.0,            ,135060218,0000000.0000,0000000.0,1267.7,0.307995,145060218,0000000.0000,0000000.0,33235.72,0.395689,63923.0,0.2573,2030-06-01
NK225E    ,OOP,203006,30500.0,            ,135060518,0000000.0000,0000000.0,1296.19,0.306938,145060518,0000000.0000,0000000.0,33028.61,0.393568,63923.0,0.2573,2030-06-01
NK225E    ,OOP,203006,30750.0,            ,135060718,0000000.0000,0000000.0,1325.01,0.306213,145060718,0000000.0000,0000000.0,32821.83,0.391455,63923.0,0.2573,2030-06-01
NK225E    ,OOP,203006,31000.0,            ,135061018,0000000.0000,0000000.0,1354.17,0.305115,145061018,0000000.0000,0000000.0,32615.39,0.389611,63923.0,0.2573,2030-06-01
NK225E    ,OOP,203006,31250.0,            ,135061218,0000000.0000,0000000.0,1384.15,0.304339,145061218,0000000.0000,0000000.0,32409.76,0.387509,63923.0,0.2573,2030-06-01
NK225E    ,OOP,203006,31500.0,            ,135061518,0000000.0000,0000000.0,1414.47,0.303536,145061518,0000000.0000,0000000.0,32204.48,0.385671,63923.0,0.2573,2030-06-01
NK225E    ,OOP,203006,31750.0,            ,135061718,0000000.0000,0000000.0,1445.15,0.302381,145061718,0000000.0000,0000000.0,31999.56,0.38358,63923.0,0.2573,2030-06-01
NK225E    ,OOP,203006,32000.0,            ,135062018,0000000.0000,0000000.0,1476.21,0.301535,145062018,0000000.0000,0000000.0,31795.02,0.381748,63923.0,0.2573,2030-06-01
NK225E    ,OOP,203006,32250.0,            ,135062218,0000000.0000,0000000.0,1508.07,0.300665,145062218,0000000.0000,0000000.0,31591.28,0.379917,63923.0,0.2573,2030-06-01
NK225E    ,OOP,203006,32500.0,            ,185062518,0000000.0000,0000000.0,1540.33,0.299773,195062518,0000000.0000,0000000.0,31387.93,0.378088,63923.0,0.2573,2030-06-01
NK225E    ,OOP,203006,32750.0,            ,185062718,0000000.0000,0000000.0,1572.93,0.298859,195062718,0000000.0000,0000000.0,31184.94,0.376261,63923.0,0.2573,2030-06-01
NK225E    ,OOP,203006,33000.0,            ,185063018,0000000.0000,0000000.0,1605.93,0.297926,195063018,0000000.0000,0000000.0,30982.34,0.374435,63923.0,0.2573,2030-06-01
NK225E    ,OOP,203006,33250.0,            ,185063218,0000000.0000,0000000.0,1639.75,0.297271,195063218,0000000.0000,0000000.0,30780.56,0.372611,63923.0,0.2573,2030-06-01
NK225E    ,OOP,203006,33500.0,            ,185063518,0000000.0000,0000000.0,1673.96,0.296295,195063518,0000000.0000,0000000.0,30579.17,0.370788,63923.0,0.2573,2030-06-01
NK225E    ,OOP,203006,33750.0,            ,185063718,0000000.0000,0000000.0,1708.56,0.29559,195063718,0000000.0000,0000000.0,30378.16,0.369203,63923.0,0.2573,2030-06-01
NK225E    ,OOP,203006,34000.0,            ,185064018,0000000.0000,0000000.0,1743.57,0.294576,195064018,0000000.0000,0000000.0,30177.57,0.367382,63923.0,0.2573,2030-06-01
NK225E    ,OOP,203006,34250.0,            ,185064218,0000000.0000,0000000.0,1779.41,0.293826,195064218,0000000.0000,0000000.0,29977.81,0.365793,63923.0,0.2573,2030-06-01
NK225E    ,OOP,203006,34500.0,            ,185064518,0000000.0000,0000000.0,1815.65,0.293052,195064518,0000000.0000,0000000.0,29778.45,0.363973,63923.0,0.2573,2030-06-01
NK225E    ,OOP,203006,34750.0,            ,185064718,0000000.0000,0000000.0,1852.3,0.292256,195064718,0000000.0000,0000000.0,29579.49,0.362381,63923.0,0.2573,2030-06-01
NK225E    ,OOP,203006,35000.0,            ,135185018,0000000.0000,0000000.0,1889.35,0.291438,145185018,0000000.0000,0000000.0,29380.95,0.360786,63923.0,0.2573,2030-06-01
NK225E    ,OOP,203006,35250.0,            ,185065218,0000000.0000,0000000.0,1927.26,0.2906,195065218,0000000.0000,0000000.0,29183.25,0.35919,63923.0,0.2573,2030-06-01
NK225E    ,OOP,203006,35500.0,            ,185065518,0000000.0000,0000000.0,1965.59,0.289741,195065518,0000000.0000,0000000.0,28985.98,0.35759,63923.0,0.2573,2030-06-01
NK225E    ,OOP,203006,35750.0,            ,185065718,0000000.0000,0000000.0,2004.34,0.288863,195065718,0000000.0000,0000000.0,28789.13,0.355989,63923.0,0.2573,2030-06-01
NK225E    ,OOP,203006,36000.0,            ,135186018,0000000.0000,0000000.0,2043.53,0.287967,145186018,0000000.0000,0000000.0,28592.72,0.354385,63923.0,0.2573,2030-06-01
NK225E    ,OOP,203006,36250.0,            ,185066218,0000000.0000,0000000.0,2083.58,0.287304,195066218,0000000.0000,0000000.0,28397.17,0.352994,63923.0,0.2573,2030-06-01
NK225E    ,OOP,203006,36500.0,            ,185066518,0000000.0000,0000000.0,2124.06,0.286617,195066518,0000000.0000,0000000.0,28202.05,0.351384,63923.0,0.2573,2030-06-01
NK225E    ,OOP,203006,36750.0,            ,185066718,0000000.0000,0000000.0,2164.99,0.285662,195066718,0000000.0000,0000000.0,28007.37,0.349982,63923.0,0.2573,2030-06-01
NK225E    ,OOP,203006,37000.0,            ,135187018,0000000.0000,0000000.0,2206.35,0.284934,145187018,0000000.0000,0000000.0,27813.14,0.348575,63923.0,0.2573,2030-06-01
NK225E    ,OOP,203006,37250.0,            ,185067218,0000000.0000,0000000.0,2248.58,0.284183,195067218,0000000.0000,0000000.0,27619.77,0.346956,63923.0,0.2573,2030-06-01
NK225E    ,OOP,203006,37500.0,            ,185067518,0000000.0000,0000000.0,2291.29,0.283412,195067518,0000000.0000,0000000.0,27426.87,0.34554,63923.0,0.2573,2030-06-01
NK225E    ,OOP,203006,37750.0,            ,185067718,0000000.0000,0000000.0,2334.43,0.282621,195067718,0000000.0000,0000000.0,27234.42,0.344118,63923.0,0.2573,2030-06-01
NK225E    ,OOP,203006,38000.0,            ,135188018,0000000.0000,0000000.0,2378.05,0.281811,145188018,0000000.0000,0000000.0,27042.43,0.342692,63923.0,0.2573,2030-06-01
NK225E    ,OOP,203006,38250.0,            ,185068218,0000000.0000,0000000.0,2422.56,0.281208,195068218,0000000.0000,0000000.0,26851.34,0.341459,63923.0,0.2573,2030-06-01
NK225E    ,OOP,203006,38500.0,            ,185068518,0000000.0000,0000000.0,2467.53,0.280358,195068518,0000000.0000,0000000.0,26660.71,0.340021,63923.0,0.2573,2030-06-01
NK225E    ,OOP,203006,38750.0,            ,185068718,0000000.0000,0000000.0,2512.98,0.279712,195068718,0000000.0000,0000000.0,26470.56,0.338578,63923.0,0.2573,2030-06-01
NK225E    ,OOP,203006,39000.0,            ,135189018,0000000.0000,0000000.0,2558.92,0.278825,145189018,0000000.0000,0000000.0,26280.9,0.337325,63923.0,0.2573,2030-06-01
NK225E    ,OOP,203006,39250.0,            ,185069218,0000000.0000,0000000.0,2605.74,0.278138,195069218,0000000.0000,0000000.0,26092.11,0.335871,63923.0,0.2573,2030-06-01
NK225E    ,OOP,203006,39500.0,            ,185069518,0000000.0000,0000000.0,2653.06,0.27743,195069518,0000000.0000,0000000.0,25903.84,0.334604,63923.0,0.2573,2030-06-01
NK225E    ,OOP,203006,39750.0,            ,185069718,0000000.0000,0000000.0,2700.88,0.276702,195069718,0000000.0000,0000000.0,25716.05,0.333329,63923.0,0.2573,2030-06-01
NK225E    ,OOP,203006,40000.0,            ,135180018,0000000.0000,0000000.0,2749.18,0.275954,145180018,0000000.0000,0000000.0,25528.75,0.332047,63923.0,0.2573,2030-06-01
NK225E    ,OOP,203006,40250.0,            ,185060218,0000000.0000,0000000.0,2798.41,0.275188,195060218,0000000.0000,0000000.0,25342.38,0.330757,63923.0,0.2573,2030-06-01
NK225E    ,OOP,203006,40500.0,            ,185060518,0000000.0000,0000000.0,2848.15,0.274607,195060518,0000000.0000,0000000.0,25156.52,0.329461,63923.0,0.2573,2030-06-01
NK225E    ,OOP,203006,40750.0,            ,185060718,0000000.0000,0000000.0,2898.39,0.273802,195060718,0000000.0000,0000000.0,24971.15,0.32834,63923.0,0.2573,2030-06-01
NK225E    ,OOP,203006,41000.0,            ,135181018,0000000.0000,0000000.0,2949.16,0.273179,145181018,0000000.0000,0000000.0,24786.32,0.327029,63923.0,0.2573,2030-06-01
NK225E    ,OOP,203006,41250.0,            ,185061218,0000000.0000,0000000.0,3000.87,0.272338,195061218,0000000.0000,0000000.0,24602.43,0.32589,63923.0,0.2573,2030-06-01
NK225E    ,OOP,203006,41500.0,            ,185061518,0000000.0000,0000000.0,3053.1,0.271676,195061518,0000000.0000,0000000.0,24419.06,0.324742,63923.0,0.2573,2030-06-01
NK225E    ,OOP,203006,41750.0,            ,135181718,0000000.0000,0000000.0,3105.85,0.270993,145181718,0000000.0000,0000000.0,24236.21,0.323409,63923.0,0.2573,2030-06-01
NK225E    ,OOP,203006,42000.0,            ,135182018,0000000.0000,0000000.0,3159.15,0.270292,145182018,0000000.0000,0000000.0,24053.91,0.322244,63923.0,0.2573,2030-06-01
NK225E    ,OOP,203006,42250.0,            ,135182218,0000000.0000,0000000.0,3213.42,0.269571,145182218,0000000.0000,0000000.0,23872.58,0.321071,63923.0,0.2573,2030-06-01
NK225E    ,OOP,203006,42500.0,            ,185182518,0000000.0000,0000000.0,3268.23,0.269019,195182518,0000000.0000,0000000.0,23691.79,0.320061,63923.0,0.2573,2030-06-01
NK225E    ,OOP,203006,42750.0,            ,135182718,0000000.0000,0000000.0,3323.57,0.268261,145182718,0000000.0000,0000000.0,23511.53,0.31887,63923.0,0.2573,2030-06-01
NK225E    ,OOP,203006,43000.0,            ,135183018,0000000.0000,0000000.0,3379.45,0.267667,145183018,0000000.0000,0000000.0,23331.81,0.31767,63923.0,0.2573,2030-06-01
NK225E    ,OOP,203006,43250.0,            ,135183218,0000000.0000,0000000.0,3436.35,0.266873,145183218,0000000.0000,0000000.0,23153.1,0.31663,63923.0,0.2573,2030-06-01
NK225E    ,OOP,203006,43500.0,            ,135183518,0000000.0000,0000000.0,3493.82,0.266242,145183518,0000000.0000,0000000.0,22974.97,0.31558,63923.0,0.2573,2030-06-01
NK225E    ,OOP,203006,43750.0,            ,135183718,0000000.0000,0000000.0,3551.84,0.265591,145183718,0000000.0000,0000000.0,22797.39,0.314353,63923.0,0.2573,2030-06-01
NK225E    ,OOP,203006,44000.0,            ,135184018,0000000.0000,0000000.0,3610.41,0.264921,145184018,0000000.0000,0000000.0,22620.36,0.313284,63923.0,0.2573,2030-06-01
NK225E    ,OOP,203006,44250.0,            ,135184218,0000000.0000,0000000.0,3670.04,0.264406,145184218,0000000.0000,0000000.0,22444.39,0.312367,63923.0,0.2573,2030-06-01
NK225E    ,OOP,203006,44500.0,            ,135184518,0000000.0000,0000000.0,3730.25,0.263698,145184518,0000000.0000,0000000.0,22269.0,0.311277,63923.0,0.2573,2030-06-01
NK225E    ,OOP,203006,44750.0,            ,135184718,0000000.0000,0000000.0,3791.04,0.262972,145184718,0000000.0000,0000000.0,22094.19,0.310177,63923.0,0.2573,2030-06-01
NK225E    ,OOP,203006,45000.0,            ,185185018,0000000.0000,0000000.0,3852.39,0.262398,195185018,0000000.0000,0000000.0,21919.94,0.309227,63923.0,0.2573,2030-06-01
NK225E    ,OOP,203006,45250.0,            ,135185218,0000000.0000,0000000.0,3914.83,0.261805,145185218,0000000.0000,0000000.0,21746.77,0.308107,63923.0,0.2573,2030-06-01
NK225E    ,OOP,203006,45500.0,            ,135185518,0000000.0000,0000000.0,3977.87,0.261192,145185518,0000000.0000,0000000.0,21574.22,0.307135,63923.0,0.2573,2030-06-01
NK225E    ,OOP,203006,45750.0,            ,135185718,0000000.0000,0000000.0,4041.5,0.26056,145185718,0000000.0000,0000000.0,21402.24,0.306152,63923.0,0.2573,2030-06-01
NK225E    ,OOP,203006,46000.0,            ,185186018,0000000.0000,0000000.0,4105.72,0.25991,195186018,0000000.0000,0000000.0,21230.86,0.305158,63923.0,0.2573,2030-06-01
NK225E    ,OOP,203006,46250.0,            ,135186218,0000000.0000,0000000.0,4171.08,0.259241,145186218,0000000.0000,0000000.0,21060.62,0.304153,63923.0,0.2573,2030-06-01
NK225E    ,OOP,203006,46500.0,            ,135186518,0000000.0000,0000000.0,4237.04,0.258715,145186518,0000000.0000,0000000.0,20890.98,0.30329,63923.0,0.2573,2030-06-01
NK225E    ,OOP,203006,46750.0,            ,135186718,0000000.0000,0000000.0,4303.6,0.258011,145186718,0000000.0000,0000000.0,20721.93,0.302263,63923.0,0.2573,2030-06-01
NK225E    ,OOP,203006,47000.0,            ,185187018,0000000.0000,0000000.0,4370.79,0.257447,195187018,0000000.0000,0000000.0,20553.52,0.301377,63923.0,0.2573,2030-06-01
NK225E    ,OOP,203006,47250.0,            ,135187218,0000000.0000,0000000.0,4439.16,0.256864,145187218,0000000.0000,0000000.0,20386.3,0.300329,63923.0,0.2573,2030-06-01
NK225E    ,OOP,203006,47500.0,            ,135187518,0000000.0000,0000000.0,4508.18,0.256262,145187518,0000000.0000,0000000.0,20219.72,0.299419,63923.0,0.2573,2030-06-01
NK225E    ,OOP,203006,47750.0,            ,135187718,0000000.0000,0000000.0,4577.78,0.255642,145187718,0000000.0000,0000000.0,20053.72,0.298497,63923.0,0.2573,2030-06-01
NK225E    ,OOP,203006,48000.0,            ,185188018,0000000.0000,0000000.0,4648.04,0.255004,195188018,0000000.0000,0000000.0,19888.37,0.297711,63923.0,0.2573,2030-06-01
NK225E    ,OOP,203006,48250.0,            ,135188218,0000000.0000,0000000.0,4719.51,0.254499,145188218,0000000.0000,0000000.0,19724.24,0.296766,63923.0,0.2573,2030-06-01
NK225E    ,OOP,203006,48500.0,            ,135188518,0000000.0000,0000000.0,4791.64,0.253975,145188518,0000000.0000,0000000.0,19560.77,0.295954,63923.0,0.2573,2030-06-01
NK225E    ,OOP,203006,48750.0,            ,135188718,0000000.0000,0000000.0,4864.4,0.253283,145188718,0000000.0000,0000000.0,19397.93,0.294985,63923.0,0.2573,2030-06-01
NK225E    ,OOP,203006,49000.0,            ,185189018,0000000.0000,0000000.0,4937.76,0.252722,195189018,0000000.0000,0000000.0,19235.69,0.294148,63923.0,0.2573,2030-06-01
NK225E    ,OOP,203006,49250.0,            ,135189218,0000000.0000,0000000.0,5012.48,0.252143,145189218,0000000.0000,0000000.0,19074.8,0.293299,63923.0,0.2573,2030-06-01
NK225E    ,OOP,203006,49500.0,            ,135189518,0000000.0000,0000000.0,5087.87,0.25169,145189518,0000000.0000,0000000.0,18914.6,0.292438,63923.0,0.2573,2030-06-01
NK225E    ,OOP,203006,49750.0,            ,135189718,0000000.0000,0000000.0,5163.88,0.251074,145189718,0000000.0000,0000000.0,18755.0,0.291564,63923.0,0.2573,2030-06-01
NK225E    ,OOP,203006,50000.0,            ,185180018,0000000.0000,0000000.0,5240.53,0.250584,195180018,0000000.0000,0000000.0,18596.05,0.290818,63923.0,0.2573,2030-06-01
NK225E    ,OOP,203006,50250.0,            ,135180218,0000000.0000,0000000.0,5318.58,0.249932,145180218,0000000.0000,0000000.0,18438.5,0.290058,63923.0,0.2573,2030-06-01
NK225E    ,OOP,203006,50500.0,            ,135180518,0000000.0000,0000000.0,5397.24,0.249405,145180518,0000000.0000,0000000.0,18281.56,0.289147,63923.0,0.2573,2030-06-01
NK225E    ,OOP,203006,50750.0,            ,135180718,0000000.0000,0000000.0,5476.64,0.248859,145180718,0000000.0000,0000000.0,18125.36,0.288362,63923.0,0.2573,2030-06-01
NK225E    ,OOP,203006,51000.0,            ,185181018,0000000.0000,0000000.0,5556.67,0.248434,195181018,0000000.0000,0000000.0,17969.79,0.287564,63923.0,0.2573,2030-06-01
NK225E    ,OOP,203006,51250.0,            ,135181218,0000000.0000,0000000.0,5638.09,0.247852,145181218,0000000.0000,0000000.0,17815.61,0.286888,63923.0,0.2573,2030-06-01
NK225E    ,OOP,203006,51500.0,            ,135181518,0000000.0000,0000000.0,5720.26,0.247389,145181518,0000000.0000,0000000.0,17662.17,0.286064,63923.0,0.2573,2030-06-01
NK225E    ,OOP,203006,51750.0,            ,185181718,0000000.0000,0000000.0,5803.06,0.246771,195181718,0000000.0000,0000000.0,17509.37,0.285361,63923.0,0.2573,2030-06-01
NK225E    ,OOP,203006,52000.0,            ,185182018,0000000.0000,0000000.0,5886.57,0.246272,195182018,0000000.0000,0000000.0,17357.29,0.284644,63923.0,0.2573,2030-06-01
NK225E    ,OOP,203006,52250.0,            ,185182218,0000000.0000,0000000.0,5971.55,0.245754,195182218,0000000.0000,0000000.0,17206.66,0.283914,63923.0,0.2573,2030-06-01
NK225E    ,OOP,203006,52500.0,            ,135302518,0000000.0000,0000000.0,6057.26,0.245352,145302518,0000000.0000,0000000.0,17056.77,0.28317,63923.0,0.2573,2030-06-01
NK225E    ,OOP,203006,52750.0,            ,185182718,0000000.0000,0000000.0,6143.65,0.244798,195182718,0000000.0000,0000000.0,16907.56,0.282413,63923.0,0.2573,2030-06-01
NK225E    ,OOP,203006,53000.0,            ,185183018,0000000.0000,0000000.0,6230.73,0.244358,195183018,0000000.0000,0000000.0,16759.04,0.281643,63923.0,0.2573,2030-06-01
NK225E    ,OOP,203006,53250.0,            ,185183218,0000000.0000,0000000.0,6319.35,0.243899,195183218,0000000.0000,0000000.0,16612.05,0.28099,63923.0,0.2573,2030-06-01
NK225E    ,OOP,203006,53500.0,            ,185183518,0000000.0000,0000000.0,6408.7,0.243422,195183518,0000000.0000,0000000.0,16465.81,0.280323,63923.0,0.2573,2030-06-01
NK225E    ,OOP,203006,53750.0,            ,185183718,0000000.0000,0000000.0,6498.68,0.242927,195183718,0000000.0000,0000000.0,16320.18,0.279642,63923.0,0.2573,2030-06-01
NK225E    ,OOP,203006,54000.0,            ,185184018,0000000.0000,0000000.0,6589.48,0.242415,195184018,0000000.0000,0000000.0,16175.38,0.278948,63923.0,0.2573,2030-06-01
NK225E    ,OOP,203006,54250.0,            ,185184218,0000000.0000,0000000.0,6681.84,0.242012,195184218,0000000.0000,0000000.0,16032.14,0.278366,63923.0,0.2573,2030-06-01
NK225E    ,OOP,203006,54500.0,            ,185184518,0000000.0000,0000000.0,6774.92,0.241464,195184518,0000000.0000,0000000.0,15889.62,0.277644,63923.0,0.2573,2030-06-01
NK225E    ,OOP,203006,54750.0,            ,185184718,0000000.0000,0000000.0,6868.7,0.241025,195184718,0000000.0000,0000000.0,15747.8,0.277035,63923.0,0.2573,2030-06-01
NK225E    ,OOP,203006,55000.0,            ,135305018,0000000.0000,0000000.0,6963.24,0.240568,145305018,0000000.0000,0000000.0,15606.74,0.276411,63923.0,0.2573,2030-06-01
NK225E    ,OOP,203006,55250.0,            ,185185218,0000000.0000,0000000.0,7059.42,0.240218,195185218,0000000.0000,0000000.0,15467.32,0.275773,63923.0,0.2573,2030-06-01
NK225E    ,OOP,203006,55500.0,            ,185185518,0000000.0000,0000000.0,7156.36,0.239725,195185518,0000000.0000,0000000.0,15328.66,0.275245,63923.0,0.2573,2030-06-01
NK225E    ,OOP,203006,55750.0,            ,185185718,0000000.0000,0000000.0,7254.03,0.239338,195185718,0000000.0000,0000000.0,15190.72,0.274579,63923.0,0.2573,2030-06-01
NK225E    ,OOP,203006,56000.0,            ,135306018,0000000.0000,0000000.0,7352.41,0.23881,145306018,0000000.0000,0000000.0,15053.51,0.274022,63923.0,0.2573,2030-06-01
NK225E    ,OOP,203006,56250.0,            ,185186218,0000000.0000,0000000.0,7452.51,0.23851,195186218,0000000.0000,0000000.0,14918.0,0.273451,63923.0,0.2573,2030-06-01
NK225E    ,OOP,203006,56500.0,            ,185186518,0000000.0000,0000000.0,7553.37,0.238068,195186518,0000000.0000,0000000.0,14783.26,0.272866,63923.0,0.2573,2030-06-01
NK225E    ,OOP,203006,56750.0,            ,185186718,0000000.0000,0000000.0,7654.93,0.23761,195186718,0000000.0000,0000000.0,14649.22,0.272266,63923.0,0.2573,2030-06-01
NK225E    ,OOP,203006,57000.0,            ,135307018,0000000.0000,0000000.0,7757.26,0.237254,145307018,0000000.0000,0000000.0,14515.95,0.271773,63923.0,0.2573,2030-06-01
NK225E    ,OOP,203006,57250.0,            ,185187218,0000000.0000,0000000.0,7861.37,0.23688,195187218,0000000.0000,0000000.0,14384.45,0.271145,63923.0,0.2573,2030-06-01
NK225E    ,OOP,203006,57500.0,            ,185187518,0000000.0000,0000000.0,7966.21,0.236489,195187518,0000000.0000,0000000.0,14253.7,0.270623,63923.0,0.2573,2030-06-01
NK225E    ,OOP,203006,57750.0,            ,185187718,0000000.0000,0000000.0,8071.8,0.236079,195187718,0000000.0000,0000000.0,14123.68,0.270087,63923.0,0.2573,2030-06-01
NK225E    ,OOP,203006,58000.0,            ,135308018,0000000.0000,0000000.0,8178.16,0.235652,145308018,0000000.0000,0000000.0,13994.45,0.269655,63923.0,0.2573,2030-06-01
NK225E    ,OOP,203006,58250.0,            ,185188218,0000000.0000,0000000.0,8286.33,0.235325,195188218,0000000.0000,0000000.0,13867.01,0.26909,63923.0,0.2573,2030-06-01
NK225E    ,OOP,203006,58500.0,            ,185188518,0000000.0000,0000000.0,8395.28,0.234981,195188518,0000000.0000,0000000.0,13740.36,0.268628,63923.0,0.2573,2030-06-01
NK225E    ,OOP,203006,58750.0,            ,185188718,0000000.0000,0000000.0,8504.94,0.234618,195188718,0000000.0000,0000000.0,13614.41,0.268152,63923.0,0.2573,2030-06-01
NK225E    ,OOP,203006,59000.0,            ,135309018,0000000.0000,0000000.0,8615.38,0.234238,145309018,0000000.0000,0000000.0,13489.26,0.267661,63923.0,0.2573,2030-06-01
NK225E    ,OOP,203006,59250.0,            ,185189218,0000000.0000,0000000.0,8727.68,0.233957,195189218,0000000.0000,0000000.0,13365.96,0.267156,63923.0,0.2573,2030-06-01
NK225E    ,OOP,203006,59500.0,            ,185189518,0000000.0000,0000000.0,8840.74,0.233541,195189518,0000000.0000,0000000.0,13243.41,0.266752,63923.0,0.2573,2030-06-01
NK225E    ,OOP,203006,59750.0,            ,185189718,0000000.0000,0000000.0,8954.54,0.233224,195189718,0000000.0000,0000000.0,13121.62,0.266334,63923.0,0.2573,2030-06-01
NK225E    ,OOP,203006,60000.0,            ,135300018,0000000.0000,0000000.0,9069.1,0.232889,145300018,0000000.0000,0000000.0,13000.57,0.265901,63923.0,0.2573,2030-06-01
NK225E    ,OOP,203006,60250.0,            ,185180218,0000000.0000,0000000.0,9185.58,0.232537,195180218,0000000.0000,0000000.0,12881.45,0.265453,63923.0,0.2573,2030-06-01
NK225E    ,OOP,203006,60500.0,            ,185180518,0000000.0000,0000000.0,9302.81,0.232282,195180518,0000000.0000,0000000.0,12763.08,0.264991,63923.0,0.2573,2030-06-01
NK225E    ,OOP,203006,60750.0,            ,185180718,0000000.0000,0000000.0,9420.79,0.232008,195180718,0000000.0000,0000000.0,12645.46,0.264629,63923.0,0.2573,2030-06-01
NK225E    ,OOP,203006,61000.0,            ,135301018,0000000.0000,0000000.0,9539.52,0.231604,145301018,0000000.0000,0000000.0,12528.59,0.264138,63923.0,0.2573,2030-06-01
NK225E    ,OOP,203006,61250.0,            ,185181218,0000000.0000,0000000.0,9660.19,0.231408,195181218,0000000.0000,0000000.0,12413.66,0.263746,63923.0,0.2573,2030-06-01
NK225E    ,OOP,203006,61500.0,            ,185181518,0000000.0000,0000000.0,9781.61,0.231082,195181518,0000000.0000,0000000.0,12299.48,0.263454,63923.0,0.2573,2030-06-01
NK225E    ,OOP,203006,61750.0,            ,135301718,0000000.0000,0000000.0,9903.79,0.230739,145301718,0000000.0000,0000000.0,12186.05,0.263033,63923.0,0.2573,2030-06-01
NK225E    ,OOP,203006,62000.0,            ,135302018,0000000.0000,0000000.0,10026.76,0.230491,145302018,0000000.0000,0000000.0,12073.42,0.26271,63923.0,0.2573,2030-06-01
NK225E    ,OOP,203006,62250.0,            ,135302218,0000000.0000,0000000.0,10151.63,0.230226,145302218,0000000.0000,0000000.0,11962.7,0.26226,63923.0,0.2573,2030-06-01
NK225E    ,OOP,203006,62500.0,            ,135182518,0000000.0000,0000000.0,10277.31,0.229943,145182518,0000000.0000,0000000.0,11852.77,0.262021,63923.0,0.2573,2030-06-01
NK225E    ,OOP,203006,62750.0,            ,135302718,0000000.0000,0000000.0,10403.68,0.229755,145302718,0000000.0000,0000000.0,11743.54,0.261654,63923.0,0.2573,2030-06-01
NK225E    ,OOP,203006,63000.0,            ,135303018,0000000.0000,0000000.0,10530.85,0.229438,145303018,0000000.0000,0000000.0,11635.11,0.261274,63923.0,0.2573,2030-06-01
NK225E    ,OOP,203006,63250.0,            ,135303218,0000000.0000,0000000.0,10659.93,0.229214,145303218,0000000.0000,0000000.0,11528.59,0.26099,63923.0,0.2573,2030-06-01
NK225E    ,OOP,203006,63500.0,            ,135303518,0000000.0000,0000000.0,10789.81,0.228974,145303518,0000000.0000,0000000.0,11422.86,0.260691,63923.0,0.2573,2030-06-01
NK225E    ,OOP,203006,63750.0,            ,135303718,0000000.0000,0000000.0,10920.38,0.228717,145303718,0000000.0000,0000000.0,11317.83,0.260378,63923.0,0.2573,2030-06-01
NK225E    ,OOP,203006,64000.0,            ,135304018,0000000.0000,0000000.0,11051.74,0.228553,145304018,0000000.0000,0000000.0,11213.59,0.260051,63923.0,0.2573,2030-06-01
NK225E    ,OOP,203006,64250.0,            ,135304218,0000000.0000,0000000.0,11185.02,0.228262,145304218,0000000.0000,0000000.0,11111.27,0.259819,63923.0,0.2573,2030-06-01
NK225E    ,OOP,203006,64500.0,            ,135304518,0000000.0000,0000000.0,11319.08,0.228064,145304518,0000000.0000,0000000.0,11009.73,0.259463,63923.0,0.2573,2030-06-01
NK225E    ,OOP,203006,64750.0,            ,135304718,0000000.0000,0000000.0,11453.88,0.227849,145304718,0000000.0000,0000000.0,10908.93,0.259203,63923.0,0.2573,2030-06-01
NK225E    ,OOP,203006,65000.0,            ,185305018,0000000.0000,0000000.0,11589.41,0.227617,195305018,0000000.0000,0000000.0,10808.86,0.258928,63923.0,0.2573,2030-06-01
NK225E    ,OOP,203006,65250.0,            ,135305218,0000000.0000,0000000.0,11726.87,0.227478,145305218,0000000.0000,0000000.0,10710.72,0.258749,63923.0,0.2573,2030-06-01
NK225E    ,OOP,203006,65500.0,            ,135305518,0000000.0000,0000000.0,11865.06,0.227322,145305518,0000000.0000,0000000.0,10613.3,0.258446,63923.0,0.2573,2030-06-01
NK225E    ,OOP,203006,65750.0,            ,135305718,0000000.0000,0000000.0,12003.97,0.227041,145305718,0000000.0000,0000000.0,10516.62,0.258238,63923.0,0.2573,2030-06-01
NK225E    ,OOP,203006,66000.0,            ,185306018,0000000.0000,0000000.0,12143.66,0.226852,195306018,0000000.0000,0000000.0,10420.7,0.258015,63923.0,0.2573,2030-06-01
NK225E    ,OOP,203006,66250.0,            ,135306218,0000000.0000,0000000.0,12285.21,0.226755,145306218,0000000.0000,0000000.0,10326.66,0.257779,63923.0,0.2573,2030-06-01
NK225E    ,OOP,203006,66500.0,            ,135306518,0000000.0000,0000000.0,12427.54,0.226533,145306518,0000000.0000,0000000.0,10233.38,0.257637,63923.0,0.2573,2030-06-01
NK225E    ,OOP,203006,66750.0,            ,135306718,0000000.0000,0000000.0,12570.53,0.226403,145306718,0000000.0000,0000000.0,10140.77,0.257373,63923.0,0.2573,2030-06-01
NK225E    ,OOP,203006,67000.0,            ,185307018,0000000.0000,0000000.0,12714.29,0.226257,195307018,0000000.0000,0000000.0,10048.92,0.257203,63923.0,0.2573,2030-06-01
NK225E    ,OOP,203006,67250.0,            ,135307218,0000000.0000,0000000.0,12859.86,0.226095,145307218,0000000.0000,0000000.0,9958.9,0.257019,63923.0,0.2573,2030-06-01
NK225E    ,OOP,203006,67500.0,            ,135307518,0000000.0000,0000000.0,13006.19,0.225917,145307518,0000000.0000,0000000.0,9869.62,0.256821,63923.0,0.2573,2030-06-01
NK225E    ,OOP,203006,67750.0,            ,135307718,0000000.0000,0000000.0,13153.17,0.22583,145307718,0000000.0000,0000000.0,9781.01,0.256717,63923.0,0.2573,2030-06-01
NK225E    ,OOP,203006,68000.0,            ,185308018,0000000.0000,0000000.0,13300.9,0.225728,195308018,0000000.0000,0000000.0,9693.14,0.256492,63923.0,0.2573,2030-06-01
NK225E    ,OOP,203006,68250.0,            ,135308218,0000000.0000,0000000.0,13450.44,0.22561,145308218,0000000.0000,0000000.0,9607.08,0.256361,63923.0,0.2573,2030-06-01
NK225E    ,OOP,203006,68500.0,            ,135308518,0000000.0000,0000000.0,13600.68,0.225476,145308518,0000000.0000,0000000.0,9521.71,0.256216,63923.0,0.2573,2030-06-01
NK225E    ,OOP,203006,68750.0,            ,135308718,0000000.0000,0000000.0,13751.6,0.225326,145308718,0000000.0000,0000000.0,9437.03,0.256057,63923.0,0.2573,2030-06-01
NK225E    ,OOP,203006,69000.0,            ,185309018,0000000.0000,0000000.0,13903.21,0.225161,195309018,0000000.0000,0000000.0,9353.04,0.255993,63923.0,0.2573,2030-06-01
NK225E    ,OOP,203006,69250.0,            ,135309218,0000000.0000,0000000.0,14056.57,0.225088,145309218,0000000.0000,0000000.0,9270.79,0.255807,63923.0,0.2573,2030-06-01
NK225E    ,OOP,203006,69500.0,            ,135309518,0000000.0000,0000000.0,14210.6,0.224999,145309518,0000000.0000,0000000.0,9189.23,0.255716,63923.0,0.2573,2030-06-01
NK225E    ,OOP,203006,69750.0,            ,135309718,0000000.0000,0000000.0,14365.31,0.224895,145309718,0000000.0000,0000000.0,9108.34,0.255611,63923.0,0.2573,2030-06-01
NK225E    ,OOP,203006,70000.0,            ,185300018,0000000.0000,0000000.0,14520.69,0.224776,195300018,0000000.0000,0000000.0,9028.11,0.255493,63923.0,0.2573,2030-06-01
NK225E    ,OOP,203006,70250.0,            ,135300218,0000000.0000,0000000.0,14677.71,0.224749,145300218,0000000.0000,0000000.0,8949.53,0.255362,63923.0,0.2573,2030-06-01
NK225E    ,OOP,203006,70500.0,            ,135300518,0000000.0000,0000000.0,14835.44,0.224707,145300518,0000000.0000,0000000.0,8871.66,0.255325,63923.0,0.2573,2030-06-01
NK225E    ,OOP,203006,70750.0,            ,135300718,0000000.0000,0000000.0,14993.77,0.224542,145300718,0000000.0000,0000000.0,8794.39,0.255275,63923.0,0.2573,2030-06-01
NK225E    ,OOP,203006,71000.0,            ,185301018,0000000.0000,0000000.0,15152.8,0.22447,195301018,0000000.0000,0000000.0,8717.82,0.255211,63923.0,0.2573,2030-06-01
NK225E    ,OOP,203006,71250.0,            ,135301218,0000000.0000,0000000.0,15313.37,0.224491,145301218,0000000.0000,0000000.0,8642.79,0.255135,63923.0,0.2573,2030-06-01
NK225E    ,OOP,203006,71500.0,            ,135301518,0000000.0000,0000000.0,15474.62,0.224389,145301518,0000000.0000,0000000.0,8568.44,0.255046,63923.0,0.2573,2030-06-01
NK225E    ,OOP,203006,71750.0,            ,185301718,0000000.0000,0000000.0,15636.47,0.22438,195301718,0000000.0000,0000000.0,8494.68,0.254944,63923.0,0.2573,2030-06-01
NK225E    ,OOP,203006,72000.0,            ,185302018,0000000.0000,0000000.0,15798.99,0.22425,195302018,0000000.0000,0000000.0,8421.6,0.254937,63923.0,0.2573,2030-06-01
NK225E    ,OOP,203006,72250.0,            ,185302218,0000000.0000,0000000.0,15962.93,0.224212,195302218,0000000.0000,0000000.0,8349.94,0.254917,63923.0,0.2573,2030-06-01
NK225E    ,OOP,203006,72500.0,            ,185302518,0000000.0000,0000000.0,16127.5,0.22416,195302518,0000000.0000,0000000.0,8278.91,0.254884,63923.0,0.2573,2030-06-01
NK225E    ,OOP,203006,72750.0,            ,185302718,0000000.0000,0000000.0,16292.68,0.224093,195302718,0000000.0000,0000000.0,8208.49,0.254839,63923.0,0.2573,2030-06-01
NK225E    ,OOP,203006,73000.0,            ,185303018,0000000.0000,0000000.0,16458.47,0.22412,195303018,0000000.0000,0000000.0,8138.68,0.254782,63923.0,0.2573,2030-06-01
NK225E    ,OOP,203006,73250.0,            ,185303218,0000000.0000,0000000.0,16625.58,0.224026,195303218,0000000.0000,0000000.0,8070.18,0.254712,63923.0,0.2573,2030-06-01
NK225E    ,OOP,203006,73500.0,            ,185303518,0000000.0000,0000000.0,16793.33,0.224025,195303518,0000000.0000,0000000.0,8002.34,0.254738,63923.0,0.2573,2030-06-01
NK225E    ,OOP,203006,73750.0,            ,185303718,0000000.0000,0000000.0,16961.63,0.22401,195303718,0000000.0000,0000000.0,7935.04,0.254751,63923.0,0.2573,2030-06-01
NK225E    ,OOP,203006,74000.0,            ,185304018,0000000.0000,0000000.0,17130.57,0.223982,195304018,0000000.0000,0000000.0,7868.38,0.254752,63923.0,0.2573,2030-06-01
NK225E    ,OOP,203006,74250.0,            ,185304218,0000000.0000,0000000.0,17300.66,0.22394,195304218,0000000.0000,0000000.0,7802.87,0.254741,63923.0,0.2573,2030-06-01
NK225E    ,OOP,203006,74500.0,            ,185304518,0000000.0000,0000000.0,17471.33,0.223884,195304518,0000000.0000,0000000.0,7737.94,0.254718,63923.0,0.2573,2030-06-01
NK225E    ,OOP,203006,74750.0,            ,185304718,0000000.0000,0000000.0,17642.58,0.223923,195304718,0000000.0000,0000000.0,7673.59,0.254683,63923.0,0.2573,2030-06-01
NK225E    ,OOP,203006,75000.0,            ,135425018,0000000.0000,0000000.0,17814.45,0.22384,145425018,0000000.0000,0000000.0,7609.85,0.254744,63923.0,0.2573,2030-06-01
NK225E    ,OOP,203006,75250.0,            ,185305218,0000000.0000,0000000.0,17987.31,0.223852,195305218,0000000.0000,0000000.0,7547.11,0.254686,63923.0,0.2573,2030-06-01
NK225E    ,OOP,203006,75500.0,            ,185305518,0000000.0000,0000000.0,18160.73,0.223851,195305518,0000000.0000,0000000.0,7484.92,0.254724,63923.0,0.2573,2030-06-01
NK225E    ,OOP,203006,75750.0,            ,185305718,0000000.0000,0000000.0,18334.7,0.223837,195305718,0000000.0000,0000000.0,7423.3,0.25475,63923.0,0.2573,2030-06-01
NK225E    ,OOP,203006,76000.0,            ,135426018,0000000.0000,0000000.0,18509.28,0.22381,145426018,0000000.0000,0000000.0,7362.27,0.254765,63923.0,0.2573,2030-06-01
NK225E    ,OOP,203006,76250.0,            ,185306218,0000000.0000,0000000.0,18684.63,0.223879,195306218,0000000.0000,0000000.0,7302.03,0.254769,63923.0,0.2573,2030-06-01
NK225E    ,OOP,203006,77500.0,            ,185307518,0000000.0000,0000000.0,19569.64,0.223814,195307518,0000000.0000,0000000.0,7009.03,0.254943,63923.0,0.2573,2030-06-01
NK225E    ,OOP,203006,80000.0,            ,135420018,0000000.0000,0000000.0,21378.1,0.22364,145420018,0000000.0000,0000000.0,6461.48,0.255246,63923.0,0.2573,2030-06-01
NK225E    ,OOP,203006,85000.0,            ,185425018,0000000.0000,0000000.0,25082.85,0.221918,195425018,0000000.0000,0000000.0,5454.2,0.254931,63923.0,0.2573,2030-06-01
NK225E    ,OOP,203006,90000.0,            ,185420018,0000000.0000,0000000.0,28776.37,0.2152,195420018,0000000.0000,0000000.0,4435.7,0.250428,63923.0,0.2573,2030-06-01
NK225E    ,OOP,203012,15000.0,            ,185125018,0000000.0000,0000000.0,80.95,0.311507,195125018,0000000.0000,0000000.0,46136.32,0.614703,63923.0,0.2573,2030-12-01
NK225E    ,OOP,203012,16000.0,            ,185126018,0000000.0000,0000000.0,110.7,0.311426,195126018,0000000.0000,0000000.0,45231.08,0.590108,63923.0,0.2573,2030-12-01
NK225E    ,OOP,203012,17000.0,            ,185127018,0000000.0000,0000000.0,147.43,0.31116,195127018,0000000.0000,0000000.0,44332.82,0.567773,63923.0,0.2573,2030-12-01
NK225E    ,OOP,203012,18000.0,            ,185128018,0000000.0000,0000000.0,191.92,0.310886,195128018,0000000.0000,0000000.0,43442.32,0.54823,63923.0,0.2573,2030-12-01
NK225E    ,OOP,203012,19000.0,            ,185129018,0000000.0000,0000000.0,244.88,0.310687,195129018,0000000.0000,0000000.0,42560.28,0.52989,63923.0,0.2573,2030-12-01
NK225E    ,OOP,203012,20000.0,            ,185120018,0000000.0000,0000000.0,306.99,0.310398,195120018,0000000.0000,0000000.0,41687.4,0.513374,63923.0,0.2573,2030-12-01
NK225E    ,OOP,203012,21000.0,            ,185121018,0000000.0000,0000000.0,378.89,0.310812,195121018,0000000.0000,0000000.0,40824.31,0.498817,63923.0,0.2573,2030-12-01
NK225E    ,OOP,203012,21750.0,            ,185121718,0000000.0000,0000000.0,439.59,0.310542,195121718,0000000.0000,0000000.0,40183.77,0.488253,63923.0,0.2573,2030-12-01
NK225E    ,OOP,203012,22000.0,            ,185122018,0000000.0000,0000000.0,461.16,0.31052,195122018,0000000.0000,0000000.0,39971.59,0.485276,63923.0,0.2573,2030-12-01
NK225E    ,OOP,203012,22250.0,            ,185122218,0000000.0000,0000000.0,483.41,0.310405,195122218,0000000.0000,0000000.0,39760.1,0.481981,63923.0,0.2573,2030-12-01
NK225E    ,OOP,203012,22500.0,            ,135122518,0000000.0000,0000000.0,506.35,0.310204,145122518,0000000.0000,0000000.0,39549.29,0.478721,63923.0,0.2573,2030-12-01
NK225E    ,OOP,203012,22750.0,            ,135122718,0000000.0000,0000000.0,529.99,0.309926,145122718,0000000.0000,0000000.0,39339.18,0.475831,63923.0,0.2573,2030-12-01
NK225E    ,OOP,203012,23000.0,            ,135123018,0000000.0000,0000000.0,554.33,0.310226,145123018,0000000.0000,0000000.0,39129.78,0.472966,63923.0,0.2573,2030-12-01
NK225E    ,OOP,203012,23250.0,            ,135123218,0000000.0000,0000000.0,579.39,0.31042,145123218,0000000.0000,0000000.0,38921.08,0.470125,63923.0,0.2573,2030-12-01
NK225E    ,OOP,203012,23500.0,            ,135123518,0000000.0000,0000000.0,605.16,0.309908,145123518,0000000.0000,0000000.0,38713.11,0.467307,63923.0,0.2573,2030-12-01
NK225E    ,OOP,203012,23750.0,            ,135123718,0000000.0000,0000000.0,631.66,0.309934,145123718,0000000.0000,0000000.0,38505.86,0.464513,63923.0,0.2573,2030-12-01
NK225E    ,OOP,203012,24000.0,            ,135124018,0000000.0000,0000000.0,658.9,0.309877,145124018,0000000.0000,0000000.0,38299.35,0.461741,63923.0,0.2573,2030-12-01
NK225E    ,OOP,203012,24250.0,            ,135124218,0000000.0000,0000000.0,686.87,0.309743,145124218,0000000.0000,0000000.0,38093.57,0.458991,63923.0,0.2573,2030-12-01
NK225E    ,OOP,203012,24500.0,            ,135124518,0000000.0000,0000000.0,715.58,0.310079,145124518,0000000.0000,0000000.0,37888.54,0.456573,63923.0,0.2573,2030-12-01
NK225E    ,OOP,203012,24750.0,            ,135124718,0000000.0000,0000000.0,745.05,0.309794,145124718,0000000.0000,0000000.0,37684.26,0.454168,63923.0,0.2573,2030-12-01
NK225E    ,OOP,203012,25000.0,            ,135125018,0000000.0000,0000000.0,775.27,0.309959,145125018,0000000.0000,0000000.0,37480.73,0.451475,63923.0,0.2573,2030-12-01
NK225E    ,OOP,203012,25250.0,            ,135125218,0000000.0000,0000000.0,806.26,0.309545,145125218,0000000.0000,0000000.0,37277.97,0.449101,63923.0,0.2573,2030-12-01
NK225E    ,OOP,203012,25500.0,            ,135125518,0000000.0000,0000000.0,838.01,0.309564,145125518,0000000.0000,0000000.0,37075.97,0.447036,63923.0,0.2573,2030-12-01
NK225E    ,OOP,203012,25750.0,            ,135125718,0000000.0000,0000000.0,870.53,0.30951,145125718,0000000.0000,0000000.0,36874.75,0.444685,63923.0,0.2573,2030-12-01
NK225E    ,OOP,203012,26000.0,            ,135126018,0000000.0000,0000000.0,903.84,0.309389,145126018,0000000.0000,0000000.0,36674.31,0.442346,63923.0,0.2573,2030-12-01
NK225E    ,OOP,203012,26250.0,            ,135126218,0000000.0000,0000000.0,937.92,0.309653,145126218,0000000.0000,0000000.0,36474.65,0.440306,63923.0,0.2573,2030-12-01
NK225E    ,OOP,203012,26500.0,            ,135126518,0000000.0000,0000000.0,972.8,0.309401,145126518,0000000.0000,0000000.0,36275.77,0.437989,63923.0,0.2573,2030-12-01
NK225E    ,OOP,203012,26750.0,            ,135126718,0000000.0000,0000000.0,1008.46,0.309519,145126718,0000000.0000,0000000.0,36077.69,0.435964,63923.0,0.2573,2030-12-01
NK225E    ,OOP,203012,27000.0,            ,135127018,0000000.0000,0000000.0,1044.92,0.309567,145127018,0000000.0000,0000000.0,35880.4,0.433944,63923.0,0.2573,2030-12-01
NK225E    ,OOP,203012,27250.0,            ,135127218,0000000.0000,0000000.0,1071.97,0.308739,145127218,0000000.0000,0000000.0,35673.7,0.431657,63923.0,0.2573,2030-12-01
NK225E    ,OOP,203012,27500.0,            ,135127518,0000000.0000,0000000.0,1099.38,0.307883,145127518,0000000.0000,0000000.0,35467.37,0.429111,63923.0,0.2573,2030-12-01
NK225E    ,OOP,203012,27750.0,            ,135127718,0000000.0000,0000000.0,1127.17,0.307,145127718,0000000.0000,0000000.0,35261.41,0.426582,63923.0,0.2573,2030-12-01
NK225E    ,OOP,203012,28000.0,            ,135128018,0000000.0000,0000000.0,1155.35,0.306093,145128018,0000000.0000,0000000.0,35055.83,0.424334,63923.0,0.2573,2030-12-01
NK225E    ,OOP,203012,28250.0,            ,135128218,0000000.0000,0000000.0,1183.91,0.305163,145128218,0000000.0000,0000000.0,34850.65,0.421835,63923.0,0.2573,2030-12-01
NK225E    ,OOP,203012,28500.0,            ,135128518,0000000.0000,0000000.0,1212.85,0.30421,145128518,0000000.0000,0000000.0,34645.85,0.419611,63923.0,0.2573,2030-12-01
NK225E    ,OOP,203012,28750.0,            ,135128718,0000000.0000,0000000.0,1242.16,0.3036,145128718,0000000.0000,0000000.0,34441.41,0.417141,63923.0,0.2573,2030-12-01
NK225E    ,OOP,203012,29000.0,            ,135129018,0000000.0000,0000000.0,1271.86,0.302601,145129018,0000000.0000,0000000.0,34237.36,0.414941,63923.0,0.2573,2030-12-01
NK225E    ,OOP,203012,29250.0,            ,135129218,0000000.0000,0000000.0,1301.98,0.301933,145129218,0000000.0000,0000000.0,34033.73,0.412751,63923.0,0.2573,2030-12-01
NK225E    ,OOP,203012,29500.0,            ,135129518,0000000.0000,0000000.0,1332.49,0.300892,145129518,0000000.0000,0000000.0,33830.49,0.41057,63923.0,0.2573,2030-12-01
NK225E    ,OOP,203012,29750.0,            ,135129718,0000000.0000,0000000.0,1363.36,0.300172,145129718,0000000.0000,0000000.0,33627.61,0.4084,63923.0,0.2573,2030-12-01
NK225E    ,OOP,203012,30000.0,            ,135120018,0000000.0000,0000000.0,1394.63,0.299426,145120018,0000000.0000,0000000.0,33425.13,0.406238,63923.0,0.2573,2030-12-01
NK225E    ,OOP,203012,30250.0,            ,135120218,0000000.0000,0000000.0,1426.35,0.298654,145120218,0000000.0000,0000000.0,33223.1,0.404086,63923.0,0.2573,2030-12-01
NK225E    ,OOP,203012,30500.0,            ,135120518,0000000.0000,0000000.0,1458.45,0.297857,145120518,0000000.0000,0000000.0,33021.46,0.401944,63923.0,0.2573,2030-12-01
NK225E    ,OOP,203012,30750.0,            ,135120718,0000000.0000,0000000.0,1490.94,0.297037,145120718,0000000.0000,0000000.0,32820.2,0.39981,63923.0,0.2573,2030-12-01
NK225E    ,OOP,203012,31000.0,            ,135121018,0000000.0000,0000000.0,1523.82,0.296195,145121018,0000000.0000,0000000.0,32619.33,0.397685,63923.0,0.2573,2030-12-01
NK225E    ,OOP,203012,31250.0,            ,135121218,0000000.0000,0000000.0,1557.21,0.295332,145121218,0000000.0000,0000000.0,32418.97,0.395802,63923.0,0.2573,2030-12-01
NK225E    ,OOP,203012,31500.0,            ,135121518,0000000.0000,0000000.0,1590.98,0.294448,145121518,0000000.0000,0000000.0,32218.99,0.393691,63923.0,0.2573,2030-12-01
NK225E    ,OOP,203012,31750.0,            ,135121718,0000000.0000,0000000.0,1625.14,0.293545,145121718,0000000.0000,0000000.0,32019.41,0.391819,63923.0,0.2573,2030-12-01
NK225E    ,OOP,203012,32000.0,            ,135122018,0000000.0000,0000000.0,1659.7,0.292916,145122018,0000000.0000,0000000.0,31820.22,0.389723,63923.0,0.2573,2030-12-01
NK225E    ,OOP,203012,32250.0,            ,135122218,0000000.0000,0000000.0,1694.8,0.291973,145122218,0000000.0000,0000000.0,31621.57,0.38786,63923.0,0.2573,2030-12-01
NK225E    ,OOP,203012,32500.0,            ,185122518,0000000.0000,0000000.0,1730.29,0.291297,195122518,0000000.0000,0000000.0,31423.31,0.386002,63923.0,0.2573,2030-12-01
NK225E    ,OOP,203012,32750.0,            ,185122718,0000000.0000,0000000.0,1766.17,0.290316,195122718,0000000.0000,0000000.0,31225.45,0.384146,63923.0,0.2573,2030-12-01
NK225E    ,OOP,203012,33000.0,            ,185123018,0000000.0000,0000000.0,1802.47,0.289597,195123018,0000000.0000,0000000.0,31028.0,0.382295,63923.0,0.2573,2030-12-01
NK225E    ,OOP,203012,33250.0,            ,185123218,0000000.0000,0000000.0,1839.35,0.288854,195123218,0000000.0000,0000000.0,30831.13,0.380448,63923.0,0.2573,2030-12-01
NK225E    ,OOP,203012,33500.0,            ,185123518,0000000.0000,0000000.0,1876.63,0.28809,195123518,0000000.0000,0000000.0,30634.67,0.378604,63923.0,0.2573,2030-12-01
NK225E    ,OOP,203012,33750.0,            ,185123718,0000000.0000,0000000.0,1914.32,0.287305,195123718,0000000.0000,0000000.0,30438.61,0.376763,63923.0,0.2573,2030-12-01
NK225E    ,OOP,203012,34000.0,            ,185124018,0000000.0000,0000000.0,1952.43,0.286501,195124018,0000000.0000,0000000.0,30242.97,0.374927,63923.0,0.2573,2030-12-01
NK225E    ,OOP,203012,34250.0,            ,185124218,0000000.0000,0000000.0,1991.16,0.285677,195124218,0000000.0000,0000000.0,30047.95,0.373302,63923.0,0.2573,2030-12-01
NK225E    ,OOP,203012,34500.0,            ,185124518,0000000.0000,0000000.0,2030.32,0.284835,195124518,0000000.0000,0000000.0,29853.37,0.371471,63923.0,0.2573,2030-12-01
NK225E    ,OOP,203012,34750.0,            ,185124718,0000000.0000,0000000.0,2069.9,0.283975,195124718,0000000.0000,0000000.0,29659.19,0.369848,63923.0,0.2573,2030-12-01
NK225E    ,OOP,203012,35000.0,            ,135245018,0000000.0000,0000000.0,2109.88,0.283345,145245018,0000000.0000,0000000.0,29465.43,0.368022,63923.0,0.2573,2030-12-01
NK225E    ,OOP,203012,35250.0,            ,185125218,0000000.0000,0000000.0,2150.56,0.282449,195125218,0000000.0000,0000000.0,29272.36,0.3664,63923.0,0.2573,2030-12-01
NK225E    ,OOP,203012,35500.0,            ,185125518,0000000.0000,0000000.0,2191.65,0.281777,195125518,0000000.0000,0000000.0,29079.71,0.364779,63923.0,0.2573,2030-12-01
NK225E    ,OOP,203012,35750.0,            ,185125718,0000000.0000,0000000.0,2233.17,0.280847,195125718,0000000.0000,0000000.0,28887.47,0.363157,63923.0,0.2573,2030-12-01
NK225E    ,OOP,203012,36000.0,            ,135246018,0000000.0000,0000000.0,2275.13,0.280136,145246018,0000000.0000,0000000.0,28695.69,0.361535,63923.0,0.2573,2030-12-01
NK225E    ,OOP,203012,36250.0,            ,185126218,0000000.0000,0000000.0,2317.83,0.279405,195126218,0000000.0000,0000000.0,28504.63,0.359913,63923.0,0.2573,2030-12-01
NK225E    ,OOP,203012,36500.0,            ,185126518,0000000.0000,0000000.0,2360.95,0.278655,195126518,0000000.0000,0000000.0,28314.02,0.358292,63923.0,0.2573,2030-12-01
NK225E    ,OOP,203012,36750.0,            ,185126718,0000000.0000,0000000.0,2404.51,0.277887,195126718,0000000.0000,0000000.0,28123.83,0.35667,63923.0,0.2573,2030-12-01
NK225E    ,OOP,203012,37000.0,            ,135247018,0000000.0000,0000000.0,2448.51,0.277101,145247018,0000000.0000,0000000.0,27934.07,0.355238,63923.0,0.2573,2030-12-01
NK225E    ,OOP,203012,37250.0,            ,185127218,0000000.0000,0000000.0,2493.31,0.276297,195127218,0000000.0000,0000000.0,27745.13,0.353614,63923.0,0.2573,2030-12-01
NK225E    ,OOP,203012,37500.0,            ,185127518,0000000.0000,0000000.0,2538.56,0.275694,195127518,0000000.0000,0000000.0,27556.63,0.352178,63923.0,0.2573,2030-12-01
NK225E    ,OOP,203012,37750.0,            ,185127718,0000000.0000,0000000.0,2584.25,0.274855,195127718,0000000.0000,0000000.0,27368.58,0.350738,63923.0,0.2573,2030-12-01
NK225E    ,OOP,203012,38000.0,            ,135248018,0000000.0000,0000000.0,2630.42,0.274212,145248018,0000000.0000,0000000.0,27180.99,0.349112,63923.0,0.2573,2030-12-01
NK225E    ,OOP,203012,38250.0,            ,185128218,0000000.0000,0000000.0,2677.42,0.273341,195128218,0000000.0000,0000000.0,26994.25,0.347668,63923.0,0.2573,2030-12-01
NK225E    ,OOP,203012,38500.0,            ,185128518,0000000.0000,0000000.0,2724.91,0.272661,195128518,0000000.0000,0000000.0,26807.98,0.346221,63923.0,0.2573,2030-12-01
NK225E    ,OOP,203012,38750.0,            ,185128718,0000000.0000,0000000.0,2772.83,0.271963,195128718,0000000.0000,0000000.0,26622.16,0.344951,63923.0,0.2573,2030-12-01
NK225E    ,OOP,203012,39000.0,            ,135249018,0000000.0000,0000000.0,2821.23,0.271246,145249018,0000000.0000,0000000.0,26436.81,0.343497,63923.0,0.2573,2030-12-01
NK225E    ,OOP,203012,39250.0,            ,185129218,0000000.0000,0000000.0,2870.53,0.270512,195129218,0000000.0000,0000000.0,26252.37,0.342041,63923.0,0.2573,2030-12-01
NK225E    ,OOP,203012,39500.0,            ,185129518,0000000.0000,0000000.0,2920.33,0.269761,195129518,0000000.0000,0000000.0,26068.42,0.340757,63923.0,0.2573,2030-12-01
NK225E    ,OOP,203012,39750.0,            ,185129718,0000000.0000,0000000.0,2970.58,0.269188,195129718,0000000.0000,0000000.0,25884.92,0.339295,63923.0,0.2573,2030-12-01
NK225E    ,OOP,203012,40000.0,            ,135240018,0000000.0000,0000000.0,3021.32,0.268402,145240018,0000000.0000,0000000.0,25701.92,0.338002,63923.0,0.2573,2030-12-01
NK225E    ,OOP,203012,40250.0,            ,185120218,0000000.0000,0000000.0,3073.03,0.267601,195120218,0000000.0000,0000000.0,25519.87,0.336704,63923.0,0.2573,2030-12-01
NK225E    ,OOP,203012,40500.0,            ,185120518,0000000.0000,0000000.0,3125.25,0.266973,195120518,0000000.0000,0000000.0,25338.34,0.335232,63923.0,0.2573,2030-12-01
NK225E    ,OOP,203012,40750.0,            ,185120718,0000000.0000,0000000.0,3177.93,0.266326,195120718,0000000.0000,0000000.0,25157.27,0.333926,63923.0,0.2573,2030-12-01
NK225E    ,OOP,203012,41000.0,            ,135241018,0000000.0000,0000000.0,3231.12,0.265662,145241018,0000000.0000,0000000.0,24976.72,0.332782,63923.0,0.2573,2030-12-01
NK225E    ,OOP,203012,41250.0,            ,185121218,0000000.0000,0000000.0,3285.34,0.264979,195121218,0000000.0000,0000000.0,24797.19,0.331465,63923.0,0.2573,2030-12-01
NK225E    ,OOP,203012,41500.0,            ,185121518,0000000.0000,0000000.0,3340.08,0.26428,195121518,0000000.0000,0000000.0,24618.19,0.330144,63923.0,0.2573,2030-12-01
NK225E    ,OOP,203012,41750.0,            ,135241718,0000000.0000,0000000.0,3395.31,0.263564,145241718,0000000.0000,0000000.0,24439.66,0.328981,63923.0,0.2573,2030-12-01
NK225E    ,OOP,203012,42000.0,            ,135242018,0000000.0000,0000000.0,3451.06,0.263009,145242018,0000000.0000,0000000.0,24261.67,0.32765,63923.0,0.2573,2030-12-01
NK225E    ,OOP,203012,42250.0,            ,135242218,0000000.0000,0000000.0,3507.88,0.262259,145242218,0000000.0000,0000000.0,24084.74,0.326475,63923.0,0.2573,2030-12-01
NK225E    ,OOP,203012,42500.0,            ,185242518,0000000.0000,0000000.0,3565.24,0.261668,195242518,0000000.0000,0000000.0,23908.35,0.325293,63923.0,0.2573,2030-12-01
NK225E    ,OOP,203012,42750.0,            ,135242718,0000000.0000,0000000.0,3623.12,0.260887,145242718,0000000.0000,0000000.0,23732.48,0.324105,63923.0,0.2573,2030-12-01
NK225E    ,OOP,203012,43000.0,            ,135243018,0000000.0000,0000000.0,3681.52,0.260261,145243018,0000000.0000,0000000.0,23557.14,0.322911,63923.0,0.2573,2030-12-01
NK225E    ,OOP,203012,43250.0,            ,135243218,0000000.0000,0000000.0,3741.08,0.259617,145243218,0000000.0000,0000000.0,23382.95,0.32171,63923.0,0.2573,2030-12-01
NK225E    ,OOP,203012,43500.0,            ,135243518,0000000.0000,0000000.0,3801.17,0.258957,145243518,0000000.0000,0000000.0,23209.29,0.320658,63923.0,0.2573,2030-12-01
NK225E    ,OOP,203012,43750.0,            ,135243718,0000000.0000,0000000.0,3861.8,0.258446,145243718,0000000.0000,0000000.0,23036.18,0.319444,63923.0,0.2573,2030-12-01
NK225E    ,OOP,203012,44000.0,            ,135244018,0000000.0000,0000000.0,3923.0,0.257751,145244018,0000000.0000,0000000.0,22863.63,0.318377,63923.0,0.2573,2030-12-01
NK225E    ,OOP,203012,44250.0,            ,135244218,0000000.0000,0000000.0,3985.36,0.257203,145244218,0000000.0000,0000000.0,22692.24,0.317302,63923.0,0.2573,2030-12-01
NK225E    ,OOP,203012,44500.0,            ,135244518,0000000.0000,0000000.0,4048.31,0.256477,145244518,0000000.0000,0000000.0,22521.44,0.31622,63923.0,0.2573,2030-12-01
NK225E    ,OOP,203012,44750.0,            ,135244718,0000000.0000,0000000.0,4111.81,0.255894,145244718,0000000.0000,0000000.0,22351.19,0.315129,63923.0,0.2573,2030-12-01
NK225E    ,OOP,203012,45000.0,            ,185245018,0000000.0000,0000000.0,4175.86,0.255294,195245018,0000000.0000,0000000.0,22181.49,0.314032,63923.0,0.2573,2030-12-01
NK225E    ,OOP,203012,45250.0,            ,135245218,0000000.0000,0000000.0,4241.18,0.254677,145245218,0000000.0000,0000000.0,22013.07,0.312926,63923.0,0.2573,2030-12-01
NK225E    ,OOP,203012,45500.0,            ,135245518,0000000.0000,0000000.0,4307.07,0.254044,145245518,0000000.0000,0000000.0,21845.21,0.31196,63923.0,0.2573,2030-12-01
NK225E    ,OOP,203012,45750.0,            ,135245718,0000000.0000,0000000.0,4373.53,0.253548,145245718,0000000.0000,0000000.0,21677.92,0.31084,63923.0,0.2573,2030-12-01
NK225E    ,OOP,203012,46000.0,            ,185246018,0000000.0000,0000000.0,4440.59,0.252881,195246018,0000000.0000,0000000.0,21511.24,0.309856,63923.0,0.2573,2030-12-01
NK225E    ,OOP,203012,46250.0,            ,135246218,0000000.0000,0000000.0,4508.93,0.25235,145246218,0000000.0000,0000000.0,21345.83,0.308864,63923.0,0.2573,2030-12-01
NK225E    ,OOP,203012,46500.0,            ,135246518,0000000.0000,0000000.0,4577.89,0.251801,145246518,0000000.0000,0000000.0,21181.04,0.307863,63923.0,0.2573,2030-12-01
NK225E    ,OOP,203012,46750.0,            ,135246718,0000000.0000,0000000.0,4647.4,0.251234,145246718,0000000.0000,0000000.0,21016.8,0.306854,63923.0,0.2573,2030-12-01
NK225E    ,OOP,203012,47000.0,            ,185247018,0000000.0000,0000000.0,4717.56,0.250651,195247018,0000000.0000,0000000.0,20853.21,0.305977,63923.0,0.2573,2030-12-01
NK225E    ,OOP,203012,47250.0,            ,135247218,0000000.0000,0000000.0,4789.04,0.250051,145247218,0000000.0000,0000000.0,20690.95,0.30495,63923.0,0.2573,2030-12-01
NK225E    ,OOP,203012,47500.0,            ,135247518,0000000.0000,0000000.0,4861.16,0.24958,145247518,0000000.0000,0000000.0,20529.32,0.304054,63923.0,0.2573,2030-12-01
NK225E    ,OOP,203012,47750.0,            ,135247718,0000000.0000,0000000.0,4933.88,0.248948,145247718,0000000.0000,0000000.0,20368.29,0.303148,63923.0,0.2573,2030-12-01
NK225E    ,OOP,203012,48000.0,            ,185248018,0000000.0000,0000000.0,5007.2,0.248442,195248018,0000000.0000,0000000.0,20207.86,0.302233,63923.0,0.2573,2030-12-01
NK225E    ,OOP,203012,48250.0,            ,135248218,0000000.0000,0000000.0,5081.91,0.247919,145248218,0000000.0000,0000000.0,20048.82,0.301308,63923.0,0.2573,2030-12-01
NK225E    ,OOP,203012,48500.0,            ,135248518,0000000.0000,0000000.0,5157.31,0.247379,145248518,0000000.0000,0000000.0,19890.47,0.300373,63923.0,0.2573,2030-12-01
NK225E    ,OOP,203012,48750.0,            ,135248718,0000000.0000,0000000.0,5233.29,0.246822,145248718,0000000.0000,0000000.0,19732.71,0.299565,63923.0,0.2573,2030-12-01
NK225E    ,OOP,203012,49000.0,            ,185249018,0000000.0000,0000000.0,5309.89,0.246249,195249018,0000000.0000,0000000.0,19575.56,0.298611,63923.0,0.2573,2030-12-01
NK225E    ,OOP,203012,49250.0,            ,135249218,0000000.0000,0000000.0,5387.95,0.245797,145249218,0000000.0000,0000000.0,19419.88,0.297782,63923.0,0.2573,2030-12-01
NK225E    ,OOP,203012,49500.0,            ,135249518,0000000.0000,0000000.0,5466.65,0.245327,145249518,0000000.0000,0000000.0,19264.82,0.296942,63923.0,0.2573,2030-12-01
NK225E    ,OOP,203012,49750.0,            ,135249718,0000000.0000,0000000.0,5545.98,0.24484,145249718,0000000.0000,0000000.0,19110.4,0.296092,63923.0,0.2573,2030-12-01
NK225E    ,OOP,203012,50000.0,            ,185240018,0000000.0000,0000000.0,5625.97,0.244336,195240018,0000000.0000,0000000.0,18956.65,0.295232,63923.0,0.2573,2030-12-01
NK225E    ,OOP,203012,50250.0,            ,135240218,0000000.0000,0000000.0,5707.48,0.243816,145240218,0000000.0000,0000000.0,18804.41,0.294493,63923.0,0.2573,2030-12-01
NK225E    ,OOP,203012,50500.0,            ,135240518,0000000.0000,0000000.0,5789.62,0.243279,145240518,0000000.0000,0000000.0,18652.81,0.293742,63923.0,0.2573,2030-12-01
NK225E    ,OOP,203012,50750.0,            ,135240718,0000000.0000,0000000.0,5872.38,0.242857,145240718,0000000.0000,0000000.0,18501.82,0.292851,63923.0,0.2573,2030-12-01
NK225E    ,OOP,203012,51000.0,            ,185241018,0000000.0000,0000000.0,5955.82,0.242287,195241018,0000000.0000,0000000.0,18351.51,0.292078,63923.0,0.2573,2030-12-01
NK225E    ,OOP,203012,51250.0,            ,135241218,0000000.0000,0000000.0,6040.84,0.241831,145241218,0000000.0000,0000000.0,18202.78,0.291295,63923.0,0.2573,2030-12-01
NK225E    ,OOP,203012,51500.0,            ,135241518,0000000.0000,0000000.0,6126.48,0.241359,145241518,0000000.0000,0000000.0,18054.67,0.290628,63923.0,0.2573,2030-12-01
NK225E    ,OOP,203012,51750.0,            ,185241718,0000000.0000,0000000.0,6212.82,0.240998,195241718,0000000.0000,0000000.0,17907.26,0.289823,63923.0,0.2573,2030-12-01
NK225E    ,OOP,203012,52000.0,            ,185242018,0000000.0000,0000000.0,6299.78,0.240492,195242018,0000000.0000,0000000.0,17760.48,0.289133,63923.0,0.2573,2030-12-01
NK225E    ,OOP,203012,52250.0,            ,185242218,0000000.0000,0000000.0,6388.39,0.239969,195242218,0000000.0000,0000000.0,17615.34,0.288431,63923.0,0.2573,2030-12-01
NK225E    ,OOP,203012,52500.0,            ,135362518,0000000.0000,0000000.0,6477.63,0.239557,145362518,0000000.0000,0000000.0,17470.84,0.287718,63923.0,0.2573,2030-12-01
NK225E    ,OOP,203012,52750.0,            ,185242718,0000000.0000,0000000.0,6567.55,0.239127,195242718,0000000.0000,0000000.0,17327.0,0.286993,63923.0,0.2573,2030-12-01
NK225E    ,OOP,203012,53000.0,            ,185243018,0000000.0000,0000000.0,6658.14,0.238681,195243018,0000000.0000,0000000.0,17183.84,0.286258,63923.0,0.2573,2030-12-01
NK225E    ,OOP,203012,53250.0,            ,185243218,0000000.0000,0000000.0,6750.33,0.238218,195243218,0000000.0000,0000000.0,17042.29,0.285633,63923.0,0.2573,2030-12-01
NK225E    ,OOP,203012,53500.0,            ,185243518,0000000.0000,0000000.0,6843.25,0.237862,195243518,0000000.0000,0000000.0,16901.46,0.284875,63923.0,0.2573,2030-12-01
NK225E    ,OOP,203012,53750.0,            ,185243718,0000000.0000,0000000.0,6936.8,0.237488,195243718,0000000.0000,0000000.0,16761.27,0.284228,63923.0,0.2573,2030-12-01
NK225E    ,OOP,203012,54000.0,            ,185244018,0000000.0000,0000000.0,7031.08,0.236976,195244018,0000000.0000,0000000.0,16621.8,0.283568,63923.0,0.2573,2030-12-01
NK225E    ,OOP,203012,54250.0,            ,185244218,0000000.0000,0000000.0,7126.96,0.236569,195244218,0000000.0000,0000000.0,16483.93,0.282897,63923.0,0.2573,2030-12-01
NK225E    ,OOP,203012,54500.0,            ,185244518,0000000.0000,0000000.0,7223.57,0.236265,195244518,0000000.0000,0000000.0,16346.79,0.282334,63923.0,0.2573,2030-12-01
NK225E    ,OOP,203012,54750.0,            ,185244718,0000000.0000,0000000.0,7320.87,0.235825,195244718,0000000.0000,0000000.0,16210.34,0.28164,63923.0,0.2573,2030-12-01
NK225E    ,OOP,203012,55000.0,            ,135365018,0000000.0000,0000000.0,7418.86,0.235368,145365018,0000000.0000,0000000.0,16074.58,0.281053,63923.0,0.2573,2030-12-01
NK225E    ,OOP,203012,55250.0,            ,185245218,0000000.0000,0000000.0,7518.51,0.235014,195245218,0000000.0000,0000000.0,15940.49,0.280454,63923.0,0.2573,2030-12-01
NK225E    ,OOP,203012,55500.0,            ,185245518,0000000.0000,0000000.0,7618.87,0.234643,195245518,0000000.0000,0000000.0,15807.1,0.279843,63923.0,0.2573,2030-12-01
NK225E    ,OOP,203012,55750.0,            ,185245718,0000000.0000,0000000.0,7719.92,0.234255,195245718,0000000.0000,0000000.0,15674.4,0.279336,63923.0,0.2573,2030-12-01
NK225E    ,OOP,203012,56000.0,            ,135366018,0000000.0000,0000000.0,7821.67,0.233851,145366018,0000000.0000,0000000.0,15542.4,0.278701,63923.0,0.2573,2030-12-01
NK225E    ,OOP,203012,56250.0,            ,185246218,0000000.0000,0000000.0,7925.07,0.233547,195246218,0000000.0000,0000000.0,15412.05,0.27817,63923.0,0.2573,2030-12-01
NK225E    ,OOP,203012,56500.0,            ,185246518,0000000.0000,0000000.0,8029.22,0.233226,195246518,0000000.0000,0000000.0,15282.45,0.277627,63923.0,0.2573,2030-12-01
NK225E    ,OOP,203012,56750.0,            ,185246718,0000000.0000,0000000.0,8134.06,0.232773,195246718,0000000.0000,0000000.0,15153.55,0.277071,63923.0,0.2573,2030-12-01
NK225E    ,OOP,203012,57000.0,            ,135367018,0000000.0000,0000000.0,8239.62,0.232419,145367018,0000000.0000,0000000.0,15025.36,0.276503,63923.0,0.2573,2030-12-01
NK225E    ,OOP,203012,57250.0,            ,185247218,0000000.0000,0000000.0,8346.84,0.232163,195247218,0000000.0000,0000000.0,14898.83,0.276038,63923.0,0.2573,2030-12-01
NK225E    ,OOP,203012,57500.0,            ,185247518,0000000.0000,0000000.0,8454.77,0.231776,195247518,0000000.0000,0000000.0,14773.02,0.275446,63923.0,0.2573,2030-12-01
NK225E    ,OOP,203012,57750.0,            ,185247718,0000000.0000,0000000.0,8563.41,0.231486,195247718,0000000.0000,0000000.0,14647.91,0.274955,63923.0,0.2573,2030-12-01
NK225E    ,OOP,203012,58000.0,            ,135368018,0000000.0000,0000000.0,8672.8,0.231068,145368018,0000000.0000,0000000.0,14523.55,0.274453,63923.0,0.2573,2030-12-01
NK225E    ,OOP,203012,58250.0,            ,185248218,0000000.0000,0000000.0,8783.83,0.230745,195248218,0000000.0000,0000000.0,14400.84,0.273937,63923.0,0.2573,2030-12-01
NK225E    ,OOP,203012,58500.0,            ,185248518,0000000.0000,0000000.0,8895.62,0.230407,195248518,0000000.0000,0000000.0,14278.88,0.273522,63923.0,0.2573,2030-12-01
NK225E    ,OOP,203012,58750.0,            ,185248718,0000000.0000,0000000.0,9008.08,0.230163,195248718,0000000.0000,0000000.0,14157.59,0.272982,63923.0,0.2573,2030-12-01
NK225E    ,OOP,203012,59000.0,            ,135369018,0000000.0000,0000000.0,9121.29,0.229793,145369018,0000000.0000,0000000.0,14037.05,0.272541,63923.0,0.2573,2030-12-01
NK225E    ,OOP,203012,59250.0,            ,185249218,0000000.0000,0000000.0,9236.16,0.229517,195249218,0000000.0000,0000000.0,13918.17,0.272088,63923.0,0.2573,2030-12-01
NK225E    ,OOP,203012,59500.0,            ,185249518,0000000.0000,0000000.0,9351.74,0.229224,195249518,0000000.0000,0000000.0,13800.0,0.271623,63923.0,0.2573,2030-12-01
NK225E    ,OOP,203012,59750.0,            ,185249718,0000000.0000,0000000.0,9468.03,0.228916,195249718,0000000.0000,0000000.0,13682.54,0.271255,63923.0,0.2573,2030-12-01
NK225E    ,OOP,203012,60000.0,            ,135360018,0000000.0000,0000000.0,9585.07,0.228592,145360018,0000000.0000,0000000.0,13565.84,0.270764,63923.0,0.2573,2030-12-01
NK225E    ,OOP,203012,60250.0,            ,185240218,0000000.0000,0000000.0,9703.75,0.228361,195240218,0000000.0000,0000000.0,13450.77,0.270371,63923.0,0.2573,2030-12-01
NK225E    ,OOP,203012,60500.0,            ,185240518,0000000.0000,0000000.0,9823.17,0.228113,195240518,0000000.0000,0000000.0,13336.45,0.269966,63923.0,0.2573,2030-12-01
NK225E    ,OOP,203012,60750.0,            ,185240718,0000000.0000,0000000.0,9943.27,0.227742,195240718,0000000.0000,0000000.0,13222.79,0.269548,63923.0,0.2573,2030-12-01
NK225E    ,OOP,203012,61000.0,            ,135361018,0000000.0000,0000000.0,10064.11,0.227463,145361018,0000000.0000,0000000.0,13109.89,0.269117,63923.0,0.2573,2030-12-01
NK225E    ,OOP,203012,61250.0,            ,185241218,0000000.0000,0000000.0,10186.59,0.227276,195241218,0000000.0000,0000000.0,12998.62,0.268782,63923.0,0.2573,2030-12-01
NK225E    ,OOP,203012,61500.0,            ,185241518,0000000.0000,0000000.0,10309.78,0.226965,195241518,0000000.0000,0000000.0,12888.06,0.268327,63923.0,0.2573,2030-12-01
NK225E    ,OOP,203012,61750.0,            ,135361718,0000000.0000,0000000.0,10433.68,0.226746,145361718,0000000.0000,0000000.0,12778.21,0.267967,63923.0,0.2573,2030-12-01
NK225E    ,OOP,203012,62000.0,            ,135362018,0000000.0000,0000000.0,10558.32,0.226405,145362018,0000000.0000,0000000.0,12669.11,0.267595,63923.0,0.2573,2030-12-01
NK225E    ,OOP,203012,62250.0,            ,135362218,0000000.0000,0000000.0,10684.57,0.226261,145362218,0000000.0000,0000000.0,12561.6,0.267317,63923.0,0.2573,2030-12-01
NK225E    ,OOP,203012,62500.0,            ,135242518,0000000.0000,0000000.0,10811.51,0.225995,145242518,0000000.0000,0000000.0,12454.8,0.26692,63923.0,0.2573,2030-12-01
NK225E    ,OOP,203012,62750.0,            ,135362718,0000000.0000,0000000.0,10939.16,0.225714,145362718,0000000.0000,0000000.0,12348.7,0.266617,63923.0,0.2573,2030-12-01
NK225E    ,OOP,203012,63000.0,            ,135363018,0000000.0000,0000000.0,11067.55,0.225522,145363018,0000000.0000,0000000.0,12243.34,0.266196,63923.0,0.2573,2030-12-01
NK225E    ,OOP,203012,63250.0,            ,135363218,0000000.0000,0000000.0,11197.54,0.225211,145363218,0000000.0000,0000000.0,12139.59,0.265868,63923.0,0.2573,2030-12-01
NK225E    ,OOP,203012,63500.0,            ,135363518,0000000.0000,0000000.0,11328.23,0.224989,145363518,0000000.0000,0000000.0,12036.53,0.265634,63923.0,0.2573,2030-12-01
NK225E    ,OOP,203012,63750.0,            ,135363718,0000000.0000,0000000.0,11459.61,0.224752,145363718,0000000.0000,0000000.0,11934.16,0.265281,63923.0,0.2573,2030-12-01
NK225E    ,OOP,203012,64000.0,            ,135364018,0000000.0000,0000000.0,11591.69,0.224604,145364018,0000000.0000,0000000.0,11832.49,0.264917,63923.0,0.2573,2030-12-01
NK225E    ,OOP,203012,64250.0,            ,135364218,0000000.0000,0000000.0,11725.31,0.224336,145364218,0000000.0000,0000000.0,11732.37,0.264645,63923.0,0.2573,2030-12-01
NK225E    ,OOP,203012,64500.0,            ,135364518,0000000.0000,0000000.0,11859.67,0.224158,145364518,0000000.0000,0000000.0,11632.98,0.264361,63923.0,0.2573,2030-12-01
NK225E    ,OOP,203012,64750.0,            ,135364718,0000000.0000,0000000.0,11994.73,0.223965,145364718,0000000.0000,0000000.0,11534.28,0.264065,63923.0,0.2573,2030-12-01
NK225E    ,OOP,203012,65000.0,            ,185365018,0000000.0000,0000000.0,12130.46,0.223756,195365018,0000000.0000,0000000.0,11436.27,0.263861,63923.0,0.2573,2030-12-01
NK225E    ,OOP,203012,65250.0,            ,135365218,0000000.0000,0000000.0,12267.69,0.223533,145365218,0000000.0000,0000000.0,11339.76,0.26354,63923.0,0.2573,2030-12-01
NK225E    ,OOP,203012,65500.0,            ,135365518,0000000.0000,0000000.0,12405.66,0.223295,145365518,0000000.0000,0000000.0,11243.97,0.263312,63923.0,0.2573,2030-12-01
NK225E    ,OOP,203012,65750.0,            ,135365718,0000000.0000,0000000.0,12544.3,0.223145,145365718,0000000.0000,0000000.0,11148.86,0.263071,63923.0,0.2573,2030-12-01
NK225E    ,OOP,203012,66000.0,            ,185366018,0000000.0000,0000000.0,12683.61,0.222981,195366018,0000000.0000,0000000.0,11054.43,0.262714,63923.0,0.2573,2030-12-01
NK225E    ,OOP,203012,66250.0,            ,135366218,0000000.0000,0000000.0,12824.42,0.222802,145366218,0000000.0000,0000000.0,10961.49,0.262553,63923.0,0.2573,2030-12-01
NK225E    ,OOP,203012,66500.0,            ,135366518,0000000.0000,0000000.0,12965.9,0.222608,145366518,0000000.0000,0000000.0,10869.23,0.262276,63923.0,0.2573,2030-12-01
NK225E    ,OOP,203012,66750.0,            ,135366718,0000000.0000,0000000.0,13108.05,0.2224,145366718,0000000.0000,0000000.0,10777.62,0.262091,63923.0,0.2573,2030-12-01
NK225E    ,OOP,203012,67000.0,            ,185367018,0000000.0000,0000000.0,13250.91,0.222178,195367018,0000000.0000,0000000.0,10686.73,0.26179,63923.0,0.2573,2030-12-01
NK225E    ,OOP,203012,67250.0,            ,135367218,0000000.0000,0000000.0,13395.16,0.222043,145367218,0000000.0000,0000000.0,10597.24,0.261581,63923.0,0.2573,2030-12-01
NK225E    ,OOP,203012,67500.0,            ,135367518,0000000.0000,0000000.0,13540.11,0.221894,145367518,0000000.0000,0000000.0,10508.44,0.26136,63923.0,0.2573,2030-12-01
NK225E    ,OOP,203012,67750.0,            ,135367718,0000000.0000,0000000.0,13685.72,0.221731,145367718,0000000.0000,0000000.0,10420.31,0.261229,63923.0,0.2573,2030-12-01
NK225E    ,OOP,203012,68000.0,            ,185368018,0000000.0000,0000000.0,13831.98,0.221554,195368018,0000000.0000,0000000.0,10332.82,0.260984,63923.0,0.2573,2030-12-01
NK225E    ,OOP,203012,68250.0,            ,135368218,0000000.0000,0000000.0,13979.63,0.221363,145368218,0000000.0000,0000000.0,10246.72,0.260728,63923.0,0.2573,2030-12-01
NK225E    ,OOP,203012,68500.0,            ,135368518,0000000.0000,0000000.0,14127.96,0.221259,145368518,0000000.0000,0000000.0,10161.3,0.260562,63923.0,0.2573,2030-12-01
NK225E    ,OOP,203012,68750.0,            ,135368718,0000000.0000,0000000.0,14276.89,0.221141,145368718,0000000.0000,0000000.0,10076.49,0.260385,63923.0,0.2573,2030-12-01
NK225E    ,OOP,203012,69000.0,            ,185369018,0000000.0000,0000000.0,14426.51,0.220908,195369018,0000000.0000,0000000.0,9992.35,0.260196,63923.0,0.2573,2030-12-01
NK225E    ,OOP,203012,69250.0,            ,135369218,0000000.0000,0000000.0,14577.44,0.220763,145369218,0000000.0000,0000000.0,9909.54,0.260097,63923.0,0.2573,2030-12-01
NK225E    ,OOP,203012,69500.0,            ,135369518,0000000.0000,0000000.0,14729.06,0.220705,145369518,0000000.0000,0000000.0,9827.41,0.259885,63923.0,0.2573,2030-12-01
NK225E    ,OOP,203012,69750.0,            ,135369718,0000000.0000,0000000.0,14881.26,0.220532,145369718,0000000.0000,0000000.0,9745.86,0.259764,63923.0,0.2573,2030-12-01
NK225E    ,OOP,203012,70000.0,            ,185360018,0000000.0000,0000000.0,15034.13,0.220345,195360018,0000000.0000,0000000.0,9664.98,0.259529,63923.0,0.2573,2030-12-01
NK225E    ,OOP,203012,70250.0,            ,135360218,0000000.0000,0000000.0,15188.25,0.220247,145360218,0000000.0000,0000000.0,9585.36,0.259385,63923.0,0.2573,2030-12-01
NK225E    ,OOP,203012,70500.0,            ,135360518,0000000.0000,0000000.0,15343.05,0.220134,145360518,0000000.0000,0000000.0,9506.41,0.259229,63923.0,0.2573,2030-12-01
NK225E    ,OOP,203012,70750.0,            ,135360718,0000000.0000,0000000.0,15498.4,0.220009,145360718,0000000.0000,0000000.0,9428.02,0.259062,63923.0,0.2573,2030-12-01
NK225E    ,OOP,203012,71000.0,            ,185361018,0000000.0000,0000000.0,15654.42,0.21987,195361018,0000000.0000,0000000.0,9350.28,0.258986,63923.0,0.2573,2030-12-01
NK225E    ,OOP,203012,71250.0,            ,135361218,0000000.0000,0000000.0,15811.63,0.219718,145361218,0000000.0000,0000000.0,9273.74,0.258797,63923.0,0.2573,2030-12-01
NK225E    ,OOP,203012,71500.0,            ,135361518,0000000.0000,0000000.0,15969.49,0.219653,145361518,0000000.0000,0000000.0,9197.86,0.258698,63923.0,0.2573,2030-12-01
NK225E    ,OOP,203012,71750.0,            ,185361718,0000000.0000,0000000.0,16127.9,0.219475,195361718,0000000.0000,0000000.0,9122.52,0.258589,63923.0,0.2573,2030-12-01
NK225E    ,OOP,203012,72000.0,            ,185362018,0000000.0000,0000000.0,16286.95,0.219384,195362018,0000000.0000,0000000.0,9047.82,0.258468,63923.0,0.2573,2030-12-01
NK225E    ,OOP,203012,72250.0,            ,185362218,0000000.0000,0000000.0,16447.13,0.219281,195362218,0000000.0000,0000000.0,8974.25,0.258337,63923.0,0.2573,2030-12-01
NK225E    ,OOP,203012,72500.0,            ,185362518,0000000.0000,0000000.0,16607.95,0.219165,195362518,0000000.0000,0000000.0,8901.32,0.258194,63923.0,0.2573,2030-12-01
NK225E    ,OOP,203012,72750.0,            ,185362718,0000000.0000,0000000.0,16769.34,0.219036,195362718,0000000.0000,0000000.0,8828.97,0.258142,63923.0,0.2573,2030-12-01
NK225E    ,OOP,203012,73000.0,            ,185363018,0000000.0000,0000000.0,16931.32,0.218995,195363018,0000000.0000,0000000.0,8757.2,0.25808,63923.0,0.2573,2030-12-01
NK225E    ,OOP,203012,73250.0,            ,185363218,0000000.0000,0000000.0,17094.36,0.21884,195363218,0000000.0000,0000000.0,8686.49,0.257905,63923.0,0.2573,2030-12-01
NK225E    ,OOP,203012,73500.0,            ,185363518,0000000.0000,0000000.0,17258.01,0.218775,195363518,0000000.0000,0000000.0,8616.4,0.257821,63923.0,0.2573,2030-12-01
NK225E    ,OOP,203012,73750.0,            ,185363718,0000000.0000,0000000.0,17422.24,0.218696,195363718,0000000.0000,0000000.0,8546.88,0.257727,63923.0,0.2573,2030-12-01
NK225E    ,OOP,203012,74000.0,            ,185364018,0000000.0000,0000000.0,17587.02,0.218605,195364018,0000000.0000,0000000.0,8477.91,0.257622,63923.0,0.2573,2030-12-01
NK225E    ,OOP,203012,74250.0,            ,185364218,0000000.0000,0000000.0,17752.85,0.218502,195364218,0000000.0000,0000000.0,8410.0,0.257608,63923.0,0.2573,2030-12-01
NK225E    ,OOP,203012,74500.0,            ,185364518,0000000.0000,0000000.0,17919.24,0.218386,195364518,0000000.0000,0000000.0,8342.64,0.257482,63923.0,0.2573,2030-12-01
NK225E    ,OOP,203012,74750.0,            ,185364718,0000000.0000,0000000.0,18086.17,0.218258,195364718,0000000.0000,0000000.0,8275.82,0.257447,63923.0,0.2573,2030-12-01
NK225E    ,OOP,203012,75000.0,            ,135485018,0000000.0000,0000000.0,18253.65,0.21822,145485018,0000000.0000,0000000.0,8209.55,0.257402,63923.0,0.2573,2030-12-01
NK225E    ,OOP,203012,75250.0,            ,185365218,0000000.0000,0000000.0,18422.06,0.218067,195365218,0000000.0000,0000000.0,8144.22,0.257246,63923.0,0.2573,2030-12-01
NK225E    ,OOP,203012,75500.0,            ,185365518,0000000.0000,0000000.0,18591.06,0.218005,195365518,0000000.0000,0000000.0,8079.46,0.25718,63923.0,0.2573,2030-12-01
NK225E    ,OOP,203012,75750.0,            ,185365718,0000000.0000,0000000.0,18760.59,0.21793,195365718,0000000.0000,0000000.0,8015.24,0.257206,63923.0,0.2573,2030-12-01
NK225E    ,OOP,203012,76000.0,            ,135486018,0000000.0000,0000000.0,18930.64,0.217844,145486018,0000000.0000,0000000.0,7951.55,0.257121,63923.0,0.2573,2030-12-01
NK225E    ,OOP,203012,76250.0,            ,185366218,0000000.0000,0000000.0,19102.06,0.217745,195366218,0000000.0000,0000000.0,7889.22,0.257025,63923.0,0.2573,2030-12-01
NK225E    ,OOP,203012,77500.0,            ,185367518,0000000.0000,0000000.0,19966.87,0.217385,195367518,0000000.0000,0000000.0,7585.29,0.256908,63923.0,0.2573,2030-12-01
NK225E    ,OOP,203012,80000.0,            ,135480018,0000000.0000,0000000.0,21733.45,0.216638,145480018,0000000.0000,0000000.0,7014.39,0.256574,63923.0,0.2573,2030-12-01
NK225E    ,OOP,203012,85000.0,            ,185485018,0000000.0000,0000000.0,25414.26,0.215094,195485018,0000000.0000,0000000.0,6020.25,0.256443,63923.0,0.2573,2030-12-01
NK225E    ,OOP,203012,90000.0,            ,185480018,0000000.0000,0000000.0,29239.86,0.212959,195480018,0000000.0000,0000000.0,5170.89,0.256374,63923.0,0.2573,2030-12-01
NK225E    ,OOP,203012,95000.0,            ,135605018,0000000.0000,0000000.0,33161.8,0.209457,145605018,0000000.0000,0000000.0,4417.87,0.255712,63923.0,0.2573,2030-12-01
NK225E    ,OOP,203012,100000.0,            ,135600018,0000000.0000,0000000.0,37141.94,0.203479,145600018,0000000.0000,0000000.0,3723.06,0.253602,63923.0,0.2573,2030-12-01
NK225E    ,OOP,203106,26500.0,            ,186066518,0000000.0000,0000000.0,1198.14,0.309228,196066518,0000000.0000,0000000.0,36267.04,0.441442,63923.0,0.2573,2031-06-01
NK225E    ,OOP,203106,26750.0,            ,186066718,0000000.0000,0000000.0,1238.94,0.309351,196066718,0000000.0000,0000000.0,36075.93,0.439407,63923.0,0.2573,2031-06-01
NK225E    ,OOP,203106,27000.0,            ,186067018,0000000.0000,0000000.0,1280.57,0.309409,196067018,0000000.0000,0000000.0,35885.65,0.43738,63923.0,0.2573,2031-06-01
NK225E    ,OOP,203106,27250.0,            ,186067218,0000000.0000,0000000.0,1306.47,0.30799,196067218,0000000.0000,0000000.0,35679.64,0.434861,63923.0,0.2573,2031-06-01
NK225E    ,OOP,203106,27500.0,            ,186067518,0000000.0000,0000000.0,1332.6,0.306916,196067518,0000000.0000,0000000.0,35473.86,0.432112,63923.0,0.2573,2031-06-01
NK225E    ,OOP,203106,27750.0,            ,136067718,0000000.0000,0000000.0,1358.91,0.305827,146067718,0000000.0000,0000000.0,35268.27,0.429385,63923.0,0.2573,2031-06-01
NK225E    ,OOP,203106,28000.0,            ,136068018,0000000.0000,0000000.0,1385.45,0.304724,146068018,0000000.0000,0000000.0,35062.89,0.426923,63923.0,0.2573,2031-06-01
NK225E    ,OOP,203106,28250.0,            ,136068218,0000000.0000,0000000.0,1413.56,0.303607,146068218,0000000.0000,0000000.0,34859.1,0.424476,63923.0,0.2573,2031-06-01
NK225E    ,OOP,203106,28500.0,            ,136068518,0000000.0000,0000000.0,1441.94,0.302476,146068518,0000000.0000,0000000.0,34655.57,0.421808,63923.0,0.2573,2031-06-01
NK225E    ,OOP,203106,28750.0,            ,136068718,0000000.0000,0000000.0,1470.57,0.301334,146068718,0000000.0000,0000000.0,34452.28,0.419396,63923.0,0.2573,2031-06-01
NK225E    ,OOP,203106,29000.0,            ,136069018,0000000.0000,0000000.0,1499.43,0.30018,146069018,0000000.0000,0000000.0,34249.24,0.417,63923.0,0.2573,2031-06-01
NK225E    ,OOP,203106,29250.0,            ,136069218,0000000.0000,0000000.0,1529.82,0.299328,146069218,0000000.0000,0000000.0,34047.72,0.414618,63923.0,0.2573,2031-06-01
NK225E    ,OOP,203106,29500.0,            ,136069518,0000000.0000,0000000.0,1560.5,0.298455,146069518,0000000.0000,0000000.0,33846.49,0.412251,63923.0,0.2573,2031-06-01
NK225E    ,OOP,203106,29750.0,            ,136069718,0000000.0000,0000000.0,1591.45,0.29726,146069718,0000000.0000,0000000.0,33645.53,0.410127,63923.0,0.2573,2031-06-01
NK225E    ,OOP,203106,30000.0,            ,136060018,0000000.0000,0000000.0,1622.7,0.296356,146060018,0000000.0000,0000000.0,33444.87,0.407787,63923.0,0.2573,2031-06-01
NK225E    ,OOP,203106,30250.0,            ,136060218,0000000.0000,0000000.0,1655.4,0.295433,146060218,0000000.0000,0000000.0,33245.67,0.405684,63923.0,0.2573,2031-06-01
NK225E    ,OOP,203106,30500.0,            ,136060518,0000000.0000,0000000.0,1688.44,0.294494,146060518,0000000.0000,0000000.0,33046.79,0.403369,63923.0,0.2573,2031-06-01
NK225E    ,OOP,203106,30750.0,            ,136060718,0000000.0000,0000000.0,1721.76,0.293539,146060718,0000000.0000,0000000.0,32848.21,0.401287,63923.0,0.2573,2031-06-01
NK225E    ,OOP,203106,31000.0,            ,136061018,0000000.0000,0000000.0,1755.42,0.292568,146061018,0000000.0000,0000000.0,32649.96,0.399214,63923.0,0.2573,2031-06-01
NK225E    ,OOP,203106,31250.0,            ,136061218,0000000.0000,0000000.0,1790.47,0.29186,146061218,0000000.0000,0000000.0,32453.1,0.397151,63923.0,0.2573,2031-06-01
NK225E    ,OOP,203106,31500.0,            ,136061518,0000000.0000,0000000.0,1825.86,0.290857,146061518,0000000.0000,0000000.0,32256.58,0.395096,63923.0,0.2573,2031-06-01
NK225E    ,OOP,203106,31750.0,            ,136061718,0000000.0000,0000000.0,1861.59,0.290111,146061718,0000000.0000,0000000.0,32060.4,0.393049,63923.0,0.2573,2031-06-01
NK225E    ,OOP,203106,32000.0,            ,136062018,0000000.0000,0000000.0,1897.67,0.289078,146062018,0000000.0000,0000000.0,31864.57,0.391012,63923.0,0.2573,2031-06-01
NK225E    ,OOP,203106,32250.0,            ,136062218,0000000.0000,0000000.0,1935.07,0.288296,146062218,0000000.0000,0000000.0,31670.06,0.38919,63923.0,0.2573,2031-06-01
NK225E    ,OOP,203106,32500.0,            ,136062518,0000000.0000,0000000.0,1972.84,0.287494,146062518,0000000.0000,0000000.0,31475.92,0.387167,63923.0,0.2573,2031-06-01
NK225E    ,OOP,203106,32750.0,            ,136062718,0000000.0000,0000000.0,2010.97,0.286675,146062718,0000000.0000,0000000.0,31282.15,0.385356,63923.0,0.2573,2031-06-01
NK225E    ,OOP,203106,33000.0,            ,136063018,0000000.0000,0000000.0,2049.48,0.285838,146063018,0000000.0000,0000000.0,31088.75,0.383348,63923.0,0.2573,2031-06-01
NK225E    ,OOP,203106,33250.0,            ,136063218,0000000.0000,0000000.0,2089.23,0.284985,146063218,0000000.0000,0000000.0,30896.59,0.381547,63923.0,0.2573,2031-06-01
NK225E    ,OOP,203106,33500.0,            ,136063518,0000000.0000,0000000.0,2129.4,0.284361,146063518,0000000.0000,0000000.0,30704.84,0.379751,63923.0,0.2573,2031-06-01
NK225E    ,OOP,203106,33750.0,            ,136063718,0000000.0000,0000000.0,2169.95,0.283473,146063718,0000000.0000,0000000.0,30513.49,0.377959,63923.0,0.2573,2031-06-01
NK225E    ,OOP,203106,34000.0,            ,136064018,0000000.0000,0000000.0,2210.9,0.282571,146064018,0000000.0000,0000000.0,30322.53,0.376171,63923.0,0.2573,2031-06-01
NK225E    ,OOP,203106,34250.0,            ,136064218,0000000.0000,0000000.0,2253.02,0.28189,146064218,0000000.0000,0000000.0,30132.73,0.374581,63923.0,0.2573,2031-06-01
NK225E    ,OOP,203106,34500.0,            ,136064518,0000000.0000,0000000.0,2295.56,0.281189,146064518,0000000.0000,0000000.0,29943.37,0.3728,63923.0,0.2573,2031-06-01
NK225E    ,OOP,203106,34750.0,            ,136064718,0000000.0000,0000000.0,2338.52,0.28047,146064718,0000000.0000,0000000.0,29754.43,0.371213,63923.0,0.2573,2031-06-01
NK225E    ,OOP,203106,35000.0,            ,136065018,0000000.0000,0000000.0,2381.9,0.279732,146065018,0000000.0000,0000000.0,29565.89,0.369437,63923.0,0.2573,2031-06-01
NK225E    ,OOP,203106,35250.0,            ,136065218,0000000.0000,0000000.0,2426.36,0.278977,146065218,0000000.0000,0000000.0,29378.44,0.367853,63923.0,0.2573,2031-06-01
NK225E    ,OOP,203106,35500.0,            ,136065518,0000000.0000,0000000.0,2471.28,0.278205,146065518,0000000.0000,0000000.0,29191.45,0.36627,63923.0,0.2573,2031-06-01
NK225E    ,OOP,203106,35750.0,            ,136065718,0000000.0000,0000000.0,2516.62,0.277634,146065718,0000000.0000,0000000.0,29004.89,0.364687,63923.0,0.2573,2031-06-01
NK225E    ,OOP,203106,36000.0,            ,136066018,0000000.0000,0000000.0,2562.4,0.276827,146066018,0000000.0000,0000000.0,28818.76,0.363105,63923.0,0.2573,2031-06-01
NK225E    ,OOP,203106,36250.0,            ,136066218,0000000.0000,0000000.0,2609.2,0.276217,146066218,0000000.0000,0000000.0,28633.65,0.361524,63923.0,0.2573,2031-06-01
NK225E    ,OOP,203106,36500.0,            ,136066518,0000000.0000,0000000.0,2656.47,0.275379,146066518,0000000.0000,0000000.0,28449.01,0.359943,63923.0,0.2573,2031-06-01
NK225E    ,OOP,203106,36750.0,            ,136066718,0000000.0000,0000000.0,2704.18,0.274733,146066718,0000000.0000,0000000.0,28264.81,0.358541,63923.0,0.2573,2031-06-01
NK225E    ,OOP,203106,37000.0,            ,136067018,0000000.0000,0000000.0,2752.35,0.274069,146067018,0000000.0000,0000000.0,28081.07,0.356961,63923.0,0.2573,2031-06-01
NK225E    ,OOP,203106,37250.0,            ,136067218,0000000.0000,0000000.0,2801.5,0.273387,146067218,0000000.0000,0000000.0,27898.31,0.355556,63923.0,0.2573,2031-06-01
NK225E    ,OOP,203106,37500.0,            ,136067518,0000000.0000,0000000.0,2851.11,0.272688,146067518,0000000.0000,0000000.0,27716.01,0.35415,63923.0,0.2573,2031-06-01
NK225E    ,OOP,203106,37750.0,            ,186067718,0000000.0000,0000000.0,2901.18,0.271972,196067718,0000000.0000,0000000.0,27534.18,0.352569,63923.0,0.2573,2031-06-01
NK225E    ,OOP,203106,38000.0,            ,186068018,0000000.0000,0000000.0,2951.72,0.27124,196068018,0000000.0000,0000000.0,27352.8,0.35116,63923.0,0.2573,2031-06-01
NK225E    ,OOP,203106,38250.0,            ,186068218,0000000.0000,0000000.0,3003.17,0.270686,196068218,0000000.0000,0000000.0,27172.35,0.349749,63923.0,0.2573,2031-06-01
NK225E    ,OOP,203106,38500.0,            ,186068518,0000000.0000,0000000.0,3055.1,0.270112,196068518,0000000.0000,0000000.0,26992.36,0.348504,63923.0,0.2573,2031-06-01
NK225E    ,OOP,203106,38750.0,            ,186068718,0000000.0000,0000000.0,3107.5,0.269331,196068718,0000000.0000,0000000.0,26812.86,0.347089,63923.0,0.2573,2031-06-01
NK225E    ,OOP,203106,39000.0,            ,186069018,0000000.0000,0000000.0,3160.4,0.268722,196069018,0000000.0000,0000000.0,26633.85,0.345671,63923.0,0.2573,2031-06-01
NK225E    ,OOP,203106,39250.0,            ,186069218,0000000.0000,0000000.0,3214.17,0.268096,196069218,0000000.0000,0000000.0,26455.71,0.344416,63923.0,0.2573,2031-06-01
NK225E    ,OOP,203106,39500.0,            ,186069518,0000000.0000,0000000.0,3268.42,0.267452,196069518,0000000.0000,0000000.0,26278.05,0.342994,63923.0,0.2573,2031-06-01
NK225E    ,OOP,203106,39750.0,            ,186069718,0000000.0000,0000000.0,3323.16,0.266792,196069718,0000000.0000,0000000.0,26100.88,0.341733,63923.0,0.2573,2031-06-01
NK225E    ,OOP,203106,40000.0,            ,186060018,0000000.0000,0000000.0,3378.38,0.266116,196060018,0000000.0000,0000000.0,25924.19,0.340467,63923.0,0.2573,2031-06-01
NK225E    ,OOP,203106,40250.0,            ,186060218,0000000.0000,0000000.0,3434.44,0.265424,196060218,0000000.0000,0000000.0,25748.34,0.339198,63923.0,0.2573,2031-06-01
NK225E    ,OOP,203106,40500.0,            ,186060518,0000000.0000,0000000.0,3491.02,0.264892,196060518,0000000.0000,0000000.0,25573.01,0.337924,63923.0,0.2573,2031-06-01
NK225E    ,OOP,203106,40750.0,            ,186060718,0000000.0000,0000000.0,3548.07,0.264169,196060718,0000000.0000,0000000.0,25398.15,0.336647,63923.0,0.2573,2031-06-01
NK225E    ,OOP,203106,41000.0,            ,186061018,0000000.0000,0000000.0,3605.64,0.263602,196061018,0000000.0000,0000000.0,25223.81,0.335367,63923.0,0.2573,2031-06-01
NK225E    ,OOP,203106,41250.0,            ,186061218,0000000.0000,0000000.0,3664.0,0.263019,196061218,0000000.0000,0000000.0,25050.27,0.334238,63923.0,0.2573,2031-06-01
NK225E    ,OOP,203106,41500.0,            ,186061518,0000000.0000,0000000.0,3722.9,0.262418,196061518,0000000.0000,0000000.0,24877.26,0.332949,63923.0,0.2573,2031-06-01
NK225E    ,OOP,203106,41750.0,            ,186061718,0000000.0000,0000000.0,3782.28,0.261801,196061718,0000000.0000,0000000.0,24704.73,0.33181,63923.0,0.2573,2031-06-01
NK225E    ,OOP,203106,42000.0,            ,186062018,0000000.0000,0000000.0,3842.19,0.261168,196062018,0000000.0000,0000000.0,24532.73,0.330513,63923.0,0.2573,2031-06-01
NK225E    ,OOP,203106,42250.0,            ,186062218,0000000.0000,0000000.0,3902.88,0.260519,196062218,0000000.0000,0000000.0,24361.52,0.329364,63923.0,0.2573,2031-06-01
NK225E    ,OOP,203106,42500.0,            ,186062518,0000000.0000,0000000.0,3964.09,0.259856,196062518,0000000.0000,0000000.0,24190.81,0.328209,63923.0,0.2573,2031-06-01
NK225E    ,OOP,203106,42750.0,            ,186062718,0000000.0000,0000000.0,4025.81,0.259338,196062718,0000000.0000,0000000.0,24020.62,0.327049,63923.0,0.2573,2031-06-01
NK225E    ,OOP,203106,43000.0,            ,186063018,0000000.0000,0000000.0,4088.07,0.258643,196063018,0000000.0000,0000000.0,23850.97,0.325884,63923.0,0.2573,2031-06-01
NK225E    ,OOP,203106,43250.0,            ,186063218,0000000.0000,0000000.0,4151.1,0.258092,196063218,0000000.0000,0000000.0,23682.1,0.324714,63923.0,0.2573,2031-06-01
NK225E    ,OOP,203106,43500.0,            ,186063518,0000000.0000,0000000.0,4214.69,0.257369,196063518,0000000.0000,0000000.0,23513.78,0.323685,63923.0,0.2573,2031-06-01
NK225E    ,OOP,203106,43750.0,            ,186063718,0000000.0000,0000000.0,4278.76,0.256787,196063718,0000000.0000,0000000.0,23345.94,0.322504,63923.0,0.2573,2031-06-01
NK225E    ,OOP,203106,44000.0,            ,186064018,0000000.0000,0000000.0,4343.39,0.256189,196064018,0000000.0000,0000000.0,23178.65,0.321462,63923.0,0.2573,2031-06-01
NK225E    ,OOP,203106,44250.0,            ,186064218,0000000.0000,0000000.0,4408.83,0.255576,196064218,0000000.0000,0000000.0,23012.19,0.320413,63923.0,0.2573,2031-06-01
NK225E    ,OOP,203106,44500.0,            ,186064518,0000000.0000,0000000.0,4474.81,0.254948,196064518,0000000.0000,0000000.0,22846.26,0.319216,63923.0,0.2573,2031-06-01
NK225E    ,OOP,203106,44750.0,            ,186064718,0000000.0000,0000000.0,4541.31,0.254454,196064718,0000000.0000,0000000.0,22680.85,0.318156,63923.0,0.2573,2031-06-01
NK225E    ,OOP,203106,45000.0,            ,186065018,0000000.0000,0000000.0,4608.34,0.253796,196065018,0000000.0000,0000000.0,22515.97,0.317089,63923.0,0.2573,2031-06-01
NK225E    ,OOP,203106,45250.0,            ,186065218,0000000.0000,0000000.0,4676.21,0.253271,196065218,0000000.0000,0000000.0,22351.93,0.316016,63923.0,0.2573,2031-06-01
NK225E    ,OOP,203106,45500.0,            ,186065518,0000000.0000,0000000.0,4744.65,0.252584,196065518,0000000.0000,0000000.0,22188.46,0.315075,63923.0,0.2573,2031-06-01
NK225E    ,OOP,203106,45750.0,            ,186065718,0000000.0000,0000000.0,4813.59,0.252028,196065718,0000000.0000,0000000.0,22025.49,0.313988,63923.0,0.2573,2031-06-01
NK225E    ,OOP,203106,46000.0,            ,186066018,0000000.0000,0000000.0,4883.1,0.251456,196066018,0000000.0000,0000000.0,21863.09,0.313033,63923.0,0.2573,2031-06-01
NK225E    ,OOP,203106,46250.0,            ,186066218,0000000.0000,0000000.0,4953.46,0.25087,196066218,0000000.0000,0000000.0,21701.55,0.311934,63923.0,0.2573,2031-06-01
NK225E    ,OOP,203106,46500.0,            ,136186518,0000000.0000,0000000.0,5024.41,0.250269,146186518,0000000.0000,0000000.0,21540.59,0.310964,63923.0,0.2573,2031-06-01
NK225E    ,OOP,203106,46750.0,            ,136186718,0000000.0000,0000000.0,5095.9,0.249653,146186718,0000000.0000,0000000.0,21380.17,0.309987,63923.0,0.2573,2031-06-01
NK225E    ,OOP,203106,47000.0,            ,136187018,0000000.0000,0000000.0,5167.9,0.249162,146187018,0000000.0000,0000000.0,21220.26,0.309003,63923.0,0.2573,2031-06-01
NK225E    ,OOP,203106,47250.0,            ,136187218,0000000.0000,0000000.0,5240.92,0.248518,146187218,0000000.0000,0000000.0,21061.37,0.308011,63923.0,0.2573,2031-06-01
NK225E    ,OOP,203106,47500.0,            ,136187518,0000000.0000,0000000.0,5314.45,0.247996,146187518,0000000.0000,0000000.0,20903.0,0.307013,63923.0,0.2573,2031-06-01
NK225E    ,OOP,203106,47750.0,            ,136187718,0000000.0000,0000000.0,5388.54,0.247459,146187718,0000000.0000,0000000.0,20745.17,0.306138,63923.0,0.2573,2031-06-01
NK225E    ,OOP,203106,48000.0,            ,136188018,0000000.0000,0000000.0,5463.14,0.246907,146188018,0000000.0000,0000000.0,20587.87,0.305125,63923.0,0.2573,2031-06-01
NK225E    ,OOP,203106,48250.0,            ,136188218,0000000.0000,0000000.0,5538.83,0.246341,146188218,0000000.0000,0000000.0,20431.64,0.304235,63923.0,0.2573,2031-06-01
NK225E    ,OOP,203106,48500.0,            ,136188518,0000000.0000,0000000.0,5615.07,0.24576,146188518,0000000.0000,0000000.0,20275.98,0.303208,63923.0,0.2573,2031-06-01
NK225E    ,OOP,203106,48750.0,            ,136188718,0000000.0000,0000000.0,5691.8,0.245165,146188718,0000000.0000,0000000.0,20120.8,0.302302,63923.0,0.2573,2031-06-01
NK225E    ,OOP,203106,49000.0,            ,136189018,0000000.0000,0000000.0,5769.21,0.244557,146189018,0000000.0000,0000000.0,19966.3,0.301388,63923.0,0.2573,2031-06-01
NK225E    ,OOP,203106,49250.0,            ,136189218,0000000.0000,0000000.0,5847.64,0.244064,146189218,0000000.0000,0000000.0,19812.82,0.300593,63923.0,0.2573,2031-06-01
NK225E    ,OOP,203106,49500.0,            ,136189518,0000000.0000,0000000.0,5926.69,0.243556,146189518,0000000.0000,0000000.0,19659.96,0.299664,63923.0,0.2573,2031-06-01
NK225E    ,OOP,203106,49750.0,            ,136189718,0000000.0000,0000000.0,6006.26,0.242905,146189718,0000000.0000,0000000.0,19507.62,0.298726,63923.0,0.2573,2031-06-01
NK225E    ,OOP,203106,50000.0,            ,136180018,0000000.0000,0000000.0,6086.49,0.242369,146180018,0000000.0000,0000000.0,19355.94,0.297905,63923.0,0.2573,2031-06-01
NK225E    ,OOP,203106,50250.0,            ,136180218,0000000.0000,0000000.0,6167.84,0.241818,146180218,0000000.0000,0000000.0,19205.39,0.297076,63923.0,0.2573,2031-06-01
NK225E    ,OOP,203106,50500.0,            ,136180518,0000000.0000,0000000.0,6249.78,0.241379,146180518,0000000.0000,0000000.0,19055.42,0.296115,63923.0,0.2573,2031-06-01
NK225E    ,OOP,203106,50750.0,            ,136180718,0000000.0000,0000000.0,6332.38,0.240799,146180718,0000000.0000,0000000.0,18906.1,0.295269,63923.0,0.2573,2031-06-01
NK225E    ,OOP,203106,51000.0,            ,136181018,0000000.0000,0000000.0,6415.47,0.24033,146181018,0000000.0000,0000000.0,18757.29,0.294415,63923.0,0.2573,2031-06-01
NK225E    ,OOP,203106,51250.0,            ,136181218,0000000.0000,0000000.0,6499.93,0.239723,146181218,0000000.0000,0000000.0,18609.84,0.293673,63923.0,0.2573,2031-06-01
NK225E    ,OOP,203106,51500.0,            ,136181518,0000000.0000,0000000.0,6584.94,0.239225,146181518,0000000.0000,0000000.0,18462.93,0.292802,63923.0,0.2573,2031-06-01
NK225E    ,OOP,203106,51750.0,            ,136181718,0000000.0000,0000000.0,6670.49,0.238712,146181718,0000000.0000,0000000.0,18316.58,0.292042,63923.0,0.2573,2031-06-01
NK225E    ,OOP,203106,52000.0,            ,136182018,0000000.0000,0000000.0,6756.72,0.238185,146182018,0000000.0000,0000000.0,18170.9,0.291154,63923.0,0.2573,2031-06-01
NK225E    ,OOP,203106,52250.0,            ,136182218,0000000.0000,0000000.0,6844.29,0.237645,146182218,0000000.0000,0000000.0,18026.56,0.290376,63923.0,0.2573,2031-06-01
NK225E    ,OOP,203106,52500.0,            ,136182518,0000000.0000,0000000.0,6932.55,0.237209,146182518,0000000.0000,0000000.0,17882.91,0.289708,63923.0,0.2573,2031-06-01
NK225E    ,OOP,203106,52750.0,            ,136182718,0000000.0000,0000000.0,7021.36,0.236641,146182718,0000000.0000,0000000.0,17739.82,0.288912,63923.0,0.2573,2031-06-01
NK225E    ,OOP,203106,53000.0,            ,136183018,0000000.0000,0000000.0,7110.78,0.236177,146183018,0000000.0000,0000000.0,17597.33,0.288107,63923.0,0.2573,2031-06-01
NK225E    ,OOP,203106,53250.0,            ,136183218,0000000.0000,0000000.0,7201.7,0.235698,146183218,0000000.0000,0000000.0,17456.34,0.28741,63923.0,0.2573,2031-06-01
NK225E    ,OOP,203106,53500.0,            ,136183518,0000000.0000,0000000.0,7293.27,0.235205,146183518,0000000.0000,0000000.0,17316.0,0.286588,63923.0,0.2573,2031-06-01
NK225E    ,OOP,203106,53750.0,            ,136183718,0000000.0000,0000000.0,7385.41,0.234698,146183718,0000000.0000,0000000.0,17176.23,0.285872,63923.0,0.2573,2031-06-01
NK225E    ,OOP,203106,54000.0,            ,136184018,0000000.0000,0000000.0,7478.21,0.234293,146184018,0000000.0000,0000000.0,17037.12,0.285147,63923.0,0.2573,2031-06-01
NK225E    ,OOP,203106,54250.0,            ,136184218,0000000.0000,0000000.0,7572.62,0.233758,146184218,0000000.0000,0000000.0,16899.62,0.284412,63923.0,0.2573,2031-06-01
NK225E    ,OOP,203106,54500.0,            ,136184518,0000000.0000,0000000.0,7667.65,0.233324,146184518,0000000.0000,0000000.0,16762.74,0.283782,63923.0,0.2573,2031-06-01
NK225E    ,OOP,203106,54750.0,            ,136184718,0000000.0000,0000000.0,7763.31,0.232875,146184718,0000000.0000,0000000.0,16626.49,0.283029,63923.0,0.2573,2031-06-01
NK225E    ,OOP,203106,55000.0,            ,136185018,0000000.0000,0000000.0,7859.59,0.232412,146185018,0000000.0000,0000000.0,16490.86,0.282379,63923.0,0.2573,2031-06-01
NK225E    ,OOP,203106,55250.0,            ,136185218,0000000.0000,0000000.0,7957.6,0.231935,146185218,0000000.0000,0000000.0,16356.96,0.28172,63923.0,0.2573,2031-06-01
NK225E    ,OOP,203106,55500.0,            ,136185518,0000000.0000,0000000.0,8056.29,0.231556,146185518,0000000.0000,0000000.0,16223.74,0.28105,63923.0,0.2573,2031-06-01
NK225E    ,OOP,203106,55750.0,            ,136185718,0000000.0000,0000000.0,8155.56,0.231162,146185718,0000000.0000,0000000.0,16091.11,0.280371,63923.0,0.2573,2031-06-01
NK225E    ,OOP,203106,56000.0,            ,136186018,0000000.0000,0000000.0,8255.51,0.230643,146186018,0000000.0000,0000000.0,15959.15,0.279793,63923.0,0.2573,2031-06-01
NK225E    ,OOP,203106,56250.0,            ,136186218,0000000.0000,0000000.0,8357.32,0.230221,146186218,0000000.0000,0000000.0,15829.05,0.279095,63923.0,0.2573,2031-06-01
NK225E    ,OOP,203106,56500.0,            ,186186518,0000000.0000,0000000.0,8459.76,0.229895,196186518,0000000.0000,0000000.0,15699.58,0.278497,63923.0,0.2573,2031-06-01
NK225E    ,OOP,203106,56750.0,            ,186186718,0000000.0000,0000000.0,8562.85,0.229444,196186718,0000000.0000,0000000.0,15570.76,0.277889,63923.0,0.2573,2031-06-01
NK225E    ,OOP,203106,57000.0,            ,186187018,0000000.0000,0000000.0,8666.62,0.22898,196187018,0000000.0000,0000000.0,15442.62,0.27727,63923.0,0.2573,2031-06-01
NK225E    ,OOP,203106,57250.0,            ,186187218,0000000.0000,0000000.0,8772.33,0.22861,196187218,0000000.0000,0000000.0,15316.42,0.276751,63923.0,0.2573,2031-06-01
NK225E    ,OOP,203106,57500.0,            ,186187518,0000000.0000,0000000.0,8878.68,0.228226,196187518,0000000.0000,0000000.0,15190.86,0.276112,63923.0,0.2573,2031-06-01
NK225E    ,OOP,203106,57750.0,            ,186187718,0000000.0000,0000000.0,8985.68,0.227828,196187718,0000000.0000,0000000.0,15065.95,0.275572,63923.0,0.2573,2031-06-01
NK225E    ,OOP,203106,58000.0,            ,186188018,0000000.0000,0000000.0,9093.37,0.227522,196188018,0000000.0000,0000000.0,14941.74,0.275021,63923.0,0.2573,2031-06-01
NK225E    ,OOP,203106,58250.0,            ,186188218,0000000.0000,0000000.0,9203.12,0.227096,196188218,0000000.0000,0000000.0,14819.58,0.27446,63923.0,0.2573,2031-06-01
NK225E    ,OOP,203106,58500.0,            ,186188518,0000000.0000,0000000.0,9313.52,0.226762,196188518,0000000.0000,0000000.0,14698.07,0.273996,63923.0,0.2573,2031-06-01
NK225E    ,OOP,203106,58750.0,            ,186188718,0000000.0000,0000000.0,9424.58,0.226413,196188718,0000000.0000,0000000.0,14577.22,0.273414,63923.0,0.2573,2031-06-01
NK225E    ,OOP,203106,59000.0,            ,186189018,0000000.0000,0000000.0,9536.34,0.22605,196189018,0000000.0000,0000000.0,14457.07,0.272928,63923.0,0.2573,2031-06-01
NK225E    ,OOP,203106,59250.0,            ,186189218,0000000.0000,0000000.0,9650.22,0.225778,196189218,0000000.0000,0000000.0,14339.05,0.272431,63923.0,0.2573,2031-06-01
NK225E    ,OOP,203106,59500.0,            ,186189518,0000000.0000,0000000.0,9764.77,0.225387,196189518,0000000.0000,0000000.0,14221.68,0.271924,63923.0,0.2573,2031-06-01
NK225E    ,OOP,203106,59750.0,            ,186189718,0000000.0000,0000000.0,9879.98,0.225087,196189718,0000000.0000,0000000.0,14104.98,0.271512,63923.0,0.2573,2031-06-01
NK225E    ,OOP,203106,60000.0,            ,186180018,0000000.0000,0000000.0,9995.89,0.224772,196180018,0000000.0000,0000000.0,13988.99,0.270984,63923.0,0.2573,2031-06-01
NK225E    ,OOP,203106,60250.0,            ,186180218,0000000.0000,0000000.0,10114.0,0.224443,196180218,0000000.0000,0000000.0,13875.19,0.27055,63923.0,0.2573,2031-06-01
NK225E    ,OOP,203106,60500.0,            ,186180518,0000000.0000,0000000.0,10232.83,0.224203,196180518,0000000.0000,0000000.0,13762.1,0.270105,63923.0,0.2573,2031-06-01
NK225E    ,OOP,203106,60750.0,            ,186180718,0000000.0000,0000000.0,10352.27,0.223846,196180718,0000000.0000,0000000.0,13649.64,0.269649,63923.0,0.2573,2031-06-01
NK225E    ,OOP,203106,61000.0,            ,186181018,0000000.0000,0000000.0,10472.42,0.223578,196181018,0000000.0000,0000000.0,13537.88,0.269287,63923.0,0.2573,2031-06-01
NK225E    ,OOP,203106,61250.0,            ,186181218,0000000.0000,0000000.0,10594.84,0.223295,196181218,0000000.0000,0000000.0,13428.39,0.26881,63923.0,0.2573,2031-06-01
NK225E    ,OOP,203106,61500.0,            ,186181518,0000000.0000,0000000.0,10717.97,0.222999,196181518,0000000.0000,0000000.0,13319.61,0.268425,63923.0,0.2573,2031-06-01
NK225E    ,OOP,203106,61750.0,            ,186181718,0000000.0000,0000000.0,10841.77,0.22279,196181718,0000000.0000,0000000.0,13211.5,0.26803,63923.0,0.2573,2031-06-01
NK225E    ,OOP,203106,62000.0,            ,186182018,0000000.0000,0000000.0,10966.23,0.222567,196182018,0000000.0000,0000000.0,13104.06,0.267727,63923.0,0.2573,2031-06-01
NK225E    ,OOP,203106,62250.0,            ,186182218,0000000.0000,0000000.0,11093.03,0.22233,196182218,0000000.0000,0000000.0,12998.94,0.26731,63923.0,0.2573,2031-06-01
NK225E    ,OOP,203106,62500.0,            ,186182518,0000000.0000,0000000.0,11220.49,0.222079,196182518,0000000.0000,0000000.0,12894.5,0.266984,63923.0,0.2573,2031-06-01
NK225E    ,OOP,203106,62750.0,            ,186182718,0000000.0000,0000000.0,11348.62,0.221814,196182718,0000000.0000,0000000.0,12790.72,0.266648,63923.0,0.2573,2031-06-01
NK225E    ,OOP,203106,63000.0,            ,186183018,0000000.0000,0000000.0,11477.46,0.221635,196183018,0000000.0000,0000000.0,12687.65,0.2663,63923.0,0.2573,2031-06-01
NK225E    ,OOP,203106,63250.0,            ,186183218,0000000.0000,0000000.0,11608.6,0.221443,196183218,0000000.0000,0000000.0,12586.88,0.266043,63923.0,0.2573,2031-06-01
NK225E    ,OOP,203106,63500.0,            ,186183518,0000000.0000,0000000.0,11740.45,0.221236,196183518,0000000.0000,0000000.0,12486.82,0.265674,63923.0,0.2573,2031-06-01
NK225E    ,OOP,203106,63750.0,            ,186183718,0000000.0000,0000000.0,11872.97,0.221016,196183718,0000000.0000,0000000.0,12387.43,0.265395,63923.0,0.2573,2031-06-01
NK225E    ,OOP,203106,64000.0,            ,186184018,0000000.0000,0000000.0,12006.14,0.220782,196184018,0000000.0000,0000000.0,12288.69,0.265105,63923.0,0.2573,2031-06-01
NK225E    ,OOP,203106,64250.0,            ,186184218,0000000.0000,0000000.0,12141.67,0.220634,196184218,0000000.0000,0000000.0,12192.31,0.264904,63923.0,0.2573,2031-06-01
NK225E    ,OOP,203106,64500.0,            ,186184518,0000000.0000,0000000.0,12277.86,0.220472,196184518,0000000.0000,0000000.0,12096.59,0.264592,63923.0,0.2573,2031-06-01
NK225E    ,OOP,203106,64750.0,            ,186184718,0000000.0000,0000000.0,12414.71,0.220296,196184718,0000000.0000,0000000.0,12001.53,0.26437,63923.0,0.2573,2031-06-01
NK225E    ,OOP,203106,65000.0,            ,186185018,0000000.0000,0000000.0,12552.21,0.220107,196185018,0000000.0000,0000000.0,11907.12,0.264136,63923.0,0.2573,2031-06-01
NK225E    ,OOP,203106,65250.0,            ,186185218,0000000.0000,0000000.0,12692.02,0.220002,196185218,0000000.0000,0000000.0,11815.03,0.263892,63923.0,0.2573,2031-06-01
NK225E    ,OOP,203106,65500.0,            ,186185518,0000000.0000,0000000.0,12832.54,0.219884,196185518,0000000.0000,0000000.0,11723.63,0.263736,63923.0,0.2573,2031-06-01
NK225E    ,OOP,203106,65750.0,            ,186185718,0000000.0000,0000000.0,12973.65,0.219753,196185718,0000000.0000,0000000.0,11632.84,0.26347,63923.0,0.2573,2031-06-01
NK225E    ,OOP,203106,66000.0,            ,186186018,0000000.0000,0000000.0,13115.46,0.219608,196186018,0000000.0000,0000000.0,11542.74,0.263292,63923.0,0.2573,2031-06-01
NK225E    ,OOP,203106,66250.0,            ,186186218,0000000.0000,0000000.0,13259.49,0.21945,196186218,0000000.0000,0000000.0,11454.86,0.263104,63923.0,0.2573,2031-06-01
NK225E    ,OOP,203106,66500.0,            ,136306518,0000000.0000,0000000.0,13404.16,0.219376,146306518,0000000.0000,0000000.0,11367.62,0.262905,63923.0,0.2573,2031-06-01
NK225E    ,OOP,203106,66750.0,            ,136306718,0000000.0000,0000000.0,13549.46,0.219289,146306718,0000000.0000,0000000.0,11281.01,0.262794,63923.0,0.2573,2031-06-01
NK225E    ,OOP,203106,67000.0,            ,136307018,0000000.0000,0000000.0,13695.45,0.219189,146307018,0000000.0000,0000000.0,11195.1,0.262573,63923.0,0.2573,2031-06-01
NK225E    ,OOP,203106,67250.0,            ,136307218,0000000.0000,0000000.0,13843.56,0.219075,146307218,0000000.0000,0000000.0,11111.29,0.26244,63923.0,0.2573,2031-06-01
NK225E    ,OOP,203106,67500.0,            ,136307518,0000000.0000,0000000.0,13992.29,0.219046,146307518,0000000.0000,0000000.0,11028.12,0.262297,63923.0,0.2573,2031-06-01
NK225E    ,OOP,203106,67750.0,            ,136307718,0000000.0000,0000000.0,14141.65,0.218907,146307718,0000000.0000,0000000.0,10945.57,0.262241,63923.0,0.2573,2031-06-01
NK225E    ,OOP,203106,68000.0,            ,136308018,0000000.0000,0000000.0,14291.69,0.218851,146308018,0000000.0000,0000000.0,10863.69,0.262076,63923.0,0.2573,2031-06-01
NK225E    ,OOP,203106,68250.0,            ,136308218,0000000.0000,0000000.0,14443.67,0.218783,146308218,0000000.0000,0000000.0,10783.77,0.261999,63923.0,0.2573,2031-06-01
NK225E    ,OOP,203106,68500.0,            ,136308518,0000000.0000,0000000.0,14596.33,0.2188,146308518,0000000.0000,0000000.0,10704.51,0.261911,63923.0,0.2573,2031-06-01
NK225E    ,OOP,203106,68750.0,            ,136308718,0000000.0000,0000000.0,14749.54,0.218706,146308718,0000000.0000,0000000.0,10625.82,0.261813,63923.0,0.2573,2031-06-01
NK225E    ,OOP,203106,69000.0,            ,136309018,0000000.0000,0000000.0,14903.42,0.218697,146309018,0000000.0000,0000000.0,10547.79,0.261704,63923.0,0.2573,2031-06-01
NK225E    ,OOP,203106,69250.0,            ,136309218,0000000.0000,0000000.0,15059.08,0.218675,146309218,0000000.0000,0000000.0,10471.54,0.261683,63923.0,0.2573,2031-06-01
NK225E    ,OOP,203106,69500.0,            ,136309518,0000000.0000,0000000.0,15215.4,0.21864,146309518,0000000.0000,0000000.0,10395.95,0.261554,63923.0,0.2573,2031-06-01
NK225E    ,OOP,203106,69750.0,            ,136309718,0000000.0000,0000000.0,15372.31,0.218593,146309718,0000000.0000,0000000.0,10320.95,0.261512,63923.0,0.2573,2031-06-01
NK225E    ,OOP,203106,70000.0,            ,136300018,0000000.0000,0000000.0,15529.82,0.218534,146300018,0000000.0000,0000000.0,10246.55,0.261459,63923.0,0.2573,2031-06-01
NK225E    ,OOP,203106,70250.0,            ,136300218,0000000.0000,0000000.0,15688.95,0.218559,146300218,0000000.0000,0000000.0,10173.77,0.261397,63923.0,0.2573,2031-06-01
NK225E    ,OOP,203106,70500.0,            ,136300518,0000000.0000,0000000.0,15848.66,0.218572,146300518,0000000.0000,0000000.0,10101.58,0.261421,63923.0,0.2573,2031-06-01
NK225E    ,OOP,203106,70750.0,            ,136300718,0000000.0000,0000000.0,16008.96,0.218476,146300718,0000000.0000,0000000.0,10029.97,0.261338,63923.0,0.2573,2031-06-01
NK225E    ,OOP,203106,71000.0,            ,136301018,0000000.0000,0000000.0,16169.83,0.218465,146301018,0000000.0000,0000000.0,9958.93,0.261343,63923.0,0.2573,2031-06-01
NK225E    ,OOP,203106,71250.0,            ,136301218,0000000.0000,0000000.0,16332.05,0.218538,146301218,0000000.0000,0000000.0,9889.24,0.261337,63923.0,0.2573,2031-06-01
NK225E    ,OOP,203106,71500.0,            ,136301518,0000000.0000,0000000.0,16494.84,0.218503,146301518,0000000.0000,0000000.0,9820.12,0.261322,63923.0,0.2573,2031-06-01
NK225E    ,OOP,203106,71750.0,            ,136301718,0000000.0000,0000000.0,16658.19,0.218552,146301718,0000000.0000,0000000.0,9751.56,0.261296,63923.0,0.2573,2031-06-01
NK225E    ,OOP,203106,72000.0,            ,136302018,0000000.0000,0000000.0,16822.16,0.218494,146302018,0000000.0000,0000000.0,9683.62,0.261261,63923.0,0.2573,2031-06-01
NK225E    ,OOP,203106,72250.0,            ,136302218,0000000.0000,0000000.0,16987.14,0.21852,146302218,0000000.0000,0000000.0,9616.69,0.261313,63923.0,0.2573,2031-06-01
NK225E    ,OOP,203106,72500.0,            ,136302518,0000000.0000,0000000.0,17152.68,0.218535,146302518,0000000.0000,0000000.0,9550.32,0.261259,63923.0,0.2573,2031-06-01
NK225E    ,OOP,203106,72750.0,            ,136302718,0000000.0000,0000000.0,17318.76,0.218538,146302718,0000000.0000,0000000.0,9484.49,0.261291,63923.0,0.2573,2031-06-01
NK225E    ,OOP,203106,73000.0,            ,136303018,0000000.0000,0000000.0,17485.38,0.21853,146303018,0000000.0000,0000000.0,9419.21,0.261314,63923.0,0.2573,2031-06-01
NK225E    ,OOP,203106,73250.0,            ,136303218,0000000.0000,0000000.0,17652.7,0.218607,146303218,0000000.0000,0000000.0,9354.62,0.261328,63923.0,0.2573,2031-06-01
NK225E    ,OOP,203106,73500.0,            ,136303518,0000000.0000,0000000.0,17820.6,0.218576,146303518,0000000.0000,0000000.0,9290.61,0.261332,63923.0,0.2573,2031-06-01
NK225E    ,OOP,203106,73750.0,            ,136303718,0000000.0000,0000000.0,17989.03,0.218631,146303718,0000000.0000,0000000.0,9227.13,0.261327,63923.0,0.2573,2031-06-01
NK225E    ,OOP,203106,74000.0,            ,136304018,0000000.0000,0000000.0,18157.99,0.218674,146304018,0000000.0000,0000000.0,9164.18,0.261313,63923.0,0.2573,2031-06-01
NK225E    ,OOP,203106,74250.0,            ,136304218,0000000.0000,0000000.0,18327.2,0.21861,146304218,0000000.0000,0000000.0,9101.48,0.261386,63923.0,0.2573,2031-06-01
NK225E    ,OOP,203106,74500.0,            ,136304518,0000000.0000,0000000.0,18496.99,0.218632,146304518,0000000.0000,0000000.0,9039.36,0.261353,63923.0,0.2573,2031-06-01
NK225E    ,OOP,203106,74750.0,            ,136304718,0000000.0000,0000000.0,18667.28,0.218643,146304718,0000000.0000,0000000.0,8977.75,0.261408,63923.0,0.2573,2031-06-01
NK225E    ,OOP,203106,75000.0,            ,136305018,0000000.0000,0000000.0,18838.08,0.218643,146305018,0000000.0000,0000000.0,8916.64,0.261357,63923.0,0.2573,2031-06-01
NK225E    ,OOP,203106,75250.0,            ,136305218,0000000.0000,0000000.0,19008.77,0.218632,146305218,0000000.0000,0000000.0,8855.41,0.261393,63923.0,0.2573,2031-06-01
NK225E    ,OOP,203106,75500.0,            ,136305518,0000000.0000,0000000.0,19179.95,0.218611,146305518,0000000.0000,0000000.0,8794.69,0.261421,63923.0,0.2573,2031-06-01
NK225E    ,OOP,203106,75750.0,            ,136305718,0000000.0000,0000000.0,19351.63,0.218676,146305718,0000000.0000,0000000.0,8734.46,0.26144,63923.0,0.2573,2031-06-01
NK225E    ,OOP,203106,76000.0,            ,136306018,0000000.0000,0000000.0,19523.8,0.218633,146306018,0000000.0000,0000000.0,8674.72,0.26145,63923.0,0.2573,2031-06-01
NK225E    ,OOP,203106,76250.0,            ,136306218,0000000.0000,0000000.0,19692.32,0.21858,146306218,0000000.0000,0000000.0,8611.33,0.261355,63923.0,0.2573,2031-06-01
NK225E    ,OOP,203106,80000.0,            ,186300018,0000000.0000,0000000.0,22276.9,0.217141,196300018,0000000.0000,0000000.0,7717.28,0.260363,63923.0,0.2573,2031-06-01
NK225E    ,OOP,203112,18000.0,            ,136128018,0000000.0000,0000000.0,397.17,0.31884,146128018,0000000.0000,0000000.0,43097.31,0.557255,63923.0,0.2573,2031-12-01
NK225E    ,OOP,203112,19000.0,            ,136129018,0000000.0000,0000000.0,486.44,0.318486,146129018,0000000.0000,0000000.0,42266.24,0.540155,63923.0,0.2573,2031-12-01
NK225E    ,OOP,203112,20000.0,            ,136120018,0000000.0000,0000000.0,587.36,0.318063,146120018,0000000.0000,0000000.0,41446.82,0.524682,63923.0,0.2573,2031-12-01
NK225E    ,OOP,203112,21000.0,            ,136121018,0000000.0000,0000000.0,700.34,0.318118,146121018,0000000.0000,0000000.0,40639.46,0.510932,63923.0,0.2573,2031-12-01
NK225E    ,OOP,203112,22000.0,            ,136122018,0000000.0000,0000000.0,825.7,0.317956,146122018,0000000.0000,0000000.0,39844.49,0.498398,63923.0,0.2573,2031-12-01
NK225E    ,OOP,203112,23000.0,            ,136123018,0000000.0000,0000000.0,963.73,0.317615,146123018,0000000.0000,0000000.0,39062.18,0.486936,63923.0,0.2573,2031-12-01
NK225E    ,OOP,203112,24000.0,            ,136124018,0000000.0000,0000000.0,1114.63,0.317533,146124018,0000000.0000,0000000.0,38292.74,0.47642,63923.0,0.2573,2031-12-01
NK225E    ,OOP,203112,25000.0,            ,136125018,0000000.0000,0000000.0,1278.6,0.317256,146125018,0000000.0000,0000000.0,37536.37,0.466998,63923.0,0.2573,2031-12-01
NK225E    ,OOP,203112,26000.0,            ,136126018,0000000.0000,0000000.0,1455.74,0.316821,146126018,0000000.0000,0000000.0,36793.17,0.458545,63923.0,0.2573,2031-12-01
NK225E    ,OOP,203112,27000.0,            ,136127018,0000000.0000,0000000.0,1646.15,0.316572,146127018,0000000.0000,0000000.0,36063.25,0.450722,63923.0,0.2573,2031-12-01
NK225E    ,OOP,203112,27250.0,            ,186127218,0000000.0000,0000000.0,1666.39,0.314928,196127218,0000000.0000,0000000.0,35853.4,0.447691,63923.0,0.2573,2031-12-01
NK225E    ,OOP,203112,27500.0,            ,186127518,0000000.0000,0000000.0,1686.56,0.313286,196127518,0000000.0000,0000000.0,35643.48,0.444461,63923.0,0.2573,2031-12-01
NK225E    ,OOP,203112,27750.0,            ,186127718,0000000.0000,0000000.0,1706.63,0.311346,196127718,0000000.0000,0000000.0,35433.47,0.441488,63923.0,0.2573,2031-12-01
NK225E    ,OOP,203112,28000.0,            ,186128018,0000000.0000,0000000.0,1726.62,0.309714,196128018,0000000.0000,0000000.0,35223.37,0.438318,63923.0,0.2573,2031-12-01
NK225E    ,OOP,203112,28250.0,            ,136128218,0000000.0000,0000000.0,1750.07,0.308085,146128218,0000000.0000,0000000.0,35016.74,0.4354,63923.0,0.2573,2031-12-01
NK225E    ,OOP,203112,28500.0,            ,136128518,0000000.0000,0000000.0,1773.51,0.306459,146128518,0000000.0000,0000000.0,34810.09,0.432508,63923.0,0.2573,2031-12-01
NK225E    ,OOP,203112,28750.0,            ,136128718,0000000.0000,0000000.0,1796.93,0.304836,146128718,0000000.0000,0000000.0,34603.44,0.429641,63923.0,0.2573,2031-12-01
NK225E    ,OOP,203112,29000.0,            ,186129018,0000000.0000,0000000.0,1820.35,0.303216,196129018,0000000.0000,0000000.0,34396.76,0.427014,63923.0,0.2573,2031-12-01
NK225E    ,OOP,203112,29250.0,            ,136129218,0000000.0000,0000000.0,1847.0,0.301878,146129218,0000000.0000,0000000.0,34193.34,0.424194,63923.0,0.2573,2031-12-01
NK225E    ,OOP,203112,29500.0,            ,136129518,0000000.0000,0000000.0,1873.74,0.300537,146129518,0000000.0000,0000000.0,33989.99,0.421609,63923.0,0.2573,2031-12-01
NK225E    ,OOP,203112,29750.0,            ,136129718,0000000.0000,0000000.0,1900.52,0.299191,146129718,0000000.0000,0000000.0,33786.69,0.419044,63923.0,0.2573,2031-12-01
NK225E    ,OOP,203112,30000.0,            ,186120018,0000000.0000,0000000.0,1927.38,0.297574,196120018,0000000.0000,0000000.0,33583.46,0.416497,63923.0,0.2573,2031-12-01
NK225E    ,OOP,203112,30250.0,            ,136120218,0000000.0000,0000000.0,1957.24,0.29649,146120218,0000000.0000,0000000.0,33383.23,0.41397,63923.0,0.2573,2031-12-01
NK225E    ,OOP,203112,30500.0,            ,136120518,0000000.0000,0000000.0,1987.23,0.295135,146120518,0000000.0000,0000000.0,33183.13,0.41146,63923.0,0.2573,2031-12-01
NK225E    ,OOP,203112,30750.0,            ,136120718,0000000.0000,0000000.0,2017.34,0.293778,146120718,0000000.0000,0000000.0,32983.16,0.409171,63923.0,0.2573,2031-12-01
NK225E    ,OOP,203112,31000.0,            ,186121018,0000000.0000,0000000.0,2047.6,0.292673,196121018,0000000.0000,0000000.0,32783.34,0.406694,63923.0,0.2573,2031-12-01
NK225E    ,OOP,203112,31250.0,            ,136121218,0000000.0000,0000000.0,2080.65,0.291559,146121218,0000000.0000,0000000.0,32586.31,0.404435,63923.0,0.2573,2031-12-01
NK225E    ,OOP,203112,31500.0,            ,136121518,0000000.0000,0000000.0,2113.89,0.290436,146121518,0000000.0000,0000000.0,32389.46,0.402189,63923.0,0.2573,2031-12-01
NK225E    ,OOP,203112,31750.0,            ,136121718,0000000.0000,0000000.0,2147.32,0.289306,146121718,0000000.0000,0000000.0,32192.81,0.399956,63923.0,0.2573,2031-12-01
NK225E    ,OOP,203112,32000.0,            ,186122018,0000000.0000,0000000.0,2180.94,0.288168,196122018,0000000.0000,0000000.0,31996.34,0.397735,63923.0,0.2573,2031-12-01
NK225E    ,OOP,203112,32250.0,            ,136122218,0000000.0000,0000000.0,2217.12,0.287022,146122218,0000000.0000,0000000.0,31802.44,0.395721,63923.0,0.2573,2031-12-01
NK225E    ,OOP,203112,32500.0,            ,136122518,0000000.0000,0000000.0,2253.56,0.286106,146122518,0000000.0000,0000000.0,31608.79,0.393524,63923.0,0.2573,2031-12-01
NK225E    ,OOP,203112,32750.0,            ,136122718,0000000.0000,0000000.0,2290.25,0.285178,146122718,0000000.0000,0000000.0,31415.4,0.391529,63923.0,0.2573,2031-12-01
NK225E    ,OOP,203112,33000.0,            ,186123018,0000000.0000,0000000.0,2327.18,0.284006,196123018,0000000.0000,0000000.0,31222.24,0.389354,63923.0,0.2573,2031-12-01
NK225E    ,OOP,203112,33250.0,            ,136123218,0000000.0000,0000000.0,2366.46,0.283057,146123218,0000000.0000,0000000.0,31031.44,0.387378,63923.0,0.2573,2031-12-01
NK225E    ,OOP,203112,33500.0,            ,136123518,0000000.0000,0000000.0,2406.04,0.282096,146123518,0000000.0000,0000000.0,30840.93,0.385596,63923.0,0.2573,2031-12-01
NK225E    ,OOP,203112,33750.0,            ,136123718,0000000.0000,0000000.0,2445.9,0.281346,146123718,0000000.0000,0000000.0,30650.71,0.383634,63923.0,0.2573,2031-12-01
NK225E    ,OOP,203112,34000.0,            ,186124018,0000000.0000,0000000.0,2486.09,0.280361,196124018,0000000.0000,0000000.0,30460.81,0.381681,63923.0,0.2573,2031-12-01
NK225E    ,OOP,203112,34250.0,            ,136124218,0000000.0000,0000000.0,2528.37,0.279583,146124218,0000000.0000,0000000.0,30273.01,0.379917,63923.0,0.2573,2031-12-01
NK225E    ,OOP,203112,34500.0,            ,136124518,0000000.0000,0000000.0,2571.01,0.278576,146124518,0000000.0000,0000000.0,30085.57,0.377978,63923.0,0.2573,2031-12-01
NK225E    ,OOP,203112,34750.0,            ,136124718,0000000.0000,0000000.0,2613.99,0.277771,146124718,0000000.0000,0000000.0,29898.46,0.376225,63923.0,0.2573,2031-12-01
NK225E    ,OOP,203112,35000.0,            ,186125018,0000000.0000,0000000.0,2657.3,0.276952,196125018,0000000.0000,0000000.0,29711.69,0.374476,63923.0,0.2573,2031-12-01
NK225E    ,OOP,203112,35250.0,            ,136125218,0000000.0000,0000000.0,2702.55,0.27612,146125218,0000000.0000,0000000.0,29526.85,0.372732,63923.0,0.2573,2031-12-01
NK225E    ,OOP,203112,35500.0,            ,136125518,0000000.0000,0000000.0,2748.16,0.275275,146125518,0000000.0000,0000000.0,29342.38,0.370992,63923.0,0.2573,2031-12-01
NK225E    ,OOP,203112,35750.0,            ,136125718,0000000.0000,0000000.0,2794.15,0.27462,146125718,0000000.0000,0000000.0,29158.28,0.36943,63923.0,0.2573,2031-12-01
NK225E    ,OOP,203112,36000.0,            ,186126018,0000000.0000,0000000.0,2840.53,0.273748,196126018,0000000.0000,0000000.0,28974.58,0.367698,63923.0,0.2573,2031-12-01
NK225E    ,OOP,203112,36250.0,            ,136126218,0000000.0000,0000000.0,2888.62,0.273062,146126218,0000000.0000,0000000.0,28792.58,0.36614,63923.0,0.2573,2031-12-01
NK225E    ,OOP,203112,36500.0,            ,136126518,0000000.0000,0000000.0,2937.1,0.27236,146126518,0000000.0000,0000000.0,28610.98,0.364584,63923.0,0.2573,2031-12-01
NK225E    ,OOP,203112,36750.0,            ,136126718,0000000.0000,0000000.0,2985.99,0.271643,146126718,0000000.0000,0000000.0,28429.79,0.363029,63923.0,0.2573,2031-12-01
NK225E    ,OOP,203112,37000.0,            ,186127018,0000000.0000,0000000.0,3035.31,0.270911,196127018,0000000.0000,0000000.0,28249.02,0.36131,63923.0,0.2573,2031-12-01
NK225E    ,OOP,203112,37250.0,            ,136127218,0000000.0000,0000000.0,3086.15,0.270165,146127218,0000000.0000,0000000.0,28069.78,0.359924,63923.0,0.2573,2031-12-01
NK225E    ,OOP,203112,37500.0,            ,136127518,0000000.0000,0000000.0,3137.42,0.269406,146127518,0000000.0000,0000000.0,27890.96,0.358374,63923.0,0.2573,2031-12-01
NK225E    ,OOP,203112,37750.0,            ,136127718,0000000.0000,0000000.0,3189.11,0.268817,146127718,0000000.0000,0000000.0,27712.57,0.356825,63923.0,0.2573,2031-12-01
NK225E    ,OOP,203112,38000.0,            ,136248018,0000000.0000,0000000.0,3241.26,0.268029,146248018,0000000.0000,0000000.0,27534.63,0.355439,63923.0,0.2573,2031-12-01
NK225E    ,OOP,203112,38250.0,            ,186128218,0000000.0000,0000000.0,3294.75,0.267409,196128218,0000000.0000,0000000.0,27358.03,0.354052,63923.0,0.2573,2031-12-01
NK225E    ,OOP,203112,38500.0,            ,186128518,0000000.0000,0000000.0,3348.71,0.266774,196128518,0000000.0000,0000000.0,27181.91,0.352664,63923.0,0.2573,2031-12-01
NK225E    ,OOP,203112,38750.0,            ,186128718,0000000.0000,0000000.0,3403.12,0.266123,196128718,0000000.0000,0000000.0,27006.24,0.351118,63923.0,0.2573,2031-12-01
NK225E    ,OOP,203112,39000.0,            ,136249018,0000000.0000,0000000.0,3457.98,0.265456,146249018,0000000.0000,0000000.0,26831.01,0.349729,63923.0,0.2573,2031-12-01
NK225E    ,OOP,203112,39250.0,            ,186129218,0000000.0000,0000000.0,3514.03,0.264776,196129218,0000000.0000,0000000.0,26656.97,0.348495,63923.0,0.2573,2031-12-01
NK225E    ,OOP,203112,39500.0,            ,186129518,0000000.0000,0000000.0,3570.57,0.264081,196129518,0000000.0000,0000000.0,26483.43,0.347104,63923.0,0.2573,2031-12-01
NK225E    ,OOP,203112,39750.0,            ,186129718,0000000.0000,0000000.0,3627.54,0.263542,196129718,0000000.0000,0000000.0,26310.32,0.345712,63923.0,0.2573,2031-12-01
NK225E    ,OOP,203112,40000.0,            ,136240018,0000000.0000,0000000.0,3685.01,0.262819,146240018,0000000.0000,0000000.0,26137.71,0.344471,63923.0,0.2573,2031-12-01
NK225E    ,OOP,203112,40250.0,            ,186120218,0000000.0000,0000000.0,3743.56,0.262249,196120218,0000000.0000,0000000.0,25966.17,0.343227,63923.0,0.2573,2031-12-01
NK225E    ,OOP,203112,40500.0,            ,186120518,0000000.0000,0000000.0,3802.59,0.261663,196120518,0000000.0000,0000000.0,25795.11,0.34183,63923.0,0.2573,2031-12-01
NK225E    ,OOP,203112,40750.0,            ,186120718,0000000.0000,0000000.0,3862.09,0.261062,196120718,0000000.0000,0000000.0,25624.53,0.340582,63923.0,0.2573,2031-12-01
NK225E    ,OOP,203112,41000.0,            ,136241018,0000000.0000,0000000.0,3922.07,0.260446,146241018,0000000.0000,0000000.0,25454.43,0.33933,63923.0,0.2573,2031-12-01
NK225E    ,OOP,203112,41250.0,            ,186121218,0000000.0000,0000000.0,3983.01,0.259815,196121218,0000000.0000,0000000.0,25285.28,0.338076,63923.0,0.2573,2031-12-01
NK225E    ,OOP,203112,41500.0,            ,186121518,0000000.0000,0000000.0,4044.47,0.25917,196121518,0000000.0000,0000000.0,25116.65,0.33682,63923.0,0.2573,2031-12-01
NK225E    ,OOP,203112,41750.0,            ,186121718,0000000.0000,0000000.0,4106.41,0.258512,196121718,0000000.0000,0000000.0,24948.51,0.335705,63923.0,0.2573,2031-12-01
NK225E    ,OOP,203112,42000.0,            ,136242018,0000000.0000,0000000.0,4168.84,0.257995,146242018,0000000.0000,0000000.0,24780.86,0.334443,63923.0,0.2573,2031-12-01
NK225E    ,OOP,203112,42250.0,            ,186122218,0000000.0000,0000000.0,4232.16,0.257309,196122218,0000000.0000,0000000.0,24614.09,0.33332,63923.0,0.2573,2031-12-01
NK225E    ,OOP,203112,42500.0,            ,186122518,0000000.0000,0000000.0,4295.97,0.256762,196122518,0000000.0000,0000000.0,24447.82,0.332052,63923.0,0.2573,2031-12-01
NK225E    ,OOP,203112,42750.0,            ,186122718,0000000.0000,0000000.0,4360.28,0.2562,196122718,0000000.0000,0000000.0,24282.04,0.330922,63923.0,0.2573,2031-12-01
NK225E    ,OOP,203112,43000.0,            ,136243018,0000000.0000,0000000.0,4425.08,0.255624,146243018,0000000.0000,0000000.0,24116.76,0.329787,63923.0,0.2573,2031-12-01
NK225E    ,OOP,203112,43250.0,            ,186123218,0000000.0000,0000000.0,4490.73,0.255033,196123218,0000000.0000,0000000.0,23952.32,0.328649,63923.0,0.2573,2031-12-01
NK225E    ,OOP,203112,43500.0,            ,186123518,0000000.0000,0000000.0,4556.87,0.254428,196123518,0000000.0000,0000000.0,23788.38,0.327506,63923.0,0.2573,2031-12-01
NK225E    ,OOP,203112,43750.0,            ,186123718,0000000.0000,0000000.0,4623.52,0.25381,196123718,0000000.0000,0000000.0,23624.94,0.32636,63923.0,0.2573,2031-12-01
NK225E    ,OOP,203112,44000.0,            ,136244018,0000000.0000,0000000.0,4690.67,0.253178,146244018,0000000.0000,0000000.0,23462.01,0.325346,63923.0,0.2573,2031-12-01
NK225E    ,OOP,203112,44250.0,            ,186124218,0000000.0000,0000000.0,4758.64,0.252676,196124218,0000000.0000,0000000.0,23299.89,0.32419,63923.0,0.2573,2031-12-01
NK225E    ,OOP,203112,44500.0,            ,186124518,0000000.0000,0000000.0,4827.12,0.252017,196124518,0000000.0000,0000000.0,23138.29,0.323166,63923.0,0.2573,2031-12-01
NK225E    ,OOP,203112,44750.0,            ,186124718,0000000.0000,0000000.0,4896.11,0.251487,196124718,0000000.0000,0000000.0,22977.19,0.322002,63923.0,0.2573,2031-12-01
NK225E    ,OOP,203112,45000.0,            ,136245018,0000000.0000,0000000.0,4965.61,0.250943,146245018,0000000.0000,0000000.0,22816.61,0.320968,63923.0,0.2573,2031-12-01
NK225E    ,OOP,203112,45250.0,            ,186125218,0000000.0000,0000000.0,5035.9,0.250384,196125218,0000000.0000,0000000.0,22656.82,0.319929,63923.0,0.2573,2031-12-01
NK225E    ,OOP,203112,45500.0,            ,186125518,0000000.0000,0000000.0,5106.72,0.249811,196125518,0000000.0000,0000000.0,22497.55,0.318884,63923.0,0.2573,2031-12-01
NK225E    ,OOP,203112,45750.0,            ,186125718,0000000.0000,0000000.0,5178.05,0.249225,196125718,0000000.0000,0000000.0,22338.79,0.317834,63923.0,0.2573,2031-12-01
NK225E    ,OOP,203112,46000.0,            ,136246018,0000000.0000,0000000.0,5249.85,0.248626,146246018,0000000.0000,0000000.0,22180.51,0.316779,63923.0,0.2573,2031-12-01
NK225E    ,OOP,203112,46250.0,            ,186126218,0000000.0000,0000000.0,5322.55,0.248014,196126218,0000000.0000,0000000.0,22023.12,0.315848,63923.0,0.2573,2031-12-01
NK225E    ,OOP,203112,46500.0,            ,186126518,0000000.0000,0000000.0,5395.76,0.247523,196126518,0000000.0000,0000000.0,21866.26,0.314783,63923.0,0.2573,2031-12-01
NK225E    ,OOP,203112,46750.0,            ,186126718,0000000.0000,0000000.0,5469.5,0.246884,196126718,0000000.0000,0000000.0,21709.91,0.31384,63923.0,0.2573,2031-12-01
NK225E    ,OOP,203112,47000.0,            ,136247018,0000000.0000,0000000.0,5543.76,0.246365,146247018,0000000.0000,0000000.0,21554.08,0.312764,63923.0,0.2573,2031-12-01
NK225E    ,OOP,203112,47250.0,            ,136247218,0000000.0000,0000000.0,5618.85,0.245833,146247218,0000000.0000,0000000.0,21399.09,0.31181,63923.0,0.2573,2031-12-01
NK225E    ,OOP,203112,47500.0,            ,136247518,0000000.0000,0000000.0,5694.54,0.245286,146247518,0000000.0000,0000000.0,21244.7,0.310849,63923.0,0.2573,2031-12-01
NK225E    ,OOP,203112,47750.0,            ,136247718,0000000.0000,0000000.0,5770.76,0.244727,146247718,0000000.0000,0000000.0,21090.83,0.309882,63923.0,0.2573,2031-12-01
NK225E    ,OOP,203112,48000.0,            ,186248018,0000000.0000,0000000.0,5847.51,0.244154,196248018,0000000.0000,0000000.0,20937.49,0.30891,63923.0,0.2573,2031-12-01
NK225E    ,OOP,203112,48250.0,            ,136248218,0000000.0000,0000000.0,5925.18,0.243569,146248218,0000000.0000,0000000.0,20785.08,0.307932,63923.0,0.2573,2031-12-01
NK225E    ,OOP,203112,48500.0,            ,136248518,0000000.0000,0000000.0,6003.39,0.243097,146248518,0000000.0000,0000000.0,20633.2,0.30707,63923.0,0.2573,2031-12-01
NK225E    ,OOP,203112,48750.0,            ,136248718,0000000.0000,0000000.0,6082.21,0.242485,146248718,0000000.0000,0000000.0,20481.94,0.30608,63923.0,0.2573,2031-12-01
NK225E    ,OOP,203112,49000.0,            ,186249018,0000000.0000,0000000.0,6161.53,0.241987,196249018,0000000.0000,0000000.0,20331.17,0.305205,63923.0,0.2573,2031-12-01
NK225E    ,OOP,203112,49250.0,            ,136249218,0000000.0000,0000000.0,6241.91,0.241474,146249218,0000000.0000,0000000.0,20181.47,0.304324,63923.0,0.2573,2031-12-01
NK225E    ,OOP,203112,49500.0,            ,136249518,0000000.0000,0000000.0,6322.87,0.240948,146249518,0000000.0000,0000000.0,20032.35,0.303436,63923.0,0.2573,2031-12-01
NK225E    ,OOP,203112,49750.0,            ,136249718,0000000.0000,0000000.0,6404.3,0.240409,146249718,0000000.0000,0000000.0,19883.69,0.302541,63923.0,0.2573,2031-12-01
NK225E    ,OOP,203112,50000.0,            ,186240018,0000000.0000,0000000.0,6486.34,0.239858,196240018,0000000.0000,0000000.0,19735.65,0.301639,63923.0,0.2573,2031-12-01
NK225E    ,OOP,203112,50250.0,            ,136240218,0000000.0000,0000000.0,6569.61,0.239294,146240218,0000000.0000,0000000.0,19588.83,0.300731,63923.0,0.2573,2031-12-01
NK225E    ,OOP,203112,50500.0,            ,136240518,0000000.0000,0000000.0,6653.38,0.238837,146240518,0000000.0000,0000000.0,19442.52,0.299935,63923.0,0.2573,2031-12-01
NK225E    ,OOP,203112,50750.0,            ,136240718,0000000.0000,0000000.0,6737.7,0.238247,146240718,0000000.0000,0000000.0,19296.75,0.299013,63923.0,0.2573,2031-12-01
NK225E    ,OOP,203112,51000.0,            ,186241018,0000000.0000,0000000.0,6822.57,0.237764,196241018,0000000.0000,0000000.0,19151.54,0.298202,63923.0,0.2573,2031-12-01
NK225E    ,OOP,203112,51250.0,            ,136241218,0000000.0000,0000000.0,6908.85,0.237267,146241218,0000000.0000,0000000.0,19007.73,0.297384,63923.0,0.2573,2031-12-01
NK225E    ,OOP,203112,51500.0,            ,136241518,0000000.0000,0000000.0,6995.65,0.236758,146241518,0000000.0000,0000000.0,18864.45,0.296558,63923.0,0.2573,2031-12-01
NK225E    ,OOP,203112,51750.0,            ,136241718,0000000.0000,0000000.0,7082.96,0.236235,146241718,0000000.0000,0000000.0,18721.68,0.295725,63923.0,0.2573,2031-12-01
NK225E    ,OOP,203112,52000.0,            ,186242018,0000000.0000,0000000.0,7170.97,0.2357,196242018,0000000.0000,0000000.0,18579.6,0.294884,63923.0,0.2573,2031-12-01
NK225E    ,OOP,203112,52250.0,            ,136242218,0000000.0000,0000000.0,7260.41,0.235267,146242218,0000000.0000,0000000.0,18438.96,0.294151,63923.0,0.2573,2031-12-01
NK225E    ,OOP,203112,52500.0,            ,136242518,0000000.0000,0000000.0,7350.43,0.234821,146242518,0000000.0000,0000000.0,18298.89,0.293296,63923.0,0.2573,2031-12-01
NK225E    ,OOP,203112,52750.0,            ,136242718,0000000.0000,0000000.0,7441.01,0.234248,146242718,0000000.0000,0000000.0,18159.39,0.292548,63923.0,0.2573,2031-12-01
NK225E    ,OOP,203112,53000.0,            ,186243018,0000000.0000,0000000.0,7532.17,0.233776,196243018,0000000.0000,0000000.0,18020.46,0.291791,63923.0,0.2573,2031-12-01
NK225E    ,OOP,203112,53250.0,            ,136243218,0000000.0000,0000000.0,7625.02,0.233292,146243218,0000000.0000,0000000.0,17883.23,0.291026,63923.0,0.2573,2031-12-01
NK225E    ,OOP,203112,53500.0,            ,136243518,0000000.0000,0000000.0,7718.45,0.232906,146243518,0000000.0000,0000000.0,17746.57,0.290366,63923.0,0.2573,2031-12-01
NK225E    ,OOP,203112,53750.0,            ,136243718,0000000.0000,0000000.0,7812.46,0.232395,146243718,0000000.0000,0000000.0,17610.49,0.289585,63923.0,0.2573,2031-12-01
NK225E    ,OOP,203112,54000.0,            ,186244018,0000000.0000,0000000.0,7907.05,0.231982,196244018,0000000.0000,0000000.0,17475.0,0.288798,63923.0,0.2573,2031-12-01
NK225E    ,OOP,203112,54250.0,            ,136244218,0000000.0000,0000000.0,8003.5,0.231556,146244218,0000000.0000,0000000.0,17341.37,0.288112,63923.0,0.2573,2031-12-01
NK225E    ,OOP,203112,54500.0,            ,136244518,0000000.0000,0000000.0,8100.54,0.231117,146244518,0000000.0000,0000000.0,17208.33,0.287419,63923.0,0.2573,2031-12-01
NK225E    ,OOP,203112,54750.0,            ,136244718,0000000.0000,0000000.0,8198.18,0.230665,146244718,0000000.0000,0000000.0,17075.88,0.286826,63923.0,0.2573,2031-12-01
NK225E    ,OOP,203112,55000.0,            ,186245018,0000000.0000,0000000.0,8296.45,0.230201,196245018,0000000.0000,0000000.0,16944.07,0.286115,63923.0,0.2573,2031-12-01
NK225E    ,OOP,203112,55250.0,            ,136245218,0000000.0000,0000000.0,8396.71,0.229831,146245218,0000000.0000,0000000.0,16814.24,0.285397,63923.0,0.2573,2031-12-01
NK225E    ,OOP,203112,55500.0,            ,136245518,0000000.0000,0000000.0,8497.58,0.229448,146245518,0000000.0000,0000000.0,16685.02,0.284778,63923.0,0.2573,2031-12-01
NK225E    ,OOP,203112,55750.0,            ,136245718,0000000.0000,0000000.0,8599.05,0.229052,146245718,0000000.0000,0000000.0,16556.41,0.28415,63923.0,0.2573,2031-12-01
NK225E    ,OOP,203112,56000.0,            ,186246018,0000000.0000,0000000.0,8701.16,0.228643,196246018,0000000.0000,0000000.0,16428.44,0.283514,63923.0,0.2573,2031-12-01
NK225E    ,OOP,203112,56250.0,            ,136246218,0000000.0000,0000000.0,8805.44,0.228221,146246218,0000000.0000,0000000.0,16302.64,0.282976,63923.0,0.2573,2031-12-01
NK225E    ,OOP,203112,56500.0,            ,136246518,0000000.0000,0000000.0,8910.34,0.227891,146246518,0000000.0000,0000000.0,16177.45,0.282322,63923.0,0.2573,2031-12-01
NK225E    ,OOP,203112,56750.0,            ,136246718,0000000.0000,0000000.0,9015.85,0.227443,146246718,0000000.0000,0000000.0,16052.87,0.281766,63923.0,0.2573,2031-12-01
NK225E    ,OOP,203112,57000.0,            ,186247018,0000000.0000,0000000.0,9122.02,0.227087,196247018,0000000.0000,0000000.0,15928.96,0.2812,63923.0,0.2573,2031-12-01
NK225E    ,OOP,203112,57250.0,            ,186247218,0000000.0000,0000000.0,9230.53,0.226718,196247218,0000000.0000,0000000.0,15807.38,0.280626,63923.0,0.2573,2031-12-01
NK225E    ,OOP,203112,57500.0,            ,186247518,0000000.0000,0000000.0,9339.67,0.22644,196247518,0000000.0000,0000000.0,15686.43,0.280042,63923.0,0.2573,2031-12-01
NK225E    ,OOP,203112,57750.0,            ,186247718,0000000.0000,0000000.0,9449.42,0.226045,196247718,0000000.0000,0000000.0,15566.11,0.279554,63923.0,0.2573,2031-12-01
NK225E    ,OOP,203112,58000.0,            ,136368018,0000000.0000,0000000.0,9559.8,0.22574,146368018,0000000.0000,0000000.0,15446.4,0.278953,63923.0,0.2573,2031-12-01
NK225E    ,OOP,203112,58250.0,            ,186248218,0000000.0000,0000000.0,9672.66,0.225421,196248218,0000000.0000,0000000.0,15329.17,0.27855,63923.0,0.2573,2031-12-01
NK225E    ,OOP,203112,58500.0,            ,186248518,0000000.0000,0000000.0,9786.19,0.22509,196248518,0000000.0000,0000000.0,15212.62,0.278034,63923.0,0.2573,2031-12-01
NK225E    ,OOP,203112,58750.0,            ,186248718,0000000.0000,0000000.0,9900.31,0.224847,196248718,0000000.0000,0000000.0,15096.66,0.277508,63923.0,0.2573,2031-12-01
NK225E    ,OOP,203112,59000.0,            ,136369018,0000000.0000,0000000.0,10015.11,0.224489,146369018,0000000.0000,0000000.0,14981.37,0.277076,63923.0,0.2573,2031-12-01
NK225E    ,OOP,203112,59250.0,            ,186249218,0000000.0000,0000000.0,10132.46,0.224219,196249218,0000000.0000,0000000.0,14868.64,0.276635,63923.0,0.2573,2031-12-01
NK225E    ,OOP,203112,59500.0,            ,186249518,0000000.0000,0000000.0,10250.5,0.224037,196249518,0000000.0000,0000000.0,14756.59,0.276184,63923.0,0.2573,2031-12-01
NK225E    ,OOP,203112,59750.0,            ,186249718,0000000.0000,0000000.0,10369.18,0.223741,196249718,0000000.0000,0000000.0,14645.18,0.275723,63923.0,0.2573,2031-12-01
NK225E    ,OOP,203112,60000.0,            ,136360018,0000000.0000,0000000.0,10488.49,0.223432,146360018,0000000.0000,0000000.0,14534.41,0.275354,63923.0,0.2573,2031-12-01
NK225E    ,OOP,203112,60250.0,            ,186240218,0000000.0000,0000000.0,10610.48,0.223209,196240218,0000000.0000,0000000.0,14426.32,0.274975,63923.0,0.2573,2031-12-01
NK225E    ,OOP,203112,60500.0,            ,186240518,0000000.0000,0000000.0,10733.18,0.222974,196240518,0000000.0000,0000000.0,14318.93,0.274587,63923.0,0.2573,2031-12-01
NK225E    ,OOP,203112,60750.0,            ,186240718,0000000.0000,0000000.0,10856.46,0.222824,196240718,0000000.0000,0000000.0,14212.13,0.274189,63923.0,0.2573,2031-12-01
NK225E    ,OOP,203112,61000.0,            ,136361018,0000000.0000,0000000.0,10980.43,0.222562,146361018,0000000.0000,0000000.0,14106.01,0.273781,63923.0,0.2573,2031-12-01
NK225E    ,OOP,203112,61250.0,            ,186241218,0000000.0000,0000000.0,11107.11,0.222385,196241218,0000000.0000,0000000.0,14002.61,0.273464,63923.0,0.2573,2031-12-01
NK225E    ,OOP,203112,61500.0,            ,186241518,0000000.0000,0000000.0,11234.44,0.222195,196241518,0000000.0000,0000000.0,13899.85,0.273136,63923.0,0.2573,2031-12-01
NK225E    ,OOP,203112,61750.0,            ,186241718,0000000.0000,0000000.0,11362.41,0.221992,196241718,0000000.0000,0000000.0,13797.74,0.272799,63923.0,0.2573,2031-12-01
NK225E    ,OOP,203112,62000.0,            ,136362018,0000000.0000,0000000.0,11491.07,0.221874,146362018,0000000.0000,0000000.0,13696.32,0.272551,63923.0,0.2573,2031-12-01
NK225E    ,OOP,203112,62250.0,            ,186242218,0000000.0000,0000000.0,11622.41,0.221645,196242218,0000000.0000,0000000.0,13597.58,0.272293,63923.0,0.2573,2031-12-01
NK225E    ,OOP,203112,62500.0,            ,186242518,0000000.0000,0000000.0,11754.45,0.2215,196242518,0000000.0000,0000000.0,13499.53,0.271927,63923.0,0.2573,2031-12-01
NK225E    ,OOP,203112,62750.0,            ,186242718,0000000.0000,0000000.0,11887.08,0.221343,196242718,0000000.0000,0000000.0,13402.08,0.271747,63923.0,0.2573,2031-12-01
NK225E    ,OOP,203112,63000.0,            ,136363018,0000000.0000,0000000.0,12020.4,0.221269,146363018,0000000.0000,0000000.0,13305.31,0.271459,63923.0,0.2573,2031-12-01
NK225E    ,OOP,203112,63250.0,            ,186243218,0000000.0000,0000000.0,12156.42,0.221181,196243218,0000000.0000,0000000.0,13211.24,0.271259,63923.0,0.2573,2031-12-01
NK225E    ,OOP,203112,63500.0,            ,186243518,0000000.0000,0000000.0,12293.08,0.220985,196243518,0000000.0000,0000000.0,13117.82,0.27105,63923.0,0.2573,2031-12-01
NK225E    ,OOP,203112,63750.0,            ,186243718,0000000.0000,0000000.0,12430.38,0.220968,196243718,0000000.0000,0000000.0,13025.03,0.27083,63923.0,0.2573,2031-12-01
NK225E    ,OOP,203112,64000.0,            ,136364018,0000000.0000,0000000.0,12568.31,0.220842,146364018,0000000.0000,0000000.0,12932.88,0.2706,63923.0,0.2573,2031-12-01
NK225E    ,OOP,203112,64250.0,            ,186244218,0000000.0000,0000000.0,12708.85,0.220703,196244218,0000000.0000,0000000.0,12843.33,0.27036,63923.0,0.2573,2031-12-01
NK225E    ,OOP,203112,64500.0,            ,186244518,0000000.0000,0000000.0,12850.02,0.220648,196244518,0000000.0000,0000000.0,12754.42,0.270208,63923.0,0.2573,2031-12-01
NK225E    ,OOP,203112,64750.0,            ,186244718,0000000.0000,0000000.0,12991.83,0.220579,196244718,0000000.0000,0000000.0,12666.14,0.270046,63923.0,0.2573,2031-12-01
NK225E    ,OOP,203112,65000.0,            ,136365018,0000000.0000,0000000.0,13134.26,0.220498,146365018,0000000.0000,0000000.0,12578.49,0.269873,63923.0,0.2573,2031-12-01
NK225E    ,OOP,203112,65250.0,            ,186245218,0000000.0000,0000000.0,13279.09,0.220499,196245218,0000000.0000,0000000.0,12493.24,0.269787,63923.0,0.2573,2031-12-01
NK225E    ,OOP,203112,65500.0,            ,186245518,0000000.0000,0000000.0,13424.61,0.220487,196245518,0000000.0000,0000000.0,12408.67,0.269692,63923.0,0.2573,2031-12-01
NK225E    ,OOP,203112,65750.0,            ,186245718,0000000.0000,0000000.0,13570.69,0.220463,196245718,0000000.0000,0000000.0,12324.67,0.26949,63923.0,0.2573,2031-12-01
NK225E    ,OOP,203112,66000.0,            ,136366018,0000000.0000,0000000.0,13717.44,0.220426,146366018,0000000.0000,0000000.0,12241.33,0.269374,63923.0,0.2573,2031-12-01
NK225E    ,OOP,203112,66250.0,            ,186246218,0000000.0000,0000000.0,13866.39,0.220378,196246218,0000000.0000,0000000.0,12160.2,0.269345,63923.0,0.2573,2031-12-01
NK225E    ,OOP,203112,66500.0,            ,186246518,0000000.0000,0000000.0,14015.95,0.220411,196246518,0000000.0000,0000000.0,12079.67,0.269209,63923.0,0.2573,2031-12-01
NK225E    ,OOP,203112,66750.0,            ,186246718,0000000.0000,0000000.0,14166.12,0.220337,196246718,0000000.0000,0000000.0,11999.76,0.26916,63923.0,0.2573,2031-12-01
NK225E    ,OOP,203112,67000.0,            ,136367018,0000000.0000,0000000.0,14316.89,0.220346,146367018,0000000.0000,0000000.0,11920.45,0.269101,63923.0,0.2573,2031-12-01
NK225E    ,OOP,203112,67250.0,            ,136367218,0000000.0000,0000000.0,14469.54,0.220343,146367218,0000000.0000,0000000.0,11843.01,0.269032,63923.0,0.2573,2031-12-01
NK225E    ,OOP,203112,67500.0,            ,136367518,0000000.0000,0000000.0,14622.79,0.220421,146367518,0000000.0000,0000000.0,11766.18,0.268954,63923.0,0.2573,2031-12-01
NK225E    ,OOP,203112,67750.0,            ,136367718,0000000.0000,0000000.0,14776.64,0.220393,146367718,0000000.0000,0000000.0,11689.94,0.26896,63923.0,0.2573,2031-12-01
NK225E    ,OOP,203112,68000.0,            ,186368018,0000000.0000,0000000.0,14931.12,0.220448,196368018,0000000.0000,0000000.0,11614.34,0.268863,63923.0,0.2573,2031-12-01
NK225E    ,OOP,203112,68250.0,            ,136368218,0000000.0000,0000000.0,15087.05,0.22049,146368218,0000000.0000,0000000.0,11540.18,0.268851,63923.0,0.2573,2031-12-01
NK225E    ,OOP,203112,68500.0,            ,136368518,0000000.0000,0000000.0,15243.61,0.220521,146368518,0000000.0000,0000000.0,11466.66,0.268829,63923.0,0.2573,2031-12-01
NK225E    ,OOP,203112,68750.0,            ,136368718,0000000.0000,0000000.0,15400.76,0.22054,146368718,0000000.0000,0000000.0,11393.72,0.268798,63923.0,0.2573,2031-12-01
NK225E    ,OOP,203112,69000.0,            ,186369018,0000000.0000,0000000.0,15558.48,0.220548,196369018,0000000.0000,0000000.0,11321.35,0.268851,63923.0,0.2573,2031-12-01
NK225E    ,OOP,203112,69250.0,            ,136369218,0000000.0000,0000000.0,15717.19,0.220545,146369218,0000000.0000,0000000.0,11249.98,0.268802,63923.0,0.2573,2031-12-01
NK225E    ,OOP,203112,69500.0,            ,136369518,0000000.0000,0000000.0,15876.53,0.220623,146369518,0000000.0000,0000000.0,11179.24,0.268837,63923.0,0.2573,2031-12-01
NK225E    ,OOP,203112,69750.0,            ,136369718,0000000.0000,0000000.0,16036.37,0.220689,146369718,0000000.0000,0000000.0,11109.0,0.268768,63923.0,0.2573,2031-12-01
NK225E    ,OOP,203112,70000.0,            ,186360018,0000000.0000,0000000.0,16196.83,0.220652,196360018,0000000.0000,0000000.0,11039.37,0.268785,63923.0,0.2573,2031-12-01
NK225E    ,OOP,203112,70250.0,            ,136360218,0000000.0000,0000000.0,16357.73,0.220697,146360218,0000000.0000,0000000.0,10970.19,0.268793,63923.0,0.2573,2031-12-01
NK225E    ,OOP,203112,70500.0,            ,136360518,0000000.0000,0000000.0,16519.18,0.22073,146360518,0000000.0000,0000000.0,10901.55,0.268791,63923.0,0.2573,2031-12-01
NK225E    ,OOP,203112,70750.0,            ,136360718,0000000.0000,0000000.0,16681.18,0.220845,146360718,0000000.0000,0000000.0,10833.46,0.268781,63923.0,0.2573,2031-12-01
NK225E    ,OOP,203112,71000.0,            ,186361018,0000000.0000,0000000.0,16843.72,0.220857,196361018,0000000.0000,0000000.0,10765.92,0.268762,63923.0,0.2573,2031-12-01
NK225E    ,OOP,203112,71250.0,            ,136361218,0000000.0000,0000000.0,17006.09,0.220858,146361218,0000000.0000,0000000.0,10698.2,0.268827,63923.0,0.2573,2031-12-01
NK225E    ,OOP,203112,71500.0,            ,136361518,0000000.0000,0000000.0,17168.99,0.220849,146361518,0000000.0000,0000000.0,10631.02,0.268791,63923.0,0.2573,2031-12-01
NK225E    ,OOP,203112,71750.0,            ,136361718,0000000.0000,0000000.0,17332.42,0.220921,146361718,0000000.0000,0000000.0,10564.36,0.268746,63923.0,0.2573,2031-12-01
NK225E    ,OOP,203112,72000.0,            ,186362018,0000000.0000,0000000.0,17496.37,0.22089,196362018,0000000.0000,0000000.0,10498.23,0.268785,63923.0,0.2573,2031-12-01
NK225E    ,OOP,203112,72250.0,            ,136362218,0000000.0000,0000000.0,17659.38,0.220942,146362218,0000000.0000,0000000.0,10431.15,0.268722,63923.0,0.2573,2031-12-01
NK225E    ,OOP,203112,72500.0,            ,136362518,0000000.0000,0000000.0,17822.9,0.22089,146362518,0000000.0000,0000000.0,10364.59,0.268745,63923.0,0.2573,2031-12-01
NK225E    ,OOP,203112,72750.0,            ,136362718,0000000.0000,0000000.0,17986.94,0.220921,146362718,0000000.0000,0000000.0,10298.54,0.268666,63923.0,0.2573,2031-12-01
NK225E    ,OOP,203112,73000.0,            ,186363018,0000000.0000,0000000.0,18151.47,0.220849,196363018,0000000.0000,0000000.0,10233.0,0.268671,63923.0,0.2573,2031-12-01
NK225E    ,OOP,203112,73250.0,            ,136363218,0000000.0000,0000000.0,18314.24,0.22086,146363218,0000000.0000,0000000.0,10165.68,0.268575,63923.0,0.2573,2031-12-01
NK225E    ,OOP,203112,73500.0,            ,136363518,0000000.0000,0000000.0,18477.51,0.220768,146363518,0000000.0000,0000000.0,10098.86,0.268564,63923.0,0.2573,2031-12-01
NK225E    ,OOP,203112,73750.0,            ,136363718,0000000.0000,0000000.0,18641.26,0.220758,146363718,0000000.0000,0000000.0,10032.53,0.268452,63923.0,0.2573,2031-12-01
NK225E    ,OOP,203112,74000.0,            ,186364018,0000000.0000,0000000.0,18805.51,0.220646,196364018,0000000.0000,0000000.0,9966.69,0.268425,63923.0,0.2573,2031-12-01
NK225E    ,OOP,203112,74250.0,            ,136364218,0000000.0000,0000000.0,18967.0,0.220524,146364218,0000000.0000,0000000.0,9898.09,0.268296,63923.0,0.2573,2031-12-01
NK225E    ,OOP,203112,74500.0,            ,136364518,0000000.0000,0000000.0,19129.02,0.220485,146364518,0000000.0000,0000000.0,9830.03,0.26816,63923.0,0.2573,2031-12-01
NK225E    ,OOP,203112,74750.0,            ,136364718,0000000.0000,0000000.0,19291.46,0.220343,146364718,0000000.0000,0000000.0,9762.39,0.268016,63923.0,0.2573,2031-12-01
NK225E    ,OOP,203112,75000.0,            ,186365018,0000000.0000,0000000.0,19454.43,0.220192,196365018,0000000.0000,0000000.0,9695.28,0.267864,63923.0,0.2573,2031-12-01
NK225E    ,OOP,203112,75250.0,            ,136365218,0000000.0000,0000000.0,19613.55,0.220031,146365218,0000000.0000,0000000.0,9624.31,0.267705,63923.0,0.2573,2031-12-01
NK225E    ,OOP,203112,75500.0,            ,136365518,0000000.0000,0000000.0,19773.13,0.219768,146365518,0000000.0000,0000000.0,9553.81,0.267537,63923.0,0.2573,2031-12-01
NK225E    ,OOP,203112,75750.0,            ,136365718,0000000.0000,0000000.0,19933.18,0.219587,146365718,0000000.0000,0000000.0,9483.77,0.26727,63923.0,0.2573,2031-12-01
NK225E    ,OOP,203112,76000.0,            ,186366018,0000000.0000,0000000.0,20093.75,0.219397,196366018,0000000.0000,0000000.0,9414.26,0.267087,63923.0,0.2573,2031-12-01
NK225E    ,OOP,203112,76250.0,            ,136366218,0000000.0000,0000000.0,20237.73,0.218827,146366218,0000000.0000,0000000.0,9328.16,0.266619,63923.0,0.2573,2031-12-01
NK225E    ,OOP,203112,80000.0,            ,136480018,0000000.0000,0000000.0,22453.36,0.21072,146480018,0000000.0000,0000000.0,8092.52,0.258882,63923.0,0.2573,2031-12-01
NK225E    ,OOP,203206,24000.0,            ,137064018,0000000.0000,0000000.0,1362.69,0.32028,147064018,0000000.0000,0000000.0,38297.03,0.487362,63923.0,0.2573,2032-06-01
NK225E    ,OOP,203206,25000.0,            ,137065018,0000000.0000,0000000.0,1548.73,0.320033,147065018,0000000.0000,0000000.0,37569.97,0.477914,63923.0,0.2573,2032-06-01
NK225E    ,OOP,203206,26000.0,            ,137066018,0000000.0000,0000000.0,1748.13,0.319932,147066018,0000000.0000,0000000.0,36856.27,0.469411,63923.0,0.2573,2032-06-01
NK225E    ,OOP,203206,27000.0,            ,137067018,0000000.0000,0000000.0,1960.87,0.319663,147067018,0000000.0000,0000000.0,36155.91,0.46175,63923.0,0.2573,2032-06-01
NK225E    ,OOP,203206,27250.0,            ,187067218,0000000.0000,0000000.0,1985.26,0.31789,197067218,0000000.0000,0000000.0,35952.03,0.458505,63923.0,0.2573,2032-06-01
NK225E    ,OOP,203206,27500.0,            ,187067518,0000000.0000,0000000.0,2009.59,0.3164,197067518,0000000.0000,0000000.0,35748.08,0.455506,63923.0,0.2573,2032-06-01
NK225E    ,OOP,203206,27750.0,            ,187067718,0000000.0000,0000000.0,2033.82,0.314638,197067718,0000000.0000,0000000.0,35544.04,0.452536,63923.0,0.2573,2032-06-01
NK225E    ,OOP,203206,28000.0,            ,137068018,0000000.0000,0000000.0,2057.99,0.312883,147068018,0000000.0000,0000000.0,35339.93,0.449383,63923.0,0.2573,2032-06-01
NK225E    ,OOP,203206,28250.0,            ,187068218,0000000.0000,0000000.0,2084.81,0.311401,197068218,0000000.0000,0000000.0,35138.48,0.446469,63923.0,0.2573,2032-06-01
NK225E    ,OOP,203206,28500.0,            ,187068518,0000000.0000,0000000.0,2111.6,0.309919,197068518,0000000.0000,0000000.0,34937.0,0.443581,63923.0,0.2573,2032-06-01
NK225E    ,OOP,203206,28750.0,            ,187068718,0000000.0000,0000000.0,2138.37,0.308179,197068718,0000000.0000,0000000.0,34735.49,0.44072,63923.0,0.2573,2032-06-01
NK225E    ,OOP,203206,29000.0,            ,137069018,0000000.0000,0000000.0,2165.14,0.306702,147069018,0000000.0000,0000000.0,34533.99,0.437883,63923.0,0.2573,2032-06-01
NK225E    ,OOP,203206,29250.0,            ,187069218,0000000.0000,0000000.0,2194.41,0.305225,197069218,0000000.0000,0000000.0,34334.98,0.435272,63923.0,0.2573,2032-06-01
NK225E    ,OOP,203206,29500.0,            ,187069518,0000000.0000,0000000.0,2223.71,0.303749,197069518,0000000.0000,0000000.0,34136.01,0.432482,63923.0,0.2573,2032-06-01
NK225E    ,OOP,203206,29750.0,            ,187069718,0000000.0000,0000000.0,2253.04,0.302274,197069718,0000000.0000,0000000.0,33937.07,0.429914,63923.0,0.2573,2032-06-01
NK225E    ,OOP,203206,30000.0,            ,137060018,0000000.0000,0000000.0,2282.4,0.301044,147060018,0000000.0000,0000000.0,33738.15,0.427169,63923.0,0.2573,2032-06-01
NK225E    ,OOP,203206,30250.0,            ,187060218,0000000.0000,0000000.0,2314.16,0.299568,197060218,0000000.0000,0000000.0,33541.63,0.424641,63923.0,0.2573,2032-06-01
NK225E    ,OOP,203206,30500.0,            ,187060518,0000000.0000,0000000.0,2345.99,0.298332,197060518,0000000.0000,0000000.0,33345.19,0.422132,63923.0,0.2573,2032-06-01
NK225E    ,OOP,203206,30750.0,            ,187060718,0000000.0000,0000000.0,2377.9,0.297092,197060718,0000000.0000,0000000.0,33148.82,0.419642,63923.0,0.2573,2032-06-01
NK225E    ,OOP,203206,31000.0,            ,137061018,0000000.0000,0000000.0,2409.88,0.295614,147061018,0000000.0000,0000000.0,32952.53,0.417169,63923.0,0.2573,2032-06-01
NK225E    ,OOP,203206,31250.0,            ,187061218,0000000.0000,0000000.0,2444.14,0.294368,197061218,0000000.0000,0000000.0,32758.51,0.414903,63923.0,0.2573,2032-06-01
NK225E    ,OOP,203206,31500.0,            ,187061518,0000000.0000,0000000.0,2478.54,0.293346,197061518,0000000.0000,0000000.0,32564.64,0.412464,63923.0,0.2573,2032-06-01
NK225E    ,OOP,203206,31750.0,            ,187061718,0000000.0000,0000000.0,2513.03,0.29209,197061718,0000000.0000,0000000.0,32370.86,0.410227,63923.0,0.2573,2032-06-01
NK225E    ,OOP,203206,32000.0,            ,137062018,0000000.0000,0000000.0,2547.67,0.290831,147062018,0000000.0000,0000000.0,32177.22,0.40782,63923.0,0.2573,2032-06-01
NK225E    ,OOP,203206,32250.0,            ,187062218,0000000.0000,0000000.0,2584.44,0.289569,197062218,0000000.0000,0000000.0,31985.72,0.405612,63923.0,0.2573,2032-06-01
NK225E    ,OOP,203206,32500.0,            ,187062518,0000000.0000,0000000.0,2621.38,0.28852,197062518,0000000.0000,0000000.0,31794.38,0.403416,63923.0,0.2573,2032-06-01
NK225E    ,OOP,203206,32750.0,            ,187062718,0000000.0000,0000000.0,2658.47,0.287465,197062718,0000000.0000,0000000.0,31603.2,0.401234,63923.0,0.2573,2032-06-01
NK225E    ,OOP,203206,33000.0,            ,137063018,0000000.0000,0000000.0,2695.73,0.286189,147063018,0000000.0000,0000000.0,31412.18,0.399064,63923.0,0.2573,2032-06-01
NK225E    ,OOP,203206,33250.0,            ,187063218,0000000.0000,0000000.0,2735.01,0.285121,197063218,0000000.0000,0000000.0,31223.19,0.396906,63923.0,0.2573,2032-06-01
NK225E    ,OOP,203206,33500.0,            ,187063518,0000000.0000,0000000.0,2774.51,0.284046,197063518,0000000.0000,0000000.0,31034.42,0.394935,63923.0,0.2573,2032-06-01
NK225E    ,OOP,203206,33750.0,            ,187063718,0000000.0000,0000000.0,2814.22,0.282964,197063718,0000000.0000,0000000.0,30845.85,0.3928,63923.0,0.2573,2032-06-01
NK225E    ,OOP,203206,34000.0,            ,187064018,0000000.0000,0000000.0,2854.12,0.281876,197064018,0000000.0000,0000000.0,30657.47,0.390848,63923.0,0.2573,2032-06-01
NK225E    ,OOP,203206,34250.0,            ,137064218,0000000.0000,0000000.0,2895.94,0.280982,147064218,0000000.0000,0000000.0,30471.01,0.388906,63923.0,0.2573,2032-06-01
NK225E    ,OOP,203206,34500.0,            ,137064518,0000000.0000,0000000.0,2937.99,0.279879,147064518,0000000.0000,0000000.0,30284.79,0.386802,63923.0,0.2573,2032-06-01
NK225E    ,OOP,203206,34750.0,            ,137064718,0000000.0000,0000000.0,2980.27,0.278967,147064718,0000000.0000,0000000.0,30098.8,0.384878,63923.0,0.2573,2032-06-01
NK225E    ,OOP,203206,35000.0,            ,187065018,0000000.0000,0000000.0,3022.81,0.278046,197065018,0000000.0000,0000000.0,29913.06,0.382961,63923.0,0.2573,2032-06-01
NK225E    ,OOP,203206,35250.0,            ,137065218,0000000.0000,0000000.0,3067.14,0.277115,147065218,0000000.0000,0000000.0,29729.12,0.381219,63923.0,0.2573,2032-06-01
NK225E    ,OOP,203206,35500.0,            ,137065518,0000000.0000,0000000.0,3111.75,0.276175,147065518,0000000.0000,0000000.0,29545.46,0.379318,63923.0,0.2573,2032-06-01
NK225E    ,OOP,203206,35750.0,            ,137065718,0000000.0000,0000000.0,3156.63,0.275226,147065718,0000000.0000,0000000.0,29362.07,0.377424,63923.0,0.2573,2032-06-01
NK225E    ,OOP,203206,36000.0,            ,187066018,0000000.0000,0000000.0,3201.78,0.274268,197066018,0000000.0000,0000000.0,29178.94,0.3757,63923.0,0.2573,2032-06-01
NK225E    ,OOP,203206,36250.0,            ,137066218,0000000.0000,0000000.0,3248.64,0.273302,147066218,0000000.0000,0000000.0,28997.52,0.373981,63923.0,0.2573,2032-06-01
NK225E    ,OOP,203206,36500.0,            ,137066518,0000000.0000,0000000.0,3295.79,0.272511,147066518,0000000.0000,0000000.0,28816.4,0.372108,63923.0,0.2573,2032-06-01
NK225E    ,OOP,203206,36750.0,            ,137066718,0000000.0000,0000000.0,3343.24,0.271528,147066718,0000000.0000,0000000.0,28635.57,0.3704,63923.0,0.2573,2032-06-01
NK225E    ,OOP,203206,37000.0,            ,187067018,0000000.0000,0000000.0,3390.98,0.270715,197067018,0000000.0000,0000000.0,28455.04,0.368697,63923.0,0.2573,2032-06-01
NK225E    ,OOP,203206,37250.0,            ,137067218,0000000.0000,0000000.0,3440.34,0.269892,147067218,0000000.0000,0000000.0,28276.13,0.366999,63923.0,0.2573,2032-06-01
NK225E    ,OOP,203206,37500.0,            ,137067518,0000000.0000,0000000.0,3490.06,0.269059,147067518,0000000.0000,0000000.0,28097.57,0.36546,63923.0,0.2573,2032-06-01
NK225E    ,OOP,203206,37750.0,            ,137067718,0000000.0000,0000000.0,3540.06,0.268215,147067718,0000000.0000,0000000.0,27919.3,0.36377,63923.0,0.2573,2032-06-01
NK225E    ,OOP,203206,38000.0,            ,187068018,0000000.0000,0000000.0,3590.41,0.267361,197068018,0000000.0000,0000000.0,27741.37,0.362084,63923.0,0.2573,2032-06-01
NK225E    ,OOP,203206,38250.0,            ,137068218,0000000.0000,0000000.0,3642.29,0.266498,147068218,0000000.0000,0000000.0,27564.98,0.360555,63923.0,0.2573,2032-06-01
NK225E    ,OOP,203206,38500.0,            ,137068518,0000000.0000,0000000.0,3694.54,0.265625,147068518,0000000.0000,0000000.0,27388.95,0.359027,63923.0,0.2573,2032-06-01
NK225E    ,OOP,203206,38750.0,            ,137068718,0000000.0000,0000000.0,3747.14,0.26491,147068718,0000000.0000,0000000.0,27213.27,0.357502,63923.0,0.2573,2032-06-01
NK225E    ,OOP,203206,39000.0,            ,187069018,0000000.0000,0000000.0,3800.07,0.264018,197069018,0000000.0000,0000000.0,27037.93,0.355979,63923.0,0.2573,2032-06-01
NK225E    ,OOP,203206,39250.0,            ,137069218,0000000.0000,0000000.0,3854.48,0.26328,147069218,0000000.0000,0000000.0,26864.07,0.354458,63923.0,0.2573,2032-06-01
NK225E    ,OOP,203206,39500.0,            ,137069518,0000000.0000,0000000.0,3909.28,0.262531,147069518,0000000.0000,0000000.0,26690.59,0.352939,63923.0,0.2573,2032-06-01
NK225E    ,OOP,203206,39750.0,            ,137069718,0000000.0000,0000000.0,3964.42,0.261771,147069718,0000000.0000,0000000.0,26517.45,0.351422,63923.0,0.2573,2032-06-01
NK225E    ,OOP,203206,40000.0,            ,187060018,0000000.0000,0000000.0,4019.95,0.261,197060018,0000000.0000,0000000.0,26344.71,0.350052,63923.0,0.2573,2032-06-01
NK225E    ,OOP,203206,40250.0,            ,137060218,0000000.0000,0000000.0,4076.88,0.260219,147060218,0000000.0000,0000000.0,26173.37,0.348538,63923.0,0.2573,2032-06-01
NK225E    ,OOP,203206,40500.0,            ,137060518,0000000.0000,0000000.0,4134.23,0.259583,147060518,0000000.0000,0000000.0,26002.45,0.347169,63923.0,0.2573,2032-06-01
NK225E    ,OOP,203206,40750.0,            ,137060718,0000000.0000,0000000.0,4191.97,0.25878,147060718,0000000.0000,0000000.0,25831.91,0.345799,63923.0,0.2573,2032-06-01
NK225E    ,OOP,203206,41000.0,            ,187061018,0000000.0000,0000000.0,4250.09,0.25812,197061018,0000000.0000,0000000.0,25661.75,0.34443,63923.0,0.2573,2032-06-01
NK225E    ,OOP,203206,41250.0,            ,137061218,0000000.0000,0000000.0,4309.6,0.257297,147061218,0000000.0000,0000000.0,25492.99,0.34306,63923.0,0.2573,2032-06-01
NK225E    ,OOP,203206,41500.0,            ,137061518,0000000.0000,0000000.0,4369.55,0.256614,147061518,0000000.0000,0000000.0,25324.66,0.34169,63923.0,0.2573,2032-06-01
NK225E    ,OOP,203206,41750.0,            ,137061718,0000000.0000,0000000.0,4429.87,0.25592,147061718,0000000.0000,0000000.0,25156.71,0.340321,63923.0,0.2573,2032-06-01
NK225E    ,OOP,203206,42000.0,            ,187062018,0000000.0000,0000000.0,4490.62,0.255214,197062018,0000000.0000,0000000.0,24989.19,0.338951,63923.0,0.2573,2032-06-01
NK225E    ,OOP,203206,42250.0,            ,137062218,0000000.0000,0000000.0,4552.72,0.254498,147062218,0000000.0000,0000000.0,24823.01,0.337718,63923.0,0.2573,2032-06-01
NK225E    ,OOP,203206,42500.0,            ,137062518,0000000.0000,0000000.0,4615.27,0.253915,147062518,0000000.0000,0000000.0,24657.29,0.336482,63923.0,0.2573,2032-06-01
NK225E    ,OOP,203206,42750.0,            ,137062718,0000000.0000,0000000.0,4678.24,0.253176,147062718,0000000.0000,0000000.0,24491.98,0.33511,63923.0,0.2573,2032-06-01
NK225E    ,OOP,203206,43000.0,            ,187063018,0000000.0000,0000000.0,4741.63,0.252569,197063018,0000000.0000,0000000.0,24327.1,0.333873,63923.0,0.2573,2032-06-01
NK225E    ,OOP,203206,43250.0,            ,137063218,0000000.0000,0000000.0,4806.38,0.251809,147063218,0000000.0000,0000000.0,24163.57,0.332633,63923.0,0.2573,2032-06-01
NK225E    ,OOP,203206,43500.0,            ,137063518,0000000.0000,0000000.0,4871.6,0.251179,147063518,0000000.0000,0000000.0,24000.51,0.331524,63923.0,0.2573,2032-06-01
NK225E    ,OOP,203206,43750.0,            ,137063718,0000000.0000,0000000.0,4937.22,0.250537,147063718,0000000.0000,0000000.0,23837.86,0.33028,63923.0,0.2573,2032-06-01
NK225E    ,OOP,203206,44000.0,            ,137184018,0000000.0000,0000000.0,5003.31,0.249883,147184018,0000000.0000,0000000.0,23675.67,0.329034,63923.0,0.2573,2032-06-01
NK225E    ,OOP,203206,44250.0,            ,187064218,0000000.0000,0000000.0,5070.76,0.249218,197064218,0000000.0000,0000000.0,23514.86,0.327917,63923.0,0.2573,2032-06-01
NK225E    ,OOP,203206,44500.0,            ,187064518,0000000.0000,0000000.0,5138.67,0.248678,197064518,0000000.0000,0000000.0,23354.49,0.326667,63923.0,0.2573,2032-06-01
NK225E    ,OOP,203206,44750.0,            ,187064718,0000000.0000,0000000.0,5207.03,0.24799,197064718,0000000.0000,0000000.0,23194.57,0.325544,63923.0,0.2573,2032-06-01
NK225E    ,OOP,203206,45000.0,            ,137185018,0000000.0000,0000000.0,5275.88,0.247425,147185018,0000000.0000,0000000.0,23035.15,0.324418,63923.0,0.2573,2032-06-01
NK225E    ,OOP,203206,45250.0,            ,187065218,0000000.0000,0000000.0,5346.09,0.246715,197065218,0000000.0000,0000000.0,22877.09,0.323288,63923.0,0.2573,2032-06-01
NK225E    ,OOP,203206,45500.0,            ,187065518,0000000.0000,0000000.0,5416.82,0.246126,197065518,0000000.0000,0000000.0,22719.54,0.322156,63923.0,0.2573,2032-06-01
NK225E    ,OOP,203206,45750.0,            ,187065718,0000000.0000,0000000.0,5487.97,0.245525,197065718,0000000.0000,0000000.0,22562.42,0.321146,63923.0,0.2573,2032-06-01
NK225E    ,OOP,203206,46000.0,            ,137186018,0000000.0000,0000000.0,5559.63,0.244913,147186018,0000000.0000,0000000.0,22405.8,0.320007,63923.0,0.2573,2032-06-01
NK225E    ,OOP,203206,46250.0,            ,187066218,0000000.0000,0000000.0,5632.7,0.244289,197066218,0000000.0000,0000000.0,22250.59,0.318989,63923.0,0.2573,2032-06-01
NK225E    ,OOP,203206,46500.0,            ,187066518,0000000.0000,0000000.0,5706.25,0.243782,197066518,0000000.0000,0000000.0,22095.87,0.317843,63923.0,0.2573,2032-06-01
NK225E    ,OOP,203206,46750.0,            ,187066718,0000000.0000,0000000.0,5780.32,0.243135,197066718,0000000.0000,0000000.0,21941.67,0.316817,63923.0,0.2573,2032-06-01
NK225E    ,OOP,203206,47000.0,            ,137187018,0000000.0000,0000000.0,5854.88,0.242604,147187018,0000000.0000,0000000.0,21787.95,0.315787,63923.0,0.2573,2032-06-01
NK225E    ,OOP,203206,47250.0,            ,137187218,0000000.0000,0000000.0,5930.92,0.242059,147187218,0000000.0000,0000000.0,21635.72,0.314753,63923.0,0.2573,2032-06-01
NK225E    ,OOP,203206,47500.0,            ,137187518,0000000.0000,0000000.0,6007.43,0.241503,147187518,0000000.0000,0000000.0,21483.95,0.313835,63923.0,0.2573,2032-06-01
NK225E    ,OOP,203206,47750.0,            ,137187718,0000000.0000,0000000.0,6084.51,0.240935,147187718,0000000.0000,0000000.0,21332.76,0.312792,63923.0,0.2573,2032-06-01
NK225E    ,OOP,203206,48000.0,            ,137188018,0000000.0000,0000000.0,6162.05,0.240355,147188018,0000000.0000,0000000.0,21182.02,0.311864,63923.0,0.2573,2032-06-01
NK225E    ,OOP,203206,48250.0,            ,137188218,0000000.0000,0000000.0,6241.12,0.239764,147188218,0000000.0000,0000000.0,21032.82,0.310812,63923.0,0.2573,2032-06-01
NK225E    ,OOP,203206,48500.0,            ,137188518,0000000.0000,0000000.0,6320.7,0.239282,147188518,0000000.0000,0000000.0,20884.12,0.309875,63923.0,0.2573,2032-06-01
NK225E    ,OOP,203206,48750.0,            ,137188718,0000000.0000,0000000.0,6400.83,0.238788,147188718,0000000.0000,0000000.0,20735.98,0.308932,63923.0,0.2573,2032-06-01
NK225E    ,OOP,203206,49000.0,            ,137189018,0000000.0000,0000000.0,6481.52,0.238162,147189018,0000000.0000,0000000.0,20588.39,0.307984,63923.0,0.2573,2032-06-01
NK225E    ,OOP,203206,49250.0,            ,137189218,0000000.0000,0000000.0,6563.78,0.237644,147189218,0000000.0000,0000000.0,20442.38,0.307148,63923.0,0.2573,2032-06-01
NK225E    ,OOP,203206,49500.0,            ,137189518,0000000.0000,0000000.0,6646.61,0.237231,147189518,0000000.0000,0000000.0,20296.94,0.30619,63923.0,0.2573,2032-06-01
NK225E    ,OOP,203206,49750.0,            ,137189718,0000000.0000,0000000.0,6729.92,0.236688,147189718,0000000.0000,0000000.0,20151.97,0.305342,63923.0,0.2573,2032-06-01
NK225E    ,OOP,203206,50000.0,            ,137180018,0000000.0000,0000000.0,6813.8,0.236134,147180018,0000000.0000,0000000.0,20007.57,0.304488,63923.0,0.2573,2032-06-01
NK225E    ,OOP,203206,50250.0,            ,137180218,0000000.0000,0000000.0,6899.38,0.235684,147180218,0000000.0000,0000000.0,19864.88,0.303628,63923.0,0.2573,2032-06-01
NK225E    ,OOP,203206,50500.0,            ,137180518,0000000.0000,0000000.0,6985.49,0.235221,147180518,0000000.0000,0000000.0,19722.72,0.302762,63923.0,0.2573,2032-06-01
NK225E    ,OOP,203206,50750.0,            ,137180718,0000000.0000,0000000.0,7072.15,0.234746,147180718,0000000.0000,0000000.0,19581.1,0.301891,63923.0,0.2573,2032-06-01
NK225E    ,OOP,203206,51000.0,            ,137181018,0000000.0000,0000000.0,7159.39,0.234259,147181018,0000000.0000,0000000.0,19440.07,0.301014,63923.0,0.2573,2032-06-01
NK225E    ,OOP,203206,51250.0,            ,137181218,0000000.0000,0000000.0,7248.37,0.23376,147181218,0000000.0000,0000000.0,19300.77,0.300243,63923.0,0.2573,2032-06-01
NK225E    ,OOP,203206,51500.0,            ,137181518,0000000.0000,0000000.0,7337.94,0.233249,147181518,0000000.0000,0000000.0,19162.07,0.299465,63923.0,0.2573,2032-06-01
NK225E    ,OOP,203206,51750.0,            ,137181718,0000000.0000,0000000.0,7428.07,0.232838,147181718,0000000.0000,0000000.0,19023.93,0.298681,63923.0,0.2573,2032-06-01
NK225E    ,OOP,203206,52000.0,            ,137182018,0000000.0000,0000000.0,7518.75,0.232414,147182018,0000000.0000,0000000.0,18886.33,0.29789,63923.0,0.2573,2032-06-01
NK225E    ,OOP,203206,52250.0,            ,137182218,0000000.0000,0000000.0,7611.3,0.231977,147182218,0000000.0000,0000000.0,18750.61,0.297093,63923.0,0.2573,2032-06-01
NK225E    ,OOP,203206,52500.0,            ,137182518,0000000.0000,0000000.0,7704.46,0.231529,147182518,0000000.0000,0000000.0,18615.49,0.296399,63923.0,0.2573,2032-06-01
NK225E    ,OOP,203206,52750.0,            ,137182718,0000000.0000,0000000.0,7798.18,0.231068,147182718,0000000.0000,0000000.0,18480.94,0.295589,63923.0,0.2573,2032-06-01
NK225E    ,OOP,203206,53000.0,            ,137183018,0000000.0000,0000000.0,7892.47,0.230596,147183018,0000000.0000,0000000.0,18346.95,0.294881,63923.0,0.2573,2032-06-01
NK225E    ,OOP,203206,53250.0,            ,137183218,0000000.0000,0000000.0,7988.72,0.23022,147183218,0000000.0000,0000000.0,18214.92,0.294166,63923.0,0.2573,2032-06-01
NK225E    ,OOP,203206,53500.0,            ,137183518,0000000.0000,0000000.0,8085.58,0.229831,147183518,0000000.0000,0000000.0,18083.52,0.293444,63923.0,0.2573,2032-06-01
NK225E    ,OOP,203206,53750.0,            ,137183718,0000000.0000,0000000.0,8183.03,0.229429,147183718,0000000.0000,0000000.0,17952.68,0.292822,63923.0,0.2573,2032-06-01
NK225E    ,OOP,203206,54000.0,            ,187184018,0000000.0000,0000000.0,8281.04,0.229016,197184018,0000000.0000,0000000.0,17822.43,0.292086,63923.0,0.2573,2032-06-01
NK225E    ,OOP,203206,54250.0,            ,137184218,0000000.0000,0000000.0,8381.1,0.228695,147184218,0000000.0000,0000000.0,17694.21,0.291449,63923.0,0.2573,2032-06-01
NK225E    ,OOP,203206,54500.0,            ,137184518,0000000.0000,0000000.0,8481.8,0.228257,147184518,0000000.0000,0000000.0,17566.63,0.290805,63923.0,0.2573,2032-06-01
NK225E    ,OOP,203206,54750.0,            ,137184718,0000000.0000,0000000.0,8583.08,0.227912,147184718,0000000.0000,0000000.0,17439.64,0.290153,63923.0,0.2573,2032-06-01
NK225E    ,OOP,203206,55000.0,            ,187185018,0000000.0000,0000000.0,8684.95,0.227554,197185018,0000000.0000,0000000.0,17313.23,0.289494,63923.0,0.2573,2032-06-01
NK225E    ,OOP,203206,55250.0,            ,137185218,0000000.0000,0000000.0,8788.99,0.227184,147185218,0000000.0000,0000000.0,17189.0,0.288932,63923.0,0.2573,2032-06-01
NK225E    ,OOP,203206,55500.0,            ,137185518,0000000.0000,0000000.0,8893.63,0.226801,147185518,0000000.0000,0000000.0,17065.36,0.288258,63923.0,0.2573,2032-06-01
NK225E    ,OOP,203206,55750.0,            ,137185718,0000000.0000,0000000.0,8998.86,0.226509,147185718,0000000.0000,0000000.0,16942.32,0.28768,63923.0,0.2573,2032-06-01
NK225E    ,OOP,203206,56000.0,            ,187186018,0000000.0000,0000000.0,9104.69,0.226204,197186018,0000000.0000,0000000.0,16819.88,0.287094,63923.0,0.2573,2032-06-01
NK225E    ,OOP,203206,56250.0,            ,137186218,0000000.0000,0000000.0,9212.78,0.225887,147186218,0000000.0000,0000000.0,16699.69,0.286604,63923.0,0.2573,2032-06-01
NK225E    ,OOP,203206,56500.0,            ,137186518,0000000.0000,0000000.0,9321.48,0.225557,147186518,0000000.0000,0000000.0,16580.12,0.286002,63923.0,0.2573,2032-06-01
NK225E    ,OOP,203206,56750.0,            ,137186718,0000000.0000,0000000.0,9430.78,0.225215,147186718,0000000.0000,0000000.0,16461.14,0.285495,63923.0,0.2573,2032-06-01
NK225E    ,OOP,203206,57000.0,            ,187187018,0000000.0000,0000000.0,9540.68,0.224962,197187018,0000000.0000,0000000.0,16342.77,0.28498,63923.0,0.2573,2032-06-01
NK225E    ,OOP,203206,57250.0,            ,187187218,0000000.0000,0000000.0,9652.87,0.224695,197187218,0000000.0000,0000000.0,16226.69,0.284456,63923.0,0.2573,2032-06-01
NK225E    ,OOP,203206,57500.0,            ,187187518,0000000.0000,0000000.0,9765.73,0.224416,197187518,0000000.0000,0000000.0,16111.27,0.283925,63923.0,0.2573,2032-06-01
NK225E    ,OOP,203206,57750.0,            ,187187718,0000000.0000,0000000.0,9879.15,0.224125,197187718,0000000.0000,0000000.0,15996.41,0.283486,63923.0,0.2573,2032-06-01
NK225E    ,OOP,203206,58000.0,            ,187188018,0000000.0000,0000000.0,9993.23,0.223821,197188018,0000000.0000,0000000.0,15882.22,0.282938,63923.0,0.2573,2032-06-01
NK225E    ,OOP,203206,58250.0,            ,187188218,0000000.0000,0000000.0,10109.63,0.223604,197188218,0000000.0000,0000000.0,15770.34,0.282482,63923.0,0.2573,2032-06-01
NK225E    ,OOP,203206,58500.0,            ,187188518,0000000.0000,0000000.0,10226.64,0.223374,197188518,0000000.0000,0000000.0,15659.08,0.282118,63923.0,0.2573,2032-06-01
NK225E    ,OOP,203206,58750.0,            ,187188718,0000000.0000,0000000.0,10344.28,0.223132,197188718,0000000.0000,0000000.0,15548.44,0.281645,63923.0,0.2573,2032-06-01
NK225E    ,OOP,203206,59000.0,            ,187189018,0000000.0000,0000000.0,10462.57,0.222877,197189018,0000000.0000,0000000.0,15438.46,0.281164,63923.0,0.2573,2032-06-01
NK225E    ,OOP,203206,59250.0,            ,187189218,0000000.0000,0000000.0,10583.22,0.22261,197189218,0000000.0000,0000000.0,15330.84,0.280774,63923.0,0.2573,2032-06-01
NK225E    ,OOP,203206,59500.0,            ,187189518,0000000.0000,0000000.0,10704.49,0.222428,197189518,0000000.0000,0000000.0,15223.83,0.280374,63923.0,0.2573,2032-06-01
NK225E    ,OOP,203206,59750.0,            ,187189718,0000000.0000,0000000.0,10826.37,0.222233,197189718,0000000.0000,0000000.0,15117.44,0.280065,63923.0,0.2573,2032-06-01
NK225E    ,OOP,203206,60000.0,            ,187180018,0000000.0000,0000000.0,10948.87,0.222026,197180018,0000000.0000,0000000.0,15011.67,0.279648,63923.0,0.2573,2032-06-01
NK225E    ,OOP,203206,60250.0,            ,187180218,0000000.0000,0000000.0,11073.75,0.221806,197180218,0000000.0000,0000000.0,14908.26,0.279321,63923.0,0.2573,2032-06-01
NK225E    ,OOP,203206,60500.0,            ,187180518,0000000.0000,0000000.0,11199.24,0.22167,197180518,0000000.0000,0000000.0,14805.48,0.278888,63923.0,0.2573,2032-06-01
NK225E    ,OOP,203206,60750.0,            ,187180718,0000000.0000,0000000.0,11325.35,0.221427,197180718,0000000.0000,0000000.0,14703.32,0.27864,63923.0,0.2573,2032-06-01
NK225E    ,OOP,203206,61000.0,            ,187181018,0000000.0000,0000000.0,11452.08,0.221266,197181018,0000000.0000,0000000.0,14601.77,0.278286,63923.0,0.2573,2032-06-01
NK225E    ,OOP,203206,61250.0,            ,187181218,0000000.0000,0000000.0,11581.15,0.221093,197181218,0000000.0000,0000000.0,14502.57,0.277924,63923.0,0.2573,2032-06-01
NK225E    ,OOP,203206,61500.0,            ,187181518,0000000.0000,0000000.0,11710.89,0.221003,197181518,0000000.0000,0000000.0,14404.03,0.27765,63923.0,0.2573,2032-06-01
NK225E    ,OOP,203206,61750.0,            ,187181718,0000000.0000,0000000.0,11841.19,0.220806,197181718,0000000.0000,0000000.0,14306.06,0.277366,63923.0,0.2573,2032-06-01
NK225E    ,OOP,203206,62000.0,            ,187182018,0000000.0000,0000000.0,11972.16,0.220691,197182018,0000000.0000,0000000.0,14208.75,0.277074,63923.0,0.2573,2032-06-01
NK225E    ,OOP,203206,62250.0,            ,187182218,0000000.0000,0000000.0,12105.38,0.220563,197182218,0000000.0000,0000000.0,14113.7,0.276773,63923.0,0.2573,2032-06-01
NK225E    ,OOP,203206,62500.0,            ,187182518,0000000.0000,0000000.0,12239.21,0.220424,197182518,0000000.0000,0000000.0,14019.25,0.276558,63923.0,0.2573,2032-06-01
NK225E    ,OOP,203206,62750.0,            ,187182718,0000000.0000,0000000.0,12373.65,0.220366,197182718,0000000.0000,0000000.0,13925.42,0.276335,63923.0,0.2573,2032-06-01
NK225E    ,OOP,203206,63000.0,            ,187183018,0000000.0000,0000000.0,12508.76,0.220203,197183018,0000000.0000,0000000.0,13832.26,0.276008,63923.0,0.2573,2032-06-01
NK225E    ,OOP,203206,63250.0,            ,187183218,0000000.0000,0000000.0,12646.02,0.220121,197183218,0000000.0000,0000000.0,13741.24,0.275861,63923.0,0.2573,2032-06-01
NK225E    ,OOP,203206,63500.0,            ,187183518,0000000.0000,0000000.0,12783.89,0.220027,197183518,0000000.0000,0000000.0,13650.84,0.275611,63923.0,0.2573,2032-06-01
NK225E    ,OOP,203206,63750.0,            ,187183718,0000000.0000,0000000.0,12922.36,0.219922,197183718,0000000.0000,0000000.0,13561.03,0.275447,63923.0,0.2573,2032-06-01
NK225E    ,OOP,203206,64000.0,            ,137304018,0000000.0000,0000000.0,13061.44,0.219897,147304018,0000000.0000,0000000.0,13471.84,0.275179,63923.0,0.2573,2032-06-01
NK225E    ,OOP,203206,64250.0,            ,187184218,0000000.0000,0000000.0,13202.51,0.219768,197184218,0000000.0000,0000000.0,13384.63,0.274997,63923.0,0.2573,2032-06-01
NK225E    ,OOP,203206,64500.0,            ,187184518,0000000.0000,0000000.0,13344.24,0.219719,197184518,0000000.0000,0000000.0,13298.09,0.274806,63923.0,0.2573,2032-06-01
NK225E    ,OOP,203206,64750.0,            ,187184718,0000000.0000,0000000.0,13486.56,0.219659,197184718,0000000.0000,0000000.0,13212.14,0.2747,63923.0,0.2573,2032-06-01
NK225E    ,OOP,203206,65000.0,            ,137305018,0000000.0000,0000000.0,13629.48,0.219587,147305018,0000000.0000,0000000.0,13126.78,0.274492,63923.0,0.2573,2032-06-01
NK225E    ,OOP,203206,65250.0,            ,187185218,0000000.0000,0000000.0,13774.23,0.219595,197185218,0000000.0000,0000000.0,13043.26,0.274368,63923.0,0.2573,2032-06-01
NK225E    ,OOP,203206,65500.0,            ,187185518,0000000.0000,0000000.0,13919.58,0.2195,197185518,0000000.0000,0000000.0,12960.33,0.274235,63923.0,0.2573,2032-06-01
NK225E    ,OOP,203206,65750.0,            ,187185718,0000000.0000,0000000.0,14065.51,0.219485,197185718,0000000.0000,0000000.0,12877.98,0.274094,63923.0,0.2573,2032-06-01
NK225E    ,OOP,203206,66000.0,            ,137306018,0000000.0000,0000000.0,14212.07,0.219459,147306018,0000000.0000,0000000.0,12796.27,0.273944,63923.0,0.2573,2032-06-01
NK225E    ,OOP,203206,66250.0,            ,187186218,0000000.0000,0000000.0,14360.2,0.219421,197186218,0000000.0000,0000000.0,12716.12,0.273877,63923.0,0.2573,2032-06-01
NK225E    ,OOP,203206,66500.0,            ,187186518,0000000.0000,0000000.0,14508.96,0.219372,197186518,0000000.0000,0000000.0,12636.61,0.27371,63923.0,0.2573,2032-06-01
NK225E    ,OOP,203206,66750.0,            ,187186718,0000000.0000,0000000.0,14658.29,0.219403,197186718,0000000.0000,0000000.0,12557.67,0.273626,63923.0,0.2573,2032-06-01
NK225E    ,OOP,203206,67000.0,            ,137307018,0000000.0000,0000000.0,14808.19,0.219332,147307018,0000000.0000,0000000.0,12479.29,0.273534,63923.0,0.2573,2032-06-01
NK225E    ,OOP,203206,67250.0,            ,137307218,0000000.0000,0000000.0,14959.37,0.21934,147307218,0000000.0000,0000000.0,12402.2,0.273433,63923.0,0.2573,2032-06-01
NK225E    ,OOP,203206,67500.0,            ,137307518,0000000.0000,0000000.0,15111.18,0.219338,147307518,0000000.0000,0000000.0,12325.73,0.273324,63923.0,0.2573,2032-06-01
NK225E    ,OOP,203206,67750.0,            ,137307718,0000000.0000,0000000.0,15263.54,0.219325,147307718,0000000.0000,0000000.0,12249.82,0.273298,63923.0,0.2573,2032-06-01
NK225E    ,OOP,203206,68000.0,            ,137308018,0000000.0000,0000000.0,15416.45,0.219301,147308018,0000000.0000,0000000.0,12174.46,0.273172,63923.0,0.2573,2032-06-01
NK225E    ,OOP,203206,68250.0,            ,137308218,0000000.0000,0000000.0,15570.36,0.219266,147308218,0000000.0000,0000000.0,12100.09,0.273129,63923.0,0.2573,2032-06-01
NK225E    ,OOP,203206,68500.0,            ,137308518,0000000.0000,0000000.0,15724.82,0.21931,147308518,0000000.0000,0000000.0,12026.28,0.273078,63923.0,0.2573,2032-06-01
NK225E    ,OOP,203206,68750.0,            ,137308718,0000000.0000,0000000.0,15879.83,0.219255,147308718,0000000.0000,0000000.0,11953.01,0.273018,63923.0,0.2573,2032-06-01
NK225E    ,OOP,203206,69000.0,            ,137309018,0000000.0000,0000000.0,16035.43,0.219278,147309018,0000000.0000,0000000.0,11880.33,0.27295,63923.0,0.2573,2032-06-01
NK225E    ,OOP,203206,69250.0,            ,137309218,0000000.0000,0000000.0,16191.56,0.219291,147309218,0000000.0000,0000000.0,11808.2,0.272874,63923.0,0.2573,2032-06-01
NK225E    ,OOP,203206,69500.0,            ,137309518,0000000.0000,0000000.0,16348.29,0.219293,147309518,0000000.0000,0000000.0,11736.65,0.27279,63923.0,0.2573,2032-06-01
NK225E    ,OOP,203206,69750.0,            ,137309718,0000000.0000,0000000.0,16505.49,0.219286,147309718,0000000.0000,0000000.0,11665.57,0.272788,63923.0,0.2573,2032-06-01
NK225E    ,OOP,203206,70000.0,            ,137300018,0000000.0000,0000000.0,16663.27,0.219268,147300018,0000000.0000,0000000.0,11595.08,0.272688,63923.0,0.2573,2032-06-01
NK225E    ,OOP,203206,70250.0,            ,137300218,0000000.0000,0000000.0,16821.18,0.21924,147300218,0000000.0000,0000000.0,11524.72,0.27267,63923.0,0.2573,2032-06-01
NK225E    ,OOP,203206,70500.0,            ,137300518,0000000.0000,0000000.0,16979.61,0.219291,147300518,0000000.0000,0000000.0,11454.87,0.272554,63923.0,0.2573,2032-06-01
NK225E    ,OOP,203206,70750.0,            ,137300718,0000000.0000,0000000.0,17138.56,0.219243,147300718,0000000.0000,0000000.0,11385.54,0.27252,63923.0,0.2573,2032-06-01
NK225E    ,OOP,203206,71000.0,            ,137301018,0000000.0000,0000000.0,17298.01,0.219185,147301018,0000000.0000,0000000.0,11316.72,0.272478,63923.0,0.2573,2032-06-01
NK225E    ,OOP,203206,71250.0,            ,137301218,0000000.0000,0000000.0,17457.07,0.219207,147301218,0000000.0000,0000000.0,11247.51,0.272429,63923.0,0.2573,2032-06-01
NK225E    ,OOP,203206,71500.0,            ,137301518,0000000.0000,0000000.0,17616.7,0.219129,147301518,0000000.0000,0000000.0,11178.86,0.272281,63923.0,0.2573,2032-06-01
NK225E    ,OOP,203206,71750.0,            ,137301718,0000000.0000,0000000.0,17776.76,0.219131,147301718,0000000.0000,0000000.0,11110.64,0.272217,63923.0,0.2573,2032-06-01
NK225E    ,OOP,203206,72000.0,            ,137302018,0000000.0000,0000000.0,17937.37,0.219124,147302018,0000000.0000,0000000.0,11042.98,0.272234,63923.0,0.2573,2032-06-01
NK225E    ,OOP,203206,72250.0,            ,137302218,0000000.0000,0000000.0,18097.02,0.219017,147302218,0000000.0000,0000000.0,10974.35,0.272064,63923.0,0.2573,2032-06-01
NK225E    ,OOP,203206,72500.0,            ,137302518,0000000.0000,0000000.0,18257.15,0.218991,147302518,0000000.0000,0000000.0,10906.21,0.271976,63923.0,0.2573,2032-06-01
NK225E    ,OOP,203206,72750.0,            ,137302718,0000000.0000,0000000.0,18417.76,0.218954,147302718,0000000.0000,0000000.0,10838.55,0.271971,63923.0,0.2573,2032-06-01
NK225E    ,OOP,203206,73000.0,            ,137303018,0000000.0000,0000000.0,18578.85,0.218909,147303018,0000000.0000,0000000.0,10771.36,0.271868,63923.0,0.2573,2032-06-01
NK225E    ,OOP,203206,73250.0,            ,137303218,0000000.0000,0000000.0,18738.34,0.218765,147303218,0000000.0000,0000000.0,10702.58,0.271758,63923.0,0.2573,2032-06-01
NK225E    ,OOP,203206,73500.0,            ,137303518,0000000.0000,0000000.0,18898.3,0.218701,147303518,0000000.0000,0000000.0,10634.26,0.271641,63923.0,0.2573,2032-06-01
NK225E    ,OOP,203206,73750.0,            ,137303718,0000000.0000,0000000.0,19058.73,0.218539,147303718,0000000.0000,0000000.0,10566.42,0.271517,63923.0,0.2573,2032-06-01
NK225E    ,OOP,203206,74000.0,            ,187304018,0000000.0000,0000000.0,19219.62,0.218456,197304018,0000000.0000,0000000.0,10499.03,0.271385,63923.0,0.2573,2032-06-01
NK225E    ,OOP,203206,74250.0,            ,137304218,0000000.0000,0000000.0,19378.16,0.218365,147304218,0000000.0000,0000000.0,10429.3,0.271157,63923.0,0.2573,2032-06-01
NK225E    ,OOP,203206,74500.0,            ,137304518,0000000.0000,0000000.0,19537.21,0.218175,147304518,0000000.0000,0000000.0,10360.08,0.271011,63923.0,0.2573,2032-06-01
NK225E    ,OOP,203206,74750.0,            ,137304718,0000000.0000,0000000.0,19696.66,0.218065,147304718,0000000.0000,0000000.0,10291.25,0.270858,63923.0,0.2573,2032-06-01
NK225E    ,OOP,203206,75000.0,            ,187305018,0000000.0000,0000000.0,19856.62,0.217858,197305018,0000000.0000,0000000.0,10222.94,0.270697,63923.0,0.2573,2032-06-01
NK225E    ,OOP,203206,75250.0,            ,137305218,0000000.0000,0000000.0,20013.43,0.217641,147305218,0000000.0000,0000000.0,10151.47,0.270441,63923.0,0.2573,2032-06-01
NK225E    ,OOP,203206,75500.0,            ,137305518,0000000.0000,0000000.0,20170.73,0.217416,147305518,0000000.0000,0000000.0,10080.5,0.270267,63923.0,0.2573,2032-06-01
NK225E    ,OOP,203206,75750.0,            ,137305718,0000000.0000,0000000.0,20328.43,0.217181,147305718,0000000.0000,0000000.0,10009.92,0.269997,63923.0,0.2573,2032-06-01
NK225E    ,OOP,203206,76000.0,            ,187306018,0000000.0000,0000000.0,20486.61,0.217027,197306018,0000000.0000,0000000.0,9939.83,0.269809,63923.0,0.2573,2032-06-01
NK225E    ,OOP,203206,76250.0,            ,137306218,0000000.0000,0000000.0,20631.68,0.216508,147306218,0000000.0000,0000000.0,9856.63,0.269348,63923.0,0.2573,2032-06-01
NK225E    ,OOP,203206,80000.0,            ,187300018,0000000.0000,0000000.0,22860.11,0.209224,197300018,0000000.0000,0000000.0,8660.93,0.262337,63923.0,0.2573,2032-06-01
NK225E    ,OOP,203212,25000.0,            ,137125018,0000000.0000,0000000.0,1642.07,0.312374,147125018,0000000.0000,0000000.0,37468.23,0.480973,63923.0,0.2573,2032-12-01
NK225E    ,OOP,203212,26000.0,            ,137126018,0000000.0000,0000000.0,1848.19,0.312267,147126018,0000000.0000,0000000.0,36768.43,0.472329,63923.0,0.2573,2032-12-01
NK225E    ,OOP,203212,27000.0,            ,137127018,0000000.0000,0000000.0,2067.56,0.312005,147127018,0000000.0000,0000000.0,36081.9,0.464318,63923.0,0.2573,2032-12-01
NK225E    ,OOP,203212,27250.0,            ,187127218,0000000.0000,0000000.0,2124.47,0.311836,197127218,0000000.0000,0000000.0,35912.33,0.462394,63923.0,0.2573,2032-12-01
NK225E    ,OOP,203212,27500.0,            ,187127518,0000000.0000,0000000.0,2182.21,0.31189,197127518,0000000.0000,0000000.0,35743.58,0.460479,63923.0,0.2573,2032-12-01
NK225E    ,OOP,203212,27750.0,            ,187127718,0000000.0000,0000000.0,2240.76,0.311646,197127718,0000000.0000,0000000.0,35575.66,0.458573,63923.0,0.2573,2032-12-01
NK225E    ,OOP,203212,28000.0,            ,137128018,0000000.0000,0000000.0,2300.14,0.311619,147128018,0000000.0000,0000000.0,35408.55,0.456877,63923.0,0.2573,2032-12-01
NK225E    ,OOP,203212,28250.0,            ,187128218,0000000.0000,0000000.0,2337.3,0.310567,197128218,0000000.0000,0000000.0,35219.24,0.454193,63923.0,0.2573,2032-12-01
NK225E    ,OOP,203212,28500.0,            ,187128518,0000000.0000,0000000.0,2374.64,0.309507,197128518,0000000.0000,0000000.0,35030.1,0.45173,63923.0,0.2573,2032-12-01
NK225E    ,OOP,203212,28750.0,            ,187128718,0000000.0000,0000000.0,2412.13,0.308197,197128718,0000000.0000,0000000.0,34841.11,0.44909,63923.0,0.2573,2032-12-01
NK225E    ,OOP,203212,29000.0,            ,137129018,0000000.0000,0000000.0,2449.81,0.307123,147129018,0000000.0000,0000000.0,34652.31,0.446472,63923.0,0.2573,2032-12-01
NK225E    ,OOP,203212,29250.0,            ,187129218,0000000.0000,0000000.0,2487.43,0.306041,197129218,0000000.0000,0000000.0,34463.45,0.444068,63923.0,0.2573,2032-12-01
NK225E    ,OOP,203212,29500.0,            ,187129518,0000000.0000,0000000.0,2525.22,0.30472,197129518,0000000.0000,0000000.0,34274.76,0.441491,63923.0,0.2573,2032-12-01
NK225E    ,OOP,203212,29750.0,            ,187129718,0000000.0000,0000000.0,2563.14,0.303627,197129718,0000000.0000,0000000.0,34086.2,0.439124,63923.0,0.2573,2032-12-01
NK225E    ,OOP,203212,30000.0,            ,137120018,0000000.0000,0000000.0,2601.23,0.302526,147120018,0000000.0000,0000000.0,33897.81,0.436587,63923.0,0.2573,2032-12-01
NK225E    ,OOP,203212,30250.0,            ,187120218,0000000.0000,0000000.0,2639.42,0.30142,197120218,0000000.0000,0000000.0,33709.52,0.434255,63923.0,0.2573,2032-12-01
NK225E    ,OOP,203212,30500.0,            ,187120518,0000000.0000,0000000.0,2677.78,0.300307,197120518,0000000.0000,0000000.0,33521.4,0.431755,63923.0,0.2573,2032-12-01
NK225E    ,OOP,203212,30750.0,            ,187120718,0000000.0000,0000000.0,2716.28,0.29897,197120718,0000000.0000,0000000.0,33333.43,0.429457,63923.0,0.2573,2032-12-01
NK225E    ,OOP,203212,31000.0,            ,137121018,0000000.0000,0000000.0,2754.92,0.297848,147121018,0000000.0000,0000000.0,33145.59,0.426994,63923.0,0.2573,2032-12-01
NK225E    ,OOP,203212,31250.0,            ,187121218,0000000.0000,0000000.0,2793.82,0.29672,197121218,0000000.0000,0000000.0,32958.02,0.424728,63923.0,0.2573,2032-12-01
NK225E    ,OOP,203212,31500.0,            ,187121518,0000000.0000,0000000.0,2832.89,0.295588,197121518,0000000.0000,0000000.0,32770.61,0.422477,63923.0,0.2573,2032-12-01
NK225E    ,OOP,203212,31750.0,            ,187121718,0000000.0000,0000000.0,2872.11,0.29445,197121718,0000000.0000,0000000.0,32583.34,0.420064,63923.0,0.2573,2032-12-01
NK225E    ,OOP,203212,32000.0,            ,137122018,0000000.0000,0000000.0,2911.46,0.293308,147122018,0000000.0000,0000000.0,32396.21,0.417844,63923.0,0.2573,2032-12-01
NK225E    ,OOP,203212,32250.0,            ,187122218,0000000.0000,0000000.0,2951.25,0.292161,197122218,0000000.0000,0000000.0,32209.52,0.415637,63923.0,0.2573,2032-12-01
NK225E    ,OOP,203212,32500.0,            ,187122518,0000000.0000,0000000.0,2991.21,0.29101,197122518,0000000.0000,0000000.0,32023.0,0.413445,63923.0,0.2573,2032-12-01
NK225E    ,OOP,203212,32750.0,            ,187122718,0000000.0000,0000000.0,3031.28,0.289854,197122718,0000000.0000,0000000.0,31836.6,0.411095,63923.0,0.2573,2032-12-01
NK225E    ,OOP,203212,33000.0,            ,137123018,0000000.0000,0000000.0,3071.52,0.288695,147123018,0000000.0000,0000000.0,31650.36,0.40893,63923.0,0.2573,2032-12-01
NK225E    ,OOP,203212,33250.0,            ,187123218,0000000.0000,0000000.0,3112.35,0.287727,197123218,0000000.0000,0000000.0,31464.71,0.406779,63923.0,0.2573,2032-12-01
NK225E    ,OOP,203212,33500.0,            ,187123518,0000000.0000,0000000.0,3153.36,0.286559,197123518,0000000.0000,0000000.0,31279.24,0.40464,63923.0,0.2573,2032-12-01
NK225E    ,OOP,203212,33750.0,            ,187123718,0000000.0000,0000000.0,3194.51,0.285386,197123718,0000000.0000,0000000.0,31093.92,0.402513,63923.0,0.2573,2032-12-01
NK225E    ,OOP,203212,34000.0,            ,137124018,0000000.0000,0000000.0,3235.81,0.2844,147124018,0000000.0000,0000000.0,30908.74,0.400399,63923.0,0.2573,2032-12-01
NK225E    ,OOP,203212,34250.0,            ,187124218,0000000.0000,0000000.0,3277.89,0.28322,197124218,0000000.0000,0000000.0,30724.34,0.398296,63923.0,0.2573,2032-12-01
NK225E    ,OOP,203212,34500.0,            ,137124518,0000000.0000,0000000.0,3320.15,0.282036,147124518,0000000.0000,0000000.0,30540.12,0.396206,63923.0,0.2573,2032-12-01
NK225E    ,OOP,203212,34750.0,            ,137124718,0000000.0000,0000000.0,3362.57,0.281033,147124718,0000000.0000,0000000.0,30356.06,0.394288,63923.0,0.2573,2032-12-01
NK225E    ,OOP,203212,35000.0,            ,187125018,0000000.0000,0000000.0,3405.15,0.280024,197125018,0000000.0000,0000000.0,30172.16,0.392218,63923.0,0.2573,2032-12-01
NK225E    ,OOP,203212,35250.0,            ,137125218,0000000.0000,0000000.0,3448.68,0.278828,147125218,0000000.0000,0000000.0,29989.21,0.39016,63923.0,0.2573,2032-12-01
NK225E    ,OOP,203212,35500.0,            ,137125518,0000000.0000,0000000.0,3492.39,0.277808,147125518,0000000.0000,0000000.0,29806.44,0.388271,63923.0,0.2573,2032-12-01
NK225E    ,OOP,203212,35750.0,            ,137125718,0000000.0000,0000000.0,3536.26,0.276782,147125718,0000000.0000,0000000.0,29623.83,0.386233,63923.0,0.2573,2032-12-01
NK225E    ,OOP,203212,36000.0,            ,187126018,0000000.0000,0000000.0,3580.3,0.275751,197126018,0000000.0000,0000000.0,29441.4,0.384361,63923.0,0.2573,2032-12-01
NK225E    ,OOP,203212,36250.0,            ,137126218,0000000.0000,0000000.0,3625.46,0.274714,147126218,0000000.0000,0000000.0,29260.08,0.382343,63923.0,0.2573,2032-12-01
NK225E    ,OOP,203212,36500.0,            ,137126518,0000000.0000,0000000.0,3670.84,0.273672,147126518,0000000.0000,0000000.0,29078.98,0.380487,63923.0,0.2573,2032-12-01
NK225E    ,OOP,203212,36750.0,            ,137126718,0000000.0000,0000000.0,3716.4,0.272625,147126718,0000000.0000,0000000.0,28898.06,0.37864,63923.0,0.2573,2032-12-01
NK225E    ,OOP,203212,37000.0,            ,187127018,0000000.0000,0000000.0,3762.15,0.271572,197127018,0000000.0000,0000000.0,28717.33,0.3768,63923.0,0.2573,2032-12-01
NK225E    ,OOP,203212,37250.0,            ,137127218,0000000.0000,0000000.0,3809.2,0.270515,147127218,0000000.0000,0000000.0,28537.9,0.374968,63923.0,0.2573,2032-12-01
NK225E    ,OOP,203212,37500.0,            ,137127518,0000000.0000,0000000.0,3856.45,0.269453,147127518,0000000.0000,0000000.0,28358.67,0.373143,63923.0,0.2573,2032-12-01
NK225E    ,OOP,203212,37750.0,            ,137127718,0000000.0000,0000000.0,3903.9,0.26855,147127718,0000000.0000,0000000.0,28179.64,0.371325,63923.0,0.2573,2032-12-01
NK225E    ,OOP,203212,38000.0,            ,187128018,0000000.0000,0000000.0,3951.56,0.267477,197128018,0000000.0000,0000000.0,28000.82,0.369514,63923.0,0.2573,2032-12-01
NK225E    ,OOP,203212,38250.0,            ,137128218,0000000.0000,0000000.0,4000.67,0.266561,147128218,0000000.0000,0000000.0,27823.45,0.367855,63923.0,0.2573,2032-12-01
NK225E    ,OOP,203212,38500.0,            ,137128518,0000000.0000,0000000.0,4050.04,0.265637,147128518,0000000.0000,0000000.0,27646.34,0.366057,63923.0,0.2573,2032-12-01
NK225E    ,OOP,203212,38750.0,            ,137128718,0000000.0000,0000000.0,4099.63,0.264707,147128718,0000000.0000,0000000.0,27469.46,0.364265,63923.0,0.2573,2032-12-01
NK225E    ,OOP,203212,39000.0,            ,187129018,0000000.0000,0000000.0,4149.45,0.263614,197129018,0000000.0000,0000000.0,27292.8,0.362623,63923.0,0.2573,2032-12-01
NK225E    ,OOP,203212,39250.0,            ,137129218,0000000.0000,0000000.0,4200.86,0.262826,147129218,0000000.0000,0000000.0,27117.72,0.360985,63923.0,0.2573,2032-12-01
NK225E    ,OOP,203212,39500.0,            ,137129518,0000000.0000,0000000.0,4252.54,0.261876,147129518,0000000.0000,0000000.0,26942.93,0.359351,63923.0,0.2573,2032-12-01
NK225E    ,OOP,203212,39750.0,            ,137129718,0000000.0000,0000000.0,4304.48,0.26092,147129718,0000000.0000,0000000.0,26768.39,0.357722,63923.0,0.2573,2032-12-01
NK225E    ,OOP,203212,40000.0,            ,187120018,0000000.0000,0000000.0,4356.67,0.259958,197120018,0000000.0000,0000000.0,26594.1,0.356097,63923.0,0.2573,2032-12-01
NK225E    ,OOP,203212,40250.0,            ,137120218,0000000.0000,0000000.0,4410.61,0.259139,147120218,0000000.0000,0000000.0,26421.56,0.354476,63923.0,0.2573,2032-12-01
NK225E    ,OOP,203212,40500.0,            ,137120518,0000000.0000,0000000.0,4464.83,0.258164,147120518,0000000.0000,0000000.0,26249.3,0.35286,63923.0,0.2573,2032-12-01
NK225E    ,OOP,203212,40750.0,            ,137120718,0000000.0000,0000000.0,4519.33,0.25733,147120718,0000000.0000,0000000.0,26077.32,0.351383,63923.0,0.2573,2032-12-01
NK225E    ,OOP,203212,41000.0,            ,187121018,0000000.0000,0000000.0,4574.13,0.256488,197121018,0000000.0000,0000000.0,25905.65,0.349774,63923.0,0.2573,2032-12-01
NK225E    ,OOP,203212,41250.0,            ,137121218,0000000.0000,0000000.0,4630.81,0.255638,147121218,0000000.0000,0000000.0,25735.84,0.348302,63923.0,0.2573,2032-12-01
NK225E    ,OOP,203212,41500.0,            ,137121518,0000000.0000,0000000.0,4687.82,0.254781,147121518,0000000.0000,0000000.0,25566.38,0.346833,63923.0,0.2573,2032-12-01
NK225E    ,OOP,203212,41750.0,            ,137121718,0000000.0000,0000000.0,4745.14,0.253916,147121718,0000000.0000,0000000.0,25397.21,0.345366,63923.0,0.2573,2032-12-01
NK225E    ,OOP,203212,42000.0,            ,187122018,0000000.0000,0000000.0,4802.76,0.253185,197122018,0000000.0000,0000000.0,25228.36,0.343901,63923.0,0.2573,2032-12-01
NK225E    ,OOP,203212,42250.0,            ,137122218,0000000.0000,0000000.0,4862.39,0.252304,147122218,0000000.0000,0000000.0,25061.51,0.342438,63923.0,0.2573,2032-12-01
NK225E    ,OOP,203212,42500.0,            ,137122518,0000000.0000,0000000.0,4922.36,0.251556,147122518,0000000.0000,0000000.0,24895.0,0.341108,63923.0,0.2573,2032-12-01
NK225E    ,OOP,203212,42750.0,            ,137122718,0000000.0000,0000000.0,4982.66,0.250798,147122718,0000000.0000,0000000.0,24728.83,0.339647,63923.0,0.2573,2032-12-01
NK225E    ,OOP,203212,43000.0,            ,187123018,0000000.0000,0000000.0,5043.33,0.250032,197123018,0000000.0000,0000000.0,24563.02,0.338318,63923.0,0.2573,2032-12-01
NK225E    ,OOP,203212,43250.0,            ,137123218,0000000.0000,0000000.0,5106.1,0.249256,147123218,0000000.0000,0000000.0,24399.31,0.336861,63923.0,0.2573,2032-12-01
NK225E    ,OOP,203212,43500.0,            ,137123518,0000000.0000,0000000.0,5169.27,0.248473,147123518,0000000.0000,0000000.0,24236.0,0.335533,63923.0,0.2573,2032-12-01
NK225E    ,OOP,203212,43750.0,            ,137123718,0000000.0000,0000000.0,5232.8,0.247814,147123718,0000000.0000,0000000.0,24073.05,0.334331,63923.0,0.2573,2032-12-01
NK225E    ,OOP,203212,44000.0,            ,187124018,0000000.0000,0000000.0,5296.69,0.247013,197124018,0000000.0000,0000000.0,23910.46,0.333003,63923.0,0.2573,2032-12-01
NK225E    ,OOP,203212,44250.0,            ,137124218,0000000.0000,0000000.0,5362.84,0.246336,147124218,0000000.0000,0000000.0,23750.13,0.331675,63923.0,0.2573,2032-12-01
NK225E    ,OOP,203212,44500.0,            ,187124518,0000000.0000,0000000.0,5429.37,0.245648,197124518,0000000.0000,0000000.0,23590.19,0.330471,63923.0,0.2573,2032-12-01
NK225E    ,OOP,203212,44750.0,            ,187124718,0000000.0000,0000000.0,5496.3,0.244951,197124718,0000000.0000,0000000.0,23430.63,0.329266,63923.0,0.2573,2032-12-01
NK225E    ,OOP,203212,45000.0,            ,137245018,0000000.0000,0000000.0,5563.66,0.244245,147245018,0000000.0000,0000000.0,23271.51,0.327937,63923.0,0.2573,2032-12-01
NK225E    ,OOP,203212,45250.0,            ,187125218,0000000.0000,0000000.0,5633.28,0.243657,197125218,0000000.0000,0000000.0,23114.65,0.326852,63923.0,0.2573,2032-12-01
NK225E    ,OOP,203212,45500.0,            ,187125518,0000000.0000,0000000.0,5703.44,0.242931,197125518,0000000.0000,0000000.0,22958.33,0.325644,63923.0,0.2573,2032-12-01
NK225E    ,OOP,203212,45750.0,            ,187125718,0000000.0000,0000000.0,5773.94,0.242322,197125718,0000000.0000,0000000.0,22802.35,0.324433,63923.0,0.2573,2032-12-01
NK225E    ,OOP,203212,46000.0,            ,137246018,0000000.0000,0000000.0,5844.89,0.241703,147246018,0000000.0000,0000000.0,22646.83,0.323343,63923.0,0.2573,2032-12-01
NK225E    ,OOP,203212,46250.0,            ,187126218,0000000.0000,0000000.0,5918.23,0.241073,197126218,0000000.0000,0000000.0,22493.69,0.322249,63923.0,0.2573,2032-12-01
NK225E    ,OOP,203212,46500.0,            ,187126518,0000000.0000,0000000.0,5992.06,0.240434,197126518,0000000.0000,0000000.0,22341.04,0.321153,63923.0,0.2573,2032-12-01
NK225E    ,OOP,203212,46750.0,            ,187126718,0000000.0000,0000000.0,6066.34,0.239906,197126718,0000000.0000,0000000.0,22188.84,0.320054,63923.0,0.2573,2032-12-01
NK225E    ,OOP,203212,47000.0,            ,137247018,0000000.0000,0000000.0,6141.02,0.239246,147247018,0000000.0000,0000000.0,22037.05,0.318953,63923.0,0.2573,2032-12-01
NK225E    ,OOP,203212,47250.0,            ,137247218,0000000.0000,0000000.0,6218.25,0.238697,147247218,0000000.0000,0000000.0,21887.8,0.317967,63923.0,0.2573,2032-12-01
NK225E    ,OOP,203212,47500.0,            ,137247518,0000000.0000,0000000.0,6295.96,0.238137,147247518,0000000.0000,0000000.0,21739.02,0.316977,63923.0,0.2573,2032-12-01
NK225E    ,OOP,203212,47750.0,            ,137247718,0000000.0000,0000000.0,6374.09,0.237566,147247718,0000000.0000,0000000.0,21590.68,0.315867,63923.0,0.2573,2032-12-01
NK225E    ,OOP,203212,48000.0,            ,137248018,0000000.0000,0000000.0,6452.74,0.236984,147248018,0000000.0000,0000000.0,21442.85,0.31487,63923.0,0.2573,2032-12-01
NK225E    ,OOP,203212,48250.0,            ,137248218,0000000.0000,0000000.0,6533.9,0.23651,147248218,0000000.0000,0000000.0,21297.53,0.313985,63923.0,0.2573,2032-12-01
NK225E    ,OOP,203212,48500.0,            ,137248518,0000000.0000,0000000.0,6615.59,0.236023,147248518,0000000.0000,0000000.0,21152.74,0.31298,63923.0,0.2573,2032-12-01
NK225E    ,OOP,203212,48750.0,            ,137248718,0000000.0000,0000000.0,6697.74,0.235525,147248718,0000000.0000,0000000.0,21008.41,0.312086,63923.0,0.2573,2032-12-01
NK225E    ,OOP,203212,49000.0,            ,137249018,0000000.0000,0000000.0,6780.39,0.235016,147249018,0000000.0000,0000000.0,20864.58,0.311187,63923.0,0.2573,2032-12-01
NK225E    ,OOP,203212,49250.0,            ,137249218,0000000.0000,0000000.0,6865.66,0.234495,147249218,0000000.0000,0000000.0,20723.37,0.310284,63923.0,0.2573,2032-12-01
NK225E    ,OOP,203212,49500.0,            ,137249518,0000000.0000,0000000.0,6951.41,0.234078,147249518,0000000.0000,0000000.0,20582.64,0.309376,63923.0,0.2573,2032-12-01
NK225E    ,OOP,203212,49750.0,            ,137249718,0000000.0000,0000000.0,7037.68,0.233648,147249718,0000000.0000,0000000.0,20442.43,0.308575,63923.0,0.2573,2032-12-01
NK225E    ,OOP,203212,50000.0,            ,137240018,0000000.0000,0000000.0,7124.51,0.233206,147240018,0000000.0000,0000000.0,20302.79,0.307657,63923.0,0.2573,2032-12-01
NK225E    ,OOP,203212,50250.0,            ,137240218,0000000.0000,0000000.0,7213.86,0.232752,147240218,0000000.0000,0000000.0,20165.65,0.306846,63923.0,0.2573,2032-12-01
NK225E    ,OOP,203212,50500.0,            ,137240518,0000000.0000,0000000.0,7303.79,0.232287,147240518,0000000.0000,0000000.0,20029.11,0.306029,63923.0,0.2573,2032-12-01
NK225E    ,OOP,203212,50750.0,            ,137240718,0000000.0000,0000000.0,7394.27,0.231921,147240718,0000000.0000,0000000.0,19893.11,0.305317,63923.0,0.2573,2032-12-01
NK225E    ,OOP,203212,51000.0,            ,137241018,0000000.0000,0000000.0,7485.29,0.231433,147241018,0000000.0000,0000000.0,19757.66,0.304489,63923.0,0.2573,2032-12-01
NK225E    ,OOP,203212,51250.0,            ,137241218,0000000.0000,0000000.0,7578.84,0.231152,147241218,0000000.0000,0000000.0,19624.73,0.303765,63923.0,0.2573,2032-12-01
NK225E    ,OOP,203212,51500.0,            ,137241518,0000000.0000,0000000.0,7672.96,0.230749,147241518,0000000.0000,0000000.0,19492.36,0.303034,63923.0,0.2573,2032-12-01
NK225E    ,OOP,203212,51750.0,            ,137241718,0000000.0000,0000000.0,7767.63,0.230335,147241718,0000000.0000,0000000.0,19360.56,0.302298,63923.0,0.2573,2032-12-01
NK225E    ,OOP,203212,52000.0,            ,137242018,0000000.0000,0000000.0,7862.92,0.230016,147242018,0000000.0000,0000000.0,19229.36,0.301555,63923.0,0.2573,2032-12-01
NK225E    ,OOP,203212,52250.0,            ,137242218,0000000.0000,0000000.0,7960.69,0.229684,147242218,0000000.0000,0000000.0,19100.66,0.300807,63923.0,0.2573,2032-12-01
NK225E    ,OOP,203212,52500.0,            ,137242518,0000000.0000,0000000.0,8059.05,0.22934,147242518,0000000.0000,0000000.0,18972.54,0.300159,63923.0,0.2573,2032-12-01
NK225E    ,OOP,203212,52750.0,            ,137242718,0000000.0000,0000000.0,8157.98,0.228984,147242718,0000000.0000,0000000.0,18844.99,0.299504,63923.0,0.2573,2032-12-01
NK225E    ,OOP,203212,53000.0,            ,137243018,0000000.0000,0000000.0,8257.54,0.228616,147243018,0000000.0000,0000000.0,18718.07,0.298843,63923.0,0.2573,2032-12-01
NK225E    ,OOP,203212,53250.0,            ,137243218,0000000.0000,0000000.0,8359.5,0.228341,147243218,0000000.0000,0000000.0,18593.55,0.29828,63923.0,0.2573,2032-12-01
NK225E    ,OOP,203212,53500.0,            ,137243518,0000000.0000,0000000.0,8462.1,0.228053,147243518,0000000.0000,0000000.0,18469.67,0.297605,63923.0,0.2573,2032-12-01
NK225E    ,OOP,203212,53750.0,            ,137243718,0000000.0000,0000000.0,8565.24,0.227752,147243718,0000000.0000,0000000.0,18346.34,0.297028,63923.0,0.2573,2032-12-01
NK225E    ,OOP,203212,54000.0,            ,137244018,0000000.0000,0000000.0,8669.03,0.22744,147244018,0000000.0000,0000000.0,18223.64,0.296444,63923.0,0.2573,2032-12-01
NK225E    ,OOP,203212,54250.0,            ,137244218,0000000.0000,0000000.0,8775.2,0.227115,147244218,0000000.0000,0000000.0,18103.34,0.295853,63923.0,0.2573,2032-12-01
NK225E    ,OOP,203212,54500.0,            ,137244518,0000000.0000,0000000.0,8881.98,0.22688,147244518,0000000.0000,0000000.0,17983.64,0.295255,63923.0,0.2573,2032-12-01
NK225E    ,OOP,203212,54750.0,            ,137244718,0000000.0000,0000000.0,8989.37,0.226633,147244718,0000000.0000,0000000.0,17864.54,0.294752,63923.0,0.2573,2032-12-01
NK225E    ,OOP,203212,55000.0,            ,187245018,0000000.0000,0000000.0,9097.35,0.226373,197245018,0000000.0000,0000000.0,17746.04,0.294242,63923.0,0.2573,2032-12-01
NK225E    ,OOP,203212,55250.0,            ,137245218,0000000.0000,0000000.0,9207.62,0.226101,147245218,0000000.0000,0000000.0,17629.84,0.293724,63923.0,0.2573,2032-12-01
NK225E    ,OOP,203212,55500.0,            ,137245518,0000000.0000,0000000.0,9318.49,0.225917,147245518,0000000.0000,0000000.0,17514.23,0.293199,63923.0,0.2573,2032-12-01
NK225E    ,OOP,203212,55750.0,            ,137245718,0000000.0000,0000000.0,9429.98,0.22572,147245718,0000000.0000,0000000.0,17399.24,0.292667,63923.0,0.2573,2032-12-01
NK225E    ,OOP,203212,56000.0,            ,187246018,0000000.0000,0000000.0,9542.12,0.225411,197246018,0000000.0000,0000000.0,17284.9,0.292228,63923.0,0.2573,2032-12-01
NK225E    ,OOP,203212,56250.0,            ,137246218,0000000.0000,0000000.0,9656.43,0.22519,147246218,0000000.0000,0000000.0,17172.73,0.291781,63923.0,0.2573,2032-12-01
NK225E    ,OOP,203212,56500.0,            ,137246518,0000000.0000,0000000.0,9771.35,0.225054,147246518,0000000.0000,0000000.0,17061.18,0.291326,63923.0,0.2573,2032-12-01
NK225E    ,OOP,203212,56750.0,            ,137246718,0000000.0000,0000000.0,9886.89,0.224808,147246718,0000000.0000,0000000.0,16950.24,0.290864,63923.0,0.2573,2032-12-01
NK225E    ,OOP,203212,57000.0,            ,187247018,0000000.0000,0000000.0,10003.08,0.224648,197247018,0000000.0000,0000000.0,16839.95,0.290394,63923.0,0.2573,2032-12-01
NK225E    ,OOP,203212,57250.0,            ,187247218,0000000.0000,0000000.0,10121.32,0.224475,197247218,0000000.0000,0000000.0,16731.71,0.290015,63923.0,0.2573,2032-12-01
NK225E    ,OOP,203212,57500.0,            ,187247518,0000000.0000,0000000.0,10240.18,0.22429,197247518,0000000.0000,0000000.0,16624.09,0.289628,63923.0,0.2573,2032-12-01
NK225E    ,OOP,203212,57750.0,            ,187247718,0000000.0000,0000000.0,10359.64,0.224093,197247718,0000000.0000,0000000.0,16517.07,0.289233,63923.0,0.2573,2032-12-01
NK225E    ,OOP,203212,58000.0,            ,187248018,0000000.0000,0000000.0,10479.77,0.22398,197248018,0000000.0000,0000000.0,16410.72,0.288831,63923.0,0.2573,2032-12-01
NK225E    ,OOP,203212,58250.0,            ,187248218,0000000.0000,0000000.0,10601.75,0.223758,197248218,0000000.0000,0000000.0,16306.22,0.28842,63923.0,0.2573,2032-12-01
NK225E    ,OOP,203212,58500.0,            ,187248518,0000000.0000,0000000.0,10724.4,0.223621,197248518,0000000.0000,0000000.0,16202.39,0.288099,63923.0,0.2573,2032-12-01
NK225E    ,OOP,203212,58750.0,            ,187248718,0000000.0000,0000000.0,10847.65,0.223471,197248718,0000000.0000,0000000.0,16099.17,0.287673,63923.0,0.2573,2032-12-01
NK225E    ,OOP,203212,59000.0,            ,187249018,0000000.0000,0000000.0,10971.52,0.22331,197249018,0000000.0000,0000000.0,15996.55,0.287336,63923.0,0.2573,2032-12-01
NK225E    ,OOP,203212,59250.0,            ,187249218,0000000.0000,0000000.0,11097.15,0.223231,197249218,0000000.0000,0000000.0,15895.7,0.286991,63923.0,0.2573,2032-12-01
NK225E    ,OOP,203212,59500.0,            ,187249518,0000000.0000,0000000.0,11223.38,0.223045,197249518,0000000.0000,0000000.0,15795.46,0.286734,63923.0,0.2573,2032-12-01
NK225E    ,OOP,203212,59750.0,            ,187249718,0000000.0000,0000000.0,11350.23,0.222942,197249718,0000000.0000,0000000.0,15695.83,0.286372,63923.0,0.2573,2032-12-01
NK225E    ,OOP,203212,60000.0,            ,187240018,0000000.0000,0000000.0,11477.72,0.222827,197240018,0000000.0000,0000000.0,15596.85,0.286099,63923.0,0.2573,2032-12-01
NK225E    ,OOP,203212,60250.0,            ,187240218,0000000.0000,0000000.0,11606.78,0.222701,197240218,0000000.0000,0000000.0,15499.43,0.285817,63923.0,0.2573,2032-12-01
NK225E    ,OOP,203212,60500.0,            ,187240518,0000000.0000,0000000.0,11736.5,0.222562,197240518,0000000.0000,0000000.0,15402.66,0.285527,63923.0,0.2573,2032-12-01
NK225E    ,OOP,203212,60750.0,            ,187240718,0000000.0000,0000000.0,11866.76,0.222505,197240718,0000000.0000,0000000.0,15306.44,0.285229,63923.0,0.2573,2032-12-01
NK225E    ,OOP,203212,61000.0,            ,187241018,0000000.0000,0000000.0,11997.67,0.222344,197241018,0000000.0000,0000000.0,15210.87,0.284923,63923.0,0.2573,2032-12-01
NK225E    ,OOP,203212,61250.0,            ,187241218,0000000.0000,0000000.0,12129.98,0.222263,197241218,0000000.0000,0000000.0,15116.71,0.28461,63923.0,0.2573,2032-12-01
NK225E    ,OOP,203212,61500.0,            ,187241518,0000000.0000,0000000.0,12262.89,0.222171,197241518,0000000.0000,0000000.0,15023.14,0.284382,63923.0,0.2573,2032-12-01
NK225E    ,OOP,203212,61750.0,            ,187241718,0000000.0000,0000000.0,12396.38,0.222068,197241718,0000000.0000,0000000.0,14930.16,0.284146,63923.0,0.2573,2032-12-01
NK225E    ,OOP,203212,62000.0,            ,187242018,0000000.0000,0000000.0,12530.47,0.221953,197242018,0000000.0000,0000000.0,14837.76,0.283902,63923.0,0.2573,2032-12-01
NK225E    ,OOP,203212,62250.0,            ,187242218,0000000.0000,0000000.0,12665.79,0.221918,197242218,0000000.0000,0000000.0,14746.61,0.28365,63923.0,0.2573,2032-12-01
NK225E    ,OOP,203212,62500.0,            ,187242518,0000000.0000,0000000.0,12801.7,0.221781,197242518,0000000.0000,0000000.0,14656.03,0.283391,63923.0,0.2573,2032-12-01
NK225E    ,OOP,203212,62750.0,            ,187242718,0000000.0000,0000000.0,12938.19,0.221724,197242718,0000000.0000,0000000.0,14566.04,0.283123,63923.0,0.2573,2032-12-01
NK225E    ,OOP,203212,63000.0,            ,187243018,0000000.0000,0000000.0,13075.31,0.221655,197243018,0000000.0000,0000000.0,14476.68,0.28294,63923.0,0.2573,2032-12-01
NK225E    ,OOP,203212,63250.0,            ,187243218,0000000.0000,0000000.0,13213.44,0.221576,197243218,0000000.0000,0000000.0,14388.34,0.282749,63923.0,0.2573,2032-12-01
NK225E    ,OOP,203212,63500.0,            ,187243518,0000000.0000,0000000.0,13352.15,0.221485,197243518,0000000.0000,0000000.0,14300.57,0.28255,63923.0,0.2573,2032-12-01
NK225E    ,OOP,203212,63750.0,            ,187243718,0000000.0000,0000000.0,13491.43,0.221384,197243718,0000000.0000,0000000.0,14213.36,0.282251,63923.0,0.2573,2032-12-01
NK225E    ,OOP,203212,64000.0,            ,187244018,0000000.0000,0000000.0,13631.27,0.221361,197244018,0000000.0000,0000000.0,14126.73,0.282128,63923.0,0.2573,2032-12-01
NK225E    ,OOP,203212,64250.0,            ,187244218,0000000.0000,0000000.0,13771.89,0.221239,197244218,0000000.0000,0000000.0,14040.88,0.281906,63923.0,0.2573,2032-12-01
NK225E    ,OOP,203212,64500.0,            ,187244518,0000000.0000,0000000.0,13913.14,0.221194,197244518,0000000.0000,0000000.0,13955.64,0.281676,63923.0,0.2573,2032-12-01
NK225E    ,OOP,203212,64750.0,            ,187244718,0000000.0000,0000000.0,14054.94,0.221051,197244718,0000000.0000,0000000.0,13870.96,0.281529,63923.0,0.2573,2032-12-01
NK225E    ,OOP,203212,65000.0,            ,137365018,0000000.0000,0000000.0,14197.29,0.220986,147365018,0000000.0000,0000000.0,13786.83,0.281284,63923.0,0.2573,2032-12-01
NK225E    ,OOP,203212,65250.0,            ,187245218,0000000.0000,0000000.0,14340.25,0.22091,197245218,0000000.0000,0000000.0,13703.31,0.281121,63923.0,0.2573,2032-12-01
NK225E    ,OOP,203212,65500.0,            ,187245518,0000000.0000,0000000.0,14483.75,0.220824,197245518,0000000.0000,0000000.0,13620.34,0.280951,63923.0,0.2573,2032-12-01
NK225E    ,OOP,203212,65750.0,            ,187245718,0000000.0000,0000000.0,14627.8,0.220816,197245718,0000000.0000,0000000.0,13537.91,0.280774,63923.0,0.2573,2032-12-01
NK225E    ,OOP,203212,66000.0,            ,137366018,0000000.0000,0000000.0,14772.45,0.22071,147366018,0000000.0000,0000000.0,13456.08,0.280588,63923.0,0.2573,2032-12-01
NK225E    ,OOP,203212,66250.0,            ,187246218,0000000.0000,0000000.0,14917.41,0.220593,197246218,0000000.0000,0000000.0,13374.56,0.280396,63923.0,0.2573,2032-12-01
NK225E    ,OOP,203212,66500.0,            ,187246518,0000000.0000,0000000.0,15062.95,0.220554,197246518,0000000.0000,0000000.0,13293.62,0.280195,63923.0,0.2573,2032-12-01
NK225E    ,OOP,203212,66750.0,            ,187246718,0000000.0000,0000000.0,15208.97,0.220506,197246718,0000000.0000,0000000.0,13213.17,0.279988,63923.0,0.2573,2032-12-01
NK225E    ,OOP,203212,67000.0,            ,137367018,0000000.0000,0000000.0,15355.58,0.220359,147367018,0000000.0000,0000000.0,13133.29,0.279863,63923.0,0.2573,2032-12-01
NK225E    ,OOP,203212,67250.0,            ,137367218,0000000.0000,0000000.0,15502.31,0.220291,147367218,0000000.0000,0000000.0,13053.54,0.27964,63923.0,0.2573,2032-12-01
NK225E    ,OOP,203212,67500.0,            ,137367518,0000000.0000,0000000.0,15649.61,0.220212,147367518,0000000.0000,0000000.0,12974.37,0.2795,63923.0,0.2573,2032-12-01
NK225E    ,OOP,203212,67750.0,            ,137367718,0000000.0000,0000000.0,15797.43,0.220124,147367718,0000000.0000,0000000.0,12895.71,0.279352,63923.0,0.2573,2032-12-01
NK225E    ,OOP,203212,68000.0,            ,137368018,0000000.0000,0000000.0,15945.77,0.220026,147368018,0000000.0000,0000000.0,12817.57,0.279108,63923.0,0.2573,2032-12-01
NK225E    ,OOP,203212,68250.0,            ,137368218,0000000.0000,0000000.0,16093.99,0.219918,147368218,0000000.0000,0000000.0,12739.31,0.278946,63923.0,0.2573,2032-12-01
NK225E    ,OOP,203212,68500.0,            ,137368518,0000000.0000,0000000.0,16242.76,0.219801,147368518,0000000.0000,0000000.0,12661.61,0.278777,63923.0,0.2573,2032-12-01
NK225E    ,OOP,203212,68750.0,            ,137368718,0000000.0000,0000000.0,16392.05,0.219762,147368718,0000000.0000,0000000.0,12584.41,0.2786,63923.0,0.2573,2032-12-01
NK225E    ,OOP,203212,69000.0,            ,137369018,0000000.0000,0000000.0,16541.83,0.219626,147369018,0000000.0000,0000000.0,12507.71,0.278416,63923.0,0.2573,2032-12-01
NK225E    ,OOP,203212,69250.0,            ,137369218,0000000.0000,0000000.0,16691.3,0.219481,147369218,0000000.0000,0000000.0,12430.7,0.278226,63923.0,0.2573,2032-12-01
NK225E    ,OOP,203212,69500.0,            ,137369518,0000000.0000,0000000.0,16841.32,0.219413,147369518,0000000.0000,0000000.0,12354.25,0.278028,63923.0,0.2573,2032-12-01
NK225E    ,OOP,203212,69750.0,            ,137369718,0000000.0000,0000000.0,16991.77,0.219249,147369718,0000000.0000,0000000.0,12278.22,0.277912,63923.0,0.2573,2032-12-01
NK225E    ,OOP,203212,70000.0,            ,137360018,0000000.0000,0000000.0,17142.77,0.219163,147360018,0000000.0000,0000000.0,12202.74,0.2777,63923.0,0.2573,2032-12-01
NK225E    ,OOP,203212,70250.0,            ,137360218,0000000.0000,0000000.0,17293.21,0.219067,147360218,0000000.0000,0000000.0,12126.7,0.277481,63923.0,0.2573,2032-12-01
NK225E    ,OOP,203212,70500.0,            ,137360518,0000000.0000,0000000.0,17444.19,0.218876,147360518,0000000.0000,0000000.0,12051.2,0.277344,63923.0,0.2573,2032-12-01
NK225E    ,OOP,203212,70750.0,            ,137360718,0000000.0000,0000000.0,17595.58,0.218763,147360718,0000000.0000,0000000.0,11976.11,0.277112,63923.0,0.2573,2032-12-01
NK225E    ,OOP,203212,71000.0,            ,137361018,0000000.0000,0000000.0,17747.51,0.21864,147361018,0000000.0000,0000000.0,11901.56,0.276961,63923.0,0.2573,2032-12-01
NK225E    ,OOP,203212,71250.0,            ,137361218,0000000.0000,0000000.0,17898.69,0.218509,147361218,0000000.0000,0000000.0,11826.26,0.276715,63923.0,0.2573,2032-12-01
NK225E    ,OOP,203212,71500.0,            ,137361518,0000000.0000,0000000.0,18050.33,0.218282,147361518,0000000.0000,0000000.0,11751.43,0.276551,63923.0,0.2573,2032-12-01
NK225E    ,OOP,203212,71750.0,            ,137361718,0000000.0000,0000000.0,18202.44,0.218133,147361718,0000000.0000,0000000.0,11677.06,0.276292,63923.0,0.2573,2032-12-01
NK225E    ,OOP,203212,72000.0,            ,137362018,0000000.0000,0000000.0,18355.06,0.217975,147362018,0000000.0000,0000000.0,11603.2,0.276114,63923.0,0.2573,2032-12-01
NK225E    ,OOP,203212,72250.0,            ,137362218,0000000.0000,0000000.0,18506.7,0.217809,147362218,0000000.0000,0000000.0,11528.36,0.275842,63923.0,0.2573,2032-12-01
NK225E    ,OOP,203212,72500.0,            ,137362518,0000000.0000,0000000.0,18658.84,0.217634,147362518,0000000.0000,0000000.0,11454.02,0.275651,63923.0,0.2573,2032-12-01
NK225E    ,OOP,203212,72750.0,            ,137362718,0000000.0000,0000000.0,18811.38,0.21745,147362718,0000000.0000,0000000.0,11380.08,0.275453,63923.0,0.2573,2032-12-01
NK225E    ,OOP,203212,73000.0,            ,137363018,0000000.0000,0000000.0,18964.42,0.217257,147363018,0000000.0000,0000000.0,11306.64,0.275162,63923.0,0.2573,2032-12-01
NK225E    ,OOP,203212,73250.0,            ,137363218,0000000.0000,0000000.0,19116.28,0.217056,147363218,0000000.0000,0000000.0,11232.02,0.274951,63923.0,0.2573,2032-12-01
NK225E    ,OOP,203212,73500.0,            ,137363518,0000000.0000,0000000.0,19268.64,0.216847,147363518,0000000.0000,0000000.0,11157.9,0.274734,63923.0,0.2573,2032-12-01
NK225E    ,OOP,203212,73750.0,            ,137363718,0000000.0000,0000000.0,19421.37,0.216629,147363718,0000000.0000,0000000.0,11084.16,0.274424,63923.0,0.2573,2032-12-01
NK225E    ,OOP,203212,74000.0,            ,137364018,0000000.0000,0000000.0,19574.61,0.216402,147364018,0000000.0000,0000000.0,11010.91,0.274194,63923.0,0.2573,2032-12-01
NK225E    ,OOP,203212,74250.0,            ,137364218,0000000.0000,0000000.0,19726.47,0.216168,147364218,0000000.0000,0000000.0,10936.3,0.273958,63923.0,0.2573,2032-12-01
NK225E    ,OOP,203212,74500.0,            ,137364518,0000000.0000,0000000.0,19878.77,0.215924,147364518,0000000.0000,0000000.0,10862.12,0.273629,63923.0,0.2573,2032-12-01
NK225E    ,OOP,203212,74750.0,            ,137364718,0000000.0000,0000000.0,20031.49,0.215673,147364718,0000000.0000,0000000.0,10788.36,0.27338,63923.0,0.2573,2032-12-01
NK225E    ,OOP,203212,75000.0,            ,187365018,0000000.0000,0000000.0,20184.7,0.215413,197365018,0000000.0000,0000000.0,10715.09,0.273126,63923.0,0.2573,2032-12-01
NK225E    ,OOP,203212,75250.0,            ,137365218,0000000.0000,0000000.0,20336.35,0.215145,147365218,0000000.0000,0000000.0,10640.27,0.272778,63923.0,0.2573,2032-12-01
NK225E    ,OOP,203212,75500.0,            ,137365518,0000000.0000,0000000.0,20488.43,0.214783,147365518,0000000.0000,0000000.0,10565.86,0.272511,63923.0,0.2573,2032-12-01
NK225E    ,OOP,203212,75750.0,            ,137365718,0000000.0000,0000000.0,20640.92,0.214498,147365718,0000000.0000,0000000.0,10491.88,0.272151,63923.0,0.2573,2032-12-01
NK225E    ,OOP,203212,76000.0,            ,187366018,0000000.0000,0000000.0,20793.83,0.214205,197366018,0000000.0000,0000000.0,10418.31,0.271872,63923.0,0.2573,2032-12-01
NK225E    ,OOP,203212,76250.0,            ,137366218,0000000.0000,0000000.0,20941.51,0.213818,147366218,0000000.0000,0000000.0,10339.51,0.2715,63923.0,0.2573,2032-12-01
NK225E    ,OOP,203212,80000.0,            ,187360018,0000000.0000,0000000.0,23205.95,0.207789,197360018,0000000.0000,0000000.0,9206.77,0.265558,63923.0,0.2573,2032-12-01
NK225E    ,OOP,203306,23000.0,            ,138063018,0000000.0000,0000000.0,1413.76,0.310134,148063018,0000000.0000,0000000.0,38809.33,0.510997,63923.0,0.2573,2033-06-01
NK225E    ,OOP,203306,24000.0,            ,138064018,0000000.0000,0000000.0,1605.5,0.309712,148064018,0000000.0000,0000000.0,38102.28,0.500198,63923.0,0.2573,2033-06-01
NK225E    ,OOP,203306,25000.0,            ,138065018,0000000.0000,0000000.0,1810.55,0.309461,148065018,0000000.0000,0000000.0,37408.54,0.490241,63923.0,0.2573,2033-06-01
NK225E    ,OOP,203306,26000.0,            ,138066018,0000000.0000,0000000.0,2028.85,0.309346,148066018,0000000.0000,0000000.0,36728.06,0.481243,63923.0,0.2573,2033-06-01
NK225E    ,OOP,203306,27000.0,            ,138067018,0000000.0000,0000000.0,2260.33,0.309088,148067018,0000000.0000,0000000.0,36060.75,0.472905,63923.0,0.2573,2033-06-01
NK225E    ,OOP,203306,28000.0,            ,138068018,0000000.0000,0000000.0,2504.87,0.308719,148068018,0000000.0000,0000000.0,35406.5,0.465354,63923.0,0.2573,2033-06-01
NK225E    ,OOP,203306,29000.0,            ,138069018,0000000.0000,0000000.0,2692.16,0.305588,148069018,0000000.0000,0000000.0,34695.0,0.455724,63923.0,0.2573,2033-06-01
NK225E    ,OOP,203306,30000.0,            ,138060018,0000000.0000,0000000.0,2875.34,0.30182,148060018,0000000.0000,0000000.0,33979.39,0.446387,63923.0,0.2573,2033-06-01
NK225E    ,OOP,203306,31000.0,            ,138061018,0000000.0000,0000000.0,3055.02,0.297914,148061018,0000000.0000,0000000.0,33260.28,0.437145,63923.0,0.2573,2033-06-01
NK225E    ,OOP,203306,32000.0,            ,138062018,0000000.0000,0000000.0,3232.12,0.293891,148062018,0000000.0000,0000000.0,32538.59,0.42816,63923.0,0.2573,2033-06-01
NK225E    ,OOP,203306,33000.0,            ,188063018,0000000.0000,0000000.0,3407.65,0.289584,198063018,0000000.0000,0000000.0,31815.33,0.419249,63923.0,0.2573,2033-06-01
NK225E    ,OOP,203306,33750.0,            ,138063718,0000000.0000,0000000.0,3538.78,0.286263,148063718,0000000.0000,0000000.0,31272.37,0.412677,63923.0,0.2573,2033-06-01
NK225E    ,OOP,203306,34000.0,            ,188064018,0000000.0000,0000000.0,3582.78,0.285208,198064018,0000000.0000,0000000.0,31091.67,0.410566,63923.0,0.2573,2033-06-01
NK225E    ,OOP,203306,34250.0,            ,138064218,0000000.0000,0000000.0,3626.58,0.283972,148064218,0000000.0000,0000000.0,30910.77,0.408468,63923.0,0.2573,2033-06-01
NK225E    ,OOP,203306,34500.0,            ,138064518,0000000.0000,0000000.0,3670.54,0.28291,148064518,0000000.0000,0000000.0,30730.04,0.406383,63923.0,0.2573,2033-06-01
NK225E    ,OOP,203306,34750.0,            ,138064718,0000000.0000,0000000.0,3714.62,0.281844,148064718,0000000.0000,0000000.0,30549.43,0.404309,63923.0,0.2573,2033-06-01
NK225E    ,OOP,203306,35000.0,            ,188065018,0000000.0000,0000000.0,3758.83,0.280601,198065018,0000000.0000,0000000.0,30368.94,0.402094,63923.0,0.2573,2033-06-01
NK225E    ,OOP,203306,35250.0,            ,138065218,0000000.0000,0000000.0,3803.2,0.279529,148065218,0000000.0000,0000000.0,30188.6,0.400045,63923.0,0.2573,2033-06-01
NK225E    ,OOP,203306,35500.0,            ,138065518,0000000.0000,0000000.0,3847.72,0.278452,148065518,0000000.0000,0000000.0,30008.43,0.398008,63923.0,0.2573,2033-06-01
NK225E    ,OOP,203306,35750.0,            ,138065718,0000000.0000,0000000.0,3892.36,0.277372,148065718,0000000.0000,0000000.0,29828.37,0.395981,63923.0,0.2573,2033-06-01
NK225E    ,OOP,203306,36000.0,            ,188066018,0000000.0000,0000000.0,3937.12,0.276288,198066018,0000000.0000,0000000.0,29648.44,0.393966,63923.0,0.2573,2033-06-01
NK225E    ,OOP,203306,36250.0,            ,138066218,0000000.0000,0000000.0,3982.42,0.275036,148066218,0000000.0000,0000000.0,29469.03,0.391961,63923.0,0.2573,2033-06-01
NK225E    ,OOP,203306,36500.0,            ,138066518,0000000.0000,0000000.0,4027.87,0.273947,148066518,0000000.0000,0000000.0,29289.79,0.389967,63923.0,0.2573,2033-06-01
NK225E    ,OOP,203306,36750.0,            ,138066718,0000000.0000,0000000.0,4073.42,0.272854,148066718,0000000.0000,0000000.0,29110.64,0.387983,63923.0,0.2573,2033-06-01
NK225E    ,OOP,203306,37000.0,            ,188067018,0000000.0000,0000000.0,4119.13,0.271758,198067018,0000000.0000,0000000.0,28931.65,0.386009,63923.0,0.2573,2033-06-01
NK225E    ,OOP,203306,37250.0,            ,138067218,0000000.0000,0000000.0,4165.71,0.270817,148067218,0000000.0000,0000000.0,28753.54,0.384045,63923.0,0.2573,2033-06-01
NK225E    ,OOP,203306,37500.0,            ,138067518,0000000.0000,0000000.0,4212.43,0.269714,148067518,0000000.0000,0000000.0,28575.56,0.382091,63923.0,0.2573,2033-06-01
NK225E    ,OOP,203306,37750.0,            ,138067718,0000000.0000,0000000.0,4259.29,0.268607,148067718,0000000.0000,0000000.0,28397.73,0.380289,63923.0,0.2573,2033-06-01
NK225E    ,OOP,203306,38000.0,            ,188068018,0000000.0000,0000000.0,4306.3,0.267498,198068018,0000000.0000,0000000.0,28220.03,0.378353,63923.0,0.2573,2033-06-01
NK225E    ,OOP,203306,38250.0,            ,138068218,0000000.0000,0000000.0,4354.51,0.266386,148068218,0000000.0000,0000000.0,28043.55,0.376426,63923.0,0.2573,2033-06-01
NK225E    ,OOP,203306,38500.0,            ,138068518,0000000.0000,0000000.0,4402.88,0.265423,148068518,0000000.0000,0000000.0,27867.22,0.374648,63923.0,0.2573,2033-06-01
NK225E    ,OOP,203306,38750.0,            ,138068718,0000000.0000,0000000.0,4451.4,0.264305,148068718,0000000.0000,0000000.0,27691.05,0.372738,63923.0,0.2573,2033-06-01
NK225E    ,OOP,203306,39000.0,            ,188069018,0000000.0000,0000000.0,4500.08,0.263332,198069018,0000000.0000,0000000.0,27515.03,0.370975,63923.0,0.2573,2033-06-01
NK225E    ,OOP,203306,39250.0,            ,138069218,0000000.0000,0000000.0,4550.27,0.262355,148069218,0000000.0000,0000000.0,27340.52,0.369219,63923.0,0.2573,2033-06-01
NK225E    ,OOP,203306,39500.0,            ,138069518,0000000.0000,0000000.0,4600.64,0.261374,148069518,0000000.0000,0000000.0,27166.19,0.367469,63923.0,0.2573,2033-06-01
NK225E    ,OOP,203306,39750.0,            ,138069718,0000000.0000,0000000.0,4651.18,0.260242,148069718,0000000.0000,0000000.0,26992.04,0.365725,63923.0,0.2573,2033-06-01
NK225E    ,OOP,203306,40000.0,            ,188060018,0000000.0000,0000000.0,4701.94,0.259252,198060018,0000000.0000,0000000.0,26818.1,0.363854,63923.0,0.2573,2033-06-01
NK225E    ,OOP,203306,40250.0,            ,138060218,0000000.0000,0000000.0,4754.48,0.258257,148060218,0000000.0000,0000000.0,26645.94,0.362258,63923.0,0.2573,2033-06-01
NK225E    ,OOP,203306,40500.0,            ,138060518,0000000.0000,0000000.0,4807.23,0.2574,148060518,0000000.0000,0000000.0,26473.99,0.360533,63923.0,0.2573,2033-06-01
NK225E    ,OOP,203306,40750.0,            ,138060718,0000000.0000,0000000.0,4860.18,0.256396,148060718,0000000.0000,0000000.0,26302.25,0.358815,63923.0,0.2573,2033-06-01
NK225E    ,OOP,203306,41000.0,            ,188061018,0000000.0000,0000000.0,4913.34,0.255387,198061018,0000000.0000,0000000.0,26130.71,0.357233,63923.0,0.2573,2033-06-01
NK225E    ,OOP,203306,41250.0,            ,138061218,0000000.0000,0000000.0,4968.54,0.254513,148061218,0000000.0000,0000000.0,25961.21,0.355525,63923.0,0.2573,2033-06-01
NK225E    ,OOP,203306,41500.0,            ,138061518,0000000.0000,0000000.0,5024.01,0.253632,148061518,0000000.0000,0000000.0,25791.99,0.353953,63923.0,0.2573,2033-06-01
NK225E    ,OOP,203306,41750.0,            ,138061718,0000000.0000,0000000.0,5079.68,0.252609,148061718,0000000.0000,0000000.0,25622.96,0.352384,63923.0,0.2573,2033-06-01
NK225E    ,OOP,203306,42000.0,            ,188062018,0000000.0000,0000000.0,5135.62,0.251718,198062018,0000000.0000,0000000.0,25454.2,0.35082,63923.0,0.2573,2033-06-01
NK225E    ,OOP,203306,42250.0,            ,138062218,0000000.0000,0000000.0,5193.84,0.250954,148062218,0000000.0000,0000000.0,25287.73,0.349259,63923.0,0.2573,2033-06-01
NK225E    ,OOP,203306,42500.0,            ,138062518,0000000.0000,0000000.0,5252.33,0.25005,148062518,0000000.0000,0000000.0,25121.52,0.347829,63923.0,0.2573,2033-06-01
NK225E    ,OOP,203306,42750.0,            ,138062718,0000000.0000,0000000.0,5311.08,0.24914,148062718,0000000.0000,0000000.0,24955.57,0.346275,63923.0,0.2573,2033-06-01
NK225E    ,OOP,203306,43000.0,            ,138183018,0000000.0000,0000000.0,5370.14,0.248356,148183018,0000000.0000,0000000.0,24789.94,0.344849,63923.0,0.2573,2033-06-01
NK225E    ,OOP,203306,43250.0,            ,138063218,0000000.0000,0000000.0,5431.66,0.247434,148063218,0000000.0000,0000000.0,24626.75,0.343302,63923.0,0.2573,2033-06-01
NK225E    ,OOP,203306,43500.0,            ,138063518,0000000.0000,0000000.0,5493.51,0.246636,148063518,0000000.0000,0000000.0,24463.91,0.341882,63923.0,0.2573,2033-06-01
NK225E    ,OOP,203306,43750.0,            ,188063718,0000000.0000,0000000.0,5555.66,0.245831,198063718,0000000.0000,0000000.0,24301.36,0.340463,63923.0,0.2573,2033-06-01
NK225E    ,OOP,203306,44000.0,            ,138184018,0000000.0000,0000000.0,5618.11,0.245019,148184018,0000000.0000,0000000.0,24139.12,0.339169,63923.0,0.2573,2033-06-01
NK225E    ,OOP,203306,44250.0,            ,188064218,0000000.0000,0000000.0,5683.19,0.244326,198064218,0000000.0000,0000000.0,23979.5,0.337753,63923.0,0.2573,2033-06-01
NK225E    ,OOP,203306,44500.0,            ,188064518,0000000.0000,0000000.0,5748.73,0.243625,198064518,0000000.0000,0000000.0,23820.34,0.336461,63923.0,0.2573,2033-06-01
NK225E    ,OOP,203306,44750.0,            ,188064718,0000000.0000,0000000.0,5814.48,0.242791,198064718,0000000.0000,0000000.0,23661.39,0.335168,63923.0,0.2573,2033-06-01
NK225E    ,OOP,203306,45000.0,            ,138185018,0000000.0000,0000000.0,5880.69,0.242075,148185018,0000000.0000,0000000.0,23502.9,0.333757,63923.0,0.2573,2033-06-01
NK225E    ,OOP,203306,45250.0,            ,188065218,0000000.0000,0000000.0,5949.67,0.24135,198065218,0000000.0000,0000000.0,23347.19,0.332585,63923.0,0.2573,2033-06-01
NK225E    ,OOP,203306,45500.0,            ,188065518,0000000.0000,0000000.0,6019.02,0.240739,198065518,0000000.0000,0000000.0,23191.84,0.331294,63923.0,0.2573,2033-06-01
NK225E    ,OOP,203306,45750.0,            ,188065718,0000000.0000,0000000.0,6088.74,0.239997,198065718,0000000.0000,0000000.0,23036.86,0.330121,63923.0,0.2573,2033-06-01
NK225E    ,OOP,203306,46000.0,            ,138186018,0000000.0000,0000000.0,6158.83,0.239248,148186018,0000000.0000,0000000.0,22882.25,0.328831,63923.0,0.2573,2033-06-01
NK225E    ,OOP,203306,46250.0,            ,188066218,0000000.0000,0000000.0,6231.87,0.238611,198066218,0000000.0000,0000000.0,22730.6,0.327656,63923.0,0.2573,2033-06-01
NK225E    ,OOP,203306,46500.0,            ,188066518,0000000.0000,0000000.0,6305.41,0.238083,198066518,0000000.0000,0000000.0,22579.44,0.326481,63923.0,0.2573,2033-06-01
NK225E    ,OOP,203306,46750.0,            ,188066718,0000000.0000,0000000.0,6379.3,0.237427,198066718,0000000.0000,0000000.0,22428.64,0.32542,63923.0,0.2573,2033-06-01
NK225E    ,OOP,203306,47000.0,            ,138187018,0000000.0000,0000000.0,6453.6,0.236762,148187018,0000000.0000,0000000.0,22278.24,0.324243,63923.0,0.2573,2033-06-01
NK225E    ,OOP,203306,47250.0,            ,188067218,0000000.0000,0000000.0,6530.92,0.236205,198067218,0000000.0000,0000000.0,22130.86,0.323178,63923.0,0.2573,2033-06-01
NK225E    ,OOP,203306,47500.0,            ,188067518,0000000.0000,0000000.0,6608.72,0.235638,198067518,0000000.0000,0000000.0,21983.96,0.322111,63923.0,0.2573,2033-06-01
NK225E    ,OOP,203306,47750.0,            ,188067718,0000000.0000,0000000.0,6686.95,0.235061,198067718,0000000.0000,0000000.0,21837.5,0.321042,63923.0,0.2573,2033-06-01
NK225E    ,OOP,203306,48000.0,            ,138188018,0000000.0000,0000000.0,6765.62,0.234475,148188018,0000000.0000,0000000.0,21691.47,0.319972,63923.0,0.2573,2033-06-01
NK225E    ,OOP,203306,48250.0,            ,188068218,0000000.0000,0000000.0,6847.36,0.233993,198068218,0000000.0000,0000000.0,21548.52,0.31901,63923.0,0.2573,2033-06-01
NK225E    ,OOP,203306,48500.0,            ,188068518,0000000.0000,0000000.0,6929.53,0.233387,198068518,0000000.0000,0000000.0,21405.98,0.318046,63923.0,0.2573,2033-06-01
NK225E    ,OOP,203306,48750.0,            ,188068718,0000000.0000,0000000.0,7012.25,0.232884,198068718,0000000.0000,0000000.0,21264.01,0.317078,63923.0,0.2573,2033-06-01
NK225E    ,OOP,203306,49000.0,            ,138189018,0000000.0000,0000000.0,7095.45,0.232371,148189018,0000000.0000,0000000.0,21122.51,0.316108,63923.0,0.2573,2033-06-01
NK225E    ,OOP,203306,49250.0,            ,188069218,0000000.0000,0000000.0,7181.71,0.231958,198069218,0000000.0000,0000000.0,20984.07,0.315134,63923.0,0.2573,2033-06-01
NK225E    ,OOP,203306,49500.0,            ,188069518,0000000.0000,0000000.0,7268.52,0.231534,198069518,0000000.0000,0000000.0,20846.18,0.314267,63923.0,0.2573,2033-06-01
NK225E    ,OOP,203306,49750.0,            ,188069718,0000000.0000,0000000.0,7355.82,0.23099,198069718,0000000.0000,0000000.0,20708.79,0.313395,63923.0,0.2573,2033-06-01
NK225E    ,OOP,203306,50000.0,            ,138180018,0000000.0000,0000000.0,7443.63,0.230544,148180018,0000000.0000,0000000.0,20571.9,0.312519,63923.0,0.2573,2033-06-01
NK225E    ,OOP,203306,50250.0,            ,188060218,0000000.0000,0000000.0,7534.49,0.230196,198060218,0000000.0000,0000000.0,20438.07,0.31164,63923.0,0.2573,2033-06-01
NK225E    ,OOP,203306,50500.0,            ,188060518,0000000.0000,0000000.0,7625.88,0.229728,198060518,0000000.0000,0000000.0,20304.76,0.310863,63923.0,0.2573,2033-06-01
NK225E    ,OOP,203306,50750.0,            ,188060718,0000000.0000,0000000.0,7717.8,0.229357,198060718,0000000.0000,0000000.0,20171.98,0.310082,63923.0,0.2573,2033-06-01
NK225E    ,OOP,203306,51000.0,            ,138181018,0000000.0000,0000000.0,7810.29,0.228974,148181018,0000000.0000,0000000.0,20039.77,0.30919,63923.0,0.2573,2033-06-01
NK225E    ,OOP,203306,51250.0,            ,188061218,0000000.0000,0000000.0,7905.77,0.228581,198061218,0000000.0000,0000000.0,19910.56,0.308505,63923.0,0.2573,2033-06-01
NK225E    ,OOP,203306,51500.0,            ,188061518,0000000.0000,0000000.0,8001.85,0.228176,198061518,0000000.0000,0000000.0,19781.94,0.30771,63923.0,0.2573,2033-06-01
NK225E    ,OOP,203306,51750.0,            ,188061718,0000000.0000,0000000.0,8098.44,0.227865,198061718,0000000.0000,0000000.0,19653.83,0.307014,63923.0,0.2573,2033-06-01
NK225E    ,OOP,203306,52000.0,            ,138182018,0000000.0000,0000000.0,8195.61,0.227541,148182018,0000000.0000,0000000.0,19526.3,0.306313,63923.0,0.2573,2033-06-01
NK225E    ,OOP,203306,52250.0,            ,188062218,0000000.0000,0000000.0,8295.71,0.227207,198062218,0000000.0000,0000000.0,19401.71,0.305607,63923.0,0.2573,2033-06-01
NK225E    ,OOP,203306,52500.0,            ,188062518,0000000.0000,0000000.0,8396.38,0.226861,198062518,0000000.0000,0000000.0,19277.68,0.304999,63923.0,0.2573,2033-06-01
NK225E    ,OOP,203306,52750.0,            ,188062718,0000000.0000,0000000.0,8497.61,0.226605,198062718,0000000.0000,0000000.0,19154.21,0.304282,63923.0,0.2573,2033-06-01
NK225E    ,OOP,203306,53000.0,            ,188183018,0000000.0000,0000000.0,8599.4,0.226237,198183018,0000000.0000,0000000.0,19031.31,0.303662,63923.0,0.2573,2033-06-01
NK225E    ,OOP,203306,53250.0,            ,188063218,0000000.0000,0000000.0,8704.04,0.225958,198063218,0000000.0000,0000000.0,18911.25,0.303036,63923.0,0.2573,2033-06-01
NK225E    ,OOP,203306,53500.0,            ,188063518,0000000.0000,0000000.0,8809.26,0.225768,198063518,0000000.0000,0000000.0,18791.77,0.302405,63923.0,0.2573,2033-06-01
NK225E    ,OOP,203306,53750.0,            ,138183718,0000000.0000,0000000.0,8915.05,0.225466,148183718,0000000.0000,0000000.0,18672.86,0.301868,63923.0,0.2573,2033-06-01
NK225E    ,OOP,203306,54000.0,            ,188184018,0000000.0000,0000000.0,9021.43,0.225252,198184018,0000000.0000,0000000.0,18554.54,0.301224,63923.0,0.2573,2033-06-01
NK225E    ,OOP,203306,54250.0,            ,138184218,0000000.0000,0000000.0,9130.49,0.225026,148184218,0000000.0000,0000000.0,18438.91,0.300676,63923.0,0.2573,2033-06-01
NK225E    ,OOP,203306,54500.0,            ,138184518,0000000.0000,0000000.0,9240.15,0.224788,148184518,0000000.0000,0000000.0,18323.87,0.30012,63923.0,0.2573,2033-06-01
NK225E    ,OOP,203306,54750.0,            ,138184718,0000000.0000,0000000.0,9350.4,0.224539,148184718,0000000.0000,0000000.0,18209.43,0.299658,63923.0,0.2573,2033-06-01
NK225E    ,OOP,203306,55000.0,            ,188185018,0000000.0000,0000000.0,9461.24,0.224278,198185018,0000000.0000,0000000.0,18095.57,0.29909,63923.0,0.2573,2033-06-01
NK225E    ,OOP,203306,55250.0,            ,138185218,0000000.0000,0000000.0,9574.56,0.224103,148185218,0000000.0000,0000000.0,17984.19,0.298615,63923.0,0.2573,2033-06-01
NK225E    ,OOP,203306,55500.0,            ,138185518,0000000.0000,0000000.0,9688.53,0.223915,148185518,0000000.0000,0000000.0,17873.46,0.298132,63923.0,0.2573,2033-06-01
NK225E    ,OOP,203306,55750.0,            ,138185718,0000000.0000,0000000.0,9803.05,0.223717,148185718,0000000.0000,0000000.0,17763.28,0.297643,63923.0,0.2573,2033-06-01
NK225E    ,OOP,203306,56000.0,            ,188186018,0000000.0000,0000000.0,9918.21,0.223602,198186018,0000000.0000,0000000.0,17653.74,0.297246,63923.0,0.2573,2033-06-01
NK225E    ,OOP,203306,56250.0,            ,138186218,0000000.0000,0000000.0,10035.63,0.22338,148186218,0000000.0000,0000000.0,17546.47,0.296743,63923.0,0.2573,2033-06-01
NK225E    ,OOP,203306,56500.0,            ,138186518,0000000.0000,0000000.0,10153.7,0.223242,148186518,0000000.0000,0000000.0,17439.84,0.296332,63923.0,0.2573,2033-06-01
NK225E    ,OOP,203306,56750.0,            ,138186718,0000000.0000,0000000.0,10272.32,0.223091,148186718,0000000.0000,0000000.0,17333.77,0.295913,63923.0,0.2573,2033-06-01
NK225E    ,OOP,203306,57000.0,            ,188187018,0000000.0000,0000000.0,10391.59,0.222929,198187018,0000000.0000,0000000.0,17228.34,0.295487,63923.0,0.2573,2033-06-01
NK225E    ,OOP,203306,57250.0,            ,138187218,0000000.0000,0000000.0,10512.94,0.22285,148187218,0000000.0000,0000000.0,17124.99,0.29515,63923.0,0.2573,2033-06-01
NK225E    ,OOP,203306,57500.0,            ,138187518,0000000.0000,0000000.0,10634.88,0.222665,148187518,0000000.0000,0000000.0,17022.24,0.294806,63923.0,0.2573,2033-06-01
NK225E    ,OOP,203306,57750.0,            ,138187718,0000000.0000,0000000.0,10757.43,0.222562,148187718,0000000.0000,0000000.0,16920.08,0.29436,63923.0,0.2573,2033-06-01
NK225E    ,OOP,203306,58000.0,            ,188188018,0000000.0000,0000000.0,10880.57,0.222448,198188018,0000000.0000,0000000.0,16818.53,0.294001,63923.0,0.2573,2033-06-01
NK225E    ,OOP,203306,58250.0,            ,138188218,0000000.0000,0000000.0,11005.53,0.222322,148188218,0000000.0000,0000000.0,16718.79,0.293731,63923.0,0.2573,2033-06-01
NK225E    ,OOP,203306,58500.0,            ,138188518,0000000.0000,0000000.0,11131.15,0.222184,148188518,0000000.0000,0000000.0,16619.72,0.293358,63923.0,0.2573,2033-06-01
NK225E    ,OOP,203306,58750.0,            ,138188718,0000000.0000,0000000.0,11257.31,0.222128,148188718,0000000.0000,0000000.0,16521.18,0.292978,63923.0,0.2573,2033-06-01
NK225E    ,OOP,203306,59000.0,            ,188189018,0000000.0000,0000000.0,11384.11,0.221968,198189018,0000000.0000,0000000.0,16423.28,0.292686,63923.0,0.2573,2033-06-01
NK225E    ,OOP,203306,59250.0,            ,138189218,0000000.0000,0000000.0,11512.43,0.221888,148189218,0000000.0000,0000000.0,16326.9,0.292386,63923.0,0.2573,2033-06-01
NK225E    ,OOP,203306,59500.0,            ,138189518,0000000.0000,0000000.0,11641.39,0.221797,148189518,0000000.0000,0000000.0,16231.17,0.292078,63923.0,0.2573,2033-06-01
NK225E    ,OOP,203306,59750.0,            ,138189718,0000000.0000,0000000.0,11770.94,0.221695,148189718,0000000.0000,0000000.0,16136.02,0.291764,63923.0,0.2573,2033-06-01
NK225E    ,OOP,203306,60000.0,            ,188180018,0000000.0000,0000000.0,11901.08,0.221582,198180018,0000000.0000,0000000.0,16041.46,0.291535,63923.0,0.2573,2033-06-01
NK225E    ,OOP,203306,60250.0,            ,138180218,0000000.0000,0000000.0,12032.51,0.221549,148180218,0000000.0000,0000000.0,15948.19,0.291206,63923.0,0.2573,2033-06-01
NK225E    ,OOP,203306,60500.0,            ,138180518,0000000.0000,0000000.0,12164.58,0.221504,148180518,0000000.0000,0000000.0,15855.56,0.290963,63923.0,0.2573,2033-06-01
NK225E    ,OOP,203306,60750.0,            ,138180718,0000000.0000,0000000.0,12297.23,0.221358,148180718,0000000.0000,0000000.0,15763.52,0.290712,63923.0,0.2573,2033-06-01
NK225E    ,OOP,203306,61000.0,            ,188181018,0000000.0000,0000000.0,12430.45,0.221291,198181018,0000000.0000,0000000.0,15672.04,0.290453,63923.0,0.2573,2033-06-01
NK225E    ,OOP,203306,61250.0,            ,138181218,0000000.0000,0000000.0,12564.69,0.221213,148181218,0000000.0000,0000000.0,15581.59,0.290188,63923.0,0.2573,2033-06-01
NK225E    ,OOP,203306,61500.0,            ,138181518,0000000.0000,0000000.0,12699.56,0.221214,148181518,0000000.0000,0000000.0,15491.76,0.289915,63923.0,0.2573,2033-06-01
NK225E    ,OOP,203306,61750.0,            ,138181718,0000000.0000,0000000.0,12834.95,0.221115,148181718,0000000.0000,0000000.0,15402.45,0.289636,63923.0,0.2573,2033-06-01
NK225E    ,OOP,203306,62000.0,            ,188182018,0000000.0000,0000000.0,12970.95,0.221005,198182018,0000000.0000,0000000.0,15313.75,0.28944,63923.0,0.2573,2033-06-01
NK225E    ,OOP,203306,62250.0,            ,138182218,0000000.0000,0000000.0,13107.68,0.220974,148182218,0000000.0000,0000000.0,15225.79,0.289237,63923.0,0.2573,2033-06-01
NK225E    ,OOP,203306,62500.0,            ,138182518,0000000.0000,0000000.0,13245.03,0.220932,148182518,0000000.0000,0000000.0,15138.44,0.288936,63923.0,0.2573,2033-06-01
NK225E    ,OOP,203306,62750.0,            ,138182718,0000000.0000,0000000.0,13382.88,0.220791,148182718,0000000.0000,0000000.0,15051.6,0.288718,63923.0,0.2573,2033-06-01
NK225E    ,OOP,203306,63000.0,            ,138303018,0000000.0000,0000000.0,13521.34,0.220728,148303018,0000000.0000,0000000.0,14965.36,0.288494,63923.0,0.2573,2033-06-01
NK225E    ,OOP,203306,63250.0,            ,138183218,0000000.0000,0000000.0,13660.3,0.220655,148183218,0000000.0000,0000000.0,14879.62,0.288262,63923.0,0.2573,2033-06-01
NK225E    ,OOP,203306,63500.0,            ,138183518,0000000.0000,0000000.0,13799.8,0.220659,148183518,0000000.0000,0000000.0,14794.42,0.288114,63923.0,0.2573,2033-06-01
NK225E    ,OOP,203306,63750.0,            ,188183718,0000000.0000,0000000.0,13939.84,0.220565,198183718,0000000.0000,0000000.0,14709.76,0.287868,63923.0,0.2573,2033-06-01
NK225E    ,OOP,203306,64000.0,            ,138304018,0000000.0000,0000000.0,14080.48,0.220462,148304018,0000000.0000,0000000.0,14625.7,0.287615,63923.0,0.2573,2033-06-01
NK225E    ,OOP,203306,64250.0,            ,188184218,0000000.0000,0000000.0,14221.31,0.220435,198184218,0000000.0000,0000000.0,14541.84,0.287445,63923.0,0.2573,2033-06-01
NK225E    ,OOP,203306,64500.0,            ,188184518,0000000.0000,0000000.0,14362.73,0.220312,198184518,0000000.0000,0000000.0,14458.57,0.287179,63923.0,0.2573,2033-06-01
NK225E    ,OOP,203306,64750.0,            ,188184718,0000000.0000,0000000.0,14504.69,0.220266,198184718,0000000.0000,0000000.0,14375.82,0.286995,63923.0,0.2573,2033-06-01
NK225E    ,OOP,203306,65000.0,            ,138305018,0000000.0000,0000000.0,14647.16,0.220209,148305018,0000000.0000,0000000.0,14293.6,0.286804,63923.0,0.2573,2033-06-01
NK225E    ,OOP,203306,65250.0,            ,188185218,0000000.0000,0000000.0,14789.59,0.220057,198185218,0000000.0000,0000000.0,14211.33,0.286606,63923.0,0.2573,2033-06-01
NK225E    ,OOP,203306,65500.0,            ,188185518,0000000.0000,0000000.0,14932.59,0.219982,198185518,0000000.0000,0000000.0,14129.63,0.286401,63923.0,0.2573,2033-06-01
NK225E    ,OOP,203306,65750.0,            ,188185718,0000000.0000,0000000.0,15076.1,0.219897,198185718,0000000.0000,0000000.0,14048.45,0.28619,63923.0,0.2573,2033-06-01
NK225E    ,OOP,203306,66000.0,            ,138306018,0000000.0000,0000000.0,15220.13,0.219803,148306018,0000000.0000,0000000.0,13967.78,0.285971,63923.0,0.2573,2033-06-01
NK225E    ,OOP,203306,66250.0,            ,188186218,0000000.0000,0000000.0,15363.91,0.219699,198186218,0000000.0000,0000000.0,13886.86,0.285747,63923.0,0.2573,2033-06-01
NK225E    ,OOP,203306,66500.0,            ,188186518,0000000.0000,0000000.0,15508.25,0.219671,198186518,0000000.0000,0000000.0,13806.51,0.285515,63923.0,0.2573,2033-06-01
NK225E    ,OOP,203306,66750.0,            ,188186718,0000000.0000,0000000.0,15653.09,0.219549,198186718,0000000.0000,0000000.0,13726.65,0.285365,63923.0,0.2573,2033-06-01
NK225E    ,OOP,203306,67000.0,            ,138307018,0000000.0000,0000000.0,15798.43,0.219418,148307018,0000000.0000,0000000.0,13647.29,0.28512,63923.0,0.2573,2033-06-01
NK225E    ,OOP,203306,67250.0,            ,188187218,0000000.0000,0000000.0,15943.33,0.219362,198187218,0000000.0000,0000000.0,13567.5,0.284869,63923.0,0.2573,2033-06-01
NK225E    ,OOP,203306,67500.0,            ,188187518,0000000.0000,0000000.0,16088.72,0.219213,198187518,0000000.0000,0000000.0,13488.19,0.284699,63923.0,0.2573,2033-06-01
NK225E    ,OOP,203306,67750.0,            ,188187718,0000000.0000,0000000.0,16234.6,0.219054,198187718,0000000.0000,0000000.0,13409.36,0.284435,63923.0,0.2573,2033-06-01
NK225E    ,OOP,203306,68000.0,            ,138308018,0000000.0000,0000000.0,16381.01,0.218972,148308018,0000000.0000,0000000.0,13331.08,0.284252,63923.0,0.2573,2033-06-01
NK225E    ,OOP,203306,68250.0,            ,188188218,0000000.0000,0000000.0,16526.79,0.218796,198188218,0000000.0000,0000000.0,13252.17,0.283975,63923.0,0.2573,2033-06-01
NK225E    ,OOP,203306,68500.0,            ,188188518,0000000.0000,0000000.0,16673.05,0.218696,198188518,0000000.0000,0000000.0,13173.73,0.28378,63923.0,0.2573,2033-06-01
NK225E    ,OOP,203306,68750.0,            ,188188718,0000000.0000,0000000.0,16819.78,0.218587,198188718,0000000.0000,0000000.0,13095.76,0.283577,63923.0,0.2573,2033-06-01
NK225E    ,OOP,203306,69000.0,            ,138309018,0000000.0000,0000000.0,16967.03,0.218385,148309018,0000000.0000,0000000.0,13018.31,0.283369,63923.0,0.2573,2033-06-01
NK225E    ,OOP,203306,69250.0,            ,188189218,0000000.0000,0000000.0,17113.46,0.218258,198189218,0000000.0000,0000000.0,12940.04,0.283067,63923.0,0.2573,2033-06-01
NK225E    ,OOP,203306,69500.0,            ,188189518,0000000.0000,0000000.0,17260.4,0.218124,198189518,0000000.0000,0000000.0,12862.29,0.282846,63923.0,0.2573,2033-06-01
NK225E    ,OOP,203306,69750.0,            ,188189718,0000000.0000,0000000.0,17407.8,0.217896,198189718,0000000.0000,0000000.0,12784.99,0.282619,63923.0,0.2573,2033-06-01
NK225E    ,OOP,203306,70000.0,            ,138300018,0000000.0000,0000000.0,17555.66,0.217744,148300018,0000000.0000,0000000.0,12708.16,0.282386,63923.0,0.2573,2033-06-01
NK225E    ,OOP,203306,70250.0,            ,188180218,0000000.0000,0000000.0,17702.67,0.217584,198180218,0000000.0000,0000000.0,12630.47,0.282146,63923.0,0.2573,2033-06-01
NK225E    ,OOP,203306,70500.0,            ,188180518,0000000.0000,0000000.0,17850.13,0.217416,198180518,0000000.0000,0000000.0,12553.23,0.281815,63923.0,0.2573,2033-06-01
NK225E    ,OOP,203306,70750.0,            ,188180718,0000000.0000,0000000.0,17998.04,0.217239,198180718,0000000.0000,0000000.0,12476.44,0.281564,63923.0,0.2573,2033-06-01
NK225E    ,OOP,203306,71000.0,            ,138301018,0000000.0000,0000000.0,18146.38,0.217054,148301018,0000000.0000,0000000.0,12400.09,0.281306,63923.0,0.2573,2033-06-01
NK225E    ,OOP,203306,71250.0,            ,188181218,0000000.0000,0000000.0,18293.8,0.216861,198181218,0000000.0000,0000000.0,12322.81,0.281043,63923.0,0.2573,2033-06-01
NK225E    ,OOP,203306,71500.0,            ,188181518,0000000.0000,0000000.0,18441.66,0.216576,198181518,0000000.0000,0000000.0,12245.97,0.280774,63923.0,0.2573,2033-06-01
NK225E    ,OOP,203306,71750.0,            ,188181718,0000000.0000,0000000.0,18589.95,0.216366,198181718,0000000.0000,0000000.0,12169.57,0.280499,63923.0,0.2573,2033-06-01
NK225E    ,OOP,203306,72000.0,            ,138302018,0000000.0000,0000000.0,18738.68,0.216149,148302018,0000000.0000,0000000.0,12093.59,0.280218,63923.0,0.2573,2033-06-01
NK225E    ,OOP,203306,72250.0,            ,188182218,0000000.0000,0000000.0,18886.46,0.215923,198182218,0000000.0000,0000000.0,12016.68,0.279932,63923.0,0.2573,2033-06-01
NK225E    ,OOP,203306,72500.0,            ,188182518,0000000.0000,0000000.0,19034.67,0.21569,198182518,0000000.0000,0000000.0,11940.19,0.279639,63923.0,0.2573,2033-06-01
NK225E    ,OOP,203306,72750.0,            ,188182718,0000000.0000,0000000.0,19183.3,0.215448,198182718,0000000.0000,0000000.0,11864.12,0.279341,63923.0,0.2573,2033-06-01
NK225E    ,OOP,203306,73000.0,            ,188303018,0000000.0000,0000000.0,19332.35,0.215199,198303018,0000000.0000,0000000.0,11788.48,0.279122,63923.0,0.2573,2033-06-01
NK225E    ,OOP,203306,73250.0,            ,188183218,0000000.0000,0000000.0,19480.45,0.214941,198183218,0000000.0000,0000000.0,11711.88,0.278813,63923.0,0.2573,2033-06-01
NK225E    ,OOP,203306,73500.0,            ,188183518,0000000.0000,0000000.0,19629.02,0.214676,198183518,0000000.0000,0000000.0,11635.76,0.278498,63923.0,0.2573,2033-06-01
NK225E    ,OOP,203306,73750.0,            ,138303718,0000000.0000,0000000.0,19777.95,0.214403,148303718,0000000.0000,0000000.0,11559.99,0.278177,63923.0,0.2573,2033-06-01
NK225E    ,OOP,203306,74000.0,            ,188304018,0000000.0000,0000000.0,19927.35,0.214205,198304018,0000000.0000,0000000.0,11484.69,0.277851,63923.0,0.2573,2033-06-01
NK225E    ,OOP,203306,74250.0,            ,138304218,0000000.0000,0000000.0,20075.84,0.213917,148304218,0000000.0000,0000000.0,11408.48,0.277519,63923.0,0.2573,2033-06-01
NK225E    ,OOP,203306,74500.0,            ,138304518,0000000.0000,0000000.0,20224.8,0.21362,148304518,0000000.0000,0000000.0,11332.74,0.277182,63923.0,0.2573,2033-06-01
NK225E    ,OOP,203306,74750.0,            ,138304718,0000000.0000,0000000.0,20374.1,0.213316,148304718,0000000.0000,0000000.0,11257.35,0.27684,63923.0,0.2573,2033-06-01
NK225E    ,OOP,203306,75000.0,            ,188305018,0000000.0000,0000000.0,20523.87,0.213004,198305018,0000000.0000,0000000.0,11182.42,0.276576,63923.0,0.2573,2033-06-01
NK225E    ,OOP,203306,75250.0,            ,138305218,0000000.0000,0000000.0,20672.83,0.212685,148305218,0000000.0000,0000000.0,11106.69,0.276222,63923.0,0.2573,2033-06-01
NK225E    ,OOP,203306,75500.0,            ,138305518,0000000.0000,0000000.0,20822.26,0.212357,148305518,0000000.0000,0000000.0,11031.42,0.275863,63923.0,0.2573,2033-06-01
NK225E    ,OOP,203306,75750.0,            ,138305718,0000000.0000,0000000.0,20972.03,0.212106,148305718,0000000.0000,0000000.0,10956.48,0.275498,63923.0,0.2573,2033-06-01
NK225E    ,OOP,203306,76000.0,            ,188306018,0000000.0000,0000000.0,21122.25,0.211763,198306018,0000000.0000,0000000.0,10882.01,0.275213,63923.0,0.2573,2033-06-01
NK225E    ,OOP,203306,76250.0,            ,138306218,0000000.0000,0000000.0,21271.18,0.211413,148306218,0000000.0000,0000000.0,10806.24,0.274837,63923.0,0.2573,2033-06-01
NK225E    ,OOP,203306,80000.0,            ,188300018,0000000.0000,0000000.0,23552.01,0.206156,198300018,0000000.0000,0000000.0,9716.62,0.269491,63923.0,0.2573,2033-06-01
NK225E    ,OOP,203312,35000.0,            ,138125018,0000000.0000,0000000.0,4088.61,0.28093,148125018,0000000.0000,0000000.0,30581.5,0.411917,63923.0,0.2573,2033-12-01
NK225E    ,OOP,203312,36000.0,            ,138126018,0000000.0000,0000000.0,4275.14,0.276615,148126018,0000000.0000,0000000.0,29876.31,0.403543,63923.0,0.2573,2033-12-01
NK225E    ,OOP,203312,37000.0,            ,138127018,0000000.0000,0000000.0,4459.97,0.272105,148127018,0000000.0000,0000000.0,29169.43,0.395222,63923.0,0.2573,2033-12-01
NK225E    ,OOP,203312,38000.0,            ,138128018,0000000.0000,0000000.0,4645.68,0.267568,148128018,0000000.0000,0000000.0,28463.42,0.387227,63923.0,0.2573,2033-12-01
NK225E    ,OOP,203312,39000.0,            ,138129018,0000000.0000,0000000.0,4834.78,0.263006,148129018,0000000.0000,0000000.0,27760.8,0.379399,63923.0,0.2573,2033-12-01
NK225E    ,OOP,203312,40000.0,            ,138120018,0000000.0000,0000000.0,5029.78,0.2587,148120018,0000000.0000,0000000.0,27064.08,0.371856,63923.0,0.2573,2033-12-01
NK225E    ,OOP,203312,41000.0,            ,138121018,0000000.0000,0000000.0,5233.12,0.254491,148121018,0000000.0000,0000000.0,26375.7,0.364705,63923.0,0.2573,2033-12-01
NK225E    ,OOP,203312,42000.0,            ,138122018,0000000.0000,0000000.0,5447.06,0.250501,148122018,0000000.0000,0000000.0,25697.93,0.357793,63923.0,0.2573,2033-12-01
NK225E    ,OOP,203312,43000.0,            ,138123018,0000000.0000,0000000.0,5673.77,0.246709,148123018,0000000.0000,0000000.0,25032.91,0.351348,63923.0,0.2573,2033-12-01
NK225E    ,OOP,203312,44000.0,            ,138124018,0000000.0000,0000000.0,5915.13,0.243222,148124018,0000000.0000,0000000.0,24382.55,0.345335,63923.0,0.2573,2033-12-01
NK225E    ,OOP,203312,45000.0,            ,188125018,0000000.0000,0000000.0,6173.03,0.240012,198125018,0000000.0000,0000000.0,23748.74,0.339727,63923.0,0.2573,2033-12-01
NK225E    ,OOP,203312,45250.0,            ,138125218,0000000.0000,0000000.0,6241.49,0.239283,148125218,0000000.0000,0000000.0,23594.27,0.33836,63923.0,0.2573,2033-12-01
NK225E    ,OOP,203312,45500.0,            ,138125518,0000000.0000,0000000.0,6310.28,0.238548,148125518,0000000.0000,0000000.0,23440.13,0.337109,63923.0,0.2573,2033-12-01
NK225E    ,OOP,203312,45750.0,            ,138125718,0000000.0000,0000000.0,6379.4,0.237805,148125718,0000000.0000,0000000.0,23286.32,0.335745,63923.0,0.2573,2033-12-01
NK225E    ,OOP,203312,46000.0,            ,188126018,0000000.0000,0000000.0,6448.85,0.237172,198126018,0000000.0000,0000000.0,23132.83,0.334497,63923.0,0.2573,2033-12-01
NK225E    ,OOP,203312,46250.0,            ,138126218,0000000.0000,0000000.0,6522.04,0.23653,148126218,0000000.0000,0000000.0,22983.09,0.333249,63923.0,0.2573,2033-12-01
NK225E    ,OOP,203312,46500.0,            ,138126518,0000000.0000,0000000.0,6595.55,0.235881,148126518,0000000.0000,0000000.0,22833.68,0.332114,63923.0,0.2573,2033-12-01
NK225E    ,OOP,203312,46750.0,            ,138126718,0000000.0000,0000000.0,6669.53,0.235223,148126718,0000000.0000,0000000.0,22684.73,0.330867,63923.0,0.2573,2033-12-01
NK225E    ,OOP,203312,47000.0,            ,188127018,0000000.0000,0000000.0,6743.84,0.234558,198127018,0000000.0000,0000000.0,22536.11,0.329731,63923.0,0.2573,2033-12-01
NK225E    ,OOP,203312,47250.0,            ,138127218,0000000.0000,0000000.0,6822.01,0.233997,148127218,0000000.0000,0000000.0,22391.35,0.328595,63923.0,0.2573,2033-12-01
NK225E    ,OOP,203312,47500.0,            ,138127518,0000000.0000,0000000.0,6900.7,0.233428,148127518,0000000.0000,0000000.0,22247.11,0.327458,63923.0,0.2573,2033-12-01
NK225E    ,OOP,203312,47750.0,            ,138127718,0000000.0000,0000000.0,6979.7,0.23285,148127718,0000000.0000,0000000.0,22103.18,0.326431,63923.0,0.2573,2033-12-01
NK225E    ,OOP,203312,48000.0,            ,188128018,0000000.0000,0000000.0,7059.17,0.232263,198128018,0000000.0000,0000000.0,21959.72,0.325292,63923.0,0.2573,2033-12-01
NK225E    ,OOP,203312,48250.0,            ,138128218,0000000.0000,0000000.0,7142.45,0.231777,148128218,0000000.0000,0000000.0,21820.07,0.324371,63923.0,0.2573,2033-12-01
NK225E    ,OOP,203312,48500.0,            ,138128518,0000000.0000,0000000.0,7226.28,0.231281,148128518,0000000.0000,0000000.0,21680.97,0.323338,63923.0,0.2573,2033-12-01
NK225E    ,OOP,203312,48750.0,            ,138128718,0000000.0000,0000000.0,7310.61,0.230776,148128718,0000000.0000,0000000.0,21542.37,0.322304,63923.0,0.2573,2033-12-01
NK225E    ,OOP,203312,49000.0,            ,188129018,0000000.0000,0000000.0,7395.35,0.230261,198129018,0000000.0000,0000000.0,21404.18,0.321375,63923.0,0.2573,2033-12-01
NK225E    ,OOP,203312,49250.0,            ,138129218,0000000.0000,0000000.0,7483.97,0.229844,148129218,0000000.0000,0000000.0,21269.87,0.320444,63923.0,0.2573,2033-12-01
NK225E    ,OOP,203312,49500.0,            ,138129518,0000000.0000,0000000.0,7573.09,0.229417,148129518,0000000.0000,0000000.0,21136.06,0.319616,63923.0,0.2573,2033-12-01
NK225E    ,OOP,203312,49750.0,            ,138129718,0000000.0000,0000000.0,7662.69,0.228979,148129718,0000000.0000,0000000.0,21002.73,0.318679,63923.0,0.2573,2033-12-01
NK225E    ,OOP,203312,50000.0,            ,188120018,0000000.0000,0000000.0,7752.78,0.228532,198120018,0000000.0000,0000000.0,20869.9,0.317844,63923.0,0.2573,2033-12-01
NK225E    ,OOP,203312,50250.0,            ,138120218,0000000.0000,0000000.0,7846.68,0.228179,148120218,0000000.0000,0000000.0,20740.87,0.317006,63923.0,0.2573,2033-12-01
NK225E    ,OOP,203312,50500.0,            ,138120518,0000000.0000,0000000.0,7941.15,0.227815,148120518,0000000.0000,0000000.0,20612.4,0.316269,63923.0,0.2573,2033-12-01
NK225E    ,OOP,203312,50750.0,            ,138120718,0000000.0000,0000000.0,8036.09,0.227441,148120718,0000000.0000,0000000.0,20484.42,0.315423,63923.0,0.2573,2033-12-01
NK225E    ,OOP,203312,51000.0,            ,188121018,0000000.0000,0000000.0,8131.6,0.227056,198121018,0000000.0000,0000000.0,20357.0,0.314678,63923.0,0.2573,2033-12-01
NK225E    ,OOP,203312,51250.0,            ,138121218,0000000.0000,0000000.0,8230.73,0.226764,148121218,0000000.0000,0000000.0,20233.19,0.313928,63923.0,0.2573,2033-12-01
NK225E    ,OOP,203312,51500.0,            ,138121518,0000000.0000,0000000.0,8330.45,0.226459,148121518,0000000.0000,0000000.0,20109.98,0.313277,63923.0,0.2573,2033-12-01
NK225E    ,OOP,203312,51750.0,            ,138121718,0000000.0000,0000000.0,8430.71,0.226144,148121718,0000000.0000,0000000.0,19987.32,0.312518,63923.0,0.2573,2033-12-01
NK225E    ,OOP,203312,52000.0,            ,188122018,0000000.0000,0000000.0,8531.53,0.225919,198122018,0000000.0000,0000000.0,19865.21,0.311858,63923.0,0.2573,2033-12-01
NK225E    ,OOP,203312,52250.0,            ,138122218,0000000.0000,0000000.0,8635.79,0.225682,148122218,0000000.0000,0000000.0,19746.54,0.311192,63923.0,0.2573,2033-12-01
NK225E    ,OOP,203312,52500.0,            ,138122518,0000000.0000,0000000.0,8740.67,0.225433,148122518,0000000.0000,0000000.0,19628.49,0.310622,63923.0,0.2573,2033-12-01
NK225E    ,OOP,203312,52750.0,            ,138122718,0000000.0000,0000000.0,8846.07,0.225173,148122718,0000000.0000,0000000.0,19510.96,0.309946,63923.0,0.2573,2033-12-01
NK225E    ,OOP,203312,53000.0,            ,188123018,0000000.0000,0000000.0,8952.09,0.224902,198123018,0000000.0000,0000000.0,19394.05,0.309366,63923.0,0.2573,2033-12-01
NK225E    ,OOP,203312,53250.0,            ,138123218,0000000.0000,0000000.0,9061.28,0.224719,148123218,0000000.0000,0000000.0,19280.31,0.30878,63923.0,0.2573,2033-12-01
NK225E    ,OOP,203312,53500.0,            ,138123518,0000000.0000,0000000.0,9171.1,0.224523,148123518,0000000.0000,0000000.0,19167.2,0.308288,63923.0,0.2573,2033-12-01
NK225E    ,OOP,203312,53750.0,            ,138123718,0000000.0000,0000000.0,9281.5,0.224316,148123718,0000000.0000,0000000.0,19054.67,0.30769,63923.0,0.2573,2033-12-01
NK225E    ,OOP,203312,54000.0,            ,188124018,0000000.0000,0000000.0,9392.49,0.224194,198124018,0000000.0000,0000000.0,18942.73,0.307187,63923.0,0.2573,2033-12-01
NK225E    ,OOP,203312,54250.0,            ,138124218,0000000.0000,0000000.0,9506.33,0.223964,148124218,0000000.0000,0000000.0,18833.65,0.306677,63923.0,0.2573,2033-12-01
NK225E    ,OOP,203312,54500.0,            ,138124518,0000000.0000,0000000.0,9620.83,0.223819,148124518,0000000.0000,0000000.0,18725.21,0.306259,63923.0,0.2573,2033-12-01
NK225E    ,OOP,203312,54750.0,            ,138124718,0000000.0000,0000000.0,9735.92,0.223662,148124718,0000000.0000,0000000.0,18617.37,0.305737,63923.0,0.2573,2033-12-01
NK225E    ,OOP,203312,55000.0,            ,138245018,0000000.0000,0000000.0,9851.6,0.223589,148245018,0000000.0000,0000000.0,18510.12,0.305307,63923.0,0.2573,2033-12-01
NK225E    ,OOP,203312,55250.0,            ,188125218,0000000.0000,0000000.0,9969.82,0.223409,198125218,0000000.0000,0000000.0,18405.41,0.30487,63923.0,0.2573,2033-12-01
NK225E    ,OOP,203312,55500.0,            ,188125518,0000000.0000,0000000.0,10088.69,0.223313,198125518,0000000.0000,0000000.0,18301.35,0.304428,63923.0,0.2573,2033-12-01
NK225E    ,OOP,203312,55750.0,            ,188125718,0000000.0000,0000000.0,10208.11,0.223204,198125718,0000000.0000,0000000.0,18197.84,0.304075,63923.0,0.2573,2033-12-01
NK225E    ,OOP,203312,56000.0,            ,138246018,0000000.0000,0000000.0,10328.18,0.223084,148246018,0000000.0000,0000000.0,18094.98,0.303619,63923.0,0.2573,2033-12-01
NK225E    ,OOP,203312,56250.0,            ,188126218,0000000.0000,0000000.0,10450.39,0.223046,198126218,0000000.0000,0000000.0,17994.26,0.303253,63923.0,0.2573,2033-12-01
NK225E    ,OOP,203312,56500.0,            ,188126518,0000000.0000,0000000.0,10573.25,0.222903,198126518,0000000.0000,0000000.0,17894.2,0.30288,63923.0,0.2573,2033-12-01
NK225E    ,OOP,203312,56750.0,            ,188126718,0000000.0000,0000000.0,10696.71,0.222842,198126718,0000000.0000,0000000.0,17794.73,0.302501,63923.0,0.2573,2033-12-01
NK225E    ,OOP,203312,57000.0,            ,138247018,0000000.0000,0000000.0,10820.77,0.222769,148247018,0000000.0000,0000000.0,17695.86,0.30221,63923.0,0.2573,2033-12-01
NK225E    ,OOP,203312,57250.0,            ,188127218,0000000.0000,0000000.0,10946.62,0.222685,198127218,0000000.0000,0000000.0,17598.77,0.301817,63923.0,0.2573,2033-12-01
NK225E    ,OOP,203312,57500.0,            ,188127518,0000000.0000,0000000.0,11073.06,0.222681,198127518,0000000.0000,0000000.0,17502.28,0.301513,63923.0,0.2573,2033-12-01
NK225E    ,OOP,203312,57750.0,            ,188127718,0000000.0000,0000000.0,11200.09,0.222574,198127718,0000000.0000,0000000.0,17406.39,0.301201,63923.0,0.2573,2033-12-01
NK225E    ,OOP,203312,58000.0,            ,138248018,0000000.0000,0000000.0,11327.71,0.222547,148248018,0000000.0000,0000000.0,17311.08,0.300883,63923.0,0.2573,2033-12-01
NK225E    ,OOP,203312,58250.0,            ,188128218,0000000.0000,0000000.0,11456.69,0.222509,198128218,0000000.0000,0000000.0,17217.13,0.300558,63923.0,0.2573,2033-12-01
NK225E    ,OOP,203312,58500.0,            ,188128518,0000000.0000,0000000.0,11586.31,0.222459,198128518,0000000.0000,0000000.0,17123.82,0.30032,63923.0,0.2573,2033-12-01
NK225E    ,OOP,203312,58750.0,            ,188128718,0000000.0000,0000000.0,11716.46,0.222399,198128718,0000000.0000,0000000.0,17031.04,0.299981,63923.0,0.2573,2033-12-01
NK225E    ,OOP,203312,59000.0,            ,138249018,0000000.0000,0000000.0,11847.25,0.222328,148249018,0000000.0000,0000000.0,16938.9,0.299729,63923.0,0.2573,2033-12-01
NK225E    ,OOP,203312,59250.0,            ,188129218,0000000.0000,0000000.0,11978.95,0.222335,198129218,0000000.0000,0000000.0,16847.67,0.29947,63923.0,0.2573,2033-12-01
NK225E    ,OOP,203312,59500.0,            ,188129518,0000000.0000,0000000.0,12111.28,0.222242,198129518,0000000.0000,0000000.0,16757.07,0.299204,63923.0,0.2573,2033-12-01
NK225E    ,OOP,203312,59750.0,            ,188129718,0000000.0000,0000000.0,12244.13,0.222228,198129718,0000000.0000,0000000.0,16666.99,0.298932,63923.0,0.2573,2033-12-01
NK225E    ,OOP,203312,60000.0,            ,138240018,0000000.0000,0000000.0,12377.61,0.222203,148240018,0000000.0000,0000000.0,16577.54,0.298653,63923.0,0.2573,2033-12-01
NK225E    ,OOP,203312,60250.0,            ,188120218,0000000.0000,0000000.0,12511.59,0.222167,198120218,0000000.0000,0000000.0,16488.59,0.298458,63923.0,0.2573,2033-12-01
NK225E    ,OOP,203312,60500.0,            ,188120518,0000000.0000,0000000.0,12646.14,0.222121,198120518,0000000.0000,0000000.0,16400.21,0.298166,63923.0,0.2573,2033-12-01
NK225E    ,OOP,203312,60750.0,            ,188120718,0000000.0000,0000000.0,12781.25,0.222064,198120718,0000000.0000,0000000.0,16312.39,0.297957,63923.0,0.2573,2033-12-01
NK225E    ,OOP,203312,61000.0,            ,138241018,0000000.0000,0000000.0,12916.96,0.221998,148241018,0000000.0000,0000000.0,16225.18,0.297652,63923.0,0.2573,2033-12-01
NK225E    ,OOP,203312,61250.0,            ,188121218,0000000.0000,0000000.0,13052.78,0.221921,198121218,0000000.0000,0000000.0,16138.06,0.29743,63923.0,0.2573,2033-12-01
NK225E    ,OOP,203312,61500.0,            ,188121518,0000000.0000,0000000.0,13189.15,0.221921,198121518,0000000.0000,0000000.0,16051.5,0.297202,63923.0,0.2573,2033-12-01
NK225E    ,OOP,203312,61750.0,            ,188121718,0000000.0000,0000000.0,13326.05,0.221824,198121718,0000000.0000,0000000.0,15965.48,0.296968,63923.0,0.2573,2033-12-01
NK225E    ,OOP,203312,62000.0,            ,138242018,0000000.0000,0000000.0,13463.56,0.221804,148242018,0000000.0000,0000000.0,15880.05,0.296726,63923.0,0.2573,2033-12-01
NK225E    ,OOP,203312,62250.0,            ,188122218,0000000.0000,0000000.0,13600.74,0.221688,198122218,0000000.0000,0000000.0,15794.31,0.296479,63923.0,0.2573,2033-12-01
NK225E    ,OOP,203312,62500.0,            ,188122518,0000000.0000,0000000.0,13738.51,0.221648,198122518,0000000.0000,0000000.0,15709.15,0.296225,63923.0,0.2573,2033-12-01
NK225E    ,OOP,203312,62750.0,            ,188122718,0000000.0000,0000000.0,13876.81,0.221599,198122718,0000000.0000,0000000.0,15624.51,0.295965,63923.0,0.2573,2033-12-01
NK225E    ,OOP,203312,63000.0,            ,138243018,0000000.0000,0000000.0,14015.63,0.22154,148243018,0000000.0000,0000000.0,15540.4,0.295698,63923.0,0.2573,2033-12-01
NK225E    ,OOP,203312,63250.0,            ,188123218,0000000.0000,0000000.0,14153.87,0.221471,198123218,0000000.0000,0000000.0,15455.71,0.295514,63923.0,0.2573,2033-12-01
NK225E    ,OOP,203312,63500.0,            ,188123518,0000000.0000,0000000.0,14292.62,0.221393,198123518,0000000.0000,0000000.0,15371.54,0.295235,63923.0,0.2573,2033-12-01
NK225E    ,OOP,203312,63750.0,            ,188123718,0000000.0000,0000000.0,14431.88,0.221306,198123718,0000000.0000,0000000.0,15287.87,0.29495,63923.0,0.2573,2033-12-01
NK225E    ,OOP,203312,64000.0,            ,138244018,0000000.0000,0000000.0,14571.65,0.221209,148244018,0000000.0000,0000000.0,15204.71,0.294747,63923.0,0.2573,2033-12-01
NK225E    ,OOP,203312,64250.0,            ,188124218,0000000.0000,0000000.0,14710.52,0.221103,198124218,0000000.0000,0000000.0,15120.65,0.29445,63923.0,0.2573,2033-12-01
NK225E    ,OOP,203312,64500.0,            ,188124518,0000000.0000,0000000.0,14849.95,0.220989,198124518,0000000.0000,0000000.0,15037.15,0.294234,63923.0,0.2573,2033-12-01
NK225E    ,OOP,203312,64750.0,            ,188124718,0000000.0000,0000000.0,14989.81,0.220865,198124718,0000000.0000,0000000.0,14954.08,0.293925,63923.0,0.2573,2033-12-01
NK225E    ,OOP,203312,65000.0,            ,188245018,0000000.0000,0000000.0,15130.21,0.220733,198245018,0000000.0000,0000000.0,14871.55,0.293698,63923.0,0.2573,2033-12-01
NK225E    ,OOP,203312,65250.0,            ,138245218,0000000.0000,0000000.0,15269.46,0.220592,148245218,0000000.0000,0000000.0,14787.87,0.293377,63923.0,0.2573,2033-12-01
NK225E    ,OOP,203312,65500.0,            ,138245518,0000000.0000,0000000.0,15409.24,0.220442,148245518,0000000.0000,0000000.0,14704.72,0.293138,63923.0,0.2573,2033-12-01
NK225E    ,OOP,203312,65750.0,            ,138245718,0000000.0000,0000000.0,15549.44,0.220283,148245718,0000000.0000,0000000.0,14621.99,0.292806,63923.0,0.2573,2033-12-01
NK225E    ,OOP,203312,66000.0,            ,188246018,0000000.0000,0000000.0,15690.17,0.2202,198246018,0000000.0000,0000000.0,14539.79,0.292555,63923.0,0.2573,2033-12-01
NK225E    ,OOP,203312,66250.0,            ,138246218,0000000.0000,0000000.0,15829.54,0.220024,148246218,0000000.0000,0000000.0,14456.23,0.292211,63923.0,0.2573,2033-12-01
NK225E    ,OOP,203312,66500.0,            ,138246518,0000000.0000,0000000.0,15969.42,0.219841,148246518,0000000.0000,0000000.0,14373.18,0.291949,63923.0,0.2573,2033-12-01
NK225E    ,OOP,203312,66750.0,            ,138246718,0000000.0000,0000000.0,16109.77,0.219649,148246718,0000000.0000,0000000.0,14290.6,0.29168,63923.0,0.2573,2033-12-01
NK225E    ,OOP,203312,67000.0,            ,188247018,0000000.0000,0000000.0,16250.57,0.219448,198247018,0000000.0000,0000000.0,14208.47,0.29132,63923.0,0.2573,2033-12-01
NK225E    ,OOP,203312,67250.0,            ,138247218,0000000.0000,0000000.0,16389.98,0.21924,148247218,0000000.0000,0000000.0,14124.95,0.291041,63923.0,0.2573,2033-12-01
NK225E    ,OOP,203312,67500.0,            ,138247518,0000000.0000,0000000.0,16529.83,0.219023,148247518,0000000.0000,0000000.0,14041.87,0.29067,63923.0,0.2573,2033-12-01
NK225E    ,OOP,203312,67750.0,            ,138247718,0000000.0000,0000000.0,16670.13,0.218881,148247718,0000000.0000,0000000.0,13959.24,0.29038,63923.0,0.2573,2033-12-01
NK225E    ,OOP,203312,68000.0,            ,188248018,0000000.0000,0000000.0,16810.87,0.218649,198248018,0000000.0000,0000000.0,13877.05,0.290084,63923.0,0.2573,2033-12-01
NK225E    ,OOP,203312,68250.0,            ,138248218,0000000.0000,0000000.0,16950.19,0.218408,148248218,0000000.0000,0000000.0,13793.44,0.289697,63923.0,0.2573,2033-12-01
NK225E    ,OOP,203312,68500.0,            ,138248518,0000000.0000,0000000.0,17089.94,0.21816,148248518,0000000.0000,0000000.0,13710.27,0.28939,63923.0,0.2573,2033-12-01
NK225E    ,OOP,203312,68750.0,            ,138248718,0000000.0000,0000000.0,17230.13,0.217904,148248718,0000000.0000,0000000.0,13627.52,0.288993,63923.0,0.2573,2033-12-01
NK225E    ,OOP,203312,69000.0,            ,188249018,0000000.0000,0000000.0,17370.8,0.217722,198249018,0000000.0000,0000000.0,13545.27,0.288676,63923.0,0.2573,2033-12-01
NK225E    ,OOP,203312,69250.0,            ,138249218,0000000.0000,0000000.0,17510.09,0.21745,148249218,0000000.0000,0000000.0,13461.63,0.288268,63923.0,0.2573,2033-12-01
NK225E    ,OOP,203312,69500.0,            ,138249518,0000000.0000,0000000.0,17649.86,0.217171,148249518,0000000.0000,0000000.0,13378.47,0.287941,63923.0,0.2573,2033-12-01
NK225E    ,OOP,203312,69750.0,            ,138249718,0000000.0000,0000000.0,17789.99,0.216884,148249718,0000000.0000,0000000.0,13295.67,0.287523,63923.0,0.2573,2033-12-01
NK225E    ,OOP,203312,70000.0,            ,188240018,0000000.0000,0000000.0,17930.6,0.216589,198240018,0000000.0000,0000000.0,13213.35,0.287185,63923.0,0.2573,2033-12-01
NK225E    ,OOP,203312,70250.0,            ,138240218,0000000.0000,0000000.0,18070.05,0.216287,148240218,0000000.0000,0000000.0,13129.86,0.286757,63923.0,0.2573,2033-12-01
NK225E    ,OOP,203312,70500.0,            ,138240518,0000000.0000,0000000.0,18209.96,0.215977,148240518,0000000.0000,0000000.0,13046.85,0.286409,63923.0,0.2573,2033-12-01
NK225E    ,OOP,203312,70750.0,            ,138240718,0000000.0000,0000000.0,18350.23,0.21566,148240718,0000000.0000,0000000.0,12964.19,0.286055,63923.0,0.2573,2033-12-01
NK225E    ,OOP,203312,71000.0,            ,188241018,0000000.0000,0000000.0,18490.96,0.215417,198241018,0000000.0000,0000000.0,12881.99,0.285613,63923.0,0.2573,2033-12-01
NK225E    ,OOP,203312,71250.0,            ,138241218,0000000.0000,0000000.0,18630.83,0.215085,148241218,0000000.0000,0000000.0,12798.92,0.285249,63923.0,0.2573,2033-12-01
NK225E    ,OOP,203312,71500.0,            ,138241518,0000000.0000,0000000.0,18771.09,0.214746,148241518,0000000.0000,0000000.0,12716.26,0.284797,63923.0,0.2573,2033-12-01
NK225E    ,OOP,203312,71750.0,            ,138241718,0000000.0000,0000000.0,18911.75,0.214399,148241718,0000000.0000,0000000.0,12633.99,0.284424,63923.0,0.2573,2033-12-01
NK225E    ,OOP,203312,72000.0,            ,188242018,0000000.0000,0000000.0,19052.87,0.214045,198242018,0000000.0000,0000000.0,12552.18,0.284045,63923.0,0.2573,2033-12-01
NK225E    ,OOP,203312,72250.0,            ,138242218,0000000.0000,0000000.0,19193.54,0.213764,148242218,0000000.0000,0000000.0,12469.92,0.283578,63923.0,0.2573,2033-12-01
NK225E    ,OOP,203312,72500.0,            ,138242518,0000000.0000,0000000.0,19334.66,0.213396,148242518,0000000.0000,0000000.0,12388.11,0.28319,63923.0,0.2573,2033-12-01
NK225E    ,OOP,203312,72750.0,            ,138242718,0000000.0000,0000000.0,19476.17,0.21302,148242718,0000000.0000,0000000.0,12306.69,0.282797,63923.0,0.2573,2033-12-01
NK225E    ,OOP,203312,73000.0,            ,188243018,0000000.0000,0000000.0,19618.08,0.212717,198243018,0000000.0000,0000000.0,12225.67,0.282398,63923.0,0.2573,2033-12-01
NK225E    ,OOP,203312,73250.0,            ,138243218,0000000.0000,0000000.0,19760.13,0.212327,148243218,0000000.0000,0000000.0,12144.79,0.281995,63923.0,0.2573,2033-12-01
NK225E    ,OOP,203312,73500.0,            ,138243518,0000000.0000,0000000.0,19902.63,0.21201,148243518,0000000.0000,0000000.0,12064.37,0.281587,63923.0,0.2573,2033-12-01
NK225E    ,OOP,203312,73750.0,            ,138243718,0000000.0000,0000000.0,20045.53,0.211686,148243718,0000000.0000,0000000.0,11984.33,0.281175,63923.0,0.2573,2033-12-01
NK225E    ,OOP,203312,74000.0,            ,188244018,0000000.0000,0000000.0,20188.8,0.211354,198244018,0000000.0000,0000000.0,11904.68,0.280757,63923.0,0.2573,2033-12-01
NK225E    ,OOP,203312,74250.0,            ,138244218,0000000.0000,0000000.0,20332.96,0.210934,148244218,0000000.0000,0000000.0,11825.9,0.280417,63923.0,0.2573,2033-12-01
NK225E    ,OOP,203312,74500.0,            ,138244518,0000000.0000,0000000.0,20477.5,0.210669,148244518,0000000.0000,0000000.0,11747.52,0.27999,63923.0,0.2573,2033-12-01
NK225E    ,OOP,203312,74750.0,            ,138244718,0000000.0000,0000000.0,20622.43,0.210316,148244718,0000000.0000,0000000.0,11669.51,0.27964,63923.0,0.2573,2033-12-01
NK225E    ,OOP,203312,75000.0,            ,138365018,0000000.0000,0000000.0,20767.79,0.209956,148365018,0000000.0000,0000000.0,11591.95,0.279203,63923.0,0.2573,2033-12-01
NK225E    ,OOP,203312,75250.0,            ,188245218,0000000.0000,0000000.0,20914.9,0.209588,198245218,0000000.0000,0000000.0,11516.13,0.278843,63923.0,0.2573,2033-12-01
NK225E    ,OOP,203312,75500.0,            ,188245518,0000000.0000,0000000.0,21062.39,0.209294,198245518,0000000.0000,0000000.0,11440.68,0.278479,63923.0,0.2573,2033-12-01
NK225E    ,OOP,203312,75750.0,            ,188245718,0000000.0000,0000000.0,21210.26,0.208993,198245718,0000000.0000,0000000.0,11365.62,0.27811,63923.0,0.2573,2033-12-01
NK225E    ,OOP,203312,76000.0,            ,138366018,0000000.0000,0000000.0,21358.5,0.208684,148366018,0000000.0000,0000000.0,11290.94,0.277817,63923.0,0.2573,2033-12-01
NK225E    ,OOP,203312,76250.0,            ,188246218,0000000.0000,0000000.0,21516.39,0.208449,198246218,0000000.0000,0000000.0,11225.9,0.277602,63923.0,0.2573,2033-12-01
NK225E    ,OOP,203312,80000.0,            ,138360018,0000000.0000,0000000.0,23930.27,0.20594,148360018,0000000.0000,0000000.0,10295.84,0.274829,63923.0,0.2573,2033-12-01
NK225E    ,OOP,203406,49000.0,            ,139069018,0000000.0000,0000000.0,7910.46,0.232545,149069018,0000000.0000,0000000.0,21867.13,0.332665,63923.0,0.2573,2034-06-01
NK225E    ,OOP,203406,50000.0,            ,139060018,0000000.0000,0000000.0,8086.76,0.227028,149060018,0000000.0000,0000000.0,21158.72,0.325156,63923.0,0.2573,2034-06-01
NK225E    ,OOP,203406,51000.0,            ,139061018,0000000.0000,0000000.0,8360.32,0.223332,149061018,0000000.0000,0000000.0,20547.59,0.319678,63923.0,0.2573,2034-06-01
NK225E    ,OOP,203406,52000.0,            ,139062018,0000000.0000,0000000.0,8714.42,0.22124,149062018,0000000.0000,0000000.0,20016.98,0.315723,63923.0,0.2573,2034-06-01
NK225E    ,OOP,203406,53000.0,            ,139063018,0000000.0000,0000000.0,9133.49,0.220175,149063018,0000000.0000,0000000.0,19551.35,0.313118,63923.0,0.2573,2034-06-01
NK225E    ,OOP,203406,54000.0,            ,139064018,0000000.0000,0000000.0,9603.18,0.219983,149064018,0000000.0000,0000000.0,19136.34,0.311314,63923.0,0.2573,2034-06-01
NK225E    ,OOP,203406,55000.0,            ,139065018,0000000.0000,0000000.0,10110.64,0.220249,149065018,0000000.0000,0000000.0,18759.09,0.310279,63923.0,0.2573,2034-06-01
NK225E    ,OOP,203406,56000.0,            ,139066018,0000000.0000,0000000.0,10644.47,0.220862,149066018,0000000.0000,0000000.0,18408.22,0.309511,63923.0,0.2573,2034-06-01
NK225E    ,OOP,203406,57000.0,            ,139067018,0000000.0000,0000000.0,11194.88,0.221452,149067018,0000000.0000,0000000.0,18073.93,0.309003,63923.0,0.2573,2034-06-01
NK225E    ,OOP,203406,57500.0,            ,189067518,0000000.0000,0000000.0,11473.09,0.221807,199067518,0000000.0000,0000000.0,17909.78,0.308751,63923.0,0.2573,2034-06-01
NK225E    ,OOP,203406,57750.0,            ,189067718,0000000.0000,0000000.0,11613.17,0.221966,199067718,0000000.0000,0000000.0,17828.68,0.308661,63923.0,0.2573,2034-06-01
NK225E    ,OOP,203406,58000.0,            ,139068018,0000000.0000,0000000.0,11753.88,0.222114,149068018,0000000.0000,0000000.0,17748.22,0.308563,63923.0,0.2573,2034-06-01
NK225E    ,OOP,203406,58250.0,            ,189068218,0000000.0000,0000000.0,11893.21,0.222249,199068218,0000000.0000,0000000.0,17666.38,0.308367,63923.0,0.2573,2034-06-01
NK225E    ,OOP,203406,58500.0,            ,189068518,0000000.0000,0000000.0,12033.16,0.222373,199068518,0000000.0000,0000000.0,17585.15,0.308255,63923.0,0.2573,2034-06-01
NK225E    ,OOP,203406,58750.0,            ,189068718,0000000.0000,0000000.0,12173.73,0.222485,199068718,0000000.0000,0000000.0,17504.54,0.308136,63923.0,0.2573,2034-06-01
NK225E    ,OOP,203406,59000.0,            ,189069018,0000000.0000,0000000.0,12314.96,0.222587,199069018,0000000.0000,0000000.0,17424.59,0.30801,63923.0,0.2573,2034-06-01
NK225E    ,OOP,203406,59250.0,            ,189069218,0000000.0000,0000000.0,12453.72,0.222677,199069218,0000000.0000,0000000.0,17342.18,0.307877,63923.0,0.2573,2034-06-01
NK225E    ,OOP,203406,59500.0,            ,189069518,0000000.0000,0000000.0,12593.07,0.222756,199069518,0000000.0000,0000000.0,17260.36,0.307648,63923.0,0.2573,2034-06-01
NK225E    ,OOP,203406,59750.0,            ,189069718,0000000.0000,0000000.0,12733.0,0.222825,199069718,0000000.0000,0000000.0,17179.11,0.307502,63923.0,0.2573,2034-06-01
NK225E    ,OOP,203406,60000.0,            ,189060018,0000000.0000,0000000.0,12873.51,0.222883,199060018,0000000.0000,0000000.0,17098.44,0.307349,63923.0,0.2573,2034-06-01
NK225E    ,OOP,203406,60250.0,            ,139060218,0000000.0000,0000000.0,13010.85,0.222931,149060218,0000000.0000,0000000.0,17014.61,0.307101,63923.0,0.2573,2034-06-01
NK225E    ,OOP,203406,60500.0,            ,139060518,0000000.0000,0000000.0,13148.8,0.222882,149060518,0000000.0000,0000000.0,16931.38,0.306846,63923.0,0.2573,2034-06-01
NK225E    ,OOP,203406,60750.0,            ,139060718,0000000.0000,0000000.0,13287.29,0.22291,149060718,0000000.0000,0000000.0,16848.7,0.306675,63923.0,0.2573,2034-06-01
NK225E    ,OOP,203406,61000.0,            ,189061018,0000000.0000,0000000.0,13426.33,0.222928,199061018,0000000.0000,0000000.0,16766.56,0.306409,63923.0,0.2573,2034-06-01
NK225E    ,OOP,203406,61250.0,            ,139061218,0000000.0000,0000000.0,13561.89,0.22285,149061218,0000000.0000,0000000.0,16680.94,0.306136,63923.0,0.2573,2034-06-01
NK225E    ,OOP,203406,61500.0,            ,139061518,0000000.0000,0000000.0,13697.97,0.222764,149061518,0000000.0000,0000000.0,16595.85,0.305859,63923.0,0.2573,2034-06-01
NK225E    ,OOP,203406,61750.0,            ,139061718,0000000.0000,0000000.0,13834.56,0.222668,149061718,0000000.0000,0000000.0,16511.26,0.305575,63923.0,0.2573,2034-06-01
NK225E    ,OOP,203406,62000.0,            ,189062018,0000000.0000,0000000.0,13971.71,0.222648,199062018,0000000.0000,0000000.0,16427.24,0.305374,63923.0,0.2573,2034-06-01
NK225E    ,OOP,203406,62250.0,            ,139062218,0000000.0000,0000000.0,14105.33,0.22245,149062218,0000000.0000,0000000.0,16339.68,0.304991,63923.0,0.2573,2034-06-01
NK225E    ,OOP,203406,62500.0,            ,139062518,0000000.0000,0000000.0,14239.49,0.222328,149062518,0000000.0000,0000000.0,16252.66,0.304691,63923.0,0.2573,2034-06-01
NK225E    ,OOP,203406,62750.0,            ,139062718,0000000.0000,0000000.0,14374.07,0.222197,149062718,0000000.0000,0000000.0,16166.06,0.304298,63923.0,0.2573,2034-06-01
NK225E    ,OOP,203406,63000.0,            ,189063018,0000000.0000,0000000.0,14509.18,0.222057,199063018,0000000.0000,0000000.0,16080.0,0.303988,63923.0,0.2573,2034-06-01
NK225E    ,OOP,203406,63250.0,            ,139063218,0000000.0000,0000000.0,14641.05,0.221909,149063218,0000000.0000,0000000.0,15990.69,0.303585,63923.0,0.2573,2034-06-01
NK225E    ,OOP,203406,63500.0,            ,139063518,0000000.0000,0000000.0,14773.43,0.221669,149063518,0000000.0000,0000000.0,15901.9,0.303264,63923.0,0.2573,2034-06-01
NK225E    ,OOP,203406,63750.0,            ,139063718,0000000.0000,0000000.0,14906.26,0.221504,149063718,0000000.0000,0000000.0,15813.56,0.302851,63923.0,0.2573,2034-06-01
NK225E    ,OOP,203406,64000.0,            ,189064018,0000000.0000,0000000.0,15039.55,0.221248,199064018,0000000.0000,0000000.0,15725.67,0.302433,63923.0,0.2573,2034-06-01
NK225E    ,OOP,203406,64250.0,            ,139064218,0000000.0000,0000000.0,15170.13,0.220985,149064218,0000000.0000,0000000.0,15635.07,0.302011,63923.0,0.2573,2034-06-01
NK225E    ,OOP,203406,64500.0,            ,139064518,0000000.0000,0000000.0,15301.14,0.220713,149064518,0000000.0000,0000000.0,15544.91,0.301584,63923.0,0.2573,2034-06-01
NK225E    ,OOP,203406,64750.0,            ,139064718,0000000.0000,0000000.0,15432.59,0.220516,149064718,0000000.0000,0000000.0,15455.18,0.301152,63923.0,0.2573,2034-06-01
NK225E    ,OOP,203406,65000.0,            ,189065018,0000000.0000,0000000.0,15564.47,0.220229,199065018,0000000.0000,0000000.0,15365.88,0.300716,63923.0,0.2573,2034-06-01
NK225E    ,OOP,203406,65250.0,            ,139065218,0000000.0000,0000000.0,15694.31,0.219935,149065218,0000000.0000,0000000.0,15274.55,0.300275,63923.0,0.2573,2034-06-01
NK225E    ,OOP,203406,65500.0,            ,139065518,0000000.0000,0000000.0,15824.57,0.219633,149065518,0000000.0000,0000000.0,15183.64,0.299829,63923.0,0.2573,2034-06-01
NK225E    ,OOP,203406,65750.0,            ,139065718,0000000.0000,0000000.0,15955.25,0.219324,149065718,0000000.0000,0000000.0,15093.14,0.299294,63923.0,0.2573,2034-06-01
NK225E    ,OOP,203406,66000.0,            ,189066018,0000000.0000,0000000.0,16086.35,0.219007,199066018,0000000.0000,0000000.0,15003.06,0.29884,63923.0,0.2573,2034-06-01
NK225E    ,OOP,203406,66250.0,            ,139066218,0000000.0000,0000000.0,16216.16,0.218683,149066218,0000000.0000,0000000.0,14911.69,0.298382,63923.0,0.2573,2034-06-01
NK225E    ,OOP,203406,66500.0,            ,139066518,0000000.0000,0000000.0,16346.44,0.218351,149066518,0000000.0000,0000000.0,14820.8,0.297918,63923.0,0.2573,2034-06-01
NK225E    ,OOP,203406,66750.0,            ,139066718,0000000.0000,0000000.0,16477.12,0.218012,149066718,0000000.0000,0000000.0,14730.31,0.297451,63923.0,0.2573,2034-06-01
NK225E    ,OOP,203406,67000.0,            ,189067018,0000000.0000,0000000.0,16608.21,0.217667,199067018,0000000.0000,0000000.0,14640.22,0.296979,63923.0,0.2573,2034-06-01
NK225E    ,OOP,203406,67250.0,            ,139067218,0000000.0000,0000000.0,16738.85,0.217314,149067218,0000000.0000,0000000.0,14549.68,0.296419,63923.0,0.2573,2034-06-01
NK225E    ,OOP,203406,67500.0,            ,139067518,0000000.0000,0000000.0,16869.89,0.217034,149067518,0000000.0000,0000000.0,14459.54,0.295938,63923.0,0.2573,2034-06-01
NK225E    ,OOP,203406,67750.0,            ,139067718,0000000.0000,0000000.0,17001.32,0.216667,149067718,0000000.0000,0000000.0,14369.8,0.295454,63923.0,0.2573,2034-06-01
NK225E    ,OOP,203406,68000.0,            ,189068018,0000000.0000,0000000.0,17133.21,0.216293,199068018,0000000.0000,0000000.0,14280.52,0.294965,63923.0,0.2573,2034-06-01
NK225E    ,OOP,203406,68250.0,            ,139068218,0000000.0000,0000000.0,17265.44,0.215911,149068218,0000000.0000,0000000.0,14191.57,0.294472,63923.0,0.2573,2034-06-01
NK225E    ,OOP,203406,68500.0,            ,139068518,0000000.0000,0000000.0,17398.12,0.215603,149068518,0000000.0000,0000000.0,14103.08,0.294058,63923.0,0.2573,2034-06-01
NK225E    ,OOP,203406,68750.0,            ,139068718,0000000.0000,0000000.0,17531.2,0.215208,149068718,0000000.0000,0000000.0,14014.97,0.293556,63923.0,0.2573,2034-06-01
NK225E    ,OOP,203406,69000.0,            ,139189018,0000000.0000,0000000.0,17664.66,0.214885,149189018,0000000.0000,0000000.0,13927.27,0.29305,63923.0,0.2573,2034-06-01
NK225E    ,OOP,203406,69250.0,            ,139069218,0000000.0000,0000000.0,17799.32,0.214556,149069218,0000000.0000,0000000.0,13840.75,0.292623,63923.0,0.2573,2034-06-01
NK225E    ,OOP,203406,69500.0,            ,139069518,0000000.0000,0000000.0,17934.38,0.21422,149069518,0000000.0000,0000000.0,13754.63,0.292191,63923.0,0.2573,2034-06-01
NK225E    ,OOP,203406,69750.0,            ,139069718,0000000.0000,0000000.0,18069.82,0.213876,149069718,0000000.0000,0000000.0,13668.89,0.291673,63923.0,0.2573,2034-06-01
NK225E    ,OOP,203406,70000.0,            ,139180018,0000000.0000,0000000.0,18205.71,0.213526,149180018,0000000.0000,0000000.0,13583.61,0.291232,63923.0,0.2573,2034-06-01
NK225E    ,OOP,203406,70250.0,            ,189060218,0000000.0000,0000000.0,18343.42,0.213168,199060218,0000000.0000,0000000.0,13500.14,0.29087,63923.0,0.2573,2034-06-01
NK225E    ,OOP,203406,70500.0,            ,189060518,0000000.0000,0000000.0,18481.52,0.212884,199060518,0000000.0000,0000000.0,13417.07,0.290421,63923.0,0.2573,2034-06-01
NK225E    ,OOP,203406,70750.0,            ,189060718,0000000.0000,0000000.0,18620.01,0.212592,199060718,0000000.0000,0000000.0,13334.38,0.289968,63923.0,0.2573,2034-06-01
NK225E    ,OOP,203406,71000.0,            ,139181018,0000000.0000,0000000.0,18758.95,0.212213,149181018,0000000.0000,0000000.0,13252.14,0.289592,63923.0,0.2573,2034-06-01
NK225E    ,OOP,203406,71250.0,            ,189061218,0000000.0000,0000000.0,18900.21,0.211987,199061218,0000000.0000,0000000.0,13172.23,0.289212,63923.0,0.2573,2034-06-01
NK225E    ,OOP,203406,71500.0,            ,189061518,0000000.0000,0000000.0,19041.85,0.211674,199061518,0000000.0000,0000000.0,13092.7,0.288827,63923.0,0.2573,2034-06-01
NK225E    ,OOP,203406,71750.0,            ,189061718,0000000.0000,0000000.0,19183.89,0.211354,199061718,0000000.0000,0000000.0,13013.56,0.288438,63923.0,0.2573,2034-06-01
NK225E    ,OOP,203406,72000.0,            ,139182018,0000000.0000,0000000.0,19326.31,0.211106,149182018,0000000.0000,0000000.0,12934.8,0.288045,63923.0,0.2573,2034-06-01
NK225E    ,OOP,203406,72250.0,            ,189062218,0000000.0000,0000000.0,19471.31,0.210852,199062218,0000000.0000,0000000.0,12858.62,0.287728,63923.0,0.2573,2034-06-01
NK225E    ,OOP,203406,72500.0,            ,189062518,0000000.0000,0000000.0,19616.75,0.21059,199062518,0000000.0000,0000000.0,12782.89,0.287407,63923.0,0.2573,2034-06-01
NK225E    ,OOP,203406,72750.0,            ,189062718,0000000.0000,0000000.0,19762.52,0.210321,199062718,0000000.0000,0000000.0,12707.48,0.287081,63923.0,0.2573,2034-06-01
NK225E    ,OOP,203406,73000.0,            ,139183018,0000000.0000,0000000.0,19908.74,0.210046,149183018,0000000.0000,0000000.0,12632.52,0.286751,63923.0,0.2573,2034-06-01
NK225E    ,OOP,203406,73250.0,            ,189063218,0000000.0000,0000000.0,20057.41,0.209842,199063218,0000000.0000,0000000.0,12560.02,0.286416,63923.0,0.2573,2034-06-01
NK225E    ,OOP,203406,73500.0,            ,189063518,0000000.0000,0000000.0,20206.46,0.209631,199063518,0000000.0000,0000000.0,12487.9,0.286158,63923.0,0.2573,2034-06-01
NK225E    ,OOP,203406,73750.0,            ,189063718,0000000.0000,0000000.0,20355.9,0.209414,199063718,0000000.0000,0000000.0,12416.16,0.285895,63923.0,0.2573,2034-06-01
NK225E    ,OOP,203406,74000.0,            ,139184018,0000000.0000,0000000.0,20505.77,0.209189,149184018,0000000.0000,0000000.0,12344.86,0.285546,63923.0,0.2573,2034-06-01
NK225E    ,OOP,203406,74250.0,            ,189064218,0000000.0000,0000000.0,20657.61,0.208958,199064218,0000000.0000,0000000.0,12275.51,0.285355,63923.0,0.2573,2034-06-01
NK225E    ,OOP,203406,74500.0,            ,189064518,0000000.0000,0000000.0,20809.88,0.208798,199064518,0000000.0000,0000000.0,12206.61,0.285078,63923.0,0.2573,2034-06-01
NK225E    ,OOP,203406,74750.0,            ,189064718,0000000.0000,0000000.0,20962.53,0.208553,199064718,0000000.0000,0000000.0,12138.08,0.284797,63923.0,0.2573,2034-06-01
NK225E    ,OOP,203406,75000.0,            ,139185018,0000000.0000,0000000.0,21115.55,0.20838,149185018,0000000.0000,0000000.0,12069.93,0.284591,63923.0,0.2573,2034-06-01
NK225E    ,OOP,203406,75250.0,            ,189065218,0000000.0000,0000000.0,21269.7,0.2082,199065218,0000000.0000,0000000.0,12002.91,0.284301,63923.0,0.2573,2034-06-01
NK225E    ,OOP,203406,75500.0,            ,189065518,0000000.0000,0000000.0,21424.29,0.208013,199065518,0000000.0000,0000000.0,11936.32,0.284086,63923.0,0.2573,2034-06-01
NK225E    ,OOP,203406,75750.0,            ,189065718,0000000.0000,0000000.0,21579.18,0.20782,199065718,0000000.0000,0000000.0,11870.04,0.283866,63923.0,0.2573,2034-06-01
NK225E    ,OOP,203406,76000.0,            ,139186018,0000000.0000,0000000.0,21734.51,0.20762,149186018,0000000.0000,0000000.0,11804.18,0.283643,63923.0,0.2573,2034-06-01
NK225E    ,OOP,203406,76250.0,            ,189066218,0000000.0000,0000000.0,21889.56,0.207413,199066218,0000000.0000,0000000.0,11738.06,0.283414,63923.0,0.2573,2034-06-01
NK225E    ,OOP,203406,77000.0,            ,139187018,0000000.0000,0000000.0,22356.96,0.20683,149187018,0000000.0000,0000000.0,11541.93,0.282702,63923.0,0.2573,2034-06-01
NK225E    ,OOP,203406,78000.0,            ,139188018,0000000.0000,0000000.0,22974.96,0.205856,149188018,0000000.0000,0000000.0,11275.23,0.28161,63923.0,0.2573,2034-06-01
NK225E    ,OOP,203406,79000.0,            ,189189018,0000000.0000,0000000.0,23578.12,0.204541,199189018,0000000.0000,0000000.0,10993.69,0.280211,63923.0,0.2573,2034-06-01
NK225MWE  ,OOP,20260918,60500.0,            ,181380526,0000024.0000,0000000.0,23.99,0.404308,191380526,0003470.0000,0000000.0,3444.22,0.455272,63923.0,0.2584,
NK225MWE  ,OOP,20260918,60625.0,            ,181380626,0000028.0000,0000000.0,28.0,0.402765,191380626,0000000.0000,0000000.0,3321.23,0.451395,63923.0,0.2584,
NK225MWE  ,OOP,20260918,60750.0,            ,181380726,0000034.0000,0000000.0,32.39,0.394942,191380726,0000000.0000,0000000.0,3197.84,0.43742,63923.0,0.2584,
NK225MWE  ,OOP,20260918,60875.0,            ,181380826,0000035.0000,0000000.0,34.96,0.388972,191380826,0000000.0000,0000000.0,3075.56,0.423399,63923.0,0.2584,
NK225MWE  ,OOP,20260918,61000.0,            ,181381026,0000036.0000,0000000.0,36.0,0.382274,191381026,0000000.0000,0000000.0,2953.61,0.418062,63923.0,0.2584,
NK225MWE  ,OOP,20260918,61125.0,            ,181381126,0000051.0000,0000000.0,41.23,0.368807,191381126,0000000.0000,0000000.0,2837.02,0.419689,63923.0,0.2584,
NK225MWE  ,OOP,20260918,61250.0,            ,181381226,0000045.0000,0000000.0,45.0,0.372454,191381226,0000000.0000,0000000.0,2713.83,0.404921,63923.0,0.2584,
NK225MWE  ,OOP,20260918,61375.0,            ,181381326,0000059.0000,0000000.0,52.09,0.353067,191381326,0000000.0000,0000000.0,2589.05,0.39008,63923.0,0.2584,
NK225MWE  ,OOP,20260918,61500.0,            ,181381526,0000054.0000,0000000.0,54.0,0.358991,191381526,0000000.0000,0000000.0,2468.06,0.382158,63923.0,0.2584,
NK225MWE  ,OOP,20260918,61625.0,            ,181381626,0000000.0000,0000000.0,67.85,0.338239,191381626,0000000.0000,0000000.0,2351.67,0.373568,63923.0,0.2584,
NK225MWE  ,OOP,20260918,61750.0,            ,181381726,0000081.0000,0000000.0,66.36,0.336968,191381726,0000000.0000,0000000.0,2235.27,0.370406,63923.0,0.2584,
NK225MWE  ,OOP,20260918,61875.0,            ,181381826,0000140.0000,0000000.0,64.66,0.329612,191381826,0000000.0000,0000000.0,2114.81,0.360267,63923.0,0.2584,
NK225MWE  ,OOP,20260918,62000.0,            ,181382026,0000084.0000,0000000.0,84.0,0.337539,191382026,0000000.0000,0000000.0,1994.64,0.34956,63923.0,0.2584,
NK225MWE  ,OOP,20260918,62125.0,            ,181382126,0000124.0000,0000000.0,100.43,0.325794,191382126,0000000.0000,0000000.0,1877.12,0.338294,63923.0,0.2584,
NK225MWE  ,OOP,20260918,62250.0,            ,181382226,0000111.0000,0000000.0,111.0,0.332463,191382226,0000000.0000,0000000.0,1763.91,0.336121,63923.0,0.2584,
NK225MWE  ,OOP,20260918,62375.0,            ,131382326,0000158.0000,0000000.0,121.31,0.31425,141382326,0000000.0000,0000000.0,1655.52,0.332252,63923.0,0.2584,
NK225MWE  ,OOP,20260918,62500.0,            ,131382526,0000140.0000,0000000.0,140.0,0.322867,141382526,0000000.0000,0000000.0,1541.24,0.322715,63923.0,0.2584,
NK225MWE  ,OOP,20260918,62625.0,            ,131382626,0000201.0000,0000000.0,131.58,0.307593,141382626,0000000.0000,0000000.0,1431.77,0.316193,63923.0,0.2584,
NK225MWE  ,OOP,20260918,62750.0,            ,131382726,0000175.0000,0000000.0,174.99,0.312185,141382726,0000000.0000,0000000.0,1327.22,0.312042,63923.0,0.2584,
NK225MWE  ,OOP,20260918,62875.0,            ,131382826,0000233.0000,0000000.0,177.99,0.300748,141382826,0000000.0000,0000000.0,1228.19,0.309695,63923.0,0.2584,
NK225MWE  ,OOP,20260918,63000.0,            ,131383026,0000214.0000,0000000.0,213.99,0.298291,141383026,0001200.0000,0000000.0,1199.99,0.337621,63923.0,0.2584,
NK225MWE  ,OOP,20260918,63125.0,            ,131383126,0000485.0000,0000000.0,254.16,0.287493,141383126,0000800.0000,0000000.0,1029.29,0.299345,63923.0,0.2584,
NK225MWE  ,OOP,20260918,63250.0,            ,131383226,0000370.0000,0000000.0,285.51,0.289268,141383226,0000000.0000,0000000.0,931.91,0.291543,63923.0,0.2584,
NK225MWE  ,OOP,20260918,63375.0,            ,131383326,0000320.0000,0000000.0,320.0,0.293713,141383326,0000695.0000,0000000.0,839.72,0.287815,63923.0,0.2584,
NK225MWE  ,OOP,20260918,63500.0,            ,131383526,0000350.0000,0000000.0,350.0,0.284895,141383526,0000750.0000,0000000.0,749.52,0.28197,63923.0,0.2584,
NK225MWE  ,OOP,20260918,63625.0,            ,131383626,0000000.0000,0000000.0,358.57,0.274152,141383626,0000605.0000,0000000.0,658.81,0.2958,63923.0,0.2584,
NK225MWE  ,OOP,20260918,63750.0,            ,131383726,0000450.0000,0000000.0,450.0,0.282773,141383726,0000655.0000,0000000.0,684.21,0.309377,63923.0,0.2584,
NK225MWE  ,OOP,20260918,63875.0,            ,131383826,0000000.0000,0000000.0,553.02,0.29931,141383826,0000605.0000,0000000.0,605.0,0.307132,63923.0,0.2584,
NK225MWE  ,OOP,20260918,64000.0,            ,131384026,0000535.0000,0000000.0,535.0,0.262995,141384026,0000570.0000,0000000.0,569.99,0.321186,63923.0,0.2584,
NK225MWE  ,OOP,20260918,64125.0,            ,131384126,0000000.0000,0000000.0,670.19,0.293249,141384126,0000485.0000,0000000.0,484.99,0.306464,63923.0,0.2584,
NK225MWE  ,OOP,20260918,64250.0,            ,131384226,0000780.0000,0000000.0,731.69,0.286525,141384226,0000340.0000,0000000.0,423.29,0.299955,63923.0,0.2584,
NK225MWE  ,OOP,20260918,64375.0,            ,131384326,0000000.0000,0000000.0,810.76,0.288192,141384326,0000255.0000,0000000.0,361.04,0.301936,63923.0,0.2584,
NK225MWE  ,OOP,20260918,64500.0,            ,131384526,0000860.0000,0000000.0,844.13,0.290371,141384526,0000350.0000,0000000.0,349.99,0.313073,63923.0,0.2584,
NK225MWE  ,OOP,20260918,64625.0,            ,131384626,0000000.0000,0000000.0,974.47,0.28425,141384626,0000200.0000,0000000.0,274.76,0.297848,63923.0,0.2584,
NK225MWE  ,OOP,20260918,64750.0,            ,131384726,0000000.0000,0000000.0,1070.01,0.287659,141384726,0000150.0000,0000000.0,245.3,0.301865,63923.0,0.2584,
NK225MWE  ,OOP,20260918,64875.0,            ,131384826,0000000.0000,0000000.0,1147.41,0.275447,141384826,0000148.0000,0000000.0,197.71,0.291407,63923.0,0.2584,
NK225MWE  ,OOP,20260918,65000.0,            ,131385026,0000000.0000,0000000.0,1250.69,0.2807,141385026,0000190.0000,0000000.0,190.0,0.301746,63923.0,0.2584,
NK225MWE  ,OOP,20260918,65125.0,            ,131385126,0000000.0000,0000000.0,1343.7,0.272301,141385126,0000106.0000,0000000.0,144.01,0.290817,63923.0,0.2584,
NK225MWE  ,OOP,20260918,65250.0,            ,131385226,0001390.0000,0000000.0,1390.0,0.234525,141385226,0000130.0000,0000000.0,129.99,0.293602,63923.0,0.2584,
NK225MWE  ,OOP,20260918,65375.0,            ,131385326,0000000.0000,0000000.0,1551.67,0.27046,141385326,0000100.0000,0000000.0,105.24,0.289217,63923.0,0.2584,
NK225MWE  ,OOP,20260918,65500.0,            ,131385526,0000000.0000,0000000.0,1665.32,0.2704,141385526,0000092.0000,0000000.0,91.99,0.29283,63923.0,0.2584,
NK225MWE  ,OOP,20260918,65625.0,            ,131385626,0000000.0000,0000000.0,1773.17,0.267526,141385626,0000000.0000,0000000.0,66.99,0.292771,63923.0,0.2584,
NK225MWE  ,OOP,20260918,65750.0,            ,131385726,0000000.0000,0000000.0,1887.63,0.268142,141385726,0000062.0000,0000000.0,61.99,0.290154,63923.0,0.2584,
NK225MWE  ,OOP,20260918,65875.0,            ,131385826,0000000.0000,0000000.0,2003.51,0.266098,141385826,0000000.0000,0000000.0,51.52,0.297957,63923.0,0.2584,
NK225MWE  ,OOP,20260918,66000.0,            ,131386026,0002200.0000,0000000.0,2118.03,0.2603,141386026,0000044.0000,0000000.0,43.99,0.293115,63923.0,0.2584,
NK225MWE  ,OOP,20260918,66125.0,            ,131386126,0000000.0000,0000000.0,2235.32,0.248232,141386126,0000024.0000,0000000.0,32.91,0.296471,63923.0,0.2584,
NK225MWE  ,OOP,20260918,66250.0,            ,131386226,0000000.0000,0000000.0,2354.04,0.243176,141386226,0000021.0000,0000000.0,25.9,0.296308,63923.0,0.2584,
NK225MWE  ,OOP,20260918,66375.0,            ,131386326,0000000.0000,0000000.0,2474.23,0.230532,141386326,0000014.0000,0000000.0,21.73,0.298068,63923.0,0.2584,
NK225MWE  ,OOP,20260918,66500.0,            ,131386526,0000000.0000,0000000.0,2595.17,0.180142,141386526,0000018.0000,0000000.0,18.0,0.28978,63923.0,0.2584,
NK225MWE  ,OOP,20260918,66625.0,            ,131386626,0000000.0000,0000000.0,2717.62,0.01,141386626,0000015.0000,0000000.0,15.0,0.291859,63923.0,0.2584,
NK225MWE  ,OOP,20260918,66750.0,            ,131386726,0000000.0000,0000000.0,2838.59,0.01,141386726,0000011.0000,0000000.0,11.0,0.288173,63923.0,0.2584,
NK225MWE  ,OOP,20260918,66875.0,            ,131386826,0000000.0000,0000000.0,2961.85,0.01,141386826,0000009.0000,0000000.0,8.99,0.2898,63923.0,0.2584,
NK225MWE  ,OOP,20260918,67000.0,            ,131387026,0000000.0000,0000000.0,3084.36,0.01,141387026,0000008.0000,0000000.0,7.99,0.294933,63923.0,0.2584,
NK225MWE  ,OOP,20260918,67125.0,            ,131387126,0000000.0000,0000000.0,3208.43,0.01,141387126,0000007.0000,0000000.0,8.84,0.314883,63923.0,0.2584,
NK225MWE  ,OOP,20260918,67250.0,            ,131387226,0000000.0000,0000000.0,3331.3,0.01,141387226,0000004.0000,0000000.0,4.73,0.314826,63923.0,0.2584,
NK225MWE  ,OOP,20260918,67375.0,            ,131387326,0000000.0000,0000000.0,3454.63,0.01,141387326,0000011.0000,0000000.0,5.05,0.305453,63923.0,0.2584,
NK225MWE  ,OOP,20260918,67500.0,            ,131387526,0000000.0000,0000000.0,3578.32,0.01,141387526,0000003.0000,0000000.0,3.0,0.29559,63923.0,0.2584,
NK225MWE  ,OOP,20260918,67625.0,            ,131387626,0000000.0000,0000000.0,3703.26,0.01,141387626,0000002.0000,0000000.0,3.7,0.311979,63923.0,0.2584,
NK225MWE  ,OOP,20260918,67750.0,            ,131387726,0000000.0000,0000000.0,3828.2,0.01,141387726,0000002.0000,0000000.0,1.81,0.313238,63923.0,0.2584,
NK225MWE  ,OOP,20260918,67875.0,            ,131387826,0000000.0000,0000000.0,3952.42,0.01,141387826,0000001.0000,0000000.0,1.21,0.332936,63923.0,0.2584,
NK225MWE  ,OOP,20260918,68000.0,            ,131388026,0000000.0000,0000000.0,4076.79,0.01,141388026,0000001.0000,0000000.0,1.0,0.29525,63923.0,0.2584,
NK225MWE  ,OOP,20260918,68125.0,            ,131388126,0000000.0000,0000000.0,4201.29,0.01,141388126,0000001.0000,0000000.0,1.75,0.320432,63923.0,0.2584,
NK225MWE  ,OOP,20260918,68250.0,            ,131388226,0000000.0000,0000000.0,4325.89,0.01,141388226,0000001.0000,0000000.0,1.36,0.311034,63923.0,0.2584,
NK225MWE  ,OOP,20260918,68375.0,            ,131388326,0000000.0000,0000000.0,4450.57,0.01,141388326,0000001.0000,0000000.0,1.05,0.318876,63923.0,0.2584,
NK225MWE  ,OOP,20260918,68500.0,            ,131388526,0000000.0000,0000000.0,4575.32,0.01,141388526,0000001.0000,0000000.0,1.0,0.326686,63923.0,0.2584,
NK225MWE  ,OOP,20260918,68625.0,            ,131388626,0000000.0000,0000000.0,4700.13,0.01,141388626,0000001.0000,0000000.0,0.61,0.320432,63923.0,0.2584,
NK225MWE  ,OOP,20260918,68750.0,            ,131388726,0000000.0000,0000000.0,4824.97,0.01,141388726,0000001.0000,0000000.0,0.47,0.320432,63923.0,0.2584,
NK225MWE  ,OOP,20260918,68875.0,            ,131388826,0000000.0000,0000000.0,4949.85,0.01,141388826,0000000.0000,0000000.0,0.35,0.320432,63923.0,0.2584,
NK225MWE  ,OOP,20260918,69000.0,            ,131389026,0000000.0000,0000000.0,5074.76,0.01,141389026,0000001.0000,0000000.0,0.27,0.320432,63923.0,0.2584,
NK225MWE  ,OOP,20260918,69125.0,            ,131389126,0000000.0000,0000000.0,5199.69,0.01,141389126,0000000.0000,0000000.0,0.2,0.320432,63923.0,0.2584,
NK225MWE  ,OOP,20260918,69250.0,            ,131389226,0000000.0000,0000000.0,5324.63,0.01,141389226,0000000.0000,0000000.0,0.15,0.320432,63923.0,0.2584,
NK225MWE  ,OOP,20260918,69375.0,            ,131389326,0000000.0000,0000000.0,5449.58,0.01,141389326,0000000.0000,0000000.0,0.11,0.320432,63923.0,0.2584,
NK225MWE  ,OOP,20260918,69500.0,            ,131389526,0000000.0000,0000000.0,5574.55,0.01,141389526,0000001.0000,0000000.0,0.08,0.320432,63923.0,0.2584,
NK225MWE  ,OOP,20260918,69625.0,            ,131389626,0000000.0000,0000000.0,5699.52,0.01,141389626,0000000.0000,0000000.0,0.06,0.320432,63923.0,0.2584,
NK225MWE  ,OOP,20260918,69750.0,            ,131389726,0000000.0000,0000000.0,5824.5,0.01,141389726,0000000.0000,0000000.0,0.04,0.320432,63923.0,0.2584,
NK225MWE  ,OOP,20260918,69875.0,            ,131389826,0000000.0000,0000000.0,5949.48,0.01,141389826,0000000.0000,0000000.0,0.03,0.320432,63923.0,0.2584,
NK225MWE  ,OOP,20260918,70000.0,            ,131380026,0000000.0000,0000000.0,6074.46,0.01,141380026,0000000.0000,0000000.0,0.02,0.320432,63923.0,0.2584,
NK225MWE  ,OOP,20260918,70125.0,            ,131380126,0000000.0000,0000000.0,6199.45,0.01,141380126,0000000.0000,0000000.0,0.01,0.320432,63923.0,0.2584,
NK225MWE  ,OOP,20260918,70250.0,            ,131380226,0000000.0000,0000000.0,6324.44,0.01,141380226,0000000.0000,0000000.0,0.01,0.320432,63923.0,0.2584,
NK225MWE  ,OOP,20260918,70375.0,            ,131380326,0000000.0000,0000000.0,6449.43,0.01,141380326,0000000.0000,0000000.0,0.0,0.320432,63923.0,0.2584,
NK225MWE  ,OOP,20260918,70500.0,            ,131380526,0000000.0000,0000000.0,6574.42,0.01,141380526,0000001.0000,0000000.0,0.0,0.320432,63923.0,0.2584,
NK225MWE  ,OOP,20260918,70625.0,            ,131380626,0000000.0000,0000000.0,6699.41,0.01,141380626,0000000.0000,0000000.0,0.0,0.320432,63923.0,0.2584,
NK225MWE  ,OOP,20260918,70750.0,            ,131380726,0000000.0000,0000000.0,6824.41,0.01,141380726,0000000.0000,0000000.0,0.0,0.320432,63923.0,0.2584,
NK225MWE  ,OOP,20260918,70875.0,            ,131380826,0000000.0000,0000000.0,6949.4,0.01,141380826,0000000.0000,0000000.0,0.0,0.320432,63923.0,0.2584,
NK225MWE  ,OOP,20260918,71000.0,            ,131381026,0000000.0000,0000000.0,7074.39,0.01,141381026,0000000.0000,0000000.0,0.0,0.320432,63923.0,0.2584,
NK225MWE  ,OOP,20260918,71125.0,            ,131381126,0000000.0000,0000000.0,7199.39,0.01,141381126,0000000.0000,0000000.0,0.0,0.320432,63923.0,0.2584,
NK225MWE  ,OOP,20260918,71250.0,            ,131381226,0000000.0000,0000000.0,7324.38,0.01,141381226,0000000.0000,0000000.0,0.0,0.320432,63923.0,0.2584,
NK225MWE  ,OOP,20260918,71375.0,            ,131381326,0000000.0000,0000000.0,7449.37,0.01,141381326,0000000.0000,0000000.0,0.0,0.320432,63923.0,0.2584,
NK225MWE  ,OOP,20260918,71500.0,            ,131381526,0000000.0000,0000000.0,7574.37,0.01,141381526,0000000.0000,0000000.0,0.0,0.320432,63923.0,0.2584,
NK225MWE  ,OOP,20260918,71625.0,            ,131381626,0000000.0000,0000000.0,7699.36,0.01,141381626,0000000.0000,0000000.0,0.0,0.320432,63923.0,0.2584,
NK225MWE  ,OOP,20260918,71750.0,            ,131381726,0000000.0000,0000000.0,7824.35,0.01,141381726,0000000.0000,0000000.0,0.0,0.320432,63923.0,0.2584,
NK225MWE  ,OOP,20260918,71875.0,            ,131381826,0000000.0000,0000000.0,7949.35,0.01,141381826,0000000.0000,0000000.0,0.0,0.320432,63923.0,0.2584,
NK225MWE  ,OOP,20260918,72000.0,            ,131382026,0000000.0000,0000000.0,8074.34,0.01,141382026,0000000.0000,0000000.0,0.0,0.320432,63923.0,0.2584,
NK225MWE  ,OOP,20260918,72125.0,            ,131382126,0000000.0000,0000000.0,8199.33,0.01,141382126,0000000.0000,0000000.0,0.0,0.320432,63923.0,0.2584,
NK225MWE  ,OOP,20260918,72250.0,            ,131382226,0000000.0000,0000000.0,8324.33,0.01,141382226,0000000.0000,0000000.0,0.0,0.320432,63923.0,0.2584,
NK225MWE  ,OOP,20260925,60500.0,            ,131390526,0000147.0000,0000000.0,146.99,0.28589,141390526,0000000.0000,0000000.0,3577.17,0.295183,63923.0,0.2584,
NK225MWE  ,OOP,20260925,60625.0,            ,131390626,0000000.0000,0000000.0,183.72,0.295625,141390626,0000000.0000,0000000.0,3494.36,0.309244,63923.0,0.2584,
NK225MWE  ,OOP,20260925,60750.0,            ,131390726,0000243.0000,0000000.0,192.9,0.291859,141390726,0000000.0000,0000000.0,3378.57,0.303204,63923.0,0.2584,
NK225MWE  ,OOP,20260925,60875.0,            ,131390826,0000000.0000,0000000.0,202.64,0.2883,141390826,0000000.0000,0000000.0,3263.34,0.299253,63923.0,0.2584,
NK225MWE  ,OOP,20260925,61000.0,            ,131391026,0000200.0000,0000000.0,195.39,0.284462,141391026,0000000.0000,0000000.0,3148.71,0.295049,63923.0,0.2584,
NK225MWE  ,OOP,20260925,61125.0,            ,131391126,0000000.0000,0000000.0,241.44,0.287997,141391126,0000000.0000,0000000.0,3052.2,0.298794,63923.0,0.2584,
NK225MWE  ,OOP,20260925,61250.0,            ,131391226,0000240.0000,0000000.0,246.63,0.281357,141391226,0000000.0000,0000000.0,2932.42,0.291901,63923.0,0.2584,
NK225MWE  ,OOP,20260925,61375.0,            ,131391326,0000260.0000,0000000.0,245.81,0.272174,141391326,0000000.0000,0000000.0,2806.63,0.282938,63923.0,0.2584,
NK225MWE  ,OOP,20260925,61500.0,            ,131391526,0000265.0000,0000000.0,254.69,0.262946,141391526,0000000.0000,0000000.0,2680.3,0.271995,63923.0,0.2584,
NK225MWE  ,OOP,20260925,61625.0,            ,131391626,0000000.0000,0000000.0,250.74,0.262132,141391626,0000000.0000,0000000.0,2561.61,0.266705,63923.0,0.2584,
NK225MWE  ,OOP,20260925,61750.0,            ,131391726,0000305.0000,0000000.0,293.35,0.257109,141391726,0000000.0000,0000000.0,2462.92,0.266601,63923.0,0.2584,
NK225MWE  ,OOP,20260925,61875.0,            ,131391826,0000350.0000,0000000.0,308.4,0.259263,141391826,0000000.0000,0000000.0,2369.33,0.26763,63923.0,0.2584,
NK225MWE  ,OOP,20260925,62000.0,            ,131392026,0000345.0000,0000000.0,345.0,0.263309,141392026,0000000.0000,0000000.0,2277.17,0.269639,63923.0,0.2584,
NK225MWE  ,OOP,20260925,62125.0,            ,131392126,0000395.0000,0000000.0,348.45,0.253444,141392126,0000000.0000,0000000.0,2159.43,0.261282,63923.0,0.2584,
NK225MWE  ,OOP,20260925,62250.0,            ,131392226,0000440.0000,0000000.0,383.51,0.254665,141392226,0000000.0000,0000000.0,2069.52,0.26221,63923.0,0.2584,
NK225MWE  ,OOP,20260925,62375.0,            ,131392326,0000000.0000,0000000.0,418.62,0.255182,141392326,0000000.0000,0000000.0,1979.65,0.262474,63923.0,0.2584,
NK225MWE  ,OOP,20260925,62500.0,            ,131392526,0000540.0000,0000000.0,456.09,0.255048,141392526,0000000.0000,0000000.0,1892.15,0.26212,63923.0,0.2584,
NK225MWE  ,OOP,20260925,62625.0,            ,131392626,0000000.0000,0000000.0,457.95,0.245598,141392626,0000000.0000,0000000.0,1769.04,0.252541,63923.0,0.2584,
NK225MWE  ,OOP,20260925,62750.0,            ,131392726,0000680.0000,0000000.0,569.4,0.265589,141392726,0000000.0000,0000000.0,1755.52,0.272232,63923.0,0.2584,
NK225MWE  ,OOP,20260925,62875.0,            ,131392826,0000000.0000,0000000.0,581.02,0.256592,141392826,0000000.0000,0000000.0,1642.17,0.263127,63923.0,0.2584,
NK225MWE  ,OOP,20260925,63000.0,            ,131393026,0000630.0000,0000000.0,589.67,0.245953,141393026,0000000.0000,0000000.0,1520.28,0.25239,63923.0,0.2584,
NK225MWE  ,OOP,20260925,63125.0,            ,131393126,0000000.0000,0000000.0,584.93,0.233706,141393126,0000000.0000,0000000.0,1396.14,0.240051,63923.0,0.2584,
NK225MWE  ,OOP,20260925,63250.0,            ,131393226,0000695.0000,0000000.0,695.0,0.251321,141393226,0001260.0000,0000000.0,1373.86,0.253605,63923.0,0.2584,
NK225MWE  ,OOP,20260925,63375.0,            ,131393326,0000000.0000,0000000.0,724.76,0.244582,141393326,0001195.0000,0000000.0,1286.03,0.250693,63923.0,0.2584,
NK225MWE  ,OOP,20260925,63500.0,            ,131393526,0000820.0000,0000000.0,784.05,0.239913,141393526,0001140.0000,0000000.0,1200.35,0.245953,63923.0,0.2584,
NK225MWE  ,OOP,20260925,63625.0,            ,131393626,0000000.0000,0000000.0,840.56,0.246052,141393626,0000925.0000,0000000.0,1151.88,0.252028,63923.0,0.2584,
NK225MWE  ,OOP,20260925,63750.0,            ,131393726,0000970.0000,0000000.0,919.89,0.25021,141393726,0000000.0000,0000000.0,1106.23,0.256143,63923.0,0.2584,
NK225MWE  ,OOP,20260925,63875.0,            ,131393826,0000000.0000,0000000.0,1001.87,0.256207,141393826,0000000.0000,0000000.0,1063.25,0.262113,63923.0,0.2584,
NK225MWE  ,OOP,20260925,64000.0,            ,131394026,0001070.0000,0000000.0,1086.36,0.260325,141394026,0000870.0000,0000000.0,1022.76,0.262473,63923.0,0.2584,
NK225MWE  ,OOP,20260925,64125.0,            ,131394126,0000000.0000,0000000.0,1130.55,0.255099,141394126,0000000.0000,0000000.0,941.98,0.260993,63923.0,0.2584,
NK225MWE  ,OOP,20260925,64250.0,            ,131394226,0000000.0000,0000000.0,1202.75,0.256768,141394226,0000000.0000,0000000.0,889.2,0.262677,63923.0,0.2584,
NK225MWE  ,OOP,20260925,64375.0,            ,131394326,0000000.0000,0000000.0,1277.27,0.25659,141394326,0000000.0000,0000000.0,838.75,0.262527,63923.0,0.2584,
NK225MWE  ,OOP,20260925,64500.0,            ,131394526,0000000.0000,0000000.0,1279.49,0.239226,141394526,0000760.0000,0000000.0,759.99,0.252875,63923.0,0.2584,
NK225MWE  ,OOP,20260925,64625.0,            ,131394626,0000000.0000,0000000.0,1398.06,0.249255,141394626,0000705.0000,0000000.0,709.6,0.2553,63923.0,0.2584,
NK225MWE  ,OOP,20260925,64750.0,            ,131394726,0000000.0000,0000000.0,1469.96,0.248451,141394726,0000580.0000,0000000.0,656.53,0.254572,63923.0,0.2584,
NK225MWE  ,OOP,20260925,64875.0,            ,131394826,0000000.0000,0000000.0,1512.74,0.237664,141394826,0000535.0000,0000000.0,574.34,0.243915,63923.0,0.2584,
NK225MWE  ,OOP,20260925,65000.0,            ,131395026,0000000.0000,0000000.0,1634.64,0.247594,141395026,0000495.0000,0000000.0,571.27,0.251215,63923.0,0.2584,
NK225MWE  ,OOP,20260925,65125.0,            ,131395126,0000000.0000,0000000.0,1639.35,0.225191,141395126,0000445.0000,0000000.0,451.0,0.231783,63923.0,0.2584,
NK225MWE  ,OOP,20260925,65250.0,            ,131395226,0000000.0000,0000000.0,1758.96,0.234104,141395226,0000340.0000,0000000.0,445.65,0.240795,63923.0,0.2584,
NK225MWE  ,OOP,20260925,65375.0,            ,131395326,0000000.0000,0000000.0,1876.09,0.241304,141395326,0000000.0000,0000000.0,437.8,0.248108,63923.0,0.2584,
NK225MWE  ,OOP,20260925,65500.0,            ,131395526,0000000.0000,0000000.0,1988.0,0.248223,141395526,0000390.0000,0000000.0,389.99,0.241689,63923.0,0.2584,
NK225MWE  ,OOP,20260925,65625.0,            ,131395626,0000000.0000,0000000.0,2059.25,0.24099,141395626,0000000.0000,0000000.0,371.02,0.248203,63923.0,0.2584,
NK225MWE  ,OOP,20260925,65750.0,            ,131395726,0000000.0000,0000000.0,2139.49,0.23578,141395726,0000250.0000,0000000.0,326.29,0.243317,63923.0,0.2584,
NK225MWE  ,OOP,20260925,65875.0,            ,131395826,0000000.0000,0000000.0,2225.03,0.231157,141395826,0000200.0000,0000000.0,286.85,0.238055,63923.0,0.2584,
NK225MWE  ,OOP,20260925,66000.0,            ,131396026,0000000.0000,0000000.0,2333.34,0.232646,141396026,0000223.0000,0000000.0,270.19,0.241196,63923.0,0.2584,
NK225MWE  ,OOP,20260925,66125.0,            ,131396126,0000000.0000,0000000.0,2440.05,0.235478,141396126,0000000.0000,0000000.0,251.92,0.242863,63923.0,0.2584,
NK225MWE  ,OOP,20260925,66250.0,            ,131396226,0003070.0000,0000000.0,2544.54,0.235973,141396226,0000186.0000,0000000.0,231.44,0.243294,63923.0,0.2584,
NK225MWE  ,OOP,20260925,66375.0,            ,131396326,0000000.0000,0000000.0,2663.2,0.239924,141396326,0000000.0000,0000000.0,225.13,0.249022,63923.0,0.2584,
NK225MWE  ,OOP,20260925,66500.0,            ,131396526,0000000.0000,0000000.0,2759.24,0.235122,141396526,0000190.0000,0000000.0,189.99,0.240678,63923.0,0.2584,
NK225MWE  ,OOP,20260925,66625.0,            ,131396626,0000000.0000,0000000.0,2859.93,0.231322,141396626,0000180.0000,0000000.0,180.0,0.243931,63923.0,0.2584,
NK225MWE  ,OOP,20260925,66750.0,            ,131396726,0000000.0000,0000000.0,2962.75,0.228812,141396726,0000000.0000,0000000.0,149.76,0.239013,63923.0,0.2584,
NK225MWE  ,OOP,20260925,66875.0,            ,131396826,0000000.0000,0000000.0,3067.62,0.225246,141396826,0000000.0000,0000000.0,129.66,0.23629,63923.0,0.2584,
NK225MWE  ,OOP,20260925,67000.0,            ,131397026,0000000.0000,0000000.0,3174.45,0.220362,141397026,0000110.0000,0000000.0,116.02,0.233063,63923.0,0.2584,
NK225MWE  ,OOP,20260925,67125.0,            ,131397126,0000000.0000,0000000.0,3297.59,0.226849,141397126,0000000.0000,0000000.0,109.69,0.239191,63923.0,0.2584,
NK225MWE  ,OOP,20260925,67250.0,            ,131397226,0000000.0000,0000000.0,3420.78,0.230089,141397226,0000085.0000,0000000.0,107.91,0.244664,63923.0,0.2584,
NK225MWE  ,OOP,20260925,67375.0,            ,131397326,0000000.0000,0000000.0,3535.09,0.229639,141397326,0000000.0000,0000000.0,97.24,0.244598,63923.0,0.2584,
NK225MWE  ,OOP,20260925,67500.0,            ,131397526,0000000.0000,0000000.0,3648.26,0.228454,141397526,0000075.0000,0000000.0,74.88,0.243247,63923.0,0.2584,
NK225MWE  ,OOP,20260925,67625.0,            ,131397626,0000000.0000,0000000.0,3771.59,0.230506,141397626,0000000.0000,0000000.0,83.8,0.248112,63923.0,0.2584,
NK225MWE  ,OOP,20260925,67750.0,            ,131397726,0000000.0000,0000000.0,3894.94,0.236405,141397726,0000000.0000,0000000.0,82.18,0.252874,63923.0,0.2584,
NK225MWE  ,OOP,20260925,67875.0,            ,131397826,0000000.0000,0000000.0,4009.35,0.233543,141397826,0000000.0000,0000000.0,71.61,0.251599,63923.0,0.2584,
NK225MWE  ,OOP,20260925,68000.0,            ,131398026,0000000.0000,0000000.0,4120.03,0.223963,141398026,0000039.0000,0000000.0,57.33,0.245258,63923.0,0.2584,
NK225MWE  ,OOP,20260925,68125.0,            ,131398126,0000000.0000,0000000.0,4238.83,0.223421,141398126,0000000.0000,0000000.0,51.15,0.245514,63923.0,0.2584,
NK225MWE  ,OOP,20260925,68250.0,            ,131398226,0000000.0000,0000000.0,4358.22,0.222078,141398226,0000000.0000,0000000.0,45.57,0.245211,63923.0,0.2584,
NK225MWE  ,OOP,20260925,68375.0,            ,131398326,0000000.0000,0000000.0,4478.15,0.219707,141398326,0000000.0000,0000000.0,40.53,0.245357,63923.0,0.2584,
NK225MWE  ,OOP,20260925,68500.0,            ,131398526,0000000.0000,0000000.0,4598.58,0.215928,141398526,0000031.0000,0000000.0,30.94,0.242481,63923.0,0.2584,
NK225MWE  ,OOP,20260925,68625.0,            ,131398626,0000000.0000,0000000.0,4720.51,0.210026,141398626,0000000.0000,0000000.0,32.94,0.24642,63923.0,0.2584,
NK225MWE  ,OOP,20260925,68750.0,            ,131398726,0000000.0000,0000000.0,4842.7,0.200317,141398726,0000000.0000,0000000.0,30.16,0.246414,63923.0,0.2584,
NK225MWE  ,OOP,20260925,68875.0,            ,131398826,0000000.0000,0000000.0,4965.13,0.204754,141398826,0000000.0000,0000000.0,27.62,0.2498,63923.0,0.2584,
NK225MWE  ,OOP,20260925,69000.0,            ,131399026,0000000.0000,0000000.0,5087.78,0.184254,141399026,0000019.0000,0000000.0,18.99,0.238105,63923.0,0.2584,
NK225MWE  ,OOP,20260925,69125.0,            ,131399126,0000000.0000,0000000.0,5209.84,0.188364,141399126,0000000.0000,0000000.0,22.39,0.24913,63923.0,0.2584,
NK225MWE  ,OOP,20260925,69250.0,            ,131399226,0000000.0000,0000000.0,5332.21,0.01,141399226,0000000.0000,0000000.0,19.79,0.251407,63923.0,0.2584,
NK225MWE  ,OOP,20260925,69375.0,            ,131399326,0000000.0000,0000000.0,5454.86,0.01,141399326,0000000.0000,0000000.0,17.46,0.24913,63923.0,0.2584,
NK225MWE  ,OOP,20260930,60500.0,            ,131400527,0000000.0000,0000000.0,356.06,0.285884,141400527,0000000.0000,0000000.0,3446.18,0.293443,63923.0,0.2584,
NK225MWE  ,OOP,20260930,60625.0,            ,131400627,0000000.0000,0000000.0,411.27,0.294715,141400627,0000000.0000,0000000.0,3376.43,0.301874,63923.0,0.2584,
NK225MWE  ,OOP,20260930,60750.0,            ,131400727,0000000.0000,0000000.0,427.3,0.29127,141400727,0000000.0000,0000000.0,3267.5,0.299659,63923.0,0.2584,
NK225MWE  ,OOP,20260930,60875.0,            ,131400827,0000000.0000,0000000.0,444.48,0.287631,141400827,0000000.0000,0000000.0,3159.73,0.295833,63923.0,0.2584,
NK225MWE  ,OOP,20260930,61000.0,            ,131401027,0000000.0000,0000000.0,464.07,0.285157,141401027,0000000.0000,0000000.0,3054.35,0.29316,63923.0,0.2584,
NK225MWE  ,OOP,20260930,61125.0,            ,131401127,0000000.0000,0000000.0,502.27,0.287715,141401127,0000000.0000,0000000.0,2967.6,0.294164,63923.0,0.2584,
NK225MWE  ,OOP,20260930,61250.0,            ,131401227,0000000.0000,0000000.0,521.74,0.283348,141401227,0000000.0000,0000000.0,2862.12,0.290943,63923.0,0.2584,
NK225MWE  ,OOP,20260930,61375.0,            ,131401327,0000000.0000,0000000.0,524.47,0.276259,141401327,0000000.0000,0000000.0,2739.89,0.283735,63923.0,0.2584,
NK225MWE  ,OOP,20260930,61500.0,            ,131401527,0000000.0000,0000000.0,530.24,0.269067,141401527,0000000.0000,0000000.0,2620.7,0.276425,63923.0,0.2584,
NK225MWE  ,OOP,20260930,61625.0,            ,131401627,0000000.0000,0000000.0,547.61,0.265457,141401627,0000000.0000,0000000.0,2513.12,0.271448,63923.0,0.2584,
NK225MWE  ,OOP,20260930,61750.0,            ,131401727,0000000.0000,0000000.0,582.4,0.264014,141401727,0000000.0000,0000000.0,2422.95,0.271058,63923.0,0.2584,
NK225MWE  ,OOP,20260930,61875.0,            ,131401827,0000000.0000,0000000.0,624.13,0.26576,141401827,0000000.0000,0000000.0,2339.72,0.27263,63923.0,0.2584,
NK225MWE  ,OOP,20260930,62000.0,            ,131402027,0000000.0000,0000000.0,665.32,0.265891,141402027,0000000.0000,0000000.0,2255.96,0.272614,63923.0,0.2584,
NK225MWE  ,OOP,20260930,62125.0,            ,131402127,0000000.0000,0000000.0,684.81,0.261112,141402127,0000000.0000,0000000.0,2150.49,0.267724,63923.0,0.2584,
NK225MWE  ,OOP,20260930,62250.0,            ,131402227,0000000.0000,0000000.0,726.75,0.260544,141402227,0000000.0000,0000000.0,2067.48,0.267033,63923.0,0.2584,
NK225MWE  ,OOP,20260930,62375.0,            ,131402327,0000000.0000,0000000.0,773.49,0.260691,141402327,0000000.0000,0000000.0,1989.26,0.267065,63923.0,0.2584,
NK225MWE  ,OOP,20260930,62500.0,            ,131402527,0000000.0000,0000000.0,817.17,0.260438,141402527,0000000.0000,0000000.0,1907.98,0.26671,63923.0,0.2584,
NK225MWE  ,OOP,20260930,62625.0,            ,131402627,0000000.0000,0000000.0,833.86,0.253419,141402627,0000000.0000,0000000.0,1799.72,0.259615,63923.0,0.2584,
NK225MWE  ,OOP,20260930,62750.0,            ,131402727,0000000.0000,0000000.0,941.42,0.266115,141402727,0000000.0000,0000000.0,1782.32,0.271161,63923.0,0.2584,
NK225MWE  ,OOP,20260930,62875.0,            ,131402827,0000000.0000,0000000.0,968.32,0.260498,141402827,0000000.0000,0000000.0,1684.27,0.266527,63923.0,0.2584,
NK225MWE  ,OOP,20260930,63000.0,            ,131403027,0000000.0000,0000000.0,989.36,0.253561,141403027,0000000.0000,0000000.0,1580.35,0.259534,63923.0,0.2584,
NK225MWE  ,OOP,20260930,63125.0,            ,131403127,0000000.0000,0000000.0,1000.64,0.244287,141403127,0000000.0000,0000000.0,1466.67,0.250211,63923.0,0.2584,
NK225MWE  ,OOP,20260930,63250.0,            ,131403227,0000000.0000,0000000.0,1097.12,0.251998,141403227,0000000.0000,0000000.0,1438.2,0.257874,63923.0,0.2584,
NK225MWE  ,OOP,20260930,63375.0,            ,131403327,0000000.0000,0000000.0,1143.38,0.250123,141403327,0000000.0000,0000000.0,1359.49,0.255964,63923.0,0.2584,
NK225MWE  ,OOP,20260930,63500.0,            ,131403527,0000000.0000,0000000.0,1191.79,0.246848,141403527,0000000.0000,0000000.0,1282.95,0.252663,63923.0,0.2584,
NK225MWE  ,OOP,20260930,63625.0,            ,131403627,0000000.0000,0000000.0,1265.71,0.24922,141403627,0000000.0000,0000000.0,1231.91,0.255019,63923.0,0.2584,
NK225MWE  ,OOP,20260930,63750.0,            ,131403727,0000000.0000,0000000.0,1351.0,0.253201,141403727,0000000.0000,0000000.0,1192.24,0.258992,63923.0,0.2584,
NK225MWE  ,OOP,20260930,63875.0,            ,131403827,0000000.0000,0000000.0,1428.68,0.254775,141403827,0000000.0000,0000000.0,1144.97,0.260567,63923.0,0.2584,
NK225MWE  ,OOP,20260930,64000.0,            ,131404027,0000000.0000,0000000.0,1516.9,0.259,141404027,0000000.0000,0000000.0,1108.23,0.2648,63923.0,0.2584,
NK225MWE  ,OOP,20260930,64125.0,            ,131404127,0000000.0000,0000000.0,1569.25,0.254738,141404127,0000000.0000,0000000.0,1035.63,0.260558,63923.0,0.2584,
NK225MWE  ,OOP,20260930,64250.0,            ,131404227,0000000.0000,0000000.0,1642.67,0.255154,141404227,0000000.0000,0000000.0,984.09,0.261,63923.0,0.2584,
NK225MWE  ,OOP,20260930,64375.0,            ,131404327,0000000.0000,0000000.0,1715.42,0.254154,141404327,0000000.0000,0000000.0,931.89,0.260038,63923.0,0.2584,
NK225MWE  ,OOP,20260930,64500.0,            ,131404527,0000000.0000,0000000.0,1737.92,0.243355,141404527,0000000.0000,0000000.0,829.43,0.249305,63923.0,0.2584,
NK225MWE  ,OOP,20260930,64625.0,            ,131404627,0000000.0000,0000000.0,1858.5,0.251971,141404627,0000000.0000,0000000.0,825.05,0.257959,63923.0,0.2584,
NK225MWE  ,OOP,20260930,64750.0,            ,131404727,0000000.0000,0000000.0,1923.15,0.247578,141404727,0000000.0000,0000000.0,764.74,0.25471,63923.0,0.2584,
NK225MWE  ,OOP,20260930,64875.0,            ,131404827,0000000.0000,0000000.0,1972.14,0.240471,141404827,0000000.0000,0000000.0,688.78,0.246645,63923.0,0.2584,
NK225MWE  ,OOP,20260930,65000.0,            ,131405027,0000000.0000,0000000.0,2089.33,0.248214,141405027,0000000.0000,0000000.0,681.01,0.254443,63923.0,0.2584,
NK225MWE  ,OOP,20260930,65125.0,            ,131405127,0000000.0000,0000000.0,2109.79,0.233248,141405127,0000000.0000,0000000.0,576.52,0.239672,63923.0,0.2584,
NK225MWE  ,OOP,20260930,65250.0,            ,131405227,0000000.0000,0000000.0,2230.69,0.240384,141405227,0000000.0000,0000000.0,572.46,0.246877,63923.0,0.2584,
NK225MWE  ,OOP,20260930,65375.0,            ,131405327,0000000.0000,0000000.0,2345.97,0.24619,141405327,0000000.0000,0000000.0,562.79,0.252763,63923.0,0.2584,
NK225MWE  ,OOP,20260930,65500.0,            ,131405527,0000000.0000,0000000.0,2439.84,0.245851,141405527,0000000.0000,0000000.0,531.69,0.252561,63923.0,0.2584,
NK225MWE  ,OOP,20260930,65625.0,            ,131405627,0000000.0000,0000000.0,2514.26,0.241399,141405627,0000000.0000,0000000.0,481.16,0.24831,63923.0,0.2584,
NK225MWE  ,OOP,20260930,65750.0,            ,131405727,0000000.0000,0000000.0,2595.37,0.237547,141405727,0000000.0000,0000000.0,437.31,0.244682,63923.0,0.2584,
NK225MWE  ,OOP,20260930,65875.0,            ,131405827,0000000.0000,0000000.0,2680.9,0.234353,141405827,0000000.0000,0000000.0,397.88,0.241735,63923.0,0.2584,
NK225MWE  ,OOP,20260930,66000.0,            ,131406027,0000000.0000,0000000.0,2785.02,0.236016,141406027,0000000.0000,0000000.0,377.05,0.243581,63923.0,0.2584,
NK225MWE  ,OOP,20260930,66125.0,            ,131406127,0000000.0000,0000000.0,2888.23,0.237373,141406127,0000000.0000,0000000.0,355.3,0.245137,63923.0,0.2584,
NK225MWE  ,OOP,20260930,66250.0,            ,131406227,0000000.0000,0000000.0,2989.96,0.23696,141406227,0000000.0000,0000000.0,332.08,0.244979,63923.0,0.2584,
NK225MWE  ,OOP,20260930,66375.0,            ,131406327,0000000.0000,0000000.0,3103.0,0.239121,141406327,0000000.0000,0000000.0,320.16,0.248799,63923.0,0.2584,
NK225MWE  ,OOP,20260930,66500.0,            ,131406527,0000000.0000,0000000.0,3197.61,0.236357,141406527,0000000.0000,0000000.0,289.81,0.24525,63923.0,0.2584,
NK225MWE  ,OOP,20260930,66625.0,            ,131406627,0000000.0000,0000000.0,3295.78,0.23458,141406627,0000000.0000,0000000.0,263.03,0.242908,63923.0,0.2584,
NK225MWE  ,OOP,20260930,66750.0,            ,131406727,0000000.0000,0000000.0,3396.0,0.232225,141406727,0000000.0000,0000000.0,238.29,0.240962,63923.0,0.2584,
NK225MWE  ,OOP,20260930,66875.0,            ,131406827,0000000.0000,0000000.0,3497.62,0.22921,141406827,0000000.0000,0000000.0,214.95,0.239138,63923.0,0.2584,
NK225MWE  ,OOP,20260930,67000.0,            ,131407027,0000000.0000,0000000.0,3601.18,0.227384,141407027,0000000.0000,0000000.0,193.56,0.237102,63923.0,0.2584,
NK225MWE  ,OOP,20260930,67125.0,            ,131407127,0000000.0000,0000000.0,3725.32,0.233037,141407127,0000000.0000,0000000.0,192.75,0.242496,63923.0,0.2584,
NK225MWE  ,OOP,20260930,67250.0,            ,131407227,0000000.0000,0000000.0,3841.43,0.234587,141407227,0000000.0000,0000000.0,183.9,0.244762,63923.0,0.2584,
NK225MWE  ,OOP,20260930,67375.0,            ,131407327,0000000.0000,0000000.0,3950.09,0.231534,141407327,0000000.0000,0000000.0,167.6,0.243596,63923.0,0.2584,
NK225MWE  ,OOP,20260930,67500.0,            ,131407527,0000000.0000,0000000.0,4060.65,0.230024,141407527,0000000.0000,0000000.0,153.21,0.243209,63923.0,0.2584,
NK225MWE  ,OOP,20260930,67625.0,            ,131407627,0000000.0000,0000000.0,4182.76,0.235252,141407627,0000000.0000,0000000.0,150.36,0.247284,63923.0,0.2584,
NK225MWE  ,OOP,20260930,67750.0,            ,131407727,0000000.0000,0000000.0,4306.48,0.240444,141407727,0000000.0000,0000000.0,149.11,0.252168,63923.0,0.2584,
NK225MWE  ,OOP,20260930,67875.0,            ,131407827,0000000.0000,0000000.0,4411.62,0.235442,141407827,0000000.0000,0000000.0,129.3,0.247694,63923.0,0.2584,
NK225MWE  ,OOP,20260930,68000.0,            ,131408027,0000000.0000,0000000.0,4519.33,0.229165,141408027,0000000.0000,0000000.0,112.05,0.244277,63923.0,0.2584,
NK225MWE  ,OOP,20260930,68125.0,            ,131408127,0000000.0000,0000000.0,4634.63,0.227778,141408127,0000000.0000,0000000.0,102.4,0.243887,63923.0,0.2584,
NK225MWE  ,OOP,20260930,68250.0,            ,131408227,0000000.0000,0000000.0,4751.64,0.225762,141408227,0000000.0000,0000000.0,94.46,0.244233,63923.0,0.2584,
NK225MWE  ,OOP,20260930,68375.0,            ,131408327,0000000.0000,0000000.0,4868.26,0.226749,141408327,0000000.0000,0000000.0,86.11,0.244241,63923.0,0.2584,
NK225MWE  ,OOP,20260930,68500.0,            ,131408527,0000000.0000,0000000.0,4986.1,0.22345,141408527,0000000.0000,0000000.0,79.0,0.24387,63923.0,0.2584,
NK225MWE  ,OOP,20260930,68625.0,            ,131408627,0000000.0000,0000000.0,5105.07,0.223572,141408627,0000000.0000,0000000.0,73.01,0.244457,63923.0,0.2584,
NK225MWE  ,OOP,20260930,68750.0,            ,131408727,0000000.0000,0000000.0,5225.42,0.223296,141408727,0000000.0000,0000000.0,68.41,0.245465,63923.0,0.2584,
NK225MWE  ,OOP,20260930,68875.0,            ,131408827,0000000.0000,0000000.0,5345.19,0.222557,141408827,0000000.0000,0000000.0,63.22,0.24622,63923.0,0.2584,
NK225MWE  ,OOP,20260930,69000.0,            ,131409027,0000000.0000,0000000.0,5466.0,0.221263,141409027,0000000.0000,0000000.0,59.07,0.247501,63923.0,0.2584,
NK225MWE  ,OOP,20260930,69125.0,            ,131409127,0000000.0000,0000000.0,5585.56,0.219284,141409127,0000000.0000,0000000.0,53.68,0.246869,63923.0,0.2584,
NK225MWE  ,OOP,20260930,69250.0,            ,131409227,0000000.0000,0000000.0,5706.3,0.216425,141409227,0000000.0000,0000000.0,49.46,0.247604,63923.0,0.2584,
NK225MWE  ,OOP,20260930,69375.0,            ,131409327,0000000.0000,0000000.0,5826.73,0.212364,141409327,0000000.0000,0000000.0,44.93,0.248069,63923.0,0.2584,
NK225MWE  ,OOP,20261002,60500.0,            ,131400526,0000000.0000,0000000.0,423.92,0.286469,141400526,0000000.0000,0000000.0,3528.93,0.293256,63923.0,0.2584,
NK225MWE  ,OOP,20261002,60625.0,            ,131400626,0000000.0000,0000000.0,476.74,0.293877,141400626,0000000.0000,0000000.0,3456.82,0.300355,63923.0,0.2584,
NK225MWE  ,OOP,20261002,60750.0,            ,131400726,0000000.0000,0000000.0,494.25,0.290307,141400726,0000000.0000,0000000.0,3349.41,0.296642,63923.0,0.2584,
NK225MWE  ,OOP,20261002,60875.0,            ,131400826,0000000.0000,0000000.0,513.15,0.287829,141400826,0000000.0000,0000000.0,3243.38,0.294014,63923.0,0.2584,
NK225MWE  ,OOP,20261002,61000.0,            ,131401026,0000000.0000,0000000.0,535.34,0.285139,141401026,0000000.0000,0000000.0,3140.64,0.291182,63923.0,0.2584,
NK225MWE  ,OOP,20261002,61125.0,            ,131401126,0000000.0000,0000000.0,573.42,0.287044,141401126,0000000.0000,0000000.0,3053.8,0.29291,63923.0,0.2584,
NK225MWE  ,OOP,20261002,61250.0,            ,131401226,0000000.0000,0000000.0,602.13,0.286194,141401226,0000000.0000,0000000.0,2957.59,0.290756,63923.0,0.2584,
NK225MWE  ,OOP,20261002,61375.0,            ,131401326,0000000.0000,0000000.0,603.14,0.278141,141401326,0000000.0000,0000000.0,2833.67,0.283785,63923.0,0.2584,
NK225MWE  ,OOP,20261002,61500.0,            ,131401526,0000000.0000,0000000.0,612.17,0.272308,141401526,0000000.0000,0000000.0,2717.77,0.276721,63923.0,0.2584,
NK225MWE  ,OOP,20261002,61625.0,            ,131401626,0000000.0000,0000000.0,633.64,0.268591,141401626,0000000.0000,0000000.0,2614.32,0.274028,63923.0,0.2584,
NK225MWE  ,OOP,20261002,61750.0,            ,131401726,0000000.0000,0000000.0,668.17,0.267973,141401726,0000000.0000,0000000.0,2523.92,0.273288,63923.0,0.2584,
NK225MWE  ,OOP,20261002,61875.0,            ,131401826,0000000.0000,0000000.0,710.21,0.268115,141401826,0000000.0000,0000000.0,2441.04,0.273314,63923.0,0.2584,
NK225MWE  ,OOP,20261002,62000.0,            ,131402026,0000000.0000,0000000.0,750.81,0.26791,141402026,0000000.0000,0000000.0,2356.72,0.273003,63923.0,0.2584,
NK225MWE  ,OOP,20261002,62125.0,            ,131402126,0000000.0000,0000000.0,774.82,0.264245,141402126,0000000.0000,0000000.0,2255.79,0.269251,63923.0,0.2584,
NK225MWE  ,OOP,20261002,62250.0,            ,131402226,0000000.0000,0000000.0,815.45,0.263431,141402226,0000000.0000,0000000.0,2171.5,0.268347,63923.0,0.2584,
NK225MWE  ,OOP,20261002,62375.0,            ,131402326,0000000.0000,0000000.0,863.57,0.264323,141402326,0000000.0000,0000000.0,2094.7,0.268142,63923.0,0.2584,
NK225MWE  ,OOP,20261002,62500.0,            ,131402526,0000000.0000,0000000.0,905.91,0.262849,141402526,0000000.0000,0000000.0,2012.11,0.267605,63923.0,0.2584,
NK225MWE  ,OOP,20261002,62625.0,            ,131402626,0000000.0000,0000000.0,928.76,0.258101,141402626,0000000.0000,0000000.0,1910.03,0.261805,63923.0,0.2584,
NK225MWE  ,OOP,20261002,62750.0,            ,131402726,0001125.0000,0000000.0,1024.68,0.266803,141402726,0000000.0000,0000000.0,1881.03,0.271422,63923.0,0.2584,
NK225MWE  ,OOP,20261002,62875.0,            ,131402826,0000000.0000,0000000.0,1057.29,0.262406,141402826,0000000.0000,0000000.0,1788.72,0.266972,63923.0,0.2584,
NK225MWE  ,OOP,20261002,63000.0,            ,131403026,0000000.0000,0000000.0,1080.39,0.256777,141403026,0000000.0000,0000000.0,1686.89,0.261297,63923.0,0.2584,
NK225MWE  ,OOP,20261002,63125.0,            ,131403126,0000000.0000,0000000.0,1100.83,0.249927,141403126,0000000.0000,0000000.0,1582.4,0.254404,63923.0,0.2584,
NK225MWE  ,OOP,20261002,63250.0,            ,131403226,0000000.0000,0000000.0,1187.0,0.255157,141403226,0000000.0000,0000000.0,1543.65,0.259593,63923.0,0.2584,
NK225MWE  ,OOP,20261002,63375.0,            ,131403326,0000000.0000,0000000.0,1234.52,0.252419,141403326,0000000.0000,0000000.0,1466.24,0.256823,63923.0,0.2584,
NK225MWE  ,OOP,20261002,63500.0,            ,131403526,0000000.0000,0000000.0,1284.19,0.250293,141403526,0000000.0000,0000000.0,1390.98,0.254671,63923.0,0.2584,
NK225MWE  ,OOP,20261002,63625.0,            ,131403626,0000000.0000,0000000.0,1352.18,0.251592,141403626,0000000.0000,0000000.0,1334.05,0.255949,63923.0,0.2584,
NK225MWE  ,OOP,20261002,63750.0,            ,131403726,0000000.0000,0000000.0,1436.06,0.254423,141403726,0000000.0000,0000000.0,1293.0,0.258766,63923.0,0.2584,
NK225MWE  ,OOP,20261002,63875.0,            ,131403826,0000000.0000,0000000.0,1507.48,0.255969,141403826,0000000.0000,0000000.0,1239.5,0.260303,63923.0,0.2584,
NK225MWE  ,OOP,20261002,64000.0,            ,131404026,0000000.0000,0000000.0,1593.67,0.259069,141404026,0000000.0000,0000000.0,1200.76,0.263399,63923.0,0.2584,
NK225MWE  ,OOP,20261002,64125.0,            ,131404126,0000000.0000,0000000.0,1647.57,0.255209,141404126,0000000.0000,0000000.0,1129.74,0.260491,63923.0,0.2584,
NK225MWE  ,OOP,20261002,64250.0,            ,131404226,0000000.0000,0000000.0,1718.48,0.255742,141404226,0000000.0000,0000000.0,1075.72,0.260083,63923.0,0.2584,
NK225MWE  ,OOP,20261002,64375.0,            ,131404326,0000000.0000,0000000.0,1787.35,0.25402,141404326,0000000.0000,0000000.0,1019.67,0.258376,63923.0,0.2584,
NK225MWE  ,OOP,20261002,64500.0,            ,131404526,0000000.0000,0000000.0,1818.78,0.246114,141404526,0000000.0000,0000000.0,926.16,0.2505,63923.0,0.2584,
NK225MWE  ,OOP,20261002,64625.0,            ,131404626,0000000.0000,0000000.0,1933.72,0.252396,141404626,0000000.0000,0000000.0,916.19,0.257776,63923.0,0.2584,
NK225MWE  ,OOP,20261002,64750.0,            ,131404726,0000000.0000,0000000.0,1995.38,0.249562,141404726,0000000.0000,0000000.0,852.92,0.254003,63923.0,0.2584,
NK225MWE  ,OOP,20261002,64875.0,            ,131404826,0000000.0000,0000000.0,2045.76,0.243298,141404826,0000000.0000,0000000.0,778.37,0.247794,63923.0,0.2584,
NK225MWE  ,OOP,20261002,65000.0,            ,131405026,0000000.0000,0000000.0,2157.66,0.248727,141405026,0000000.0000,0000000.0,765.34,0.253254,63923.0,0.2584,
NK225MWE  ,OOP,20261002,65125.0,            ,131405126,0000000.0000,0000000.0,2185.38,0.236359,141405126,0000000.0000,0000000.0,668.14,0.242026,63923.0,0.2584,
NK225MWE  ,OOP,20261002,65250.0,            ,131405226,0000000.0000,0000000.0,2304.56,0.243282,141405226,0000000.0000,0000000.0,662.39,0.247944,63923.0,0.2584,
NK225MWE  ,OOP,20261002,65375.0,            ,131405326,0000000.0000,0000000.0,2407.89,0.246854,141405326,0000000.0000,0000000.0,640.79,0.251567,63923.0,0.2584,
NK225MWE  ,OOP,20261002,65500.0,            ,131405526,0000000.0000,0000000.0,2498.99,0.24694,141405526,0000000.0000,0000000.0,606.98,0.251726,63923.0,0.2584,
NK225MWE  ,OOP,20261002,65625.0,            ,131405626,0000000.0000,0000000.0,2573.87,0.243336,141405626,0000000.0000,0000000.0,556.93,0.248229,63923.0,0.2584,
NK225MWE  ,OOP,20261002,65750.0,            ,131405726,0000000.0000,0000000.0,2654.29,0.240351,141405726,0000000.0000,0000000.0,512.42,0.245362,63923.0,0.2584,
NK225MWE  ,OOP,20261002,65875.0,            ,131405826,0000000.0000,0000000.0,2738.81,0.238035,141405826,0000000.0000,0000000.0,472.02,0.243173,63923.0,0.2584,
NK225MWE  ,OOP,20261002,66000.0,            ,131406026,0000000.0000,0000000.0,2839.36,0.238886,141406026,0000000.0000,0000000.0,447.64,0.244131,63923.0,0.2584,
NK225MWE  ,OOP,20261002,66125.0,            ,131406126,0000000.0000,0000000.0,2939.53,0.239431,141406126,0000000.0000,0000000.0,422.88,0.244794,63923.0,0.2584,
NK225MWE  ,OOP,20261002,66250.0,            ,131406226,0000000.0000,0000000.0,3038.81,0.239657,141406226,0000000.0000,0000000.0,397.24,0.245151,63923.0,0.2584,
NK225MWE  ,OOP,20261002,66375.0,            ,131406326,0000000.0000,0000000.0,3147.52,0.240868,141406326,0000000.0000,0000000.0,381.02,0.24778,63923.0,0.2584,
NK225MWE  ,OOP,20261002,66500.0,            ,131406526,0000000.0000,0000000.0,3240.9,0.239082,141406526,0000300.0000,0000000.0,349.48,0.244885,63923.0,0.2584,
NK225MWE  ,OOP,20261002,66625.0,            ,131406626,0000000.0000,0000000.0,3337.31,0.236814,141406626,0000000.0000,0000000.0,320.96,0.244224,63923.0,0.2584,
NK225MWE  ,OOP,20261002,66750.0,            ,131406726,0000000.0000,0000000.0,3435.83,0.235496,141406726,0000000.0000,0000000.0,294.56,0.241442,63923.0,0.2584,
NK225MWE  ,OOP,20261002,66875.0,            ,131406826,0000000.0000,0000000.0,3535.5,0.233716,141406826,0000000.0000,0000000.0,269.3,0.239901,63923.0,0.2584,
NK225MWE  ,OOP,20261002,67000.0,            ,131407026,0000000.0000,0000000.0,3637.21,0.231421,141407026,0000000.0000,0000000.0,246.09,0.238202,63923.0,0.2584,
NK225MWE  ,OOP,20261002,67125.0,            ,131407126,0000000.0000,0000000.0,3761.28,0.23698,141407126,0000000.0000,0000000.0,245.23,0.243501,63923.0,0.2584,
NK225MWE  ,OOP,20261002,67250.0,            ,131407226,0000000.0000,0000000.0,3870.73,0.237412,141407226,0000000.0000,0000000.0,229.76,0.244151,63923.0,0.2584,
NK225MWE  ,OOP,20261002,67375.0,            ,131407326,0000000.0000,0000000.0,3977.45,0.235738,141407326,0000000.0000,0000000.0,211.54,0.243134,63923.0,0.2584,
NK225MWE  ,OOP,20261002,67500.0,            ,131407526,0000000.0000,0000000.0,4086.57,0.235444,141407526,0000000.0000,0000000.0,195.74,0.242776,63923.0,0.2584,
NK225MWE  ,OOP,20261002,67625.0,            ,131407626,0000000.0000,0000000.0,4205.26,0.236746,141407626,0000000.0000,0000000.0,189.51,0.245801,63923.0,0.2584,
NK225MWE  ,OOP,20261002,67750.0,            ,131407726,0000000.0000,0000000.0,4326.64,0.241838,141407726,0000000.0000,0000000.0,185.96,0.249464,63923.0,0.2584,
NK225MWE  ,OOP,20261002,67875.0,            ,131407826,0000000.0000,0000000.0,4430.4,0.236505,141407826,0000000.0000,0000000.0,164.8,0.246334,63923.0,0.2584,
NK225MWE  ,OOP,20261002,68000.0,            ,131408026,0000000.0000,0000000.0,4537.09,0.234698,141408026,0000000.0000,0000000.0,146.56,0.243368,63923.0,0.2584,
NK225MWE  ,OOP,20261002,68125.0,            ,131408126,0000000.0000,0000000.0,4650.28,0.232319,141408126,0000000.0000,0000000.0,134.83,0.242905,63923.0,0.2584,
NK225MWE  ,OOP,20261002,68250.0,            ,131408226,0000000.0000,0000000.0,4766.0,0.231898,141408226,0000000.0000,0000000.0,125.61,0.243485,63923.0,0.2584,
NK225MWE  ,OOP,20261002,68375.0,            ,131408326,0000000.0000,0000000.0,4880.61,0.231078,141408326,0000000.0000,0000000.0,115.31,0.243297,63923.0,0.2584,
NK225MWE  ,OOP,20261002,68500.0,            ,131408526,0000000.0000,0000000.0,4996.99,0.232728,141408526,0000000.0000,0000000.0,106.75,0.243282,63923.0,0.2584,
NK225MWE  ,OOP,20261002,68625.0,            ,131408626,0000000.0000,0000000.0,5114.0,0.231148,141408626,0000000.0000,0000000.0,98.84,0.243488,63923.0,0.2584,
NK225MWE  ,OOP,20261002,68750.0,            ,131408726,0000000.0000,0000000.0,5233.23,0.232297,141408726,0000000.0000,0000000.0,93.14,0.244543,63923.0,0.2584,
NK225MWE  ,OOP,20261002,68875.0,            ,131408826,0000000.0000,0000000.0,5351.22,0.229749,141408826,0000000.0000,0000000.0,86.21,0.244778,63923.0,0.2584,
NK225MWE  ,OOP,20261002,69000.0,            ,131409026,0000000.0000,0000000.0,5470.88,0.230259,141409026,0000000.0000,0000000.0,80.94,0.245986,63923.0,0.2584,
NK225MWE  ,OOP,20261002,69125.0,            ,131409126,0000000.0000,0000000.0,5588.93,0.230489,141409126,0000000.0000,0000000.0,74.07,0.24567,63923.0,0.2584,
NK225MWE  ,OOP,20261002,69250.0,            ,131409226,0000000.0000,0000000.0,5708.85,0.230405,141409226,0000000.0000,0000000.0,69.06,0.246406,63923.0,0.2584,
NK225MWE  ,OOP,20261002,69375.0,            ,131409326,0000000.0000,0000000.0,5827.94,0.229963,141409326,0000000.0000,0000000.0,63.22,0.246165,63923.0,0.2584,
NK225MWE  ,OOP,20261007,60500.0,            ,131410527,0000000.0000,0000000.0,596.64,0.289413,141410527,0000000.0000,0000000.0,3712.89,0.296765,63923.0,0.2584,
NK225MWE  ,OOP,20261007,60625.0,            ,131410627,0000000.0000,0000000.0,635.42,0.291291,141410627,0000000.0000,0000000.0,3626.77,0.298445,63923.0,0.2584,
NK225MWE  ,OOP,20261007,60750.0,            ,131410727,0000000.0000,0000000.0,656.84,0.288648,141410727,0000000.0000,0000000.0,3523.28,0.295664,63923.0,0.2584,
NK225MWE  ,OOP,20261007,60875.0,            ,131410827,0000000.0000,0000000.0,680.32,0.286884,141410827,0000000.0000,0000000.0,3421.87,0.293759,63923.0,0.2584,
NK225MWE  ,OOP,20261007,61000.0,            ,131411027,0000000.0000,0000000.0,709.81,0.285948,141411027,0000000.0000,0000000.0,3326.45,0.291676,63923.0,0.2584,
NK225MWE  ,OOP,20261007,61125.0,            ,131411127,0000000.0000,0000000.0,744.75,0.285792,141411127,0000000.0000,0000000.0,3236.49,0.291396,63923.0,0.2584,
NK225MWE  ,OOP,20261007,61250.0,            ,131411227,0000000.0000,0000000.0,771.49,0.283434,141411227,0000000.0000,0000000.0,3138.33,0.289909,63923.0,0.2584,
NK225MWE  ,OOP,20261007,61375.0,            ,131411327,0000000.0000,0000000.0,798.57,0.280902,141411327,0000000.0000,0000000.0,3040.5,0.287264,63923.0,0.2584,
NK225MWE  ,OOP,20261007,61500.0,            ,131411527,0000000.0000,0000000.0,818.52,0.277243,141411527,0000000.0000,0000000.0,2935.55,0.283505,63923.0,0.2584,
NK225MWE  ,OOP,20261007,61625.0,            ,131411627,0000000.0000,0000000.0,852.59,0.276254,141411627,0000000.0000,0000000.0,2844.72,0.282404,63923.0,0.2584,
NK225MWE  ,OOP,20261007,61750.0,            ,131411727,0000000.0000,0000000.0,884.48,0.274114,141411727,0000000.0000,0000000.0,2751.71,0.280165,63923.0,0.2584,
NK225MWE  ,OOP,20261007,61875.0,            ,131411827,0000000.0000,0000000.0,925.46,0.274515,141411827,0000000.0000,0000000.0,2667.78,0.279553,63923.0,0.2584,
NK225MWE  ,OOP,20261007,62000.0,            ,131412027,0000000.0000,0000000.0,962.56,0.27285,141412027,0000000.0000,0000000.0,2579.98,0.278707,63923.0,0.2584,
NK225MWE  ,OOP,20261007,62125.0,            ,131412127,0000000.0000,0000000.0,1000.7,0.270971,141412127,0000000.0000,0000000.0,2493.22,0.276743,63923.0,0.2584,
NK225MWE  ,OOP,20261007,62250.0,            ,131412227,0000000.0000,0000000.0,1036.03,0.268879,141412227,0000000.0000,0000000.0,2403.64,0.274573,63923.0,0.2584,
NK225MWE  ,OOP,20261007,62375.0,            ,131412327,0000000.0000,0000000.0,1087.15,0.270058,141412327,0000000.0000,0000000.0,2329.86,0.274802,63923.0,0.2584,
NK225MWE  ,OOP,20261007,62500.0,            ,131412527,0000000.0000,0000000.0,1124.56,0.267509,141412527,0000000.0000,0000000.0,2242.36,0.273055,63923.0,0.2584,
NK225MWE  ,OOP,20261007,62625.0,            ,131412627,0000000.0000,0000000.0,1167.22,0.266459,141412627,0000000.0000,0000000.0,2160.13,0.271086,63923.0,0.2584,
NK225MWE  ,OOP,20261007,62750.0,            ,131412727,0000000.0000,0000000.0,1223.85,0.266863,141412727,0000000.0000,0000000.0,2091.86,0.272283,63923.0,0.2584,
NK225MWE  ,OOP,20261007,62875.0,            ,131412827,0000000.0000,0000000.0,1274.72,0.266164,141412827,0000000.0000,0000000.0,2017.83,0.27153,63923.0,0.2584,
NK225MWE  ,OOP,20261007,63000.0,            ,131413027,0000000.0000,0000000.0,1305.51,0.261872,141413027,0000000.0000,0000000.0,1923.7,0.267191,63923.0,0.2584,
NK225MWE  ,OOP,20261007,63125.0,            ,131413127,0000000.0000,0000000.0,1355.72,0.260697,141413127,0000000.0000,0000000.0,1849.01,0.265972,63923.0,0.2584,
NK225MWE  ,OOP,20261007,63250.0,            ,131413227,0000000.0000,0000000.0,1408.74,0.259273,141413227,0000000.0000,0000000.0,1777.13,0.264509,63923.0,0.2584,
NK225MWE  ,OOP,20261007,63375.0,            ,131413327,0000000.0000,0000000.0,1460.93,0.258425,141413327,0000000.0000,0000000.0,1704.43,0.263627,63923.0,0.2584,
NK225MWE  ,OOP,20261007,63500.0,            ,131413527,0000000.0000,0000000.0,1515.39,0.257321,141413527,0000000.0000,0000000.0,1633.98,0.262494,63923.0,0.2584,
NK225MWE  ,OOP,20261007,63625.0,            ,131413627,0000000.0000,0000000.0,1565.51,0.255137,141413627,0000000.0000,0000000.0,1559.2,0.260287,63923.0,0.2584,
NK225MWE  ,OOP,20261007,63750.0,            ,131413727,0000000.0000,0000000.0,1644.76,0.256805,141413727,0000000.0000,0000000.0,1513.54,0.261936,63923.0,0.2584,
NK225MWE  ,OOP,20261007,63875.0,            ,131413827,0000000.0000,0000000.0,1697.56,0.254923,141413827,0000000.0000,0000000.0,1441.45,0.260042,63923.0,0.2584,
NK225MWE  ,OOP,20261007,64000.0,            ,131414027,0000000.0000,0000000.0,1777.5,0.256895,141414027,0000000.0000,0000000.0,1396.48,0.262005,63923.0,0.2584,
NK225MWE  ,OOP,20261007,64125.0,            ,131414127,0000000.0000,0000000.0,1838.21,0.255312,141414127,0000000.0000,0000000.0,1332.28,0.260419,63923.0,0.2584,
NK225MWE  ,OOP,20261007,64250.0,            ,131414227,0000000.0000,0000000.0,1902.71,0.254288,141414227,0000000.0000,0000000.0,1271.88,0.259398,63923.0,0.2584,
NK225MWE  ,OOP,20261007,64375.0,            ,131414327,0000000.0000,0000000.0,1961.28,0.251329,141414327,0000000.0000,0000000.0,1205.55,0.256448,63923.0,0.2584,
NK225MWE  ,OOP,20261007,64500.0,            ,131414527,0000000.0000,0000000.0,2024.72,0.249752,141414527,0000000.0000,0000000.0,1144.09,0.254886,63923.0,0.2584,
NK225MWE  ,OOP,20261007,64625.0,            ,131414627,0000000.0000,0000000.0,2105.31,0.250424,141414627,0000000.0000,0000000.0,1099.77,0.255575,63923.0,0.2584,
NK225MWE  ,OOP,20261007,64750.0,            ,131414727,0000000.0000,0000000.0,2176.9,0.249142,141414727,0000000.0000,0000000.0,1046.46,0.254319,63923.0,0.2584,
NK225MWE  ,OOP,20261007,64875.0,            ,131414827,0000000.0000,0000000.0,2235.93,0.245854,141414827,0000000.0000,0000000.0,980.59,0.251069,63923.0,0.2584,
NK225MWE  ,OOP,20261007,65000.0,            ,131415027,0000000.0000,0000000.0,2331.08,0.248318,141415027,0000000.0000,0000000.0,950.84,0.253562,63923.0,0.2584,
NK225MWE  ,OOP,20261007,65125.0,            ,131415127,0000000.0000,0000000.0,2389.24,0.243541,141415127,0000000.0000,0000000.0,884.1,0.249719,63923.0,0.2584,
NK225MWE  ,OOP,20261007,65250.0,            ,131415227,0000000.0000,0000000.0,2487.23,0.246398,141415227,0000000.0000,0000000.0,857.18,0.251736,63923.0,0.2584,
NK225MWE  ,OOP,20261007,65375.0,            ,131415327,0000000.0000,0000000.0,2568.63,0.245456,141415327,0000000.0000,0000000.0,813.68,0.250851,63923.0,0.2584,
NK225MWE  ,OOP,20261007,65500.0,            ,131415527,0000000.0000,0000000.0,2653.23,0.24514,141415527,0000000.0000,0000000.0,773.38,0.250596,63923.0,0.2584,
NK225MWE  ,OOP,20261007,65625.0,            ,131415627,0000000.0000,0000000.0,2733.99,0.24362,141415627,0000000.0000,0000000.0,729.23,0.249151,63923.0,0.2584,
NK225MWE  ,OOP,20261007,65750.0,            ,131415727,0000000.0000,0000000.0,2816.53,0.241782,141415727,0000000.0000,0000000.0,686.88,0.248343,63923.0,0.2584,
NK225MWE  ,OOP,20261007,65875.0,            ,131415827,0000000.0000,0000000.0,2902.15,0.240579,141415827,0000000.0000,0000000.0,647.59,0.247249,63923.0,0.2584,
NK225MWE  ,OOP,20261007,66000.0,            ,131416027,0000000.0000,0000000.0,2993.3,0.241041,141416027,0000000.0000,0000000.0,613.84,0.246835,63923.0,0.2584,
NK225MWE  ,OOP,20261007,66125.0,            ,131416127,0000000.0000,0000000.0,3086.03,0.240248,141416127,0000000.0000,0000000.0,581.67,0.246147,63923.0,0.2584,
NK225MWE  ,OOP,20261007,66250.0,            ,131416227,0000000.0000,0000000.0,3180.19,0.240188,141416227,0000000.0000,0000000.0,550.92,0.246192,63923.0,0.2584,
NK225MWE  ,OOP,20261007,66375.0,            ,131416327,0000000.0000,0000000.0,3275.91,0.239862,141416327,0000000.0000,0000000.0,521.74,0.245983,63923.0,0.2584,
NK225MWE  ,OOP,20261007,66500.0,            ,131416527,0000000.0000,0000000.0,3369.65,0.239257,141416527,0000000.0000,0000000.0,490.58,0.245508,63923.0,0.2584,
NK225MWE  ,OOP,20261007,66625.0,            ,131416627,0000000.0000,0000000.0,3464.39,0.238357,141416627,0000000.0000,0000000.0,460.42,0.244754,63923.0,0.2584,
NK225MWE  ,OOP,20261007,66750.0,            ,131416727,0000000.0000,0000000.0,3561.58,0.237143,141416727,0000000.0000,0000000.0,432.71,0.243703,63923.0,0.2584,
NK225MWE  ,OOP,20261007,66875.0,            ,131416827,0000000.0000,0000000.0,3659.12,0.235592,141416827,0000000.0000,0000000.0,405.35,0.243495,63923.0,0.2584,
NK225MWE  ,OOP,20261007,67000.0,            ,131417027,0000000.0000,0000000.0,3759.1,0.2349,141417027,0000000.0000,0000000.0,380.42,0.243018,63923.0,0.2584,
NK225MWE  ,OOP,20261007,67125.0,            ,131417127,0000000.0000,0000000.0,3869.09,0.236414,141417127,0000000.0000,0000000.0,365.51,0.244699,63923.0,0.2584,
NK225MWE  ,OOP,20261007,67250.0,            ,131417227,0000000.0000,0000000.0,3970.35,0.235169,141417227,0000000.0000,0000000.0,341.87,0.243715,63923.0,0.2584,
NK225MWE  ,OOP,20261007,67375.0,            ,131417327,0000000.0000,0000000.0,4073.92,0.234917,141417327,0000000.0000,0000000.0,320.53,0.24371,63923.0,0.2584,
NK225MWE  ,OOP,20261007,67500.0,            ,131417527,0000000.0000,0000000.0,4181.51,0.23577,141417527,0000000.0000,0000000.0,303.22,0.24345,63923.0,0.2584,
NK225MWE  ,OOP,20261007,67625.0,            ,131417627,0000000.0000,0000000.0,4288.23,0.234987,141417627,0000000.0000,0000000.0,285.04,0.242921,63923.0,0.2584,
NK225MWE  ,OOP,20261007,67750.0,            ,131417727,0000000.0000,0000000.0,4401.22,0.235371,141417727,0000000.0000,0000000.0,273.13,0.244382,63923.0,0.2584,
NK225MWE  ,OOP,20261007,67875.0,            ,131417827,0000000.0000,0000000.0,4505.32,0.233979,141417827,0000000.0000,0000000.0,252.32,0.243044,63923.0,0.2584,
NK225MWE  ,OOP,20261007,68000.0,            ,131418027,0000000.0000,0000000.0,4613.6,0.233822,141418027,0000000.0000,0000000.0,235.7,0.242578,63923.0,0.2584,
NK225MWE  ,OOP,20261007,68125.0,            ,131418127,0000000.0000,0000000.0,4721.97,0.231703,141418127,0000000.0000,0000000.0,219.16,0.242142,63923.0,0.2584,
NK225MWE  ,OOP,20261007,68250.0,            ,131418227,0000000.0000,0000000.0,4835.52,0.23266,141418227,0000000.0000,0000000.0,207.81,0.242742,63923.0,0.2584,
NK225MWE  ,OOP,20261007,68375.0,            ,131418327,0000000.0000,0000000.0,4945.47,0.231602,141418327,0000000.0000,0000000.0,192.86,0.242112,63923.0,0.2584,
NK225MWE  ,OOP,20261007,68500.0,            ,131418527,0000000.0000,0000000.0,5058.91,0.232105,141418527,0000000.0000,0000000.0,181.4,0.24225,63923.0,0.2584,
NK225MWE  ,OOP,20261007,68625.0,            ,131418627,0000000.0000,0000000.0,5170.52,0.230382,141418627,0000000.0000,0000000.0,168.11,0.241779,63923.0,0.2584,
NK225MWE  ,OOP,20261007,68750.0,            ,131418727,0000000.0000,0000000.0,5287.23,0.230344,141418727,0000000.0000,0000000.0,159.91,0.242566,63923.0,0.2584,
NK225MWE  ,OOP,20261007,68875.0,            ,131418827,0000000.0000,0000000.0,5400.28,0.230041,141418827,0000000.0000,0000000.0,148.06,0.241966,63923.0,0.2584,
NK225MWE  ,OOP,20261007,69000.0,            ,131419027,0000000.0000,0000000.0,5517.16,0.229445,141419027,0000000.0000,0000000.0,140.05,0.242744,63923.0,0.2584,
NK225MWE  ,OOP,20261007,69125.0,            ,131419127,0000000.0000,0000000.0,5631.61,0.228523,141419127,0000000.0000,0000000.0,129.59,0.242471,63923.0,0.2584,
NK225MWE  ,OOP,20261007,69250.0,            ,131419227,0000000.0000,0000000.0,5750.33,0.22984,141419227,0000000.0000,0000000.0,123.4,0.243294,63923.0,0.2584,
NK225MWE  ,OOP,20261007,69375.0,            ,131419327,0000000.0000,0000000.0,5866.24,0.228307,141419327,0000000.0000,0000000.0,114.42,0.242999,63923.0,0.2584,
NK225MWE  ,OOP,20261009,58375.0,            ,181418326,0000350.0000,0000000.0,349.99,0.318654,191418326,0000000.0000,0000000.0,5595.77,0.330439,63923.0,0.2584,
NK225MWE  ,OOP,20261009,58500.0,            ,181418526,0000360.0000,0000000.0,360.0,0.317477,191418526,0000000.0000,0000000.0,5486.99,0.328951,63923.0,0.2584,
NK225MWE  ,OOP,20261009,58625.0,            ,181418626,0000000.0000,0000000.0,379.31,0.314744,191418626,0000000.0000,0000000.0,5373.45,0.325974,63923.0,0.2584,
NK225MWE  ,OOP,20261009,58750.0,            ,181418726,0000395.0000,0000000.0,394.99,0.313286,191418726,0000000.0000,0000000.0,5264.65,0.325553,63923.0,0.2584,
NK225MWE  ,OOP,20261009,58875.0,            ,181418826,0000440.0000,0000000.0,409.1,0.311678,191418826,0000000.0000,0000000.0,5153.46,0.32236,63923.0,0.2584,
NK225MWE  ,OOP,20261009,59000.0,            ,181419026,0000420.0000,0000000.0,420.0,0.311229,191419026,0000000.0000,0000000.0,5042.25,0.320355,63923.0,0.2584,
NK225MWE  ,OOP,20261009,59125.0,            ,181419126,0000520.0000,0000000.0,438.83,0.308034,191419126,0000000.0000,0000000.0,4933.4,0.318223,63923.0,0.2584,
NK225MWE  ,OOP,20261009,59250.0,            ,181419226,0000460.0000,0000000.0,460.0,0.306006,191419226,0000000.0000,0000000.0,4824.55,0.315966,63923.0,0.2584,
NK225MWE  ,OOP,20261009,59375.0,            ,181419326,0000000.0000,0000000.0,475.67,0.306291,191419326,0000000.0000,0000000.0,4720.45,0.314782,63923.0,0.2584,
NK225MWE  ,OOP,20261009,59500.0,            ,181419526,0000510.0000,0000000.0,507.1,0.306338,191419526,0000000.0000,0000000.0,4611.56,0.313432,63923.0,0.2584,
NK225MWE  ,OOP,20261009,59625.0,            ,181419626,0000000.0000,0000000.0,512.45,0.301495,191419626,0000000.0000,0000000.0,4507.44,0.311922,63923.0,0.2584,
NK225MWE  ,OOP,20261009,59750.0,            ,181419726,0000585.0000,0000000.0,537.24,0.300063,191419726,0000000.0000,0000000.0,4400.91,0.309133,63923.0,0.2584,
NK225MWE  ,OOP,20261009,59875.0,            ,181419826,0000630.0000,0000000.0,551.56,0.298467,191419826,0000000.0000,0000000.0,4296.77,0.308441,63923.0,0.2584,
NK225MWE  ,OOP,20261009,60000.0,            ,181410026,0000580.0000,0000000.0,580.0,0.298915,191410026,0000000.0000,0000000.0,4192.6,0.306477,63923.0,0.2584,
NK225MWE  ,OOP,20261009,60125.0,            ,181410126,0000000.0000,0000000.0,598.08,0.295885,191410126,0000000.0000,0000000.0,4090.82,0.304369,63923.0,0.2584,
NK225MWE  ,OOP,20261009,60250.0,            ,181410226,0000000.0000,0000000.0,625.05,0.294866,191410226,0000000.0000,0000000.0,3989.02,0.303163,63923.0,0.2584,
NK225MWE  ,OOP,20261009,60375.0,            ,181410326,0000000.0000,0000000.0,646.4,0.29366,191410326,0000000.0000,0000000.0,3892.03,0.301783,63923.0,0.2584,
NK225MWE  ,OOP,20261009,60500.0,            ,181410526,0000740.0000,0000000.0,672.72,0.291254,191410526,0003790.0000,0000000.0,3785.37,0.299224,63923.0,0.2584,
NK225MWE  ,OOP,20261009,60625.0,            ,181410626,0000760.0000,0000000.0,694.91,0.289711,191410626,0000000.0000,0000000.0,3690.76,0.298515,63923.0,0.2584,
NK225MWE  ,OOP,20261009,60750.0,            ,181410726,0000000.0000,0000000.0,727.91,0.288981,191410726,0003140.0000,0000000.0,3588.88,0.296635,63923.0,0.2584,
NK225MWE  ,OOP,20261009,60875.0,            ,181410826,0000000.0000,0000000.0,743.33,0.286111,191410826,0000000.0000,0000000.0,3489.39,0.294595,63923.0,0.2584,
NK225MWE  ,OOP,20261009,61000.0,            ,181411026,0000780.0000,0000000.0,780.0,0.28597,191411026,0003145.0000,0000000.0,3397.16,0.293342,63923.0,0.2584,
NK225MWE  ,OOP,20261009,61125.0,            ,181411126,0000850.0000,0000000.0,808.64,0.284667,191411126,0000000.0000,0000000.0,3304.92,0.292836,63923.0,0.2584,
NK225MWE  ,OOP,20261009,61250.0,            ,181411226,0000895.0000,0000000.0,840.8,0.283177,191411226,0003250.0000,0000000.0,3249.99,0.290289,63923.0,0.2584,
NK225MWE  ,OOP,20261009,61375.0,            ,181411326,0000915.0000,0000000.0,873.89,0.282412,191411326,0000000.0000,0000000.0,3120.38,0.289401,63923.0,0.2584,
NK225MWE  ,OOP,20261009,61500.0,            ,181411526,0000950.0000,0000000.0,908.51,0.281441,191411526,0002620.0000,0000000.0,3019.42,0.286527,63923.0,0.2584,
NK225MWE  ,OOP,20261009,61625.0,            ,181411626,0000990.0000,0000000.0,939.05,0.279383,191411626,0000000.0000,0000000.0,2935.75,0.28615,63923.0,0.2584,
NK225MWE  ,OOP,20261009,61750.0,            ,181411726,0000000.0000,0000000.0,976.22,0.278897,191411726,0002425.0000,0000000.0,2842.14,0.283816,63923.0,0.2584,
NK225MWE  ,OOP,20261009,61875.0,            ,131411826,0000000.0000,0000000.0,1008.84,0.276466,141411826,0000000.0000,0000000.0,2755.91,0.283033,63923.0,0.2584,
NK225MWE  ,OOP,20261009,62000.0,            ,131412026,0001030.0000,0000000.0,1030.0,0.274716,141412026,0002335.0000,0000000.0,2672.38,0.281192,63923.0,0.2584,
NK225MWE  ,OOP,20261009,62125.0,            ,131412126,0000000.0000,0000000.0,1089.07,0.273618,141412126,0000000.0000,0000000.0,2585.79,0.280849,63923.0,0.2584,
NK225MWE  ,OOP,20261009,62250.0,            ,131412226,0000000.0000,0000000.0,1131.69,0.273148,141412226,0002380.0000,0000000.0,2505.11,0.277784,63923.0,0.2584,
NK225MWE  ,OOP,20261009,62375.0,            ,131412326,0001360.0000,0000000.0,1191.82,0.271627,141412326,0000000.0000,0000000.0,2376.57,0.278683,63923.0,0.2584,
NK225MWE  ,OOP,20261009,62500.0,            ,131412526,0001210.0000,0000000.0,1210.0,0.269902,141412526,0002020.0000,0000000.0,2332.86,0.276061,63923.0,0.2584,
NK225MWE  ,OOP,20261009,62625.0,            ,131412626,0001445.0000,0000000.0,1279.57,0.268786,141412626,0000000.0000,0000000.0,2252.98,0.275693,63923.0,0.2584,
NK225MWE  ,OOP,20261009,62750.0,            ,131412726,0001400.0000,0000000.0,1307.19,0.269071,141412726,0000000.0000,0000000.0,2183.12,0.27268,63923.0,0.2584,
NK225MWE  ,OOP,20261009,62875.0,            ,131412826,0000000.0000,0000000.0,1359.82,0.266711,141412826,0000000.0000,0000000.0,2088.24,0.27349,63923.0,0.2584,
NK225MWE  ,OOP,20261009,63000.0,            ,131413026,0001390.0000,0000000.0,1390.0,0.26734,141413026,0001830.0000,0000000.0,2028.38,0.270073,63923.0,0.2584,
NK225MWE  ,OOP,20261009,63125.0,            ,131413126,0000000.0000,0000000.0,1467.17,0.264551,141413126,0000000.0000,0000000.0,1941.0,0.271226,63923.0,0.2584,
NK225MWE  ,OOP,20261009,63250.0,            ,131413226,0001755.0000,0000000.0,1510.22,0.262344,141413226,0001615.0000,0000000.0,1868.64,0.267393,63923.0,0.2584,
NK225MWE  ,OOP,20261009,63375.0,            ,131413326,0001690.0000,0000000.0,1555.35,0.259917,141413326,0001640.0000,0000000.0,1796.27,0.266511,63923.0,0.2584,
NK225MWE  ,OOP,20261009,63500.0,            ,131413526,0001720.0000,0000000.0,1620.49,0.261201,141413526,0001615.0000,0000000.0,1731.41,0.262478,63923.0,0.2584,
NK225MWE  ,OOP,20261009,63625.0,            ,131413626,0001855.0000,0000000.0,1690.62,0.255959,141413626,0000000.0000,0000000.0,1664.18,0.262495,63923.0,0.2584,
NK225MWE  ,OOP,20261009,63750.0,            ,131413726,0001730.0000,0000000.0,1728.27,0.257558,141413726,0001635.0000,0000000.0,1635.0,0.264074,63923.0,0.2584,
NK225MWE  ,OOP,20261009,63875.0,            ,131413826,0000000.0000,0000000.0,1770.91,0.254204,141413826,0000000.0000,0000000.0,1534.33,0.260706,63923.0,0.2584,
NK225MWE  ,OOP,20261009,64000.0,            ,131414026,0001880.0000,0000000.0,1851.05,0.255327,141414026,0001470.0000,0000000.0,1469.99,0.260247,63923.0,0.2584,
NK225MWE  ,OOP,20261009,64125.0,            ,131414126,0000000.0000,0000000.0,1916.18,0.254638,141414126,0000000.0000,0000000.0,1397.12,0.261129,63923.0,0.2584,
NK225MWE  ,OOP,20261009,64250.0,            ,131414226,0000000.0000,0000000.0,1992.17,0.252916,141414226,0001240.0000,0000000.0,1342.25,0.259412,63923.0,0.2584,
NK225MWE  ,OOP,20261009,64375.0,            ,131414326,0000000.0000,0000000.0,2042.49,0.250148,141414326,0000000.0000,0000000.0,1292.39,0.256242,63923.0,0.2584,
NK225MWE  ,OOP,20261009,64500.0,            ,131414526,0000000.0000,0000000.0,2133.41,0.250309,141414526,0001110.0000,0000000.0,1237.53,0.257631,63923.0,0.2584,
NK225MWE  ,OOP,20261009,64625.0,            ,131414626,0000000.0000,0000000.0,2204.26,0.248623,141414626,0000000.0000,0000000.0,1160.19,0.255172,63923.0,0.2584,
NK225MWE  ,OOP,20261009,64750.0,            ,131414726,0000000.0000,0000000.0,2263.44,0.248294,141414726,0000895.0000,0000000.0,1125.32,0.255681,63923.0,0.2584,
NK225MWE  ,OOP,20261009,64875.0,            ,131414826,0000000.0000,0000000.0,2308.02,0.246085,141414826,0000000.0000,0000000.0,1065.47,0.252704,63923.0,0.2584,
NK225MWE  ,OOP,20261009,65000.0,            ,131415026,0002775.0000,0000000.0,2397.18,0.246896,141415026,0001050.0000,0000000.0,1050.0,0.253555,63923.0,0.2584,
NK225MWE  ,OOP,20261009,65125.0,            ,131415126,0000000.0000,0000000.0,2507.09,0.245815,141415126,0000000.0000,0000000.0,969.05,0.252527,63923.0,0.2584,
NK225MWE  ,OOP,20261009,65250.0,            ,131415226,0000000.0000,0000000.0,2549.95,0.245313,141415226,0000750.0000,0000000.0,928.37,0.252082,63923.0,0.2584,
NK225MWE  ,OOP,20261009,65375.0,            ,131415326,0000000.0000,0000000.0,2661.72,0.244558,141415326,0000000.0000,0000000.0,878.0,0.251394,63923.0,0.2584,
NK225MWE  ,OOP,20261009,65500.0,            ,131415526,0003080.0000,0000000.0,2710.23,0.243543,141415526,0000770.0000,0000000.0,848.63,0.250221,63923.0,0.2584,
NK225MWE  ,OOP,20261009,65625.0,            ,131415626,0000000.0000,0000000.0,2794.51,0.243137,141415626,0000000.0000,0000000.0,794.63,0.250131,63923.0,0.2584,
NK225MWE  ,OOP,20261009,65750.0,            ,131415726,0000000.0000,0000000.0,2878.99,0.242478,141415726,0000645.0000,0000000.0,763.9,0.247787,63923.0,0.2584,
NK225MWE  ,OOP,20261009,65875.0,            ,131415826,0000000.0000,0000000.0,2966.06,0.241557,141415826,0000000.0000,0000000.0,716.4,0.248744,63923.0,0.2584,
NK225MWE  ,OOP,20261009,66000.0,            ,131416026,0003300.0000,0000000.0,3053.12,0.240362,141416026,0000685.0000,0000000.0,685.0,0.246746,63923.0,0.2584,
NK225MWE  ,OOP,20261009,66125.0,            ,131416126,0000000.0000,0000000.0,3142.77,0.239825,141416126,0000000.0000,0000000.0,643.32,0.247246,63923.0,0.2584,
NK225MWE  ,OOP,20261009,66250.0,            ,131416226,0000000.0000,0000000.0,3235.03,0.239026,141416226,0000470.0000,0000000.0,621.9,0.245625,63923.0,0.2584,
NK225MWE  ,OOP,20261009,66375.0,            ,131416326,0000000.0000,0000000.0,3324.66,0.23795,141416326,0000000.0000,0000000.0,575.42,0.246624,63923.0,0.2584,
NK225MWE  ,OOP,20261009,66500.0,            ,131416526,0000000.0000,0000000.0,3419.53,0.237595,141416526,0000510.0000,0000000.0,557.14,0.24587,63923.0,0.2584,
NK225MWE  ,OOP,20261009,66625.0,            ,131416626,0000000.0000,0000000.0,3514.39,0.236982,141416626,0000420.0000,0000000.0,515.36,0.246011,63923.0,0.2584,
NK225MWE  ,OOP,20261009,66750.0,            ,131416726,0000000.0000,0000000.0,3611.88,0.236096,141416726,0000390.0000,0000000.0,499.86,0.245304,63923.0,0.2584,
NK225MWE  ,OOP,20261009,66875.0,            ,131416826,0000000.0000,0000000.0,3751.79,0.236015,141416826,0000000.0000,0000000.0,460.55,0.244388,63923.0,0.2584,
NK225MWE  ,OOP,20261009,67000.0,            ,131417026,0000000.0000,0000000.0,3809.5,0.235688,141417026,0000435.0000,0000000.0,435.0,0.244256,63923.0,0.2584,
NK225MWE  ,OOP,20261009,67125.0,            ,131417126,0000000.0000,0000000.0,3909.62,0.235101,141417126,0000000.0000,0000000.0,411.03,0.243886,63923.0,0.2584,
NK225MWE  ,OOP,20261009,67250.0,            ,131417226,0004250.0000,0000000.0,4029.17,0.234238,141417226,0000305.0000,0000000.0,395.29,0.243263,63923.0,0.2584,
NK225MWE  ,OOP,20261009,67375.0,            ,131417326,0000000.0000,0000000.0,4112.52,0.233079,141417326,0000000.0000,0000000.0,364.14,0.24356,63923.0,0.2584,
NK225MWE  ,OOP,20261009,67500.0,            ,131417526,0000000.0000,0000000.0,4220.12,0.234143,141417526,0000345.0000,0000000.0,344.99,0.243643,63923.0,0.2584,
NK225MWE  ,OOP,20261009,67625.0,            ,131417626,0000000.0000,0000000.0,4320.74,0.232415,141417626,0000000.0000,0000000.0,322.57,0.242244,63923.0,0.2584,
NK225MWE  ,OOP,20261009,67750.0,            ,131417726,0004485.0000,0000000.0,4429.42,0.231682,141417726,0000260.0000,0000000.0,313.16,0.242644,63923.0,0.2584,
NK225MWE  ,OOP,20261009,67875.0,            ,131417826,0000000.0000,0000000.0,4534.86,0.230654,141417826,0000000.0000,0000000.0,286.91,0.242218,63923.0,0.2584,
NK225MWE  ,OOP,20261009,68000.0,            ,131418026,0000000.0000,0000000.0,4645.17,0.230778,141418026,0000283.0000,0000000.0,283.0,0.243511,63923.0,0.2584,
NK225MWE  ,OOP,20261009,68125.0,            ,131418126,0000000.0000,0000000.0,4751.68,0.23067,141418126,0000000.0000,0000000.0,253.94,0.241812,63923.0,0.2584,
NK225MWE  ,OOP,20261009,68250.0,            ,131418226,0000000.0000,0000000.0,4879.34,0.230312,141418226,0000203.0000,0000000.0,244.99,0.242719,63923.0,0.2584,
NK225MWE  ,OOP,20261009,68375.0,            ,131418326,0000000.0000,0000000.0,4972.83,0.229686,141418326,0000000.0000,0000000.0,225.3,0.241934,63923.0,0.2584,
NK225MWE  ,OOP,20261009,68500.0,            ,131418526,0000000.0000,0000000.0,5085.32,0.228764,141418526,0000200.0000,0000000.0,216.63,0.242132,63923.0,0.2584,
NK225MWE  ,OOP,20261009,68625.0,            ,131418626,0000000.0000,0000000.0,5194.52,0.227516,141418626,0000192.0000,0000000.0,197.21,0.24113,63923.0,0.2584,
NK225MWE  ,OOP,20261009,68750.0,            ,131418726,0000000.0000,0000000.0,5310.29,0.22781,141418726,0000158.0000,0000000.0,190.76,0.24222,63923.0,0.2584,
NK225MWE  ,OOP,20261009,68875.0,            ,131418826,0000000.0000,0000000.0,5421.13,0.225898,141418826,0000000.0000,0000000.0,174.02,0.241393,63923.0,0.2584,
NK225MWE  ,OOP,20261009,69000.0,            ,131419026,0000000.0000,0000000.0,5536.9,0.225652,141419026,0000169.0000,0000000.0,169.0,0.241383,63923.0,0.2584,
NK225MWE  ,OOP,20261009,69125.0,            ,131419126,0000000.0000,0000000.0,5649.92,0.225139,141419126,0000000.0000,0000000.0,153.04,0.241148,63923.0,0.2584,
NK225MWE  ,OOP,20261009,69250.0,            ,131419226,0000000.0000,0000000.0,5768.46,0.226641,141419226,0000148.0000,0000000.0,147.99,0.24147,63923.0,0.2584,
NK225MWE  ,OOP,20261009,69375.0,            ,131419326,0000000.0000,0000000.0,5883.14,0.22319,141419326,0000000.0000,0000000.0,136.47,0.242012,63923.0,0.2584,
NK225MWE  ,OOP,20261009,69500.0,            ,131419526,0000000.0000,0000000.0,6000.59,0.224283,141419526,0000137.0000,0000000.0,136.99,0.242808,63923.0,0.2584,
NK225MWE  ,OOP,20261009,69625.0,            ,131419626,0000000.0000,0000000.0,6114.71,0.222517,141419626,0000000.0000,0000000.0,118.24,0.24165,63923.0,0.2584,
NK225MWE  ,OOP,20261009,69750.0,            ,131419726,0000000.0000,0000000.0,6235.49,0.223204,141419726,0000097.0000,0000000.0,114.2,0.241676,63923.0,0.2584,
NK225MWE  ,OOP,20261009,69875.0,            ,131419826,0000000.0000,0000000.0,6350.15,0.220644,141419826,0000000.0000,0000000.0,103.9,0.241779,63923.0,0.2584,
NK225MWE  ,OOP,20261009,70000.0,            ,131410026,0000000.0000,0000000.0,6470.95,0.220819,141410026,0000101.0000,0000000.0,101.0,0.243314,63923.0,0.2584,
NK225MWE  ,OOP,20261009,70125.0,            ,131410126,0000000.0000,0000000.0,6588.95,0.217186,141410126,0000000.0000,0000000.0,92.92,0.243165,63923.0,0.2584,
NK225MWE  ,OOP,20261009,70250.0,            ,131410226,0000000.0000,0000000.0,6708.64,0.216656,141410226,0000088.0000,0000000.0,88.0,0.2439,63923.0,0.2584,
NK225MWE  ,OOP,20261009,70375.0,            ,131410326,0000000.0000,0000000.0,6827.77,0.215806,141410326,0000000.0000,0000000.0,81.95,0.243905,63923.0,0.2584,
NK225MWE  ,OOP,20261009,70500.0,            ,131410526,0000000.0000,0000000.0,6948.58,0.214582,141410526,0000077.0000,0000000.0,77.0,0.244304,63923.0,0.2584,
NK225MWE  ,OOP,20261009,70625.0,            ,131410626,0000000.0000,0000000.0,7067.15,0.212912,141410626,0000000.0000,0000000.0,71.54,0.243891,63923.0,0.2584,
NK225MWE  ,OOP,20261009,70750.0,            ,131410726,0000000.0000,0000000.0,7187.97,0.210692,141410726,0000058.0000,0000000.0,67.99,0.244558,63923.0,0.2584,
NK225MWE  ,OOP,20261009,70875.0,            ,131410826,0000000.0000,0000000.0,7309.36,0.20777,141410826,0000000.0000,0000000.0,63.96,0.245077,63923.0,0.2584,
NK225MWE  ,OOP,20261009,71000.0,            ,131411026,0000000.0000,0000000.0,7429.05,0.203905,141411026,0000059.0000,0000000.0,58.99,0.245435,63923.0,0.2584,
NK225MWE  ,OOP,20261009,71125.0,            ,131411126,0000000.0000,0000000.0,7551.57,0.206838,141411126,0000000.0000,0000000.0,56.39,0.24562,63923.0,0.2584,
NK225MWE  ,OOP,20261009,71250.0,            ,131411226,0000000.0000,0000000.0,7671.83,0.201546,141411226,0000052.0000,0000000.0,52.0,0.245613,63923.0,0.2584,
NK225MWE  ,OOP,20261009,71375.0,            ,131411326,0007900.0000,0000000.0,7793.79,0.194009,141411326,0000000.0000,0000000.0,48.82,0.246237,63923.0,0.2584,
NK225MWE  ,OOP,20261009,71500.0,            ,131411526,0000000.0000,0000000.0,7915.18,0.18177,141411526,0000040.0000,0000000.0,45.64,0.245836,63923.0,0.2584,
NK225MWE  ,OOP,20261009,71625.0,            ,131411626,0000000.0000,0000000.0,8039.99,0.184589,141411626,0000040.0000,0000000.0,45.24,0.247267,63923.0,0.2584,
NK225MWE  ,OOP,20261009,71750.0,            ,131411726,0000000.0000,0000000.0,8162.53,0.187403,141411726,0000040.0000,0000000.0,40.0,0.247192,63923.0,0.2584,
NK225MWE  ,OOP,20261009,71875.0,            ,181411826,0000000.0000,0000000.0,8283.36,0.151432,191411826,0000000.0000,0000000.0,38.82,0.248167,63923.0,0.2584,
NK225MWE  ,OOP,20261009,72000.0,            ,181412026,0008765.0000,0000000.0,8404.18,0.01,191412026,0000036.0000,0000000.0,35.99,0.246907,63923.0,0.2584,
NK225MWE  ,OOP,20261009,72125.0,            ,181412126,0000000.0000,0000000.0,8528.44,0.01,191412126,0000000.0000,0000000.0,34.12,0.247706,63923.0,0.2584,
NK225MWE  ,OOP,20261009,72250.0,            ,181412226,0000000.0000,0000000.0,8648.69,0.01,191412226,0000029.0000,0000000.0,30.75,0.246592,63923.0,0.2584,
NK225MWE  ,OOP,20261014,60500.0,            ,131420527,0000000.0000,0000000.0,807.55,0.290808,141420527,0000000.0000,0000000.0,3939.52,0.294893,63923.0,0.2584,
NK225MWE  ,OOP,20261014,60625.0,            ,131420627,0000000.0000,0000000.0,840.9,0.289875,141420627,0000000.0000,0000000.0,3848.0,0.294746,63923.0,0.2584,
NK225MWE  ,OOP,20261014,60750.0,            ,131420727,0000000.0000,0000000.0,865.23,0.28792,141420727,0000000.0000,0000000.0,3747.46,0.292702,63923.0,0.2584,
NK225MWE  ,OOP,20261014,60875.0,            ,131420827,0000000.0000,0000000.0,892.95,0.286685,141420827,0000000.0000,0000000.0,3650.32,0.290531,63923.0,0.2584,
NK225MWE  ,OOP,20261014,61000.0,            ,131421027,0000000.0000,0000000.0,926.74,0.285297,141421027,0000000.0000,0000000.0,3559.23,0.289906,63923.0,0.2584,
NK225MWE  ,OOP,20261014,61125.0,            ,131421127,0000000.0000,0000000.0,962.0,0.284587,141421127,0000000.0000,0000000.0,3469.63,0.289111,63923.0,0.2584,
NK225MWE  ,OOP,20261014,61250.0,            ,131421227,0000000.0000,0000000.0,989.38,0.28289,141421227,0000000.0000,0000000.0,3372.14,0.286523,63923.0,0.2584,
NK225MWE  ,OOP,20261014,61375.0,            ,131421327,0000000.0000,0000000.0,1031.24,0.282662,141421327,0000000.0000,0000000.0,3289.13,0.287032,63923.0,0.2584,
NK225MWE  ,OOP,20261014,61500.0,            ,131421527,0000000.0000,0000000.0,1058.16,0.280656,141421527,0000000.0000,0000000.0,3191.17,0.28416,63923.0,0.2584,
NK225MWE  ,OOP,20261014,61625.0,            ,131421627,0000000.0000,0000000.0,1099.75,0.280085,141421627,0000000.0000,0000000.0,3107.89,0.283528,63923.0,0.2584,
NK225MWE  ,OOP,20261014,61750.0,            ,131421727,0000000.0000,0000000.0,1131.33,0.277777,141421727,0000000.0000,0000000.0,3014.61,0.281945,63923.0,0.2584,
NK225MWE  ,OOP,20261014,61875.0,            ,131421827,0000000.0000,0000000.0,1172.66,0.276873,141421827,0000000.0000,0000000.0,2931.06,0.280978,63923.0,0.2584,
NK225MWE  ,OOP,20261014,62000.0,            ,131422027,0000000.0000,0000000.0,1209.37,0.275797,141422027,0000000.0000,0000000.0,2842.91,0.279079,63923.0,0.2584,
NK225MWE  ,OOP,20261014,62125.0,            ,131422127,0000000.0000,0000000.0,1255.1,0.27531,141422127,0000000.0000,0000000.0,2763.77,0.278541,63923.0,0.2584,
NK225MWE  ,OOP,20261014,62250.0,            ,131422227,0000000.0000,0000000.0,1288.71,0.272388,141422227,0000000.0000,0000000.0,2672.5,0.276324,63923.0,0.2584,
NK225MWE  ,OOP,20261014,62375.0,            ,131422327,0000000.0000,0000000.0,1341.67,0.27305,141422327,0000000.0000,0000000.0,2600.59,0.276934,63923.0,0.2584,
NK225MWE  ,OOP,20261014,62500.0,            ,131422527,0000000.0000,0000000.0,1377.54,0.270552,141422527,0000000.0000,0000000.0,2511.6,0.27439,63923.0,0.2584,
NK225MWE  ,OOP,20261014,62625.0,            ,131422627,0000000.0000,0000000.0,1430.44,0.270838,141422627,0000000.0000,0000000.0,2439.62,0.273896,63923.0,0.2584,
NK225MWE  ,OOP,20261014,62750.0,            ,131422727,0000000.0000,0000000.0,1468.83,0.268009,141422727,0000000.0000,0000000.0,2353.15,0.27176,63923.0,0.2584,
NK225MWE  ,OOP,20261014,62875.0,            ,131422827,0000000.0000,0000000.0,1528.47,0.268652,141422827,0000000.0000,0000000.0,2287.92,0.272363,63923.0,0.2584,
NK225MWE  ,OOP,20261014,63000.0,            ,131423027,0000000.0000,0000000.0,1564.16,0.265485,141423027,0000000.0000,0000000.0,2198.74,0.269159,63923.0,0.2584,
NK225MWE  ,OOP,20261014,63125.0,            ,131423127,0000000.0000,0000000.0,1628.45,0.266471,141423127,0000000.0000,0000000.0,2138.16,0.270111,63923.0,0.2584,
NK225MWE  ,OOP,20261014,63250.0,            ,131423227,0000000.0000,0000000.0,1666.13,0.262957,141423227,0000000.0000,0000000.0,2050.96,0.266565,63923.0,0.2584,
NK225MWE  ,OOP,20261014,63375.0,            ,131423327,0000000.0000,0000000.0,1721.39,0.262131,141423327,0000000.0000,0000000.0,1981.35,0.265711,63923.0,0.2584,
NK225MWE  ,OOP,20261014,63500.0,            ,131423527,0000000.0000,0000000.0,1777.48,0.26183,141423527,0000000.0000,0000000.0,1912.57,0.265384,63923.0,0.2584,
NK225MWE  ,OOP,20261014,63625.0,            ,131423627,0000000.0000,0000000.0,1818.14,0.258488,141423627,0000000.0000,0000000.0,1828.37,0.262018,63923.0,0.2584,
NK225MWE  ,OOP,20261014,63750.0,            ,131423727,0000000.0000,0000000.0,1893.6,0.259942,141423727,0000000.0000,0000000.0,1778.96,0.263451,63923.0,0.2584,
NK225MWE  ,OOP,20261014,63875.0,            ,131423827,0000000.0000,0000000.0,1938.22,0.256931,141423827,0000000.0000,0000000.0,1698.7,0.260422,63923.0,0.2584,
NK225MWE  ,OOP,20261014,64000.0,            ,131424027,0000000.0000,0000000.0,2013.63,0.257998,141424027,0000000.0000,0000000.0,1649.25,0.261473,63923.0,0.2584,
NK225MWE  ,OOP,20261014,64125.0,            ,131424127,0000000.0000,0000000.0,2077.46,0.256733,141424127,0000000.0000,0000000.0,1588.2,0.260195,63923.0,0.2584,
NK225MWE  ,OOP,20261014,64250.0,            ,131424227,0000000.0000,0000000.0,2138.19,0.25527,141424227,0000000.0000,0000000.0,1524.07,0.259437,63923.0,0.2584,
NK225MWE  ,OOP,20261014,64375.0,            ,131424327,0000000.0000,0000000.0,2191.99,0.252886,141424327,0000000.0000,0000000.0,1452.99,0.256331,63923.0,0.2584,
NK225MWE  ,OOP,20261014,64500.0,            ,131424527,0000000.0000,0000000.0,2269.45,0.253894,141424527,0000000.0000,0000000.0,1405.59,0.257333,63923.0,0.2584,
NK225MWE  ,OOP,20261014,64625.0,            ,131424627,0000000.0000,0000000.0,2332.49,0.25182,141424627,0000000.0000,0000000.0,1343.75,0.255257,63923.0,0.2584,
NK225MWE  ,OOP,20261014,64750.0,            ,131424727,0000000.0000,0000000.0,2407.96,0.251714,141424727,0000000.0000,0000000.0,1294.35,0.255152,63923.0,0.2584,
NK225MWE  ,OOP,20261014,64875.0,            ,131424827,0000000.0000,0000000.0,2470.8,0.249947,141424827,0000000.0000,0000000.0,1232.32,0.253388,63923.0,0.2584,
NK225MWE  ,OOP,20261014,65000.0,            ,131425027,0000000.0000,0000000.0,2555.71,0.250914,141425027,0000000.0000,0000000.0,1192.37,0.25436,63923.0,0.2584,
NK225MWE  ,OOP,20261014,65125.0,            ,131425127,0000000.0000,0000000.0,2628.45,0.24947,141425127,0000000.0000,0000000.0,1140.24,0.252925,63923.0,0.2584,
NK225MWE  ,OOP,20261014,65250.0,            ,131425227,0000000.0000,0000000.0,2704.96,0.248557,141425227,0000000.0000,0000000.0,1091.87,0.252774,63923.0,0.2584,
NK225MWE  ,OOP,20261014,65375.0,            ,131425327,0000000.0000,0000000.0,2782.5,0.248191,141425327,0000000.0000,0000000.0,1044.55,0.251672,63923.0,0.2584,
NK225MWE  ,OOP,20261014,65500.0,            ,131425527,0000000.0000,0000000.0,2862.36,0.247625,141425527,0000000.0000,0000000.0,999.54,0.251122,63923.0,0.2584,
NK225MWE  ,OOP,20261014,65625.0,            ,131425627,0000000.0000,0000000.0,2943.59,0.246851,141425627,0000000.0000,0000000.0,955.89,0.25037,63923.0,0.2584,
NK225MWE  ,OOP,20261014,65750.0,            ,131425727,0000000.0000,0000000.0,3025.61,0.245865,141425727,0000000.0000,0000000.0,913.04,0.250191,63923.0,0.2584,
NK225MWE  ,OOP,20261014,65875.0,            ,131425827,0000000.0000,0000000.0,3110.45,0.245456,141425827,0000000.0000,0000000.0,873.02,0.249818,63923.0,0.2584,
NK225MWE  ,OOP,20261014,66000.0,            ,131426027,0000000.0000,0000000.0,3194.19,0.244842,141426027,0000000.0000,0000000.0,831.89,0.24844,63923.0,0.2584,
NK225MWE  ,OOP,20261014,66125.0,            ,131426127,0000000.0000,0000000.0,3280.79,0.244016,141426127,0000000.0000,0000000.0,793.61,0.248465,63923.0,0.2584,
NK225MWE  ,OOP,20261014,66250.0,            ,131426227,0000000.0000,0000000.0,3371.18,0.243804,141426227,0000000.0000,0000000.0,759.14,0.2483,63923.0,0.2584,
NK225MWE  ,OOP,20261014,66375.0,            ,131426327,0000000.0000,0000000.0,3456.54,0.242543,141426327,0000000.0000,0000000.0,719.62,0.247097,63923.0,0.2584,
NK225MWE  ,OOP,20261014,66500.0,            ,131426527,0000000.0000,0000000.0,3548.99,0.242772,141426527,0000000.0000,0000000.0,687.2,0.246521,63923.0,0.2584,
NK225MWE  ,OOP,20261014,66625.0,            ,131426627,0000000.0000,0000000.0,3640.17,0.241936,141426627,0000000.0000,0000000.0,653.51,0.245735,63923.0,0.2584,
NK225MWE  ,OOP,20261014,66750.0,            ,131426727,0000000.0000,0000000.0,3735.39,0.241772,141426727,0000000.0000,0000000.0,623.87,0.246508,63923.0,0.2584,
NK225MWE  ,OOP,20261014,66875.0,            ,131426827,0000000.0000,0000000.0,3830.25,0.241409,141426827,0000000.0000,0000000.0,593.86,0.245309,63923.0,0.2584,
NK225MWE  ,OOP,20261014,67000.0,            ,131427027,0000000.0000,0000000.0,3926.57,0.240838,141427027,0000000.0000,0000000.0,565.3,0.245722,63923.0,0.2584,
NK225MWE  ,OOP,20261014,67125.0,            ,131427127,0000000.0000,0000000.0,4022.98,0.240049,141427127,0000000.0000,0000000.0,536.84,0.24502,63923.0,0.2584,
NK225MWE  ,OOP,20261014,67250.0,            ,131427227,0000000.0000,0000000.0,4120.3,0.240011,141427227,0000000.0000,0000000.0,509.3,0.244098,63923.0,0.2584,
NK225MWE  ,OOP,20261014,67375.0,            ,131427327,0000000.0000,0000000.0,4219.39,0.238775,141427327,0000000.0000,0000000.0,483.52,0.243935,63923.0,0.2584,
NK225MWE  ,OOP,20261014,67500.0,            ,131427527,0000000.0000,0000000.0,4324.6,0.239344,141427527,0000000.0000,0000000.0,463.86,0.244587,63923.0,0.2584,
NK225MWE  ,OOP,20261014,67625.0,            ,131427627,0000000.0000,0000000.0,4422.03,0.238695,141427627,0000000.0000,0000000.0,436.42,0.244048,63923.0,0.2584,
NK225MWE  ,OOP,20261014,67750.0,            ,131427727,0000000.0000,0000000.0,4526.75,0.238903,141427727,0000000.0000,0000000.0,416.26,0.244356,63923.0,0.2584,
NK225MWE  ,OOP,20261014,67875.0,            ,131427827,0000000.0000,0000000.0,4628.39,0.237819,141427827,0000000.0000,0000000.0,393.03,0.243406,63923.0,0.2584,
NK225MWE  ,OOP,20261014,68000.0,            ,131428027,0000000.0000,0000000.0,4736.45,0.23877,141428027,0000000.0000,0000000.0,376.22,0.244452,63923.0,0.2584,
NK225MWE  ,OOP,20261014,68125.0,            ,131428127,0000000.0000,0000000.0,4839.96,0.237234,141428127,0000000.0000,0000000.0,354.87,0.243076,63923.0,0.2584,
NK225MWE  ,OOP,20261014,68250.0,            ,131428227,0000000.0000,0000000.0,4949.22,0.23784,141428227,0000000.0000,0000000.0,339.26,0.243797,63923.0,0.2584,
NK225MWE  ,OOP,20261016,60500.0,            ,131420526,0000000.0000,0000000.0,861.94,0.289708,141420526,0000000.0000,0000000.0,3998.4,0.295388,63923.0,0.2584,
NK225MWE  ,OOP,20261016,60625.0,            ,131420626,0000000.0000,0000000.0,896.41,0.289519,141420626,0000000.0000,0000000.0,3908.01,0.29509,63923.0,0.2584,
NK225MWE  ,OOP,20261016,60750.0,            ,131420726,0000000.0000,0000000.0,921.17,0.287509,141420726,0000000.0000,0000000.0,3807.91,0.292165,63923.0,0.2584,
NK225MWE  ,OOP,20261016,60875.0,            ,131420826,0000000.0000,0000000.0,949.77,0.286193,141420826,0000000.0000,0000000.0,3711.66,0.290765,63923.0,0.2584,
NK225MWE  ,OOP,20261016,61000.0,            ,131421026,0000000.0000,0000000.0,983.82,0.285541,141421026,0000000.0000,0000000.0,3620.84,0.290029,63923.0,0.2584,
NK225MWE  ,OOP,20261016,61125.0,            ,131421126,0000000.0000,0000000.0,1020.04,0.284729,141421126,0000000.0000,0000000.0,3532.2,0.289139,63923.0,0.2584,
NK225MWE  ,OOP,20261016,61250.0,            ,131421226,0000000.0000,0000000.0,1048.23,0.282194,141421226,0000000.0000,0000000.0,3435.53,0.287315,63923.0,0.2584,
NK225MWE  ,OOP,20261016,61375.0,            ,131421326,0000000.0000,0000000.0,1090.71,0.282642,141421326,0000000.0000,0000000.0,3353.15,0.286906,63923.0,0.2584,
NK225MWE  ,OOP,20261016,61500.0,            ,131421526,0000000.0000,0000000.0,1118.26,0.279839,141421526,0000000.0000,0000000.0,3255.84,0.284803,63923.0,0.2584,
NK225MWE  ,OOP,20261016,61625.0,            ,131421626,0000000.0000,0000000.0,1160.41,0.279954,141421626,0000000.0000,0000000.0,3173.13,0.284084,63923.0,0.2584,
NK225MWE  ,OOP,20261016,61750.0,            ,131421726,0000000.0000,0000000.0,1192.57,0.277638,141421726,0000000.0000,0000000.0,3080.42,0.282458,63923.0,0.2584,
NK225MWE  ,OOP,20261016,61875.0,            ,131421826,0000000.0000,0000000.0,1234.37,0.276677,141421826,0000000.0000,0000000.0,2997.36,0.28143,63923.0,0.2584,
NK225MWE  ,OOP,20261016,62000.0,            ,131422026,0000000.0000,0000000.0,1271.78,0.275557,141422026,0000000.0000,0000000.0,2909.92,0.279511,63923.0,0.2584,
NK225MWE  ,OOP,20261016,62125.0,            ,131422126,0000000.0000,0000000.0,1317.79,0.27501,141422126,0000000.0000,0000000.0,2831.06,0.279638,63923.0,0.2584,
NK225MWE  ,OOP,20261016,62250.0,            ,131422226,0000000.0000,0000000.0,1351.89,0.272847,141422226,0000000.0000,0000000.0,2740.3,0.276695,63923.0,0.2584,
NK225MWE  ,OOP,20261016,62375.0,            ,131422326,0000000.0000,0000000.0,1405.04,0.272695,141422326,0000000.0000,0000000.0,2668.6,0.277212,63923.0,0.2584,
NK225MWE  ,OOP,20261016,62500.0,            ,131422526,0000000.0000,0000000.0,1441.39,0.270228,141422526,0000000.0000,0000000.0,2580.08,0.274694,63923.0,0.2584,
NK225MWE  ,OOP,20261016,62625.0,            ,131422626,0000000.0000,0000000.0,1494.52,0.27045,141422626,0000000.0000,0000000.0,2508.35,0.274867,63923.0,0.2584,
NK225MWE  ,OOP,20261016,62750.0,            ,131422726,0000000.0000,0000000.0,1533.45,0.268378,141422726,0000000.0000,0000000.0,2422.42,0.27275,63923.0,0.2584,
NK225MWE  ,OOP,20261016,62875.0,            ,131422826,0000000.0000,0000000.0,1593.02,0.268954,141422826,0000000.0000,0000000.0,2357.13,0.272583,63923.0,0.2584,
NK225MWE  ,OOP,20261016,63000.0,            ,131423026,0000000.0000,0000000.0,1629.27,0.265857,141423026,0000000.0000,0000000.0,2268.52,0.270148,63923.0,0.2584,
NK225MWE  ,OOP,20261016,63125.0,            ,131423126,0000000.0000,0000000.0,1693.36,0.266778,141423126,0000000.0000,0000000.0,2207.75,0.270337,63923.0,0.2584,
NK225MWE  ,OOP,20261016,63250.0,            ,131423226,0000000.0000,0000000.0,1731.45,0.263358,141423226,0000000.0000,0000000.0,2120.97,0.267579,63923.0,0.2584,
NK225MWE  ,OOP,20261016,63375.0,            ,131423326,0000000.0000,0000000.0,1787.07,0.262541,141423326,0000000.0000,0000000.0,2051.74,0.266731,63923.0,0.2584,
NK225MWE  ,OOP,20261016,63500.0,            ,131423526,0000000.0000,0000000.0,1842.87,0.261549,141423526,0000000.0000,0000000.0,1982.68,0.265711,63923.0,0.2584,
NK225MWE  ,OOP,20261016,63625.0,            ,131423626,0000000.0000,0000000.0,1883.21,0.258316,141423626,0000000.0000,0000000.0,1898.16,0.262453,63923.0,0.2584,
NK225MWE  ,OOP,20261016,63750.0,            ,131423726,0000000.0000,0000000.0,1957.96,0.259722,141423726,0000000.0000,0000000.0,1848.05,0.263837,63923.0,0.2584,
NK225MWE  ,OOP,20261016,63875.0,            ,131423826,0000000.0000,0000000.0,2002.99,0.256821,141423826,0000000.0000,0000000.0,1768.21,0.260917,63923.0,0.2584,
NK225MWE  ,OOP,20261016,64000.0,            ,131424026,0000000.0000,0000000.0,2077.73,0.257866,141424026,0000000.0000,0000000.0,1718.09,0.261945,63923.0,0.2584,
NK225MWE  ,OOP,20261016,64125.0,            ,131424126,0000000.0000,0000000.0,2141.46,0.257354,141424126,0000000.0000,0000000.0,1656.97,0.26142,63923.0,0.2584,
NK225MWE  ,OOP,20261016,64250.0,            ,131424226,0000000.0000,0000000.0,2201.93,0.25597,141424226,0000000.0000,0000000.0,1592.57,0.260025,63923.0,0.2584,
NK225MWE  ,OOP,20261016,64375.0,            ,131424326,0000000.0000,0000000.0,2255.86,0.253013,141424326,0000000.0000,0000000.0,1521.64,0.257753,63923.0,0.2584,
NK225MWE  ,OOP,20261016,64500.0,            ,131424526,0000000.0000,0000000.0,2332.52,0.254026,141424526,0000000.0000,0000000.0,1473.44,0.258068,63923.0,0.2584,
NK225MWE  ,OOP,20261016,64625.0,            ,131424626,0000000.0000,0000000.0,2395.29,0.252073,141424626,0000000.0000,0000000.0,1411.35,0.256114,63923.0,0.2584,
NK225MWE  ,OOP,20261016,64750.0,            ,131424726,0000000.0000,0000000.0,2470.29,0.252025,141424726,0000000.0000,0000000.0,1361.49,0.256067,63923.0,0.2584,
NK225MWE  ,OOP,20261016,64875.0,            ,131424826,0000000.0000,0000000.0,2532.87,0.250384,141424826,0000000.0000,0000000.0,1299.21,0.254431,63923.0,0.2584,
NK225MWE  ,OOP,20261016,65000.0,            ,131425026,0000000.0000,0000000.0,2616.93,0.250674,141425026,0000000.0000,0000000.0,1258.41,0.255437,63923.0,0.2584,
NK225MWE  ,OOP,20261016,65125.0,            ,131425126,0000000.0000,0000000.0,2689.25,0.25007,141425126,0000000.0000,0000000.0,1205.87,0.254134,63923.0,0.2584,
NK225MWE  ,OOP,20261016,65250.0,            ,131425226,0000000.0000,0000000.0,2764.72,0.249277,141425226,0000000.0000,0000000.0,1156.47,0.253354,63923.0,0.2584,
NK225MWE  ,OOP,20261016,65375.0,            ,131425326,0000000.0000,0000000.0,2841.72,0.248289,141425326,0000000.0000,0000000.0,1108.61,0.252383,63923.0,0.2584,
NK225MWE  ,OOP,20261016,65500.0,            ,131425526,0000000.0000,0000000.0,2920.91,0.247837,141425526,0000000.0000,0000000.0,1062.95,0.25195,63923.0,0.2584,
NK225MWE  ,OOP,20261016,65625.0,            ,131425626,0000000.0000,0000000.0,3000.94,0.247196,141425626,0000000.0000,0000000.0,1018.12,0.251332,63923.0,0.2584,
NK225MWE  ,OOP,20261016,65750.0,            ,131425726,0000000.0000,0000000.0,3082.15,0.24636,141425726,0000000.0000,0000000.0,974.46,0.250523,63923.0,0.2584,
NK225MWE  ,OOP,20261016,65875.0,            ,131425826,0000000.0000,0000000.0,3166.29,0.246085,141425826,0000000.0000,0000000.0,933.74,0.250277,63923.0,0.2584,
NK225MWE  ,OOP,20261016,66000.0,            ,131426026,0000000.0000,0000000.0,3248.86,0.244851,141426026,0000000.0000,0000000.0,891.45,0.249848,63923.0,0.2584,
NK225MWE  ,OOP,20261016,66125.0,            ,131426126,0000000.0000,0000000.0,3334.4,0.244186,141426126,0000000.0000,0000000.0,852.13,0.249231,63923.0,0.2584,
NK225MWE  ,OOP,20261016,66250.0,            ,131426226,0000000.0000,0000000.0,3424.27,0.244117,141426226,0000000.0000,0000000.0,817.14,0.24921,63923.0,0.2584,
NK225MWE  ,OOP,20261016,66375.0,            ,131426326,0000000.0000,0000000.0,3508.06,0.243057,141426326,0000000.0000,0000000.0,776.07,0.247408,63923.0,0.2584,
NK225MWE  ,OOP,20261016,66500.0,            ,131426526,0000000.0000,0000000.0,3599.75,0.242605,141426526,0000000.0000,0000000.0,742.9,0.247819,63923.0,0.2584,
NK225MWE  ,OOP,20261016,66625.0,            ,131426626,0000000.0000,0000000.0,3689.6,0.241956,141426626,0000000.0000,0000000.0,707.89,0.247238,63923.0,0.2584,
NK225MWE  ,OOP,20261016,66750.0,            ,131426726,0000000.0000,0000000.0,3784.16,0.241957,141426726,0000000.0000,0000000.0,677.59,0.247304,63923.0,0.2584,
NK225MWE  ,OOP,20261016,66875.0,            ,131426826,0000000.0000,0000000.0,3878.2,0.241777,141426826,0000000.0000,0000000.0,646.76,0.246339,63923.0,0.2584,
NK225MWE  ,OOP,20261016,67000.0,            ,131427026,0000000.0000,0000000.0,3973.09,0.241412,141427026,0000000.0000,0000000.0,616.8,0.246037,63923.0,0.2584,
NK225MWE  ,OOP,20261016,67125.0,            ,131427126,0000000.0000,0000000.0,4068.16,0.240853,141427126,0000000.0000,0000000.0,587.0,0.245548,63923.0,0.2584,
NK225MWE  ,OOP,20261016,67250.0,            ,131427226,0000000.0000,0000000.0,4164.61,0.240092,141427226,0000000.0000,0000000.0,558.6,0.245775,63923.0,0.2584,
NK225MWE  ,OOP,20261016,67375.0,            ,131427326,0000000.0000,0000000.0,4262.36,0.239117,141427326,0000000.0000,0000000.0,531.49,0.244907,63923.0,0.2584,
NK225MWE  ,OOP,20261016,67500.0,            ,131427526,0000000.0000,0000000.0,4366.77,0.239851,141427526,0000000.0000,0000000.0,511.03,0.245726,63923.0,0.2584,
NK225MWE  ,OOP,20261016,67625.0,            ,131427626,0000000.0000,0000000.0,4463.2,0.238464,141427626,0000000.0000,0000000.0,482.6,0.244467,63923.0,0.2584,
NK225MWE  ,OOP,20261016,67750.0,            ,131427726,0000000.0000,0000000.0,4566.35,0.238858,141427726,0000000.0000,0000000.0,460.89,0.244962,63923.0,0.2584,
NK225MWE  ,OOP,20261016,67875.0,            ,131427826,0000000.0000,0000000.0,4666.61,0.238054,141427826,0000000.0000,0000000.0,436.29,0.244291,63923.0,0.2584,
NK225MWE  ,OOP,20261016,68000.0,            ,131428026,0000000.0000,0000000.0,4773.93,0.238098,141428026,0000000.0000,0000000.0,418.75,0.244456,63923.0,0.2584,
NK225MWE  ,OOP,20261016,68125.0,            ,131428126,0000000.0000,0000000.0,4876.48,0.237966,141428126,0000000.0000,0000000.0,396.44,0.244456,63923.0,0.2584,
NK225MWE  ,OOP,20261016,68250.0,            ,131428226,0000000.0000,0000000.0,4984.19,0.237651,141428226,0000000.0000,0000000.0,379.29,0.244285,63923.0,0.2584,
NK225MWE  ,OOP,20261016,68375.0,            ,131428326,0000000.0000,0000000.0,5089.05,0.237141,141428326,0000000.0000,0000000.0,359.29,0.243933,63923.0,0.2584,
NK225MWE  ,OOP,20261016,68500.0,            ,131428526,0000000.0000,0000000.0,5196.86,0.237617,141428526,0000000.0000,0000000.0,342.24,0.244544,63923.0,0.2584,
NK225MWE  ,OOP,20261016,68625.0,            ,131428626,0000000.0000,0000000.0,5301.21,0.236719,141428626,0000000.0000,0000000.0,321.73,0.243834,63923.0,0.2584,
NK225MWE  ,OOP,20261016,68750.0,            ,131428726,0000000.0000,0000000.0,5412.78,0.236855,141428726,0000000.0000,0000000.0,308.44,0.244131,63923.0,0.2584,
NK225MWE  ,OOP,20261016,68875.0,            ,131428826,0000000.0000,0000000.0,5518.72,0.235516,141428826,0000000.0000,0000000.0,289.52,0.242769,63923.0,0.2584,
NK225MWE  ,OOP,20261016,69000.0,            ,131429026,0000000.0000,0000000.0,5631.75,0.236616,141429026,0000000.0000,0000000.0,277.68,0.243487,63923.0,0.2584,
NK225MWE  ,OOP,20261016,69125.0,            ,131429126,0000000.0000,0000000.0,5739.44,0.234823,141429126,0000000.0000,0000000.0,260.52,0.242744,63923.0,0.2584,
NK225MWE  ,OOP,20261016,69250.0,            ,131429226,0000000.0000,0000000.0,5855.5,0.235624,141429226,0000000.0000,0000000.0,251.72,0.243985,63923.0,0.2584,
NK225MWE  ,OOP,20261016,69375.0,            ,131429326,0000000.0000,0000000.0,5966.22,0.234809,141429326,0000000.0000,0000000.0,237.58,0.243721,63923.0,0.2584,
NK225MWE  ,OOP,20261021,60500.0,            ,131430527,0000000.0000,0000000.0,991.63,0.28893,141430527,0000000.0000,0000000.0,4139.32,0.293115,63923.0,0.2584,
NK225MWE  ,OOP,20261021,60625.0,            ,131430627,0000000.0000,0000000.0,1028.77,0.28923,141430627,0000000.0000,0000000.0,4051.63,0.293332,63923.0,0.2584,
NK225MWE  ,OOP,20261021,60750.0,            ,131430727,0000000.0000,0000000.0,1054.45,0.287127,141430727,0000000.0000,0000000.0,3952.47,0.291159,63923.0,0.2584,
NK225MWE  ,OOP,20261021,60875.0,            ,131430827,0000000.0000,0000000.0,1085.2,0.285662,141430827,0000000.0000,0000000.0,3858.38,0.289625,63923.0,0.2584,
NK225MWE  ,OOP,20261021,61000.0,            ,131431027,0000000.0000,0000000.0,1119.5,0.284812,141431027,0000000.0000,0000000.0,3767.84,0.288705,63923.0,0.2584,
NK225MWE  ,OOP,20261021,61125.0,            ,131431127,0000000.0000,0000000.0,1158.01,0.28383,141431127,0000000.0000,0000000.0,3681.52,0.288378,63923.0,0.2584,
NK225MWE  ,OOP,20261021,61250.0,            ,131431227,0000000.0000,0000000.0,1188.24,0.282003,141431227,0000000.0000,0000000.0,3586.9,0.286482,63923.0,0.2584,
NK225MWE  ,OOP,20261021,61375.0,            ,131431327,0000000.0000,0000000.0,1231.92,0.282186,141431327,0000000.0000,0000000.0,3505.75,0.285887,63923.0,0.2584,
NK225MWE  ,OOP,20261021,61500.0,            ,131431527,0000000.0000,0000000.0,1261.15,0.280111,141431527,0000000.0000,0000000.0,3410.15,0.283756,63923.0,0.2584,
NK225MWE  ,OOP,20261021,61625.0,            ,131431627,0000000.0000,0000000.0,1304.41,0.279314,141431627,0000000.0000,0000000.0,3328.57,0.283595,63923.0,0.2584,
NK225MWE  ,OOP,20261021,61750.0,            ,131431727,0000000.0000,0000000.0,1337.99,0.277691,141431727,0000000.0000,0000000.0,3237.31,0.281912,63923.0,0.2584,
NK225MWE  ,OOP,20261021,61875.0,            ,131431827,0000000.0000,0000000.0,1380.82,0.27731,141431827,0000000.0000,0000000.0,3155.3,0.280791,63923.0,0.2584,
NK225MWE  ,OOP,20261021,62000.0,            ,131432027,0000000.0000,0000000.0,1420.01,0.275429,141432027,0000000.0000,0000000.0,3069.65,0.279537,63923.0,0.2584,
NK225MWE  ,OOP,20261021,62125.0,            ,131432127,0000000.0000,0000000.0,1466.45,0.275441,141432127,0000000.0000,0000000.0,2991.25,0.278824,63923.0,0.2584,
NK225MWE  ,OOP,20261021,62250.0,            ,131432227,0000000.0000,0000000.0,1501.86,0.273299,141432227,0000000.0000,0000000.0,2901.83,0.276638,63923.0,0.2584,
NK225MWE  ,OOP,20261021,62375.0,            ,131432327,0000000.0000,0000000.0,1555.22,0.273023,141432327,0000000.0000,0000000.0,2830.35,0.276979,63923.0,0.2584,
NK225MWE  ,OOP,20261021,62500.0,            ,131432527,0000000.0000,0000000.0,1592.84,0.271281,141432527,0000000.0000,0000000.0,2743.14,0.275192,63923.0,0.2584,
NK225MWE  ,OOP,20261021,62625.0,            ,131432627,0000000.0000,0000000.0,1646.37,0.270716,141432627,0000000.0000,0000000.0,2671.82,0.274583,63923.0,0.2584,
NK225MWE  ,OOP,20261021,62750.0,            ,131432727,0000000.0000,0000000.0,1686.85,0.269354,141432727,0000000.0000,0000000.0,2587.47,0.272529,63923.0,0.2584,
NK225MWE  ,OOP,20261021,62875.0,            ,131432827,0000000.0000,0000000.0,1745.95,0.269148,141432827,0000000.0000,0000000.0,2521.73,0.272936,63923.0,0.2584,
NK225MWE  ,OOP,20261021,63000.0,            ,131433027,0000000.0000,0000000.0,1783.91,0.266856,141433027,0000000.0000,0000000.0,2434.85,0.270607,63923.0,0.2584,
NK225MWE  ,OOP,20261021,63125.0,            ,131433127,0000000.0000,0000000.0,1847.19,0.267001,141433127,0000000.0000,0000000.0,2373.3,0.270717,63923.0,0.2584,
NK225MWE  ,OOP,20261021,63250.0,            ,131433227,0000000.0000,0000000.0,1886.64,0.264427,141433227,0000000.0000,0000000.0,2287.91,0.268112,63923.0,0.2584,
NK225MWE  ,OOP,20261021,63375.0,            ,131433327,0000000.0000,0000000.0,1943.31,0.264273,141433327,0000000.0000,0000000.0,2219.74,0.267287,63923.0,0.2584,
NK225MWE  ,OOP,20261021,63500.0,            ,131433527,0000000.0000,0000000.0,1998.3,0.263327,141433527,0000000.0000,0000000.0,2149.89,0.266315,63923.0,0.2584,
NK225MWE  ,OOP,20261021,63625.0,            ,131433627,0000000.0000,0000000.0,2038.06,0.259683,141433627,0000000.0000,0000000.0,2064.82,0.263283,63923.0,0.2584,
NK225MWE  ,OOP,20261021,63750.0,            ,131433727,0000000.0000,0000000.0,2110.71,0.260986,141433727,0000000.0000,0000000.0,2012.63,0.264563,63923.0,0.2584,
NK225MWE  ,OOP,20261021,63875.0,            ,131433827,0000000.0000,0000000.0,2157.25,0.258314,141433827,0000000.0000,0000000.0,1934.33,0.26187,63923.0,0.2584,
NK225MWE  ,OOP,20261021,64000.0,            ,131434027,0000000.0000,0000000.0,2230.08,0.259309,141434027,0000000.0000,0000000.0,1882.32,0.262845,63923.0,0.2584,
NK225MWE  ,OOP,20261021,64125.0,            ,131434127,0000000.0000,0000000.0,2293.74,0.258239,141434127,0000000.0000,0000000.0,1821.15,0.261758,63923.0,0.2584,
NK225MWE  ,OOP,20261021,64250.0,            ,131434227,0000000.0000,0000000.0,2353.73,0.257013,141434227,0000000.0000,0000000.0,1756.3,0.260516,63923.0,0.2584,
NK225MWE  ,OOP,20261021,64375.0,            ,131434327,0000000.0000,0000000.0,2408.51,0.254987,141434327,0000000.0000,0000000.0,1686.24,0.258478,63923.0,0.2584,
NK225MWE  ,OOP,20261021,64500.0,            ,131434527,0000000.0000,0000000.0,2483.06,0.255365,141434527,0000000.0000,0000000.0,1635.96,0.258844,63923.0,0.2584,
NK225MWE  ,OOP,20261021,64625.0,            ,131434627,0000000.0000,0000000.0,2545.51,0.253658,141434627,0000000.0000,0000000.0,1573.57,0.257773,63923.0,0.2584,
NK225MWE  ,OOP,20261021,64750.0,            ,131434727,0000000.0000,0000000.0,2619.46,0.253724,141434727,0000000.0000,0000000.0,1522.68,0.257188,63923.0,0.2584,
NK225MWE  ,OOP,20261021,64875.0,            ,131434827,0000000.0000,0000000.0,2681.91,0.252337,141434827,0000000.0000,0000000.0,1460.29,0.255797,63923.0,0.2584,
NK225MWE  ,OOP,20261021,65000.0,            ,131435027,0000000.0000,0000000.0,2763.78,0.252742,141435027,0000000.0000,0000000.0,1417.32,0.256198,63923.0,0.2584,
NK225MWE  ,OOP,20261021,65125.0,            ,131435127,0000000.0000,0000000.0,2835.42,0.251683,141435127,0000000.0000,0000000.0,1364.13,0.255797,63923.0,0.2584,
NK225MWE  ,OOP,20261021,65250.0,            ,131435227,0000000.0000,0000000.0,2908.42,0.251119,141435227,0000000.0000,0000000.0,1312.29,0.254577,63923.0,0.2584,
NK225MWE  ,OOP,20261021,65375.0,            ,131435327,0000000.0000,0000000.0,2984.42,0.250394,141435327,0000000.0000,0000000.0,1263.45,0.253856,63923.0,0.2584,
NK225MWE  ,OOP,20261021,65500.0,            ,131435527,0000000.0000,0000000.0,3062.29,0.249503,141435527,0000000.0000,0000000.0,1216.48,0.253644,63923.0,0.2584,
NK225MWE  ,OOP,20261021,65625.0,            ,131435627,0000000.0000,0000000.0,3139.47,0.249123,141435627,0000000.0000,0000000.0,1168.83,0.2526,63923.0,0.2584,
NK225MWE  ,OOP,20261021,65750.0,            ,131435727,0000000.0000,0000000.0,3218.99,0.248583,141435727,0000000.0000,0000000.0,1123.51,0.25207,63923.0,0.2584,
NK225MWE  ,OOP,20261021,65875.0,            ,131435827,0000000.0000,0000000.0,3301.74,0.247879,141435827,0000000.0000,0000000.0,1081.42,0.252069,63923.0,0.2584,
NK225MWE  ,OOP,20261021,66000.0,            ,131436027,0000000.0000,0000000.0,3381.65,0.247007,141436027,0000000.0000,0000000.0,1036.49,0.251221,63923.0,0.2584,
NK225MWE  ,OOP,20261021,66125.0,            ,131436127,0000000.0000,0000000.0,3464.83,0.24667,141436127,0000000.0000,0000000.0,994.83,0.250203,63923.0,0.2584,
NK225MWE  ,OOP,20261021,66250.0,            ,131436227,0000000.0000,0000000.0,3553.88,0.246172,141436227,0000000.0000,0000000.0,959.05,0.250439,63923.0,0.2584,
NK225MWE  ,OOP,20261021,66375.0,            ,131436327,0000000.0000,0000000.0,3633.97,0.244783,141436327,0000000.0000,0000000.0,914.3,0.249085,63923.0,0.2584,
NK225MWE  ,OOP,20261021,66500.0,            ,131436527,0000000.0000,0000000.0,3724.18,0.244676,141436527,0000000.0000,0000000.0,879.67,0.24901,63923.0,0.2584,
NK225MWE  ,OOP,20261113,60500.0,            ,181460526,0001570.0000,0000000.0,1491.02,0.284189,191460526,0000000.0000,0000000.0,4686.94,0.289331,63923.0,0.2584,
NK225MWE  ,OOP,20261113,60625.0,            ,181460626,0001735.0000,0000000.0,1560.48,0.284922,191460626,0000000.0000,0000000.0,4620.76,0.289986,63923.0,0.2584,
NK225MWE  ,OOP,20261113,60750.0,            ,181460726,0001770.0000,0000000.0,1561.16,0.282908,191460726,0000000.0000,0000000.0,4524.59,0.287777,63923.0,0.2584,
NK225MWE  ,OOP,20261113,60875.0,            ,181460826,0000000.0000,0000000.0,1583.72,0.282778,191460826,0000000.0000,0000000.0,4440.81,0.287704,63923.0,0.2584,
NK225MWE  ,OOP,20261113,61000.0,            ,181461026,0001695.0000,0000000.0,1638.8,0.281046,191461026,0004125.0000,0000000.0,4327.21,0.285908,63923.0,0.2584,
NK225MWE  ,OOP,20261113,61125.0,            ,181461126,0000000.0000,0000000.0,1681.37,0.281022,191461126,0000000.0000,0000000.0,4270.71,0.285668,63923.0,0.2584,
NK225MWE  ,OOP,20261113,61250.0,            ,181461226,0001850.0000,0000000.0,1723.95,0.280497,191461226,0000000.0000,0000000.0,4177.37,0.28534,63923.0,0.2584,
NK225MWE  ,OOP,20261113,61375.0,            ,181461326,0000000.0000,0000000.0,1756.52,0.280257,191461326,0000000.0000,0000000.0,4108.0,0.284926,63923.0,0.2584,
NK225MWE  ,OOP,20261113,61500.0,            ,181461526,0000000.0000,0000000.0,1799.1,0.278756,191461526,0000000.0000,0000000.0,4000.02,0.283368,63923.0,0.2584,
NK225MWE  ,OOP,20261113,61625.0,            ,181461626,0000000.0000,0000000.0,1889.19,0.278763,191461626,0000000.0000,0000000.0,3942.79,0.283316,63923.0,0.2584,
NK225MWE  ,OOP,20261113,61750.0,            ,181461726,0001950.0000,0000000.0,1881.75,0.277631,191461726,0000000.0000,0000000.0,3842.68,0.282129,63923.0,0.2584,
NK225MWE  ,OOP,20261113,61875.0,            ,181461826,0000000.0000,0000000.0,1961.83,0.27694,191461826,0000000.0000,0000000.0,3780.02,0.281384,63923.0,0.2584,
NK225MWE  ,OOP,20261113,62000.0,            ,181462026,0001980.0000,0000000.0,1980.0,0.276166,191462026,0000000.0000,0000000.0,3690.34,0.28004,63923.0,0.2584,
NK225MWE  ,OOP,20261113,62125.0,            ,181462126,0000000.0000,0000000.0,2061.99,0.275307,191462126,0000000.0000,0000000.0,3624.66,0.280163,63923.0,0.2584,
NK225MWE  ,OOP,20261113,62250.0,            ,181462226,0000000.0000,0000000.0,2077.07,0.274365,191462226,0000000.0000,0000000.0,3527.99,0.278658,63923.0,0.2584,
NK225MWE  ,OOP,20261113,62375.0,            ,131462326,0000000.0000,0000000.0,2159.66,0.27385,141462326,0000000.0000,0000000.0,3416.0,0.278606,63923.0,0.2584,
NK225MWE  ,OOP,20261113,62500.0,            ,131462526,0002145.0000,0000000.0,2144.99,0.27274,141462526,0000000.0000,0000000.0,3365.64,0.277449,63923.0,0.2584,
NK225MWE  ,OOP,20261113,62625.0,            ,131462626,0000000.0000,0000000.0,2256.91,0.272559,141462626,0000000.0000,0000000.0,3267.82,0.276716,63923.0,0.2584,
NK225MWE  ,OOP,20261113,62750.0,            ,131462726,0000000.0000,0000000.0,2284.89,0.271783,141462726,0000000.0000,0000000.0,3215.82,0.276402,63923.0,0.2584,
NK225MWE  ,OOP,20261113,62875.0,            ,131462826,0000000.0000,0000000.0,2376.07,0.271424,141462826,0000000.0000,0000000.0,3128.31,0.275498,63923.0,0.2584,
NK225MWE  ,OOP,20261113,63000.0,            ,131463026,0000000.0000,0000000.0,2365.06,0.270475,141463026,0000000.0000,0000000.0,3068.48,0.27401,63923.0,0.2584,
NK225MWE  ,OOP,20261113,63125.0,            ,131463126,0000000.0000,0000000.0,2437.64,0.26994,141463126,0000000.0000,0000000.0,2974.82,0.273937,63923.0,0.2584,
NK225MWE  ,OOP,20261113,63250.0,            ,131463226,0002770.0000,0000000.0,2475.23,0.268817,141463226,0002695.0000,0000000.0,2910.52,0.273277,63923.0,0.2584,
NK225MWE  ,OOP,20261113,63375.0,            ,131463326,0000000.0000,0000000.0,2584.83,0.268603,141463326,0000000.0000,0000000.0,2845.13,0.273027,63923.0,0.2584,
NK225MWE  ,OOP,20261113,63500.0,            ,131463526,0002900.0000,0000000.0,2601.56,0.267306,141463526,0000000.0000,0000000.0,2798.81,0.271695,63923.0,0.2584,
NK225MWE  ,OOP,20261113,63625.0,            ,131463626,0000000.0000,0000000.0,2699.63,0.264931,141463626,0000000.0000,0000000.0,2704.66,0.269287,63923.0,0.2584,
NK225MWE  ,OOP,20261113,63750.0,            ,131463726,0003020.0000,0000000.0,2718.06,0.26445,141463726,0002720.0000,0000000.0,2668.99,0.268775,63923.0,0.2584,
NK225MWE  ,OOP,20261113,63875.0,            ,131463826,0000000.0000,0000000.0,2743.15,0.263879,141463826,0000000.0000,0000000.0,2576.97,0.268174,63923.0,0.2584,
NK225MWE  ,OOP,20261113,64000.0,            ,131464026,0003075.0000,0000000.0,2858.23,0.263217,141464026,0002480.0000,0000000.0,2519.26,0.267485,63923.0,0.2584,
NK225MWE  ,OOP,20261113,64125.0,            ,131464126,0000000.0000,0000000.0,2883.33,0.262959,141464126,0000000.0000,0000000.0,2461.58,0.2672,63923.0,0.2584,
NK225MWE  ,OOP,20261113,64250.0,            ,131464226,0000000.0000,0000000.0,2958.4,0.262115,141464226,0000000.0000,0000000.0,2409.34,0.266331,63923.0,0.2584,
NK225MWE  ,OOP,20261113,64375.0,            ,131464326,0000000.0000,0000000.0,3023.5,0.261674,141464326,0000000.0000,0000000.0,2325.44,0.265866,63923.0,0.2584,
NK225MWE  ,OOP,20261113,64500.0,            ,131464526,0000000.0000,0000000.0,3068.59,0.260646,141464526,0000000.0000,0000000.0,2278.55,0.265312,63923.0,0.2584,
NK225MWE  ,OOP,20261113,64625.0,            ,131464626,0000000.0000,0000000.0,3182.51,0.260021,141464626,0000000.0000,0000000.0,2218.38,0.264667,63923.0,0.2584,
NK225MWE  ,OOP,20261113,64750.0,            ,131464726,0000000.0000,0000000.0,3208.76,0.259801,141464726,0000000.0000,0000000.0,2166.98,0.264427,63923.0,0.2584,
NK225MWE  ,OOP,20261113,64875.0,            ,131464826,0000000.0000,0000000.0,3343.7,0.259489,141464826,0000000.0000,0000000.0,2093.67,0.2636,63923.0,0.2584,
NK225MWE  ,OOP,20261113,65000.0,            ,131465026,0000000.0000,0000000.0,3348.93,0.259085,141465026,0002005.0000,0000000.0,2052.36,0.263679,63923.0,0.2584,
NK225MWE  ,OOP,20261113,65125.0,            ,131465126,0000000.0000,0000000.0,3454.05,0.25909,141465126,0000000.0000,0000000.0,1995.16,0.26317,63923.0,0.2584,
NK225MWE  ,OOP,20261113,65250.0,            ,131465226,0000000.0000,0000000.0,3525.58,0.257498,141465226,0000000.0000,0000000.0,1945.03,0.262066,63923.0,0.2584,
NK225MWE  ,OOP,20261113,65375.0,            ,131465326,0000000.0000,0000000.0,3576.69,0.257318,141465326,0000000.0000,0000000.0,1897.61,0.261875,63923.0,0.2584,
NK225MWE  ,OOP,20261113,65500.0,            ,131465526,0000000.0000,0000000.0,3656.28,0.257047,141465526,0001850.0000,0000000.0,1855.2,0.261595,63923.0,0.2584,
NK225MWE  ,OOP,20261113,65625.0,            ,131465626,0000000.0000,0000000.0,3713.66,0.255666,141465626,0000000.0000,0000000.0,1779.45,0.260207,63923.0,0.2584,
NK225MWE  ,OOP,20261113,65750.0,            ,131465726,0000000.0000,0000000.0,3796.45,0.255205,141465726,0001650.0000,0000000.0,1752.87,0.259741,63923.0,0.2584,
NK225MWE  ,OOP,20261113,65875.0,            ,131465826,0000000.0000,0000000.0,3869.54,0.255165,141465826,0000000.0000,0000000.0,1679.38,0.259695,63923.0,0.2584,
NK225MWE  ,OOP,20261113,66000.0,            ,131466026,0000000.0000,0000000.0,3932.13,0.254001,141466026,0001600.0000,0000000.0,1670.53,0.25853,63923.0,0.2584,
NK225MWE  ,OOP,20261113,66125.0,            ,131466126,0000000.0000,0000000.0,4027.2,0.253254,141466126,0000000.0000,0000000.0,1573.11,0.257782,63923.0,0.2584,
NK225MWE  ,OOP,20261113,66250.0,            ,131466226,0000000.0000,0000000.0,4104.78,0.253979,141466226,0001480.0000,0000000.0,1563.21,0.258504,63923.0,0.2584,
NK225MWE  ,OOP,20261113,66375.0,            ,131466326,0000000.0000,0000000.0,4171.06,0.251989,141466326,0000000.0000,0000000.0,1495.93,0.256521,63923.0,0.2584,
NK225MWE  ,OOP,20261113,66500.0,            ,131466526,0000000.0000,0000000.0,4252.46,0.252538,141466526,0001330.0000,0000000.0,1483.37,0.25707,63923.0,0.2584,
NK225MWE  ,OOP,20261113,66625.0,            ,131466626,0000000.0000,0000000.0,4334.49,0.251401,141466626,0000000.0000,0000000.0,1420.97,0.25594,63923.0,0.2584,
NK225MWE  ,OOP,20261113,66750.0,            ,131466726,0000000.0000,0000000.0,4422.62,0.251775,141466726,0001300.0000,0000000.0,1391.04,0.256854,63923.0,0.2584,
NK225MWE  ,OOP,20261113,66875.0,            ,131466826,0000000.0000,0000000.0,4518.32,0.252066,141466826,0000000.0000,0000000.0,1333.63,0.257155,63923.0,0.2584,
NK225MWE  ,OOP,20261113,67000.0,            ,131467026,0000000.0000,0000000.0,4600.27,0.251179,141467026,0001320.0000,0000000.0,1320.0,0.255738,63923.0,0.2584,
NK225MWE  ,OOP,20261113,67125.0,            ,131467126,0000000.0000,0000000.0,4676.62,0.250188,141467126,0000000.0000,0000000.0,1243.46,0.25476,63923.0,0.2584,
NK225MWE  ,OOP,20261113,67250.0,            ,131467226,0000000.0000,0000000.0,4772.93,0.250207,141467226,0001195.0000,0000000.0,1236.36,0.255345,63923.0,0.2584,
NK225MWE  ,OOP,20261113,67375.0,            ,131467326,0000000.0000,0000000.0,4875.35,0.249575,141467326,0000000.0000,0000000.0,1167.09,0.254734,63923.0,0.2584,
NK225MWE  ,OOP,20261113,67500.0,            ,131467526,0000000.0000,0000000.0,4975.2,0.250551,141467526,0000000.0000,0000000.0,1166.5,0.255157,63923.0,0.2584,
NK225MWE  ,OOP,20261113,67625.0,            ,131467626,0000000.0000,0000000.0,5044.31,0.25031,141467626,0000000.0000,0000000.0,1114.11,0.255503,63923.0,0.2584,
NK225MWE  ,OOP,20261113,67750.0,            ,131467726,0000000.0000,0000000.0,5124.69,0.248814,141467726,0000935.0000,0000000.0,1094.16,0.25404,63923.0,0.2584,
NK225MWE  ,OOP,20261113,67875.0,            ,131467826,0000000.0000,0000000.0,5242.14,0.247784,141467826,0000000.0000,0000000.0,1025.34,0.253042,63923.0,0.2584,
NK225MWE  ,OOP,20261113,68000.0,            ,131468026,0000000.0000,0000000.0,5339.2,0.249027,141468026,0001030.0000,0000000.0,1029.99,0.2543,63923.0,0.2584,
NK225MWE  ,OOP,20261113,68125.0,            ,131468126,0000000.0000,0000000.0,5412.01,0.249608,141468126,0000000.0000,0000000.0,1002.75,0.254307,63923.0,0.2584,
NK225MWE  ,OOP,20261113,68250.0,            ,131468226,0000000.0000,0000000.0,5494.91,0.247681,141468226,0000000.0000,0000000.0,952.37,0.253022,63923.0,0.2584,
NK225MWE  ,OOP,20261113,68375.0,            ,131468326,0000000.0000,0000000.0,5600.98,0.248704,141468326,0000000.0000,0000000.0,942.26,0.254066,63923.0,0.2584,
NK225MWE  ,OOP,20261113,68500.0,            ,131468526,0000000.0000,0000000.0,5691.6,0.247794,141468526,0000845.0000,0000000.0,909.59,0.253197,63923.0,0.2584,
NK225MWE  ,OOP,20261113,68625.0,            ,131468626,0000000.0000,0000000.0,5784.77,0.247406,141468626,0000000.0000,0000000.0,876.59,0.252849,63923.0,0.2584,
NK225MWE  ,OOP,20261113,68750.0,            ,131468726,0000000.0000,0000000.0,5877.95,0.246279,141468726,0000880.0000,0000000.0,843.43,0.252407,63923.0,0.2584,
NK225MWE  ,OOP,20261113,68875.0,            ,131468826,0000000.0000,0000000.0,5971.13,0.245687,141468826,0000000.0000,0000000.0,813.49,0.251226,63923.0,0.2584,
NK225MWE  ,OOP,20261113,69000.0,            ,131469026,0000000.0000,0000000.0,6079.79,0.246979,141469026,0000790.0000,0000000.0,790.0,0.251888,63923.0,0.2584,
NK225MWE  ,OOP,20261113,69125.0,            ,131469126,0000000.0000,0000000.0,6167.78,0.244863,141469126,0000000.0000,0000000.0,760.68,0.251161,63923.0,0.2584,
NK225MWE  ,OOP,20261113,69250.0,            ,131469226,0000000.0000,0000000.0,6276.47,0.246012,141469226,0000000.0000,0000000.0,742.5,0.251673,63923.0,0.2584,
NK225MWE  ,OOP,20261113,69375.0,            ,131469326,0000000.0000,0000000.0,6377.4,0.245725,141469326,0000000.0000,0000000.0,720.83,0.252117,63923.0,0.2584,
NK225MWE  ,OOP,20261113,69500.0,            ,131469526,0000000.0000,0000000.0,6478.31,0.245345,141469526,0000665.0000,0000000.0,692.62,0.25111,63923.0,0.2584,
NK225MWE  ,OOP,20261113,69625.0,            ,131469626,0000000.0000,0000000.0,6579.24,0.244867,141469626,0000000.0000,0000000.0,673.21,0.251394,63923.0,0.2584,
NK225MWE  ,OOP,20261113,69750.0,            ,131469726,0000000.0000,0000000.0,6682.75,0.245018,141469726,0000000.0000,0000000.0,647.74,0.250892,63923.0,0.2584,
NK225MWE  ,OOP,20261113,69875.0,            ,131469826,0000000.0000,0000000.0,6788.87,0.24509,141469826,0000000.0000,0000000.0,633.38,0.25174,63923.0,0.2584,
NK225MWE  ,OOP,20261113,70000.0,            ,131460026,0000000.0000,0000000.0,6889.78,0.244327,141460026,0000575.0000,0000000.0,605.36,0.251063,63923.0,0.2584,
NK225MWE  ,OOP,20261113,70125.0,            ,131460126,0000000.0000,0000000.0,6998.48,0.244987,141460126,0000000.0000,0000000.0,593.53,0.251777,63923.0,0.2584,
NK225MWE  ,OOP,20261113,70250.0,            ,131460226,0000000.0000,0000000.0,7099.4,0.244028,141460226,0000560.0000,0000000.0,565.47,0.250153,63923.0,0.2584,
NK225MWE  ,OOP,20261113,70375.0,            ,131460326,0000000.0000,0000000.0,7205.51,0.243744,141460326,0000000.0000,0000000.0,551.1,0.250715,63923.0,0.2584,
NK225MWE  ,OOP,20261113,70500.0,            ,131460526,0000000.0000,0000000.0,7306.41,0.242553,141460526,0000470.0000,0000000.0,525.58,0.249639,63923.0,0.2584,
NK225MWE  ,OOP,20261113,70625.0,            ,131460626,0000000.0000,0000000.0,7422.96,0.244544,141460626,0000000.0000,0000000.0,519.09,0.25165,63923.0,0.2584,
NK225MWE  ,OOP,20261113,70750.0,            ,131460726,0000000.0000,0000000.0,7523.85,0.243161,141460726,0000490.0000,0000000.0,495.24,0.250394,63923.0,0.2584,
NK225MWE  ,OOP,20261113,70875.0,            ,131460826,0000000.0000,0000000.0,7635.19,0.243357,141460826,0000000.0000,0000000.0,481.85,0.250671,63923.0,0.2584,
NK225MWE  ,OOP,20261113,71000.0,            ,131461026,0000000.0000,0000000.0,7736.06,0.24172,141461026,0000415.0000,0000000.0,457.99,0.249184,63923.0,0.2584,
NK225MWE  ,OOP,20261113,71125.0,            ,131461126,0000000.0000,0000000.0,7850.01,0.242629,141461126,0000000.0000,0000000.0,447.22,0.250153,63923.0,0.2584,
NK225MWE  ,OOP,20261113,71250.0,            ,131461226,0000000.0000,0000000.0,7956.11,0.241659,141461226,0000000.0000,0000000.0,422.79,0.249318,63923.0,0.2584,
NK225MWE  ,OOP,20261113,71375.0,            ,131461326,0000000.0000,0000000.0,8067.45,0.241503,141461326,0000000.0000,0000000.0,415.2,0.250168,63923.0,0.2584,
NK225MWE  ,OOP,20261113,71500.0,            ,131461526,0000000.0000,0000000.0,8176.17,0.241258,141461526,0000415.0000,0000000.0,395.97,0.24914,63923.0,0.2584,
NK225MWE  ,OOP,20261113,71625.0,            ,131461626,0000000.0000,0000000.0,8292.77,0.241901,141461626,0000000.0000,0000000.0,391.05,0.250793,63923.0,0.2584,
NK225MWE  ,OOP,20261113,71750.0,            ,131461726,0000000.0000,0000000.0,8398.86,0.24149,141461726,0000305.0000,0000000.0,369.81,0.249582,63923.0,0.2584,
NK225MWE  ,OOP,20261113,71875.0,            ,131461826,0000000.0000,0000000.0,8512.83,0.24098,141461826,0000000.0000,0000000.0,361.65,0.250183,63923.0,0.2584,
NK225MWE  ,OOP,20261113,72000.0,            ,131462026,0000000.0000,0000000.0,8621.54,0.240363,141462026,0000315.0000,0000000.0,341.15,0.24974,63923.0,0.2584,
NK225MWE  ,OOP,20261113,72125.0,            ,131462126,0000000.0000,0000000.0,8735.51,0.240714,141462126,0000000.0000,0000000.0,334.87,0.2492,63923.0,0.2584,
NK225MWE  ,OOP,20261113,72250.0,            ,131462226,0000000.0000,0000000.0,8843.69,0.238788,141462226,0000271.0000,0000000.0,316.23,0.248557,63923.0,0.2584,
NK225MWE  ,OOP,20261211,60500.0,            ,131500526,0000000.0000,0000000.0,1969.78,0.275588,141500526,0000000.0000,0000000.0,5219.22,0.278234,63923.0,0.2584,
NK225MWE  ,OOP,20261211,60625.0,            ,131500626,0000000.0000,0000000.0,2002.31,0.275907,141500626,0000000.0000,0000000.0,5143.08,0.278492,63923.0,0.2584,
NK225MWE  ,OOP,20261211,60750.0,            ,131500726,0000000.0000,0000000.0,2031.34,0.276158,141500726,0000000.0000,0000000.0,5069.42,0.278682,63923.0,0.2584,
NK225MWE  ,OOP,20261211,60875.0,            ,131500826,0000000.0000,0000000.0,2063.9,0.275009,141500826,0000000.0000,0000000.0,4980.9,0.277476,63923.0,0.2584,
NK225MWE  ,OOP,20261211,61000.0,            ,131501026,0000000.0000,0000000.0,2126.47,0.275134,141501026,0004615.0000,0000000.0,4902.26,0.277102,63923.0,0.2584,
NK225MWE  ,OOP,20261211,61125.0,            ,131501126,0000000.0000,0000000.0,2177.55,0.273877,141501126,0000000.0000,0000000.0,4813.72,0.276231,63923.0,0.2584,
NK225MWE  ,OOP,20261211,61250.0,            ,131501226,0000000.0000,0000000.0,2201.6,0.274749,141501226,0000000.0000,0000000.0,4749.98,0.277047,63923.0,0.2584,
NK225MWE  ,OOP,20261211,61375.0,            ,131501326,0000000.0000,0000000.0,2264.74,0.272948,141501326,0000000.0000,0000000.0,4656.45,0.275193,63923.0,0.2584,
NK225MWE  ,OOP,20261211,61500.0,            ,131501526,0000000.0000,0000000.0,2309.91,0.272827,141501526,0000000.0000,0000000.0,4582.77,0.275018,63923.0,0.2584,
NK225MWE  ,OOP,20261211,61625.0,            ,131501626,0000000.0000,0000000.0,2357.44,0.271784,141501626,0000000.0000,0000000.0,4499.16,0.274353,63923.0,0.2584,
NK225MWE  ,OOP,20261211,61750.0,            ,131501726,0002425.0000,0000000.0,2402.99,0.271542,141501726,0000000.0000,0000000.0,4420.5,0.273631,63923.0,0.2584,
NK225MWE  ,OOP,20261211,61875.0,            ,131501826,0000000.0000,0000000.0,2446.61,0.270814,141501826,0000000.0000,0000000.0,4344.32,0.273277,63923.0,0.2584,
NK225MWE  ,OOP,20261211,62000.0,            ,131502026,0002750.0000,0000000.0,2459.48,0.270028,141502026,0000000.0000,0000000.0,4265.65,0.270804,63923.0,0.2584,
NK225MWE  ,OOP,20261211,62125.0,            ,131502126,0000000.0000,0000000.0,2527.21,0.269607,141502126,0000000.0000,0000000.0,4189.46,0.270705,63923.0,0.2584,
NK225MWE  ,OOP,20261211,62250.0,            ,131502226,0000000.0000,0000000.0,2583.6,0.269126,141502226,0000000.0000,0000000.0,4115.74,0.270599,63923.0,0.2584,
NK225MWE  ,OOP,20261211,62375.0,            ,131502326,0000000.0000,0000000.0,2619.69,0.268585,141502326,0000000.0000,0000000.0,4039.54,0.270013,63923.0,0.2584,
NK225MWE  ,OOP,20261211,62500.0,            ,131502526,0000000.0000,0000000.0,2676.77,0.267985,141502526,0000000.0000,0000000.0,3965.82,0.269785,63923.0,0.2584,
NK225MWE  ,OOP,20261211,62625.0,            ,131502626,0000000.0000,0000000.0,2752.15,0.267742,141502626,0000000.0000,0000000.0,3897.08,0.26991,63923.0,0.2584,
NK225MWE  ,OOP,20261211,62750.0,            ,131502726,0000000.0000,0000000.0,2781.7,0.267022,141502726,0000000.0000,0000000.0,3823.35,0.269145,63923.0,0.2584,
NK225MWE  ,OOP,20261211,62875.0,            ,131502826,0000000.0000,0000000.0,2842.44,0.266657,141502826,0000000.0000,0000000.0,3754.6,0.268734,63923.0,0.2584,
NK225MWE  ,OOP,20261211,63000.0,            ,131503026,0000000.0000,0000000.0,2855.03,0.265411,141503026,0000000.0000,0000000.0,3678.35,0.267852,63923.0,0.2584,
NK225MWE  ,OOP,20261211,63125.0,            ,131503126,0000000.0000,0000000.0,2902.59,0.265335,141503126,0000000.0000,0000000.0,3609.6,0.267323,63923.0,0.2584,
NK225MWE  ,OOP,20261211,63250.0,            ,131503226,0000000.0000,0000000.0,2982.05,0.265198,141503226,0000000.0000,0000000.0,3543.33,0.267143,63923.0,0.2584,
NK225MWE  ,OOP,20261211,63375.0,            ,131503326,0000000.0000,0000000.0,3059.39,0.264183,141503326,0000000.0000,0000000.0,3472.06,0.266493,63923.0,0.2584,
NK225MWE  ,OOP,20261211,63500.0,            ,131503526,0000000.0000,0000000.0,3085.3,0.263925,141503526,0000000.0000,0000000.0,3408.29,0.266192,63923.0,0.2584,
NK225MWE  ,OOP,20261211,63625.0,            ,131503626,0000000.0000,0000000.0,3140.38,0.26279,141503626,0000000.0000,0000000.0,3331.61,0.265015,63923.0,0.2584,
NK225MWE  ,OOP,20261211,63750.0,            ,131503726,0000000.0000,0000000.0,3197.95,0.262411,141503726,0000000.0000,0000000.0,3267.34,0.264594,63923.0,0.2584,
NK225MWE  ,OOP,20261211,63875.0,            ,131503826,0000000.0000,0000000.0,3253.02,0.261809,141503826,0000000.0000,0000000.0,3205.57,0.262892,63923.0,0.2584,
NK225MWE  ,OOP,20261211,64000.0,            ,131504026,0003400.0000,0000000.0,3369.21,0.261061,141504026,0002800.0000,0000000.0,3102.04,0.26235,63923.0,0.2584,
NK225MWE  ,OOP,20261211,64125.0,            ,131504126,0000000.0000,0000000.0,3390.66,0.260905,141504126,0000000.0000,0000000.0,3077.0,0.261911,63923.0,0.2584,
NK225MWE  ,OOP,20261211,64250.0,            ,131504226,0000000.0000,0000000.0,3483.51,0.260281,141504226,0000000.0000,0000000.0,2936.75,0.261491,63923.0,0.2584,
NK225MWE  ,OOP,20261211,64375.0,            ,131504326,0000000.0000,0000000.0,3552.77,0.260001,141504326,0000000.0000,0000000.0,2953.45,0.261046,63923.0,0.2584,
NK225MWE  ,OOP,20261211,64500.0,            ,131504526,0000000.0000,0000000.0,3583.38,0.259253,141504526,0000000.0000,0000000.0,2889.14,0.260792,63923.0,0.2584,
NK225MWE  ,OOP,20261211,64625.0,            ,131504626,0000000.0000,0000000.0,3653.32,0.25885,141504626,0000000.0000,0000000.0,2763.15,0.26035,63923.0,0.2584,
NK225MWE  ,OOP,20261211,64750.0,            ,131504726,0000000.0000,0000000.0,3701.0,0.258385,141504726,0000000.0000,0000000.0,2768.02,0.259847,63923.0,0.2584,
NK225MWE  ,OOP,20261211,64875.0,            ,131504826,0000000.0000,0000000.0,3768.76,0.257857,141504826,0000000.0000,0000000.0,2711.26,0.25969,63923.0,0.2584,
NK225MWE  ,OOP,20261211,65000.0,            ,131505026,0003950.0000,0000000.0,3833.98,0.257268,141505026,0000000.0000,0000000.0,2594.55,0.259063,63923.0,0.2584,
NK225MWE  ,OOP,20261211,65125.0,            ,131505126,0000000.0000,0000000.0,3904.23,0.257024,141505126,0000000.0000,0000000.0,2526.65,0.258783,63923.0,0.2584,
NK225MWE  ,OOP,20261211,65250.0,            ,131505226,0000000.0000,0000000.0,3974.49,0.257127,141505226,0000000.0000,0000000.0,2543.42,0.258441,63923.0,0.2584,
NK225MWE  ,OOP,20261211,65375.0,            ,131505326,0000000.0000,0000000.0,4044.71,0.25676,141505326,0000000.0000,0000000.0,2489.12,0.258037,63923.0,0.2584,
NK225MWE  ,OOP,20261211,65500.0,            ,131505526,0000000.0000,0000000.0,4112.43,0.25592,141505526,0000000.0000,0000000.0,2432.33,0.257572,63923.0,0.2584,
NK225MWE  ,OOP,20261211,65625.0,            ,131505626,0000000.0000,0000000.0,4185.2,0.25584,141505626,0000000.0000,0000000.0,2380.57,0.257455,63923.0,0.2584,
NK225MWE  ,OOP,20261211,65750.0,            ,131505726,0000000.0000,0000000.0,4263.01,0.255698,141505726,0002215.0000,0000000.0,2333.85,0.257279,63923.0,0.2584,
NK225MWE  ,OOP,20261211,65875.0,            ,131505826,0000000.0000,0000000.0,4335.77,0.255496,141505826,0000000.0000,0000000.0,2282.1,0.257041,63923.0,0.2584,
NK225MWE  ,OOP,20261211,66000.0,            ,131506026,0000000.0000,0000000.0,4408.52,0.254817,141506026,0000000.0000,0000000.0,2161.59,0.256328,63923.0,0.2584,
NK225MWE  ,OOP,20261211,66125.0,            ,131506126,0000000.0000,0000000.0,4478.73,0.254074,141506126,0000000.0000,0000000.0,2176.01,0.256383,63923.0,0.2584,
NK225MWE  ,OOP,20261211,66250.0,            ,131506226,0000000.0000,0000000.0,4553.99,0.253683,141506226,0000000.0000,0000000.0,2126.75,0.255961,63923.0,0.2584,
NK225MWE  ,OOP,20261211,66375.0,            ,131506326,0000000.0000,0000000.0,4636.87,0.25407,141506326,0000000.0000,0000000.0,2085.11,0.255067,63923.0,0.2584,
NK225MWE  ,OOP,20261211,66500.0,            ,131506526,0000000.0000,0000000.0,4712.11,0.253557,141506526,0000000.0000,0000000.0,1991.62,0.255351,63923.0,0.2584,
NK225MWE  ,OOP,20261211,66625.0,            ,131506626,0000000.0000,0000000.0,4782.3,0.252557,141506626,0000000.0000,0000000.0,1981.5,0.254742,63923.0,0.2584,
NK225MWE  ,OOP,20261211,66750.0,            ,131506726,0000000.0000,0000000.0,4862.61,0.252339,141506726,0000000.0000,0000000.0,1937.29,0.254494,63923.0,0.2584,
NK225MWE  ,OOP,20261211,66875.0,            ,131506826,0000000.0000,0000000.0,4935.32,0.251205,141506826,0000000.0000,0000000.0,1885.48,0.253757,63923.0,0.2584,
NK225MWE  ,OOP,20261211,67000.0,            ,131507026,0000000.0000,0000000.0,5028.36,0.252149,141507026,0000000.0000,0000000.0,1808.54,0.254243,63923.0,0.2584,
NK225MWE  ,OOP,20261211,67125.0,            ,131507126,0000000.0000,0000000.0,5098.49,0.250884,141507126,0000000.0000,0000000.0,1799.6,0.252948,63923.0,0.2584,
NK225MWE  ,OOP,20261211,67250.0,            ,131507226,0000000.0000,0000000.0,5188.99,0.251284,141507226,0001690.0000,0000000.0,1765.58,0.253752,63923.0,0.2584,
NK225MWE  ,OOP,20261211,67375.0,            ,131507326,0000000.0000,0000000.0,5271.84,0.250755,141507326,0000000.0000,0000000.0,1723.91,0.253197,63923.0,0.2584,
NK225MWE  ,OOP,20261211,67500.0,            ,131507526,0000000.0000,0000000.0,5354.68,0.250602,141507526,0000000.0000,0000000.0,1682.23,0.253016,63923.0,0.2584,
NK225MWE  ,OOP,20261211,67625.0,            ,131507626,0000000.0000,0000000.0,5437.53,0.250388,141507626,0000000.0000,0000000.0,1640.56,0.252333,63923.0,0.2584,
NK225MWE  ,OOP,20261211,67750.0,            ,131507726,0000000.0000,0000000.0,5522.92,0.250113,141507726,0000000.0000,0000000.0,1601.43,0.252474,63923.0,0.2584,
NK225MWE  ,OOP,20261211,67875.0,            ,131507826,0000000.0000,0000000.0,5610.86,0.249777,141507826,0000000.0000,0000000.0,1564.85,0.252111,63923.0,0.2584,
NK225MWE  ,OOP,20261211,68000.0,            ,131508026,0000000.0000,0000000.0,5703.92,0.250282,141508026,0001400.0000,0000000.0,1489.96,0.252587,63923.0,0.2584,
NK225MWE  ,OOP,20261211,68125.0,            ,131508126,0000000.0000,0000000.0,5786.76,0.24937,141508126,0000000.0000,0000000.0,1491.7,0.252105,63923.0,0.2584,
NK225MWE  ,OOP,20261211,68250.0,            ,131508226,0000000.0000,0000000.0,5877.25,0.249305,141508226,0001400.0000,0000000.0,1457.67,0.252016,63923.0,0.2584,
