UnderlyingName,OptionType,ContractMonth,StrikePrice,Col5,CallSecurityCode,CallBid,CallAsk,CallClose,TheoreticalPrice,PutSecurityCode,PutBid,PutAsk,UnderlyingClose,IV,BaseVolatility,Delta,ContractMonthDt
NK225E    ,OOP,202610,20000.0,            ,131580018,0000000.0000,0000000.0,0.0,0.711498,141580018,0000000.0000,0000000.0,48313.6,3.2,68309.46,0.2511,2026-10-01
NK225E    ,OOP,202610,22500.0,            ,131342518,0000000.0000,0000000.0,0.0,0.711498,141342518,0000000.0000,0000000.0,45814.12,3.2,68309.46,0.2511,2026-10-01
NK225E    ,OOP,202610,25000.0,            ,131345018,0000000.0000,0000000.0,0.0,0.711498,141345018,0000000.0000,0000000.0,43314.63,3.2,68309.46,0.2511,2026-10-01
NK225E    ,OOP,202610,26000.0,            ,181226018,0000000.0000,0000000.0,0.0,0.711498,191226018,0000000.0000,0000000.0,42314.84,3.2,68309.46,0.2511,2026-10-01
NK225E    ,OOP,202610,27000.0,            ,181227018,0000000.0000,0000000.0,0.0,0.711498,191227018,0000000.0000,0000000.0,41315.05,3.2,68309.46,0.2511,2026-10-01
NK225E    ,OOP,202610,28000.0,            ,181228018,0000000.0000,0000000.0,0.0,0.711498,191228018,0000000.0000,0000000.0,40315.25,3.2,68309.46,0.2511,2026-10-01
NK225E    ,OOP,202610,29000.0,            ,181229018,0000000.0000,0000000.0,0.0,0.711498,191229018,0000000.0000,0000000.0,39315.46,3.110846,68309.46,0.2511,2026-10-01
NK225E    ,OOP,202610,30000.0,            ,181220018,0000000.0000,0000000.0,0.0,0.711498,191220018,0000000.0000,0000000.0,38315.67,2.997682,68309.46,0.2511,2026-10-01
NK225E    ,OOP,202610,31000.0,            ,181221018,0000000.0000,0000000.0,0.0,0.711498,191221018,0000000.0000,0000000.0,37315.88,2.888271,68309.46,0.2511,2026-10-01
NK225E    ,OOP,202610,32000.0,            ,181222018,0000000.0000,0000000.0,0.0,0.711498,191222018,0000000.0000,0000000.0,36316.08,2.782351,68309.46,0.2511,2026-10-01
NK225E    ,OOP,202610,33000.0,            ,181223018,0000000.0000,0000000.0,0.0,0.711498,191223018,0000000.0000,0000000.0,35316.29,2.679686,68309.46,0.2511,2026-10-01
NK225E    ,OOP,202610,34000.0,            ,131104018,0000000.0000,0000000.0,0.0,0.711498,141104018,0000000.0000,0000000.0,34316.5,2.580061,68309.46,0.2511,2026-10-01
NK225E    ,OOP,202610,35000.0,            ,131105018,0000001.0000,0000000.0,0.0,0.711498,141105018,0000000.0000,0000000.0,33316.7,2.483278,68309.46,0.2511,2026-10-01
NK225E    ,OOP,202610,36000.0,            ,131106018,0000000.0000,0000000.0,0.0,0.711498,141106018,0000000.0000,0000000.0,32316.91,2.389159,68309.46,0.2511,2026-10-01
NK225E    ,OOP,202610,37000.0,            ,131107018,0000000.0000,0000000.0,0.0,0.711498,141107018,0000000.0000,0000000.0,31317.12,2.297538,68309.46,0.2511,2026-10-01
NK225E    ,OOP,202610,38000.0,            ,131108018,0000000.0000,0000000.0,0.0,0.711498,141108018,0000000.0000,0000000.0,30317.33,2.208263,68309.46,0.2511,2026-10-01
NK225E    ,OOP,202610,39000.0,            ,131109018,0000001.0000,0000000.0,0.0,0.711498,141109018,0000000.0000,0000000.0,29317.53,2.121192,68309.46,0.2511,2026-10-01
NK225E    ,OOP,202610,40000.0,            ,131100018,0000001.0000,0000000.0,0.0,0.711498,141100018,0000000.0000,0000000.0,28317.74,2.036196,68309.46,0.2511,2026-10-01
NK225E    ,OOP,202610,41000.0,            ,131101018,0000001.0000,0000000.0,0.0,0.711498,141101018,0000000.0000,0000000.0,27317.95,1.953151,68309.46,0.2511,2026-10-01
NK225E    ,OOP,202610,42000.0,            ,131102018,0000001.0000,0000000.0,0.0,0.711498,141102018,0000000.0000,0000000.0,26318.15,1.871945,68309.46,0.2511,2026-10-01
NK225E    ,OOP,202610,42750.0,            ,131102718,0000001.0000,0000000.0,0.0,0.711498,141102718,0000000.0000,0000000.0,25568.31,1.812182,68309.46,0.2511,2026-10-01
NK225E    ,OOP,202610,43000.0,            ,131103018,0000001.0000,0000000.0,0.0,0.711498,141103018,0000000.0000,0000000.0,25318.36,1.79247,68309.46,0.2511,2026-10-01
NK225E    ,OOP,202610,43250.0,            ,131103218,0000000.0000,0000000.0,0.0,0.711498,141103218,0000000.0000,0000000.0,25068.41,1.77286,68309.46,0.2511,2026-10-01
NK225E    ,OOP,202610,43500.0,            ,131103518,0000002.0000,0000000.0,0.0,0.711498,141103518,0000000.0000,0000000.0,24818.47,1.753351,68309.46,0.2511,2026-10-01
NK225E    ,OOP,202610,43750.0,            ,131103718,0000001.0000,0000000.0,0.0,0.711498,141103718,0000000.0000,0000000.0,24568.52,1.73394,68309.46,0.2511,2026-10-01
NK225E    ,OOP,202610,44000.0,            ,181104018,0000001.0000,0000000.0,0.0,0.711498,191104018,0000000.0000,0000000.0,24318.57,1.714627,68309.46,0.2511,2026-10-01
NK225E    ,OOP,202610,44250.0,            ,131104218,0000000.0000,0000000.0,0.0,0.711498,141104218,0000000.0000,0000000.0,24068.63,1.69541,68309.46,0.2511,2026-10-01
NK225E    ,OOP,202610,44500.0,            ,131104518,0000001.0000,0000000.0,0.0,0.711498,141104518,0000000.0000,0000000.0,23818.68,1.685303,68309.46,0.2511,2026-10-01
NK225E    ,OOP,202610,44750.0,            ,131104718,0000000.0000,0000000.0,0.01,0.711498,141104718,0000000.0000,0000000.0,23568.73,1.666194,68309.46,0.2511,2026-10-01
NK225E    ,OOP,202610,45000.0,            ,181105018,0000001.0000,0000000.0,0.01,0.711498,191105018,0000000.0000,0000000.0,23318.79,1.647177,68309.46,0.2511,2026-10-01
NK225E    ,OOP,202610,45250.0,            ,131105218,0000000.0000,0000000.0,0.01,0.711498,141105218,0000000.0000,0000000.0,23068.84,1.628251,68309.46,0.2511,2026-10-01
NK225E    ,OOP,202610,45500.0,            ,131105518,0000001.0000,0000000.0,0.02,0.711498,141105518,0000000.0000,0000000.0,22818.9,1.609414,68309.46,0.2511,2026-10-01
NK225E    ,OOP,202610,45750.0,            ,131105718,0000001.0000,0000000.0,0.02,0.711498,141105718,0000000.0000,0000000.0,22568.96,1.590664,68309.46,0.2511,2026-10-01
NK225E    ,OOP,202610,46000.0,            ,181106018,0000001.0000,0000000.0,0.03,0.711498,191106018,0000000.0000,0000000.0,22319.02,1.572002,68309.46,0.2511,2026-10-01
NK225E    ,OOP,202610,46250.0,            ,131106218,0000000.0000,0000000.0,0.04,0.711498,141106218,0000000.0000,0000000.0,22069.08,1.553424,68309.46,0.2511,2026-10-01
NK225E    ,OOP,202610,46500.0,            ,131106518,0000001.0000,0000000.0,0.06,0.711498,141106518,0000000.0000,0000000.0,21819.15,1.534931,68309.46,0.2511,2026-10-01
NK225E    ,OOP,202610,46750.0,            ,131106718,0000000.0000,0000000.0,0.07,0.711498,141106718,0000000.0000,0000000.0,21569.21,1.516519,68309.46,0.2511,2026-10-01
NK225E    ,OOP,202610,47000.0,            ,181107018,0000001.0000,0000000.0,0.09,0.711498,191107018,0000000.0000,0000000.0,21319.29,1.49819,68309.46,0.2511,2026-10-01
NK225E    ,OOP,202610,47250.0,            ,131107218,0000000.0000,0000000.0,0.12,0.711498,141107218,0000000.0000,0000000.0,21069.36,1.47994,68309.46,0.2511,2026-10-01
NK225E    ,OOP,202610,47500.0,            ,131107518,0000001.0000,0000000.0,0.15,0.711498,141107518,0000000.0000,0000000.0,20819.45,1.461769,68309.46,0.2511,2026-10-01
NK225E    ,OOP,202610,47750.0,            ,131107718,0000001.0000,0000000.0,0.18,0.711498,141107718,0000000.0000,0000000.0,20569.53,1.443675,68309.46,0.2511,2026-10-01
NK225E    ,OOP,202610,48000.0,            ,181108018,0000001.0000,0000000.0,0.23,0.711498,191108018,0000000.0000,0000000.0,20319.63,1.425658,68309.46,0.2511,2026-10-01
NK225E    ,OOP,202610,48250.0,            ,131108218,0000000.0000,0000000.0,0.29,0.711498,141108218,0000000.0000,0000000.0,20069.74,1.407716,68309.46,0.2511,2026-10-01
NK225E    ,OOP,202610,48500.0,            ,131108518,0000001.0000,0000000.0,0.36,0.711498,141108518,0000000.0000,0000000.0,19819.86,1.389847,68309.46,0.2511,2026-10-01
NK225E    ,OOP,202610,48750.0,            ,131108718,0000001.0000,0000000.0,0.44,0.711498,141108718,0000000.0000,0000000.0,19570.0,1.372051,68309.46,0.2511,2026-10-01
NK225E    ,OOP,202610,49000.0,            ,181109018,0000001.0000,0000000.0,1.0,0.74404,191109018,0000000.0000,0000000.0,19320.15,1.354326,68309.46,0.2511,2026-10-01
NK225E    ,OOP,202610,49250.0,            ,131109218,0000001.0000,0000000.0,1.0,0.733373,141109218,0000000.0000,0000000.0,19070.32,1.336671,68309.46,0.2511,2026-10-01
NK225E    ,OOP,202610,49500.0,            ,131109518,0000001.0000,0000000.0,0.81,0.711498,141109518,0000000.0000,0000000.0,18820.52,1.319085,68309.46,0.2511,2026-10-01
NK225E    ,OOP,202610,49750.0,            ,131109718,0000001.0000,0000000.0,0.96,0.709973,141109718,0000000.0000,0000000.0,18570.72,1.301566,68309.46,0.2511,2026-10-01
NK225E    ,OOP,202610,50000.0,            ,181100018,0000001.0000,0000000.0,1.0,0.70165,191100018,0000000.0000,0000000.0,18320.77,1.284114,68309.46,0.2511,2026-10-01
NK225E    ,OOP,202610,50250.0,            ,131100218,0000000.0000,0000000.0,1.62,0.691166,141100218,0000000.0000,0000000.0,18070.82,1.266728,68309.46,0.2511,2026-10-01
NK225E    ,OOP,202610,50500.0,            ,131100518,0000000.0000,0000000.0,1.63,0.680727,141100518,0000000.0000,0000000.0,17820.87,1.249405,68309.46,0.2511,2026-10-01
NK225E    ,OOP,202610,50750.0,            ,131100718,0000000.0000,0000000.0,0.95,0.668117,141100718,0000000.0000,0000000.0,17570.92,1.232145,68309.46,0.2511,2026-10-01
NK225E    ,OOP,202610,51000.0,            ,181101018,0000001.0000,0000000.0,1.63,0.65998,191101018,0000000.0000,0000000.0,17320.98,1.214947,68309.46,0.2511,2026-10-01
NK225E    ,OOP,202610,51250.0,            ,131101218,0000000.0000,0000000.0,0.95,0.647451,141101218,0000000.0000,0000000.0,17071.03,1.197809,68309.46,0.2511,2026-10-01
NK225E    ,OOP,202610,51500.0,            ,131101518,0000001.0000,0000000.0,1.63,0.639403,141101518,0000000.0000,0000000.0,16821.08,1.180731,68309.46,0.2511,2026-10-01
NK225E    ,OOP,202610,51750.0,            ,131101718,0000002.0000,0000000.0,1.6,0.629178,141101718,0000000.0000,0000000.0,16571.13,1.16371,68309.46,0.2511,2026-10-01
NK225E    ,OOP,202610,52000.0,            ,181102018,0000001.0000,0000000.0,1.64,0.618993,191102018,0000000.0000,0000000.0,16321.18,1.146746,68309.46,0.2511,2026-10-01
NK225E    ,OOP,202610,52250.0,            ,131102218,0000001.0000,0000000.0,0.95,0.606618,141102218,0000000.0000,0000000.0,16071.23,1.129838,68309.46,0.2511,2026-10-01
NK225E    ,OOP,202610,52500.0,            ,131102518,0000002.0000,0000000.0,1.64,0.598743,141102518,0000000.0000,0000000.0,15821.28,1.112985,68309.46,0.2511,2026-10-01
NK225E    ,OOP,202610,52750.0,            ,181102718,0000003.0000,0000000.0,0.95,0.586442,191102718,0000000.0000,0000000.0,15571.33,1.096184,68309.46,0.2511,2026-10-01
NK225E    ,OOP,202610,53000.0,            ,181103018,0000002.0000,0000000.0,1.65,0.578651,191103018,0000000.0000,0000000.0,15321.38,1.079436,68309.46,0.2511,2026-10-01
NK225E    ,OOP,202610,53250.0,            ,181103218,0000002.0000,0000000.0,2.19,0.568661,191103218,0000000.0000,0000000.0,15071.44,1.062738,68309.46,0.2511,2026-10-01
NK225E    ,OOP,202610,53500.0,            ,181103518,0000002.0000,0000000.0,1.65,0.55871,191103518,0000000.0000,0000000.0,14821.49,1.04609,68309.46,0.2511,2026-10-01
NK225E    ,OOP,202610,53750.0,            ,181103718,0000002.0000,0000000.0,2.2,0.548795,191103718,0000000.0000,0000000.0,14571.54,1.02949,68309.46,0.2511,2026-10-01
NK225E    ,OOP,202610,54000.0,            ,131224018,0000002.0000,0000000.0,2.0,0.570986,141224018,0000000.0000,0000000.0,14321.59,1.012937,68309.46,0.2511,2026-10-01
NK225E    ,OOP,202610,54250.0,            ,181104218,0000000.0000,0000000.0,2.21,0.529073,191104218,0000000.0000,0000000.0,14071.64,0.99643,68309.46,0.2511,2026-10-01
NK225E    ,OOP,202610,54500.0,            ,181104518,0000004.0000,0000000.0,2.21,0.550317,191104518,0000000.0000,0000000.0,13821.69,0.979967,68309.46,0.2511,2026-10-01
NK225E    ,OOP,202610,54750.0,            ,181104718,0000003.0000,0000000.0,2.76,0.540036,191104718,0000000.0000,0000000.0,13571.74,0.963548,68309.46,0.2511,2026-10-01
NK225E    ,OOP,202610,55000.0,            ,131225018,0000003.0000,0000000.0,2.77,0.529789,141225018,0000000.0000,0000000.0,13321.79,0.94717,68309.46,0.2511,2026-10-01
NK225E    ,OOP,202610,55250.0,            ,181105218,0000003.0000,0000000.0,3.36,0.519577,191105218,0000000.0000,0000000.0,13071.84,0.930832,68309.46,0.2511,2026-10-01
NK225E    ,OOP,202610,55500.0,            ,181105518,0000003.0000,0000000.0,3.0,0.528622,191105518,0000000.0000,0000000.0,12821.89,0.914533,68309.46,0.2511,2026-10-01
NK225E    ,OOP,202610,55750.0,            ,181105718,0000003.0000,0000000.0,3.33,0.518148,191105718,0000000.0000,0000000.0,12571.94,0.898273,68309.46,0.2511,2026-10-01
NK225E    ,OOP,202610,56000.0,            ,131226018,0000004.0000,0000000.0,3.88,0.507707,141226018,0000000.0000,0000000.0,12321.99,0.882048,68309.46,0.2511,2026-10-01
NK225E    ,OOP,202610,56250.0,            ,181106218,0000004.0000,0000000.0,3.89,0.497297,191106218,0000000.0000,0000000.0,12072.05,0.865858,68309.46,0.2511,2026-10-01
NK225E    ,OOP,202610,56500.0,            ,181106518,0000004.0000,0000000.0,4.0,0.500741,191106518,0000000.0000,0000000.0,11823.05,0.849701,68309.46,0.2511,2026-10-01
NK225E    ,OOP,202610,56750.0,            ,181106718,0000005.0000,0000000.0,5.94,0.490144,191106718,0000000.0000,0000000.0,11574.05,0.838836,68309.46,0.2511,2026-10-01
NK225E    ,OOP,202610,57000.0,            ,131227018,0000005.0000,0000000.0,5.56,0.479577,141227018,0000000.0000,0000000.0,11325.05,0.822669,68309.46,0.2511,2026-10-01
NK225E    ,OOP,202610,57250.0,            ,181107218,0000005.0000,0000000.0,5.02,0.479862,191107218,0000000.0000,0000000.0,11076.06,0.806531,68309.46,0.2511,2026-10-01
NK225E    ,OOP,202610,57500.0,            ,181107518,0000006.0000,0000000.0,6.0,0.478301,191107518,0000000.0000,0000000.0,10827.54,0.790419,68309.46,0.2511,2026-10-01
NK225E    ,OOP,202610,57750.0,            ,181107718,0000006.0000,0000000.0,6.51,0.46744,191107718,0000000.0000,0000000.0,10577.59,0.774332,68309.46,0.2511,2026-10-01
NK225E    ,OOP,202610,58000.0,            ,131228018,0000006.0000,0000000.0,6.0,0.456607,141228018,0000000.0000,0000000.0,10328.59,0.758269,68309.46,0.2511,2026-10-01
NK225E    ,OOP,202610,58250.0,            ,181108218,0000007.0000,0000000.0,7.6,0.453439,191108218,0000000.0000,0000000.0,10079.11,0.742227,68309.46,0.2511,2026-10-01
NK225E    ,OOP,202610,58375.0,            ,181108318,0000008.0000,0000000.0,7.61,0.452251,191108318,0000000.0000,0000000.0,9955.09,0.738931,68309.46,0.2511,2026-10-01
NK225E    ,OOP,202610,58500.0,            ,181108518,0000008.0000,0000000.0,8.15,0.449254,191108518,0000000.0000,0000000.0,9829.63,0.730886,68309.46,0.2511,2026-10-01
NK225E    ,OOP,202610,58625.0,            ,181108618,0000000.0000,0000000.0,8.7,0.443726,191108618,0000000.0000,0000000.0,9705.13,0.722846,68309.46,0.2511,2026-10-01
NK225E    ,OOP,202610,58750.0,            ,181108718,0000009.0000,0000000.0,9.24,0.444252,191108718,0000000.0000,0000000.0,9581.11,0.714809,68309.46,0.2511,2026-10-01
NK225E    ,OOP,202610,58875.0,            ,181108818,0000009.0000,0000000.0,9.25,0.438674,191108818,0000000.0000,0000000.0,9455.65,0.706777,68309.46,0.2511,2026-10-01
NK225E    ,OOP,202610,59000.0,            ,131229018,0000009.0000,0000000.0,9.0,0.433101,141229018,0000000.0000,0000000.0,9331.15,0.698748,68309.46,0.2511,2026-10-01
NK225E    ,OOP,202610,59125.0,            ,181109118,0000000.0000,0000000.0,9.27,0.429059,191109118,0000000.0000,0000000.0,9207.13,0.690722,68309.46,0.2511,2026-10-01
NK225E    ,OOP,202610,59250.0,            ,181109218,0000010.0000,0000000.0,10.89,0.427331,191109218,0000000.0000,0000000.0,9082.15,0.682699,68309.46,0.2511,2026-10-01
NK225E    ,OOP,202610,59375.0,            ,181109318,0000000.0000,0000000.0,10.9,0.421716,191109318,0000000.0000,0000000.0,8957.65,0.674679,68309.46,0.2511,2026-10-01
NK225E    ,OOP,202610,59500.0,            ,181109518,0000012.0000,0000000.0,11.78,0.420996,191109518,0000000.0000,0000000.0,8833.15,0.666661,68309.46,0.2511,2026-10-01
NK225E    ,OOP,202610,59625.0,            ,181109618,0000000.0000,0000000.0,11.35,0.415337,191109618,0000000.0000,0000000.0,8708.16,0.658645,68309.46,0.2511,2026-10-01
NK225E    ,OOP,202610,59750.0,            ,181109718,0000013.0000,0000000.0,12.01,0.409684,191109718,0000000.0000,0000000.0,8583.66,0.650631,68309.46,0.2511,2026-10-01
NK225E    ,OOP,202610,59875.0,            ,181109818,0000000.0000,0000000.0,12.31,0.408474,191109818,0000000.0000,0000000.0,8459.63,0.642618,68309.46,0.2511,2026-10-01
NK225E    ,OOP,202610,60000.0,            ,131220018,0000013.0000,0000000.0,13.0,0.406923,141220018,0000000.0000,0000000.0,8335.13,0.634606,68309.46,0.2511,2026-10-01
NK225E    ,OOP,202610,60125.0,            ,181100118,0000000.0000,0000000.0,12.96,0.401063,191100118,0000000.0000,0000000.0,8210.63,0.630749,68309.46,0.2511,2026-10-01
NK225E    ,OOP,202610,60250.0,            ,181100218,0000013.0000,0000000.0,15.28,0.399293,191100218,0000000.0000,0000000.0,8087.08,0.622703,68309.46,0.2511,2026-10-01
NK225E    ,OOP,202610,60375.0,            ,181100318,0000000.0000,0000000.0,15.13,0.393517,191100318,0000000.0000,0000000.0,7962.09,0.614657,68309.46,0.2511,2026-10-01
NK225E    ,OOP,202610,60500.0,            ,181100518,0000018.0000,0000000.0,15.85,0.391321,191100518,0000000.0000,0000000.0,7838.06,0.60661,68309.46,0.2511,2026-10-01
NK225E    ,OOP,202610,60625.0,            ,181100618,0000000.0000,0000000.0,15.84,0.38551,191100618,0000000.0000,0000000.0,7713.56,0.598562,68309.46,0.2511,2026-10-01
NK225E    ,OOP,202610,60750.0,            ,181100718,0000017.0000,0000000.0,17.9,0.38304,191100718,0000000.0000,0000000.0,7589.05,0.590514,68309.46,0.2511,2026-10-01
NK225E    ,OOP,202610,60875.0,            ,181100818,0000000.0000,0000000.0,18.06,0.377194,191100818,0000000.0000,0000000.0,7465.02,0.582463,68309.46,0.2511,2026-10-01
NK225E    ,OOP,202610,61000.0,            ,131221018,0000018.0000,0000000.0,18.0,0.377478,141221018,0000000.0000,0000000.0,7341.94,0.57826,68309.46,0.2511,2026-10-01
NK225E    ,OOP,202610,61125.0,            ,181101118,0000000.0000,0000000.0,20.25,0.37156,191101118,0000000.0000,0000000.0,7217.43,0.570169,68309.46,0.2511,2026-10-01
NK225E    ,OOP,202610,61250.0,            ,181101218,0000022.0000,0000000.0,21.19,0.368469,191101218,0000000.0000,0000000.0,7093.4,0.562075,68309.46,0.2511,2026-10-01
NK225E    ,OOP,202610,61375.0,            ,181101318,0000000.0000,0000000.0,22.28,0.365213,191101318,0000000.0000,0000000.0,6969.36,0.553978,68309.46,0.2511,2026-10-01
NK225E    ,OOP,202610,61500.0,            ,181101518,0000020.0000,0000000.0,19.99,0.35923,191101518,0000000.0000,0000000.0,6847.24,0.549535,68309.46,0.2511,2026-10-01
NK225E    ,OOP,202610,61625.0,            ,181101618,0000000.0000,0000000.0,27.42,0.365237,191101618,0000000.0000,0000000.0,6724.65,0.541394,68309.46,0.2511,2026-10-01
NK225E    ,OOP,202610,61750.0,            ,181101718,0000026.0000,0000000.0,25.76,0.359099,191101718,0000000.0000,0000000.0,6599.65,0.533247,68309.46,0.2511,2026-10-01
NK225E    ,OOP,202610,61875.0,            ,131101818,0000000.0000,0000000.0,27.85,0.352961,141101818,0000000.0000,0000000.0,6475.13,0.525095,68309.46,0.2511,2026-10-01
NK225E    ,OOP,202610,62000.0,            ,131222018,0000025.0000,0000000.0,25.0,0.346823,141222018,0000000.0000,0000000.0,6352.05,0.516937,68309.46,0.2511,2026-10-01
NK225E    ,OOP,202610,62125.0,            ,131102118,0000034.0000,0000000.0,31.63,0.346818,141102118,0000000.0000,0000000.0,6228.96,0.512208,68309.46,0.2511,2026-10-01
NK225E    ,OOP,202610,62250.0,            ,181102218,0000033.0000,0000000.0,32.66,0.344406,191102218,0000000.0000,0000000.0,6106.35,0.504,68309.46,0.2511,2026-10-01
NK225E    ,OOP,202610,62375.0,            ,131102318,0000050.0000,0000000.0,35.41,0.341734,141102318,0000000.0000,0000000.0,5982.79,0.495784,68309.46,0.2511,2026-10-01
NK225E    ,OOP,202610,62500.0,            ,131222518,0000033.0000,0000000.0,33.0,0.33713,141222518,0000000.0000,0000000.0,5859.7,0.490849,68309.46,0.2511,2026-10-01
NK225E    ,OOP,202610,62625.0,            ,131102618,0000000.0000,0000000.0,39.65,0.334085,141102618,0000000.0000,0000000.0,5737.08,0.482578,68309.46,0.2511,2026-10-01
NK225E    ,OOP,202610,62750.0,            ,131222718,0000040.0000,0000000.0,39.22,0.332371,141222718,0000000.0000,0000000.0,5615.43,0.477481,68309.46,0.2511,2026-10-01
NK225E    ,OOP,202610,62875.0,            ,131102818,0000049.0000,0000000.0,45.33,0.328854,141102818,0000000.0000,0000000.0,5492.81,0.469154,68309.46,0.2511,2026-10-01
NK225E    ,OOP,202610,63000.0,            ,131223018,0000037.0000,0000000.0,37.0,0.317906,141223018,0005275.0000,0000000.0,5370.67,0.420725,68309.46,0.2511,2026-10-01
NK225E    ,OOP,202610,63125.0,            ,131103118,0000055.0000,0000000.0,46.06,0.322633,141103118,0000000.0000,0000000.0,5248.52,0.455506,68309.46,0.2511,2026-10-01
NK225E    ,OOP,202610,63250.0,            ,131223218,0000054.0000,0000000.0,49.59,0.321075,141223218,0000000.0000,0000000.0,5127.34,0.450084,68309.46,0.2511,2026-10-01
NK225E    ,OOP,202610,63375.0,            ,131103318,0000073.0000,0000000.0,54.98,0.317952,141103318,0000000.0000,0000000.0,5005.67,0.444547,68309.46,0.2511,2026-10-01
NK225E    ,OOP,202610,63500.0,            ,131223518,0000062.0000,0000000.0,57.64,0.314597,141223518,0000000.0000,0000000.0,4884.96,0.436045,68309.46,0.2511,2026-10-01
NK225E    ,OOP,202610,63625.0,            ,131103618,0000093.0000,0000000.0,60.95,0.311024,141103618,0000000.0000,0000000.0,4763.28,0.430344,68309.46,0.2511,2026-10-01
NK225E    ,OOP,202610,63750.0,            ,131223718,0000060.0000,0000000.0,60.0,0.30621,141223718,0000000.0000,0000000.0,4644.01,0.424531,68309.46,0.2511,2026-10-01
NK225E    ,OOP,202610,63875.0,            ,131103818,0000074.0000,0000000.0,69.18,0.305243,141103818,0000000.0000,0000000.0,4522.32,0.415903,68309.46,0.2511,2026-10-01
NK225E    ,OOP,202610,64000.0,            ,181224018,0000067.0000,0000000.0,66.99,0.299125,191224018,0004315.0000,0000000.0,4404.0,0.376093,68309.46,0.2511,2026-10-01
NK225E    ,OOP,202610,64125.0,            ,131104118,0000088.0000,0000000.0,79.03,0.301039,141104118,0000000.0000,0000000.0,4284.71,0.406421,68309.46,0.2511,2026-10-01
NK225E    ,OOP,202610,64250.0,            ,131224218,0000096.0000,0000000.0,83.97,0.297982,141224218,0000000.0000,0000000.0,4165.9,0.400162,68309.46,0.2511,2026-10-01
NK225E    ,OOP,202610,64375.0,            ,131104318,0000100.0000,0000000.0,92.11,0.295432,141104318,0000000.0000,0000000.0,4046.6,0.393791,68309.46,0.2511,2026-10-01
NK225E    ,OOP,202610,64500.0,            ,131224518,0000089.0000,0000000.0,89.0,0.288748,141224518,0000000.0000,0000000.0,3930.67,0.387308,68309.46,0.2511,2026-10-01
NK225E    ,OOP,202610,64625.0,            ,131104618,0000103.0000,0000000.0,105.23,0.290766,141104618,0000000.0000,0000000.0,3812.33,0.383083,68309.46,0.2511,2026-10-01
NK225E    ,OOP,202610,64750.0,            ,131224718,0000105.0000,0000000.0,104.99,0.285162,141224718,0000000.0000,0000000.0,3696.87,0.376326,68309.46,0.2511,2026-10-01
NK225E    ,OOP,202610,64875.0,            ,131104818,0000127.0000,0000000.0,122.62,0.285959,141104818,0000000.0000,0000000.0,3580.44,0.371718,68309.46,0.2511,2026-10-01
NK225E    ,OOP,202610,65000.0,            ,181225018,0000120.0000,0000000.0,119.99,0.279293,191225018,0000000.0000,0000000.0,3467.4,0.366894,68309.46,0.2511,2026-10-01
NK225E    ,OOP,202610,65125.0,            ,131105118,0000134.0000,0000000.0,134.0,0.279692,141105118,0000000.0000,0000000.0,3350.95,0.361856,68309.46,0.2511,2026-10-01
NK225E    ,OOP,202610,65250.0,            ,131225218,0000258.0000,0000000.0,150.86,0.278846,141225218,0000000.0000,0000000.0,3237.89,0.356607,68309.46,0.2511,2026-10-01
NK225E    ,OOP,202610,65375.0,            ,131105318,0000190.0000,0000000.0,163.22,0.277443,141105318,0000000.0000,0000000.0,3127.25,0.351149,68309.46,0.2511,2026-10-01
NK225E    ,OOP,202610,65500.0,            ,131225518,0000197.0000,0000000.0,176.88,0.274531,141225518,0003010.0000,0000000.0,3014.66,0.345483,68309.46,0.2511,2026-10-01
NK225E    ,OOP,202610,65625.0,            ,131105618,0000000.0000,0000000.0,186.3,0.272675,141105618,0000000.0000,0000000.0,2905.46,0.341557,68309.46,0.2511,2026-10-01
NK225E    ,OOP,202610,65750.0,            ,131225718,0000000.0000,0000000.0,203.96,0.269878,141225718,0000000.0000,0000000.0,2795.27,0.33733,68309.46,0.2511,2026-10-01
NK225E    ,OOP,202610,65875.0,            ,131105818,0000000.0000,0000000.0,222.23,0.267546,141105818,0000000.0000,0000000.0,2686.54,0.332806,68309.46,0.2511,2026-10-01
NK225E    ,OOP,202610,66000.0,            ,131346018,0000250.0000,0000000.0,249.99,0.273874,141346018,0002740.0000,0000000.0,2739.99,0.336932,68309.46,0.2511,2026-10-01
NK225E    ,OOP,202610,66125.0,            ,131106118,0000000.0000,0000000.0,254.22,0.265544,141106118,0000000.0000,0000000.0,2480.26,0.326396,68309.46,0.2511,2026-10-01
NK225E    ,OOP,202610,66250.0,            ,131226218,0000291.0000,0000000.0,291.0,0.270534,141226218,0000000.0000,0000000.0,2372.95,0.320925,68309.46,0.2511,2026-10-01
NK225E    ,OOP,202610,66375.0,            ,131106318,0000289.0000,0000000.0,305.42,0.258686,141106318,0000000.0000,0000000.0,2267.09,0.316842,68309.46,0.2511,2026-10-01
NK225E    ,OOP,202610,66500.0,            ,131226518,0000300.0000,0000000.0,300.0,0.253722,141226518,0000000.0000,0000000.0,2168.56,0.312399,68309.46,0.2511,2026-10-01
NK225E    ,OOP,202610,66625.0,            ,131106618,0000000.0000,0000000.0,349.41,0.255712,141106618,0000000.0000,0000000.0,2067.57,0.309196,68309.46,0.2511,2026-10-01
NK225E    ,OOP,202610,66750.0,            ,131226718,0000325.0000,0000000.0,376.12,0.253526,141226718,0001550.0000,0000000.0,1971.47,0.305569,68309.46,0.2511,2026-10-01
NK225E    ,OOP,202610,66875.0,            ,131106818,0000000.0000,0000000.0,408.02,0.250786,141106818,0000000.0000,0000000.0,1875.35,0.301523,68309.46,0.2511,2026-10-01
NK225E    ,OOP,202610,67000.0,            ,131347018,0000420.0000,0000000.0,419.99,0.250654,141347018,0001750.0000,0000000.0,1781.68,0.288038,68309.46,0.2511,2026-10-01
NK225E    ,OOP,202610,67125.0,            ,131107118,0000000.0000,0000000.0,474.57,0.246775,141107118,0000000.0000,0000000.0,1687.99,0.295119,68309.46,0.2511,2026-10-01
NK225E    ,OOP,202610,67250.0,            ,131227218,0000690.0000,0000000.0,503.29,0.245367,141227218,0001420.0000,0000000.0,1601.69,0.292652,68309.46,0.2511,2026-10-01
NK225E    ,OOP,202610,67375.0,            ,131107318,0000000.0000,0000000.0,543.48,0.246218,141107318,0001540.0000,0000000.0,1522.79,0.292504,68309.46,0.2511,2026-10-01
NK225E    ,OOP,202610,67500.0,            ,181227518,0000615.0000,0000000.0,614.99,0.259059,191227518,0001430.0000,0000000.0,1431.52,0.287569,68309.46,0.2511,2026-10-01
NK225E    ,OOP,202610,67625.0,            ,131107618,0000660.0000,0000000.0,620.7,0.240119,141107618,0000000.0000,0000000.0,1352.61,0.284916,68309.46,0.2511,2026-10-01
NK225E    ,OOP,202610,67750.0,            ,131227718,0000710.0000,0000000.0,710.0,0.258095,141227718,0001300.0000,0000000.0,1242.62,0.283075,68309.46,0.2511,2026-10-01
NK225E    ,OOP,202610,67875.0,            ,131107818,0000000.0000,0000000.0,731.28,0.236978,141107818,0001190.0000,0000000.0,1121.68,0.280652,68309.46,0.2511,2026-10-01
NK225E    ,OOP,202610,68000.0,            ,131348018,0000750.0000,0000000.0,750.0,0.239736,141348018,0001190.0000,0000000.0,1189.99,0.270953,68309.46,0.2511,2026-10-01
NK225E    ,OOP,202610,68125.0,            ,131108118,0000770.0000,0000000.0,840.96,0.233721,141108118,0000780.0000,0000000.0,1032.83,0.27405,68309.46,0.2511,2026-10-01
NK225E    ,OOP,202610,68250.0,            ,131228218,0001180.0000,0000000.0,885.47,0.231008,141228218,0000910.0000,0000000.0,947.99,0.271174,68309.46,0.2511,2026-10-01
NK225E    ,OOP,202610,68375.0,            ,131108318,0000000.0000,0000000.0,950.27,0.23153,141108318,0001060.0000,0000000.0,916.2,0.271642,68309.46,0.2511,2026-10-01
NK225E    ,OOP,202610,68500.0,            ,131228518,0000955.0000,0000000.0,955.0,0.228644,141228518,0000870.0000,0000000.0,870.0,0.252895,68309.46,0.2511,2026-10-01
NK225E    ,OOP,202610,68625.0,            ,131108618,0000000.0000,0000000.0,1067.72,0.224971,141108618,0000830.0000,0000000.0,829.99,0.257334,68309.46,0.2511,2026-10-01
NK225E    ,OOP,202610,68750.0,            ,131228718,0001050.0000,0000000.0,1145.19,0.223162,141228718,0000690.0000,0000000.0,690.0,0.234286,68309.46,0.2511,2026-10-01
NK225E    ,OOP,202610,68875.0,            ,131108818,0000000.0000,0000000.0,1224.45,0.22053,141108818,0000690.0000,0000000.0,664.24,0.262994,68309.46,0.2511,2026-10-01
NK225E    ,OOP,202610,69000.0,            ,131349018,0001275.0000,0000000.0,1292.69,0.219805,141349018,0000670.0000,0000000.0,669.99,0.256008,68309.46,0.2511,2026-10-01
NK225E    ,OOP,202610,69125.0,            ,131109118,0000000.0000,0000000.0,1378.07,0.215417,141109118,0000000.0000,0000000.0,563.35,0.257885,68309.46,0.2511,2026-10-01
NK225E    ,OOP,202610,69250.0,            ,131229218,0000000.0000,0000000.0,1464.13,0.215838,141229218,0000550.0000,0000000.0,549.99,0.247813,68309.46,0.2511,2026-10-01
NK225E    ,OOP,202610,69375.0,            ,131109318,0000000.0000,0000000.0,1542.6,0.212468,141109318,0000660.0000,0000000.0,478.51,0.255464,68309.46,0.2511,2026-10-01
NK225E    ,OOP,202610,69500.0,            ,131229518,0000000.0000,0000000.0,1628.67,0.209603,141229518,0000465.0000,0000000.0,464.99,0.246474,68309.46,0.2511,2026-10-01
NK225E    ,OOP,202610,69625.0,            ,131109618,0000000.0000,0000000.0,1714.73,0.207302,141109618,0000380.0000,0000000.0,379.99,0.231545,68309.46,0.2511,2026-10-01
NK225E    ,OOP,202610,69750.0,            ,131229718,0000000.0000,0000000.0,1805.89,0.205653,141229718,0000415.0000,0000000.0,415.0,0.253092,68309.46,0.2511,2026-10-01
NK225E    ,OOP,202610,69875.0,            ,131109818,0000000.0000,0000000.0,1899.6,0.202983,141109818,0000000.0000,0000000.0,348.53,0.252427,68309.46,0.2511,2026-10-01
NK225E    ,OOP,202610,70000.0,            ,131340018,0000000.0000,0000000.0,1994.84,0.199128,141340018,0000330.0000,0000000.0,329.99,0.245999,68309.46,0.2511,2026-10-01
NK225E    ,OOP,202610,70125.0,            ,131100118,0000000.0000,0000000.0,2091.11,0.195923,141100118,0000385.0000,0000000.0,292.13,0.250579,68309.46,0.2511,2026-10-01
NK225E    ,OOP,202610,70250.0,            ,131220218,0000000.0000,0000000.0,2190.97,0.191311,141220218,0000265.0000,0000000.0,256.79,0.246863,68309.46,0.2511,2026-10-01
NK225E    ,OOP,202610,70375.0,            ,131100318,0000000.0000,0000000.0,2291.35,0.187407,141100318,0000246.0000,0000000.0,240.44,0.251944,68309.46,0.2511,2026-10-01
NK225E    ,OOP,202610,70500.0,            ,131220518,0000000.0000,0000000.0,2394.81,0.18172,141220518,0000230.0000,0000000.0,229.99,0.246549,68309.46,0.2511,2026-10-01
NK225E    ,OOP,202610,70625.0,            ,131100618,0000000.0000,0000000.0,2498.28,0.176806,141100618,0000285.0000,0000000.0,193.11,0.251929,68309.46,0.2511,2026-10-01
NK225E    ,OOP,202610,70750.0,            ,131220718,0000000.0000,0000000.0,2605.36,0.169363,141220718,0000168.0000,0000000.0,174.39,0.246748,68309.46,0.2511,2026-10-01
NK225E    ,OOP,202610,70875.0,            ,131100818,0000000.0000,0000000.0,2711.92,0.151956,141100818,0000151.0000,0000000.0,157.09,0.252661,68309.46,0.2511,2026-10-01
NK225E    ,OOP,202610,71000.0,            ,131341018,0000000.0000,0000000.0,2822.63,0.13423,141341018,0000162.0000,0000000.0,161.99,0.249895,68309.46,0.2511,2026-10-01
NK225E    ,OOP,202610,71125.0,            ,131101118,0000000.0000,0000000.0,2932.82,0.01,141101118,0000137.0000,0000000.0,130.13,0.253208,68309.46,0.2511,2026-10-01
NK225E    ,OOP,202610,71250.0,            ,131221218,0000000.0000,0000000.0,3044.06,0.01,141221218,0000108.0000,0000000.0,114.74,0.247085,68309.46,0.2511,2026-10-01
NK225E    ,OOP,202610,71375.0,            ,131101318,0000000.0000,0000000.0,3157.9,0.01,141101318,0000000.0000,0000000.0,107.54,0.252152,68309.46,0.2511,2026-10-01
NK225E    ,OOP,202610,71500.0,            ,131221518,0000000.0000,0000000.0,3271.74,0.01,141221518,0000101.0000,0000000.0,100.99,0.246129,68309.46,0.2511,2026-10-01
NK225E    ,OOP,202610,71625.0,            ,131101618,0000000.0000,0000000.0,3385.58,0.01,141101618,0000083.0000,0000000.0,82.1,0.252425,68309.46,0.2511,2026-10-01
NK225E    ,OOP,202610,71750.0,            ,131221718,0000000.0000,0000000.0,3502.04,0.01,141221718,0000075.0000,0000000.0,74.87,0.24768,68309.46,0.2511,2026-10-01
NK225E    ,OOP,202610,71875.0,            ,181101818,0000000.0000,0000000.0,3619.55,0.01,191101818,0000083.0000,0000000.0,64.41,0.252844,68309.46,0.2511,2026-10-01
NK225E    ,OOP,202610,72000.0,            ,131342018,0000000.0000,0000000.0,3735.49,0.01,141342018,0000070.0000,0000000.0,69.99,0.250866,68309.46,0.2511,2026-10-01
NK225E    ,OOP,202610,72125.0,            ,181102118,0000000.0000,0000000.0,3854.05,0.01,191102118,0000053.0000,0000000.0,52.26,0.252211,68309.46,0.2511,2026-10-01
NK225E    ,OOP,202610,72250.0,            ,131222218,0000000.0000,0000000.0,3974.2,0.01,141222218,0000050.0000,0000000.0,49.99,0.245451,68309.46,0.2511,2026-10-01
NK225E    ,OOP,202610,72500.0,            ,181102518,0000000.0000,0000000.0,4213.44,0.01,191102518,0000035.0000,0000000.0,36.04,0.248786,68309.46,0.2511,2026-10-01
NK225E    ,OOP,202610,72750.0,            ,181222718,0000000.0000,0000000.0,4455.86,0.01,191222718,0000032.0000,0000000.0,32.0,0.24771,68309.46,0.2511,2026-10-01
NK225E    ,OOP,202610,73000.0,            ,131343018,0000000.0000,0000000.0,4699.34,0.01,141343018,0000027.0000,0000000.0,26.99,0.251307,68309.46,0.2511,2026-10-01
NK225E    ,OOP,202610,73250.0,            ,181223218,0000000.0000,0000000.0,4943.9,0.01,191223218,0000019.0000,0000000.0,16.97,0.251556,68309.46,0.2511,2026-10-01
NK225E    ,OOP,202610,73500.0,            ,181223518,0000000.0000,0000000.0,5190.06,0.01,191223518,0000010.0000,0000000.0,10.0,0.235215,68309.46,0.2511,2026-10-01
NK225E    ,OOP,202610,73750.0,            ,181223718,0000000.0000,0000000.0,5436.21,0.01,191223718,0000010.0000,0000000.0,11.33,0.256175,68309.46,0.2511,2026-10-01
NK225E    ,OOP,202610,74000.0,            ,131344018,0000000.0000,0000000.0,5684.52,0.01,141344018,0000010.0000,0000000.0,10.0,0.253922,68309.46,0.2511,2026-10-01
NK225E    ,OOP,202610,74250.0,            ,181224218,0000000.0000,0000000.0,5932.83,0.01,191224218,0000013.0000,0000000.0,6.45,0.259597,68309.46,0.2511,2026-10-01
NK225E    ,OOP,202610,74500.0,            ,181224518,0000000.0000,0000000.0,6181.14,0.01,191224518,0000015.0000,0000000.0,15.0,0.287631,68309.46,0.2511,2026-10-01
NK225E    ,OOP,202610,74750.0,            ,181224718,0000000.0000,0000000.0,6430.54,0.01,191224718,0000005.0000,0000000.0,3.85,0.264296,68309.46,0.2511,2026-10-01
NK225E    ,OOP,202610,75000.0,            ,181345018,0000000.0000,0000000.0,6678.85,0.01,191345018,0000004.0000,0000000.0,4.0,0.260705,68309.46,0.2511,2026-10-01
NK225E    ,OOP,202610,75250.0,            ,181225218,0000000.0000,0000000.0,6928.25,0.01,191225218,0000003.0000,0000000.0,3.0,0.260877,68309.46,0.2511,2026-10-01
NK225E    ,OOP,202610,75500.0,            ,181225518,0000000.0000,0000000.0,7177.65,0.01,191225518,0000003.0000,0000000.0,2.86,0.267546,68309.46,0.2511,2026-10-01
NK225E    ,OOP,202610,75750.0,            ,181225718,0000000.0000,0000000.0,7426.98,0.01,191225718,0000000.0000,0000000.0,2.13,0.267608,68309.46,0.2511,2026-10-01
NK225E    ,OOP,202610,76000.0,            ,181346018,0000000.0000,0000000.0,7676.45,0.01,191346018,0000002.0000,0000000.0,1.2,0.261,68309.46,0.2511,2026-10-01
NK225E    ,OOP,202610,76250.0,            ,181226218,0000000.0000,0000000.0,7926.4,0.01,191226218,0000002.0000,0000000.0,1.2,0.268422,68309.46,0.2511,2026-10-01
NK225E    ,OOP,202610,76500.0,            ,181226518,0000000.0000,0000000.0,8176.34,0.01,191226518,0000001.0000,0000000.0,1.21,0.275801,68309.46,0.2511,2026-10-01
NK225E    ,OOP,202610,77000.0,            ,181347018,0000000.0000,0000000.0,8675.51,0.01,191347018,0000001.0000,0000000.0,0.92,0.283471,68309.46,0.2511,2026-10-01
NK225E    ,OOP,202610,77500.0,            ,131227518,0000000.0000,0000000.0,9174.99,0.01,141227518,0000001.0000,0000000.0,0.5,0.283471,68309.46,0.2511,2026-10-01
NK225E    ,OOP,202610,78000.0,            ,181348018,0000000.0000,0000000.0,9674.65,0.01,191348018,0000001.0000,0000000.0,0.27,0.283471,68309.46,0.2511,2026-10-01
NK225E    ,OOP,202610,78500.0,            ,181228518,0000000.0000,0000000.0,10174.42,0.01,191228518,0000001.0000,0000000.0,0.14,0.283471,68309.46,0.2511,2026-10-01
NK225E    ,OOP,202610,79000.0,            ,181349018,0000000.0000,0000000.0,10674.25,0.01,191349018,0000001.0000,0000000.0,0.07,0.283471,68309.46,0.2511,2026-10-01
NK225E    ,OOP,202610,79500.0,            ,181229518,0000000.0000,0000000.0,11174.11,0.01,191229518,0000000.0000,0000000.0,0.03,0.283471,68309.46,0.2511,2026-10-01
NK225E    ,OOP,202610,80000.0,            ,181340018,0000000.0000,0000000.0,11673.98,0.01,191340018,0000001.0000,0000000.0,0.01,0.283471,68309.46,0.2511,2026-10-01
NK225E    ,OOP,202610,80500.0,            ,181220518,0000000.0000,0000000.0,12173.87,0.01,191220518,0000000.0000,0000000.0,0.0,0.283471,68309.46,0.2511,2026-10-01
NK225E    ,OOP,202610,81000.0,            ,181341018,0000000.0000,0000000.0,12673.76,0.01,191341018,0000000.0000,0000000.0,0.0,0.283471,68309.46,0.2511,2026-10-01
NK225E    ,OOP,202610,81500.0,            ,181221518,0000000.0000,0000000.0,13173.66,0.01,191221518,0000000.0000,0000000.0,0.0,0.283471,68309.46,0.2511,2026-10-01
NK225E    ,OOP,202610,82000.0,            ,181342018,0000000.0000,0000000.0,13673.55,0.01,191342018,0000000.0000,0000000.0,0.0,0.283471,68309.46,0.2511,2026-10-01
NK225E    ,OOP,202610,82500.0,            ,181222518,0000000.0000,0000000.0,14173.45,0.01,191222518,0000000.0000,0000000.0,0.0,0.283471,68309.46,0.2511,2026-10-01
NK225E    ,OOP,202610,83000.0,            ,181343018,0000000.0000,0000000.0,14673.34,0.01,191343018,0000000.0000,0000000.0,0.0,0.283471,68309.46,0.2511,2026-10-01
NK225E    ,OOP,202610,83500.0,            ,131343518,0000000.0000,0000000.0,15173.24,0.01,141343518,0000000.0000,0000000.0,0.0,0.283471,68309.46,0.2511,2026-10-01
NK225E    ,OOP,202610,84000.0,            ,181344018,0000000.0000,0000000.0,15673.14,0.01,191344018,0000000.0000,0000000.0,0.0,0.283471,68309.46,0.2511,2026-10-01
NK225E    ,OOP,202610,84500.0,            ,131344518,0000000.0000,0000000.0,16173.03,0.01,141344518,0000000.0000,0000000.0,0.0,0.283471,68309.46,0.2511,2026-10-01
NK225E    ,OOP,202610,85000.0,            ,131465018,0000000.0000,0000000.0,16672.93,0.01,141465018,0000000.0000,0000000.0,0.0,0.283471,68309.46,0.2511,2026-10-01
NK225E    ,OOP,202610,87500.0,            ,131347518,0000000.0000,0000000.0,19172.41,0.01,141347518,0000000.0000,0000000.0,0.0,0.283471,68309.46,0.2511,2026-10-01
NK225E    ,OOP,202610,90000.0,            ,131460018,0000000.0000,0000000.0,21671.89,0.01,141460018,0000000.0000,0000000.0,0.0,0.283471,68309.46,0.2511,2026-10-01
NK225E    ,OOP,202610,92500.0,            ,181342518,0000000.0000,0000000.0,24171.38,0.01,191342518,0000000.0000,0000000.0,0.0,0.283471,68309.46,0.2511,2026-10-01
NK225E    ,OOP,202610,95000.0,            ,181465018,0000000.0000,0000000.0,26670.86,0.01,191465018,0000000.0000,0000000.0,0.0,0.283471,68309.46,0.2511,2026-10-01
NK225E    ,OOP,202610,97500.0,            ,181347518,0000000.0000,0000000.0,29170.34,0.01,191347518,0000000.0000,0000000.0,0.0,0.283471,68309.46,0.2511,2026-10-01
NK225E    ,OOP,202610,100000.0,            ,181460018,0000000.0000,0000000.0,31669.82,0.01,191460018,0000000.0000,0000000.0,0.0,0.283471,68309.46,0.2511,2026-10-01
NK225E    ,OOP,202611,20000.0,            ,131590018,0000002.0000,0000000.0,1.53,1.056605,141590018,0000000.0000,0000000.0,48341.6,1.661064,68309.46,0.2511,2026-11-01
NK225E    ,OOP,202611,22500.0,            ,131352518,0000002.0000,0000000.0,1.53,0.958025,141352518,0000000.0000,0000000.0,45845.82,1.511637,68309.46,0.2511,2026-11-01
NK225E    ,OOP,202611,25000.0,            ,181235018,0000002.0000,0000000.0,2.05,0.869978,191235018,0000000.0000,0000000.0,43350.24,1.378475,68309.46,0.2511,2026-11-01
NK225E    ,OOP,202611,26000.0,            ,131356018,0000000.0000,0000000.0,2.05,0.837224,141356018,0000000.0000,0000000.0,42352.18,1.325362,68309.46,0.2511,2026-11-01
NK225E    ,OOP,202611,27000.0,            ,181237018,0000000.0000,0000000.0,2.57,0.805712,191237018,0000000.0000,0000000.0,41353.78,1.274353,68309.46,0.2511,2026-11-01
NK225E    ,OOP,202611,28000.0,            ,181238018,0000000.0000,0000000.0,2.96,0.815881,191238018,0000000.0000,0000000.0,40355.39,1.233857,68309.46,0.2511,2026-11-01
NK225E    ,OOP,202611,29000.0,            ,181239018,0000000.0000,0000000.0,0.98,0.785154,191239018,0000000.0000,0000000.0,39356.99,1.186398,68309.46,0.2511,2026-11-01
NK225E    ,OOP,202611,30000.0,            ,181230018,0000004.0000,0000000.0,4.59,0.780099,191230018,0000000.0000,0000000.0,38358.6,1.140617,68309.46,0.2511,2026-11-01
NK225E    ,OOP,202611,31000.0,            ,181231018,0000000.0000,0000000.0,0.97,0.689355,191231018,0000000.0000,0000000.0,37360.2,1.104152,68309.46,0.2511,2026-11-01
NK225E    ,OOP,202611,32000.0,            ,181232018,0000000.0000,0000000.0,0.97,0.662827,191232018,0000000.0000,0000000.0,36361.81,1.061216,68309.46,0.2511,2026-11-01
NK225E    ,OOP,202611,33000.0,            ,181233018,0000006.0000,0000000.0,6.13,0.724835,191233018,0000000.0000,0000000.0,35363.41,1.019647,68309.46,0.2511,2026-11-01
NK225E    ,OOP,202611,34000.0,            ,181234018,0000007.0000,0000000.0,6.14,0.708223,191234018,0000000.0000,0000000.0,34365.02,0.986376,68309.46,0.2511,2026-11-01
NK225E    ,OOP,202611,35000.0,            ,131355018,0000007.0000,0000000.0,7.0,0.690264,141355018,0000000.0000,0000000.0,33366.62,0.94713,68309.46,0.2511,2026-11-01
NK225E    ,OOP,202611,36000.0,            ,131116018,0000009.0000,0000000.0,8.7,0.671403,141116018,0000000.0000,0000000.0,32368.23,0.909016,68309.46,0.2511,2026-11-01
NK225E    ,OOP,202611,37000.0,            ,131117018,0000010.0000,0000000.0,10.75,0.651929,141117018,0000000.0000,0000000.0,31369.83,0.878315,68309.46,0.2511,2026-11-01
NK225E    ,OOP,202611,38000.0,            ,131118018,0000012.0000,0000000.0,0.97,0.62551,141118018,0000000.0000,0000000.0,30371.43,0.842124,68309.46,0.2511,2026-11-01
NK225E    ,OOP,202611,39000.0,            ,131119018,0000000.0000,0000000.0,0.97,0.54284,141119018,0000000.0000,0000000.0,29373.04,0.806885,68309.46,0.2511,2026-11-01
NK225E    ,OOP,202611,40000.0,            ,131110018,0000016.0000,0000000.0,15.9,0.605577,141110018,0000000.0000,0000000.0,28374.64,0.778269,68309.46,0.2511,2026-11-01
NK225E    ,OOP,202611,41000.0,            ,131111018,0000020.0000,0000000.0,16.94,0.583917,141111018,0000000.0000,0000000.0,27377.22,0.744638,68309.46,0.2511,2026-11-01
NK225E    ,OOP,202611,42000.0,            ,131112018,0000000.0000,0000000.0,5.85,0.504617,141112018,0000000.0000,0000000.0,26382.74,0.717093,68309.46,0.2511,2026-11-01
NK225E    ,OOP,202611,43000.0,            ,131113018,0000024.0000,0000000.0,24.13,0.553442,141113018,0000000.0000,0000000.0,25388.26,0.689889,68309.46,0.2511,2026-11-01
NK225E    ,OOP,202611,44000.0,            ,131114018,0000026.0000,0000000.0,26.21,0.533889,141114018,0000000.0000,0000000.0,24393.77,0.663007,68309.46,0.2511,2026-11-01
NK225E    ,OOP,202611,44500.0,            ,181114518,0000000.0000,0000000.0,15.63,0.496417,191114518,0000000.0000,0000000.0,23896.53,0.651933,68309.46,0.2511,2026-11-01
NK225E    ,OOP,202611,44750.0,            ,181114718,0000000.0000,0000000.0,16.61,0.493835,191114718,0000000.0000,0000000.0,23647.91,0.64416,68309.46,0.2511,2026-11-01
NK225E    ,OOP,202611,45000.0,            ,131115018,0000030.0000,0000000.0,31.65,0.523235,141115018,0000000.0000,0000000.0,23399.29,0.636428,68309.46,0.2511,2026-11-01
NK225E    ,OOP,202611,45250.0,            ,181115218,0000030.0000,0000000.0,31.03,0.514814,191115218,0000000.0000,0000000.0,23150.67,0.63306,68309.46,0.2511,2026-11-01
NK225E    ,OOP,202611,45500.0,            ,131115518,0000000.0000,0000000.0,19.54,0.510775,141115518,0000000.0000,0000000.0,22902.04,0.625378,68309.46,0.2511,2026-11-01
NK225E    ,OOP,202611,45750.0,            ,131115718,0000000.0000,0000000.0,20.51,0.480469,141115718,0000000.0000,0000000.0,22653.42,0.617735,68309.46,0.2511,2026-11-01
NK225E    ,OOP,202611,46000.0,            ,181116018,0000000.0000,0000000.0,21.15,0.498433,191116018,0000000.0000,0000000.0,22404.46,0.610132,68309.46,0.2511,2026-11-01
NK225E    ,OOP,202611,46250.0,            ,131116218,0000000.0000,0000000.0,24.84,0.48097,141116218,0000000.0000,0000000.0,22158.55,0.60666,68309.46,0.2511,2026-11-01
NK225E    ,OOP,202611,46500.0,            ,131116518,0000000.0000,0000000.0,29.04,0.48414,141116518,0000000.0000,0000000.0,21913.15,0.603067,68309.46,0.2511,2026-11-01
NK225E    ,OOP,202611,46750.0,            ,131116718,0000000.0000,0000000.0,33.79,0.486001,141116718,0000000.0000,0000000.0,21668.3,0.599362,68309.46,0.2511,2026-11-01
NK225E    ,OOP,202611,47000.0,            ,181117018,0000000.0000,0000000.0,39.15,0.4905,191117018,0000000.0000,0000000.0,21424.06,0.595549,68309.46,0.2511,2026-11-01
NK225E    ,OOP,202611,47250.0,            ,131117218,0000040.0000,0000000.0,40.12,0.485951,141117218,0000000.0000,0000000.0,21175.44,0.588013,68309.46,0.2511,2026-11-01
NK225E    ,OOP,202611,47500.0,            ,131117518,0000043.0000,0000000.0,40.11,0.479772,141117518,0000000.0000,0000000.0,20925.83,0.584108,68309.46,0.2511,2026-11-01
NK225E    ,OOP,202611,47750.0,            ,131117718,0000000.0000,0000000.0,43.54,0.478281,141117718,0000000.0000,0000000.0,20679.66,0.576615,68309.46,0.2511,2026-11-01
NK225E    ,OOP,202611,48000.0,            ,181118018,0000047.0000,0000000.0,47.3,0.475061,191118018,0000000.0000,0000000.0,20430.54,0.569157,68309.46,0.2511,2026-11-01
NK225E    ,OOP,202611,48250.0,            ,131118218,0000000.0000,0000000.0,46.47,0.47031,141118218,0000000.0000,0000000.0,20183.39,0.565169,68309.46,0.2511,2026-11-01
NK225E    ,OOP,202611,48500.0,            ,131118518,0000000.0000,0000000.0,49.21,0.466909,141118518,0000000.0000,0000000.0,19935.74,0.561091,68309.46,0.2511,2026-11-01
NK225E    ,OOP,202611,48750.0,            ,131118718,0000000.0000,0000000.0,52.52,0.463399,141118718,0000000.0000,0000000.0,19688.1,0.553679,68309.46,0.2511,2026-11-01
NK225E    ,OOP,202611,49000.0,            ,181119018,0000051.0000,0000000.0,54.07,0.457221,191119018,0000000.0000,0000000.0,19438.98,0.5463,68309.46,0.2511,2026-11-01
NK225E    ,OOP,202611,49250.0,            ,131119218,0000000.0000,0000000.0,55.63,0.453607,141119218,0000000.0000,0000000.0,19191.82,0.542148,68309.46,0.2511,2026-11-01
NK225E    ,OOP,202611,49500.0,            ,131119518,0000056.0000,0000000.0,57.18,0.4499,141119518,0000000.0000,0000000.0,18943.68,0.534806,68309.46,0.2511,2026-11-01
NK225E    ,OOP,202611,49750.0,            ,131119718,0000055.0000,0000000.0,59.25,0.44493,141119718,0000000.0000,0000000.0,18695.05,0.527496,68309.46,0.2511,2026-11-01
NK225E    ,OOP,202611,50000.0,            ,181110018,0000060.0000,0000000.0,65.04,0.44446,191110018,0000000.0000,0000000.0,18448.39,0.523271,68309.46,0.2511,2026-11-01
NK225E    ,OOP,202611,50250.0,            ,131110218,0000000.0000,0000000.0,64.41,0.438272,141110218,0000000.0000,0000000.0,18201.23,0.518968,68309.46,0.2511,2026-11-01
NK225E    ,OOP,202611,50500.0,            ,131110518,0000071.0000,0000000.0,67.0,0.432108,141110518,0000000.0000,0000000.0,17952.1,0.511696,68309.46,0.2511,2026-11-01
NK225E    ,OOP,202611,50750.0,            ,131110718,0000000.0000,0000000.0,69.07,0.429119,141110718,0000000.0000,0000000.0,17705.43,0.504454,68309.46,0.2511,2026-11-01
NK225E    ,OOP,202611,51000.0,            ,181111018,0000071.0000,0000000.0,71.66,0.427954,191111018,0000000.0000,0000000.0,17460.24,0.500083,68309.46,0.2511,2026-11-01
NK225E    ,OOP,202611,51250.0,            ,131111218,0000000.0000,0000000.0,75.78,0.423672,141111218,0000000.0000,0000000.0,17211.11,0.492873,68309.46,0.2511,2026-11-01
NK225E    ,OOP,202611,51500.0,            ,131111518,0000000.0000,0000000.0,78.88,0.420249,141111518,0000000.0000,0000000.0,16966.4,0.488433,68309.46,0.2511,2026-11-01
NK225E    ,OOP,202611,51750.0,            ,131111718,0000000.0000,0000000.0,80.45,0.416713,141111718,0000000.0000,0000000.0,16719.73,0.483926,68309.46,0.2511,2026-11-01
NK225E    ,OOP,202611,52000.0,            ,181112018,0000083.0000,0000000.0,82.99,0.416406,191112018,0000000.0000,0000000.0,16473.55,0.479352,68309.46,0.2511,2026-11-01
NK225E    ,OOP,202611,52250.0,            ,131112218,0000000.0000,0000000.0,87.68,0.408512,141112218,0000000.0000,0000000.0,16226.38,0.472175,68309.46,0.2511,2026-11-01
NK225E    ,OOP,202611,52500.0,            ,131112518,0000000.0000,0000000.0,90.79,0.403908,141112518,0000000.0000,0000000.0,15978.23,0.467539,68309.46,0.2511,2026-11-01
NK225E    ,OOP,202611,52750.0,            ,131112718,0000000.0000,0000000.0,95.43,0.400812,141112718,0000000.0000,0000000.0,15733.51,0.462843,68309.46,0.2511,2026-11-01
NK225E    ,OOP,202611,53000.0,            ,181113018,0000099.0000,0000000.0,98.03,0.399045,191113018,0000000.0000,0000000.0,15489.78,0.458088,68309.46,0.2511,2026-11-01
NK225E    ,OOP,202611,53250.0,            ,131113218,0000000.0000,0000000.0,104.21,0.395621,141113218,0000000.0000,0000000.0,15242.12,0.453276,68309.46,0.2511,2026-11-01
NK225E    ,OOP,202611,53500.0,            ,131113518,0000101.0000,0000000.0,107.84,0.392078,141113518,0000000.0000,0000000.0,14997.89,0.448409,68309.46,0.2511,2026-11-01
NK225E    ,OOP,202611,53750.0,            ,131113718,0000000.0000,0000000.0,111.47,0.387767,141113718,0000000.0000,0000000.0,14751.7,0.441259,68309.46,0.2511,2026-11-01
NK225E    ,OOP,202611,54000.0,            ,181114018,0000110.0000,0000000.0,110.0,0.385293,191114018,0000000.0000,0000000.0,14508.94,0.438517,68309.46,0.2511,2026-11-01
NK225E    ,OOP,202611,54250.0,            ,131114218,0000113.0000,0000000.0,122.83,0.382017,141114218,0000000.0000,0000000.0,14261.27,0.431365,68309.46,0.2511,2026-11-01
NK225E    ,OOP,202611,54500.0,            ,131114518,0000121.0000,0000000.0,121.0,0.379188,141114518,0000000.0000,0000000.0,14017.03,0.426341,68309.46,0.2511,2026-11-01
NK225E    ,OOP,202611,54750.0,            ,131114718,0000127.0000,0000000.0,126.99,0.376187,141114718,0000000.0000,0000000.0,13772.31,0.421268,68309.46,0.2511,2026-11-01
NK225E    ,OOP,202611,55000.0,            ,181115018,0000137.0000,0000000.0,137.34,0.37249,191115018,0000000.0000,0000000.0,13531.51,0.418134,68309.46,0.2511,2026-11-01
NK225E    ,OOP,202611,55250.0,            ,131115218,0000000.0000,0000000.0,145.08,0.368682,141115218,0000000.0000,0000000.0,13288.25,0.412921,68309.46,0.2511,2026-11-01
NK225E    ,OOP,202611,55500.0,            ,181115518,0000140.0000,0000000.0,151.29,0.364769,191115518,0000000.0000,0000000.0,13044.01,0.409544,68309.46,0.2511,2026-11-01
NK225E    ,OOP,202611,55750.0,            ,181115718,0000000.0000,0000000.0,158.53,0.362207,191115718,0000000.0000,0000000.0,12800.75,0.4042,68309.46,0.2511,2026-11-01
NK225E    ,OOP,202611,56000.0,            ,131236018,0000162.0000,0000000.0,161.99,0.361279,141236018,0000000.0000,0000000.0,12560.43,0.400598,68309.46,0.2511,2026-11-01
NK225E    ,OOP,202611,56250.0,            ,181116218,0000165.0000,0000000.0,172.5,0.355158,191116218,0000000.0000,0000000.0,12316.67,0.395132,68309.46,0.2511,2026-11-01
NK225E    ,OOP,202611,56500.0,            ,181116518,0000175.0000,0000000.0,183.32,0.352516,191116518,0000000.0000,0000000.0,12076.35,0.39132,68309.46,0.2511,2026-11-01
NK225E    ,OOP,202611,56750.0,            ,181116718,0000000.0000,0000000.0,190.58,0.349261,191116718,0000000.0000,0000000.0,11835.53,0.387384,68309.46,0.2511,2026-11-01
NK225E    ,OOP,202611,57000.0,            ,131237018,0000197.0000,0000000.0,198.35,0.34704,141237018,0000000.0000,0000000.0,11596.68,0.383327,68309.46,0.2511,2026-11-01
NK225E    ,OOP,202611,57250.0,            ,181117218,0000284.0000,0000000.0,283.99,0.372982,191117218,0000000.0000,0000000.0,11357.33,0.379155,68309.46,0.2511,2026-11-01
NK225E    ,OOP,202611,57500.0,            ,181117518,0000219.0000,0000000.0,218.5,0.340806,191117518,0000000.0000,0000000.0,11117.49,0.374873,68309.46,0.2511,2026-11-01
NK225E    ,OOP,202611,57750.0,            ,181117718,0000219.0000,0000000.0,219.0,0.337256,191117718,0000000.0000,0000000.0,10878.13,0.370482,68309.46,0.2511,2026-11-01
NK225E    ,OOP,202611,58000.0,            ,131238018,0000242.0000,0000000.0,242.0,0.338273,141238018,0000000.0000,0000000.0,10641.73,0.36741,68309.46,0.2511,2026-11-01
NK225E    ,OOP,202611,58250.0,            ,181118218,0000253.0000,0000000.0,254.14,0.331694,191118218,0000000.0000,0000000.0,10401.87,0.362777,68309.46,0.2511,2026-11-01
NK225E    ,OOP,202611,58500.0,            ,181118518,0000270.0000,0000000.0,267.05,0.329237,191118518,0000000.0000,0000000.0,10166.93,0.359389,68309.46,0.2511,2026-11-01
NK225E    ,OOP,202611,58750.0,            ,181118718,0000280.0000,0000000.0,282.52,0.326846,191118718,0000000.0000,0000000.0,9932.97,0.355832,68309.46,0.2511,2026-11-01
NK225E    ,OOP,202611,59000.0,            ,131239018,0000286.0000,0000000.0,285.99,0.323923,141239018,0000000.0000,0000000.0,9698.51,0.352113,68309.46,0.2511,2026-11-01
NK225E    ,OOP,202611,59250.0,            ,181119218,0000298.0000,0000000.0,298.0,0.320236,191119218,0000000.0000,0000000.0,9462.08,0.347012,68309.46,0.2511,2026-11-01
NK225E    ,OOP,202611,59500.0,            ,181119518,0000330.0000,0000000.0,327.96,0.319082,191119518,0000000.0000,0000000.0,9232.05,0.344212,68309.46,0.2511,2026-11-01
NK225E    ,OOP,202611,59750.0,            ,181119718,0000335.0000,0000000.0,335.0,0.315779,191119718,0000000.0000,0000000.0,8997.08,0.340042,68309.46,0.2511,2026-11-01
NK225E    ,OOP,202611,60000.0,            ,131230018,0000370.0000,0000000.0,364.08,0.313529,141230018,0000000.0000,0000000.0,8769.49,0.337969,68309.46,0.2511,2026-11-01
NK225E    ,OOP,202611,60250.0,            ,181110218,0000390.0000,0000000.0,384.7,0.309814,191110218,0000000.0000,0000000.0,8527.11,0.331281,68309.46,0.2511,2026-11-01
NK225E    ,OOP,202611,60500.0,            ,181110518,0000395.0000,0000000.0,394.99,0.30824,191110518,0000000.0000,0000000.0,8287.18,0.325629,68309.46,0.2511,2026-11-01
NK225E    ,OOP,202611,60625.0,            ,181110618,0000400.0000,0000000.0,400.0,0.305632,191110618,0000000.0000,0000000.0,8164.75,0.321711,68309.46,0.2511,2026-11-01
NK225E    ,OOP,202611,60750.0,            ,181110718,0000410.0000,0000000.0,410.0,0.304118,191110718,0000000.0000,0000000.0,8062.04,0.32302,68309.46,0.2511,2026-11-01
NK225E    ,OOP,202611,60875.0,            ,181110818,0000450.0000,0000000.0,409.88,0.298114,191110818,0000000.0000,0000000.0,7942.07,0.320089,68309.46,0.2511,2026-11-01
NK225E    ,OOP,202611,61000.0,            ,131231018,0000435.0000,0000000.0,435.0,0.301997,141231018,0000000.0000,0000000.0,7831.96,0.319158,68309.46,0.2511,2026-11-01
NK225E    ,OOP,202611,61125.0,            ,181111118,0000000.0000,0000000.0,429.39,0.294954,191111118,0000000.0000,0000000.0,7711.98,0.316166,68309.46,0.2511,2026-11-01
NK225E    ,OOP,202611,61250.0,            ,181111218,0000485.0000,0000000.0,477.48,0.299584,191111218,0000000.0000,0000000.0,7611.73,0.316095,68309.46,0.2511,2026-11-01
NK225E    ,OOP,202611,61375.0,            ,181111318,0000475.0000,0000000.0,474.99,0.298781,191111318,0000000.0000,0000000.0,7489.28,0.313032,68309.46,0.2511,2026-11-01
NK225E    ,OOP,202611,61500.0,            ,181111518,0000520.0000,0000000.0,503.24,0.296895,191111518,0000000.0000,0000000.0,7401.38,0.315628,68309.46,0.2511,2026-11-01
NK225E    ,OOP,202611,61625.0,            ,181111618,0000000.0000,0000000.0,497.99,0.292981,191111618,0000000.0000,0000000.0,7281.38,0.312468,68309.46,0.2511,2026-11-01
NK225E    ,OOP,202611,61750.0,            ,181111718,0000545.0000,0000000.0,534.11,0.294911,191111718,0000000.0000,0000000.0,7171.26,0.311122,68309.46,0.2511,2026-11-01
NK225E    ,OOP,202611,61875.0,            ,181111818,0000530.0000,0000000.0,529.99,0.2938,191111818,0000000.0000,0000000.0,7048.79,0.307904,68309.46,0.2511,2026-11-01
NK225E    ,OOP,202611,62000.0,            ,131232018,0000570.0000,0000000.0,567.53,0.292614,141232018,0000000.0000,0000000.0,6946.07,0.307345,68309.46,0.2511,2026-11-01
NK225E    ,OOP,202611,62125.0,            ,181112118,0000560.0000,0000000.0,559.99,0.291353,191112118,0000000.0000,0000000.0,6826.06,0.304061,68309.46,0.2511,2026-11-01
NK225E    ,OOP,202611,62250.0,            ,181112218,0000565.0000,0000000.0,593.34,0.29092,191112218,0000000.0000,0000000.0,6750.52,0.30852,68309.46,0.2511,2026-11-01
NK225E    ,OOP,202611,62375.0,            ,131112318,0000000.0000,0000000.0,593.43,0.28684,141112318,0000000.0000,0000000.0,6628.03,0.304275,68309.46,0.2511,2026-11-01
NK225E    ,OOP,202611,62500.0,            ,131232518,0000605.0000,0000000.0,605.0,0.287146,141232518,0000000.0000,0000000.0,6520.36,0.302541,68309.46,0.2511,2026-11-01
NK225E    ,OOP,202611,62625.0,            ,131112618,0000000.0000,0000000.0,612.86,0.282153,141112618,0000000.0000,0000000.0,6397.86,0.299094,68309.46,0.2511,2026-11-01
NK225E    ,OOP,202611,62750.0,            ,181112718,0000630.0000,0000000.0,661.85,0.285689,191112718,0000000.0000,0000000.0,6314.92,0.30133,68309.46,0.2511,2026-11-01
NK225E    ,OOP,202611,62875.0,            ,131112818,0000000.0000,0000000.0,657.01,0.28066,141112818,0000000.0000,0000000.0,6192.41,0.297789,68309.46,0.2511,2026-11-01
NK225E    ,OOP,202611,63000.0,            ,131233018,0000685.0000,0000000.0,708.95,0.285495,141233018,0000000.0000,0000000.0,6121.83,0.30132,68309.46,0.2511,2026-11-01
NK225E    ,OOP,202611,63125.0,            ,131113118,0000000.0000,0000000.0,740.73,0.286024,141113118,0000000.0000,0000000.0,6026.53,0.301533,68309.46,0.2511,2026-11-01
NK225E    ,OOP,202611,63250.0,            ,181113218,0000720.0000,0000000.0,747.51,0.283282,191113218,0000000.0000,0000000.0,5911.42,0.298593,68309.46,0.2511,2026-11-01
NK225E    ,OOP,202611,63375.0,            ,131113318,0000000.0000,0000000.0,777.44,0.282827,141113318,0000000.0000,0000000.0,5813.64,0.297873,68309.46,0.2511,2026-11-01
NK225E    ,OOP,202611,63500.0,            ,181113518,0000765.0000,0000000.0,791.17,0.280745,191113518,0000000.0000,0000000.0,5705.95,0.296321,68309.46,0.2511,2026-11-01
NK225E    ,OOP,202611,63625.0,            ,131113618,0000000.0000,0000000.0,826.51,0.281614,141113618,0000000.0000,0000000.0,5613.12,0.296162,68309.46,0.2511,2026-11-01
NK225E    ,OOP,202611,63750.0,            ,181113718,0000810.0000,0000000.0,837.37,0.279381,191113718,0000000.0000,0000000.0,5505.42,0.293735,68309.46,0.2511,2026-11-01
NK225E    ,OOP,202611,63875.0,            ,131113818,0000000.0000,0000000.0,868.15,0.278555,141113818,0000000.0000,0000000.0,5405.16,0.292683,68309.46,0.2511,2026-11-01
NK225E    ,OOP,202611,64000.0,            ,131234018,0000900.0000,0000000.0,888.65,0.277636,141234018,0000000.0000,0000000.0,5304.88,0.291548,68309.46,0.2511,2026-11-01
NK225E    ,OOP,202611,64125.0,            ,131114118,0000885.0000,0000000.0,944.47,0.280166,141114118,0000000.0000,0000000.0,5231.88,0.293795,68309.46,0.2511,2026-11-01
NK225E    ,OOP,202611,64250.0,            ,181114218,0000000.0000,0000000.0,939.96,0.275527,191114218,0000000.0000,0000000.0,5109.29,0.289718,68309.46,0.2511,2026-11-01
NK225E    ,OOP,202611,64375.0,            ,131114318,0000000.0000,0000000.0,968.72,0.273649,141114318,0000000.0000,0000000.0,5006.53,0.287653,68309.46,0.2511,2026-11-01
NK225E    ,OOP,202611,64500.0,            ,131234518,0000955.0000,0000000.0,954.99,0.270331,141234518,0000000.0000,0000000.0,4886.4,0.283509,68309.46,0.2511,2026-11-01
NK225E    ,OOP,202611,64625.0,            ,131114618,0000000.0000,0000000.0,978.05,0.265613,141114618,0000000.0000,0000000.0,4766.26,0.279337,68309.46,0.2511,2026-11-01
NK225E    ,OOP,202611,64750.0,            ,131234718,0001015.0000,0000000.0,1052.72,0.270273,141234718,0000000.0000,0000000.0,4705.65,0.28305,68309.46,0.2511,2026-11-01
NK225E    ,OOP,202611,64875.0,            ,131114818,0000000.0000,0000000.0,1082.12,0.264785,141114818,0000000.0000,0000000.0,4583.01,0.278109,68309.46,0.2511,2026-11-01
NK225E    ,OOP,202611,65000.0,            ,131235018,0001075.0000,0000000.0,1075.0,0.267147,141235018,0004425.0000,0000000.0,4532.34,0.282808,68309.46,0.2511,2026-11-01
NK225E    ,OOP,202611,65125.0,            ,131115118,0000000.0000,0000000.0,1123.16,0.265462,141115118,0000000.0000,0000000.0,4412.17,0.27776,68309.46,0.2511,2026-11-01
NK225E    ,OOP,202611,65250.0,            ,131235218,0000000.0000,0000000.0,1183.24,0.266882,141235218,0000000.0000,0000000.0,4339.17,0.279622,68309.46,0.2511,2026-11-01
NK225E    ,OOP,202611,65375.0,            ,131115318,0000000.0000,0000000.0,1177.07,0.261852,141115318,0000000.0000,0000000.0,4216.48,0.274481,68309.46,0.2511,2026-11-01
NK225E    ,OOP,202611,65500.0,            ,131235518,0000000.0000,0000000.0,1252.31,0.266162,141235518,0000000.0000,0000000.0,4165.85,0.278582,68309.46,0.2511,2026-11-01
NK225E    ,OOP,202611,65625.0,            ,131115618,0000000.0000,0000000.0,1260.79,0.26225,141115618,0000000.0000,0000000.0,4050.6,0.274552,68309.46,0.2511,2026-11-01
NK225E    ,OOP,202611,65750.0,            ,131235718,0001345.0000,0000000.0,1316.36,0.263789,141235718,0000000.0000,0000000.0,3982.57,0.275929,68309.46,0.2511,2026-11-01
NK225E    ,OOP,202611,65875.0,            ,131115818,0000000.0000,0000000.0,1307.39,0.259135,141115818,0000000.0000,0000000.0,3862.33,0.27117,68309.46,0.2511,2026-11-01
NK225E    ,OOP,202611,66000.0,            ,181236018,0001420.0000,0000000.0,1395.54,0.263434,191236018,0000000.0000,0000000.0,3782.77,0.2753,68309.46,0.2511,2026-11-01
NK225E    ,OOP,202611,66125.0,            ,131116118,0000000.0000,0000000.0,1410.79,0.258637,141116118,0000000.0000,0000000.0,3701.4,0.270404,68309.46,0.2511,2026-11-01
NK225E    ,OOP,202611,66250.0,            ,131236218,0000000.0000,0000000.0,1479.78,0.260864,141236218,0000000.0000,0000000.0,3629.23,0.272494,68309.46,0.2511,2026-11-01
NK225E    ,OOP,202611,66375.0,            ,131116318,0000000.0000,0000000.0,1515.49,0.258853,141116318,0000000.0000,0000000.0,3550.44,0.270955,68309.46,0.2511,2026-11-01
NK225E    ,OOP,202611,66500.0,            ,131236518,0001575.0000,0000000.0,1566.54,0.25907,141236518,0000000.0000,0000000.0,3441.75,0.270478,68309.46,0.2511,2026-11-01
NK225E    ,OOP,202611,66625.0,            ,131116618,0001640.0000,0000000.0,1612.44,0.258018,141116618,0000000.0000,0000000.0,3389.5,0.269324,68309.46,0.2511,2026-11-01
NK225E    ,OOP,202611,66750.0,            ,131236718,0001665.0000,0000000.0,1648.29,0.258574,141236718,0000000.0000,0000000.0,3276.05,0.269777,68309.46,0.2511,2026-11-01
NK225E    ,OOP,202611,66875.0,            ,131116818,0000000.0000,0000000.0,1706.76,0.256173,141116818,0000000.0000,0000000.0,3226.05,0.267288,68309.46,0.2511,2026-11-01
NK225E    ,OOP,202611,67000.0,            ,131357018,0001785.0000,0000000.0,1752.67,0.2565,141357018,0003100.0000,0000000.0,3145.34,0.267524,68309.46,0.2511,2026-11-01
NK225E    ,OOP,202611,67125.0,            ,131117118,0001805.0000,0000000.0,1798.58,0.257267,141117118,0000000.0000,0000000.0,3095.02,0.268763,68309.46,0.2511,2026-11-01
NK225E    ,OOP,202611,67250.0,            ,131237218,0001765.0000,0000000.0,1849.52,0.254566,141237218,0000000.0000,0000000.0,2959.78,0.265985,68309.46,0.2511,2026-11-01
NK225E    ,OOP,202611,67375.0,            ,131117318,0000000.0000,0000000.0,1897.95,0.255101,141117318,0000000.0000,0000000.0,2936.54,0.266443,68309.46,0.2511,2026-11-01
NK225E    ,OOP,202611,67500.0,            ,181237518,0000000.0000,0000000.0,1936.38,0.253859,191237518,0000000.0000,0000000.0,2824.24,0.265131,68309.46,0.2511,2026-11-01
NK225E    ,OOP,202611,67625.0,            ,131117618,0000000.0000,0000000.0,1997.35,0.252511,141117618,0000000.0000,0000000.0,2777.76,0.263717,68309.46,0.2511,2026-11-01
NK225E    ,OOP,202611,67750.0,            ,131237718,0000000.0000,0000000.0,2053.32,0.251604,141237718,0000000.0000,0000000.0,2671.18,0.262748,68309.46,0.2511,2026-11-01
NK225E    ,OOP,202611,67875.0,            ,131117818,0000000.0000,0000000.0,2099.27,0.251131,141117818,0000000.0000,0000000.0,2624.74,0.26222,68309.46,0.2511,2026-11-01
NK225E    ,OOP,202611,68000.0,            ,131358018,0002155.0000,0000000.0,2154.99,0.255988,141358018,0002575.0000,0000000.0,2574.99,0.256137,68309.46,0.2511,2026-11-01
NK225E    ,OOP,202611,68125.0,            ,131118118,0000000.0000,0000000.0,2208.73,0.250386,141118118,0000000.0000,0000000.0,2482.68,0.261377,68309.46,0.2511,2026-11-01
NK225E    ,OOP,202611,68250.0,            ,131238218,0000000.0000,0000000.0,2282.21,0.251196,141238218,0000000.0000,0000000.0,2417.65,0.262147,68309.46,0.2511,2026-11-01
NK225E    ,OOP,202611,68375.0,            ,131118318,0002320.0000,0000000.0,2338.19,0.24918,141118318,0000000.0000,0000000.0,2338.66,0.260095,68309.46,0.2511,2026-11-01
NK225E    ,OOP,202611,68500.0,            ,131238518,0002440.0000,0000000.0,2391.68,0.248135,141238518,0002230.0000,0000000.0,2229.99,0.245491,68309.46,0.2511,2026-11-01
NK225E    ,OOP,202611,68625.0,            ,131118618,0000000.0000,0000000.0,2460.17,0.245893,141118618,0002190.0000,0000000.0,2213.16,0.256751,68309.46,0.2511,2026-11-01
NK225E    ,OOP,202611,68750.0,            ,131238718,0000000.0000,0000000.0,2526.15,0.24678,141238718,0000000.0000,0000000.0,2169.14,0.257616,68309.46,0.2511,2026-11-01
NK225E    ,OOP,202611,68875.0,            ,131118818,0000000.0000,0000000.0,2587.15,0.245386,141118818,0000000.0000,0000000.0,2090.18,0.256207,68309.46,0.2511,2026-11-01
NK225E    ,OOP,202611,69000.0,            ,131359018,0000000.0000,0000000.0,2640.67,0.246582,141359018,0002030.0000,0000000.0,2038.67,0.256308,68309.46,0.2511,2026-11-01
NK225E    ,OOP,202611,69125.0,            ,131119118,0000000.0000,0000000.0,2719.14,0.244409,141119118,0000000.0000,0000000.0,1972.21,0.255755,68309.46,0.2511,2026-11-01
NK225E    ,OOP,202611,69250.0,            ,131239218,0000000.0000,0000000.0,2785.13,0.246461,141239218,0000000.0000,0000000.0,1933.15,0.256719,68309.46,0.2511,2026-11-01
NK225E    ,OOP,202611,69375.0,            ,131119318,0000000.0000,0000000.0,2851.14,0.245683,141119318,0000000.0000,0000000.0,1866.69,0.256488,68309.46,0.2511,2026-11-01
NK225E    ,OOP,202611,69500.0,            ,131239518,0000000.0000,0000000.0,2914.66,0.245332,141239518,0000000.0000,0000000.0,1815.19,0.256145,68309.46,0.2511,2026-11-01
NK225E    ,OOP,202611,69625.0,            ,131119618,0000000.0000,0000000.0,2978.18,0.243766,141119618,0000000.0000,0000000.0,1751.24,0.255143,68309.46,0.2511,2026-11-01
NK225E    ,OOP,202611,69750.0,            ,131239718,0000000.0000,0000000.0,3016.85,0.244827,141239718,0000000.0000,0000000.0,1699.73,0.255672,68309.46,0.2511,2026-11-01
NK225E    ,OOP,202611,69875.0,            ,131119818,0000000.0000,0000000.0,3087.87,0.243569,141119818,0000000.0000,0000000.0,1645.74,0.254992,68309.46,0.2511,2026-11-01
NK225E    ,OOP,202611,70000.0,            ,131350018,0003120.0000,0000000.0,3183.74,0.242741,141350018,0001565.0000,0000000.0,1565.0,0.242537,68309.46,0.2511,2026-11-01
NK225E    ,OOP,202611,70125.0,            ,131110118,0000000.0000,0000000.0,3225.59,0.24179,141110118,0000000.0000,0000000.0,1547.72,0.252728,68309.46,0.2511,2026-11-01
NK225E    ,OOP,202611,70250.0,            ,131230218,0000000.0000,0000000.0,3360.53,0.2424,141230218,0001610.0000,0000000.0,1503.68,0.253374,68309.46,0.2511,2026-11-01
NK225E    ,OOP,202611,70375.0,            ,131110318,0000000.0000,0000000.0,3428.13,0.241206,141110318,0000000.0000,0000000.0,1469.55,0.252228,68309.46,0.2511,2026-11-01
NK225E    ,OOP,202611,70500.0,            ,131230518,0000000.0000,0000000.0,3517.45,0.242731,141230518,0001400.0000,0000000.0,1413.11,0.25436,68309.46,0.2511,2026-11-01
NK225E    ,OOP,202611,70625.0,            ,131110618,0000000.0000,0000000.0,3598.9,0.241868,141110618,0000000.0000,0000000.0,1376.5,0.252989,68309.46,0.2511,2026-11-01
NK225E    ,OOP,202611,70750.0,            ,131230718,0000000.0000,0000000.0,3694.21,0.240878,141230718,0000000.0000,0000000.0,1325.02,0.252639,68309.46,0.2511,2026-11-01
NK225E    ,OOP,202611,70875.0,            ,131110818,0000000.0000,0000000.0,3749.52,0.239173,141110818,0000000.0000,0000000.0,1285.93,0.251017,68309.46,0.2511,2026-11-01
NK225E    ,OOP,202611,71000.0,            ,131351018,0000000.0000,0000000.0,3848.66,0.240272,141351018,0001225.0000,0000000.0,1256.76,0.249844,68309.46,0.2511,2026-11-01
NK225E    ,OOP,202611,71125.0,            ,131111118,0000000.0000,0000000.0,3960.58,0.24365,141111118,0000000.0000,0000000.0,1197.87,0.255604,68309.46,0.2511,2026-11-01
NK225E    ,OOP,202611,71250.0,            ,131231218,0000000.0000,0000000.0,4046.12,0.239186,141231218,0000000.0000,0000000.0,1195.89,0.250678,68309.46,0.2511,2026-11-01
NK225E    ,OOP,202611,71375.0,            ,131111318,0000000.0000,0000000.0,4116.25,0.241187,141111318,0000000.0000,0000000.0,1147.47,0.25334,68309.46,0.2511,2026-11-01
NK225E    ,OOP,202611,71500.0,            ,131231518,0000000.0000,0000000.0,4199.69,0.238826,141231518,0001080.0000,0000000.0,1088.05,0.24929,68309.46,0.2511,2026-11-01
NK225E    ,OOP,202611,71625.0,            ,131111618,0000000.0000,0000000.0,4307.18,0.242497,141111618,0000000.0000,0000000.0,1066.21,0.254828,68309.46,0.2511,2026-11-01
NK225E    ,OOP,202611,71750.0,            ,131231718,0000000.0000,0000000.0,4363.55,0.237995,141231718,0001045.0000,0000000.0,1017.31,0.248647,68309.46,0.2511,2026-11-01
NK225E    ,OOP,202611,71875.0,            ,131111818,0000000.0000,0000000.0,4490.57,0.242786,141111818,0000000.0000,0000000.0,1040.41,0.255329,68309.46,0.2511,2026-11-01
NK225E    ,OOP,202611,72000.0,            ,131352018,0000000.0000,0000000.0,4544.38,0.237313,141352018,0000925.0000,0000000.0,924.99,0.240523,68309.46,0.2511,2026-11-01
NK225E    ,OOP,202611,72125.0,            ,131112118,0000000.0000,0000000.0,4663.85,0.2407,141112118,0000000.0000,0000000.0,972.36,0.253524,68309.46,0.2511,2026-11-01
NK225E    ,OOP,202611,72250.0,            ,131232218,0000000.0000,0000000.0,4730.28,0.236803,141232218,0000885.0000,0000000.0,888.17,0.247899,68309.46,0.2511,2026-11-01
NK225E    ,OOP,202611,72500.0,            ,181112518,0000000.0000,0000000.0,4921.21,0.236494,191112518,0000850.0000,0000000.0,849.99,0.246509,68309.46,0.2511,2026-11-01
NK225E    ,OOP,202611,72750.0,            ,131232718,0000000.0000,0000000.0,5112.15,0.235716,141232718,0000750.0000,0000000.0,750.0,0.240445,68309.46,0.2511,2026-11-01
NK225E    ,OOP,202611,73000.0,            ,131353018,0000000.0000,0000000.0,5305.61,0.234434,141353018,0000745.0000,0000000.0,745.0,0.247122,68309.46,0.2511,2026-11-01
NK225E    ,OOP,202611,73250.0,            ,131233218,0000000.0000,0000000.0,5501.61,0.233366,141233218,0000000.0000,0000000.0,666.87,0.248628,68309.46,0.2511,2026-11-01
NK225E    ,OOP,202611,73500.0,            ,131233518,0000000.0000,0000000.0,5705.2,0.233341,141233518,0000575.0000,0000000.0,623.21,0.247559,68309.46,0.2511,2026-11-01
NK225E    ,OOP,202611,73750.0,            ,131233718,0000000.0000,0000000.0,5911.32,0.232865,141233718,0000570.0000,0000000.0,579.56,0.24755,68309.46,0.2511,2026-11-01
NK225E    ,OOP,202611,74000.0,            ,131354018,0000000.0000,0000000.0,6117.44,0.231903,141354018,0000530.0000,0000000.0,530.0,0.242243,68309.46,0.2511,2026-11-01
NK225E    ,OOP,202611,74250.0,            ,131234218,0000000.0000,0000000.0,6328.64,0.231301,141234218,0000000.0000,0000000.0,499.61,0.247918,68309.46,0.2511,2026-11-01
NK225E    ,OOP,202611,74500.0,            ,181234518,0000000.0000,0000000.0,6539.85,0.230196,191234518,0000460.0000,0000000.0,460.86,0.247494,68309.46,0.2511,2026-11-01
NK225E    ,OOP,202611,74750.0,            ,181234718,0000000.0000,0000000.0,6753.59,0.22853,191234718,0000415.0000,0000000.0,424.55,0.247527,68309.46,0.2511,2026-11-01
NK225E    ,OOP,202611,75000.0,            ,181355018,0000000.0000,0000000.0,6972.41,0.228329,191355018,0000370.0000,0000000.0,393.14,0.247153,68309.46,0.2511,2026-11-01
NK225E    ,OOP,202611,75250.0,            ,181235218,0000000.0000,0000000.0,7191.24,0.226555,191235218,0000360.0000,0000000.0,364.16,0.246337,68309.46,0.2511,2026-11-01
NK225E    ,OOP,202611,75500.0,            ,181235518,0000000.0000,0000000.0,7410.07,0.225294,191235518,0000335.0000,0000000.0,335.19,0.247099,68309.46,0.2511,2026-11-01
NK225E    ,OOP,202611,75750.0,            ,181235718,0000000.0000,0000000.0,7636.54,0.224683,191235718,0000300.0000,0000000.0,308.65,0.246452,68309.46,0.2511,2026-11-01
NK225E    ,OOP,202611,76000.0,            ,181356018,0000000.0000,0000000.0,7861.99,0.223546,191356018,0000276.0000,0000000.0,286.5,0.246242,68309.46,0.2511,2026-11-01
NK225E    ,OOP,202611,76250.0,            ,181236218,0000000.0000,0000000.0,8086.93,0.221802,191236218,0000000.0000,0000000.0,259.96,0.247036,68309.46,0.2511,2026-11-01
NK225E    ,OOP,202611,76500.0,            ,181236518,0000000.0000,0000000.0,8314.42,0.219338,191236518,0000217.0000,0000000.0,240.73,0.246516,68309.46,0.2511,2026-11-01
NK225E    ,OOP,202611,77000.0,            ,181357018,0000000.0000,0000000.0,8776.05,0.21537,191357018,0000207.0000,0000000.0,202.25,0.246008,68309.46,0.2511,2026-11-01
NK225E    ,OOP,202611,77500.0,            ,131237518,0000000.0000,0000000.0,9241.76,0.21002,141237518,0000171.0000,0000000.0,170.56,0.246815,68309.46,0.2511,2026-11-01
NK225E    ,OOP,202611,78000.0,            ,181358018,0000000.0000,0000000.0,9712.6,0.202778,191358018,0000150.0000,0000000.0,150.0,0.245477,68309.46,0.2511,2026-11-01
NK225E    ,OOP,202611,78500.0,            ,181238518,0000000.0000,0000000.0,10186.51,0.192502,191238518,0000123.0000,0000000.0,120.25,0.246465,68309.46,0.2511,2026-11-01
NK225E    ,OOP,202611,79000.0,            ,181359018,0000000.0000,0000000.0,10666.07,0.175393,191359018,0000095.0000,0000000.0,97.75,0.245653,68309.46,0.2511,2026-11-01
NK225E    ,OOP,202611,79500.0,            ,181239518,0000000.0000,0000000.0,11146.14,0.01,191239518,0000076.0000,0000000.0,82.48,0.246034,68309.46,0.2511,2026-11-01
NK225E    ,OOP,202611,80000.0,            ,181350018,0000000.0000,0000000.0,11631.35,0.01,191350018,0000065.0000,0000000.0,67.7,0.246087,68309.46,0.2511,2026-11-01
NK225E    ,OOP,202611,82500.0,            ,181232518,0000000.0000,0000000.0,14084.75,0.01,191232518,0000027.0000,0000000.0,26.99,0.245933,68309.46,0.2511,2026-11-01
NK225E    ,OOP,202611,85000.0,            ,131475018,0000000.0000,0000000.0,16565.09,0.01,141475018,0000010.0000,0000000.0,9.99,0.247994,68309.46,0.2511,2026-11-01
NK225E    ,OOP,202611,87500.0,            ,131357518,0000000.0000,0000000.0,19054.27,0.01,141357518,0000004.0000,0000000.0,3.18,0.247606,68309.46,0.2511,2026-11-01
NK225E    ,OOP,202611,90000.0,            ,131470018,0000000.0000,0000000.0,21547.63,0.01,141470018,0000000.0000,0000000.0,1.35,0.254333,68309.46,0.2511,2026-11-01
NK225E    ,OOP,202611,92500.0,            ,181352518,0000000.0000,0000000.0,24043.61,0.01,191352518,0000001.0000,0000000.0,1.36,0.27755,68309.46,0.2511,2026-11-01
NK225E    ,OOP,202611,95000.0,            ,181475018,0000000.0000,0000000.0,26538.25,0.01,191475018,0000001.0000,0000000.0,0.23,0.26526,68309.46,0.2511,2026-11-01
NK225E    ,OOP,202611,97500.0,            ,181357518,0000000.0000,0000000.0,29034.05,0.01,191357518,0000000.0000,0000000.0,0.03,0.257168,68309.46,0.2511,2026-11-01
NK225E    ,OOP,202611,100000.0,            ,181470018,0000000.0000,0000000.0,31530.0,0.01,191470018,0000000.0000,0000000.0,0.0,0.249077,68309.46,0.2511,2026-11-01
NK225E    ,OOP,202612,12500.0,            ,181122518,0000001.0000,0000000.0,1.52,1.126001,191122518,0000000.0000,0000000.0,55842.88,1.875634,68309.46,0.2511,2026-12-01
NK225E    ,OOP,202612,12750.0,            ,181122718,0000000.0000,0000000.0,0.0,0.768831,191122718,0000000.0000,0000000.0,55593.55,1.861602,68309.46,0.2511,2026-12-01
NK225E    ,OOP,202612,13000.0,            ,181123018,0000000.0000,0000000.0,2.03,1.100226,191123018,0000000.0000,0000000.0,55344.22,1.839042,68309.46,0.2511,2026-12-01
NK225E    ,OOP,202612,13250.0,            ,181123218,0000000.0000,0000000.0,2.03,1.087721,191123218,0000000.0000,0000000.0,55094.89,1.816953,68309.46,0.2511,2026-12-01
NK225E    ,OOP,202612,13500.0,            ,181123518,0000000.0000,0000000.0,0.0,0.762271,191123518,0000000.0000,0000000.0,54845.56,1.795317,68309.46,0.2511,2026-12-01
NK225E    ,OOP,202612,13750.0,            ,181123718,0000000.0000,0000000.0,0.0,0.758991,191123718,0000000.0000,0000000.0,54596.23,1.774114,68309.46,0.2511,2026-12-01
NK225E    ,OOP,202612,14000.0,            ,181124018,0000000.0000,0000000.0,0.0,0.755711,191124018,0000000.0000,0000000.0,54346.9,1.753328,68309.46,0.2511,2026-12-01
NK225E    ,OOP,202612,14250.0,            ,181124218,0000000.0000,0000000.0,0.0,0.752558,191124218,0000000.0000,0000000.0,54097.57,1.732944,68309.46,0.2511,2026-12-01
NK225E    ,OOP,202612,14500.0,            ,181124518,0000000.0000,0000000.0,0.0,0.749406,191124518,0000000.0000,0000000.0,53848.23,1.721183,68309.46,0.2511,2026-12-01
NK225E    ,OOP,202612,14750.0,            ,181124718,0000000.0000,0000000.0,0.0,0.746253,191124718,0000000.0000,0000000.0,53598.9,1.701489,68309.46,0.2511,2026-12-01
NK225E    ,OOP,202612,15000.0,            ,181125018,0000000.0000,0000000.0,0.0,0.743101,191125018,0000000.0000,0000000.0,53349.57,1.682157,68309.46,0.2511,2026-12-01
NK225E    ,OOP,202612,15250.0,            ,181125218,0000000.0000,0000000.0,0.0,0.740061,191125218,0000000.0000,0000000.0,53100.24,1.663171,68309.46,0.2511,2026-12-01
NK225E    ,OOP,202612,15500.0,            ,181125518,0000000.0000,0000000.0,0.0,0.737021,191125518,0000000.0000,0000000.0,52850.91,1.644522,68309.46,0.2511,2026-12-01
NK225E    ,OOP,202612,15750.0,            ,181125718,0000000.0000,0000000.0,0.0,0.733981,191125718,0000000.0000,0000000.0,52601.58,1.626197,68309.46,0.2511,2026-12-01
NK225E    ,OOP,202612,16000.0,            ,131126018,0000000.0000,0000000.0,0.0,0.730942,141126018,0000000.0000,0000000.0,52352.25,1.608185,68309.46,0.2511,2026-12-01
NK225E    ,OOP,202612,16250.0,            ,131126218,0000000.0000,0000000.0,0.0,0.728001,141126218,0000000.0000,0000000.0,52102.92,1.590475,68309.46,0.2511,2026-12-01
NK225E    ,OOP,202612,16500.0,            ,131126518,0000000.0000,0000000.0,0.0,0.725061,141126518,0000000.0000,0000000.0,51853.59,1.58064,68309.46,0.2511,2026-12-01
NK225E    ,OOP,202612,16750.0,            ,131126718,0000000.0000,0000000.0,0.0,0.722121,141126718,0000000.0000,0000000.0,51604.26,1.56345,68309.46,0.2511,2026-12-01
NK225E    ,OOP,202612,17000.0,            ,131127018,0000000.0000,0000000.0,0.01,0.719181,141127018,0000000.0000,0000000.0,51354.93,1.546537,68309.46,0.2511,2026-12-01
NK225E    ,OOP,202612,17250.0,            ,131127218,0000000.0000,0000000.0,0.01,0.716327,141127218,0000000.0000,0000000.0,51105.6,1.52989,68309.46,0.2511,2026-12-01
NK225E    ,OOP,202612,17500.0,            ,131127518,0000000.0000,0000000.0,0.01,0.713473,141127518,0000000.0000,0000000.0,50856.27,1.513503,68309.46,0.2511,2026-12-01
NK225E    ,OOP,202612,17750.0,            ,131127718,0000000.0000,0000000.0,0.01,0.710619,141127718,0000000.0000,0000000.0,50606.94,1.497366,68309.46,0.2511,2026-12-01
NK225E    ,OOP,202612,18000.0,            ,131128018,0000000.0000,0000000.0,0.01,0.707766,141128018,0000000.0000,0000000.0,50357.61,1.481473,68309.46,0.2511,2026-12-01
NK225E    ,OOP,202612,18250.0,            ,131128218,0000000.0000,0000000.0,0.02,0.704987,141128218,0000000.0000,0000000.0,50108.28,1.472883,68309.46,0.2511,2026-12-01
NK225E    ,OOP,202612,18500.0,            ,131128518,0000000.0000,0000000.0,0.02,0.702208,141128518,0000000.0000,0000000.0,49858.95,1.457407,68309.46,0.2511,2026-12-01
NK225E    ,OOP,202612,18750.0,            ,131128718,0000000.0000,0000000.0,0.02,0.699429,141128718,0000000.0000,0000000.0,49609.62,1.442155,68309.46,0.2511,2026-12-01
NK225E    ,OOP,202612,19000.0,            ,131129018,0000000.0000,0000000.0,0.03,0.696651,141129018,0000000.0000,0000000.0,49360.3,1.427121,68309.46,0.2511,2026-12-01
NK225E    ,OOP,202612,19250.0,            ,131129218,0000000.0000,0000000.0,0.03,0.693936,141129218,0000000.0000,0000000.0,49110.97,1.412298,68309.46,0.2511,2026-12-01
NK225E    ,OOP,202612,19500.0,            ,131129518,0000000.0000,0000000.0,0.03,0.691222,141129518,0000000.0000,0000000.0,48861.64,1.397681,68309.46,0.2511,2026-12-01
NK225E    ,OOP,202612,19750.0,            ,131129718,0000000.0000,0000000.0,0.04,0.688507,141129718,0000000.0000,0000000.0,48612.32,1.383263,68309.46,0.2511,2026-12-01
NK225E    ,OOP,202612,20000.0,            ,131120018,0000004.0000,0000000.0,4.07,0.88868,141120018,0000000.0000,0000000.0,48362.99,1.369041,68309.46,0.2511,2026-12-01
NK225E    ,OOP,202612,20250.0,            ,131120218,0000000.0000,0000000.0,0.05,0.683132,141120218,0000000.0000,0000000.0,48113.67,1.361574,68309.46,0.2511,2026-12-01
NK225E    ,OOP,202612,20500.0,            ,131120518,0000000.0000,0000000.0,0.06,0.680472,141120518,0000000.0000,0000000.0,47864.34,1.347683,68309.46,0.2511,2026-12-01
NK225E    ,OOP,202612,20750.0,            ,131120718,0000000.0000,0000000.0,0.07,0.677811,141120718,0000000.0000,0000000.0,47615.02,1.333973,68309.46,0.2511,2026-12-01
NK225E    ,OOP,202612,21000.0,            ,131121018,0000000.0000,0000000.0,0.07,0.675151,141121018,0000000.0000,0000000.0,47365.69,1.320439,68309.46,0.2511,2026-12-01
NK225E    ,OOP,202612,21250.0,            ,131121218,0000000.0000,0000000.0,0.08,0.672536,141121218,0000000.0000,0000000.0,47116.37,1.307076,68309.46,0.2511,2026-12-01
NK225E    ,OOP,202612,21500.0,            ,131121518,0000000.0000,0000000.0,0.09,0.669921,141121518,0000000.0000,0000000.0,46867.05,1.293881,68309.46,0.2511,2026-12-01
NK225E    ,OOP,202612,21750.0,            ,131121718,0000000.0000,0000000.0,0.11,0.667306,141121718,0000000.0000,0000000.0,46617.73,1.280849,68309.46,0.2511,2026-12-01
NK225E    ,OOP,202612,22000.0,            ,131122018,0000000.0000,0000000.0,0.12,0.821862,141122018,0000000.0000,0000000.0,46368.41,1.274135,68309.46,0.2511,2026-12-01
NK225E    ,OOP,202612,22250.0,            ,131122218,0000000.0000,0000000.0,0.13,0.662112,141122218,0000000.0000,0000000.0,46119.09,1.261379,68309.46,0.2511,2026-12-01
NK225E    ,OOP,202612,22500.0,            ,131122518,0000000.0000,0000000.0,0.15,0.659534,141122518,0000000.0000,0000000.0,45869.78,1.248776,68309.46,0.2511,2026-12-01
NK225E    ,OOP,202612,22750.0,            ,131122718,0000000.0000,0000000.0,0.16,0.656956,141122718,0000000.0000,0000000.0,45620.46,1.236321,68309.46,0.2511,2026-12-01
NK225E    ,OOP,202612,23000.0,            ,131123018,0000000.0000,0000000.0,0.18,0.766192,141123018,0000000.0000,0000000.0,45371.15,1.224012,68309.46,0.2511,2026-12-01
NK225E    ,OOP,202612,23250.0,            ,131123218,0000000.0000,0000000.0,0.2,0.651829,141123218,0000000.0000,0000000.0,45121.84,1.211844,68309.46,0.2511,2026-12-01
NK225E    ,OOP,202612,23500.0,            ,131123518,0000000.0000,0000000.0,0.22,0.64928,141123518,0000000.0000,0000000.0,44872.53,1.199815,68309.46,0.2511,2026-12-01
NK225E    ,OOP,202612,23750.0,            ,131123718,0000000.0000,0000000.0,0.24,0.646731,141123718,0000000.0000,0000000.0,44623.22,1.193711,68309.46,0.2511,2026-12-01
NK225E    ,OOP,202612,24000.0,            ,131124018,0000000.0000,0000000.0,0.27,0.644183,141124018,0000000.0000,0000000.0,44373.91,1.181916,68309.46,0.2511,2026-12-01
NK225E    ,OOP,202612,24250.0,            ,131124218,0000000.0000,0000000.0,0.82,0.685312,141124218,0000000.0000,0000000.0,44125.13,1.17025,68309.46,0.2511,2026-12-01
NK225E    ,OOP,202612,24500.0,            ,131124518,0000000.0000,0000000.0,0.98,0.686967,141124518,0000000.0000,0000000.0,43875.96,1.158712,68309.46,0.2511,2026-12-01
NK225E    ,OOP,202612,24750.0,            ,131124718,0000000.0000,0000000.0,0.98,0.680398,141124718,0000000.0000,0000000.0,43626.63,1.147299,68309.46,0.2511,2026-12-01
NK225E    ,OOP,202612,25000.0,            ,131125018,0000000.0000,0000000.0,0.98,0.764119,141125018,0000000.0000,0000000.0,43377.3,1.136007,68309.46,0.2511,2026-12-01
NK225E    ,OOP,202612,25250.0,            ,131125218,0000000.0000,0000000.0,0.98,0.667457,141125218,0000000.0000,0000000.0,43127.97,1.124834,68309.46,0.2511,2026-12-01
NK225E    ,OOP,202612,25500.0,            ,131125518,0000000.0000,0000000.0,0.98,0.661083,141125518,0000000.0000,0000000.0,42878.63,1.119229,68309.46,0.2511,2026-12-01
NK225E    ,OOP,202612,25750.0,            ,131125718,0000000.0000,0000000.0,0.98,0.654771,141125718,0000000.0000,0000000.0,42629.3,1.108256,68309.46,0.2511,2026-12-01
NK225E    ,OOP,202612,26000.0,            ,181126018,0000000.0000,0000000.0,0.55,0.624043,191126018,0000000.0000,0000000.0,42379.54,1.097395,68309.46,0.2511,2026-12-01
NK225E    ,OOP,202612,26250.0,            ,181126218,0000000.0000,0000000.0,0.6,0.621545,191126218,0000000.0000,0000000.0,42130.26,1.086645,68309.46,0.2511,2026-12-01
NK225E    ,OOP,202612,26500.0,            ,181126518,0000000.0000,0000000.0,0.66,0.619048,191126518,0000000.0000,0000000.0,41880.98,1.076002,68309.46,0.2511,2026-12-01
NK225E    ,OOP,202612,26750.0,            ,181126718,0000000.0000,0000000.0,0.71,0.616551,191126718,0000000.0000,0000000.0,41631.71,1.065466,68309.46,0.2511,2026-12-01
NK225E    ,OOP,202612,27000.0,            ,181127018,0000000.0000,0000000.0,0.77,0.708153,191127018,0000000.0000,0000000.0,41382.44,1.055032,68309.46,0.2511,2026-12-01
NK225E    ,OOP,202612,27250.0,            ,181127218,0000000.0000,0000000.0,0.84,0.611563,191127218,0000000.0000,0000000.0,41133.17,1.049837,68309.46,0.2511,2026-12-01
NK225E    ,OOP,202612,27500.0,            ,181127518,0000000.0000,0000000.0,0.91,0.609072,191127518,0000000.0000,0000000.0,40883.91,1.039576,68309.46,0.2511,2026-12-01
NK225E    ,OOP,202612,27750.0,            ,181127718,0000000.0000,0000000.0,0.98,0.606583,191127718,0000000.0000,0000000.0,40634.65,1.029413,68309.46,0.2511,2026-12-01
NK225E    ,OOP,202612,28000.0,            ,181128018,0000000.0000,0000000.0,1.06,0.681715,191128018,0000000.0000,0000000.0,40385.4,1.019347,68309.46,0.2511,2026-12-01
NK225E    ,OOP,202612,28250.0,            ,181128218,0000000.0000,0000000.0,1.15,0.601607,191128218,0000000.0000,0000000.0,40136.16,1.009374,68309.46,0.2511,2026-12-01
NK225E    ,OOP,202612,28500.0,            ,181128518,0000000.0000,0000000.0,1.24,0.59912,191128518,0000000.0000,0000000.0,39886.92,0.999494,68309.46,0.2511,2026-12-01
NK225E    ,OOP,202612,28750.0,            ,181128718,0000000.0000,0000000.0,1.34,0.596634,191128718,0000000.0000,0000000.0,39637.68,0.989705,68309.46,0.2511,2026-12-01
NK225E    ,OOP,202612,29000.0,            ,181129018,0000000.0000,0000000.0,1.44,0.656207,191129018,0000000.0000,0000000.0,39388.45,0.98485,68309.46,0.2511,2026-12-01
NK225E    ,OOP,202612,29250.0,            ,181129218,0000000.0000,0000000.0,1.55,0.591662,191129218,0000000.0000,0000000.0,39139.23,0.975211,68309.46,0.2511,2026-12-01
NK225E    ,OOP,202612,29500.0,            ,181129518,0000000.0000,0000000.0,1.67,0.589176,191129518,0000000.0000,0000000.0,38890.02,0.965658,68309.46,0.2511,2026-12-01
NK225E    ,OOP,202612,29750.0,            ,181129718,0000000.0000,0000000.0,1.79,0.58669,191129718,0000000.0000,0000000.0,38640.81,0.956189,68309.46,0.2511,2026-12-01
NK225E    ,OOP,202612,30000.0,            ,181120018,0000000.0000,0000000.0,1.96,0.67916,191120018,0000000.0000,0000000.0,38391.65,0.946804,68309.46,0.2511,2026-12-01
NK225E    ,OOP,202612,30250.0,            ,181120218,0000000.0000,0000000.0,2.06,0.580277,191120218,0000000.0000,0000000.0,38142.42,0.9375,68309.46,0.2511,2026-12-01
NK225E    ,OOP,202612,30500.0,            ,181120518,0000000.0000,0000000.0,2.21,0.579227,191120518,0000000.0000,0000000.0,37893.23,0.932875,68309.46,0.2511,2026-12-01
NK225E    ,OOP,202612,30750.0,            ,181120718,0000000.0000,0000000.0,2.36,0.576738,191120718,0000000.0000,0000000.0,37644.06,0.923705,68309.46,0.2511,2026-12-01
NK225E    ,OOP,202612,31000.0,            ,181121018,0000000.0000,0000000.0,2.53,0.574248,191121018,0000000.0000,0000000.0,37394.89,0.914613,68309.46,0.2511,2026-12-01
NK225E    ,OOP,202612,31250.0,            ,181121218,0000000.0000,0000000.0,2.71,0.571757,191121218,0000000.0000,0000000.0,37145.74,0.905598,68309.46,0.2511,2026-12-01
NK225E    ,OOP,202612,31500.0,            ,181121518,0000000.0000,0000000.0,2.89,0.569265,191121518,0000000.0000,0000000.0,36896.59,0.896657,68309.46,0.2511,2026-12-01
NK225E    ,OOP,202612,31750.0,            ,181121718,0000000.0000,0000000.0,3.09,0.565381,191121718,0000000.0000,0000000.0,36647.45,0.88779,68309.46,0.2511,2026-12-01
NK225E    ,OOP,202612,32000.0,            ,181122018,0000000.0000,0000000.0,3.29,0.564276,191122018,0000000.0000,0000000.0,36398.33,0.88336,68309.46,0.2511,2026-12-01
NK225E    ,OOP,202612,32250.0,            ,181122218,0000000.0000,0000000.0,3.51,0.56178,191122218,0000000.0000,0000000.0,36149.22,0.874613,68309.46,0.2511,2026-12-01
NK225E    ,OOP,202612,32500.0,            ,131242518,0000000.0000,0000000.0,3.74,0.559282,141242518,0000000.0000,0000000.0,35900.11,0.865937,68309.46,0.2511,2026-12-01
NK225E    ,OOP,202612,32750.0,            ,131242718,0000000.0000,0000000.0,3.98,0.556782,141242718,0000000.0000,0000000.0,35651.03,0.857329,68309.46,0.2511,2026-12-01
NK225E    ,OOP,202612,33000.0,            ,131243018,0000000.0000,0000000.0,4.24,0.624342,141243018,0000000.0000,0000000.0,35401.95,0.84879,68309.46,0.2511,2026-12-01
NK225E    ,OOP,202612,33250.0,            ,131243218,0000000.0000,0000000.0,4.51,0.551779,141243218,0000000.0000,0000000.0,35152.89,0.840317,68309.46,0.2511,2026-12-01
NK225E    ,OOP,202612,33500.0,            ,131243518,0000000.0000,0000000.0,4.79,0.549274,141243518,0000000.0000,0000000.0,34903.84,0.836055,68309.46,0.2511,2026-12-01
NK225E    ,OOP,202612,33750.0,            ,131243718,0000000.0000,0000000.0,5.09,0.545874,141243718,0000000.0000,0000000.0,34654.8,0.82769,68309.46,0.2511,2026-12-01
NK225E    ,OOP,202612,34000.0,            ,131244018,0000000.0000,0000000.0,5.4,0.54426,141244018,0000000.0000,0000000.0,34405.79,0.81939,68309.46,0.2511,2026-12-01
NK225E    ,OOP,202612,34250.0,            ,131244218,0000000.0000,0000000.0,5.73,0.541751,141244218,0000000.0000,0000000.0,34156.78,0.811152,68309.46,0.2511,2026-12-01
NK225E    ,OOP,202612,34500.0,            ,131244518,0000000.0000,0000000.0,6.08,0.538587,141244518,0000000.0000,0000000.0,33907.8,0.802977,68309.46,0.2511,2026-12-01
NK225E    ,OOP,202612,34750.0,            ,131244718,0000000.0000,0000000.0,6.44,0.536726,141244718,0000000.0000,0000000.0,33658.83,0.798817,68309.46,0.2511,2026-12-01
NK225E    ,OOP,202612,35000.0,            ,131245018,0000000.0000,0000000.0,22.58,0.598463,141245018,0000000.0000,0000000.0,33409.94,0.790741,68309.46,0.2511,2026-12-01
NK225E    ,OOP,202612,35250.0,            ,131245218,0000000.0000,0000000.0,7.22,0.530146,141245218,0000000.0000,0000000.0,33160.94,0.782724,68309.46,0.2511,2026-12-01
NK225E    ,OOP,202612,35500.0,            ,131245518,0000000.0000,0000000.0,7.64,0.529177,141245518,0000000.0000,0000000.0,32912.03,0.774765,68309.46,0.2511,2026-12-01
NK225E    ,OOP,202612,35750.0,            ,131245718,0000000.0000,0000000.0,8.07,0.526163,141245718,0000000.0000,0000000.0,32663.14,0.766864,68309.46,0.2511,2026-12-01
NK225E    ,OOP,202612,36000.0,            ,131246018,0000000.0000,0000000.0,8.53,0.524136,141246018,0000000.0000,0000000.0,32414.27,0.762795,68309.46,0.2511,2026-12-01
NK225E    ,OOP,202612,36250.0,            ,131246218,0000000.0000,0000000.0,9.01,0.521502,141246218,0000000.0000,0000000.0,32165.42,0.754985,68309.46,0.2511,2026-12-01
NK225E    ,OOP,202612,36500.0,            ,131246518,0000000.0000,0000000.0,9.52,0.519089,141246518,0000000.0000,0000000.0,31916.59,0.74723,68309.46,0.2511,2026-12-01
NK225E    ,OOP,202612,36750.0,            ,131246718,0000000.0000,0000000.0,10.05,0.516305,141246718,0000000.0000,0000000.0,31667.78,0.739529,68309.46,0.2511,2026-12-01
NK225E    ,OOP,202612,37000.0,            ,131247018,0000000.0000,0000000.0,10.6,0.514036,141247018,0000000.0000,0000000.0,31419.0,0.735505,68309.46,0.2511,2026-12-01
NK225E    ,OOP,202612,37250.0,            ,131247218,0000000.0000,0000000.0,11.17,0.510677,141247218,0000000.0000,0000000.0,31170.25,0.72789,68309.46,0.2511,2026-12-01
NK225E    ,OOP,202612,37500.0,            ,131247518,0000000.0000,0000000.0,11.78,0.508977,141247518,0000000.0000,0000000.0,30921.52,0.720327,68309.46,0.2511,2026-12-01
NK225E    ,OOP,202612,37750.0,            ,131247718,0000000.0000,0000000.0,12.41,0.506447,141247718,0000000.0000,0000000.0,30672.82,0.712815,68309.46,0.2511,2026-12-01
NK225E    ,OOP,202612,38000.0,            ,131248018,0000035.0000,0000000.0,13.07,0.524452,141248018,0000000.0000,0000000.0,30424.15,0.708831,68309.46,0.2511,2026-12-01
NK225E    ,OOP,202612,38250.0,            ,131248218,0000000.0000,0000000.0,13.75,0.501382,141248218,0000000.0000,0000000.0,30175.5,0.701399,68309.46,0.2511,2026-12-01
NK225E    ,OOP,202612,38500.0,            ,131248518,0000000.0000,0000000.0,14.47,0.498849,141248518,0000000.0000,0000000.0,29926.89,0.694016,68309.46,0.2511,2026-12-01
NK225E    ,OOP,202612,38750.0,            ,131248718,0000000.0000,0000000.0,15.22,0.495513,141248718,0000000.0000,0000000.0,29678.31,0.686682,68309.46,0.2511,2026-12-01
NK225E    ,OOP,202612,39000.0,            ,131249018,0000000.0000,0000000.0,16.01,0.493736,141249018,0000000.0000,0000000.0,29429.76,0.682733,68309.46,0.2511,2026-12-01
NK225E    ,OOP,202612,39250.0,            ,131249218,0000000.0000,0000000.0,16.83,0.491244,141249218,0000000.0000,0000000.0,29181.25,0.675474,68309.46,0.2511,2026-12-01
NK225E    ,OOP,202612,39500.0,            ,131249518,0000000.0000,0000000.0,17.68,0.488708,141249518,0000000.0000,0000000.0,28932.77,0.668261,68309.46,0.2511,2026-12-01
NK225E    ,OOP,202612,39750.0,            ,131249718,0000000.0000,0000000.0,18.57,0.484484,141249718,0000000.0000,0000000.0,28684.33,0.664316,68309.46,0.2511,2026-12-01
NK225E    ,OOP,202612,40000.0,            ,131240018,0000000.0000,0000000.0,19.5,0.482223,141240018,0000000.0000,0000000.0,28435.93,0.657175,68309.46,0.2511,2026-12-01
NK225E    ,OOP,202612,40250.0,            ,131240218,0000000.0000,0000000.0,20.47,0.479831,141240218,0000000.0000,0000000.0,28187.57,0.650079,68309.46,0.2511,2026-12-01
NK225E    ,OOP,202612,40500.0,            ,131240518,0000000.0000,0000000.0,21.48,0.477322,141240518,0000000.0000,0000000.0,27939.25,0.646137,68309.46,0.2511,2026-12-01
NK225E    ,OOP,202612,40750.0,            ,131240718,0000000.0000,0000000.0,22.54,0.474706,141240718,0000000.0000,0000000.0,27690.97,0.639109,68309.46,0.2511,2026-12-01
NK225E    ,OOP,202612,41000.0,            ,131241018,0000000.0000,0000000.0,23.63,0.471993,141241018,0000000.0000,0000000.0,27442.74,0.632124,68309.46,0.2511,2026-12-01
NK225E    ,OOP,202612,41250.0,            ,131241218,0000000.0000,0000000.0,24.78,0.469191,141241218,0000000.0000,0000000.0,27194.55,0.628185,68309.46,0.2511,2026-12-01
NK225E    ,OOP,202612,41500.0,            ,131241518,0000000.0000,0000000.0,25.97,0.468428,141241518,0000000.0000,0000000.0,26946.42,0.621265,68309.46,0.2511,2026-12-01
NK225E    ,OOP,202612,41750.0,            ,131241718,0000000.0000,0000000.0,27.22,0.465435,141241718,0000000.0000,0000000.0,26698.33,0.614386,68309.46,0.2511,2026-12-01
NK225E    ,OOP,202612,42000.0,            ,131242018,0000000.0000,0000000.0,28.52,0.462333,141242018,0000000.0000,0000000.0,26450.3,0.610448,68309.46,0.2511,2026-12-01
NK225E    ,OOP,202612,42250.0,            ,131242218,0000000.0000,0000000.0,29.87,0.459172,141242218,0000000.0000,0000000.0,26202.32,0.603631,68309.46,0.2511,2026-12-01
NK225E    ,OOP,202612,42500.0,            ,131362518,0000000.0000,0000000.0,31.28,0.484177,141362518,0026000.0000,0000000.0,25954.4,0.599672,68309.46,0.2511,2026-12-01
NK225E    ,OOP,202612,42750.0,            ,181242718,0000000.0000,0000000.0,32.75,0.454467,191242718,0000000.0000,0000000.0,25706.53,0.592916,68309.46,0.2511,2026-12-01
NK225E    ,OOP,202612,43000.0,            ,181243018,0000000.0000,0000000.0,34.28,0.452786,191243018,0000000.0000,0000000.0,25458.73,0.586198,68309.46,0.2511,2026-12-01
NK225E    ,OOP,202612,43250.0,            ,181243218,0000000.0000,0000000.0,35.87,0.449323,191243218,0000000.0000,0000000.0,25210.99,0.582239,68309.46,0.2511,2026-12-01
NK225E    ,OOP,202612,43500.0,            ,181243518,0000000.0000,0000000.0,37.54,0.447386,191243518,0000000.0000,0000000.0,24963.33,0.575579,68309.46,0.2511,2026-12-01
NK225E    ,OOP,202612,43750.0,            ,181243718,0000000.0000,0000000.0,39.27,0.443809,191243718,0000000.0000,0000000.0,24715.73,0.5716,68309.46,0.2511,2026-12-01
NK225E    ,OOP,202612,44000.0,            ,181244018,0000000.0000,0000000.0,41.07,0.460966,191244018,0000000.0000,0000000.0,24468.2,0.564996,68309.46,0.2511,2026-12-01
NK225E    ,OOP,202612,44250.0,            ,181244218,0000000.0000,0000000.0,42.95,0.439369,191244218,0000000.0000,0000000.0,24220.75,0.560998,68309.46,0.2511,2026-12-01
NK225E    ,OOP,202612,44500.0,            ,181244518,0000000.0000,0000000.0,44.91,0.436967,191244518,0000000.0000,0000000.0,23973.37,0.554448,68309.46,0.2511,2026-12-01
NK225E    ,OOP,202612,44750.0,            ,181244718,0000000.0000,0000000.0,46.95,0.434458,191244718,0000000.0000,0000000.0,23726.08,0.550432,68309.46,0.2511,2026-12-01
NK225E    ,OOP,202612,45000.0,            ,181245018,0000000.0000,0000000.0,49.08,0.431849,191245018,0023505.0000,0000000.0,23478.88,0.543934,68309.46,0.2511,2026-12-01
NK225E    ,OOP,202612,45250.0,            ,181245218,0000000.0000,0000000.0,76.84,0.45478,191245218,0000000.0000,0000000.0,23257.31,0.551582,68309.46,0.2511,2026-12-01
NK225E    ,OOP,202612,45500.0,            ,181245518,0000000.0000,0000000.0,77.81,0.450332,191245518,0000000.0000,0000000.0,23008.95,0.545051,68309.46,0.2511,2026-12-01
NK225E    ,OOP,202612,45750.0,            ,181245718,0000000.0000,0000000.0,79.28,0.445884,191245718,0000000.0000,0000000.0,22761.09,0.540771,68309.46,0.2511,2026-12-01
NK225E    ,OOP,202612,46000.0,            ,181246018,0000000.0000,0000000.0,80.75,0.442289,191246018,0000000.0000,0000000.0,22513.23,0.53429,68309.46,0.2511,2026-12-01
NK225E    ,OOP,202612,46250.0,            ,181246218,0000000.0000,0000000.0,83.7,0.439482,191246218,0000000.0000,0000000.0,22266.85,0.530001,68309.46,0.2511,2026-12-01
NK225E    ,OOP,202612,46500.0,            ,181246518,0000000.0000,0000000.0,85.66,0.435795,191246518,0000000.0000,0000000.0,22019.48,0.523568,68309.46,0.2511,2026-12-01
NK225E    ,OOP,202612,46750.0,            ,181246718,0000000.0000,0000000.0,86.64,0.430504,191246718,0000000.0000,0000000.0,21771.12,0.519271,68309.46,0.2511,2026-12-01
NK225E    ,OOP,202612,47000.0,            ,181247018,0000000.0000,0000000.0,87.12,0.426017,191247018,0000000.0000,0000000.0,21522.27,0.512885,68309.46,0.2511,2026-12-01
NK225E    ,OOP,202612,47250.0,            ,181247218,0000000.0000,0000000.0,90.56,0.423053,191247218,0000000.0000,0000000.0,21276.38,0.508578,68309.46,0.2511,2026-12-01
NK225E    ,OOP,202612,47500.0,            ,181247518,0000000.0000,0000000.0,92.52,0.419283,191247518,0000000.0000,0000000.0,21029.01,0.502238,68309.46,0.2511,2026-12-01
NK225E    ,OOP,202612,47750.0,            ,181247718,0000000.0000,0000000.0,94.97,0.415486,191247718,0000000.0000,0000000.0,20782.13,0.497921,68309.46,0.2511,2026-12-01
NK225E    ,OOP,202612,48000.0,            ,181248018,0000000.0000,0000000.0,103.85,0.416471,191248018,0000000.0000,0000000.0,20541.68,0.495519,68309.46,0.2511,2026-12-01
NK225E    ,OOP,202612,48250.0,            ,181248218,0000000.0000,0000000.0,106.8,0.41317,191248218,0000000.0000,0000000.0,20295.29,0.48922,68309.46,0.2511,2026-12-01
NK225E    ,OOP,202612,48500.0,            ,181248518,0000000.0000,0000000.0,108.26,0.408537,191248518,0000000.0000,0000000.0,20047.42,0.484837,68309.46,0.2511,2026-12-01
NK225E    ,OOP,202612,48750.0,            ,181248718,0000097.0000,0000000.0,128.95,0.407028,191248718,0000000.0000,0000000.0,19803.5,0.480432,68309.46,0.2511,2026-12-01
NK225E    ,OOP,202612,49000.0,            ,181249018,0000000.0000,0000000.0,117.11,0.403559,191249018,0000000.0000,0000000.0,19557.61,0.476008,68309.46,0.2511,2026-12-01
NK225E    ,OOP,202612,49250.0,            ,181249218,0000000.0000,0000000.0,123.02,0.401783,191249218,0000000.0000,0000000.0,19314.19,0.471563,68309.46,0.2511,2026-12-01
NK225E    ,OOP,202612,49500.0,            ,181249518,0000000.0000,0000000.0,123.49,0.39649,191249518,0000000.0000,0000000.0,19065.33,0.465343,68309.46,0.2511,2026-12-01
NK225E    ,OOP,202612,49750.0,            ,181249718,0000138.0000,0000000.0,138.0,0.400929,191249718,0000000.0000,0000000.0,18826.35,0.462615,68309.46,0.2511,2026-12-01
NK225E    ,OOP,202612,50000.0,            ,181240018,0000146.0000,0000000.0,146.0,0.399608,191240018,0000000.0000,0000000.0,18579.96,0.458113,68309.46,0.2511,2026-12-01
NK225E    ,OOP,202612,50250.0,            ,181240218,0000000.0000,0000000.0,145.66,0.392252,191240218,0000000.0000,0000000.0,18339.5,0.455243,68309.46,0.2511,2026-12-01
NK225E    ,OOP,202612,50500.0,            ,181240518,0000152.0000,0000000.0,152.0,0.391755,191240518,0000000.0000,0000000.0,18095.57,0.450677,68309.46,0.2511,2026-12-01
NK225E    ,OOP,202612,50750.0,            ,181240718,0000000.0000,0000000.0,155.48,0.385917,191240718,0000000.0000,0000000.0,17850.66,0.446095,68309.46,0.2511,2026-12-01
NK225E    ,OOP,202612,51000.0,            ,181241018,0000000.0000,0000000.0,155.94,0.380573,191241018,0000000.0000,0000000.0,17601.79,0.439928,68309.46,0.2511,2026-12-01
NK225E    ,OOP,202612,51250.0,            ,181241218,0000000.0000,0000000.0,165.3,0.37933,191241218,0000000.0000,0000000.0,17361.82,0.43688,68309.46,0.2511,2026-12-01
NK225E    ,OOP,202612,51500.0,            ,181241518,0000000.0000,0000000.0,170.71,0.376599,191241518,0000000.0000,0000000.0,17117.89,0.432248,68309.46,0.2511,2026-12-01
NK225E    ,OOP,202612,51750.0,            ,181241718,0000000.0000,0000000.0,178.09,0.374196,191241718,0000000.0000,0000000.0,16875.94,0.429079,68309.46,0.2511,2026-12-01
NK225E    ,OOP,202612,52000.0,            ,181242018,0000172.0000,0000000.0,196.67,0.372887,191242018,0000000.0000,0000000.0,16636.95,0.425835,68309.46,0.2511,2026-12-01
NK225E    ,OOP,202612,52250.0,            ,181242218,0000000.0000,0000000.0,205.7,0.374051,191242218,0000000.0000,0000000.0,16404.89,0.425308,68309.46,0.2511,2026-12-01
NK225E    ,OOP,202612,52500.0,            ,181362518,0000000.0000,0000000.0,211.1,0.370446,191362518,0000000.0000,0000000.0,16160.95,0.4205,68309.46,0.2511,2026-12-01
NK225E    ,OOP,202612,52750.0,            ,131362718,0000208.0000,0000000.0,208.0,0.366073,141362718,0000000.0000,0000000.0,15919.99,0.415679,68309.46,0.2511,2026-12-01
NK225E    ,OOP,202612,53000.0,            ,131363018,0000000.0000,0000000.0,222.38,0.363444,141363018,0000000.0000,0000000.0,15673.57,0.410845,68309.46,0.2511,2026-12-01
NK225E    ,OOP,202612,53250.0,            ,131363218,0000000.0000,0000000.0,223.32,0.358317,141363218,0000000.0000,0000000.0,15425.18,0.404694,68309.46,0.2511,2026-12-01
NK225E    ,OOP,202612,53500.0,            ,131363518,0000000.0000,0000000.0,227.22,0.353877,141363518,0000000.0000,0000000.0,15179.76,0.399854,68309.46,0.2511,2026-12-01
NK225E    ,OOP,202612,53750.0,            ,131363718,0000000.0000,0000000.0,240.53,0.352709,141363718,0000000.0000,0000000.0,14943.73,0.397518,68309.46,0.2511,2026-12-01
NK225E    ,OOP,202612,54000.0,            ,131364018,0000000.0000,0000000.0,248.38,0.349767,141364018,0000000.0000,0000000.0,14702.25,0.39384,68309.46,0.2511,2026-12-01
NK225E    ,OOP,202612,54250.0,            ,131364218,0000305.0000,0000000.0,305.0,0.36303,141364218,0000000.0000,0000000.0,14464.24,0.390103,68309.46,0.2511,2026-12-01
NK225E    ,OOP,202612,54500.0,            ,131364518,0000000.0000,0000000.0,280.41,0.348036,141364518,0000000.0000,0000000.0,14235.62,0.388644,68309.46,0.2511,2026-12-01
NK225E    ,OOP,202612,54750.0,            ,131364718,0000281.0000,0000000.0,280.99,0.34501,141364718,0000000.0000,0000000.0,13987.21,0.38246,68309.46,0.2511,2026-12-01
NK225E    ,OOP,202612,55000.0,            ,131365018,0000280.0000,0000000.0,281.27,0.336881,141365018,0000000.0000,0000000.0,13737.81,0.377428,68309.46,0.2511,2026-12-01
NK225E    ,OOP,202612,55250.0,            ,131365218,0000000.0000,0000000.0,314.35,0.340299,141365218,0000000.0000,0000000.0,13521.56,0.377888,68309.46,0.2511,2026-12-01
NK225E    ,OOP,202612,55500.0,            ,131365518,0000000.0000,0000000.0,315.26,0.334648,141365518,0000000.0000,0000000.0,13273.14,0.371673,68309.46,0.2511,2026-12-01
NK225E    ,OOP,202612,55750.0,            ,131365718,0000000.0000,0000000.0,329.53,0.332839,141365718,0000000.0000,0000000.0,13038.08,0.368647,68309.46,0.2511,2026-12-01
NK225E    ,OOP,202612,56000.0,            ,131366018,0000335.0000,0000000.0,334.4,0.329642,141366018,0000000.0000,0000000.0,12793.62,0.363466,68309.46,0.2511,2026-12-01
NK225E    ,OOP,202612,56250.0,            ,131366218,0000000.0000,0000000.0,354.1,0.327556,141366218,0000000.0000,0000000.0,12563.99,0.361311,68309.46,0.2511,2026-12-01
NK225E    ,OOP,202612,56500.0,            ,131366518,0000000.0000,0000000.0,366.39,0.324165,141366518,0000000.0000,0000000.0,12326.94,0.358033,68309.46,0.2511,2026-12-01
NK225E    ,OOP,202612,56750.0,            ,131366718,0000000.0000,0000000.0,381.14,0.321826,141366718,0000000.0000,0000000.0,12092.36,0.354669,68309.46,0.2511,2026-12-01
NK225E    ,OOP,202612,57000.0,            ,131367018,0000000.0000,0000000.0,398.36,0.320439,141367018,0000000.0000,0000000.0,11860.26,0.351221,68309.46,0.2511,2026-12-01
NK225E    ,OOP,202612,57250.0,            ,131367218,0000415.0000,0000000.0,414.99,0.3199,141367218,0000000.0000,0000000.0,11630.62,0.348609,68309.46,0.2511,2026-12-01
NK225E    ,OOP,202612,57500.0,            ,131367518,0000000.0000,0000000.0,432.8,0.31505,141367518,0000000.0000,0000000.0,11396.03,0.34498,68309.46,0.2511,2026-12-01
NK225E    ,OOP,202612,57750.0,            ,131367718,0000000.0000,0000000.0,450.01,0.313173,141367718,0000000.0000,0000000.0,11163.91,0.342149,68309.46,0.2511,2026-12-01
NK225E    ,OOP,202612,58000.0,            ,131368018,0000440.0000,0000000.0,469.7,0.310164,141368018,0000000.0000,0000000.0,10934.26,0.339204,68309.46,0.2511,2026-12-01
NK225E    ,OOP,202612,58250.0,            ,131368218,0000000.0000,0000000.0,491.86,0.308921,141368218,0000000.0000,0000000.0,10707.09,0.336149,68309.46,0.2511,2026-12-01
NK225E    ,OOP,202612,58500.0,            ,131368518,0000500.0000,0000000.0,500.0,0.306564,141368518,0000000.0000,0000000.0,10465.05,0.331349,68309.46,0.2511,2026-12-01
NK225E    ,OOP,202612,58750.0,            ,131368718,0000525.0000,0000000.0,524.99,0.30494,141368718,0000000.0000,0000000.0,10250.25,0.329717,68309.46,0.2511,2026-12-01
NK225E    ,OOP,202612,59000.0,            ,131369018,0000550.0000,0000000.0,550.0,0.303128,141369018,0000000.0000,0000000.0,10025.54,0.327127,68309.46,0.2511,2026-12-01
NK225E    ,OOP,202612,59250.0,            ,131369218,0000580.0000,0000000.0,579.99,0.30196,141369218,0000000.0000,0000000.0,9793.38,0.323641,68309.46,0.2511,2026-12-01
NK225E    ,OOP,202612,59500.0,            ,131369518,0000595.0000,0000000.0,595.0,0.298169,141369518,0000000.0000,0000000.0,9576.1,0.321547,68309.46,0.2511,2026-12-01
NK225E    ,OOP,202612,59750.0,            ,131369718,0000000.0000,0000000.0,637.08,0.295865,141369718,0000000.0000,0000000.0,9356.33,0.31929,68309.46,0.2511,2026-12-01
NK225E    ,OOP,202612,60000.0,            ,131360018,0000650.0000,0000000.0,649.99,0.294165,141360018,0000000.0000,0000000.0,9131.59,0.31617,68309.46,0.2511,2026-12-01
NK225E    ,OOP,202612,60250.0,            ,131360218,0000670.0000,0000000.0,693.71,0.291533,141360218,0000000.0000,0000000.0,8914.29,0.313624,68309.46,0.2511,2026-12-01
NK225E    ,OOP,202612,60500.0,            ,131360518,0000710.0000,0000000.0,709.99,0.290197,141360518,0000000.0000,0000000.0,8687.06,0.310254,68309.46,0.2511,2026-12-01
NK225E    ,OOP,202612,60625.0,            ,131120618,0000000.0000,0000000.0,735.54,0.28767,141120618,0000000.0000,0000000.0,8582.13,0.309531,68309.46,0.2511,2026-12-01
NK225E    ,OOP,202612,60750.0,            ,131360718,0000740.0000,0000000.0,739.99,0.287945,141360718,0000000.0000,0000000.0,8482.16,0.308757,68309.46,0.2511,2026-12-01
NK225E    ,OOP,202612,60875.0,            ,131120818,0000740.0000,0000000.0,739.99,0.284673,141120818,0000000.0000,0000000.0,8374.74,0.307933,68309.46,0.2511,2026-12-01
NK225E    ,OOP,202612,61000.0,            ,131361018,0000000.0000,0000000.0,784.8,0.284155,141361018,0000000.0000,0000000.0,8257.39,0.305122,68309.46,0.2511,2026-12-01
NK225E    ,OOP,202612,61125.0,            ,131121118,0000000.0000,0000000.0,811.96,0.284927,141121118,0000000.0000,0000000.0,8159.89,0.305503,68309.46,0.2511,2026-12-01
NK225E    ,OOP,202612,61250.0,            ,131361218,0000000.0000,0000000.0,831.69,0.284272,141361218,0000000.0000,0000000.0,8054.95,0.304543,68309.46,0.2511,2026-12-01
NK225E    ,OOP,202612,61375.0,            ,131121318,0000000.0000,0000000.0,851.41,0.282904,141121318,0000000.0000,0000000.0,7950.0,0.302913,68309.46,0.2511,2026-12-01
NK225E    ,OOP,202612,61500.0,            ,131361518,0000000.0000,0000000.0,853.76,0.280199,141361518,0000000.0000,0000000.0,7827.69,0.300012,68309.46,0.2511,2026-12-01
NK225E    ,OOP,202612,61625.0,            ,131121618,0000000.0000,0000000.0,888.37,0.281335,141121618,0000000.0000,0000000.0,7737.63,0.300778,68309.46,0.2511,2026-12-01
NK225E    ,OOP,202612,61750.0,            ,131361718,0000000.0000,0000000.0,922.98,0.281731,141361718,0000000.0000,0000000.0,7647.58,0.301453,68309.46,0.2511,2026-12-01
NK225E    ,OOP,202612,61875.0,            ,131121818,0000000.0000,0000000.0,942.7,0.280799,141121818,0000000.0000,0000000.0,7542.63,0.300256,68309.46,0.2511,2026-12-01
NK225E    ,OOP,202612,62000.0,            ,131362018,0000000.0000,0000000.0,959.93,0.279203,141362018,0000000.0000,0000000.0,7435.2,0.298428,68309.46,0.2511,2026-12-01
NK225E    ,OOP,202612,62125.0,            ,131122118,0000000.0000,0000000.0,986.11,0.279393,141122118,0000000.0000,0000000.0,7337.69,0.297737,68309.46,0.2511,2026-12-01
NK225E    ,OOP,202612,62250.0,            ,131362218,0000000.0000,0000000.0,1020.52,0.276507,141362218,0000000.0000,0000000.0,7220.31,0.295258,68309.46,0.2511,2026-12-01
NK225E    ,OOP,202612,62375.0,            ,131122318,0000000.0000,0000000.0,1033.85,0.275394,141122318,0000000.0000,0000000.0,7117.84,0.293906,68309.46,0.2511,2026-12-01
NK225E    ,OOP,202612,62500.0,            ,181242518,0000000.0000,0000000.0,1056.82,0.27482,191242518,0000000.0000,0000000.0,7017.85,0.293081,68309.46,0.2511,2026-12-01
NK225E    ,OOP,202612,62625.0,            ,131122618,0000000.0000,0000000.0,1082.31,0.274767,141122618,0000000.0000,0000000.0,6920.34,0.292203,68309.46,0.2511,2026-12-01
NK225E    ,OOP,202612,62750.0,            ,181362718,0000000.0000,0000000.0,1107.81,0.273495,191362718,0000000.0000,0000000.0,6817.86,0.291275,68309.46,0.2511,2026-12-01
NK225E    ,OOP,202612,62875.0,            ,131122818,0000000.0000,0000000.0,1130.78,0.273311,141122818,0000000.0000,0000000.0,6722.83,0.290846,68309.46,0.2511,2026-12-01
NK225E    ,OOP,202612,63000.0,            ,181363018,0000000.0000,0000000.0,1171.43,0.273057,191363018,0000000.0000,0000000.0,6630.28,0.290357,68309.46,0.2511,2026-12-01
NK225E    ,OOP,202612,63125.0,            ,131123118,0000000.0000,0000000.0,1186.85,0.271076,141123118,0000000.0000,0000000.0,6522.83,0.288192,68309.46,0.2511,2026-12-01
NK225E    ,OOP,202612,63250.0,            ,181363218,0001200.0000,0000000.0,1227.48,0.272347,191363218,0000000.0000,0000000.0,6442.71,0.2892,68309.46,0.2511,2026-12-01
NK225E    ,OOP,202612,63375.0,            ,131123318,0000000.0000,0000000.0,1242.91,0.269189,141123318,0000000.0000,0000000.0,6325.3,0.286424,68309.46,0.2511,2026-12-01
NK225E    ,OOP,202612,63500.0,            ,181363518,0000000.0000,0000000.0,1268.43,0.268702,191363518,0000000.0000,0000000.0,6227.78,0.2852,68309.46,0.2511,2026-12-01
NK225E    ,OOP,202612,63625.0,            ,131123618,0000000.0000,0000000.0,1298.99,0.268151,141123618,0000000.0000,0000000.0,6135.23,0.284448,68309.46,0.2511,2026-12-01
NK225E    ,OOP,202612,63750.0,            ,181363718,0000000.0000,0000000.0,1321.99,0.268587,191363718,0000000.0000,0000000.0,6050.14,0.284668,68309.46,0.2511,2026-12-01
NK225E    ,OOP,202612,63875.0,            ,131123818,0000000.0000,0000000.0,1360.12,0.266345,141123818,0000000.0000,0000000.0,5945.15,0.282779,68309.46,0.2511,2026-12-01
NK225E    ,OOP,202612,64000.0,            ,181364018,0000000.0000,0000000.0,1388.17,0.265616,191364018,0000000.0000,0000000.0,5847.61,0.281358,68309.46,0.2511,2026-12-01
NK225E    ,OOP,202612,64125.0,            ,131124118,0001375.0000,0000000.0,1375.0,0.266356,141124118,0000000.0000,0000000.0,5755.06,0.280894,68309.46,0.2511,2026-12-01
NK225E    ,OOP,202612,64250.0,            ,181364218,0000000.0000,0000000.0,1451.83,0.263981,191364218,0000000.0000,0000000.0,5660.01,0.279376,68309.46,0.2511,2026-12-01
NK225E    ,OOP,202612,64375.0,            ,131124318,0000000.0000,0000000.0,1484.94,0.263577,141124318,0000000.0000,0000000.0,5569.94,0.278798,68309.46,0.2511,2026-12-01
NK225E    ,OOP,202612,64500.0,            ,181364518,0000000.0000,0000000.0,1520.55,0.262612,191364518,0000000.0000,0000000.0,5479.86,0.278161,68309.46,0.2511,2026-12-01
NK225E    ,OOP,202612,64625.0,            ,131124618,0000000.0000,0000000.0,1551.14,0.262081,141124618,0000000.0000,0000000.0,5389.78,0.277465,68309.46,0.2511,2026-12-01
NK225E    ,OOP,202612,64750.0,            ,181364718,0000000.0000,0000000.0,1589.27,0.261487,191364718,0000000.0000,0000000.0,5302.19,0.276711,68309.46,0.2511,2026-12-01
NK225E    ,OOP,202612,64875.0,            ,131124818,0001580.0000,0000000.0,1627.41,0.260346,141124818,0000000.0000,0000000.0,5204.65,0.275421,68309.46,0.2511,2026-12-01
NK225E    ,OOP,202612,65000.0,            ,181365018,0001650.0000,0000000.0,1652.98,0.260109,191365018,0000000.0000,0000000.0,5122.03,0.275029,68309.46,0.2511,2026-12-01
NK225E    ,OOP,202612,65125.0,            ,131125118,0000000.0000,0000000.0,1698.67,0.259328,141125118,0000000.0000,0000000.0,5031.94,0.274104,68309.46,0.2511,2026-12-01
NK225E    ,OOP,202612,65250.0,            ,181365218,0000000.0000,0000000.0,1729.28,0.258014,191365218,0000000.0000,0000000.0,4941.86,0.272655,68309.46,0.2511,2026-12-01
NK225E    ,OOP,202612,65375.0,            ,131125318,0000000.0000,0000000.0,1767.43,0.257583,141125318,0000000.0000,0000000.0,4854.26,0.272085,68309.46,0.2511,2026-12-01
NK225E    ,OOP,202612,65500.0,            ,181365518,0001825.0000,0000000.0,1782.97,0.256156,191365518,0000000.0000,0000000.0,4764.16,0.270993,68309.46,0.2511,2026-12-01
NK225E    ,OOP,202612,65625.0,            ,131125618,0000000.0000,0000000.0,1856.3,0.256521,141125618,0000000.0000,0000000.0,4689.02,0.270761,68309.46,0.2511,2026-12-01
NK225E    ,OOP,202612,65750.0,            ,181365718,0000000.0000,0000000.0,1891.95,0.255892,191365718,0000000.0000,0000000.0,4603.9,0.270007,68309.46,0.2511,2026-12-01
NK225E    ,OOP,202612,65875.0,            ,131125818,0000000.0000,0000000.0,1932.62,0.255199,141125818,0000000.0000,0000000.0,4521.28,0.269194,68309.46,0.2511,2026-12-01
NK225E    ,OOP,202612,66000.0,            ,181366018,0000000.0000,0000000.0,1973.31,0.254894,191366018,0000000.0000,0000000.0,4441.15,0.268771,68309.46,0.2511,2026-12-01
NK225E    ,OOP,202612,66125.0,            ,131126118,0000000.0000,0000000.0,2021.52,0.253621,141126118,0000000.0000,0000000.0,4353.53,0.267837,68309.46,0.2511,2026-12-01
NK225E    ,OOP,202612,66250.0,            ,181366218,0000000.0000,0000000.0,2064.72,0.252738,191366218,0000000.0000,0000000.0,4270.89,0.266844,68309.46,0.2511,2026-12-01
NK225E    ,OOP,202612,66375.0,            ,131126318,0000000.0000,0000000.0,2107.92,0.251792,141126318,0000000.0000,0000000.0,4188.27,0.265793,68309.46,0.2511,2026-12-01
NK225E    ,OOP,202612,66500.0,            ,181366518,0000000.0000,0000000.0,2158.65,0.254314,191366518,0000000.0000,0000000.0,4116.5,0.268201,68309.46,0.2511,2026-12-01
NK225E    ,OOP,202612,66625.0,            ,131126618,0000000.0000,0000000.0,2204.36,0.252347,141126618,0000000.0000,0000000.0,4050.43,0.266142,68309.46,0.2511,2026-12-01
NK225E    ,OOP,202612,66750.0,            ,181366718,0000000.0000,0000000.0,2245.06,0.252075,191366718,0000000.0000,0000000.0,3975.27,0.265775,68309.46,0.2511,2026-12-01
NK225E    ,OOP,202612,66875.0,            ,131126818,0000000.0000,0000000.0,2293.3,0.250864,141126818,0000000.0000,0000000.0,3890.14,0.264475,68309.46,0.2511,2026-12-01
NK225E    ,OOP,202612,67000.0,            ,181367018,0002385.0000,0000000.0,2349.05,0.25089,191367018,0000000.0000,0000000.0,3824.98,0.264414,68309.46,0.2511,2026-12-01
NK225E    ,OOP,202612,67125.0,            ,131127118,0000000.0000,0000000.0,2399.78,0.250413,141127118,0000000.0000,0000000.0,3749.82,0.263855,68309.46,0.2511,2026-12-01
NK225E    ,OOP,202612,67250.0,            ,181367218,0000000.0000,0000000.0,2450.52,0.249438,191367218,0000000.0000,0000000.0,3672.16,0.262802,68309.46,0.2511,2026-12-01
NK225E    ,OOP,202612,67375.0,            ,131127318,0000000.0000,0000000.0,2501.26,0.249683,141127318,0000000.0000,0000000.0,3606.99,0.262971,68309.46,0.2511,2026-12-01
NK225E    ,OOP,202612,67500.0,            ,131487518,0000000.0000,0000000.0,2552.01,0.248574,141487518,0000000.0000,0000000.0,3526.83,0.261792,68309.46,0.2511,2026-12-01
NK225E    ,OOP,202612,67625.0,            ,131127618,0000000.0000,0000000.0,2607.77,0.248677,141127618,0000000.0000,0000000.0,3464.16,0.261827,68309.46,0.2511,2026-12-01
NK225E    ,OOP,202612,67750.0,            ,181367718,0000000.0000,0000000.0,2663.53,0.249555,191367718,0000000.0000,0000000.0,3408.98,0.262642,68309.46,0.2511,2026-12-01
NK225E    ,OOP,202612,67875.0,            ,131127818,0000000.0000,0000000.0,2719.29,0.248243,141127818,0000000.0000,0000000.0,3344.73,0.261694,68309.46,0.2511,2026-12-01
NK225E    ,OOP,202612,68000.0,            ,181368018,0000000.0000,0000000.0,2775.05,0.248132,191368018,0000000.0000,0000000.0,3275.5,0.261526,68309.46,0.2511,2026-12-01
NK225E    ,OOP,202612,68125.0,            ,131128118,0000000.0000,0000000.0,2828.32,0.247108,141128118,0000000.0000,0000000.0,3214.36,0.260449,68309.46,0.2511,2026-12-01
NK225E    ,OOP,202612,68250.0,            ,181368218,0000000.0000,0000000.0,2891.59,0.246017,191368218,0000000.0000,0000000.0,3107.5,0.259309,68309.46,0.2511,2026-12-01
NK225E    ,OOP,202612,68375.0,            ,131128318,0000000.0000,0000000.0,2947.37,0.246118,141128318,0000000.0000,0000000.0,3067.8,0.259364,68309.46,0.2511,2026-12-01
NK225E    ,OOP,202612,68500.0,            ,181368518,0000000.0000,0000000.0,3008.14,0.244889,191368518,0000000.0000,0000000.0,2978.6,0.258094,68309.46,0.2511,2026-12-01
NK225E    ,OOP,202612,68625.0,            ,131128618,0000000.0000,0000000.0,3066.41,0.244431,141128618,0000000.0000,0000000.0,2906.88,0.257597,68309.46,0.2511,2026-12-01
NK225E    ,OOP,202612,68750.0,            ,181368718,0000000.0000,0000000.0,3129.69,0.244321,191368718,0000000.0000,0000000.0,2842.66,0.257453,68309.46,0.2511,2026-12-01
NK225E    ,OOP,202612,68875.0,            ,131128818,0000000.0000,0000000.0,3192.96,0.243303,141128818,0000000.0000,0000000.0,2778.46,0.256823,68309.46,0.2511,2026-12-01
NK225E    ,OOP,202612,69000.0,            ,181369018,0000000.0000,0000000.0,3253.75,0.243052,191369018,0002685.0000,0000000.0,2719.24,0.256126,68309.46,0.2511,2026-12-01
NK225E    ,OOP,202612,69125.0,            ,131129118,0000000.0000,0000000.0,3319.53,0.242312,141129118,0000000.0000,0000000.0,2660.03,0.255363,68309.46,0.2511,2026-12-01
NK225E    ,OOP,202612,69250.0,            ,181369218,0000000.0000,0000000.0,3380.32,0.242339,191369218,0000000.0000,0000000.0,2610.79,0.25537,68309.46,0.2511,2026-12-01
NK225E    ,OOP,202612,69375.0,            ,131129318,0000000.0000,0000000.0,3446.1,0.241456,141129318,0000000.0000,0000000.0,2541.61,0.254472,68309.46,0.2511,2026-12-01
NK225E    ,OOP,202612,69500.0,            ,181369518,0000000.0000,0000000.0,3509.39,0.241342,191369518,0000000.0000,0000000.0,2494.86,0.254345,68309.46,0.2511,2026-12-01
NK225E    ,OOP,202612,69625.0,            ,131129618,0000000.0000,0000000.0,3597.61,0.240316,141129618,0000000.0000,0000000.0,2433.17,0.253731,68309.46,0.2511,2026-12-01
NK225E    ,OOP,202612,69750.0,            ,181369718,0000000.0000,0000000.0,3665.89,0.240059,191369718,0000000.0000,0000000.0,2373.96,0.253471,68309.46,0.2511,2026-12-01
NK225E    ,OOP,202612,69875.0,            ,131129818,0000000.0000,0000000.0,3711.76,0.239309,141129818,0000000.0000,0000000.0,2319.75,0.25272,68309.46,0.2511,2026-12-01
NK225E    ,OOP,202612,70000.0,            ,181360018,0000000.0000,0000000.0,3779.82,0.238909,191360018,0000000.0000,0000000.0,2270.52,0.252324,68309.46,0.2511,2026-12-01
NK225E    ,OOP,202612,70125.0,            ,131120118,0000000.0000,0000000.0,3853.97,0.238862,141120118,0000000.0000,0000000.0,2216.3,0.25186,68309.46,0.2511,2026-12-01
NK225E    ,OOP,202612,70250.0,            ,181360218,0000000.0000,0000000.0,3933.15,0.238746,191360218,0000000.0000,0000000.0,2172.04,0.252178,68309.46,0.2511,2026-12-01
NK225E    ,OOP,202612,70375.0,            ,131120318,0000000.0000,0000000.0,4017.34,0.239415,141120318,0000000.0000,0000000.0,2112.86,0.252859,68309.46,0.2511,2026-12-01
NK225E    ,OOP,202612,70500.0,            ,181360518,0000000.0000,0000000.0,4089.0,0.238732,191360518,0000000.0000,0000000.0,2063.63,0.252195,68309.46,0.2511,2026-12-01
NK225E    ,OOP,202612,70625.0,            ,181120618,0000000.0000,0000000.0,4170.67,0.238836,191120618,0000000.0000,0000000.0,2014.4,0.252321,68309.46,0.2511,2026-12-01
NK225E    ,OOP,202612,70750.0,            ,181360718,0000000.0000,0000000.0,4237.31,0.237574,191360718,0000000.0000,0000000.0,1970.14,0.251089,68309.46,0.2511,2026-12-01
NK225E    ,OOP,202612,70875.0,            ,181120818,0000000.0000,0000000.0,4308.95,0.236666,191120818,0000000.0000,0000000.0,1920.92,0.250647,68309.46,0.2511,2026-12-01
NK225E    ,OOP,202612,71000.0,            ,181361018,0000000.0000,0000000.0,4398.16,0.237431,191361018,0000000.0000,0000000.0,1876.66,0.251007,68309.46,0.2511,2026-12-01
NK225E    ,OOP,202612,71125.0,            ,181121118,0000000.0000,0000000.0,4487.37,0.238135,191121118,0000000.0000,0000000.0,1832.41,0.251742,68309.46,0.2511,2026-12-01
NK225E    ,OOP,202612,71250.0,            ,181361218,0000000.0000,0000000.0,4569.06,0.237894,191361218,0000000.0000,0000000.0,1793.13,0.251542,68309.46,0.2511,2026-12-01
NK225E    ,OOP,202612,71375.0,            ,181121318,0000000.0000,0000000.0,4660.79,0.238472,191121318,0000000.0000,0000000.0,1743.91,0.252158,68309.46,0.2511,2026-12-01
NK225E    ,OOP,202612,71500.0,            ,181361518,0000000.0000,0000000.0,4737.45,0.237648,191361518,0000000.0000,0000000.0,1712.07,0.25183,68309.46,0.2511,2026-12-01
NK225E    ,OOP,202612,71625.0,            ,181121618,0000000.0000,0000000.0,4814.11,0.236746,191121618,0000000.0000,0000000.0,1695.56,0.250989,68309.46,0.2511,2026-12-01
NK225E    ,OOP,202612,71750.0,            ,181361718,0000000.0000,0000000.0,4898.3,0.23667,191361718,0000000.0000,0000000.0,1621.09,0.250971,68309.46,0.2511,2026-12-01
NK225E    ,OOP,202612,71875.0,            ,181121818,0000000.0000,0000000.0,4979.98,0.23607,191121818,0000000.0000,0000000.0,1576.84,0.250439,68309.46,0.2511,2026-12-01
NK225E    ,OOP,202612,72000.0,            ,181362018,0000000.0000,0000000.0,5064.18,0.235854,191362018,0001525.0000,0000000.0,1540.04,0.25029,68309.46,0.2511,2026-12-01
NK225E    ,OOP,202612,72250.0,            ,181362218,0000000.0000,0000000.0,5255.18,0.237076,191362218,0000000.0000,0000000.0,1461.48,0.251177,68309.46,0.2511,2026-12-01
NK225E    ,OOP,202612,72500.0,            ,131482518,0000000.0000,0000000.0,5426.09,0.235699,141482518,0000000.0000,0000000.0,1385.4,0.250437,68309.46,0.2511,2026-12-01
NK225E    ,OOP,202612,72750.0,            ,131482718,0000000.0000,0000000.0,5599.49,0.234971,141482718,0000000.0000,0000000.0,1324.18,0.249897,68309.46,0.2511,2026-12-01
NK225E    ,OOP,202612,73000.0,            ,131483018,0000000.0000,0000000.0,5782.97,0.234442,141483018,0001330.0000,0000000.0,1250.58,0.249571,68309.46,0.2511,2026-12-01
NK225E    ,OOP,202612,73250.0,            ,131483218,0000000.0000,0000000.0,5961.4,0.233122,141483218,0000000.0000,0000000.0,1191.84,0.248984,68309.46,0.2511,2026-12-01
NK225E    ,OOP,202612,73500.0,            ,131483518,0000000.0000,0000000.0,6144.87,0.232508,141483518,0000000.0000,0000000.0,1128.14,0.248127,68309.46,0.2511,2026-12-01
NK225E    ,OOP,202612,73750.0,            ,131483718,0000000.0000,0000000.0,6330.85,0.2316,141483718,0000000.0000,0000000.0,1066.93,0.247498,68309.46,0.2511,2026-12-01
NK225E    ,OOP,202612,74000.0,            ,131484018,0000000.0000,0000000.0,6529.43,0.231464,141484018,0000000.0000,0000000.0,1013.11,0.248159,68309.46,0.2511,2026-12-01
NK225E    ,OOP,202612,74250.0,            ,131484218,0000000.0000,0000000.0,6720.45,0.230504,141484218,0000000.0000,0000000.0,978.48,0.247539,68309.46,0.2511,2026-12-01
NK225E    ,OOP,202612,74500.0,            ,131484518,0000000.0000,0000000.0,6916.51,0.229798,141484518,0000000.0000,0000000.0,925.2,0.247191,68309.46,0.2511,2026-12-01
NK225E    ,OOP,202612,74750.0,            ,131484718,0000000.0000,0000000.0,7122.67,0.229963,141484718,0000945.0000,0000000.0,882.03,0.247697,68309.46,0.2511,2026-12-01
NK225E    ,OOP,202612,75000.0,            ,131485018,0000000.0000,0000000.0,7326.3,0.229273,141485018,0000875.0000,0000000.0,836.33,0.247985,68309.46,0.2511,2026-12-01
NK225E    ,OOP,202612,75250.0,            ,131485218,0000000.0000,0000000.0,7522.35,0.227656,141485218,0000000.0000,0000000.0,783.05,0.246881,68309.46,0.2511,2026-12-01
NK225E    ,OOP,202612,75500.0,            ,131485518,0000000.0000,0000000.0,7728.51,0.226962,141485518,0000000.0000,0000000.0,739.88,0.246678,68309.46,0.2511,2026-12-01
NK225E    ,OOP,202612,75750.0,            ,131485718,0000000.0000,0000000.0,7942.24,0.226628,141485718,0000000.0000,0000000.0,704.27,0.246842,68309.46,0.2511,2026-12-01
NK225E    ,OOP,202612,76000.0,            ,131486018,0000000.0000,0000000.0,8138.28,0.223926,141486018,0000000.0000,0000000.0,650.99,0.244874,68309.46,0.2511,2026-12-01
NK225E    ,OOP,202612,76250.0,            ,131486218,0000000.0000,0000000.0,8359.6,0.224372,141486218,0000000.0000,0000000.0,622.97,0.245825,68309.46,0.2511,2026-12-01
NK225E    ,OOP,202612,77000.0,            ,131487018,0000000.0000,0000000.0,9008.39,0.221853,141487018,0000550.0000,0000000.0,523.77,0.246138,68309.46,0.2511,2026-12-01
NK225E    ,OOP,202612,77500.0,            ,181367518,0000000.0000,0000000.0,9448.51,0.220205,191367518,0000475.0000,0000000.0,465.22,0.24619,68309.46,0.2511,2026-12-01
NK225E    ,OOP,202612,78000.0,            ,131488018,0000000.0000,0000000.0,9893.7,0.218135,141488018,0000000.0000,0000000.0,411.75,0.24612,68309.46,0.2511,2026-12-01
NK225E    ,OOP,202612,79000.0,            ,131489018,0000000.0000,0000000.0,10798.77,0.211392,141489018,0000000.0000,0000000.0,319.49,0.245828,68309.46,0.2511,2026-12-01
NK225E    ,OOP,202612,80000.0,            ,131480018,0000000.0000,0000000.0,11712.45,0.198001,141480018,0000250.0000,0000000.0,250.0,0.242511,68309.46,0.2511,2026-12-01
NK225E    ,OOP,202612,81000.0,            ,131481018,0000000.0000,0000000.0,12663.74,0.187462,141481018,0000195.0000,0000000.0,194.99,0.24323,68309.46,0.2511,2026-12-01
NK225E    ,OOP,202612,82000.0,            ,131482018,0000000.0000,0000000.0,13616.06,0.01,141482018,0000195.0000,0000000.0,194.99,0.256828,68309.46,0.2511,2026-12-01
NK225E    ,OOP,202612,82500.0,            ,181482518,0000000.0000,0000000.0,14100.88,0.01,191482518,0000000.0000,0000000.0,130.97,0.246327,68309.46,0.2511,2026-12-01
NK225E    ,OOP,202612,83000.0,            ,181483018,0000000.0000,0000000.0,14581.12,0.01,191483018,0000110.0000,0000000.0,112.55,0.24545,68309.46,0.2511,2026-12-01
NK225E    ,OOP,202612,84000.0,            ,181484018,0000000.0000,0000000.0,15540.56,0.01,191484018,0000071.0000,0000000.0,74.66,0.240645,68309.46,0.2511,2026-12-01
NK225E    ,OOP,202612,85000.0,            ,181485018,0016500.0000,0000000.0,16530.14,0.01,191485018,0000065.0000,0000000.0,66.91,0.247263,68309.46,0.2511,2026-12-01
NK225E    ,OOP,202612,87500.0,            ,181487518,0000000.0000,0000000.0,18989.8,0.01,191487518,0000000.0000,0000000.0,33.25,0.24898,68309.46,0.2511,2026-12-01
NK225E    ,OOP,202612,90000.0,            ,181480018,0000000.0000,0000000.0,21462.79,0.01,191480018,0000017.0000,0000000.0,17.0,0.249231,68309.46,0.2511,2026-12-01
NK225E    ,OOP,202612,95000.0,            ,131605018,0000000.0000,0000000.0,26442.81,0.01,141605018,0000000.0000,0000000.0,6.32,0.263735,68309.46,0.2511,2026-12-01
NK225E    ,OOP,202612,100000.0,            ,131600018,0000000.0000,0000000.0,31425.7,0.01,141600018,0000002.0000,0000000.0,2.32,0.275548,68309.46,0.2511,2026-12-01
NK225E    ,OOP,202701,36000.0,            ,132016018,0000035.0000,0000000.0,20.71,0.520033,142016018,0000000.0000,0000000.0,32435.34,0.580946,68309.46,0.2511,2027-01-01
NK225E    ,OOP,202701,37000.0,            ,132017018,0000000.0000,0000000.0,24.36,0.475562,142017018,0000000.0000,0000000.0,31443.51,0.563636,68309.46,0.2511,2027-01-01
NK225E    ,OOP,202701,38000.0,            ,132018018,0000000.0000,0000000.0,29.46,0.466823,142018018,0000000.0000,0000000.0,30453.13,0.54637,68309.46,0.2511,2027-01-01
NK225E    ,OOP,202701,39000.0,            ,132019018,0000000.0000,0000000.0,35.45,0.458125,142019018,0000000.0000,0000000.0,29463.64,0.529165,68309.46,0.2511,2027-01-01
NK225E    ,OOP,202701,40000.0,            ,132010018,0000000.0000,0000000.0,42.46,0.448829,142010018,0000000.0000,0000000.0,28475.17,0.512031,68309.46,0.2511,2027-01-01
NK225E    ,OOP,202701,41000.0,            ,132011018,0000000.0000,0000000.0,50.65,0.440837,142011018,0000000.0000,0000000.0,27487.88,0.498377,68309.46,0.2511,2027-01-01
NK225E    ,OOP,202701,42000.0,            ,132012018,0000000.0000,0000000.0,60.18,0.432062,142012018,0000000.0000,0000000.0,26501.93,0.481198,68309.46,0.2511,2027-01-01
NK225E    ,OOP,202701,43000.0,            ,132013018,0000000.0000,0000000.0,71.25,0.423464,142013018,0000000.0000,0000000.0,25517.53,0.467046,68309.46,0.2511,2027-01-01
NK225E    ,OOP,202701,44000.0,            ,132014018,0000000.0000,0000000.0,84.1,0.415088,142014018,0000000.0000,0000000.0,24534.9,0.455228,68309.46,0.2511,2027-01-01
NK225E    ,OOP,202701,45000.0,            ,132015018,0000000.0000,0000000.0,98.98,0.406044,142015018,0000000.0000,0000000.0,23554.3,0.442725,68309.46,0.2511,2027-01-01
NK225E    ,OOP,202701,46000.0,            ,182016018,0000000.0000,0000000.0,116.23,0.397563,192016018,0000000.0000,0000000.0,22576.07,0.429659,68309.46,0.2511,2027-01-01
NK225E    ,OOP,202701,47000.0,            ,182017018,0000000.0000,0000000.0,136.19,0.3893,192017018,0000000.0000,0000000.0,21600.55,0.418105,68309.46,0.2511,2027-01-01
NK225E    ,OOP,202701,47250.0,            ,132017218,0000000.0000,0000000.0,141.66,0.387493,142017218,0000000.0000,0000000.0,21357.15,0.414617,68309.46,0.2511,2027-01-01
NK225E    ,OOP,202701,47500.0,            ,132017518,0000000.0000,0000000.0,147.33,0.385115,142017518,0000000.0000,0000000.0,21113.95,0.412983,68309.46,0.2511,2027-01-01
NK225E    ,OOP,202701,47750.0,            ,132017718,0000000.0000,0000000.0,153.21,0.383115,142017718,0000000.0000,0000000.0,20870.96,0.409414,68309.46,0.2511,2027-01-01
NK225E    ,OOP,202701,48000.0,            ,182018018,0000000.0000,0000000.0,159.31,0.38102,192018018,0000000.0000,0000000.0,20628.2,0.405825,68309.46,0.2511,2027-01-01
NK225E    ,OOP,202701,48250.0,            ,132018218,0000000.0000,0000000.0,165.65,0.378836,142018218,0000000.0000,0000000.0,20385.66,0.403965,68309.46,0.2511,2027-01-01
NK225E    ,OOP,202701,48500.0,            ,132018518,0000000.0000,0000000.0,172.21,0.376976,142018518,0000000.0000,0000000.0,20143.36,0.400305,68309.46,0.2511,2027-01-01
NK225E    ,OOP,202701,48750.0,            ,132018718,0000000.0000,0000000.0,179.03,0.375011,142018718,0000000.0000,0000000.0,19901.3,0.398292,68309.46,0.2511,2027-01-01
NK225E    ,OOP,202701,49000.0,            ,182019018,0000000.0000,0000000.0,186.1,0.372949,192019018,0000000.0000,0000000.0,19659.51,0.396185,68309.46,0.2511,2027-01-01
NK225E    ,OOP,202701,49250.0,            ,132019218,0000000.0000,0000000.0,193.44,0.370795,142019218,0000000.0000,0000000.0,19417.98,0.392416,68309.46,0.2511,2027-01-01
NK225E    ,OOP,202701,49500.0,            ,132019518,0000000.0000,0000000.0,201.06,0.368555,142019518,0000000.0000,0000000.0,19176.72,0.390177,68309.46,0.2511,2027-01-01
NK225E    ,OOP,202701,49750.0,            ,132019718,0000000.0000,0000000.0,208.96,0.366582,142019718,0000000.0000,0000000.0,18935.76,0.387855,68309.46,0.2511,2027-01-01
NK225E    ,OOP,202701,50000.0,            ,182010018,0000000.0000,0000000.0,217.17,0.364512,192010018,0000000.0000,0000000.0,18695.09,0.385454,68309.46,0.2511,2027-01-01
NK225E    ,OOP,202701,50250.0,            ,132010218,0000000.0000,0000000.0,225.68,0.362676,142010218,0000000.0000,0000000.0,18454.74,0.382978,68309.46,0.2511,2027-01-01
NK225E    ,OOP,202701,50500.0,            ,132010518,0000000.0000,0000000.0,234.52,0.360417,142010518,0000000.0000,0000000.0,18214.71,0.379043,68309.46,0.2511,2027-01-01
NK225E    ,OOP,202701,50750.0,            ,132010718,0000000.0000,0000000.0,243.7,0.358385,142010718,0000000.0000,0000000.0,17975.02,0.377816,68309.46,0.2511,2027-01-01
NK225E    ,OOP,202701,51000.0,            ,182011018,0000000.0000,0000000.0,253.22,0.356556,192011018,0000000.0000,0000000.0,17735.67,0.375136,68309.46,0.2511,2027-01-01
NK225E    ,OOP,202701,51250.0,            ,132011218,0000000.0000,0000000.0,263.11,0.35462,142011218,0000000.0000,0000000.0,17496.69,0.372394,68309.46,0.2511,2027-01-01
NK225E    ,OOP,202701,51500.0,            ,132011518,0000000.0000,0000000.0,273.38,0.352582,142011518,0000000.0000,0000000.0,17258.09,0.369592,68309.46,0.2511,2027-01-01
NK225E    ,OOP,202701,51750.0,            ,132011718,0000000.0000,0000000.0,284.04,0.35045,142011718,0000000.0000,0000000.0,17019.88,0.366732,68309.46,0.2511,2027-01-01
NK225E    ,OOP,202701,52000.0,            ,182012018,0000000.0000,0000000.0,295.11,0.348491,192012018,0000000.0000,0000000.0,16782.08,0.365011,68309.46,0.2511,2027-01-01
NK225E    ,OOP,202701,52250.0,            ,132012218,0000000.0000,0000000.0,306.61,0.346943,142012218,0000000.0000,0000000.0,16544.71,0.362016,68309.46,0.2511,2027-01-01
NK225E    ,OOP,202701,52500.0,            ,132012518,0000000.0000,0000000.0,318.55,0.344525,142012518,0000000.0000,0000000.0,16307.78,0.360106,68309.46,0.2511,2027-01-01
NK225E    ,OOP,202701,52750.0,            ,132012718,0000000.0000,0000000.0,330.95,0.343238,142012718,0000000.0000,0000000.0,16071.31,0.358093,68309.46,0.2511,2027-01-01
NK225E    ,OOP,202701,53000.0,            ,182013018,0000000.0000,0000000.0,343.83,0.34064,192013018,0000000.0000,0000000.0,15835.33,0.354905,68309.46,0.2511,2027-01-01
NK225E    ,OOP,202701,53250.0,            ,132013218,0000000.0000,0000000.0,357.22,0.339114,142013218,0000000.0000,0000000.0,15599.84,0.352727,68309.46,0.2511,2027-01-01
NK225E    ,OOP,202701,53500.0,            ,132013518,0000000.0000,0000000.0,371.12,0.337459,142013518,0000000.0000,0000000.0,15364.87,0.350457,68309.46,0.2511,2027-01-01
NK225E    ,OOP,202701,53750.0,            ,132013718,0000000.0000,0000000.0,385.56,0.335684,142013718,0000000.0000,0000000.0,15130.44,0.348101,68309.46,0.2511,2027-01-01
NK225E    ,OOP,202701,54000.0,            ,182014018,0000000.0000,0000000.0,400.56,0.333796,192014018,0000000.0000,0000000.0,14896.58,0.345661,68309.46,0.2511,2027-01-01
NK225E    ,OOP,202701,54250.0,            ,132014218,0000000.0000,0000000.0,416.15,0.331799,142014218,0000000.0000,0000000.0,14663.3,0.344091,68309.46,0.2511,2027-01-01
NK225E    ,OOP,202701,54500.0,            ,132014518,0000000.0000,0000000.0,432.35,0.329699,142014518,0000000.0000,0000000.0,14430.63,0.341472,68309.46,0.2511,2027-01-01
NK225E    ,OOP,202701,54750.0,            ,132014718,0000000.0000,0000000.0,449.18,0.327502,142014718,0000000.0000,0000000.0,14198.59,0.339683,68309.46,0.2511,2027-01-01
NK225E    ,OOP,202701,55000.0,            ,182015018,0000000.0000,0000000.0,466.67,0.326142,192015018,0000000.0000,0000000.0,13967.21,0.336901,68309.46,0.2511,2027-01-01
NK225E    ,OOP,202701,55250.0,            ,132015218,0000000.0000,0000000.0,484.85,0.323738,142015218,0000000.0000,0000000.0,13736.52,0.334911,68309.46,0.2511,2027-01-01
NK225E    ,OOP,202701,55500.0,            ,132015518,0000000.0000,0000000.0,503.74,0.322132,142015518,0000000.0000,0000000.0,13506.53,0.332816,68309.46,0.2511,2027-01-01
NK225E    ,OOP,202701,55750.0,            ,132015718,0000000.0000,0000000.0,523.37,0.3204,142015718,0000000.0000,0000000.0,13277.29,0.330621,68309.46,0.2511,2027-01-01
NK225E    ,OOP,202701,56000.0,            ,132136018,0000000.0000,0000000.0,543.77,0.318546,142136018,0000000.0000,0000000.0,13048.82,0.329126,68309.46,0.2511,2027-01-01
NK225E    ,OOP,202701,56250.0,            ,132016218,0000000.0000,0000000.0,564.97,0.316578,142016218,0000000.0000,0000000.0,12821.15,0.326722,68309.46,0.2511,2027-01-01
NK225E    ,OOP,202701,56500.0,            ,132016518,0000000.0000,0000000.0,587.0,0.315291,142016518,0000000.0000,0000000.0,12594.32,0.324989,68309.46,0.2511,2027-01-01
NK225E    ,OOP,202701,56750.0,            ,132016718,0000000.0000,0000000.0,609.9,0.313089,142016718,0000000.0000,0000000.0,12368.35,0.322394,68309.46,0.2511,2027-01-01
NK225E    ,OOP,202701,57000.0,            ,132137018,0000000.0000,0000000.0,633.7,0.311537,142137018,0000000.0000,0000000.0,12143.28,0.320441,68309.46,0.2511,2027-01-01
NK225E    ,OOP,202701,57250.0,            ,182017218,0000615.0000,0000000.0,614.99,0.303933,192017218,0000000.0000,0000000.0,11919.14,0.318376,68309.46,0.2511,2027-01-01
NK225E    ,OOP,202701,57500.0,            ,182017518,0000000.0000,0000000.0,684.14,0.308041,192017518,0000000.0000,0000000.0,11695.98,0.316894,68309.46,0.2511,2027-01-01
NK225E    ,OOP,202701,57750.0,            ,182017718,0000000.0000,0000000.0,710.85,0.301192,192017718,0000000.0000,0000000.0,11473.81,0.314602,68309.46,0.2511,2027-01-01
NK225E    ,OOP,202701,58000.0,            ,132138018,0000000.0000,0000000.0,738.6,0.304735,142138018,0000000.0000,0000000.0,11252.7,0.312868,68309.46,0.2511,2027-01-01
NK225E    ,OOP,202701,58250.0,            ,182018218,0000000.0000,0000000.0,767.45,0.302557,192018218,0000000.0000,0000000.0,11032.67,0.31101,68309.46,0.2511,2027-01-01
NK225E    ,OOP,202701,58500.0,            ,182018518,0000000.0000,0000000.0,797.42,0.300918,192018518,0000000.0000,0000000.0,10813.77,0.30903,68309.46,0.2511,2027-01-01
NK225E    ,OOP,202701,58750.0,            ,182018718,0000000.0000,0000000.0,828.55,0.299145,192018718,0000000.0000,0000000.0,10596.04,0.307548,68309.46,0.2511,2027-01-01
NK225E    ,OOP,202701,59000.0,            ,132139018,0000000.0000,0000000.0,860.9,0.294146,142139018,0000000.0000,0000000.0,10379.52,0.305326,68309.46,0.2511,2027-01-01
NK225E    ,OOP,202701,59250.0,            ,182019218,0000000.0000,0000000.0,894.5,0.295821,192019218,0000000.0000,0000000.0,10164.25,0.303583,68309.46,0.2511,2027-01-01
NK225E    ,OOP,202701,59500.0,            ,182019518,0000000.0000,0000000.0,929.4,0.294252,192019518,0000000.0000,0000000.0,9950.28,0.301711,68309.46,0.2511,2027-01-01
NK225E    ,OOP,202701,59750.0,            ,182019718,0000000.0000,0000000.0,965.65,0.293118,192019718,0000000.0000,0000000.0,9737.66,0.300276,68309.46,0.2511,2027-01-01
NK225E    ,OOP,202701,60000.0,            ,132130018,0000000.0000,0000000.0,1003.29,0.291261,142130018,0000000.0000,0000000.0,9526.43,0.298145,68309.46,0.2511,2027-01-01
NK225E    ,OOP,202701,60250.0,            ,182010218,0000000.0000,0000000.0,1042.38,0.289823,192010218,0000000.0000,0000000.0,9316.65,0.296437,68309.46,0.2511,2027-01-01
NK225E    ,OOP,202701,60500.0,            ,182010518,0000000.0000,0000000.0,1082.96,0.288237,192010518,0000000.0000,0000000.0,9108.36,0.294593,68309.46,0.2511,2027-01-01
NK225E    ,OOP,202701,60750.0,            ,182010718,0001045.0000,0000000.0,1045.0,0.279076,192010718,0000000.0000,0000000.0,8901.61,0.293136,68309.46,0.2511,2027-01-01
NK225E    ,OOP,202701,61000.0,            ,132131018,0000000.0000,0000000.0,1168.81,0.285153,142131018,0000000.0000,0000000.0,8696.47,0.291532,68309.46,0.2511,2027-01-01
NK225E    ,OOP,202701,61250.0,            ,182011218,0000000.0000,0000000.0,1214.17,0.283645,192011218,0000000.0000,0000000.0,8492.97,0.289784,68309.46,0.2511,2027-01-01
NK225E    ,OOP,202701,61500.0,            ,182011518,0000000.0000,0000000.0,1261.24,0.281986,192011518,0000000.0000,0000000.0,8291.16,0.288387,68309.46,0.2511,2027-01-01
NK225E    ,OOP,202701,61750.0,            ,182011718,0000000.0000,0000000.0,1310.06,0.280667,192011718,0000000.0000,0000000.0,8091.11,0.286836,68309.46,0.2511,2027-01-01
NK225E    ,OOP,202701,62000.0,            ,132132018,0000000.0000,0000000.0,1360.69,0.279189,142132018,0000000.0000,0000000.0,7892.88,0.285137,68309.46,0.2511,2027-01-01
NK225E    ,OOP,202701,62250.0,            ,182012218,0000000.0000,0000000.0,1413.18,0.277556,192012218,0000000.0000,0000000.0,7696.5,0.283757,68309.46,0.2511,2027-01-01
NK225E    ,OOP,202701,62500.0,            ,132132518,0000000.0000,0000000.0,1467.6,0.276232,142132518,0000000.0000,0000000.0,7502.04,0.282219,68309.46,0.2511,2027-01-01
NK225E    ,OOP,202701,62750.0,            ,182012718,0000000.0000,0000000.0,1523.99,0.274745,192012718,0000000.0000,0000000.0,7309.57,0.28053,68309.46,0.2511,2027-01-01
NK225E    ,OOP,202701,63000.0,            ,132133018,0000000.0000,0000000.0,1582.41,0.273544,142133018,0000000.0000,0000000.0,7119.12,0.279131,68309.46,0.2511,2027-01-01
NK225E    ,OOP,202701,63250.0,            ,182013218,0000000.0000,0000000.0,1642.93,0.272174,192013218,0000000.0000,0000000.0,6930.76,0.277573,68309.46,0.2511,2027-01-01
NK225E    ,OOP,202701,63500.0,            ,182013518,0000000.0000,0000000.0,1705.59,0.27064,192013518,0000000.0000,0000000.0,6744.55,0.276285,68309.46,0.2511,2027-01-01
NK225E    ,OOP,202701,63750.0,            ,182013718,0000000.0000,0000000.0,1770.44,0.269368,192013718,0000000.0000,0000000.0,6560.53,0.274832,68309.46,0.2511,2027-01-01
NK225E    ,OOP,202701,64000.0,            ,132134018,0000000.0000,0000000.0,1837.56,0.267927,142134018,0000000.0000,0000000.0,6378.79,0.273218,68309.46,0.2511,2027-01-01
NK225E    ,OOP,202701,64250.0,            ,182014218,0000000.0000,0000000.0,1906.99,0.26673,192014218,0000000.0000,0000000.0,6199.35,0.271854,68309.46,0.2511,2027-01-01
NK225E    ,OOP,202701,64500.0,            ,182014518,0000000.0000,0000000.0,1933.51,0.262526,192014518,0000000.0000,0000000.0,5987.4,0.267904,68309.46,0.2511,2027-01-01
NK225E    ,OOP,202701,64750.0,            ,182014718,0000000.0000,0000000.0,2007.93,0.261022,192014718,0000000.0000,0000000.0,5807.81,0.26624,68309.46,0.2511,2027-01-01
NK225E    ,OOP,202701,65000.0,            ,132135018,0000000.0000,0000000.0,2099.96,0.260137,142135018,0000000.0000,0000000.0,5638.19,0.265199,68309.46,0.2511,2027-01-01
NK225E    ,OOP,202701,65250.0,            ,182015218,0000000.0000,0000000.0,2181.09,0.259065,192015218,0000000.0000,0000000.0,5468.57,0.263979,68309.46,0.2511,2027-01-01
NK225E    ,OOP,202701,65500.0,            ,182015518,0000000.0000,0000000.0,2262.24,0.25704,192015518,0000000.0000,0000000.0,5293.95,0.262198,68309.46,0.2511,2027-01-01
NK225E    ,OOP,202701,65750.0,            ,182015718,0000000.0000,0000000.0,2348.42,0.257139,192015718,0000000.0000,0000000.0,5144.26,0.262153,68309.46,0.2511,2027-01-01
NK225E    ,OOP,202701,66000.0,            ,182136018,0000000.0000,0000000.0,2439.62,0.256274,192136018,0000000.0000,0000000.0,4984.6,0.260777,68309.46,0.2511,2027-01-01
NK225E    ,OOP,202701,66250.0,            ,182016218,0000000.0000,0000000.0,2530.83,0.255593,192016218,0000000.0000,0000000.0,4829.92,0.259969,68309.46,0.2511,2027-01-01
NK225E    ,OOP,202701,66500.0,            ,182016518,0000000.0000,0000000.0,2627.06,0.254348,192016518,0000000.0000,0000000.0,4675.22,0.258974,68309.46,0.2511,2027-01-01
NK225E    ,OOP,202701,66750.0,            ,182016718,0000000.0000,0000000.0,2723.31,0.253654,192016718,0000000.0000,0000000.0,4525.54,0.258161,68309.46,0.2511,2027-01-01
NK225E    ,OOP,202701,67000.0,            ,182137018,0000000.0000,0000000.0,2824.56,0.252401,192137018,0000000.0000,0000000.0,4370.84,0.256794,68309.46,0.2511,2027-01-01
NK225E    ,OOP,202701,67250.0,            ,132137218,0000000.0000,0000000.0,2925.82,0.25096,142137218,0000000.0000,0000000.0,4221.12,0.255606,68309.46,0.2511,2027-01-01
NK225E    ,OOP,202701,67500.0,            ,182137518,0000000.0000,0000000.0,3032.1,0.250055,192137518,0000000.0000,0000000.0,4076.41,0.254593,68309.46,0.2511,2027-01-01
NK225E    ,OOP,202701,67750.0,            ,132137718,0000000.0000,0000000.0,3143.4,0.249314,142137718,0000000.0000,0000000.0,3926.41,0.253749,68309.46,0.2511,2027-01-01
NK225E    ,OOP,202701,68000.0,            ,182138018,0000000.0000,0000000.0,3239.7,0.248377,192138018,0000000.0000,0000000.0,3794.35,0.253071,68309.46,0.2511,2027-01-01
NK225E    ,OOP,202701,68250.0,            ,132138218,0000000.0000,0000000.0,3356.02,0.248669,142138218,0000000.0000,0000000.0,3664.06,0.253268,68309.46,0.2511,2027-01-01
NK225E    ,OOP,202701,68500.0,            ,132138518,0000000.0000,0000000.0,3492.33,0.248049,142138518,0000000.0000,0000000.0,3530.38,0.252556,68309.46,0.2511,2027-01-01
NK225E    ,OOP,202701,68750.0,            ,132138718,0000000.0000,0000000.0,3613.64,0.245103,142138718,0000000.0000,0000000.0,3406.7,0.249523,68309.46,0.2511,2027-01-01
NK225E    ,OOP,202701,69000.0,            ,182139018,0000000.0000,0000000.0,3739.96,0.245863,192139018,0000000.0000,0000000.0,3268.06,0.250199,68309.46,0.2511,2027-01-01
NK225E    ,OOP,202701,69250.0,            ,132139218,0000000.0000,0000000.0,3851.32,0.243942,142139218,0000000.0000,0000000.0,3159.37,0.248552,68309.46,0.2511,2027-01-01
NK225E    ,OOP,202701,69500.0,            ,132139518,0000000.0000,0000000.0,3987.64,0.244304,142139518,0000000.0000,0000000.0,3030.73,0.248838,68309.46,0.2511,2027-01-01
NK225E    ,OOP,202701,69750.0,            ,132139718,0000000.0000,0000000.0,4118.98,0.243758,142139718,0000000.0000,0000000.0,2917.07,0.248219,68309.46,0.2511,2027-01-01
NK225E    ,OOP,202701,70000.0,            ,182130018,0000000.0000,0000000.0,4260.3,0.243369,192130018,0000000.0000,0000000.0,2803.41,0.24776,68309.46,0.2511,2027-01-01
NK225E    ,OOP,202701,70250.0,            ,132130218,0000000.0000,0000000.0,4401.63,0.241352,142130218,0000000.0000,0000000.0,2699.73,0.246035,68309.46,0.2511,2027-01-01
NK225E    ,OOP,202701,70500.0,            ,132130518,0000000.0000,0000000.0,4547.94,0.241996,142130518,0000000.0000,0000000.0,2596.06,0.246257,68309.46,0.2511,2027-01-01
NK225E    ,OOP,202701,70750.0,            ,132130718,0000000.0000,0000000.0,4694.26,0.241368,142130718,0000000.0000,0000000.0,2492.39,0.24593,68309.46,0.2511,2027-01-01
NK225E    ,OOP,202701,71000.0,            ,182131018,0000000.0000,0000000.0,4841.6,0.240903,192131018,0000000.0000,0000000.0,2393.7,0.245771,68309.46,0.2511,2027-01-01
NK225E    ,OOP,202701,71250.0,            ,132131218,0000000.0000,0000000.0,4984.59,0.239874,142131218,0000000.0000,0000000.0,2300.0,0.244327,68309.46,0.2511,2027-01-01
NK225E    ,OOP,202701,71500.0,            ,132131518,0000000.0000,0000000.0,5147.63,0.239742,142131518,0002225.0000,0000000.0,2211.27,0.244512,68309.46,0.2511,2027-01-01
NK225E    ,OOP,202701,71750.0,            ,132131718,0000000.0000,0000000.0,5295.62,0.238673,142131718,0000000.0000,0000000.0,2117.57,0.243401,68309.46,0.2511,2027-01-01
NK225E    ,OOP,202701,72000.0,            ,182132018,0000000.0000,0000000.0,5458.66,0.238144,192132018,0000000.0000,0000000.0,2033.82,0.24283,68309.46,0.2511,2027-01-01
NK225E    ,OOP,202701,72250.0,            ,132132218,0000000.0000,0000000.0,5621.69,0.237793,142132218,0000000.0000,0000000.0,1950.07,0.24244,68309.46,0.2511,2027-01-01
NK225E    ,OOP,202701,72500.0,            ,182012518,0000000.0000,0000000.0,5804.81,0.238393,192012518,0001820.0000,0000000.0,1881.22,0.243381,68309.46,0.2511,2027-01-01
NK225E    ,OOP,202701,72750.0,            ,132132718,0000000.0000,0000000.0,5962.82,0.237271,142132718,0000000.0000,0000000.0,1792.51,0.242232,68309.46,0.2511,2027-01-01
NK225E    ,OOP,202701,73000.0,            ,182133018,0000000.0000,0000000.0,6145.95,0.237501,192133018,0000000.0000,0000000.0,1713.74,0.242431,68309.46,0.2511,2027-01-01
NK225E    ,OOP,202701,73250.0,            ,132133218,0000000.0000,0000000.0,6329.09,0.237947,142133218,0001620.0000,0000000.0,1644.89,0.242848,68309.46,0.2511,2027-01-01
NK225E    ,OOP,202701,73500.0,            ,132133518,0000000.0000,0000000.0,6507.19,0.237416,142133518,0000000.0000,0000000.0,1571.09,0.242695,68309.46,0.2511,2027-01-01
NK225E    ,OOP,202701,73750.0,            ,132133718,0000000.0000,0000000.0,6636.2,0.232999,142133718,0000000.0000,0000000.0,1507.21,0.238293,68309.46,0.2511,2027-01-01
NK225E    ,OOP,202701,74000.0,            ,182134018,0000000.0000,0000000.0,6817.95,0.232416,192134018,0000000.0000,0000000.0,1443.32,0.237703,68309.46,0.2511,2027-01-01
NK225E    ,OOP,202701,74250.0,            ,132134218,0000000.0000,0000000.0,7002.29,0.232053,142134218,0000000.0000,0000000.0,1339.86,0.237334,68309.46,0.2511,2027-01-01
NK225E    ,OOP,202701,74500.0,            ,132134518,0000000.0000,0000000.0,7189.16,0.231492,142134518,0000000.0000,0000000.0,1277.86,0.236771,68309.46,0.2511,2027-01-01
NK225E    ,OOP,202701,74750.0,            ,132134718,0000000.0000,0000000.0,7378.51,0.231167,142134718,0000000.0000,0000000.0,1218.34,0.236444,68309.46,0.2511,2027-01-01
NK225E    ,OOP,202701,75000.0,            ,182135018,0000000.0000,0000000.0,7570.28,0.230645,192135018,0000000.0000,0000000.0,1161.24,0.23637,68309.46,0.2511,2027-01-01
NK225E    ,OOP,202701,75250.0,            ,132135218,0000000.0000,0000000.0,7764.4,0.230378,142135218,0000000.0000,0000000.0,1106.5,0.236114,68309.46,0.2511,2027-01-01
NK225E    ,OOP,202701,75500.0,            ,132135518,0000000.0000,0000000.0,7960.83,0.229918,142135518,0000000.0000,0000000.0,1054.05,0.235671,68309.46,0.2511,2027-01-01
NK225E    ,OOP,202701,75750.0,            ,132135718,0000000.0000,0000000.0,8159.47,0.229736,142135718,0000000.0000,0000000.0,1003.83,0.235504,68309.46,0.2511,2027-01-01
NK225E    ,OOP,202701,76000.0,            ,132256018,0000000.0000,0000000.0,8360.29,0.229365,142256018,0000000.0000,0000000.0,955.78,0.235155,68309.46,0.2511,2027-01-01
NK225E    ,OOP,202701,76250.0,            ,132136218,0000000.0000,0000000.0,8563.2,0.228797,142136218,0000000.0000,0000000.0,909.82,0.235107,68309.46,0.2511,2027-01-01
NK225E    ,OOP,202701,77500.0,            ,132137518,0000000.0000,0000000.0,9606.95,0.227198,142137518,0000000.0000,0000000.0,709.21,0.234283,68309.46,0.2511,2027-01-01
NK225E    ,OOP,202701,80000.0,            ,132250018,0000000.0000,0000000.0,11814.81,0.225275,142250018,0000000.0000,0000000.0,428.38,0.235349,68309.46,0.2511,2027-01-01
NK225E    ,OOP,202701,82500.0,            ,182132518,0000000.0000,0000000.0,14135.62,0.224111,192132518,0000000.0000,0000000.0,260.5,0.237233,68309.46,0.2511,2027-01-01
NK225E    ,OOP,202701,85000.0,            ,132255018,0000000.0000,0000000.0,16526.0,0.222517,142255018,0000150.0000,0000000.0,162.18,0.241386,68309.46,0.2511,2027-01-01
NK225E    ,OOP,202701,87500.0,            ,132257518,0000000.0000,0000000.0,18955.37,0.214488,142257518,0000000.0000,0000000.0,102.85,0.2461,68309.46,0.2511,2027-01-01
NK225E    ,OOP,202701,90000.0,            ,182250018,0000000.0000,0000000.0,21407.92,0.195489,192250018,0000000.0000,0000000.0,66.7,0.252012,68309.46,0.2511,2027-01-01
NK225E    ,OOP,202701,95000.0,            ,182255018,0000000.0000,0000000.0,26345.81,0.01,192255018,0000000.0000,0000000.0,27.2,0.259558,68309.46,0.2511,2027-01-01
NK225E    ,OOP,202701,100000.0,            ,132370018,0000000.0000,0000000.0,31303.73,0.01,142370018,0000000.0000,0000000.0,7.73,0.257973,68309.46,0.2511,2027-01-01
NK225E    ,OOP,202702,43000.0,            ,132023018,0000000.0000,0000000.0,123.15,0.395965,142023018,0000000.0000,0000000.0,25658.49,0.458119,68309.46,0.2511,2027-02-01
NK225E    ,OOP,202702,44000.0,            ,132024018,0000000.0000,0000000.0,143.79,0.388629,142024018,0000000.0000,0000000.0,24685.78,0.446125,68309.46,0.2511,2027-02-01
NK225E    ,OOP,202702,45000.0,            ,132025018,0000000.0000,0000000.0,166.97,0.381394,142025018,0000000.0000,0000000.0,23715.62,0.432325,68309.46,0.2511,2027-02-01
NK225E    ,OOP,202702,46000.0,            ,132026018,0000000.0000,0000000.0,193.05,0.373745,142026018,0000000.0000,0000000.0,22748.35,0.420995,68309.46,0.2511,2027-02-01
NK225E    ,OOP,202702,47000.0,            ,132027018,0000000.0000,0000000.0,222.43,0.366343,142027018,0000000.0000,0000000.0,21784.38,0.409174,68309.46,0.2511,2027-02-01
NK225E    ,OOP,202702,47250.0,            ,182027218,0000000.0000,0000000.0,230.35,0.364232,192027218,0000000.0000,0000000.0,21543.96,0.406446,68309.46,0.2511,2027-02-01
NK225E    ,OOP,202702,47500.0,            ,182027518,0000000.0000,0000000.0,238.52,0.362367,192027518,0000000.0000,0000000.0,21303.79,0.403682,68309.46,0.2511,2027-02-01
NK225E    ,OOP,202702,47750.0,            ,182027718,0000000.0000,0000000.0,246.94,0.360726,192027718,0000000.0000,0000000.0,21063.87,0.400882,68309.46,0.2511,2027-02-01
NK225E    ,OOP,202702,48000.0,            ,132028018,0000000.0000,0000000.0,255.61,0.358709,142028018,0000000.0000,0000000.0,20824.2,0.398049,68309.46,0.2511,2027-02-01
NK225E    ,OOP,202702,48250.0,            ,182028218,0000000.0000,0000000.0,264.58,0.356908,192028218,0000000.0000,0000000.0,20584.83,0.395182,68309.46,0.2511,2027-02-01
NK225E    ,OOP,202702,48500.0,            ,182028518,0000000.0000,0000000.0,273.83,0.35503,192028518,0000000.0000,0000000.0,20345.74,0.392284,68309.46,0.2511,2027-02-01
NK225E    ,OOP,202702,48750.0,            ,182028718,0000000.0000,0000000.0,283.36,0.353079,192028718,0000000.0000,0000000.0,20106.94,0.389355,68309.46,0.2511,2027-02-01
NK225E    ,OOP,202702,49000.0,            ,132029018,0000000.0000,0000000.0,293.18,0.351317,142029018,0000000.0000,0000000.0,19868.42,0.386396,68309.46,0.2511,2027-02-01
NK225E    ,OOP,202702,49250.0,            ,182029218,0000000.0000,0000000.0,303.36,0.349476,192029218,0000000.0000,0000000.0,19630.27,0.384423,68309.46,0.2511,2027-02-01
NK225E    ,OOP,202702,49500.0,            ,182029518,0000000.0000,0000000.0,313.86,0.348291,192029518,0000000.0000,0000000.0,19392.43,0.381389,68309.46,0.2511,2027-02-01
NK225E    ,OOP,202702,49750.0,            ,182029718,0000000.0000,0000000.0,324.68,0.346284,192029718,0000000.0000,0000000.0,19154.91,0.379303,68309.46,0.2511,2027-02-01
NK225E    ,OOP,202702,50000.0,            ,132020018,0000000.0000,0000000.0,335.83,0.344211,142020018,0000000.0000,0000000.0,18917.72,0.376199,68309.46,0.2511,2027-02-01
NK225E    ,OOP,202702,50250.0,            ,182020218,0000000.0000,0000000.0,347.43,0.342073,192020218,0000000.0000,0000000.0,18680.98,0.374008,68309.46,0.2511,2027-02-01
NK225E    ,OOP,202702,50500.0,            ,182020518,0000000.0000,0000000.0,359.39,0.340971,192020518,0000000.0000,0000000.0,18444.6,0.370839,68309.46,0.2511,2027-02-01
NK225E    ,OOP,202702,50750.0,            ,182020718,0000000.0000,0000000.0,371.71,0.338689,192020718,0000000.0000,0000000.0,18208.58,0.368549,68309.46,0.2511,2027-02-01
NK225E    ,OOP,202702,51000.0,            ,132021018,0000000.0000,0000000.0,384.4,0.337391,142021018,0000000.0000,0000000.0,17972.94,0.366203,68309.46,0.2511,2027-02-01
NK225E    ,OOP,202702,51250.0,            ,182021218,0000000.0000,0000000.0,397.64,0.334978,192021218,0000000.0000,0000000.0,17737.84,0.363802,68309.46,0.2511,2027-02-01
NK225E    ,OOP,202702,51500.0,            ,182021518,0000000.0000,0000000.0,411.29,0.333503,192021518,0000000.0000,0000000.0,17503.15,0.361349,68309.46,0.2511,2027-02-01
NK225E    ,OOP,202702,51750.0,            ,182021718,0000000.0000,0000000.0,425.35,0.331933,192021718,0000000.0000,0000000.0,17268.88,0.358845,68309.46,0.2511,2027-02-01
NK225E    ,OOP,202702,52000.0,            ,132022018,0000000.0000,0000000.0,439.85,0.329336,142022018,0000000.0000,0000000.0,17035.04,0.356293,68309.46,0.2511,2027-02-01
NK225E    ,OOP,202702,52250.0,            ,182022218,0000000.0000,0000000.0,455.0,0.327613,192022218,0000000.0000,0000000.0,16801.85,0.353692,68309.46,0.2511,2027-02-01
NK225E    ,OOP,202702,52500.0,            ,132022518,0000000.0000,0000000.0,470.61,0.325807,142022518,0000000.0000,0000000.0,16569.12,0.351828,68309.46,0.2511,2027-02-01
NK225E    ,OOP,202702,52750.0,            ,132022718,0000000.0000,0000000.0,486.7,0.324788,142022718,0000000.0000,0000000.0,16336.88,0.349123,68309.46,0.2511,2027-02-01
NK225E    ,OOP,202702,53000.0,            ,182023018,0000000.0000,0000000.0,503.3,0.322806,192023018,0000000.0000,0000000.0,16105.13,0.347126,68309.46,0.2511,2027-02-01
NK225E    ,OOP,202702,53250.0,            ,132023218,0000000.0000,0000000.0,520.67,0.320752,142023218,0000000.0000,0000000.0,15874.17,0.344322,68309.46,0.2511,2027-02-01
NK225E    ,OOP,202702,53500.0,            ,132023518,0000000.0000,0000000.0,538.57,0.319435,142023518,0000000.0000,0000000.0,15643.73,0.3422,68309.46,0.2511,2027-02-01
NK225E    ,OOP,202702,53750.0,            ,132023718,0000000.0000,0000000.0,557.03,0.317228,142023718,0000000.0000,0000000.0,15413.85,0.340012,68309.46,0.2511,2027-02-01
NK225E    ,OOP,202702,54000.0,            ,182024018,0000000.0000,0000000.0,576.05,0.315725,192024018,0000000.0000,0000000.0,15184.54,0.337759,68309.46,0.2511,2027-02-01
NK225E    ,OOP,202702,54250.0,            ,132024218,0000000.0000,0000000.0,595.99,0.314127,142024218,0000000.0000,0000000.0,14956.14,0.336122,68309.46,0.2511,2027-02-01
NK225E    ,OOP,202702,54500.0,            ,132024518,0000000.0000,0000000.0,616.56,0.312436,142024518,0000000.0000,0000000.0,14728.37,0.333733,68309.46,0.2511,2027-02-01
NK225E    ,OOP,202702,54750.0,            ,132024718,0000000.0000,0000000.0,637.75,0.310659,142024718,0000000.0000,0000000.0,14501.23,0.331286,68309.46,0.2511,2027-02-01
NK225E    ,OOP,202702,55000.0,            ,182025018,0000000.0000,0000000.0,659.61,0.308797,192025018,0000000.0000,0000000.0,14274.74,0.329422,68309.46,0.2511,2027-02-01
NK225E    ,OOP,202702,55250.0,            ,132025218,0000000.0000,0000000.0,682.54,0.307534,142025218,0000000.0000,0000000.0,14049.33,0.327478,68309.46,0.2511,2027-02-01
NK225E    ,OOP,202702,55500.0,            ,132025518,0000000.0000,0000000.0,706.18,0.306162,142025518,0000000.0000,0000000.0,13824.64,0.325457,68309.46,0.2511,2027-02-01
NK225E    ,OOP,202702,55750.0,            ,132025718,0000000.0000,0000000.0,730.54,0.304038,142025718,0000000.0000,0000000.0,13600.67,0.323362,68309.46,0.2511,2027-02-01
NK225E    ,OOP,202702,56000.0,            ,182026018,0000000.0000,0000000.0,755.66,0.302477,192026018,0000000.0000,0000000.0,13377.44,0.321195,68309.46,0.2511,2027-02-01
NK225E    ,OOP,202702,56250.0,            ,132026218,0000000.0000,0000000.0,782.03,0.30082,142026218,0000000.0000,0000000.0,13155.47,0.319536,68309.46,0.2511,2027-02-01
NK225E    ,OOP,202702,56500.0,            ,132026518,0000000.0000,0000000.0,809.21,0.299676,142026518,0000000.0000,0000000.0,12934.32,0.317219,68309.46,0.2511,2027-02-01
NK225E    ,OOP,202702,56750.0,            ,132026718,0000000.0000,0000000.0,837.24,0.297825,142026718,0000000.0000,0000000.0,12714.01,0.315394,68309.46,0.2511,2027-02-01
NK225E    ,OOP,202702,57000.0,            ,182027018,0000000.0000,0000000.0,866.12,0.296467,192027018,0000000.0000,0000000.0,12494.55,0.313484,68309.46,0.2511,2027-02-01
NK225E    ,OOP,202702,57250.0,            ,132027218,0000000.0000,0000000.0,896.44,0.295002,142027218,0000000.0000,0000000.0,12276.54,0.311491,68309.46,0.2511,2027-02-01
NK225E    ,OOP,202702,57500.0,            ,132027518,0000000.0000,0000000.0,927.7,0.293435,142027518,0000000.0000,0000000.0,12059.46,0.309945,68309.46,0.2511,2027-02-01
NK225E    ,OOP,202702,57750.0,            ,132027718,0000000.0000,0000000.0,959.92,0.291769,142027718,0000000.0000,0000000.0,11843.34,0.307785,68309.46,0.2511,2027-02-01
NK225E    ,OOP,202702,58000.0,            ,182028018,0000000.0000,0000000.0,993.12,0.290537,192028018,0000000.0000,0000000.0,11628.2,0.306057,68309.46,0.2511,2027-02-01
NK225E    ,OOP,202702,58250.0,            ,132028218,0000000.0000,0000000.0,1027.97,0.288673,142028218,0000000.0000,0000000.0,11414.71,0.304237,68309.46,0.2511,2027-02-01
NK225E    ,OOP,202702,58500.0,            ,132028518,0000000.0000,0000000.0,1063.89,0.287737,142028518,0000000.0000,0000000.0,11202.3,0.302816,68309.46,0.2511,2027-02-01
NK225E    ,OOP,202702,58750.0,            ,132028718,0000000.0000,0000000.0,1100.89,0.286176,142028718,0000000.0000,0000000.0,10990.96,0.300812,68309.46,0.2511,2027-02-01
NK225E    ,OOP,202702,59000.0,            ,182029018,0000000.0000,0000000.0,1139.01,0.284513,192029018,0000000.0000,0000000.0,10780.74,0.299194,68309.46,0.2511,2027-02-01
NK225E    ,OOP,202702,59250.0,            ,132029218,0000000.0000,0000000.0,1179.0,0.283229,142029218,0000000.0000,0000000.0,10572.39,0.297479,68309.46,0.2511,2027-02-01
NK225E    ,OOP,202702,59500.0,            ,132029518,0000000.0000,0000000.0,1220.2,0.281831,142029518,0000000.0000,0000000.0,10365.26,0.296122,68309.46,0.2511,2027-02-01
NK225E    ,OOP,202702,59750.0,            ,132029718,0000000.0000,0000000.0,1262.63,0.280323,142029718,0000000.0000,0000000.0,10159.35,0.29421,68309.46,0.2511,2027-02-01
NK225E    ,OOP,202702,60000.0,            ,182020018,0000000.0000,0000000.0,1306.31,0.27916,192020018,0000000.0000,0000000.0,9954.69,0.292647,68309.46,0.2511,2027-02-01
NK225E    ,OOP,202702,60250.0,            ,132020218,0000000.0000,0000000.0,1352.11,0.277876,142020218,0000000.0000,0000000.0,9752.16,0.291411,68309.46,0.2511,2027-02-01
NK225E    ,OOP,202702,60500.0,            ,132020518,0000000.0000,0000000.0,1399.26,0.276476,142020518,0000000.0000,0000000.0,9550.97,0.289638,68309.46,0.2511,2027-02-01
NK225E    ,OOP,202702,60750.0,            ,132020718,0000000.0000,0000000.0,1447.79,0.27539,142020718,0000000.0000,0000000.0,9351.16,0.288184,68309.46,0.2511,2027-02-01
NK225E    ,OOP,202702,61000.0,            ,182021018,0000000.0000,0000000.0,1497.73,0.274179,192021018,0000000.0000,0000000.0,9152.76,0.286622,68309.46,0.2511,2027-02-01
NK225E    ,OOP,202702,61250.0,            ,132021218,0000000.0000,0000000.0,1550.03,0.272848,142021218,0000000.0000,0000000.0,8956.72,0.285358,68309.46,0.2511,2027-02-01
NK225E    ,OOP,202702,61500.0,            ,132021518,0000000.0000,0000000.0,1603.83,0.271399,142021518,0000000.0000,0000000.0,8762.18,0.283978,68309.46,0.2511,2027-02-01
NK225E    ,OOP,202702,61750.0,            ,132021718,0000000.0000,0000000.0,1659.16,0.270235,142021718,0000000.0000,0000000.0,8569.18,0.282485,68309.46,0.2511,2027-02-01
NK225E    ,OOP,202702,62000.0,            ,182022018,0000000.0000,0000000.0,1716.06,0.268947,192022018,0000000.0000,0000000.0,8377.75,0.280882,68309.46,0.2511,2027-02-01
NK225E    ,OOP,202702,62250.0,            ,132022218,0000000.0000,0000000.0,1775.55,0.267925,142022218,0000000.0000,0000000.0,8188.9,0.279552,68309.46,0.2511,2027-02-01
NK225E    ,OOP,202702,62500.0,            ,182022518,0000000.0000,0000000.0,1836.72,0.266773,192022518,0000000.0000,0000000.0,8001.72,0.278481,68309.46,0.2511,2027-02-01
NK225E    ,OOP,202702,62750.0,            ,182022718,0000000.0000,0000000.0,1899.57,0.26587,192022718,0000000.0000,0000000.0,7816.24,0.276915,68309.46,0.2511,2027-02-01
NK225E    ,OOP,202702,63000.0,            ,132143018,0000000.0000,0000000.0,1964.15,0.264464,142143018,0000000.0000,0000000.0,7632.48,0.275603,68309.46,0.2511,2027-02-01
NK225E    ,OOP,202702,63250.0,            ,182023218,0000000.0000,0000000.0,2031.55,0.263301,192023218,0000000.0000,0000000.0,7451.55,0.274532,68309.46,0.2511,2027-02-01
NK225E    ,OOP,202702,63500.0,            ,182023518,0000000.0000,0000000.0,2100.78,0.26237,192023518,0000000.0000,0000000.0,7272.44,0.273335,68309.46,0.2511,2027-02-01
NK225E    ,OOP,202702,63750.0,            ,182023718,0000000.0000,0000000.0,2171.86,0.261305,192023718,0000000.0000,0000000.0,7095.17,0.272015,68309.46,0.2511,2027-02-01
NK225E    ,OOP,202702,64000.0,            ,132144018,0000000.0000,0000000.0,2244.81,0.260108,142144018,0000000.0000,0000000.0,6919.79,0.270922,68309.46,0.2511,2027-02-01
NK225E    ,OOP,202702,64250.0,            ,182024218,0000000.0000,0000000.0,2324.66,0.259474,192024218,0000000.0000,0000000.0,6751.3,0.270045,68309.46,0.2511,2027-02-01
NK225E    ,OOP,202702,64500.0,            ,182024518,0000000.0000,0000000.0,2406.55,0.258697,192024518,0000000.0000,0000000.0,6584.86,0.269036,68309.46,0.2511,2027-02-01
NK225E    ,OOP,202702,64750.0,            ,182024718,0000000.0000,0000000.0,2490.51,0.258119,192024718,0000000.0000,0000000.0,6420.48,0.268233,68309.46,0.2511,2027-02-01
NK225E    ,OOP,202702,65000.0,            ,132145018,0000000.0000,0000000.0,2571.55,0.257397,142145018,0000000.0000,0000000.0,6258.24,0.267629,68309.46,0.2511,2027-02-01
NK225E    ,OOP,202702,65250.0,            ,182025218,0000000.0000,0000000.0,2672.27,0.256534,192025218,0000000.0000,0000000.0,6099.23,0.266886,68309.46,0.2511,2027-02-01
NK225E    ,OOP,202702,65500.0,            ,182025518,0000000.0000,0000000.0,2758.27,0.25586,192025518,0000000.0000,0000000.0,5940.22,0.265681,68309.46,0.2511,2027-02-01
NK225E    ,OOP,202702,65750.0,            ,182025718,0000000.0000,0000000.0,2849.31,0.255044,192025718,0000000.0000,0000000.0,5781.19,0.264672,68309.46,0.2511,2027-02-01
NK225E    ,OOP,202702,66000.0,            ,132146018,0000000.0000,0000000.0,2940.33,0.253766,142146018,0000000.0000,0000000.0,5622.17,0.263531,68309.46,0.2511,2027-02-01
NK225E    ,OOP,202702,66250.0,            ,182026218,0000000.0000,0000000.0,3036.39,0.252994,192026218,0000000.0000,0000000.0,5468.14,0.262578,68309.46,0.2511,2027-02-01
NK225E    ,OOP,202702,66500.0,            ,182026518,0000000.0000,0000000.0,3132.45,0.251763,192026518,0000000.0000,0000000.0,5314.09,0.261492,68309.46,0.2511,2027-02-01
NK225E    ,OOP,202702,66750.0,            ,182026718,0000000.0000,0000000.0,3233.53,0.251027,192026718,0000000.0000,0000000.0,5165.03,0.260587,68309.46,0.2511,2027-02-01
NK225E    ,OOP,202702,67000.0,            ,132147018,0000000.0000,0000000.0,3334.6,0.249835,142147018,0000000.0000,0000000.0,5015.99,0.259546,68309.46,0.2511,2027-02-01
NK225E    ,OOP,202702,67250.0,            ,132147218,0000000.0000,0000000.0,3440.7,0.248816,142147218,0000000.0000,0000000.0,4866.93,0.258371,68309.46,0.2511,2027-02-01
NK225E    ,OOP,202702,67500.0,            ,132147518,0000000.0000,0000000.0,3546.8,0.248896,142147518,0000000.0000,0000000.0,4737.83,0.258301,68309.46,0.2511,2027-02-01
NK225E    ,OOP,202702,67750.0,            ,132147718,0000000.0000,0000000.0,3657.91,0.247591,142147718,0000000.0000,0000000.0,4593.76,0.257161,68309.46,0.2511,2027-02-01
NK225E    ,OOP,202702,68000.0,            ,132148018,0000000.0000,0000000.0,3759.02,0.247068,142148018,0000000.0000,0000000.0,4459.69,0.2565,68309.46,0.2511,2027-02-01
NK225E    ,OOP,202702,68250.0,            ,132148218,0000000.0000,0000000.0,3875.14,0.246705,142148218,0000000.0000,0000000.0,4284.51,0.256005,68309.46,0.2511,2027-02-01
NK225E    ,OOP,202702,68500.0,            ,132148518,0000000.0000,0000000.0,3991.28,0.245891,142148518,0000000.0000,0000000.0,4159.33,0.255065,68309.46,0.2511,2027-02-01
NK225E    ,OOP,202702,68750.0,            ,132148718,0000000.0000,0000000.0,4112.4,0.245236,142148718,0000000.0000,0000000.0,4030.47,0.254596,68309.46,0.2511,2027-02-01
NK225E    ,OOP,202702,69000.0,            ,132149018,0000000.0000,0000000.0,4238.53,0.241696,142149018,0000000.0000,0000000.0,3906.63,0.25094,68309.46,0.2511,2027-02-01
NK225E    ,OOP,202702,69250.0,            ,132149218,0000000.0000,0000000.0,4364.67,0.241666,142149218,0000000.0000,0000000.0,3782.77,0.250801,68309.46,0.2511,2027-02-01
NK225E    ,OOP,202702,69500.0,            ,132149518,0000000.0000,0000000.0,4495.81,0.24088,142149518,0000000.0000,0000000.0,3663.92,0.250216,68309.46,0.2511,2027-02-01
NK225E    ,OOP,202702,69750.0,            ,132149718,0000000.0000,0000000.0,4626.94,0.24025,142149718,0000000.0000,0000000.0,3550.07,0.249793,68309.46,0.2511,2027-02-01
NK225E    ,OOP,202702,70000.0,            ,132140018,0000000.0000,0000000.0,4763.08,0.239777,142140018,0000000.0000,0000000.0,3436.21,0.248924,68309.46,0.2511,2027-02-01
NK225E    ,OOP,202702,70250.0,            ,132140218,0000000.0000,0000000.0,4904.2,0.238546,142140218,0000000.0000,0000000.0,3312.4,0.247911,68309.46,0.2511,2027-02-01
NK225E    ,OOP,202702,70500.0,            ,132140518,0000000.0000,0000000.0,5045.34,0.238387,142140518,0000000.0000,0000000.0,3218.5,0.247672,68309.46,0.2511,2027-02-01
NK225E    ,OOP,202702,70750.0,            ,132140718,0000000.0000,0000000.0,5186.47,0.238083,142140718,0000000.0000,0000000.0,3099.68,0.247598,68309.46,0.2511,2027-02-01
NK225E    ,OOP,202702,71000.0,            ,132141018,0000000.0000,0000000.0,5332.58,0.237324,142141018,0000000.0000,0000000.0,2995.82,0.24677,68309.46,0.2511,2027-02-01
NK225E    ,OOP,202702,71250.0,            ,132141218,0000000.0000,0000000.0,5427.45,0.236415,142141218,0000000.0000,0000000.0,2896.96,0.245797,68309.46,0.2511,2027-02-01
NK225E    ,OOP,202702,71500.0,            ,132141518,0000000.0000,0000000.0,5585.06,0.236286,142141518,0000000.0000,0000000.0,2798.09,0.245609,68309.46,0.2511,2027-02-01
NK225E    ,OOP,202702,71750.0,            ,132141718,0000000.0000,0000000.0,5747.68,0.236326,142141718,0000000.0000,0000000.0,2704.2,0.245905,68309.46,0.2511,2027-02-01
NK225E    ,OOP,202702,72000.0,            ,132142018,0000000.0000,0000000.0,5900.28,0.235596,142142018,0000000.0000,0000000.0,2610.31,0.245441,68309.46,0.2511,2027-02-01
NK225E    ,OOP,202702,72250.0,            ,132142218,0000000.0000,0000000.0,6052.87,0.235032,142142218,0000000.0000,0000000.0,2521.42,0.244521,68309.46,0.2511,2027-02-01
NK225E    ,OOP,202702,72500.0,            ,132142518,0000000.0000,0000000.0,6210.48,0.234319,142142518,0000000.0000,0000000.0,2437.5,0.244088,68309.46,0.2511,2027-02-01
NK225E    ,OOP,202702,72750.0,            ,132142718,0000000.0000,0000000.0,6368.08,0.233454,142142718,0000000.0000,0000000.0,2348.6,0.243196,68309.46,0.2511,2027-02-01
NK225E    ,OOP,202702,73000.0,            ,182143018,0000000.0000,0000000.0,6535.71,0.233084,192143018,0000000.0000,0000000.0,2269.65,0.243122,68309.46,0.2511,2027-02-01
NK225E    ,OOP,202702,73250.0,            ,132143218,0000000.0000,0000000.0,6703.35,0.232895,142143218,0000000.0000,0000000.0,2190.71,0.242588,68309.46,0.2511,2027-02-01
NK225E    ,OOP,202702,73500.0,            ,132143518,0000000.0000,0000000.0,6876.01,0.232564,142143518,0000000.0000,0000000.0,2111.77,0.242568,68309.46,0.2511,2027-02-01
NK225E    ,OOP,202702,73750.0,            ,132143718,0000000.0000,0000000.0,7048.66,0.232089,142143718,0000000.0000,0000000.0,2037.78,0.242416,68309.46,0.2511,2027-02-01
NK225E    ,OOP,202702,74000.0,            ,182144018,0000000.0000,0000000.0,7241.41,0.232818,192144018,0000000.0000,0000000.0,1963.81,0.243131,68309.46,0.2511,2027-02-01
NK225E    ,OOP,202702,74250.0,            ,132144218,0000000.0000,0000000.0,7417.04,0.232402,142144218,0000000.0000,0000000.0,1889.84,0.242719,68309.46,0.2511,2027-02-01
NK225E    ,OOP,202702,74500.0,            ,132144518,0000000.0000,0000000.0,7594.67,0.232186,142144518,0000000.0000,0000000.0,1839.47,0.242509,68309.46,0.2511,2027-02-01
NK225E    ,OOP,202702,74750.0,            ,132144718,0000000.0000,0000000.0,7774.29,0.23148,142144718,0000000.0000,0000000.0,1770.75,0.242165,68309.46,0.2511,2027-02-01
NK225E    ,OOP,202702,75000.0,            ,182145018,0000000.0000,0000000.0,7955.88,0.230976,192145018,0000000.0000,0000000.0,1704.0,0.241685,68309.46,0.2511,2027-02-01
NK225E    ,OOP,202702,75250.0,            ,132145218,0000000.0000,0000000.0,8141.66,0.230684,142145218,0000000.0000,0000000.0,1641.44,0.241774,68309.46,0.2511,2027-02-01
NK225E    ,OOP,202702,75500.0,            ,132145518,0000000.0000,0000000.0,8329.27,0.230251,142145518,0000000.0000,0000000.0,1580.71,0.241379,68309.46,0.2511,2027-02-01
NK225E    ,OOP,202702,75750.0,            ,132145718,0000000.0000,0000000.0,8518.68,0.230044,142145718,0000000.0000,0000000.0,1521.79,0.241211,68309.46,0.2511,2027-02-01
NK225E    ,OOP,202702,76000.0,            ,182146018,0000000.0000,0000000.0,8709.87,0.229698,192146018,0000000.0000,0000000.0,1464.64,0.241281,68309.46,0.2511,2027-02-01
NK225E    ,OOP,202702,76250.0,            ,132146218,0000000.0000,0000000.0,8904.71,0.229594,142146218,0000000.0000,0000000.0,1411.15,0.241228,68309.46,0.2511,2027-02-01
NK225E    ,OOP,202702,77500.0,            ,182147518,0000000.0000,0000000.0,9902.87,0.228231,192147518,0000000.0000,0000000.0,1167.62,0.241033,68309.46,0.2511,2027-02-01
NK225E    ,OOP,202702,80000.0,            ,182140018,0000000.0000,0000000.0,12004.86,0.225357,192140018,0000000.0000,0000000.0,786.23,0.240945,68309.46,0.2511,2027-02-01
NK225E    ,OOP,202702,82500.0,            ,182142518,0000000.0000,0000000.0,14237.01,0.222998,192142518,0000000.0000,0000000.0,535.0,0.242748,68309.46,0.2511,2027-02-01
NK225E    ,OOP,202702,85000.0,            ,132265018,0000000.0000,0000000.0,16546.16,0.218412,142265018,0000000.0000,0000000.0,360.77,0.244712,68309.46,0.2511,2027-02-01
NK225E    ,OOP,202702,87500.0,            ,132267518,0000000.0000,0000000.0,18916.84,0.210182,142267518,0000000.0000,0000000.0,248.08,0.248,68309.46,0.2511,2027-02-01
NK225E    ,OOP,202702,90000.0,            ,132260018,0000000.0000,0000000.0,21322.96,0.189929,142260018,0000000.0000,0000000.0,170.83,0.2514,68309.46,0.2511,2027-02-01
NK225E    ,OOP,202702,95000.0,            ,182265018,0000000.0000,0000000.0,26201.64,0.01,192265018,0000000.0000,0000000.0,82.74,0.258866,68309.46,0.2511,2027-02-01
NK225E    ,OOP,202702,100000.0,            ,182260018,0000000.0000,0000000.0,31124.53,0.01,192260018,0000000.0000,0000000.0,38.89,0.264232,68309.46,0.2511,2027-02-01
NK225E    ,OOP,202703,20000.0,            ,132390018,0000000.0000,0000000.0,1.43,0.587898,142390018,0000000.0000,0000000.0,48376.82,0.814903,68309.46,0.2511,2027-03-01
NK225E    ,OOP,202703,21000.0,            ,132271018,0000000.0000,0000000.0,2.0,0.547843,142271018,0000000.0000,0000000.0,47385.44,0.786803,68309.46,0.2511,2027-03-01
NK225E    ,OOP,202703,22000.0,            ,132272018,0000000.0000,0000000.0,2.75,0.54013,142272018,0000000.0000,0000000.0,46394.23,0.759964,68309.46,0.2511,2027-03-01
NK225E    ,OOP,202703,23000.0,            ,132273018,0000000.0000,0000000.0,3.71,0.532385,142273018,0000000.0000,0000000.0,45403.23,0.727997,68309.46,0.2511,2027-03-01
NK225E    ,OOP,202703,24000.0,            ,132274018,0000000.0000,0000000.0,4.92,0.524707,142274018,0000000.0000,0000000.0,44412.48,0.703651,68309.46,0.2511,2027-03-01
NK225E    ,OOP,202703,25000.0,            ,182155018,0000000.0000,0000000.0,6.43,0.51708,192155018,0000000.0000,0000000.0,43422.04,0.68023,68309.46,0.2511,2027-03-01
NK225E    ,OOP,202703,26000.0,            ,132276018,0000000.0000,0000000.0,8.29,0.509491,142276018,0000000.0000,0000000.0,42431.94,0.657656,68309.46,0.2511,2027-03-01
NK225E    ,OOP,202703,27000.0,            ,182157018,0000000.0000,0000000.0,10.55,0.501928,192157018,0000000.0000,0000000.0,41442.25,0.635861,68309.46,0.2511,2027-03-01
NK225E    ,OOP,202703,28000.0,            ,132278018,0000000.0000,0000000.0,13.28,0.494384,142278018,0000000.0000,0000000.0,40453.02,0.614783,68309.46,0.2511,2027-03-01
NK225E    ,OOP,202703,29000.0,            ,132039018,0000000.0000,0000000.0,16.53,0.486849,142039018,0000000.0000,0000000.0,39464.32,0.599031,68309.46,0.2511,2027-03-01
NK225E    ,OOP,202703,30000.0,            ,132030018,0000000.0000,0000000.0,20.39,0.479318,142030018,0000000.0000,0000000.0,38476.22,0.579014,68309.46,0.2511,2027-03-01
NK225E    ,OOP,202703,31000.0,            ,132031018,0000000.0000,0000000.0,24.91,0.471787,142031018,0000000.0000,0000000.0,37488.78,0.563683,68309.46,0.2511,2027-03-01
NK225E    ,OOP,202703,32000.0,            ,132032018,0000000.0000,0000000.0,30.18,0.490997,142032018,0000000.0000,0000000.0,36502.1,0.544606,68309.46,0.2511,2027-03-01
NK225E    ,OOP,202703,33000.0,            ,132033018,0000000.0000,0000000.0,36.29,0.456265,142033018,0000000.0000,0000000.0,35516.25,0.529676,68309.46,0.2511,2027-03-01
NK225E    ,OOP,202703,34000.0,            ,132034018,0000000.0000,0000000.0,43.33,0.448737,142034018,0000000.0000,0000000.0,34531.33,0.514812,68309.46,0.2511,2027-03-01
NK225E    ,OOP,202703,35000.0,            ,132035018,0000000.0000,0000000.0,51.4,0.441174,142035018,0000000.0000,0000000.0,33547.44,0.500029,68309.46,0.2511,2027-03-01
NK225E    ,OOP,202703,36000.0,            ,132036018,0000000.0000,0000000.0,60.61,0.434077,142036018,0000000.0000,0000000.0,32564.7,0.488212,68309.46,0.2511,2027-03-01
NK225E    ,OOP,202703,37000.0,            ,132037018,0000000.0000,0000000.0,71.1,0.42645,142037018,0000000.0000,0000000.0,31583.23,0.473442,68309.46,0.2511,2027-03-01
NK225E    ,OOP,202703,38000.0,            ,132038018,0000000.0000,0000000.0,82.99,0.418999,142038018,0000000.0000,0000000.0,30603.16,0.46127,68309.46,0.2511,2027-03-01
NK225E    ,OOP,202703,39000.0,            ,182039018,0000000.0000,0000000.0,96.44,0.41119,192039018,0000000.0000,0000000.0,29624.66,0.451133,68309.46,0.2511,2027-03-01
NK225E    ,OOP,202703,40000.0,            ,182030018,0000000.0000,0000000.0,111.65,0.403611,192030018,0000000.0000,0000000.0,28647.91,0.438421,68309.46,0.2511,2027-03-01
NK225E    ,OOP,202703,40250.0,            ,132030218,0000000.0000,0000000.0,115.75,0.401698,142030218,0000000.0000,0000000.0,28404.02,0.435225,68309.46,0.2511,2027-03-01
NK225E    ,OOP,202703,40500.0,            ,132030518,0000000.0000,0000000.0,119.97,0.399724,142030518,0000000.0000,0000000.0,28160.25,0.434004,68309.46,0.2511,2027-03-01
NK225E    ,OOP,202703,40750.0,            ,132030718,0000000.0000,0000000.0,124.32,0.398208,142030718,0000000.0000,0000000.0,27916.61,0.43076,68309.46,0.2511,2027-03-01
NK225E    ,OOP,202703,41000.0,            ,182031018,0000000.0000,0000000.0,128.8,0.396107,192031018,0000000.0000,0000000.0,27673.11,0.427512,68309.46,0.2511,2027-03-01
NK225E    ,OOP,202703,41250.0,            ,132031218,0000000.0000,0000000.0,133.42,0.394441,142031218,0000000.0000,0000000.0,27429.74,0.426115,68309.46,0.2511,2027-03-01
NK225E    ,OOP,202703,41500.0,            ,132031518,0000000.0000,0000000.0,138.18,0.392231,142031518,0000000.0000,0000000.0,27186.51,0.422826,68309.46,0.2511,2027-03-01
NK225E    ,OOP,202703,41750.0,            ,132031718,0000000.0000,0000000.0,143.08,0.390435,142031718,0000000.0000,0000000.0,26943.42,0.419535,68309.46,0.2511,2027-03-01
NK225E    ,OOP,202703,42000.0,            ,182032018,0000000.0000,0000000.0,148.14,0.388572,192032018,0000000.0000,0000000.0,26700.49,0.417983,68309.46,0.2511,2027-03-01
NK225E    ,OOP,202703,42250.0,            ,132032218,0000000.0000,0000000.0,153.34,0.386647,142032218,0000000.0000,0000000.0,26457.7,0.414658,68309.46,0.2511,2027-03-01
NK225E    ,OOP,202703,42500.0,            ,132032518,0000000.0000,0000000.0,158.71,0.385081,142032518,0000000.0000,0000000.0,26215.08,0.412996,68309.46,0.2511,2027-03-01
NK225E    ,OOP,202703,42750.0,            ,132032718,0000000.0000,0000000.0,164.23,0.383032,142032718,0000000.0000,0000000.0,25972.61,0.409642,68309.46,0.2511,2027-03-01
NK225E    ,OOP,202703,43000.0,            ,182033018,0000000.0000,0000000.0,169.92,0.381326,192033018,0000000.0000,0000000.0,25730.32,0.407881,68309.46,0.2511,2027-03-01
NK225E    ,OOP,202703,43250.0,            ,132033218,0000000.0000,0000000.0,175.79,0.37955,142033218,0000000.0000,0000000.0,25488.19,0.4045,68309.46,0.2511,2027-03-01
NK225E    ,OOP,202703,43500.0,            ,132033518,0000000.0000,0000000.0,181.83,0.377708,142033518,0000000.0000,0000000.0,25246.25,0.402648,68309.46,0.2511,2027-03-01
NK225E    ,OOP,202703,43750.0,            ,132033718,0000000.0000,0000000.0,188.06,0.375805,142033718,0000000.0000,0000000.0,25004.48,0.399244,68309.46,0.2511,2027-03-01
NK225E    ,OOP,202703,44000.0,            ,182034018,0000000.0000,0000000.0,194.47,0.373843,192034018,0000000.0000,0000000.0,24762.91,0.397308,68309.46,0.2511,2027-03-01
NK225E    ,OOP,202703,44250.0,            ,132034218,0000000.0000,0000000.0,201.08,0.372169,142034218,0000000.0000,0000000.0,24521.53,0.395315,68309.46,0.2511,2027-03-01
NK225E    ,OOP,202703,44500.0,            ,132034518,0000000.0000,0000000.0,207.89,0.370092,142034518,0000000.0000,0000000.0,24280.35,0.393267,68309.46,0.2511,2027-03-01
NK225E    ,OOP,202703,44750.0,            ,132034718,0000000.0000,0000000.0,214.91,0.36829,142034718,0000000.0000,0000000.0,24039.38,0.389803,68309.46,0.2511,2027-03-01
NK225E    ,OOP,202703,45000.0,            ,182035018,0000000.0000,0000000.0,222.14,0.366425,192035018,0000000.0000,0000000.0,23798.62,0.387686,68309.46,0.2511,2027-03-01
NK225E    ,OOP,202703,45250.0,            ,132035218,0000000.0000,0000000.0,229.59,0.364807,142035218,0000000.0000,0000000.0,23558.09,0.385521,68309.46,0.2511,2027-03-01
NK225E    ,OOP,202703,45500.0,            ,132035518,0000000.0000,0000000.0,237.27,0.36282,142035518,0000000.0000,0000000.0,23317.78,0.383309,68309.46,0.2511,2027-03-01
NK225E    ,OOP,202703,45750.0,            ,132035718,0000000.0000,0000000.0,245.19,0.361069,142035718,0000000.0000,0000000.0,23077.7,0.381054,68309.46,0.2511,2027-03-01
NK225E    ,OOP,202703,46000.0,            ,182036018,0000000.0000,0000000.0,253.35,0.359253,192036018,0000000.0000,0000000.0,22837.87,0.378757,68309.46,0.2511,2027-03-01
NK225E    ,OOP,202703,46250.0,            ,132036218,0000000.0000,0000000.0,261.76,0.35765,142036218,0000000.0000,0000000.0,22598.29,0.376419,68309.46,0.2511,2027-03-01
NK225E    ,OOP,202703,46500.0,            ,132036518,0000000.0000,0000000.0,270.43,0.355708,142036518,0000000.0000,0000000.0,22358.97,0.374043,68309.46,0.2511,2027-03-01
NK225E    ,OOP,202703,46750.0,            ,132036718,0000000.0000,0000000.0,279.36,0.353971,142036718,0000000.0000,0000000.0,22119.92,0.37163,68309.46,0.2511,2027-03-01
NK225E    ,OOP,202703,47000.0,            ,182037018,0000000.0000,0000000.0,288.58,0.352169,192037018,0000000.0000,0000000.0,21881.14,0.369182,68309.46,0.2511,2027-03-01
NK225E    ,OOP,202703,47250.0,            ,132037218,0000000.0000,0000000.0,298.07,0.350551,142037218,0000000.0000,0000000.0,21642.65,0.367798,68309.46,0.2511,2027-03-01
NK225E    ,OOP,202703,47500.0,            ,132037518,0000000.0000,0000000.0,307.87,0.348622,142037518,0000000.0000,0000000.0,21404.46,0.365262,68309.46,0.2511,2027-03-01
NK225E    ,OOP,202703,47750.0,            ,132037718,0000000.0000,0000000.0,317.97,0.346872,142037718,0000000.0000,0000000.0,21166.57,0.363743,68309.46,0.2511,2027-03-01
NK225E    ,OOP,202703,48000.0,            ,182038018,0000000.0000,0000000.0,328.38,0.345828,192038018,0000000.0000,0000000.0,20928.99,0.361127,68309.46,0.2511,2027-03-01
NK225E    ,OOP,202703,48250.0,            ,132038218,0000000.0000,0000000.0,339.11,0.344096,142038218,0000000.0000,0000000.0,20691.74,0.359485,68309.46,0.2511,2027-03-01
NK225E    ,OOP,202703,48500.0,            ,132038518,0000000.0000,0000000.0,350.19,0.34233,142038518,0000000.0000,0000000.0,20454.83,0.356795,68309.46,0.2511,2027-03-01
NK225E    ,OOP,202703,48750.0,            ,132038718,0000000.0000,0000000.0,361.61,0.340315,142038718,0000000.0000,0000000.0,20218.26,0.35504,68309.46,0.2511,2027-03-01
NK225E    ,OOP,202703,49000.0,            ,132159018,0000000.0000,0000000.0,373.4,0.338249,142159018,0000000.0000,0000000.0,19982.06,0.353221,68309.46,0.2511,2027-03-01
NK225E    ,OOP,202703,49250.0,            ,132039218,0000000.0000,0000000.0,385.56,0.337135,142039218,0000000.0000,0000000.0,19746.22,0.350423,68309.46,0.2511,2027-03-01
NK225E    ,OOP,202703,49500.0,            ,132039518,0000000.0000,0000000.0,398.1,0.334949,142039518,0000000.0000,0000000.0,19510.77,0.348504,68309.46,0.2511,2027-03-01
NK225E    ,OOP,202703,49750.0,            ,132039718,0000000.0000,0000000.0,411.04,0.333672,142039718,0000000.0000,0000000.0,19275.72,0.346528,68309.46,0.2511,2027-03-01
NK225E    ,OOP,202703,50000.0,            ,132150018,0000000.0000,0000000.0,424.39,0.332194,142150018,0000000.0000,0000000.0,19041.09,0.344497,68309.46,0.2511,2027-03-01
NK225E    ,OOP,202703,50250.0,            ,182030218,0000000.0000,0000000.0,438.16,0.329952,192030218,0000000.0000,0000000.0,18806.87,0.342414,68309.46,0.2511,2027-03-01
NK225E    ,OOP,202703,50500.0,            ,182030518,0000000.0000,0000000.0,452.38,0.328446,192030518,0000000.0000,0000000.0,18573.1,0.341104,68309.46,0.2511,2027-03-01
NK225E    ,OOP,202703,50750.0,            ,182030718,0000000.0000,0000000.0,467.05,0.326864,192030718,0000000.0000,0000000.0,18339.78,0.338905,68309.46,0.2511,2027-03-01
NK225E    ,OOP,202703,51000.0,            ,132151018,0000000.0000,0000000.0,482.19,0.325208,142151018,0000000.0000,0000000.0,18106.93,0.336659,68309.46,0.2511,2027-03-01
NK225E    ,OOP,202703,51250.0,            ,182031218,0000000.0000,0000000.0,497.82,0.323482,192031218,0000000.0000,0000000.0,17874.57,0.335141,68309.46,0.2511,2027-03-01
NK225E    ,OOP,202703,51500.0,            ,182031518,0000000.0000,0000000.0,513.95,0.32169,192031518,0000000.0000,0000000.0,17642.72,0.332792,68309.46,0.2511,2027-03-01
NK225E    ,OOP,202703,51750.0,            ,182031718,0000000.0000,0000000.0,530.61,0.320618,192031718,0000000.0000,0000000.0,17411.38,0.331143,68309.46,0.2511,2027-03-01
NK225E    ,OOP,202703,52000.0,            ,132152018,0000000.0000,0000000.0,547.8,0.318683,142152018,0000000.0000,0000000.0,17180.58,0.329424,68309.46,0.2511,2027-03-01
NK225E    ,OOP,202703,52250.0,            ,182032218,0000000.0000,0000000.0,565.55,0.31669,192032218,0000000.0000,0000000.0,16950.34,0.327637,68309.46,0.2511,2027-03-01
NK225E    ,OOP,202703,52500.0,            ,182032518,0000000.0000,0000000.0,583.87,0.315374,192032518,0000000.0000,0000000.0,16720.68,0.325785,68309.46,0.2511,2027-03-01
NK225E    ,OOP,202703,52750.0,            ,182032718,0000000.0000,0000000.0,602.79,0.31397,192032718,0000000.0000,0000000.0,16491.61,0.323872,68309.46,0.2511,2027-03-01
NK225E    ,OOP,202703,53000.0,            ,132153018,0000000.0000,0000000.0,622.32,0.312484,142153018,0000000.0000,0000000.0,16263.15,0.321898,68309.46,0.2511,2027-03-01
NK225E    ,OOP,202703,53250.0,            ,182033218,0000000.0000,0000000.0,642.49,0.31092,192033218,0000000.0000,0000000.0,16035.33,0.320518,68309.46,0.2511,2027-03-01
NK225E    ,OOP,202703,53500.0,            ,182033518,0000000.0000,0000000.0,663.32,0.309279,192033518,0000000.0000,0000000.0,15808.17,0.318418,68309.46,0.2511,2027-03-01
NK225E    ,OOP,202703,53750.0,            ,182033718,0000000.0000,0000000.0,684.83,0.307566,192033718,0000000.0000,0000000.0,15581.69,0.316889,68309.46,0.2511,2027-03-01
NK225E    ,OOP,202703,54000.0,            ,132154018,0000000.0000,0000000.0,707.04,0.305784,142154018,0000000.0000,0000000.0,15355.91,0.315283,68309.46,0.2511,2027-03-01
NK225E    ,OOP,202703,54250.0,            ,182034218,0000000.0000,0000000.0,729.97,0.304558,192034218,0000000.0000,0000000.0,15130.85,0.313604,68309.46,0.2511,2027-03-01
NK225E    ,OOP,202703,54500.0,            ,182034518,0000000.0000,0000000.0,753.66,0.30324,192034518,0000000.0000,0000000.0,14906.55,0.311853,68309.46,0.2511,2027-03-01
NK225E    ,OOP,202703,54750.0,            ,182034718,0000000.0000,0000000.0,778.11,0.301835,192034718,0000000.0000,0000000.0,14683.02,0.310033,68309.46,0.2511,2027-03-01
NK225E    ,OOP,202703,55000.0,            ,132155018,0000000.0000,0000000.0,803.37,0.300345,142155018,0000000.0000,0000000.0,14460.29,0.308147,68309.46,0.2511,2027-03-01
NK225E    ,OOP,202703,55250.0,            ,182035218,0000000.0000,0000000.0,829.45,0.298775,192035218,0000000.0000,0000000.0,14238.38,0.306749,68309.46,0.2511,2027-03-01
NK225E    ,OOP,202703,55500.0,            ,182035518,0000000.0000,0000000.0,856.39,0.297128,192035518,0000000.0000,0000000.0,14017.33,0.305268,68309.46,0.2511,2027-03-01
NK225E    ,OOP,202703,55750.0,            ,182035718,0000000.0000,0000000.0,884.21,0.295952,192035718,0000000.0000,0000000.0,13797.16,0.303706,68309.46,0.2511,2027-03-01
NK225E    ,OOP,202703,56000.0,            ,132156018,0000000.0000,0000000.0,912.94,0.294147,142156018,0000000.0000,0000000.0,13577.9,0.302066,68309.46,0.2511,2027-03-01
NK225E    ,OOP,202703,56250.0,            ,182036218,0000000.0000,0000000.0,942.6,0.292796,192036218,0000000.0000,0000000.0,13359.57,0.30035,68309.46,0.2511,2027-03-01
NK225E    ,OOP,202703,56500.0,            ,182036518,0000000.0000,0000000.0,973.23,0.291358,192036518,0000000.0000,0000000.0,13142.21,0.298562,68309.46,0.2511,2027-03-01
NK225E    ,OOP,202703,56750.0,            ,182036718,0000000.0000,0000000.0,1004.85,0.290338,192036718,0000000.0000,0000000.0,12925.85,0.297195,68309.46,0.2511,2027-03-01
NK225E    ,OOP,202703,57000.0,            ,132157018,0000000.0000,0000000.0,1037.51,0.288724,142157018,0000000.0000,0000000.0,12710.51,0.29574,68309.46,0.2511,2027-03-01
NK225E    ,OOP,202703,57250.0,            ,182037218,0000000.0000,0000000.0,1071.23,0.287514,192037218,0000000.0000,0000000.0,12496.24,0.294202,68309.46,0.2511,2027-03-01
NK225E    ,OOP,202703,57500.0,            ,182037518,0000000.0000,0000000.0,1106.03,0.286209,192037518,0000000.0000,0000000.0,12283.06,0.292583,68309.46,0.2511,2027-03-01
NK225E    ,OOP,202703,57750.0,            ,182037718,0000000.0000,0000000.0,1141.96,0.284813,192037718,0000000.0000,0000000.0,12070.99,0.291341,68309.46,0.2511,2027-03-01
NK225E    ,OOP,202703,58000.0,            ,132158018,0000000.0000,0000000.0,1179.05,0.283329,142158018,0000000.0000,0000000.0,11860.09,0.290006,68309.46,0.2511,2027-03-01
NK225E    ,OOP,202703,58250.0,            ,182038218,0000000.0000,0000000.0,1217.33,0.282206,192038218,0000000.0000,0000000.0,11650.38,0.288581,68309.46,0.2511,2027-03-01
NK225E    ,OOP,202703,58500.0,            ,182038518,0000000.0000,0000000.0,1256.83,0.280546,192038518,0000000.0000,0000000.0,11441.9,0.28707,68309.46,0.2511,2027-03-01
NK225E    ,OOP,202703,58750.0,            ,182038718,0000000.0000,0000000.0,1297.61,0.279667,192038718,0000000.0000,0000000.0,11234.68,0.285473,68309.46,0.2511,2027-03-01
NK225E    ,OOP,202703,59000.0,            ,182159018,0000000.0000,0000000.0,1339.66,0.278257,192159018,0000000.0000,0000000.0,11028.75,0.284212,68309.46,0.2511,2027-03-01
NK225E    ,OOP,202703,59250.0,            ,182039218,0000000.0000,0000000.0,1383.07,0.276757,192039218,0000000.0000,0000000.0,10824.17,0.282857,68309.46,0.2511,2027-03-01
NK225E    ,OOP,202703,59500.0,            ,182039518,0000000.0000,0000000.0,1427.84,0.275578,192039518,0000000.0000,0000000.0,10620.95,0.281411,68309.46,0.2511,2027-03-01
NK225E    ,OOP,202703,59750.0,            ,182039718,0000000.0000,0000000.0,1474.02,0.274701,192039718,0000000.0000,0000000.0,10419.14,0.280272,68309.46,0.2511,2027-03-01
NK225E    ,OOP,202703,60000.0,            ,182150018,0000000.0000,0000000.0,1521.64,0.27332,192150018,0000000.0000,0000000.0,10218.78,0.279035,68309.46,0.2511,2027-03-01
NK225E    ,OOP,202703,60250.0,            ,132150218,0000000.0000,0000000.0,1570.75,0.272234,142150218,0000000.0000,0000000.0,10019.9,0.277701,68309.46,0.2511,2027-03-01
NK225E    ,OOP,202703,60500.0,            ,132150518,0000000.0000,0000000.0,1621.37,0.271046,142150518,0000000.0000,0000000.0,9822.53,0.276273,68309.46,0.2511,2027-03-01
NK225E    ,OOP,202703,60750.0,            ,132150718,0000000.0000,0000000.0,1673.56,0.269757,142150718,0000000.0000,0000000.0,9626.73,0.275126,68309.46,0.2511,2027-03-01
NK225E    ,OOP,202703,61000.0,            ,182151018,0000000.0000,0000000.0,1727.35,0.26874,192151018,0000000.0000,0000000.0,9432.53,0.273879,68309.46,0.2511,2027-03-01
NK225E    ,OOP,202703,61250.0,            ,132151218,0000000.0000,0000000.0,1782.78,0.267618,142151218,0000000.0000,0000000.0,9239.96,0.272895,68309.46,0.2511,2027-03-01
NK225E    ,OOP,202703,61500.0,            ,132151518,0001815.0000,0000000.0,1871.93,0.268539,142151518,0000000.0000,0000000.0,9081.13,0.273936,68309.46,0.2511,2027-03-01
NK225E    ,OOP,202703,61750.0,            ,132151718,0000000.0000,0000000.0,1898.7,0.265418,142151718,0000000.0000,0000000.0,8859.91,0.27026,68309.46,0.2511,2027-03-01
NK225E    ,OOP,202703,62000.0,            ,182152018,0000000.0000,0000000.0,1959.27,0.264335,192152018,0000000.0000,0000000.0,8672.49,0.269317,68309.46,0.2511,2027-03-01
NK225E    ,OOP,202703,62250.0,            ,132152218,0000000.0000,0000000.0,2021.65,0.263147,142152218,0000000.0000,0000000.0,8486.88,0.268266,68309.46,0.2511,2027-03-01
NK225E    ,OOP,202703,62500.0,            ,182152518,0000000.0000,0000000.0,2085.84,0.262195,192152518,0000000.0000,0000000.0,8303.08,0.267109,68309.46,0.2511,2027-03-01
NK225E    ,OOP,202703,62750.0,            ,132152718,0000000.0000,0000000.0,2151.91,0.261132,142152718,0000000.0000,0000000.0,8121.16,0.265849,68309.46,0.2511,2027-03-01
NK225E    ,OOP,202703,63000.0,            ,182153018,0000000.0000,0000000.0,2219.86,0.260292,192153018,0000000.0000,0000000.0,7941.13,0.264816,68309.46,0.2511,2027-03-01
NK225E    ,OOP,202703,63250.0,            ,132153218,0000000.0000,0000000.0,2289.79,0.259012,142153218,0000000.0000,0000000.0,7763.06,0.263677,68309.46,0.2511,2027-03-01
NK225E    ,OOP,202703,63500.0,            ,132153518,0000000.0000,0000000.0,2361.71,0.258273,142153518,0000000.0000,0000000.0,7586.99,0.262753,68309.46,0.2511,2027-03-01
NK225E    ,OOP,202703,63750.0,            ,132153718,0000000.0000,0000000.0,2435.62,0.257099,142153718,0000000.0000,0000000.0,7412.92,0.261718,68309.46,0.2511,2027-03-01
NK225E    ,OOP,202703,64000.0,            ,182154018,0000000.0000,0000000.0,2511.62,0.256133,192154018,0000000.0000,0000000.0,7240.92,0.260889,68309.46,0.2511,2027-03-01
NK225E    ,OOP,202703,64250.0,            ,132154218,0000000.0000,0000000.0,2589.69,0.255366,142154218,0000000.0000,0000000.0,7071.01,0.259947,68309.46,0.2511,2027-03-01
NK225E    ,OOP,202703,64500.0,            ,132154518,0000000.0000,0000000.0,2669.88,0.254483,142154518,0000000.0000,0000000.0,6903.21,0.258893,68309.46,0.2511,2027-03-01
NK225E    ,OOP,202703,64750.0,            ,132154718,0000000.0000,0000000.0,2752.25,0.253486,142154718,0000000.0000,0000000.0,6737.59,0.258035,68309.46,0.2511,2027-03-01
NK225E    ,OOP,202703,65000.0,            ,182275018,0002840.0000,0000000.0,2873.63,0.254792,192275018,0000000.0000,0000000.0,6610.98,0.259174,68309.46,0.2511,2027-03-01
NK225E    ,OOP,202703,65250.0,            ,132155218,0000000.0000,0000000.0,2991.36,0.251754,142155218,0000000.0000,0000000.0,6412.92,0.25598,68309.46,0.2511,2027-03-01
NK225E    ,OOP,202703,65500.0,            ,132155518,0000000.0000,0000000.0,3108.87,0.255165,142155518,0000000.0000,0000000.0,6325.72,0.259527,68309.46,0.2511,2027-03-01
NK225E    ,OOP,202703,65750.0,            ,132155718,0000000.0000,0000000.0,3199.81,0.254566,142155718,0000000.0000,0000000.0,6171.85,0.258776,68309.46,0.2511,2027-03-01
NK225E    ,OOP,202703,66000.0,            ,182156018,0000000.0000,0000000.0,3280.74,0.253556,192156018,0000000.0000,0000000.0,6013.0,0.257619,68309.46,0.2511,2027-03-01
NK225E    ,OOP,202703,66250.0,            ,132156218,0000000.0000,0000000.0,3391.73,0.252724,142156218,0000000.0000,0000000.0,5864.12,0.256932,68309.46,0.2511,2027-03-01
NK225E    ,OOP,202703,66500.0,            ,132156518,0000000.0000,0000000.0,3477.69,0.25264,142156518,0000000.0000,0000000.0,5725.21,0.256705,68309.46,0.2511,2027-03-01
NK225E    ,OOP,202703,66750.0,            ,132156718,0000000.0000,0000000.0,3578.68,0.251859,142156718,0000000.0000,0000000.0,5576.32,0.255784,68309.46,0.2511,2027-03-01
NK225E    ,OOP,202703,67000.0,            ,132277018,0000000.0000,0000000.0,3694.69,0.250961,142277018,0000000.0000,0000000.0,5432.4,0.255319,68309.46,0.2511,2027-03-01
NK225E    ,OOP,202703,67250.0,            ,132157218,0000000.0000,0000000.0,3790.67,0.25023,142157218,0000000.0000,0000000.0,5288.51,0.254453,68309.46,0.2511,2027-03-01
NK225E    ,OOP,202703,67500.0,            ,182157518,0000000.0000,0000000.0,3896.68,0.249664,192157518,0000000.0000,0000000.0,5149.6,0.253755,68309.46,0.2511,2027-03-01
NK225E    ,OOP,202703,67750.0,            ,132157718,0000000.0000,0000000.0,4007.69,0.248979,142157718,0000000.0000,0000000.0,5010.7,0.25294,68309.46,0.2511,2027-03-01
NK225E    ,OOP,202703,68000.0,            ,182158018,0000000.0000,0000000.0,4123.71,0.247896,192158018,0000000.0000,0000000.0,4871.77,0.25201,68309.46,0.2511,2027-03-01
NK225E    ,OOP,202703,68250.0,            ,132158218,0000000.0000,0000000.0,4239.73,0.247533,142158218,0000000.0000,0000000.0,4742.85,0.251522,68309.46,0.2511,2027-03-01
NK225E    ,OOP,202703,68500.0,            ,132158518,0000000.0000,0000000.0,4360.75,0.246772,142158518,0000000.0000,0000000.0,4578.79,0.250639,68309.46,0.2511,2027-03-01
NK225E    ,OOP,202703,68750.0,            ,132158718,0000000.0000,0000000.0,4481.79,0.245892,142158718,0000000.0000,0000000.0,4459.91,0.249917,68309.46,0.2511,2027-03-01
NK225E    ,OOP,202703,69000.0,            ,132279018,0000000.0000,0000000.0,4602.82,0.245172,142279018,0000000.0000,0000000.0,4330.97,0.249355,68309.46,0.2511,2027-03-01
NK225E    ,OOP,202703,69250.0,            ,132159218,0000000.0000,0000000.0,4728.85,0.244608,142159218,0000000.0000,0000000.0,4212.0,0.248399,68309.46,0.2511,2027-03-01
NK225E    ,OOP,202703,69500.0,            ,132159518,0000000.0000,0000000.0,4859.88,0.243649,142159518,0000000.0000,0000000.0,4093.03,0.247603,68309.46,0.2511,2027-03-01
NK225E    ,OOP,202703,69750.0,            ,132159718,0000000.0000,0000000.0,4990.92,0.243399,142159718,0000000.0000,0000000.0,3974.09,0.247518,68309.46,0.2511,2027-03-01
NK225E    ,OOP,202703,70000.0,            ,132270018,0000000.0000,0000000.0,5126.94,0.242753,142270018,0000000.0000,0000000.0,3860.14,0.246486,68309.46,0.2511,2027-03-01
NK225E    ,OOP,202703,70250.0,            ,182150218,0000000.0000,0000000.0,5262.97,0.242541,192150218,0000000.0000,0000000.0,3746.17,0.246442,68309.46,0.2511,2027-03-01
NK225E    ,OOP,202703,70500.0,            ,182150518,0000000.0000,0000000.0,5404.0,0.24221,192150518,0000000.0000,0000000.0,3637.23,0.246282,68309.46,0.2511,2027-03-01
NK225E    ,OOP,202703,70750.0,            ,182150718,0000000.0000,0000000.0,5545.02,0.241482,192150718,0000000.0000,0000000.0,3533.24,0.24545,68309.46,0.2511,2027-03-01
NK225E    ,OOP,202703,71000.0,            ,182271018,0000000.0000,0000000.0,5686.06,0.24119,192271018,0000000.0000,0000000.0,3429.29,0.245056,68309.46,0.2511,2027-03-01
NK225E    ,OOP,202703,71250.0,            ,182151218,0000000.0000,0000000.0,5837.07,0.24078,192151218,0000000.0000,0000000.0,3325.32,0.244824,68309.46,0.2511,2027-03-01
NK225E    ,OOP,202703,71500.0,            ,182151518,0000000.0000,0000000.0,5949.19,0.240252,192151518,0000000.0000,0000000.0,3226.33,0.244476,68309.46,0.2511,2027-03-01
NK225E    ,OOP,202703,71750.0,            ,182151718,0000000.0000,0000000.0,6091.22,0.239603,192151718,0000000.0000,0000000.0,3127.37,0.24345,68309.46,0.2511,2027-03-01
NK225E    ,OOP,202703,72000.0,            ,182272018,0000000.0000,0000000.0,6243.28,0.239116,192272018,0000000.0000,0000000.0,3033.38,0.243149,68309.46,0.2511,2027-03-01
NK225E    ,OOP,202703,72250.0,            ,182152218,0000000.0000,0000000.0,6410.4,0.239363,192152218,0000000.0000,0000000.0,2939.39,0.243584,68309.46,0.2511,2027-03-01
NK225E    ,OOP,202703,72500.0,            ,132152518,0000000.0000,0000000.0,6567.48,0.238927,142152518,0000000.0000,0000000.0,2850.39,0.243055,68309.46,0.2511,2027-03-01
NK225E    ,OOP,202703,72750.0,            ,182152718,0000000.0000,0000000.0,6714.51,0.238084,192152718,0000000.0000,0000000.0,2761.38,0.242123,68309.46,0.2511,2027-03-01
NK225E    ,OOP,202703,73000.0,            ,182273018,0000000.0000,0000000.0,6886.66,0.238276,192273018,0000000.0000,0000000.0,2662.43,0.242511,68309.46,0.2511,2027-03-01
NK225E    ,OOP,202703,73250.0,            ,182153218,0000000.0000,0000000.0,7053.76,0.238066,192153218,0000000.0000,0000000.0,2578.42,0.242213,68309.46,0.2511,2027-03-01
NK225E    ,OOP,202703,73500.0,            ,182153518,0000000.0000,0000000.0,7215.86,0.237742,192153518,0000000.0000,0000000.0,2499.37,0.241801,68309.46,0.2511,2027-03-01
NK225E    ,OOP,202703,73750.0,            ,182153718,0000000.0000,0000000.0,7382.97,0.237301,192153718,0000000.0000,0000000.0,2420.34,0.241568,68309.46,0.2511,2027-03-01
NK225E    ,OOP,202703,74000.0,            ,182274018,0000000.0000,0000000.0,7555.11,0.237041,192274018,0000000.0000,0000000.0,2341.3,0.24152,68309.46,0.2511,2027-03-01
NK225E    ,OOP,202703,74250.0,            ,182154218,0000000.0000,0000000.0,7727.24,0.236967,192154218,0000000.0000,0000000.0,2267.22,0.241064,68309.46,0.2511,2027-03-01
NK225E    ,OOP,202703,74500.0,            ,182154518,0000000.0000,0000000.0,7836.21,0.232524,192154518,0000000.0000,0000000.0,2193.17,0.236858,68309.46,0.2511,2027-03-01
NK225E    ,OOP,202703,74750.0,            ,182154718,0000000.0000,0000000.0,8014.02,0.232492,192154718,0000000.0000,0000000.0,2079.79,0.236745,68309.46,0.2511,2027-03-01
NK225E    ,OOP,202703,75000.0,            ,132275018,0000000.0000,0000000.0,8193.88,0.232038,142275018,0000000.0000,0000000.0,2011.67,0.236521,68309.46,0.2511,2027-03-01
NK225E    ,OOP,202703,75250.0,            ,182155218,0000000.0000,0000000.0,8375.79,0.232094,192155218,0000000.0000,0000000.0,1945.58,0.236498,68309.46,0.2511,2027-03-01
NK225E    ,OOP,202703,75500.0,            ,182155518,0000000.0000,0000000.0,8559.68,0.231724,192155518,0000000.0000,0000000.0,1881.49,0.236368,68309.46,0.2511,2027-03-01
NK225E    ,OOP,202703,75750.0,            ,182155718,0000000.0000,0000000.0,8745.54,0.231559,192155718,0000000.0000,0000000.0,1819.36,0.236448,68309.46,0.2511,2027-03-01
NK225E    ,OOP,202703,76000.0,            ,182276018,0000000.0000,0000000.0,8933.33,0.231608,192276018,0000000.0000,0000000.0,1759.15,0.236101,68309.46,0.2511,2027-03-01
NK225E    ,OOP,202703,76250.0,            ,182156218,0000000.0000,0000000.0,9122.97,0.231551,192156218,0000000.0000,0000000.0,1700.81,0.236295,68309.46,0.2511,2027-03-01
NK225E    ,OOP,202703,77500.0,            ,132157518,0000000.0000,0000000.0,10097.97,0.231009,142157518,0000000.0000,0000000.0,1435.86,0.236082,68309.46,0.2511,2027-03-01
NK225E    ,OOP,202703,80000.0,            ,182270018,0000000.0000,0000000.0,12164.76,0.231357,192270018,0000000.0000,0000000.0,1022.76,0.2373,68309.46,0.2511,2027-03-01
NK225E    ,OOP,202703,82500.0,            ,132272518,0000000.0000,0000000.0,14353.71,0.232388,142272518,0000000.0000,0000000.0,731.82,0.239542,68309.46,0.2511,2027-03-01
NK225E    ,OOP,202703,85000.0,            ,132395018,0000000.0000,0000000.0,16629.64,0.23415,142395018,0000000.0000,0000000.0,527.86,0.242918,68309.46,0.2511,2027-03-01
NK225E    ,OOP,202703,87500.0,            ,132277518,0000000.0000,0000000.0,18914.46,0.226637,142277518,0000330.0000,0000000.0,332.79,0.238535,68309.46,0.2511,2027-03-01
NK225E    ,OOP,202703,90000.0,            ,182390018,0000000.0000,0000000.0,21340.07,0.235829,192390018,0000000.0000,0000000.0,278.51,0.249437,68309.46,0.2511,2027-03-01
NK225E    ,OOP,202703,95000.0,            ,182395018,0000000.0000,0000000.0,26159.53,0.229075,192395018,0000000.0000,0000000.0,138.18,0.253352,68309.46,0.2511,2027-03-01
NK225E    ,OOP,202703,100000.0,            ,132510018,0000000.0000,0000000.0,31032.16,0.01,142510018,0000000.0000,0000000.0,51.03,0.247707,68309.46,0.2511,2027-03-01
NK225E    ,OOP,202704,41000.0,            ,132041018,0000000.0000,0000000.0,179.09,0.383192,142041018,0000000.0000,0000000.0,27397.53,0.432755,68309.46,0.2511,2027-04-01
NK225E    ,OOP,202704,42000.0,            ,132042018,0000000.0000,0000000.0,202.36,0.375549,142042018,0000000.0000,0000000.0,26430.24,0.421724,68309.46,0.2511,2027-04-01
NK225E    ,OOP,202704,43000.0,            ,132043018,0000000.0000,0000000.0,228.54,0.367794,142043018,0000000.0000,0000000.0,25465.86,0.410425,68309.46,0.2511,2027-04-01
NK225E    ,OOP,202704,44000.0,            ,132044018,0000000.0000,0000000.0,258.04,0.360454,142044018,0000000.0000,0000000.0,24504.79,0.399956,68309.46,0.2511,2027-04-01
NK225E    ,OOP,202704,45000.0,            ,132045018,0000000.0000,0000000.0,291.3,0.353355,142045018,0000000.0000,0000000.0,23547.49,0.389153,68309.46,0.2511,2027-04-01
NK225E    ,OOP,202704,46000.0,            ,132046018,0000000.0000,0000000.0,328.84,0.346814,142046018,0000000.0000,0000000.0,22594.46,0.378981,68309.46,0.2511,2027-04-01
NK225E    ,OOP,202704,47000.0,            ,132047018,0000000.0000,0000000.0,371.24,0.339585,142047018,0000000.0000,0000000.0,21646.3,0.369293,68309.46,0.2511,2027-04-01
NK225E    ,OOP,202704,48000.0,            ,132048018,0000000.0000,0000000.0,419.2,0.333444,142048018,0000000.0000,0000000.0,20703.69,0.360751,68309.46,0.2511,2027-04-01
NK225E    ,OOP,202704,49000.0,            ,132049018,0000000.0000,0000000.0,473.45,0.326344,142049018,0000000.0000,0000000.0,19767.38,0.35161,68309.46,0.2511,2027-04-01
NK225E    ,OOP,202704,50000.0,            ,132040018,0000000.0000,0000000.0,534.87,0.319988,142040018,0000000.0000,0000000.0,18838.24,0.34331,68309.46,0.2511,2027-04-01
NK225E    ,OOP,202704,51000.0,            ,182041018,0000000.0000,0000000.0,604.45,0.31411,192041018,0000000.0000,0000000.0,17917.25,0.335628,68309.46,0.2511,2027-04-01
NK225E    ,OOP,202704,52000.0,            ,182042018,0000000.0000,0000000.0,683.27,0.307861,192042018,0000000.0000,0000000.0,17005.51,0.327789,68309.46,0.2511,2027-04-01
NK225E    ,OOP,202704,52250.0,            ,132042218,0000000.0000,0000000.0,704.71,0.306926,142042218,0000000.0000,0000000.0,16779.3,0.326143,68309.46,0.2511,2027-04-01
NK225E    ,OOP,202704,52500.0,            ,132042518,0000000.0000,0000000.0,726.73,0.305288,142042518,0000000.0000,0000000.0,16553.69,0.323871,68309.46,0.2511,2027-04-01
NK225E    ,OOP,202704,52750.0,            ,132042718,0000000.0000,0000000.0,749.34,0.303588,142042718,0000000.0000,0000000.0,16328.65,0.322117,68309.46,0.2511,2027-04-01
NK225E    ,OOP,202704,53000.0,            ,182043018,0000000.0000,0000000.0,772.55,0.302417,192043018,0000000.0000,0000000.0,16104.23,0.320306,68309.46,0.2511,2027-04-01
NK225E    ,OOP,202704,53250.0,            ,132043218,0000000.0000,0000000.0,796.84,0.301165,142043218,0000000.0000,0000000.0,15880.87,0.318976,68309.46,0.2511,2027-04-01
NK225E    ,OOP,202704,53500.0,            ,132043518,0000000.0000,0000000.0,821.77,0.299272,142043518,0000000.0000,0000000.0,15658.16,0.317048,68309.46,0.2511,2027-04-01
NK225E    ,OOP,202704,53750.0,            ,132043718,0000000.0000,0000000.0,847.37,0.297879,142043718,0000000.0000,0000000.0,15436.12,0.315069,68309.46,0.2511,2027-04-01
NK225E    ,OOP,202704,54000.0,            ,182044018,0000000.0000,0000000.0,873.66,0.296954,192044018,0000000.0000,0000000.0,15214.77,0.313547,68309.46,0.2511,2027-04-01
NK225E    ,OOP,202704,54250.0,            ,132044218,0000000.0000,0000000.0,901.14,0.295409,142044218,0000000.0000,0000000.0,14994.61,0.311959,68309.46,0.2511,2027-04-01
NK225E    ,OOP,202704,54500.0,            ,132044518,0000000.0000,0000000.0,929.37,0.294316,142044518,0000000.0000,0000000.0,14775.19,0.310307,68309.46,0.2511,2027-04-01
NK225E    ,OOP,202704,54750.0,            ,132044718,0000000.0000,0000000.0,958.34,0.29263,142044718,0000000.0000,0000000.0,14556.52,0.308593,68309.46,0.2511,2027-04-01
NK225E    ,OOP,202704,55000.0,            ,182045018,0000000.0000,0000000.0,988.09,0.29138,192045018,0000000.0000,0000000.0,14338.63,0.306818,68309.46,0.2511,2027-04-01
NK225E    ,OOP,202704,55250.0,            ,132045218,0000000.0000,0000000.0,1019.17,0.290051,142045218,0000000.0000,0000000.0,14122.07,0.305449,68309.46,0.2511,2027-04-01
NK225E    ,OOP,202704,55500.0,            ,132045518,0000000.0000,0000000.0,1051.07,0.288647,142045518,0000000.0000,0000000.0,13906.33,0.304008,68309.46,0.2511,2027-04-01
NK225E    ,OOP,202704,55750.0,            ,132045718,0000000.0000,0000000.0,1083.82,0.287638,142045718,0000000.0000,0000000.0,13691.44,0.302496,68309.46,0.2511,2027-04-01
NK225E    ,OOP,202704,56000.0,            ,182046018,0000000.0000,0000000.0,1117.44,0.28608,192046018,0000000.0000,0000000.0,13477.42,0.300916,68309.46,0.2511,2027-04-01
NK225E    ,OOP,202704,56250.0,            ,132046218,0000000.0000,0000000.0,1152.55,0.284906,142046218,0000000.0000,0000000.0,13264.88,0.299269,68309.46,0.2511,2027-04-01
NK225E    ,OOP,202704,56500.0,            ,132046518,0000000.0000,0000000.0,1188.59,0.283649,142046518,0000000.0000,0000000.0,13053.28,0.297983,68309.46,0.2511,2027-04-01
NK225E    ,OOP,202704,56750.0,            ,132046718,0000000.0000,0000000.0,1225.56,0.282747,142046718,0000000.0000,0000000.0,12842.61,0.296203,68309.46,0.2511,2027-04-01
NK225E    ,OOP,202704,57000.0,            ,182047018,0000000.0000,0000000.0,1263.5,0.281326,192047018,0000000.0000,0000000.0,12632.91,0.294773,68309.46,0.2511,2027-04-01
NK225E    ,OOP,202704,57250.0,            ,132047218,0000000.0000,0000000.0,1303.09,0.280249,142047218,0000000.0000,0000000.0,12424.86,0.29327,68309.46,0.2511,2027-04-01
NK225E    ,OOP,202704,57500.0,            ,132047518,0000000.0000,0000000.0,1343.71,0.279085,142047518,0000000.0000,0000000.0,12217.84,0.292095,68309.46,0.2511,2027-04-01
NK225E    ,OOP,202704,57750.0,            ,132047718,0000000.0000,0000000.0,1385.37,0.277837,142047718,0000000.0000,0000000.0,12011.86,0.290839,68309.46,0.2511,2027-04-01
NK225E    ,OOP,202704,58000.0,            ,182048018,0000000.0000,0000000.0,1428.12,0.276507,192048018,0000000.0000,0000000.0,11806.97,0.289119,68309.46,0.2511,2027-04-01
NK225E    ,OOP,202704,58250.0,            ,132048218,0000000.0000,0000000.0,1472.67,0.275489,142048218,0000000.0000,0000000.0,11603.88,0.288092,68309.46,0.2511,2027-04-01
NK225E    ,OOP,202704,58500.0,            ,132048518,0000000.0000,0000000.0,1518.37,0.274382,142048518,0000000.0000,0000000.0,11401.94,0.286605,68309.46,0.2511,2027-04-01
NK225E    ,OOP,202704,58750.0,            ,132048718,0000000.0000,0000000.0,1565.24,0.273187,142048718,0000000.0000,0000000.0,11201.16,0.285414,68309.46,0.2511,2027-04-01
NK225E    ,OOP,202704,59000.0,            ,182049018,0000000.0000,0000000.0,1613.28,0.272279,192049018,0000000.0000,0000000.0,11001.57,0.28414,68309.46,0.2511,2027-04-01
NK225E    ,OOP,202704,59250.0,            ,132049218,0000000.0000,0000000.0,1663.31,0.271278,142049218,0000000.0000,0000000.0,10803.95,0.282787,68309.46,0.2511,2027-04-01
NK225E    ,OOP,202704,59500.0,            ,132049518,0000000.0000,0000000.0,1714.6,0.270185,142049518,0000000.0000,0000000.0,10607.61,0.281707,68309.46,0.2511,2027-04-01
NK225E    ,OOP,202704,59750.0,            ,132049718,0000000.0000,0000000.0,1767.15,0.269004,142049718,0000000.0000,0000000.0,10412.52,0.280195,68309.46,0.2511,2027-04-01
NK225E    ,OOP,202704,60000.0,            ,182040018,0000000.0000,0000000.0,1821.01,0.268086,192040018,0000000.0000,0000000.0,10218.74,0.27895,68309.46,0.2511,2027-04-01
NK225E    ,OOP,202704,60250.0,            ,132040218,0000000.0000,0000000.0,1877.04,0.267074,142040218,0000000.0000,0000000.0,10027.12,0.277961,68309.46,0.2511,2027-04-01
NK225E    ,OOP,202704,60500.0,            ,132040518,0000000.0000,0000000.0,1934.43,0.26597,142040518,0000000.0000,0000000.0,9836.87,0.276882,68309.46,0.2511,2027-04-01
NK225E    ,OOP,202704,60750.0,            ,132040718,0000000.0000,0000000.0,1993.21,0.26511,142040718,0000000.0000,0000000.0,9648.01,0.275716,68309.46,0.2511,2027-04-01
NK225E    ,OOP,202704,61000.0,            ,132161018,0000000.0000,0000000.0,2053.4,0.263826,142161018,0000000.0000,0000000.0,9460.55,0.274465,68309.46,0.2511,2027-04-01
NK225E    ,OOP,202704,61250.0,            ,132041218,0000000.0000,0000000.0,2115.93,0.263105,142041218,0000000.0000,0000000.0,9275.45,0.273451,68309.46,0.2511,2027-04-01
NK225E    ,OOP,202704,61500.0,            ,132041518,0000000.0000,0000000.0,2179.96,0.261964,142041518,0000000.0000,0000000.0,9091.83,0.272347,68309.46,0.2511,2027-04-01
NK225E    ,OOP,202704,61750.0,            ,132041718,0000000.0000,0000000.0,2245.47,0.261049,142041718,0000000.0000,0000000.0,8909.7,0.271155,68309.46,0.2511,2027-04-01
NK225E    ,OOP,202704,62000.0,            ,132162018,0000000.0000,0000000.0,2312.52,0.260039,142162018,0000000.0000,0000000.0,8729.11,0.270186,68309.46,0.2511,2027-04-01
NK225E    ,OOP,202704,62250.0,            ,182042218,0000000.0000,0000000.0,2382.06,0.259244,192042218,0000000.0000,0000000.0,8551.01,0.269126,68309.46,0.2511,2027-04-01
NK225E    ,OOP,202704,62500.0,            ,182042518,0000000.0000,0000000.0,2453.23,0.25835,192042518,0000000.0000,0000000.0,8374.54,0.268278,68309.46,0.2511,2027-04-01
NK225E    ,OOP,202704,62750.0,            ,182042718,0000000.0000,0000000.0,2525.98,0.25766,192042718,0000000.0000,0000000.0,8199.65,0.267036,68309.46,0.2511,2027-04-01
NK225E    ,OOP,202704,63000.0,            ,132163018,0000000.0000,0000000.0,2600.37,0.256571,142163018,0000000.0000,0000000.0,8026.4,0.266299,68309.46,0.2511,2027-04-01
NK225E    ,OOP,202704,63250.0,            ,182043218,0000000.0000,0000000.0,2677.44,0.255683,192043218,0000000.0000,0000000.0,7855.82,0.265172,68309.46,0.2511,2027-04-01
NK225E    ,OOP,202704,63500.0,            ,182043518,0000000.0000,0000000.0,2756.21,0.25499,192043518,0000000.0000,0000000.0,7686.96,0.264245,68309.46,0.2511,2027-04-01
NK225E    ,OOP,202704,63750.0,            ,182043718,0000000.0000,0000000.0,2836.68,0.254194,192043718,0000000.0000,0000000.0,7519.79,0.263511,68309.46,0.2511,2027-04-01
NK225E    ,OOP,202704,64000.0,            ,132164018,0000000.0000,0000000.0,2918.9,0.253299,142164018,0000000.0000,0000000.0,7354.37,0.262395,68309.46,0.2511,2027-04-01
NK225E    ,OOP,202704,64250.0,            ,182044218,0000000.0000,0000000.0,3003.91,0.252589,192044218,0000000.0000,0000000.0,7191.74,0.26147,68309.46,0.2511,2027-04-01
NK225E    ,OOP,202704,64500.0,            ,182044518,0000000.0000,0000000.0,3090.75,0.251778,192044518,0000000.0000,0000000.0,7030.94,0.26073,68309.46,0.2511,2027-04-01
NK225E    ,OOP,202704,64750.0,            ,182044718,0000000.0000,0000000.0,3179.38,0.250866,192044718,0000000.0000,0000000.0,6871.92,0.259891,68309.46,0.2511,2027-04-01
NK225E    ,OOP,202704,65000.0,            ,132165018,0000000.0000,0000000.0,3269.82,0.250131,142165018,0000000.0000,0000000.0,6714.72,0.258956,68309.46,0.2511,2027-04-01
NK225E    ,OOP,202704,65250.0,            ,182045218,0000000.0000,0000000.0,3363.18,0.249569,192045218,0000000.0000,0000000.0,6560.44,0.258199,68309.46,0.2511,2027-04-01
NK225E    ,OOP,202704,65500.0,            ,182045518,0000000.0000,0000000.0,3458.43,0.248631,192045518,0000000.0000,0000000.0,6408.05,0.257343,68309.46,0.2511,2027-04-01
NK225E    ,OOP,202704,65750.0,            ,182045718,0000000.0000,0000000.0,3555.58,0.248133,192045718,0000000.0000,0000000.0,6257.56,0.25666,68309.46,0.2511,2027-04-01
NK225E    ,OOP,202704,66000.0,            ,132166018,0000000.0000,0000000.0,3654.63,0.247262,142166018,0000000.0000,0000000.0,6108.96,0.255878,68309.46,0.2511,2027-04-01
NK225E    ,OOP,202704,66250.0,            ,182046218,0000000.0000,0000000.0,3756.7,0.246557,192046218,0000000.0000,0000000.0,5963.4,0.255263,68309.46,0.2511,2027-04-01
NK225E    ,OOP,202704,66500.0,            ,182046518,0000000.0000,0000000.0,3860.72,0.246015,192046518,0000000.0000,0000000.0,5819.77,0.254548,68309.46,0.2511,2027-04-01
NK225E    ,OOP,202704,66750.0,            ,182046718,0000000.0000,0000000.0,3966.67,0.245368,192046718,0000000.0000,0000000.0,5678.08,0.253734,68309.46,0.2511,2027-04-01
NK225E    ,OOP,202704,67000.0,            ,132167018,0000000.0000,0000000.0,4074.58,0.244617,142167018,0000000.0000,0000000.0,5538.35,0.253084,68309.46,0.2511,2027-04-01
NK225E    ,OOP,202704,67250.0,            ,182047218,0000000.0000,0000000.0,4185.6,0.244025,192047218,0000000.0000,0000000.0,5401.73,0.252333,68309.46,0.2511,2027-04-01
NK225E    ,OOP,202704,67500.0,            ,182047518,0000000.0000,0000000.0,4298.59,0.243329,192047518,0000000.0000,0000000.0,5267.08,0.251744,68309.46,0.2511,2027-04-01
NK225E    ,OOP,202704,67750.0,            ,182047718,0000000.0000,0000000.0,4413.57,0.242789,192047718,0000000.0000,0000000.0,5134.42,0.251053,68309.46,0.2511,2027-04-01
NK225E    ,OOP,202704,68000.0,            ,132168018,0000000.0000,0000000.0,4530.56,0.242144,142168018,0000000.0000,0000000.0,5003.77,0.250521,68309.46,0.2511,2027-04-01
NK225E    ,OOP,202704,68250.0,            ,182048218,0000000.0000,0000000.0,4650.69,0.241654,192048218,0000000.0000,0000000.0,4876.26,0.249889,68309.46,0.2511,2027-04-01
NK225E    ,OOP,202704,68500.0,            ,182048518,0000000.0000,0000000.0,4772.82,0.241059,192048518,0000000.0000,0000000.0,4750.74,0.249413,68309.46,0.2511,2027-04-01
NK225E    ,OOP,202704,68750.0,            ,182048718,0000000.0000,0000000.0,4896.95,0.240616,192048718,0000000.0000,0000000.0,4627.23,0.248836,68309.46,0.2511,2027-04-01
NK225E    ,OOP,202704,69000.0,            ,132169018,0000000.0000,0000000.0,5023.08,0.240069,142169018,0000000.0000,0000000.0,4505.73,0.248158,68309.46,0.2511,2027-04-01
NK225E    ,OOP,202704,69250.0,            ,182049218,0000000.0000,0000000.0,5152.37,0.239418,192049218,0000000.0000,0000000.0,4387.37,0.247636,68309.46,0.2511,2027-04-01
NK225E    ,OOP,202704,69500.0,            ,182049518,0000000.0000,0000000.0,5283.66,0.238918,192049518,0000000.0000,0000000.0,4271.02,0.24727,68309.46,0.2511,2027-04-01
NK225E    ,OOP,202704,69750.0,            ,182049718,0000000.0000,0000000.0,5416.96,0.238571,192049718,0000000.0000,0000000.0,4156.68,0.246803,68309.46,0.2511,2027-04-01
NK225E    ,OOP,202704,70000.0,            ,132160018,0000000.0000,0000000.0,5552.27,0.237862,142160018,0000000.0000,0000000.0,4044.35,0.246235,68309.46,0.2511,2027-04-01
NK225E    ,OOP,202704,70250.0,            ,182040218,0000000.0000,0000000.0,5690.68,0.237563,192040218,0000000.0000,0000000.0,3935.12,0.245824,68309.46,0.2511,2027-04-01
NK225E    ,OOP,202704,70500.0,            ,182040518,0000000.0000,0000000.0,5831.1,0.237161,192040518,0000000.0000,0000000.0,3827.9,0.245312,68309.46,0.2511,2027-04-01
NK225E    ,OOP,202704,70750.0,            ,182040718,0000000.0000,0000000.0,5973.48,0.236654,192040718,0000000.0000,0000000.0,3722.63,0.244956,68309.46,0.2511,2027-04-01
NK225E    ,OOP,202704,71000.0,            ,182161018,0000000.0000,0000000.0,6117.84,0.236301,192161018,0000000.0000,0000000.0,3619.36,0.244501,68309.46,0.2511,2027-04-01
NK225E    ,OOP,202704,71250.0,            ,182041218,0000000.0000,0000000.0,6265.25,0.235845,192041218,0000000.0000,0000000.0,3519.12,0.244205,68309.46,0.2511,2027-04-01
NK225E    ,OOP,202704,71500.0,            ,182041518,0000000.0000,0000000.0,6414.62,0.235285,192041518,0000000.0000,0000000.0,3420.85,0.243809,68309.46,0.2511,2027-04-01
NK225E    ,OOP,202704,71750.0,            ,182041718,0000000.0000,0000000.0,6565.92,0.234881,192041718,0000000.0000,0000000.0,3324.51,0.243314,68309.46,0.2511,2027-04-01
NK225E    ,OOP,202704,72000.0,            ,182162018,0000000.0000,0000000.0,6719.13,0.234637,192162018,0000000.0000,0000000.0,3230.09,0.24298,68309.46,0.2511,2027-04-01
NK225E    ,OOP,202704,72250.0,            ,132162218,0000000.0000,0000000.0,6875.3,0.234291,142162218,0000000.0000,0000000.0,3138.61,0.242811,68309.46,0.2511,2027-04-01
NK225E    ,OOP,202704,72500.0,            ,132162518,0000000.0000,0000000.0,7033.37,0.233843,142162518,0000000.0000,0000000.0,3049.04,0.24228,68309.46,0.2511,2027-04-01
NK225E    ,OOP,202704,72750.0,            ,132162718,0000000.0000,0000000.0,7193.29,0.233557,142162718,0000000.0000,0000000.0,2961.31,0.24218,68309.46,0.2511,2027-04-01
NK225E    ,OOP,202704,73000.0,            ,182163018,0000000.0000,0000000.0,7355.07,0.23317,192163018,0000000.0000,0000000.0,2875.46,0.241717,68309.46,0.2511,2027-04-01
NK225E    ,OOP,202704,73250.0,            ,132163218,0000000.0000,0000000.0,7519.67,0.232951,142163218,0000000.0000,0000000.0,2792.42,0.241423,68309.46,0.2511,2027-04-01
NK225E    ,OOP,202704,73500.0,            ,132163518,0000000.0000,0000000.0,7686.1,0.232632,142163518,0000000.0000,0000000.0,2711.2,0.241302,68309.46,0.2511,2027-04-01
NK225E    ,OOP,202704,73750.0,            ,132163718,0000000.0000,0000000.0,7854.3,0.232211,142163718,0000000.0000,0000000.0,2631.77,0.241087,68309.46,0.2511,2027-04-01
NK225E    ,OOP,202704,74000.0,            ,182164018,0000000.0000,0000000.0,8024.27,0.231964,192164018,0000000.0000,0000000.0,2554.1,0.240776,68309.46,0.2511,2027-04-01
NK225E    ,OOP,202704,74250.0,            ,132164218,0000000.0000,0000000.0,8196.93,0.231617,142164218,0000000.0000,0000000.0,2479.11,0.240644,68309.46,0.2511,2027-04-01
NK225E    ,OOP,202704,74500.0,            ,132164518,0000000.0000,0000000.0,8371.31,0.231449,142164518,0000000.0000,0000000.0,2405.85,0.240418,68309.46,0.2511,2027-04-01
NK225E    ,OOP,202704,74750.0,            ,132164718,0000000.0000,0000000.0,8547.36,0.231184,142164718,0000000.0000,0000000.0,2334.26,0.240098,68309.46,0.2511,2027-04-01
NK225E    ,OOP,202704,75000.0,            ,182165018,0000000.0000,0000000.0,8725.1,0.23082,192165018,0000000.0000,0000000.0,2264.36,0.239965,68309.46,0.2511,2027-04-01
NK225E    ,OOP,202704,75250.0,            ,132165218,0000000.0000,0000000.0,8905.34,0.230644,142165218,0000000.0000,0000000.0,2196.95,0.239739,68309.46,0.2511,2027-04-01
NK225E    ,OOP,202704,75500.0,            ,132165518,0000000.0000,0000000.0,9087.19,0.230371,142165518,0000000.0000,0000000.0,2131.17,0.239708,68309.46,0.2511,2027-04-01
NK225E    ,OOP,202704,75750.0,            ,132165718,0000000.0000,0000000.0,9270.62,0.229999,142165718,0000000.0000,0000000.0,2066.95,0.239586,68309.46,0.2511,2027-04-01
NK225E    ,OOP,202704,76000.0,            ,182166018,0000000.0000,0000000.0,9455.62,0.229825,192166018,0000000.0000,0000000.0,2004.31,0.239374,68309.46,0.2511,2027-04-01
NK225E    ,OOP,202704,76250.0,            ,132166218,0000000.0000,0000000.0,9644.03,0.229857,142166218,0000000.0000,0000000.0,1945.08,0.239366,68309.46,0.2511,2027-04-01
NK225E    ,OOP,202704,80000.0,            ,182160018,0000000.0000,0000000.0,12632.5,0.227111,192160018,0000000.0000,0000000.0,1218.94,0.239099,68309.46,0.2511,2027-04-01
NK225E    ,OOP,202704,85000.0,            ,132285018,0000000.0000,0000000.0,17019.01,0.224762,142285018,0000000.0000,0000000.0,652.63,0.241868,68309.46,0.2511,2027-04-01
NK225E    ,OOP,202704,90000.0,            ,132280018,0000000.0000,0000000.0,21667.62,0.218025,142280018,0000000.0000,0000000.0,348.41,0.245453,68309.46,0.2511,2027-04-01
NK225E    ,OOP,202705,48000.0,            ,132058018,0000000.0000,0000000.0,591.38,0.33292,142058018,0000000.0000,0000000.0,20887.26,0.353915,68309.46,0.2511,2027-05-01
NK225E    ,OOP,202705,49000.0,            ,132059018,0000000.0000,0000000.0,645.39,0.324356,142059018,0000000.0000,0000000.0,19950.94,0.344055,68309.46,0.2511,2027-05-01
NK225E    ,OOP,202705,50000.0,            ,132050018,0000000.0000,0000000.0,709.75,0.317201,142050018,0000000.0000,0000000.0,19024.97,0.335584,68309.46,0.2511,2027-05-01
NK225E    ,OOP,202705,51000.0,            ,132051018,0000000.0000,0000000.0,785.53,0.310538,142051018,0000000.0000,0000000.0,18110.43,0.327681,68309.46,0.2511,2027-05-01
NK225E    ,OOP,202705,52000.0,            ,132052018,0000000.0000,0000000.0,873.9,0.304205,142052018,0000000.0000,0000000.0,17208.47,0.320198,68309.46,0.2511,2027-05-01
NK225E    ,OOP,202705,53000.0,            ,132053018,0000000.0000,0000000.0,976.07,0.29856,142053018,0000000.0000,0000000.0,16320.31,0.313472,68309.46,0.2511,2027-05-01
NK225E    ,OOP,202705,54000.0,            ,132054018,0000000.0000,0000000.0,1093.34,0.293391,142054018,0000000.0000,0000000.0,15447.26,0.307306,68309.46,0.2511,2027-05-01
NK225E    ,OOP,202705,55000.0,            ,132055018,0000000.0000,0000000.0,1227.04,0.288948,142055018,0000000.0000,0000000.0,14590.63,0.301534,68309.46,0.2511,2027-05-01
NK225E    ,OOP,202705,55750.0,            ,182055718,0000000.0000,0000000.0,1339.29,0.285605,192055718,0000000.0000,0000000.0,13960.14,0.297781,68309.46,0.2511,2027-05-01
NK225E    ,OOP,202705,56000.0,            ,132056018,0000000.0000,0000000.0,1378.53,0.284219,142056018,0000000.0000,0000000.0,13751.8,0.296401,68309.46,0.2511,2027-05-01
NK225E    ,OOP,202705,56250.0,            ,182056218,0000000.0000,0000000.0,1419.7,0.283547,192056218,0000000.0000,0000000.0,13545.39,0.295337,68309.46,0.2511,2027-05-01
NK225E    ,OOP,202705,56500.0,            ,182056518,0000000.0000,0000000.0,1461.86,0.282407,192056518,0000000.0000,0000000.0,13339.96,0.293831,68309.46,0.2511,2027-05-01
NK225E    ,OOP,202705,56750.0,            ,182056718,0000000.0000,0000000.0,1505.01,0.281197,192056718,0000000.0000,0000000.0,13135.53,0.292633,68309.46,0.2511,2027-05-01
NK225E    ,OOP,202705,57000.0,            ,132057018,0000000.0000,0000000.0,1549.19,0.280288,142057018,0000000.0000,0000000.0,12932.12,0.291367,68309.46,0.2511,2027-05-01
NK225E    ,OOP,202705,57250.0,            ,182057218,0000000.0000,0000000.0,1595.34,0.279301,192057218,0000000.0000,0000000.0,12730.69,0.290391,68309.46,0.2511,2027-05-01
NK225E    ,OOP,202705,57500.0,            ,132057518,0000000.0000,0000000.0,1642.57,0.278238,142057518,0000000.0000,0000000.0,12530.34,0.28934,68309.46,0.2511,2027-05-01
NK225E    ,OOP,202705,57750.0,            ,132057718,0000000.0000,0000000.0,1690.9,0.277453,142057718,0000000.0000,0000000.0,12331.09,0.288217,68309.46,0.2511,2027-05-01
NK225E    ,OOP,202705,58000.0,            ,182058018,0000000.0000,0000000.0,1740.35,0.276586,192058018,0000000.0000,0000000.0,12132.96,0.287025,68309.46,0.2511,2027-05-01
NK225E    ,OOP,202705,58250.0,            ,132058218,0000000.0000,0000000.0,1791.81,0.275639,142058218,0000000.0000,0000000.0,11936.84,0.286098,68309.46,0.2511,2027-05-01
NK225E    ,OOP,202705,58500.0,            ,132058518,0000000.0000,0000000.0,1844.46,0.274615,142058518,0000000.0000,0000000.0,11741.91,0.285096,68309.46,0.2511,2027-05-01
NK225E    ,OOP,202705,58750.0,            ,132058718,0000000.0000,0000000.0,1898.32,0.273847,142058718,0000000.0000,0000000.0,11548.18,0.28402,68309.46,0.2511,2027-05-01
NK225E    ,OOP,202705,59000.0,            ,182059018,0000000.0000,0000000.0,1953.38,0.272997,192059018,0000000.0000,0000000.0,11355.67,0.282872,68309.46,0.2511,2027-05-01
NK225E    ,OOP,202705,59250.0,            ,132059218,0000000.0000,0000000.0,2010.5,0.272066,142059218,0000000.0000,0000000.0,11165.2,0.281971,68309.46,0.2511,2027-05-01
NK225E    ,OOP,202705,59500.0,            ,132059518,0000000.0000,0000000.0,2068.89,0.271058,142059518,0000000.0000,0000000.0,10976.01,0.280993,68309.46,0.2511,2027-05-01
NK225E    ,OOP,202705,59750.0,            ,132059718,0000000.0000,0000000.0,2128.57,0.270286,142059718,0000000.0000,0000000.0,10788.11,0.27994,68309.46,0.2511,2027-05-01
NK225E    ,OOP,202705,60000.0,            ,182050018,0000000.0000,0000000.0,2189.58,0.269431,192050018,0000000.0000,0000000.0,10601.53,0.279118,68309.46,0.2511,2027-05-01
NK225E    ,OOP,202705,60250.0,            ,132050218,0000000.0000,0000000.0,2252.66,0.268801,142050218,0000000.0000,0000000.0,10417.03,0.277917,68309.46,0.2511,2027-05-01
NK225E    ,OOP,202705,60500.0,            ,132050518,0000000.0000,0000000.0,2317.11,0.267785,142050518,0000000.0000,0000000.0,10233.91,0.277241,68309.46,0.2511,2027-05-01
NK225E    ,OOP,202705,60750.0,            ,132050718,0000000.0000,0000000.0,2382.95,0.266988,142050718,0000000.0000,0000000.0,10052.17,0.276189,68309.46,0.2511,2027-05-01
NK225E    ,OOP,202705,61000.0,            ,182051018,0000000.0000,0000000.0,2450.19,0.266404,192051018,0000000.0000,0000000.0,9871.82,0.275353,68309.46,0.2511,2027-05-01
NK225E    ,OOP,202705,61250.0,            ,132051218,0000000.0000,0000000.0,2519.56,0.265442,142051218,0000000.0000,0000000.0,9693.6,0.274438,68309.46,0.2511,2027-05-01
NK225E    ,OOP,202705,61500.0,            ,132051518,0000000.0000,0000000.0,2590.37,0.264689,142051518,0000000.0000,0000000.0,9516.84,0.273731,68309.46,0.2511,2027-05-01
NK225E    ,OOP,202705,61750.0,            ,132051718,0000000.0000,0000000.0,2662.65,0.264136,142051718,0000000.0000,0000000.0,9341.53,0.272661,68309.46,0.2511,2027-05-01
NK225E    ,OOP,202705,62000.0,            ,182052018,0000000.0000,0000000.0,2736.4,0.263216,192052018,0000000.0000,0000000.0,9167.71,0.271795,68309.46,0.2511,2027-05-01
NK225E    ,OOP,202705,62250.0,            ,132052218,0000000.0000,0000000.0,2812.33,0.262493,142052218,0000000.0000,0000000.0,8996.05,0.271126,68309.46,0.2511,2027-05-01
NK225E    ,OOP,202705,62500.0,            ,132052518,0000000.0000,0000000.0,2889.79,0.261687,142052518,0000000.0000,0000000.0,8825.93,0.270374,68309.46,0.2511,2027-05-01
NK225E    ,OOP,202705,62750.0,            ,132052718,0000000.0000,0000000.0,2968.8,0.26107,142052718,0000000.0000,0000000.0,8657.36,0.269542,68309.46,0.2511,2027-05-01
NK225E    ,OOP,202705,63000.0,            ,182053018,0000000.0000,0000000.0,3049.36,0.260368,192053018,0000000.0000,0000000.0,8490.34,0.268631,68309.46,0.2511,2027-05-01
NK225E    ,OOP,202705,63250.0,            ,132053218,0000000.0000,0000000.0,3132.13,0.259581,142053218,0000000.0000,0000000.0,8325.53,0.267906,68309.46,0.2511,2027-05-01
NK225E    ,OOP,202705,63500.0,            ,132053518,0000000.0000,0000000.0,3216.5,0.258976,142053518,0000000.0000,0000000.0,8162.31,0.267101,68309.46,0.2511,2027-05-01
NK225E    ,OOP,202705,63750.0,            ,132053718,0000000.0000,0000000.0,3302.46,0.258285,142053718,0000000.0000,0000000.0,8000.69,0.266476,68309.46,0.2511,2027-05-01
NK225E    ,OOP,202705,64000.0,            ,182054018,0000000.0000,0000000.0,3390.07,0.25751,192054018,0000000.0000,0000000.0,7840.72,0.265509,68309.46,0.2511,2027-05-01
NK225E    ,OOP,202705,64250.0,            ,132054218,0000000.0000,0000000.0,3479.94,0.256909,142054218,0000000.0000,0000000.0,7683.01,0.264978,68309.46,0.2511,2027-05-01
NK225E    ,OOP,202705,64500.0,            ,132054518,0000000.0000,0000000.0,3571.45,0.256223,142054518,0000000.0000,0000000.0,7526.94,0.264108,68309.46,0.2511,2027-05-01
NK225E    ,OOP,202705,64750.0,            ,132054718,0000000.0000,0000000.0,3664.63,0.255705,142054718,0000000.0000,0000000.0,7372.53,0.263412,68309.46,0.2511,2027-05-01
NK225E    ,OOP,202705,65000.0,            ,182055018,0000000.0000,0000000.0,3759.5,0.254849,192055018,0000000.0000,0000000.0,7219.82,0.262633,68309.46,0.2511,2027-05-01
NK225E    ,OOP,202705,65250.0,            ,132055218,0000000.0000,0000000.0,3856.67,0.254411,142055218,0000000.0000,0000000.0,7069.41,0.262024,68309.46,0.2511,2027-05-01
NK225E    ,OOP,202705,65500.0,            ,132055518,0000000.0000,0000000.0,3955.54,0.253637,142055518,0000000.0000,0000000.0,6920.69,0.261331,68309.46,0.2511,2027-05-01
NK225E    ,OOP,202705,65750.0,            ,132055718,0000000.0000,0000000.0,4056.12,0.253026,142055718,0000000.0000,0000000.0,6773.7,0.260556,68309.46,0.2511,2027-05-01
NK225E    ,OOP,202705,66000.0,            ,182056018,0000000.0000,0000000.0,4158.45,0.25233,192056018,0000000.0000,0000000.0,6628.45,0.259946,68309.46,0.2511,2027-05-01
NK225E    ,OOP,202705,66250.0,            ,132056218,0000000.0000,0000000.0,4263.11,0.251794,142056218,0000000.0000,0000000.0,6485.53,0.259252,68309.46,0.2511,2027-05-01
NK225E    ,OOP,202705,66500.0,            ,132056518,0000000.0000,0000000.0,4369.52,0.251171,142056518,0000000.0000,0000000.0,6344.35,0.258719,68309.46,0.2511,2027-05-01
NK225E    ,OOP,202705,66750.0,            ,132056718,0000000.0000,0000000.0,4477.66,0.250463,142056718,0000000.0000,0000000.0,6204.91,0.258102,68309.46,0.2511,2027-05-01
NK225E    ,OOP,202705,67000.0,            ,182057018,0000000.0000,0000000.0,4587.63,0.249911,192057018,0000000.0000,0000000.0,6067.3,0.257403,68309.46,0.2511,2027-05-01
NK225E    ,OOP,202705,67250.0,            ,132057218,0000000.0000,0000000.0,4699.94,0.249274,142057218,0000000.0000,0000000.0,5932.03,0.256861,68309.46,0.2511,2027-05-01
NK225E    ,OOP,202705,67500.0,            ,182057518,0000000.0000,0000000.0,4814.03,0.24879,192057518,0000000.0000,0000000.0,5798.54,0.256235,68309.46,0.2511,2027-05-01
NK225E    ,OOP,202705,67750.0,            ,182057718,0000000.0000,0000000.0,4929.9,0.24822,192057718,0000000.0000,0000000.0,5666.83,0.255527,68309.46,0.2511,2027-05-01
NK225E    ,OOP,202705,68000.0,            ,132178018,0000000.0000,0000000.0,5047.56,0.247564,142178018,0000000.0000,0000000.0,5536.9,0.254974,68309.46,0.2511,2027-05-01
NK225E    ,OOP,202705,68250.0,            ,182058218,0000000.0000,0000000.0,5167.65,0.24706,192058218,0000000.0000,0000000.0,5409.41,0.254338,68309.46,0.2511,2027-05-01
NK225E    ,OOP,202705,68500.0,            ,182058518,0000000.0000,0000000.0,5289.54,0.24647,192058518,0000000.0000,0000000.0,5283.72,0.253855,68309.46,0.2511,2027-05-01
NK225E    ,OOP,202705,68750.0,            ,182058718,0000000.0000,0000000.0,5413.2,0.246031,192058718,0000000.0000,0000000.0,5159.8,0.25329,68309.46,0.2511,2027-05-01
NK225E    ,OOP,202705,69000.0,            ,132179018,0000000.0000,0000000.0,5538.68,0.245505,142179018,0000000.0000,0000000.0,5037.69,0.25264,68309.46,0.2511,2027-05-01
NK225E    ,OOP,202705,69250.0,            ,182059218,0000000.0000,0000000.0,5666.59,0.244894,192059218,0000000.0000,0000000.0,4918.02,0.252144,68309.46,0.2511,2027-05-01
NK225E    ,OOP,202705,69500.0,            ,182059518,0000000.0000,0000000.0,5796.31,0.244433,192059518,0000000.0000,0000000.0,4800.16,0.251565,68309.46,0.2511,2027-05-01
NK225E    ,OOP,202705,69750.0,            ,182059718,0000000.0000,0000000.0,5927.81,0.243886,192059718,0000000.0000,0000000.0,4684.08,0.251138,68309.46,0.2511,2027-05-01
NK225E    ,OOP,202705,70000.0,            ,132170018,0000000.0000,0000000.0,6061.12,0.243254,142170018,0000000.0000,0000000.0,4569.81,0.250628,68309.46,0.2511,2027-05-01
NK225E    ,OOP,202705,70250.0,            ,182050218,0000000.0000,0000000.0,6196.9,0.242771,192050218,0000000.0000,0000000.0,4458.01,0.250035,68309.46,0.2511,2027-05-01
NK225E    ,OOP,202705,70500.0,            ,182050518,0000000.0000,0000000.0,6334.47,0.242202,192050518,0000000.0000,0000000.0,4347.99,0.249594,68309.46,0.2511,2027-05-01
NK225E    ,OOP,202705,70750.0,            ,182050718,0000000.0000,0000000.0,6473.82,0.241784,192050718,0000000.0000,0000000.0,4239.76,0.249071,68309.46,0.2511,2027-05-01
NK225E    ,OOP,202705,71000.0,            ,132171018,0000000.0000,0000000.0,6614.95,0.241281,142171018,0000000.0000,0000000.0,4133.31,0.248701,68309.46,0.2511,2027-05-01
NK225E    ,OOP,202705,71250.0,            ,182051218,0000000.0000,0000000.0,6758.55,0.240692,192051218,0000000.0000,0000000.0,4029.33,0.248248,68309.46,0.2511,2027-05-01
NK225E    ,OOP,202705,71500.0,            ,182051518,0000000.0000,0000000.0,6903.93,0.240254,192051518,0000000.0000,0000000.0,3927.13,0.247713,68309.46,0.2511,2027-05-01
NK225E    ,OOP,202705,71750.0,            ,182051718,0000000.0000,0000000.0,7051.04,0.23997,192051718,0000000.0000,0000000.0,3826.66,0.247333,68309.46,0.2511,2027-05-01
NK225E    ,OOP,202705,72000.0,            ,132172018,0000000.0000,0000000.0,7199.93,0.239363,142172018,0000000.0000,0000000.0,3727.96,0.246871,68309.46,0.2511,2027-05-01
NK225E    ,OOP,202705,72250.0,            ,182052218,0000000.0000,0000000.0,7351.26,0.238909,192052218,0000000.0000,0000000.0,3631.72,0.246326,68309.46,0.2511,2027-05-01
NK225E    ,OOP,202705,72500.0,            ,182052518,0000000.0000,0000000.0,7504.34,0.238611,192052518,0000000.0000,0000000.0,3537.21,0.245939,68309.46,0.2511,2027-05-01
NK225E    ,OOP,202705,72750.0,            ,182052718,0000000.0000,0000000.0,7659.14,0.237987,192052718,0000000.0000,0000000.0,3444.43,0.24547,68309.46,0.2511,2027-05-01
NK225E    ,OOP,202705,73000.0,            ,132173018,0000000.0000,0000000.0,7815.64,0.237519,142173018,0000000.0000,0000000.0,3353.35,0.245161,68309.46,0.2511,2027-05-01
NK225E    ,OOP,202705,73250.0,            ,182053218,0000000.0000,0000000.0,7974.6,0.237211,192053218,0000000.0000,0000000.0,3264.72,0.24477,68309.46,0.2511,2027-05-01
NK225E    ,OOP,202705,73500.0,            ,182053518,0000000.0000,0000000.0,8135.23,0.23682,192053518,0000000.0000,0000000.0,3177.77,0.244299,68309.46,0.2511,2027-05-01
NK225E    ,OOP,202705,73750.0,            ,182053718,0000000.0000,0000000.0,8297.52,0.236344,192053718,0000000.0000,0000000.0,3092.49,0.243991,68309.46,0.2511,2027-05-01
NK225E    ,OOP,202705,74000.0,            ,132174018,0000000.0000,0000000.0,8461.47,0.236031,142174018,0000000.0000,0000000.0,3008.85,0.243603,68309.46,0.2511,2027-05-01
NK225E    ,OOP,202705,74250.0,            ,182054218,0000000.0000,0000000.0,8627.84,0.235636,192054218,0000000.0000,0000000.0,2927.63,0.243134,68309.46,0.2511,2027-05-01
NK225E    ,OOP,202705,74500.0,            ,182054518,0000000.0000,0000000.0,8795.81,0.235156,192054518,0000000.0000,0000000.0,2848.03,0.242833,68309.46,0.2511,2027-05-01
NK225E    ,OOP,202705,74750.0,            ,182054718,0000000.0000,0000000.0,8965.39,0.234845,192054718,0000000.0000,0000000.0,2770.03,0.242704,68309.46,0.2511,2027-05-01
NK225E    ,OOP,202705,75000.0,            ,132175018,0000000.0000,0000000.0,9136.56,0.234451,142175018,0000000.0000,0000000.0,2693.61,0.242244,68309.46,0.2511,2027-05-01
NK225E    ,OOP,202705,75250.0,            ,182055218,0000000.0000,0000000.0,9310.07,0.233974,192055218,0000000.0000,0000000.0,2619.54,0.241958,68309.46,0.2511,2027-05-01
NK225E    ,OOP,202705,75500.0,            ,182055518,0000000.0000,0000000.0,9485.14,0.233671,192055518,0000000.0000,0000000.0,2547.03,0.241593,68309.46,0.2511,2027-05-01
NK225E    ,OOP,202705,75750.0,            ,132175718,0000000.0000,0000000.0,9661.74,0.233286,142175718,0000000.0000,0000000.0,2476.05,0.241408,68309.46,0.2511,2027-05-01
NK225E    ,OOP,202705,76000.0,            ,132176018,0000000.0000,0000000.0,9839.85,0.233083,142176018,0000000.0000,0000000.0,2406.57,0.241146,68309.46,0.2511,2027-05-01
NK225E    ,OOP,202705,76250.0,            ,132176218,0000000.0000,0000000.0,10020.23,0.232532,142176218,0000000.0000,0000000.0,2339.38,0.240806,68309.46,0.2511,2027-05-01
NK225E    ,OOP,202705,77000.0,            ,132177018,0000000.0000,0000000.0,10570.1,0.23173,142177018,0000000.0000,0000000.0,2146.5,0.240118,68309.46,0.2511,2027-05-01
NK225E    ,OOP,202705,78000.0,            ,182178018,0000000.0000,0000000.0,11325.9,0.23046,192178018,0000000.0000,0000000.0,1911.98,0.23923,68309.46,0.2511,2027-05-01
NK225E    ,OOP,202705,80000.0,            ,182170018,0000000.0000,0000000.0,12907.92,0.228528,192170018,0000000.0000,0000000.0,1513.34,0.238247,68309.46,0.2511,2027-05-01
NK225E    ,OOP,202705,85000.0,            ,182175018,0000000.0000,0000000.0,17194.14,0.225968,192175018,0000000.0000,0000000.0,847.93,0.239368,68309.46,0.2511,2027-05-01
NK225E    ,OOP,202705,90000.0,            ,132290018,0000000.0000,0000000.0,21791.21,0.224924,142290018,0000000.0000,0000000.0,493.36,0.244005,68309.46,0.2511,2027-05-01
NK225E    ,OOP,202706,12500.0,            ,182062518,0000000.0000,0000000.0,0.35,0.682246,192062518,0000000.0000,0000000.0,55467.85,0.975813,68309.46,0.2511,2027-06-01
NK225E    ,OOP,202706,12750.0,            ,182062718,0000000.0000,0000000.0,0.42,0.555367,192062718,0000000.0000,0000000.0,55220.64,0.9668,68309.46,0.2511,2027-06-01
NK225E    ,OOP,202706,13000.0,            ,182063018,0000000.0000,0000000.0,0.51,0.555367,192063018,0000000.0000,0000000.0,54973.45,0.952994,68309.46,0.2511,2027-06-01
NK225E    ,OOP,202706,13250.0,            ,182063218,0000000.0000,0000000.0,0.58,0.55348,192063218,0000000.0000,0000000.0,54726.23,0.944408,68309.46,0.2511,2027-06-01
NK225E    ,OOP,202706,13500.0,            ,182063518,0000000.0000,0000000.0,0.65,0.551594,192063518,0000000.0000,0000000.0,54479.03,0.93597,68309.46,0.2511,2027-06-01
NK225E    ,OOP,202706,13750.0,            ,182063718,0000000.0000,0000000.0,0.73,0.549707,192063718,0000000.0000,0000000.0,54231.83,0.922923,68309.46,0.2511,2027-06-01
NK225E    ,OOP,202706,14000.0,            ,182064018,0000000.0000,0000000.0,0.82,0.547821,192064018,0000000.0000,0000000.0,53984.64,0.914861,68309.46,0.2511,2027-06-01
NK225E    ,OOP,202706,14250.0,            ,182064218,0000000.0000,0000000.0,0.92,0.545962,192064218,0000000.0000,0000000.0,53737.46,0.902274,68309.46,0.2511,2027-06-01
NK225E    ,OOP,202706,14500.0,            ,182064518,0000000.0000,0000000.0,1.03,0.544104,192064518,0000000.0000,0000000.0,53490.28,0.89456,68309.46,0.2511,2027-06-01
NK225E    ,OOP,202706,14750.0,            ,182064718,0000000.0000,0000000.0,1.15,0.542246,192064718,0000000.0000,0000000.0,53243.12,0.8824,68309.46,0.2511,2027-06-01
NK225E    ,OOP,202706,15000.0,            ,182065018,0000000.0000,0000000.0,1.27,0.540388,192065018,0000000.0000,0000000.0,52995.97,0.875007,68309.46,0.2511,2027-06-01
NK225E    ,OOP,202706,15250.0,            ,182065218,0000000.0000,0000000.0,1.41,0.538554,192065218,0000000.0000,0000000.0,52748.82,0.863246,68309.46,0.2511,2027-06-01
NK225E    ,OOP,202706,15500.0,            ,182065518,0000000.0000,0000000.0,1.56,0.53672,192065518,0000000.0000,0000000.0,52501.69,0.85615,68309.46,0.2511,2027-06-01
NK225E    ,OOP,202706,15750.0,            ,182065718,0000000.0000,0000000.0,1.73,0.534886,192065718,0000000.0000,0000000.0,52254.57,0.84915,68309.46,0.2511,2027-06-01
NK225E    ,OOP,202706,16000.0,            ,182066018,0000000.0000,0000000.0,1.9,0.533053,192066018,0000000.0000,0000000.0,52007.47,0.837942,68309.46,0.2511,2027-06-01
NK225E    ,OOP,202706,16250.0,            ,132066218,0000000.0000,0000000.0,2.09,0.53124,142066218,0000000.0000,0000000.0,51760.38,0.831209,68309.46,0.2511,2027-06-01
NK225E    ,OOP,202706,16500.0,            ,132066518,0000000.0000,0000000.0,2.3,0.529428,142066518,0000000.0000,0000000.0,51513.3,0.82034,68309.46,0.2511,2027-06-01
NK225E    ,OOP,202706,16750.0,            ,132066718,0000000.0000,0000000.0,2.51,0.527616,142066718,0000000.0000,0000000.0,51266.24,0.813856,68309.46,0.2511,2027-06-01
NK225E    ,OOP,202706,17000.0,            ,132067018,0000000.0000,0000000.0,2.75,0.525804,142067018,0000000.0000,0000000.0,51019.19,0.80745,68309.46,0.2511,2027-06-01
NK225E    ,OOP,202706,17250.0,            ,132067218,0000000.0000,0000000.0,3.0,0.523942,142067218,0000000.0000,0000000.0,50772.16,0.797054,68309.46,0.2511,2027-06-01
NK225E    ,OOP,202706,17500.0,            ,132067518,0000000.0000,0000000.0,3.27,0.522217,142067518,0000000.0000,0000000.0,50525.15,0.790873,68309.46,0.2511,2027-06-01
NK225E    ,OOP,202706,17750.0,            ,132067718,0000000.0000,0000000.0,3.56,0.520422,142067718,0000000.0000,0000000.0,50278.16,0.780769,68309.46,0.2511,2027-06-01
NK225E    ,OOP,202706,18000.0,            ,132068018,0000000.0000,0000000.0,3.86,0.51863,142068018,0000000.0000,0000000.0,50031.18,0.7748,68309.46,0.2511,2027-06-01
NK225E    ,OOP,202706,18250.0,            ,132068218,0000000.0000,0000000.0,4.19,0.516853,142068218,0000000.0000,0000000.0,49784.23,0.768893,68309.46,0.2511,2027-06-01
NK225E    ,OOP,202706,18500.0,            ,132068518,0000000.0000,0000000.0,4.54,0.515076,142068518,0000000.0000,0000000.0,49537.29,0.759199,68309.46,0.2511,2027-06-01
NK225E    ,OOP,202706,18750.0,            ,132068718,0000000.0000,0000000.0,4.9,0.513298,142068718,0000000.0000,0000000.0,49290.38,0.753486,68309.46,0.2511,2027-06-01
NK225E    ,OOP,202706,19000.0,            ,132069018,0000000.0000,0000000.0,5.3,0.511522,142069018,0000000.0000,0000000.0,49043.49,0.744045,68309.46,0.2511,2027-06-01
NK225E    ,OOP,202706,19250.0,            ,132069218,0000000.0000,0000000.0,5.71,0.509758,142069218,0000000.0000,0000000.0,48796.63,0.738513,68309.46,0.2511,2027-06-01
NK225E    ,OOP,202706,19500.0,            ,132069518,0000000.0000,0000000.0,6.15,0.507995,142069518,0000000.0000,0000000.0,48549.78,0.733032,68309.46,0.2511,2027-06-01
NK225E    ,OOP,202706,19750.0,            ,132069718,0000000.0000,0000000.0,6.62,0.506232,142069718,0000000.0000,0000000.0,48302.97,0.723951,68309.46,0.2511,2027-06-01
NK225E    ,OOP,202706,20000.0,            ,132060018,0000000.0000,0000000.0,7.11,0.503747,142060018,0000000.0000,0000000.0,48056.18,0.718636,68309.46,0.2511,2027-06-01
NK225E    ,OOP,202706,20250.0,            ,132060218,0000000.0000,0000000.0,7.63,0.502718,142060218,0000000.0000,0000000.0,47809.42,0.713368,68309.46,0.2511,2027-06-01
NK225E    ,OOP,202706,20500.0,            ,132060518,0000000.0000,0000000.0,8.18,0.500967,142060518,0000000.0000,0000000.0,47562.68,0.70462,68309.46,0.2511,2027-06-01
NK225E    ,OOP,202706,20750.0,            ,132060718,0000000.0000,0000000.0,8.75,0.499216,142060718,0000000.0000,0000000.0,47315.98,0.699505,68309.46,0.2511,2027-06-01
NK225E    ,OOP,202706,21000.0,            ,132061018,0000000.0000,0000000.0,9.36,0.497466,142061018,0000000.0000,0000000.0,47069.31,0.694432,68309.46,0.2511,2027-06-01
NK225E    ,OOP,202706,21250.0,            ,132061218,0000000.0000,0000000.0,10.0,0.495694,142061218,0000000.0000,0000000.0,46822.67,0.685994,68309.46,0.2511,2027-06-01
NK225E    ,OOP,202706,21500.0,            ,132061518,0000000.0000,0000000.0,10.67,0.493985,142061518,0000000.0000,0000000.0,46576.06,0.681062,68309.46,0.2511,2027-06-01
NK225E    ,OOP,202706,21750.0,            ,132061718,0000000.0000,0000000.0,11.38,0.492245,142061718,0000000.0000,0000000.0,46329.48,0.676167,68309.46,0.2511,2027-06-01
NK225E    ,OOP,202706,22000.0,            ,132062018,0000000.0000,0000000.0,12.12,0.490008,142062018,0000000.0000,0000000.0,46082.94,0.668019,68309.46,0.2511,2027-06-01
NK225E    ,OOP,202706,22250.0,            ,132062218,0000000.0000,0000000.0,12.9,0.488773,142062218,0000000.0000,0000000.0,45836.44,0.663255,68309.46,0.2511,2027-06-01
NK225E    ,OOP,202706,22500.0,            ,132062518,0000000.0000,0000000.0,13.71,0.487042,142062518,0000000.0000,0000000.0,45589.97,0.658526,68309.46,0.2511,2027-06-01
NK225E    ,OOP,202706,22750.0,            ,132062718,0000000.0000,0000000.0,14.57,0.485311,142062718,0000000.0000,0000000.0,45343.55,0.650647,68309.46,0.2511,2027-06-01
NK225E    ,OOP,202706,23000.0,            ,132063018,0000000.0000,0000000.0,15.46,0.48358,142063018,0000000.0000,0000000.0,45097.16,0.646039,68309.46,0.2511,2027-06-01
NK225E    ,OOP,202706,23250.0,            ,132063218,0000000.0000,0000000.0,16.39,0.481856,142063218,0000000.0000,0000000.0,44850.81,0.641462,68309.46,0.2511,2027-06-01
NK225E    ,OOP,202706,23500.0,            ,132063518,0000000.0000,0000000.0,17.37,0.480133,142063518,0000000.0000,0000000.0,44604.5,0.636915,68309.46,0.2511,2027-06-01
NK225E    ,OOP,202706,23750.0,            ,132063718,0000000.0000,0000000.0,18.38,0.478409,142063718,0000000.0000,0000000.0,44358.24,0.629372,68309.46,0.2511,2027-06-01
NK225E    ,OOP,202706,24000.0,            ,132064018,0000000.0000,0000000.0,19.45,0.476686,142064018,0000000.0000,0000000.0,44112.02,0.624936,68309.46,0.2511,2027-06-01
NK225E    ,OOP,202706,24250.0,            ,132064218,0000000.0000,0000000.0,20.55,0.474969,142064218,0000000.0000,0000000.0,43865.85,0.620527,68309.46,0.2511,2027-06-01
NK225E    ,OOP,202706,24500.0,            ,132064518,0000000.0000,0000000.0,21.71,0.473253,142064518,0000000.0000,0000000.0,43619.72,0.616145,68309.46,0.2511,2027-06-01
NK225E    ,OOP,202706,24750.0,            ,132064718,0000000.0000,0000000.0,22.91,0.471537,142064718,0000000.0000,0000000.0,43373.64,0.608911,68309.46,0.2511,2027-06-01
NK225E    ,OOP,202706,25000.0,            ,132065018,0000000.0000,0000000.0,24.16,0.469467,142065018,0000000.0000,0000000.0,43127.61,0.604631,68309.46,0.2511,2027-06-01
NK225E    ,OOP,202706,25250.0,            ,132065218,0000000.0000,0000000.0,25.47,0.468111,142065218,0000000.0000,0000000.0,42881.63,0.600375,68309.46,0.2511,2027-06-01
NK225E    ,OOP,202706,25500.0,            ,132065518,0000000.0000,0000000.0,26.82,0.466401,142065518,0000000.0000,0000000.0,42635.71,0.596144,68309.46,0.2511,2027-06-01
NK225E    ,OOP,202706,25750.0,            ,132065718,0000000.0000,0000000.0,28.23,0.46426,142065718,0000000.0000,0000000.0,42389.83,0.591937,68309.46,0.2511,2027-06-01
NK225E    ,OOP,202706,26000.0,            ,132066018,0000000.0000,0000000.0,29.69,0.462982,142066018,0000000.0000,0000000.0,42144.01,0.585057,68309.46,0.2511,2027-06-01
NK225E    ,OOP,202706,26250.0,            ,182066218,0000000.0000,0000000.0,31.21,0.460916,192066218,0000000.0000,0000000.0,41898.25,0.580941,68309.46,0.2511,2027-06-01
NK225E    ,OOP,202706,26500.0,            ,182066518,0000000.0000,0000000.0,32.78,0.459573,192066518,0000000.0000,0000000.0,41652.55,0.576847,68309.46,0.2511,2027-06-01
NK225E    ,OOP,202706,26750.0,            ,182066718,0000000.0000,0000000.0,34.42,0.457209,192066718,0000000.0000,0000000.0,41406.9,0.572775,68309.46,0.2511,2027-06-01
NK225E    ,OOP,202706,27000.0,            ,182067018,0000000.0000,0000000.0,36.11,0.45599,192067018,0000000.0000,0000000.0,41161.31,0.568724,68309.46,0.2511,2027-06-01
NK225E    ,OOP,202706,27250.0,            ,182067218,0000000.0000,0000000.0,37.87,0.454465,192067218,0000000.0000,0000000.0,40915.79,0.564695,68309.46,0.2511,2027-06-01
NK225E    ,OOP,202706,27500.0,            ,182067518,0000000.0000,0000000.0,39.69,0.452765,192067518,0000000.0000,0000000.0,40670.33,0.560687,68309.46,0.2511,2027-06-01
NK225E    ,OOP,202706,27750.0,            ,182067718,0000000.0000,0000000.0,41.57,0.450305,192067718,0000000.0000,0000000.0,40424.93,0.5567,68309.46,0.2511,2027-06-01
NK225E    ,OOP,202706,28000.0,            ,182068018,0000000.0000,0000000.0,43.52,0.448702,192068018,0000000.0000,0000000.0,40179.6,0.550319,68309.46,0.2511,2027-06-01
NK225E    ,OOP,202706,28250.0,            ,182068218,0000000.0000,0000000.0,45.54,0.447011,192068218,0000000.0000,0000000.0,39934.34,0.54641,68309.46,0.2511,2027-06-01
NK225E    ,OOP,202706,28500.0,            ,182068518,0000000.0000,0000000.0,47.63,0.44524,192068518,0000000.0000,0000000.0,39689.14,0.54252,68309.46,0.2511,2027-06-01
NK225E    ,OOP,202706,28750.0,            ,182068718,0000000.0000,0000000.0,49.79,0.444289,192068718,0000000.0000,0000000.0,39444.02,0.538648,68309.46,0.2511,2027-06-01
NK225E    ,OOP,202706,29000.0,            ,182069018,0000000.0000,0000000.0,52.02,0.442573,192069018,0000000.0000,0000000.0,39198.97,0.534796,68309.46,0.2511,2027-06-01
NK225E    ,OOP,202706,29250.0,            ,182069218,0000000.0000,0000000.0,54.32,0.440567,192069218,0000000.0000,0000000.0,38954.0,0.530962,68309.46,0.2511,2027-06-01
NK225E    ,OOP,202706,29500.0,            ,182069518,0000000.0000,0000000.0,56.7,0.43851,192069518,0000000.0000,0000000.0,38709.09,0.527145,68309.46,0.2511,2027-06-01
NK225E    ,OOP,202706,29750.0,            ,182069718,0000000.0000,0000000.0,59.16,0.437372,192069718,0000000.0000,0000000.0,38464.27,0.523347,68309.46,0.2511,2027-06-01
NK225E    ,OOP,202706,30000.0,            ,182060018,0000000.0000,0000000.0,61.7,0.435193,192060018,0000000.0000,0000000.0,38219.53,0.519567,68309.46,0.2511,2027-06-01
NK225E    ,OOP,202706,30250.0,            ,182060218,0000000.0000,0000000.0,64.32,0.433875,192060218,0000000.0000,0000000.0,37974.86,0.515804,68309.46,0.2511,2027-06-01
NK225E    ,OOP,202706,30500.0,            ,182060518,0000000.0000,0000000.0,67.02,0.431595,192060518,0000000.0000,0000000.0,37730.28,0.514135,68309.46,0.2511,2027-06-01
NK225E    ,OOP,202706,30750.0,            ,182060718,0000000.0000,0000000.0,69.8,0.430125,192060718,0000000.0000,0000000.0,37485.79,0.510376,68309.46,0.2511,2027-06-01
NK225E    ,OOP,202706,31000.0,            ,182061018,0000000.0000,0000000.0,72.67,0.428573,192061018,0000000.0000,0000000.0,37241.38,0.506636,68309.46,0.2511,2027-06-01
NK225E    ,OOP,202706,31250.0,            ,182061218,0000000.0000,0000000.0,75.63,0.426945,192061218,0000000.0000,0000000.0,36997.06,0.502912,68309.46,0.2511,2027-06-01
NK225E    ,OOP,202706,31500.0,            ,182061518,0000000.0000,0000000.0,78.68,0.425248,192061518,0000000.0000,0000000.0,36752.83,0.499206,68309.46,0.2511,2027-06-01
NK225E    ,OOP,202706,31750.0,            ,182061718,0000000.0000,0000000.0,81.83,0.423487,192061718,0000000.0000,0000000.0,36508.69,0.495516,68309.46,0.2511,2027-06-01
NK225E    ,OOP,202706,32000.0,            ,182062018,0000000.0000,0000000.0,85.06,0.421667,192062018,0000000.0000,0000000.0,36264.64,0.491843,68309.46,0.2511,2027-06-01
NK225E    ,OOP,202706,32250.0,            ,182062218,0000000.0000,0000000.0,88.39,0.420474,192062218,0000000.0000,0000000.0,36020.69,0.490041,68309.46,0.2511,2027-06-01
NK225E    ,OOP,202706,32500.0,            ,132182518,0000000.0000,0000000.0,91.83,0.41853,142182518,0000000.0000,0000000.0,35776.84,0.486375,68309.46,0.2511,2027-06-01
NK225E    ,OOP,202706,32750.0,            ,132182718,0000000.0000,0000000.0,95.36,0.416541,142182718,0000000.0000,0000000.0,35533.09,0.482726,68309.46,0.2511,2027-06-01
NK225E    ,OOP,202706,33000.0,            ,132183018,0000000.0000,0000000.0,98.99,0.415128,142183018,0000000.0000,0000000.0,35289.45,0.479093,68309.46,0.2511,2027-06-01
NK225E    ,OOP,202706,33250.0,            ,132183218,0000000.0000,0000000.0,102.73,0.413639,142183218,0000000.0000,0000000.0,35045.91,0.47721,68309.46,0.2511,2027-06-01
NK225E    ,OOP,202706,33500.0,            ,132183518,0000000.0000,0000000.0,106.58,0.411501,142183518,0000000.0000,0000000.0,34802.47,0.473585,68309.46,0.2511,2027-06-01
NK225E    ,OOP,202706,33750.0,            ,132183718,0000000.0000,0000000.0,110.53,0.409894,142183718,0000000.0000,0000000.0,34559.14,0.469977,68309.46,0.2511,2027-06-01
NK225E    ,OOP,202706,34000.0,            ,132184018,0000000.0000,0000000.0,114.6,0.408225,142184018,0000000.0000,0000000.0,34315.93,0.468032,68309.46,0.2511,2027-06-01
NK225E    ,OOP,202706,34250.0,            ,132184218,0000000.0000,0000000.0,118.78,0.406499,142184218,0000000.0000,0000000.0,34072.83,0.464433,68309.46,0.2511,2027-06-01
NK225E    ,OOP,202706,34500.0,            ,132184518,0000000.0000,0000000.0,123.08,0.405232,142184518,0000000.0000,0000000.0,33829.85,0.46085,68309.46,0.2511,2027-06-01
NK225E    ,OOP,202706,34750.0,            ,132184718,0000000.0000,0000000.0,127.5,0.403389,142184718,0000000.0000,0000000.0,33586.99,0.45885,68309.46,0.2511,2027-06-01
NK225E    ,OOP,202706,35000.0,            ,132185018,0000000.0000,0000000.0,132.04,0.401501,142185018,0000000.0000,0000000.0,33344.25,0.455277,68309.46,0.2511,2027-06-01
NK225E    ,OOP,202706,35250.0,            ,132185218,0000000.0000,0000000.0,136.71,0.400039,142185218,0000000.0000,0000000.0,33101.63,0.453232,68309.46,0.2511,2027-06-01
NK225E    ,OOP,202706,35500.0,            ,132185518,0000000.0000,0000000.0,141.5,0.39851,142185518,0000000.0000,0000000.0,32859.15,0.449671,68309.46,0.2511,2027-06-01
NK225E    ,OOP,202706,35750.0,            ,132185718,0000000.0000,0000000.0,146.43,0.396921,142185718,0000000.0000,0000000.0,32616.79,0.447585,68309.46,0.2511,2027-06-01
NK225E    ,OOP,202706,36000.0,            ,132186018,0000000.0000,0000000.0,151.49,0.395274,142186018,0000000.0000,0000000.0,32374.57,0.444037,68309.46,0.2511,2027-06-01
NK225E    ,OOP,202706,36250.0,            ,132186218,0000000.0000,0000000.0,156.68,0.393573,142186218,0000000.0000,0000000.0,32132.49,0.441913,68309.46,0.2511,2027-06-01
NK225E    ,OOP,202706,36500.0,            ,132186518,0000000.0000,0000000.0,162.02,0.391823,142186518,0000000.0000,0000000.0,31890.54,0.438377,68309.46,0.2511,2027-06-01
NK225E    ,OOP,202706,36750.0,            ,132186718,0000000.0000,0000000.0,167.5,0.390027,142186718,0000000.0000,0000000.0,31648.74,0.43622,68309.46,0.2511,2027-06-01
NK225E    ,OOP,202706,37000.0,            ,132187018,0000000.0000,0000000.0,173.12,0.388568,142187018,0000000.0000,0000000.0,31407.08,0.434032,68309.46,0.2511,2027-06-01
NK225E    ,OOP,202706,37250.0,            ,132187218,0000000.0000,0000000.0,178.9,0.387048,142187218,0000000.0000,0000000.0,31165.58,0.430507,68309.46,0.2511,2027-06-01
NK225E    ,OOP,202706,37500.0,            ,132187518,0000000.0000,0000000.0,184.83,0.385109,142187518,0000000.0000,0000000.0,30924.23,0.42829,68309.46,0.2511,2027-06-01
NK225E    ,OOP,202706,37750.0,            ,132187718,0000000.0000,0000000.0,190.92,0.383487,142187718,0000000.0000,0000000.0,30683.03,0.426046,68309.46,0.2511,2027-06-01
NK225E    ,OOP,202706,38000.0,            ,132188018,0000000.0000,0000000.0,197.16,0.382155,142188018,0000000.0000,0000000.0,30442.0,0.422535,68309.46,0.2511,2027-06-01
NK225E    ,OOP,202706,38250.0,            ,132188218,0000000.0000,0000000.0,203.57,0.380425,142188218,0000000.0000,0000000.0,30201.13,0.420265,68309.46,0.2511,2027-06-01
NK225E    ,OOP,202706,38500.0,            ,132188518,0000000.0000,0000000.0,210.15,0.37865,142188518,0000000.0000,0000000.0,29960.43,0.417972,68309.46,0.2511,2027-06-01
NK225E    ,OOP,202706,38750.0,            ,132188718,0000000.0000,0000000.0,216.91,0.377149,142188718,0000000.0000,0000000.0,29719.9,0.415657,68309.46,0.2511,2027-06-01
NK225E    ,OOP,202706,39000.0,            ,132189018,0000000.0000,0000000.0,223.83,0.375591,142189018,0000000.0000,0000000.0,29479.55,0.413319,68309.46,0.2511,2027-06-01
NK225E    ,OOP,202706,39250.0,            ,132189218,0000000.0000,0000000.0,230.95,0.373982,142189218,0000000.0000,0000000.0,29239.38,0.410962,68309.46,0.2511,2027-06-01
NK225E    ,OOP,202706,39500.0,            ,132189518,0000000.0000,0000000.0,238.24,0.372323,142189518,0000000.0000,0000000.0,28999.39,0.408584,68309.46,0.2511,2027-06-01
NK225E    ,OOP,202706,39750.0,            ,132189718,0000000.0000,0000000.0,245.73,0.370617,142189718,0000000.0000,0000000.0,28759.6,0.406188,68309.46,0.2511,2027-06-01
NK225E    ,OOP,202706,40000.0,            ,132180018,0000000.0000,0000000.0,253.41,0.369145,142180018,0000000.0000,0000000.0,28520.0,0.403774,68309.46,0.2511,2027-06-01
NK225E    ,OOP,202706,40250.0,            ,132180218,0000000.0000,0000000.0,261.29,0.367617,142180218,0000000.0000,0000000.0,28280.6,0.401343,68309.46,0.2511,2027-06-01
NK225E    ,OOP,202706,40500.0,            ,132180518,0000000.0000,0000000.0,269.38,0.366037,142180518,0000000.0000,0000000.0,28041.4,0.398896,68309.46,0.2511,2027-06-01
NK225E    ,OOP,202706,40750.0,            ,132180718,0000000.0000,0000000.0,277.67,0.364408,142180718,0000000.0000,0000000.0,27802.42,0.396433,68309.46,0.2511,2027-06-01
NK225E    ,OOP,202706,41000.0,            ,132181018,0000000.0000,0000000.0,286.18,0.362733,142181018,0000000.0000,0000000.0,27563.64,0.394954,68309.46,0.2511,2027-06-01
NK225E    ,OOP,202706,41250.0,            ,132181218,0000000.0000,0000000.0,294.91,0.361257,142181218,0000000.0000,0000000.0,27325.1,0.392445,68309.46,0.2511,2027-06-01
NK225E    ,OOP,202706,41500.0,            ,132181518,0000000.0000,0000000.0,303.87,0.359728,142181518,0000000.0000,0000000.0,27086.77,0.389923,68309.46,0.2511,2027-06-01
NK225E    ,OOP,202706,41750.0,            ,132181718,0000000.0000,0000000.0,313.06,0.35838,142181718,0000000.0000,0000000.0,26848.68,0.387388,68309.46,0.2511,2027-06-01
NK225E    ,OOP,202706,42000.0,            ,132182018,0000000.0000,0000000.0,322.49,0.356974,142182018,0000000.0000,0000000.0,26610.83,0.38577,68309.46,0.2511,2027-06-01
NK225E    ,OOP,202706,42250.0,            ,132182218,0000000.0000,0000000.0,332.15,0.355511,142182218,0000000.0000,0000000.0,26373.21,0.383196,68309.46,0.2511,2027-06-01
NK225E    ,OOP,202706,42500.0,            ,132302518,0000000.0000,0000000.0,342.08,0.353996,142302518,0000000.0000,0000000.0,26135.85,0.381507,68309.46,0.2511,2027-06-01
NK225E    ,OOP,202706,42750.0,            ,182182718,0000000.0000,0000000.0,352.26,0.352431,192182718,0000000.0000,0000000.0,25898.75,0.378898,68309.46,0.2511,2027-06-01
NK225E    ,OOP,202706,43000.0,            ,182183018,0000000.0000,0000000.0,362.7,0.350819,192183018,0000000.0000,0000000.0,25661.91,0.377144,68309.46,0.2511,2027-06-01
NK225E    ,OOP,202706,43250.0,            ,182183218,0000000.0000,0000000.0,373.41,0.349162,192183218,0000000.0000,0000000.0,25425.34,0.375349,68309.46,0.2511,2027-06-01
NK225E    ,OOP,202706,43500.0,            ,182183518,0000000.0000,0000000.0,384.4,0.347461,192183518,0000000.0000,0000000.0,25189.05,0.372686,68309.46,0.2511,2027-06-01
NK225E    ,OOP,202706,43750.0,            ,182183718,0000000.0000,0000000.0,395.67,0.34572,192183718,0000000.0000,0000000.0,24953.05,0.370833,68309.46,0.2511,2027-06-01
NK225E    ,OOP,202706,44000.0,            ,182184018,0000000.0000,0000000.0,407.24,0.344874,192184018,0000000.0000,0000000.0,24717.34,0.368944,68309.46,0.2511,2027-06-01
NK225E    ,OOP,202706,44250.0,            ,182184218,0000000.0000,0000000.0,419.11,0.343038,192184218,0000000.0000,0000000.0,24481.92,0.367022,68309.46,0.2511,2027-06-01
NK225E    ,OOP,202706,44500.0,            ,182184518,0000000.0000,0000000.0,431.29,0.341166,192184518,0000000.0000,0000000.0,24246.82,0.365067,68309.46,0.2511,2027-06-01
NK225E    ,OOP,202706,44750.0,            ,182184718,0000000.0000,0000000.0,443.78,0.340134,192184718,0000000.0000,0000000.0,24012.03,0.36308,68309.46,0.2511,2027-06-01
NK225E    ,OOP,202706,45000.0,            ,182185018,0000000.0000,0000000.0,456.6,0.338181,192185018,0000000.0000,0000000.0,23777.57,0.361063,68309.46,0.2511,2027-06-01
NK225E    ,OOP,202706,45250.0,            ,182185218,0000000.0000,0000000.0,469.75,0.337032,192185218,0000000.0000,0000000.0,23543.44,0.359017,68309.46,0.2511,2027-06-01
NK225E    ,OOP,202706,45500.0,            ,182185518,0000000.0000,0000000.0,483.25,0.335818,192185518,0000000.0000,0000000.0,23309.65,0.356942,68309.46,0.2511,2027-06-01
NK225E    ,OOP,202706,45750.0,            ,182185718,0000000.0000,0000000.0,497.1,0.333748,192185718,0000000.0000,0000000.0,23076.22,0.354841,68309.46,0.2511,2027-06-01
NK225E    ,OOP,202706,46000.0,            ,182186018,0000000.0000,0000000.0,511.31,0.332433,192186018,0000000.0000,0000000.0,22843.15,0.353407,68309.46,0.2511,2027-06-01
NK225E    ,OOP,202706,46250.0,            ,182186218,0000000.0000,0000000.0,525.88,0.331062,192186218,0000000.0000,0000000.0,22610.45,0.351242,68309.46,0.2511,2027-06-01
NK225E    ,OOP,202706,46500.0,            ,182186518,0000000.0000,0000000.0,540.85,0.329637,192186518,0000000.0000,0000000.0,22378.13,0.349722,68309.46,0.2511,2027-06-01
NK225E    ,OOP,202706,46750.0,            ,182186718,0000000.0000,0000000.0,556.2,0.328161,192186718,0000000.0000,0000000.0,22146.2,0.347499,68309.46,0.2511,2027-06-01
NK225E    ,OOP,202706,47000.0,            ,182187018,0000000.0000,0000000.0,571.96,0.326637,192187018,0000000.0000,0000000.0,21914.68,0.345899,68309.46,0.2511,2027-06-01
NK225E    ,OOP,202706,47250.0,            ,182187218,0000000.0000,0000000.0,588.13,0.325065,192187218,0000000.0000,0000000.0,21683.57,0.344255,68309.46,0.2511,2027-06-01
NK225E    ,OOP,202706,47500.0,            ,182187518,0000000.0000,0000000.0,604.73,0.324133,192187518,0000000.0000,0000000.0,21452.88,0.341947,68309.46,0.2511,2027-06-01
NK225E    ,OOP,202706,47750.0,            ,182187718,0000000.0000,0000000.0,621.75,0.32246,192187718,0000000.0000,0000000.0,21222.63,0.340231,68309.46,0.2511,2027-06-01
NK225E    ,OOP,202706,48000.0,            ,182188018,0000000.0000,0000000.0,639.24,0.320746,192188018,0000000.0000,0000000.0,20992.83,0.338476,68309.46,0.2511,2027-06-01
NK225E    ,OOP,202706,48250.0,            ,182188218,0000000.0000,0000000.0,657.17,0.319636,192188218,0000000.0000,0000000.0,20763.49,0.336682,68309.46,0.2511,2027-06-01
NK225E    ,OOP,202706,48500.0,            ,182188518,0000000.0000,0000000.0,675.59,0.318462,192188518,0000000.0000,0000000.0,20534.62,0.33543,68309.46,0.2511,2027-06-01
NK225E    ,OOP,202706,48750.0,            ,182188718,0000000.0000,0000000.0,694.49,0.316612,192188718,0000000.0000,0000000.0,20306.24,0.333554,68309.46,0.2511,2027-06-01
NK225E    ,OOP,202706,49000.0,            ,182189018,0000000.0000,0000000.0,713.89,0.315331,192189018,0000000.0000,0000000.0,20078.36,0.331643,68309.46,0.2511,2027-06-01
NK225E    ,OOP,202706,49250.0,            ,182189218,0000000.0000,0000000.0,733.8,0.313995,192189218,0000000.0000,0000000.0,19850.98,0.330249,68309.46,0.2511,2027-06-01
NK225E    ,OOP,202706,49500.0,            ,182189518,0000000.0000,0000000.0,754.24,0.312604,192189518,0000000.0000,0000000.0,19624.15,0.328264,68309.46,0.2511,2027-06-01
NK225E    ,OOP,202706,49750.0,            ,182189718,0000000.0000,0000000.0,775.21,0.311162,192189718,0000000.0000,0000000.0,19397.84,0.326778,68309.46,0.2511,2027-06-01
NK225E    ,OOP,202706,50000.0,            ,182180018,0000000.0000,0000000.0,796.75,0.309669,192180018,0000000.0000,0000000.0,19172.09,0.325245,68309.46,0.2511,2027-06-01
NK225E    ,OOP,202706,50250.0,            ,182180218,0000000.0000,0000000.0,818.85,0.308676,192180218,0000000.0000,0000000.0,18946.92,0.323665,68309.46,0.2511,2027-06-01
NK225E    ,OOP,202706,50500.0,            ,182180518,0000000.0000,0000000.0,841.54,0.307079,192180518,0000000.0000,0000000.0,18722.33,0.322041,68309.46,0.2511,2027-06-01
NK225E    ,OOP,202706,50750.0,            ,182180718,0000000.0000,0000000.0,864.83,0.305964,192180718,0000000.0000,0000000.0,18498.33,0.320373,68309.46,0.2511,2027-06-01
NK225E    ,OOP,202706,51000.0,            ,182181018,0000000.0000,0000000.0,888.74,0.304786,192181018,0000000.0000,0000000.0,18274.96,0.318663,68309.46,0.2511,2027-06-01
NK225E    ,OOP,202706,51250.0,            ,182181218,0000000.0000,0000000.0,913.28,0.303043,192181218,0000000.0000,0000000.0,18052.22,0.316913,68309.46,0.2511,2027-06-01
NK225E    ,OOP,202706,51500.0,            ,182181518,0000000.0000,0000000.0,938.48,0.301757,192181518,0000000.0000,0000000.0,17830.14,0.315594,68309.46,0.2511,2027-06-01
NK225E    ,OOP,202706,51750.0,            ,182181718,0000000.0000,0000000.0,964.34,0.300415,192181718,0000000.0000,0000000.0,17608.72,0.313758,68309.46,0.2511,2027-06-01
NK225E    ,OOP,202706,52000.0,            ,182182018,0000000.0000,0000000.0,990.89,0.299497,192182018,0000000.0000,0000000.0,17387.99,0.31234,68309.46,0.2511,2027-06-01
NK225E    ,OOP,202706,52250.0,            ,182182218,0000000.0000,0000000.0,1018.14,0.29804,192182218,0000000.0000,0000000.0,17167.95,0.310872,68309.46,0.2511,2027-06-01
NK225E    ,OOP,202706,52500.0,            ,182302518,0000000.0000,0000000.0,1046.11,0.296994,192302518,0000000.0000,0000000.0,16948.65,0.309354,68309.46,0.2511,2027-06-01
NK225E    ,OOP,202706,52750.0,            ,132302718,0000000.0000,0000000.0,1074.82,0.295431,142302718,0000000.0000,0000000.0,16730.08,0.307789,68309.46,0.2511,2027-06-01
NK225E    ,OOP,202706,53000.0,            ,132303018,0000000.0000,0000000.0,1104.3,0.294266,142303018,0000000.0000,0000000.0,16512.27,0.306603,68309.46,0.2511,2027-06-01
NK225E    ,OOP,202706,53250.0,            ,132303218,0000000.0000,0000000.0,1134.54,0.29304,142303218,0000000.0000,0000000.0,16295.24,0.30494,68309.46,0.2511,2027-06-01
NK225E    ,OOP,202706,53500.0,            ,132303518,0000000.0000,0000000.0,1165.6,0.291756,142303518,0000000.0000,0000000.0,16079.01,0.303646,68309.46,0.2511,2027-06-01
NK225E    ,OOP,202706,53750.0,            ,132303718,0000000.0000,0000000.0,1197.47,0.290415,142303718,0000000.0000,0000000.0,15863.6,0.302296,68309.46,0.2511,2027-06-01
NK225E    ,OOP,202706,54000.0,            ,132304018,0000000.0000,0000000.0,1230.18,0.289433,142304018,0000000.0000,0000000.0,15649.03,0.300893,68309.46,0.2511,2027-06-01
NK225E    ,OOP,202706,54250.0,            ,132304218,0000000.0000,0000000.0,1263.74,0.287977,142304218,0000000.0000,0000000.0,15435.31,0.299437,68309.46,0.2511,2027-06-01
NK225E    ,OOP,202706,54500.0,            ,132304518,0000000.0000,0000000.0,1298.2,0.286871,142304518,0000000.0000,0000000.0,15222.49,0.297931,68309.46,0.2511,2027-06-01
NK225E    ,OOP,202706,54750.0,            ,132304718,0000000.0000,0000000.0,1333.56,0.285701,142304718,0000000.0000,0000000.0,15010.57,0.296757,68309.46,0.2511,2027-06-01
NK225E    ,OOP,202706,55000.0,            ,132305018,0000000.0000,0000000.0,1369.84,0.28447,142305018,0000000.0000,0000000.0,14799.57,0.295148,68309.46,0.2511,2027-06-01
NK225E    ,OOP,202706,55250.0,            ,132305218,0000000.0000,0000000.0,1407.08,0.283561,142305218,0000000.0000,0000000.0,14589.52,0.293862,68309.46,0.2511,2027-06-01
NK225E    ,OOP,202706,55500.0,            ,132305518,0000000.0000,0000000.0,1445.27,0.282208,142305518,0000000.0000,0000000.0,14380.44,0.292519,68309.46,0.2511,2027-06-01
NK225E    ,OOP,202706,55750.0,            ,132305718,0000000.0000,0000000.0,1484.47,0.281167,142305718,0000000.0000,0000000.0,14172.35,0.29148,68309.46,0.2511,2027-06-01
NK225E    ,OOP,202706,56000.0,            ,132306018,0000000.0000,0000000.0,1524.68,0.280062,142306018,0000000.0000,0000000.0,13965.28,0.290024,68309.46,0.2511,2027-06-01
NK225E    ,OOP,202706,56250.0,            ,132306218,0000000.0000,0000000.0,1565.94,0.278892,142306218,0000000.0000,0000000.0,13759.26,0.288864,68309.46,0.2511,2027-06-01
NK225E    ,OOP,202706,56500.0,            ,132306518,0000000.0000,0000000.0,1608.26,0.277661,142306518,0000000.0000,0000000.0,13554.3,0.287643,68309.46,0.2511,2027-06-01
NK225E    ,OOP,202706,56750.0,            ,132306718,0000000.0000,0000000.0,1651.68,0.276716,142306718,0000000.0000,0000000.0,13350.43,0.286363,68309.46,0.2511,2027-06-01
NK225E    ,OOP,202706,57000.0,            ,132307018,0000000.0000,0000000.0,1696.2,0.275702,142307018,0000000.0000,0000000.0,13147.68,0.285026,68309.46,0.2511,2027-06-01
NK225E    ,OOP,202706,57250.0,            ,132307218,0000000.0000,0000000.0,1741.86,0.274622,142307218,0000000.0000,0000000.0,12946.05,0.283961,68309.46,0.2511,2027-06-01
NK225E    ,OOP,202706,57500.0,            ,132307518,0000000.0000,0000000.0,1788.69,0.273476,142307518,0000000.0000,0000000.0,12745.6,0.282832,68309.46,0.2511,2027-06-01
NK225E    ,OOP,202706,57750.0,            ,132307718,0000000.0000,0000000.0,1836.7,0.272268,142307718,0000000.0000,0000000.0,12546.34,0.281641,68309.46,0.2511,2027-06-01
NK225E    ,OOP,202706,58000.0,            ,132308018,0000000.0000,0000000.0,1885.94,0.271319,142308018,0000000.0000,0000000.0,12348.29,0.280389,68309.46,0.2511,2027-06-01
NK225E    ,OOP,202706,58250.0,            ,132308218,0000000.0000,0000000.0,1936.4,0.270301,142308218,0000000.0000,0000000.0,12151.47,0.279078,68309.46,0.2511,2027-06-01
NK225E    ,OOP,202706,58500.0,            ,132308518,0000000.0000,0000000.0,1988.14,0.269216,142308518,0000000.0000,0000000.0,11955.93,0.278016,68309.46,0.2511,2027-06-01
NK225E    ,OOP,202706,58750.0,            ,132308718,0000000.0000,0000000.0,2041.17,0.268373,142308718,0000000.0000,0000000.0,11761.68,0.276889,68309.46,0.2511,2027-06-01
NK225E    ,OOP,202706,59000.0,            ,132309018,0000000.0000,0000000.0,2095.52,0.267457,142309018,0000000.0000,0000000.0,11568.75,0.2757,68309.46,0.2511,2027-06-01
NK225E    ,OOP,202706,59250.0,            ,132309218,0000000.0000,0000000.0,2151.2,0.266472,142309218,0000000.0000,0000000.0,11377.15,0.274744,68309.46,0.2511,2027-06-01
NK225E    ,OOP,202706,59500.0,            ,132309518,0000000.0000,0000000.0,2208.26,0.265418,142309518,0000000.0000,0000000.0,11186.93,0.27372,68309.46,0.2511,2027-06-01
NK225E    ,OOP,202706,59750.0,            ,132309718,0000000.0000,0000000.0,2266.7,0.264298,142309718,0000000.0000,0000000.0,10998.09,0.272631,68309.46,0.2511,2027-06-01
NK225E    ,OOP,202706,60000.0,            ,132300018,0000000.0000,0000000.0,2326.58,0.2634,142300018,0000000.0000,0000000.0,10810.68,0.271477,68309.46,0.2511,2027-06-01
NK225E    ,OOP,202706,60250.0,            ,132300218,0000000.0000,0000000.0,2387.9,0.262431,142300218,0000000.0000,0000000.0,10624.72,0.270541,68309.46,0.2511,2027-06-01
NK225E    ,OOP,202706,60500.0,            ,132300518,0000000.0000,0000000.0,2450.69,0.261674,142300518,0000000.0000,0000000.0,10440.23,0.269536,68309.46,0.2511,2027-06-01
NK225E    ,OOP,202706,60750.0,            ,132300718,0000000.0000,0000000.0,2514.98,0.260564,142300718,0000000.0000,0000000.0,10257.25,0.268464,68309.46,0.2511,2027-06-01
NK225E    ,OOP,202706,61000.0,            ,132301018,0000000.0000,0000000.0,2580.8,0.259662,142301018,0000000.0000,0000000.0,10075.78,0.267599,68309.46,0.2511,2027-06-01
NK225E    ,OOP,202706,61250.0,            ,132301218,0000000.0000,0000000.0,2648.15,0.258961,142301218,0000000.0000,0000000.0,9895.85,0.266393,68309.46,0.2511,2027-06-01
NK225E    ,OOP,202706,61500.0,            ,132301518,0000000.0000,0000000.0,2717.09,0.257915,142301518,0000000.0000,0000000.0,9717.51,0.265658,68309.46,0.2511,2027-06-01
NK225E    ,OOP,202706,61750.0,            ,132301718,0000000.0000,0000000.0,2787.64,0.257066,142301718,0000000.0000,0000000.0,9540.77,0.264585,68309.46,0.2511,2027-06-01
NK225E    ,OOP,202706,62000.0,            ,132302018,0000000.0000,0000000.0,2859.79,0.256407,142302018,0000000.0000,0000000.0,9365.65,0.263707,68309.46,0.2511,2027-06-01
NK225E    ,OOP,202706,62250.0,            ,132302218,0000000.0000,0000000.0,2933.61,0.255411,142302218,0000000.0000,0000000.0,9192.18,0.262758,68309.46,0.2511,2027-06-01
NK225E    ,OOP,202706,62500.0,            ,182182518,0000000.0000,0000000.0,3009.09,0.254603,192182518,0000000.0000,0000000.0,9020.39,0.261996,68309.46,0.2511,2027-06-01
NK225E    ,OOP,202706,62750.0,            ,182302718,0000000.0000,0000000.0,3086.28,0.25372,192302718,0000000.0000,0000000.0,8850.3,0.260907,68309.46,0.2511,2027-06-01
NK225E    ,OOP,202706,63000.0,            ,182303018,0000000.0000,0000000.0,3165.17,0.253018,192303018,0000000.0000,0000000.0,8681.9,0.260002,68309.46,0.2511,2027-06-01
NK225E    ,OOP,202706,63250.0,            ,182303218,0000000.0000,0000000.0,3245.79,0.252239,192303218,0000000.0000,0000000.0,8515.24,0.259276,68309.46,0.2511,2027-06-01
NK225E    ,OOP,202706,63500.0,            ,182303518,0000000.0000,0000000.0,3328.21,0.251385,192303518,0000000.0000,0000000.0,8350.38,0.258476,68309.46,0.2511,2027-06-01
NK225E    ,OOP,202706,63750.0,            ,182303718,0000000.0000,0000000.0,3412.41,0.250704,192303718,0000000.0000,0000000.0,8187.3,0.257603,68309.46,0.2511,2027-06-01
NK225E    ,OOP,202706,64000.0,            ,182304018,0000000.0000,0000000.0,3498.4,0.249946,192304018,0000000.0000,0000000.0,8026.01,0.256903,68309.46,0.2511,2027-06-01
NK225E    ,OOP,202706,64250.0,            ,182304218,0000000.0000,0000000.0,3586.24,0.249113,192304218,0000000.0000,0000000.0,7866.56,0.256127,68309.46,0.2511,2027-06-01
NK225E    ,OOP,202706,64500.0,            ,182304518,0000000.0000,0000000.0,3675.9,0.248446,192304518,0000000.0000,0000000.0,7708.94,0.255279,68309.46,0.2511,2027-06-01
NK225E    ,OOP,202706,64750.0,            ,182304718,0000000.0000,0000000.0,3767.44,0.247702,192304718,0000000.0000,0000000.0,7553.21,0.254357,68309.46,0.2511,2027-06-01
NK225E    ,OOP,202706,65000.0,            ,182305018,0000000.0000,0000000.0,3860.86,0.247119,192305018,0000000.0000,0000000.0,7399.35,0.253838,68309.46,0.2511,2027-06-01
NK225E    ,OOP,202706,65250.0,            ,182305218,0000000.0000,0000000.0,3956.18,0.246222,192305218,0000000.0000,0000000.0,7247.39,0.253006,68309.46,0.2511,2027-06-01
NK225E    ,OOP,202706,65500.0,            ,182305518,0000000.0000,0000000.0,4053.42,0.24572,192305518,0000000.0000,0000000.0,7097.34,0.252335,68309.46,0.2511,2027-06-01
NK225E    ,OOP,202706,65750.0,            ,182305718,0000000.0000,0000000.0,4152.58,0.244905,192305718,0000000.0000,0000000.0,6949.22,0.251589,68309.46,0.2511,2027-06-01
NK225E    ,OOP,202706,66000.0,            ,182306018,0000000.0000,0000000.0,4253.7,0.244246,192306018,0000000.0000,0000000.0,6803.06,0.250768,68309.46,0.2511,2027-06-01
NK225E    ,OOP,202706,66250.0,            ,182306218,0000000.0000,0000000.0,4356.78,0.243741,192306218,0000000.0000,0000000.0,6658.86,0.250104,68309.46,0.2511,2027-06-01
NK225E    ,OOP,202706,66500.0,            ,182306518,0000000.0000,0000000.0,4461.83,0.243156,192306518,0000000.0000,0000000.0,6516.63,0.249593,68309.46,0.2511,2027-06-01
NK225E    ,OOP,202706,66750.0,            ,182306718,0000000.0000,0000000.0,4568.86,0.242493,192306718,0000000.0000,0000000.0,6376.37,0.249006,68309.46,0.2511,2027-06-01
NK225E    ,OOP,202706,67000.0,            ,182307018,0000000.0000,0000000.0,4677.9,0.241752,192307018,0000000.0000,0000000.0,6238.14,0.248342,68309.46,0.2511,2027-06-01
NK225E    ,OOP,202706,67250.0,            ,182307218,0000000.0000,0000000.0,4788.94,0.241161,192307218,0000000.0000,0000000.0,6101.9,0.247603,68309.46,0.2511,2027-06-01
NK225E    ,OOP,202706,67500.0,            ,132427518,0000000.0000,0000000.0,4902.02,0.240717,142427518,0000000.0000,0000000.0,5967.69,0.247014,68309.46,0.2511,2027-06-01
NK225E    ,OOP,202706,67750.0,            ,182307718,0000000.0000,0000000.0,5017.09,0.240194,192307718,0000000.0000,0000000.0,5835.48,0.246574,68309.46,0.2511,2027-06-01
NK225E    ,OOP,202706,68000.0,            ,182308018,0000000.0000,0000000.0,5134.22,0.239592,192308018,0000000.0000,0000000.0,5705.33,0.245832,68309.46,0.2511,2027-06-01
NK225E    ,OOP,202706,68250.0,            ,182308218,0000000.0000,0000000.0,5253.36,0.239136,192308218,0000000.0000,0000000.0,5577.19,0.245239,68309.46,0.2511,2027-06-01
NK225E    ,OOP,202706,68500.0,            ,182308518,0000000.0000,0000000.0,5374.54,0.238601,192308518,0000000.0000,0000000.0,5451.09,0.244793,68309.46,0.2511,2027-06-01
NK225E    ,OOP,202706,68750.0,            ,182308718,0000000.0000,0000000.0,5497.77,0.237987,192308718,0000000.0000,0000000.0,5327.04,0.24427,68309.46,0.2511,2027-06-01
NK225E    ,OOP,202706,69000.0,            ,182309018,0000000.0000,0000000.0,5623.05,0.237518,192309018,0000000.0000,0000000.0,5205.03,0.243671,68309.46,0.2511,2027-06-01
NK225E    ,OOP,202706,69250.0,            ,182309218,0000000.0000,0000000.0,5750.38,0.23697,192309218,0000000.0000,0000000.0,5085.09,0.243218,68309.46,0.2511,2027-06-01
NK225E    ,OOP,202706,69500.0,            ,182309518,0000000.0000,0000000.0,5879.74,0.236566,192309518,0000000.0000,0000000.0,4967.16,0.242688,68309.46,0.2511,2027-06-01
NK225E    ,OOP,202706,69750.0,            ,182309718,0000000.0000,0000000.0,6011.15,0.236083,192309718,0000000.0000,0000000.0,4851.3,0.242304,68309.46,0.2511,2027-06-01
NK225E    ,OOP,202706,70000.0,            ,182300018,0000000.0000,0000000.0,6144.61,0.235522,192300018,0000000.0000,0000000.0,4737.47,0.241844,68309.46,0.2511,2027-06-01
NK225E    ,OOP,202706,70250.0,            ,182300218,0000000.0000,0000000.0,6280.09,0.235105,192300218,0000000.0000,0000000.0,4625.67,0.241529,68309.46,0.2511,2027-06-01
NK225E    ,OOP,202706,70500.0,            ,182300518,0000000.0000,0000000.0,6417.63,0.234831,192300518,0000000.0000,0000000.0,4515.93,0.240916,68309.46,0.2511,2027-06-01
NK225E    ,OOP,202706,70750.0,            ,182300718,0000000.0000,0000000.0,6557.18,0.234257,192300718,0000000.0000,0000000.0,4408.2,0.240671,68309.46,0.2511,2027-06-01
NK225E    ,OOP,202706,71000.0,            ,182301018,0000000.0000,0000000.0,6698.74,0.233827,192301018,0000000.0000,0000000.0,4302.48,0.240128,68309.46,0.2511,2027-06-01
NK225E    ,OOP,202706,71250.0,            ,182301218,0000000.0000,0000000.0,6842.32,0.233542,192301218,0000000.0000,0000000.0,4198.77,0.239732,68309.46,0.2511,2027-06-01
NK225E    ,OOP,202706,71500.0,            ,182301518,0000000.0000,0000000.0,6987.92,0.23318,192301518,0000000.0000,0000000.0,4097.09,0.239484,68309.46,0.2511,2027-06-01
NK225E    ,OOP,202706,71750.0,            ,182301718,0000000.0000,0000000.0,7135.49,0.23274,192301718,0000000.0000,0000000.0,3997.38,0.239161,68309.46,0.2511,2027-06-01
NK225E    ,OOP,202706,72000.0,            ,182302018,0000000.0000,0000000.0,7285.04,0.232447,192302018,0000000.0000,0000000.0,3899.65,0.238762,68309.46,0.2511,2027-06-01
NK225E    ,OOP,202706,72250.0,            ,182302218,0000000.0000,0000000.0,7436.54,0.232077,192302218,0000000.0000,0000000.0,3803.87,0.238514,68309.46,0.2511,2027-06-01
NK225E    ,OOP,202706,72500.0,            ,132422518,0000000.0000,0000000.0,7590.02,0.23163,142422518,0000000.0000,0000000.0,3710.08,0.238191,68309.46,0.2511,2027-06-01
NK225E    ,OOP,202706,72750.0,            ,132422718,0000000.0000,0000000.0,7745.43,0.231333,142422718,0000000.0000,0000000.0,3618.2,0.237793,68309.46,0.2511,2027-06-01
NK225E    ,OOP,202706,73000.0,            ,132423018,0000000.0000,0000000.0,7902.74,0.231187,142423018,0000000.0000,0000000.0,3528.23,0.237548,68309.46,0.2511,2027-06-01
NK225E    ,OOP,202706,73250.0,            ,132423218,0000000.0000,0000000.0,8061.97,0.230737,142423218,0000000.0000,0000000.0,3440.18,0.23723,68309.46,0.2511,2027-06-01
NK225E    ,OOP,202706,73500.0,            ,132423518,0000000.0000,0000000.0,8223.1,0.230439,142423518,0000000.0000,0000000.0,3354.03,0.237067,68309.46,0.2511,2027-06-01
NK225E    ,OOP,202706,73750.0,            ,132423718,0000000.0000,0000000.0,8386.09,0.230298,142423718,0000000.0000,0000000.0,3269.73,0.236832,68309.46,0.2511,2027-06-01
NK225E    ,OOP,202706,74000.0,            ,132424018,0000000.0000,0000000.0,8550.92,0.229849,142424018,0000000.0000,0000000.0,3187.28,0.236523,68309.46,0.2511,2027-06-01
NK225E    ,OOP,202706,74250.0,            ,132424218,0000000.0000,0000000.0,8717.57,0.229792,142424218,0000000.0000,0000000.0,3106.66,0.236375,68309.46,0.2511,2027-06-01
NK225E    ,OOP,202706,74500.0,            ,132424518,0000000.0000,0000000.0,8886.03,0.229426,142424518,0000000.0000,0000000.0,3027.84,0.236155,68309.46,0.2511,2027-06-01
NK225E    ,OOP,202706,74750.0,            ,132424718,0000000.0000,0000000.0,9056.28,0.229222,142424718,0000000.0000,0000000.0,2950.8,0.235863,68309.46,0.2511,2027-06-01
NK225E    ,OOP,202706,75000.0,            ,132425018,0000000.0000,0000000.0,9228.29,0.228943,142425018,0000000.0000,0000000.0,2875.53,0.235735,68309.46,0.2511,2027-06-01
NK225E    ,OOP,202706,75250.0,            ,132425218,0000000.0000,0000000.0,9402.05,0.228831,142425218,0000000.0000,0000000.0,2802.01,0.235538,68309.46,0.2511,2027-06-01
NK225E    ,OOP,202706,75500.0,            ,132425518,0000000.0000,0000000.0,9577.53,0.228646,142425518,0000000.0000,0000000.0,2730.21,0.235269,68309.46,0.2511,2027-06-01
NK225E    ,OOP,202706,75750.0,            ,132425718,0000000.0000,0000000.0,9754.69,0.228389,142425718,0000000.0000,0000000.0,2660.08,0.235171,68309.46,0.2511,2027-06-01
NK225E    ,OOP,202706,76000.0,            ,132426018,0000000.0000,0000000.0,9933.5,0.228058,142426018,0000000.0000,0000000.0,2591.62,0.235004,68309.46,0.2511,2027-06-01
NK225E    ,OOP,202706,76250.0,            ,132426218,0000000.0000,0000000.0,10113.97,0.227901,142426218,0000000.0000,0000000.0,2524.81,0.235012,68309.46,0.2511,2027-06-01
NK225E    ,OOP,202706,77500.0,            ,182307518,0000000.0000,0000000.0,11040.01,0.227315,192307518,0000000.0000,0000000.0,2214.44,0.234554,68309.46,0.2511,2027-06-01
NK225E    ,OOP,202706,80000.0,            ,132420018,0000000.0000,0000000.0,12999.64,0.226331,142420018,0000000.0000,0000000.0,1701.26,0.23453,68309.46,0.2511,2027-06-01
NK225E    ,OOP,202706,85000.0,            ,182425018,0000000.0000,0000000.0,17253.31,0.226068,192425018,0000000.0000,0000000.0,1009.31,0.236846,68309.46,0.2511,2027-06-01
NK225E    ,OOP,202706,90000.0,            ,182420018,0000000.0000,0000000.0,21794.14,0.22606,192420018,0000000.0000,0000000.0,604.52,0.240618,68309.46,0.2511,2027-06-01
NK225E    ,OOP,202706,95000.0,            ,132545018,0000000.0000,0000000.0,26487.99,0.221467,142545018,0000000.0000,0000000.0,352.75,0.24356,68309.46,0.2511,2027-06-01
NK225E    ,OOP,202706,100000.0,            ,132540018,0000000.0000,0000000.0,31262.0,0.197422,142540018,0000000.0000,0000000.0,181.14,0.24069,68309.46,0.2511,2027-06-01
NK225E    ,OOP,202707,53000.0,            ,132073018,0000000.0000,0000000.0,1250.47,0.291584,142073018,0000000.0000,0000000.0,16674.1,0.303953,68309.46,0.2511,2027-07-01
NK225E    ,OOP,202707,54000.0,            ,132074018,0000000.0000,0000000.0,1378.99,0.286232,142074018,0000000.0000,0000000.0,15814.69,0.297712,68309.46,0.2511,2027-07-01
NK225E    ,OOP,202707,55000.0,            ,132075018,0000000.0000,0000000.0,1525.92,0.281553,142075018,0000000.0000,0000000.0,14973.7,0.292557,68309.46,0.2511,2027-07-01
NK225E    ,OOP,202707,56000.0,            ,132076018,0000000.0000,0000000.0,1692.77,0.277375,142076018,0000000.0000,0000000.0,14152.62,0.28761,68309.46,0.2511,2027-07-01
NK225E    ,OOP,202707,57000.0,            ,132077018,0000000.0000,0000000.0,1880.92,0.273557,142077018,0000000.0000,0000000.0,13352.85,0.283097,68309.46,0.2511,2027-07-01
NK225E    ,OOP,202707,57500.0,            ,182077518,0000000.0000,0000000.0,1984.13,0.271747,192077518,0000000.0000,0000000.0,12962.1,0.281267,68309.46,0.2511,2027-07-01
NK225E    ,OOP,202707,57750.0,            ,182077718,0000000.0000,0000000.0,2037.34,0.271049,192077718,0000000.0000,0000000.0,12768.33,0.280261,68309.46,0.2511,2027-07-01
NK225E    ,OOP,202707,58000.0,            ,132078018,0000000.0000,0000000.0,2091.66,0.269985,142078018,0000000.0000,0000000.0,12575.67,0.279196,68309.46,0.2511,2027-07-01
NK225E    ,OOP,202707,58250.0,            ,182078218,0000000.0000,0000000.0,2148.52,0.26945,192078218,0000000.0000,0000000.0,12385.55,0.278362,68309.46,0.2511,2027-07-01
NK225E    ,OOP,202707,58500.0,            ,182078518,0000000.0000,0000000.0,2206.55,0.268553,192078518,0000000.0000,0000000.0,12196.6,0.277466,68309.46,0.2511,2027-07-01
NK225E    ,OOP,202707,58750.0,            ,182078718,0000000.0000,0000000.0,2265.74,0.267878,192078718,0000000.0000,0000000.0,12008.81,0.276789,68309.46,0.2511,2027-07-01
NK225E    ,OOP,202707,59000.0,            ,132079018,0000000.0000,0000000.0,2326.13,0.267134,142079018,0000000.0000,0000000.0,11822.22,0.275767,68309.46,0.2511,2027-07-01
NK225E    ,OOP,202707,59250.0,            ,182079218,0000000.0000,0000000.0,2389.02,0.266323,192079218,0000000.0000,0000000.0,11638.12,0.274962,68309.46,0.2511,2027-07-01
NK225E    ,OOP,202707,59500.0,            ,182079518,0000000.0000,0000000.0,2453.17,0.265722,192079518,0000000.0000,0000000.0,11455.29,0.274092,68309.46,0.2511,2027-07-01
NK225E    ,OOP,202707,59750.0,            ,182079718,0000000.0000,0000000.0,2518.58,0.26505,192079718,0000000.0000,0000000.0,11273.72,0.27343,68309.46,0.2511,2027-07-01
NK225E    ,OOP,202707,60000.0,            ,132070018,0000000.0000,0000000.0,2585.26,0.26431,142070018,0000000.0000,0000000.0,11093.42,0.2727,68309.46,0.2511,2027-07-01
NK225E    ,OOP,202707,60250.0,            ,182070218,0000000.0000,0000000.0,2654.38,0.263769,192070218,0000000.0000,0000000.0,10915.56,0.271905,68309.46,0.2511,2027-07-01
NK225E    ,OOP,202707,60500.0,            ,182070518,0000000.0000,0000000.0,2724.84,0.263156,192070518,0000000.0000,0000000.0,10739.04,0.271306,68309.46,0.2511,2027-07-01
NK225E    ,OOP,202707,60750.0,            ,182070718,0000000.0000,0000000.0,2796.64,0.262474,192070718,0000000.0000,0000000.0,10563.86,0.270382,68309.46,0.2511,2027-07-01
NK225E    ,OOP,202707,61000.0,            ,132071018,0000000.0000,0000000.0,2869.78,0.261723,142071018,0000000.0000,0000000.0,10390.02,0.269651,68309.46,0.2511,2027-07-01
NK225E    ,OOP,202707,61250.0,            ,182071218,0000000.0000,0000000.0,2945.28,0.261161,192071218,0000000.0000,0000000.0,10218.54,0.269107,68309.46,0.2511,2027-07-01
NK225E    ,OOP,202707,61500.0,            ,182071518,0000000.0000,0000000.0,3022.16,0.260527,192071518,0000000.0000,0000000.0,10048.44,0.268494,68309.46,0.2511,2027-07-01
NK225E    ,OOP,202707,61750.0,            ,182071718,0000000.0000,0000000.0,3100.46,0.260074,192071718,0000000.0000,0000000.0,9879.75,0.267814,68309.46,0.2511,2027-07-01
NK225E    ,OOP,202707,62000.0,            ,132072018,0000000.0000,0000000.0,3180.18,0.259549,142072018,0000000.0000,0000000.0,9712.5,0.267068,68309.46,0.2511,2027-07-01
NK225E    ,OOP,202707,62250.0,            ,182072218,0000000.0000,0000000.0,3262.16,0.258953,192072218,0000000.0000,0000000.0,9547.49,0.2665,68309.46,0.2511,2027-07-01
NK225E    ,OOP,202707,62500.0,            ,182072518,0000000.0000,0000000.0,3345.58,0.258288,192072518,0000000.0000,0000000.0,9383.94,0.265864,68309.46,0.2511,2027-07-01
NK225E    ,OOP,202707,62750.0,            ,182072718,0000000.0000,0000000.0,3430.46,0.257795,192072718,0000000.0000,0000000.0,9221.84,0.265401,68309.46,0.2511,2027-07-01
NK225E    ,OOP,202707,63000.0,            ,182073018,0000000.0000,0000000.0,3516.82,0.257231,192073018,0000000.0000,0000000.0,9061.21,0.26463,68309.46,0.2511,2027-07-01
NK225E    ,OOP,202707,63250.0,            ,132073218,0000000.0000,0000000.0,3605.27,0.256833,142073218,0000000.0000,0000000.0,8902.68,0.264031,68309.46,0.2511,2027-07-01
NK225E    ,OOP,202707,63500.0,            ,132073518,0000000.0000,0000000.0,3695.28,0.256129,142073518,0000000.0000,0000000.0,8745.71,0.263598,68309.46,0.2511,2027-07-01
NK225E    ,OOP,202707,63750.0,            ,132073718,0000000.0000,0000000.0,3786.77,0.255823,142073718,0000000.0000,0000000.0,8590.22,0.262863,68309.46,0.2511,2027-07-01
NK225E    ,OOP,202707,64000.0,            ,182074018,0000000.0000,0000000.0,3879.78,0.255213,192074018,0000000.0000,0000000.0,8436.25,0.262294,68309.46,0.2511,2027-07-01
NK225E    ,OOP,202707,64250.0,            ,132074218,0000000.0000,0000000.0,3974.79,0.254764,142074218,0000000.0000,0000000.0,8284.28,0.261886,68309.46,0.2511,2027-07-01
NK225E    ,OOP,202707,64500.0,            ,132074518,0000000.0000,0000000.0,4071.34,0.254244,142074518,0000000.0000,0000000.0,8133.85,0.261409,68309.46,0.2511,2027-07-01
NK225E    ,OOP,202707,64750.0,            ,132074718,0000000.0000,0000000.0,4169.43,0.253654,142074718,0000000.0000,0000000.0,7984.96,0.260864,68309.46,0.2511,2027-07-01
NK225E    ,OOP,202707,65000.0,            ,182075018,0000000.0000,0000000.0,4269.06,0.25322,192075018,0000000.0000,0000000.0,7837.61,0.260251,68309.46,0.2511,2027-07-01
NK225E    ,OOP,202707,65250.0,            ,132075218,0000000.0000,0000000.0,4370.54,0.252717,142075218,0000000.0000,0000000.0,7692.11,0.259794,68309.46,0.2511,2027-07-01
NK225E    ,OOP,202707,65500.0,            ,132075518,0000000.0000,0000000.0,4473.63,0.252365,142075518,0000000.0000,0000000.0,7548.22,0.25927,68309.46,0.2511,2027-07-01
NK225E    ,OOP,202707,65750.0,            ,132075718,0000000.0000,0000000.0,4578.29,0.251722,142075718,0000000.0000,0000000.0,7405.89,0.258679,68309.46,0.2511,2027-07-01
NK225E    ,OOP,202707,66000.0,            ,182076018,0000000.0000,0000000.0,4684.51,0.251231,192076018,0000000.0000,0000000.0,7265.14,0.25824,68309.46,0.2511,2027-07-01
NK225E    ,OOP,202707,66250.0,            ,132076218,0000000.0000,0000000.0,4792.48,0.25089,142076218,0000000.0000,0000000.0,7126.12,0.257734,68309.46,0.2511,2027-07-01
NK225E    ,OOP,202707,66500.0,            ,132076518,0000000.0000,0000000.0,4902.02,0.25026,142076518,0000000.0000,0000000.0,6988.68,0.25716,68309.46,0.2511,2027-07-01
NK225E    ,OOP,202707,66750.0,            ,132076718,0000000.0000,0000000.0,5013.15,0.249779,142076718,0000000.0000,0000000.0,6852.83,0.256737,68309.46,0.2511,2027-07-01
NK225E    ,OOP,202707,67000.0,            ,182077018,0000000.0000,0000000.0,5125.89,0.249445,192077018,0000000.0000,0000000.0,6718.59,0.256246,68309.46,0.2511,2027-07-01
NK225E    ,OOP,202707,67250.0,            ,132077218,0000000.0000,0000000.0,5240.24,0.249041,142077218,0000000.0000,0000000.0,6585.97,0.255688,68309.46,0.2511,2027-07-01
NK225E    ,OOP,202707,67500.0,            ,132077518,0000000.0000,0000000.0,5356.21,0.248353,142077518,0000000.0000,0000000.0,6454.95,0.255064,68309.46,0.2511,2027-07-01
NK225E    ,OOP,202707,67750.0,            ,132077718,0000000.0000,0000000.0,5473.77,0.248026,142077718,0000000.0000,0000000.0,6325.53,0.254588,68309.46,0.2511,2027-07-01
NK225E    ,OOP,202707,68000.0,            ,182078018,0000000.0000,0000000.0,5592.98,0.247416,192078018,0000000.0000,0000000.0,6197.76,0.254258,68309.46,0.2511,2027-07-01
NK225E    ,OOP,202707,68250.0,            ,132078218,0000000.0000,0000000.0,5713.68,0.246951,142078218,0000000.0000,0000000.0,6071.48,0.253648,68309.46,0.2511,2027-07-01
NK225E    ,OOP,202707,68500.0,            ,132078518,0000000.0000,0000000.0,5836.01,0.24663,142078518,0000000.0000,0000000.0,5946.83,0.253184,68309.46,0.2511,2027-07-01
NK225E    ,OOP,202707,68750.0,            ,132078718,0000000.0000,0000000.0,5959.93,0.246028,142078718,0000000.0000,0000000.0,5823.77,0.252654,68309.46,0.2511,2027-07-01
NK225E    ,OOP,202707,69000.0,            ,182079018,0000000.0000,0000000.0,6085.45,0.245569,192079018,0000000.0000,0000000.0,5702.31,0.252269,68309.46,0.2511,2027-07-01
NK225E    ,OOP,202707,69250.0,            ,132079218,0000000.0000,0000000.0,6212.47,0.245042,142079218,0000000.0000,0000000.0,5582.35,0.251606,68309.46,0.2511,2027-07-01
NK225E    ,OOP,202707,69500.0,            ,132079518,0000000.0000,0000000.0,6341.09,0.244659,142079518,0000000.0000,0000000.0,5463.98,0.2513,68309.46,0.2511,2027-07-01
NK225E    ,OOP,202707,69750.0,            ,132079718,0000000.0000,0000000.0,6471.3,0.244207,142079718,0000000.0000,0000000.0,5347.21,0.250716,68309.46,0.2511,2027-07-01
NK225E    ,OOP,202707,70000.0,            ,182070018,0000000.0000,0000000.0,6603.12,0.243687,192070018,0000000.0000,0000000.0,5232.05,0.250277,68309.46,0.2511,2027-07-01
NK225E    ,OOP,202707,70250.0,            ,132070218,0000000.0000,0000000.0,6736.42,0.243099,142070218,0000000.0000,0000000.0,5118.37,0.249772,68309.46,0.2511,2027-07-01
NK225E    ,OOP,202707,70500.0,            ,132070518,0000000.0000,0000000.0,6871.3,0.242655,142070518,0000000.0000,0000000.0,5006.27,0.249201,68309.46,0.2511,2027-07-01
NK225E    ,OOP,202707,70750.0,            ,132070718,0000000.0000,0000000.0,7007.77,0.242142,142070718,0000000.0000,0000000.0,4895.76,0.248775,68309.46,0.2511,2027-07-01
NK225E    ,OOP,202707,71000.0,            ,182071018,0000000.0000,0000000.0,7145.82,0.241561,192071018,0000000.0000,0000000.0,4786.83,0.248283,68309.46,0.2511,2027-07-01
NK225E    ,OOP,202707,71250.0,            ,132071218,0000000.0000,0000000.0,7285.38,0.241124,142071218,0000000.0000,0000000.0,4679.41,0.247726,68309.46,0.2511,2027-07-01
NK225E    ,OOP,202707,71500.0,            ,132071518,0000000.0000,0000000.0,7426.52,0.24062,142071518,0000000.0000,0000000.0,4573.57,0.247313,68309.46,0.2511,2027-07-01
NK225E    ,OOP,202707,71750.0,            ,132071718,0000000.0000,0000000.0,7569.23,0.240259,142071718,0000000.0000,0000000.0,4469.29,0.246836,68309.46,0.2511,2027-07-01
NK225E    ,OOP,202707,72000.0,            ,182072018,0000000.0000,0000000.0,7713.5,0.239619,192072018,0000000.0000,0000000.0,4366.59,0.246292,68309.46,0.2511,2027-07-01
NK225E    ,OOP,202707,72250.0,            ,132072218,0000000.0000,0000000.0,7859.31,0.239123,142072218,0000000.0000,0000000.0,4265.42,0.245895,68309.46,0.2511,2027-07-01
NK225E    ,OOP,202707,72500.0,            ,132072518,0000000.0000,0000000.0,8006.71,0.23856,142072518,0000000.0000,0000000.0,4165.83,0.24522,68309.46,0.2511,2027-07-01
NK225E    ,OOP,202707,72750.0,            ,132072718,0000000.0000,0000000.0,8155.65,0.238143,142072718,0000000.0000,0000000.0,4067.8,0.244906,68309.46,0.2511,2027-07-01
NK225E    ,OOP,202707,73000.0,            ,132193018,0000000.0000,0000000.0,8306.14,0.237658,142193018,0000000.0000,0000000.0,3971.31,0.244312,68309.46,0.2511,2027-07-01
NK225E    ,OOP,202707,73250.0,            ,182073218,0000000.0000,0000000.0,8458.29,0.237106,192073218,0000000.0000,0000000.0,3876.47,0.243868,68309.46,0.2511,2027-07-01
NK225E    ,OOP,202707,74000.0,            ,132194018,0000000.0000,0000000.0,8923.89,0.235693,142194018,0000000.0000,0000000.0,3601.13,0.242358,68309.46,0.2511,2027-07-01
NK225E    ,OOP,202707,75000.0,            ,132195018,0000000.0000,0000000.0,9566.89,0.233518,142195018,0000000.0000,0000000.0,3256.21,0.240448,68309.46,0.2511,2027-07-01
NK225E    ,OOP,202707,76000.0,            ,132196018,0000000.0000,0000000.0,10235.39,0.231598,142196018,0000000.0000,0000000.0,2936.79,0.238833,68309.46,0.2511,2027-07-01
NK225E    ,OOP,202707,77000.0,            ,132197018,0000000.0000,0000000.0,10929.63,0.229747,142197018,0000000.0000,0000000.0,2643.11,0.2371,68309.46,0.2511,2027-07-01
NK225E    ,OOP,202707,78000.0,            ,132198018,0000000.0000,0000000.0,11649.76,0.22825,142198018,0000000.0000,0000000.0,2375.31,0.235752,68309.46,0.2511,2027-07-01
NK225E    ,OOP,202707,79000.0,            ,132199018,0000000.0000,0000000.0,12395.96,0.226681,142199018,0000000.0000,0000000.0,2133.58,0.234621,68309.46,0.2511,2027-07-01
NK225E    ,OOP,202707,80000.0,            ,132190018,0000000.0000,0000000.0,13168.21,0.225611,142190018,0000000.0000,0000000.0,1917.91,0.233779,68309.46,0.2511,2027-07-01
NK225E    ,OOP,202707,81000.0,            ,132191018,0000000.0000,0000000.0,13966.38,0.224889,142191018,0000000.0000,0000000.0,1728.16,0.233586,68309.46,0.2511,2027-07-01
NK225E    ,OOP,202707,82000.0,            ,132192018,0000000.0000,0000000.0,14790.21,0.224629,142192018,0000000.0000,0000000.0,1564.07,0.233622,68309.46,0.2511,2027-07-01
NK225E    ,OOP,202707,83000.0,            ,182193018,0000000.0000,0000000.0,15639.32,0.22528,192193018,0000000.0000,0000000.0,1425.26,0.234574,68309.46,0.2511,2027-07-01
NK225E    ,OOP,202708,53000.0,            ,132083018,0000000.0000,0000000.0,1504.55,0.294508,142083018,0000000.0000,0000000.0,17005.27,0.305409,68309.46,0.2511,2027-08-01
NK225E    ,OOP,202708,54000.0,            ,132084018,0000000.0000,0000000.0,1672.2,0.291128,142084018,0000000.0000,0000000.0,16186.5,0.301483,68309.46,0.2511,2027-08-01
NK225E    ,OOP,202708,55000.0,            ,132085018,0000000.0000,0000000.0,1848.28,0.287517,142085018,0000000.0000,0000000.0,15376.16,0.297078,68309.46,0.2511,2027-08-01
NK225E    ,OOP,202708,56000.0,            ,132086018,0000000.0000,0000000.0,2035.03,0.283667,142086018,0000000.0000,0000000.0,14576.49,0.292815,68309.46,0.2511,2027-08-01
NK225E    ,OOP,202708,57000.0,            ,132087018,0000000.0000,0000000.0,2234.83,0.279572,142087018,0000000.0000,0000000.0,13789.86,0.288354,68309.46,0.2511,2027-08-01
NK225E    ,OOP,202708,58000.0,            ,132088018,0000000.0000,0000000.0,2450.14,0.275768,142088018,0000000.0000,0000000.0,13018.74,0.283951,68309.46,0.2511,2027-08-01
NK225E    ,OOP,202708,59000.0,            ,132089018,0000000.0000,0000000.0,2683.34,0.271916,142089018,0000000.0000,0000000.0,12265.52,0.279816,68309.46,0.2511,2027-08-01
NK225E    ,OOP,202708,59500.0,            ,182089518,0000000.0000,0000000.0,2807.89,0.270182,192089518,0000000.0000,0000000.0,11896.86,0.277826,68309.46,0.2511,2027-08-01
NK225E    ,OOP,202708,59750.0,            ,182089718,0000000.0000,0000000.0,2871.81,0.269107,192089718,0000000.0000,0000000.0,11714.17,0.277003,68309.46,0.2511,2027-08-01
NK225E    ,OOP,202708,60000.0,            ,132080018,0000000.0000,0000000.0,2936.83,0.268229,142080018,0000000.0000,0000000.0,11532.59,0.275878,68309.46,0.2511,2027-08-01
NK225E    ,OOP,202708,60250.0,            ,182080218,0000000.0000,0000000.0,3004.07,0.267295,192080218,0000000.0000,0000000.0,11353.22,0.274948,68309.46,0.2511,2027-08-01
NK225E    ,OOP,202708,60500.0,            ,182080518,0000000.0000,0000000.0,3072.48,0.266551,192080518,0000000.0000,0000000.0,11175.02,0.273964,68309.46,0.2511,2027-08-01
NK225E    ,OOP,202708,60750.0,            ,182080718,0000000.0000,0000000.0,3142.03,0.265748,192080718,0000000.0000,0000000.0,10997.97,0.273168,68309.46,0.2511,2027-08-01
NK225E    ,OOP,202708,61000.0,            ,132081018,0000000.0000,0000000.0,3212.77,0.264888,142081018,0000000.0000,0000000.0,10822.1,0.272078,68309.46,0.2511,2027-08-01
NK225E    ,OOP,202708,61250.0,            ,182081218,0000000.0000,0000000.0,3285.99,0.263972,192081218,0000000.0000,0000000.0,10648.72,0.271409,68309.46,0.2511,2027-08-01
NK225E    ,OOP,202708,61500.0,            ,182081518,0000000.0000,0000000.0,3360.46,0.263236,192081518,0000000.0000,0000000.0,10476.58,0.270448,68309.46,0.2511,2027-08-01
NK225E    ,OOP,202708,61750.0,            ,182081718,0000000.0000,0000000.0,3436.15,0.262441,192081718,0000000.0000,0000000.0,10305.67,0.269665,68309.46,0.2511,2027-08-01
NK225E    ,OOP,202708,62000.0,            ,132082018,0000000.0000,0000000.0,3513.1,0.261589,142082018,0000000.0000,0000000.0,10136.01,0.268596,68309.46,0.2511,2027-08-01
NK225E    ,OOP,202708,62250.0,            ,182082218,0000000.0000,0000000.0,3592.74,0.260909,192082218,0000000.0000,0000000.0,9969.05,0.267932,68309.46,0.2511,2027-08-01
NK225E    ,OOP,202708,62500.0,            ,182082518,0000000.0000,0000000.0,3673.7,0.26017,192082518,0000000.0000,0000000.0,9803.4,0.267209,68309.46,0.2511,2027-08-01
NK225E    ,OOP,202708,62750.0,            ,182082718,0000000.0000,0000000.0,3755.93,0.259372,192082718,0000000.0000,0000000.0,9639.02,0.266428,68309.46,0.2511,2027-08-01
NK225E    ,OOP,202708,63000.0,            ,182083018,0000000.0000,0000000.0,3839.52,0.25874,192083018,0000000.0000,0000000.0,9476.01,0.265591,68309.46,0.2511,2027-08-01
NK225E    ,OOP,202708,63250.0,            ,182083218,0000000.0000,0000000.0,3925.9,0.258047,192083218,0000000.0000,0000000.0,9315.78,0.26492,68309.46,0.2511,2027-08-01
NK225E    ,OOP,202708,63500.0,            ,132083518,0000000.0000,0000000.0,4013.66,0.257296,142083518,0000000.0000,0000000.0,9156.93,0.26419,68309.46,0.2511,2027-08-01
NK225E    ,OOP,202708,63750.0,            ,132083718,0000000.0000,0000000.0,4102.8,0.256704,142083718,0000000.0000,0000000.0,8999.47,0.263403,68309.46,0.2511,2027-08-01
NK225E    ,OOP,202708,64000.0,            ,182084018,0000000.0000,0000000.0,4193.31,0.256052,192084018,0000000.0000,0000000.0,8843.37,0.262776,68309.46,0.2511,2027-08-01
NK225E    ,OOP,202708,64250.0,            ,132084218,0000000.0000,0000000.0,4286.7,0.25534,142084218,0000000.0000,0000000.0,8690.16,0.26209,68309.46,0.2511,2027-08-01
NK225E    ,OOP,202708,64500.0,            ,132084518,0000000.0000,0000000.0,4381.53,0.254784,142084518,0000000.0000,0000000.0,8538.38,0.261346,68309.46,0.2511,2027-08-01
NK225E    ,OOP,202708,64750.0,            ,132084718,0000000.0000,0000000.0,4477.72,0.254166,142084718,0000000.0000,0000000.0,8387.97,0.260758,68309.46,0.2511,2027-08-01
NK225E    ,OOP,202708,65000.0,            ,182085018,0000000.0000,0000000.0,4575.4,0.253488,192085018,0000000.0000,0000000.0,8239.04,0.260111,68309.46,0.2511,2027-08-01
NK225E    ,OOP,202708,65250.0,            ,132085218,0000000.0000,0000000.0,4675.96,0.252962,142085218,0000000.0000,0000000.0,8093.0,0.259616,68309.46,0.2511,2027-08-01
NK225E    ,OOP,202708,65500.0,            ,132085518,0000000.0000,0000000.0,4777.95,0.252584,142085518,0000000.0000,0000000.0,7948.37,0.258851,68309.46,0.2511,2027-08-01
NK225E    ,OOP,202708,65750.0,            ,132085718,0000000.0000,0000000.0,4881.43,0.251934,142085718,0000000.0000,0000000.0,7805.25,0.258447,68309.46,0.2511,2027-08-01
NK225E    ,OOP,202708,66000.0,            ,182086018,0000000.0000,0000000.0,4986.38,0.251433,192086018,0000000.0000,0000000.0,7663.59,0.257774,68309.46,0.2511,2027-08-01
NK225E    ,OOP,202708,66250.0,            ,132086218,0000000.0000,0000000.0,5094.12,0.25087,142086218,0000000.0000,0000000.0,7524.73,0.257249,68309.46,0.2511,2027-08-01
NK225E    ,OOP,202708,66500.0,            ,132086518,0000000.0000,0000000.0,5203.36,0.250453,142086518,0000000.0000,0000000.0,7387.37,0.256871,68309.46,0.2511,2027-08-01
NK225E    ,OOP,202708,66750.0,            ,132086718,0000000.0000,0000000.0,5314.07,0.249973,142086718,0000000.0000,0000000.0,7251.46,0.256227,68309.46,0.2511,2027-08-01
NK225E    ,OOP,202708,67000.0,            ,182087018,0000000.0000,0000000.0,5426.3,0.249433,192087018,0000000.0000,0000000.0,7117.09,0.255729,68309.46,0.2511,2027-08-01
NK225E    ,OOP,202708,67250.0,            ,132087218,0000000.0000,0000000.0,5541.21,0.249036,142087218,0000000.0000,0000000.0,6985.39,0.255375,68309.46,0.2511,2027-08-01
NK225E    ,OOP,202708,67500.0,            ,132087518,0000000.0000,0000000.0,5657.61,0.248577,142087518,0000000.0000,0000000.0,6855.19,0.254759,68309.46,0.2511,2027-08-01
NK225E    ,OOP,202708,67750.0,            ,132087718,0000000.0000,0000000.0,5775.48,0.248057,142087718,0000000.0000,0000000.0,6726.46,0.254285,68309.46,0.2511,2027-08-01
NK225E    ,OOP,202708,68000.0,            ,182088018,0000000.0000,0000000.0,5894.93,0.247678,192088018,0000000.0000,0000000.0,6599.3,0.253955,68309.46,0.2511,2027-08-01
NK225E    ,OOP,202708,68250.0,            ,132088218,0000000.0000,0000000.0,6016.85,0.247239,142088218,0000000.0000,0000000.0,6474.61,0.253564,68309.46,0.2511,2027-08-01
NK225E    ,OOP,202708,68500.0,            ,132088518,0000000.0000,0000000.0,6140.27,0.246939,142088518,0000000.0000,0000000.0,6351.43,0.253115,68309.46,0.2511,2027-08-01
NK225E    ,OOP,202708,68750.0,            ,132088718,0000000.0000,0000000.0,6265.2,0.246578,142088718,0000000.0000,0000000.0,6229.75,0.252606,68309.46,0.2511,2027-08-01
NK225E    ,OOP,202708,69000.0,            ,182089018,0000000.0000,0000000.0,6391.65,0.246156,192089018,0000000.0000,0000000.0,6109.59,0.252238,68309.46,0.2511,2027-08-01
NK225E    ,OOP,202708,69250.0,            ,132089218,0000000.0000,0000000.0,6520.38,0.245674,142089218,0000000.0000,0000000.0,5991.71,0.251812,68309.46,0.2511,2027-08-01
NK225E    ,OOP,202708,69500.0,            ,132089518,0000000.0000,0000000.0,6650.6,0.245331,142089518,0000000.0000,0000000.0,5875.33,0.251526,68309.46,0.2511,2027-08-01
NK225E    ,OOP,202708,69750.0,            ,132089718,0000000.0000,0000000.0,6782.33,0.244928,142089718,0000000.0000,0000000.0,5760.45,0.251181,68309.46,0.2511,2027-08-01
NK225E    ,OOP,202708,70000.0,            ,182080018,0000000.0000,0000000.0,6915.54,0.244664,192080018,0000000.0000,0000000.0,5647.06,0.250777,68309.46,0.2511,2027-08-01
NK225E    ,OOP,202708,70250.0,            ,132080218,0000000.0000,0000000.0,7050.8,0.24434,142080218,0000000.0000,0000000.0,5535.72,0.250316,68309.46,0.2511,2027-08-01
NK225E    ,OOP,202708,70500.0,            ,132080518,0000000.0000,0000000.0,7187.57,0.243956,142080518,0000000.0000,0000000.0,5425.88,0.249994,68309.46,0.2511,2027-08-01
NK225E    ,OOP,202708,70750.0,            ,132080718,0000000.0000,0000000.0,7325.8,0.243512,142080718,0000000.0000,0000000.0,5317.51,0.249615,68309.46,0.2511,2027-08-01
NK225E    ,OOP,202708,71000.0,            ,182081018,0000000.0000,0000000.0,7465.53,0.243208,192081018,0000000.0000,0000000.0,5210.63,0.249377,68309.46,0.2511,2027-08-01
NK225E    ,OOP,202708,71250.0,            ,132081218,0000000.0000,0000000.0,7607.04,0.242844,142081218,0000000.0000,0000000.0,5105.53,0.24908,68309.46,0.2511,2027-08-01
NK225E    ,OOP,202708,71500.0,            ,132081518,0000000.0000,0000000.0,7750.01,0.242421,142081518,0000000.0000,0000000.0,5001.89,0.248726,68309.46,0.2511,2027-08-01
NK225E    ,OOP,202708,71750.0,            ,132081718,0000000.0000,0000000.0,7894.44,0.242138,142081718,0000000.0000,0000000.0,4899.72,0.248315,68309.46,0.2511,2027-08-01
NK225E    ,OOP,202708,72000.0,            ,182082018,0000000.0000,0000000.0,8040.35,0.241796,192082018,0000000.0000,0000000.0,4799.03,0.248045,68309.46,0.2511,2027-08-01
NK225E    ,OOP,202708,72250.0,            ,132082218,0000000.0000,0000000.0,8187.79,0.241395,142082218,0000000.0000,0000000.0,4699.85,0.247719,68309.46,0.2511,2027-08-01
NK225E    ,OOP,202708,72500.0,            ,132082518,0000000.0000,0000000.0,8336.66,0.241136,142082518,0000000.0000,0000000.0,4602.12,0.247335,68309.46,0.2511,2027-08-01
NK225E    ,OOP,202708,72750.0,            ,132082718,0000000.0000,0000000.0,8486.97,0.240819,142082718,0000000.0000,0000000.0,4505.83,0.246894,68309.46,0.2511,2027-08-01
NK225E    ,OOP,202708,73000.0,            ,132203018,0000000.0000,0000000.0,8638.71,0.240444,142203018,0000000.0000,0000000.0,4410.96,0.246597,68309.46,0.2511,2027-08-01
NK225E    ,OOP,202708,73250.0,            ,132083218,0000000.0000,0000000.0,8791.74,0.240009,142083218,0000000.0000,0000000.0,4317.38,0.246244,68309.46,0.2511,2027-08-01
NK225E    ,OOP,202708,74000.0,            ,132204018,0000000.0000,0000000.0,9259.31,0.238965,142204018,0000000.0000,0000000.0,4045.13,0.245249,68309.46,0.2511,2027-08-01
NK225E    ,OOP,202708,75000.0,            ,132205018,0000000.0000,0000000.0,9900.96,0.237582,142205018,0000000.0000,0000000.0,3700.36,0.244023,68309.46,0.2511,2027-08-01
NK225E    ,OOP,202708,76000.0,            ,132206018,0000000.0000,0000000.0,10562.59,0.236111,142206018,0000000.0000,0000000.0,3375.57,0.242527,68309.46,0.2511,2027-08-01
NK225E    ,OOP,202708,77000.0,            ,132207018,0000000.0000,0000000.0,11243.39,0.234354,142207018,0000000.0000,0000000.0,3069.95,0.240986,68309.46,0.2511,2027-08-01
NK225E    ,OOP,202708,78000.0,            ,132208018,0000000.0000,0000000.0,11942.76,0.23254,142208018,0000000.0000,0000000.0,2782.89,0.239421,68309.46,0.2511,2027-08-01
NK225E    ,OOP,202708,79000.0,            ,132209018,0000000.0000,0000000.0,12660.3,0.230691,142209018,0000000.0000,0000000.0,2514.01,0.237859,68309.46,0.2511,2027-08-01
NK225E    ,OOP,202708,80000.0,            ,132200018,0000000.0000,0000000.0,13395.88,0.228595,142200018,0000000.0000,0000000.0,2263.16,0.236097,68309.46,0.2511,2027-08-01
NK225E    ,OOP,202708,81000.0,            ,132201018,0000000.0000,0000000.0,14149.59,0.226756,142201018,0000000.0000,0000000.0,2030.45,0.23439,68309.46,0.2511,2027-08-01
NK225E    ,OOP,202708,82000.0,            ,132202018,0000000.0000,0000000.0,14921.71,0.224464,142202018,0000000.0000,0000000.0,1816.15,0.232528,68309.46,0.2511,2027-08-01
NK225E    ,OOP,202708,83000.0,            ,182203018,0000000.0000,0000000.0,15712.58,0.222518,192203018,0000000.0000,0000000.0,1620.59,0.230796,68309.46,0.2511,2027-08-01
NK225E    ,OOP,202709,20000.0,            ,182210018,0000000.0000,0000000.0,17.13,0.470903,192210018,0000000.0000,0000000.0,48059.19,0.679759,68309.46,0.2511,2027-09-01
NK225E    ,OOP,202709,21000.0,            ,182211018,0000000.0000,0000000.0,21.82,0.464879,192211018,0000000.0000,0000000.0,47078.65,0.65651,68309.46,0.2511,2027-09-01
NK225E    ,OOP,202709,22000.0,            ,182212018,0000000.0000,0000000.0,27.4,0.457805,192212018,0000000.0000,0000000.0,46099.01,0.634352,68309.46,0.2511,2027-09-01
NK225E    ,OOP,202709,23000.0,            ,182213018,0000000.0000,0000000.0,33.97,0.452292,192213018,0000000.0000,0000000.0,45120.36,0.613176,68309.46,0.2511,2027-09-01
NK225E    ,OOP,202709,24000.0,            ,182214018,0000000.0000,0000000.0,41.64,0.445253,192214018,0000000.0000,0000000.0,44142.8,0.594683,68309.46,0.2511,2027-09-01
NK225E    ,OOP,202709,25000.0,            ,182215018,0000000.0000,0000000.0,50.5,0.439366,192215018,0000000.0000,0000000.0,43166.43,0.575132,68309.46,0.2511,2027-09-01
NK225E    ,OOP,202709,26000.0,            ,182216018,0000000.0000,0000000.0,60.67,0.433167,192216018,0000000.0000,0000000.0,42191.38,0.557954,68309.46,0.2511,2027-09-01
NK225E    ,OOP,202709,27000.0,            ,182217018,0000000.0000,0000000.0,72.26,0.426701,192217018,0000000.0000,0000000.0,41217.74,0.54131,68309.46,0.2511,2027-09-01
NK225E    ,OOP,202709,28000.0,            ,182218018,0000000.0000,0000000.0,85.37,0.420702,192218018,0000000.0000,0000000.0,40245.63,0.526617,68309.46,0.2511,2027-09-01
NK225E    ,OOP,202709,29000.0,            ,132339018,0000000.0000,0000000.0,100.14,0.414338,142339018,0000000.0000,0000000.0,39275.17,0.512229,68309.46,0.2511,2027-09-01
NK225E    ,OOP,202709,30000.0,            ,132330018,0000000.0000,0000000.0,116.69,0.408217,142330018,0000000.0000,0000000.0,38306.49,0.498129,68309.46,0.2511,2027-09-01
NK225E    ,OOP,202709,31000.0,            ,132331018,0000000.0000,0000000.0,135.15,0.402209,142331018,0000000.0000,0000000.0,37339.73,0.485528,68309.46,0.2511,2027-09-01
NK225E    ,OOP,202709,32000.0,            ,132332018,0000000.0000,0000000.0,155.66,0.396233,142332018,0000000.0000,0000000.0,36375.01,0.47305,68309.46,0.2511,2027-09-01
NK225E    ,OOP,202709,33000.0,            ,132333018,0000000.0000,0000000.0,178.38,0.390601,142333018,0000000.0000,0000000.0,35412.5,0.460696,68309.46,0.2511,2027-09-01
NK225E    ,OOP,202709,34000.0,            ,132334018,0000000.0000,0000000.0,203.46,0.384506,142334018,0000000.0000,0000000.0,34452.36,0.449495,68309.46,0.2511,2027-09-01
NK225E    ,OOP,202709,35000.0,            ,132335018,0000000.0000,0000000.0,231.1,0.378635,142335018,0000000.0000,0000000.0,33494.78,0.438303,68309.46,0.2511,2027-09-01
NK225E    ,OOP,202709,36000.0,            ,132336018,0000000.0000,0000000.0,261.49,0.372887,142336018,0000000.0000,0000000.0,32539.94,0.428043,68309.46,0.2511,2027-09-01
NK225E    ,OOP,202709,37000.0,            ,132337018,0000000.0000,0000000.0,294.84,0.366949,142337018,0000000.0000,0000000.0,31588.06,0.417709,68309.46,0.2511,2027-09-01
NK225E    ,OOP,202709,38000.0,            ,132338018,0000000.0000,0000000.0,331.41,0.361493,142338018,0000000.0000,0000000.0,30639.4,0.40893,68309.46,0.2511,2027-09-01
NK225E    ,OOP,202709,39000.0,            ,132099018,0000000.0000,0000000.0,371.44,0.355958,142099018,0000000.0000,0000000.0,29694.21,0.399169,68309.46,0.2511,2027-09-01
NK225E    ,OOP,202709,40000.0,            ,132090018,0000000.0000,0000000.0,415.26,0.350688,142090018,0000000.0000,0000000.0,28752.8,0.390727,68309.46,0.2511,2027-09-01
NK225E    ,OOP,202709,41000.0,            ,132091018,0000000.0000,0000000.0,463.18,0.344751,142091018,0000000.0000,0000000.0,27815.49,0.382037,68309.46,0.2511,2027-09-01
NK225E    ,OOP,202709,42000.0,            ,132092018,0000000.0000,0000000.0,515.58,0.339032,142092018,0000000.0000,0000000.0,26882.67,0.373761,68309.46,0.2511,2027-09-01
NK225E    ,OOP,202709,43000.0,            ,132093018,0000000.0000,0000000.0,572.88,0.333448,142093018,0000000.0000,0000000.0,25954.74,0.365821,68309.46,0.2511,2027-09-01
NK225E    ,OOP,202709,44000.0,            ,132094018,0000000.0000,0000000.0,635.53,0.328583,142094018,0000000.0000,0000000.0,25032.17,0.358699,68309.46,0.2511,2027-09-01
NK225E    ,OOP,202709,45000.0,            ,132095018,0000000.0000,0000000.0,704.05,0.323045,142095018,0000000.0000,0000000.0,24115.47,0.351196,68309.46,0.2511,2027-09-01
NK225E    ,OOP,202709,46000.0,            ,132096018,0000000.0000,0000000.0,779.0,0.318046,142096018,0000000.0000,0000000.0,23205.19,0.34434,68309.46,0.2511,2027-09-01
NK225E    ,OOP,202709,47000.0,            ,132097018,0000000.0000,0000000.0,861.02,0.312925,142097018,0000000.0000,0000000.0,22301.99,0.337538,68309.46,0.2511,2027-09-01
NK225E    ,OOP,202709,47250.0,            ,182097218,0000000.0000,0000000.0,882.71,0.311545,192097218,0000000.0000,0000000.0,22077.37,0.335885,68309.46,0.2511,2027-09-01
NK225E    ,OOP,202709,47500.0,            ,132217518,0000000.0000,0000000.0,904.9,0.310128,142217518,0000000.0000,0000000.0,21853.24,0.334203,68309.46,0.2511,2027-09-01
NK225E    ,OOP,202709,47750.0,            ,182097718,0000000.0000,0000000.0,927.58,0.309161,192097718,0000000.0000,0000000.0,21629.62,0.332494,68309.46,0.2511,2027-09-01
NK225E    ,OOP,202709,48000.0,            ,132098018,0000000.0000,0000000.0,950.79,0.307666,142098018,0000000.0000,0000000.0,21406.52,0.330759,68309.46,0.2511,2027-09-01
NK225E    ,OOP,202709,48250.0,            ,182098218,0000000.0000,0000000.0,974.53,0.306608,192098218,0000000.0000,0000000.0,21183.96,0.328998,68309.46,0.2511,2027-09-01
NK225E    ,OOP,202709,48500.0,            ,182098518,0000000.0000,0000000.0,998.82,0.305501,192098518,0000000.0000,0000000.0,20961.94,0.327633,68309.46,0.2511,2027-09-01
NK225E    ,OOP,202709,48750.0,            ,182098718,0000000.0000,0000000.0,1023.65,0.303896,192098718,0000000.0000,0000000.0,20740.47,0.326231,68309.46,0.2511,2027-09-01
NK225E    ,OOP,202709,49000.0,            ,182099018,0000000.0000,0000000.0,1049.06,0.302707,192099018,0000000.0000,0000000.0,20519.57,0.324385,68309.46,0.2511,2027-09-01
NK225E    ,OOP,202709,49250.0,            ,182099218,0000000.0000,0000000.0,1075.06,0.301474,192099218,0000000.0000,0000000.0,20299.26,0.322919,68309.46,0.2511,2027-09-01
NK225E    ,OOP,202709,49500.0,            ,132099518,0000000.0000,0000000.0,1101.64,0.30063,142099518,0000000.0000,0000000.0,20079.54,0.321419,68309.46,0.2511,2027-09-01
NK225E    ,OOP,202709,49750.0,            ,132099718,0000000.0000,0000000.0,1128.85,0.299309,142099718,0000000.0000,0000000.0,19860.44,0.319887,68309.46,0.2511,2027-09-01
NK225E    ,OOP,202709,50000.0,            ,182090018,0000000.0000,0000000.0,1156.67,0.297949,192090018,0000000.0000,0000000.0,19641.96,0.318323,68309.46,0.2511,2027-09-01
NK225E    ,OOP,202709,50250.0,            ,132090218,0000000.0000,0000000.0,1185.13,0.296961,142090218,0000000.0000,0000000.0,19424.11,0.317108,68309.46,0.2511,2027-09-01
NK225E    ,OOP,202709,50500.0,            ,132090518,0000000.0000,0000000.0,1214.25,0.295923,142090518,0000000.0000,0000000.0,19206.92,0.315477,68309.46,0.2511,2027-09-01
NK225E    ,OOP,202709,50750.0,            ,132090718,0000000.0000,0000000.0,1244.02,0.294838,142090718,0000000.0000,0000000.0,18990.39,0.314187,68309.46,0.2511,2027-09-01
NK225E    ,OOP,202709,51000.0,            ,182091018,0000000.0000,0000000.0,1274.5,0.293317,192091018,0000000.0000,0000000.0,18774.55,0.312494,68309.46,0.2511,2027-09-01
NK225E    ,OOP,202709,51250.0,            ,132091218,0000000.0000,0000000.0,1305.66,0.292529,142091218,0000000.0000,0000000.0,18559.41,0.311132,68309.46,0.2511,2027-09-01
NK225E    ,OOP,202709,51500.0,            ,132091518,0000000.0000,0000000.0,1337.55,0.29131,142091518,0000000.0000,0000000.0,18344.99,0.309734,68309.46,0.2511,2027-09-01
NK225E    ,OOP,202709,51750.0,            ,132091718,0000000.0000,0000000.0,1370.16,0.290049,142091718,0000000.0000,0000000.0,18131.3,0.3083,68309.46,0.2511,2027-09-01
NK225E    ,OOP,202709,52000.0,            ,182092018,0000000.0000,0000000.0,1403.52,0.289111,192092018,0000000.0000,0000000.0,17918.35,0.306831,68309.46,0.2511,2027-09-01
NK225E    ,OOP,202709,52250.0,            ,132092218,0000000.0000,0000000.0,1437.63,0.287764,142092218,0000000.0000,0000000.0,17706.16,0.305668,68309.46,0.2511,2027-09-01
NK225E    ,OOP,202709,52500.0,            ,132092518,0000000.0000,0000000.0,1472.54,0.286733,142092518,0000000.0000,0000000.0,17494.76,0.304127,68309.46,0.2511,2027-09-01
NK225E    ,OOP,202709,52750.0,            ,132092718,0000000.0000,0000000.0,1508.23,0.285654,142092718,0000000.0000,0000000.0,17284.15,0.302885,68309.46,0.2511,2027-09-01
NK225E    ,OOP,202709,53000.0,            ,182093018,0000000.0000,0000000.0,1544.75,0.284529,192093018,0000000.0000,0000000.0,17074.36,0.301602,68309.46,0.2511,2027-09-01
NK225E    ,OOP,202709,53250.0,            ,132093218,0000000.0000,0000000.0,1582.09,0.283696,142093218,0000000.0000,0000000.0,16865.39,0.300281,68309.46,0.2511,2027-09-01
NK225E    ,OOP,202709,53500.0,            ,132093518,0000000.0000,0000000.0,1620.29,0.282478,142093518,0000000.0000,0000000.0,16657.28,0.298921,68309.46,0.2511,2027-09-01
NK225E    ,OOP,202709,53750.0,            ,132093718,0000000.0000,0000000.0,1659.36,0.281545,142093718,0000000.0000,0000000.0,16450.05,0.297837,68309.46,0.2511,2027-09-01
NK225E    ,OOP,202709,54000.0,            ,182094018,0000000.0000,0000000.0,1699.31,0.280561,192094018,0000000.0000,0000000.0,16243.69,0.296399,68309.46,0.2511,2027-09-01
NK225E    ,OOP,202709,54250.0,            ,132094218,0000000.0000,0000000.0,1740.16,0.279529,142094218,0000000.0000,0000000.0,16038.23,0.295232,68309.46,0.2511,2027-09-01
NK225E    ,OOP,202709,54500.0,            ,132094518,0000000.0000,0000000.0,1781.94,0.278449,142094518,0000000.0000,0000000.0,15833.71,0.294022,68309.46,0.2511,2027-09-01
NK225E    ,OOP,202709,54750.0,            ,132094718,0000000.0000,0000000.0,1824.67,0.277323,142094718,0000000.0000,0000000.0,15630.13,0.29277,68309.46,0.2511,2027-09-01
NK225E    ,OOP,202709,55000.0,            ,182095018,0000000.0000,0000000.0,1868.35,0.276456,192095018,0000000.0000,0000000.0,15427.5,0.291478,68309.46,0.2511,2027-09-01
NK225E    ,OOP,202709,55250.0,            ,132095218,0000000.0000,0000000.0,1913.01,0.275237,142095218,0000000.0000,0000000.0,15225.86,0.290437,68309.46,0.2511,2027-09-01
NK225E    ,OOP,202709,55500.0,            ,132095518,0000000.0000,0000000.0,1958.67,0.274272,142095518,0000000.0000,0000000.0,15025.22,0.289063,68309.46,0.2511,2027-09-01
NK225E    ,OOP,202709,55750.0,            ,132095718,0000000.0000,0000000.0,2005.34,0.27355,142095718,0000000.0000,0000000.0,14825.58,0.287935,68309.46,0.2511,2027-09-01
NK225E    ,OOP,202709,56000.0,            ,182096018,0000000.0000,0000000.0,2053.06,0.272483,192096018,0000000.0000,0000000.0,14626.99,0.286763,68309.46,0.2511,2027-09-01
NK225E    ,OOP,202709,56250.0,            ,132096218,0000000.0000,0000000.0,2101.84,0.27137,142096218,0000000.0000,0000000.0,14429.46,0.285825,68309.46,0.2511,2027-09-01
NK225E    ,OOP,202709,56500.0,            ,132096518,0000000.0000,0000000.0,2151.71,0.270492,142096518,0000000.0000,0000000.0,14233.02,0.284564,68309.46,0.2511,2027-09-01
NK225E    ,OOP,202709,56750.0,            ,132096718,0000000.0000,0000000.0,2202.65,0.269562,142096718,0000000.0000,0000000.0,14037.66,0.283534,68309.46,0.2511,2027-09-01
NK225E    ,OOP,202709,57000.0,            ,182097018,0000000.0000,0000000.0,2254.73,0.268581,192097018,0000000.0000,0000000.0,13843.43,0.282457,68309.46,0.2511,2027-09-01
NK225E    ,OOP,202709,57250.0,            ,132097218,0000000.0000,0000000.0,2307.93,0.267822,142097218,0000000.0000,0000000.0,13650.33,0.281334,68309.46,0.2511,2027-09-01
NK225E    ,OOP,202709,57500.0,            ,132097518,0000000.0000,0000000.0,2362.31,0.267008,142097518,0000000.0000,0000000.0,13458.4,0.280167,68309.46,0.2511,2027-09-01
NK225E    ,OOP,202709,57750.0,            ,132097718,0000000.0000,0000000.0,2417.85,0.265877,142097718,0000000.0000,0000000.0,13267.64,0.279215,68309.46,0.2511,2027-09-01
NK225E    ,OOP,202709,58000.0,            ,182098018,0000000.0000,0000000.0,2474.6,0.265221,192098018,0000000.0000,0000000.0,13078.08,0.278215,68309.46,0.2511,2027-09-01
NK225E    ,OOP,202709,58250.0,            ,132098218,0000000.0000,0000000.0,2532.56,0.264251,142098218,0000000.0000,0000000.0,12889.73,0.277167,68309.46,0.2511,2027-09-01
NK225E    ,OOP,202709,58500.0,            ,132098518,0000000.0000,0000000.0,2591.76,0.263486,142098518,0000000.0000,0000000.0,12702.63,0.276073,68309.46,0.2511,2027-09-01
NK225E    ,OOP,202709,58750.0,            ,132098718,0000000.0000,0000000.0,2652.23,0.262414,142098718,0000000.0000,0000000.0,12516.79,0.275181,68309.46,0.2511,2027-09-01
NK225E    ,OOP,202709,59000.0,            ,132219018,0000000.0000,0000000.0,2713.98,0.261793,142219018,0000000.0000,0000000.0,12332.23,0.274239,68309.46,0.2511,2027-09-01
NK225E    ,OOP,202709,59250.0,            ,132099218,0000000.0000,0000000.0,2777.01,0.260868,142099218,0000000.0000,0000000.0,12148.95,0.273248,68309.46,0.2511,2027-09-01
NK225E    ,OOP,202709,59500.0,            ,182099518,0000000.0000,0000000.0,2841.36,0.260135,192099518,0000000.0000,0000000.0,11967.0,0.27221,68309.46,0.2511,2027-09-01
NK225E    ,OOP,202709,59750.0,            ,182099718,0000000.0000,0000000.0,2907.06,0.259106,192099718,0000000.0000,0000000.0,11786.39,0.271362,68309.46,0.2511,2027-09-01
NK225E    ,OOP,202709,60000.0,            ,132210018,0000000.0000,0000000.0,2974.11,0.258506,142210018,0000000.0000,0000000.0,11607.13,0.270463,68309.46,0.2511,2027-09-01
NK225E    ,OOP,202709,60250.0,            ,182090218,0000000.0000,0000000.0,3042.56,0.257611,192090218,0000000.0000,0000000.0,11429.27,0.269514,68309.46,0.2511,2027-09-01
NK225E    ,OOP,202709,60500.0,            ,182090518,0000000.0000,0000000.0,3112.38,0.256899,192090518,0000000.0000,0000000.0,11252.79,0.268748,68309.46,0.2511,2027-09-01
NK225E    ,OOP,202709,60750.0,            ,182090718,0000000.0000,0000000.0,3183.62,0.25613,192090718,0000000.0000,0000000.0,11077.72,0.2677,68309.46,0.2511,2027-09-01
NK225E    ,OOP,202709,61000.0,            ,132211018,0000000.0000,0000000.0,3256.28,0.255308,142211018,0000000.0000,0000000.0,10904.08,0.266832,68309.46,0.2511,2027-09-01
NK225E    ,OOP,202709,61250.0,            ,182091218,0000000.0000,0000000.0,3330.42,0.254659,192091218,0000000.0000,0000000.0,10731.92,0.266138,68309.46,0.2511,2027-09-01
NK225E    ,OOP,202709,61500.0,            ,182091518,0000000.0000,0000000.0,3406.01,0.253728,192091518,0000000.0000,0000000.0,10561.19,0.265167,68309.46,0.2511,2027-09-01
NK225E    ,OOP,202709,61750.0,            ,182091718,0000000.0000,0000000.0,3483.09,0.253192,192091718,0000000.0000,0000000.0,10391.97,0.264368,68309.46,0.2511,2027-09-01
NK225E    ,OOP,202709,62000.0,            ,132212018,0000000.0000,0000000.0,3561.68,0.252376,142212018,0000000.0000,0000000.0,10224.26,0.263518,68309.46,0.2511,2027-09-01
NK225E    ,OOP,202709,62250.0,            ,182092218,0000000.0000,0000000.0,3641.79,0.251726,192092218,0000000.0000,0000000.0,10058.06,0.262834,68309.46,0.2511,2027-09-01
NK225E    ,OOP,202709,62500.0,            ,132212518,0000000.0000,0000000.0,3723.43,0.251019,142212518,0000000.0000,0000000.0,9893.39,0.262096,68309.46,0.2511,2027-09-01
NK225E    ,OOP,202709,62750.0,            ,182092718,0000000.0000,0000000.0,3806.64,0.250257,192092718,0000000.0000,0000000.0,9730.29,0.261305,68309.46,0.2511,2027-09-01
NK225E    ,OOP,202709,63000.0,            ,132213018,0000000.0000,0000000.0,3891.39,0.249654,142213018,0000000.0000,0000000.0,9568.74,0.260462,68309.46,0.2511,2027-09-01
NK225E    ,OOP,202709,63250.0,            ,182093218,0000000.0000,0000000.0,3977.74,0.248993,192093218,0000000.0000,0000000.0,9408.78,0.259779,68309.46,0.2511,2027-09-01
NK225E    ,OOP,202709,63500.0,            ,182093518,0000000.0000,0000000.0,4065.69,0.248276,192093518,0000000.0000,0000000.0,9250.42,0.259042,68309.46,0.2511,2027-09-01
NK225E    ,OOP,202709,63750.0,            ,182093718,0000000.0000,0000000.0,4155.26,0.247714,192093718,0000000.0000,0000000.0,9093.69,0.258252,68309.46,0.2511,2027-09-01
NK225E    ,OOP,202709,64000.0,            ,132214018,0000000.0000,0000000.0,4246.44,0.247093,142214018,0000000.0000,0000000.0,8938.56,0.257617,68309.46,0.2511,2027-09-01
NK225E    ,OOP,202709,64250.0,            ,182094218,0000000.0000,0000000.0,4339.27,0.246416,192094218,0000000.0000,0000000.0,8785.08,0.256927,68309.46,0.2511,2027-09-01
NK225E    ,OOP,202709,64500.0,            ,182094518,0000000.0000,0000000.0,4433.75,0.245888,192094518,0000000.0000,0000000.0,8633.26,0.256183,68309.46,0.2511,2027-09-01
NK225E    ,OOP,202709,64750.0,            ,182094718,0000000.0000,0000000.0,4529.89,0.245302,192094718,0000000.0000,0000000.0,8483.09,0.25559,68309.46,0.2511,2027-09-01
NK225E    ,OOP,202709,65000.0,            ,132215018,0000000.0000,0000000.0,4627.69,0.244659,142215018,0000000.0000,0000000.0,8334.59,0.254942,68309.46,0.2511,2027-09-01
NK225E    ,OOP,202709,65250.0,            ,182095218,0000000.0000,0000000.0,4727.18,0.243959,192095218,0000000.0000,0000000.0,8187.77,0.25424,68309.46,0.2511,2027-09-01
NK225E    ,OOP,202709,65500.0,            ,182095518,0000000.0000,0000000.0,4828.36,0.243404,192095518,0000000.0000,0000000.0,8042.64,0.253685,68309.46,0.2511,2027-09-01
NK225E    ,OOP,202709,65750.0,            ,182095718,0000000.0000,0000000.0,4931.24,0.242992,192095718,0000000.0000,0000000.0,7899.22,0.253074,68309.46,0.2511,2027-09-01
NK225E    ,OOP,202709,66000.0,            ,132216018,0000000.0000,0000000.0,5035.86,0.242321,142216018,0000000.0000,0000000.0,7757.53,0.252408,68309.46,0.2511,2027-09-01
NK225E    ,OOP,202709,66250.0,            ,182096218,0000000.0000,0000000.0,5142.17,0.241793,192096218,0000000.0000,0000000.0,7617.53,0.251887,68309.46,0.2511,2027-09-01
NK225E    ,OOP,202709,66500.0,            ,182096518,0000000.0000,0000000.0,5250.2,0.241403,192096518,0000000.0000,0000000.0,7479.26,0.251309,68309.46,0.2511,2027-09-01
NK225E    ,OOP,202709,66750.0,            ,182096718,0000000.0000,0000000.0,5359.97,0.240759,192096718,0000000.0000,0000000.0,7342.72,0.250677,68309.46,0.2511,2027-09-01
NK225E    ,OOP,202709,67000.0,            ,132217018,0000000.0000,0000000.0,5471.48,0.240253,142217018,0000000.0000,0000000.0,7207.93,0.250186,68309.46,0.2511,2027-09-01
NK225E    ,OOP,202709,67250.0,            ,132217218,0000000.0000,0000000.0,5584.74,0.23969,142217218,0000000.0000,0000000.0,7074.88,0.24964,68309.46,0.2511,2027-09-01
NK225E    ,OOP,202709,67500.0,            ,182217518,0000000.0000,0000000.0,5699.72,0.239264,192217518,0000000.0000,0000000.0,6943.55,0.249233,68309.46,0.2511,2027-09-01
NK225E    ,OOP,202709,67750.0,            ,132217718,0000000.0000,0000000.0,5816.45,0.23878,142217718,0000000.0000,0000000.0,6813.98,0.248576,68309.46,0.2511,2027-09-01
NK225E    ,OOP,202709,68000.0,            ,132218018,0000000.0000,0000000.0,5934.95,0.238432,142218018,0000000.0000,0000000.0,6686.17,0.248251,68309.46,0.2511,2027-09-01
NK225E    ,OOP,202709,68250.0,            ,132218218,0000000.0000,0000000.0,6055.18,0.237832,142218218,0000000.0000,0000000.0,6560.09,0.247678,68309.46,0.2511,2027-09-01
NK225E    ,OOP,202709,68500.0,            ,132218518,0000000.0000,0000000.0,6177.15,0.237368,142218518,0000000.0000,0000000.0,6435.75,0.247242,68309.46,0.2511,2027-09-01
NK225E    ,OOP,202709,68750.0,            ,132218718,0000000.0000,0000000.0,6300.88,0.237038,142218718,0000000.0000,0000000.0,6313.18,0.24675,68309.46,0.2511,2027-09-01
NK225E    ,OOP,202709,69000.0,            ,182219018,0000000.0000,0000000.0,6426.36,0.23665,192219018,0000000.0000,0000000.0,6192.35,0.246396,68309.46,0.2511,2027-09-01
NK225E    ,OOP,202709,69250.0,            ,132219218,0000000.0000,0000000.0,6553.57,0.236204,142219218,0000000.0000,0000000.0,6073.26,0.245794,68309.46,0.2511,2027-09-01
NK225E    ,OOP,202709,69500.0,            ,132219518,0000000.0000,0000000.0,6682.55,0.235701,142219518,0000000.0000,0000000.0,5955.93,0.245521,68309.46,0.2511,2027-09-01
NK225E    ,OOP,202709,69750.0,            ,132219718,0000000.0000,0000000.0,6813.25,0.235332,142219718,0000000.0000,0000000.0,5840.32,0.245001,68309.46,0.2511,2027-09-01
NK225E    ,OOP,202709,70000.0,            ,182330018,0000000.0000,0000000.0,6945.68,0.234905,192330018,0000000.0000,0000000.0,5726.45,0.244617,68309.46,0.2511,2027-09-01
NK225E    ,OOP,202709,70250.0,            ,132210218,0000000.0000,0000000.0,7079.85,0.234612,142210218,0000000.0000,0000000.0,5614.31,0.244178,68309.46,0.2511,2027-09-01
NK225E    ,OOP,202709,70500.0,            ,132210518,0000000.0000,0000000.0,7215.72,0.234262,142210518,0000000.0000,0000000.0,5503.87,0.243875,68309.46,0.2511,2027-09-01
NK225E    ,OOP,202709,70750.0,            ,132210718,0000000.0000,0000000.0,7353.35,0.233855,142210718,0000000.0000,0000000.0,5395.19,0.243517,68309.46,0.2511,2027-09-01
NK225E    ,OOP,202709,71000.0,            ,182331018,0000000.0000,0000000.0,7492.64,0.23339,192331018,0000000.0000,0000000.0,5288.18,0.243105,68309.46,0.2511,2027-09-01
NK225E    ,OOP,202709,71250.0,            ,132211218,0000000.0000,0000000.0,7633.66,0.23306,142211218,0000000.0000,0000000.0,5182.89,0.242829,68309.46,0.2511,2027-09-01
NK225E    ,OOP,202709,71500.0,            ,132211518,0000000.0000,0000000.0,7776.36,0.232673,142211518,0000000.0000,0000000.0,5079.29,0.242499,68309.46,0.2511,2027-09-01
NK225E    ,OOP,202709,71750.0,            ,132211718,0000000.0000,0000000.0,7920.74,0.23242,142211718,0000000.0000,0000000.0,4977.36,0.242115,68309.46,0.2511,2027-09-01
NK225E    ,OOP,202709,72000.0,            ,182332018,0000000.0000,0000000.0,8066.79,0.232112,192332018,0000000.0000,0000000.0,4877.11,0.241868,68309.46,0.2511,2027-09-01
NK225E    ,OOP,202709,72250.0,            ,132212218,0000000.0000,0000000.0,8214.51,0.231747,142212218,0000000.0000,0000000.0,4778.52,0.241568,68309.46,0.2511,2027-09-01
NK225E    ,OOP,202709,72500.0,            ,182092518,0000000.0000,0000000.0,8363.86,0.231518,192092518,0000000.0000,0000000.0,4681.56,0.241213,68309.46,0.2511,2027-09-01
NK225E    ,OOP,202709,72750.0,            ,132212718,0000000.0000,0000000.0,8514.83,0.231233,142212718,0000000.0000,0000000.0,4586.22,0.240998,68309.46,0.2511,2027-09-01
NK225E    ,OOP,202709,73000.0,            ,182333018,0000000.0000,0000000.0,8667.43,0.230893,192333018,0000000.0000,0000000.0,4492.52,0.240729,68309.46,0.2511,2027-09-01
NK225E    ,OOP,202709,73250.0,            ,132213218,0000000.0000,0000000.0,8821.64,0.230497,142213218,0000000.0000,0000000.0,4400.43,0.240407,68309.46,0.2511,2027-09-01
NK225E    ,OOP,202709,73500.0,            ,132213518,0000000.0000,0000000.0,8977.45,0.230239,142213518,0000000.0000,0000000.0,4309.92,0.240032,68309.46,0.2511,2027-09-01
NK225E    ,OOP,202709,73750.0,            ,132213718,0000000.0000,0000000.0,9134.83,0.229926,142213718,0000000.0000,0000000.0,4221.0,0.239798,68309.46,0.2511,2027-09-01
NK225E    ,OOP,202709,74000.0,            ,182334018,0000000.0000,0000000.0,9293.79,0.229753,192334018,0000000.0000,0000000.0,4133.65,0.239706,68309.46,0.2511,2027-09-01
NK225E    ,OOP,202709,74250.0,            ,132214218,0000000.0000,0000000.0,9454.25,0.229526,142214218,0000000.0000,0000000.0,4047.81,0.239367,68309.46,0.2511,2027-09-01
NK225E    ,OOP,202709,74500.0,            ,132214518,0000000.0000,0000000.0,9616.26,0.229244,142214518,0000000.0000,0000000.0,3963.51,0.239172,68309.46,0.2511,2027-09-01
NK225E    ,OOP,202709,74750.0,            ,132214718,0000000.0000,0000000.0,9779.78,0.228908,142214718,0000000.0000,0000000.0,3880.72,0.238925,68309.46,0.2511,2027-09-01
NK225E    ,OOP,202709,75000.0,            ,182335018,0000000.0000,0000000.0,9944.79,0.228715,192335018,0000000.0000,0000000.0,3799.43,0.238824,68309.46,0.2511,2027-09-01
NK225E    ,OOP,202709,75250.0,            ,132215218,0000000.0000,0000000.0,10111.27,0.228469,142215218,0000000.0000,0000000.0,3719.6,0.238474,68309.46,0.2511,2027-09-01
NK225E    ,OOP,202709,75500.0,            ,132215518,0000000.0000,0000000.0,10279.21,0.228169,142215518,0000000.0000,0000000.0,3641.24,0.23827,68309.46,0.2511,2027-09-01
NK225E    ,OOP,202709,75750.0,            ,132215718,0000000.0000,0000000.0,10448.59,0.228016,142215718,0000000.0000,0000000.0,3564.3,0.238216,68309.46,0.2511,2027-09-01
NK225E    ,OOP,202709,76000.0,            ,182336018,0000000.0000,0000000.0,10619.38,0.22781,192336018,0000000.0000,0000000.0,3488.79,0.237912,68309.46,0.2511,2027-09-01
NK225E    ,OOP,202709,76250.0,            ,132216218,0000000.0000,0000000.0,10791.55,0.227551,142216218,0000000.0000,0000000.0,3414.66,0.237758,68309.46,0.2511,2027-09-01
NK225E    ,OOP,202709,77500.0,            ,182097518,0000000.0000,0000000.0,11672.73,0.226495,192097518,0000000.0000,0000000.0,3064.3,0.237061,68309.46,0.2511,2027-09-01
NK225E    ,OOP,202709,80000.0,            ,132450018,0000000.0000,0000000.0,13527.9,0.224351,142450018,0000000.0000,0000000.0,2456.41,0.23585,68309.46,0.2511,2027-09-01
NK225E    ,OOP,202709,85000.0,            ,132455018,0000000.0000,0000000.0,17535.2,0.219354,142455018,0000000.0000,0000000.0,1537.58,0.233274,68309.46,0.2511,2027-09-01
NK225E    ,OOP,202709,90000.0,            ,182450018,0000000.0000,0000000.0,21814.38,0.209074,192450018,0000000.0000,0000000.0,890.63,0.228158,68309.46,0.2511,2027-09-01
NK225E    ,OOP,202712,12500.0,            ,182122518,0000000.0000,0000000.0,3.17,0.570305,192122518,0000000.0000,0000000.0,55108.93,0.838101,68309.46,0.2511,2027-12-01
NK225E    ,OOP,202712,12750.0,            ,182122718,0000000.0000,0000000.0,3.67,0.49376,192122718,0000000.0000,0000000.0,54864.09,0.830991,68309.46,0.2511,2027-12-01
NK225E    ,OOP,202712,13000.0,            ,182123018,0000000.0000,0000000.0,4.22,0.49376,192123018,0000000.0000,0000000.0,54619.3,0.821583,68309.46,0.2511,2027-12-01
NK225E    ,OOP,202712,13250.0,            ,182123218,0000000.0000,0000000.0,4.67,0.492275,192123218,0000000.0000,0000000.0,54374.42,0.812374,68309.46,0.2511,2027-12-01
NK225E    ,OOP,202712,13500.0,            ,182123518,0000000.0000,0000000.0,5.15,0.49079,192123518,0000000.0000,0000000.0,54129.56,0.803357,68309.46,0.2511,2027-12-01
NK225E    ,OOP,202712,13750.0,            ,182123718,0000000.0000,0000000.0,5.67,0.489305,192123718,0000000.0000,0000000.0,53884.75,0.794524,68309.46,0.2511,2027-12-01
NK225E    ,OOP,202712,14000.0,            ,182124018,0000000.0000,0000000.0,6.23,0.487821,192124018,0000000.0000,0000000.0,53639.97,0.785868,68309.46,0.2511,2027-12-01
NK225E    ,OOP,202712,14250.0,            ,182124218,0000000.0000,0000000.0,6.82,0.486323,192124218,0000000.0000,0000000.0,53395.23,0.777382,68309.46,0.2511,2027-12-01
NK225E    ,OOP,202712,14500.0,            ,182124518,0000000.0000,0000000.0,7.45,0.484825,192124518,0000000.0000,0000000.0,53150.52,0.769059,68309.46,0.2511,2027-12-01
NK225E    ,OOP,202712,14750.0,            ,182124718,0000000.0000,0000000.0,8.13,0.482599,192124718,0000000.0000,0000000.0,52905.86,0.760893,68309.46,0.2511,2027-12-01
NK225E    ,OOP,202712,15000.0,            ,182125018,0000000.0000,0000000.0,8.85,0.48183,192125018,0000000.0000,0000000.0,52661.25,0.75288,68309.46,0.2511,2027-12-01
NK225E    ,OOP,202712,15250.0,            ,182125218,0000000.0000,0000000.0,9.61,0.480321,192125218,0000000.0000,0000000.0,52416.67,0.745012,68309.46,0.2511,2027-12-01
NK225E    ,OOP,202712,15500.0,            ,182125518,0000000.0000,0000000.0,10.42,0.478813,192125518,0000000.0000,0000000.0,52172.14,0.737285,68309.46,0.2511,2027-12-01
NK225E    ,OOP,202712,15750.0,            ,182125718,0000000.0000,0000000.0,11.27,0.476189,192125718,0000000.0000,0000000.0,51927.66,0.729694,68309.46,0.2511,2027-12-01
NK225E    ,OOP,202712,16000.0,            ,182126018,0000000.0000,0000000.0,12.17,0.475124,192126018,0000000.0000,0000000.0,51683.23,0.722234,68309.46,0.2511,2027-12-01
NK225E    ,OOP,202712,16250.0,            ,182126218,0000000.0000,0000000.0,13.12,0.473823,192126218,0000000.0000,0000000.0,51438.84,0.7149,68309.46,0.2511,2027-12-01
NK225E    ,OOP,202712,16500.0,            ,182126518,0000000.0000,0000000.0,14.13,0.472324,192126518,0000000.0000,0000000.0,51194.51,0.709746,68309.46,0.2511,2027-12-01
NK225E    ,OOP,202712,16750.0,            ,182126718,0000000.0000,0000000.0,15.18,0.470658,192126718,0000000.0000,0000000.0,50950.23,0.702631,68309.46,0.2511,2027-12-01
NK225E    ,OOP,202712,17000.0,            ,182127018,0000000.0000,0000000.0,16.3,0.46885,192127018,0000000.0000,0000000.0,50706.01,0.695632,68309.46,0.2511,2027-12-01
NK225E    ,OOP,202712,17250.0,            ,182127218,0000000.0000,0000000.0,17.46,0.468205,192127218,0000000.0000,0000000.0,50461.84,0.688744,68309.46,0.2511,2027-12-01
NK225E    ,OOP,202712,17500.0,            ,182127518,0000000.0000,0000000.0,18.68,0.466681,192127518,0000000.0000,0000000.0,50217.72,0.681964,68309.46,0.2511,2027-12-01
NK225E    ,OOP,202712,17750.0,            ,182127718,0000000.0000,0000000.0,19.97,0.465157,192127718,0000000.0000,0000000.0,49973.67,0.675288,68309.46,0.2511,2027-12-01
NK225E    ,OOP,202712,18000.0,            ,182128018,0000000.0000,0000000.0,21.31,0.462913,192128018,0000000.0000,0000000.0,49729.68,0.670626,68309.46,0.2511,2027-12-01
NK225E    ,OOP,202712,18250.0,            ,132128218,0000000.0000,0000000.0,22.71,0.462105,142128218,0000000.0000,0000000.0,49485.74,0.66413,68309.46,0.2511,2027-12-01
NK225E    ,OOP,202712,18500.0,            ,132128518,0000000.0000,0000000.0,24.17,0.460208,142128518,0000000.0000,0000000.0,49241.87,0.65773,68309.46,0.2511,2027-12-01
NK225E    ,OOP,202712,18750.0,            ,132128718,0000000.0000,0000000.0,25.7,0.459047,142128718,0000000.0000,0000000.0,48998.06,0.651423,68309.46,0.2511,2027-12-01
NK225E    ,OOP,202712,19000.0,            ,132129018,0000000.0000,0000000.0,27.3,0.456956,142129018,0000000.0000,0000000.0,48754.32,0.645206,68309.46,0.2511,2027-12-01
NK225E    ,OOP,202712,19250.0,            ,132129218,0000000.0000,0000000.0,28.96,0.455987,142129218,0000000.0000,0000000.0,48510.65,0.640877,68309.46,0.2511,2027-12-01
NK225E    ,OOP,202712,19500.0,            ,132129518,0000000.0000,0000000.0,30.69,0.453292,142129518,0000000.0000,0000000.0,48267.04,0.634815,68309.46,0.2511,2027-12-01
NK225E    ,OOP,202712,19750.0,            ,132129718,0000000.0000,0000000.0,32.49,0.452138,142129718,0000000.0000,0000000.0,48023.51,0.628836,68309.46,0.2511,2027-12-01
NK225E    ,OOP,202712,20000.0,            ,132120018,0000000.0000,0000000.0,34.36,0.450841,142120018,0000000.0000,0000000.0,47780.04,0.624671,68309.46,0.2511,2027-12-01
NK225E    ,OOP,202712,20250.0,            ,132120218,0000000.0000,0000000.0,36.3,0.449417,142120218,0000000.0000,0000000.0,47536.65,0.618834,68309.46,0.2511,2027-12-01
NK225E    ,OOP,202712,20500.0,            ,132120518,0000000.0000,0000000.0,38.32,0.447881,142120518,0000000.0000,0000000.0,47293.33,0.613074,68309.46,0.2511,2027-12-01
NK225E    ,OOP,202712,20750.0,            ,132120718,0000000.0000,0000000.0,40.41,0.446248,142120718,0000000.0000,0000000.0,47050.09,0.609058,68309.46,0.2511,2027-12-01
NK225E    ,OOP,202712,21000.0,            ,132121018,0000000.0000,0000000.0,42.58,0.444528,142121018,0000000.0000,0000000.0,46806.92,0.603429,68309.46,0.2511,2027-12-01
NK225E    ,OOP,202712,21250.0,            ,132121218,0000000.0000,0000000.0,44.83,0.44273,142121218,0000000.0000,0000000.0,46563.83,0.597872,68309.46,0.2511,2027-12-01
NK225E    ,OOP,202712,21500.0,            ,132121518,0000000.0000,0000000.0,47.15,0.440864,142121518,0000000.0000,0000000.0,46320.82,0.593992,68309.46,0.2511,2027-12-01
NK225E    ,OOP,202712,21750.0,            ,132121718,0000000.0000,0000000.0,49.56,0.440044,142121718,0000000.0000,0000000.0,46077.89,0.588556,68309.46,0.2511,2027-12-01
NK225E    ,OOP,202712,22000.0,            ,132122018,0000000.0000,0000000.0,52.05,0.438021,142122018,0000000.0000,0000000.0,45835.05,0.583186,68309.46,0.2511,2027-12-01
NK225E    ,OOP,202712,22250.0,            ,132122218,0000000.0000,0000000.0,54.63,0.436969,142122218,0000000.0000,0000000.0,45592.29,0.579431,68309.46,0.2511,2027-12-01
NK225E    ,OOP,202712,22500.0,            ,132122518,0000000.0000,0000000.0,57.29,0.434824,142122518,0000000.0000,0000000.0,45349.61,0.574174,68309.46,0.2511,2027-12-01
NK225E    ,OOP,202712,22750.0,            ,132122718,0000000.0000,0000000.0,60.03,0.433583,142122718,0000000.0000,0000000.0,45107.02,0.570489,68309.46,0.2511,2027-12-01
NK225E    ,OOP,202712,23000.0,            ,132123018,0000000.0000,0000000.0,62.86,0.432241,142123018,0000000.0000,0000000.0,44864.52,0.565339,68309.46,0.2511,2027-12-01
NK225E    ,OOP,202712,23250.0,            ,132123218,0000000.0000,0000000.0,65.79,0.430809,142123218,0000000.0000,0000000.0,44622.11,0.56172,68309.46,0.2511,2027-12-01
NK225E    ,OOP,202712,23500.0,            ,132123518,0000000.0000,0000000.0,68.81,0.429296,142123518,0000000.0000,0000000.0,44379.79,0.556673,68309.46,0.2511,2027-12-01
NK225E    ,OOP,202712,23750.0,            ,132123718,0000000.0000,0000000.0,71.91,0.42771,142123718,0000000.0000,0000000.0,44137.56,0.553116,68309.46,0.2511,2027-12-01
NK225E    ,OOP,202712,24000.0,            ,132124018,0000000.0000,0000000.0,75.11,0.426059,142124018,0000000.0000,0000000.0,43895.42,0.548168,68309.46,0.2511,2027-12-01
NK225E    ,OOP,202712,24250.0,            ,132124218,0000000.0000,0000000.0,78.42,0.424347,142124218,0000000.0000,0000000.0,43653.39,0.544671,68309.46,0.2511,2027-12-01
NK225E    ,OOP,202712,24500.0,            ,132124518,0000000.0000,0000000.0,81.81,0.422582,142124518,0000000.0000,0000000.0,43411.45,0.541191,68309.46,0.2511,2027-12-01
NK225E    ,OOP,202712,24750.0,            ,132124718,0000000.0000,0000000.0,85.31,0.421456,142124718,0000000.0000,0000000.0,43169.61,0.536376,68309.46,0.2511,2027-12-01
NK225E    ,OOP,202712,25000.0,            ,132125018,0000000.0000,0000000.0,88.9,0.419575,142125018,0000000.0000,0000000.0,42927.87,0.532952,68309.46,0.2511,2027-12-01
NK225E    ,OOP,202712,25250.0,            ,132125218,0000000.0000,0000000.0,92.61,0.418296,142125218,0000000.0000,0000000.0,42686.24,0.529545,68309.46,0.2511,2027-12-01
NK225E    ,OOP,202712,25500.0,            ,132125518,0000000.0000,0000000.0,96.41,0.416939,142125518,0000000.0000,0000000.0,42444.71,0.524855,68309.46,0.2511,2027-12-01
NK225E    ,OOP,202712,25750.0,            ,132125718,0000000.0000,0000000.0,100.32,0.414914,142125718,0000000.0000,0000000.0,42203.28,0.5215,68309.46,0.2511,2027-12-01
NK225E    ,OOP,202712,26000.0,            ,132126018,0000000.0000,0000000.0,104.33,0.413441,142126018,0000000.0000,0000000.0,41961.96,0.518161,68309.46,0.2511,2027-12-01
NK225E    ,OOP,202712,26250.0,            ,132126218,0000000.0000,0000000.0,108.47,0.411907,142126218,0000000.0000,0000000.0,41720.76,0.513589,68309.46,0.2511,2027-12-01
NK225E    ,OOP,202712,26500.0,            ,132126518,0000000.0000,0000000.0,112.71,0.410318,142126518,0000000.0000,0000000.0,41479.66,0.510299,68309.46,0.2511,2027-12-01
NK225E    ,OOP,202712,26750.0,            ,132126718,0000000.0000,0000000.0,117.06,0.409201,142126718,0000000.0000,0000000.0,41238.68,0.507024,68309.46,0.2511,2027-12-01
NK225E    ,OOP,202712,27000.0,            ,132127018,0000000.0000,0000000.0,121.52,0.407499,142127018,0000000.0000,0000000.0,40997.8,0.503764,68309.46,0.2511,2027-12-01
NK225E    ,OOP,202712,27250.0,            ,132127218,0000000.0000,0000000.0,126.11,0.406245,142127218,0000000.0000,0000000.0,40757.06,0.500517,68309.46,0.2511,2027-12-01
NK225E    ,OOP,202712,27500.0,            ,132127518,0000000.0000,0000000.0,130.82,0.404449,142127518,0000000.0000,0000000.0,40516.42,0.49612,68309.46,0.2511,2027-12-01
NK225E    ,OOP,202712,27750.0,            ,132127718,0000000.0000,0000000.0,135.64,0.403078,142127718,0000000.0000,0000000.0,40275.91,0.492919,68309.46,0.2511,2027-12-01
NK225E    ,OOP,202712,28000.0,            ,132128018,0000000.0000,0000000.0,140.59,0.401649,142128018,0000000.0000,0000000.0,40035.53,0.489731,68309.46,0.2511,2027-12-01
NK225E    ,OOP,202712,28250.0,            ,182128218,0000000.0000,0000000.0,145.66,0.400165,192128218,0000000.0000,0000000.0,39795.27,0.486557,68309.46,0.2511,2027-12-01
NK225E    ,OOP,202712,28500.0,            ,182128518,0000000.0000,0000000.0,150.87,0.398632,192128518,0000000.0000,0000000.0,39555.13,0.483395,68309.46,0.2511,2027-12-01
NK225E    ,OOP,202712,28750.0,            ,182128718,0000000.0000,0000000.0,156.2,0.397052,192128718,0000000.0000,0000000.0,39315.13,0.480247,68309.46,0.2511,2027-12-01
NK225E    ,OOP,202712,29000.0,            ,182129018,0000000.0000,0000000.0,161.67,0.39543,192129018,0000000.0000,0000000.0,39075.26,0.477112,68309.46,0.2511,2027-12-01
NK225E    ,OOP,202712,29250.0,            ,182129218,0000000.0000,0000000.0,167.27,0.394152,192129218,0000000.0000,0000000.0,38835.53,0.47399,68309.46,0.2511,2027-12-01
NK225E    ,OOP,202712,29500.0,            ,182129518,0000000.0000,0000000.0,173.01,0.392443,192129518,0000000.0000,0000000.0,38595.93,0.47088,68309.46,0.2511,2027-12-01
NK225E    ,OOP,202712,29750.0,            ,182129718,0000000.0000,0000000.0,178.88,0.391064,192129718,0000000.0000,0000000.0,38356.47,0.467783,68309.46,0.2511,2027-12-01
NK225E    ,OOP,202712,30000.0,            ,182120018,0000000.0000,0000000.0,184.91,0.389634,192120018,0000000.0000,0000000.0,38117.16,0.464698,68309.46,0.2511,2027-12-01
NK225E    ,OOP,202712,30250.0,            ,182120218,0000000.0000,0000000.0,191.07,0.388157,192120218,0000000.0000,0000000.0,37877.98,0.461626,68309.46,0.2511,2027-12-01
NK225E    ,OOP,202712,30500.0,            ,182120518,0000000.0000,0000000.0,197.38,0.386637,192120518,0000000.0000,0000000.0,37638.96,0.459548,68309.46,0.2511,2027-12-01
NK225E    ,OOP,202712,30750.0,            ,182120718,0000000.0000,0000000.0,203.85,0.385075,192120718,0000000.0000,0000000.0,37400.09,0.456486,68309.46,0.2511,2027-12-01
NK225E    ,OOP,202712,31000.0,            ,182121018,0000000.0000,0000000.0,210.46,0.383792,192121018,0000000.0000,0000000.0,37161.37,0.453437,68309.46,0.2511,2027-12-01
NK225E    ,OOP,202712,31250.0,            ,182121218,0000000.0000,0000000.0,217.23,0.38215,192121218,0000000.0000,0000000.0,36922.81,0.4504,68309.46,0.2511,2027-12-01
NK225E    ,OOP,202712,31500.0,            ,182121518,0000000.0000,0000000.0,224.16,0.380774,192121518,0000000.0000,0000000.0,36684.4,0.448301,68309.46,0.2511,2027-12-01
NK225E    ,OOP,202712,31750.0,            ,182121718,0000000.0000,0000000.0,231.26,0.379353,192121718,0000000.0000,0000000.0,36446.16,0.445275,68309.46,0.2511,2027-12-01
NK225E    ,OOP,202712,32000.0,            ,182122018,0000000.0000,0000000.0,238.51,0.37789,192122018,0000000.0000,0000000.0,36208.08,0.442261,68309.46,0.2511,2027-12-01
NK225E    ,OOP,202712,32250.0,            ,182122218,0000000.0000,0000000.0,245.94,0.376387,192122218,0000000.0000,0000000.0,35970.17,0.440145,68309.46,0.2511,2027-12-01
NK225E    ,OOP,202712,32500.0,            ,132242518,0000000.0000,0000000.0,253.53,0.375116,142242518,0000000.0000,0000000.0,35732.43,0.437143,68309.46,0.2511,2027-12-01
NK225E    ,OOP,202712,32750.0,            ,132242718,0000000.0000,0000000.0,261.31,0.373534,142242718,0000000.0000,0000000.0,35494.87,0.434152,68309.46,0.2511,2027-12-01
NK225E    ,OOP,202712,33000.0,            ,132243018,0000000.0000,0000000.0,269.26,0.372176,142243018,0000000.0000,0000000.0,35257.48,0.432023,68309.46,0.2511,2027-12-01
NK225E    ,OOP,202712,33250.0,            ,132243218,0000000.0000,0000000.0,277.39,0.370776,142243218,0000000.0000,0000000.0,35020.28,0.429044,68309.46,0.2511,2027-12-01
NK225E    ,OOP,202712,33500.0,            ,132243518,0000000.0000,0000000.0,285.7,0.369335,142243518,0000000.0000,0000000.0,34783.26,0.426902,68309.46,0.2511,2027-12-01
NK225E    ,OOP,202712,33750.0,            ,132243718,0000000.0000,0000000.0,294.21,0.368094,142243718,0000000.0000,0000000.0,34546.43,0.424747,68309.46,0.2511,2027-12-01
NK225E    ,OOP,202712,34000.0,            ,132244018,0000000.0000,0000000.0,302.91,0.366575,142244018,0000000.0000,0000000.0,34309.79,0.421782,68309.46,0.2511,2027-12-01
NK225E    ,OOP,202712,34250.0,            ,132244218,0000000.0000,0000000.0,311.8,0.365249,142244218,0000000.0000,0000000.0,34073.35,0.419617,68309.46,0.2511,2027-12-01
NK225E    ,OOP,202712,34500.0,            ,132244518,0000000.0000,0000000.0,320.9,0.364103,142244518,0000000.0000,0000000.0,33837.11,0.417441,68309.46,0.2511,2027-12-01
NK225E    ,OOP,202712,34750.0,            ,132244718,0000000.0000,0000000.0,330.2,0.362906,142244718,0000000.0000,0000000.0,33601.07,0.41449,68309.46,0.2511,2027-12-01
NK225E    ,OOP,202712,35000.0,            ,132245018,0000000.0000,0000000.0,339.71,0.361663,142245018,0000000.0000,0000000.0,33365.25,0.412306,68309.46,0.2511,2027-12-01
NK225E    ,OOP,202712,35250.0,            ,132245218,0000000.0000,0000000.0,349.43,0.360375,142245218,0000000.0000,0000000.0,33129.63,0.410111,68309.46,0.2511,2027-12-01
NK225E    ,OOP,202712,35500.0,            ,132245518,0000000.0000,0000000.0,359.37,0.359046,142245518,0000000.0000,0000000.0,32894.24,0.407908,68309.46,0.2511,2027-12-01
NK225E    ,OOP,202712,35750.0,            ,132245718,0000000.0000,0000000.0,369.53,0.357678,142245718,0000000.0000,0000000.0,32659.06,0.405696,68309.46,0.2511,2027-12-01
NK225E    ,OOP,202712,36000.0,            ,132246018,0000000.0000,0000000.0,379.92,0.356273,142246018,0000000.0000,0000000.0,32424.11,0.403475,68309.46,0.2511,2027-12-01
NK225E    ,OOP,202712,36250.0,            ,132246218,0000000.0000,0000000.0,390.54,0.354833,142246218,0000000.0000,0000000.0,32189.4,0.401247,68309.46,0.2511,2027-12-01
NK225E    ,OOP,202712,36500.0,            ,132246518,0000000.0000,0000000.0,401.39,0.35336,142246518,0000000.0000,0000000.0,31954.92,0.399011,68309.46,0.2511,2027-12-01
NK225E    ,OOP,202712,36750.0,            ,132246718,0000000.0000,0000000.0,412.49,0.351856,142246718,0000000.0000,0000000.0,31720.68,0.396768,68309.46,0.2511,2027-12-01
NK225E    ,OOP,202712,37000.0,            ,132247018,0000000.0000,0000000.0,423.84,0.350322,142247018,0000000.0000,0000000.0,31486.69,0.394519,68309.46,0.2511,2027-12-01
NK225E    ,OOP,202712,37250.0,            ,132247218,0000000.0000,0000000.0,435.43,0.34876,142247218,0000000.0000,0000000.0,31252.94,0.392263,68309.46,0.2511,2027-12-01
NK225E    ,OOP,202712,37500.0,            ,132247518,0000000.0000,0000000.0,447.27,0.34801,142247518,0000000.0000,0000000.0,31019.45,0.390001,68309.46,0.2511,2027-12-01
NK225E    ,OOP,202712,37750.0,            ,132247718,0000000.0000,0000000.0,459.39,0.34638,142247718,0000000.0000,0000000.0,30786.23,0.388372,68309.46,0.2511,2027-12-01
NK225E    ,OOP,202712,38000.0,            ,132248018,0000000.0000,0000000.0,471.77,0.345528,142248018,0000000.0000,0000000.0,30553.28,0.386089,68309.46,0.2511,2027-12-01
NK225E    ,OOP,202712,38250.0,            ,132248218,0000000.0000,0000000.0,484.42,0.343836,142248218,0000000.0000,0000000.0,30320.59,0.383802,68309.46,0.2511,2027-12-01
NK225E    ,OOP,202712,38500.0,            ,132248518,0000000.0000,0000000.0,497.36,0.342892,142248518,0000000.0000,0000000.0,30088.19,0.382122,68309.46,0.2511,2027-12-01
NK225E    ,OOP,202712,38750.0,            ,132248718,0000000.0000,0000000.0,510.57,0.341146,142248718,0000000.0000,0000000.0,29856.08,0.379817,68309.46,0.2511,2027-12-01
NK225E    ,OOP,202712,39000.0,            ,132249018,0000000.0000,0000000.0,524.08,0.340118,142249018,0000000.0000,0000000.0,29624.25,0.378101,68309.46,0.2511,2027-12-01
NK225E    ,OOP,202712,39250.0,            ,132249218,0000000.0000,0000000.0,537.89,0.338322,142249218,0000000.0000,0000000.0,29392.72,0.376364,68309.46,0.2511,2027-12-01
NK225E    ,OOP,202712,39500.0,            ,132249518,0000000.0000,0000000.0,552.0,0.337219,142249518,0000000.0000,0000000.0,29161.49,0.374033,68309.46,0.2511,2027-12-01
NK225E    ,OOP,202712,39750.0,            ,132249718,0000000.0000,0000000.0,566.42,0.336074,142249718,0000000.0000,0000000.0,28930.58,0.372265,68309.46,0.2511,2027-12-01
NK225E    ,OOP,202712,40000.0,            ,132240018,0000000.0000,0000000.0,581.16,0.334887,142240018,0000000.0000,0000000.0,28699.98,0.370478,68309.46,0.2511,2027-12-01
NK225E    ,OOP,202712,40250.0,            ,132240218,0000000.0000,0000000.0,596.22,0.333661,142240218,0000000.0000,0000000.0,28469.71,0.368672,68309.46,0.2511,2027-12-01
NK225E    ,OOP,202712,40500.0,            ,132240518,0000000.0000,0000000.0,611.61,0.332399,142240518,0000000.0000,0000000.0,28239.76,0.366849,68309.46,0.2511,2027-12-01
NK225E    ,OOP,202712,40750.0,            ,132240718,0000000.0000,0000000.0,627.34,0.331101,142240718,0000000.0000,0000000.0,28010.15,0.365009,68309.46,0.2511,2027-12-01
NK225E    ,OOP,202712,41000.0,            ,132241018,0000000.0000,0000000.0,643.41,0.329769,142241018,0000000.0000,0000000.0,27780.89,0.363153,68309.46,0.2511,2027-12-01
NK225E    ,OOP,202712,41250.0,            ,132241218,0000000.0000,0000000.0,659.84,0.328405,142241218,0000000.0000,0000000.0,27551.99,0.361281,68309.46,0.2511,2027-12-01
NK225E    ,OOP,202712,41500.0,            ,132241518,0000000.0000,0000000.0,676.63,0.327613,142241518,0000000.0000,0000000.0,27323.44,0.359393,68309.46,0.2511,2027-12-01
NK225E    ,OOP,202712,41750.0,            ,132241718,0000000.0000,0000000.0,693.79,0.326178,142241718,0000000.0000,0000000.0,27095.26,0.357491,68309.46,0.2511,2027-12-01
NK225E    ,OOP,202712,42000.0,            ,132242018,0000000.0000,0000000.0,711.32,0.324715,142242018,0000000.0000,0000000.0,26867.46,0.35607,68309.46,0.2511,2027-12-01
NK225E    ,OOP,202712,42250.0,            ,132242218,0000000.0000,0000000.0,729.24,0.323795,142242218,0000000.0000,0000000.0,26640.04,0.354133,68309.46,0.2511,2027-12-01
NK225E    ,OOP,202712,42500.0,            ,132362518,0000000.0000,0000000.0,747.54,0.32227,142362518,0000000.0000,0000000.0,26413.01,0.352663,68309.46,0.2511,2027-12-01
NK225E    ,OOP,202712,42750.0,            ,182242718,0000000.0000,0000000.0,766.26,0.321269,192242718,0000000.0000,0000000.0,26186.38,0.350694,68309.46,0.2511,2027-12-01
NK225E    ,OOP,202712,43000.0,            ,182243018,0000000.0000,0000000.0,785.37,0.320224,192243018,0000000.0000,0000000.0,25960.16,0.349179,68309.46,0.2511,2027-12-01
NK225E    ,OOP,202712,43250.0,            ,182243218,0000000.0000,0000000.0,804.9,0.319138,192243218,0000000.0000,0000000.0,25734.36,0.347639,68309.46,0.2511,2027-12-01
NK225E    ,OOP,202712,43500.0,            ,182243518,0000000.0000,0000000.0,824.87,0.318013,192243518,0000000.0000,0000000.0,25508.99,0.346076,68309.46,0.2511,2027-12-01
NK225E    ,OOP,202712,43750.0,            ,182243718,0000000.0000,0000000.0,845.27,0.316342,192243718,0000000.0000,0000000.0,25284.06,0.344041,68309.46,0.2511,2027-12-01
NK225E    ,OOP,202712,44000.0,            ,182244018,0000000.0000,0000000.0,866.11,0.315651,192244018,0000000.0000,0000000.0,25059.56,0.342438,68309.46,0.2511,2027-12-01
NK225E    ,OOP,202712,44250.0,            ,182244218,0000000.0000,0000000.0,887.41,0.314416,192244218,0000000.0000,0000000.0,24835.52,0.341247,68309.46,0.2511,2027-12-01
NK225E    ,OOP,202712,44500.0,            ,182244518,0000000.0000,0000000.0,909.17,0.313149,192244518,0000000.0000,0000000.0,24611.94,0.339593,68309.46,0.2511,2027-12-01
NK225E    ,OOP,202712,44750.0,            ,182244718,0000000.0000,0000000.0,931.4,0.311848,192244718,0000000.0000,0000000.0,24388.85,0.33792,68309.46,0.2511,2027-12-01
NK225E    ,OOP,202712,45000.0,            ,182245018,0000000.0000,0000000.0,954.12,0.310982,192245018,0000000.0000,0000000.0,24166.23,0.336226,68309.46,0.2511,2027-12-01
NK225E    ,OOP,202712,45250.0,            ,182245218,0000000.0000,0000000.0,977.34,0.309614,192245218,0000000.0000,0000000.0,23944.11,0.334923,68309.46,0.2511,2027-12-01
NK225E    ,OOP,202712,45500.0,            ,182245518,0000000.0000,0000000.0,1001.05,0.308666,192245518,0000000.0000,0000000.0,23722.49,0.333186,68309.46,0.2511,2027-12-01
NK225E    ,OOP,202712,45750.0,            ,182245718,0000000.0000,0000000.0,1025.28,0.307675,192245718,0000000.0000,0000000.0,23501.38,0.331829,68309.46,0.2511,2027-12-01
NK225E    ,OOP,202712,46000.0,            ,182246018,0000000.0000,0000000.0,1050.03,0.306209,192246018,0000000.0000,0000000.0,23280.8,0.330443,68309.46,0.2511,2027-12-01
NK225E    ,OOP,202712,46250.0,            ,182246218,0000000.0000,0000000.0,1075.33,0.305145,192246218,0000000.0000,0000000.0,23060.75,0.32903,68309.46,0.2511,2027-12-01
NK225E    ,OOP,202712,46500.0,            ,182246518,0000000.0000,0000000.0,1101.15,0.304043,192246518,0000000.0000,0000000.0,22841.25,0.327589,68309.46,0.2511,2027-12-01
NK225E    ,OOP,202712,46750.0,            ,182246718,0000000.0000,0000000.0,1127.56,0.303316,192246718,0000000.0000,0000000.0,22622.31,0.326123,68309.46,0.2511,2027-12-01
NK225E    ,OOP,202712,47000.0,            ,182247018,0000000.0000,0000000.0,1154.52,0.302135,192247018,0000000.0000,0000000.0,22403.94,0.324631,68309.46,0.2511,2027-12-01
NK225E    ,OOP,202712,47250.0,            ,182247218,0000000.0000,0000000.0,1182.07,0.30092,192247218,0000000.0000,0000000.0,22186.15,0.323115,68309.46,0.2511,2027-12-01
NK225E    ,OOP,202712,47500.0,            ,182247518,0000000.0000,0000000.0,1210.19,0.300064,192247518,0000000.0000,0000000.0,21968.94,0.321935,68309.46,0.2511,2027-12-01
NK225E    ,OOP,202712,47750.0,            ,182247718,0000000.0000,0000000.0,1238.94,0.298778,192247718,0000000.0000,0000000.0,21752.35,0.320367,68309.46,0.2511,2027-12-01
NK225E    ,OOP,202712,48000.0,            ,182248018,0000000.0000,0000000.0,1268.29,0.297841,192248018,0000000.0000,0000000.0,21536.37,0.319127,68309.46,0.2511,2027-12-01
NK225E    ,OOP,202712,48250.0,            ,182248218,0000000.0000,0000000.0,1298.27,0.296863,192248218,0000000.0000,0000000.0,21321.01,0.317856,68309.46,0.2511,2027-12-01
NK225E    ,OOP,202712,48500.0,            ,182248518,0000000.0000,0000000.0,1328.9,0.295845,192248518,0000000.0000,0000000.0,21106.31,0.316555,68309.46,0.2511,2027-12-01
NK225E    ,OOP,202712,48750.0,            ,182248718,0000000.0000,0000000.0,1360.18,0.294788,192248718,0000000.0000,0000000.0,20892.25,0.315224,68309.46,0.2511,2027-12-01
NK225E    ,OOP,202712,49000.0,            ,182249018,0000000.0000,0000000.0,1392.12,0.293694,192249018,0000000.0000,0000000.0,20678.85,0.313864,68309.46,0.2511,2027-12-01
NK225E    ,OOP,202712,49250.0,            ,182249218,0000000.0000,0000000.0,1424.73,0.292914,192249218,0000000.0000,0000000.0,20466.13,0.312476,68309.46,0.2511,2027-12-01
NK225E    ,OOP,202712,49500.0,            ,182249518,0000000.0000,0000000.0,1458.04,0.291744,192249518,0000000.0000,0000000.0,20254.1,0.311385,68309.46,0.2511,2027-12-01
NK225E    ,OOP,202712,49750.0,            ,182249718,0000000.0000,0000000.0,1492.05,0.29088,192249718,0000000.0000,0000000.0,20042.78,0.30994,68309.46,0.2511,2027-12-01
NK225E    ,OOP,202712,50000.0,            ,182240018,0000000.0000,0000000.0,1526.77,0.289973,192240018,0000000.0000,0000000.0,19832.16,0.308784,68309.46,0.2511,2027-12-01
NK225E    ,OOP,202712,50250.0,            ,182240218,0000000.0000,0000000.0,1562.23,0.289025,192240218,0000000.0000,0000000.0,19622.28,0.307595,68309.46,0.2511,2027-12-01
NK225E    ,OOP,202712,50500.0,            ,182240518,0000000.0000,0000000.0,1598.44,0.288036,192240518,0000000.0000,0000000.0,19413.16,0.306373,68309.46,0.2511,2027-12-01
NK225E    ,OOP,202712,50750.0,            ,182240718,0000000.0000,0000000.0,1635.39,0.287009,192240718,0000000.0000,0000000.0,19204.77,0.30512,68309.46,0.2511,2027-12-01
NK225E    ,OOP,202712,51000.0,            ,182241018,0000000.0000,0000000.0,1673.12,0.285944,192241018,0000000.0000,0000000.0,18997.17,0.303837,68309.46,0.2511,2027-12-01
NK225E    ,OOP,202712,51250.0,            ,182241218,0000000.0000,0000000.0,1711.63,0.285154,192241218,0000000.0000,0000000.0,18790.35,0.302819,68309.46,0.2511,2027-12-01
NK225E    ,OOP,202712,51500.0,            ,182241518,0000000.0000,0000000.0,1750.94,0.28432,192241518,0000000.0000,0000000.0,18584.32,0.301473,68309.46,0.2511,2027-12-01
NK225E    ,OOP,202712,51750.0,            ,182241718,0000000.0000,0000000.0,1791.06,0.28314,192241718,0000000.0000,0000000.0,18379.1,0.300387,68309.46,0.2511,2027-12-01
NK225E    ,OOP,202712,52000.0,            ,182242018,0000000.0000,0000000.0,1832.02,0.282226,192242018,0000000.0000,0000000.0,18174.73,0.299266,68309.46,0.2511,2027-12-01
NK225E    ,OOP,202712,52250.0,            ,182242218,0000000.0000,0000000.0,1873.8,0.281565,192242218,0000000.0000,0000000.0,17971.17,0.298111,68309.46,0.2511,2027-12-01
NK225E    ,OOP,202712,52500.0,            ,182362518,0000000.0000,0000000.0,1916.44,0.280566,192362518,0000000.0000,0000000.0,17768.48,0.297202,68309.46,0.2511,2027-12-01
NK225E    ,OOP,202712,52750.0,            ,132362718,0000000.0000,0000000.0,1959.95,0.27953,142362718,0000000.0000,0000000.0,17566.65,0.295979,68309.46,0.2511,2027-12-01
NK225E    ,OOP,202712,53000.0,            ,132363018,0000000.0000,0000000.0,2004.36,0.278739,142363018,0000000.0000,0000000.0,17365.72,0.294995,68309.46,0.2511,2027-12-01
NK225E    ,OOP,202712,53250.0,            ,132363218,0000000.0000,0000000.0,2049.66,0.277904,142363218,0000000.0000,0000000.0,17165.68,0.293706,68309.46,0.2511,2027-12-01
NK225E    ,OOP,202712,53500.0,            ,132363518,0000000.0000,0000000.0,2095.86,0.277027,142363518,0000000.0000,0000000.0,16966.55,0.292653,68309.46,0.2511,2027-12-01
NK225E    ,OOP,202712,53750.0,            ,132363718,0000000.0000,0000000.0,2142.99,0.276109,142363718,0000000.0000,0000000.0,16768.35,0.291826,68309.46,0.2511,2027-12-01
NK225E    ,OOP,202712,54000.0,            ,132364018,0000000.0000,0000000.0,2191.07,0.275419,142364018,0000000.0000,0000000.0,16571.09,0.2907,68309.46,0.2511,2027-12-01
NK225E    ,OOP,202712,54250.0,            ,132364218,0000000.0000,0000000.0,2240.09,0.274419,142364218,0000000.0000,0000000.0,16374.77,0.289796,68309.46,0.2511,2027-12-01
NK225E    ,OOP,202712,54500.0,            ,132364518,0000000.0000,0000000.0,2290.1,0.273642,142364518,0000000.0000,0000000.0,16179.45,0.288599,68309.46,0.2511,2027-12-01
NK225E    ,OOP,202712,54750.0,            ,132364718,0000000.0000,0000000.0,2341.08,0.272821,142364718,0000000.0000,0000000.0,15985.09,0.287621,68309.46,0.2511,2027-12-01
NK225E    ,OOP,202712,55000.0,            ,132365018,0000000.0000,0000000.0,2393.07,0.271959,142365018,0000000.0000,0000000.0,15791.75,0.286606,68309.46,0.2511,2027-12-01
NK225E    ,OOP,202712,55250.0,            ,132365218,0000000.0000,0000000.0,2446.07,0.271307,142365218,0000000.0000,0000000.0,15599.41,0.2858,68309.46,0.2511,2027-12-01
NK225E    ,OOP,202712,55500.0,            ,132365518,0000000.0000,0000000.0,2500.11,0.27036,142365518,0000000.0000,0000000.0,15408.12,0.28471,68309.46,0.2511,2027-12-01
NK225E    ,OOP,202712,55750.0,            ,132365718,0000000.0000,0000000.0,2555.19,0.26962,142365718,0000000.0000,0000000.0,15217.86,0.283826,68309.46,0.2511,2027-12-01
NK225E    ,OOP,202712,56000.0,            ,132366018,0000000.0000,0000000.0,2611.33,0.268836,142366018,0000000.0000,0000000.0,15028.66,0.282902,68309.46,0.2511,2027-12-01
NK225E    ,OOP,202712,56250.0,            ,132366218,0000000.0000,0000000.0,2668.52,0.268009,142366218,0000000.0000,0000000.0,14840.52,0.28194,68309.46,0.2511,2027-12-01
NK225E    ,OOP,202712,56500.0,            ,132366518,0000000.0000,0000000.0,2726.83,0.267378,142366518,0000000.0000,0000000.0,14653.49,0.280941,68309.46,0.2511,2027-12-01
NK225E    ,OOP,202712,56750.0,            ,132366718,0000000.0000,0000000.0,2786.22,0.266466,142366718,0000000.0000,0000000.0,14467.55,0.280135,68309.46,0.2511,2027-12-01
NK225E    ,OOP,202712,57000.0,            ,132367018,0000000.0000,0000000.0,2846.75,0.265746,142367018,0000000.0000,0000000.0,14282.74,0.279289,68309.46,0.2511,2027-12-01
NK225E    ,OOP,202712,57250.0,            ,132367218,0000000.0000,0000000.0,2908.4,0.264983,142367218,0000000.0000,0000000.0,14099.06,0.278403,68309.46,0.2511,2027-12-01
NK225E    ,OOP,202712,57500.0,            ,132367518,0000000.0000,0000000.0,2971.19,0.264404,142367518,0000000.0000,0000000.0,13916.51,0.277478,68309.46,0.2511,2027-12-01
NK225E    ,OOP,202712,57750.0,            ,132367718,0000000.0000,0000000.0,3035.14,0.263553,142367718,0000000.0000,0000000.0,13735.12,0.276736,68309.46,0.2511,2027-12-01
NK225E    ,OOP,202712,58000.0,            ,132368018,0000000.0000,0000000.0,3100.27,0.262884,142368018,0000000.0000,0000000.0,13554.92,0.275733,68309.46,0.2511,2027-12-01
NK225E    ,OOP,202712,58250.0,            ,132368218,0000000.0000,0000000.0,3166.58,0.26217,142368218,0000000.0000,0000000.0,13375.89,0.27491,68309.46,0.2511,2027-12-01
NK225E    ,OOP,202712,58500.0,            ,132368518,0000000.0000,0000000.0,3234.11,0.261412,142368518,0000000.0000,0000000.0,13198.09,0.274048,68309.46,0.2511,2027-12-01
NK225E    ,OOP,202712,58750.0,            ,132368718,0000000.0000,0000000.0,3302.83,0.260827,142368718,0000000.0000,0000000.0,13021.47,0.273359,68309.46,0.2511,2027-12-01
NK225E    ,OOP,202712,59000.0,            ,132369018,0000000.0000,0000000.0,3372.79,0.260196,142369018,0000000.0000,0000000.0,12846.09,0.272416,68309.46,0.2511,2027-12-01
NK225E    ,OOP,202712,59250.0,            ,132369218,0000000.0000,0000000.0,3443.99,0.25952,142369218,0000000.0000,0000000.0,12671.95,0.271646,68309.46,0.2511,2027-12-01
NK225E    ,OOP,202712,59500.0,            ,132369518,0000000.0000,0000000.0,3516.43,0.2588,142369518,0000000.0000,0000000.0,12499.06,0.271042,68309.46,0.2511,2027-12-01
NK225E    ,OOP,202712,59750.0,            ,132369718,0000000.0000,0000000.0,3590.16,0.258036,142369718,0000000.0000,0000000.0,12327.46,0.270188,68309.46,0.2511,2027-12-01
NK225E    ,OOP,202712,60000.0,            ,132360018,0000000.0000,0000000.0,3665.16,0.257436,142360018,0000000.0000,0000000.0,12157.12,0.269499,68309.46,0.2511,2027-12-01
NK225E    ,OOP,202712,60250.0,            ,132360218,0000000.0000,0000000.0,3741.45,0.256791,142360218,0000000.0000,0000000.0,11988.08,0.268768,68309.46,0.2511,2027-12-01
NK225E    ,OOP,202712,60500.0,            ,132360518,0000000.0000,0000000.0,3819.04,0.2561,142360518,0000000.0000,0000000.0,11820.33,0.267995,68309.46,0.2511,2027-12-01
NK225E    ,OOP,202712,60750.0,            ,132360718,0000000.0000,0000000.0,3897.94,0.255568,142360718,0000000.0000,0000000.0,11653.89,0.267181,68309.46,0.2511,2027-12-01
NK225E    ,OOP,202712,61000.0,            ,132361018,0000000.0000,0000000.0,3978.19,0.254989,142361018,0000000.0000,0000000.0,11488.81,0.266526,68309.46,0.2511,2027-12-01
NK225E    ,OOP,202712,61250.0,            ,132361218,0000000.0000,0000000.0,4059.75,0.254364,142361218,0000000.0000,0000000.0,11325.03,0.265827,68309.46,0.2511,2027-12-01
NK225E    ,OOP,202712,61500.0,            ,132361518,0000000.0000,0000000.0,4142.65,0.253695,142361518,0000000.0000,0000000.0,11162.6,0.265087,68309.46,0.2511,2027-12-01
NK225E    ,OOP,202712,61750.0,            ,132361718,0000000.0000,0000000.0,4226.94,0.252981,142361718,0000000.0000,0000000.0,11001.55,0.2645,68309.46,0.2511,2027-12-01
NK225E    ,OOP,202712,62000.0,            ,132362018,0000000.0000,0000000.0,4312.59,0.252418,142362018,0000000.0000,0000000.0,10841.87,0.263676,68309.46,0.2511,2027-12-01
NK225E    ,OOP,202712,62250.0,            ,132362218,0000000.0000,0000000.0,4399.62,0.25181,142362218,0000000.0000,0000000.0,10683.56,0.263003,68309.46,0.2511,2027-12-01
NK225E    ,OOP,202712,62500.0,            ,182242518,0000000.0000,0000000.0,4488.05,0.251348,192242518,0000000.0000,0000000.0,10526.65,0.262479,68309.46,0.2511,2027-12-01
NK225E    ,OOP,202712,62750.0,            ,182362718,0000000.0000,0000000.0,4577.84,0.250839,192362718,0000000.0000,0000000.0,10371.11,0.261721,68309.46,0.2511,2027-12-01
NK225E    ,OOP,202712,63000.0,            ,182363018,0000000.0000,0000000.0,4669.07,0.250095,192363018,0000000.0000,0000000.0,10217.0,0.261111,68309.46,0.2511,2027-12-01
NK225E    ,OOP,202712,63250.0,            ,182363218,0000000.0000,0000000.0,4761.72,0.249683,192363218,0000000.0000,0000000.0,10064.32,0.260457,68309.46,0.2511,2027-12-01
NK225E    ,OOP,202712,63500.0,            ,182363518,0000000.0000,0000000.0,4855.77,0.249038,192363518,0000000.0000,0000000.0,9913.03,0.259947,68309.46,0.2511,2027-12-01
NK225E    ,OOP,202712,63750.0,            ,182363718,0000000.0000,0000000.0,4951.25,0.248534,192363718,0000000.0000,0000000.0,9763.18,0.259393,68309.46,0.2511,2027-12-01
NK225E    ,OOP,202712,64000.0,            ,182364018,0000000.0000,0000000.0,5048.21,0.247984,192364018,0000000.0000,0000000.0,9614.8,0.258795,68309.46,0.2511,2027-12-01
NK225E    ,OOP,202712,64250.0,            ,182364218,0000000.0000,0000000.0,5146.59,0.247388,192364218,0000000.0000,0000000.0,9467.84,0.258155,68309.46,0.2511,2027-12-01
NK225E    ,OOP,202712,64500.0,            ,182364518,0000000.0000,0000000.0,5246.4,0.246931,192364518,0000000.0000,0000000.0,9322.32,0.257654,68309.46,0.2511,2027-12-01
NK225E    ,OOP,202712,64750.0,            ,182364718,0000000.0000,0000000.0,5347.71,0.246427,192364718,0000000.0000,0000000.0,9178.29,0.256928,68309.46,0.2511,2027-12-01
NK225E    ,OOP,202712,65000.0,            ,182365018,0000000.0000,0000000.0,5450.46,0.245878,192365018,0000000.0000,0000000.0,9035.7,0.256521,68309.46,0.2511,2027-12-01
NK225E    ,OOP,202712,65250.0,            ,182365218,0000000.0000,0000000.0,5554.69,0.245463,192365218,0000000.0000,0000000.0,8894.6,0.25589,68309.46,0.2511,2027-12-01
NK225E    ,OOP,202712,65500.0,            ,182365518,0000000.0000,0000000.0,5660.38,0.245002,192365518,0000000.0000,0000000.0,8754.95,0.255395,68309.46,0.2511,2027-12-01
NK225E    ,OOP,202712,65750.0,            ,182365718,0000000.0000,0000000.0,5767.56,0.244496,192365718,0000000.0000,0000000.0,8616.79,0.254857,68309.46,0.2511,2027-12-01
NK225E    ,OOP,202712,66000.0,            ,182366018,0000000.0000,0000000.0,5876.23,0.243944,192366018,0000000.0000,0000000.0,8480.13,0.254276,68309.46,0.2511,2027-12-01
NK225E    ,OOP,202712,66250.0,            ,182366218,0000000.0000,0000000.0,5986.38,0.243524,192366218,0000000.0000,0000000.0,8344.95,0.253828,68309.46,0.2511,2027-12-01
NK225E    ,OOP,202712,66500.0,            ,182366518,0000000.0000,0000000.0,6098.0,0.243058,192366518,0000000.0000,0000000.0,8211.24,0.253337,68309.46,0.2511,2027-12-01
NK225E    ,OOP,202712,66750.0,            ,182366718,0000000.0000,0000000.0,6211.14,0.242547,192366718,0000000.0000,0000000.0,8079.04,0.252802,68309.46,0.2511,2027-12-01
NK225E    ,OOP,202712,67000.0,            ,182367018,0000000.0000,0000000.0,6325.76,0.242165,192367018,0000000.0000,0000000.0,7948.32,0.2524,68309.46,0.2511,2027-12-01
NK225E    ,OOP,202712,67250.0,            ,182367218,0000000.0000,0000000.0,6441.89,0.241738,192367218,0000000.0000,0000000.0,7819.11,0.251779,68309.46,0.2511,2027-12-01
NK225E    ,OOP,202712,67500.0,            ,132487518,0000000.0000,0000000.0,6559.51,0.241266,142487518,0000000.0000,0000000.0,7691.4,0.251463,68309.46,0.2511,2027-12-01
NK225E    ,OOP,202712,67750.0,            ,182367718,0000000.0000,0000000.0,6678.62,0.240922,192367718,0000000.0000,0000000.0,7565.17,0.25093,68309.46,0.2511,2027-12-01
NK225E    ,OOP,202712,68000.0,            ,182368018,0000000.0000,0000000.0,6799.23,0.240359,192368018,0000000.0000,0000000.0,7440.44,0.250528,68309.46,0.2511,2027-12-01
NK225E    ,OOP,202712,68250.0,            ,182368218,0000000.0000,0000000.0,6921.35,0.239924,192368218,0000000.0000,0000000.0,7317.23,0.250082,68309.46,0.2511,2027-12-01
NK225E    ,OOP,202712,68500.0,            ,182368518,0000000.0000,0000000.0,7044.95,0.239617,192368518,0000000.0000,0000000.0,7195.49,0.249592,68309.46,0.2511,2027-12-01
NK225E    ,OOP,202712,68750.0,            ,182368718,0000000.0000,0000000.0,7170.06,0.239264,192368718,0000000.0000,0000000.0,7075.27,0.249232,68309.46,0.2511,2027-12-01
NK225E    ,OOP,202712,69000.0,            ,182369018,0000000.0000,0000000.0,7296.64,0.238865,192369018,0000000.0000,0000000.0,6956.52,0.248829,68309.46,0.2511,2027-12-01
NK225E    ,OOP,202712,69250.0,            ,182369218,0000000.0000,0000000.0,7424.75,0.238422,192369218,0000000.0000,0000000.0,6839.29,0.248383,68309.46,0.2511,2027-12-01
NK225E    ,OOP,202712,69500.0,            ,182369518,0000000.0000,0000000.0,7554.32,0.237935,192369518,0000000.0000,0000000.0,6723.52,0.247894,68309.46,0.2511,2027-12-01
NK225E    ,OOP,202712,69750.0,            ,182369718,0000000.0000,0000000.0,7685.38,0.237573,192369718,0000000.0000,0000000.0,6609.25,0.247533,68309.46,0.2511,2027-12-01
NK225E    ,OOP,202712,70000.0,            ,182360018,0000000.0000,0000000.0,7817.93,0.237338,192360018,0000000.0000,0000000.0,6496.46,0.247129,68309.46,0.2511,2027-12-01
NK225E    ,OOP,202712,70250.0,            ,182360218,0000000.0000,0000000.0,7951.97,0.236887,192360218,0000000.0000,0000000.0,6385.16,0.246854,68309.46,0.2511,2027-12-01
NK225E    ,OOP,202712,70500.0,            ,182360518,0000000.0000,0000000.0,8087.46,0.236563,192360518,0000000.0000,0000000.0,6275.32,0.246535,68309.46,0.2511,2027-12-01
NK225E    ,OOP,202712,70750.0,            ,182360718,0000000.0000,0000000.0,8224.43,0.236194,192360718,0000000.0000,0000000.0,6166.96,0.246175,68309.46,0.2511,2027-12-01
NK225E    ,OOP,202712,71000.0,            ,182361018,0000000.0000,0000000.0,8362.89,0.235781,192361018,0000000.0000,0000000.0,6060.07,0.245771,68309.46,0.2511,2027-12-01
NK225E    ,OOP,202712,71250.0,            ,182361218,0000000.0000,0000000.0,8502.78,0.235494,192361218,0000000.0000,0000000.0,5954.64,0.245326,68309.46,0.2511,2027-12-01
NK225E    ,OOP,202712,71500.0,            ,182361518,0000000.0000,0000000.0,8644.12,0.235163,192361518,0000000.0000,0000000.0,5850.64,0.245009,68309.46,0.2511,2027-12-01
NK225E    ,OOP,202712,71750.0,            ,182361718,0000000.0000,0000000.0,8786.9,0.234788,192361718,0000000.0000,0000000.0,5748.08,0.24482,68309.46,0.2511,2027-12-01
NK225E    ,OOP,202712,72000.0,            ,182362018,0000000.0000,0000000.0,8931.13,0.234539,192362018,0000000.0000,0000000.0,5646.98,0.244419,68309.46,0.2511,2027-12-01
NK225E    ,OOP,202712,72250.0,            ,182362218,0000000.0000,0000000.0,9076.79,0.234076,192362218,0000000.0000,0000000.0,5547.3,0.244146,68309.46,0.2511,2027-12-01
NK225E    ,OOP,202712,72500.0,            ,132482518,0000000.0000,0000000.0,9223.9,0.233912,142482518,0000000.0000,0000000.0,5449.07,0.243832,68309.46,0.2511,2027-12-01
NK225E    ,OOP,202712,72750.0,            ,132482718,0000000.0000,0000000.0,9372.4,0.233533,142482718,0000000.0000,0000000.0,5352.23,0.243476,68309.46,0.2511,2027-12-01
NK225E    ,OOP,202712,73000.0,            ,132483018,0000000.0000,0000000.0,9522.3,0.233282,142483018,0000000.0000,0000000.0,5256.8,0.24325,68309.46,0.2511,2027-12-01
NK225E    ,OOP,202712,73250.0,            ,132483218,0000000.0000,0000000.0,9673.63,0.232988,142483218,0000000.0000,0000000.0,5162.79,0.242983,68309.46,0.2511,2027-12-01
NK225E    ,OOP,202712,73500.0,            ,132483518,0000000.0000,0000000.0,9826.32,0.23265,142483518,0000000.0000,0000000.0,5070.15,0.242674,68309.46,0.2511,2027-12-01
NK225E    ,OOP,202712,73750.0,            ,132483718,0000000.0000,0000000.0,9980.4,0.23227,142483718,0000000.0000,0000000.0,4978.9,0.242325,68309.46,0.2511,2027-12-01
NK225E    ,OOP,202712,74000.0,            ,132484018,0000000.0000,0000000.0,10135.83,0.232019,142484018,0000000.0000,0000000.0,4888.99,0.242107,68309.46,0.2511,2027-12-01
NK225E    ,OOP,202712,74250.0,            ,132484218,0000000.0000,0000000.0,10292.66,0.231726,142484218,0000000.0000,0000000.0,4800.48,0.241848,68309.46,0.2511,2027-12-01
NK225E    ,OOP,202712,74500.0,            ,132484518,0000000.0000,0000000.0,10450.79,0.23139,142484518,0000000.0000,0000000.0,4713.28,0.241548,68309.46,0.2511,2027-12-01
NK225E    ,OOP,202712,74750.0,            ,132484718,0000000.0000,0000000.0,10610.3,0.231185,142484718,0000000.0000,0000000.0,4627.45,0.241382,68309.46,0.2511,2027-12-01
NK225E    ,OOP,202712,75000.0,            ,132485018,0000000.0000,0000000.0,10771.1,0.230939,142485018,0000000.0000,0000000.0,4542.92,0.241001,68309.46,0.2511,2027-12-01
NK225E    ,OOP,202712,75250.0,            ,132485218,0000000.0000,0000000.0,10933.23,0.23065,142485218,0000000.0000,0000000.0,4459.71,0.240929,68309.46,0.2511,2027-12-01
NK225E    ,OOP,202712,75500.0,            ,132485518,0000000.0000,0000000.0,11096.69,0.230319,142485518,0000000.0000,0000000.0,4377.84,0.240643,68309.46,0.2511,2027-12-01
NK225E    ,OOP,202712,75750.0,            ,132485718,0000000.0000,0000000.0,11261.41,0.230123,142485718,0000000.0000,0000000.0,4297.22,0.240317,68309.46,0.2511,2027-12-01
NK225E    ,OOP,202712,76000.0,            ,132486018,0000000.0000,0000000.0,11427.43,0.229885,142486018,0000000.0000,0000000.0,4217.9,0.240127,68309.46,0.2511,2027-12-01
NK225E    ,OOP,202712,76250.0,            ,132486218,0000000.0000,0000000.0,11594.69,0.229605,142486218,0000000.0000,0000000.0,4139.83,0.239897,68309.46,0.2511,2027-12-01
NK225E    ,OOP,202712,77500.0,            ,182367518,0000000.0000,0000000.0,12449.63,0.228487,192367518,0000000.0000,0000000.0,3768.09,0.239056,68309.46,0.2511,2027-12-01
NK225E    ,OOP,202712,80000.0,            ,132480018,0000000.0000,0000000.0,14246.86,0.22617,142480018,0000000.0000,0000000.0,3111.96,0.237454,68309.46,0.2511,2027-12-01
NK225E    ,OOP,202712,82500.0,            ,182482518,0000000.0000,0000000.0,16148.71,0.224193,192482518,0000000.0000,0000000.0,2560.45,0.23622,68309.46,0.2511,2027-12-01
NK225E    ,OOP,202712,85000.0,            ,182485018,0000000.0000,0000000.0,18140.73,0.222195,192485018,0000000.0000,0000000.0,2099.12,0.235203,68309.46,0.2511,2027-12-01
NK225E    ,OOP,202712,87500.0,            ,182487518,0000000.0000,0000000.0,20208.96,0.220183,192487518,0000000.0000,0000000.0,1713.99,0.234443,68309.46,0.2511,2027-12-01
NK225E    ,OOP,202712,90000.0,            ,182480018,0000000.0000,0000000.0,22340.66,0.217867,192480018,0000000.0000,0000000.0,1392.33,0.233722,68309.46,0.2511,2027-12-01
NK225E    ,OOP,202712,95000.0,            ,132605018,0000000.0000,0000000.0,26751.39,0.210717,142605018,0000000.0000,0000000.0,896.35,0.231715,68309.46,0.2511,2027-12-01
NK225E    ,OOP,202712,100000.0,            ,132600018,0000000.0000,0000000.0,31304.64,0.196674,142600018,0000000.0000,0000000.0,542.88,0.227801,68309.46,0.2511,2027-12-01
NK225E    ,OOP,202803,50000.0,            ,133030018,0000000.0000,0000000.0,1953.06,0.28908,143030018,0000000.0000,0000000.0,20359.52,0.311259,68309.46,0.2511,2028-03-01
NK225E    ,OOP,202803,51000.0,            ,133031018,0000000.0000,0000000.0,2122.87,0.285576,143031018,0000000.0000,0000000.0,19551.85,0.306582,68309.46,0.2511,2028-03-01
NK225E    ,OOP,202803,52000.0,            ,133032018,0000000.0000,0000000.0,2305.12,0.282318,143032018,0000000.0000,0000000.0,18756.63,0.30224,68309.46,0.2511,2028-03-01
NK225E    ,OOP,202803,53000.0,            ,133033018,0000000.0000,0000000.0,2500.56,0.279007,143033018,0000000.0000,0000000.0,17974.59,0.298175,68309.46,0.2511,2028-03-01
NK225E    ,OOP,202803,54000.0,            ,133034018,0000000.0000,0000000.0,2709.95,0.275863,143034018,0000000.0000,0000000.0,17206.5,0.294111,68309.46,0.2511,2028-03-01
NK225E    ,OOP,202803,55000.0,            ,133035018,0000000.0000,0000000.0,2934.02,0.272845,143035018,0000000.0000,0000000.0,16453.1,0.29025,68309.46,0.2511,2028-03-01
NK225E    ,OOP,202803,56000.0,            ,133036018,0000000.0000,0000000.0,3173.59,0.269705,143036018,0000000.0000,0000000.0,15715.19,0.286762,68309.46,0.2511,2028-03-01
NK225E    ,OOP,202803,57000.0,            ,133037018,0000000.0000,0000000.0,3429.35,0.266851,143037018,0000000.0000,0000000.0,14993.48,0.283188,68309.46,0.2511,2028-03-01
NK225E    ,OOP,202803,58000.0,            ,133038018,0000000.0000,0000000.0,3702.12,0.264233,143038018,0000000.0000,0000000.0,14288.77,0.279912,68309.46,0.2511,2028-03-01
NK225E    ,OOP,202803,59000.0,            ,133039018,0000000.0000,0000000.0,3992.59,0.261428,143039018,0000000.0000,0000000.0,13601.77,0.2767,68309.46,0.2511,2028-03-01
NK225E    ,OOP,202803,59500.0,            ,133039518,0000000.0000,0000000.0,4145.07,0.260192,143039518,0000000.0000,0000000.0,13265.51,0.275182,68309.46,0.2511,2028-03-01
NK225E    ,OOP,202803,59750.0,            ,133039718,0000000.0000,0000000.0,4222.77,0.259706,143039718,0000000.0000,0000000.0,13098.84,0.27456,68309.46,0.2511,2028-03-01
NK225E    ,OOP,202803,60000.0,            ,183030018,0000000.0000,0000000.0,4301.47,0.258995,193030018,0000000.0000,0000000.0,12933.17,0.273718,68309.46,0.2511,2028-03-01
NK225E    ,OOP,202803,60250.0,            ,133030218,0000000.0000,0000000.0,4381.96,0.258434,143030218,0000000.0000,0000000.0,12769.29,0.273027,68309.46,0.2511,2028-03-01
NK225E    ,OOP,202803,60500.0,            ,133030518,0000000.0000,0000000.0,4463.42,0.257835,143030518,0000000.0000,0000000.0,12606.39,0.272302,68309.46,0.2511,2028-03-01
NK225E    ,OOP,202803,60750.0,            ,133030718,0000000.0000,0000000.0,4545.93,0.257199,143030718,0000000.0000,0000000.0,12444.52,0.271724,68309.46,0.2511,2028-03-01
NK225E    ,OOP,202803,61000.0,            ,183031018,0000000.0000,0000000.0,4629.48,0.256527,193031018,0000000.0000,0000000.0,12283.7,0.270932,68309.46,0.2511,2028-03-01
NK225E    ,OOP,202803,61250.0,            ,133031218,0000000.0000,0000000.0,4714.83,0.255999,143031218,0000000.0000,0000000.0,12124.69,0.270286,68309.46,0.2511,2028-03-01
NK225E    ,OOP,202803,61500.0,            ,133031518,0000000.0000,0000000.0,4801.26,0.255432,143031518,0000000.0000,0000000.0,11966.75,0.269605,68309.46,0.2511,2028-03-01
NK225E    ,OOP,202803,61750.0,            ,133031718,0000000.0000,0000000.0,4888.69,0.254829,143031718,0000000.0000,0000000.0,11809.82,0.26889,68309.46,0.2511,2028-03-01
NK225E    ,OOP,202803,62000.0,            ,183032018,0000000.0000,0000000.0,4977.21,0.254189,193032018,0000000.0000,0000000.0,11653.96,0.268316,68309.46,0.2511,2028-03-01
NK225E    ,OOP,202803,62250.0,            ,133032218,0000000.0000,0000000.0,5067.61,0.253688,143032218,0000000.0000,0000000.0,11499.99,0.267708,68309.46,0.2511,2028-03-01
NK225E    ,OOP,202803,62500.0,            ,133032518,0000000.0000,0000000.0,5159.07,0.253149,143032518,0000000.0000,0000000.0,11347.08,0.267065,68309.46,0.2511,2028-03-01
NK225E    ,OOP,202803,62750.0,            ,133032718,0000000.0000,0000000.0,5251.63,0.252573,143032718,0000000.0000,0000000.0,11195.28,0.266388,68309.46,0.2511,2028-03-01
NK225E    ,OOP,202803,63000.0,            ,183033018,0000000.0000,0000000.0,5345.24,0.25196,193033018,0000000.0000,0000000.0,11044.51,0.265677,68309.46,0.2511,2028-03-01
NK225E    ,OOP,202803,63250.0,            ,133033218,0000000.0000,0000000.0,5440.83,0.251482,143033218,0000000.0000,0000000.0,10895.74,0.265102,68309.46,0.2511,2028-03-01
NK225E    ,OOP,202803,63500.0,            ,133033518,0000000.0000,0000000.0,5537.52,0.250966,143033518,0000000.0000,0000000.0,10748.06,0.264493,68309.46,0.2511,2028-03-01
NK225E    ,OOP,202803,63750.0,            ,133033718,0000000.0000,0000000.0,5635.27,0.250412,143033718,0000000.0000,0000000.0,10601.44,0.264018,68309.46,0.2511,2028-03-01
NK225E    ,OOP,202803,64000.0,            ,183034018,0000000.0000,0000000.0,5734.14,0.24999,193034018,0000000.0000,0000000.0,10455.95,0.26334,68309.46,0.2511,2028-03-01
NK225E    ,OOP,202803,64250.0,            ,133034218,0000000.0000,0000000.0,5834.96,0.24953,143034218,0000000.0000,0000000.0,10312.39,0.262794,68309.46,0.2511,2028-03-01
NK225E    ,OOP,202803,64500.0,            ,133034518,0000000.0000,0000000.0,5936.98,0.249032,143034518,0000000.0000,0000000.0,10170.04,0.262214,68309.46,0.2511,2028-03-01
NK225E    ,OOP,202803,64750.0,            ,133034718,0000000.0000,0000000.0,6040.08,0.248498,143034718,0000000.0000,0000000.0,10028.77,0.261765,68309.46,0.2511,2028-03-01
NK225E    ,OOP,202803,65000.0,            ,183035018,0000000.0000,0000000.0,6144.26,0.247926,193035018,0000000.0000,0000000.0,9888.59,0.261115,68309.46,0.2511,2028-03-01
NK225E    ,OOP,202803,65250.0,            ,133035218,0000000.0000,0000000.0,6250.51,0.247483,143035218,0000000.0000,0000000.0,9750.47,0.260595,68309.46,0.2511,2028-03-01
NK225E    ,OOP,202803,65500.0,            ,133035518,0000000.0000,0000000.0,6357.92,0.247002,143035518,0000000.0000,0000000.0,9613.51,0.260041,68309.46,0.2511,2028-03-01
NK225E    ,OOP,202803,65750.0,            ,133035718,0000000.0000,0000000.0,6466.42,0.246646,143035718,0000000.0000,0000000.0,9477.64,0.259615,68309.46,0.2511,2028-03-01
NK225E    ,OOP,202803,66000.0,            ,183036018,0000000.0000,0000000.0,6576.06,0.246091,193036018,0000000.0000,0000000.0,9342.91,0.259153,68309.46,0.2511,2028-03-01
NK225E    ,OOP,202803,66250.0,            ,133036218,0000000.0000,0000000.0,6687.72,0.245661,143036218,0000000.0000,0000000.0,9210.21,0.258656,68309.46,0.2511,2028-03-01
NK225E    ,OOP,202803,66500.0,            ,133036518,0000000.0000,0000000.0,6800.59,0.245193,143036518,0000000.0000,0000000.0,9078.7,0.258124,68309.46,0.2511,2028-03-01
NK225E    ,OOP,202803,66750.0,            ,133036718,0000000.0000,0000000.0,6914.63,0.24485,143036718,0000000.0000,0000000.0,8948.37,0.257558,68309.46,0.2511,2028-03-01
NK225E    ,OOP,202803,67000.0,            ,183037018,0000000.0000,0000000.0,7029.77,0.244309,193037018,0000000.0000,0000000.0,8819.15,0.257118,68309.46,0.2511,2028-03-01
NK225E    ,OOP,202803,67250.0,            ,133037218,0000000.0000,0000000.0,7147.0,0.243891,143037218,0000000.0000,0000000.0,8692.0,0.256642,68309.46,0.2511,2028-03-01
NK225E    ,OOP,202803,67500.0,            ,133037518,0000000.0000,0000000.0,7265.37,0.243595,143037518,0000000.0000,0000000.0,8566.01,0.256291,68309.46,0.2511,2028-03-01
NK225E    ,OOP,202803,67750.0,            ,133037718,0000000.0000,0000000.0,7384.89,0.243103,143037718,0000000.0000,0000000.0,8441.16,0.255746,68309.46,0.2511,2028-03-01
NK225E    ,OOP,202803,68000.0,            ,183038018,0000000.0000,0000000.0,7505.55,0.242733,193038018,0000000.0000,0000000.0,8317.45,0.255325,68309.46,0.2511,2028-03-01
NK225E    ,OOP,202803,68250.0,            ,133038218,0000000.0000,0000000.0,7628.31,0.242326,143038218,0000000.0000,0000000.0,8195.84,0.255027,68309.46,0.2511,2028-03-01
NK225E    ,OOP,202803,68500.0,            ,133038518,0000000.0000,0000000.0,7752.24,0.241882,143038518,0000000.0000,0000000.0,8075.41,0.254537,68309.46,0.2511,2028-03-01
NK225E    ,OOP,202803,68750.0,            ,133038718,0000000.0000,0000000.0,7877.33,0.24156,143038718,0000000.0000,0000000.0,7956.12,0.254169,68309.46,0.2511,2028-03-01
NK225E    ,OOP,202803,69000.0,            ,183039018,0000000.0000,0000000.0,8003.55,0.2412,193039018,0000000.0000,0000000.0,7837.98,0.253767,68309.46,0.2511,2028-03-01
NK225E    ,OOP,202803,69250.0,            ,133039218,0000000.0000,0000000.0,8131.88,0.240804,143039218,0000000.0000,0000000.0,7721.94,0.25333,68309.46,0.2511,2028-03-01
NK225E    ,OOP,202803,69500.0,            ,183039518,0000000.0000,0000000.0,8261.36,0.240527,193039518,0000000.0000,0000000.0,7607.04,0.253015,68309.46,0.2511,2028-03-01
NK225E    ,OOP,202803,69750.0,            ,183039718,0000000.0000,0000000.0,8391.97,0.240058,193039718,0000000.0000,0000000.0,7493.29,0.252665,68309.46,0.2511,2028-03-01
NK225E    ,OOP,202803,70000.0,            ,133150018,0000000.0000,0000000.0,8523.76,0.239709,143150018,0000000.0000,0000000.0,7380.71,0.252281,68309.46,0.2511,2028-03-01
NK225E    ,OOP,202803,70250.0,            ,183030218,0000000.0000,0000000.0,8657.62,0.23948,193030218,0000000.0000,0000000.0,7270.2,0.251863,68309.46,0.2511,2028-03-01
NK225E    ,OOP,202803,70500.0,            ,183030518,0000000.0000,0000000.0,8792.61,0.239058,193030518,0000000.0000,0000000.0,7160.82,0.251567,68309.46,0.2511,2028-03-01
NK225E    ,OOP,202803,70750.0,            ,183030718,0000000.0000,0000000.0,8928.73,0.238757,193030718,0000000.0000,0000000.0,7052.57,0.251236,68309.46,0.2511,2028-03-01
NK225E    ,OOP,202803,71000.0,            ,133151018,0000000.0000,0000000.0,9066.02,0.238419,143151018,0000000.0000,0000000.0,6945.49,0.250872,68309.46,0.2511,2028-03-01
NK225E    ,OOP,202803,71250.0,            ,183031218,0000000.0000,0000000.0,9205.36,0.2382,193031218,0000000.0000,0000000.0,6840.46,0.250628,68309.46,0.2511,2028-03-01
NK225E    ,OOP,202803,71500.0,            ,183031518,0000000.0000,0000000.0,9345.86,0.237791,193031518,0000000.0000,0000000.0,6736.59,0.250351,68309.46,0.2511,2028-03-01
NK225E    ,OOP,202803,71750.0,            ,183031718,0000000.0000,0000000.0,9487.44,0.237501,193031718,0000000.0000,0000000.0,6633.81,0.25004,68309.46,0.2511,2028-03-01
NK225E    ,OOP,202803,72000.0,            ,133152018,0000000.0000,0000000.0,9630.18,0.237331,143152018,0000000.0000,0000000.0,6532.18,0.249696,68309.46,0.2511,2028-03-01
NK225E    ,OOP,202803,72250.0,            ,183032218,0000000.0000,0000000.0,9774.95,0.23697,193032218,0000000.0000,0000000.0,6432.58,0.249473,68309.46,0.2511,2028-03-01
NK225E    ,OOP,202803,72500.0,            ,183032518,0000000.0000,0000000.0,9920.83,0.23673,193032518,0000000.0000,0000000.0,6334.09,0.249216,68309.46,0.2511,2028-03-01
NK225E    ,OOP,202803,72750.0,            ,183032718,0000000.0000,0000000.0,10067.82,0.236454,193032718,0000000.0000,0000000.0,6236.71,0.248927,68309.46,0.2511,2028-03-01
NK225E    ,OOP,202803,73000.0,            ,133153018,0000000.0000,0000000.0,10215.89,0.236143,143153018,0000000.0000,0000000.0,6140.41,0.248604,68309.46,0.2511,2028-03-01
NK225E    ,OOP,202803,74000.0,            ,133154018,0000000.0000,0000000.0,10822.82,0.235173,143154018,0000000.0000,0000000.0,5769.87,0.247605,68309.46,0.2511,2028-03-01
NK225E    ,OOP,202803,75000.0,            ,133155018,0000000.0000,0000000.0,11450.44,0.234279,143155018,0000000.0000,0000000.0,5420.01,0.246866,68309.46,0.2511,2028-03-01
NK225E    ,OOP,202803,76000.0,            ,133156018,0000000.0000,0000000.0,12098.21,0.233474,143156018,0000000.0000,0000000.0,5090.3,0.246245,68309.46,0.2511,2028-03-01
NK225E    ,OOP,202803,77000.0,            ,133157018,0000000.0000,0000000.0,12765.48,0.232774,143157018,0000000.0000,0000000.0,4780.1,0.245599,68309.46,0.2511,2028-03-01
NK225E    ,OOP,202803,78000.0,            ,133158018,0000000.0000,0000000.0,13451.59,0.232197,143158018,0000000.0000,0000000.0,4488.74,0.245102,68309.46,0.2511,2028-03-01
NK225E    ,OOP,202803,79000.0,            ,133159018,0000000.0000,0000000.0,14155.76,0.2316,143159018,0000000.0000,0000000.0,4215.43,0.244775,68309.46,0.2511,2028-03-01
NK225E    ,OOP,202803,80000.0,            ,183150018,0000000.0000,0000000.0,14877.21,0.231168,193150018,0000000.0000,0000000.0,3959.4,0.244642,68309.46,0.2511,2028-03-01
NK225E    ,OOP,202806,15000.0,            ,183065018,0000000.0000,0000000.0,5.06,0.385062,193065018,0000000.0000,0000000.0,52308.49,0.699595,68309.46,0.2511,2028-06-01
NK225E    ,OOP,202806,16000.0,            ,183066018,0000000.0000,0000000.0,8.22,0.384513,193066018,0000000.0000,0000000.0,51338.03,0.67153,68309.46,0.2511,2028-06-01
NK225E    ,OOP,202806,17000.0,            ,183067018,0000000.0000,0000000.0,12.8,0.3855,193067018,0000000.0000,0000000.0,50368.99,0.645356,68309.46,0.2511,2028-06-01
NK225E    ,OOP,202806,17500.0,            ,133067518,0000000.0000,0000000.0,15.75,0.3855,143067518,0000000.0000,0000000.0,49885.12,0.63414,68309.46,0.2511,2028-06-01
NK225E    ,OOP,202806,17750.0,            ,133067718,0000000.0000,0000000.0,17.41,0.384565,143067718,0000000.0000,0000000.0,49643.37,0.627435,68309.46,0.2511,2028-06-01
NK225E    ,OOP,202806,18000.0,            ,133068018,0000000.0000,0000000.0,19.2,0.385072,143068018,0000000.0000,0000000.0,49401.76,0.622046,68309.46,0.2511,2028-06-01
NK225E    ,OOP,202806,18250.0,            ,133068218,0000000.0000,0000000.0,21.14,0.385226,143068218,0000000.0000,0000000.0,49160.29,0.616734,68309.46,0.2511,2028-06-01
NK225E    ,OOP,202806,18500.0,            ,133068518,0000000.0000,0000000.0,23.23,0.38509,143068518,0000000.0000,0000000.0,48918.98,0.610316,68309.46,0.2511,2028-06-01
NK225E    ,OOP,202806,18750.0,            ,133068718,0000000.0000,0000000.0,25.47,0.384712,143068718,0000000.0000,0000000.0,48677.82,0.605165,68309.46,0.2511,2028-06-01
NK225E    ,OOP,202806,19000.0,            ,133069018,0000000.0000,0000000.0,27.88,0.38413,143069018,0000000.0000,0000000.0,48436.82,0.600083,68309.46,0.2511,2028-06-01
NK225E    ,OOP,202806,19250.0,            ,133069218,0000000.0000,0000000.0,30.47,0.384825,143069218,0000000.0000,0000000.0,48196.0,0.595069,68309.46,0.2511,2028-06-01
NK225E    ,OOP,202806,19500.0,            ,133069518,0000000.0000,0000000.0,33.24,0.383837,143069518,0000000.0000,0000000.0,47955.36,0.588994,68309.46,0.2511,2028-06-01
NK225E    ,OOP,202806,19750.0,            ,133069718,0000000.0000,0000000.0,36.2,0.384002,143069718,0000000.0000,0000000.0,47714.92,0.584123,68309.46,0.2511,2028-06-01
NK225E    ,OOP,202806,20000.0,            ,133060018,0000000.0000,0000000.0,39.36,0.383914,143060018,0000000.0000,0000000.0,47474.67,0.579314,68309.46,0.2511,2028-06-01
NK225E    ,OOP,202806,20250.0,            ,133060218,0000000.0000,0000000.0,42.73,0.383611,143060218,0000000.0000,0000000.0,47234.64,0.574565,68309.46,0.2511,2028-06-01
NK225E    ,OOP,202806,20500.0,            ,133060518,0000000.0000,0000000.0,46.31,0.38416,143060518,0000000.0000,0000000.0,46994.82,0.569873,68309.46,0.2511,2028-06-01
NK225E    ,OOP,202806,20750.0,            ,133060718,0000000.0000,0000000.0,50.13,0.384423,143060718,0000000.0000,0000000.0,46755.23,0.565239,68309.46,0.2511,2028-06-01
NK225E    ,OOP,202806,21000.0,            ,133061018,0000000.0000,0000000.0,54.18,0.383538,143061018,0000000.0000,0000000.0,46515.87,0.560659,68309.46,0.2511,2028-06-01
NK225E    ,OOP,202806,21250.0,            ,133061218,0000000.0000,0000000.0,58.47,0.384257,143061218,0000000.0000,0000000.0,46276.76,0.557166,68309.46,0.2511,2028-06-01
NK225E    ,OOP,202806,21500.0,            ,133061518,0000000.0000,0000000.0,63.02,0.38389,143061518,0000000.0000,0000000.0,46037.9,0.55268,68309.46,0.2511,2028-06-01
NK225E    ,OOP,202806,21750.0,            ,133061718,0000000.0000,0000000.0,67.84,0.384123,143061718,0000000.0000,0000000.0,45799.31,0.548245,68309.46,0.2511,2028-06-01
NK225E    ,OOP,202806,22000.0,            ,133062018,0000000.0000,0000000.0,72.93,0.384138,143062018,0000000.0000,0000000.0,45561.0,0.54386,68309.46,0.2511,2028-06-01
NK225E    ,OOP,202806,22250.0,            ,133062218,0000000.0000,0000000.0,78.3,0.383962,143062218,0000000.0000,0000000.0,45322.97,0.540504,68309.46,0.2511,2028-06-01
NK225E    ,OOP,202806,22500.0,            ,133062518,0000000.0000,0000000.0,83.97,0.38362,143062518,0000000.0000,0000000.0,45085.23,0.536203,68309.46,0.2511,2028-06-01
NK225E    ,OOP,202806,22750.0,            ,133062718,0000000.0000,0000000.0,89.94,0.383738,143062718,0000000.0000,0000000.0,44847.79,0.532903,68309.46,0.2511,2028-06-01
NK225E    ,OOP,202806,23000.0,            ,133063018,0000000.0000,0000000.0,96.23,0.383668,143063018,0000000.0000,0000000.0,44610.68,0.528683,68309.46,0.2511,2028-06-01
NK225E    ,OOP,202806,23250.0,            ,133063218,0000000.0000,0000000.0,102.84,0.38343,143063218,0000000.0000,0000000.0,44373.88,0.525435,68309.46,0.2511,2028-06-01
NK225E    ,OOP,202806,23500.0,            ,133063518,0000000.0000,0000000.0,109.78,0.383565,143063518,0000000.0000,0000000.0,44137.42,0.521292,68309.46,0.2511,2028-06-01
NK225E    ,OOP,202806,23750.0,            ,133063718,0000000.0000,0000000.0,117.07,0.383519,143063718,0000000.0000,0000000.0,43901.3,0.518095,68309.46,0.2511,2028-06-01
NK225E    ,OOP,202806,24000.0,            ,133064018,0000000.0000,0000000.0,124.71,0.383783,143064018,0000000.0000,0000000.0,43665.54,0.514916,68309.46,0.2511,2028-06-01
NK225E    ,OOP,202806,24250.0,            ,133064218,0000000.0000,0000000.0,132.72,0.383417,143064218,0000000.0000,0000000.0,43430.14,0.511754,68309.46,0.2511,2028-06-01
NK225E    ,OOP,202806,24500.0,            ,133064518,0000000.0000,0000000.0,141.1,0.383353,143064518,0000000.0000,0000000.0,43195.12,0.50861,68309.46,0.2511,2028-06-01
NK225E    ,OOP,202806,24750.0,            ,133064718,0000000.0000,0000000.0,149.87,0.383546,143064718,0000000.0000,0000000.0,42960.48,0.505482,68309.46,0.2511,2028-06-01
NK225E    ,OOP,202806,25000.0,            ,133065018,0000000.0000,0000000.0,159.04,0.383571,143065018,0000000.0000,0000000.0,42726.24,0.502371,68309.46,0.2511,2028-06-01
NK225E    ,OOP,202806,25250.0,            ,133065218,0000000.0000,0000000.0,168.6,0.383447,143065218,0000000.0000,0000000.0,42492.4,0.499276,68309.46,0.2511,2028-06-01
NK225E    ,OOP,202806,25500.0,            ,133065518,0000000.0000,0000000.0,178.59,0.383542,143065518,0000000.0000,0000000.0,42258.98,0.496197,68309.46,0.2511,2028-06-01
NK225E    ,OOP,202806,25750.0,            ,133065718,0000000.0000,0000000.0,189.0,0.383487,143065718,0000000.0000,0000000.0,42025.98,0.493935,68309.46,0.2511,2028-06-01
NK225E    ,OOP,202806,26000.0,            ,133066018,0000000.0000,0000000.0,199.85,0.383297,143066018,0000000.0000,0000000.0,41793.43,0.490878,68309.46,0.2511,2028-06-01
NK225E    ,OOP,202806,26250.0,            ,133066218,0000000.0000,0000000.0,211.14,0.383296,143066218,0000000.0000,0000000.0,41561.32,0.487835,68309.46,0.2511,2028-06-01
NK225E    ,OOP,202806,26500.0,            ,133066518,0000000.0000,0000000.0,222.9,0.38346,143066518,0000000.0000,0000000.0,41329.66,0.485574,68309.46,0.2511,2028-06-01
NK225E    ,OOP,202806,26750.0,            ,133066718,0000000.0000,0000000.0,235.11,0.383192,143066718,0000000.0000,0000000.0,41098.47,0.483305,68309.46,0.2511,2028-06-01
NK225E    ,OOP,202806,27000.0,            ,133067018,0000000.0000,0000000.0,247.81,0.383366,143067018,0000000.0000,0000000.0,40867.76,0.481028,68309.46,0.2511,2028-06-01
NK225E    ,OOP,202806,27250.0,            ,133067218,0000000.0000,0000000.0,260.99,0.3834,143067218,0000000.0000,0000000.0,40637.54,0.478017,68309.46,0.2511,2028-06-01
NK225E    ,OOP,202806,27500.0,            ,183067518,0000000.0000,0000000.0,274.67,0.383306,193067518,0000000.0000,0000000.0,40407.82,0.47574,68309.46,0.2511,2028-06-01
NK225E    ,OOP,202806,27750.0,            ,183067718,0000000.0000,0000000.0,288.86,0.383342,193067718,0000000.0000,0000000.0,40178.6,0.473457,68309.46,0.2511,2028-06-01
NK225E    ,OOP,202806,28000.0,            ,183068018,0000000.0000,0000000.0,303.57,0.383254,193068018,0000000.0000,0000000.0,39949.9,0.471862,68309.46,0.2511,2028-06-01
NK225E    ,OOP,202806,28250.0,            ,183068218,0000000.0000,0000000.0,309.38,0.380976,193068218,0000000.0000,0000000.0,39712.3,0.468191,68309.46,0.2511,2028-06-01
NK225E    ,OOP,202806,28500.0,            ,183068518,0000000.0000,0000000.0,315.21,0.378929,193068518,0000000.0000,0000000.0,39474.73,0.464551,68309.46,0.2511,2028-06-01
NK225E    ,OOP,202806,28750.0,            ,183068718,0000000.0000,0000000.0,321.06,0.377768,193068718,0000000.0000,0000000.0,39237.18,0.461612,68309.46,0.2511,2028-06-01
NK225E    ,OOP,202806,29000.0,            ,183069018,0000000.0000,0000000.0,326.93,0.375473,193069018,0000000.0000,0000000.0,38999.64,0.458024,68309.46,0.2511,2028-06-01
NK225E    ,OOP,202806,29250.0,            ,183069218,0000000.0000,0000000.0,333.71,0.373181,193069218,0000000.0000,0000000.0,38763.02,0.455122,68309.46,0.2511,2028-06-01
NK225E    ,OOP,202806,29500.0,            ,183069518,0000000.0000,0000000.0,340.54,0.370893,193069518,0000000.0000,0000000.0,38526.44,0.452233,68309.46,0.2511,2028-06-01
NK225E    ,OOP,202806,29750.0,            ,183069718,0000000.0000,0000000.0,347.42,0.369643,193069718,0000000.0000,0000000.0,38289.91,0.448718,68309.46,0.2511,2028-06-01
NK225E    ,OOP,202806,30000.0,            ,183060018,0000000.0000,0000000.0,354.35,0.367344,193060018,0000000.0000,0000000.0,38053.43,0.445864,68309.46,0.2511,2028-06-01
NK225E    ,OOP,202806,30250.0,            ,183060218,0000000.0000,0000000.0,362.19,0.365049,193060218,0000000.0000,0000000.0,37817.87,0.443023,68309.46,0.2511,2028-06-01
NK225E    ,OOP,202806,30500.0,            ,183060518,0000000.0000,0000000.0,370.11,0.363738,193060518,0000000.0000,0000000.0,37582.38,0.440194,68309.46,0.2511,2028-06-01
NK225E    ,OOP,202806,30750.0,            ,183060718,0000000.0000,0000000.0,378.1,0.362393,193060718,0000000.0000,0000000.0,37346.97,0.436767,68309.46,0.2511,2028-06-01
NK225E    ,OOP,202806,31000.0,            ,183061018,0000000.0000,0000000.0,386.17,0.360082,193061018,0000000.0000,0000000.0,37111.63,0.433971,68309.46,0.2511,2028-06-01
NK225E    ,OOP,202806,31250.0,            ,183061218,0000000.0000,0000000.0,395.16,0.358696,193061218,0000000.0000,0000000.0,36877.21,0.431187,68309.46,0.2511,2028-06-01
NK225E    ,OOP,202806,31500.0,            ,183061518,0000000.0000,0000000.0,404.25,0.357283,193061518,0000000.0000,0000000.0,36642.9,0.428415,68309.46,0.2511,2028-06-01
NK225E    ,OOP,202806,31750.0,            ,183061718,0000000.0000,0000000.0,413.45,0.35496,193061718,0000000.0000,0000000.0,36408.7,0.426238,68309.46,0.2511,2028-06-01
NK225E    ,OOP,202806,32000.0,            ,183062018,0000000.0000,0000000.0,422.77,0.353512,193062018,0000000.0000,0000000.0,36174.61,0.423482,68309.46,0.2511,2028-06-01
NK225E    ,OOP,202806,32250.0,            ,183062218,0000000.0000,0000000.0,433.0,0.35204,193062218,0000000.0000,0000000.0,35941.43,0.420738,68309.46,0.2511,2028-06-01
NK225E    ,OOP,202806,32500.0,            ,183062518,0000000.0000,0000000.0,443.36,0.350545,193062518,0000000.0000,0000000.0,35708.39,0.418005,68309.46,0.2511,2028-06-01
NK225E    ,OOP,202806,32750.0,            ,183062718,0000000.0000,0000000.0,453.87,0.349027,193062718,0000000.0000,0000000.0,35475.5,0.415839,68309.46,0.2511,2028-06-01
NK225E    ,OOP,202806,33000.0,            ,183063018,0000000.0000,0000000.0,464.52,0.347489,193063018,0000000.0000,0000000.0,35242.74,0.413122,68309.46,0.2511,2028-06-01
NK225E    ,OOP,202806,33250.0,            ,183063218,0000000.0000,0000000.0,476.08,0.345932,193063218,0000000.0000,0000000.0,35010.89,0.410958,68309.46,0.2511,2028-06-01
NK225E    ,OOP,202806,33500.0,            ,183063518,0000000.0000,0000000.0,487.82,0.345123,193063518,0000000.0000,0000000.0,34779.23,0.408257,68309.46,0.2511,2028-06-01
NK225E    ,OOP,202806,33750.0,            ,183063718,0000000.0000,0000000.0,499.74,0.343515,193063718,0000000.0000,0000000.0,34547.74,0.406095,68309.46,0.2511,2028-06-01
NK225E    ,OOP,202806,34000.0,            ,183064018,0000000.0000,0000000.0,511.83,0.341891,193064018,0000000.0000,0000000.0,34316.42,0.403409,68309.46,0.2511,2028-06-01
NK225E    ,OOP,202806,34250.0,            ,183064218,0000000.0000,0000000.0,524.83,0.340974,193064218,0000000.0000,0000000.0,34086.01,0.401249,68309.46,0.2511,2028-06-01
NK225E    ,OOP,202806,34500.0,            ,183064518,0000000.0000,0000000.0,538.03,0.339307,193064518,0000000.0000,0000000.0,33855.81,0.399088,68309.46,0.2511,2028-06-01
NK225E    ,OOP,202806,34750.0,            ,183064718,0000000.0000,0000000.0,551.44,0.338321,193064718,0000000.0000,0000000.0,33625.82,0.396924,68309.46,0.2511,2028-06-01
NK225E    ,OOP,202806,35000.0,            ,133185018,0000000.0000,0000000.0,565.07,0.337296,143185018,0000000.0000,0000000.0,33396.04,0.394759,68309.46,0.2511,2028-06-01
NK225E    ,OOP,202806,35250.0,            ,183065218,0000000.0000,0000000.0,579.6,0.335569,193065218,0000000.0000,0000000.0,33167.16,0.392593,68309.46,0.2511,2028-06-01
NK225E    ,OOP,202806,35500.0,            ,183065518,0000000.0000,0000000.0,594.37,0.334485,193065518,0000000.0000,0000000.0,32938.53,0.390425,68309.46,0.2511,2028-06-01
NK225E    ,OOP,202806,35750.0,            ,183065718,0000000.0000,0000000.0,609.39,0.333366,193065718,0000000.0000,0000000.0,32710.15,0.388256,68309.46,0.2511,2028-06-01
NK225E    ,OOP,202806,36000.0,            ,133186018,0000000.0000,0000000.0,624.66,0.332216,143186018,0000000.0000,0000000.0,32482.01,0.386557,68309.46,0.2511,2028-06-01
NK225E    ,OOP,202806,36250.0,            ,183066218,0000000.0000,0000000.0,640.81,0.331035,193066218,0000000.0000,0000000.0,32254.75,0.38438,68309.46,0.2511,2028-06-01
NK225E    ,OOP,202806,36500.0,            ,183066518,0000000.0000,0000000.0,657.25,0.329824,193066518,0000000.0000,0000000.0,32027.78,0.382662,68309.46,0.2511,2028-06-01
NK225E    ,OOP,202806,36750.0,            ,183066718,0000000.0000,0000000.0,673.96,0.329176,193066718,0000000.0000,0000000.0,31801.09,0.380478,68309.46,0.2511,2028-06-01
NK225E    ,OOP,202806,37000.0,            ,133187018,0000000.0000,0000000.0,690.95,0.3279,143187018,0000000.0000,0000000.0,31574.68,0.378741,68309.46,0.2511,2028-06-01
NK225E    ,OOP,202806,37250.0,            ,183067218,0000000.0000,0000000.0,708.83,0.3266,193067218,0000000.0000,0000000.0,31349.15,0.376993,68309.46,0.2511,2028-06-01
NK225E    ,OOP,202806,37500.0,            ,133187518,0000000.0000,0000000.0,727.01,0.325832,143187518,0000000.0000,0000000.0,31123.92,0.374797,68309.46,0.2511,2028-06-01
NK225E    ,OOP,202806,37750.0,            ,133187718,0000000.0000,0000000.0,745.51,0.324476,143187718,0000000.0000,0000000.0,30899.02,0.373033,68309.46,0.2511,2028-06-01
NK225E    ,OOP,202806,38000.0,            ,133188018,0000000.0000,0000000.0,764.33,0.323634,143188018,0000000.0000,0000000.0,30674.43,0.371258,68309.46,0.2511,2028-06-01
NK225E    ,OOP,202806,38250.0,            ,133188218,0000000.0000,0000000.0,784.02,0.322752,143188218,0000000.0000,0000000.0,30450.71,0.369473,68309.46,0.2511,2028-06-01
NK225E    ,OOP,202806,38500.0,            ,133188518,0000000.0000,0000000.0,804.04,0.321832,143188518,0000000.0000,0000000.0,30227.33,0.368091,68309.46,0.2511,2028-06-01
NK225E    ,OOP,202806,38750.0,            ,133188718,0000000.0000,0000000.0,824.42,0.320875,143188718,0000000.0000,0000000.0,30004.3,0.366282,68309.46,0.2511,2028-06-01
NK225E    ,OOP,202806,39000.0,            ,133189018,0000000.0000,0000000.0,845.14,0.319884,143189018,0000000.0000,0000000.0,29781.62,0.364463,68309.46,0.2511,2028-06-01
NK225E    ,OOP,202806,39250.0,            ,133189218,0000000.0000,0000000.0,866.72,0.31886,143189218,0000000.0000,0000000.0,29559.79,0.363034,68309.46,0.2511,2028-06-01
NK225E    ,OOP,202806,39500.0,            ,133189518,0000000.0000,0000000.0,888.68,0.317805,143189518,0000000.0000,0000000.0,29338.34,0.361193,68309.46,0.2511,2028-06-01
NK225E    ,OOP,202806,39750.0,            ,133189718,0000000.0000,0000000.0,911.01,0.316719,143189718,0000000.0000,0000000.0,29117.27,0.359732,68309.46,0.2511,2028-06-01
NK225E    ,OOP,202806,40000.0,            ,133180018,0000000.0000,0000000.0,933.73,0.316065,143180018,0000000.0000,0000000.0,28896.58,0.358254,68309.46,0.2511,2028-06-01
NK225E    ,OOP,202806,40250.0,            ,133180218,0000000.0000,0000000.0,957.28,0.314915,143180218,0000000.0000,0000000.0,28676.73,0.356382,68309.46,0.2511,2028-06-01
NK225E    ,OOP,202806,40500.0,            ,133180518,0000000.0000,0000000.0,981.24,0.314182,143180518,0000000.0000,0000000.0,28457.28,0.354875,68309.46,0.2511,2028-06-01
NK225E    ,OOP,202806,40750.0,            ,133180718,0000000.0000,0000000.0,1005.61,0.313409,143180718,0000000.0000,0000000.0,28238.25,0.353352,68309.46,0.2511,2028-06-01
NK225E    ,OOP,202806,41000.0,            ,133181018,0000000.0000,0000000.0,1030.41,0.312169,143181018,0000000.0000,0000000.0,28019.64,0.352177,68309.46,0.2511,2028-06-01
NK225E    ,OOP,202806,41250.0,            ,133181218,0000000.0000,0000000.0,1056.01,0.311328,143181218,0000000.0000,0000000.0,27801.83,0.350619,68309.46,0.2511,2028-06-01
NK225E    ,OOP,202806,41500.0,            ,133181518,0000000.0000,0000000.0,1082.06,0.310451,143181518,0000000.0000,0000000.0,27584.48,0.349048,68309.46,0.2511,2028-06-01
NK225E    ,OOP,202806,41750.0,            ,133181718,0000000.0000,0000000.0,1108.55,0.309946,143181718,0000000.0000,0000000.0,27367.56,0.347811,68309.46,0.2511,2028-06-01
NK225E    ,OOP,202806,42000.0,            ,133182018,0000000.0000,0000000.0,1135.49,0.308994,143182018,0000000.0000,0000000.0,27151.1,0.346207,68309.46,0.2511,2028-06-01
NK225E    ,OOP,202806,42250.0,            ,133182218,0000000.0000,0000000.0,1163.22,0.308011,143182218,0000000.0000,0000000.0,26935.43,0.344931,68309.46,0.2511,2028-06-01
NK225E    ,OOP,202806,42500.0,            ,183182518,0000000.0000,0000000.0,1191.43,0.307384,193182518,0000000.0000,0000000.0,26720.22,0.343634,68309.46,0.2511,2028-06-01
NK225E    ,OOP,202806,42750.0,            ,133182718,0000000.0000,0000000.0,1220.1,0.306336,143182718,0000000.0000,0000000.0,26505.49,0.341984,68309.46,0.2511,2028-06-01
NK225E    ,OOP,202806,43000.0,            ,133183018,0000000.0000,0000000.0,1249.26,0.305634,143183018,0000000.0000,0000000.0,26291.25,0.340651,68309.46,0.2511,2028-06-01
NK225E    ,OOP,202806,43250.0,            ,133183218,0000000.0000,0000000.0,1279.21,0.304893,143183218,0000000.0000,0000000.0,26077.79,0.339621,68309.46,0.2511,2028-06-01
NK225E    ,OOP,202806,43500.0,            ,133183518,0000000.0000,0000000.0,1309.65,0.304115,143183518,0000000.0000,0000000.0,25864.82,0.338246,68309.46,0.2511,2028-06-01
NK225E    ,OOP,202806,43750.0,            ,133183718,0000000.0000,0000000.0,1340.58,0.303301,143183718,0000000.0000,0000000.0,25652.35,0.336853,68309.46,0.2511,2028-06-01
NK225E    ,OOP,202806,44000.0,            ,133184018,0000000.0000,0000000.0,1372.03,0.302453,143184018,0000000.0000,0000000.0,25440.39,0.335753,68309.46,0.2511,2028-06-01
NK225E    ,OOP,202806,44250.0,            ,133184218,0000000.0000,0000000.0,1404.24,0.301571,143184218,0000000.0000,0000000.0,25229.2,0.334321,68309.46,0.2511,2028-06-01
NK225E    ,OOP,202806,44500.0,            ,133184518,0000000.0000,0000000.0,1436.99,0.300658,143184518,0000000.0000,0000000.0,25018.54,0.333177,68309.46,0.2511,2028-06-01
NK225E    ,OOP,202806,44750.0,            ,133184718,0000000.0000,0000000.0,1470.25,0.300048,143184718,0000000.0000,0000000.0,24808.4,0.331709,68309.46,0.2511,2028-06-01
NK225E    ,OOP,202806,45000.0,            ,183185018,0000000.0000,0000000.0,1504.06,0.29907,193185018,0000000.0000,0000000.0,24598.8,0.330522,68309.46,0.2511,2028-06-01
NK225E    ,OOP,202806,45250.0,            ,133185218,0000000.0000,0000000.0,1538.62,0.298387,143185218,0000000.0000,0000000.0,24389.95,0.329313,68309.46,0.2511,2028-06-01
NK225E    ,OOP,202806,45500.0,            ,133185518,0000000.0000,0000000.0,1573.75,0.297667,143185518,0000000.0000,0000000.0,24181.67,0.328371,68309.46,0.2511,2028-06-01
NK225E    ,OOP,202806,45750.0,            ,133185718,0000000.0000,0000000.0,1609.41,0.296912,143185718,0000000.0000,0000000.0,23973.93,0.327116,68309.46,0.2511,2028-06-01
NK225E    ,OOP,202806,46000.0,            ,183186018,0000000.0000,0000000.0,1645.64,0.296122,193186018,0000000.0000,0000000.0,23766.76,0.325841,68309.46,0.2511,2028-06-01
NK225E    ,OOP,202806,46250.0,            ,133186218,0000000.0000,0000000.0,1682.64,0.295298,143186218,0000000.0000,0000000.0,23560.35,0.324826,68309.46,0.2511,2028-06-01
NK225E    ,OOP,202806,46500.0,            ,133186518,0000000.0000,0000000.0,1720.21,0.294443,143186518,0000000.0000,0000000.0,23354.51,0.323508,68309.46,0.2511,2028-06-01
NK225E    ,OOP,202806,46750.0,            ,133186718,0000000.0000,0000000.0,1758.36,0.293853,143186718,0000000.0000,0000000.0,23149.26,0.322445,68309.46,0.2511,2028-06-01
NK225E    ,OOP,202806,47000.0,            ,183187018,0000000.0000,0000000.0,1797.11,0.292932,193187018,0000000.0000,0000000.0,22944.6,0.321357,68309.46,0.2511,2028-06-01
NK225E    ,OOP,202806,47250.0,            ,133187218,0000000.0000,0000000.0,1836.6,0.292271,143187218,0000000.0000,0000000.0,22740.69,0.320246,68309.46,0.2511,2028-06-01
NK225E    ,OOP,202806,47500.0,            ,183187518,0000000.0000,0000000.0,1876.71,0.291573,193187518,0000000.0000,0000000.0,22537.39,0.319111,68309.46,0.2511,2028-06-01
NK225E    ,OOP,202806,47750.0,            ,183187718,0000000.0000,0000000.0,1917.42,0.290561,193187718,0000000.0000,0000000.0,22334.7,0.317954,68309.46,0.2511,2028-06-01
NK225E    ,OOP,202806,48000.0,            ,183188018,0000000.0000,0000000.0,1958.74,0.289799,193188018,0000000.0000,0000000.0,22132.61,0.316775,68309.46,0.2511,2028-06-01
NK225E    ,OOP,202806,48250.0,            ,183188218,0000000.0000,0000000.0,2000.85,0.289277,193188218,0000000.0000,0000000.0,21931.31,0.315829,68309.46,0.2511,2028-06-01
NK225E    ,OOP,202806,48500.0,            ,183188518,0000000.0000,0000000.0,2043.59,0.288447,193188518,0000000.0000,0000000.0,21730.65,0.314605,68309.46,0.2511,2028-06-01
NK225E    ,OOP,202806,48750.0,            ,183188718,0000000.0000,0000000.0,2086.94,0.287586,193188718,0000000.0000,0000000.0,21530.6,0.313609,68309.46,0.2511,2028-06-01
NK225E    ,OOP,202806,49000.0,            ,183189018,0000000.0000,0000000.0,2130.95,0.286958,193189018,0000000.0000,0000000.0,21331.2,0.312589,68309.46,0.2511,2028-06-01
NK225E    ,OOP,202806,49250.0,            ,183189218,0000000.0000,0000000.0,2175.75,0.286294,193189218,0000000.0000,0000000.0,21132.59,0.311543,68309.46,0.2511,2028-06-01
NK225E    ,OOP,202806,49500.0,            ,183189518,0000000.0000,0000000.0,2221.2,0.285341,193189518,0000000.0000,0000000.0,20934.63,0.310474,68309.46,0.2511,2028-06-01
NK225E    ,OOP,202806,49750.0,            ,183189718,0000000.0000,0000000.0,2267.3,0.284612,193189718,0000000.0000,0000000.0,20737.33,0.309619,68309.46,0.2511,2028-06-01
NK225E    ,OOP,202806,50000.0,            ,183180018,0000000.0000,0000000.0,2314.06,0.283851,193180018,0000000.0000,0000000.0,20540.69,0.308501,68309.46,0.2511,2028-06-01
NK225E    ,OOP,202806,50250.0,            ,183180218,0000000.0000,0000000.0,2361.65,0.283305,193180218,0000000.0000,0000000.0,20344.87,0.30736,68309.46,0.2511,2028-06-01
NK225E    ,OOP,202806,50500.0,            ,183180518,0000000.0000,0000000.0,2409.93,0.282479,193180518,0000000.0000,0000000.0,20149.74,0.306428,68309.46,0.2511,2028-06-01
NK225E    ,OOP,202806,50750.0,            ,183180718,0000000.0000,0000000.0,2458.87,0.281863,193180718,0000000.0000,0000000.0,19955.28,0.305471,68309.46,0.2511,2028-06-01
NK225E    ,OOP,202806,51000.0,            ,183181018,0000000.0000,0000000.0,2508.51,0.280975,193181018,0000000.0000,0000000.0,19761.51,0.304488,68309.46,0.2511,2028-06-01
NK225E    ,OOP,202806,51250.0,            ,183181218,0000000.0000,0000000.0,2559.02,0.280294,193181218,0000000.0000,0000000.0,19568.61,0.30348,68309.46,0.2511,2028-06-01
NK225E    ,OOP,202806,51500.0,            ,183181518,0000000.0000,0000000.0,2610.24,0.279579,193181518,0000000.0000,0000000.0,19376.43,0.302447,68309.46,0.2511,2028-06-01
NK225E    ,OOP,202806,51750.0,            ,183181718,0000000.0000,0000000.0,2662.14,0.278833,193181718,0000000.0000,0000000.0,19184.93,0.301611,68309.46,0.2511,2028-06-01
NK225E    ,OOP,202806,52000.0,            ,183182018,0000000.0000,0000000.0,2714.78,0.278055,193182018,0000000.0000,0000000.0,18994.16,0.300529,68309.46,0.2511,2028-06-01
NK225E    ,OOP,202806,52250.0,            ,183182218,0000000.0000,0000000.0,2768.33,0.277472,193182218,0000000.0000,0000000.0,18804.3,0.299639,68309.46,0.2511,2028-06-01
NK225E    ,OOP,202806,52500.0,            ,133302518,0000000.0000,0000000.0,2822.61,0.276632,143302518,0000000.0000,0000000.0,18615.17,0.298724,68309.46,0.2511,2028-06-01
NK225E    ,OOP,202806,52750.0,            ,183182718,0000000.0000,0000000.0,2877.61,0.275982,193182718,0000000.0000,0000000.0,18426.77,0.297782,68309.46,0.2511,2028-06-01
NK225E    ,OOP,202806,53000.0,            ,183183018,0000000.0000,0000000.0,2933.38,0.2753,193183018,0000000.0000,0000000.0,18239.13,0.296815,68309.46,0.2511,2028-06-01
NK225E    ,OOP,202806,53250.0,            ,183183218,0000000.0000,0000000.0,2990.09,0.274586,193183218,0000000.0000,0000000.0,18052.44,0.295823,68309.46,0.2511,2028-06-01
NK225E    ,OOP,202806,53500.0,            ,183183518,0000000.0000,0000000.0,3047.58,0.27384,193183518,0000000.0000,0000000.0,17866.52,0.295012,68309.46,0.2511,2028-06-01
NK225E    ,OOP,202806,53750.0,            ,183183718,0000000.0000,0000000.0,3105.82,0.273063,193183718,0000000.0000,0000000.0,17681.36,0.294173,68309.46,0.2511,2028-06-01
NK225E    ,OOP,202806,54000.0,            ,183184018,0000000.0000,0000000.0,3164.83,0.272465,193184018,0000000.0000,0000000.0,17496.96,0.293105,68309.46,0.2511,2028-06-01
NK225E    ,OOP,202806,54250.0,            ,183184218,0000000.0000,0000000.0,3224.89,0.271628,193184218,0000000.0000,0000000.0,17313.61,0.292215,68309.46,0.2511,2028-06-01
NK225E    ,OOP,202806,54500.0,            ,183184518,0000000.0000,0000000.0,3285.73,0.270966,193184518,0000000.0000,0000000.0,17131.05,0.291497,68309.46,0.2511,2028-06-01
NK225E    ,OOP,202806,54750.0,            ,183184718,0000000.0000,0000000.0,3347.35,0.270272,193184718,0000000.0000,0000000.0,16949.26,0.290553,68309.46,0.2511,2028-06-01
NK225E    ,OOP,202806,55000.0,            ,133305018,0000000.0000,0000000.0,3409.76,0.269547,143305018,0000000.0000,0000000.0,16768.27,0.289583,68309.46,0.2511,2028-06-01
NK225E    ,OOP,202806,55250.0,            ,183185218,0000000.0000,0000000.0,3473.32,0.26899,193185218,0000000.0000,0000000.0,16588.42,0.288783,68309.46,0.2511,2028-06-01
NK225E    ,OOP,202806,55500.0,            ,183185518,0000000.0000,0000000.0,3537.68,0.268202,193185518,0000000.0000,0000000.0,16409.37,0.287955,68309.46,0.2511,2028-06-01
NK225E    ,OOP,202806,55750.0,            ,183185718,0000000.0000,0000000.0,3602.85,0.26758,193185718,0000000.0000,0000000.0,16231.14,0.2871,68309.46,0.2511,2028-06-01
NK225E    ,OOP,202806,56000.0,            ,133306018,0000000.0000,0000000.0,3668.83,0.266926,143306018,0000000.0000,0000000.0,16053.72,0.286218,68309.46,0.2511,2028-06-01
NK225E    ,OOP,202806,56250.0,            ,183186218,0000000.0000,0000000.0,3736.03,0.26624,193186218,0000000.0000,0000000.0,15877.51,0.28531,68309.46,0.2511,2028-06-01
NK225E    ,OOP,202806,56500.0,            ,183186518,0000000.0000,0000000.0,3804.09,0.265523,193186518,0000000.0000,0000000.0,15702.16,0.284562,68309.46,0.2511,2028-06-01
NK225E    ,OOP,202806,56750.0,            ,183186718,0000000.0000,0000000.0,3872.95,0.264964,193186718,0000000.0000,0000000.0,15527.62,0.283787,68309.46,0.2511,2028-06-01
NK225E    ,OOP,202806,57000.0,            ,133307018,0000000.0000,0000000.0,3942.69,0.264185,143307018,0000000.0000,0000000.0,15353.95,0.282983,68309.46,0.2511,2028-06-01
NK225E    ,OOP,202806,57250.0,            ,183187218,0000000.0000,0000000.0,4013.73,0.263562,193187218,0000000.0000,0000000.0,15181.59,0.282152,68309.46,0.2511,2028-06-01
NK225E    ,OOP,202806,57500.0,            ,133307518,0000000.0000,0000000.0,4085.64,0.262907,143307518,0000000.0000,0000000.0,15010.09,0.281294,68309.46,0.2511,2028-06-01
NK225E    ,OOP,202806,57750.0,            ,133307718,0000000.0000,0000000.0,4158.4,0.262221,143307718,0000000.0000,0000000.0,14839.45,0.280589,68309.46,0.2511,2028-06-01
NK225E    ,OOP,202806,58000.0,            ,133308018,0000000.0000,0000000.0,4232.07,0.261685,143308018,0000000.0000,0000000.0,14669.71,0.279678,68309.46,0.2511,2028-06-01
NK225E    ,OOP,202806,58250.0,            ,133308218,0000000.0000,0000000.0,4307.14,0.260937,143308218,0000000.0000,0000000.0,14501.37,0.278917,68309.46,0.2511,2028-06-01
NK225E    ,OOP,202806,58500.0,            ,133308518,0000000.0000,0000000.0,4383.1,0.260337,143308518,0000000.0000,0000000.0,14333.93,0.278129,68309.46,0.2511,2028-06-01
NK225E    ,OOP,202806,58750.0,            ,133308718,0000000.0000,0000000.0,4459.95,0.259705,143308718,0000000.0000,0000000.0,14167.37,0.277487,68309.46,0.2511,2028-06-01
NK225E    ,OOP,202806,59000.0,            ,133309018,0000000.0000,0000000.0,4537.73,0.259041,143309018,0000000.0000,0000000.0,14001.74,0.276643,68309.46,0.2511,2028-06-01
NK225E    ,OOP,202806,59250.0,            ,133309218,0000000.0000,0000000.0,4617.01,0.258521,143309218,0000000.0000,0000000.0,13837.62,0.275944,68309.46,0.2511,2028-06-01
NK225E    ,OOP,202806,59500.0,            ,133309518,0000000.0000,0000000.0,4697.23,0.257795,143309518,0000000.0000,0000000.0,13674.44,0.275217,68309.46,0.2511,2028-06-01
NK225E    ,OOP,202806,59750.0,            ,133309718,0000000.0000,0000000.0,4778.32,0.257211,143309718,0000000.0000,0000000.0,13512.12,0.274461,68309.46,0.2511,2028-06-01
NK225E    ,OOP,202806,60000.0,            ,133300018,0000000.0000,0000000.0,4860.42,0.256595,143300018,0000000.0000,0000000.0,13350.81,0.273678,68309.46,0.2511,2028-06-01
NK225E    ,OOP,202806,60250.0,            ,133300218,0000000.0000,0000000.0,4944.13,0.256116,143300218,0000000.0000,0000000.0,13191.11,0.273035,68309.46,0.2511,2028-06-01
NK225E    ,OOP,202806,60500.0,            ,133300518,0000000.0000,0000000.0,5028.77,0.255437,143300518,0000000.0000,0000000.0,13032.35,0.272363,68309.46,0.2511,2028-06-01
NK225E    ,OOP,202806,60750.0,            ,133300718,0000000.0000,0000000.0,5114.37,0.254895,143300718,0000000.0000,0000000.0,12874.54,0.271662,68309.46,0.2511,2028-06-01
NK225E    ,OOP,202806,61000.0,            ,133301018,0000000.0000,0000000.0,5200.91,0.25432,143301018,0000000.0000,0000000.0,12717.68,0.270933,68309.46,0.2511,2028-06-01
NK225E    ,OOP,202806,61250.0,            ,133301218,0000000.0000,0000000.0,5289.19,0.253713,143301218,0000000.0000,0000000.0,12562.56,0.270339,68309.46,0.2511,2028-06-01
NK225E    ,OOP,202806,61500.0,            ,133301518,0000000.0000,0000000.0,5378.47,0.253076,143301518,0000000.0000,0000000.0,12408.43,0.269716,68309.46,0.2511,2028-06-01
NK225E    ,OOP,202806,61750.0,            ,133301718,0000000.0000,0000000.0,5468.69,0.25257,143301718,0000000.0000,0000000.0,12255.24,0.268902,68309.46,0.2511,2028-06-01
NK225E    ,OOP,202806,62000.0,            ,133302018,0000000.0000,0000000.0,5559.91,0.252032,143302018,0000000.0000,0000000.0,12103.06,0.268383,68309.46,0.2511,2028-06-01
NK225E    ,OOP,202806,62250.0,            ,133302218,0000000.0000,0000000.0,5652.98,0.251462,143302218,0000000.0000,0000000.0,11952.72,0.267674,68309.46,0.2511,2028-06-01
NK225E    ,OOP,202806,62500.0,            ,133182518,0000000.0000,0000000.0,5747.04,0.250861,143182518,0000000.0000,0000000.0,11803.38,0.267096,68309.46,0.2511,2028-06-01
NK225E    ,OOP,202806,62750.0,            ,133302718,0000000.0000,0000000.0,5842.09,0.250388,143302718,0000000.0000,0000000.0,11655.02,0.266488,68309.46,0.2511,2028-06-01
NK225E    ,OOP,202806,63000.0,            ,133303018,0000000.0000,0000000.0,5938.14,0.249883,143303018,0000000.0000,0000000.0,11507.66,0.265851,68309.46,0.2511,2028-06-01
NK225E    ,OOP,202806,63250.0,            ,133303218,0000000.0000,0000000.0,6036.13,0.249345,143303218,0000000.0000,0000000.0,11362.25,0.265186,68309.46,0.2511,2028-06-01
NK225E    ,OOP,202806,63500.0,            ,133303518,0000000.0000,0000000.0,6135.17,0.248777,143303518,0000000.0000,0000000.0,11217.88,0.264648,68309.46,0.2511,2028-06-01
NK225E    ,OOP,202806,63750.0,            ,133303718,0000000.0000,0000000.0,6235.18,0.248332,143303718,0000000.0000,0000000.0,11074.49,0.264081,68309.46,0.2511,2028-06-01
NK225E    ,OOP,202806,64000.0,            ,133304018,0000000.0000,0000000.0,6336.28,0.247856,143304018,0000000.0000,0000000.0,10932.18,0.263484,68309.46,0.2511,2028-06-01
NK225E    ,OOP,202806,64250.0,            ,133304218,0000000.0000,0000000.0,6439.39,0.247347,143304218,0000000.0000,0000000.0,10791.89,0.262858,68309.46,0.2511,2028-06-01
NK225E    ,OOP,202806,64500.0,            ,133304518,0000000.0000,0000000.0,6543.53,0.246807,143304518,0000000.0000,0000000.0,10652.62,0.262357,68309.46,0.2511,2028-06-01
NK225E    ,OOP,202806,64750.0,            ,133304718,0000000.0000,0000000.0,6648.67,0.246389,143304718,0000000.0000,0000000.0,10514.35,0.261826,68309.46,0.2511,2028-06-01
NK225E    ,OOP,202806,65000.0,            ,183305018,0000000.0000,0000000.0,6754.94,0.245938,193305018,0000000.0000,0000000.0,10377.21,0.261266,68309.46,0.2511,2028-06-01
NK225E    ,OOP,202806,65250.0,            ,133305218,0000000.0000,0000000.0,6863.25,0.245456,143305218,0000000.0000,0000000.0,10242.12,0.260829,68309.46,0.2511,2028-06-01
NK225E    ,OOP,202806,65500.0,            ,133305518,0000000.0000,0000000.0,6972.64,0.244942,143305518,0000000.0000,0000000.0,10108.11,0.26021,68309.46,0.2511,2028-06-01
NK225E    ,OOP,202806,65750.0,            ,133305718,0000000.0000,0000000.0,7083.08,0.244547,143305718,0000000.0000,0000000.0,9975.14,0.259713,68309.46,0.2511,2028-06-01
NK225E    ,OOP,202806,66000.0,            ,183306018,0000000.0000,0000000.0,7194.55,0.244121,193306018,0000000.0000,0000000.0,9843.21,0.259337,68309.46,0.2511,2028-06-01
NK225E    ,OOP,202806,66250.0,            ,133306218,0000000.0000,0000000.0,7308.2,0.243662,143306218,0000000.0000,0000000.0,9713.45,0.258781,68309.46,0.2511,2028-06-01
NK225E    ,OOP,202806,66500.0,            ,133306518,0000000.0000,0000000.0,7422.94,0.243172,143306518,0000000.0000,0000000.0,9584.78,0.258345,68309.46,0.2511,2028-06-01
NK225E    ,OOP,202806,66750.0,            ,133306718,0000000.0000,0000000.0,7538.72,0.2428,143306718,0000000.0000,0000000.0,9457.16,0.25788,68309.46,0.2511,2028-06-01
NK225E    ,OOP,202806,67000.0,            ,183307018,0000000.0000,0000000.0,7655.56,0.242396,193307018,0000000.0000,0000000.0,9330.59,0.257385,68309.46,0.2511,2028-06-01
NK225E    ,OOP,202806,67250.0,            ,133307218,0000000.0000,0000000.0,7774.63,0.24196,143307218,0000000.0000,0000000.0,9206.26,0.257009,68309.46,0.2511,2028-06-01
NK225E    ,OOP,202806,67500.0,            ,183307518,0000000.0000,0000000.0,7894.79,0.24164,193307518,0000000.0000,0000000.0,9083.01,0.256603,68309.46,0.2511,2028-06-01
NK225E    ,OOP,202806,67750.0,            ,183307718,0000000.0000,0000000.0,8016.0,0.241288,193307718,0000000.0000,0000000.0,8960.82,0.256168,68309.46,0.2511,2028-06-01
NK225E    ,OOP,202806,68000.0,            ,183308018,0000000.0000,0000000.0,8138.27,0.240904,193308018,0000000.0000,0000000.0,8839.68,0.255703,68309.46,0.2511,2028-06-01
NK225E    ,OOP,202806,68250.0,            ,183308218,0000000.0000,0000000.0,8262.79,0.240489,193308218,0000000.0000,0000000.0,8720.79,0.255355,68309.46,0.2511,2028-06-01
NK225E    ,OOP,202806,68500.0,            ,183308518,0000000.0000,0000000.0,8388.4,0.240189,193308518,0000000.0000,0000000.0,8602.99,0.254978,68309.46,0.2511,2028-06-01
NK225E    ,OOP,202806,68750.0,            ,183308718,0000000.0000,0000000.0,8515.02,0.239858,193308718,0000000.0000,0000000.0,8486.21,0.254572,68309.46,0.2511,2028-06-01
NK225E    ,OOP,202806,69000.0,            ,183309018,0000000.0000,0000000.0,8642.74,0.239494,193309018,0000000.0000,0000000.0,8370.52,0.254282,68309.46,0.2511,2028-06-01
NK225E    ,OOP,202806,69250.0,            ,183309218,0000000.0000,0000000.0,8772.71,0.2391,193309218,0000000.0000,0000000.0,8257.09,0.253817,68309.46,0.2511,2028-06-01
NK225E    ,OOP,202806,69500.0,            ,183309518,0000000.0000,0000000.0,8903.77,0.23882,193309518,0000000.0000,0000000.0,8144.74,0.253614,68309.46,0.2511,2028-06-01
NK225E    ,OOP,202806,69750.0,            ,183309718,0000000.0000,0000000.0,9035.87,0.238509,193309718,0000000.0000,0000000.0,8033.44,0.253236,68309.46,0.2511,2028-06-01
NK225E    ,OOP,202806,70000.0,            ,183300018,0000000.0000,0000000.0,9169.03,0.238166,193300018,0000000.0000,0000000.0,7923.19,0.252829,68309.46,0.2511,2028-06-01
NK225E    ,OOP,202806,70250.0,            ,183300218,0000000.0000,0000000.0,9304.44,0.237938,193300218,0000000.0000,0000000.0,7815.19,0.252538,68309.46,0.2511,2028-06-01
NK225E    ,OOP,202806,70500.0,            ,183300518,0000000.0000,0000000.0,9440.89,0.237678,193300518,0000000.0000,0000000.0,7708.24,0.252218,68309.46,0.2511,2028-06-01
NK225E    ,OOP,202806,70750.0,            ,183300718,0000000.0000,0000000.0,9578.38,0.237387,193300718,0000000.0000,0000000.0,7602.33,0.252014,68309.46,0.2511,2028-06-01
NK225E    ,OOP,202806,71000.0,            ,183301018,0000000.0000,0000000.0,9716.91,0.237066,193301018,0000000.0000,0000000.0,7497.45,0.251636,68309.46,0.2511,2028-06-01
NK225E    ,OOP,202806,71250.0,            ,183301218,0000000.0000,0000000.0,9857.65,0.236858,193301218,0000000.0000,0000000.0,7394.78,0.251374,68309.46,0.2511,2028-06-01
NK225E    ,OOP,202806,71500.0,            ,183301518,0000000.0000,0000000.0,9999.46,0.23662,193301518,0000000.0000,0000000.0,7293.18,0.251228,68309.46,0.2511,2028-06-01
NK225E    ,OOP,202806,71750.0,            ,183301718,0000000.0000,0000000.0,10142.25,0.236351,193301718,0000000.0000,0000000.0,7192.57,0.250908,68309.46,0.2511,2028-06-01
NK225E    ,OOP,202806,72000.0,            ,183302018,0000000.0000,0000000.0,10286.1,0.236052,193302018,0000000.0000,0000000.0,7093.02,0.250705,68309.46,0.2511,2028-06-01
NK225E    ,OOP,202806,72250.0,            ,183302218,0000000.0000,0000000.0,10432.05,0.235866,193302218,0000000.0000,0000000.0,6995.56,0.250473,68309.46,0.2511,2028-06-01
NK225E    ,OOP,202806,72500.0,            ,183302518,0000000.0000,0000000.0,10579.04,0.235651,193302518,0000000.0000,0000000.0,6899.14,0.250212,68309.46,0.2511,2028-06-01
NK225E    ,OOP,202806,72750.0,            ,183302718,0000000.0000,0000000.0,10727.04,0.235406,193302718,0000000.0000,0000000.0,6803.74,0.249924,68309.46,0.2511,2028-06-01
NK225E    ,OOP,202806,73000.0,            ,183303018,0000000.0000,0000000.0,10876.04,0.23513,193303018,0000000.0000,0000000.0,6709.33,0.249752,68309.46,0.2511,2028-06-01
NK225E    ,OOP,202806,73250.0,            ,183303218,0000000.0000,0000000.0,11027.05,0.234969,193303218,0000000.0000,0000000.0,6616.93,0.249551,68309.46,0.2511,2028-06-01
NK225E    ,OOP,202806,73500.0,            ,183303518,0000000.0000,0000000.0,11179.07,0.234779,193303518,0000000.0000,0000000.0,6525.56,0.249323,68309.46,0.2511,2028-06-01
NK225E    ,OOP,202806,73750.0,            ,183303718,0000000.0000,0000000.0,11332.05,0.234559,193303718,0000000.0000,0000000.0,6435.13,0.249212,68309.46,0.2511,2028-06-01
NK225E    ,OOP,202806,74000.0,            ,183304018,0000000.0000,0000000.0,11486.05,0.23431,193304018,0000000.0000,0000000.0,6345.72,0.249073,68309.46,0.2511,2028-06-01
NK225E    ,OOP,202806,74250.0,            ,183304218,0000000.0000,0000000.0,11641.91,0.234176,193304218,0000000.0000,0000000.0,6258.18,0.248907,68309.46,0.2511,2028-06-01
NK225E    ,OOP,202806,74500.0,            ,183304518,0000000.0000,0000000.0,11798.78,0.234013,193304518,0000000.0000,0000000.0,6171.64,0.248713,68309.46,0.2511,2028-06-01
NK225E    ,OOP,202806,74750.0,            ,183304718,0000000.0000,0000000.0,11956.57,0.233822,193304718,0000000.0000,0000000.0,6086.02,0.248493,68309.46,0.2511,2028-06-01
NK225E    ,OOP,202806,75000.0,            ,133425018,0000000.0000,0000000.0,12115.35,0.233746,143425018,0000000.0000,0000000.0,6001.4,0.24839,68309.46,0.2511,2028-06-01
NK225E    ,OOP,202806,75250.0,            ,183305218,0000000.0000,0000000.0,12275.83,0.233497,193305218,0000000.0000,0000000.0,5918.47,0.24826,68309.46,0.2511,2028-06-01
NK225E    ,OOP,202806,75500.0,            ,183305518,0000000.0000,0000000.0,12437.25,0.233365,193305518,0000000.0000,0000000.0,5836.49,0.248104,68309.46,0.2511,2028-06-01
NK225E    ,OOP,202806,75750.0,            ,183305718,0000000.0000,0000000.0,12599.6,0.233204,193305718,0000000.0000,0000000.0,5755.43,0.247921,68309.46,0.2511,2028-06-01
NK225E    ,OOP,202806,76000.0,            ,133426018,0000000.0000,0000000.0,12762.91,0.233015,143426018,0000000.0000,0000000.0,5675.34,0.247857,68309.46,0.2511,2028-06-01
NK225E    ,OOP,202806,76250.0,            ,183306218,0000000.0000,0000000.0,12928.1,0.232945,193306218,0000000.0000,0000000.0,5597.12,0.247767,68309.46,0.2511,2028-06-01
NK225E    ,OOP,202806,77500.0,            ,133427518,0000000.0000,0000000.0,13767.6,0.232326,143427518,0000000.0000,0000000.0,5219.59,0.247223,68309.46,0.2511,2028-06-01
NK225E    ,OOP,202806,80000.0,            ,133420018,0000000.0000,0000000.0,15511.12,0.231005,143420018,0000000.0000,0000000.0,4529.05,0.246322,68309.46,0.2511,2028-06-01
NK225E    ,OOP,202806,85000.0,            ,183425018,0000000.0000,0000000.0,19188.69,0.226419,193425018,0000000.0000,0000000.0,3338.51,0.243318,68309.46,0.2511,2028-06-01
NK225E    ,OOP,202806,90000.0,            ,183420018,0000000.0000,0000000.0,22945.05,0.21286,193420018,0000000.0000,0000000.0,2226.75,0.232852,68309.46,0.2511,2028-06-01
NK225E    ,OOP,202812,10000.0,            ,183360018,0000000.0000,0000000.0,0.83,0.374103,193360018,0000000.0000,0000000.0,56802.43,0.851632,68309.46,0.2511,2028-12-01
NK225E    ,OOP,202812,11000.0,            ,183241018,0000000.0000,0000000.0,1.71,0.374103,193241018,0000000.0000,0000000.0,55837.35,0.807772,68309.46,0.2511,2028-12-01
NK225E    ,OOP,202812,12000.0,            ,183242018,0000000.0000,0000000.0,3.22,0.374103,193242018,0000000.0000,0000000.0,54872.89,0.768455,68309.46,0.2511,2028-12-01
NK225E    ,OOP,202812,15000.0,            ,183125018,0000000.0000,0000000.0,14.76,0.37215,193125018,0000000.0000,0000000.0,51986.54,0.672424,68309.46,0.2511,2028-12-01
NK225E    ,OOP,202812,16000.0,            ,183126018,0000000.0000,0000000.0,22.32,0.373522,193126018,0000000.0000,0000000.0,51028.14,0.645601,68309.46,0.2511,2028-12-01
NK225E    ,OOP,202812,17000.0,            ,183127018,0000000.0000,0000000.0,32.57,0.372015,193127018,0000000.0000,0000000.0,50072.43,0.621531,68309.46,0.2511,2028-12-01
NK225E    ,OOP,202812,18000.0,            ,183128018,0000000.0000,0000000.0,46.08,0.372028,193128018,0000000.0000,0000000.0,49119.97,0.598986,68309.46,0.2511,2028-12-01
NK225E    ,OOP,202812,19000.0,            ,183129018,0000000.0000,0000000.0,63.45,0.372223,193129018,0000000.0000,0000000.0,48171.38,0.578606,68309.46,0.2511,2028-12-01
NK225E    ,OOP,202812,20000.0,            ,183120018,0000000.0000,0000000.0,85.31,0.371488,193120018,0000000.0000,0000000.0,47227.27,0.560121,68309.46,0.2511,2028-12-01
NK225E    ,OOP,202812,20750.0,            ,183120718,0000000.0000,0000000.0,105.04,0.371515,193120718,0000000.0000,0000000.0,46522.53,0.547429,68309.46,0.2511,2028-12-01
NK225E    ,OOP,202812,21000.0,            ,183121018,0000000.0000,0000000.0,112.3,0.37152,193121018,0000000.0000,0000000.0,46288.3,0.543297,68309.46,0.2511,2028-12-01
NK225E    ,OOP,202812,21250.0,            ,183121218,0000000.0000,0000000.0,119.93,0.371358,193121218,0000000.0000,0000000.0,46054.44,0.539211,68309.46,0.2511,2028-12-01
NK225E    ,OOP,202812,21500.0,            ,183121518,0000000.0000,0000000.0,127.93,0.371497,193121518,0000000.0000,0000000.0,45820.95,0.535896,68309.46,0.2511,2028-12-01
NK225E    ,OOP,202812,21750.0,            ,183121718,0000000.0000,0000000.0,136.31,0.371464,193121718,0000000.0000,0000000.0,45587.83,0.531891,68309.46,0.2511,2028-12-01
NK225E    ,OOP,202812,22000.0,            ,183122018,0000000.0000,0000000.0,145.08,0.371683,193122018,0000000.0000,0000000.0,45355.12,0.527929,68309.46,0.2511,2028-12-01
NK225E    ,OOP,202812,22250.0,            ,183122218,0000000.0000,0000000.0,154.26,0.371346,193122218,0000000.0000,0000000.0,45122.8,0.524708,68309.46,0.2511,2028-12-01
NK225E    ,OOP,202812,22500.0,            ,133122518,0000000.0000,0000000.0,163.85,0.371257,143122518,0000000.0000,0000000.0,44890.9,0.520821,68309.46,0.2511,2028-12-01
NK225E    ,OOP,202812,22750.0,            ,133122718,0000000.0000,0000000.0,173.86,0.371383,143122718,0000000.0000,0000000.0,44659.42,0.517654,68309.46,0.2511,2028-12-01
NK225E    ,OOP,202812,23000.0,            ,133123018,0000000.0000,0000000.0,184.3,0.371356,143123018,0000000.0000,0000000.0,44428.37,0.514509,68309.46,0.2511,2028-12-01
NK225E    ,OOP,202812,23250.0,            ,133123218,0000000.0000,0000000.0,195.19,0.371192,143123218,0000000.0000,0000000.0,44197.77,0.510724,68309.46,0.2511,2028-12-01
NK225E    ,OOP,202812,23500.0,            ,133123518,0000000.0000,0000000.0,206.53,0.371212,143123518,0000000.0000,0000000.0,43967.62,0.50763,68309.46,0.2511,2028-12-01
NK225E    ,OOP,202812,23750.0,            ,133123718,0000000.0000,0000000.0,218.33,0.371392,143123718,0000000.0000,0000000.0,43737.93,0.504557,68309.46,0.2511,2028-12-01
NK225E    ,OOP,202812,24000.0,            ,133124018,0000000.0000,0000000.0,230.61,0.371144,143124018,0000000.0000,0000000.0,43508.71,0.501503,68309.46,0.2511,2028-12-01
NK225E    ,OOP,202812,24250.0,            ,133124218,0000000.0000,0000000.0,243.37,0.37133,143124218,0000000.0000,0000000.0,43279.98,0.498468,68309.46,0.2511,2028-12-01
NK225E    ,OOP,202812,24500.0,            ,133124518,0000000.0000,0000000.0,256.62,0.371115,143124518,0000000.0000,0000000.0,43051.74,0.496069,68309.46,0.2511,2028-12-01
NK225E    ,OOP,202812,24750.0,            ,133124718,0000000.0000,0000000.0,270.37,0.371294,143124718,0000000.0000,0000000.0,42824.0,0.493065,68309.46,0.2511,2028-12-01
NK225E    ,OOP,202812,25000.0,            ,133125018,0000000.0000,0000000.0,284.63,0.371098,143125018,0000000.0000,0000000.0,42596.78,0.490078,68309.46,0.2511,2028-12-01
NK225E    ,OOP,202812,25250.0,            ,133125218,0000000.0000,0000000.0,299.42,0.371029,143125218,0000000.0000,0000000.0,42370.07,0.487702,68309.46,0.2511,2028-12-01
NK225E    ,OOP,202812,25500.0,            ,133125518,0000000.0000,0000000.0,314.73,0.371963,143125518,0000000.0000,0000000.0,42143.9,0.485326,68309.46,0.2511,2028-12-01
NK225E    ,OOP,202812,25750.0,            ,133125718,0000000.0000,0000000.0,330.59,0.371858,143125718,0000000.0000,0000000.0,41918.26,0.482379,68309.46,0.2511,2028-12-01
NK225E    ,OOP,202812,26000.0,            ,133126018,0000000.0000,0000000.0,346.99,0.371648,143126018,0000000.0000,0000000.0,41693.17,0.480016,68309.46,0.2511,2028-12-01
NK225E    ,OOP,202812,26250.0,            ,133126218,0000000.0000,0000000.0,363.96,0.371342,143126218,0000000.0000,0000000.0,41468.64,0.477655,68309.46,0.2511,2028-12-01
NK225E    ,OOP,202812,26500.0,            ,133126518,0000000.0000,0000000.0,381.48,0.370948,143126518,0000000.0000,0000000.0,41244.68,0.475296,68309.46,0.2511,2028-12-01
NK225E    ,OOP,202812,26750.0,            ,133126718,0000000.0000,0000000.0,399.59,0.371409,143126718,0000000.0000,0000000.0,41021.29,0.472939,68309.46,0.2511,2028-12-01
NK225E    ,OOP,202812,27000.0,            ,133127018,0000000.0000,0000000.0,418.28,0.371734,143127018,0000000.0000,0000000.0,40798.49,0.471118,68309.46,0.2511,2028-12-01
NK225E    ,OOP,202812,27250.0,            ,133127218,0000000.0000,0000000.0,437.56,0.371065,143127218,0000000.0000,0000000.0,40576.28,0.46876,68309.46,0.2511,2028-12-01
NK225E    ,OOP,202812,27500.0,            ,133127518,0000000.0000,0000000.0,457.44,0.371182,143127518,0000000.0000,0000000.0,40354.68,0.466922,68309.46,0.2511,2028-12-01
NK225E    ,OOP,202812,27750.0,            ,133127718,0000000.0000,0000000.0,477.94,0.371193,143127718,0000000.0000,0000000.0,40133.68,0.464563,68309.46,0.2511,2028-12-01
NK225E    ,OOP,202812,28000.0,            ,133128018,0000000.0000,0000000.0,499.05,0.371107,143128018,0000000.0000,0000000.0,39913.3,0.46271,68309.46,0.2511,2028-12-01
NK225E    ,OOP,202812,28250.0,            ,133128218,0000000.0000,0000000.0,509.98,0.369379,143128218,0000000.0000,0000000.0,39682.74,0.459855,68309.46,0.2511,2028-12-01
NK225E    ,OOP,202812,28500.0,            ,133128518,0000000.0000,0000000.0,521.02,0.367641,143128518,0000000.0000,0000000.0,39452.29,0.457016,68309.46,0.2511,2028-12-01
NK225E    ,OOP,202812,28750.0,            ,133128718,0000000.0000,0000000.0,532.16,0.365892,143128718,0000000.0000,0000000.0,39221.93,0.453707,68309.46,0.2511,2028-12-01
NK225E    ,OOP,202812,29000.0,            ,133129018,0000000.0000,0000000.0,543.39,0.364869,143129018,0000000.0000,0000000.0,38991.67,0.450905,68309.46,0.2511,2028-12-01
NK225E    ,OOP,202812,29250.0,            ,133129218,0000000.0000,0000000.0,555.17,0.363089,143129218,0000000.0000,0000000.0,38761.97,0.448119,68309.46,0.2511,2028-12-01
NK225E    ,OOP,202812,29500.0,            ,133129518,0000000.0000,0000000.0,567.07,0.361301,143129518,0000000.0000,0000000.0,38532.38,0.445347,68309.46,0.2511,2028-12-01
NK225E    ,OOP,202812,29750.0,            ,133129718,0000000.0000,0000000.0,579.08,0.359505,143129718,0000000.0000,0000000.0,38302.9,0.442589,68309.46,0.2511,2028-12-01
NK225E    ,OOP,202812,30000.0,            ,133120018,0000000.0000,0000000.0,591.2,0.358387,143120018,0000000.0000,0000000.0,38073.53,0.439847,68309.46,0.2511,2028-12-01
NK225E    ,OOP,202812,30250.0,            ,133120218,0000000.0000,0000000.0,603.91,0.356567,143120218,0000000.0000,0000000.0,37844.75,0.437118,68309.46,0.2511,2028-12-01
NK225E    ,OOP,202812,30500.0,            ,133120518,0000000.0000,0000000.0,616.76,0.3554,143120518,0000000.0000,0000000.0,37616.1,0.434853,68309.46,0.2511,2028-12-01
NK225E    ,OOP,202812,30750.0,            ,133120718,0000000.0000,0000000.0,629.73,0.353559,143120718,0000000.0000,0000000.0,37387.58,0.432147,68309.46,0.2511,2028-12-01
NK225E    ,OOP,202812,31000.0,            ,133121018,0000000.0000,0000000.0,642.82,0.352349,143121018,0000000.0000,0000000.0,37159.18,0.429454,68309.46,0.2511,2028-12-01
NK225E    ,OOP,202812,31250.0,            ,133121218,0000000.0000,0000000.0,656.54,0.35049,143121218,0000000.0000,0000000.0,36931.41,0.426775,68309.46,0.2511,2028-12-01
NK225E    ,OOP,202812,31500.0,            ,133121518,0000000.0000,0000000.0,670.41,0.34924,143121518,0000000.0000,0000000.0,36703.79,0.424539,68309.46,0.2511,2028-12-01
NK225E    ,OOP,202812,31750.0,            ,133121718,0000000.0000,0000000.0,684.42,0.347967,143121718,0000000.0000,0000000.0,36476.31,0.421881,68309.46,0.2511,2028-12-01
NK225E    ,OOP,202812,32000.0,            ,133122018,0000000.0000,0000000.0,698.58,0.34608,143122018,0000000.0000,0000000.0,36248.97,0.419236,68309.46,0.2511,2028-12-01
NK225E    ,OOP,202812,32250.0,            ,133122218,0000000.0000,0000000.0,713.4,0.344774,143122218,0000000.0000,0000000.0,36022.3,0.417019,68309.46,0.2511,2028-12-01
NK225E    ,OOP,202812,32500.0,            ,183122518,0000000.0000,0000000.0,728.38,0.343446,193122518,0000000.0000,0000000.0,35795.8,0.414394,68309.46,0.2511,2028-12-01
NK225E    ,OOP,202812,32750.0,            ,183122718,0000000.0000,0000000.0,743.53,0.342099,193122718,0000000.0000,0000000.0,35569.45,0.412188,68309.46,0.2511,2028-12-01
NK225E    ,OOP,202812,33000.0,            ,183123018,0000000.0000,0000000.0,758.84,0.340733,193123018,0000000.0000,0000000.0,35343.27,0.409985,68309.46,0.2511,2028-12-01
NK225E    ,OOP,202812,33250.0,            ,183123218,0000000.0000,0000000.0,774.85,0.33935,193123218,0000000.0000,0000000.0,35117.79,0.407387,68309.46,0.2511,2028-12-01
NK225E    ,OOP,202812,33500.0,            ,183123518,0000000.0000,0000000.0,791.04,0.337949,193123518,0000000.0000,0000000.0,34892.5,0.405195,68309.46,0.2511,2028-12-01
NK225E    ,OOP,202812,33750.0,            ,183123718,0000000.0000,0000000.0,807.42,0.336532,193123718,0000000.0000,0000000.0,34667.38,0.403006,68309.46,0.2511,2028-12-01
NK225E    ,OOP,202812,34000.0,            ,183124018,0000000.0000,0000000.0,823.99,0.3351,193124018,0000000.0000,0000000.0,34442.45,0.40082,68309.46,0.2511,2028-12-01
NK225E    ,OOP,202812,34250.0,            ,183124218,0000000.0000,0000000.0,841.29,0.333654,193124218,0000000.0000,0000000.0,34218.27,0.398636,68309.46,0.2511,2028-12-01
NK225E    ,OOP,202812,34500.0,            ,183124518,0000000.0000,0000000.0,858.79,0.332691,193124518,0000000.0000,0000000.0,33994.28,0.396456,68309.46,0.2511,2028-12-01
NK225E    ,OOP,202812,34750.0,            ,183124718,0000000.0000,0000000.0,876.5,0.33121,193124718,0000000.0000,0000000.0,33770.49,0.394279,68309.46,0.2511,2028-12-01
NK225E    ,OOP,202812,35000.0,            ,133245018,0000000.0000,0000000.0,894.41,0.330197,143245018,0000000.0000,0000000.0,33546.92,0.392105,68309.46,0.2511,2028-12-01
NK225E    ,OOP,202812,35250.0,            ,183125218,0000000.0000,0000000.0,913.11,0.328684,193125218,0000000.0000,0000000.0,33324.12,0.390298,68309.46,0.2511,2028-12-01
NK225E    ,OOP,202812,35500.0,            ,183125518,0000000.0000,0000000.0,932.03,0.327625,193125518,0000000.0000,0000000.0,33101.56,0.388126,68309.46,0.2511,2028-12-01
NK225E    ,OOP,202812,35750.0,            ,183125718,0000000.0000,0000000.0,951.18,0.326083,193125718,0000000.0000,0000000.0,32879.21,0.385958,68309.46,0.2511,2028-12-01
NK225E    ,OOP,202812,36000.0,            ,133246018,0000000.0000,0000000.0,970.55,0.324983,143246018,0000000.0000,0000000.0,32657.09,0.384144,68309.46,0.2511,2028-12-01
NK225E    ,OOP,202812,36250.0,            ,183126218,0000000.0000,0000000.0,990.75,0.323858,193126218,0000000.0000,0000000.0,32435.8,0.381978,68309.46,0.2511,2028-12-01
NK225E    ,OOP,202812,36500.0,            ,183126518,0000000.0000,0000000.0,1011.2,0.322712,193126518,0000000.0000,0000000.0,32214.76,0.380159,68309.46,0.2511,2028-12-01
NK225E    ,OOP,202812,36750.0,            ,183126718,0000000.0000,0000000.0,1031.9,0.321543,193126718,0000000.0000,0000000.0,31993.97,0.377996,68309.46,0.2511,2028-12-01
NK225E    ,OOP,202812,37000.0,            ,133247018,0000000.0000,0000000.0,1052.85,0.320354,143247018,0000000.0000,0000000.0,31773.42,0.376172,68309.46,0.2511,2028-12-01
NK225E    ,OOP,202812,37250.0,            ,183127218,0000000.0000,0000000.0,1074.66,0.319146,193127218,0000000.0000,0000000.0,31553.74,0.374345,68309.46,0.2511,2028-12-01
NK225E    ,OOP,202812,37500.0,            ,183127518,0000000.0000,0000000.0,1096.75,0.317918,193127518,0000000.0000,0000000.0,31334.35,0.372513,68309.46,0.2511,2028-12-01
NK225E    ,OOP,202812,37750.0,            ,183127718,0000000.0000,0000000.0,1119.11,0.317075,193127718,0000000.0000,0000000.0,31115.21,0.370678,68309.46,0.2511,2028-12-01
NK225E    ,OOP,202812,38000.0,            ,133248018,0000000.0000,0000000.0,1141.75,0.315806,143248018,0000000.0000,0000000.0,30896.37,0.36884,68309.46,0.2511,2028-12-01
NK225E    ,OOP,202812,38250.0,            ,183128218,0000000.0000,0000000.0,1165.3,0.31452,193128218,0000000.0000,0000000.0,30678.42,0.366998,68309.46,0.2511,2028-12-01
NK225E    ,OOP,202812,38500.0,            ,183128518,0000000.0000,0000000.0,1189.15,0.313602,193128518,0000000.0000,0000000.0,30460.78,0.365152,68309.46,0.2511,2028-12-01
NK225E    ,OOP,202812,38750.0,            ,183128718,0000000.0000,0000000.0,1213.29,0.312657,193128718,0000000.0000,0000000.0,30243.43,0.363616,68309.46,0.2511,2028-12-01
NK225E    ,OOP,202812,39000.0,            ,133249018,0000000.0000,0000000.0,1237.76,0.311315,143249018,0000000.0000,0000000.0,30026.4,0.361761,68309.46,0.2511,2028-12-01
NK225E    ,OOP,202812,39250.0,            ,183129218,0000000.0000,0000000.0,1263.16,0.310325,193129218,0000000.0000,0000000.0,29810.32,0.360208,68309.46,0.2511,2028-12-01
NK225E    ,OOP,202812,39500.0,            ,183129518,0000000.0000,0000000.0,1288.89,0.309311,193129518,0000000.0000,0000000.0,29594.56,0.358344,68309.46,0.2511,2028-12-01
NK225E    ,OOP,202812,39750.0,            ,183129718,0000000.0000,0000000.0,1314.95,0.308274,193129718,0000000.0000,0000000.0,29379.12,0.356776,68309.46,0.2511,2028-12-01
NK225E    ,OOP,202812,40000.0,            ,133240018,0000000.0000,0000000.0,1341.35,0.307215,143240018,0000000.0000,0000000.0,29164.03,0.3552,68309.46,0.2511,2028-12-01
NK225E    ,OOP,202812,40250.0,            ,183120218,0000000.0000,0000000.0,1368.73,0.306135,193120218,0000000.0000,0000000.0,28949.93,0.353614,68309.46,0.2511,2028-12-01
NK225E    ,OOP,202812,40500.0,            ,183120518,0000000.0000,0000000.0,1396.47,0.305373,193120518,0000000.0000,0000000.0,28736.17,0.352021,68309.46,0.2511,2028-12-01
NK225E    ,OOP,202812,40750.0,            ,133240718,0000000.0000,0000000.0,1424.56,0.304247,143240718,0000000.0000,0000000.0,28522.77,0.350419,68309.46,0.2511,2028-12-01
NK225E    ,OOP,202812,41000.0,            ,133241018,0000000.0000,0000000.0,1453.03,0.303432,143241018,0000000.0000,0000000.0,28309.75,0.34881,68309.46,0.2511,2028-12-01
NK225E    ,OOP,202812,41250.0,            ,133241218,0000000.0000,0000000.0,1482.51,0.302264,143241218,0000000.0000,0000000.0,28097.74,0.347193,68309.46,0.2511,2028-12-01
NK225E    ,OOP,202812,41500.0,            ,133241518,0000000.0000,0000000.0,1512.4,0.301399,143241518,0000000.0000,0000000.0,27886.14,0.345845,68309.46,0.2511,2028-12-01
NK225E    ,OOP,202812,41750.0,            ,133241718,0000000.0000,0000000.0,1542.67,0.300507,143241718,0000000.0000,0000000.0,27674.92,0.34421,68309.46,0.2511,2028-12-01
NK225E    ,OOP,202812,42000.0,            ,133242018,0000000.0000,0000000.0,1573.33,0.299591,143242018,0000000.0000,0000000.0,27464.08,0.342839,68309.46,0.2511,2028-12-01
NK225E    ,OOP,202812,42250.0,            ,133242218,0000000.0000,0000000.0,1605.06,0.298651,143242218,0000000.0000,0000000.0,27254.32,0.341456,68309.46,0.2511,2028-12-01
NK225E    ,OOP,202812,42500.0,            ,183242518,0000000.0000,0000000.0,1637.22,0.297687,193242518,0000000.0000,0000000.0,27044.99,0.339795,68309.46,0.2511,2028-12-01
NK225E    ,OOP,202812,42750.0,            ,133242718,0000000.0000,0000000.0,1669.77,0.296701,143242718,0000000.0000,0000000.0,26836.06,0.338391,68309.46,0.2511,2028-12-01
NK225E    ,OOP,202812,43000.0,            ,133243018,0000000.0000,0000000.0,1702.77,0.295692,143243018,0000000.0000,0000000.0,26627.56,0.336975,68309.46,0.2511,2028-12-01
NK225E    ,OOP,202812,43250.0,            ,133243218,0000000.0000,0000000.0,1736.87,0.294953,143243218,0000000.0000,0000000.0,26420.17,0.335804,68309.46,0.2511,2028-12-01
NK225E    ,OOP,202812,43500.0,            ,133243518,0000000.0000,0000000.0,1771.43,0.294186,143243518,0000000.0000,0000000.0,26213.24,0.334363,68309.46,0.2511,2028-12-01
NK225E    ,OOP,202812,43750.0,            ,133243718,0000000.0000,0000000.0,1806.44,0.293109,143243718,0000000.0000,0000000.0,26006.76,0.332912,68309.46,0.2511,2028-12-01
NK225E    ,OOP,202812,44000.0,            ,133244018,0000000.0000,0000000.0,1841.9,0.292292,143244018,0000000.0000,0000000.0,25800.73,0.331699,68309.46,0.2511,2028-12-01
NK225E    ,OOP,202812,44250.0,            ,133244218,0000000.0000,0000000.0,1878.51,0.291449,143244218,0000000.0000,0000000.0,25595.85,0.33047,68309.46,0.2511,2028-12-01
NK225E    ,OOP,202812,44500.0,            ,133244518,0000000.0000,0000000.0,1915.6,0.290582,143244518,0000000.0000,0000000.0,25391.45,0.328983,68309.46,0.2511,2028-12-01
NK225E    ,OOP,202812,44750.0,            ,133244718,0000000.0000,0000000.0,1953.17,0.28969,143244718,0000000.0000,0000000.0,25187.53,0.327728,68309.46,0.2511,2028-12-01
NK225E    ,OOP,202812,45000.0,            ,183245018,0000000.0000,0000000.0,1991.22,0.28904,193245018,0000000.0000,0000000.0,24984.09,0.326459,68309.46,0.2511,2028-12-01
NK225E    ,OOP,202812,45250.0,            ,133245218,0000000.0000,0000000.0,2030.48,0.288099,143245218,0000000.0000,0000000.0,24781.85,0.325412,68309.46,0.2511,2028-12-01
NK225E    ,OOP,202812,45500.0,            ,133245518,0000000.0000,0000000.0,2070.24,0.287394,143245518,0000000.0000,0000000.0,24580.12,0.324113,68309.46,0.2511,2028-12-01
NK225E    ,OOP,202812,45750.0,            ,133245718,0000000.0000,0000000.0,2110.52,0.286662,143245718,0000000.0000,0000000.0,24378.91,0.3228,68309.46,0.2511,2028-12-01
NK225E    ,OOP,202812,46000.0,            ,183246018,0000000.0000,0000000.0,2151.3,0.285651,193246018,0000000.0000,0000000.0,24178.21,0.321705,68309.46,0.2511,2028-12-01
NK225E    ,OOP,202812,46250.0,            ,133246218,0000000.0000,0000000.0,2193.32,0.285117,143246218,0000000.0000,0000000.0,23978.74,0.320592,68309.46,0.2511,2028-12-01
NK225E    ,OOP,202812,46500.0,            ,133246518,0000000.0000,0000000.0,2235.89,0.284307,143246518,0000000.0000,0000000.0,23779.8,0.319462,68309.46,0.2511,2028-12-01
NK225E    ,OOP,202812,46750.0,            ,133246718,0000000.0000,0000000.0,2278.99,0.283472,143246718,0000000.0000,0000000.0,23581.42,0.318316,68309.46,0.2511,2028-12-01
NK225E    ,OOP,202812,47000.0,            ,183247018,0000000.0000,0000000.0,2322.66,0.282613,193247018,0000000.0000,0000000.0,23383.6,0.317155,68309.46,0.2511,2028-12-01
NK225E    ,OOP,202812,47250.0,            ,133247218,0000000.0000,0000000.0,2367.59,0.281968,143247218,0000000.0000,0000000.0,23187.03,0.315977,68309.46,0.2511,2028-12-01
NK225E    ,OOP,202812,47500.0,            ,133247518,0000000.0000,0000000.0,2413.09,0.281294,143247518,0000000.0000,0000000.0,22991.04,0.314784,68309.46,0.2511,2028-12-01
NK225E    ,OOP,202812,47750.0,            ,133247718,0000000.0000,0000000.0,2459.16,0.280594,143247718,0000000.0000,0000000.0,22795.62,0.313791,68309.46,0.2511,2028-12-01
NK225E    ,OOP,202812,48000.0,            ,183248018,0000000.0000,0000000.0,2505.81,0.279867,193248018,0000000.0000,0000000.0,22600.78,0.312779,68309.46,0.2511,2028-12-01
NK225E    ,OOP,202812,48250.0,            ,133248218,0000000.0000,0000000.0,2553.76,0.279114,143248218,0000000.0000,0000000.0,22407.24,0.311749,68309.46,0.2511,2028-12-01
NK225E    ,OOP,202812,48500.0,            ,133248518,0000000.0000,0000000.0,2602.32,0.278336,143248518,0000000.0000,0000000.0,22214.31,0.3107,68309.46,0.2511,2028-12-01
NK225E    ,OOP,202812,48750.0,            ,133248718,0000000.0000,0000000.0,2651.47,0.277754,143248718,0000000.0000,0000000.0,22021.98,0.309635,68309.46,0.2511,2028-12-01
NK225E    ,OOP,202812,49000.0,            ,183249018,0000000.0000,0000000.0,2701.27,0.276926,193249018,0000000.0000,0000000.0,21830.28,0.308552,68309.46,0.2511,2028-12-01
NK225E    ,OOP,202812,49250.0,            ,133249218,0000000.0000,0000000.0,2752.38,0.27629,143249218,0000000.0000,0000000.0,21639.9,0.307655,68309.46,0.2511,2028-12-01
NK225E    ,OOP,202812,49500.0,            ,133249518,0000000.0000,0000000.0,2804.12,0.275627,143249518,0000000.0000,0000000.0,21450.15,0.306537,68309.46,0.2511,2028-12-01
NK225E    ,OOP,202812,49750.0,            ,133249718,0000000.0000,0000000.0,2856.5,0.274938,143249718,0000000.0000,0000000.0,21261.04,0.305602,68309.46,0.2511,2028-12-01
NK225E    ,OOP,202812,50000.0,            ,183240018,0000000.0000,0000000.0,2909.52,0.274223,193240018,0000000.0000,0000000.0,21072.56,0.304647,68309.46,0.2511,2028-12-01
NK225E    ,OOP,202812,50250.0,            ,133240218,0000000.0000,0000000.0,2963.89,0.273688,143240218,0000000.0000,0000000.0,20885.45,0.303674,68309.46,0.2511,2028-12-01
NK225E    ,OOP,202812,50500.0,            ,133240518,0000000.0000,0000000.0,3018.96,0.272922,143240518,0000000.0000,0000000.0,20699.02,0.302876,68309.46,0.2511,2028-12-01
NK225E    ,OOP,202812,50750.0,            ,183240718,0000000.0000,0000000.0,3074.66,0.272333,193240718,0000000.0000,0000000.0,20513.23,0.301865,68309.46,0.2511,2028-12-01
NK225E    ,OOP,202812,51000.0,            ,133361018,0000000.0000,0000000.0,3131.06,0.271716,143361018,0000000.0000,0000000.0,20328.14,0.301025,68309.46,0.2511,2028-12-01
NK225E    ,OOP,202812,51250.0,            ,183241218,0000000.0000,0000000.0,3188.82,0.271074,193241218,0000000.0000,0000000.0,20144.41,0.299977,68309.46,0.2511,2028-12-01
NK225E    ,OOP,202812,51500.0,            ,183241518,0000000.0000,0000000.0,3247.3,0.270405,193241518,0000000.0000,0000000.0,19961.4,0.299098,68309.46,0.2511,2028-12-01
NK225E    ,OOP,202812,51750.0,            ,183241718,0000000.0000,0000000.0,3306.48,0.269904,193241718,0000000.0000,0000000.0,19779.09,0.2982,68309.46,0.2511,2028-12-01
NK225E    ,OOP,202812,52000.0,            ,133362018,0000000.0000,0000000.0,3366.35,0.269183,143362018,0000000.0000,0000000.0,19597.47,0.297466,68309.46,0.2511,2028-12-01
NK225E    ,OOP,202812,52250.0,            ,183242218,0000000.0000,0000000.0,3427.62,0.268628,193242218,0000000.0000,0000000.0,19417.25,0.296527,68309.46,0.2511,2028-12-01
NK225E    ,OOP,202812,52500.0,            ,133362518,0000000.0000,0000000.0,3489.61,0.268045,143362518,0000000.0000,0000000.0,19237.74,0.295751,68309.46,0.2511,2028-12-01
NK225E    ,OOP,202812,52750.0,            ,183242718,0000000.0000,0000000.0,3552.32,0.267436,193242718,0000000.0000,0000000.0,19058.97,0.294953,68309.46,0.2511,2028-12-01
NK225E    ,OOP,202812,53000.0,            ,183243018,0000000.0000,0000000.0,3615.78,0.266985,193243018,0000000.0000,0000000.0,18880.94,0.294134,68309.46,0.2511,2028-12-01
NK225E    ,OOP,202812,53250.0,            ,183243218,0000000.0000,0000000.0,3680.64,0.266322,193243218,0000000.0000,0000000.0,18704.31,0.293294,68309.46,0.2511,2028-12-01
NK225E    ,OOP,202812,53500.0,            ,183243518,0000000.0000,0000000.0,3746.27,0.265816,193243518,0000000.0000,0000000.0,18528.45,0.292435,68309.46,0.2511,2028-12-01
NK225E    ,OOP,202812,53750.0,            ,183243718,0000000.0000,0000000.0,3812.63,0.265282,193243718,0000000.0000,0000000.0,18353.31,0.291729,68309.46,0.2511,2028-12-01
NK225E    ,OOP,202812,54000.0,            ,183244018,0000000.0000,0000000.0,3879.76,0.264721,193244018,0000000.0000,0000000.0,18178.95,0.290828,68309.46,0.2511,2028-12-01
NK225E    ,OOP,202812,54250.0,            ,183244218,0000000.0000,0000000.0,3948.31,0.264133,193244218,0000000.0000,0000000.0,18006.01,0.29008,68309.46,0.2511,2028-12-01
NK225E    ,OOP,202812,54500.0,            ,183244518,0000000.0000,0000000.0,4017.65,0.26352,193244518,0000000.0000,0000000.0,17833.86,0.28948,68309.46,0.2511,2028-12-01
NK225E    ,OOP,202812,54750.0,            ,183244718,0000000.0000,0000000.0,4087.77,0.263055,193244718,0000000.0000,0000000.0,17662.49,0.288688,68309.46,0.2511,2028-12-01
NK225E    ,OOP,202812,55000.0,            ,133365018,0000000.0000,0000000.0,4158.67,0.26239,143365018,0000000.0000,0000000.0,17491.9,0.287875,68309.46,0.2511,2028-12-01
NK225E    ,OOP,202812,55250.0,            ,183245218,0000000.0000,0000000.0,4231.0,0.261871,193245218,0000000.0000,0000000.0,17322.74,0.287208,68309.46,0.2511,2028-12-01
NK225E    ,OOP,202812,55500.0,            ,183245518,0000000.0000,0000000.0,4304.15,0.261494,193245518,0000000.0000,0000000.0,17154.4,0.286518,68309.46,0.2511,2028-12-01
NK225E    ,OOP,202812,55750.0,            ,183245718,0000000.0000,0000000.0,4378.1,0.260921,193245718,0000000.0000,0000000.0,16986.86,0.285807,68309.46,0.2511,2028-12-01
NK225E    ,OOP,202812,56000.0,            ,133366018,0000000.0000,0000000.0,4452.85,0.260323,143366018,0000000.0000,0000000.0,16820.11,0.285073,68309.46,0.2511,2028-12-01
NK225E    ,OOP,202812,56250.0,            ,183246218,0000000.0000,0000000.0,4529.04,0.259864,193246218,0000000.0000,0000000.0,16654.82,0.284319,68309.46,0.2511,2028-12-01
NK225E    ,OOP,202812,56500.0,            ,183246518,0000000.0000,0000000.0,4606.08,0.259379,193246518,0000000.0000,0000000.0,16490.36,0.283704,68309.46,0.2511,2028-12-01
NK225E    ,OOP,202812,56750.0,            ,183246718,0000000.0000,0000000.0,4683.91,0.258866,193246718,0000000.0000,0000000.0,16326.7,0.283066,68309.46,0.2511,2028-12-01
NK225E    ,OOP,202812,57000.0,            ,133367018,0000000.0000,0000000.0,4762.59,0.258328,143367018,0000000.0000,0000000.0,16163.89,0.282406,68309.46,0.2511,2028-12-01
NK225E    ,OOP,202812,57250.0,            ,183247218,0000000.0000,0000000.0,4842.72,0.257923,193247218,0000000.0000,0000000.0,16002.53,0.281724,68309.46,0.2511,2028-12-01
NK225E    ,OOP,202812,57500.0,            ,183247518,0000000.0000,0000000.0,4923.68,0.257333,193247518,0000000.0000,0000000.0,15842.0,0.28102,68309.46,0.2511,2028-12-01
NK225E    ,OOP,202812,57750.0,            ,183247718,0000000.0000,0000000.0,5005.49,0.256875,193247718,0000000.0000,0000000.0,15682.31,0.28045,68309.46,0.2511,2028-12-01
NK225E    ,OOP,202812,58000.0,            ,133368018,0000000.0000,0000000.0,5088.13,0.256391,143368018,0000000.0000,0000000.0,15523.46,0.279857,68309.46,0.2511,2028-12-01
NK225E    ,OOP,202812,58250.0,            ,183248218,0000000.0000,0000000.0,5172.23,0.256036,193248218,0000000.0000,0000000.0,15366.07,0.279241,68309.46,0.2511,2028-12-01
NK225E    ,OOP,202812,58500.0,            ,183248518,0000000.0000,0000000.0,5257.21,0.2555,193248518,0000000.0000,0000000.0,15209.56,0.278603,68309.46,0.2511,2028-12-01
NK225E    ,OOP,202812,58750.0,            ,183248718,0000000.0000,0000000.0,5343.01,0.255091,193248718,0000000.0000,0000000.0,15053.87,0.277942,68309.46,0.2511,2028-12-01
NK225E    ,OOP,202812,59000.0,            ,133369018,0000000.0000,0000000.0,5429.7,0.254655,143369018,0000000.0000,0000000.0,14899.07,0.277411,68309.46,0.2511,2028-12-01
NK225E    ,OOP,202812,59250.0,            ,183249218,0000000.0000,0000000.0,5517.82,0.254194,193249218,0000000.0000,0000000.0,14745.7,0.276707,68309.46,0.2511,2028-12-01
NK225E    ,OOP,202812,59500.0,            ,183249518,0000000.0000,0000000.0,5606.87,0.253706,193249518,0000000.0000,0000000.0,14593.25,0.27613,68309.46,0.2511,2028-12-01
NK225E    ,OOP,202812,59750.0,            ,183249718,0000000.0000,0000000.0,5696.75,0.253193,193249718,0000000.0000,0000000.0,14441.65,0.275531,68309.46,0.2511,2028-12-01
NK225E    ,OOP,202812,60000.0,            ,133360018,0000000.0000,0000000.0,5787.5,0.252803,143360018,0000000.0000,0000000.0,14290.91,0.275058,68309.46,0.2511,2028-12-01
NK225E    ,OOP,202812,60250.0,            ,183240218,0000000.0000,0000000.0,5879.71,0.252387,193240218,0000000.0000,0000000.0,14141.62,0.274414,68309.46,0.2511,2028-12-01
NK225E    ,OOP,202812,60500.0,            ,183240518,0000000.0000,0000000.0,5972.79,0.251944,193240518,0000000.0000,0000000.0,13993.22,0.273894,68309.46,0.2511,2028-12-01
NK225E    ,OOP,202812,60750.0,            ,133360718,0000000.0000,0000000.0,6066.76,0.251476,143360718,0000000.0000,0000000.0,13845.69,0.273351,68309.46,0.2511,2028-12-01
NK225E    ,OOP,202812,61000.0,            ,183361018,0000000.0000,0000000.0,6161.67,0.251128,193361018,0000000.0000,0000000.0,13699.12,0.272786,68309.46,0.2511,2028-12-01
NK225E    ,OOP,202812,61250.0,            ,133361218,0000000.0000,0000000.0,6258.0,0.250609,143361218,0000000.0000,0000000.0,13553.95,0.272342,68309.46,0.2511,2028-12-01
NK225E    ,OOP,202812,61500.0,            ,133361518,0000000.0000,0000000.0,6355.21,0.250209,143361518,0000000.0000,0000000.0,13409.67,0.271731,68309.46,0.2511,2028-12-01
NK225E    ,OOP,202812,61750.0,            ,133361718,0000000.0000,0000000.0,6453.28,0.249783,143361718,0000000.0000,0000000.0,13266.25,0.271242,68309.46,0.2511,2028-12-01
NK225E    ,OOP,202812,62000.0,            ,183362018,0000000.0000,0000000.0,6552.28,0.249474,193362018,0000000.0000,0000000.0,13123.76,0.270729,68309.46,0.2511,2028-12-01
NK225E    ,OOP,202812,62250.0,            ,133362218,0000000.0000,0000000.0,6652.74,0.248997,143362218,0000000.0000,0000000.0,12982.72,0.270193,68309.46,0.2511,2028-12-01
NK225E    ,OOP,202812,62500.0,            ,133242518,0000000.0000,0000000.0,6754.09,0.248636,143242518,0000000.0000,0000000.0,12842.59,0.269776,68309.46,0.2511,2028-12-01
NK225E    ,OOP,202812,62750.0,            ,133362718,0000000.0000,0000000.0,6856.32,0.248249,143362718,0000000.0000,0000000.0,12703.32,0.269196,68309.46,0.2511,2028-12-01
NK225E    ,OOP,202812,63000.0,            ,133363018,0000000.0000,0000000.0,6959.48,0.247836,143363018,0000000.0000,0000000.0,12564.99,0.268732,68309.46,0.2511,2028-12-01
NK225E    ,OOP,202812,63250.0,            ,133363218,0000000.0000,0000000.0,7064.04,0.247399,143363218,0000000.0000,0000000.0,12428.07,0.268246,68309.46,0.2511,2028-12-01
NK225E    ,OOP,202812,63500.0,            ,133363518,0000000.0000,0000000.0,7169.48,0.247075,143363518,0000000.0000,0000000.0,12292.01,0.267738,68309.46,0.2511,2028-12-01
NK225E    ,OOP,202812,63750.0,            ,133363718,0000000.0000,0000000.0,7275.89,0.246587,143363718,0000000.0000,0000000.0,12156.93,0.267345,68309.46,0.2511,2028-12-01
NK225E    ,OOP,202812,64000.0,            ,133364018,0000000.0000,0000000.0,7383.21,0.246212,143364018,0000000.0000,0000000.0,12022.76,0.266791,68309.46,0.2511,2028-12-01
NK225E    ,OOP,202812,64250.0,            ,133364218,0000000.0000,0000000.0,7491.91,0.245812,143364218,0000000.0000,0000000.0,11889.97,0.266352,68309.46,0.2511,2028-12-01
NK225E    ,OOP,202812,64500.0,            ,133364518,0000000.0000,0000000.0,7601.53,0.245523,143364518,0000000.0000,0000000.0,11758.1,0.265891,68309.46,0.2511,2028-12-01
NK225E    ,OOP,202812,64750.0,            ,133364718,0000000.0000,0000000.0,7712.01,0.245072,143364718,0000000.0000,0000000.0,11627.09,0.265407,68309.46,0.2511,2028-12-01
NK225E    ,OOP,202812,65000.0,            ,183365018,0000000.0000,0000000.0,7823.48,0.244733,193365018,0000000.0000,0000000.0,11497.07,0.265036,68309.46,0.2511,2028-12-01
NK225E    ,OOP,202812,65250.0,            ,133365218,0000000.0000,0000000.0,7936.27,0.244368,143365218,0000000.0000,0000000.0,11368.36,0.264507,68309.46,0.2511,2028-12-01
NK225E    ,OOP,202812,65500.0,            ,133365518,0000000.0000,0000000.0,8050.04,0.243979,143365518,0000000.0000,0000000.0,11240.64,0.264091,68309.46,0.2511,2028-12-01
NK225E    ,OOP,202812,65750.0,            ,133365718,0000000.0000,0000000.0,8164.68,0.243565,143365718,0000000.0000,0000000.0,11113.8,0.263652,68309.46,0.2511,2028-12-01
NK225E    ,OOP,202812,66000.0,            ,183366018,0000000.0000,0000000.0,8280.28,0.243259,193366018,0000000.0000,0000000.0,10987.9,0.263324,68309.46,0.2511,2028-12-01
NK225E    ,OOP,202812,66250.0,            ,133366218,0000000.0000,0000000.0,8397.16,0.242929,143366218,0000000.0000,0000000.0,10863.29,0.262841,68309.46,0.2511,2028-12-01
NK225E    ,OOP,202812,66500.0,            ,133366518,0000000.0000,0000000.0,8515.06,0.242574,143366518,0000000.0000,0000000.0,10739.71,0.262468,68309.46,0.2511,2028-12-01
NK225E    ,OOP,202812,66750.0,            ,133366718,0000000.0000,0000000.0,8633.8,0.242195,143366718,0000000.0000,0000000.0,10616.95,0.262072,68309.46,0.2511,2028-12-01
NK225E    ,OOP,202812,67000.0,            ,183367018,0000000.0000,0000000.0,8753.49,0.241791,193367018,0000000.0000,0000000.0,10495.15,0.261654,68309.46,0.2511,2028-12-01
NK225E    ,OOP,202812,67250.0,            ,133367218,0000000.0000,0000000.0,8874.51,0.241494,143367218,0000000.0000,0000000.0,10374.67,0.261214,68309.46,0.2511,2028-12-01
NK225E    ,OOP,202812,67500.0,            ,183367518,0000000.0000,0000000.0,8996.43,0.241173,193367518,0000000.0000,0000000.0,10255.11,0.260752,68309.46,0.2511,2028-12-01
NK225E    ,OOP,202812,67750.0,            ,133367718,0000000.0000,0000000.0,9119.26,0.240827,143367718,0000000.0000,0000000.0,10136.45,0.2604,68309.46,0.2511,2028-12-01
NK225E    ,OOP,202812,68000.0,            ,183368018,0000000.0000,0000000.0,9243.04,0.240457,193368018,0000000.0000,0000000.0,10018.73,0.260025,68309.46,0.2511,2028-12-01
NK225E    ,OOP,202812,68250.0,            ,133368218,0000000.0000,0000000.0,9368.1,0.240064,143368218,0000000.0000,0000000.0,9902.31,0.259628,68309.46,0.2511,2028-12-01
NK225E    ,OOP,202812,68500.0,            ,133368518,0000000.0000,0000000.0,9494.11,0.239776,143368518,0000000.0000,0000000.0,9786.83,0.259209,68309.46,0.2511,2028-12-01
NK225E    ,OOP,202812,68750.0,            ,133368718,0000000.0000,0000000.0,9620.99,0.239464,143368718,0000000.0000,0000000.0,9672.21,0.258898,68309.46,0.2511,2028-12-01
NK225E    ,OOP,202812,69000.0,            ,183369018,0000000.0000,0000000.0,9748.8,0.239127,193369018,0000000.0000,0000000.0,9558.54,0.258564,68309.46,0.2511,2028-12-01
NK225E    ,OOP,202812,69250.0,            ,133369218,0000000.0000,0000000.0,9877.87,0.238767,143369218,0000000.0000,0000000.0,9446.11,0.258209,68309.46,0.2511,2028-12-01
NK225E    ,OOP,202812,69500.0,            ,133369518,0000000.0000,0000000.0,10007.87,0.238384,143369518,0000000.0000,0000000.0,9334.62,0.257832,68309.46,0.2511,2028-12-01
NK225E    ,OOP,202812,69750.0,            ,133369718,0000000.0000,0000000.0,10138.77,0.238105,143369718,0000000.0000,0000000.0,9224.03,0.257434,68309.46,0.2511,2028-12-01
NK225E    ,OOP,202812,70000.0,            ,133480018,0000000.0000,0000000.0,10270.56,0.237802,143480018,0000000.0000,0000000.0,9114.33,0.257013,68309.46,0.2511,2028-12-01
NK225E    ,OOP,202812,70250.0,            ,133360218,0000000.0000,0000000.0,10403.6,0.237476,143360218,0000000.0000,0000000.0,9005.88,0.2567,68309.46,0.2511,2028-12-01
NK225E    ,OOP,202812,70500.0,            ,133360518,0000000.0000,0000000.0,10537.57,0.237126,143360518,0000000.0000,0000000.0,8898.35,0.256365,68309.46,0.2511,2028-12-01
NK225E    ,OOP,202812,70750.0,            ,183360718,0000000.0000,0000000.0,10672.42,0.236753,193360718,0000000.0000,0000000.0,8791.72,0.256009,68309.46,0.2511,2028-12-01
NK225E    ,OOP,202812,71000.0,            ,133481018,0000000.0000,0000000.0,10808.16,0.236484,143481018,0000000.0000,0000000.0,8685.97,0.255631,68309.46,0.2511,2028-12-01
NK225E    ,OOP,202812,71250.0,            ,183361218,0000000.0000,0000000.0,10945.14,0.236064,193361218,0000000.0000,0000000.0,8581.46,0.25536,68309.46,0.2511,2028-12-01
NK225E    ,OOP,202812,71500.0,            ,183361518,0000000.0000,0000000.0,11083.0,0.235749,193361518,0000000.0000,0000000.0,8477.83,0.255067,68309.46,0.2511,2028-12-01
NK225E    ,OOP,202812,71750.0,            ,183361718,0000000.0000,0000000.0,11221.74,0.235538,193361718,0000000.0000,0000000.0,8375.08,0.254625,68309.46,0.2511,2028-12-01
NK225E    ,OOP,202812,72000.0,            ,133482018,0000000.0000,0000000.0,11361.36,0.235176,143482018,0000000.0000,0000000.0,8273.2,0.254289,68309.46,0.2511,2028-12-01
NK225E    ,OOP,202812,72250.0,            ,183362218,0000000.0000,0000000.0,11502.2,0.234918,193362218,0000000.0000,0000000.0,8172.55,0.25406,68309.46,0.2511,2028-12-01
NK225E    ,OOP,202812,72500.0,            ,183362518,0000000.0000,0000000.0,11643.92,0.23451,193362518,0000000.0000,0000000.0,8072.77,0.253682,68309.46,0.2511,2028-12-01
NK225E    ,OOP,202812,72750.0,            ,183362718,0000000.0000,0000000.0,11786.5,0.234206,193362718,0000000.0000,0000000.0,7973.87,0.253411,68309.46,0.2511,2028-12-01
NK225E    ,OOP,202812,73000.0,            ,183363018,0000000.0000,0000000.0,11929.98,0.23388,193363018,0000000.0000,0000000.0,7875.86,0.253118,68309.46,0.2511,2028-12-01
NK225E    ,OOP,202812,73250.0,            ,183363218,0000000.0000,0000000.0,12074.6,0.233658,193363218,0000000.0000,0000000.0,7778.99,0.252805,68309.46,0.2511,2028-12-01
NK225E    ,OOP,202812,73500.0,            ,183363518,0000000.0000,0000000.0,12220.13,0.233285,193363518,0000000.0000,0000000.0,7683.02,0.25247,68309.46,0.2511,2028-12-01
NK225E    ,OOP,202812,73750.0,            ,183363718,0000000.0000,0000000.0,12366.5,0.233018,193363718,0000000.0000,0000000.0,7587.9,0.252115,68309.46,0.2511,2028-12-01
NK225E    ,OOP,202812,74000.0,            ,183364018,0000000.0000,0000000.0,12513.73,0.232727,193364018,0000000.0000,0000000.0,7493.64,0.251866,68309.46,0.2511,2028-12-01
NK225E    ,OOP,202812,74250.0,            ,183364218,0000000.0000,0000000.0,12662.12,0.232414,193364218,0000000.0000,0000000.0,7400.54,0.251597,68309.46,0.2511,2028-12-01
NK225E    ,OOP,202812,74500.0,            ,183364518,0000000.0000,0000000.0,12811.35,0.232078,193364518,0000000.0000,0000000.0,7308.28,0.251307,68309.46,0.2511,2028-12-01
NK225E    ,OOP,202812,74750.0,            ,183364718,0000000.0000,0000000.0,12961.43,0.23172,193364718,0000000.0000,0000000.0,7216.87,0.250996,68309.46,0.2511,2028-12-01
NK225E    ,OOP,202812,75000.0,            ,133485018,0000000.0000,0000000.0,13112.38,0.231467,143485018,0000000.0000,0000000.0,7126.33,0.250664,68309.46,0.2511,2028-12-01
NK225E    ,OOP,202812,75250.0,            ,183365218,0000000.0000,0000000.0,13264.45,0.231192,193365218,0000000.0000,0000000.0,7036.9,0.25044,68309.46,0.2511,2028-12-01
NK225E    ,OOP,202812,75500.0,            ,183365518,0000000.0000,0000000.0,13417.34,0.230894,193365518,0000000.0000,0000000.0,6948.3,0.250068,68309.46,0.2511,2028-12-01
NK225E    ,OOP,202812,75750.0,            ,183365718,0000000.0000,0000000.0,13571.06,0.230574,193365718,0000000.0000,0000000.0,6860.53,0.249802,68309.46,0.2511,2028-12-01
NK225E    ,OOP,202812,76000.0,            ,133486018,0000000.0000,0000000.0,13725.64,0.230231,143486018,0000000.0000,0000000.0,6773.62,0.249517,68309.46,0.2511,2028-12-01
NK225E    ,OOP,202812,76250.0,            ,183366218,0000000.0000,0000000.0,13881.74,0.229995,193366218,0000000.0000,0000000.0,6688.23,0.249211,68309.46,0.2511,2028-12-01
NK225E    ,OOP,202812,77500.0,            ,133367518,0000000.0000,0000000.0,14674.43,0.228614,143367518,0000000.0000,0000000.0,6273.47,0.248022,68309.46,0.2511,2028-12-01
NK225E    ,OOP,202812,80000.0,            ,183480018,0000000.0000,0000000.0,16318.74,0.225649,193480018,0000000.0000,0000000.0,5502.86,0.245457,68309.46,0.2511,2028-12-01
NK225E    ,OOP,202812,85000.0,            ,183485018,0000000.0000,0000000.0,19851.76,0.220062,193485018,0000000.0000,0000000.0,4206.07,0.241252,68309.46,0.2511,2028-12-01
NK225E    ,OOP,202812,90000.0,            ,133600018,0000000.0000,0000000.0,23670.97,0.214754,143600018,0000000.0000,0000000.0,3195.46,0.238184,68309.46,0.2511,2028-12-01
NK225E    ,OOP,202812,95000.0,            ,133605018,0000000.0000,0000000.0,27735.84,0.209605,143605018,0000000.0000,0000000.0,2430.51,0.236291,68309.46,0.2511,2028-12-01
NK225E    ,OOP,202812,100000.0,            ,183600018,0000000.0000,0000000.0,32007.7,0.204928,193600018,0000000.0000,0000000.0,1872.55,0.236037,68309.46,0.2511,2028-12-01
NK225E    ,OOP,202906,15000.0,            ,184065018,0000000.0000,0000000.0,29.24,0.361462,194065018,0000000.0000,0000000.0,51662.78,0.661165,68309.46,0.2511,2029-06-01
NK225E    ,OOP,202906,16000.0,            ,184066018,0000000.0000,0000000.0,42.31,0.36081,194066018,0000000.0000,0000000.0,50717.48,0.635533,68309.46,0.2511,2029-06-01
NK225E    ,OOP,202906,17000.0,            ,184067018,0000000.0000,0000000.0,59.31,0.360596,194067018,0000000.0000,0000000.0,49776.12,0.61169,68309.46,0.2511,2029-06-01
NK225E    ,OOP,202906,18000.0,            ,184068018,0000000.0000,0000000.0,80.91,0.360191,194068018,0000000.0000,0000000.0,48839.35,0.590735,68309.46,0.2511,2029-06-01
NK225E    ,OOP,202906,19000.0,            ,184069018,0000000.0000,0000000.0,107.76,0.359899,194069018,0000000.0000,0000000.0,47907.83,0.571018,68309.46,0.2511,2029-06-01
NK225E    ,OOP,202906,20000.0,            ,184060018,0000000.0000,0000000.0,140.53,0.35982,194060018,0000000.0000,0000000.0,46982.24,0.553602,68309.46,0.2511,2029-06-01
NK225E    ,OOP,202906,20750.0,            ,184060718,0000000.0000,0000000.0,169.4,0.359637,194060718,0000000.0000,0000000.0,46292.34,0.540964,68309.46,0.2511,2029-06-01
NK225E    ,OOP,202906,21000.0,            ,184061018,0000000.0000,0000000.0,179.89,0.359638,194061018,0000000.0000,0000000.0,46063.24,0.537045,68309.46,0.2511,2029-06-01
NK225E    ,OOP,202906,21250.0,            ,184061218,0000000.0000,0000000.0,190.84,0.359819,194061218,0000000.0000,0000000.0,45834.59,0.533738,68309.46,0.2511,2029-06-01
NK225E    ,OOP,202906,21500.0,            ,184061518,0000000.0000,0000000.0,202.25,0.359541,194061518,0000000.0000,0000000.0,45606.41,0.5299,68309.46,0.2511,2029-06-01
NK225E    ,OOP,202906,21750.0,            ,184061718,0000000.0000,0000000.0,214.13,0.359737,194061718,0000000.0000,0000000.0,45378.7,0.526105,68309.46,0.2511,2029-06-01
NK225E    ,OOP,202906,22000.0,            ,184062018,0000000.0000,0000000.0,226.49,0.359506,194062018,0000000.0000,0000000.0,45151.47,0.522896,68309.46,0.2511,2029-06-01
NK225E    ,OOP,202906,22250.0,            ,184062218,0000000.0000,0000000.0,239.34,0.359434,194062218,0000000.0000,0000000.0,44924.73,0.519175,68309.46,0.2511,2029-06-01
NK225E    ,OOP,202906,22500.0,            ,184062518,0000000.0000,0000000.0,252.69,0.359499,194062518,0000000.0000,0000000.0,44698.49,0.516025,68309.46,0.2511,2029-06-01
NK225E    ,OOP,202906,22750.0,            ,184062718,0000000.0000,0000000.0,266.55,0.359436,194062718,0000000.0000,0000000.0,44472.76,0.512375,68309.46,0.2511,2029-06-01
NK225E    ,OOP,202906,23000.0,            ,184063018,0000000.0000,0000000.0,280.94,0.359496,194063018,0000000.0000,0000000.0,44247.55,0.509282,68309.46,0.2511,2029-06-01
NK225E    ,OOP,202906,23250.0,            ,184063218,0000000.0000,0000000.0,295.85,0.359432,194063218,0000000.0000,0000000.0,44022.87,0.506212,68309.46,0.2511,2029-06-01
NK225E    ,OOP,202906,23500.0,            ,184063518,0000000.0000,0000000.0,311.3,0.359478,194063518,0000000.0000,0000000.0,43798.73,0.503165,68309.46,0.2511,2029-06-01
NK225E    ,OOP,202906,23750.0,            ,134063718,0000000.0000,0000000.0,327.3,0.359619,144063718,0000000.0000,0000000.0,43575.14,0.500141,68309.46,0.2511,2029-06-01
NK225E    ,OOP,202906,24000.0,            ,134064018,0000000.0000,0000000.0,343.85,0.359435,144064018,0000000.0000,0000000.0,43352.1,0.497139,68309.46,0.2511,2029-06-01
NK225E    ,OOP,202906,24250.0,            ,134064218,0000000.0000,0000000.0,360.97,0.360135,144064218,0000000.0000,0000000.0,43129.62,0.494645,68309.46,0.2511,2029-06-01
NK225E    ,OOP,202906,24500.0,            ,134064518,0000000.0000,0000000.0,378.66,0.359736,144064518,0000000.0000,0000000.0,42907.72,0.49168,68309.46,0.2511,2029-06-01
NK225E    ,OOP,202906,24750.0,            ,134064718,0000000.0000,0000000.0,396.93,0.35926,144064718,0000000.0000,0000000.0,42686.4,0.48921,68309.46,0.2511,2029-06-01
NK225E    ,OOP,202906,25000.0,            ,134065018,0000000.0000,0000000.0,415.79,0.359595,144065018,0000000.0000,0000000.0,42465.68,0.486281,68309.46,0.2511,2029-06-01
NK225E    ,OOP,202906,25250.0,            ,134065218,0000000.0000,0000000.0,435.25,0.359808,144065218,0000000.0000,0000000.0,42245.55,0.483833,68309.46,0.2511,2029-06-01
NK225E    ,OOP,202906,25500.0,            ,134065518,0000000.0000,0000000.0,455.32,0.359909,144065518,0000000.0000,0000000.0,42026.02,0.481394,68309.46,0.2511,2029-06-01
NK225E    ,OOP,202906,25750.0,            ,134065718,0000000.0000,0000000.0,476.0,0.359108,144065718,0000000.0000,0000000.0,41807.11,0.478963,68309.46,0.2511,2029-06-01
NK225E    ,OOP,202906,26000.0,            ,134066018,0000000.0000,0000000.0,497.3,0.35981,144066018,0000000.0000,0000000.0,41588.82,0.476539,68309.46,0.2511,2029-06-01
NK225E    ,OOP,202906,26250.0,            ,134066218,0000000.0000,0000000.0,519.24,0.359627,144066218,0000000.0000,0000000.0,41371.17,0.474562,68309.46,0.2511,2029-06-01
NK225E    ,OOP,202906,26500.0,            ,134066518,0000000.0000,0000000.0,541.81,0.359363,144066518,0000000.0000,0000000.0,41154.15,0.472149,68309.46,0.2511,2029-06-01
NK225E    ,OOP,202906,26750.0,            ,134066718,0000000.0000,0000000.0,565.02,0.359025,144066718,0000000.0000,0000000.0,40937.77,0.469745,68309.46,0.2511,2029-06-01
NK225E    ,OOP,202906,27000.0,            ,134067018,0000000.0000,0000000.0,588.89,0.359304,144067018,0000000.0000,0000000.0,40722.05,0.467769,68309.46,0.2511,2029-06-01
NK225E    ,OOP,202906,27250.0,            ,134067218,0000000.0000,0000000.0,613.42,0.359481,144067218,0000000.0000,0000000.0,40506.98,0.46579,68309.46,0.2511,2029-06-01
NK225E    ,OOP,202906,27500.0,            ,134067518,0000000.0000,0000000.0,638.61,0.358916,144067518,0000000.0000,0000000.0,40292.58,0.463809,68309.46,0.2511,2029-06-01
NK225E    ,OOP,202906,27750.0,            ,134067718,0000000.0000,0000000.0,664.47,0.358928,144067718,0000000.0000,0000000.0,40078.85,0.461826,68309.46,0.2511,2029-06-01
NK225E    ,OOP,202906,28000.0,            ,134068018,0000000.0000,0000000.0,691.02,0.358857,144068018,0000000.0000,0000000.0,39865.81,0.45984,68309.46,0.2511,2029-06-01
NK225E    ,OOP,202906,28250.0,            ,134068218,0000000.0000,0000000.0,705.18,0.357513,144068218,0000000.0000,0000000.0,39640.38,0.457066,68309.46,0.2511,2029-06-01
NK225E    ,OOP,202906,28500.0,            ,134068518,0000000.0000,0000000.0,719.46,0.35615,144068518,0000000.0000,0000000.0,39415.07,0.453919,68309.46,0.2511,2029-06-01
NK225E    ,OOP,202906,28750.0,            ,134068718,0000000.0000,0000000.0,733.84,0.354769,144068718,0000000.0000,0000000.0,39189.86,0.451183,68309.46,0.2511,2029-06-01
NK225E    ,OOP,202906,29000.0,            ,134069018,0000000.0000,0000000.0,748.33,0.352802,144069018,0000000.0000,0000000.0,38964.75,0.448463,68309.46,0.2511,2029-06-01
NK225E    ,OOP,202906,29250.0,            ,134069218,0000000.0000,0000000.0,763.28,0.351398,144069218,0000000.0000,0000000.0,38740.11,0.44576,68309.46,0.2511,2029-06-01
NK225E    ,OOP,202906,29500.0,            ,134069518,0000000.0000,0000000.0,778.36,0.34998,144069518,0000000.0000,0000000.0,38515.6,0.443072,68309.46,0.2511,2029-06-01
NK225E    ,OOP,202906,29750.0,            ,134069718,0000000.0000,0000000.0,793.55,0.348547,144069718,0000000.0000,0000000.0,38291.2,0.440399,68309.46,0.2511,2029-06-01
NK225E    ,OOP,202906,30000.0,            ,134060018,0000000.0000,0000000.0,808.85,0.347101,144060018,0000000.0000,0000000.0,38066.91,0.437742,68309.46,0.2511,2029-06-01
NK225E    ,OOP,202906,30250.0,            ,134060218,0000000.0000,0000000.0,824.69,0.345642,144060218,0000000.0000,0000000.0,37843.15,0.4351,68309.46,0.2511,2029-06-01
NK225E    ,OOP,202906,30500.0,            ,134060518,0000000.0000,0000000.0,840.65,0.344172,144060518,0000000.0000,0000000.0,37619.53,0.432472,68309.46,0.2511,2029-06-01
NK225E    ,OOP,202906,30750.0,            ,134060718,0000000.0000,0000000.0,856.75,0.34269,144060718,0000000.0000,0000000.0,37396.03,0.429858,68309.46,0.2511,2029-06-01
NK225E    ,OOP,202906,31000.0,            ,134061018,0000000.0000,0000000.0,872.97,0.341197,144061018,0000000.0000,0000000.0,37172.66,0.427259,68309.46,0.2511,2029-06-01
NK225E    ,OOP,202906,31250.0,            ,134061218,0000000.0000,0000000.0,889.78,0.339694,144061218,0000000.0000,0000000.0,36949.88,0.424673,68309.46,0.2511,2029-06-01
NK225E    ,OOP,202906,31500.0,            ,134061518,0000000.0000,0000000.0,906.73,0.338181,144061518,0000000.0000,0000000.0,36727.24,0.422445,68309.46,0.2511,2029-06-01
NK225E    ,OOP,202906,31750.0,            ,134061718,0000000.0000,0000000.0,923.82,0.33666,144061718,0000000.0000,0000000.0,36504.74,0.419883,68309.46,0.2511,2029-06-01
NK225E    ,OOP,202906,32000.0,            ,134062018,0000000.0000,0000000.0,941.05,0.335597,144062018,0000000.0000,0000000.0,36282.38,0.417334,68309.46,0.2511,2029-06-01
NK225E    ,OOP,202906,32250.0,            ,134062218,0000000.0000,0000000.0,958.94,0.334052,144062218,0000000.0000,0000000.0,36060.68,0.415132,68309.46,0.2511,2029-06-01
NK225E    ,OOP,202906,32500.0,            ,134062518,0000000.0000,0000000.0,976.98,0.332499,144062518,0000000.0000,0000000.0,35839.13,0.412605,68309.46,0.2511,2029-06-01
NK225E    ,OOP,202906,32750.0,            ,134062718,0000000.0000,0000000.0,995.18,0.331385,144062718,0000000.0000,0000000.0,35617.73,0.410419,68309.46,0.2511,2029-06-01
NK225E    ,OOP,202906,33000.0,            ,134063018,0000000.0000,0000000.0,1013.54,0.329813,144063018,0000000.0000,0000000.0,35396.5,0.407913,68309.46,0.2511,2029-06-01
NK225E    ,OOP,202906,33250.0,            ,134063218,0000000.0000,0000000.0,1032.62,0.328666,144063218,0000000.0000,0000000.0,35175.99,0.405741,68309.46,0.2511,2029-06-01
NK225E    ,OOP,202906,33500.0,            ,134063518,0000000.0000,0000000.0,1051.89,0.3275,144063518,0000000.0000,0000000.0,34955.67,0.403575,68309.46,0.2511,2029-06-01
NK225E    ,OOP,202906,33750.0,            ,184063718,0000000.0000,0000000.0,1071.31,0.325899,194063718,0000000.0000,0000000.0,34735.5,0.401414,68309.46,0.2511,2029-06-01
NK225E    ,OOP,202906,34000.0,            ,184064018,0000000.0000,0000000.0,1090.91,0.324704,194064018,0000000.0000,0000000.0,34515.51,0.398947,68309.46,0.2511,2029-06-01
NK225E    ,OOP,202906,34250.0,            ,184064218,0000000.0000,0000000.0,1111.31,0.323494,194064218,0000000.0000,0000000.0,34296.31,0.3968,68309.46,0.2511,2029-06-01
NK225E    ,OOP,202906,34500.0,            ,184064518,0000000.0000,0000000.0,1131.9,0.322267,194064518,0000000.0000,0000000.0,34077.32,0.394658,68309.46,0.2511,2029-06-01
NK225E    ,OOP,202906,34750.0,            ,184064718,0000000.0000,0000000.0,1152.68,0.321025,194064718,0000000.0000,0000000.0,33858.51,0.392521,68309.46,0.2511,2029-06-01
NK225E    ,OOP,202906,35000.0,            ,134185018,0000000.0000,0000000.0,1173.66,0.319769,144185018,0000000.0000,0000000.0,33639.89,0.390389,68309.46,0.2511,2029-06-01
NK225E    ,OOP,202906,35250.0,            ,184065218,0000000.0000,0000000.0,1195.49,0.318499,194065218,0000000.0000,0000000.0,33422.13,0.388263,68309.46,0.2511,2029-06-01
NK225E    ,OOP,202906,35500.0,            ,184065518,0000000.0000,0000000.0,1217.54,0.317215,194065518,0000000.0000,0000000.0,33204.6,0.386435,68309.46,0.2511,2029-06-01
NK225E    ,OOP,202906,35750.0,            ,184065718,0000000.0000,0000000.0,1239.81,0.315919,194065718,0000000.0000,0000000.0,32987.27,0.384315,68309.46,0.2511,2029-06-01
NK225E    ,OOP,202906,36000.0,            ,134186018,0000000.0000,0000000.0,1262.29,0.31461,144186018,0000000.0000,0000000.0,32770.16,0.3822,68309.46,0.2511,2029-06-01
NK225E    ,OOP,202906,36250.0,            ,184066218,0000000.0000,0000000.0,1285.7,0.31365,194066218,0000000.0000,0000000.0,32553.98,0.380376,68309.46,0.2511,2029-06-01
NK225E    ,OOP,202906,36500.0,            ,184066518,0000000.0000,0000000.0,1309.36,0.312314,194066518,0000000.0000,0000000.0,32338.05,0.378268,68309.46,0.2511,2029-06-01
NK225E    ,OOP,202906,36750.0,            ,184066718,0000000.0000,0000000.0,1333.24,0.311317,194066718,0000000.0000,0000000.0,32122.34,0.376444,68309.46,0.2511,2029-06-01
NK225E    ,OOP,202906,37000.0,            ,134187018,0000000.0000,0000000.0,1357.37,0.309955,144187018,0000000.0000,0000000.0,31906.88,0.37462,68309.46,0.2511,2029-06-01
NK225E    ,OOP,202906,37250.0,            ,184067218,0000000.0000,0000000.0,1382.5,0.308923,194067218,0000000.0000,0000000.0,31692.42,0.372521,68309.46,0.2511,2029-06-01
NK225E    ,OOP,202906,37500.0,            ,184067518,0000000.0000,0000000.0,1407.91,0.307873,194067518,0000000.0000,0000000.0,31478.23,0.370698,68309.46,0.2511,2029-06-01
NK225E    ,OOP,202906,37750.0,            ,184067718,0000000.0000,0000000.0,1433.55,0.306805,194067718,0000000.0000,0000000.0,31264.29,0.368875,68309.46,0.2511,2029-06-01
NK225E    ,OOP,202906,38000.0,            ,134188018,0000000.0000,0000000.0,1459.48,0.305719,144188018,0000000.0000,0000000.0,31050.62,0.367051,68309.46,0.2511,2029-06-01
NK225E    ,OOP,202906,38250.0,            ,184068218,0000000.0000,0000000.0,1486.47,0.304617,194068218,0000000.0000,0000000.0,30838.02,0.365226,68309.46,0.2511,2029-06-01
NK225E    ,OOP,202906,38500.0,            ,184068518,0000000.0000,0000000.0,1513.77,0.303499,194068518,0000000.0000,0000000.0,30625.73,0.363662,68309.46,0.2511,2029-06-01
NK225E    ,OOP,202906,38750.0,            ,184068718,0000000.0000,0000000.0,1541.34,0.302365,194068718,0000000.0000,0000000.0,30413.71,0.361835,68309.46,0.2511,2029-06-01
NK225E    ,OOP,202906,39000.0,            ,134189018,0000000.0000,0000000.0,1569.21,0.301216,144189018,0000000.0000,0000000.0,30201.99,0.360006,68309.46,0.2511,2029-06-01
NK225E    ,OOP,202906,39250.0,            ,184069218,0000000.0000,0000000.0,1598.21,0.300357,194069218,0000000.0000,0000000.0,29991.4,0.358431,68309.46,0.2511,2029-06-01
NK225E    ,OOP,202906,39500.0,            ,184069518,0000000.0000,0000000.0,1627.54,0.299176,194069518,0000000.0000,0000000.0,29781.14,0.3566,68309.46,0.2511,2029-06-01
NK225E    ,OOP,202906,39750.0,            ,184069718,0000000.0000,0000000.0,1657.19,0.298277,194069718,0000000.0000,0000000.0,29571.19,0.355018,68309.46,0.2511,2029-06-01
NK225E    ,OOP,202906,40000.0,            ,134180018,0000000.0000,0000000.0,1687.15,0.297358,144180018,0000000.0000,0000000.0,29361.56,0.35343,68309.46,0.2511,2029-06-01
NK225E    ,OOP,202906,40250.0,            ,184060218,0000000.0000,0000000.0,1718.32,0.296131,194060218,0000000.0000,0000000.0,29153.14,0.351838,68309.46,0.2511,2029-06-01
NK225E    ,OOP,202906,40500.0,            ,184060518,0000000.0000,0000000.0,1749.85,0.295177,194060518,0000000.0000,0000000.0,28945.08,0.350241,68309.46,0.2511,2029-06-01
NK225E    ,OOP,202906,40750.0,            ,134180718,0000000.0000,0000000.0,1781.73,0.294203,144180718,0000000.0000,0000000.0,28737.36,0.34864,68309.46,0.2511,2029-06-01
NK225E    ,OOP,202906,41000.0,            ,134181018,0000000.0000,0000000.0,1813.95,0.293489,144181018,0000000.0000,0000000.0,28530.0,0.347035,68309.46,0.2511,2029-06-01
NK225E    ,OOP,202906,41250.0,            ,134181218,0000000.0000,0000000.0,1847.44,0.292476,144181218,0000000.0000,0000000.0,28323.89,0.34566,68309.46,0.2511,2029-06-01
NK225E    ,OOP,202906,41500.0,            ,134181518,0000000.0000,0000000.0,1881.32,0.291447,144181518,0000000.0000,0000000.0,28118.18,0.344044,68309.46,0.2511,2029-06-01
NK225E    ,OOP,202906,41750.0,            ,134181718,0000000.0000,0000000.0,1915.56,0.290668,144181718,0000000.0000,0000000.0,27912.83,0.342654,68309.46,0.2511,2029-06-01
NK225E    ,OOP,202906,42000.0,            ,134182018,0000000.0000,0000000.0,1950.2,0.289603,144182018,0000000.0000,0000000.0,27707.88,0.341028,68309.46,0.2511,2029-06-01
NK225E    ,OOP,202906,42250.0,            ,134182218,0000000.0000,0000000.0,1986.16,0.288783,144182218,0000000.0000,0000000.0,27504.25,0.339624,68309.46,0.2511,2029-06-01
NK225E    ,OOP,202906,42500.0,            ,184182518,0000000.0000,0000000.0,2022.55,0.287941,194182518,0000000.0000,0000000.0,27301.05,0.338212,68309.46,0.2511,2029-06-01
NK225E    ,OOP,202906,42750.0,            ,134182718,0000000.0000,0000000.0,2059.33,0.287079,144182718,0000000.0000,0000000.0,27098.23,0.336793,68309.46,0.2511,2029-06-01
NK225E    ,OOP,202906,43000.0,            ,134183018,0000000.0000,0000000.0,2096.54,0.286197,144183018,0000000.0000,0000000.0,26895.86,0.335367,68309.46,0.2511,2029-06-01
NK225E    ,OOP,202906,43250.0,            ,134183218,0000000.0000,0000000.0,2135.14,0.285296,144183218,0000000.0000,0000000.0,26694.86,0.334151,68309.46,0.2511,2029-06-01
NK225E    ,OOP,202906,43500.0,            ,134183518,0000000.0000,0000000.0,2174.17,0.284619,144183518,0000000.0000,0000000.0,26494.31,0.332708,68309.46,0.2511,2029-06-01
NK225E    ,OOP,202906,43750.0,            ,134183718,0000000.0000,0000000.0,2213.65,0.283679,144183718,0000000.0000,0000000.0,26294.2,0.331472,68309.46,0.2511,2029-06-01
NK225E    ,OOP,202906,44000.0,            ,134184018,0000000.0000,0000000.0,2253.58,0.282958,144184018,0000000.0000,0000000.0,26094.53,0.330225,68309.46,0.2511,2029-06-01
NK225E    ,OOP,202906,44250.0,            ,134184218,0000000.0000,0000000.0,2294.95,0.282215,144184218,0000000.0000,0000000.0,25896.31,0.328968,68309.46,0.2511,2029-06-01
NK225E    ,OOP,202906,44500.0,            ,134184518,0000000.0000,0000000.0,2336.8,0.281449,144184518,0000000.0000,0000000.0,25698.57,0.3277,68309.46,0.2511,2029-06-01
NK225E    ,OOP,202906,44750.0,            ,134184718,0000000.0000,0000000.0,2379.12,0.280663,144184718,0000000.0000,0000000.0,25501.3,0.326423,68309.46,0.2511,2029-06-01
NK225E    ,OOP,202906,45000.0,            ,184185018,0000000.0000,0000000.0,2421.94,0.279855,194185018,0000000.0000,0000000.0,25304.53,0.325136,68309.46,0.2511,2029-06-01
NK225E    ,OOP,202906,45250.0,            ,134185218,0000000.0000,0000000.0,2466.22,0.279028,144185218,0000000.0000,0000000.0,25109.22,0.323839,68309.46,0.2511,2029-06-01
NK225E    ,OOP,202906,45500.0,            ,134185518,0000000.0000,0000000.0,2511.01,0.278402,144185518,0000000.0000,0000000.0,24914.42,0.322734,68309.46,0.2511,2029-06-01
NK225E    ,OOP,202906,45750.0,            ,134185718,0000000.0000,0000000.0,2556.31,0.277534,144185718,0000000.0000,0000000.0,24720.13,0.321616,68309.46,0.2511,2029-06-01
NK225E    ,OOP,202906,46000.0,            ,184186018,0000000.0000,0000000.0,2602.15,0.276863,194186018,0000000.0000,0000000.0,24526.37,0.320288,68309.46,0.2511,2029-06-01
NK225E    ,OOP,202906,46250.0,            ,134186218,0000000.0000,0000000.0,2649.48,0.27617,144186218,0000000.0000,0000000.0,24334.11,0.319343,68309.46,0.2511,2029-06-01
NK225E    ,OOP,202906,46500.0,            ,134186518,0000000.0000,0000000.0,2697.37,0.275455,144186518,0000000.0000,0000000.0,24142.4,0.318188,68309.46,0.2511,2029-06-01
NK225E    ,OOP,202906,46750.0,            ,134186718,0000000.0000,0000000.0,2745.8,0.274718,144186718,0000000.0000,0000000.0,23951.25,0.317022,68309.46,0.2511,2029-06-01
NK225E    ,OOP,202906,47000.0,            ,184187018,0000000.0000,0000000.0,2794.78,0.274167,194187018,0000000.0000,0000000.0,23760.64,0.315845,68309.46,0.2511,2029-06-01
NK225E    ,OOP,202906,47250.0,            ,134187218,0000000.0000,0000000.0,2845.3,0.273386,144187218,0000000.0000,0000000.0,23571.57,0.314845,68309.46,0.2511,2029-06-01
NK225E    ,OOP,202906,47500.0,            ,134187518,0000000.0000,0000000.0,2896.42,0.272788,144187518,0000000.0000,0000000.0,23383.1,0.31383,68309.46,0.2511,2029-06-01
NK225E    ,OOP,202906,47750.0,            ,134187718,0000000.0000,0000000.0,2948.09,0.272167,144187718,0000000.0000,0000000.0,23195.18,0.312802,68309.46,0.2511,2029-06-01
NK225E    ,OOP,202906,48000.0,            ,184188018,0000000.0000,0000000.0,3000.37,0.271523,194188018,0000000.0000,0000000.0,23007.86,0.311761,68309.46,0.2511,2029-06-01
NK225E    ,OOP,202906,48250.0,            ,134188218,0000000.0000,0000000.0,3054.18,0.270856,144188218,0000000.0000,0000000.0,22822.08,0.310706,68309.46,0.2511,2029-06-01
NK225E    ,OOP,202906,48500.0,            ,134188518,0000000.0000,0000000.0,3108.63,0.270361,144188518,0000000.0000,0000000.0,22636.94,0.309818,68309.46,0.2511,2029-06-01
NK225E    ,OOP,202906,48750.0,            ,134188718,0000000.0000,0000000.0,3163.68,0.26965,144188718,0000000.0000,0000000.0,22452.4,0.308736,68309.46,0.2511,2029-06-01
NK225E    ,OOP,202906,49000.0,            ,184189018,0000000.0000,0000000.0,3219.34,0.269107,194189018,0000000.0000,0000000.0,22268.47,0.307819,68309.46,0.2511,2029-06-01
NK225E    ,OOP,202906,49250.0,            ,134189218,0000000.0000,0000000.0,3276.59,0.268541,144189218,0000000.0000,0000000.0,22086.13,0.306887,68309.46,0.2511,2029-06-01
NK225E    ,OOP,202906,49500.0,            ,134189518,0000000.0000,0000000.0,3334.47,0.267951,144189518,0000000.0000,0000000.0,21904.42,0.30594,68309.46,0.2511,2029-06-01
NK225E    ,OOP,202906,49750.0,            ,134189718,0000000.0000,0000000.0,3392.99,0.267339,144189718,0000000.0000,0000000.0,21723.34,0.304978,68309.46,0.2511,2029-06-01
NK225E    ,OOP,202906,50000.0,            ,184180018,0000000.0000,0000000.0,3452.15,0.266704,194180018,0000000.0000,0000000.0,21542.91,0.304174,68309.46,0.2511,2029-06-01
NK225E    ,OOP,202906,50250.0,            ,134180218,0000000.0000,0000000.0,3512.9,0.266229,144180218,0000000.0000,0000000.0,21364.07,0.303182,68309.46,0.2511,2029-06-01
NK225E    ,OOP,202906,50500.0,            ,134180518,0000000.0000,0000000.0,3574.32,0.26555,144180518,0000000.0000,0000000.0,21185.9,0.302346,68309.46,0.2511,2029-06-01
NK225E    ,OOP,202906,50750.0,            ,184180718,0000000.0000,0000000.0,3636.4,0.265027,194180718,0000000.0000,0000000.0,21008.39,0.301494,68309.46,0.2511,2029-06-01
NK225E    ,OOP,202906,51000.0,            ,184181018,0000000.0000,0000000.0,3699.15,0.264481,194181018,0000000.0000,0000000.0,20831.55,0.300626,68309.46,0.2511,2029-06-01
NK225E    ,OOP,202906,51250.0,            ,184181218,0000000.0000,0000000.0,3763.48,0.264086,194181218,0000000.0000,0000000.0,20656.28,0.299909,68309.46,0.2511,2029-06-01
NK225E    ,OOP,202906,51500.0,            ,184181518,0000000.0000,0000000.0,3828.52,0.263493,194181518,0000000.0000,0000000.0,20481.73,0.299009,68309.46,0.2511,2029-06-01
NK225E    ,OOP,202906,51750.0,            ,184181718,0000000.0000,0000000.0,3894.22,0.263049,194181718,0000000.0000,0000000.0,20307.85,0.298257,68309.46,0.2511,2029-06-01
NK225E    ,OOP,202906,52000.0,            ,184182018,0000000.0000,0000000.0,3960.65,0.262412,194182018,0000000.0000,0000000.0,20134.68,0.297488,68309.46,0.2511,2029-06-01
NK225E    ,OOP,202906,52250.0,            ,184182218,0000000.0000,0000000.0,4028.65,0.261921,194182218,0000000.0000,0000000.0,19963.09,0.296702,68309.46,0.2511,2029-06-01
NK225E    ,OOP,202906,52500.0,            ,134302518,0000000.0000,0000000.0,4097.36,0.261407,144302518,0000000.0000,0000000.0,19792.21,0.295899,68309.46,0.2511,2029-06-01
NK225E    ,OOP,202906,52750.0,            ,184182718,0000000.0000,0000000.0,4166.79,0.261035,194182718,0000000.0000,0000000.0,19622.05,0.29508,68309.46,0.2511,2029-06-01
NK225E    ,OOP,202906,53000.0,            ,184183018,0000000.0000,0000000.0,4236.94,0.260474,194183018,0000000.0000,0000000.0,19452.61,0.294403,68309.46,0.2511,2029-06-01
NK225E    ,OOP,202906,53250.0,            ,184183218,0000000.0000,0000000.0,4308.62,0.260054,194183218,0000000.0000,0000000.0,19284.69,0.293708,68309.46,0.2511,2029-06-01
NK225E    ,OOP,202906,53500.0,            ,184183518,0000000.0000,0000000.0,4381.06,0.259609,194183518,0000000.0000,0000000.0,19117.55,0.292995,68309.46,0.2511,2029-06-01
NK225E    ,OOP,202906,53750.0,            ,184183718,0000000.0000,0000000.0,4454.25,0.259141,194183718,0000000.0000,0000000.0,18951.14,0.292264,68309.46,0.2511,2029-06-01
NK225E    ,OOP,202906,54000.0,            ,184184018,0000000.0000,0000000.0,4528.17,0.25865,194184018,0000000.0000,0000000.0,18785.47,0.291517,68309.46,0.2511,2029-06-01
NK225E    ,OOP,202906,54250.0,            ,184184218,0000000.0000,0000000.0,4603.61,0.258137,194184218,0000000.0000,0000000.0,18621.32,0.290905,68309.46,0.2511,2029-06-01
NK225E    ,OOP,202906,54500.0,            ,184184518,0000000.0000,0000000.0,4679.8,0.257756,194184518,0000000.0000,0000000.0,18457.92,0.290123,68309.46,0.2511,2029-06-01
NK225E    ,OOP,202906,54750.0,            ,184184718,0000000.0000,0000000.0,4756.75,0.257352,194184718,0000000.0000,0000000.0,18295.28,0.289475,68309.46,0.2511,2029-06-01
NK225E    ,OOP,202906,55000.0,            ,134305018,0000000.0000,0000000.0,4834.49,0.256924,144305018,0000000.0000,0000000.0,18133.42,0.288809,68309.46,0.2511,2029-06-01
NK225E    ,OOP,202906,55250.0,            ,184185218,0000000.0000,0000000.0,4913.69,0.256473,194185218,0000000.0000,0000000.0,17973.03,0.288126,68309.46,0.2511,2029-06-01
NK225E    ,OOP,202906,55500.0,            ,184185518,0000000.0000,0000000.0,4993.69,0.256,194185518,0000000.0000,0000000.0,17813.44,0.287572,68309.46,0.2511,2029-06-01
NK225E    ,OOP,202906,55750.0,            ,184185718,0000000.0000,0000000.0,5074.43,0.255654,194185718,0000000.0000,0000000.0,17654.59,0.286854,68309.46,0.2511,2029-06-01
NK225E    ,OOP,202906,56000.0,            ,134306018,0000000.0000,0000000.0,5155.98,0.255135,144306018,0000000.0000,0000000.0,17496.56,0.286263,68309.46,0.2511,2029-06-01
NK225E    ,OOP,202906,56250.0,            ,184186218,0000000.0000,0000000.0,5238.96,0.254743,194186218,0000000.0000,0000000.0,17339.94,0.285655,68309.46,0.2511,2029-06-01
NK225E    ,OOP,202906,56500.0,            ,184186518,0000000.0000,0000000.0,5322.72,0.254474,194186518,0000000.0000,0000000.0,17184.11,0.285028,68309.46,0.2511,2029-06-01
NK225E    ,OOP,202906,56750.0,            ,184186718,0000000.0000,0000000.0,5407.28,0.254034,194186718,0000000.0000,0000000.0,17029.07,0.284526,68309.46,0.2511,2029-06-01
NK225E    ,OOP,202906,57000.0,            ,134307018,0000000.0000,0000000.0,5492.62,0.253573,144307018,0000000.0000,0000000.0,16874.82,0.283863,68309.46,0.2511,2029-06-01
NK225E    ,OOP,202906,57250.0,            ,184187218,0000000.0000,0000000.0,5579.34,0.253234,194187218,0000000.0000,0000000.0,16721.96,0.283324,68309.46,0.2511,2029-06-01
NK225E    ,OOP,202906,57500.0,            ,184187518,0000000.0000,0000000.0,5666.94,0.252871,194187518,0000000.0000,0000000.0,16569.96,0.282767,68309.46,0.2511,2029-06-01
NK225E    ,OOP,202906,57750.0,            ,184187718,0000000.0000,0000000.0,5755.3,0.252485,194187718,0000000.0000,0000000.0,16418.73,0.282191,68309.46,0.2511,2029-06-01
NK225E    ,OOP,202906,58000.0,            ,134308018,0000000.0000,0000000.0,5844.46,0.252077,144308018,0000000.0000,0000000.0,16268.3,0.281596,68309.46,0.2511,2029-06-01
NK225E    ,OOP,202906,58250.0,            ,184188218,0000000.0000,0000000.0,5934.96,0.251646,194188218,0000000.0000,0000000.0,16119.21,0.281123,68309.46,0.2511,2029-06-01
NK225E    ,OOP,202906,58500.0,            ,184188518,0000000.0000,0000000.0,6026.26,0.251333,194188518,0000000.0000,0000000.0,15970.92,0.280492,68309.46,0.2511,2029-06-01
NK225E    ,OOP,202906,58750.0,            ,184188718,0000000.0000,0000000.0,6118.38,0.250997,194188718,0000000.0000,0000000.0,15823.45,0.279981,68309.46,0.2511,2029-06-01
NK225E    ,OOP,202906,59000.0,            ,134309018,0000000.0000,0000000.0,6211.34,0.250501,144309018,0000000.0000,0000000.0,15676.82,0.279452,68309.46,0.2511,2029-06-01
NK225E    ,OOP,202906,59250.0,            ,184189218,0000000.0000,0000000.0,6305.56,0.250257,194189218,0000000.0000,0000000.0,15531.44,0.278904,68309.46,0.2511,2029-06-01
NK225E    ,OOP,202906,59500.0,            ,184189518,0000000.0000,0000000.0,6400.55,0.249854,194189518,0000000.0000,0000000.0,15386.84,0.278472,68309.46,0.2511,2029-06-01
NK225E    ,OOP,202906,59750.0,            ,184189718,0000000.0000,0000000.0,6496.39,0.249429,194189718,0000000.0000,0000000.0,15243.09,0.277888,68309.46,0.2511,2029-06-01
NK225E    ,OOP,202906,60000.0,            ,134300018,0000000.0000,0000000.0,6593.12,0.249117,144300018,0000000.0000,0000000.0,15100.24,0.277419,68309.46,0.2511,2029-06-01
NK225E    ,OOP,202906,60250.0,            ,184180218,0000000.0000,0000000.0,6690.98,0.248783,194180218,0000000.0000,0000000.0,14958.5,0.276931,68309.46,0.2511,2029-06-01
NK225E    ,OOP,202906,60500.0,            ,184180518,0000000.0000,0000000.0,6789.72,0.248427,194180518,0000000.0000,0000000.0,14817.65,0.276425,68309.46,0.2511,2029-06-01
NK225E    ,OOP,202906,60750.0,            ,134300718,0000000.0000,0000000.0,6889.33,0.248049,144300718,0000000.0000,0000000.0,14677.66,0.275901,68309.46,0.2511,2029-06-01
NK225E    ,OOP,202906,61000.0,            ,134301018,0000000.0000,0000000.0,6989.71,0.247781,144301018,0000000.0000,0000000.0,14538.46,0.27549,68309.46,0.2511,2029-06-01
NK225E    ,OOP,202906,61250.0,            ,134301218,0000000.0000,0000000.0,7091.23,0.247359,144301218,0000000.0000,0000000.0,14400.38,0.274929,68309.46,0.2511,2029-06-01
NK225E    ,OOP,202906,61500.0,            ,134301518,0000000.0000,0000000.0,7193.6,0.247048,144301518,0000000.0000,0000000.0,14263.16,0.274481,68309.46,0.2511,2029-06-01
NK225E    ,OOP,202906,61750.0,            ,134301718,0000000.0000,0000000.0,7296.84,0.246714,144301718,0000000.0000,0000000.0,14126.81,0.274014,68309.46,0.2511,2029-06-01
NK225E    ,OOP,202906,62000.0,            ,134302018,0000000.0000,0000000.0,7400.86,0.246359,144302018,0000000.0000,0000000.0,13991.24,0.273529,68309.46,0.2511,2029-06-01
NK225E    ,OOP,202906,62250.0,            ,134302218,0000000.0000,0000000.0,7505.97,0.245982,144302218,0000000.0000,0000000.0,13856.76,0.273154,68309.46,0.2511,2029-06-01
NK225E    ,OOP,202906,62500.0,            ,134182518,0000000.0000,0000000.0,7611.95,0.245713,144182518,0000000.0000,0000000.0,13723.15,0.272632,68309.46,0.2511,2029-06-01
NK225E    ,OOP,202906,62750.0,            ,134302718,0000000.0000,0000000.0,7718.75,0.245294,144302718,0000000.0000,0000000.0,13590.36,0.27222,68309.46,0.2511,2029-06-01
NK225E    ,OOP,202906,63000.0,            ,134303018,0000000.0000,0000000.0,7826.38,0.244982,144303018,0000000.0000,0000000.0,13458.4,0.27179,68309.46,0.2511,2029-06-01
NK225E    ,OOP,202906,63250.0,            ,134303218,0000000.0000,0000000.0,7935.06,0.244648,144303218,0000000.0000,0000000.0,13327.49,0.271341,68309.46,0.2511,2029-06-01
NK225E    ,OOP,202906,63500.0,            ,134303518,0000000.0000,0000000.0,8044.57,0.244294,144303518,0000000.0000,0000000.0,13197.41,0.270874,68309.46,0.2511,2029-06-01
NK225E    ,OOP,202906,63750.0,            ,134303718,0000000.0000,0000000.0,8154.91,0.244044,144303718,0000000.0000,0000000.0,13068.15,0.270515,68309.46,0.2511,2029-06-01
NK225E    ,OOP,202906,64000.0,            ,134304018,0000000.0000,0000000.0,8266.06,0.243647,144304018,0000000.0000,0000000.0,12939.71,0.270012,68309.46,0.2511,2029-06-01
NK225E    ,OOP,202906,64250.0,            ,134304218,0000000.0000,0000000.0,8378.2,0.243355,144304218,0000000.0000,0000000.0,12812.26,0.269616,68309.46,0.2511,2029-06-01
NK225E    ,OOP,202906,64500.0,            ,134304518,0000000.0000,0000000.0,8491.2,0.243042,144304518,0000000.0000,0000000.0,12685.67,0.269202,68309.46,0.2511,2029-06-01
NK225E    ,OOP,202906,64750.0,            ,134304718,0000000.0000,0000000.0,8604.97,0.242708,144304718,0000000.0000,0000000.0,12559.85,0.26877,68309.46,0.2511,2029-06-01
NK225E    ,OOP,202906,65000.0,            ,184305018,0000000.0000,0000000.0,8719.65,0.242353,194305018,0000000.0000,0000000.0,12434.94,0.26832,68309.46,0.2511,2029-06-01
NK225E    ,OOP,202906,65250.0,            ,134305218,0000000.0000,0000000.0,8835.23,0.241979,144305218,0000000.0000,0000000.0,12310.93,0.267975,68309.46,0.2511,2029-06-01
NK225E    ,OOP,202906,65500.0,            ,134305518,0000000.0000,0000000.0,8951.67,0.241706,144305518,0000000.0000,0000000.0,12187.77,0.267612,68309.46,0.2511,2029-06-01
NK225E    ,OOP,202906,65750.0,            ,134305718,0000000.0000,0000000.0,9068.88,0.241412,144305718,0000000.0000,0000000.0,12065.39,0.267109,68309.46,0.2511,2029-06-01
NK225E    ,OOP,202906,66000.0,            ,184306018,0000000.0000,0000000.0,9186.95,0.240977,194306018,0000000.0000,0000000.0,11943.87,0.26671,68309.46,0.2511,2029-06-01
NK225E    ,OOP,202906,66250.0,            ,134306218,0000000.0000,0000000.0,9305.88,0.240644,144306218,0000000.0000,0000000.0,11823.21,0.266294,68309.46,0.2511,2029-06-01
NK225E    ,OOP,202906,66500.0,            ,134306518,0000000.0000,0000000.0,9425.7,0.24041,144306518,0000000.0000,0000000.0,11703.44,0.265981,68309.46,0.2511,2029-06-01
NK225E    ,OOP,202906,66750.0,            ,134306718,0000000.0000,0000000.0,9546.29,0.240036,144306718,0000000.0000,0000000.0,11584.44,0.265529,68309.46,0.2511,2029-06-01
NK225E    ,OOP,202906,67000.0,            ,184307018,0000000.0000,0000000.0,9667.73,0.239763,194307018,0000000.0000,0000000.0,11466.29,0.26518,68309.46,0.2511,2029-06-01
NK225E    ,OOP,202906,67250.0,            ,134307218,0000000.0000,0000000.0,9790.03,0.239349,144307218,0000000.0000,0000000.0,11349.0,0.264814,68309.46,0.2511,2029-06-01
NK225E    ,OOP,202906,67500.0,            ,134307518,0000000.0000,0000000.0,9913.14,0.239036,144307518,0000000.0000,0000000.0,11232.51,0.26431,68309.46,0.2511,2029-06-01
NK225E    ,OOP,202906,67750.0,            ,134307718,0000000.0000,0000000.0,10037.05,0.238702,144307718,0000000.0000,0000000.0,11116.83,0.264028,68309.46,0.2511,2029-06-01
NK225E    ,OOP,202906,68000.0,            ,184308018,0000000.0000,0000000.0,10161.8,0.238349,194308018,0000000.0000,0000000.0,11002.0,0.263609,68309.46,0.2511,2029-06-01
NK225E    ,OOP,202906,68250.0,            ,134308218,0000000.0000,0000000.0,10287.41,0.238095,144308218,0000000.0000,0000000.0,10888.01,0.263172,68309.46,0.2511,2029-06-01
NK225E    ,OOP,202906,68500.0,            ,134308518,0000000.0000,0000000.0,10413.81,0.237703,144308518,0000000.0000,0000000.0,10774.82,0.262838,68309.46,0.2511,2029-06-01
NK225E    ,OOP,202906,68750.0,            ,134308718,0000000.0000,0000000.0,10541.02,0.237409,144308718,0000000.0000,0000000.0,10662.44,0.262486,68309.46,0.2511,2029-06-01
NK225E    ,OOP,202906,69000.0,            ,184309018,0000000.0000,0000000.0,10669.03,0.237096,194309018,0000000.0000,0000000.0,10550.85,0.262116,68309.46,0.2511,2029-06-01
NK225E    ,OOP,202906,69250.0,            ,134309218,0000000.0000,0000000.0,10797.87,0.236764,144309218,0000000.0000,0000000.0,10440.11,0.261729,68309.46,0.2511,2029-06-01
NK225E    ,OOP,202906,69500.0,            ,134309518,0000000.0000,0000000.0,10927.55,0.236412,144309518,0000000.0000,0000000.0,10330.2,0.261325,68309.46,0.2511,2029-06-01
NK225E    ,OOP,202906,69750.0,            ,134309718,0000000.0000,0000000.0,11057.98,0.236041,144309718,0000000.0000,0000000.0,10221.04,0.260904,68309.46,0.2511,2029-06-01
NK225E    ,OOP,202906,70000.0,            ,184300018,0000000.0000,0000000.0,11189.25,0.235768,194300018,0000000.0000,0000000.0,10112.71,0.260584,68309.46,0.2511,2029-06-01
NK225E    ,OOP,202906,70250.0,            ,134300218,0000000.0000,0000000.0,11321.35,0.235476,144300218,0000000.0000,0000000.0,10005.22,0.260246,68309.46,0.2511,2029-06-01
NK225E    ,OOP,202906,70500.0,            ,134300518,0000000.0000,0000000.0,11454.28,0.235047,144300518,0000000.0000,0000000.0,9898.56,0.259891,68309.46,0.2511,2029-06-01
NK225E    ,OOP,202906,70750.0,            ,184300718,0000000.0000,0000000.0,11587.95,0.234717,194300718,0000000.0000,0000000.0,9792.64,0.259519,68309.46,0.2511,2029-06-01
NK225E    ,OOP,202906,71000.0,            ,184301018,0000000.0000,0000000.0,11722.45,0.234367,194301018,0000000.0000,0000000.0,9687.54,0.25913,68309.46,0.2511,2029-06-01
NK225E    ,OOP,202906,71250.0,            ,184301218,0000000.0000,0000000.0,11857.77,0.234116,194301218,0000000.0000,0000000.0,9583.28,0.258725,68309.46,0.2511,2029-06-01
NK225E    ,OOP,202906,71500.0,            ,184301518,0000000.0000,0000000.0,11993.91,0.233728,194301518,0000000.0000,0000000.0,9479.83,0.258419,68309.46,0.2511,2029-06-01
NK225E    ,OOP,202906,71750.0,            ,184301718,0000000.0000,0000000.0,12130.84,0.233438,194301718,0000000.0000,0000000.0,9377.16,0.258096,68309.46,0.2511,2029-06-01
NK225E    ,OOP,202906,72000.0,            ,184302018,0000000.0000,0000000.0,12268.53,0.233129,194302018,0000000.0000,0000000.0,9275.26,0.25764,68309.46,0.2511,2029-06-01
NK225E    ,OOP,202906,72250.0,            ,184302218,0000000.0000,0000000.0,12407.09,0.232802,194302218,0000000.0000,0000000.0,9174.23,0.2574,68309.46,0.2511,2029-06-01
NK225E    ,OOP,202906,72500.0,            ,184302518,0000000.0000,0000000.0,12546.46,0.232455,194302518,0000000.0000,0000000.0,9074.01,0.257027,68309.46,0.2511,2029-06-01
NK225E    ,OOP,202906,72750.0,            ,184302718,0000000.0000,0000000.0,12686.59,0.23209,194302718,0000000.0000,0000000.0,8974.55,0.256638,68309.46,0.2511,2029-06-01
NK225E    ,OOP,202906,73000.0,            ,184303018,0000000.0000,0000000.0,12827.5,0.231706,194303018,0000000.0000,0000000.0,8875.87,0.256348,68309.46,0.2511,2029-06-01
NK225E    ,OOP,202906,73250.0,            ,184303218,0000000.0000,0000000.0,12969.34,0.23142,194303218,0000000.0000,0000000.0,8778.11,0.255925,68309.46,0.2511,2029-06-01
NK225E    ,OOP,202906,73500.0,            ,184303518,0000000.0000,0000000.0,13111.94,0.231115,194303518,0000000.0000,0000000.0,8681.12,0.255601,68309.46,0.2511,2029-06-01
NK225E    ,OOP,202906,73750.0,            ,184303718,0000000.0000,0000000.0,13255.3,0.230792,194303718,0000000.0000,0000000.0,8584.89,0.255261,68309.46,0.2511,2029-06-01
NK225E    ,OOP,202906,74000.0,            ,184304018,0000000.0000,0000000.0,13399.45,0.23045,194304018,0000000.0000,0000000.0,8489.46,0.254905,68309.46,0.2511,2029-06-01
NK225E    ,OOP,202906,74250.0,            ,184304218,0000000.0000,0000000.0,13544.58,0.230089,194304218,0000000.0000,0000000.0,8394.99,0.254648,68309.46,0.2511,2029-06-01
NK225E    ,OOP,202906,74500.0,            ,184304518,0000000.0000,0000000.0,13690.46,0.229826,194304518,0000000.0000,0000000.0,8301.28,0.254258,68309.46,0.2511,2029-06-01
NK225E    ,OOP,202906,74750.0,            ,184304718,0000000.0000,0000000.0,13837.09,0.229429,194304718,0000000.0000,0000000.0,8208.32,0.253969,68309.46,0.2511,2029-06-01
NK225E    ,OOP,202906,75000.0,            ,134425018,0000000.0000,0000000.0,13984.46,0.229129,144425018,0000000.0000,0000000.0,8116.1,0.253663,68309.46,0.2511,2029-06-01
NK225E    ,OOP,202906,75250.0,            ,184305218,0000000.0000,0000000.0,14132.92,0.228811,194305218,0000000.0000,0000000.0,8024.97,0.25334,68309.46,0.2511,2029-06-01
NK225E    ,OOP,202906,75500.0,            ,184305518,0000000.0000,0000000.0,14282.13,0.228475,194305518,0000000.0000,0000000.0,7934.58,0.253001,68309.46,0.2511,2029-06-01
NK225E    ,OOP,202906,75750.0,            ,184305718,0000000.0000,0000000.0,14432.07,0.228121,194305718,0000000.0000,0000000.0,7844.93,0.252646,68309.46,0.2511,2029-06-01
NK225E    ,OOP,202906,76000.0,            ,134426018,0000000.0000,0000000.0,14582.78,0.227864,144426018,0000000.0000,0000000.0,7756.06,0.252391,68309.46,0.2511,2029-06-01
NK225E    ,OOP,202906,76250.0,            ,184306218,0000000.0000,0000000.0,14735.61,0.227473,194306218,0000000.0000,0000000.0,7669.29,0.25212,68309.46,0.2511,2029-06-01
NK225E    ,OOP,202906,77500.0,            ,184307518,0000000.0000,0000000.0,15510.76,0.226063,194307518,0000000.0000,0000000.0,7246.48,0.250639,68309.46,0.2511,2029-06-01
NK225E    ,OOP,202906,80000.0,            ,134420018,0000000.0000,0000000.0,17113.94,0.222963,144420018,0000000.0000,0000000.0,6453.75,0.24801,68309.46,0.2511,2029-06-01
NK225E    ,OOP,202906,85000.0,            ,184425018,0000000.0000,0000000.0,20617.93,0.219063,194425018,0000000.0000,0000000.0,5165.92,0.245237,68309.46,0.2511,2029-06-01
NK225E    ,OOP,202906,90000.0,            ,184420018,0000000.0000,0000000.0,24561.77,0.220477,194420018,0000000.0000,0000000.0,4317.93,0.248365,68309.46,0.2511,2029-06-01
NK225E    ,OOP,202912,15000.0,            ,184125018,0000000.0000,0000000.0,45.01,0.347266,194125018,0000000.0000,0000000.0,51361.72,0.653553,68309.46,0.2511,2029-12-01
NK225E    ,OOP,202912,16000.0,            ,184126018,0000000.0000,0000000.0,63.34,0.346256,194126018,0000000.0000,0000000.0,50429.52,0.62801,68309.46,0.2511,2029-12-01
NK225E    ,OOP,202912,17000.0,            ,184127018,0000000.0000,0000000.0,86.61,0.34642,194127018,0000000.0000,0000000.0,49502.24,0.605448,68309.46,0.2511,2029-12-01
NK225E    ,OOP,202912,18000.0,            ,184128018,0000000.0000,0000000.0,115.48,0.346346,194128018,0000000.0000,0000000.0,48580.58,0.584365,68309.46,0.2511,2029-12-01
NK225E    ,OOP,202912,19000.0,            ,184129018,0000000.0000,0000000.0,150.65,0.345906,194129018,0000000.0000,0000000.0,47665.21,0.565095,68309.46,0.2511,2029-12-01
NK225E    ,OOP,202912,20000.0,            ,184120018,0000000.0000,0000000.0,192.77,0.346016,194120018,0000000.0000,0000000.0,46756.79,0.54791,68309.46,0.2511,2029-12-01
NK225E    ,OOP,202912,20750.0,            ,184120718,0000000.0000,0000000.0,229.3,0.345865,194120718,0000000.0000,0000000.0,46080.43,0.53584,68309.46,0.2511,2029-12-01
NK225E    ,OOP,202912,21000.0,            ,184121018,0000000.0000,0000000.0,242.48,0.345747,194121018,0000000.0000,0000000.0,45855.96,0.532073,68309.46,0.2511,2029-12-01
NK225E    ,OOP,202912,21250.0,            ,184121218,0000000.0000,0000000.0,256.17,0.345762,194121218,0000000.0000,0000000.0,45632.02,0.52835,68309.46,0.2511,2029-12-01
NK225E    ,OOP,202912,21500.0,            ,184121518,0000000.0000,0000000.0,270.38,0.345657,194121518,0000000.0000,0000000.0,45408.59,0.524668,68309.46,0.2511,2029-12-01
NK225E    ,OOP,202912,21750.0,            ,184121718,0000000.0000,0000000.0,285.12,0.34567,194121718,0000000.0000,0000000.0,45185.7,0.521483,68309.46,0.2511,2029-12-01
NK225E    ,OOP,202912,22000.0,            ,184122018,0000000.0000,0000000.0,300.4,0.345567,194122018,0000000.0000,0000000.0,44963.35,0.517877,68309.46,0.2511,2029-12-01
NK225E    ,OOP,202912,22250.0,            ,184122218,0000000.0000,0000000.0,316.23,0.345571,194122218,0000000.0000,0000000.0,44741.54,0.51431,68309.46,0.2511,2029-12-01
NK225E    ,OOP,202912,22500.0,            ,184122518,0000000.0000,0000000.0,332.62,0.345666,194122518,0000000.0000,0000000.0,44520.3,0.51122,68309.46,0.2511,2029-12-01
NK225E    ,OOP,202912,22750.0,            ,184122718,0000000.0000,0000000.0,349.57,0.345453,194122718,0000000.0000,0000000.0,44299.62,0.508157,68309.46,0.2511,2029-12-01
NK225E    ,OOP,202912,23000.0,            ,184123018,0000000.0000,0000000.0,367.1,0.346088,194123018,0000000.0000,0000000.0,44079.52,0.504691,68309.46,0.2511,2029-12-01
NK225E    ,OOP,202912,23250.0,            ,184123218,0000000.0000,0000000.0,385.22,0.345671,194123218,0000000.0000,0000000.0,43860.0,0.501684,68309.46,0.2511,2029-12-01
NK225E    ,OOP,202912,23500.0,            ,134123518,0000000.0000,0000000.0,403.92,0.346054,144123518,0000000.0000,0000000.0,43641.07,0.498701,68309.46,0.2511,2029-12-01
NK225E    ,OOP,202912,23750.0,            ,134123718,0000000.0000,0000000.0,423.23,0.34547,144123718,0000000.0000,0000000.0,43422.74,0.495743,68309.46,0.2511,2029-12-01
NK225E    ,OOP,202912,24000.0,            ,134124018,0000000.0000,0000000.0,443.14,0.345643,144124018,0000000.0000,0000000.0,43205.02,0.493216,68309.46,0.2511,2029-12-01
NK225E    ,OOP,202912,24250.0,            ,134124218,0000000.0000,0000000.0,463.67,0.34571,144124218,0000000.0000,0000000.0,42987.91,0.490299,68309.46,0.2511,2029-12-01
NK225E    ,OOP,202912,24500.0,            ,134124518,0000000.0000,0000000.0,484.82,0.34568,144124518,0000000.0000,0000000.0,42771.43,0.487404,68309.46,0.2511,2029-12-01
NK225E    ,OOP,202912,24750.0,            ,134124718,0000000.0000,0000000.0,506.6,0.34556,144124718,0000000.0000,0000000.0,42555.57,0.484926,68309.46,0.2511,2029-12-01
NK225E    ,OOP,202912,25000.0,            ,134125018,0000000.0000,0000000.0,529.02,0.345359,144125018,0000000.0000,0000000.0,42340.36,0.482459,68309.46,0.2511,2029-12-01
NK225E    ,OOP,202912,25250.0,            ,134125218,0000000.0000,0000000.0,552.08,0.345776,144125218,0000000.0000,0000000.0,42125.79,0.47962,68309.46,0.2511,2029-12-01
NK225E    ,OOP,202912,25500.0,            ,134125518,0000000.0000,0000000.0,575.8,0.345409,144125518,0000000.0000,0000000.0,41911.87,0.477182,68309.46,0.2511,2029-12-01
NK225E    ,OOP,202912,25750.0,            ,134125718,0000000.0000,0000000.0,600.17,0.345633,144125718,0000000.0000,0000000.0,41698.6,0.474755,68309.46,0.2511,2029-12-01
NK225E    ,OOP,202912,26000.0,            ,134126018,0000000.0000,0000000.0,625.2,0.345126,144126018,0000000.0000,0000000.0,41486.0,0.472709,68309.46,0.2511,2029-12-01
NK225E    ,OOP,202912,26250.0,            ,134126218,0000000.0000,0000000.0,650.91,0.345184,144126218,0000000.0000,0000000.0,41274.08,0.470301,68309.46,0.2511,2029-12-01
NK225E    ,OOP,202912,26500.0,            ,134126518,0000000.0000,0000000.0,677.3,0.345158,144126518,0000000.0000,0000000.0,41062.83,0.467903,68309.46,0.2511,2029-12-01
NK225E    ,OOP,202912,26750.0,            ,134126718,0000000.0000,0000000.0,704.36,0.345056,144126718,0000000.0000,0000000.0,40852.26,0.465873,68309.46,0.2511,2029-12-01
NK225E    ,OOP,202912,27000.0,            ,134127018,0000000.0000,0000000.0,732.12,0.34545,144127018,0000000.0000,0000000.0,40642.39,0.463845,68309.46,0.2511,2029-12-01
NK225E    ,OOP,202912,27250.0,            ,134127218,0000000.0000,0000000.0,760.57,0.345195,144127218,0000000.0000,0000000.0,40433.2,0.46182,68309.46,0.2511,2029-12-01
NK225E    ,OOP,202912,27500.0,            ,134127518,0000000.0000,0000000.0,789.73,0.344879,144127518,0000000.0000,0000000.0,40224.72,0.459797,68309.46,0.2511,2029-12-01
NK225E    ,OOP,202912,27750.0,            ,134127718,0000000.0000,0000000.0,819.59,0.345031,144127718,0000000.0000,0000000.0,40016.95,0.457777,68309.46,0.2511,2029-12-01
NK225E    ,OOP,202912,28000.0,            ,134128018,0000000.0000,0000000.0,850.16,0.345103,144128018,0000000.0000,0000000.0,39809.89,0.45576,68309.46,0.2511,2029-12-01
NK225E    ,OOP,202912,28250.0,            ,134128218,0000000.0000,0000000.0,881.45,0.345102,144128218,0000000.0000,0000000.0,39603.54,0.453745,68309.46,0.2511,2029-12-01
NK225E    ,OOP,202912,28500.0,            ,134128518,0000000.0000,0000000.0,913.46,0.345031,144128518,0000000.0000,0000000.0,39397.92,0.452061,68309.46,0.2511,2029-12-01
NK225E    ,OOP,202912,28750.0,            ,134128718,0000000.0000,0000000.0,946.2,0.344896,144128718,0000000.0000,0000000.0,39193.02,0.450371,68309.46,0.2511,2029-12-01
NK225E    ,OOP,202912,29000.0,            ,134129018,0000000.0000,0000000.0,979.66,0.3447,144129018,0000000.0000,0000000.0,38988.85,0.448358,68309.46,0.2511,2029-12-01
NK225E    ,OOP,202912,29250.0,            ,134129218,0000000.0000,0000000.0,994.21,0.343083,144129218,0000000.0000,0000000.0,38765.77,0.445398,68309.46,0.2511,2029-12-01
NK225E    ,OOP,202912,29500.0,            ,134129518,0000000.0000,0000000.0,1008.78,0.341462,144129518,0000000.0000,0000000.0,38542.7,0.442774,68309.46,0.2511,2029-12-01
NK225E    ,OOP,202912,29750.0,            ,134129718,0000000.0000,0000000.0,1023.34,0.339394,144129718,0000000.0000,0000000.0,38319.63,0.439856,68309.46,0.2511,2029-12-01
NK225E    ,OOP,202912,30000.0,            ,134120018,0000000.0000,0000000.0,1037.91,0.337773,144120018,0000000.0000,0000000.0,38096.57,0.43696,68309.46,0.2511,2029-12-01
NK225E    ,OOP,202912,30250.0,            ,134120218,0000000.0000,0000000.0,1053.81,0.336148,144120218,0000000.0000,0000000.0,37874.83,0.434084,68309.46,0.2511,2029-12-01
NK225E    ,OOP,202912,30500.0,            ,134120518,0000000.0000,0000000.0,1069.75,0.334521,144120518,0000000.0000,0000000.0,37653.14,0.431532,68309.46,0.2511,2029-12-01
NK225E    ,OOP,202912,30750.0,            ,134120718,0000000.0000,0000000.0,1085.72,0.332891,144120718,0000000.0000,0000000.0,37431.47,0.428695,68309.46,0.2511,2029-12-01
NK225E    ,OOP,202912,31000.0,            ,134121018,0000000.0000,0000000.0,1101.74,0.331259,144121018,0000000.0000,0000000.0,37209.86,0.426176,68309.46,0.2511,2029-12-01
NK225E    ,OOP,202912,31250.0,            ,134121218,0000000.0000,0000000.0,1119.1,0.329625,144121218,0000000.0000,0000000.0,36989.58,0.423376,68309.46,0.2511,2029-12-01
NK225E    ,OOP,202912,31500.0,            ,134121518,0000000.0000,0000000.0,1136.54,0.327989,144121518,0000000.0000,0000000.0,36769.39,0.420887,68309.46,0.2511,2029-12-01
NK225E    ,OOP,202912,31750.0,            ,134121718,0000000.0000,0000000.0,1154.03,0.326747,144121718,0000000.0000,0000000.0,36549.25,0.418411,68309.46,0.2511,2029-12-01
NK225E    ,OOP,202912,32000.0,            ,134122018,0000000.0000,0000000.0,1171.61,0.325103,144122018,0000000.0000,0000000.0,36329.19,0.41595,68309.46,0.2511,2029-12-01
NK225E    ,OOP,202912,32250.0,            ,134122218,0000000.0000,0000000.0,1190.55,0.323457,144122218,0000000.0000,0000000.0,36110.49,0.413501,68309.46,0.2511,2029-12-01
NK225E    ,OOP,202912,32500.0,            ,134122518,0000000.0000,0000000.0,1209.6,0.32219,144122518,0000000.0000,0000000.0,35891.91,0.411065,68309.46,0.2511,2029-12-01
NK225E    ,OOP,202912,32750.0,            ,134122718,0000000.0000,0000000.0,1228.74,0.320912,144122718,0000000.0000,0000000.0,35673.41,0.408642,68309.46,0.2511,2029-12-01
NK225E    ,OOP,202912,33000.0,            ,134123018,0000000.0000,0000000.0,1247.98,0.319254,144123018,0000000.0000,0000000.0,35455.03,0.406231,68309.46,0.2511,2029-12-01
NK225E    ,OOP,202912,33250.0,            ,134123218,0000000.0000,0000000.0,1268.62,0.31796,144123218,0000000.0000,0000000.0,35238.03,0.403832,68309.46,0.2511,2029-12-01
NK225E    ,OOP,202912,33500.0,            ,184123518,0000000.0000,0000000.0,1289.41,0.316657,194123518,0000000.0000,0000000.0,35021.18,0.401445,68309.46,0.2511,2029-12-01
NK225E    ,OOP,202912,33750.0,            ,184123718,0000000.0000,0000000.0,1310.33,0.315343,194123718,0000000.0000,0000000.0,34804.47,0.399339,68309.46,0.2511,2029-12-01
NK225E    ,OOP,202912,34000.0,            ,184124018,0000000.0000,0000000.0,1331.37,0.314021,194124018,0000000.0000,0000000.0,34587.88,0.396973,68309.46,0.2511,2029-12-01
NK225E    ,OOP,202912,34250.0,            ,184124218,0000000.0000,0000000.0,1353.83,0.31269,194124218,0000000.0000,0000000.0,34372.7,0.394882,68309.46,0.2511,2029-12-01
NK225E    ,OOP,202912,34500.0,            ,184124518,0000000.0000,0000000.0,1376.46,0.31135,194124518,0000000.0000,0000000.0,34157.7,0.392536,68309.46,0.2511,2029-12-01
NK225E    ,OOP,202912,34750.0,            ,184124718,0000000.0000,0000000.0,1399.26,0.310003,194124718,0000000.0000,0000000.0,33942.87,0.390461,68309.46,0.2511,2029-12-01
NK225E    ,OOP,202912,35000.0,            ,134245018,0000000.0000,0000000.0,1422.23,0.308979,144245018,0000000.0000,0000000.0,33728.2,0.388391,68309.46,0.2511,2029-12-01
NK225E    ,OOP,202912,35250.0,            ,184125218,0000000.0000,0000000.0,1446.63,0.307612,194125218,0000000.0000,0000000.0,33514.96,0.386328,68309.46,0.2511,2029-12-01
NK225E    ,OOP,202912,35500.0,            ,184125518,0000000.0000,0000000.0,1471.24,0.30656,194125518,0000000.0000,0000000.0,33301.94,0.38427,68309.46,0.2511,2029-12-01
NK225E    ,OOP,202912,35750.0,            ,184125718,0000000.0000,0000000.0,1496.06,0.305176,194125718,0000000.0000,0000000.0,33089.12,0.382218,68309.46,0.2511,2029-12-01
NK225E    ,OOP,202912,36000.0,            ,134246018,0000000.0000,0000000.0,1521.07,0.304099,144246018,0000000.0000,0000000.0,32876.5,0.380172,68309.46,0.2511,2029-12-01
NK225E    ,OOP,202912,36250.0,            ,184126218,0000000.0000,0000000.0,1547.54,0.303008,194126218,0000000.0000,0000000.0,32665.34,0.378377,68309.46,0.2511,2029-12-01
NK225E    ,OOP,202912,36500.0,            ,184126518,0000000.0000,0000000.0,1574.25,0.301903,194126518,0000000.0000,0000000.0,32454.41,0.37634,68309.46,0.2511,2029-12-01
NK225E    ,OOP,202912,36750.0,            ,184126718,0000000.0000,0000000.0,1601.19,0.300785,194126718,0000000.0000,0000000.0,32243.72,0.37455,68309.46,0.2511,2029-12-01
NK225E    ,OOP,202912,37000.0,            ,134247018,0000000.0000,0000000.0,1628.38,0.299655,144247018,0000000.0000,0000000.0,32033.27,0.372522,68309.46,0.2511,2029-12-01
NK225E    ,OOP,202912,37250.0,            ,184127218,0000000.0000,0000000.0,1657.05,0.298512,194127218,0000000.0000,0000000.0,31824.31,0.370736,68309.46,0.2511,2029-12-01
NK225E    ,OOP,202912,37500.0,            ,184127518,0000000.0000,0000000.0,1685.98,0.297647,194127518,0000000.0000,0000000.0,31615.61,0.368951,68309.46,0.2511,2029-12-01
NK225E    ,OOP,202912,37750.0,            ,184127718,0000000.0000,0000000.0,1715.19,0.296478,194127718,0000000.0000,0000000.0,31407.18,0.367167,68309.46,0.2511,2029-12-01
NK225E    ,OOP,202912,38000.0,            ,134248018,0000000.0000,0000000.0,1744.66,0.295579,144248018,0000000.0000,0000000.0,31199.02,0.365384,68309.46,0.2511,2029-12-01
NK225E    ,OOP,202912,38250.0,            ,184128218,0000000.0000,0000000.0,1775.64,0.294663,194128218,0000000.0000,0000000.0,30992.36,0.363603,68309.46,0.2511,2029-12-01
NK225E    ,OOP,202912,38500.0,            ,184128518,0000000.0000,0000000.0,1806.92,0.293456,194128518,0000000.0000,0000000.0,30786.01,0.361822,68309.46,0.2511,2029-12-01
NK225E    ,OOP,202912,38750.0,            ,184128718,0000000.0000,0000000.0,1838.51,0.29251,194128718,0000000.0000,0000000.0,30579.96,0.360267,68309.46,0.2511,2029-12-01
NK225E    ,OOP,202912,39000.0,            ,134249018,0000000.0000,0000000.0,1870.4,0.291548,144249018,0000000.0000,0000000.0,30374.22,0.358487,68309.46,0.2511,2029-12-01
NK225E    ,OOP,202912,39250.0,            ,184129218,0000000.0000,0000000.0,1903.8,0.290571,194129218,0000000.0000,0000000.0,30169.98,0.356928,68309.46,0.2511,2029-12-01
NK225E    ,OOP,202912,39500.0,            ,184129518,0000000.0000,0000000.0,1937.54,0.289839,194129518,0000000.0000,0000000.0,29966.09,0.355367,68309.46,0.2511,2029-12-01
NK225E    ,OOP,202912,39750.0,            ,184129718,0000000.0000,0000000.0,1971.61,0.288829,194129718,0000000.0000,0000000.0,29762.53,0.353586,68309.46,0.2511,2029-12-01
NK225E    ,OOP,202912,40000.0,            ,134240018,0000000.0000,0000000.0,2006.03,0.288059,144240018,0000000.0000,0000000.0,29559.32,0.352021,68309.46,0.2511,2029-12-01
NK225E    ,OOP,202912,40250.0,            ,184120218,0000000.0000,0000000.0,2041.98,0.287019,194120218,0000000.0000,0000000.0,29357.62,0.350667,68309.46,0.2511,2029-12-01
NK225E    ,OOP,202912,40500.0,            ,184120518,0000000.0000,0000000.0,2078.29,0.286214,194120518,0000000.0000,0000000.0,29156.31,0.349095,68309.46,0.2511,2029-12-01
NK225E    ,OOP,202912,40750.0,            ,134240718,0000000.0000,0000000.0,2114.98,0.28539,144240718,0000000.0000,0000000.0,28955.36,0.347521,68309.46,0.2511,2029-12-01
NK225E    ,OOP,202912,41000.0,            ,134241018,0000000.0000,0000000.0,2152.07,0.284548,144241018,0000000.0000,0000000.0,28754.81,0.346152,68309.46,0.2511,2029-12-01
NK225E    ,OOP,202912,41250.0,            ,134241218,0000000.0000,0000000.0,2190.67,0.283689,144241218,0000000.0000,0000000.0,28555.78,0.344572,68309.46,0.2511,2029-12-01
NK225E    ,OOP,202912,41500.0,            ,134241518,0000000.0000,0000000.0,2229.67,0.283049,144241518,0000000.0000,0000000.0,28357.15,0.343193,68309.46,0.2511,2029-12-01
NK225E    ,OOP,202912,41750.0,            ,134241718,0000000.0000,0000000.0,2269.08,0.282154,144241718,0000000.0000,0000000.0,28158.93,0.341808,68309.46,0.2511,2029-12-01
NK225E    ,OOP,202912,42000.0,            ,134242018,0000000.0000,0000000.0,2308.93,0.281244,144242018,0000000.0000,0000000.0,27961.14,0.340418,68309.46,0.2511,2029-12-01
NK225E    ,OOP,202912,42250.0,            ,134242218,0000000.0000,0000000.0,2350.29,0.280545,144242218,0000000.0000,0000000.0,27764.86,0.339023,68309.46,0.2511,2029-12-01
NK225E    ,OOP,202912,42500.0,            ,184242518,0000000.0000,0000000.0,2392.09,0.279826,194242518,0000000.0000,0000000.0,27569.03,0.337819,68309.46,0.2511,2029-12-01
NK225E    ,OOP,202912,42750.0,            ,134242718,0000000.0000,0000000.0,2434.33,0.279088,144242718,0000000.0000,0000000.0,27373.63,0.336412,68309.46,0.2511,2029-12-01
NK225E    ,OOP,202912,43000.0,            ,134243018,0000000.0000,0000000.0,2477.03,0.278331,144243018,0000000.0000,0000000.0,27178.71,0.335,68309.46,0.2511,2029-12-01
NK225E    ,OOP,202912,43250.0,            ,134243218,0000000.0000,0000000.0,2521.25,0.277556,144243218,0000000.0000,0000000.0,26985.28,0.333774,68309.46,0.2511,2029-12-01
NK225E    ,OOP,202912,43500.0,            ,134243518,0000000.0000,0000000.0,2565.95,0.276977,144243518,0000000.0000,0000000.0,26792.36,0.332541,68309.46,0.2511,2029-12-01
NK225E    ,OOP,202912,43750.0,            ,134243718,0000000.0000,0000000.0,2611.11,0.276164,144243718,0000000.0000,0000000.0,26599.88,0.3313,68309.46,0.2511,2029-12-01
NK225E    ,OOP,202912,44000.0,            ,134244018,0000000.0000,0000000.0,2656.77,0.275544,144244018,0000000.0000,0000000.0,26407.9,0.330051,68309.46,0.2511,2029-12-01
NK225E    ,OOP,202912,44250.0,            ,134244218,0000000.0000,0000000.0,2703.94,0.274903,144244218,0000000.0000,0000000.0,26217.44,0.32898,68309.46,0.2511,2029-12-01
NK225E    ,OOP,202912,44500.0,            ,134244518,0000000.0000,0000000.0,2751.63,0.274242,144244518,0000000.0000,0000000.0,26027.5,0.327715,68309.46,0.2511,2029-12-01
NK225E    ,OOP,202912,44750.0,            ,134244718,0000000.0000,0000000.0,2799.81,0.273561,144244718,0000000.0000,0000000.0,25838.04,0.326625,68309.46,0.2511,2029-12-01
NK225E    ,OOP,202912,45000.0,            ,184245018,0000000.0000,0000000.0,2848.52,0.272861,194245018,0000000.0000,0000000.0,25649.12,0.325345,68309.46,0.2511,2029-12-01
NK225E    ,OOP,202912,45250.0,            ,134245218,0000000.0000,0000000.0,2898.74,0.272142,144245218,0000000.0000,0000000.0,25461.7,0.324237,68309.46,0.2511,2029-12-01
NK225E    ,OOP,202912,45500.0,            ,134245518,0000000.0000,0000000.0,2949.49,0.271601,144245518,0000000.0000,0000000.0,25274.82,0.323119,68309.46,0.2511,2029-12-01
NK225E    ,OOP,202912,45750.0,            ,134245718,0000000.0000,0000000.0,3000.78,0.271038,144245718,0000000.0000,0000000.0,25088.47,0.321992,68309.46,0.2511,2029-12-01
NK225E    ,OOP,202912,46000.0,            ,184246018,0000000.0000,0000000.0,3052.6,0.270263,194246018,0000000.0000,0000000.0,24902.66,0.321031,68309.46,0.2511,2029-12-01
NK225E    ,OOP,202912,46250.0,            ,134246218,0000000.0000,0000000.0,3105.93,0.26966,144246218,0000000.0000,0000000.0,24718.36,0.319885,68309.46,0.2511,2029-12-01
NK225E    ,OOP,202912,46500.0,            ,134246518,0000000.0000,0000000.0,3159.84,0.269225,144246518,0000000.0000,0000000.0,24534.64,0.318901,68309.46,0.2511,2029-12-01
NK225E    ,OOP,202912,46750.0,            ,134246718,0000000.0000,0000000.0,3214.32,0.268581,144246718,0000000.0000,0000000.0,24351.48,0.317736,68309.46,0.2511,2029-12-01
NK225E    ,OOP,202912,47000.0,            ,184247018,0000000.0000,0000000.0,3269.36,0.267918,194247018,0000000.0000,0000000.0,24168.89,0.316732,68309.46,0.2511,2029-12-01
NK225E    ,OOP,202912,47250.0,            ,134247218,0000000.0000,0000000.0,3325.89,0.267418,144247218,0000000.0000,0000000.0,23987.78,0.315717,68309.46,0.2511,2029-12-01
NK225E    ,OOP,202912,47500.0,            ,134247518,0000000.0000,0000000.0,3383.01,0.266897,144247518,0000000.0000,0000000.0,23807.26,0.314857,68309.46,0.2511,2029-12-01
NK225E    ,OOP,202912,47750.0,            ,134247718,0000000.0000,0000000.0,3440.71,0.266354,144247718,0000000.0000,0000000.0,23627.33,0.31382,68309.46,0.2511,2029-12-01
NK225E    ,OOP,202912,48000.0,            ,184248018,0000000.0000,0000000.0,3499.03,0.265791,194248018,0000000.0000,0000000.0,23448.02,0.312936,68309.46,0.2511,2029-12-01
NK225E    ,OOP,202912,48250.0,            ,134248218,0000000.0000,0000000.0,3558.82,0.265209,144248218,0000000.0000,0000000.0,23270.17,0.311877,68309.46,0.2511,2029-12-01
NK225E    ,OOP,202912,48500.0,            ,134248518,0000000.0000,0000000.0,3619.22,0.264606,144248518,0000000.0000,0000000.0,23092.94,0.310969,68309.46,0.2511,2029-12-01
NK225E    ,OOP,202912,48750.0,            ,134248718,0000000.0000,0000000.0,3680.23,0.264156,144248718,0000000.0000,0000000.0,22916.31,0.31005,68309.46,0.2511,2029-12-01
NK225E    ,OOP,202912,49000.0,            ,184249018,0000000.0000,0000000.0,3741.85,0.263684,194249018,0000000.0000,0000000.0,22740.3,0.309118,68309.46,0.2511,2029-12-01
NK225E    ,OOP,202912,49250.0,            ,134249218,0000000.0000,0000000.0,3804.94,0.263191,144249218,0000000.0000,0000000.0,22565.75,0.308334,68309.46,0.2511,2029-12-01
NK225E    ,OOP,202912,49500.0,            ,134249518,0000000.0000,0000000.0,3868.69,0.262677,144249518,0000000.0000,0000000.0,22391.87,0.307378,68309.46,0.2511,2029-12-01
NK225E    ,OOP,202912,49750.0,            ,134249718,0000000.0000,0000000.0,3933.04,0.262143,144249718,0000000.0000,0000000.0,22218.59,0.306567,68309.46,0.2511,2029-12-01
NK225E    ,OOP,202912,50000.0,            ,184240018,0000000.0000,0000000.0,3998.06,0.261589,194240018,0000000.0000,0000000.0,22045.97,0.305742,68309.46,0.2511,2029-12-01
NK225E    ,OOP,202912,50250.0,            ,134240218,0000000.0000,0000000.0,4064.5,0.261178,144240218,0000000.0000,0000000.0,21874.78,0.304905,68309.46,0.2511,2029-12-01
NK225E    ,OOP,202912,50500.0,            ,134240518,0000000.0000,0000000.0,4131.62,0.260585,144240518,0000000.0000,0000000.0,21704.27,0.304055,68309.46,0.2511,2029-12-01
NK225E    ,OOP,202912,50750.0,            ,184240718,0000000.0000,0000000.0,4199.37,0.260132,194240718,0000000.0000,0000000.0,21534.38,0.303192,68309.46,0.2511,2029-12-01
NK225E    ,OOP,202912,51000.0,            ,184241018,0000000.0000,0000000.0,4267.81,0.259659,194241018,0000000.0000,0000000.0,21365.19,0.302467,68309.46,0.2511,2029-12-01
NK225E    ,OOP,202912,51250.0,            ,184241218,0000000.0000,0000000.0,4337.65,0.259321,194241218,0000000.0000,0000000.0,21197.39,0.301728,68309.46,0.2511,2029-12-01
NK225E    ,OOP,202912,51500.0,            ,184241518,0000000.0000,0000000.0,4408.16,0.258807,194241518,0000000.0000,0000000.0,21030.27,0.300827,68309.46,0.2511,2029-12-01
NK225E    ,OOP,202912,51750.0,            ,184241718,0000000.0000,0000000.0,4479.34,0.258273,194241718,0000000.0000,0000000.0,20863.82,0.300061,68309.46,0.2511,2029-12-01
NK225E    ,OOP,202912,52000.0,            ,184242018,0000000.0000,0000000.0,4551.2,0.257872,194242018,0000000.0000,0000000.0,20698.04,0.299429,68309.46,0.2511,2029-12-01
NK225E    ,OOP,202912,52250.0,            ,184242218,0000000.0000,0000000.0,4624.47,0.257451,194242218,0000000.0000,0000000.0,20533.68,0.298635,68309.46,0.2511,2029-12-01
NK225E    ,OOP,202912,52500.0,            ,134362518,0000000.0000,0000000.0,4698.43,0.257009,144362518,0000000.0000,0000000.0,20370.0,0.297829,68309.46,0.2511,2029-12-01
NK225E    ,OOP,202912,52750.0,            ,184242718,0000000.0000,0000000.0,4773.08,0.256547,194242718,0000000.0000,0000000.0,20207.02,0.297153,68309.46,0.2511,2029-12-01
NK225E    ,OOP,202912,53000.0,            ,184243018,0000000.0000,0000000.0,4848.42,0.256213,194243018,0000000.0000,0000000.0,20044.73,0.296463,68309.46,0.2511,2029-12-01
NK225E    ,OOP,202912,53250.0,            ,184243218,0000000.0000,0000000.0,4925.11,0.255711,194243218,0000000.0000,0000000.0,19883.78,0.295758,68309.46,0.2511,2029-12-01
NK225E    ,OOP,202912,53500.0,            ,184243518,0000000.0000,0000000.0,5002.53,0.255335,194243518,0000000.0000,0000000.0,19723.57,0.29504,68309.46,0.2511,2029-12-01
NK225E    ,OOP,202912,53750.0,            ,184243718,0000000.0000,0000000.0,5080.63,0.254939,194243718,0000000.0000,0000000.0,19564.03,0.294307,68309.46,0.2511,2029-12-01
NK225E    ,OOP,202912,54000.0,            ,184244018,0000000.0000,0000000.0,5159.46,0.254523,194244018,0000000.0000,0000000.0,19405.23,0.293701,68309.46,0.2511,2029-12-01
NK225E    ,OOP,202912,54250.0,            ,184244218,0000000.0000,0000000.0,5239.6,0.254086,194244218,0000000.0000,0000000.0,19247.73,0.293079,68309.46,0.2511,2029-12-01
NK225E    ,OOP,202912,54500.0,            ,184244518,0000000.0000,0000000.0,5320.5,0.253631,194244518,0000000.0000,0000000.0,19090.99,0.292442,68309.46,0.2511,2029-12-01
NK225E    ,OOP,202912,54750.0,            ,184244718,0000000.0000,0000000.0,5402.07,0.253296,194244718,0000000.0000,0000000.0,18934.93,0.291791,68309.46,0.2511,2029-12-01
NK225E    ,OOP,202912,55000.0,            ,134365018,0000000.0000,0000000.0,5484.4,0.252941,144365018,0000000.0000,0000000.0,18779.62,0.291125,68309.46,0.2511,2029-12-01
NK225E    ,OOP,202912,55250.0,            ,184245218,0000000.0000,0000000.0,5568.02,0.252427,194245218,0000000.0000,0000000.0,18625.62,0.290445,68309.46,0.2511,2029-12-01
NK225E    ,OOP,202912,55500.0,            ,184245518,0000000.0000,0000000.0,5652.38,0.252169,194245518,0000000.0000,0000000.0,18472.34,0.289886,68309.46,0.2511,2029-12-01
NK225E    ,OOP,202912,55750.0,            ,184245718,0000000.0000,0000000.0,5737.46,0.251754,194245718,0000000.0000,0000000.0,18319.78,0.289178,68309.46,0.2511,2029-12-01
NK225E    ,OOP,202912,56000.0,            ,134366018,0000000.0000,0000000.0,5823.27,0.25132,144366018,0000000.0000,0000000.0,18167.96,0.288589,68309.46,0.2511,2029-12-01
NK225E    ,OOP,202912,56250.0,            ,184246218,0000000.0000,0000000.0,5910.36,0.251002,194246218,0000000.0000,0000000.0,18017.42,0.287985,68309.46,0.2511,2029-12-01
NK225E    ,OOP,202912,56500.0,            ,184246518,0000000.0000,0000000.0,5998.19,0.250663,194246518,0000000.0000,0000000.0,17867.62,0.287498,68309.46,0.2511,2029-12-01
NK225E    ,OOP,202912,56750.0,            ,184246718,0000000.0000,0000000.0,6086.72,0.250171,194246718,0000000.0000,0000000.0,17718.51,0.286864,68309.46,0.2511,2029-12-01
NK225E    ,OOP,202912,57000.0,            ,134367018,0000000.0000,0000000.0,6176.06,0.249794,144367018,0000000.0000,0000000.0,17570.22,0.286217,68309.46,0.2511,2029-12-01
NK225E    ,OOP,202912,57250.0,            ,184247218,0000000.0000,0000000.0,6266.6,0.249529,194247218,0000000.0000,0000000.0,17423.12,0.285684,68309.46,0.2511,2029-12-01
NK225E    ,OOP,202912,57500.0,            ,184247518,0000000.0000,0000000.0,6357.92,0.249113,194247518,0000000.0000,0000000.0,17276.8,0.285137,68309.46,0.2511,2029-12-01
NK225E    ,OOP,202912,57750.0,            ,184247718,0000000.0000,0000000.0,6449.94,0.248807,194247718,0000000.0000,0000000.0,17131.19,0.284574,68309.46,0.2511,2029-12-01
NK225E    ,OOP,202912,58000.0,            ,134368018,0000000.0000,0000000.0,6542.74,0.248354,144368018,0000000.0000,0000000.0,16986.36,0.283997,68309.46,0.2511,2029-12-01
NK225E    ,OOP,202912,58250.0,            ,184248218,0000000.0000,0000000.0,6636.71,0.24801,194248218,0000000.0000,0000000.0,16842.7,0.283532,68309.46,0.2511,2029-12-01
NK225E    ,OOP,202912,58500.0,            ,184248518,0000000.0000,0000000.0,6731.43,0.247775,194248518,0000000.0000,0000000.0,16699.78,0.282925,68309.46,0.2511,2029-12-01
NK225E    ,OOP,202912,58750.0,            ,184248718,0000000.0000,0000000.0,6826.94,0.247393,194248718,0000000.0000,0000000.0,16557.66,0.282429,68309.46,0.2511,2029-12-01
NK225E    ,OOP,202912,59000.0,            ,134369018,0000000.0000,0000000.0,6923.16,0.246992,144369018,0000000.0000,0000000.0,16416.24,0.281918,68309.46,0.2511,2029-12-01
NK225E    ,OOP,202912,59250.0,            ,184249218,0000000.0000,0000000.0,7020.64,0.246698,194249218,0000000.0000,0000000.0,16276.09,0.281393,68309.46,0.2511,2029-12-01
NK225E    ,OOP,202912,59500.0,            ,184249518,0000000.0000,0000000.0,7118.84,0.246386,194249518,0000000.0000,0000000.0,16136.65,0.280852,68309.46,0.2511,2029-12-01
NK225E    ,OOP,202912,59750.0,            ,184249718,0000000.0000,0000000.0,7217.74,0.246054,194249718,0000000.0000,0000000.0,15997.92,0.28042,68309.46,0.2511,2029-12-01
NK225E    ,OOP,202912,60000.0,            ,134360018,0000000.0000,0000000.0,7317.48,0.245703,144360018,0000000.0000,0000000.0,15860.02,0.27985,68309.46,0.2511,2029-12-01
NK225E    ,OOP,202912,60250.0,            ,184240218,0000000.0000,0000000.0,7418.29,0.245334,194240218,0000000.0000,0000000.0,15723.2,0.279388,68309.46,0.2511,2029-12-01
NK225E    ,OOP,202912,60500.0,            ,184240518,0000000.0000,0000000.0,7519.94,0.244947,194240518,0000000.0000,0000000.0,15587.21,0.27891,68309.46,0.2511,2029-12-01
NK225E    ,OOP,202912,60750.0,            ,134360718,0000000.0000,0000000.0,7622.3,0.244663,144360718,0000000.0000,0000000.0,15451.94,0.278418,68309.46,0.2511,2029-12-01
NK225E    ,OOP,202912,61000.0,            ,134361018,0000000.0000,0000000.0,7725.45,0.244361,144361018,0000000.0000,0000000.0,15317.46,0.277911,68309.46,0.2511,2029-12-01
NK225E    ,OOP,202912,61250.0,            ,134361218,0000000.0000,0000000.0,7829.69,0.24404,144361218,0000000.0000,0000000.0,15184.06,0.277509,68309.46,0.2511,2029-12-01
NK225E    ,OOP,202912,61500.0,            ,134361518,0000000.0000,0000000.0,7934.72,0.243701,144361518,0000000.0000,0000000.0,15051.46,0.276972,68309.46,0.2511,2029-12-01
NK225E    ,OOP,202912,61750.0,            ,134361718,0000000.0000,0000000.0,8040.47,0.243344,144361718,0000000.0000,0000000.0,14919.57,0.27654,68309.46,0.2511,2029-12-01
NK225E    ,OOP,202912,62000.0,            ,134362018,0000000.0000,0000000.0,8147.01,0.243088,144362018,0000000.0000,0000000.0,14788.48,0.276093,68309.46,0.2511,2029-12-01
NK225E    ,OOP,202912,62250.0,            ,134362218,0000000.0000,0000000.0,8254.64,0.242694,144362218,0000000.0000,0000000.0,14658.48,0.275631,68309.46,0.2511,2029-12-01
NK225E    ,OOP,202912,62500.0,            ,134242518,0000000.0000,0000000.0,8363.03,0.242402,144242518,0000000.0000,0000000.0,14529.23,0.275154,68309.46,0.2511,2029-12-01
NK225E    ,OOP,202912,62750.0,            ,134362718,0000000.0000,0000000.0,8472.12,0.242091,144362718,0000000.0000,0000000.0,14400.69,0.274781,68309.46,0.2511,2029-12-01
NK225E    ,OOP,202912,63000.0,            ,134363018,0000000.0000,0000000.0,8582.1,0.241762,144363018,0000000.0000,0000000.0,14273.03,0.274274,68309.46,0.2511,2029-12-01
NK225E    ,OOP,202912,63250.0,            ,134363218,0000000.0000,0000000.0,8693.08,0.241416,144363218,0000000.0000,0000000.0,14146.38,0.273871,68309.46,0.2511,2029-12-01
NK225E    ,OOP,202912,63500.0,            ,134363518,0000000.0000,0000000.0,8804.82,0.241168,144363518,0000000.0000,0000000.0,14020.48,0.273452,68309.46,0.2511,2029-12-01
NK225E    ,OOP,202912,63750.0,            ,134363718,0000000.0000,0000000.0,8917.31,0.240902,144363718,0000000.0000,0000000.0,13895.33,0.273018,68309.46,0.2511,2029-12-01
NK225E    ,OOP,202912,64000.0,            ,134364018,0000000.0000,0000000.0,9030.54,0.240503,144364018,0000000.0000,0000000.0,13770.94,0.272685,68309.46,0.2511,2029-12-01
NK225E    ,OOP,202912,64250.0,            ,134364218,0000000.0000,0000000.0,9144.83,0.240201,144364218,0000000.0000,0000000.0,13647.59,0.272222,68309.46,0.2511,2029-12-01
NK225E    ,OOP,202912,64500.0,            ,134364518,0000000.0000,0000000.0,9259.92,0.239883,144364518,0000000.0000,0000000.0,13525.04,0.271859,68309.46,0.2511,2029-12-01
NK225E    ,OOP,202912,64750.0,            ,134364718,0000000.0000,0000000.0,9375.7,0.239661,144364718,0000000.0000,0000000.0,13403.2,0.271367,68309.46,0.2511,2029-12-01
NK225E    ,OOP,202912,65000.0,            ,184365018,0000000.0000,0000000.0,9492.28,0.239307,194365018,0000000.0000,0000000.0,13282.14,0.270975,68309.46,0.2511,2029-12-01
NK225E    ,OOP,202912,65250.0,            ,134365218,0000000.0000,0000000.0,9609.87,0.239049,144365218,0000000.0000,0000000.0,13162.1,0.270568,68309.46,0.2511,2029-12-01
NK225E    ,OOP,202912,65500.0,            ,134365518,0000000.0000,0000000.0,9728.21,0.238775,144365518,0000000.0000,0000000.0,13042.8,0.27026,68309.46,0.2511,2029-12-01
NK225E    ,OOP,202912,65750.0,            ,134365718,0000000.0000,0000000.0,9847.29,0.23837,144365718,0000000.0000,0000000.0,12924.24,0.269823,68309.46,0.2511,2029-12-01
NK225E    ,OOP,202912,66000.0,            ,184366018,0000000.0000,0000000.0,9967.15,0.238173,194366018,0000000.0000,0000000.0,12806.47,0.269373,68309.46,0.2511,2029-12-01
NK225E    ,OOP,202912,66250.0,            ,134366218,0000000.0000,0000000.0,10087.98,0.237847,144366218,0000000.0000,0000000.0,12689.67,0.26902,68309.46,0.2511,2029-12-01
NK225E    ,OOP,202912,66500.0,            ,134366518,0000000.0000,0000000.0,10209.6,0.237503,144366518,0000000.0000,0000000.0,12573.65,0.268653,68309.46,0.2511,2029-12-01
NK225E    ,OOP,202912,66750.0,            ,134366718,0000000.0000,0000000.0,10331.95,0.237255,144366718,0000000.0000,0000000.0,12458.37,0.268272,68309.46,0.2511,2029-12-01
NK225E    ,OOP,202912,67000.0,            ,184367018,0000000.0000,0000000.0,10455.05,0.236878,194367018,0000000.0000,0000000.0,12343.83,0.267876,68309.46,0.2511,2029-12-01
NK225E    ,OOP,202912,67250.0,            ,134367218,0000000.0000,0000000.0,10579.1,0.236596,144367218,0000000.0000,0000000.0,12230.25,0.267577,68309.46,0.2511,2029-12-01
NK225E    ,OOP,202912,67500.0,            ,134367518,0000000.0000,0000000.0,10703.94,0.236296,144367518,0000000.0000,0000000.0,12117.45,0.267153,68309.46,0.2511,2029-12-01
NK225E    ,OOP,202912,67750.0,            ,134367718,0000000.0000,0000000.0,10829.51,0.236091,144367718,0000000.0000,0000000.0,12005.39,0.266825,68309.46,0.2511,2029-12-01
NK225E    ,OOP,202912,68000.0,            ,184368018,0000000.0000,0000000.0,10955.81,0.235758,194368018,0000000.0000,0000000.0,11894.06,0.266482,68309.46,0.2511,2029-12-01
NK225E    ,OOP,202912,68250.0,            ,134368218,0000000.0000,0000000.0,11083.07,0.235519,144368218,0000000.0000,0000000.0,11783.68,0.266126,68309.46,0.2511,2029-12-01
NK225E    ,OOP,202912,68500.0,            ,134368518,0000000.0000,0000000.0,11211.1,0.235153,144368518,0000000.0000,0000000.0,11674.08,0.265755,68309.46,0.2511,2029-12-01
NK225E    ,OOP,202912,68750.0,            ,134368718,0000000.0000,0000000.0,11339.86,0.23488,144368718,0000000.0000,0000000.0,11565.2,0.26537,68309.46,0.2511,2029-12-01
NK225E    ,OOP,202912,69000.0,            ,184369018,0000000.0000,0000000.0,11469.34,0.234591,194369018,0000000.0000,0000000.0,11457.05,0.265081,68309.46,0.2511,2029-12-01
NK225E    ,OOP,202912,69250.0,            ,134369218,0000000.0000,0000000.0,11599.78,0.234286,144369218,0000000.0000,0000000.0,11349.86,0.264667,68309.46,0.2511,2029-12-01
NK225E    ,OOP,202912,69500.0,            ,134369518,0000000.0000,0000000.0,11730.98,0.234073,144369518,0000000.0000,0000000.0,11243.43,0.26435,68309.46,0.2511,2029-12-01
NK225E    ,OOP,202912,69750.0,            ,134369718,0000000.0000,0000000.0,11862.86,0.233735,144369718,0000000.0000,0000000.0,11137.67,0.264018,68309.46,0.2511,2029-12-01
NK225E    ,OOP,202912,70000.0,            ,184360018,0000000.0000,0000000.0,11995.5,0.233489,194360018,0000000.0000,0000000.0,11032.68,0.263672,68309.46,0.2511,2029-12-01
NK225E    ,OOP,202912,70250.0,            ,134360218,0000000.0000,0000000.0,12129.09,0.233227,144360218,0000000.0000,0000000.0,10928.63,0.263421,68309.46,0.2511,2029-12-01
NK225E    ,OOP,202912,70500.0,            ,134360518,0000000.0000,0000000.0,12263.39,0.232949,144360518,0000000.0000,0000000.0,10825.3,0.263047,68309.46,0.2511,2029-12-01
NK225E    ,OOP,202912,70750.0,            ,184360718,0000000.0000,0000000.0,12398.41,0.232655,194360718,0000000.0000,0000000.0,10722.68,0.262767,68309.46,0.2511,2029-12-01
NK225E    ,OOP,202912,71000.0,            ,184361018,0000000.0000,0000000.0,12534.13,0.232345,194361018,0000000.0000,0000000.0,10620.76,0.262366,68309.46,0.2511,2029-12-01
NK225E    ,OOP,202912,71250.0,            ,184361218,0000000.0000,0000000.0,12670.79,0.232019,194361218,0000000.0000,0000000.0,10519.79,0.262058,68309.46,0.2511,2029-12-01
NK225E    ,OOP,202912,71500.0,            ,184361518,0000000.0000,0000000.0,12808.2,0.231784,194361518,0000000.0000,0000000.0,10419.57,0.261738,68309.46,0.2511,2029-12-01
NK225E    ,OOP,202912,71750.0,            ,184361718,0000000.0000,0000000.0,12946.32,0.231534,194361718,0000000.0000,0000000.0,10320.05,0.261403,68309.46,0.2511,2029-12-01
NK225E    ,OOP,202912,72000.0,            ,184362018,0000000.0000,0000000.0,13085.13,0.231268,194362018,0000000.0000,0000000.0,10221.23,0.261162,68309.46,0.2511,2029-12-01
NK225E    ,OOP,202912,72250.0,            ,184362218,0000000.0000,0000000.0,13224.88,0.230986,194362218,0000000.0000,0000000.0,10123.35,0.2608,68309.46,0.2511,2029-12-01
NK225E    ,OOP,202912,72500.0,            ,184362518,0000000.0000,0000000.0,13365.32,0.230688,194362518,0000000.0000,0000000.0,10026.15,0.260532,68309.46,0.2511,2029-12-01
NK225E    ,OOP,202912,72750.0,            ,184362718,0000000.0000,0000000.0,13506.46,0.230375,194362718,0000000.0000,0000000.0,9929.66,0.26025,68309.46,0.2511,2029-12-01
NK225E    ,OOP,202912,73000.0,            ,184363018,0000000.0000,0000000.0,13648.29,0.230153,194363018,0000000.0000,0000000.0,9833.85,0.259954,68309.46,0.2511,2029-12-01
NK225E    ,OOP,202912,73250.0,            ,184363218,0000000.0000,0000000.0,13791.04,0.229809,194363218,0000000.0000,0000000.0,9738.96,0.259645,68309.46,0.2511,2029-12-01
NK225E    ,OOP,202912,73500.0,            ,184363518,0000000.0000,0000000.0,13934.52,0.229556,194363518,0000000.0000,0000000.0,9644.81,0.259322,68309.46,0.2511,2029-12-01
NK225E    ,OOP,202912,73750.0,            ,184363718,0000000.0000,0000000.0,14078.68,0.229287,194363718,0000000.0000,0000000.0,9551.34,0.259094,68309.46,0.2511,2029-12-01
NK225E    ,OOP,202912,74000.0,            ,184364018,0000000.0000,0000000.0,14223.53,0.229003,194364018,0000000.0000,0000000.0,9458.55,0.258744,68309.46,0.2511,2029-12-01
NK225E    ,OOP,202912,74250.0,            ,184364218,0000000.0000,0000000.0,14369.29,0.228704,194364218,0000000.0000,0000000.0,9366.68,0.258488,68309.46,0.2511,2029-12-01
NK225E    ,OOP,202912,74500.0,            ,184364518,0000000.0000,0000000.0,14515.72,0.228496,194364518,0000000.0000,0000000.0,9275.48,0.258219,68309.46,0.2511,2029-12-01
NK225E    ,OOP,202912,74750.0,            ,184364718,0000000.0000,0000000.0,14662.82,0.228166,194364718,0000000.0000,0000000.0,9184.95,0.257936,68309.46,0.2511,2029-12-01
NK225E    ,OOP,202912,75000.0,            ,134485018,0000000.0000,0000000.0,14810.65,0.227928,144485018,0000000.0000,0000000.0,9095.14,0.25764,68309.46,0.2511,2029-12-01
NK225E    ,OOP,202912,75250.0,            ,184365218,0000000.0000,0000000.0,14959.37,0.227674,194365218,0000000.0000,0000000.0,9006.23,0.257331,68309.46,0.2511,2029-12-01
NK225E    ,OOP,202912,75500.0,            ,184365518,0000000.0000,0000000.0,15108.76,0.227405,194365518,0000000.0000,0000000.0,8917.98,0.257116,68309.46,0.2511,2029-12-01
NK225E    ,OOP,202912,75750.0,            ,184365718,0000000.0000,0000000.0,15258.81,0.227121,194365718,0000000.0000,0000000.0,8830.4,0.25678,68309.46,0.2511,2029-12-01
NK225E    ,OOP,202912,76000.0,            ,134486018,0000000.0000,0000000.0,15409.57,0.226822,144486018,0000000.0000,0000000.0,8743.52,0.256539,68309.46,0.2511,2029-12-01
NK225E    ,OOP,202912,76250.0,            ,184366218,0000000.0000,0000000.0,15561.64,0.226615,194366218,0000000.0000,0000000.0,8657.95,0.256284,68309.46,0.2511,2029-12-01
NK225E    ,OOP,202912,77500.0,            ,184367518,0000000.0000,0000000.0,16331.81,0.225247,194367518,0000000.0000,0000000.0,8239.95,0.255028,68309.46,0.2511,2029-12-01
NK225E    ,OOP,202912,80000.0,            ,134480018,0000000.0000,0000000.0,17919.6,0.222587,144480018,0000000.0000,0000000.0,7451.41,0.252628,68309.46,0.2511,2029-12-01
NK225E    ,OOP,202912,85000.0,            ,184485018,0000000.0000,0000000.0,21301.9,0.217666,194485018,0000000.0000,0000000.0,6081.02,0.248682,68309.46,0.2511,2029-12-01
NK225E    ,OOP,202912,90000.0,            ,184480018,0000000.0000,0000000.0,24932.69,0.212922,194480018,0000000.0000,0000000.0,4959.13,0.245668,68309.46,0.2511,2029-12-01
NK225E    ,OOP,202912,95000.0,            ,134605018,0000000.0000,0000000.0,28781.8,0.208524,144605018,0000000.0000,0000000.0,4055.55,0.243781,68309.46,0.2511,2029-12-01
NK225E    ,OOP,202912,100000.0,            ,134600018,0000000.0000,0000000.0,32813.67,0.204015,144600018,0000000.0000,0000000.0,3334.73,0.242928,68309.46,0.2511,2029-12-01
NK225E    ,OOP,203006,15000.0,            ,185065018,0000000.0000,0000000.0,61.96,0.33506,195065018,0000000.0000,0000000.0,51050.68,0.654242,68309.46,0.2511,2030-06-01
NK225E    ,OOP,203006,16000.0,            ,185066018,0000000.0000,0000000.0,85.44,0.334655,195066018,0000000.0000,0000000.0,50131.1,0.628461,68309.46,0.2511,2030-06-01
NK225E    ,OOP,203006,17000.0,            ,185067018,0000000.0000,0000000.0,114.7,0.334656,195067018,0000000.0000,0000000.0,49217.3,0.605568,68309.46,0.2511,2030-06-01
NK225E    ,OOP,203006,18000.0,            ,185068018,0000000.0000,0000000.0,150.41,0.334603,195068018,0000000.0000,0000000.0,48309.95,0.584694,68309.46,0.2511,2030-06-01
NK225E    ,OOP,203006,19000.0,            ,185069018,0000000.0000,0000000.0,193.26,0.334324,195069018,0000000.0000,0000000.0,47409.74,0.565573,68309.46,0.2511,2030-06-01
NK225E    ,OOP,203006,20000.0,            ,185060018,0000000.0000,0000000.0,243.87,0.334273,195060018,0000000.0000,0000000.0,46517.29,0.548412,68309.46,0.2511,2030-06-01
NK225E    ,OOP,203006,21000.0,            ,185061018,0000000.0000,0000000.0,302.85,0.334012,195061018,0000000.0000,0000000.0,45633.22,0.53256,68309.46,0.2511,2030-06-01
NK225E    ,OOP,203006,21750.0,            ,185061718,0000000.0000,0000000.0,352.93,0.334218,195061718,0000000.0000,0000000.0,44976.0,0.521768,68309.46,0.2511,2030-06-01
NK225E    ,OOP,203006,22000.0,            ,185062018,0000000.0000,0000000.0,370.78,0.333891,195062018,0000000.0000,0000000.0,44758.09,0.518252,68309.46,0.2511,2030-06-01
NK225E    ,OOP,203006,22250.0,            ,185062218,0000000.0000,0000000.0,389.23,0.334364,195062218,0000000.0000,0000000.0,44540.77,0.514775,68309.46,0.2511,2030-06-01
NK225E    ,OOP,203006,22500.0,            ,135062518,0000000.0000,0000000.0,408.27,0.333859,145062518,0000000.0000,0000000.0,44324.04,0.511713,68309.46,0.2511,2030-06-01
NK225E    ,OOP,203006,22750.0,            ,135062718,0000000.0000,0000000.0,427.92,0.334109,145062718,0000000.0000,0000000.0,44107.93,0.508306,68309.46,0.2511,2030-06-01
NK225E    ,OOP,203006,23000.0,            ,135063018,0000000.0000,0000000.0,448.19,0.334248,145063018,0000000.0000,0000000.0,43892.43,0.505304,68309.46,0.2511,2030-06-01
NK225E    ,OOP,203006,23250.0,            ,135063218,0000000.0000,0000000.0,469.08,0.334285,145063218,0000000.0000,0000000.0,43677.56,0.501963,68309.46,0.2511,2030-06-01
NK225E    ,OOP,203006,23500.0,            ,135063518,0000000.0000,0000000.0,490.6,0.334229,145063518,0000000.0000,0000000.0,43463.31,0.499018,68309.46,0.2511,2030-06-01
NK225E    ,OOP,203006,23750.0,            ,135063718,0000000.0000,0000000.0,512.76,0.334088,145063718,0000000.0000,0000000.0,43249.71,0.496098,68309.46,0.2511,2030-06-01
NK225E    ,OOP,203006,24000.0,            ,135064018,0000000.0000,0000000.0,535.56,0.333869,145064018,0000000.0000,0000000.0,43036.74,0.493203,68309.46,0.2511,2030-06-01
NK225E    ,OOP,203006,24250.0,            ,135064218,0000000.0000,0000000.0,559.01,0.333578,145064218,0000000.0000,0000000.0,42824.43,0.49068,68309.46,0.2511,2030-06-01
NK225E    ,OOP,203006,24500.0,            ,135064518,0000000.0000,0000000.0,583.12,0.333872,145064518,0000000.0000,0000000.0,42612.78,0.487828,68309.46,0.2511,2030-06-01
NK225E    ,OOP,203006,24750.0,            ,135064718,0000000.0000,0000000.0,607.9,0.333435,145064718,0000000.0000,0000000.0,42401.78,0.484999,68309.46,0.2511,2030-06-01
NK225E    ,OOP,203006,25000.0,            ,135065018,0000000.0000,0000000.0,633.34,0.333557,145065018,0000000.0000,0000000.0,42191.46,0.48253,68309.46,0.2511,2030-06-01
NK225E    ,OOP,203006,25250.0,            ,135065218,0000000.0000,0000000.0,659.46,0.333593,145065218,0000000.0000,0000000.0,41981.82,0.480075,68309.46,0.2511,2030-06-01
NK225E    ,OOP,203006,25500.0,            ,135065518,0000000.0000,0000000.0,686.26,0.33355,145065518,0000000.0000,0000000.0,41772.86,0.477305,68309.46,0.2511,2030-06-01
NK225E    ,OOP,203006,25750.0,            ,135065718,0000000.0000,0000000.0,713.75,0.333433,145065718,0000000.0000,0000000.0,41564.58,0.474882,68309.46,0.2511,2030-06-01
NK225E    ,OOP,203006,26000.0,            ,135066018,0000000.0000,0000000.0,741.93,0.333249,145066018,0000000.0000,0000000.0,41357.0,0.472794,68309.46,0.2511,2030-06-01
NK225E    ,OOP,203006,26250.0,            ,135066218,0000000.0000,0000000.0,770.82,0.333534,145066218,0000000.0000,0000000.0,41150.12,0.470394,68309.46,0.2511,2030-06-01
NK225E    ,OOP,203006,26500.0,            ,135066518,0000000.0000,0000000.0,800.4,0.333214,145066518,0000000.0000,0000000.0,40943.94,0.468007,68309.46,0.2511,2030-06-01
NK225E    ,OOP,203006,26750.0,            ,135066718,0000000.0000,0000000.0,830.7,0.333345,145066718,0000000.0000,0000000.0,40738.47,0.465944,68309.46,0.2511,2030-06-01
NK225E    ,OOP,203006,27000.0,            ,135067018,0000000.0000,0000000.0,861.7,0.333401,145067018,0000000.0000,0000000.0,40533.71,0.463579,68309.46,0.2511,2030-06-01
NK225E    ,OOP,203006,27250.0,            ,135067218,0000000.0000,0000000.0,893.43,0.333386,145067218,0000000.0000,0000000.0,40329.67,0.461531,68309.46,0.2511,2030-06-01
NK225E    ,OOP,203006,27500.0,            ,135067518,0000000.0000,0000000.0,925.88,0.333306,145067518,0000000.0000,0000000.0,40126.36,0.459489,68309.46,0.2511,2030-06-01
NK225E    ,OOP,203006,27750.0,            ,135067718,0000000.0000,0000000.0,959.06,0.333164,145067718,0000000.0000,0000000.0,39923.77,0.457452,68309.46,0.2511,2030-06-01
NK225E    ,OOP,203006,28000.0,            ,135068018,0000000.0000,0000000.0,992.97,0.332964,145068018,0000000.0000,0000000.0,39721.92,0.455421,68309.46,0.2511,2030-06-01
NK225E    ,OOP,203006,28250.0,            ,135068218,0000000.0000,0000000.0,1027.62,0.333146,145068218,0000000.0000,0000000.0,39520.8,0.453686,68309.46,0.2511,2030-06-01
NK225E    ,OOP,203006,28500.0,            ,135068518,0000000.0000,0000000.0,1063.0,0.332832,145068518,0000000.0000,0000000.0,39320.42,0.451663,68309.46,0.2511,2030-06-01
NK225E    ,OOP,203006,28750.0,            ,135068718,0000000.0000,0000000.0,1099.13,0.332888,145068718,0000000.0000,0000000.0,39120.79,0.449929,68309.46,0.2511,2030-06-01
NK225E    ,OOP,203006,29000.0,            ,135069018,0000000.0000,0000000.0,1136.01,0.332881,145069018,0000000.0000,0000000.0,38921.9,0.448195,68309.46,0.2511,2030-06-01
NK225E    ,OOP,203006,29250.0,            ,135069218,0000000.0000,0000000.0,1152.24,0.331216,145069218,0000000.0000,0000000.0,38702.36,0.445069,68309.46,0.2511,2030-06-01
NK225E    ,OOP,203006,29500.0,            ,135069518,0000000.0000,0000000.0,1168.47,0.329552,145069518,0000000.0000,0000000.0,38482.82,0.442246,68309.46,0.2511,2030-06-01
NK225E    ,OOP,203006,29750.0,            ,135069718,0000000.0000,0000000.0,1184.69,0.327889,145069718,0000000.0000,0000000.0,38263.28,0.439444,68309.46,0.2511,2030-06-01
NK225E    ,OOP,203006,30000.0,            ,135060018,0000000.0000,0000000.0,1200.91,0.326227,145060018,0000000.0000,0000000.0,38043.74,0.436663,68309.46,0.2511,2030-06-01
NK225E    ,OOP,203006,30250.0,            ,135060218,0000000.0000,0000000.0,1218.61,0.324565,145060218,0000000.0000,0000000.0,37825.67,0.433903,68309.46,0.2511,2030-06-01
NK225E    ,OOP,203006,30500.0,            ,135060518,0000000.0000,0000000.0,1236.35,0.322904,145060518,0000000.0000,0000000.0,37607.65,0.431162,68309.46,0.2511,2030-06-01
NK225E    ,OOP,203006,30750.0,            ,135060718,0000000.0000,0000000.0,1254.11,0.321615,145060718,0000000.0000,0000000.0,37389.64,0.428442,68309.46,0.2511,2030-06-01
NK225E    ,OOP,203006,31000.0,            ,135061018,0000000.0000,0000000.0,1271.91,0.319952,145061018,0000000.0000,0000000.0,37171.67,0.42574,68309.46,0.2511,2030-06-01
NK225E    ,OOP,203006,31250.0,            ,135061218,0000000.0000,0000000.0,1291.21,0.31829,145061218,0000000.0000,0000000.0,36955.21,0.423057,68309.46,0.2511,2030-06-01
NK225E    ,OOP,203006,31500.0,            ,135061518,0000000.0000,0000000.0,1310.59,0.316985,145061518,0000000.0000,0000000.0,36738.83,0.42065,68309.46,0.2511,2030-06-01
NK225E    ,OOP,203006,31750.0,            ,135061718,0000000.0000,0000000.0,1330.04,0.315673,145061718,0000000.0000,0000000.0,36522.51,0.418002,68309.46,0.2511,2030-06-01
NK225E    ,OOP,203006,32000.0,            ,135062018,0000000.0000,0000000.0,1349.55,0.314007,145062018,0000000.0000,0000000.0,36306.25,0.415625,68309.46,0.2511,2030-06-01
NK225E    ,OOP,203006,32250.0,            ,135062218,0000000.0000,0000000.0,1370.6,0.312685,145062218,0000000.0000,0000000.0,36091.54,0.413009,68309.46,0.2511,2030-06-01
NK225E    ,OOP,203006,32500.0,            ,185062518,0000000.0000,0000000.0,1391.76,0.311355,195062518,0000000.0000,0000000.0,35876.94,0.41066,68309.46,0.2511,2030-06-01
NK225E    ,OOP,203006,32750.0,            ,185062718,0000000.0000,0000000.0,1413.02,0.310019,195062718,0000000.0000,0000000.0,35662.44,0.408323,68309.46,0.2511,2030-06-01
NK225E    ,OOP,203006,33000.0,            ,185063018,0000000.0000,0000000.0,1434.38,0.308677,195063018,0000000.0000,0000000.0,35448.03,0.405998,68309.46,0.2511,2030-06-01
NK225E    ,OOP,203006,33250.0,            ,185063218,0000000.0000,0000000.0,1457.32,0.307329,195063218,0000000.0000,0000000.0,35235.21,0.403686,68309.46,0.2511,2030-06-01
NK225E    ,OOP,203006,33500.0,            ,185063518,0000000.0000,0000000.0,1480.4,0.305976,195063518,0000000.0000,0000000.0,35022.52,0.401385,68309.46,0.2511,2030-06-01
NK225E    ,OOP,203006,33750.0,            ,185063718,0000000.0000,0000000.0,1503.61,0.304617,195063718,0000000.0000,0000000.0,34809.96,0.399096,68309.46,0.2511,2030-06-01
NK225E    ,OOP,203006,34000.0,            ,185064018,0000000.0000,0000000.0,1526.96,0.303563,195064018,0000000.0000,0000000.0,34597.55,0.396818,68309.46,0.2511,2030-06-01
NK225E    ,OOP,203006,34250.0,            ,185064218,0000000.0000,0000000.0,1551.91,0.302191,195064218,0000000.0000,0000000.0,34386.74,0.394552,68309.46,0.2511,2030-06-01
NK225E    ,OOP,203006,34500.0,            ,185064518,0000000.0000,0000000.0,1577.05,0.301116,195064518,0000000.0000,0000000.0,34176.11,0.392528,68309.46,0.2511,2030-06-01
NK225E    ,OOP,203006,34750.0,            ,185064718,0000000.0000,0000000.0,1602.36,0.300029,195064718,0000000.0000,0000000.0,33965.66,0.390282,68309.46,0.2511,2030-06-01
NK225E    ,OOP,203006,35000.0,            ,135185018,0000000.0000,0000000.0,1627.84,0.298636,145185018,0000000.0000,0000000.0,33755.37,0.388274,68309.46,0.2511,2030-06-01
NK225E    ,OOP,203006,35250.0,            ,185065218,0000000.0000,0000000.0,1654.96,0.297531,195065218,0000000.0000,0000000.0,33546.73,0.386273,68309.46,0.2511,2030-06-01
NK225E    ,OOP,203006,35500.0,            ,185065518,0000000.0000,0000000.0,1682.29,0.296414,195065518,0000000.0000,0000000.0,33338.29,0.384278,68309.46,0.2511,2030-06-01
NK225E    ,OOP,203006,35750.0,            ,185065718,0000000.0000,0000000.0,1709.82,0.295287,195065718,0000000.0000,0000000.0,33130.06,0.382289,68309.46,0.2511,2030-06-01
NK225E    ,OOP,203006,36000.0,            ,135186018,0000000.0000,0000000.0,1737.59,0.29415,145186018,0000000.0000,0000000.0,32922.06,0.380086,68309.46,0.2511,2030-06-01
NK225E    ,OOP,203006,36250.0,            ,185066218,0000000.0000,0000000.0,1766.99,0.29328,195066218,0000000.0000,0000000.0,32715.7,0.378331,68309.46,0.2511,2030-06-01
NK225E    ,OOP,203006,36500.0,            ,185066518,0000000.0000,0000000.0,1796.66,0.292121,195066518,0000000.0000,0000000.0,32509.6,0.37636,68309.46,0.2511,2030-06-01
NK225E    ,OOP,203006,36750.0,            ,185066718,0000000.0000,0000000.0,1826.57,0.291222,195066718,0000000.0000,0000000.0,32303.75,0.374396,68309.46,0.2511,2030-06-01
NK225E    ,OOP,203006,37000.0,            ,135187018,0000000.0000,0000000.0,1856.73,0.290042,145187018,0000000.0000,0000000.0,32098.14,0.372651,68309.46,0.2511,2030-06-01
NK225E    ,OOP,203006,37250.0,            ,185067218,0000000.0000,0000000.0,1888.57,0.289116,195067218,0000000.0000,0000000.0,31894.22,0.370908,68309.46,0.2511,2030-06-01
NK225E    ,OOP,203006,37500.0,            ,185067518,0000000.0000,0000000.0,1920.71,0.288176,195067518,0000000.0000,0000000.0,31690.59,0.368957,68309.46,0.2511,2030-06-01
NK225E    ,OOP,203006,37750.0,            ,185067718,0000000.0000,0000000.0,1953.12,0.287222,195067718,0000000.0000,0000000.0,31487.23,0.36722,68309.46,0.2511,2030-06-01
NK225E    ,OOP,203006,38000.0,            ,135188018,0000000.0000,0000000.0,1985.82,0.286255,145188018,0000000.0000,0000000.0,31284.18,0.365485,68309.46,0.2511,2030-06-01
NK225E    ,OOP,203006,38250.0,            ,185068218,0000000.0000,0000000.0,2020.24,0.285524,195068218,0000000.0000,0000000.0,31082.83,0.363752,68309.46,0.2511,2030-06-01
NK225E    ,OOP,203006,38500.0,            ,185068518,0000000.0000,0000000.0,2054.98,0.284529,195068518,0000000.0000,0000000.0,30881.8,0.362223,68309.46,0.2511,2030-06-01
NK225E    ,OOP,203006,38750.0,            ,185068718,0000000.0000,0000000.0,2090.04,0.283521,195068718,0000000.0000,0000000.0,30681.09,0.360493,68309.46,0.2511,2030-06-01
NK225E    ,OOP,203006,39000.0,            ,135189018,0000000.0000,0000000.0,2125.42,0.282743,145189018,0000000.0000,0000000.0,30480.71,0.358764,68309.46,0.2511,2030-06-01
NK225E    ,OOP,203006,39250.0,            ,185069218,0000000.0000,0000000.0,2162.51,0.281947,195069218,0000000.0000,0000000.0,30282.04,0.357235,68309.46,0.2511,2030-06-01
NK225E    ,OOP,203006,39500.0,            ,185069518,0000000.0000,0000000.0,2199.98,0.281134,195069518,0000000.0000,0000000.0,30083.74,0.355704,68309.46,0.2511,2030-06-01
NK225E    ,OOP,203006,39750.0,            ,185069718,0000000.0000,0000000.0,2237.78,0.280306,195069718,0000000.0000,0000000.0,29885.78,0.354172,68309.46,0.2511,2030-06-01
NK225E    ,OOP,203006,40000.0,            ,135180018,0000000.0000,0000000.0,2275.97,0.279463,145180018,0000000.0000,0000000.0,29688.21,0.352447,68309.46,0.2511,2030-06-01
NK225E    ,OOP,203006,40250.0,            ,185060218,0000000.0000,0000000.0,2315.86,0.278604,195060218,0000000.0000,0000000.0,29492.33,0.351105,68309.46,0.2511,2030-06-01
NK225E    ,OOP,203006,40500.0,            ,185060518,0000000.0000,0000000.0,2356.17,0.277954,195060518,0000000.0000,0000000.0,29296.88,0.34957,68309.46,0.2511,2030-06-01
NK225E    ,OOP,203006,40750.0,            ,185060718,0000000.0000,0000000.0,2396.88,0.277065,195060718,0000000.0000,0000000.0,29101.81,0.348034,68309.46,0.2511,2030-06-01
NK225E    ,OOP,203006,41000.0,            ,135181018,0000000.0000,0000000.0,2437.98,0.27638,145181018,0000000.0000,0000000.0,28907.15,0.346683,68309.46,0.2511,2030-06-01
NK225E    ,OOP,203006,41250.0,            ,185061218,0000000.0000,0000000.0,2480.78,0.275677,195061218,0000000.0000,0000000.0,28714.19,0.345328,68309.46,0.2511,2030-06-01
NK225E    ,OOP,203006,41500.0,            ,185061518,0000000.0000,0000000.0,2524.05,0.274957,195061518,0000000.0000,0000000.0,28521.69,0.343969,68309.46,0.2511,2030-06-01
NK225E    ,OOP,203006,41750.0,            ,135181718,0000000.0000,0000000.0,2567.74,0.274219,145181718,0000000.0000,0000000.0,28329.62,0.342606,68309.46,0.2511,2030-06-01
NK225E    ,OOP,203006,42000.0,            ,135182018,0000000.0000,0000000.0,2611.87,0.273465,145182018,0000000.0000,0000000.0,28137.98,0.341239,68309.46,0.2511,2030-06-01
NK225E    ,OOP,203006,42250.0,            ,135182218,0000000.0000,0000000.0,2657.7,0.272901,145182218,0000000.0000,0000000.0,27948.05,0.339869,68309.46,0.2511,2030-06-01
NK225E    ,OOP,203006,42500.0,            ,185182518,0000000.0000,0000000.0,2704.02,0.272113,195182518,0000000.0000,0000000.0,27758.6,0.338495,68309.46,0.2511,2030-06-01
NK225E    ,OOP,203006,42750.0,            ,135182718,0000000.0000,0000000.0,2750.78,0.271511,145182718,0000000.0000,0000000.0,27569.6,0.337294,68309.46,0.2511,2030-06-01
NK225E    ,OOP,203006,43000.0,            ,135183018,0000000.0000,0000000.0,2798.03,0.27089,145183018,0000000.0000,0000000.0,27381.09,0.336087,68309.46,0.2511,2030-06-01
NK225E    ,OOP,203006,43250.0,            ,135183218,0000000.0000,0000000.0,2846.98,0.270251,145183218,0000000.0000,0000000.0,27194.27,0.334873,68309.46,0.2511,2030-06-01
NK225E    ,OOP,203006,43500.0,            ,135183518,0000000.0000,0000000.0,2896.45,0.269594,145183518,0000000.0000,0000000.0,27007.97,0.333654,68309.46,0.2511,2030-06-01
NK225E    ,OOP,203006,43750.0,            ,135183718,0000000.0000,0000000.0,2946.39,0.26892,145183718,0000000.0000,0000000.0,26822.15,0.332428,68309.46,0.2511,2030-06-01
NK225E    ,OOP,203006,44000.0,            ,135184018,0000000.0000,0000000.0,2996.86,0.268418,145184018,0000000.0000,0000000.0,26636.85,0.331197,68309.46,0.2511,2030-06-01
NK225E    ,OOP,203006,44250.0,            ,135184218,0000000.0000,0000000.0,3048.99,0.267896,145184218,0000000.0000,0000000.0,26453.22,0.330129,68309.46,0.2511,2030-06-01
NK225E    ,OOP,203006,44500.0,            ,135184518,0000000.0000,0000000.0,3101.69,0.267169,145184518,0000000.0000,0000000.0,26270.15,0.328886,68309.46,0.2511,2030-06-01
NK225E    ,OOP,203006,44750.0,            ,135184718,0000000.0000,0000000.0,3154.91,0.26661,145184718,0000000.0000,0000000.0,26087.61,0.327803,68309.46,0.2511,2030-06-01
NK225E    ,OOP,203006,45000.0,            ,185185018,0000000.0000,0000000.0,3208.66,0.266032,195185018,0000000.0000,0000000.0,25905.59,0.326712,68309.46,0.2511,2030-06-01
NK225E    ,OOP,203006,45250.0,            ,135185218,0000000.0000,0000000.0,3264.05,0.265616,145185218,0000000.0000,0000000.0,25725.22,0.325613,68309.46,0.2511,2030-06-01
NK225E    ,OOP,203006,45500.0,            ,135185518,0000000.0000,0000000.0,3320.02,0.265001,145185518,0000000.0000,0000000.0,25545.43,0.324507,68309.46,0.2511,2030-06-01
NK225E    ,OOP,203006,45750.0,            ,135185718,0000000.0000,0000000.0,3376.55,0.264544,145185718,0000000.0000,0000000.0,25366.19,0.323555,68309.46,0.2511,2030-06-01
NK225E    ,OOP,203006,46000.0,            ,185186018,0000000.0000,0000000.0,3433.64,0.263892,195186018,0000000.0000,0000000.0,25187.52,0.322433,68309.46,0.2511,2030-06-01
NK225E    ,OOP,203006,46250.0,            ,135186218,0000000.0000,0000000.0,3492.35,0.263397,145186218,0000000.0000,0000000.0,25010.46,0.321463,68309.46,0.2511,2030-06-01
NK225E    ,OOP,203006,46500.0,            ,135186518,0000000.0000,0000000.0,3551.67,0.262883,145186518,0000000.0000,0000000.0,24834.02,0.320483,68309.46,0.2511,2030-06-01
NK225E    ,OOP,203006,46750.0,            ,135186718,0000000.0000,0000000.0,3611.55,0.262519,145186718,0000000.0000,0000000.0,24658.13,0.319494,68309.46,0.2511,2030-06-01
NK225E    ,OOP,203006,47000.0,            ,185187018,0000000.0000,0000000.0,3672.04,0.261966,195187018,0000000.0000,0000000.0,24482.86,0.318497,68309.46,0.2511,2030-06-01
NK225E    ,OOP,203006,47250.0,            ,135187218,0000000.0000,0000000.0,3734.13,0.261562,145187218,0000000.0000,0000000.0,24309.18,0.317644,68309.46,0.2511,2030-06-01
NK225E    ,OOP,203006,47500.0,            ,135187518,0000000.0000,0000000.0,3796.82,0.260972,145187518,0000000.0000,0000000.0,24136.11,0.316629,68309.46,0.2511,2030-06-01
NK225E    ,OOP,203006,47750.0,            ,135187718,0000000.0000,0000000.0,3860.13,0.260529,145187718,0000000.0000,0000000.0,23963.65,0.315756,68309.46,0.2511,2030-06-01
NK225E    ,OOP,203006,48000.0,            ,185188018,0000000.0000,0000000.0,3924.04,0.260066,195188018,0000000.0000,0000000.0,23791.8,0.314873,68309.46,0.2511,2030-06-01
NK225E    ,OOP,203006,48250.0,            ,135188218,0000000.0000,0000000.0,3989.51,0.259583,145188218,0000000.0000,0000000.0,23621.51,0.31398,68309.46,0.2511,2030-06-01
NK225E    ,OOP,203006,48500.0,            ,135188518,0000000.0000,0000000.0,4055.62,0.259241,145188518,0000000.0000,0000000.0,23451.84,0.313077,68309.46,0.2511,2030-06-01
NK225E    ,OOP,203006,48750.0,            ,135188718,0000000.0000,0000000.0,4122.35,0.258721,145188718,0000000.0000,0000000.0,23282.81,0.312311,68309.46,0.2511,2030-06-01
NK225E    ,OOP,203006,49000.0,            ,185189018,0000000.0000,0000000.0,4189.71,0.258339,195189018,0000000.0000,0000000.0,23114.41,0.311388,68309.46,0.2511,2030-06-01
NK225E    ,OOP,203006,49250.0,            ,135189218,0000000.0000,0000000.0,4258.59,0.257937,145189218,0000000.0000,0000000.0,22947.52,0.3106,68309.46,0.2511,2030-06-01
NK225E    ,OOP,203006,49500.0,            ,135189518,0000000.0000,0000000.0,4328.11,0.257516,145189518,0000000.0000,0000000.0,22781.28,0.309801,68309.46,0.2511,2030-06-01
NK225E    ,OOP,203006,49750.0,            ,135189718,0000000.0000,0000000.0,4398.29,0.257075,145189718,0000000.0000,0000000.0,22615.69,0.308991,68309.46,0.2511,2030-06-01
NK225E    ,OOP,203006,50000.0,            ,185180018,0000000.0000,0000000.0,4469.11,0.256767,195180018,0000000.0000,0000000.0,22450.75,0.308171,68309.46,0.2511,2030-06-01
NK225E    ,OOP,203006,50250.0,            ,135180218,0000000.0000,0000000.0,4541.36,0.256288,145180218,0000000.0000,0000000.0,22287.23,0.307481,68309.46,0.2511,2030-06-01
NK225E    ,OOP,203006,50500.0,            ,135180518,0000000.0000,0000000.0,4614.31,0.25594,145180518,0000000.0000,0000000.0,22124.42,0.306638,68309.46,0.2511,2030-06-01
NK225E    ,OOP,203006,50750.0,            ,135180718,0000000.0000,0000000.0,4687.92,0.255572,145180718,0000000.0000,0000000.0,21962.27,0.305925,68309.46,0.2511,2030-06-01
NK225E    ,OOP,203006,51000.0,            ,185181018,0000000.0000,0000000.0,4762.2,0.255185,195181018,0000000.0000,0000000.0,21800.78,0.305199,68309.46,0.2511,2030-06-01
NK225E    ,OOP,203006,51250.0,            ,135181218,0000000.0000,0000000.0,4837.88,0.254779,145181218,0000000.0000,0000000.0,21640.7,0.304463,68309.46,0.2511,2030-06-01
NK225E    ,OOP,203006,51500.0,            ,135181518,0000000.0000,0000000.0,4914.24,0.254354,145181518,0000000.0000,0000000.0,21481.29,0.303714,68309.46,0.2511,2030-06-01
NK225E    ,OOP,203006,51750.0,            ,185181718,0000000.0000,0000000.0,4991.27,0.254054,195181718,0000000.0000,0000000.0,21322.55,0.302954,68309.46,0.2511,2030-06-01
NK225E    ,OOP,203006,52000.0,            ,185182018,0000000.0000,0000000.0,5068.98,0.253592,195182018,0000000.0000,0000000.0,21164.5,0.302319,68309.46,0.2511,2030-06-01
NK225E    ,OOP,203006,52250.0,            ,185182218,0000000.0000,0000000.0,5148.02,0.253254,195182218,0000000.0000,0000000.0,21007.78,0.301671,68309.46,0.2511,2030-06-01
NK225E    ,OOP,203006,52500.0,            ,135302518,0000000.0000,0000000.0,5227.75,0.252896,145302518,0000000.0000,0000000.0,20851.74,0.300877,68309.46,0.2511,2030-06-01
NK225E    ,OOP,203006,52750.0,            ,185182718,0000000.0000,0000000.0,5308.16,0.252657,195182718,0000000.0000,0000000.0,20696.39,0.300205,68309.46,0.2511,2030-06-01
NK225E    ,OOP,203006,53000.0,            ,185183018,0000000.0000,0000000.0,5389.3,0.252262,195183018,0000000.0000,0000000.0,20541.76,0.299653,68309.46,0.2511,2030-06-01
NK225E    ,OOP,203006,53250.0,            ,185183218,0000000.0000,0000000.0,5471.69,0.251848,195183218,0000000.0000,0000000.0,20388.39,0.298957,68309.46,0.2511,2030-06-01
NK225E    ,OOP,203006,53500.0,            ,185183518,0000000.0000,0000000.0,5554.74,0.251552,195183518,0000000.0000,0000000.0,20235.67,0.298379,68309.46,0.2511,2030-06-01
NK225E    ,OOP,203006,53750.0,            ,185183718,0000000.0000,0000000.0,5638.55,0.251237,195183718,0000000.0000,0000000.0,20083.72,0.297659,68309.46,0.2511,2030-06-01
NK225E    ,OOP,203006,54000.0,            ,185184018,0000000.0000,0000000.0,5723.07,0.250903,195184018,0000000.0000,0000000.0,19932.47,0.297057,68309.46,0.2511,2030-06-01
NK225E    ,OOP,203006,54250.0,            ,185184218,0000000.0000,0000000.0,5808.74,0.250551,195184218,0000000.0000,0000000.0,19782.38,0.296442,68309.46,0.2511,2030-06-01
NK225E    ,OOP,203006,54500.0,            ,185184518,0000000.0000,0000000.0,5895.19,0.250181,195184518,0000000.0000,0000000.0,19633.06,0.295815,68309.46,0.2511,2030-06-01
NK225E    ,OOP,203006,54750.0,            ,185184718,0000000.0000,0000000.0,5982.31,0.249924,195184718,0000000.0000,0000000.0,19484.41,0.295303,68309.46,0.2511,2030-06-01
NK225E    ,OOP,203006,55000.0,            ,135305018,0000000.0000,0000000.0,6070.13,0.249647,145305018,0000000.0000,0000000.0,19336.47,0.29465,68309.46,0.2511,2030-06-01
NK225E    ,OOP,203006,55250.0,            ,185185218,0000000.0000,0000000.0,6159.08,0.249224,195185218,0000000.0000,0000000.0,19189.66,0.294112,68309.46,0.2511,2030-06-01
NK225E    ,OOP,203006,55500.0,            ,185185518,0000000.0000,0000000.0,6248.74,0.248912,195185518,0000000.0000,0000000.0,19043.55,0.293561,68309.46,0.2511,2030-06-01
NK225E    ,OOP,203006,55750.0,            ,185185718,0000000.0000,0000000.0,6339.15,0.248581,195185718,0000000.0000,0000000.0,18898.2,0.292997,68309.46,0.2511,2030-06-01
NK225E    ,OOP,203006,56000.0,            ,135306018,0000000.0000,0000000.0,6430.26,0.248359,145306018,0000000.0000,0000000.0,18753.55,0.292421,68309.46,0.2511,2030-06-01
NK225E    ,OOP,203006,56250.0,            ,185186218,0000000.0000,0000000.0,6522.37,0.247994,195186218,0000000.0000,0000000.0,18609.89,0.291832,68309.46,0.2511,2030-06-01
NK225E    ,OOP,203006,56500.0,            ,185186518,0000000.0000,0000000.0,6615.31,0.247735,195186518,0000000.0000,0000000.0,18467.06,0.291231,68309.46,0.2511,2030-06-01
NK225E    ,OOP,203006,56750.0,            ,185186718,0000000.0000,0000000.0,6708.87,0.247459,195186718,0000000.0000,0000000.0,18324.86,0.290739,68309.46,0.2511,2030-06-01
NK225E    ,OOP,203006,57000.0,            ,135307018,0000000.0000,0000000.0,6803.23,0.247042,145307018,0000000.0000,0000000.0,18183.45,0.290235,68309.46,0.2511,2030-06-01
NK225E    ,OOP,203006,57250.0,            ,185187218,0000000.0000,0000000.0,6898.54,0.246853,195187218,0000000.0000,0000000.0,18043.0,0.289718,68309.46,0.2511,2030-06-01
NK225E    ,OOP,203006,57500.0,            ,185187518,0000000.0000,0000000.0,6994.61,0.246524,195187518,0000000.0000,0000000.0,17903.3,0.289187,68309.46,0.2511,2030-06-01
NK225E    ,OOP,203006,57750.0,            ,185187718,0000000.0000,0000000.0,7091.34,0.246178,195187718,0000000.0000,0000000.0,17764.27,0.288645,68309.46,0.2511,2030-06-01
NK225E    ,OOP,203006,58000.0,            ,135308018,0000000.0000,0000000.0,7188.83,0.245935,145308018,0000000.0000,0000000.0,17626.0,0.28809,68309.46,0.2511,2030-06-01
NK225E    ,OOP,203006,58250.0,            ,185188218,0000000.0000,0000000.0,7287.24,0.245556,195188218,0000000.0000,0000000.0,17488.64,0.287641,68309.46,0.2511,2030-06-01
NK225E    ,OOP,203006,58500.0,            ,185188518,0000000.0000,0000000.0,7386.36,0.245279,195188518,0000000.0000,0000000.0,17351.99,0.287061,68309.46,0.2511,2030-06-01
NK225E    ,OOP,203006,58750.0,            ,185188718,0000000.0000,0000000.0,7486.19,0.244985,195188718,0000000.0000,0000000.0,17216.06,0.286586,68309.46,0.2511,2030-06-01
NK225E    ,OOP,203006,59000.0,            ,135309018,0000000.0000,0000000.0,7586.77,0.244675,145309018,0000000.0000,0000000.0,17080.88,0.286099,68309.46,0.2511,2030-06-01
NK225E    ,OOP,203006,59250.0,            ,185189218,0000000.0000,0000000.0,7688.19,0.244348,195189218,0000000.0000,0000000.0,16946.53,0.285599,68309.46,0.2511,2030-06-01
NK225E    ,OOP,203006,59500.0,            ,185189518,0000000.0000,0000000.0,7790.36,0.24412,195189518,0000000.0000,0000000.0,16812.94,0.285202,68309.46,0.2511,2030-06-01
NK225E    ,OOP,203006,59750.0,            ,185189718,0000000.0000,0000000.0,7893.24,0.24376,195189718,0000000.0000,0000000.0,16680.05,0.284677,68309.46,0.2511,2030-06-01
NK225E    ,OOP,203006,60000.0,            ,135300018,0000000.0000,0000000.0,7996.83,0.243499,145300018,0000000.0000,0000000.0,16547.88,0.284254,68309.46,0.2511,2030-06-01
NK225E    ,OOP,203006,60250.0,            ,185180218,0000000.0000,0000000.0,8101.26,0.243222,195180218,0000000.0000,0000000.0,16416.54,0.283704,68309.46,0.2511,2030-06-01
NK225E    ,OOP,203006,60500.0,            ,185180518,0000000.0000,0000000.0,8206.35,0.242928,195180518,0000000.0000,0000000.0,16285.87,0.283256,68309.46,0.2511,2030-06-01
NK225E    ,OOP,203006,60750.0,            ,185180718,0000000.0000,0000000.0,8312.23,0.242618,195180718,0000000.0000,0000000.0,16155.98,0.282796,68309.46,0.2511,2030-06-01
NK225E    ,OOP,203006,61000.0,            ,135301018,0000000.0000,0000000.0,8418.78,0.242292,145301018,0000000.0000,0000000.0,16026.76,0.282322,68309.46,0.2511,2030-06-01
NK225E    ,OOP,203006,61250.0,            ,185181218,0000000.0000,0000000.0,8526.12,0.242063,195181218,0000000.0000,0000000.0,15898.34,0.28195,68309.46,0.2511,2030-06-01
NK225E    ,OOP,203006,61500.0,            ,185181518,0000000.0000,0000000.0,8634.16,0.241817,195181518,0000000.0000,0000000.0,15770.61,0.281451,68309.46,0.2511,2030-06-01
NK225E    ,OOP,203006,61750.0,            ,135301718,0000000.0000,0000000.0,8742.85,0.241443,145301718,0000000.0000,0000000.0,15643.54,0.281053,68309.46,0.2511,2030-06-01
NK225E    ,OOP,203006,62000.0,            ,135302018,0000000.0000,0000000.0,8852.34,0.241165,145302018,0000000.0000,0000000.0,15517.27,0.28053,68309.46,0.2511,2030-06-01
NK225E    ,OOP,203006,62250.0,            ,135302218,0000000.0000,0000000.0,8962.53,0.240872,145302218,0000000.0000,0000000.0,15391.69,0.280106,68309.46,0.2511,2030-06-01
NK225E    ,OOP,203006,62500.0,            ,135182518,0000000.0000,0000000.0,9073.41,0.240563,145182518,0000000.0000,0000000.0,15266.81,0.27967,68309.46,0.2511,2030-06-01
NK225E    ,OOP,203006,62750.0,            ,135302718,0000000.0000,0000000.0,9184.99,0.240348,145302718,0000000.0000,0000000.0,15142.63,0.279221,68309.46,0.2511,2030-06-01
NK225E    ,OOP,203006,63000.0,            ,135303018,0000000.0000,0000000.0,9297.27,0.240007,145303018,0000000.0000,0000000.0,15019.14,0.27887,68309.46,0.2511,2030-06-01
NK225E    ,OOP,203006,63250.0,            ,135303218,0000000.0000,0000000.0,9410.2,0.239652,145303218,0000000.0000,0000000.0,14896.3,0.278397,68309.46,0.2511,2030-06-01
NK225E    ,OOP,203006,63500.0,            ,135303518,0000000.0000,0000000.0,9523.86,0.23939,145303518,0000000.0000,0000000.0,14774.2,0.277911,68309.46,0.2511,2030-06-01
NK225E    ,OOP,203006,63750.0,            ,135303718,0000000.0000,0000000.0,9638.22,0.239112,145303718,0000000.0000,0000000.0,14652.79,0.277523,68309.46,0.2511,2030-06-01
NK225E    ,OOP,203006,64000.0,            ,135304018,0000000.0000,0000000.0,9753.36,0.23882,145304018,0000000.0000,0000000.0,14532.17,0.277122,68309.46,0.2511,2030-06-01
NK225E    ,OOP,203006,64250.0,            ,135304218,0000000.0000,0000000.0,9869.1,0.238512,145304218,0000000.0000,0000000.0,14412.14,0.276709,68309.46,0.2511,2030-06-01
NK225E    ,OOP,203006,64500.0,            ,135304518,0000000.0000,0000000.0,9985.52,0.238189,145304518,0000000.0000,0000000.0,14292.8,0.276283,68309.46,0.2511,2030-06-01
NK225E    ,OOP,203006,64750.0,            ,135304718,0000000.0000,0000000.0,10102.63,0.237958,145304718,0000000.0000,0000000.0,14174.14,0.275845,68309.46,0.2511,2030-06-01
NK225E    ,OOP,203006,65000.0,            ,185305018,0000000.0000,0000000.0,10220.42,0.237605,195305018,0000000.0000,0000000.0,14056.17,0.275503,68309.46,0.2511,2030-06-01
NK225E    ,OOP,203006,65250.0,            ,135305218,0000000.0000,0000000.0,10338.85,0.237344,145305218,0000000.0000,0000000.0,13938.84,0.275041,68309.46,0.2511,2030-06-01
NK225E    ,OOP,203006,65500.0,            ,135305518,0000000.0000,0000000.0,10458.01,0.237067,145305518,0000000.0000,0000000.0,13822.23,0.274674,68309.46,0.2511,2030-06-01
NK225E    ,OOP,203006,65750.0,            ,135305718,0000000.0000,0000000.0,10577.8,0.236776,145305718,0000000.0000,0000000.0,13706.26,0.274188,68309.46,0.2511,2030-06-01
NK225E    ,OOP,203006,66000.0,            ,185306018,0000000.0000,0000000.0,10698.32,0.23647,195306018,0000000.0000,0000000.0,13591.01,0.273796,68309.46,0.2511,2030-06-01
NK225E    ,OOP,203006,66250.0,            ,135306218,0000000.0000,0000000.0,10819.42,0.236149,145306218,0000000.0000,0000000.0,13476.34,0.273393,68309.46,0.2511,2030-06-01
NK225E    ,OOP,203006,66500.0,            ,135306518,0000000.0000,0000000.0,10941.24,0.235814,145306518,0000000.0000,0000000.0,13362.4,0.272977,68309.46,0.2511,2030-06-01
NK225E    ,OOP,203006,66750.0,            ,135306718,0000000.0000,0000000.0,11063.68,0.235464,145306718,0000000.0000,0000000.0,13249.08,0.272655,68309.46,0.2511,2030-06-01
NK225E    ,OOP,203006,67000.0,            ,185307018,0000000.0000,0000000.0,11186.85,0.235204,195307018,0000000.0000,0000000.0,13136.48,0.272216,68309.46,0.2511,2030-06-01
NK225E    ,OOP,203006,67250.0,            ,135307218,0000000.0000,0000000.0,11310.59,0.23493,145307218,0000000.0000,0000000.0,13024.45,0.271869,68309.46,0.2511,2030-06-01
NK225E    ,OOP,203006,67500.0,            ,135307518,0000000.0000,0000000.0,11435.05,0.234641,145307518,0000000.0000,0000000.0,12913.15,0.271406,68309.46,0.2511,2030-06-01
NK225E    ,OOP,203006,67750.0,            ,135307718,0000000.0000,0000000.0,11560.12,0.234338,145307718,0000000.0000,0000000.0,12802.46,0.271036,68309.46,0.2511,2030-06-01
NK225E    ,OOP,203006,68000.0,            ,185308018,0000000.0000,0000000.0,11685.91,0.23402,195308018,0000000.0000,0000000.0,12692.48,0.270654,68309.46,0.2511,2030-06-01
NK225E    ,OOP,203006,68250.0,            ,135308218,0000000.0000,0000000.0,11812.31,0.233689,145308218,0000000.0000,0000000.0,12583.12,0.27026,68309.46,0.2511,2030-06-01
NK225E    ,OOP,203006,68500.0,            ,135308518,0000000.0000,0000000.0,11939.38,0.233343,145308518,0000000.0000,0000000.0,12474.42,0.269854,68309.46,0.2511,2030-06-01
NK225E    ,OOP,203006,68750.0,            ,135308718,0000000.0000,0000000.0,12067.1,0.233086,145308718,0000000.0000,0000000.0,12366.38,0.26954,68309.46,0.2511,2030-06-01
NK225E    ,OOP,203006,69000.0,            ,185309018,0000000.0000,0000000.0,12195.48,0.232712,195309018,0000000.0000,0000000.0,12258.99,0.269111,68309.46,0.2511,2030-06-01
NK225E    ,OOP,203006,69250.0,            ,135309218,0000000.0000,0000000.0,12324.47,0.232426,145309218,0000000.0000,0000000.0,12152.22,0.268773,68309.46,0.2511,2030-06-01
NK225E    ,OOP,203006,69500.0,            ,135309518,0000000.0000,0000000.0,12454.16,0.232127,145309518,0000000.0000,0000000.0,12046.15,0.268424,68309.46,0.2511,2030-06-01
NK225E    ,OOP,203006,69750.0,            ,135309718,0000000.0000,0000000.0,12584.51,0.231813,145309718,0000000.0000,0000000.0,11940.73,0.26796,68309.46,0.2511,2030-06-01
NK225E    ,OOP,203006,70000.0,            ,185300018,0000000.0000,0000000.0,12715.51,0.231486,195300018,0000000.0000,0000000.0,11835.96,0.267587,68309.46,0.2511,2030-06-01
NK225E    ,OOP,203006,70250.0,            ,135300218,0000000.0000,0000000.0,12847.15,0.231145,145300218,0000000.0000,0000000.0,11731.84,0.267203,68309.46,0.2511,2030-06-01
NK225E    ,OOP,203006,70500.0,            ,135300518,0000000.0000,0000000.0,12979.45,0.230891,145300518,0000000.0000,0000000.0,11628.37,0.266909,68309.46,0.2511,2030-06-01
NK225E    ,OOP,203006,70750.0,            ,135300718,0000000.0000,0000000.0,13112.39,0.230522,145300718,0000000.0000,0000000.0,11525.54,0.266501,68309.46,0.2511,2030-06-01
NK225E    ,OOP,203006,71000.0,            ,185301018,0000000.0000,0000000.0,13246.02,0.230241,195301018,0000000.0000,0000000.0,11423.41,0.266185,68309.46,0.2511,2030-06-01
NK225E    ,OOP,203006,71250.0,            ,135301218,0000000.0000,0000000.0,13380.29,0.229946,145301218,0000000.0000,0000000.0,11321.92,0.265754,68309.46,0.2511,2030-06-01
NK225E    ,OOP,203006,71500.0,            ,135301518,0000000.0000,0000000.0,13515.21,0.229637,145301518,0000000.0000,0000000.0,11221.07,0.265414,68309.46,0.2511,2030-06-01
NK225E    ,OOP,203006,71750.0,            ,185301718,0000000.0000,0000000.0,13650.76,0.229315,195301718,0000000.0000,0000000.0,11120.86,0.265062,68309.46,0.2511,2030-06-01
NK225E    ,OOP,203006,72000.0,            ,185302018,0000000.0000,0000000.0,13787.0,0.228979,195302018,0000000.0000,0000000.0,11021.33,0.264699,68309.46,0.2511,2030-06-01
NK225E    ,OOP,203006,72250.0,            ,185302218,0000000.0000,0000000.0,13923.92,0.22863,195302218,0000000.0000,0000000.0,10922.49,0.264325,68309.46,0.2511,2030-06-01
NK225E    ,OOP,203006,72500.0,            ,185302518,0000000.0000,0000000.0,14061.53,0.228367,195302518,0000000.0000,0000000.0,10824.33,0.263939,68309.46,0.2511,2030-06-01
NK225E    ,OOP,203006,72750.0,            ,185302718,0000000.0000,0000000.0,14199.71,0.227991,195302718,0000000.0000,0000000.0,10726.75,0.263643,68309.46,0.2511,2030-06-01
NK225E    ,OOP,203006,73000.0,            ,185303018,0000000.0000,0000000.0,14338.58,0.227702,195303018,0000000.0000,0000000.0,10629.85,0.263235,68309.46,0.2511,2030-06-01
NK225E    ,OOP,203006,73250.0,            ,185303218,0000000.0000,0000000.0,14478.22,0.227399,195303218,0000000.0000,0000000.0,10533.73,0.262916,68309.46,0.2511,2030-06-01
NK225E    ,OOP,203006,73500.0,            ,185303518,0000000.0000,0000000.0,14618.49,0.227083,195303518,0000000.0000,0000000.0,10438.23,0.262586,68309.46,0.2511,2030-06-01
NK225E    ,OOP,203006,73750.0,            ,185303718,0000000.0000,0000000.0,14759.38,0.226753,195303718,0000000.0000,0000000.0,10343.36,0.262245,68309.46,0.2511,2030-06-01
NK225E    ,OOP,203006,74000.0,            ,185304018,0000000.0000,0000000.0,14900.89,0.22641,195304018,0000000.0000,0000000.0,10249.11,0.261892,68309.46,0.2511,2030-06-01
NK225E    ,OOP,203006,74250.0,            ,185304218,0000000.0000,0000000.0,15043.22,0.226154,195304218,0000000.0000,0000000.0,10155.67,0.261528,68309.46,0.2511,2030-06-01
NK225E    ,OOP,203006,74500.0,            ,185304518,0000000.0000,0000000.0,15186.22,0.225784,195304518,0000000.0000,0000000.0,10062.91,0.261254,68309.46,0.2511,2030-06-01
NK225E    ,OOP,203006,74750.0,            ,185304718,0000000.0000,0000000.0,15329.84,0.225502,195304718,0000000.0000,0000000.0,9970.76,0.260868,68309.46,0.2511,2030-06-01
NK225E    ,OOP,203006,75000.0,            ,135425018,0000000.0000,0000000.0,15474.07,0.225206,145425018,0000000.0000,0000000.0,9879.22,0.260571,68309.46,0.2511,2030-06-01
NK225E    ,OOP,203006,75250.0,            ,185305218,0000000.0000,0000000.0,15619.2,0.224897,195305218,0000000.0000,0000000.0,9788.59,0.260263,68309.46,0.2511,2030-06-01
NK225E    ,OOP,203006,75500.0,            ,185305518,0000000.0000,0000000.0,15764.95,0.224574,195305518,0000000.0000,0000000.0,9698.58,0.259944,68309.46,0.2511,2030-06-01
NK225E    ,OOP,203006,75750.0,            ,185305718,0000000.0000,0000000.0,15911.31,0.224239,195305718,0000000.0000,0000000.0,9609.17,0.259613,68309.46,0.2511,2030-06-01
NK225E    ,OOP,203006,76000.0,            ,135426018,0000000.0000,0000000.0,16058.32,0.223891,145426018,0000000.0000,0000000.0,9520.41,0.259272,68309.46,0.2511,2030-06-01
NK225E    ,OOP,203006,76250.0,            ,185306218,0000000.0000,0000000.0,16207.18,0.223629,195306218,0000000.0000,0000000.0,9433.51,0.25892,68309.46,0.2511,2030-06-01
NK225E    ,OOP,203006,77500.0,            ,185307518,0000000.0000,0000000.0,16960.66,0.222126,195307518,0000000.0000,0000000.0,9008.17,0.257495,68309.46,0.2511,2030-06-01
NK225E    ,OOP,203006,80000.0,            ,135420018,0000000.0000,0000000.0,18511.44,0.219156,145420018,0000000.0000,0000000.0,8201.3,0.254635,68309.46,0.2511,2030-06-01
NK225E    ,OOP,203006,85000.0,            ,185425018,0000000.0000,0000000.0,21864.85,0.214756,195425018,0000000.0000,0000000.0,6839.41,0.251119,68309.46,0.2511,2030-06-01
NK225E    ,OOP,203006,90000.0,            ,185420018,0000000.0000,0000000.0,25585.44,0.213629,195420018,0000000.0000,0000000.0,5844.71,0.25157,68309.46,0.2511,2030-06-01
NK225E    ,OOP,203012,15000.0,            ,185125018,0000000.0000,0000000.0,68.06,0.31783,195125018,0000000.0000,0000000.0,50745.55,0.673329,68309.46,0.2511,2030-12-01
NK225E    ,OOP,203012,16000.0,            ,185126018,0000000.0000,0000000.0,93.27,0.317388,195126018,0000000.0000,0000000.0,49835.11,0.646361,68309.46,0.2511,2030-12-01
NK225E    ,OOP,203012,17000.0,            ,185127018,0000000.0000,0000000.0,124.49,0.316861,195127018,0000000.0000,0000000.0,48930.69,0.622322,68309.46,0.2511,2030-12-01
NK225E    ,OOP,203012,18000.0,            ,185128018,0000000.0000,0000000.0,162.41,0.316771,195128018,0000000.0000,0000000.0,48032.96,0.599983,68309.46,0.2511,2030-12-01
NK225E    ,OOP,203012,19000.0,            ,185129018,0000000.0000,0000000.0,207.67,0.316734,195129018,0000000.0000,0000000.0,47142.59,0.579895,68309.46,0.2511,2030-12-01
NK225E    ,OOP,203012,20000.0,            ,185120018,0000000.0000,0000000.0,260.92,0.316349,195120018,0000000.0000,0000000.0,46260.19,0.56177,68309.46,0.2511,2030-12-01
NK225E    ,OOP,203012,21000.0,            ,185121018,0000000.0000,0000000.0,322.73,0.316246,195121018,0000000.0000,0000000.0,45386.36,0.545011,68309.46,0.2511,2030-12-01
NK225E    ,OOP,203012,21750.0,            ,185121718,0000000.0000,0000000.0,375.04,0.316244,195121718,0000000.0000,0000000.0,44736.95,0.53336,68309.46,0.2511,2030-12-01
NK225E    ,OOP,203012,22000.0,            ,185122018,0000000.0000,0000000.0,393.65,0.316726,195122018,0000000.0000,0000000.0,44521.65,0.529459,68309.46,0.2511,2030-12-01
NK225E    ,OOP,203012,22250.0,            ,185122218,0000000.0000,0000000.0,412.87,0.31627,195122218,0000000.0000,0000000.0,44306.96,0.525943,68309.46,0.2511,2030-12-01
NK225E    ,OOP,203012,22500.0,            ,135122518,0000000.0000,0000000.0,432.7,0.316535,145122518,0000000.0000,0000000.0,44092.87,0.522466,68309.46,0.2511,2030-12-01
NK225E    ,OOP,203012,22750.0,            ,135122718,0000000.0000,0000000.0,453.14,0.315937,145122718,0000000.0000,0000000.0,43879.41,0.519027,68309.46,0.2511,2030-12-01
NK225E    ,OOP,203012,23000.0,            ,135123018,0000000.0000,0000000.0,474.21,0.316022,145123018,0000000.0000,0000000.0,43666.56,0.515627,68309.46,0.2511,2030-12-01
NK225E    ,OOP,203012,23250.0,            ,135123218,0000000.0000,0000000.0,495.9,0.316016,145123218,0000000.0000,0000000.0,43454.35,0.512264,68309.46,0.2511,2030-12-01
NK225E    ,OOP,203012,23500.0,            ,135123518,0000000.0000,0000000.0,518.24,0.315926,145123518,0000000.0000,0000000.0,43242.77,0.508936,68309.46,0.2511,2030-12-01
NK225E    ,OOP,203012,23750.0,            ,135123718,0000000.0000,0000000.0,541.22,0.315758,145123718,0000000.0000,0000000.0,43031.84,0.505957,68309.46,0.2511,2030-12-01
NK225E    ,OOP,203012,24000.0,            ,135124018,0000000.0000,0000000.0,564.85,0.316164,145124018,0000000.0000,0000000.0,42821.56,0.502695,68309.46,0.2511,2030-12-01
NK225E    ,OOP,203012,24250.0,            ,135124218,0000000.0000,0000000.0,589.14,0.315842,145124218,0000000.0000,0000000.0,42611.94,0.499774,68309.46,0.2511,2030-12-01
NK225E    ,OOP,203012,24500.0,            ,135124518,0000000.0000,0000000.0,614.09,0.316066,145124518,0000000.0000,0000000.0,42402.98,0.496574,68309.46,0.2511,2030-12-01
NK225E    ,OOP,203012,24750.0,            ,135124718,0000000.0000,0000000.0,639.71,0.315614,145124718,0000000.0000,0000000.0,42194.69,0.493707,68309.46,0.2511,2030-12-01
NK225E    ,OOP,203012,25000.0,            ,135125018,0000000.0000,0000000.0,666.01,0.315684,145125018,0000000.0000,0000000.0,41987.08,0.490865,68309.46,0.2511,2030-12-01
NK225E    ,OOP,203012,25250.0,            ,135125218,0000000.0000,0000000.0,692.98,0.315676,145125218,0000000.0000,0000000.0,41780.15,0.488047,68309.46,0.2511,2030-12-01
NK225E    ,OOP,203012,25500.0,            ,135125518,0000000.0000,0000000.0,720.65,0.315597,145125518,0000000.0000,0000000.0,41573.9,0.485544,68309.46,0.2511,2030-12-01
NK225E    ,OOP,203012,25750.0,            ,135125718,0000000.0000,0000000.0,749.0,0.315452,145125718,0000000.0000,0000000.0,41368.35,0.48277,68309.46,0.2511,2030-12-01
NK225E    ,OOP,203012,26000.0,            ,135126018,0000000.0000,0000000.0,778.06,0.315755,145126018,0000000.0000,0000000.0,41163.49,0.480303,68309.46,0.2511,2030-12-01
NK225E    ,OOP,203012,26250.0,            ,135126218,0000000.0000,0000000.0,807.81,0.315478,145126218,0000000.0000,0000000.0,40959.33,0.47757,68309.46,0.2511,2030-12-01
NK225E    ,OOP,203012,26500.0,            ,135126518,0000000.0000,0000000.0,838.27,0.315632,145126518,0000000.0000,0000000.0,40755.89,0.475139,68309.46,0.2511,2030-12-01
NK225E    ,OOP,203012,26750.0,            ,135126718,0000000.0000,0000000.0,869.45,0.315242,145126718,0000000.0000,0000000.0,40553.15,0.472723,68309.46,0.2511,2030-12-01
NK225E    ,OOP,203012,27000.0,            ,135127018,0000000.0000,0000000.0,901.34,0.315266,145127018,0000000.0000,0000000.0,40351.13,0.470322,68309.46,0.2511,2030-12-01
NK225E    ,OOP,203012,27250.0,            ,135127218,0000000.0000,0000000.0,933.95,0.315226,145127218,0000000.0000,0000000.0,40149.83,0.467936,68309.46,0.2511,2030-12-01
NK225E    ,OOP,203012,27500.0,            ,135127518,0000000.0000,0000000.0,967.28,0.315126,145127518,0000000.0000,0000000.0,39949.26,0.465832,68309.46,0.2511,2030-12-01
NK225E    ,OOP,203012,27750.0,            ,135127718,0000000.0000,0000000.0,1001.35,0.31497,145127718,0000000.0000,0000000.0,39749.41,0.463472,68309.46,0.2511,2030-12-01
NK225E    ,OOP,203012,28000.0,            ,135128018,0000000.0000,0000000.0,1036.14,0.315179,145128018,0000000.0000,0000000.0,39550.3,0.461388,68309.46,0.2511,2030-12-01
NK225E    ,OOP,203012,28250.0,            ,135128218,0000000.0000,0000000.0,1071.68,0.314911,145128218,0000000.0000,0000000.0,39351.92,0.459054,68309.46,0.2511,2030-12-01
NK225E    ,OOP,203012,28500.0,            ,135128518,0000000.0000,0000000.0,1107.95,0.314996,145128518,0000000.0000,0000000.0,39154.29,0.45699,68309.46,0.2511,2030-12-01
NK225E    ,OOP,203012,28750.0,            ,135128718,0000000.0000,0000000.0,1144.97,0.315021,145128718,0000000.0000,0000000.0,38957.39,0.454934,68309.46,0.2511,2030-12-01
NK225E    ,OOP,203012,29000.0,            ,135129018,0000000.0000,0000000.0,1182.74,0.314988,145129018,0000000.0000,0000000.0,38761.25,0.453138,68309.46,0.2511,2030-12-01
NK225E    ,OOP,203012,29250.0,            ,135129218,0000000.0000,0000000.0,1203.65,0.313781,145129218,0000000.0000,0000000.0,38548.25,0.450348,68309.46,0.2511,2030-12-01
NK225E    ,OOP,203012,29500.0,            ,135129518,0000000.0000,0000000.0,1224.68,0.312195,145129518,0000000.0000,0000000.0,38335.37,0.447579,68309.46,0.2511,2030-12-01
NK225E    ,OOP,203012,29750.0,            ,135129718,0000000.0000,0000000.0,1245.83,0.310975,145129718,0000000.0000,0000000.0,38122.61,0.444832,68309.46,0.2511,2030-12-01
NK225E    ,OOP,203012,30000.0,            ,135120018,0000000.0000,0000000.0,1267.09,0.309745,145120018,0000000.0000,0000000.0,37909.96,0.442105,68309.46,0.2511,2030-12-01
NK225E    ,OOP,203012,30250.0,            ,135120218,0000000.0000,0000000.0,1289.61,0.308507,145120218,0000000.0000,0000000.0,37698.57,0.439399,68309.46,0.2511,2030-12-01
NK225E    ,OOP,203012,30500.0,            ,135120518,0000000.0000,0000000.0,1312.3,0.307261,145120518,0000000.0000,0000000.0,37487.35,0.436713,68309.46,0.2511,2030-12-01
NK225E    ,OOP,203012,30750.0,            ,135120718,0000000.0000,0000000.0,1335.13,0.306008,145120718,0000000.0000,0000000.0,37276.27,0.434284,68309.46,0.2511,2030-12-01
NK225E    ,OOP,203012,31000.0,            ,135121018,0000000.0000,0000000.0,1358.1,0.304747,145121018,0000000.0000,0000000.0,37065.33,0.431636,68309.46,0.2511,2030-12-01
NK225E    ,OOP,203012,31250.0,            ,135121218,0000000.0000,0000000.0,1382.38,0.303813,145121218,0000000.0000,0000000.0,36855.7,0.429006,68309.46,0.2511,2030-12-01
NK225E    ,OOP,203012,31500.0,            ,135121518,0000000.0000,0000000.0,1406.84,0.302534,145121518,0000000.0000,0000000.0,36646.25,0.426625,68309.46,0.2511,2030-12-01
NK225E    ,OOP,203012,31750.0,            ,135121718,0000000.0000,0000000.0,1431.48,0.301574,145121718,0000000.0000,0000000.0,36436.98,0.424259,68309.46,0.2511,2030-12-01
NK225E    ,OOP,203012,32000.0,            ,135122018,0000000.0000,0000000.0,1456.29,0.300279,145122018,0000000.0000,0000000.0,36227.88,0.42168,68309.46,0.2511,2030-12-01
NK225E    ,OOP,203012,32250.0,            ,135122218,0000000.0000,0000000.0,1482.43,0.299294,145122218,0000000.0000,0000000.0,36020.11,0.419344,68309.46,0.2511,2030-12-01
NK225E    ,OOP,203012,32500.0,            ,185122518,0000000.0000,0000000.0,1508.79,0.298295,195122518,0000000.0000,0000000.0,35812.56,0.417021,68309.46,0.2511,2030-12-01
NK225E    ,OOP,203012,32750.0,            ,185122718,0000000.0000,0000000.0,1535.34,0.296977,195122718,0000000.0000,0000000.0,35605.2,0.414711,68309.46,0.2511,2030-12-01
NK225E    ,OOP,203012,33000.0,            ,185123018,0000000.0000,0000000.0,1562.11,0.295957,195123018,0000000.0000,0000000.0,35398.06,0.412414,68309.46,0.2511,2030-12-01
NK225E    ,OOP,203012,33250.0,            ,185123218,0000000.0000,0000000.0,1590.24,0.294925,195123218,0000000.0000,0000000.0,35192.28,0.410348,68309.46,0.2511,2030-12-01
NK225E    ,OOP,203012,33500.0,            ,185123518,0000000.0000,0000000.0,1618.62,0.293881,195123518,0000000.0000,0000000.0,34986.75,0.408074,68309.46,0.2511,2030-12-01
NK225E    ,OOP,203012,33750.0,            ,185123718,0000000.0000,0000000.0,1647.21,0.292826,195123718,0000000.0000,0000000.0,34781.43,0.405813,68309.46,0.2511,2030-12-01
NK225E    ,OOP,203012,34000.0,            ,185124018,0000000.0000,0000000.0,1676.06,0.292045,195124018,0000000.0000,0000000.0,34576.37,0.403776,68309.46,0.2511,2030-12-01
NK225E    ,OOP,203012,34250.0,            ,185124218,0000000.0000,0000000.0,1706.29,0.290966,195124218,0000000.0000,0000000.0,34372.69,0.401748,68309.46,0.2511,2030-12-01
NK225E    ,OOP,203012,34500.0,            ,185124518,0000000.0000,0000000.0,1736.8,0.290154,195124518,0000000.0000,0000000.0,34169.29,0.399518,68309.46,0.2511,2030-12-01
NK225E    ,OOP,203012,34750.0,            ,185124718,0000000.0000,0000000.0,1767.58,0.289052,195124718,0000000.0000,0000000.0,33966.16,0.397507,68309.46,0.2511,2030-12-01
NK225E    ,OOP,203012,35000.0,            ,135245018,0000000.0000,0000000.0,1798.62,0.288211,145245018,0000000.0000,0000000.0,33763.29,0.395504,68309.46,0.2511,2030-12-01
NK225E    ,OOP,203012,35250.0,            ,185125218,0000000.0000,0000000.0,1831.08,0.287355,195125218,0000000.0000,0000000.0,33561.83,0.393509,68309.46,0.2511,2030-12-01
NK225E    ,OOP,203012,35500.0,            ,185125518,0000000.0000,0000000.0,1863.83,0.286484,195125518,0000000.0000,0000000.0,33360.68,0.391521,68309.46,0.2511,2030-12-01
NK225E    ,OOP,203012,35750.0,            ,185125718,0000000.0000,0000000.0,1896.88,0.285598,195125718,0000000.0000,0000000.0,33159.81,0.389541,68309.46,0.2511,2030-12-01
NK225E    ,OOP,203012,36000.0,            ,135246018,0000000.0000,0000000.0,1930.24,0.284699,145246018,0000000.0000,0000000.0,32959.27,0.387767,68309.46,0.2511,2030-12-01
NK225E    ,OOP,203012,36250.0,            ,185126218,0000000.0000,0000000.0,1965.03,0.283786,195126218,0000000.0000,0000000.0,32760.15,0.385799,68309.46,0.2511,2030-12-01
NK225E    ,OOP,203012,36500.0,            ,185126518,0000000.0000,0000000.0,2000.15,0.282861,195126518,0000000.0000,0000000.0,32561.36,0.384034,68309.46,0.2511,2030-12-01
NK225E    ,OOP,203012,36750.0,            ,185126718,0000000.0000,0000000.0,2035.59,0.282169,195126718,0000000.0000,0000000.0,32362.89,0.382079,68309.46,0.2511,2030-12-01
NK225E    ,OOP,203012,37000.0,            ,135247018,0000000.0000,0000000.0,2071.39,0.281216,145247018,0000000.0000,0000000.0,32164.77,0.380324,68309.46,0.2511,2030-12-01
NK225E    ,OOP,203012,37250.0,            ,185127218,0000000.0000,0000000.0,2108.63,0.280492,195127218,0000000.0000,0000000.0,31968.11,0.378572,68309.46,0.2511,2030-12-01
NK225E    ,OOP,203012,37500.0,            ,185127518,0000000.0000,0000000.0,2146.23,0.27975,195127518,0000000.0000,0000000.0,31771.8,0.376823,68309.46,0.2511,2030-12-01
NK225E    ,OOP,203012,37750.0,            ,185127718,0000000.0000,0000000.0,2184.19,0.278993,195127718,0000000.0000,0000000.0,31575.85,0.375079,68309.46,0.2511,2030-12-01
NK225E    ,OOP,203012,38000.0,            ,135248018,0000000.0000,0000000.0,2222.53,0.278219,145248018,0000000.0000,0000000.0,31380.27,0.373337,68309.46,0.2511,2030-12-01
NK225E    ,OOP,203012,38250.0,            ,185128218,0000000.0000,0000000.0,2262.31,0.277431,195128218,0000000.0000,0000000.0,31186.15,0.371784,68309.46,0.2511,2030-12-01
NK225E    ,OOP,203012,38500.0,            ,185128518,0000000.0000,0000000.0,2302.51,0.276628,195128518,0000000.0000,0000000.0,30992.43,0.370049,68309.46,0.2511,2030-12-01
NK225E    ,OOP,203012,38750.0,            ,185128718,0000000.0000,0000000.0,2343.07,0.276032,195128718,0000000.0000,0000000.0,30799.08,0.368498,68309.46,0.2511,2030-12-01
NK225E    ,OOP,203012,39000.0,            ,135249018,0000000.0000,0000000.0,2384.04,0.275198,145249018,0000000.0000,0000000.0,30606.15,0.366948,68309.46,0.2511,2030-12-01
NK225E    ,OOP,203012,39250.0,            ,185129218,0000000.0000,0000000.0,2426.47,0.274568,195129218,0000000.0000,0000000.0,30414.67,0.365399,68309.46,0.2511,2030-12-01
NK225E    ,OOP,203012,39500.0,            ,185129518,0000000.0000,0000000.0,2469.34,0.27392,195129518,0000000.0000,0000000.0,30223.63,0.36385,68309.46,0.2511,2030-12-01
NK225E    ,OOP,203012,39750.0,            ,185129718,0000000.0000,0000000.0,2512.63,0.273254,195129718,0000000.0000,0000000.0,30033.01,0.362302,68309.46,0.2511,2030-12-01
NK225E    ,OOP,203012,40000.0,            ,135240018,0000000.0000,0000000.0,2556.33,0.272572,145240018,0000000.0000,0000000.0,29842.8,0.360754,68309.46,0.2511,2030-12-01
NK225E    ,OOP,203012,40250.0,            ,185120218,0000000.0000,0000000.0,2601.51,0.271873,195120218,0000000.0000,0000000.0,29654.06,0.359207,68309.46,0.2511,2030-12-01
NK225E    ,OOP,203012,40500.0,            ,185120518,0000000.0000,0000000.0,2647.14,0.271159,195120518,0000000.0000,0000000.0,29465.79,0.357832,68309.46,0.2511,2030-12-01
NK225E    ,OOP,203012,40750.0,            ,185120718,0000000.0000,0000000.0,2693.23,0.270631,195120718,0000000.0000,0000000.0,29277.96,0.356456,68309.46,0.2511,2030-12-01
NK225E    ,OOP,203012,41000.0,            ,135241018,0000000.0000,0000000.0,2739.76,0.269885,145241018,0000000.0000,0000000.0,29090.58,0.354908,68309.46,0.2511,2030-12-01
NK225E    ,OOP,203012,41250.0,            ,185121218,0000000.0000,0000000.0,2787.78,0.269322,195121218,0000000.0000,0000000.0,28904.69,0.353529,68309.46,0.2511,2030-12-01
NK225E    ,OOP,203012,41500.0,            ,185121518,0000000.0000,0000000.0,2836.27,0.26874,195121518,0000000.0000,0000000.0,28719.27,0.352148,68309.46,0.2511,2030-12-01
NK225E    ,OOP,203012,41750.0,            ,135241718,0000000.0000,0000000.0,2885.23,0.268141,145241718,0000000.0000,0000000.0,28534.32,0.350931,68309.46,0.2511,2030-12-01
NK225E    ,OOP,203012,42000.0,            ,135242018,0000000.0000,0000000.0,2934.69,0.267524,145242018,0000000.0000,0000000.0,28349.87,0.349545,68309.46,0.2511,2030-12-01
NK225E    ,OOP,203012,42250.0,            ,135242218,0000000.0000,0000000.0,2985.61,0.266891,145242218,0000000.0000,0000000.0,28166.88,0.348157,68309.46,0.2511,2030-12-01
NK225E    ,OOP,203012,42500.0,            ,185242518,0000000.0000,0000000.0,3037.05,0.266428,195242518,0000000.0000,0000000.0,27984.41,0.34693,68309.46,0.2511,2030-12-01
NK225E    ,OOP,203012,42750.0,            ,135242718,0000000.0000,0000000.0,3088.95,0.265762,145242718,0000000.0000,0000000.0,27802.41,0.345699,68309.46,0.2511,2030-12-01
NK225E    ,OOP,203012,43000.0,            ,135243018,0000000.0000,0000000.0,3141.39,0.265262,145243018,0000000.0000,0000000.0,27620.93,0.344464,68309.46,0.2511,2030-12-01
NK225E    ,OOP,203012,43250.0,            ,135243218,0000000.0000,0000000.0,3195.29,0.264744,145243218,0000000.0000,0000000.0,27440.92,0.343224,68309.46,0.2511,2030-12-01
NK225E    ,OOP,203012,43500.0,            ,135243518,0000000.0000,0000000.0,3249.71,0.264208,145243518,0000000.0000,0000000.0,27261.43,0.341982,68309.46,0.2511,2030-12-01
NK225E    ,OOP,203012,43750.0,            ,135243718,0000000.0000,0000000.0,3304.65,0.263655,145243718,0000000.0000,0000000.0,27082.46,0.340735,68309.46,0.2511,2030-12-01
NK225E    ,OOP,203012,44000.0,            ,135244018,0000000.0000,0000000.0,3360.15,0.263084,145244018,0000000.0000,0000000.0,26904.05,0.33964,68309.46,0.2511,2030-12-01
NK225E    ,OOP,203012,44250.0,            ,135244218,0000000.0000,0000000.0,3417.08,0.262497,145244218,0000000.0000,0000000.0,26727.07,0.338385,68309.46,0.2511,2030-12-01
NK225E    ,OOP,203012,44500.0,            ,135244518,0000000.0000,0000000.0,3474.59,0.262066,145244518,0000000.0000,0000000.0,26550.67,0.337279,68309.46,0.2511,2030-12-01
NK225E    ,OOP,203012,44750.0,            ,135244718,0000000.0000,0000000.0,3532.61,0.261445,145244718,0000000.0000,0000000.0,26374.78,0.336168,68309.46,0.2511,2030-12-01
NK225E    ,OOP,203012,45000.0,            ,185245018,0000000.0000,0000000.0,3591.2,0.260977,195245018,0000000.0000,0000000.0,26199.46,0.335052,68309.46,0.2511,2030-12-01
NK225E    ,OOP,203012,45250.0,            ,135245218,0000000.0000,0000000.0,3651.2,0.260492,145245218,0000000.0000,0000000.0,26025.56,0.33393,68309.46,0.2511,2030-12-01
NK225E    ,OOP,203012,45500.0,            ,135245518,0000000.0000,0000000.0,3711.8,0.259988,145245518,0000000.0000,0000000.0,25852.24,0.332952,68309.46,0.2511,2030-12-01
NK225E    ,OOP,203012,45750.0,            ,135245718,0000000.0000,0000000.0,3772.96,0.259631,145245718,0000000.0000,0000000.0,25679.49,0.331819,68309.46,0.2511,2030-12-01
NK225E    ,OOP,203012,46000.0,            ,185246018,0000000.0000,0000000.0,3834.69,0.259092,195246018,0000000.0000,0000000.0,25507.31,0.330827,68309.46,0.2511,2030-12-01
NK225E    ,OOP,203012,46250.0,            ,135246218,0000000.0000,0000000.0,3897.84,0.258697,145246218,0000000.0000,0000000.0,25336.55,0.329829,68309.46,0.2511,2030-12-01
NK225E    ,OOP,203012,46500.0,            ,135246518,0000000.0000,0000000.0,3961.58,0.258125,145246518,0000000.0000,0000000.0,25166.38,0.328823,68309.46,0.2511,2030-12-01
NK225E    ,OOP,203012,46750.0,            ,135246718,0000000.0000,0000000.0,4025.9,0.257694,145246718,0000000.0000,0000000.0,24996.79,0.327811,68309.46,0.2511,2030-12-01
NK225E    ,OOP,203012,47000.0,            ,185247018,0000000.0000,0000000.0,4090.83,0.257246,195247018,0000000.0000,0000000.0,24827.81,0.326793,68309.46,0.2511,2030-12-01
NK225E    ,OOP,203012,47250.0,            ,135247218,0000000.0000,0000000.0,4157.15,0.256934,145247218,0000000.0000,0000000.0,24660.22,0.325767,68309.46,0.2511,2030-12-01
NK225E    ,OOP,203012,47500.0,            ,135247518,0000000.0000,0000000.0,4224.06,0.256449,145247518,0000000.0000,0000000.0,24493.22,0.324877,68309.46,0.2511,2030-12-01
NK225E    ,OOP,203012,47750.0,            ,135247718,0000000.0000,0000000.0,4291.57,0.255949,145247718,0000000.0000,0000000.0,24326.82,0.323979,68309.46,0.2511,2030-12-01
NK225E    ,OOP,203012,48000.0,            ,185248018,0000000.0000,0000000.0,4359.69,0.255582,195248018,0000000.0000,0000000.0,24161.03,0.322933,68309.46,0.2511,2030-12-01
NK225E    ,OOP,203012,48250.0,            ,135248218,0000000.0000,0000000.0,4429.16,0.255196,145248218,0000000.0000,0000000.0,23996.59,0.32202,68309.46,0.2511,2030-12-01
NK225E    ,OOP,203012,48500.0,            ,135248518,0000000.0000,0000000.0,4499.27,0.254793,145248518,0000000.0000,0000000.0,23832.79,0.321236,68309.46,0.2511,2030-12-01
NK225E    ,OOP,203012,48750.0,            ,135248718,0000000.0000,0000000.0,4570.01,0.254372,145248718,0000000.0000,0000000.0,23669.62,0.320307,68309.46,0.2511,2030-12-01
NK225E    ,OOP,203012,49000.0,            ,185249018,0000000.0000,0000000.0,4641.35,0.253935,195249018,0000000.0000,0000000.0,23507.05,0.31937,68309.46,0.2511,2030-12-01
NK225E    ,OOP,203012,49250.0,            ,135249218,0000000.0000,0000000.0,4714.03,0.253624,145249218,0000000.0000,0000000.0,23345.81,0.318561,68309.46,0.2511,2030-12-01
NK225E    ,OOP,203012,49500.0,            ,135249518,0000000.0000,0000000.0,4787.36,0.253152,145249518,0000000.0000,0000000.0,23185.24,0.317743,68309.46,0.2511,2030-12-01
NK225E    ,OOP,203012,49750.0,            ,135249718,0000000.0000,0000000.0,4861.29,0.252805,145249718,0000000.0000,0000000.0,23025.25,0.316916,68309.46,0.2511,2030-12-01
NK225E    ,OOP,203012,50000.0,            ,185240018,0000000.0000,0000000.0,4935.88,0.252441,195240018,0000000.0000,0000000.0,22865.93,0.31608,68309.46,0.2511,2030-12-01
NK225E    ,OOP,203012,50250.0,            ,135240218,0000000.0000,0000000.0,5011.75,0.252059,145240218,0000000.0000,0000000.0,22707.9,0.315237,68309.46,0.2511,2030-12-01
NK225E    ,OOP,203012,50500.0,            ,135240518,0000000.0000,0000000.0,5088.27,0.251661,145240518,0000000.0000,0000000.0,22550.5,0.314384,68309.46,0.2511,2030-12-01
NK225E    ,OOP,203012,50750.0,            ,135240718,0000000.0000,0000000.0,5165.42,0.251245,145240718,0000000.0000,0000000.0,22393.75,0.313654,68309.46,0.2511,2030-12-01
NK225E    ,OOP,203012,51000.0,            ,185241018,0000000.0000,0000000.0,5243.25,0.250949,195241018,0000000.0000,0000000.0,22237.67,0.312915,68309.46,0.2511,2030-12-01
NK225E    ,OOP,203012,51250.0,            ,135241218,0000000.0000,0000000.0,5322.32,0.250501,145241218,0000000.0000,0000000.0,22082.83,0.312166,68309.46,0.2511,2030-12-01
NK225E    ,OOP,203012,51500.0,            ,135241518,0000000.0000,0000000.0,5402.04,0.25017,145241518,0000000.0000,0000000.0,21928.64,0.311408,68309.46,0.2511,2030-12-01
NK225E    ,OOP,203012,51750.0,            ,185241718,0000000.0000,0000000.0,5482.37,0.249823,195241718,0000000.0000,0000000.0,21775.05,0.31064,68309.46,0.2511,2030-12-01
NK225E    ,OOP,203012,52000.0,            ,185242018,0000000.0000,0000000.0,5563.42,0.249458,195242018,0000000.0000,0000000.0,21622.2,0.309864,68309.46,0.2511,2030-12-01
NK225E    ,OOP,203012,52250.0,            ,185242218,0000000.0000,0000000.0,5645.66,0.249208,195242218,0000000.0000,0000000.0,21470.53,0.309205,68309.46,0.2511,2030-12-01
NK225E    ,OOP,203012,52500.0,            ,135362518,0000000.0000,0000000.0,5728.56,0.248809,145362518,0000000.0000,0000000.0,21319.52,0.30841,68309.46,0.2511,2030-12-01
NK225E    ,OOP,203012,52750.0,            ,185242718,0000000.0000,0000000.0,5812.11,0.248524,195242718,0000000.0000,0000000.0,21169.16,0.307731,68309.46,0.2511,2030-12-01
NK225E    ,OOP,203012,53000.0,            ,185243018,0000000.0000,0000000.0,5896.36,0.248094,195243018,0000000.0000,0000000.0,21019.5,0.307042,68309.46,0.2511,2030-12-01
NK225E    ,OOP,203012,53250.0,            ,185243218,0000000.0000,0000000.0,5981.74,0.247775,195243218,0000000.0000,0000000.0,20870.97,0.306344,68309.46,0.2511,2030-12-01
NK225E    ,OOP,203012,53500.0,            ,185243518,0000000.0000,0000000.0,6067.83,0.24744,195243518,0000000.0000,0000000.0,20723.14,0.305636,68309.46,0.2511,2030-12-01
NK225E    ,OOP,203012,53750.0,            ,185243718,0000000.0000,0000000.0,6154.53,0.247089,195243718,0000000.0000,0000000.0,20575.93,0.305041,68309.46,0.2511,2030-12-01
NK225E    ,OOP,203012,54000.0,            ,185244018,0000000.0000,0000000.0,6241.93,0.246846,195244018,0000000.0000,0000000.0,20429.43,0.304314,68309.46,0.2511,2030-12-01
NK225E    ,OOP,203012,54250.0,            ,185244218,0000000.0000,0000000.0,6330.44,0.246462,195244218,0000000.0000,0000000.0,20284.03,0.303698,68309.46,0.2511,2030-12-01
NK225E    ,OOP,203012,54500.0,            ,185244518,0000000.0000,0000000.0,6419.66,0.246185,195244518,0000000.0000,0000000.0,20139.34,0.303072,68309.46,0.2511,2030-12-01
NK225E    ,OOP,203012,54750.0,            ,185244718,0000000.0000,0000000.0,6509.55,0.245892,195244718,0000000.0000,0000000.0,19995.31,0.302437,68309.46,0.2511,2030-12-01
NK225E    ,OOP,203012,55000.0,            ,135365018,0000000.0000,0000000.0,6600.1,0.245583,145365018,0000000.0000,0000000.0,19851.95,0.301791,68309.46,0.2511,2030-12-01
NK225E    ,OOP,203012,55250.0,            ,185245218,0000000.0000,0000000.0,6691.73,0.245258,195245218,0000000.0000,0000000.0,19709.67,0.301135,68309.46,0.2511,2030-12-01
NK225E    ,OOP,203012,55500.0,            ,185245518,0000000.0000,0000000.0,6784.03,0.244916,195245518,0000000.0000,0000000.0,19568.06,0.300587,68309.46,0.2511,2030-12-01
NK225E    ,OOP,203012,55750.0,            ,185245718,0000000.0000,0000000.0,6876.99,0.24456,195245718,0000000.0000,0000000.0,19427.12,0.299911,68309.46,0.2511,2030-12-01
NK225E    ,OOP,203012,56000.0,            ,135366018,0000000.0000,0000000.0,6970.67,0.244306,145366018,0000000.0000,0000000.0,19286.88,0.299343,68309.46,0.2511,2030-12-01
NK225E    ,OOP,203012,56250.0,            ,185246218,0000000.0000,0000000.0,7065.35,0.244036,195246218,0000000.0000,0000000.0,19147.66,0.298764,68309.46,0.2511,2030-12-01
NK225E    ,OOP,203012,56500.0,            ,185246518,0000000.0000,0000000.0,7160.67,0.243634,195246518,0000000.0000,0000000.0,19009.06,0.298175,68309.46,0.2511,2030-12-01
NK225E    ,OOP,203012,56750.0,            ,185246718,0000000.0000,0000000.0,7256.73,0.243333,195246718,0000000.0000,0000000.0,18871.22,0.297576,68309.46,0.2511,2030-12-01
NK225E    ,OOP,203012,57000.0,            ,135367018,0000000.0000,0000000.0,7353.42,0.243016,145367018,0000000.0000,0000000.0,18734.0,0.297081,68309.46,0.2511,2030-12-01
NK225E    ,OOP,203012,57250.0,            ,185247218,0000000.0000,0000000.0,7451.17,0.2428,195247218,0000000.0000,0000000.0,18597.84,0.296461,68309.46,0.2511,2030-12-01
NK225E    ,OOP,203012,57500.0,            ,185247518,0000000.0000,0000000.0,7549.59,0.242453,195247518,0000000.0000,0000000.0,18462.35,0.295946,68309.46,0.2511,2030-12-01
NK225E    ,OOP,203012,57750.0,            ,185247718,0000000.0000,0000000.0,7648.64,0.242205,195247718,0000000.0000,0000000.0,18327.48,0.295419,68309.46,0.2511,2030-12-01
NK225E    ,OOP,203012,58000.0,            ,135368018,0000000.0000,0000000.0,7748.4,0.241827,145368018,0000000.0000,0000000.0,18193.33,0.294882,68309.46,0.2511,2030-12-01
NK225E    ,OOP,203012,58250.0,            ,185248218,0000000.0000,0000000.0,7849.09,0.241549,195248218,0000000.0000,0000000.0,18060.11,0.294334,68309.46,0.2511,2030-12-01
NK225E    ,OOP,203012,58500.0,            ,185248518,0000000.0000,0000000.0,7950.45,0.241255,195248518,0000000.0000,0000000.0,17927.56,0.293777,68309.46,0.2511,2030-12-01
NK225E    ,OOP,203012,58750.0,            ,185248718,0000000.0000,0000000.0,8052.43,0.241058,195248718,0000000.0000,0000000.0,17795.64,0.293209,68309.46,0.2511,2030-12-01
NK225E    ,OOP,203012,59000.0,            ,135369018,0000000.0000,0000000.0,8155.13,0.240733,145369018,0000000.0000,0000000.0,17664.42,0.292741,68309.46,0.2511,2030-12-01
NK225E    ,OOP,203012,59250.0,            ,185249218,0000000.0000,0000000.0,8258.76,0.240395,195249218,0000000.0000,0000000.0,17534.14,0.292153,68309.46,0.2511,2030-12-01
NK225E    ,OOP,203012,59500.0,            ,185249518,0000000.0000,0000000.0,8363.11,0.240152,195249518,0000000.0000,0000000.0,17404.58,0.291665,68309.46,0.2511,2030-12-01
NK225E    ,OOP,203012,59750.0,            ,185249718,0000000.0000,0000000.0,8468.07,0.239893,195249718,0000000.0000,0000000.0,17275.63,0.291166,68309.46,0.2511,2030-12-01
NK225E    ,OOP,203012,60000.0,            ,135360018,0000000.0000,0000000.0,8573.7,0.239511,145360018,0000000.0000,0000000.0,17147.35,0.290657,68309.46,0.2511,2030-12-01
NK225E    ,OOP,203012,60250.0,            ,185240218,0000000.0000,0000000.0,8680.22,0.239333,195240218,0000000.0000,0000000.0,17019.96,0.290246,68309.46,0.2511,2030-12-01
NK225E    ,OOP,203012,60500.0,            ,185240518,0000000.0000,0000000.0,8787.36,0.23903,195240518,0000000.0000,0000000.0,16893.19,0.289716,68309.46,0.2511,2030-12-01
NK225E    ,OOP,203012,60750.0,            ,185240718,0000000.0000,0000000.0,8895.25,0.238714,195240718,0000000.0000,0000000.0,16767.17,0.289176,68309.46,0.2511,2030-12-01
NK225E    ,OOP,203012,61000.0,            ,135361018,0000000.0000,0000000.0,9003.76,0.238383,145361018,0000000.0000,0000000.0,16641.77,0.288733,68309.46,0.2511,2030-12-01
NK225E    ,OOP,203012,61250.0,            ,185241218,0000000.0000,0000000.0,9113.12,0.238145,195241218,0000000.0000,0000000.0,16517.22,0.288279,68309.46,0.2511,2030-12-01
NK225E    ,OOP,203012,61500.0,            ,185241518,0000000.0000,0000000.0,9223.08,0.237892,195241518,0000000.0000,0000000.0,16393.28,0.287815,68309.46,0.2511,2030-12-01
NK225E    ,OOP,203012,61750.0,            ,135361718,0000000.0000,0000000.0,9333.8,0.237625,145361718,0000000.0000,0000000.0,16270.08,0.287341,68309.46,0.2511,2030-12-01
NK225E    ,OOP,203012,62000.0,            ,135362018,0000000.0000,0000000.0,9445.13,0.237344,145362018,0000000.0000,0000000.0,16147.5,0.286856,68309.46,0.2511,2030-12-01
NK225E    ,OOP,203012,62250.0,            ,135362218,0000000.0000,0000000.0,9557.21,0.237049,145362218,0000000.0000,0000000.0,16025.67,0.286361,68309.46,0.2511,2030-12-01
NK225E    ,OOP,203012,62500.0,            ,135242518,0000000.0000,0000000.0,9670.04,0.236739,145242518,0000000.0000,0000000.0,15904.59,0.285961,68309.46,0.2511,2030-12-01
NK225E    ,OOP,203012,62750.0,            ,135362718,0000000.0000,0000000.0,9783.52,0.236416,145362718,0000000.0000,0000000.0,15784.16,0.285551,68309.46,0.2511,2030-12-01
NK225E    ,OOP,203012,63000.0,            ,135363018,0000000.0000,0000000.0,9897.66,0.236184,145363018,0000000.0000,0000000.0,15664.39,0.285025,68309.46,0.2511,2030-12-01
NK225E    ,OOP,203012,63250.0,            ,135363218,0000000.0000,0000000.0,10012.49,0.235937,145363218,0000000.0000,0000000.0,15545.31,0.284594,68309.46,0.2511,2030-12-01
NK225E    ,OOP,203012,63500.0,            ,135363518,0000000.0000,0000000.0,10128.02,0.235573,145363518,0000000.0000,0000000.0,15426.93,0.284152,68309.46,0.2511,2030-12-01
NK225E    ,OOP,203012,63750.0,            ,135363718,0000000.0000,0000000.0,10244.2,0.235298,145363718,0000000.0000,0000000.0,15309.2,0.2837,68309.46,0.2511,2030-12-01
NK225E    ,OOP,203012,64000.0,            ,135364018,0000000.0000,0000000.0,10361.07,0.23501,145364018,0000000.0000,0000000.0,15192.16,0.283342,68309.46,0.2511,2030-12-01
NK225E    ,OOP,203012,64250.0,            ,135364218,0000000.0000,0000000.0,10478.64,0.234811,145364218,0000000.0000,0000000.0,15075.82,0.282869,68309.46,0.2511,2030-12-01
NK225E    ,OOP,203012,64500.0,            ,135364518,0000000.0000,0000000.0,10596.85,0.234496,145364518,0000000.0000,0000000.0,14960.12,0.282489,68309.46,0.2511,2030-12-01
NK225E    ,OOP,203012,64750.0,            ,135364718,0000000.0000,0000000.0,10715.71,0.234167,145364718,0000000.0000,0000000.0,14845.07,0.281996,68309.46,0.2511,2030-12-01
NK225E    ,OOP,203012,65000.0,            ,185365018,0000000.0000,0000000.0,10835.25,0.233927,195365018,0000000.0000,0000000.0,14730.7,0.281596,68309.46,0.2511,2030-12-01
NK225E    ,OOP,203012,65250.0,            ,135365218,0000000.0000,0000000.0,10955.48,0.233673,145365218,0000000.0000,0000000.0,14617.02,0.281185,68309.46,0.2511,2030-12-01
NK225E    ,OOP,203012,65500.0,            ,135365518,0000000.0000,0000000.0,11076.35,0.233406,145365518,0000000.0000,0000000.0,14503.98,0.280764,68309.46,0.2511,2030-12-01
NK225E    ,OOP,203012,65750.0,            ,135365718,0000000.0000,0000000.0,11197.85,0.233125,145365718,0000000.0000,0000000.0,14391.57,0.280333,68309.46,0.2511,2030-12-01
NK225E    ,OOP,203012,66000.0,            ,185366018,0000000.0000,0000000.0,11319.99,0.232831,195366018,0000000.0000,0000000.0,14279.8,0.279993,68309.46,0.2511,2030-12-01
NK225E    ,OOP,203012,66250.0,            ,135366218,0000000.0000,0000000.0,11442.81,0.232524,145366218,0000000.0000,0000000.0,14168.71,0.279542,68309.46,0.2511,2030-12-01
NK225E    ,OOP,203012,66500.0,            ,135366518,0000000.0000,0000000.0,11566.27,0.232204,145366518,0000000.0000,0000000.0,14058.25,0.279181,68309.46,0.2511,2030-12-01
NK225E    ,OOP,203012,66750.0,            ,135366718,0000000.0000,0000000.0,11690.35,0.231971,145366718,0000000.0000,0000000.0,13948.42,0.27881,68309.46,0.2511,2030-12-01
NK225E    ,OOP,203012,67000.0,            ,185367018,0000000.0000,0000000.0,11815.11,0.231724,195367018,0000000.0000,0000000.0,13839.27,0.278329,68309.46,0.2511,2030-12-01
NK225E    ,OOP,203012,67250.0,            ,135367218,0000000.0000,0000000.0,11940.49,0.231366,145367218,0000000.0000,0000000.0,13730.75,0.277937,68309.46,0.2511,2030-12-01
NK225E    ,OOP,203012,67500.0,            ,135367518,0000000.0000,0000000.0,12066.55,0.231093,145367518,0000000.0000,0000000.0,13622.9,0.277636,68309.46,0.2511,2030-12-01
NK225E    ,OOP,203012,67750.0,            ,135367718,0000000.0000,0000000.0,12193.23,0.230808,145367718,0000000.0000,0000000.0,13515.67,0.277225,68309.46,0.2511,2030-12-01
NK225E    ,OOP,203012,68000.0,            ,185368018,0000000.0000,0000000.0,12320.53,0.23051,195368018,0000000.0000,0000000.0,13409.06,0.276803,68309.46,0.2511,2030-12-01
NK225E    ,OOP,203012,68250.0,            ,135368218,0000000.0000,0000000.0,12448.45,0.230297,145368218,0000000.0000,0000000.0,13303.07,0.276471,68309.46,0.2511,2030-12-01
NK225E    ,OOP,203012,68500.0,            ,135368518,0000000.0000,0000000.0,12577.04,0.229973,145368518,0000000.0000,0000000.0,13197.74,0.27603,68309.46,0.2511,2030-12-01
NK225E    ,OOP,203012,68750.0,            ,135368718,0000000.0000,0000000.0,12706.19,0.229735,145368718,0000000.0000,0000000.0,13092.98,0.275678,68309.46,0.2511,2030-12-01
NK225E    ,OOP,203012,69000.0,            ,185369018,0000000.0000,0000000.0,12836.0,0.229386,195369018,0000000.0000,0000000.0,12988.89,0.275315,68309.46,0.2511,2030-12-01
NK225E    ,OOP,203012,69250.0,            ,135369218,0000000.0000,0000000.0,12966.43,0.229123,145369218,0000000.0000,0000000.0,12885.41,0.274943,68309.46,0.2511,2030-12-01
NK225E    ,OOP,203012,69500.0,            ,135369518,0000000.0000,0000000.0,13097.52,0.228846,145369518,0000000.0000,0000000.0,12782.58,0.274561,68309.46,0.2511,2030-12-01
NK225E    ,OOP,203012,69750.0,            ,135369718,0000000.0000,0000000.0,13229.16,0.228558,145369718,0000000.0000,0000000.0,12680.32,0.274169,68309.46,0.2511,2030-12-01
NK225E    ,OOP,203012,70000.0,            ,185360018,0000000.0000,0000000.0,13361.46,0.228256,195360018,0000000.0000,0000000.0,12578.71,0.273865,68309.46,0.2511,2030-12-01
NK225E    ,OOP,203012,70250.0,            ,135360218,0000000.0000,0000000.0,13494.37,0.227943,145360218,0000000.0000,0000000.0,12477.7,0.273454,68309.46,0.2511,2030-12-01
NK225E    ,OOP,203012,70500.0,            ,135360518,0000000.0000,0000000.0,13627.92,0.227714,145360518,0000000.0000,0000000.0,12377.35,0.27313,68309.46,0.2511,2030-12-01
NK225E    ,OOP,203012,70750.0,            ,135360718,0000000.0000,0000000.0,13762.03,0.227376,145360718,0000000.0000,0000000.0,12277.54,0.272699,68309.46,0.2511,2030-12-01
NK225E    ,OOP,203012,71000.0,            ,185361018,0000000.0000,0000000.0,13896.78,0.227121,195361018,0000000.0000,0000000.0,12178.39,0.272355,68309.46,0.2511,2030-12-01
NK225E    ,OOP,203012,71250.0,            ,135361218,0000000.0000,0000000.0,14032.14,0.226855,145361218,0000000.0000,0000000.0,12079.83,0.272002,68309.46,0.2511,2030-12-01
NK225E    ,OOP,203012,71500.0,            ,135361518,0000000.0000,0000000.0,14168.13,0.226576,145361518,0000000.0000,0000000.0,11981.92,0.271639,68309.46,0.2511,2030-12-01
NK225E    ,OOP,203012,71750.0,            ,185361718,0000000.0000,0000000.0,14304.72,0.226286,195361718,0000000.0000,0000000.0,11884.6,0.271363,68309.46,0.2511,2030-12-01
NK225E    ,OOP,203012,72000.0,            ,185362018,0000000.0000,0000000.0,14441.9,0.225983,195362018,0000000.0000,0000000.0,11787.87,0.270981,68309.46,0.2511,2030-12-01
NK225E    ,OOP,203012,72250.0,            ,185362218,0000000.0000,0000000.0,14579.72,0.225668,195362218,0000000.0000,0000000.0,11691.78,0.270589,68309.46,0.2511,2030-12-01
NK225E    ,OOP,203012,72500.0,            ,185362518,0000000.0000,0000000.0,14718.13,0.225341,195362518,0000000.0000,0000000.0,11596.28,0.270284,68309.46,0.2511,2030-12-01
NK225E    ,OOP,203012,72750.0,            ,185362718,0000000.0000,0000000.0,14857.12,0.225098,195362718,0000000.0000,0000000.0,11501.36,0.269969,68309.46,0.2511,2030-12-01
NK225E    ,OOP,203012,73000.0,            ,185363018,0000000.0000,0000000.0,14996.7,0.224747,195363018,0000000.0000,0000000.0,11407.02,0.269645,68309.46,0.2511,2030-12-01
NK225E    ,OOP,203012,73250.0,            ,185363218,0000000.0000,0000000.0,15136.9,0.22448,195363218,0000000.0000,0000000.0,11313.31,0.269215,68309.46,0.2511,2030-12-01
NK225E    ,OOP,203012,73500.0,            ,185363518,0000000.0000,0000000.0,15277.74,0.224201,195363518,0000000.0000,0000000.0,11220.24,0.268967,68309.46,0.2511,2030-12-01
NK225E    ,OOP,203012,73750.0,            ,185363718,0000000.0000,0000000.0,15419.15,0.223909,195363718,0000000.0000,0000000.0,11127.74,0.268614,68309.46,0.2511,2030-12-01
NK225E    ,OOP,203012,74000.0,            ,185364018,0000000.0000,0000000.0,15561.14,0.223606,195364018,0000000.0000,0000000.0,11035.82,0.268251,68309.46,0.2511,2030-12-01
NK225E    ,OOP,203012,74250.0,            ,185364218,0000000.0000,0000000.0,15703.75,0.223292,195364218,0000000.0000,0000000.0,10944.52,0.267879,68309.46,0.2511,2030-12-01
NK225E    ,OOP,203012,74500.0,            ,185364518,0000000.0000,0000000.0,15846.98,0.22306,195364518,0000000.0000,0000000.0,10853.85,0.267593,68309.46,0.2511,2030-12-01
NK225E    ,OOP,203012,74750.0,            ,185364718,0000000.0000,0000000.0,15990.79,0.222722,195364718,0000000.0000,0000000.0,10763.74,0.267297,68309.46,0.2511,2030-12-01
NK225E    ,OOP,203012,75000.0,            ,135485018,0000000.0000,0000000.0,16135.15,0.222466,145485018,0000000.0000,0000000.0,10674.2,0.266992,68309.46,0.2511,2030-12-01
NK225E    ,OOP,203012,75250.0,            ,185365218,0000000.0000,0000000.0,16280.19,0.222105,195365218,0000000.0000,0000000.0,10585.33,0.266583,68309.46,0.2511,2030-12-01
NK225E    ,OOP,203012,75500.0,            ,185365518,0000000.0000,0000000.0,16425.79,0.221826,195365518,0000000.0000,0000000.0,10497.01,0.266354,68309.46,0.2511,2030-12-01
NK225E    ,OOP,203012,75750.0,            ,185365718,0000000.0000,0000000.0,16571.95,0.221536,195365718,0000000.0000,0000000.0,10409.26,0.266021,68309.46,0.2511,2030-12-01
NK225E    ,OOP,203012,76000.0,            ,135486018,0000000.0000,0000000.0,16718.72,0.221234,145486018,0000000.0000,0000000.0,10322.12,0.265679,68309.46,0.2511,2030-12-01
NK225E    ,OOP,203012,76250.0,            ,185366218,0000000.0000,0000000.0,16866.47,0.220921,195366218,0000000.0000,0000000.0,10235.96,0.265327,68309.46,0.2511,2030-12-01
NK225E    ,OOP,203012,77500.0,            ,185367518,0000000.0000,0000000.0,17613.73,0.219465,195367518,0000000.0000,0000000.0,9813.67,0.263904,68309.46,0.2511,2030-12-01
NK225E    ,OOP,203012,80000.0,            ,135480018,0000000.0000,0000000.0,19148.67,0.216553,145480018,0000000.0000,0000000.0,9009.51,0.260942,68309.46,0.2511,2030-12-01
NK225E    ,OOP,203012,85000.0,            ,185485018,0000000.0000,0000000.0,22404.28,0.210823,195485018,0000000.0000,0000000.0,7586.91,0.256055,68309.46,0.2511,2030-12-01
NK225E    ,OOP,203012,90000.0,            ,185480018,0000000.0000,0000000.0,25910.82,0.205979,195480018,0000000.0000,0000000.0,6415.25,0.252794,68309.46,0.2511,2030-12-01
NK225E    ,OOP,203012,95000.0,            ,135605018,0000000.0000,0000000.0,29680.09,0.202777,145605018,0000000.0000,0000000.0,5506.32,0.251983,68309.46,0.2511,2030-12-01
NK225E    ,OOP,203012,100000.0,            ,135600018,0000000.0000,0000000.0,33724.08,0.202708,145600018,0000000.0000,0000000.0,4872.11,0.254459,68309.46,0.2511,2030-12-01
NK225E    ,OOP,203106,26500.0,            ,186066518,0000000.0000,0000000.0,920.19,0.304633,196066518,0000000.0000,0000000.0,40604.66,0.47831,68309.46,0.2511,2031-06-01
NK225E    ,OOP,203106,26750.0,            ,186066718,0000000.0000,0000000.0,953.31,0.30458,196066718,0000000.0000,0000000.0,40405.71,0.475906,68309.46,0.2511,2031-06-01
NK225E    ,OOP,203106,27000.0,            ,186067018,0000000.0000,0000000.0,987.16,0.30447,196067018,0000000.0000,0000000.0,40207.48,0.473269,68309.46,0.2511,2031-06-01
NK225E    ,OOP,203106,27250.0,            ,186067218,0000000.0000,0000000.0,1021.73,0.304307,196067218,0000000.0000,0000000.0,40009.98,0.4709,68309.46,0.2511,2031-06-01
NK225E    ,OOP,203106,27500.0,            ,186067518,0000000.0000,0000000.0,1057.04,0.304094,196067518,0000000.0000,0000000.0,39813.22,0.468547,68309.46,0.2511,2031-06-01
NK225E    ,OOP,203106,27750.0,            ,136067718,0000000.0000,0000000.0,1093.08,0.304227,146067718,0000000.0000,0000000.0,39617.19,0.466209,68309.46,0.2511,2031-06-01
NK225E    ,OOP,203106,28000.0,            ,136068018,0000000.0000,0000000.0,1129.86,0.304298,146068018,0000000.0000,0000000.0,39421.91,0.463886,68309.46,0.2511,2031-06-01
NK225E    ,OOP,203106,28250.0,            ,136068218,0000000.0000,0000000.0,1167.39,0.303937,146068218,0000000.0000,0000000.0,39227.36,0.461816,68309.46,0.2511,2031-06-01
NK225E    ,OOP,203106,28500.0,            ,136068518,0000000.0000,0000000.0,1205.66,0.303904,146068518,0000000.0000,0000000.0,39033.56,0.45952,68309.46,0.2511,2031-06-01
NK225E    ,OOP,203106,28750.0,            ,136068718,0000000.0000,0000000.0,1244.68,0.303821,146068718,0000000.0000,0000000.0,38840.51,0.457472,68309.46,0.2511,2031-06-01
NK225E    ,OOP,203106,29000.0,            ,136069018,0000000.0000,0000000.0,1284.45,0.30404,146069018,0000000.0000,0000000.0,38648.21,0.455433,68309.46,0.2511,2031-06-01
NK225E    ,OOP,203106,29250.0,            ,136069218,0000000.0000,0000000.0,1315.9,0.303166,146069218,0000000.0000,0000000.0,38447.6,0.452945,68309.46,0.2511,2031-06-01
NK225E    ,OOP,203106,29500.0,            ,136069518,0000000.0000,0000000.0,1347.79,0.302614,146069518,0000000.0000,0000000.0,38247.41,0.450702,68309.46,0.2511,2031-06-01
NK225E    ,OOP,203106,29750.0,            ,136069718,0000000.0000,0000000.0,1380.07,0.302033,146069718,0000000.0000,0000000.0,38047.62,0.448246,68309.46,0.2511,2031-06-01
NK225E    ,OOP,203106,30000.0,            ,136060018,0000000.0000,0000000.0,1412.78,0.301426,146060018,0000000.0000,0000000.0,37848.27,0.445808,68309.46,0.2511,2031-06-01
NK225E    ,OOP,203106,30250.0,            ,136060218,0000000.0000,0000000.0,1444.35,0.300793,146060218,0000000.0000,0000000.0,37647.76,0.443607,68309.46,0.2511,2031-06-01
NK225E    ,OOP,203106,30500.0,            ,136060518,0000000.0000,0000000.0,1476.3,0.299819,146060518,0000000.0000,0000000.0,37447.64,0.441199,68309.46,0.2511,2031-06-01
NK225E    ,OOP,203106,30750.0,            ,136060718,0000000.0000,0000000.0,1508.61,0.299144,146060718,0000000.0000,0000000.0,37247.88,0.438807,68309.46,0.2511,2031-06-01
NK225E    ,OOP,203106,31000.0,            ,136061018,0000000.0000,0000000.0,1541.28,0.298446,146061018,0000000.0000,0000000.0,37048.49,0.436647,68309.46,0.2511,2031-06-01
NK225E    ,OOP,203106,31250.0,            ,136061218,0000000.0000,0000000.0,1573.06,0.297728,146061218,0000000.0000,0000000.0,36848.19,0.434284,68309.46,0.2511,2031-06-01
NK225E    ,OOP,203106,31500.0,            ,136061518,0000000.0000,0000000.0,1605.18,0.296692,146061518,0000000.0000,0000000.0,36648.24,0.432148,68309.46,0.2511,2031-06-01
NK225E    ,OOP,203106,31750.0,            ,136061718,0000000.0000,0000000.0,1637.63,0.295938,146061718,0000000.0000,0000000.0,36448.62,0.429813,68309.46,0.2511,2031-06-01
NK225E    ,OOP,203106,32000.0,            ,136062018,0000000.0000,0000000.0,1670.4,0.295166,146062018,0000000.0000,0000000.0,36249.32,0.427493,68309.46,0.2511,2031-06-01
NK225E    ,OOP,203106,32250.0,            ,136062218,0000000.0000,0000000.0,1702.56,0.294376,146062218,0000000.0000,0000000.0,36049.41,0.425394,68309.46,0.2511,2031-06-01
NK225E    ,OOP,203106,32500.0,            ,136062518,0000000.0000,0000000.0,1735.02,0.29357,146062518,0000000.0000,0000000.0,35849.8,0.4231,68309.46,0.2511,2031-06-01
NK225E    ,OOP,203106,32750.0,            ,136062718,0000000.0000,0000000.0,1767.78,0.292747,146062718,0000000.0000,0000000.0,35650.49,0.421023,68309.46,0.2511,2031-06-01
NK225E    ,OOP,203106,33000.0,            ,136063018,0000000.0000,0000000.0,1800.83,0.291908,146063018,0000000.0000,0000000.0,35451.48,0.418754,68309.46,0.2511,2031-06-01
NK225E    ,OOP,203106,33250.0,            ,136063218,0000000.0000,0000000.0,1833.55,0.290787,146063218,0000000.0000,0000000.0,35252.12,0.416699,68309.46,0.2511,2031-06-01
NK225E    ,OOP,203106,33500.0,            ,136063518,0000000.0000,0000000.0,1866.56,0.289923,146063518,0000000.0000,0000000.0,35053.06,0.414455,68309.46,0.2511,2031-06-01
NK225E    ,OOP,203106,33750.0,            ,136063718,0000000.0000,0000000.0,1899.86,0.289046,146063718,0000000.0000,0000000.0,34854.29,0.41242,68309.46,0.2511,2031-06-01
NK225E    ,OOP,203106,34000.0,            ,136064018,0000000.0000,0000000.0,1933.43,0.288155,146064018,0000000.0000,0000000.0,34655.79,0.410199,68309.46,0.2511,2031-06-01
NK225E    ,OOP,203106,34250.0,            ,136064218,0000000.0000,0000000.0,1966.96,0.287252,146064218,0000000.0000,0000000.0,34457.25,0.408185,68309.46,0.2511,2031-06-01
NK225E    ,OOP,203106,34500.0,            ,136064518,0000000.0000,0000000.0,2000.78,0.286337,146064518,0000000.0000,0000000.0,34259.0,0.405987,68309.46,0.2511,2031-06-01
NK225E    ,OOP,203106,34750.0,            ,136064718,0000000.0000,0000000.0,2034.85,0.28541,146064718,0000000.0000,0000000.0,34061.0,0.403992,68309.46,0.2511,2031-06-01
NK225E    ,OOP,203106,35000.0,            ,136065018,0000000.0000,0000000.0,2069.21,0.284716,146065018,0000000.0000,0000000.0,33863.29,0.402005,68309.46,0.2511,2031-06-01
NK225E    ,OOP,203106,35250.0,            ,136065218,0000000.0000,0000000.0,2103.8,0.283764,146065218,0000000.0000,0000000.0,33665.81,0.400027,68309.46,0.2511,2031-06-01
NK225E    ,OOP,203106,35500.0,            ,136065518,0000000.0000,0000000.0,2138.66,0.282802,146065518,0000000.0000,0000000.0,33468.6,0.397871,68309.46,0.2511,2031-06-01
NK225E    ,OOP,203106,35750.0,            ,136065718,0000000.0000,0000000.0,2173.79,0.281829,146065718,0000000.0000,0000000.0,33271.66,0.39591,68309.46,0.2511,2031-06-01
NK225E    ,OOP,203106,36000.0,            ,136066018,0000000.0000,0000000.0,2209.18,0.28108,146066018,0000000.0000,0000000.0,33074.99,0.393958,68309.46,0.2511,2031-06-01
NK225E    ,OOP,203106,36250.0,            ,136066218,0000000.0000,0000000.0,2245.1,0.280087,146066218,0000000.0000,0000000.0,32878.83,0.392013,68309.46,0.2511,2031-06-01
NK225E    ,OOP,203106,36500.0,            ,136066518,0000000.0000,0000000.0,2281.32,0.279311,146066518,0000000.0000,0000000.0,32682.98,0.390077,68309.46,0.2511,2031-06-01
NK225E    ,OOP,203106,36750.0,            ,136066718,0000000.0000,0000000.0,2317.81,0.278297,146066718,0000000.0000,0000000.0,32487.4,0.388147,68309.46,0.2511,2031-06-01
NK225E    ,OOP,203106,37000.0,            ,136067018,0000000.0000,0000000.0,2354.58,0.277497,146067018,0000000.0000,0000000.0,32292.1,0.386403,68309.46,0.2511,2031-06-01
NK225E    ,OOP,203106,37250.0,            ,136067218,0000000.0000,0000000.0,2392.14,0.276465,146067218,0000000.0000,0000000.0,32097.59,0.384488,68309.46,0.2511,2031-06-01
NK225E    ,OOP,203106,37500.0,            ,136067518,0000000.0000,0000000.0,2429.99,0.275642,146067518,0000000.0000,0000000.0,31903.37,0.382579,68309.46,0.2511,2031-06-01
NK225E    ,OOP,203106,37750.0,            ,186067718,0000000.0000,0000000.0,2468.13,0.274807,196067718,0000000.0000,0000000.0,31709.44,0.380851,68309.46,0.2511,2031-06-01
NK225E    ,OOP,203106,38000.0,            ,186068018,0000000.0000,0000000.0,2506.56,0.27396,196068018,0000000.0000,0000000.0,31515.8,0.378956,68309.46,0.2511,2031-06-01
NK225E    ,OOP,203106,38250.0,            ,186068218,0000000.0000,0000000.0,2546.04,0.273101,196068218,0000000.0000,0000000.0,31323.22,0.377238,68309.46,0.2511,2031-06-01
NK225E    ,OOP,203106,38500.0,            ,186068518,0000000.0000,0000000.0,2585.84,0.272232,196068518,0000000.0000,0000000.0,31130.94,0.375354,68309.46,0.2511,2031-06-01
NK225E    ,OOP,203106,38750.0,            ,186068718,0000000.0000,0000000.0,2625.93,0.271352,196068718,0000000.0000,0000000.0,30938.96,0.373646,68309.46,0.2511,2031-06-01
NK225E    ,OOP,203106,39000.0,            ,186069018,0000000.0000,0000000.0,2666.36,0.270461,196069018,0000000.0000,0000000.0,30747.32,0.371942,68309.46,0.2511,2031-06-01
NK225E    ,OOP,203106,39250.0,            ,186069218,0000000.0000,0000000.0,2708.05,0.269761,196069218,0000000.0000,0000000.0,30556.94,0.370242,68309.46,0.2511,2031-06-01
NK225E    ,OOP,203106,39500.0,            ,186069518,0000000.0000,0000000.0,2750.1,0.268848,196069518,0000000.0000,0000000.0,30366.92,0.368546,68309.46,0.2511,2031-06-01
NK225E    ,OOP,203106,39750.0,            ,186069718,0000000.0000,0000000.0,2792.45,0.268122,196069718,0000000.0000,0000000.0,30177.2,0.366853,68309.46,0.2511,2031-06-01
NK225E    ,OOP,203106,40000.0,            ,186060018,0000000.0000,0000000.0,2835.15,0.267383,196060018,0000000.0000,0000000.0,29987.84,0.365328,68309.46,0.2511,2031-06-01
NK225E    ,OOP,203106,40250.0,            ,186060218,0000000.0000,0000000.0,2879.38,0.26663,196060218,0000000.0000,0000000.0,29799.99,0.363642,68309.46,0.2511,2031-06-01
NK225E    ,OOP,203106,40500.0,            ,186060518,0000000.0000,0000000.0,2923.96,0.265866,196060518,0000000.0000,0000000.0,29612.5,0.36212,68309.46,0.2511,2031-06-01
NK225E    ,OOP,203106,40750.0,            ,186060718,0000000.0000,0000000.0,2968.89,0.265089,196060718,0000000.0000,0000000.0,29425.36,0.36044,68309.46,0.2511,2031-06-01
NK225E    ,OOP,203106,41000.0,            ,186061018,0000000.0000,0000000.0,3014.18,0.2643,196061018,0000000.0000,0000000.0,29238.58,0.358922,68309.46,0.2511,2031-06-01
NK225E    ,OOP,203106,41250.0,            ,186061218,0000000.0000,0000000.0,3061.18,0.2635,196061218,0000000.0000,0000000.0,29053.51,0.357405,68309.46,0.2511,2031-06-01
NK225E    ,OOP,203106,41500.0,            ,186061518,0000000.0000,0000000.0,3108.6,0.262869,196061518,0000000.0000,0000000.0,28868.86,0.35589,68309.46,0.2511,2031-06-01
NK225E    ,OOP,203106,41750.0,            ,186061718,0000000.0000,0000000.0,3156.37,0.262046,196061718,0000000.0000,0000000.0,28684.56,0.35453,68309.46,0.2511,2031-06-01
NK225E    ,OOP,203106,42000.0,            ,186062018,0000000.0000,0000000.0,3204.55,0.261389,196062018,0000000.0000,0000000.0,28500.67,0.353016,68309.46,0.2511,2031-06-01
NK225E    ,OOP,203106,42250.0,            ,186062218,0000000.0000,0000000.0,3254.62,0.260718,196062218,0000000.0000,0000000.0,28318.67,0.351503,68309.46,0.2511,2031-06-01
NK225E    ,OOP,203106,42500.0,            ,186062518,0000000.0000,0000000.0,3305.11,0.260034,196062518,0000000.0000,0000000.0,28137.09,0.350144,68309.46,0.2511,2031-06-01
NK225E    ,OOP,203106,42750.0,            ,186062718,0000000.0000,0000000.0,3356.01,0.259337,196062718,0000000.0000,0000000.0,27955.92,0.348783,68309.46,0.2511,2031-06-01
NK225E    ,OOP,203106,43000.0,            ,186063018,0000000.0000,0000000.0,3407.36,0.258798,196063018,0000000.0000,0000000.0,27775.2,0.347421,68309.46,0.2511,2031-06-01
NK225E    ,OOP,203106,43250.0,            ,186063218,0000000.0000,0000000.0,3460.72,0.258074,196063218,0000000.0000,0000000.0,27596.49,0.346058,68309.46,0.2511,2031-06-01
NK225E    ,OOP,203106,43500.0,            ,186063518,0000000.0000,0000000.0,3514.56,0.257505,196063518,0000000.0000,0000000.0,27418.26,0.344695,68309.46,0.2511,2031-06-01
NK225E    ,OOP,203106,43750.0,            ,186063718,0000000.0000,0000000.0,3568.86,0.256922,196063718,0000000.0000,0000000.0,27240.49,0.343478,68309.46,0.2511,2031-06-01
NK225E    ,OOP,203106,44000.0,            ,186064018,0000000.0000,0000000.0,3623.61,0.256324,196064018,0000000.0000,0000000.0,27063.17,0.342111,68309.46,0.2511,2031-06-01
NK225E    ,OOP,203106,44250.0,            ,186064218,0000000.0000,0000000.0,3680.49,0.255712,196064218,0000000.0000,0000000.0,26887.98,0.340889,68309.46,0.2511,2031-06-01
NK225E    ,OOP,203106,44500.0,            ,186064518,0000000.0000,0000000.0,3737.88,0.255246,196064518,0000000.0000,0000000.0,26713.31,0.339665,68309.46,0.2511,2031-06-01
NK225E    ,OOP,203106,44750.0,            ,186064718,0000000.0000,0000000.0,3795.74,0.254606,196064718,0000000.0000,0000000.0,26539.09,0.338437,68309.46,0.2511,2031-06-01
NK225E    ,OOP,203106,45000.0,            ,186065018,0000000.0000,0000000.0,3854.11,0.254109,196065018,0000000.0000,0000000.0,26365.39,0.337207,68309.46,0.2511,2031-06-01
NK225E    ,OOP,203106,45250.0,            ,186065218,0000000.0000,0000000.0,3914.72,0.253597,196065218,0000000.0000,0000000.0,26193.93,0.336116,68309.46,0.2511,2031-06-01
NK225E    ,OOP,203106,45500.0,            ,186065518,0000000.0000,0000000.0,3975.84,0.25307,196065518,0000000.0000,0000000.0,26022.98,0.33502,68309.46,0.2511,2031-06-01
NK225E    ,OOP,203106,45750.0,            ,186065718,0000000.0000,0000000.0,4037.49,0.252528,196065718,0000000.0000,0000000.0,25852.56,0.33378,68309.46,0.2511,2031-06-01
NK225E    ,OOP,203106,46000.0,            ,186066018,0000000.0000,0000000.0,4099.65,0.251972,196066018,0000000.0000,0000000.0,25682.65,0.332677,68309.46,0.2511,2031-06-01
NK225E    ,OOP,203106,46250.0,            ,186066218,0000000.0000,0000000.0,4164.11,0.251551,196066218,0000000.0000,0000000.0,25515.04,0.331707,68309.46,0.2511,2031-06-01
NK225E    ,OOP,203106,46500.0,            ,136186518,0000000.0000,0000000.0,4229.12,0.251115,146186518,0000000.0000,0000000.0,25347.98,0.330594,68309.46,0.2511,2031-06-01
NK225E    ,OOP,203106,46750.0,            ,136186718,0000000.0000,0000000.0,4294.69,0.250662,146186718,0000000.0000,0000000.0,25181.48,0.329613,68309.46,0.2511,2031-06-01
NK225E    ,OOP,203106,47000.0,            ,136187018,0000000.0000,0000000.0,4360.81,0.250193,146187018,0000000.0000,0000000.0,25015.53,0.328492,68309.46,0.2511,2031-06-01
NK225E    ,OOP,203106,47250.0,            ,136187218,0000000.0000,0000000.0,4429.25,0.24971,146187218,0000000.0000,0000000.0,24851.9,0.327501,68309.46,0.2511,2031-06-01
NK225E    ,OOP,203106,47500.0,            ,136187518,0000000.0000,0000000.0,4498.27,0.249355,146187518,0000000.0000,0000000.0,24688.85,0.326504,68309.46,0.2511,2031-06-01
NK225E    ,OOP,203106,47750.0,            ,136187718,0000000.0000,0000000.0,4567.88,0.248983,146187718,0000000.0000,0000000.0,24526.39,0.325635,68309.46,0.2511,2031-06-01
NK225E    ,OOP,203106,48000.0,            ,136188018,0000000.0000,0000000.0,4638.07,0.248453,146188018,0000000.0000,0000000.0,24364.51,0.324627,68309.46,0.2511,2031-06-01
NK225E    ,OOP,203106,48250.0,            ,136188218,0000000.0000,0000000.0,4710.53,0.248189,146188218,0000000.0000,0000000.0,24204.89,0.323745,68309.46,0.2511,2031-06-01
NK225E    ,OOP,203106,48500.0,            ,136188518,0000000.0000,0000000.0,4783.59,0.247769,146188518,0000000.0000,0000000.0,24045.89,0.322856,68309.46,0.2511,2031-06-01
NK225E    ,OOP,203106,48750.0,            ,136188718,0000000.0000,0000000.0,4857.34,0.247471,146188718,0000000.0000,0000000.0,23887.57,0.32196,68309.46,0.2511,2031-06-01
NK225E    ,OOP,203106,49000.0,            ,136189018,0000000.0000,0000000.0,4931.63,0.247018,146189018,0000000.0000,0000000.0,23729.79,0.321058,68309.46,0.2511,2031-06-01
NK225E    ,OOP,203106,49250.0,            ,136189218,0000000.0000,0000000.0,5008.22,0.246687,146189218,0000000.0000,0000000.0,23574.31,0.320277,68309.46,0.2511,2031-06-01
NK225E    ,OOP,203106,49500.0,            ,136189518,0000000.0000,0000000.0,5085.41,0.246339,146189518,0000000.0000,0000000.0,23419.43,0.319489,68309.46,0.2511,2031-06-01
NK225E    ,OOP,203106,49750.0,            ,136189718,0000000.0000,0000000.0,5163.24,0.246108,146189718,0000000.0000,0000000.0,23265.19,0.318693,68309.46,0.2511,2031-06-01
NK225E    ,OOP,203106,50000.0,            ,136180018,0000000.0000,0000000.0,5241.71,0.245727,146180018,0000000.0000,0000000.0,23111.59,0.317889,68309.46,0.2511,2031-06-01
NK225E    ,OOP,203106,50250.0,            ,136180218,0000000.0000,0000000.0,5322.32,0.245462,146180218,0000000.0000,0000000.0,22960.13,0.317079,68309.46,0.2511,2031-06-01
NK225E    ,OOP,203106,50500.0,            ,136180518,0000000.0000,0000000.0,5403.59,0.24518,146180518,0000000.0000,0000000.0,22809.33,0.31626,68309.46,0.2511,2031-06-01
NK225E    ,OOP,203106,50750.0,            ,136180718,0000000.0000,0000000.0,5485.52,0.24488,146180718,0000000.0000,0000000.0,22659.19,0.315559,68309.46,0.2511,2031-06-01
NK225E    ,OOP,203106,51000.0,            ,136181018,0000000.0000,0000000.0,5568.11,0.244565,146181018,0000000.0000,0000000.0,22509.7,0.314848,68309.46,0.2511,2031-06-01
NK225E    ,OOP,203106,51250.0,            ,136181218,0000000.0000,0000000.0,5652.7,0.244361,146181218,0000000.0000,0000000.0,22362.23,0.31413,68309.46,0.2511,2031-06-01
NK225E    ,OOP,203106,51500.0,            ,136181518,0000000.0000,0000000.0,5737.97,0.244139,146181518,0000000.0000,0000000.0,22215.43,0.313403,68309.46,0.2511,2031-06-01
NK225E    ,OOP,203106,51750.0,            ,136181718,0000000.0000,0000000.0,5823.88,0.243775,146181718,0000000.0000,0000000.0,22069.26,0.31279,68309.46,0.2511,2031-06-01
NK225E    ,OOP,203106,52000.0,            ,136182018,0000000.0000,0000000.0,5910.58,0.243521,146182018,0000000.0000,0000000.0,21923.89,0.312046,68309.46,0.2511,2031-06-01
NK225E    ,OOP,203106,52250.0,            ,136182218,0000000.0000,0000000.0,5999.05,0.243373,146182218,0000000.0000,0000000.0,21780.3,0.311415,68309.46,0.2511,2031-06-01
NK225E    ,OOP,203106,52500.0,            ,136182518,0000000.0000,0000000.0,6088.22,0.243085,146182518,0000000.0000,0000000.0,21637.39,0.310894,68309.46,0.2511,2031-06-01
NK225E    ,OOP,203106,52750.0,            ,136182718,0000000.0000,0000000.0,6178.11,0.242904,146182718,0000000.0000,0000000.0,21495.21,0.310244,68309.46,0.2511,2031-06-01
NK225E    ,OOP,203106,53000.0,            ,136183018,0000000.0000,0000000.0,6268.68,0.242705,146183018,0000000.0000,0000000.0,21353.72,0.309586,68309.46,0.2511,2031-06-01
NK225E    ,OOP,203106,53250.0,            ,136183218,0000000.0000,0000000.0,6360.91,0.24249,146183218,0000000.0000,0000000.0,21213.88,0.309036,68309.46,0.2511,2031-06-01
NK225E    ,OOP,203106,53500.0,            ,136183518,0000000.0000,0000000.0,6453.87,0.242258,146183518,0000000.0000,0000000.0,21074.77,0.308477,68309.46,0.2511,2031-06-01
NK225E    ,OOP,203106,53750.0,            ,136183718,0000000.0000,0000000.0,6547.48,0.24201,146183718,0000000.0000,0000000.0,20936.31,0.307792,68309.46,0.2511,2031-06-01
NK225E    ,OOP,203106,54000.0,            ,136184018,0000000.0000,0000000.0,6641.79,0.241865,146184018,0000000.0000,0000000.0,20798.55,0.30733,68309.46,0.2511,2031-06-01
NK225E    ,OOP,203106,54250.0,            ,136184218,0000000.0000,0000000.0,6737.6,0.241702,146184218,0000000.0000,0000000.0,20662.29,0.306743,68309.46,0.2511,2031-06-01
NK225E    ,OOP,203106,54500.0,            ,136184518,0000000.0000,0000000.0,6834.16,0.241407,146184518,0000000.0000,0000000.0,20526.78,0.306146,68309.46,0.2511,2031-06-01
NK225E    ,OOP,203106,54750.0,            ,136184718,0000000.0000,0000000.0,6931.37,0.241328,146184718,0000000.0000,0000000.0,20391.92,0.305655,68309.46,0.2511,2031-06-01
NK225E    ,OOP,203106,55000.0,            ,136185018,0000000.0000,0000000.0,7029.27,0.241117,146185018,0000000.0000,0000000.0,20257.75,0.305154,68309.46,0.2511,2031-06-01
NK225E    ,OOP,203106,55250.0,            ,136185218,0000000.0000,0000000.0,7128.44,0.240891,146185218,0000000.0000,0000000.0,20124.85,0.304643,68309.46,0.2511,2031-06-01
NK225E    ,OOP,203106,55500.0,            ,136185518,0000000.0000,0000000.0,7228.27,0.240763,146185518,0000000.0000,0000000.0,19992.61,0.304123,68309.46,0.2511,2031-06-01
NK225E    ,OOP,203106,55750.0,            ,136185718,0000000.0000,0000000.0,7328.88,0.240505,146185718,0000000.0000,0000000.0,19861.15,0.303593,68309.46,0.2511,2031-06-01
NK225E    ,OOP,203106,56000.0,            ,136186018,0000000.0000,0000000.0,7430.18,0.240345,146186018,0000000.0000,0000000.0,19730.38,0.303165,68309.46,0.2511,2031-06-01
NK225E    ,OOP,203106,56250.0,            ,136186218,0000000.0000,0000000.0,7532.5,0.24017,146186218,0000000.0000,0000000.0,19600.62,0.302616,68309.46,0.2511,2031-06-01
NK225E    ,OOP,203106,56500.0,            ,186186518,0000000.0000,0000000.0,7635.51,0.24009,196186518,0000000.0000,0000000.0,19471.56,0.302169,68309.46,0.2511,2031-06-01
NK225E    ,OOP,203106,56750.0,            ,186186718,0000000.0000,0000000.0,7739.16,0.239883,196186718,0000000.0000,0000000.0,19343.15,0.301711,68309.46,0.2511,2031-06-01
NK225E    ,OOP,203106,57000.0,            ,186187018,0000000.0000,0000000.0,7843.55,0.239662,196187018,0000000.0000,0000000.0,19215.47,0.301244,68309.46,0.2511,2031-06-01
NK225E    ,OOP,203106,57250.0,            ,186187218,0000000.0000,0000000.0,7948.77,0.239535,196187218,0000000.0000,0000000.0,19088.62,0.300767,68309.46,0.2511,2031-06-01
NK225E    ,OOP,203106,57500.0,            ,186187518,0000000.0000,0000000.0,8054.63,0.239392,196187518,0000000.0000,0000000.0,18962.41,0.300389,68309.46,0.2511,2031-06-01
NK225E    ,OOP,203106,57750.0,            ,186187718,0000000.0000,0000000.0,8161.18,0.239235,196187718,0000000.0000,0000000.0,18836.88,0.299893,68309.46,0.2511,2031-06-01
NK225E    ,OOP,203106,58000.0,            ,186188018,0000000.0000,0000000.0,8268.45,0.239062,196188018,0000000.0000,0000000.0,18712.09,0.299495,68309.46,0.2511,2031-06-01
NK225E    ,OOP,203106,58250.0,            ,186188218,0000000.0000,0000000.0,8376.17,0.238874,196188218,0000000.0000,0000000.0,18587.74,0.29898,68309.46,0.2511,2031-06-01
NK225E    ,OOP,203106,58500.0,            ,186188518,0000000.0000,0000000.0,8484.72,0.238672,196188518,0000000.0000,0000000.0,18464.21,0.298563,68309.46,0.2511,2031-06-01
NK225E    ,OOP,203106,58750.0,            ,186188718,0000000.0000,0000000.0,8593.89,0.238456,196188718,0000000.0000,0000000.0,18341.32,0.298136,68309.46,0.2511,2031-06-01
NK225E    ,OOP,203106,59000.0,            ,186189018,0000000.0000,0000000.0,8703.74,0.238332,196189018,0000000.0000,0000000.0,18219.09,0.297699,68309.46,0.2511,2031-06-01
NK225E    ,OOP,203106,59250.0,            ,186189218,0000000.0000,0000000.0,8813.83,0.238192,196189218,0000000.0000,0000000.0,18097.11,0.297359,68309.46,0.2511,2031-06-01
NK225E    ,OOP,203106,59500.0,            ,186189518,0000000.0000,0000000.0,8924.72,0.237934,196189518,0000000.0000,0000000.0,17975.94,0.296903,68309.46,0.2511,2031-06-01
NK225E    ,OOP,203106,59750.0,            ,186189718,0000000.0000,0000000.0,9036.19,0.237766,196189718,0000000.0000,0000000.0,17855.34,0.296438,68309.46,0.2511,2031-06-01
NK225E    ,OOP,203106,60000.0,            ,186180018,0000000.0000,0000000.0,9148.33,0.237584,196180018,0000000.0000,0000000.0,17735.4,0.296068,68309.46,0.2511,2031-06-01
NK225E    ,OOP,203106,60250.0,            ,186180218,0000000.0000,0000000.0,9260.59,0.237388,196180218,0000000.0000,0000000.0,17615.59,0.295688,68309.46,0.2511,2031-06-01
NK225E    ,OOP,203106,60500.0,            ,186180518,0000000.0000,0000000.0,9373.5,0.237178,196180518,0000000.0000,0000000.0,17496.43,0.295195,68309.46,0.2511,2031-06-01
NK225E    ,OOP,203106,60750.0,            ,186180718,0000000.0000,0000000.0,9487.06,0.237058,196180718,0000000.0000,0000000.0,17377.93,0.294796,68309.46,0.2511,2031-06-01
NK225E    ,OOP,203106,61000.0,            ,186181018,0000000.0000,0000000.0,9601.28,0.236821,196181018,0000000.0000,0000000.0,17260.07,0.294388,68309.46,0.2511,2031-06-01
NK225E    ,OOP,203106,61250.0,            ,186181218,0000000.0000,0000000.0,9715.31,0.236571,196181218,0000000.0000,0000000.0,17142.03,0.29397,68309.46,0.2511,2031-06-01
NK225E    ,OOP,203106,61500.0,            ,186181518,0000000.0000,0000000.0,9830.07,0.236409,196181518,0000000.0000,0000000.0,17024.73,0.293543,68309.46,0.2511,2031-06-01
NK225E    ,OOP,203106,61750.0,            ,186181718,0000000.0000,0000000.0,9945.52,0.236133,196181718,0000000.0000,0000000.0,16908.11,0.293107,68309.46,0.2511,2031-06-01
NK225E    ,OOP,203106,62000.0,            ,186182018,0000000.0000,0000000.0,10061.56,0.235945,196182018,0000000.0000,0000000.0,16792.08,0.292764,68309.46,0.2511,2031-06-01
NK225E    ,OOP,203106,62250.0,            ,186182218,0000000.0000,0000000.0,10177.29,0.235744,196182218,0000000.0000,0000000.0,16675.73,0.29231,68309.46,0.2511,2031-06-01
NK225E    ,OOP,203106,62500.0,            ,186182518,0000000.0000,0000000.0,10293.59,0.235529,196182518,0000000.0000,0000000.0,16559.96,0.291846,68309.46,0.2511,2031-06-01
NK225E    ,OOP,203106,62750.0,            ,186182718,0000000.0000,0000000.0,10410.61,0.235302,196182718,0000000.0000,0000000.0,16444.92,0.291475,68309.46,0.2511,2031-06-01
NK225E    ,OOP,203106,63000.0,            ,186183018,0000000.0000,0000000.0,10528.26,0.235062,196183018,0000000.0000,0000000.0,16330.49,0.291094,68309.46,0.2511,2031-06-01
NK225E    ,OOP,203106,63250.0,            ,186183218,0000000.0000,0000000.0,10645.41,0.234809,196183218,0000000.0000,0000000.0,16215.58,0.290604,68309.46,0.2511,2031-06-01
NK225E    ,OOP,203106,63500.0,            ,186183518,0000000.0000,0000000.0,10763.23,0.234544,196183518,0000000.0000,0000000.0,16101.33,0.290206,68309.46,0.2511,2031-06-01
NK225E    ,OOP,203106,63750.0,            ,186183718,0000000.0000,0000000.0,10881.61,0.234267,196183718,0000000.0000,0000000.0,15987.63,0.289798,68309.46,0.2511,2031-06-01
NK225E    ,OOP,203106,64000.0,            ,186184018,0000000.0000,0000000.0,11000.64,0.233978,196184018,0000000.0000,0000000.0,15874.6,0.289381,68309.46,0.2511,2031-06-01
NK225E    ,OOP,203106,64250.0,            ,186184218,0000000.0000,0000000.0,11119.1,0.233774,196184218,0000000.0000,0000000.0,15760.99,0.288856,68309.46,0.2511,2031-06-01
NK225E    ,OOP,203106,64500.0,            ,186184518,0000000.0000,0000000.0,11238.22,0.23346,196184518,0000000.0000,0000000.0,15648.03,0.288422,68309.46,0.2511,2031-06-01
NK225E    ,OOP,203106,64750.0,            ,186184718,0000000.0000,0000000.0,11357.87,0.233232,196184718,0000000.0000,0000000.0,15535.62,0.287979,68309.46,0.2511,2031-06-01
NK225E    ,OOP,203106,65000.0,            ,186185018,0000000.0000,0000000.0,11478.17,0.232894,196185018,0000000.0000,0000000.0,15423.85,0.287626,68309.46,0.2511,2031-06-01
NK225E    ,OOP,203106,65250.0,            ,186185218,0000000.0000,0000000.0,11597.82,0.232642,196185218,0000000.0000,0000000.0,15311.43,0.287165,68309.46,0.2511,2031-06-01
NK225E    ,OOP,203106,65500.0,            ,186185518,0000000.0000,0000000.0,11718.11,0.232281,196185518,0000000.0000,0000000.0,15199.65,0.286697,68309.46,0.2511,2031-06-01
NK225E    ,OOP,203106,65750.0,            ,186185718,0000000.0000,0000000.0,11838.98,0.232005,196185718,0000000.0000,0000000.0,15088.45,0.286219,68309.46,0.2511,2031-06-01
NK225E    ,OOP,203106,66000.0,            ,186186018,0000000.0000,0000000.0,11960.44,0.231718,196186018,0000000.0000,0000000.0,14977.83,0.285831,68309.46,0.2511,2031-06-01
NK225E    ,OOP,203106,66250.0,            ,186186218,0000000.0000,0000000.0,12081.27,0.231323,196186218,0000000.0000,0000000.0,14866.59,0.285337,68309.46,0.2511,2031-06-01
NK225E    ,OOP,203106,66500.0,            ,136306518,0000000.0000,0000000.0,12202.72,0.231012,146306518,0000000.0000,0000000.0,14755.98,0.284834,68309.46,0.2511,2031-06-01
NK225E    ,OOP,203106,66750.0,            ,136306718,0000000.0000,0000000.0,12324.69,0.23069,146306718,0000000.0000,0000000.0,14645.88,0.28442,68309.46,0.2511,2031-06-01
NK225E    ,OOP,203106,67000.0,            ,136307018,0000000.0000,0000000.0,12447.29,0.230357,146307018,0000000.0000,0000000.0,14536.4,0.283901,68309.46,0.2511,2031-06-01
NK225E    ,OOP,203106,67250.0,            ,136307218,0000000.0000,0000000.0,12569.34,0.230012,146307218,0000000.0000,0000000.0,14426.39,0.28347,68309.46,0.2511,2031-06-01
NK225E    ,OOP,203106,67500.0,            ,136307518,0000000.0000,0000000.0,12691.96,0.229657,146307518,0000000.0000,0000000.0,14316.94,0.28303,68309.46,0.2511,2031-06-01
NK225E    ,OOP,203106,67750.0,            ,136307718,0000000.0000,0000000.0,12815.14,0.22929,146307718,0000000.0000,0000000.0,14208.04,0.282487,68309.46,0.2511,2031-06-01
NK225E    ,OOP,203106,68000.0,            ,136308018,0000000.0000,0000000.0,12938.93,0.229006,146308018,0000000.0000,0000000.0,14099.76,0.282031,68309.46,0.2511,2031-06-01
NK225E    ,OOP,203106,68250.0,            ,136308218,0000000.0000,0000000.0,13062.27,0.228617,146308218,0000000.0000,0000000.0,13991.03,0.281567,68309.46,0.2511,2031-06-01
NK225E    ,OOP,203106,68500.0,            ,136308518,0000000.0000,0000000.0,13186.16,0.228217,146308518,0000000.0000,0000000.0,13882.85,0.281094,68309.46,0.2511,2031-06-01
NK225E    ,OOP,203106,68750.0,            ,136308718,0000000.0000,0000000.0,13310.6,0.227806,146308718,0000000.0000,0000000.0,13775.22,0.280613,68309.46,0.2511,2031-06-01
NK225E    ,OOP,203106,69000.0,            ,136309018,0000000.0000,0000000.0,13435.64,0.227478,146309018,0000000.0000,0000000.0,13668.2,0.280124,68309.46,0.2511,2031-06-01
NK225E    ,OOP,203106,69250.0,            ,136309218,0000000.0000,0000000.0,13560.49,0.227046,146309218,0000000.0000,0000000.0,13560.97,0.279627,68309.46,0.2511,2031-06-01
NK225E    ,OOP,203106,69500.0,            ,136309518,0000000.0000,0000000.0,13685.88,0.226696,146309518,0000000.0000,0000000.0,13454.29,0.279122,68309.46,0.2511,2031-06-01
NK225E    ,OOP,203106,69750.0,            ,136309718,0000000.0000,0000000.0,13811.82,0.226335,146309718,0000000.0000,0000000.0,13348.16,0.278609,68309.46,0.2511,2031-06-01
NK225E    ,OOP,203106,70000.0,            ,136300018,0000000.0000,0000000.0,13938.3,0.225871,146300018,0000000.0000,0000000.0,13242.57,0.278182,68309.46,0.2511,2031-06-01
NK225E    ,OOP,203106,70250.0,            ,136300218,0000000.0000,0000000.0,14064.89,0.225488,146300218,0000000.0000,0000000.0,13137.09,0.277653,68309.46,0.2511,2031-06-01
NK225E    ,OOP,203106,70500.0,            ,136300518,0000000.0000,0000000.0,14192.02,0.225095,146300518,0000000.0000,0000000.0,13032.15,0.27721,68309.46,0.2511,2031-06-01
NK225E    ,OOP,203106,70750.0,            ,136300718,0000000.0000,0000000.0,14319.69,0.224692,146300718,0000000.0000,0000000.0,12927.75,0.276665,68309.46,0.2511,2031-06-01
NK225E    ,OOP,203106,71000.0,            ,136301018,0000000.0000,0000000.0,14447.95,0.224277,146301018,0000000.0000,0000000.0,12823.94,0.276205,68309.46,0.2511,2031-06-01
NK225E    ,OOP,203106,71250.0,            ,136301218,0000000.0000,0000000.0,14576.64,0.223944,146301218,0000000.0000,0000000.0,12720.56,0.275737,68309.46,0.2511,2031-06-01
NK225E    ,OOP,203106,71500.0,            ,136301518,0000000.0000,0000000.0,14705.92,0.223508,146301518,0000000.0000,0000000.0,12617.77,0.275262,68309.46,0.2511,2031-06-01
NK225E    ,OOP,203106,71750.0,            ,136301718,0000000.0000,0000000.0,14835.74,0.223062,146301718,0000000.0000,0000000.0,12515.52,0.274778,68309.46,0.2511,2031-06-01
NK225E    ,OOP,203106,72000.0,            ,136302018,0000000.0000,0000000.0,14966.09,0.222697,146302018,0000000.0000,0000000.0,12413.8,0.274286,68309.46,0.2511,2031-06-01
NK225E    ,OOP,203106,72250.0,            ,136302218,0000000.0000,0000000.0,15097.41,0.222321,146302218,0000000.0000,0000000.0,12313.06,0.273786,68309.46,0.2511,2031-06-01
NK225E    ,OOP,203106,72500.0,            ,136302518,0000000.0000,0000000.0,15229.27,0.221934,146302518,0000000.0000,0000000.0,12212.84,0.273371,68309.46,0.2511,2031-06-01
NK225E    ,OOP,203106,72750.0,            ,136302718,0000000.0000,0000000.0,15361.66,0.221446,146302718,0000000.0000,0000000.0,12113.16,0.272855,68309.46,0.2511,2031-06-01
NK225E    ,OOP,203106,73000.0,            ,136303018,0000000.0000,0000000.0,15494.58,0.22113,146303018,0000000.0000,0000000.0,12014.01,0.272424,68309.46,0.2511,2031-06-01
NK225E    ,OOP,203106,73250.0,            ,136303218,0000000.0000,0000000.0,15629.02,0.220711,146303218,0000000.0000,0000000.0,11916.38,0.271984,68309.46,0.2511,2031-06-01
NK225E    ,OOP,203106,73500.0,            ,136303518,0000000.0000,0000000.0,15764.04,0.220283,146303518,0000000.0000,0000000.0,11819.33,0.271536,68309.46,0.2511,2031-06-01
NK225E    ,OOP,203106,73750.0,            ,136303718,0000000.0000,0000000.0,15899.6,0.219934,146303718,0000000.0000,0000000.0,11722.82,0.27108,68309.46,0.2511,2031-06-01
NK225E    ,OOP,203106,74000.0,            ,136304018,0000000.0000,0000000.0,16035.68,0.219575,146304018,0000000.0000,0000000.0,11626.83,0.270617,68309.46,0.2511,2031-06-01
NK225E    ,OOP,203106,74250.0,            ,136304218,0000000.0000,0000000.0,16174.0,0.219205,146304218,0000000.0000,0000000.0,11533.08,0.270236,68309.46,0.2511,2031-06-01
NK225E    ,OOP,203106,74500.0,            ,136304518,0000000.0000,0000000.0,16312.85,0.218825,146304518,0000000.0000,0000000.0,11439.86,0.269848,68309.46,0.2511,2031-06-01
NK225E    ,OOP,203106,74750.0,            ,136304718,0000000.0000,0000000.0,16452.23,0.218525,146304718,0000000.0000,0000000.0,11347.17,0.269451,68309.46,0.2511,2031-06-01
NK225E    ,OOP,203106,75000.0,            ,136305018,0000000.0000,0000000.0,16592.13,0.218124,146305018,0000000.0000,0000000.0,11255.01,0.269047,68309.46,0.2511,2031-06-01
NK225E    ,OOP,203106,75250.0,            ,136305218,0000000.0000,0000000.0,16735.05,0.217802,146305218,0000000.0000,0000000.0,11165.85,0.268725,68309.46,0.2511,2031-06-01
NK225E    ,OOP,203106,75500.0,            ,136305518,0000000.0000,0000000.0,16878.55,0.21747,146305518,0000000.0000,0000000.0,11077.28,0.268395,68309.46,0.2511,2031-06-01
NK225E    ,OOP,203106,75750.0,            ,136305718,0000000.0000,0000000.0,17022.58,0.217218,146305718,0000000.0000,0000000.0,10989.24,0.267967,68309.46,0.2511,2031-06-01
NK225E    ,OOP,203106,76000.0,            ,136306018,0000000.0000,0000000.0,17167.13,0.216865,146306018,0000000.0000,0000000.0,10901.72,0.267621,68309.46,0.2511,2031-06-01
NK225E    ,OOP,203106,76250.0,            ,136306218,0000000.0000,0000000.0,17323.45,0.216772,146306218,0000000.0000,0000000.0,10825.97,0.267539,68309.46,0.2511,2031-06-01
NK225E    ,OOP,203106,80000.0,            ,186300018,0000000.0000,0000000.0,19730.64,0.215128,196300018,0000000.0000,0000000.0,9752.11,0.265774,68309.46,0.2511,2031-06-01
NK225E    ,OOP,203112,18000.0,            ,136128018,0000000.0000,0000000.0,225.67,0.299395,146128018,0000000.0000,0000000.0,47520.6,0.614215,68309.46,0.2511,2031-12-01
NK225E    ,OOP,203112,19000.0,            ,136129018,0000000.0000,0000000.0,283.2,0.299178,146129018,0000000.0000,0000000.0,46657.15,0.593398,68309.46,0.2511,2031-12-01
NK225E    ,OOP,203112,20000.0,            ,136120018,0000000.0000,0000000.0,349.72,0.298767,146120018,0000000.0000,0000000.0,45802.69,0.574554,68309.46,0.2511,2031-12-01
NK225E    ,OOP,203112,21000.0,            ,136121018,0000000.0000,0000000.0,425.76,0.299246,146121018,0000000.0000,0000000.0,44957.75,0.557134,68309.46,0.2511,2031-12-01
NK225E    ,OOP,203112,22000.0,            ,136122018,0000000.0000,0000000.0,511.77,0.29887,146122018,0000000.0000,0000000.0,44122.78,0.541254,68309.46,0.2511,2031-12-01
NK225E    ,OOP,203112,23000.0,            ,136123018,0000000.0000,0000000.0,608.18,0.29859,146123018,0000000.0000,0000000.0,43298.22,0.526462,68309.46,0.2511,2031-12-01
NK225E    ,OOP,203112,24000.0,            ,136124018,0000000.0000,0000000.0,715.36,0.298339,146124018,0000000.0000,0000000.0,42484.42,0.513163,68309.46,0.2511,2031-12-01
NK225E    ,OOP,203112,25000.0,            ,136125018,0000000.0000,0000000.0,833.64,0.298074,146125018,0000000.0000,0000000.0,41681.72,0.50094,68309.46,0.2511,2031-12-01
NK225E    ,OOP,203112,26000.0,            ,136126018,0000000.0000,0000000.0,963.3,0.297776,146126018,0000000.0000,0000000.0,40890.4,0.48968,68309.46,0.2511,2031-12-01
NK225E    ,OOP,203112,27000.0,            ,136127018,0000000.0000,0000000.0,1104.59,0.297432,146127018,0000000.0000,0000000.0,40110.71,0.479284,68309.46,0.2511,2031-12-01
NK225E    ,OOP,203112,27250.0,            ,186127218,0000000.0000,0000000.0,1141.75,0.297503,196127218,0000000.0000,0000000.0,39917.63,0.47668,68309.46,0.2511,2031-12-01
NK225E    ,OOP,203112,27500.0,            ,186127518,0000000.0000,0000000.0,1179.65,0.29715,196127518,0000000.0000,0000000.0,39725.29,0.474325,68309.46,0.2511,2031-12-01
NK225E    ,OOP,203112,27750.0,            ,186127718,0000000.0000,0000000.0,1218.3,0.29712,196127718,0000000.0000,0000000.0,39533.69,0.471987,68309.46,0.2511,2031-12-01
NK225E    ,OOP,203112,28000.0,            ,186128018,0000000.0000,0000000.0,1257.7,0.297039,196128018,0000000.0000,0000000.0,39342.84,0.469665,68309.46,0.2511,2031-12-01
NK225E    ,OOP,203112,28250.0,            ,136128218,0000000.0000,0000000.0,1297.84,0.297256,146128218,0000000.0000,0000000.0,39152.74,0.467359,68309.46,0.2511,2031-12-01
NK225E    ,OOP,203112,28500.0,            ,136128518,0000000.0000,0000000.0,1338.74,0.297077,146128518,0000000.0000,0000000.0,38963.4,0.465288,68309.46,0.2511,2031-12-01
NK225E    ,OOP,203112,28750.0,            ,136128718,0000000.0000,0000000.0,1380.39,0.296856,146128718,0000000.0000,0000000.0,38774.8,0.46301,68309.46,0.2511,2031-12-01
NK225E    ,OOP,203112,29000.0,            ,186129018,0000000.0000,0000000.0,1422.8,0.29692,196129018,0000000.0000,0000000.0,38586.97,0.460963,68309.46,0.2511,2031-12-01
NK225E    ,OOP,203112,29250.0,            ,136129218,0000000.0000,0000000.0,1457.98,0.2963,146129218,0000000.0000,0000000.0,38391.9,0.458499,68309.46,0.2511,2031-12-01
NK225E    ,OOP,203112,29500.0,            ,136129518,0000000.0000,0000000.0,1493.63,0.295968,146129518,0000000.0000,0000000.0,38197.31,0.456053,68309.46,0.2511,2031-12-01
NK225E    ,OOP,203112,29750.0,            ,136129718,0000000.0000,0000000.0,1529.75,0.295297,146129718,0000000.0000,0000000.0,38003.18,0.453835,68309.46,0.2511,2031-12-01
NK225E    ,OOP,203112,30000.0,            ,186120018,0000000.0000,0000000.0,1566.35,0.294906,196120018,0000000.0000,0000000.0,37809.54,0.451422,68309.46,0.2511,2031-12-01
NK225E    ,OOP,203112,30250.0,            ,136120218,0000000.0000,0000000.0,1601.4,0.294188,146120218,0000000.0000,0000000.0,37614.35,0.449027,68309.46,0.2511,2031-12-01
NK225E    ,OOP,203112,30500.0,            ,136120518,0000000.0000,0000000.0,1636.88,0.293452,146120518,0000000.0000,0000000.0,37419.58,0.446648,68309.46,0.2511,2031-12-01
NK225E    ,OOP,203112,30750.0,            ,136120718,0000000.0000,0000000.0,1672.74,0.292984,146120718,0000000.0000,0000000.0,37225.2,0.444489,68309.46,0.2511,2031-12-01
NK225E    ,OOP,203112,31000.0,            ,186121018,0000000.0000,0000000.0,1709.03,0.292208,196121018,0000000.0000,0000000.0,37031.24,0.442141,68309.46,0.2511,2031-12-01
NK225E    ,OOP,203112,31250.0,            ,136121218,0000000.0000,0000000.0,1744.06,0.291415,146121218,0000000.0000,0000000.0,36836.03,0.439808,68309.46,0.2511,2031-12-01
NK225E    ,OOP,203112,31500.0,            ,136121518,0000000.0000,0000000.0,1779.45,0.290881,146121518,0000000.0000,0000000.0,36641.17,0.437689,68309.46,0.2511,2031-12-01
NK225E    ,OOP,203112,31750.0,            ,136121718,0000000.0000,0000000.0,1815.19,0.290054,146121718,0000000.0000,0000000.0,36446.67,0.435386,68309.46,0.2511,2031-12-01
NK225E    ,OOP,203112,32000.0,            ,186122018,0000000.0000,0000000.0,1851.28,0.289212,196122018,0000000.0000,0000000.0,36252.52,0.433097,68309.46,0.2511,2031-12-01
NK225E    ,OOP,203112,32250.0,            ,136122218,0000000.0000,0000000.0,1886.44,0.28862,146122218,0000000.0000,0000000.0,36057.43,0.430823,68309.46,0.2511,2031-12-01
NK225E    ,OOP,203112,32500.0,            ,136122518,0000000.0000,0000000.0,1921.93,0.287748,146122518,0000000.0000,0000000.0,35862.68,0.428754,68309.46,0.2511,2031-12-01
NK225E    ,OOP,203112,32750.0,            ,136122718,0000000.0000,0000000.0,1957.72,0.286864,146122718,0000000.0000,0000000.0,35668.22,0.426507,68309.46,0.2511,2031-12-01
NK225E    ,OOP,203112,33000.0,            ,186123018,0000000.0000,0000000.0,1993.85,0.28622,196123018,0000000.0000,0000000.0,35474.11,0.424273,68309.46,0.2511,2031-12-01
NK225E    ,OOP,203112,33250.0,            ,136123218,0000000.0000,0000000.0,2029.35,0.28531,146123218,0000000.0000,0000000.0,35279.36,0.42224,68309.46,0.2511,2031-12-01
NK225E    ,OOP,203112,33500.0,            ,136123518,0000000.0000,0000000.0,2065.16,0.284389,146123518,0000000.0000,0000000.0,35084.93,0.420032,68309.46,0.2511,2031-12-01
NK225E    ,OOP,203112,33750.0,            ,136123718,0000000.0000,0000000.0,2101.26,0.2837,146123718,0000000.0000,0000000.0,34890.79,0.417836,68309.46,0.2511,2031-12-01
NK225E    ,OOP,203112,34000.0,            ,186124018,0000000.0000,0000000.0,2137.66,0.282756,196124018,0000000.0000,0000000.0,34696.94,0.415836,68309.46,0.2511,2031-12-01
NK225E    ,OOP,203112,34250.0,            ,136124218,0000000.0000,0000000.0,2173.77,0.281802,146124218,0000000.0000,0000000.0,34502.81,0.413664,68309.46,0.2511,2031-12-01
NK225E    ,OOP,203112,34500.0,            ,136124518,0000000.0000,0000000.0,2210.16,0.281072,146124518,0000000.0000,0000000.0,34308.95,0.411505,68309.46,0.2511,2031-12-01
NK225E    ,OOP,203112,34750.0,            ,136124718,0000000.0000,0000000.0,2246.82,0.280098,146124718,0000000.0000,0000000.0,34115.37,0.409536,68309.46,0.2511,2031-12-01
NK225E    ,OOP,203112,35000.0,            ,186125018,0000000.0000,0000000.0,2283.78,0.279342,196125018,0000000.0000,0000000.0,33922.09,0.407399,68309.46,0.2511,2031-12-01
NK225E    ,OOP,203112,35250.0,            ,136125218,0000000.0000,0000000.0,2320.77,0.278349,146125218,0000000.0000,0000000.0,33728.82,0.40545,68309.46,0.2511,2031-12-01
NK225E    ,OOP,203112,35500.0,            ,136125518,0000000.0000,0000000.0,2358.04,0.277569,146125518,0000000.0000,0000000.0,33535.86,0.403335,68309.46,0.2511,2031-12-01
NK225E    ,OOP,203112,35750.0,            ,136125718,0000000.0000,0000000.0,2395.59,0.276777,146125718,0000000.0000,0000000.0,33343.16,0.401404,68309.46,0.2511,2031-12-01
NK225E    ,OOP,203112,36000.0,            ,186126018,0000000.0000,0000000.0,2433.4,0.275757,196126018,0000000.0000,0000000.0,33150.73,0.399482,68309.46,0.2511,2031-12-01
NK225E    ,OOP,203112,36250.0,            ,136126218,0000000.0000,0000000.0,2471.59,0.274944,146126218,0000000.0000,0000000.0,32958.67,0.397397,68309.46,0.2511,2031-12-01
NK225E    ,OOP,203112,36500.0,            ,136126518,0000000.0000,0000000.0,2510.07,0.274119,146126518,0000000.0000,0000000.0,32766.9,0.395492,68309.46,0.2511,2031-12-01
NK225E    ,OOP,203112,36750.0,            ,136126718,0000000.0000,0000000.0,2548.79,0.273284,146126718,0000000.0000,0000000.0,32575.38,0.393596,68309.46,0.2511,2031-12-01
NK225E    ,OOP,203112,37000.0,            ,186127018,0000000.0000,0000000.0,2587.81,0.272438,196127018,0000000.0000,0000000.0,32384.16,0.391707,68309.46,0.2511,2031-12-01
NK225E    ,OOP,203112,37250.0,            ,136127218,0000000.0000,0000000.0,2627.51,0.271581,146127218,0000000.0000,0000000.0,32193.61,0.389825,68309.46,0.2511,2031-12-01
NK225E    ,OOP,203112,37500.0,            ,136127518,0000000.0000,0000000.0,2667.49,0.270715,146127518,0000000.0000,0000000.0,32003.35,0.387952,68309.46,0.2511,2031-12-01
NK225E    ,OOP,203112,37750.0,            ,136127718,0000000.0000,0000000.0,2707.75,0.269839,146127718,0000000.0000,0000000.0,31813.36,0.386086,68309.46,0.2511,2031-12-01
NK225E    ,OOP,203112,38000.0,            ,136248018,0000000.0000,0000000.0,2748.32,0.268954,146248018,0000000.0000,0000000.0,31623.69,0.384227,68309.46,0.2511,2031-12-01
NK225E    ,OOP,203112,38250.0,            ,186128218,0000000.0000,0000000.0,2789.86,0.26806,196128218,0000000.0000,0000000.0,31434.98,0.382375,68309.46,0.2511,2031-12-01
NK225E    ,OOP,203112,38500.0,            ,186128518,0000000.0000,0000000.0,2831.69,0.267351,196128518,0000000.0000,0000000.0,31246.57,0.38053,68309.46,0.2511,2031-12-01
NK225E    ,OOP,203112,38750.0,            ,186128718,0000000.0000,0000000.0,2873.82,0.266438,196128718,0000000.0000,0000000.0,31058.45,0.378851,68309.46,0.2511,2031-12-01
NK225E    ,OOP,203112,39000.0,            ,136249018,0000000.0000,0000000.0,2916.24,0.265705,146249018,0000000.0000,0000000.0,30870.64,0.377019,68309.46,0.2511,2031-12-01
NK225E    ,OOP,203112,39250.0,            ,186129218,0000000.0000,0000000.0,2959.94,0.264774,196129218,0000000.0000,0000000.0,30684.08,0.37535,68309.46,0.2511,2031-12-01
NK225E    ,OOP,203112,39500.0,            ,186129518,0000000.0000,0000000.0,3003.97,0.264021,196129518,0000000.0000,0000000.0,30497.87,0.373685,68309.46,0.2511,2031-12-01
NK225E    ,OOP,203112,39750.0,            ,186129718,0000000.0000,0000000.0,3048.29,0.263256,196129718,0000000.0000,0000000.0,30311.95,0.372025,68309.46,0.2511,2031-12-01
NK225E    ,OOP,203112,40000.0,            ,136240018,0000000.0000,0000000.0,3092.96,0.26248,146240018,0000000.0000,0000000.0,30126.37,0.370216,68309.46,0.2511,2031-12-01
NK225E    ,OOP,203112,40250.0,            ,186120218,0000000.0000,0000000.0,3139.13,0.261694,196120218,0000000.0000,0000000.0,29942.3,0.368717,68309.46,0.2511,2031-12-01
NK225E    ,OOP,203112,40500.0,            ,186120518,0000000.0000,0000000.0,3185.67,0.260898,196120518,0000000.0000,0000000.0,29758.59,0.36707,68309.46,0.2511,2031-12-01
NK225E    ,OOP,203112,40750.0,            ,186120718,0000000.0000,0000000.0,3232.52,0.260267,196120718,0000000.0000,0000000.0,29575.2,0.365426,68309.46,0.2511,2031-12-01
NK225E    ,OOP,203112,41000.0,            ,136241018,0000000.0000,0000000.0,3279.74,0.259449,146241018,0000000.0000,0000000.0,29392.17,0.363786,68309.46,0.2511,2031-12-01
NK225E    ,OOP,203112,41250.0,            ,186121218,0000000.0000,0000000.0,3328.72,0.258794,196121218,0000000.0000,0000000.0,29210.91,0.362299,68309.46,0.2511,2031-12-01
NK225E    ,OOP,203112,41500.0,            ,186121518,0000000.0000,0000000.0,3378.06,0.258127,196121518,0000000.0000,0000000.0,29030.01,0.360813,68309.46,0.2511,2031-12-01
NK225E    ,OOP,203112,41750.0,            ,186121718,0000000.0000,0000000.0,3427.78,0.257279,196121718,0000000.0000,0000000.0,28849.48,0.359183,68309.46,0.2511,2031-12-01
NK225E    ,OOP,203112,42000.0,            ,136242018,0000000.0000,0000000.0,3477.87,0.256589,146242018,0000000.0000,0000000.0,28669.33,0.357701,68309.46,0.2511,2031-12-01
NK225E    ,OOP,203112,42250.0,            ,186122218,0000000.0000,0000000.0,3529.92,0.256052,196122218,0000000.0000,0000000.0,28491.13,0.356366,68309.46,0.2511,2031-12-01
NK225E    ,OOP,203112,42500.0,            ,186122518,0000000.0000,0000000.0,3582.38,0.255338,196122518,0000000.0000,0000000.0,28313.35,0.354887,68309.46,0.2511,2031-12-01
NK225E    ,OOP,203112,42750.0,            ,186122718,0000000.0000,0000000.0,3635.23,0.254613,196122718,0000000.0000,0000000.0,28135.96,0.35341,68309.46,0.2511,2031-12-01
NK225E    ,OOP,203112,43000.0,            ,136243018,0000000.0000,0000000.0,3688.53,0.254038,146243018,0000000.0000,0000000.0,27959.01,0.352077,68309.46,0.2511,2031-12-01
NK225E    ,OOP,203112,43250.0,            ,186123218,0000000.0000,0000000.0,3743.94,0.253449,196123218,0000000.0000,0000000.0,27784.17,0.350742,68309.46,0.2511,2031-12-01
NK225E    ,OOP,203112,43500.0,            ,186123518,0000000.0000,0000000.0,3799.79,0.252847,196123518,0000000.0000,0000000.0,27609.78,0.349269,68309.46,0.2511,2031-12-01
NK225E    ,OOP,203112,43750.0,            ,186123718,0000000.0000,0000000.0,3856.07,0.252233,196123718,0000000.0000,0000000.0,27435.82,0.347935,68309.46,0.2511,2031-12-01
NK225E    ,OOP,203112,44000.0,            ,136244018,0000000.0000,0000000.0,3912.8,0.251606,146244018,0000000.0000,0000000.0,27262.3,0.346739,68309.46,0.2511,2031-12-01
NK225E    ,OOP,203112,44250.0,            ,186124218,0000000.0000,0000000.0,3971.77,0.250967,196124218,0000000.0000,0000000.0,27091.03,0.345404,68309.46,0.2511,2031-12-01
NK225E    ,OOP,203112,44500.0,            ,186124518,0000000.0000,0000000.0,4031.25,0.250468,196124518,0000000.0000,0000000.0,26920.26,0.344205,68309.46,0.2511,2031-12-01
NK225E    ,OOP,203112,44750.0,            ,186124718,0000000.0000,0000000.0,4091.16,0.249955,196124718,0000000.0000,0000000.0,26749.93,0.342869,68309.46,0.2511,2031-12-01
NK225E    ,OOP,203112,45000.0,            ,136245018,0000000.0000,0000000.0,4151.58,0.249428,146245018,0000000.0000,0000000.0,26580.11,0.341668,68309.46,0.2511,2031-12-01
NK225E    ,OOP,203112,45250.0,            ,186125218,0000000.0000,0000000.0,4214.36,0.248887,196125218,0000000.0000,0000000.0,26412.64,0.340464,68309.46,0.2511,2031-12-01
NK225E    ,OOP,203112,45500.0,            ,186125518,0000000.0000,0000000.0,4277.67,0.248333,196125518,0000000.0000,0000000.0,26245.7,0.339392,68309.46,0.2511,2031-12-01
NK225E    ,OOP,203112,45750.0,            ,186125718,0000000.0000,0000000.0,4341.45,0.247911,196125718,0000000.0000,0000000.0,26079.24,0.338184,68309.46,0.2511,2031-12-01
NK225E    ,OOP,203112,46000.0,            ,136246018,0000000.0000,0000000.0,4405.77,0.247331,146246018,0000000.0000,0000000.0,25913.31,0.337105,68309.46,0.2511,2031-12-01
NK225E    ,OOP,203112,46250.0,            ,186126218,0000000.0000,0000000.0,4472.5,0.246881,196126218,0000000.0000,0000000.0,25749.8,0.336023,68309.46,0.2511,2031-12-01
NK225E    ,OOP,203112,46500.0,            ,186126518,0000000.0000,0000000.0,4539.74,0.246557,196126518,0000000.0000,0000000.0,25586.8,0.334938,68309.46,0.2511,2031-12-01
NK225E    ,OOP,203112,46750.0,            ,186126718,0000000.0000,0000000.0,4607.59,0.246077,196126718,0000000.0000,0000000.0,25424.4,0.33385,68309.46,0.2511,2031-12-01
NK225E    ,OOP,203112,47000.0,            ,136247018,0000000.0000,0000000.0,4675.97,0.245583,146247018,0000000.0000,0000000.0,25262.54,0.332759,68309.46,0.2511,2031-12-01
NK225E    ,OOP,203112,47250.0,            ,136247218,0000000.0000,0000000.0,4746.79,0.245214,146247218,0000000.0000,0000000.0,25103.12,0.331791,68309.46,0.2511,2031-12-01
NK225E    ,OOP,203112,47500.0,            ,136247518,0000000.0000,0000000.0,4818.22,0.244829,146247518,0000000.0000,0000000.0,24944.3,0.33082,68309.46,0.2511,2031-12-01
NK225E    ,OOP,203112,47750.0,            ,136247718,0000000.0000,0000000.0,4890.14,0.244429,146247718,0000000.0000,0000000.0,24785.98,0.329844,68309.46,0.2511,2031-12-01
NK225E    ,OOP,203112,48000.0,            ,186248018,0000000.0000,0000000.0,4962.71,0.244014,196248018,0000000.0000,0000000.0,24628.3,0.328863,68309.46,0.2511,2031-12-01
NK225E    ,OOP,203112,48250.0,            ,136248218,0000000.0000,0000000.0,5037.72,0.243718,146248218,0000000.0000,0000000.0,24473.07,0.327878,68309.46,0.2511,2031-12-01
NK225E    ,OOP,203112,48500.0,            ,136248518,0000000.0000,0000000.0,5113.3,0.243275,146248518,0000000.0000,0000000.0,24318.4,0.327013,68309.46,0.2511,2031-12-01
NK225E    ,OOP,203112,48750.0,            ,136248718,0000000.0000,0000000.0,5189.47,0.242948,146248718,0000000.0000,0000000.0,24164.33,0.326142,68309.46,0.2511,2031-12-01
NK225E    ,OOP,203112,49000.0,            ,186249018,0000000.0000,0000000.0,5266.28,0.242606,196249018,0000000.0000,0000000.0,24010.89,0.325265,68309.46,0.2511,2031-12-01
NK225E    ,OOP,203112,49250.0,            ,136249218,0000000.0000,0000000.0,5345.42,0.242249,146249218,0000000.0000,0000000.0,23859.79,0.324383,68309.46,0.2511,2031-12-01
NK225E    ,OOP,203112,49500.0,            ,136249518,0000000.0000,0000000.0,5425.27,0.242005,146249518,0000000.0000,0000000.0,23709.39,0.323617,68309.46,0.2511,2031-12-01
NK225E    ,OOP,203112,49750.0,            ,136249718,0000000.0000,0000000.0,5505.7,0.241745,146249718,0000000.0000,0000000.0,23559.58,0.322724,68309.46,0.2511,2031-12-01
NK225E    ,OOP,203112,50000.0,            ,186240018,0000000.0000,0000000.0,5586.79,0.241343,196240018,0000000.0000,0000000.0,23410.43,0.321945,68309.46,0.2511,2031-12-01
NK225E    ,OOP,203112,50250.0,            ,136240218,0000000.0000,0000000.0,5670.13,0.241177,146240218,0000000.0000,0000000.0,23263.52,0.32116,68309.46,0.2511,2031-12-01
NK225E    ,OOP,203112,50500.0,            ,136240518,0000000.0000,0000000.0,5754.16,0.240871,146240518,0000000.0000,0000000.0,23117.3,0.320368,68309.46,0.2511,2031-12-01
NK225E    ,OOP,203112,50750.0,            ,136240718,0000000.0000,0000000.0,5838.78,0.240549,146240718,0000000.0000,0000000.0,22971.69,0.319689,68309.46,0.2511,2031-12-01
NK225E    ,OOP,203112,51000.0,            ,186241018,0000000.0000,0000000.0,5924.09,0.240335,196241018,0000000.0000,0000000.0,22826.75,0.318884,68309.46,0.2511,2031-12-01
NK225E    ,OOP,203112,51250.0,            ,136241218,0000000.0000,0000000.0,6011.55,0.240105,146241218,0000000.0000,0000000.0,22683.96,0.318191,68309.46,0.2511,2031-12-01
NK225E    ,OOP,203112,51500.0,            ,136241518,0000000.0000,0000000.0,6099.71,0.239859,146241518,0000000.0000,0000000.0,22541.88,0.31749,68309.46,0.2511,2031-12-01
NK225E    ,OOP,203112,51750.0,            ,136241718,0000000.0000,0000000.0,6188.49,0.239598,146241718,0000000.0000,0000000.0,22400.41,0.316782,68309.46,0.2511,2031-12-01
NK225E    ,OOP,203112,52000.0,            ,186242018,0000000.0000,0000000.0,6277.96,0.23944,196242018,0000000.0000,0000000.0,22259.64,0.316182,68309.46,0.2511,2031-12-01
NK225E    ,OOP,203112,52250.0,            ,136242218,0000000.0000,0000000.0,6369.39,0.239149,146242218,0000000.0000,0000000.0,22120.82,0.315459,68309.46,0.2511,2031-12-01
NK225E    ,OOP,203112,52500.0,            ,136242518,0000000.0000,0000000.0,6461.61,0.23896,146242518,0000000.0000,0000000.0,21982.8,0.314844,68309.46,0.2511,2031-12-01
NK225E    ,OOP,203112,52750.0,            ,136242718,0000000.0000,0000000.0,6554.37,0.238755,146242718,0000000.0000,0000000.0,21845.32,0.314221,68309.46,0.2511,2031-12-01
NK225E    ,OOP,203112,53000.0,            ,186243018,0000000.0000,0000000.0,6647.94,0.238651,196243018,0000000.0000,0000000.0,21708.64,0.31359,68309.46,0.2511,2031-12-01
NK225E    ,OOP,203112,53250.0,            ,136243218,0000000.0000,0000000.0,6743.23,0.238416,146243218,0000000.0000,0000000.0,21573.69,0.313064,68309.46,0.2511,2031-12-01
NK225E    ,OOP,203112,53500.0,            ,136243518,0000000.0000,0000000.0,6839.29,0.23828,146243518,0000000.0000,0000000.0,21439.5,0.312418,68309.46,0.2511,2031-12-01
NK225E    ,OOP,203112,53750.0,            ,136243718,0000000.0000,0000000.0,6935.98,0.238128,146243718,0000000.0000,0000000.0,21305.95,0.311876,68309.46,0.2511,2031-12-01
NK225E    ,OOP,203112,54000.0,            ,186244018,0000000.0000,0000000.0,7033.31,0.237848,196244018,0000000.0000,0000000.0,21173.03,0.311325,68309.46,0.2511,2031-12-01
NK225E    ,OOP,203112,54250.0,            ,136244218,0000000.0000,0000000.0,7132.3,0.237778,146244218,0000000.0000,0000000.0,21041.78,0.310766,68309.46,0.2511,2031-12-01
NK225E    ,OOP,203112,54500.0,            ,136244518,0000000.0000,0000000.0,7231.98,0.23758,146244518,0000000.0000,0000000.0,20911.21,0.310309,68309.46,0.2511,2031-12-01
NK225E    ,OOP,203112,54750.0,            ,136244718,0000000.0000,0000000.0,7332.34,0.237479,146244718,0000000.0000,0000000.0,20781.33,0.309734,68309.46,0.2511,2031-12-01
NK225E    ,OOP,203112,55000.0,            ,186245018,0000000.0000,0000000.0,7433.33,0.237252,196245018,0000000.0000,0000000.0,20652.08,0.30926,68309.46,0.2511,2031-12-01
NK225E    ,OOP,203112,55250.0,            ,136245218,0000000.0000,0000000.0,7535.74,0.23712,146245218,0000000.0000,0000000.0,20524.24,0.308668,68309.46,0.2511,2031-12-01
NK225E    ,OOP,203112,55500.0,            ,136245518,0000000.0000,0000000.0,7638.83,0.236974,146245518,0000000.0000,0000000.0,20397.08,0.308177,68309.46,0.2511,2031-12-01
NK225E    ,OOP,203112,55750.0,            ,136245718,0000000.0000,0000000.0,7742.6,0.236812,146245718,0000000.0000,0000000.0,20270.61,0.307785,68309.46,0.2511,2031-12-01
NK225E    ,OOP,203112,56000.0,            ,186246018,0000000.0000,0000000.0,7847.0,0.236744,196246018,0000000.0000,0000000.0,20144.77,0.307277,68309.46,0.2511,2031-12-01
NK225E    ,OOP,203112,56250.0,            ,136246218,0000000.0000,0000000.0,7952.55,0.236553,146246218,0000000.0000,0000000.0,20020.07,0.30676,68309.46,0.2511,2031-12-01
NK225E    ,OOP,203112,56500.0,            ,136246518,0000000.0000,0000000.0,8058.87,0.236455,146246518,0000000.0000,0000000.0,19896.15,0.306342,68309.46,0.2511,2031-12-01
NK225E    ,OOP,203112,56750.0,            ,136246718,0000000.0000,0000000.0,8165.78,0.236342,146246718,0000000.0000,0000000.0,19772.81,0.305914,68309.46,0.2511,2031-12-01
NK225E    ,OOP,203112,57000.0,            ,186247018,0000000.0000,0000000.0,8273.36,0.236214,196247018,0000000.0000,0000000.0,19650.15,0.305478,68309.46,0.2511,2031-12-01
NK225E    ,OOP,203112,57250.0,            ,186247218,0000000.0000,0000000.0,8381.85,0.236072,196247218,0000000.0000,0000000.0,19528.39,0.305033,68309.46,0.2511,2031-12-01
NK225E    ,OOP,203112,57500.0,            ,186247518,0000000.0000,0000000.0,8490.96,0.235916,196247518,0000000.0000,0000000.0,19407.26,0.30458,68309.46,0.2511,2031-12-01
NK225E    ,OOP,203112,57750.0,            ,186247718,0000000.0000,0000000.0,8600.74,0.235746,196247718,0000000.0000,0000000.0,19286.8,0.304118,68309.46,0.2511,2031-12-01
NK225E    ,OOP,203112,58000.0,            ,136368018,0000000.0000,0000000.0,8711.19,0.235666,146368018,0000000.0000,0000000.0,19167.01,0.303752,68309.46,0.2511,2031-12-01
NK225E    ,OOP,203112,58250.0,            ,186248218,0000000.0000,0000000.0,8822.21,0.235469,196248218,0000000.0000,0000000.0,19047.78,0.303273,68309.46,0.2511,2031-12-01
NK225E    ,OOP,203112,58500.0,            ,186248518,0000000.0000,0000000.0,8933.98,0.235361,196248518,0000000.0000,0000000.0,18929.31,0.302889,68309.46,0.2511,2031-12-01
NK225E    ,OOP,203112,58750.0,            ,186248718,0000000.0000,0000000.0,9046.36,0.235239,196248718,0000000.0000,0000000.0,18811.44,0.302497,68309.46,0.2511,2031-12-01
NK225E    ,OOP,203112,59000.0,            ,136369018,0000000.0000,0000000.0,9159.4,0.235103,146369018,0000000.0000,0000000.0,18694.24,0.302095,68309.46,0.2511,2031-12-01
NK225E    ,OOP,203112,59250.0,            ,186249218,0000000.0000,0000000.0,9272.75,0.234954,196249218,0000000.0000,0000000.0,18577.34,0.301686,68309.46,0.2511,2031-12-01
NK225E    ,OOP,203112,59500.0,            ,186249518,0000000.0000,0000000.0,9386.74,0.234792,196249518,0000000.0000,0000000.0,18461.09,0.301267,68309.46,0.2511,2031-12-01
NK225E    ,OOP,203112,59750.0,            ,186249718,0000000.0000,0000000.0,9501.38,0.234717,196249718,0000000.0000,0000000.0,18345.49,0.300841,68309.46,0.2511,2031-12-01
NK225E    ,OOP,203112,60000.0,            ,136360018,0000000.0000,0000000.0,9616.71,0.234528,146360018,0000000.0000,0000000.0,18230.57,0.300406,68309.46,0.2511,2031-12-01
NK225E    ,OOP,203112,60250.0,            ,186240218,0000000.0000,0000000.0,9732.03,0.234327,196240218,0000000.0000,0000000.0,18115.65,0.300063,68309.46,0.2511,2031-12-01
NK225E    ,OOP,203112,60500.0,            ,186240518,0000000.0000,0000000.0,9847.98,0.234212,196240518,0000000.0000,0000000.0,18001.35,0.299612,68309.46,0.2511,2031-12-01
NK225E    ,OOP,203112,60750.0,            ,186240718,0000000.0000,0000000.0,9964.67,0.234084,196240718,0000000.0000,0000000.0,17887.79,0.299252,68309.46,0.2511,2031-12-01
NK225E    ,OOP,203112,61000.0,            ,136361018,0000000.0000,0000000.0,10081.93,0.233943,146361018,0000000.0000,0000000.0,17774.81,0.298884,68309.46,0.2511,2031-12-01
NK225E    ,OOP,203112,61250.0,            ,186241218,0000000.0000,0000000.0,10199.0,0.233693,196241218,0000000.0000,0000000.0,17661.64,0.298507,68309.46,0.2511,2031-12-01
NK225E    ,OOP,203112,61500.0,            ,186241518,0000000.0000,0000000.0,10316.69,0.233527,196241518,0000000.0000,0000000.0,17549.08,0.298122,68309.46,0.2511,2031-12-01
NK225E    ,OOP,203112,61750.0,            ,186241718,0000000.0000,0000000.0,10435.0,0.233349,196241718,0000000.0000,0000000.0,17437.14,0.297728,68309.46,0.2511,2031-12-01
NK225E    ,OOP,203112,62000.0,            ,136362018,0000000.0000,0000000.0,10553.92,0.233256,146362018,0000000.0000,0000000.0,17325.82,0.297327,68309.46,0.2511,2031-12-01
NK225E    ,OOP,203112,62250.0,            ,186242218,0000000.0000,0000000.0,10672.51,0.233053,196242218,0000000.0000,0000000.0,17214.17,0.296918,68309.46,0.2511,2031-12-01
NK225E    ,OOP,203112,62500.0,            ,186242518,0000000.0000,0000000.0,10791.66,0.232839,196242518,0000000.0000,0000000.0,17103.07,0.2965,68309.46,0.2511,2031-12-01
NK225E    ,OOP,203112,62750.0,            ,186242718,0000000.0000,0000000.0,10911.41,0.232613,196242718,0000000.0000,0000000.0,16992.58,0.296075,68309.46,0.2511,2031-12-01
NK225E    ,OOP,203112,63000.0,            ,136363018,0000000.0000,0000000.0,11031.75,0.232471,146363018,0000000.0000,0000000.0,16882.68,0.295738,68309.46,0.2511,2031-12-01
NK225E    ,OOP,203112,63250.0,            ,186243218,0000000.0000,0000000.0,11151.59,0.232222,196243218,0000000.0000,0000000.0,16772.27,0.295297,68309.46,0.2511,2031-12-01
NK225E    ,OOP,203112,63500.0,            ,186243518,0000000.0000,0000000.0,11271.96,0.231961,196243518,0000000.0000,0000000.0,16662.4,0.294848,68309.46,0.2511,2031-12-01
NK225E    ,OOP,203112,63750.0,            ,186243718,0000000.0000,0000000.0,11392.97,0.231784,196243718,0000000.0000,0000000.0,16553.17,0.294488,68309.46,0.2511,2031-12-01
NK225E    ,OOP,203112,64000.0,            ,136364018,0000000.0000,0000000.0,11514.51,0.231595,146364018,0000000.0000,0000000.0,16444.46,0.294024,68309.46,0.2511,2031-12-01
NK225E    ,OOP,203112,64250.0,            ,186244218,0000000.0000,0000000.0,11635.41,0.231301,196244218,0000000.0000,0000000.0,16335.11,0.293647,68309.46,0.2511,2031-12-01
NK225E    ,OOP,203112,64500.0,            ,186244518,0000000.0000,0000000.0,11756.83,0.231089,196244518,0000000.0000,0000000.0,16226.28,0.293263,68309.46,0.2511,2031-12-01
NK225E    ,OOP,203112,64750.0,            ,186244718,0000000.0000,0000000.0,11878.86,0.230867,196244718,0000000.0000,0000000.0,16118.08,0.292777,68309.46,0.2511,2031-12-01
NK225E    ,OOP,203112,65000.0,            ,136365018,0000000.0000,0000000.0,12001.47,0.230633,146365018,0000000.0000,0000000.0,16010.44,0.292377,68309.46,0.2511,2031-12-01
NK225E    ,OOP,203112,65250.0,            ,186245218,0000000.0000,0000000.0,12123.24,0.230296,196245218,0000000.0000,0000000.0,15901.97,0.29197,68309.46,0.2511,2031-12-01
NK225E    ,OOP,203112,65500.0,            ,186245518,0000000.0000,0000000.0,12245.52,0.23004,196245518,0000000.0000,0000000.0,15794.0,0.291555,68309.46,0.2511,2031-12-01
NK225E    ,OOP,203112,65750.0,            ,186245718,0000000.0000,0000000.0,12368.45,0.229774,196245718,0000000.0000,0000000.0,15686.69,0.291133,68309.46,0.2511,2031-12-01
NK225E    ,OOP,203112,66000.0,            ,136366018,0000000.0000,0000000.0,12491.94,0.229497,146366018,0000000.0000,0000000.0,15579.93,0.290703,68309.46,0.2511,2031-12-01
NK225E    ,OOP,203112,66250.0,            ,186246218,0000000.0000,0000000.0,12614.57,0.22921,196246218,0000000.0000,0000000.0,15472.32,0.290172,68309.46,0.2511,2031-12-01
NK225E    ,OOP,203112,66500.0,            ,186246518,0000000.0000,0000000.0,12737.74,0.228912,196246518,0000000.0000,0000000.0,15365.25,0.289728,68309.46,0.2511,2031-12-01
NK225E    ,OOP,203112,66750.0,            ,186246718,0000000.0000,0000000.0,12861.46,0.228604,196246718,0000000.0000,0000000.0,15258.71,0.289276,68309.46,0.2511,2031-12-01
NK225E    ,OOP,203112,67000.0,            ,136367018,0000000.0000,0000000.0,12985.76,0.228285,146367018,0000000.0000,0000000.0,15152.78,0.28891,68309.46,0.2511,2031-12-01
NK225E    ,OOP,203112,67250.0,            ,136367218,0000000.0000,0000000.0,13109.24,0.227957,146367218,0000000.0000,0000000.0,15046.01,0.288444,68309.46,0.2511,2031-12-01
NK225E    ,OOP,203112,67500.0,            ,136367518,0000000.0000,0000000.0,13233.24,0.227708,146367518,0000000.0000,0000000.0,14939.77,0.28797,68309.46,0.2511,2031-12-01
NK225E    ,OOP,203112,67750.0,            ,136367718,0000000.0000,0000000.0,13357.78,0.227359,146367718,0000000.0000,0000000.0,14834.06,0.28749,68309.46,0.2511,2031-12-01
NK225E    ,OOP,203112,68000.0,            ,186368018,0000000.0000,0000000.0,13482.89,0.227,196368018,0000000.0000,0000000.0,14728.93,0.287002,68309.46,0.2511,2031-12-01
NK225E    ,OOP,203112,68250.0,            ,136368218,0000000.0000,0000000.0,13607.26,0.226632,146368218,0000000.0000,0000000.0,14623.05,0.286508,68309.46,0.2511,2031-12-01
NK225E    ,OOP,203112,68500.0,            ,136368518,0000000.0000,0000000.0,13732.21,0.226342,146368518,0000000.0000,0000000.0,14517.76,0.286097,68309.46,0.2511,2031-12-01
NK225E    ,OOP,203112,68750.0,            ,136368718,0000000.0000,0000000.0,13857.62,0.225954,146368718,0000000.0000,0000000.0,14412.92,0.285589,68309.46,0.2511,2031-12-01
NK225E    ,OOP,203112,69000.0,            ,186369018,0000000.0000,0000000.0,13983.6,0.225645,196369018,0000000.0000,0000000.0,14308.66,0.285164,68309.46,0.2511,2031-12-01
NK225E    ,OOP,203112,69250.0,            ,136369218,0000000.0000,0000000.0,14109.04,0.225237,146369218,0000000.0000,0000000.0,14203.85,0.284641,68309.46,0.2511,2031-12-01
NK225E    ,OOP,203112,69500.0,            ,136369518,0000000.0000,0000000.0,14235.05,0.224908,146369518,0000000.0000,0000000.0,14099.61,0.284112,68309.46,0.2511,2031-12-01
NK225E    ,OOP,203112,69750.0,            ,136369718,0000000.0000,0000000.0,14361.51,0.22448,146369718,0000000.0000,0000000.0,13995.83,0.283666,68309.46,0.2511,2031-12-01
NK225E    ,OOP,203112,70000.0,            ,186360018,0000000.0000,0000000.0,14488.53,0.224132,196360018,0000000.0000,0000000.0,13892.61,0.283214,68309.46,0.2511,2031-12-01
NK225E    ,OOP,203112,70250.0,            ,136360218,0000000.0000,0000000.0,14615.28,0.223774,146360218,0000000.0000,0000000.0,13789.11,0.282664,68309.46,0.2511,2031-12-01
NK225E    ,OOP,203112,70500.0,            ,136360518,0000000.0000,0000000.0,14742.53,0.223406,146360518,0000000.0000,0000000.0,13686.12,0.282197,68309.46,0.2511,2031-12-01
NK225E    ,OOP,203112,70750.0,            ,136360718,0000000.0000,0000000.0,14870.28,0.222941,146360718,0000000.0000,0000000.0,13583.63,0.281724,68309.46,0.2511,2031-12-01
NK225E    ,OOP,203112,71000.0,            ,186361018,0000000.0000,0000000.0,14998.6,0.222554,196361018,0000000.0000,0000000.0,13481.7,0.281243,68309.46,0.2511,2031-12-01
NK225E    ,OOP,203112,71250.0,            ,136361218,0000000.0000,0000000.0,15127.02,0.222158,146361218,0000000.0000,0000000.0,13379.88,0.280756,68309.46,0.2511,2031-12-01
NK225E    ,OOP,203112,71500.0,            ,136361518,0000000.0000,0000000.0,15255.93,0.221839,146361518,0000000.0000,0000000.0,13278.55,0.280261,68309.46,0.2511,2031-12-01
NK225E    ,OOP,203112,71750.0,            ,136361718,0000000.0000,0000000.0,15385.35,0.221424,146361718,0000000.0000,0000000.0,13177.72,0.27976,68309.46,0.2511,2031-12-01
NK225E    ,OOP,203112,72000.0,            ,186362018,0000000.0000,0000000.0,15515.27,0.220999,196362018,0000000.0000,0000000.0,13077.39,0.279252,68309.46,0.2511,2031-12-01
NK225E    ,OOP,203112,72250.0,            ,136362218,0000000.0000,0000000.0,15645.73,0.220565,146362218,0000000.0000,0000000.0,12977.61,0.278827,68309.46,0.2511,2031-12-01
NK225E    ,OOP,203112,72500.0,            ,136362518,0000000.0000,0000000.0,15776.75,0.220208,146362518,0000000.0000,0000000.0,12878.39,0.278305,68309.46,0.2511,2031-12-01
NK225E    ,OOP,203112,72750.0,            ,136362718,0000000.0000,0000000.0,15908.27,0.219842,146362718,0000000.0000,0000000.0,12779.66,0.277866,68309.46,0.2511,2031-12-01
NK225E    ,OOP,203112,73000.0,            ,186363018,0000000.0000,0000000.0,16040.27,0.21938,196363018,0000000.0000,0000000.0,12681.42,0.27733,68309.46,0.2511,2031-12-01
NK225E    ,OOP,203112,73250.0,            ,136363218,0000000.0000,0000000.0,16173.4,0.218995,146363218,0000000.0000,0000000.0,12584.31,0.276877,68309.46,0.2511,2031-12-01
NK225E    ,OOP,203112,73500.0,            ,136363518,0000000.0000,0000000.0,16307.08,0.2186,146363518,0000000.0000,0000000.0,12487.74,0.276417,68309.46,0.2511,2031-12-01
NK225E    ,OOP,203112,73750.0,            ,136363718,0000000.0000,0000000.0,16441.2,0.218196,146363718,0000000.0000,0000000.0,12391.61,0.27595,68309.46,0.2511,2031-12-01
NK225E    ,OOP,203112,74000.0,            ,186364018,0000000.0000,0000000.0,16575.86,0.21787,196364018,0000000.0000,0000000.0,12296.03,0.275476,68309.46,0.2511,2031-12-01
NK225E    ,OOP,203112,74250.0,            ,136364218,0000000.0000,0000000.0,16712.33,0.217447,146364218,0000000.0000,0000000.0,12202.26,0.275083,68309.46,0.2511,2031-12-01
NK225E    ,OOP,203112,74500.0,            ,136364518,0000000.0000,0000000.0,16849.36,0.217102,146364518,0000000.0000,0000000.0,12109.04,0.274683,68309.46,0.2511,2031-12-01
NK225E    ,OOP,203112,74750.0,            ,136364718,0000000.0000,0000000.0,16986.81,0.216747,146364718,0000000.0000,0000000.0,12016.25,0.274276,68309.46,0.2511,2031-12-01
NK225E    ,OOP,203112,75000.0,            ,186365018,0000000.0000,0000000.0,17124.81,0.216382,196365018,0000000.0000,0000000.0,11924.0,0.273775,68309.46,0.2511,2031-12-01
NK225E    ,OOP,203112,75250.0,            ,136365218,0000000.0000,0000000.0,17265.43,0.216009,146365218,0000000.0000,0000000.0,11834.38,0.273441,68309.46,0.2511,2031-12-01
NK225E    ,OOP,203112,75500.0,            ,136365518,0000000.0000,0000000.0,17406.55,0.215712,146365518,0000000.0000,0000000.0,11745.25,0.273014,68309.46,0.2511,2031-12-01
NK225E    ,OOP,203112,75750.0,            ,136365718,0000000.0000,0000000.0,17548.15,0.215405,146365718,0000000.0000,0000000.0,11656.6,0.272667,68309.46,0.2511,2031-12-01
NK225E    ,OOP,203112,76000.0,            ,186366018,0000000.0000,0000000.0,17690.23,0.215003,196366018,0000000.0000,0000000.0,11568.45,0.272312,68309.46,0.2511,2031-12-01
NK225E    ,OOP,203112,76250.0,            ,136366218,0000000.0000,0000000.0,17843.27,0.21485,146366218,0000000.0000,0000000.0,11491.24,0.272125,68309.46,0.2511,2031-12-01
NK225E    ,OOP,203112,80000.0,            ,136480018,0000000.0000,0000000.0,20197.34,0.212557,146480018,0000000.0000,0000000.0,10391.64,0.269506,68309.46,0.2511,2031-12-01
NK225E    ,OOP,203206,24000.0,            ,137064018,0000000.0000,0000000.0,795.59,0.293043,147064018,0000000.0000,0000000.0,42321.8,0.493942,68309.46,0.2511,2032-06-01
NK225E    ,OOP,203206,25000.0,            ,137065018,0000000.0000,0000000.0,922.34,0.292516,147065018,0000000.0000,0000000.0,41534.81,0.482546,68309.46,0.2511,2032-06-01
NK225E    ,OOP,203206,26000.0,            ,137066018,0000000.0000,0000000.0,1060.64,0.292379,147066018,0000000.0000,0000000.0,40759.38,0.472051,68309.46,0.2511,2032-06-01
NK225E    ,OOP,203206,27000.0,            ,137067018,0000000.0000,0000000.0,1210.7,0.292162,147067018,0000000.0000,0000000.0,39995.71,0.462362,68309.46,0.2511,2032-06-01
NK225E    ,OOP,203206,27250.0,            ,187067218,0000000.0000,0000000.0,1250.08,0.292075,197067218,0000000.0000,0000000.0,39806.65,0.459987,68309.46,0.2511,2032-06-01
NK225E    ,OOP,203206,27500.0,            ,187067518,0000000.0000,0000000.0,1290.2,0.291942,197067518,0000000.0000,0000000.0,39618.34,0.457849,68309.46,0.2511,2032-06-01
NK225E    ,OOP,203206,27750.0,            ,187067718,0000000.0000,0000000.0,1331.06,0.292097,197067718,0000000.0000,0000000.0,39430.77,0.455724,68309.46,0.2511,2032-06-01
NK225E    ,OOP,203206,28000.0,            ,137068018,0000000.0000,0000000.0,1372.68,0.291873,147068018,0000000.0000,0000000.0,39243.96,0.453399,68309.46,0.2511,2032-06-01
NK225E    ,OOP,203206,28250.0,            ,187068218,0000000.0000,0000000.0,1415.06,0.29193,197068218,0000000.0000,0000000.0,39057.9,0.451303,68309.46,0.2511,2032-06-01
NK225E    ,OOP,203206,28500.0,            ,187068518,0000000.0000,0000000.0,1458.18,0.291937,197068518,0000000.0000,0000000.0,38872.59,0.449219,68309.46,0.2511,2032-06-01
NK225E    ,OOP,203206,28750.0,            ,187068718,0000000.0000,0000000.0,1502.07,0.291899,197068718,0000000.0000,0000000.0,38688.04,0.447357,68309.46,0.2511,2032-06-01
NK225E    ,OOP,203206,29000.0,            ,137069018,0000000.0000,0000000.0,1546.71,0.291818,147069018,0000000.0000,0000000.0,38504.25,0.445297,68309.46,0.2511,2032-06-01
NK225E    ,OOP,203206,29250.0,            ,187069218,0000000.0000,0000000.0,1585.32,0.291404,197069218,0000000.0000,0000000.0,38314.43,0.443043,68309.46,0.2511,2032-06-01
NK225E    ,OOP,203206,29500.0,            ,187069518,0000000.0000,0000000.0,1624.45,0.29096,197069518,0000000.0000,0000000.0,38125.12,0.441009,68309.46,0.2511,2032-06-01
NK225E    ,OOP,203206,29750.0,            ,187069718,0000000.0000,0000000.0,1664.1,0.290491,197069718,0000000.0000,0000000.0,37936.34,0.438784,68309.46,0.2511,2032-06-01
NK225E    ,OOP,203206,30000.0,            ,137060018,0000000.0000,0000000.0,1704.26,0.289995,147060018,0000000.0000,0000000.0,37748.07,0.436774,68309.46,0.2511,2032-06-01
NK225E    ,OOP,203206,30250.0,            ,187060218,0000000.0000,0000000.0,1742.64,0.289476,197060218,0000000.0000,0000000.0,37558.02,0.434578,68309.46,0.2511,2032-06-01
NK225E    ,OOP,203206,30500.0,            ,187060518,0000000.0000,0000000.0,1781.47,0.288933,197060518,0000000.0000,0000000.0,37368.41,0.432396,68309.46,0.2511,2032-06-01
NK225E    ,OOP,203206,30750.0,            ,187060718,0000000.0000,0000000.0,1820.75,0.288369,197060718,0000000.0000,0000000.0,37179.26,0.430422,68309.46,0.2511,2032-06-01
NK225E    ,OOP,203206,31000.0,            ,137061018,0000000.0000,0000000.0,1860.49,0.287784,147061018,0000000.0000,0000000.0,36990.56,0.428266,68309.46,0.2511,2032-06-01
NK225E    ,OOP,203206,31250.0,            ,187061218,0000000.0000,0000000.0,1898.71,0.287178,197061218,0000000.0000,0000000.0,36800.35,0.426123,68309.46,0.2511,2032-06-01
NK225E    ,OOP,203206,31500.0,            ,187061518,0000000.0000,0000000.0,1937.34,0.286554,197061518,0000000.0000,0000000.0,36610.55,0.423994,68309.46,0.2511,2032-06-01
NK225E    ,OOP,203206,31750.0,            ,187061718,0000000.0000,0000000.0,1976.34,0.285911,197061718,0000000.0000,0000000.0,36421.12,0.422066,68309.46,0.2511,2032-06-01
NK225E    ,OOP,203206,32000.0,            ,137062018,0000000.0000,0000000.0,2015.75,0.285251,147062018,0000000.0000,0000000.0,36232.09,0.419961,68309.46,0.2511,2032-06-01
NK225E    ,OOP,203206,32250.0,            ,187062218,0000000.0000,0000000.0,2053.96,0.284574,197062218,0000000.0000,0000000.0,36041.88,0.417868,68309.46,0.2511,2032-06-01
NK225E    ,OOP,203206,32500.0,            ,187062518,0000000.0000,0000000.0,2092.52,0.283881,197062518,0000000.0000,0000000.0,35852.0,0.415788,68309.46,0.2511,2032-06-01
NK225E    ,OOP,203206,32750.0,            ,187062718,0000000.0000,0000000.0,2131.43,0.283172,197062718,0000000.0000,0000000.0,35662.47,0.413902,68309.46,0.2511,2032-06-01
NK225E    ,OOP,203206,33000.0,            ,137063018,0000000.0000,0000000.0,2170.69,0.282449,147063018,0000000.0000,0000000.0,35473.31,0.411844,68309.46,0.2511,2032-06-01
NK225E    ,OOP,203206,33250.0,            ,187063218,0000000.0000,0000000.0,2209.09,0.281481,197063218,0000000.0000,0000000.0,35283.27,0.409798,68309.46,0.2511,2032-06-01
NK225E    ,OOP,203206,33500.0,            ,187063518,0000000.0000,0000000.0,2247.8,0.280733,197063518,0000000.0000,0000000.0,35093.54,0.407764,68309.46,0.2511,2032-06-01
NK225E    ,OOP,203206,33750.0,            ,187063718,0000000.0000,0000000.0,2286.81,0.279973,197063718,0000000.0000,0000000.0,34904.12,0.405917,68309.46,0.2511,2032-06-01
NK225E    ,OOP,203206,34000.0,            ,187064018,0000000.0000,0000000.0,2326.16,0.279199,197064018,0000000.0000,0000000.0,34715.04,0.403903,68309.46,0.2511,2032-06-01
NK225E    ,OOP,203206,34250.0,            ,137064218,0000000.0000,0000000.0,2364.97,0.278414,147064218,0000000.0000,0000000.0,34525.42,0.4019,68309.46,0.2511,2032-06-01
NK225E    ,OOP,203206,34500.0,            ,137064518,0000000.0000,0000000.0,2404.1,0.277617,147064518,0000000.0000,0000000.0,34336.11,0.400079,68309.46,0.2511,2032-06-01
NK225E    ,OOP,203206,34750.0,            ,137064718,0000000.0000,0000000.0,2443.51,0.276808,147064718,0000000.0000,0000000.0,34147.09,0.398096,68309.46,0.2511,2032-06-01
NK225E    ,OOP,203206,35000.0,            ,187065018,0000000.0000,0000000.0,2483.21,0.275989,197065018,0000000.0000,0000000.0,33958.36,0.396123,68309.46,0.2511,2032-06-01
NK225E    ,OOP,203206,35250.0,            ,137065218,0000000.0000,0000000.0,2522.73,0.27516,147065218,0000000.0000,0000000.0,33769.45,0.394328,68309.46,0.2511,2032-06-01
NK225E    ,OOP,203206,35500.0,            ,137065518,0000000.0000,0000000.0,2562.53,0.27432,147065518,0000000.0000,0000000.0,33580.81,0.392374,68309.46,0.2511,2032-06-01
NK225E    ,OOP,203206,35750.0,            ,137065718,0000000.0000,0000000.0,2602.61,0.273675,147065718,0000000.0000,0000000.0,33392.45,0.390595,68309.46,0.2511,2032-06-01
NK225E    ,OOP,203206,36000.0,            ,187066018,0000000.0000,0000000.0,2642.98,0.272815,197066018,0000000.0000,0000000.0,33204.4,0.388658,68309.46,0.2511,2032-06-01
NK225E    ,OOP,203206,36250.0,            ,137066218,0000000.0000,0000000.0,2683.51,0.271945,147066218,0000000.0000,0000000.0,33016.49,0.386895,68309.46,0.2511,2032-06-01
NK225E    ,OOP,203206,36500.0,            ,137066518,0000000.0000,0000000.0,2724.3,0.271067,147066518,0000000.0000,0000000.0,32828.85,0.384976,68309.46,0.2511,2032-06-01
NK225E    ,OOP,203206,36750.0,            ,137066718,0000000.0000,0000000.0,2765.37,0.270375,147066718,0000000.0000,0000000.0,32641.49,0.383227,68309.46,0.2511,2032-06-01
NK225E    ,OOP,203206,37000.0,            ,187067018,0000000.0000,0000000.0,2806.72,0.269479,197067018,0000000.0000,0000000.0,32454.4,0.381324,68309.46,0.2511,2032-06-01
NK225E    ,OOP,203206,37250.0,            ,137067218,0000000.0000,0000000.0,2848.55,0.268575,147067218,0000000.0000,0000000.0,32267.8,0.379589,68309.46,0.2511,2032-06-01
NK225E    ,OOP,203206,37500.0,            ,137067518,0000000.0000,0000000.0,2890.69,0.267851,147067518,0000000.0000,0000000.0,32081.5,0.377861,68309.46,0.2511,2032-06-01
NK225E    ,OOP,203206,37750.0,            ,137067718,0000000.0000,0000000.0,2933.08,0.26693,147067718,0000000.0000,0000000.0,31895.46,0.376139,68309.46,0.2511,2032-06-01
NK225E    ,OOP,203206,38000.0,            ,187068018,0000000.0000,0000000.0,2975.77,0.266187,197068018,0000000.0000,0000000.0,31709.72,0.374422,68309.46,0.2511,2032-06-01
NK225E    ,OOP,203206,38250.0,            ,137068218,0000000.0000,0000000.0,3019.25,0.265433,147068218,0000000.0000,0000000.0,31524.76,0.372712,68309.46,0.2511,2032-06-01
NK225E    ,OOP,203206,38500.0,            ,137068518,0000000.0000,0000000.0,3063.04,0.264669,147068518,0000000.0000,0000000.0,31340.12,0.371008,68309.46,0.2511,2032-06-01
NK225E    ,OOP,203206,38750.0,            ,137068718,0000000.0000,0000000.0,3107.09,0.263717,147068718,0000000.0000,0000000.0,31155.74,0.369309,68309.46,0.2511,2032-06-01
NK225E    ,OOP,203206,39000.0,            ,187069018,0000000.0000,0000000.0,3151.46,0.262935,197069018,0000000.0000,0000000.0,30971.68,0.367616,68309.46,0.2511,2032-06-01
NK225E    ,OOP,203206,39250.0,            ,137069218,0000000.0000,0000000.0,3196.91,0.262144,147069218,0000000.0000,0000000.0,30788.7,0.366079,68309.46,0.2511,2032-06-01
NK225E    ,OOP,203206,39500.0,            ,137069518,0000000.0000,0000000.0,3242.7,0.261517,147069518,0000000.0000,0000000.0,30606.05,0.364396,68309.46,0.2511,2032-06-01
NK225E    ,OOP,203206,39750.0,            ,137069718,0000000.0000,0000000.0,3288.79,0.260706,147069718,0000000.0000,0000000.0,30423.7,0.362866,68309.46,0.2511,2032-06-01
NK225E    ,OOP,203206,40000.0,            ,187060018,0000000.0000,0000000.0,3335.18,0.259887,197060018,0000000.0000,0000000.0,30241.66,0.361193,68309.46,0.2511,2032-06-01
NK225E    ,OOP,203206,40250.0,            ,137060218,0000000.0000,0000000.0,3382.95,0.259227,147060218,0000000.0000,0000000.0,30061.0,0.359671,68309.46,0.2511,2032-06-01
NK225E    ,OOP,203206,40500.0,            ,137060518,0000000.0000,0000000.0,3431.04,0.25839,147060518,0000000.0000,0000000.0,29880.66,0.358152,68309.46,0.2511,2032-06-01
NK225E    ,OOP,203206,40750.0,            ,137060718,0000000.0000,0000000.0,3479.46,0.25771,147060718,0000000.0000,0000000.0,29700.64,0.356636,68309.46,0.2511,2032-06-01
NK225E    ,OOP,203206,41000.0,            ,187061018,0000000.0000,0000000.0,3528.23,0.256855,197061018,0000000.0000,0000000.0,29520.98,0.355124,68309.46,0.2511,2032-06-01
NK225E    ,OOP,203206,41250.0,            ,137061218,0000000.0000,0000000.0,3578.64,0.256155,147061218,0000000.0000,0000000.0,29342.95,0.353614,68309.46,0.2511,2032-06-01
NK225E    ,OOP,203206,41500.0,            ,137061518,0000000.0000,0000000.0,3629.39,0.255605,147061518,0000000.0000,0000000.0,29165.27,0.352248,68309.46,0.2511,2032-06-01
NK225E    ,OOP,203206,41750.0,            ,137061718,0000000.0000,0000000.0,3680.5,0.254884,147061718,0000000.0000,0000000.0,28987.95,0.350744,68309.46,0.2511,2032-06-01
NK225E    ,OOP,203206,42000.0,            ,187062018,0000000.0000,0000000.0,3731.95,0.254153,197062018,0000000.0000,0000000.0,28810.97,0.349381,68309.46,0.2511,2032-06-01
NK225E    ,OOP,203206,42250.0,            ,137062218,0000000.0000,0000000.0,3785.27,0.253412,147062218,0000000.0000,0000000.0,28635.86,0.34802,68309.46,0.2511,2032-06-01
NK225E    ,OOP,203206,42500.0,            ,137062518,0000000.0000,0000000.0,3838.98,0.252817,147062518,0000000.0000,0000000.0,28461.13,0.346659,68309.46,0.2511,2032-06-01
NK225E    ,OOP,203206,42750.0,            ,137062718,0000000.0000,0000000.0,3893.06,0.252209,147062718,0000000.0000,0000000.0,28286.77,0.345299,68309.46,0.2511,2032-06-01
NK225E    ,OOP,203206,43000.0,            ,187063018,0000000.0000,0000000.0,3947.55,0.251591,197063018,0000000.0000,0000000.0,28112.83,0.343941,68309.46,0.2511,2032-06-01
NK225E    ,OOP,203206,43250.0,            ,137063218,0000000.0000,0000000.0,4004.1,0.250961,147063218,0000000.0000,0000000.0,27940.95,0.342583,68309.46,0.2511,2032-06-01
NK225E    ,OOP,203206,43500.0,            ,137063518,0000000.0000,0000000.0,4061.06,0.25032,147063518,0000000.0000,0000000.0,27769.48,0.341361,68309.46,0.2511,2032-06-01
NK225E    ,OOP,203206,43750.0,            ,137063718,0000000.0000,0000000.0,4118.43,0.249669,147063718,0000000.0000,0000000.0,27598.41,0.340004,68309.46,0.2511,2032-06-01
NK225E    ,OOP,203206,44000.0,            ,137184018,0000000.0000,0000000.0,4176.21,0.249153,147184018,0000000.0000,0000000.0,27427.76,0.33878,68309.46,0.2511,2032-06-01
NK225E    ,OOP,203206,44250.0,            ,187064218,0000000.0000,0000000.0,4236.16,0.24848,197064218,0000000.0000,0000000.0,27259.28,0.337556,68309.46,0.2511,2032-06-01
NK225E    ,OOP,203206,44500.0,            ,187064518,0000000.0000,0000000.0,4296.67,0.24794,197064518,0000000.0000,0000000.0,27091.36,0.336331,68309.46,0.2511,2032-06-01
NK225E    ,OOP,203206,44750.0,            ,187064718,0000000.0000,0000000.0,4357.55,0.247389,197064718,0000000.0000,0000000.0,26923.8,0.335236,68309.46,0.2511,2032-06-01
NK225E    ,OOP,203206,45000.0,            ,137185018,0000000.0000,0000000.0,4418.94,0.246825,147185018,0000000.0000,0000000.0,26756.76,0.334008,68309.46,0.2511,2032-06-01
NK225E    ,OOP,203206,45250.0,            ,187065218,0000000.0000,0000000.0,4482.64,0.24639,197065218,0000000.0000,0000000.0,26592.03,0.332909,68309.46,0.2511,2032-06-01
NK225E    ,OOP,203206,45500.0,            ,187065518,0000000.0000,0000000.0,4546.86,0.245803,197065518,0000000.0000,0000000.0,26427.81,0.331807,68309.46,0.2511,2032-06-01
NK225E    ,OOP,203206,45750.0,            ,187065718,0000000.0000,0000000.0,4611.55,0.245342,197065718,0000000.0000,0000000.0,26264.06,0.330703,68309.46,0.2511,2032-06-01
NK225E    ,OOP,203206,46000.0,            ,137186018,0000000.0000,0000000.0,4676.71,0.244868,147186018,0000000.0000,0000000.0,26100.79,0.329597,68309.46,0.2511,2032-06-01
NK225E    ,OOP,203206,46250.0,            ,187066218,0000000.0000,0000000.0,4744.31,0.244381,197066218,0000000.0000,0000000.0,25939.97,0.328488,68309.46,0.2511,2032-06-01
NK225E    ,OOP,203206,46500.0,            ,187066518,0000000.0000,0000000.0,4812.42,0.244016,197066518,0000000.0000,0000000.0,25779.64,0.327503,68309.46,0.2511,2032-06-01
NK225E    ,OOP,203206,46750.0,            ,187066718,0000000.0000,0000000.0,4881.04,0.243504,197066718,0000000.0000,0000000.0,25619.83,0.326513,68309.46,0.2511,2032-06-01
NK225E    ,OOP,203206,47000.0,            ,137187018,0000000.0000,0000000.0,4950.24,0.24298,147187018,0000000.0000,0000000.0,25460.6,0.32552,68309.46,0.2511,2032-06-01
NK225E    ,OOP,203206,47250.0,            ,137187218,0000000.0000,0000000.0,5021.9,0.242576,147187218,0000000.0000,0000000.0,25303.82,0.324524,68309.46,0.2511,2032-06-01
NK225E    ,OOP,203206,47500.0,            ,137187518,0000000.0000,0000000.0,5094.06,0.242287,147187518,0000000.0000,0000000.0,25147.55,0.323524,68309.46,0.2511,2032-06-01
NK225E    ,OOP,203206,47750.0,            ,137187718,0000000.0000,0000000.0,5166.79,0.241855,147187718,0000000.0000,0000000.0,24991.85,0.322642,68309.46,0.2511,2032-06-01
NK225E    ,OOP,203206,48000.0,            ,137188018,0000000.0000,0000000.0,5240.14,0.24141,147188018,0000000.0000,0000000.0,24836.76,0.321635,68309.46,0.2511,2032-06-01
NK225E    ,OOP,203206,48250.0,            ,137188218,0000000.0000,0000000.0,5315.92,0.241079,147188218,0000000.0000,0000000.0,24684.11,0.320864,68309.46,0.2511,2032-06-01
NK225E    ,OOP,203206,48500.0,            ,137188518,0000000.0000,0000000.0,5392.38,0.240734,147188518,0000000.0000,0000000.0,24532.14,0.319968,68309.46,0.2511,2032-06-01
NK225E    ,OOP,203206,48750.0,            ,137188718,0000000.0000,0000000.0,5469.29,0.240375,147188718,0000000.0000,0000000.0,24380.61,0.319067,68309.46,0.2511,2032-06-01
NK225E    ,OOP,203206,49000.0,            ,137189018,0000000.0000,0000000.0,5546.89,0.240003,147189018,0000000.0000,0000000.0,24229.78,0.31828,68309.46,0.2511,2032-06-01
NK225E    ,OOP,203206,49250.0,            ,137189218,0000000.0000,0000000.0,5626.96,0.23974,147189218,0000000.0000,0000000.0,24081.41,0.317488,68309.46,0.2511,2032-06-01
NK225E    ,OOP,203206,49500.0,            ,137189518,0000000.0000,0000000.0,5707.61,0.239341,147189518,0000000.0000,0000000.0,23933.64,0.31669,68309.46,0.2511,2032-06-01
NK225E    ,OOP,203206,49750.0,            ,137189718,0000000.0000,0000000.0,5788.82,0.23905,147189718,0000000.0000,0000000.0,23786.41,0.315886,68309.46,0.2511,2032-06-01
NK225E    ,OOP,203206,50000.0,            ,137180018,0000000.0000,0000000.0,5870.7,0.238745,147180018,0000000.0000,0000000.0,23639.86,0.315077,68309.46,0.2511,2032-06-01
NK225E    ,OOP,203206,50250.0,            ,137180218,0000000.0000,0000000.0,5954.96,0.238545,147180218,0000000.0000,0000000.0,23495.69,0.314378,68309.46,0.2511,2032-06-01
NK225E    ,OOP,203206,50500.0,            ,137180518,0000000.0000,0000000.0,6039.92,0.238212,147180518,0000000.0000,0000000.0,23352.21,0.313672,68309.46,0.2511,2032-06-01
NK225E    ,OOP,203206,50750.0,            ,137180718,0000000.0000,0000000.0,6125.45,0.237983,147180718,0000000.0000,0000000.0,23209.31,0.312959,68309.46,0.2511,2032-06-01
NK225E    ,OOP,203206,51000.0,            ,137181018,0000000.0000,0000000.0,6211.64,0.23774,147181018,0000000.0000,0000000.0,23067.06,0.312241,68309.46,0.2511,2032-06-01
NK225E    ,OOP,203206,51250.0,            ,137181218,0000000.0000,0000000.0,6300.18,0.237482,147181218,0000000.0000,0000000.0,22927.17,0.311516,68309.46,0.2511,2032-06-01
NK225E    ,OOP,203206,51500.0,            ,137181518,0000000.0000,0000000.0,6389.31,0.23721,147181518,0000000.0000,0000000.0,22787.87,0.310898,68309.46,0.2511,2032-06-01
NK225E    ,OOP,203206,51750.0,            ,137181718,0000000.0000,0000000.0,6479.17,0.237039,147181718,0000000.0000,0000000.0,22649.29,0.310272,68309.46,0.2511,2032-06-01
NK225E    ,OOP,203206,52000.0,            ,137182018,0000000.0000,0000000.0,6569.61,0.236854,147182018,0000000.0000,0000000.0,22511.3,0.309639,68309.46,0.2511,2032-06-01
NK225E    ,OOP,203206,52250.0,            ,137182218,0000000.0000,0000000.0,6662.29,0.236653,147182218,0000000.0000,0000000.0,22375.54,0.308999,68309.46,0.2511,2032-06-01
NK225E    ,OOP,203206,52500.0,            ,137182518,0000000.0000,0000000.0,6755.57,0.236438,147182518,0000000.0000,0000000.0,22240.39,0.308462,68309.46,0.2511,2032-06-01
NK225E    ,OOP,203206,52750.0,            ,137182718,0000000.0000,0000000.0,6849.59,0.23621,147182718,0000000.0000,0000000.0,22105.98,0.307809,68309.46,0.2511,2032-06-01
NK225E    ,OOP,203206,53000.0,            ,137183018,0000000.0000,0000000.0,6944.21,0.236078,147183018,0000000.0000,0000000.0,21972.17,0.307257,68309.46,0.2511,2032-06-01
NK225E    ,OOP,203206,53250.0,            ,137183218,0000000.0000,0000000.0,7040.98,0.235822,147183218,0000000.0000,0000000.0,21840.51,0.306698,68309.46,0.2511,2032-06-01
NK225E    ,OOP,203206,53500.0,            ,137183518,0000000.0000,0000000.0,7138.37,0.235661,147183518,0000000.0000,0000000.0,21709.46,0.306239,68309.46,0.2511,2032-06-01
NK225E    ,OOP,203206,53750.0,            ,137183718,0000000.0000,0000000.0,7236.41,0.235595,147183718,0000000.0000,0000000.0,21579.07,0.305665,68309.46,0.2511,2032-06-01
NK225E    ,OOP,203206,54000.0,            ,187184018,0000000.0000,0000000.0,7335.11,0.235406,197184018,0000000.0000,0000000.0,21449.33,0.30519,68309.46,0.2511,2032-06-01
NK225E    ,OOP,203206,54250.0,            ,137184218,0000000.0000,0000000.0,7435.67,0.235204,147184218,0000000.0000,0000000.0,21321.47,0.304707,68309.46,0.2511,2032-06-01
NK225E    ,OOP,203206,54500.0,            ,137184518,0000000.0000,0000000.0,7536.95,0.235094,147184518,0000000.0000,0000000.0,21194.31,0.304216,68309.46,0.2511,2032-06-01
NK225E    ,OOP,203206,54750.0,            ,137184718,0000000.0000,0000000.0,7638.8,0.23497,147184718,0000000.0000,0000000.0,21067.72,0.303717,68309.46,0.2511,2032-06-01
NK225E    ,OOP,203206,55000.0,            ,187185018,0000000.0000,0000000.0,7741.44,0.234832,197185018,0000000.0000,0000000.0,20941.94,0.303211,68309.46,0.2511,2032-06-01
NK225E    ,OOP,203206,55250.0,            ,137185218,0000000.0000,0000000.0,7845.71,0.234681,147185218,0000000.0000,0000000.0,20817.77,0.302802,68309.46,0.2511,2032-06-01
NK225E    ,OOP,203206,55500.0,            ,137185518,0000000.0000,0000000.0,7950.64,0.23462,147185518,0000000.0000,0000000.0,20694.26,0.302384,68309.46,0.2511,2032-06-01
NK225E    ,OOP,203206,55750.0,            ,137185718,0000000.0000,0000000.0,8056.18,0.23444,147185718,0000000.0000,0000000.0,20571.37,0.301854,68309.46,0.2511,2032-06-01
NK225E    ,OOP,203206,56000.0,            ,187186018,0000000.0000,0000000.0,8162.53,0.234351,197186018,0000000.0000,0000000.0,20449.29,0.301523,68309.46,0.2511,2032-06-01
NK225E    ,OOP,203206,56250.0,            ,137186218,0000000.0000,0000000.0,8270.22,0.234248,147186218,0000000.0000,0000000.0,20328.55,0.301081,68309.46,0.2511,2032-06-01
NK225E    ,OOP,203206,56500.0,            ,137186518,0000000.0000,0000000.0,8378.58,0.234132,147186518,0000000.0000,0000000.0,20208.47,0.30063,68309.46,0.2511,2032-06-01
NK225E    ,OOP,203206,56750.0,            ,137186718,0000000.0000,0000000.0,8487.6,0.234103,147186718,0000000.0000,0000000.0,20089.06,0.300274,68309.46,0.2511,2032-06-01
NK225E    ,OOP,203206,57000.0,            ,187187018,0000000.0000,0000000.0,8597.32,0.23396,197187018,0000000.0000,0000000.0,19970.35,0.299909,68309.46,0.2511,2032-06-01
NK225E    ,OOP,203206,57250.0,            ,187187218,0000000.0000,0000000.0,8708.21,0.233904,197187218,0000000.0000,0000000.0,19852.8,0.299536,68309.46,0.2511,2032-06-01
NK225E    ,OOP,203206,57500.0,            ,187187518,0000000.0000,0000000.0,8819.74,0.233834,197187518,0000000.0000,0000000.0,19735.9,0.299154,68309.46,0.2511,2032-06-01
NK225E    ,OOP,203206,57750.0,            ,187187718,0000000.0000,0000000.0,8931.89,0.233651,197187718,0000000.0000,0000000.0,19619.62,0.298765,68309.46,0.2511,2032-06-01
NK225E    ,OOP,203206,58000.0,            ,187188018,0000000.0000,0000000.0,9044.84,0.233555,197188018,0000000.0000,0000000.0,19504.13,0.298367,68309.46,0.2511,2032-06-01
NK225E    ,OOP,203206,58250.0,            ,187188218,0000000.0000,0000000.0,9158.59,0.233545,197188218,0000000.0000,0000000.0,19389.45,0.298061,68309.46,0.2511,2032-06-01
NK225E    ,OOP,203206,58500.0,            ,187188518,0000000.0000,0000000.0,9273.04,0.233422,197188518,0000000.0000,0000000.0,19275.47,0.297746,68309.46,0.2511,2032-06-01
NK225E    ,OOP,203206,58750.0,            ,187188718,0000000.0000,0000000.0,9388.09,0.233385,197188718,0000000.0000,0000000.0,19162.09,0.297324,68309.46,0.2511,2032-06-01
NK225E    ,OOP,203206,59000.0,            ,187189018,0000000.0000,0000000.0,9503.84,0.233238,197189018,0000000.0000,0000000.0,19049.4,0.296992,68309.46,0.2511,2032-06-01
NK225E    ,OOP,203206,59250.0,            ,187189218,0000000.0000,0000000.0,9620.22,0.233175,197189218,0000000.0000,0000000.0,18937.35,0.296653,68309.46,0.2511,2032-06-01
NK225E    ,OOP,203206,59500.0,            ,187189518,0000000.0000,0000000.0,9737.2,0.233099,197189518,0000000.0000,0000000.0,18825.89,0.296402,68309.46,0.2511,2032-06-01
NK225E    ,OOP,203206,59750.0,            ,187189718,0000000.0000,0000000.0,9854.91,0.233011,197189718,0000000.0000,0000000.0,18715.17,0.296046,68309.46,0.2511,2032-06-01
NK225E    ,OOP,203206,60000.0,            ,187180018,0000000.0000,0000000.0,9973.26,0.23291,197180018,0000000.0000,0000000.0,18605.08,0.295682,68309.46,0.2511,2032-06-01
NK225E    ,OOP,203206,60250.0,            ,187180218,0000000.0000,0000000.0,10091.92,0.232798,197180218,0000000.0000,0000000.0,18495.31,0.295406,68309.46,0.2511,2032-06-01
NK225E    ,OOP,203206,60500.0,            ,187180518,0000000.0000,0000000.0,10211.26,0.232673,197180518,0000000.0000,0000000.0,18386.22,0.295026,68309.46,0.2511,2032-06-01
NK225E    ,OOP,203206,60750.0,            ,187180718,0000000.0000,0000000.0,10331.18,0.232631,197180718,0000000.0000,0000000.0,18277.7,0.294735,68309.46,0.2511,2032-06-01
NK225E    ,OOP,203206,61000.0,            ,187181018,0000000.0000,0000000.0,10451.76,0.232576,197181018,0000000.0000,0000000.0,18169.86,0.294435,68309.46,0.2511,2032-06-01
NK225E    ,OOP,203206,61250.0,            ,187181218,0000000.0000,0000000.0,10572.44,0.232415,197181218,0000000.0000,0000000.0,18062.1,0.294127,68309.46,0.2511,2032-06-01
NK225E    ,OOP,203206,61500.0,            ,187181518,0000000.0000,0000000.0,10693.77,0.232337,197181518,0000000.0000,0000000.0,17955.0,0.29381,68309.46,0.2511,2032-06-01
NK225E    ,OOP,203206,61750.0,            ,187181718,0000000.0000,0000000.0,10815.72,0.232247,197181718,0000000.0000,0000000.0,17848.52,0.293486,68309.46,0.2511,2032-06-01
NK225E    ,OOP,203206,62000.0,            ,187182018,0000000.0000,0000000.0,10938.22,0.232145,197182018,0000000.0000,0000000.0,17742.59,0.293249,68309.46,0.2511,2032-06-01
NK225E    ,OOP,203206,62250.0,            ,187182218,0000000.0000,0000000.0,11060.68,0.232031,197182218,0000000.0000,0000000.0,17636.61,0.292909,68309.46,0.2511,2032-06-01
NK225E    ,OOP,203206,62500.0,            ,187182518,0000000.0000,0000000.0,11183.68,0.231906,197182518,0000000.0000,0000000.0,17531.18,0.292562,68309.46,0.2511,2032-06-01
NK225E    ,OOP,203206,62750.0,            ,187182718,0000000.0000,0000000.0,11307.28,0.23177,197182718,0000000.0000,0000000.0,17426.34,0.2923,68309.46,0.2511,2032-06-01
NK225E    ,OOP,203206,63000.0,            ,187183018,0000000.0000,0000000.0,11431.52,0.231623,197183018,0000000.0000,0000000.0,17322.15,0.291938,68309.46,0.2511,2032-06-01
NK225E    ,OOP,203206,63250.0,            ,187183218,0000000.0000,0000000.0,11555.36,0.231465,197183218,0000000.0000,0000000.0,17217.56,0.29166,68309.46,0.2511,2032-06-01
NK225E    ,OOP,203206,63500.0,            ,187183518,0000000.0000,0000000.0,11679.84,0.231387,197183518,0000000.0000,0000000.0,17113.61,0.291376,68309.46,0.2511,2032-06-01
NK225E    ,OOP,203206,63750.0,            ,187183718,0000000.0000,0000000.0,11804.85,0.231207,197183718,0000000.0000,0000000.0,17010.18,0.29099,68309.46,0.2511,2032-06-01
NK225E    ,OOP,203206,64000.0,            ,137304018,0000000.0000,0000000.0,11930.48,0.231107,147304018,0000000.0000,0000000.0,16907.38,0.29069,68309.46,0.2511,2032-06-01
NK225E    ,OOP,203206,64250.0,            ,187184218,0000000.0000,0000000.0,12055.53,0.230906,197184218,0000000.0000,0000000.0,16804.0,0.290382,68309.46,0.2511,2032-06-01
NK225E    ,OOP,203206,64500.0,            ,187184518,0000000.0000,0000000.0,12181.15,0.230784,197184518,0000000.0000,0000000.0,16701.18,0.290067,68309.46,0.2511,2032-06-01
NK225E    ,OOP,203206,64750.0,            ,187184718,0000000.0000,0000000.0,12307.32,0.230652,197184718,0000000.0000,0000000.0,16598.92,0.289745,68309.46,0.2511,2032-06-01
NK225E    ,OOP,203206,65000.0,            ,137305018,0000000.0000,0000000.0,12434.11,0.23051,147305018,0000000.0000,0000000.0,16497.28,0.289415,68309.46,0.2511,2032-06-01
NK225E    ,OOP,203206,65250.0,            ,187185218,0000000.0000,0000000.0,12560.18,0.230267,197185218,0000000.0000,0000000.0,16394.91,0.289077,68309.46,0.2511,2032-06-01
NK225E    ,OOP,203206,65500.0,            ,187185518,0000000.0000,0000000.0,12686.79,0.230104,197185518,0000000.0000,0000000.0,16293.09,0.288733,68309.46,0.2511,2032-06-01
NK225E    ,OOP,203206,65750.0,            ,187185718,0000000.0000,0000000.0,12813.95,0.229931,197185718,0000000.0000,0000000.0,16191.82,0.288381,68309.46,0.2511,2032-06-01
NK225E    ,OOP,203206,66000.0,            ,137306018,0000000.0000,0000000.0,12941.65,0.229747,147306018,0000000.0000,0000000.0,16091.09,0.288112,68309.46,0.2511,2032-06-01
NK225E    ,OOP,203206,66250.0,            ,187186218,0000000.0000,0000000.0,13068.55,0.229554,197186218,0000000.0000,0000000.0,15989.54,0.287746,68309.46,0.2511,2032-06-01
NK225E    ,OOP,203206,66500.0,            ,187186518,0000000.0000,0000000.0,13195.97,0.22935,197186518,0000000.0000,0000000.0,15888.54,0.287373,68309.46,0.2511,2032-06-01
NK225E    ,OOP,203206,66750.0,            ,187186718,0000000.0000,0000000.0,13323.93,0.229137,197186718,0000000.0000,0000000.0,15788.06,0.287083,68309.46,0.2511,2032-06-01
NK225E    ,OOP,203206,67000.0,            ,137307018,0000000.0000,0000000.0,13452.47,0.228914,147307018,0000000.0000,0000000.0,15688.17,0.286696,68309.46,0.2511,2032-06-01
NK225E    ,OOP,203206,67250.0,            ,137307218,0000000.0000,0000000.0,13580.06,0.228681,147307218,0000000.0000,0000000.0,15587.32,0.286302,68309.46,0.2511,2032-06-01
NK225E    ,OOP,203206,67500.0,            ,137307518,0000000.0000,0000000.0,13708.17,0.228439,147307518,0000000.0000,0000000.0,15487.0,0.285991,68309.46,0.2511,2032-06-01
NK225E    ,OOP,203206,67750.0,            ,137307718,0000000.0000,0000000.0,13836.79,0.228188,147307718,0000000.0000,0000000.0,15387.19,0.285584,68309.46,0.2511,2032-06-01
NK225E    ,OOP,203206,68000.0,            ,137308018,0000000.0000,0000000.0,13965.99,0.227927,147308018,0000000.0000,0000000.0,15287.95,0.285258,68309.46,0.2511,2032-06-01
NK225E    ,OOP,203206,68250.0,            ,137308218,0000000.0000,0000000.0,14094.26,0.227744,147308218,0000000.0000,0000000.0,15187.8,0.284837,68309.46,0.2511,2032-06-01
NK225E    ,OOP,203206,68500.0,            ,137308518,0000000.0000,0000000.0,14223.05,0.227464,147308518,0000000.0000,0000000.0,15088.15,0.284498,68309.46,0.2511,2032-06-01
NK225E    ,OOP,203206,68750.0,            ,137308718,0000000.0000,0000000.0,14352.33,0.227175,147308718,0000000.0000,0000000.0,14989.0,0.284065,68309.46,0.2511,2032-06-01
NK225E    ,OOP,203206,69000.0,            ,137309018,0000000.0000,0000000.0,14482.12,0.226964,147309018,0000000.0000,0000000.0,14890.35,0.283712,68309.46,0.2511,2032-06-01
NK225E    ,OOP,203206,69250.0,            ,137309218,0000000.0000,0000000.0,14611.02,0.226657,147309218,0000000.0000,0000000.0,14790.82,0.283353,68309.46,0.2511,2032-06-01
NK225E    ,OOP,203206,69500.0,            ,137309518,0000000.0000,0000000.0,14740.47,0.226341,147309518,0000000.0000,0000000.0,14691.83,0.282899,68309.46,0.2511,2032-06-01
NK225E    ,OOP,203206,69750.0,            ,137309718,0000000.0000,0000000.0,14870.35,0.226102,147309718,0000000.0000,0000000.0,14593.29,0.282527,68309.46,0.2511,2032-06-01
NK225E    ,OOP,203206,70000.0,            ,137300018,0000000.0000,0000000.0,15000.78,0.225769,147300018,0000000.0000,0000000.0,14495.28,0.282148,68309.46,0.2511,2032-06-01
NK225E    ,OOP,203206,70250.0,            ,137300218,0000000.0000,0000000.0,15130.42,0.225426,147300218,0000000.0000,0000000.0,14396.49,0.281762,68309.46,0.2511,2032-06-01
NK225E    ,OOP,203206,70500.0,            ,137300518,0000000.0000,0000000.0,15260.61,0.225161,147300518,0000000.0000,0000000.0,14298.24,0.281283,68309.46,0.2511,2032-06-01
NK225E    ,OOP,203206,70750.0,            ,137300718,0000000.0000,0000000.0,15391.27,0.224801,147300718,0000000.0000,0000000.0,14200.47,0.280885,68309.46,0.2511,2032-06-01
NK225E    ,OOP,203206,71000.0,            ,137301018,0000000.0000,0000000.0,15522.41,0.224517,147301018,0000000.0000,0000000.0,14103.18,0.28048,68309.46,0.2511,2032-06-01
NK225E    ,OOP,203206,71250.0,            ,137301218,0000000.0000,0000000.0,15652.98,0.224225,147301218,0000000.0000,0000000.0,14005.32,0.280069,68309.46,0.2511,2032-06-01
NK225E    ,OOP,203206,71500.0,            ,137301518,0000000.0000,0000000.0,15784.08,0.223839,147301518,0000000.0000,0000000.0,13907.98,0.279651,68309.46,0.2511,2032-06-01
NK225E    ,OOP,203206,71750.0,            ,137301718,0000000.0000,0000000.0,15915.6,0.22353,147301718,0000000.0000,0000000.0,13811.07,0.279227,68309.46,0.2511,2032-06-01
NK225E    ,OOP,203206,72000.0,            ,137302018,0000000.0000,0000000.0,16047.64,0.223212,147302018,0000000.0000,0000000.0,13714.68,0.278797,68309.46,0.2511,2032-06-01
NK225E    ,OOP,203206,72250.0,            ,137302218,0000000.0000,0000000.0,16179.39,0.222885,147302218,0000000.0000,0000000.0,13618.0,0.278361,68309.46,0.2511,2032-06-01
NK225E    ,OOP,203206,72500.0,            ,137302518,0000000.0000,0000000.0,16311.61,0.222549,147302518,0000000.0000,0000000.0,13521.78,0.278004,68309.46,0.2511,2032-06-01
NK225E    ,OOP,203206,72750.0,            ,137302718,0000000.0000,0000000.0,16444.29,0.222205,147302718,0000000.0000,0000000.0,13426.03,0.277555,68309.46,0.2511,2032-06-01
NK225E    ,OOP,203206,73000.0,            ,137303018,0000000.0000,0000000.0,16577.44,0.221853,147303018,0000000.0000,0000000.0,13330.75,0.2771,68309.46,0.2511,2032-06-01
NK225E    ,OOP,203206,73250.0,            ,137303218,0000000.0000,0000000.0,16710.7,0.221492,147303218,0000000.0000,0000000.0,13235.57,0.276724,68309.46,0.2511,2032-06-01
NK225E    ,OOP,203206,73500.0,            ,137303518,0000000.0000,0000000.0,16844.42,0.221122,147303518,0000000.0000,0000000.0,13140.85,0.276256,68309.46,0.2511,2032-06-01
NK225E    ,OOP,203206,73750.0,            ,137303718,0000000.0000,0000000.0,16978.6,0.220745,147303718,0000000.0000,0000000.0,13046.6,0.275868,68309.46,0.2511,2032-06-01
NK225E    ,OOP,203206,74000.0,            ,187304018,0000000.0000,0000000.0,17113.29,0.220358,197304018,0000000.0000,0000000.0,12952.86,0.275388,68309.46,0.2511,2032-06-01
NK225E    ,OOP,203206,74250.0,            ,137304218,0000000.0000,0000000.0,17248.51,0.220047,147304218,0000000.0000,0000000.0,12859.65,0.274987,68309.46,0.2511,2032-06-01
NK225E    ,OOP,203206,74500.0,            ,137304518,0000000.0000,0000000.0,17384.18,0.219728,147304518,0000000.0000,0000000.0,12766.89,0.274579,68309.46,0.2511,2032-06-01
NK225E    ,OOP,203206,74750.0,            ,137304718,0000000.0000,0000000.0,17520.31,0.219317,147304718,0000000.0000,0000000.0,12674.58,0.274166,68309.46,0.2511,2032-06-01
NK225E    ,OOP,203206,75000.0,            ,187305018,0000000.0000,0000000.0,17656.89,0.218981,197305018,0000000.0000,0000000.0,12582.73,0.273746,68309.46,0.2511,2032-06-01
NK225E    ,OOP,203206,75250.0,            ,137305218,0000000.0000,0000000.0,17794.59,0.218636,147305218,0000000.0000,0000000.0,12491.99,0.273321,68309.46,0.2511,2032-06-01
NK225E    ,OOP,203206,75500.0,            ,137305518,0000000.0000,0000000.0,17932.74,0.218283,147305518,0000000.0000,0000000.0,12401.71,0.272973,68309.46,0.2511,2032-06-01
NK225E    ,OOP,203206,75750.0,            ,137305718,0000000.0000,0000000.0,18071.34,0.217922,147305718,0000000.0000,0000000.0,12311.88,0.272535,68309.46,0.2511,2032-06-01
NK225E    ,OOP,203206,76000.0,            ,187306018,0000000.0000,0000000.0,18210.45,0.217552,197306018,0000000.0000,0000000.0,12222.56,0.272175,68309.46,0.2511,2032-06-01
NK225E    ,OOP,203206,76250.0,            ,137306218,0000000.0000,0000000.0,18355.35,0.21734,147306218,0000000.0000,0000000.0,12139.03,0.271893,68309.46,0.2511,2032-06-01
NK225E    ,OOP,203206,80000.0,            ,187300018,0000000.0000,0000000.0,20583.28,0.213411,197300018,0000000.0000,0000000.0,10940.46,0.26749,68309.46,0.2511,2032-06-01
NK225E    ,OOP,203212,25000.0,            ,137125018,0000000.0000,0000000.0,981.75,0.284967,147125018,0000000.0000,0000000.0,41373.22,0.478934,68309.46,0.2511,2032-12-01
NK225E    ,OOP,203212,26000.0,            ,137126018,0000000.0000,0000000.0,1125.44,0.284892,147126018,0000000.0000,0000000.0,40610.38,0.468423,68309.46,0.2511,2032-12-01
NK225E    ,OOP,203212,27000.0,            ,137127018,0000000.0000,0000000.0,1280.93,0.284729,147127018,0000000.0000,0000000.0,39859.32,0.458927,68309.46,0.2511,2032-12-01
NK225E    ,OOP,203212,27250.0,            ,187127218,0000000.0000,0000000.0,1321.66,0.284575,197127218,0000000.0000,0000000.0,39673.41,0.456653,68309.46,0.2511,2032-12-01
NK225E    ,OOP,203212,27500.0,            ,187127518,0000000.0000,0000000.0,1363.14,0.284699,197127518,0000000.0000,0000000.0,39488.26,0.454396,68309.46,0.2511,2032-12-01
NK225E    ,OOP,203212,27750.0,            ,187127718,0000000.0000,0000000.0,1405.36,0.284459,197127718,0000000.0000,0000000.0,39303.85,0.452157,68309.46,0.2511,2032-12-01
NK225E    ,OOP,203212,28000.0,            ,137128018,0000000.0000,0000000.0,1448.34,0.284491,147128018,0000000.0000,0000000.0,39120.19,0.449933,68309.46,0.2511,2032-12-01
NK225E    ,OOP,203212,28250.0,            ,187128218,0000000.0000,0000000.0,1492.07,0.284476,197128218,0000000.0000,0000000.0,38937.28,0.447929,68309.46,0.2511,2032-12-01
NK225E    ,OOP,203212,28500.0,            ,187128518,0000000.0000,0000000.0,1536.55,0.284419,197128518,0000000.0000,0000000.0,38755.12,0.445735,68309.46,0.2511,2032-12-01
NK225E    ,OOP,203212,28750.0,            ,187128718,0000000.0000,0000000.0,1581.78,0.284321,197128718,0000000.0000,0000000.0,38573.72,0.443757,68309.46,0.2511,2032-12-01
NK225E    ,OOP,203212,29000.0,            ,137129018,0000000.0000,0000000.0,1627.77,0.284185,147129018,0000000.0000,0000000.0,38393.07,0.441789,68309.46,0.2511,2032-12-01
NK225E    ,OOP,203212,29250.0,            ,187129218,0000000.0000,0000000.0,1674.52,0.284012,197129218,0000000.0000,0000000.0,38213.18,0.439834,68309.46,0.2511,2032-12-01
NK225E    ,OOP,203212,29500.0,            ,187129518,0000000.0000,0000000.0,1722.02,0.284078,197129518,0000000.0000,0000000.0,38034.05,0.438083,68309.46,0.2511,2032-12-01
NK225E    ,OOP,203212,29750.0,            ,187129718,0000000.0000,0000000.0,1770.28,0.284101,197129718,0000000.0000,0000000.0,37855.67,0.436147,68309.46,0.2511,2032-12-01
NK225E    ,OOP,203212,30000.0,            ,137120018,0000000.0000,0000000.0,1819.29,0.284084,147120018,0000000.0000,0000000.0,37678.05,0.434223,68309.46,0.2511,2032-12-01
NK225E    ,OOP,203212,30250.0,            ,187120218,0000000.0000,0000000.0,1858.45,0.283512,197120218,0000000.0000,0000000.0,37490.57,0.43212,68309.46,0.2511,2032-12-01
NK225E    ,OOP,203212,30500.0,            ,187120518,0000000.0000,0000000.0,1898.03,0.282921,197120518,0000000.0000,0000000.0,37303.51,0.43003,68309.46,0.2511,2032-12-01
NK225E    ,OOP,203212,30750.0,            ,187120718,0000000.0000,0000000.0,1938.03,0.282311,197120718,0000000.0000,0000000.0,37116.88,0.427954,68309.46,0.2511,2032-12-01
NK225E    ,OOP,203212,31000.0,            ,137121018,0000000.0000,0000000.0,1978.45,0.281683,147121018,0000000.0000,0000000.0,36930.66,0.425891,68309.46,0.2511,2032-12-01
NK225E    ,OOP,203212,31250.0,            ,187121218,0000000.0000,0000000.0,2018.39,0.281038,197121218,0000000.0000,0000000.0,36743.96,0.423658,68309.46,0.2511,2032-12-01
NK225E    ,OOP,203212,31500.0,            ,187121518,0000000.0000,0000000.0,2058.72,0.280377,197121518,0000000.0000,0000000.0,36557.65,0.421622,68309.46,0.2511,2032-12-01
NK225E    ,OOP,203212,31750.0,            ,187121718,0000000.0000,0000000.0,2099.44,0.279938,197121718,0000000.0000,0000000.0,36371.74,0.419598,68309.46,0.2511,2032-12-01
NK225E    ,OOP,203212,32000.0,            ,137122018,0000000.0000,0000000.0,2140.57,0.279243,147122018,0000000.0000,0000000.0,36186.24,0.417587,68309.46,0.2511,2032-12-01
NK225E    ,OOP,203212,32250.0,            ,187122218,0000000.0000,0000000.0,2181.31,0.278534,197122218,0000000.0000,0000000.0,36000.34,0.415587,68309.46,0.2511,2032-12-01
NK225E    ,OOP,203212,32500.0,            ,187122518,0000000.0000,0000000.0,2222.43,0.278039,197122518,0000000.0000,0000000.0,35814.83,0.413598,68309.46,0.2511,2032-12-01
NK225E    ,OOP,203212,32750.0,            ,187122718,0000000.0000,0000000.0,2263.91,0.2773,197122718,0000000.0000,0000000.0,35629.66,0.411621,68309.46,0.2511,2032-12-01
NK225E    ,OOP,203212,33000.0,            ,137123018,0000000.0000,0000000.0,2305.77,0.27655,147123018,0000000.0000,0000000.0,35444.89,0.409656,68309.46,0.2511,2032-12-01
NK225E    ,OOP,203212,33250.0,            ,187123218,0000000.0000,0000000.0,2347.36,0.276005,197123218,0000000.0000,0000000.0,35259.85,0.407701,68309.46,0.2511,2032-12-01
NK225E    ,OOP,203212,33500.0,            ,187123518,0000000.0000,0000000.0,2389.3,0.275228,197123518,0000000.0000,0000000.0,35075.15,0.405927,68309.46,0.2511,2032-12-01
NK225E    ,OOP,203212,33750.0,            ,187123718,0000000.0000,0000000.0,2431.6,0.274653,197123718,0000000.0000,0000000.0,34890.81,0.403992,68309.46,0.2511,2032-12-01
NK225E    ,OOP,203212,34000.0,            ,137124018,0000000.0000,0000000.0,2474.26,0.273853,147124018,0000000.0000,0000000.0,34706.84,0.402067,68309.46,0.2511,2032-12-01
NK225E    ,OOP,203212,34250.0,            ,187124218,0000000.0000,0000000.0,2516.78,0.273249,197124218,0000000.0000,0000000.0,34522.72,0.400153,68309.46,0.2511,2032-12-01
NK225E    ,OOP,203212,34500.0,            ,137124518,0000000.0000,0000000.0,2559.66,0.272631,147124518,0000000.0000,0000000.0,34338.97,0.398413,68309.46,0.2511,2032-12-01
NK225E    ,OOP,203212,34750.0,            ,137124718,0000000.0000,0000000.0,2602.85,0.271797,147124718,0000000.0000,0000000.0,34155.52,0.396518,68309.46,0.2511,2032-12-01
NK225E    ,OOP,203212,35000.0,            ,187125018,0000000.0000,0000000.0,2646.41,0.271153,197125018,0000000.0000,0000000.0,33972.44,0.394632,68309.46,0.2511,2032-12-01
NK225E    ,OOP,203212,35250.0,            ,137125218,0000000.0000,0000000.0,2689.96,0.270497,147125218,0000000.0000,0000000.0,33789.36,0.392916,68309.46,0.2511,2032-12-01
NK225E    ,OOP,203212,35500.0,            ,137125518,0000000.0000,0000000.0,2733.87,0.269828,147125518,0000000.0000,0000000.0,33606.63,0.391048,68309.46,0.2511,2032-12-01
NK225E    ,OOP,203212,35750.0,            ,137125718,0000000.0000,0000000.0,2778.1,0.269146,147125718,0000000.0000,0000000.0,33424.22,0.389347,68309.46,0.2511,2032-12-01
NK225E    ,OOP,203212,36000.0,            ,187126018,0000000.0000,0000000.0,2822.66,0.268262,197126018,0000000.0000,0000000.0,33242.15,0.387495,68309.46,0.2511,2032-12-01
NK225E    ,OOP,203212,36250.0,            ,137126218,0000000.0000,0000000.0,2867.39,0.26756,147126218,0000000.0000,0000000.0,33060.24,0.385809,68309.46,0.2511,2032-12-01
NK225E    ,OOP,203212,36500.0,            ,137126518,0000000.0000,0000000.0,2912.47,0.266846,147126518,0000000.0000,0000000.0,32878.68,0.384129,68309.46,0.2511,2032-12-01
NK225E    ,OOP,203212,36750.0,            ,137126718,0000000.0000,0000000.0,2957.84,0.266307,147126718,0000000.0000,0000000.0,32697.42,0.382456,68309.46,0.2511,2032-12-01
NK225E    ,OOP,203212,37000.0,            ,187127018,0000000.0000,0000000.0,3003.56,0.26557,197127018,0000000.0000,0000000.0,32516.51,0.380635,68309.46,0.2511,2032-12-01
NK225E    ,OOP,203212,37250.0,            ,137127218,0000000.0000,0000000.0,3049.61,0.264824,147127218,0000000.0000,0000000.0,32335.92,0.378975,68309.46,0.2511,2032-12-01
NK225E    ,OOP,203212,37500.0,            ,137127518,0000000.0000,0000000.0,3095.98,0.264068,147127518,0000000.0000,0000000.0,32155.65,0.377321,68309.46,0.2511,2032-12-01
NK225E    ,OOP,203212,37750.0,            ,137127718,0000000.0000,0000000.0,3142.67,0.263303,147127718,0000000.0000,0000000.0,31975.71,0.375673,68309.46,0.2511,2032-12-01
NK225E    ,OOP,203212,38000.0,            ,187128018,0000000.0000,0000000.0,3189.68,0.262703,197128018,0000000.0000,0000000.0,31796.08,0.37403,68309.46,0.2511,2032-12-01
NK225E    ,OOP,203212,38250.0,            ,137128218,0000000.0000,0000000.0,3237.2,0.261918,147128218,0000000.0000,0000000.0,31616.96,0.372393,68309.46,0.2511,2032-12-01
NK225E    ,OOP,203212,38500.0,            ,137128518,0000000.0000,0000000.0,3285.07,0.261296,147128518,0000000.0000,0000000.0,31438.2,0.370909,68309.46,0.2511,2032-12-01
NK225E    ,OOP,203212,38750.0,            ,137128718,0000000.0000,0000000.0,3333.26,0.260493,147128718,0000000.0000,0000000.0,31259.75,0.369282,68309.46,0.2511,2032-12-01
NK225E    ,OOP,203212,39000.0,            ,187129018,0000000.0000,0000000.0,3381.79,0.25985,197129018,0000000.0000,0000000.0,31081.64,0.36766,68309.46,0.2511,2032-12-01
NK225E    ,OOP,203212,39250.0,            ,137129218,0000000.0000,0000000.0,3430.97,0.259196,147129218,0000000.0000,0000000.0,30904.19,0.366044,68309.46,0.2511,2032-12-01
NK225E    ,OOP,203212,39500.0,            ,137129518,0000000.0000,0000000.0,3480.49,0.258531,147129518,0000000.0000,0000000.0,30727.07,0.364576,68309.46,0.2511,2032-12-01
NK225E    ,OOP,203212,39750.0,            ,137129718,0000000.0000,0000000.0,3530.34,0.257693,147129718,0000000.0000,0000000.0,30550.29,0.363111,68309.46,0.2511,2032-12-01
NK225E    ,OOP,203212,40000.0,            ,187120018,0000000.0000,0000000.0,3580.56,0.257009,197120018,0000000.0000,0000000.0,30373.87,0.361509,68309.46,0.2511,2032-12-01
NK225E    ,OOP,203212,40250.0,            ,137120218,0000000.0000,0000000.0,3631.62,0.256316,147120218,0000000.0000,0000000.0,30198.29,0.360051,68309.46,0.2511,2032-12-01
NK225E    ,OOP,203212,40500.0,            ,137120518,0000000.0000,0000000.0,3683.02,0.255771,147120518,0000000.0000,0000000.0,30023.06,0.358596,68309.46,0.2511,2032-12-01
NK225E    ,OOP,203212,40750.0,            ,137120718,0000000.0000,0000000.0,3734.76,0.255057,147120718,0000000.0000,0000000.0,29848.17,0.357145,68309.46,0.2511,2032-12-01
NK225E    ,OOP,203212,41000.0,            ,187121018,0000000.0000,0000000.0,3786.85,0.254334,197121018,0000000.0000,0000000.0,29673.61,0.355696,68309.46,0.2511,2032-12-01
NK225E    ,OOP,203212,41250.0,            ,137121218,0000000.0000,0000000.0,3839.98,0.253756,147121218,0000000.0000,0000000.0,29500.11,0.35425,68309.46,0.2511,2032-12-01
NK225E    ,OOP,203212,41500.0,            ,137121518,0000000.0000,0000000.0,3893.46,0.253015,147121518,0000000.0000,0000000.0,29326.96,0.352807,68309.46,0.2511,2032-12-01
NK225E    ,OOP,203212,41750.0,            ,137121718,0000000.0000,0000000.0,3947.3,0.252416,147121718,0000000.0000,0000000.0,29154.16,0.351367,68309.46,0.2511,2032-12-01
NK225E    ,OOP,203212,42000.0,            ,187122018,0000000.0000,0000000.0,4001.49,0.251657,197122018,0000000.0000,0000000.0,28981.71,0.350063,68309.46,0.2511,2032-12-01
NK225E    ,OOP,203212,42250.0,            ,137122218,0000000.0000,0000000.0,4056.9,0.251039,147122218,0000000.0000,0000000.0,28810.49,0.348628,68309.46,0.2511,2032-12-01
NK225E    ,OOP,203212,42500.0,            ,137122518,0000000.0000,0000000.0,4112.68,0.25041,147122518,0000000.0000,0000000.0,28639.63,0.347327,68309.46,0.2511,2032-12-01
NK225E    ,OOP,203212,42750.0,            ,137122718,0000000.0000,0000000.0,4168.83,0.249771,147122718,0000000.0000,0000000.0,28469.15,0.346027,68309.46,0.2511,2032-12-01
NK225E    ,OOP,203212,43000.0,            ,187123018,0000000.0000,0000000.0,4225.35,0.249122,197123018,0000000.0000,0000000.0,28299.03,0.344598,68309.46,0.2511,2032-12-01
NK225E    ,OOP,203212,43250.0,            ,137123218,0000000.0000,0000000.0,4283.25,0.248607,147123218,0000000.0000,0000000.0,28130.29,0.343301,68309.46,0.2511,2032-12-01
NK225E    ,OOP,203212,43500.0,            ,137123518,0000000.0000,0000000.0,4341.6,0.247938,147123518,0000000.0000,0000000.0,27962.0,0.342005,68309.46,0.2511,2032-12-01
NK225E    ,OOP,203212,43750.0,            ,137123718,0000000.0000,0000000.0,4400.3,0.247401,147123718,0000000.0000,0000000.0,27794.07,0.340837,68309.46,0.2511,2032-12-01
NK225E    ,OOP,203212,44000.0,            ,187124018,0000000.0000,0000000.0,4459.39,0.246713,197124018,0000000.0000,0000000.0,27626.52,0.339542,68309.46,0.2511,2032-12-01
NK225E    ,OOP,203212,44250.0,            ,137124218,0000000.0000,0000000.0,4520.02,0.246155,147124218,0000000.0000,0000000.0,27460.52,0.338248,68309.46,0.2511,2032-12-01
NK225E    ,OOP,203212,44500.0,            ,187124518,0000000.0000,0000000.0,4581.09,0.245586,197124518,0000000.0000,0000000.0,27294.95,0.33708,68309.46,0.2511,2032-12-01
NK225E    ,OOP,203212,44750.0,            ,187124718,0000000.0000,0000000.0,4642.53,0.245007,197124718,0000000.0000,0000000.0,27129.76,0.335911,68309.46,0.2511,2032-12-01
NK225E    ,OOP,203212,45000.0,            ,137245018,0000000.0000,0000000.0,4704.42,0.244417,147245018,0000000.0000,0000000.0,26965.0,0.334618,68309.46,0.2511,2032-12-01
NK225E    ,OOP,203212,45250.0,            ,187125218,0000000.0000,0000000.0,4768.01,0.243951,197125218,0000000.0000,0000000.0,26801.96,0.333572,68309.46,0.2511,2032-12-01
NK225E    ,OOP,203212,45500.0,            ,187125518,0000000.0000,0000000.0,4832.0,0.243341,197125518,0000000.0000,0000000.0,26639.31,0.332402,68309.46,0.2511,2032-12-01
NK225E    ,OOP,203212,45750.0,            ,187125718,0000000.0000,0000000.0,4896.48,0.242853,197125718,0000000.0000,0000000.0,26477.16,0.331231,68309.46,0.2511,2032-12-01
NK225E    ,OOP,203212,46000.0,            ,137246018,0000000.0000,0000000.0,4961.36,0.242223,147246018,0000000.0000,0000000.0,26315.4,0.330059,68309.46,0.2511,2032-12-01
NK225E    ,OOP,203212,46250.0,            ,187126218,0000000.0000,0000000.0,5028.17,0.241713,197126218,0000000.0000,0000000.0,26155.57,0.329007,68309.46,0.2511,2032-12-01
NK225E    ,OOP,203212,46500.0,            ,187126518,0000000.0000,0000000.0,5095.38,0.24132,197126518,0000000.0000,0000000.0,25996.15,0.327953,68309.46,0.2511,2032-12-01
NK225E    ,OOP,203212,46750.0,            ,187126718,0000000.0000,0000000.0,5163.05,0.240788,197126718,0000000.0000,0000000.0,25837.18,0.326898,68309.46,0.2511,2032-12-01
NK225E    ,OOP,203212,47000.0,            ,137247018,0000000.0000,0000000.0,5231.17,0.240245,147247018,0000000.0000,0000000.0,25678.66,0.32584,68309.46,0.2511,2032-12-01
NK225E    ,OOP,203212,47250.0,            ,137247218,0000000.0000,0000000.0,5301.28,0.239817,147247218,0000000.0000,0000000.0,25522.14,0.324781,68309.46,0.2511,2032-12-01
NK225E    ,OOP,203212,47500.0,            ,137247518,0000000.0000,0000000.0,5371.91,0.239253,147247518,0000000.0000,0000000.0,25366.13,0.323719,68309.46,0.2511,2032-12-01
NK225E    ,OOP,203212,47750.0,            ,137247718,0000000.0000,0000000.0,5443.0,0.238803,147247718,0000000.0000,0000000.0,25210.59,0.322772,68309.46,0.2511,2032-12-01
NK225E    ,OOP,203212,48000.0,            ,137248018,0000000.0000,0000000.0,5514.58,0.238341,147248018,0000000.0000,0000000.0,25055.53,0.321707,68309.46,0.2511,2032-12-01
NK225E    ,OOP,203212,48250.0,            ,137248218,0000000.0000,0000000.0,5588.21,0.237869,147248218,0000000.0000,0000000.0,24902.53,0.320754,68309.46,0.2511,2032-12-01
NK225E    ,OOP,203212,48500.0,            ,137248518,0000000.0000,0000000.0,5662.47,0.237505,147248518,0000000.0000,0000000.0,24750.15,0.319914,68309.46,0.2511,2032-12-01
NK225E    ,OOP,203212,48750.0,            ,137248718,0000000.0000,0000000.0,5737.19,0.23701,147248718,0000000.0000,0000000.0,24598.23,0.318955,68309.46,0.2511,2032-12-01
NK225E    ,OOP,203212,49000.0,            ,137249018,0000000.0000,0000000.0,5812.39,0.236623,147249018,0000000.0000,0000000.0,24446.8,0.317993,68309.46,0.2511,2032-12-01
NK225E    ,OOP,203212,49250.0,            ,137249218,0000000.0000,0000000.0,5889.82,0.236225,147249218,0000000.0000,0000000.0,24297.59,0.317141,68309.46,0.2511,2032-12-01
NK225E    ,OOP,203212,49500.0,            ,137249518,0000000.0000,0000000.0,5967.81,0.235814,147249518,0000000.0000,0000000.0,24148.94,0.316285,68309.46,0.2511,2032-12-01
NK225E    ,OOP,203212,49750.0,            ,137249718,0000000.0000,0000000.0,6046.31,0.235392,147249718,0000000.0000,0000000.0,24000.81,0.315313,68309.46,0.2511,2032-12-01
NK225E    ,OOP,203212,50000.0,            ,137240018,0000000.0000,0000000.0,6125.34,0.235075,147240018,0000000.0000,0000000.0,23853.2,0.314561,68309.46,0.2511,2032-12-01
NK225E    ,OOP,203212,50250.0,            ,137240218,0000000.0000,0000000.0,6206.69,0.234744,147240218,0000000.0000,0000000.0,23707.92,0.313693,68309.46,0.2511,2032-12-01
NK225E    ,OOP,203212,50500.0,            ,137240518,0000000.0000,0000000.0,6288.59,0.234402,147240518,0000000.0000,0000000.0,23563.18,0.312931,68309.46,0.2511,2032-12-01
NK225E    ,OOP,203212,50750.0,            ,137240718,0000000.0000,0000000.0,6371.02,0.234047,147240718,0000000.0000,0000000.0,23418.98,0.312055,68309.46,0.2511,2032-12-01
NK225E    ,OOP,203212,51000.0,            ,137241018,0000000.0000,0000000.0,6454.04,0.233681,147241018,0000000.0000,0000000.0,23275.36,0.311284,68309.46,0.2511,2032-12-01
NK225E    ,OOP,203212,51250.0,            ,137241218,0000000.0000,0000000.0,6539.42,0.233303,147241218,0000000.0000,0000000.0,23134.1,0.310509,68309.46,0.2511,2032-12-01
NK225E    ,OOP,203212,51500.0,            ,137241518,0000000.0000,0000000.0,6625.4,0.233025,147241518,0000000.0000,0000000.0,22993.44,0.309836,68309.46,0.2511,2032-12-01
NK225E    ,OOP,203212,51750.0,            ,137241718,0000000.0000,0000000.0,6711.89,0.232734,147241718,0000000.0000,0000000.0,22853.3,0.309051,68309.46,0.2511,2032-12-01
NK225E    ,OOP,203212,52000.0,            ,137242018,0000000.0000,0000000.0,6798.99,0.23243,147242018,0000000.0000,0000000.0,22713.76,0.308368,68309.46,0.2511,2032-12-01
NK225E    ,OOP,203212,52250.0,            ,137242218,0000000.0000,0000000.0,6888.51,0.232115,147242218,0000000.0000,0000000.0,22576.64,0.307679,68309.46,0.2511,2032-12-01
NK225E    ,OOP,203212,52500.0,            ,137242518,0000000.0000,0000000.0,6978.65,0.231788,147242518,0000000.0000,0000000.0,22440.15,0.306984,68309.46,0.2511,2032-12-01
NK225E    ,OOP,203212,52750.0,            ,137242718,0000000.0000,0000000.0,7069.37,0.231556,147242718,0000000.0000,0000000.0,22304.24,0.306285,68309.46,0.2511,2032-12-01
NK225E    ,OOP,203212,53000.0,            ,137243018,0000000.0000,0000000.0,7160.67,0.231312,147243018,0000000.0000,0000000.0,22168.9,0.305685,68309.46,0.2511,2032-12-01
NK225E    ,OOP,203212,53250.0,            ,137243218,0000000.0000,0000000.0,7254.4,0.231056,147243218,0000000.0000,0000000.0,22036.0,0.304974,68309.46,0.2511,2032-12-01
NK225E    ,OOP,203212,53500.0,            ,137243518,0000000.0000,0000000.0,7348.78,0.230787,147243518,0000000.0000,0000000.0,21903.74,0.304362,68309.46,0.2511,2032-12-01
NK225E    ,OOP,203212,53750.0,            ,137243718,0000000.0000,0000000.0,7443.7,0.230611,147243718,0000000.0000,0000000.0,21772.02,0.303744,68309.46,0.2511,2032-12-01
NK225E    ,OOP,203212,54000.0,            ,137244018,0000000.0000,0000000.0,7539.27,0.230317,147244018,0000000.0000,0000000.0,21640.95,0.303223,68309.46,0.2511,2032-12-01
NK225E    ,OOP,203212,54250.0,            ,137244218,0000000.0000,0000000.0,7637.27,0.230116,147244218,0000000.0000,0000000.0,21512.32,0.302592,68309.46,0.2511,2032-12-01
NK225E    ,OOP,203212,54500.0,            ,137244518,0000000.0000,0000000.0,7735.89,0.229902,147244518,0000000.0000,0000000.0,21384.3,0.302058,68309.46,0.2511,2032-12-01
NK225E    ,OOP,203212,54750.0,            ,137244718,0000000.0000,0000000.0,7835.11,0.229779,147244718,0000000.0000,0000000.0,21256.89,0.301518,68309.46,0.2511,2032-12-01
NK225E    ,OOP,203212,55000.0,            ,187245018,0000000.0000,0000000.0,7934.99,0.22954,197245018,0000000.0000,0000000.0,21130.13,0.30097,68309.46,0.2511,2032-12-01
NK225E    ,OOP,203212,55250.0,            ,137245218,0000000.0000,0000000.0,8037.26,0.229391,147245218,0000000.0000,0000000.0,21005.77,0.300517,68309.46,0.2511,2032-12-01
NK225E    ,OOP,203212,55500.0,            ,137245518,0000000.0000,0000000.0,8140.16,0.229229,147245518,0000000.0000,0000000.0,20882.03,0.299957,68309.46,0.2511,2032-12-01
NK225E    ,OOP,203212,55750.0,            ,137245718,0000000.0000,0000000.0,8243.67,0.229054,147245718,0000000.0000,0000000.0,20758.91,0.29949,68309.46,0.2511,2032-12-01
NK225E    ,OOP,203212,56000.0,            ,187246018,0000000.0000,0000000.0,8347.81,0.228868,197246018,0000000.0000,0000000.0,20636.4,0.299016,68309.46,0.2511,2032-12-01
NK225E    ,OOP,203212,56250.0,            ,137246218,0000000.0000,0000000.0,8454.28,0.228768,147246218,0000000.0000,0000000.0,20516.24,0.298635,68309.46,0.2511,2032-12-01
NK225E    ,OOP,203212,56500.0,            ,137246518,0000000.0000,0000000.0,8561.43,0.228655,147246518,0000000.0000,0000000.0,20396.75,0.298147,68309.46,0.2511,2032-12-01
NK225E    ,OOP,203212,56750.0,            ,137246718,0000000.0000,0000000.0,8669.15,0.22853,147246718,0000000.0000,0000000.0,20277.84,0.29775,68309.46,0.2511,2032-12-01
NK225E    ,OOP,203212,57000.0,            ,187247018,0000000.0000,0000000.0,8777.56,0.228393,197247018,0000000.0000,0000000.0,20159.61,0.297248,68309.46,0.2511,2032-12-01
NK225E    ,OOP,203212,57250.0,            ,187247218,0000000.0000,0000000.0,8888.19,0.228243,197247218,0000000.0000,0000000.0,20043.6,0.296935,68309.46,0.2511,2032-12-01
NK225E    ,OOP,203212,57500.0,            ,187247518,0000000.0000,0000000.0,8999.45,0.228178,197247518,0000000.0000,0000000.0,19928.23,0.296517,68309.46,0.2511,2032-12-01
NK225E    ,OOP,203212,57750.0,            ,187247718,0000000.0000,0000000.0,9111.34,0.2281,197247718,0000000.0000,0000000.0,19813.48,0.296091,68309.46,0.2511,2032-12-01
NK225E    ,OOP,203212,58000.0,            ,187248018,0000000.0000,0000000.0,9223.87,0.22801,197248018,0000000.0000,0000000.0,19699.37,0.295755,68309.46,0.2511,2032-12-01
NK225E    ,OOP,203212,58250.0,            ,187248218,0000000.0000,0000000.0,9338.49,0.227908,197248218,0000000.0000,0000000.0,19587.36,0.295412,68309.46,0.2511,2032-12-01
NK225E    ,OOP,203212,58500.0,            ,187248518,0000000.0000,0000000.0,9453.74,0.227793,197248518,0000000.0000,0000000.0,19475.98,0.29506,68309.46,0.2511,2032-12-01
NK225E    ,OOP,203212,58750.0,            ,187248718,0000000.0000,0000000.0,9569.64,0.227761,197248718,0000000.0000,0000000.0,19365.23,0.294701,68309.46,0.2511,2032-12-01
NK225E    ,OOP,203212,59000.0,            ,187249018,0000000.0000,0000000.0,9686.16,0.227717,197249018,0000000.0000,0000000.0,19255.12,0.29443,68309.46,0.2511,2032-12-01
NK225E    ,OOP,203212,59250.0,            ,187249218,0000000.0000,0000000.0,9804.59,0.22766,197249218,0000000.0000,0000000.0,19146.92,0.294057,68309.46,0.2511,2032-12-01
NK225E    ,OOP,203212,59500.0,            ,187249518,0000000.0000,0000000.0,9923.66,0.227591,197249518,0000000.0000,0000000.0,19039.35,0.29377,68309.46,0.2511,2032-12-01
NK225E    ,OOP,203212,59750.0,            ,187249718,0000000.0000,0000000.0,10043.36,0.227511,197249718,0000000.0000,0000000.0,18932.41,0.293476,68309.46,0.2511,2032-12-01
NK225E    ,OOP,203212,60000.0,            ,187240018,0000000.0000,0000000.0,10163.74,0.227511,197240018,0000000.0000,0000000.0,18826.16,0.293174,68309.46,0.2511,2032-12-01
NK225E    ,OOP,203212,60250.0,            ,187240218,0000000.0000,0000000.0,10285.78,0.227499,197240218,0000000.0000,0000000.0,18721.56,0.292958,68309.46,0.2511,2032-12-01
NK225E    ,OOP,203212,60500.0,            ,187240518,0000000.0000,0000000.0,10408.51,0.227383,197240518,0000000.0000,0000000.0,18617.65,0.292641,68309.46,0.2511,2032-12-01
NK225E    ,OOP,203212,60750.0,            ,187240718,0000000.0000,0000000.0,10531.81,0.227439,197240718,0000000.0000,0000000.0,18514.32,0.292409,68309.46,0.2511,2032-12-01
NK225E    ,OOP,203212,61000.0,            ,187241018,0000000.0000,0000000.0,10655.79,0.227391,197241018,0000000.0000,0000000.0,18411.66,0.29217,68309.46,0.2511,2032-12-01
NK225E    ,OOP,203212,61250.0,            ,187241218,0000000.0000,0000000.0,10781.16,0.227332,197241218,0000000.0000,0000000.0,18310.39,0.291922,68309.46,0.2511,2032-12-01
NK225E    ,OOP,203212,61500.0,            ,187241518,0000000.0000,0000000.0,10907.2,0.227352,197241518,0000000.0000,0000000.0,18209.8,0.291667,68309.46,0.2511,2032-12-01
NK225E    ,OOP,203212,61750.0,            ,187241718,0000000.0000,0000000.0,11033.82,0.22736,197241718,0000000.0000,0000000.0,18109.78,0.291497,68309.46,0.2511,2032-12-01
NK225E    ,OOP,203212,62000.0,            ,187242018,0000000.0000,0000000.0,11161.11,0.227267,197242018,0000000.0000,0000000.0,18010.44,0.291226,68309.46,0.2511,2032-12-01
NK225E    ,OOP,203212,62250.0,            ,187242218,0000000.0000,0000000.0,11289.51,0.227252,197242218,0000000.0000,0000000.0,17912.2,0.29104,68309.46,0.2511,2032-12-01
NK225E    ,OOP,203212,62500.0,            ,187242518,0000000.0000,0000000.0,11418.53,0.227315,197242518,0000000.0000,0000000.0,17814.58,0.290845,68309.46,0.2511,2032-12-01
NK225E    ,OOP,203212,62750.0,            ,187242718,0000000.0000,0000000.0,11548.16,0.227278,197242718,0000000.0000,0000000.0,17717.58,0.290643,68309.46,0.2511,2032-12-01
NK225E    ,OOP,203212,63000.0,            ,187243018,0000000.0000,0000000.0,11678.45,0.227229,197243018,0000000.0000,0000000.0,17621.23,0.290434,68309.46,0.2511,2032-12-01
NK225E    ,OOP,203212,63250.0,            ,187243218,0000000.0000,0000000.0,11809.51,0.227258,197243218,0000000.0000,0000000.0,17525.66,0.290216,68309.46,0.2511,2032-12-01
NK225E    ,OOP,203212,63500.0,            ,187243518,0000000.0000,0000000.0,11941.18,0.227276,197243518,0000000.0000,0000000.0,17430.69,0.290081,68309.46,0.2511,2032-12-01
NK225E    ,OOP,203212,63750.0,            ,187243718,0000000.0000,0000000.0,12073.45,0.227283,197243718,0000000.0000,0000000.0,17336.32,0.289849,68309.46,0.2511,2032-12-01
NK225E    ,OOP,203212,64000.0,            ,187244018,0000000.0000,0000000.0,12206.37,0.227279,197244018,0000000.0000,0000000.0,17242.61,0.289699,68309.46,0.2511,2032-12-01
NK225E    ,OOP,203212,64250.0,            ,187244218,0000000.0000,0000000.0,12339.65,0.227264,197244218,0000000.0000,0000000.0,17149.25,0.289541,68309.46,0.2511,2032-12-01
NK225E    ,OOP,203212,64500.0,            ,187244518,0000000.0000,0000000.0,12473.58,0.227238,197244518,0000000.0000,0000000.0,17056.54,0.289375,68309.46,0.2511,2032-12-01
NK225E    ,OOP,203212,64750.0,            ,187244718,0000000.0000,0000000.0,12608.09,0.227202,197244718,0000000.0000,0000000.0,16964.42,0.289202,68309.46,0.2511,2032-12-01
NK225E    ,OOP,203212,65000.0,            ,137365018,0000000.0000,0000000.0,12743.18,0.227242,147365018,0000000.0000,0000000.0,16872.88,0.289021,68309.46,0.2511,2032-12-01
NK225E    ,OOP,203212,65250.0,            ,187245218,0000000.0000,0000000.0,12878.28,0.227185,197245218,0000000.0000,0000000.0,16781.34,0.288833,68309.46,0.2511,2032-12-01
NK225E    ,OOP,203212,65500.0,            ,187245518,0000000.0000,0000000.0,13013.95,0.227204,197245518,0000000.0000,0000000.0,16690.37,0.288638,68309.46,0.2511,2032-12-01
NK225E    ,OOP,203212,65750.0,            ,187245718,0000000.0000,0000000.0,13150.18,0.227127,197245718,0000000.0000,0000000.0,16599.96,0.288523,68309.46,0.2511,2032-12-01
NK225E    ,OOP,203212,66000.0,            ,137366018,0000000.0000,0000000.0,13287.04,0.227126,147366018,0000000.0000,0000000.0,16510.19,0.288314,68309.46,0.2511,2032-12-01
NK225E    ,OOP,203212,66250.0,            ,187246218,0000000.0000,0000000.0,13423.41,0.227114,197246218,0000000.0000,0000000.0,16419.92,0.288097,68309.46,0.2511,2032-12-01
NK225E    ,OOP,203212,66500.0,            ,187246518,0000000.0000,0000000.0,13560.4,0.227093,197246518,0000000.0000,0000000.0,16330.27,0.28796,68309.46,0.2511,2032-12-01
NK225E    ,OOP,203212,66750.0,            ,187246718,0000000.0000,0000000.0,13697.87,0.227061,197246718,0000000.0000,0000000.0,16241.11,0.287817,68309.46,0.2511,2032-12-01
NK225E    ,OOP,203212,67000.0,            ,137367018,0000000.0000,0000000.0,13835.96,0.22702,147367018,0000000.0000,0000000.0,16152.56,0.287579,68309.46,0.2511,2032-12-01
NK225E    ,OOP,203212,67250.0,            ,137367218,0000000.0000,0000000.0,13973.06,0.226969,147367218,0000000.0000,0000000.0,16063.03,0.287421,68309.46,0.2511,2032-12-01
NK225E    ,OOP,203212,67500.0,            ,137367518,0000000.0000,0000000.0,14110.76,0.226908,147367518,0000000.0000,0000000.0,15974.09,0.287169,68309.46,0.2511,2032-12-01
NK225E    ,OOP,203212,67750.0,            ,137367718,0000000.0000,0000000.0,14248.93,0.226838,147367718,0000000.0000,0000000.0,15885.63,0.286997,68309.46,0.2511,2032-12-01
NK225E    ,OOP,203212,68000.0,            ,137368018,0000000.0000,0000000.0,14387.69,0.226759,147368018,0000000.0000,0000000.0,15797.75,0.286819,68309.46,0.2511,2032-12-01
NK225E    ,OOP,203212,68250.0,            ,137368218,0000000.0000,0000000.0,14524.96,0.22667,147368218,0000000.0000,0000000.0,15708.39,0.286633,68309.46,0.2511,2032-12-01
NK225E    ,OOP,203212,68500.0,            ,137368518,0000000.0000,0000000.0,14662.81,0.226572,147368518,0000000.0000,0000000.0,15619.6,0.286355,68309.46,0.2511,2032-12-01
NK225E    ,OOP,203212,68750.0,            ,137368718,0000000.0000,0000000.0,14801.12,0.226465,147368718,0000000.0000,0000000.0,15531.27,0.286156,68309.46,0.2511,2032-12-01
NK225E    ,OOP,203212,69000.0,            ,137369018,0000000.0000,0000000.0,14939.99,0.226349,147369018,0000000.0000,0000000.0,15443.5,0.28595,68309.46,0.2511,2032-12-01
NK225E    ,OOP,203212,69250.0,            ,137369218,0000000.0000,0000000.0,15076.81,0.226225,147369218,0000000.0000,0000000.0,15353.68,0.285653,68309.46,0.2511,2032-12-01
NK225E    ,OOP,203212,69500.0,            ,137369518,0000000.0000,0000000.0,15214.12,0.226091,147369518,0000000.0000,0000000.0,15264.36,0.285434,68309.46,0.2511,2032-12-01
NK225E    ,OOP,203212,69750.0,            ,137369718,0000000.0000,0000000.0,15351.92,0.225949,147369718,0000000.0000,0000000.0,15175.53,0.285209,68309.46,0.2511,2032-12-01
NK225E    ,OOP,203212,70000.0,            ,137360018,0000000.0000,0000000.0,15490.22,0.225797,147360018,0000000.0000,0000000.0,15087.19,0.284892,68309.46,0.2511,2032-12-01
NK225E    ,OOP,203212,70250.0,            ,137360218,0000000.0000,0000000.0,15625.89,0.225638,147360218,0000000.0000,0000000.0,14996.22,0.284655,68309.46,0.2511,2032-12-01
NK225E    ,OOP,203212,70500.0,            ,137360518,0000000.0000,0000000.0,15762.03,0.225387,147360518,0000000.0000,0000000.0,14905.72,0.284326,68309.46,0.2511,2032-12-01
NK225E    ,OOP,203212,70750.0,            ,137360718,0000000.0000,0000000.0,15898.64,0.225211,147360718,0000000.0000,0000000.0,14815.7,0.283991,68309.46,0.2511,2032-12-01
NK225E    ,OOP,203212,71000.0,            ,137361018,0000000.0000,0000000.0,16035.78,0.225026,147361018,0000000.0000,0000000.0,14726.21,0.283735,68309.46,0.2511,2032-12-01
NK225E    ,OOP,203212,71250.0,            ,137361218,0000000.0000,0000000.0,16169.59,0.224751,147361218,0000000.0000,0000000.0,14633.38,0.283388,68309.46,0.2511,2032-12-01
NK225E    ,OOP,203212,71500.0,            ,137361518,0000000.0000,0000000.0,16303.86,0.224468,147361518,0000000.0000,0000000.0,14541.01,0.283036,68309.46,0.2511,2032-12-01
NK225E    ,OOP,203212,71750.0,            ,137361718,0000000.0000,0000000.0,16438.58,0.224258,147361718,0000000.0000,0000000.0,14449.09,0.282678,68309.46,0.2511,2032-12-01
NK225E    ,OOP,203212,72000.0,            ,137362018,0000000.0000,0000000.0,16573.81,0.223959,147362018,0000000.0000,0000000.0,14357.69,0.282314,68309.46,0.2511,2032-12-01
NK225E    ,OOP,203212,72250.0,            ,137362218,0000000.0000,0000000.0,16704.99,0.223652,147362218,0000000.0000,0000000.0,14262.24,0.28186,68309.46,0.2511,2032-12-01
NK225E    ,OOP,203212,72500.0,            ,137362518,0000000.0000,0000000.0,16836.68,0.223256,147362518,0000000.0000,0000000.0,14167.29,0.281485,68309.46,0.2511,2032-12-01
NK225E    ,OOP,203212,72750.0,            ,137362718,0000000.0000,0000000.0,16968.73,0.222934,147362718,0000000.0000,0000000.0,14072.71,0.281021,68309.46,0.2511,2032-12-01
NK225E    ,OOP,203212,73000.0,            ,137363018,0000000.0000,0000000.0,17101.29,0.222603,147363018,0000000.0000,0000000.0,13978.62,0.280634,68309.46,0.2511,2032-12-01
NK225E    ,OOP,203212,73250.0,            ,137363218,0000000.0000,0000000.0,17229.08,0.222184,147363218,0000000.0000,0000000.0,13879.78,0.280076,68309.46,0.2511,2032-12-01
NK225E    ,OOP,203212,73500.0,            ,137363518,0000000.0000,0000000.0,17357.35,0.221758,147363518,0000000.0000,0000000.0,13781.41,0.279596,68309.46,0.2511,2032-12-01
NK225E    ,OOP,203212,73750.0,            ,137363718,0000000.0000,0000000.0,17486.04,0.221324,147363718,0000000.0000,0000000.0,13683.47,0.279111,68309.46,0.2511,2032-12-01
NK225E    ,OOP,203212,74000.0,            ,137364018,0000000.0000,0000000.0,17615.15,0.220883,147364018,0000000.0000,0000000.0,13585.94,0.27862,68309.46,0.2511,2032-12-01
NK225E    ,OOP,203212,74250.0,            ,137364218,0000000.0000,0000000.0,17738.77,0.220353,147364218,0000000.0000,0000000.0,13482.93,0.277959,68309.46,0.2511,2032-12-01
NK225E    ,OOP,203212,74500.0,            ,137364518,0000000.0000,0000000.0,17862.8,0.219816,147364518,0000000.0000,0000000.0,13380.32,0.277375,68309.46,0.2511,2032-12-01
NK225E    ,OOP,203212,74750.0,            ,137364718,0000000.0000,0000000.0,17987.24,0.219353,147364718,0000000.0000,0000000.0,13278.12,0.276787,68309.46,0.2511,2032-12-01
NK225E    ,OOP,203212,75000.0,            ,187365018,0000000.0000,0000000.0,18112.07,0.218801,197365018,0000000.0000,0000000.0,13176.32,0.276193,68309.46,0.2511,2032-12-01
NK225E    ,OOP,203212,75250.0,            ,137365218,0000000.0000,0000000.0,18230.64,0.218162,147365218,0000000.0000,0000000.0,13068.26,0.275513,68309.46,0.2511,2032-12-01
NK225E    ,OOP,203212,75500.0,            ,137365518,0000000.0000,0000000.0,18349.61,0.217516,147365518,0000000.0000,0000000.0,12960.58,0.274745,68309.46,0.2511,2032-12-01
NK225E    ,OOP,203212,75750.0,            ,137365718,0000000.0000,0000000.0,18468.96,0.216863,147365718,0000000.0000,0000000.0,12853.3,0.274055,68309.46,0.2511,2032-12-01
NK225E    ,OOP,203212,76000.0,            ,187366018,0000000.0000,0000000.0,18588.7,0.216203,197366018,0000000.0000,0000000.0,12746.4,0.273361,68309.46,0.2511,2032-12-01
NK225E    ,OOP,203212,76250.0,            ,137366218,0000000.0000,0000000.0,18687.95,0.215215,147366218,0000000.0000,0000000.0,12619.02,0.272253,68309.46,0.2511,2032-12-01
NK225E    ,OOP,203212,80000.0,            ,187360018,0000000.0000,0000000.0,20221.6,0.200088,197360018,0000000.0000,0000000.0,10753.13,0.256525,68309.46,0.2511,2032-12-01
NK225E    ,OOP,203306,23000.0,            ,138063018,0000000.0000,0000000.0,781.78,0.27946,148063018,0000000.0000,0000000.0,42745.01,0.501465,68309.46,0.2511,2033-06-01
NK225E    ,OOP,203306,24000.0,            ,138064018,0000000.0000,0000000.0,907.92,0.279117,148064018,0000000.0000,0000000.0,41971.74,0.489218,68309.46,0.2511,2033-06-01
NK225E    ,OOP,203306,25000.0,            ,138065018,0000000.0000,0000000.0,1045.57,0.278755,148065018,0000000.0000,0000000.0,41209.97,0.477734,68309.46,0.2511,2033-06-01
NK225E    ,OOP,203306,26000.0,            ,138066018,0000000.0000,0000000.0,1194.9,0.278708,148066018,0000000.0000,0000000.0,40459.89,0.467358,68309.46,0.2511,2033-06-01
NK225E    ,OOP,203306,27000.0,            ,138067018,0000000.0000,0000000.0,1356.04,0.278258,148067018,0000000.0000,0000000.0,39721.62,0.45777,68309.46,0.2511,2033-06-01
NK225E    ,OOP,203306,28000.0,            ,138068018,0000000.0000,0000000.0,1529.11,0.278071,148068018,0000000.0000,0000000.0,38995.27,0.448695,68309.46,0.2511,2033-06-01
NK225E    ,OOP,203306,29000.0,            ,138069018,0000000.0000,0000000.0,1714.16,0.277816,148069018,0000000.0000,0000000.0,38280.91,0.440655,68309.46,0.2511,2033-06-01
NK225E    ,OOP,203306,30000.0,            ,138060018,0000000.0000,0000000.0,1911.25,0.277501,148060018,0000000.0000,0000000.0,37578.59,0.432999,68309.46,0.2511,2033-06-01
NK225E    ,OOP,203306,31000.0,            ,138061018,0000000.0000,0000000.0,2098.84,0.276433,148061018,0000000.0000,0000000.0,36866.77,0.425341,68309.46,0.2511,2033-06-01
NK225E    ,OOP,203306,32000.0,            ,138062018,0000000.0000,0000000.0,2283.65,0.274746,148062018,0000000.0000,0000000.0,36152.16,0.417685,68309.46,0.2511,2033-06-01
NK225E    ,OOP,203306,33000.0,            ,188063018,0000000.0000,0000000.0,2466.08,0.27254,198063018,0000000.0000,0000000.0,35435.18,0.410035,68309.46,0.2511,2033-06-01
NK225E    ,OOP,203306,33750.0,            ,138063718,0000000.0000,0000000.0,2601.13,0.270725,148063718,0000000.0000,0000000.0,34895.67,0.40457,68309.46,0.2511,2033-06-01
NK225E    ,OOP,203306,34000.0,            ,188064018,0000000.0000,0000000.0,2646.93,0.270292,198064018,0000000.0000,0000000.0,34716.61,0.402714,68309.46,0.2511,2033-06-01
NK225E    ,OOP,203306,34250.0,            ,138064218,0000000.0000,0000000.0,2691.48,0.269644,148064218,0000000.0000,0000000.0,34536.31,0.400867,68309.46,0.2511,2033-06-01
NK225E    ,OOP,203306,34500.0,            ,138064518,0000000.0000,0000000.0,2736.41,0.268985,148064518,0000000.0000,0000000.0,34356.38,0.39903,68309.46,0.2511,2033-06-01
NK225E    ,OOP,203306,34750.0,            ,138064718,0000000.0000,0000000.0,2781.64,0.268313,148064718,0000000.0000,0000000.0,34176.77,0.397203,68309.46,0.2511,2033-06-01
NK225E    ,OOP,203306,35000.0,            ,188065018,0000000.0000,0000000.0,2827.24,0.26763,198065018,0000000.0000,0000000.0,33997.51,0.395385,68309.46,0.2511,2033-06-01
NK225E    ,OOP,203306,35250.0,            ,138065218,0000000.0000,0000000.0,2871.99,0.266936,148065218,0000000.0000,0000000.0,33817.41,0.393576,68309.46,0.2511,2033-06-01
NK225E    ,OOP,203306,35500.0,            ,138065518,0000000.0000,0000000.0,2917.08,0.266231,148065518,0000000.0000,0000000.0,33637.64,0.391776,68309.46,0.2511,2033-06-01
NK225E    ,OOP,203306,35750.0,            ,138065718,0000000.0000,0000000.0,2962.48,0.265517,148065718,0000000.0000,0000000.0,33458.19,0.389984,68309.46,0.2511,2033-06-01
NK225E    ,OOP,203306,36000.0,            ,188066018,0000000.0000,0000000.0,3008.19,0.264792,198066018,0000000.0000,0000000.0,33279.04,0.388202,68309.46,0.2511,2033-06-01
NK225E    ,OOP,203306,36250.0,            ,138066218,0000000.0000,0000000.0,3053.48,0.264058,148066218,0000000.0000,0000000.0,33099.49,0.386428,68309.46,0.2511,2033-06-01
NK225E    ,OOP,203306,36500.0,            ,138066518,0000000.0000,0000000.0,3099.1,0.263314,148066518,0000000.0000,0000000.0,32920.25,0.384662,68309.46,0.2511,2033-06-01
NK225E    ,OOP,203306,36750.0,            ,138066718,0000000.0000,0000000.0,3144.99,0.262562,148066718,0000000.0000,0000000.0,32741.28,0.382904,68309.46,0.2511,2033-06-01
NK225E    ,OOP,203306,37000.0,            ,188067018,0000000.0000,0000000.0,3191.19,0.261801,198067018,0000000.0000,0000000.0,32562.64,0.381155,68309.46,0.2511,2033-06-01
NK225E    ,OOP,203306,37250.0,            ,138067218,0000000.0000,0000000.0,3237.36,0.261032,148067218,0000000.0000,0000000.0,32383.95,0.379559,68309.46,0.2511,2033-06-01
NK225E    ,OOP,203306,37500.0,            ,138067518,0000000.0000,0000000.0,3283.84,0.260254,148067518,0000000.0000,0000000.0,32205.58,0.377824,68309.46,0.2511,2033-06-01
NK225E    ,OOP,203306,37750.0,            ,138067718,0000000.0000,0000000.0,3330.61,0.259638,148067718,0000000.0000,0000000.0,32027.5,0.376097,68309.46,0.2511,2033-06-01
NK225E    ,OOP,203306,38000.0,            ,188068018,0000000.0000,0000000.0,3377.66,0.258844,198068018,0000000.0000,0000000.0,31849.7,0.37452,68309.46,0.2511,2033-06-01
NK225E    ,OOP,203306,38250.0,            ,138068218,0000000.0000,0000000.0,3425.1,0.258042,148068218,0000000.0000,0000000.0,31672.27,0.372807,68309.46,0.2511,2033-06-01
NK225E    ,OOP,203306,38500.0,            ,138068518,0000000.0000,0000000.0,3472.85,0.257397,148068518,0000000.0000,0000000.0,31495.17,0.371101,68309.46,0.2511,2033-06-01
NK225E    ,OOP,203306,38750.0,            ,138068718,0000000.0000,0000000.0,3520.85,0.25658,148068718,0000000.0000,0000000.0,31318.32,0.369542,68309.46,0.2511,2033-06-01
NK225E    ,OOP,203306,39000.0,            ,188069018,0000000.0000,0000000.0,3569.17,0.255916,198069018,0000000.0000,0000000.0,31141.79,0.367849,68309.46,0.2511,2033-06-01
NK225E    ,OOP,203306,39250.0,            ,138069218,0000000.0000,0000000.0,3618.23,0.255085,148069218,0000000.0000,0000000.0,30966.0,0.366301,68309.46,0.2511,2033-06-01
NK225E    ,OOP,203306,39500.0,            ,138069518,0000000.0000,0000000.0,3667.62,0.254404,148069518,0000000.0000,0000000.0,30790.53,0.364759,68309.46,0.2511,2033-06-01
NK225E    ,OOP,203306,39750.0,            ,138069718,0000000.0000,0000000.0,3717.27,0.253714,148069718,0000000.0000,0000000.0,30615.33,0.363221,68309.46,0.2511,2033-06-01
NK225E    ,OOP,203306,40000.0,            ,188060018,0000000.0000,0000000.0,3767.25,0.253016,198060018,0000000.0000,0000000.0,30440.46,0.361688,68309.46,0.2511,2033-06-01
NK225E    ,OOP,203306,40250.0,            ,138060218,0000000.0000,0000000.0,3818.33,0.252309,148060218,0000000.0000,0000000.0,30266.68,0.360159,68309.46,0.2511,2033-06-01
NK225E    ,OOP,203306,40500.0,            ,138060518,0000000.0000,0000000.0,3869.75,0.251594,148060518,0000000.0000,0000000.0,30093.25,0.358636,68309.46,0.2511,2033-06-01
NK225E    ,OOP,203306,40750.0,            ,138060718,0000000.0000,0000000.0,3921.45,0.25087,148060718,0000000.0000,0000000.0,29920.09,0.357116,68309.46,0.2511,2033-06-01
NK225E    ,OOP,203306,41000.0,            ,188061018,0000000.0000,0000000.0,3973.49,0.250139,198061018,0000000.0000,0000000.0,29747.28,0.355602,68309.46,0.2511,2033-06-01
NK225E    ,OOP,203306,41250.0,            ,138061218,0000000.0000,0000000.0,4026.95,0.249548,148061218,0000000.0000,0000000.0,29575.89,0.354223,68309.46,0.2511,2033-06-01
NK225E    ,OOP,203306,41500.0,            ,138061518,0000000.0000,0000000.0,4080.78,0.248801,148061518,0000000.0000,0000000.0,29404.86,0.352716,68309.46,0.2511,2033-06-01
NK225E    ,OOP,203306,41750.0,            ,138061718,0000000.0000,0000000.0,4134.93,0.248191,148061718,0000000.0000,0000000.0,29234.17,0.351343,68309.46,0.2511,2033-06-01
NK225E    ,OOP,203306,42000.0,            ,188062018,0000000.0000,0000000.0,4189.42,0.247571,198062018,0000000.0000,0000000.0,29063.8,0.349973,68309.46,0.2511,2033-06-01
NK225E    ,OOP,203306,42250.0,            ,138062218,0000000.0000,0000000.0,4245.64,0.2468,148062218,0000000.0000,0000000.0,28895.17,0.348605,68309.46,0.2511,2033-06-01
NK225E    ,OOP,203306,42500.0,            ,138062518,0000000.0000,0000000.0,4302.25,0.246304,148062518,0000000.0000,0000000.0,28726.92,0.347239,68309.46,0.2511,2033-06-01
NK225E    ,OOP,203306,42750.0,            ,138062718,0000000.0000,0000000.0,4359.21,0.245657,148062718,0000000.0000,0000000.0,28559.03,0.345876,68309.46,0.2511,2033-06-01
NK225E    ,OOP,203306,43000.0,            ,138183018,0000000.0000,0000000.0,4416.53,0.245002,148183018,0000000.0000,0000000.0,28391.49,0.344516,68309.46,0.2511,2033-06-01
NK225E    ,OOP,203306,43250.0,            ,138063218,0000000.0000,0000000.0,4475.88,0.244338,148063218,0000000.0000,0000000.0,28225.99,0.343283,68309.46,0.2511,2033-06-01
NK225E    ,OOP,203306,43500.0,            ,138063518,0000000.0000,0000000.0,4535.61,0.243802,148063518,0000000.0000,0000000.0,28060.87,0.341926,68309.46,0.2511,2033-06-01
NK225E    ,OOP,203306,43750.0,            ,188063718,0000000.0000,0000000.0,4595.72,0.243255,198063718,0000000.0000,0000000.0,27896.12,0.340695,68309.46,0.2511,2033-06-01
NK225E    ,OOP,203306,44000.0,            ,138184018,0000000.0000,0000000.0,4656.21,0.242698,148184018,0000000.0000,0000000.0,27731.76,0.339465,68309.46,0.2511,2033-06-01
NK225E    ,OOP,203306,44250.0,            ,188064218,0000000.0000,0000000.0,4718.93,0.242132,198064218,0000000.0000,0000000.0,27569.63,0.338236,68309.46,0.2511,2033-06-01
NK225E    ,OOP,203306,44500.0,            ,188064518,0000000.0000,0000000.0,4782.14,0.241556,198064518,0000000.0000,0000000.0,27407.98,0.337007,68309.46,0.2511,2033-06-01
NK225E    ,OOP,203306,44750.0,            ,188064718,0000000.0000,0000000.0,4845.8,0.240971,198064718,0000000.0000,0000000.0,27246.79,0.3359,68309.46,0.2511,2033-06-01
NK225E    ,OOP,203306,45000.0,            ,138185018,0000000.0000,0000000.0,4909.83,0.240505,148185018,0000000.0000,0000000.0,27085.97,0.334672,68309.46,0.2511,2033-06-01
NK225E    ,OOP,203306,45250.0,            ,188065218,0000000.0000,0000000.0,4976.26,0.240029,198065218,0000000.0000,0000000.0,26927.54,0.333564,68309.46,0.2511,2033-06-01
NK225E    ,OOP,203306,45500.0,            ,188065518,0000000.0000,0000000.0,5043.25,0.239542,198065518,0000000.0000,0000000.0,26769.68,0.332455,68309.46,0.2511,2033-06-01
NK225E    ,OOP,203306,45750.0,            ,188065718,0000000.0000,0000000.0,5110.65,0.239045,198065718,0000000.0000,0000000.0,26612.23,0.331346,68309.46,0.2511,2033-06-01
NK225E    ,OOP,203306,46000.0,            ,138186018,0000000.0000,0000000.0,5178.48,0.238537,148186018,0000000.0000,0000000.0,26455.21,0.330236,68309.46,0.2511,2033-06-01
NK225E    ,OOP,203306,46250.0,            ,188066218,0000000.0000,0000000.0,5248.94,0.238143,198066218,0000000.0000,0000000.0,26300.81,0.329242,68309.46,0.2511,2033-06-01
NK225E    ,OOP,203306,46500.0,            ,188066518,0000000.0000,0000000.0,5319.9,0.237614,198066518,0000000.0000,0000000.0,26146.92,0.328246,68309.46,0.2511,2033-06-01
NK225E    ,OOP,203306,46750.0,            ,188066718,0000000.0000,0000000.0,5391.35,0.237198,198066718,0000000.0000,0000000.0,25993.51,0.327248,68309.46,0.2511,2033-06-01
NK225E    ,OOP,203306,47000.0,            ,138187018,0000000.0000,0000000.0,5463.22,0.236771,148187018,0000000.0000,0000000.0,25840.53,0.326249,68309.46,0.2511,2033-06-01
NK225E    ,OOP,203306,47250.0,            ,188067218,0000000.0000,0000000.0,5537.93,0.236453,198067218,0000000.0000,0000000.0,25690.39,0.325247,68309.46,0.2511,2033-06-01
NK225E    ,OOP,203306,47500.0,            ,188067518,0000000.0000,0000000.0,5613.11,0.236003,198067518,0000000.0000,0000000.0,25540.72,0.324357,68309.46,0.2511,2033-06-01
NK225E    ,OOP,203306,47750.0,            ,188067718,0000000.0000,0000000.0,5688.79,0.235662,198067718,0000000.0000,0000000.0,25391.54,0.323351,68309.46,0.2511,2033-06-01
NK225E    ,OOP,203306,48000.0,            ,138188018,0000000.0000,0000000.0,5764.93,0.235308,148188018,0000000.0000,0000000.0,25242.83,0.322456,68309.46,0.2511,2033-06-01
NK225E    ,OOP,203306,48250.0,            ,188068218,0000000.0000,0000000.0,5844.01,0.234942,198068218,0000000.0000,0000000.0,25097.06,0.321669,68309.46,0.2511,2033-06-01
NK225E    ,OOP,203306,48500.0,            ,188068518,0000000.0000,0000000.0,5923.58,0.234565,198068518,0000000.0000,0000000.0,24951.78,0.320767,68309.46,0.2511,2033-06-01
NK225E    ,OOP,203306,48750.0,            ,188068718,0000000.0000,0000000.0,6003.69,0.234292,198068718,0000000.0000,0000000.0,24807.03,0.319973,68309.46,0.2511,2033-06-01
NK225E    ,OOP,203306,49000.0,            ,138189018,0000000.0000,0000000.0,6084.33,0.233892,148189018,0000000.0000,0000000.0,24662.82,0.319064,68309.46,0.2511,2033-06-01
NK225E    ,OOP,203306,49250.0,            ,188069218,0000000.0000,0000000.0,6167.82,0.233595,198069218,0000000.0000,0000000.0,24521.46,0.318263,68309.46,0.2511,2033-06-01
NK225E    ,OOP,203306,49500.0,            ,188069518,0000000.0000,0000000.0,6251.93,0.233398,198069518,0000000.0000,0000000.0,24380.71,0.317566,68309.46,0.2511,2033-06-01
NK225E    ,OOP,203306,49750.0,            ,188069718,0000000.0000,0000000.0,6336.55,0.233076,198069718,0000000.0000,0000000.0,24240.47,0.316756,68309.46,0.2511,2033-06-01
NK225E    ,OOP,203306,50000.0,            ,138180018,0000000.0000,0000000.0,6421.77,0.232853,148180018,0000000.0000,0000000.0,24100.85,0.31605,68309.46,0.2511,2033-06-01
NK225E    ,OOP,203306,50250.0,            ,188060218,0000000.0000,0000000.0,6509.81,0.232618,198060218,0000000.0000,0000000.0,23964.03,0.31534,68309.46,0.2511,2033-06-01
NK225E    ,OOP,203306,50500.0,            ,188060518,0000000.0000,0000000.0,6598.47,0.23237,198060518,0000000.0000,0000000.0,23827.84,0.314624,68309.46,0.2511,2033-06-01
NK225E    ,OOP,203306,50750.0,            ,188060718,0000000.0000,0000000.0,6687.68,0.23211,198060718,0000000.0000,0000000.0,23692.19,0.313904,68309.46,0.2511,2033-06-01
NK225E    ,OOP,203306,51000.0,            ,138181018,0000000.0000,0000000.0,6777.51,0.231837,148181018,0000000.0000,0000000.0,23557.17,0.313286,68309.46,0.2511,2033-06-01
NK225E    ,OOP,203306,51250.0,            ,188061218,0000000.0000,0000000.0,6870.09,0.23166,198061218,0000000.0000,0000000.0,23424.9,0.312556,68309.46,0.2511,2033-06-01
NK225E    ,OOP,203306,51500.0,            ,188061518,0000000.0000,0000000.0,6963.33,0.231471,198061518,0000000.0000,0000000.0,23293.28,0.312031,68309.46,0.2511,2033-06-01
NK225E    ,OOP,203306,51750.0,            ,188061718,0000000.0000,0000000.0,7057.17,0.231375,198061718,0000000.0000,0000000.0,23162.27,0.311396,68309.46,0.2511,2033-06-01
NK225E    ,OOP,203306,52000.0,            ,138182018,0000000.0000,0000000.0,7151.62,0.231159,148182018,0000000.0000,0000000.0,23031.86,0.310756,68309.46,0.2511,2033-06-01
NK225E    ,OOP,203306,52250.0,            ,188062218,0000000.0000,0000000.0,7248.69,0.231036,198062218,0000000.0000,0000000.0,22904.08,0.310214,68309.46,0.2511,2033-06-01
NK225E    ,OOP,203306,52500.0,            ,188062518,0000000.0000,0000000.0,7346.43,0.230901,198062518,0000000.0000,0000000.0,22776.97,0.309665,68309.46,0.2511,2033-06-01
NK225E    ,OOP,203306,52750.0,            ,188062718,0000000.0000,0000000.0,7444.8,0.230752,198062718,0000000.0000,0000000.0,22650.49,0.309111,68309.46,0.2511,2033-06-01
NK225E    ,OOP,203306,53000.0,            ,188183018,0000000.0000,0000000.0,7543.79,0.23059,198183018,0000000.0000,0000000.0,22524.62,0.30855,68309.46,0.2511,2033-06-01
NK225E    ,OOP,203306,53250.0,            ,188063218,0000000.0000,0000000.0,7645.31,0.230416,198063218,0000000.0000,0000000.0,22401.29,0.308086,68309.46,0.2511,2033-06-01
NK225E    ,OOP,203306,53500.0,            ,188063518,0000000.0000,0000000.0,7747.47,0.230332,198063518,0000000.0000,0000000.0,22278.6,0.307614,68309.46,0.2511,2033-06-01
NK225E    ,OOP,203306,53750.0,            ,138183718,0000000.0000,0000000.0,7850.27,0.230234,148183718,0000000.0000,0000000.0,22156.55,0.307136,68309.46,0.2511,2033-06-01
NK225E    ,OOP,203306,54000.0,            ,188184018,0000000.0000,0000000.0,7953.7,0.230124,198184018,0000000.0000,0000000.0,22035.12,0.306652,68309.46,0.2511,2033-06-01
NK225E    ,OOP,203306,54250.0,            ,138184218,0000000.0000,0000000.0,8059.42,0.230101,148184218,0000000.0000,0000000.0,21915.99,0.306162,68309.46,0.2511,2033-06-01
NK225E    ,OOP,203306,54500.0,            ,138184518,0000000.0000,0000000.0,8165.83,0.229965,148184518,0000000.0000,0000000.0,21797.55,0.305764,68309.46,0.2511,2033-06-01
NK225E    ,OOP,203306,54750.0,            ,138184718,0000000.0000,0000000.0,8272.89,0.229916,148184718,0000000.0000,0000000.0,21679.75,0.305359,68309.46,0.2511,2033-06-01
NK225E    ,OOP,203306,55000.0,            ,188185018,0000000.0000,0000000.0,8380.59,0.229854,198185018,0000000.0000,0000000.0,21562.59,0.30485,68309.46,0.2511,2033-06-01
NK225E    ,OOP,203306,55250.0,            ,138185218,0000000.0000,0000000.0,8490.35,0.229779,148185218,0000000.0000,0000000.0,21447.51,0.30453,68309.46,0.2511,2033-06-01
NK225E    ,OOP,203306,55500.0,            ,138185518,0000000.0000,0000000.0,8600.77,0.229789,148185518,0000000.0000,0000000.0,21333.07,0.304105,68309.46,0.2511,2033-06-01
NK225E    ,OOP,203306,55750.0,            ,138185718,0000000.0000,0000000.0,8711.83,0.229689,148185718,0000000.0000,0000000.0,21219.28,0.303771,68309.46,0.2511,2033-06-01
NK225E    ,OOP,203306,56000.0,            ,188186018,0000000.0000,0000000.0,8823.59,0.229674,198186018,0000000.0000,0000000.0,21106.19,0.303429,68309.46,0.2511,2033-06-01
NK225E    ,OOP,203306,56250.0,            ,138186218,0000000.0000,0000000.0,8937.09,0.229645,148186218,0000000.0000,0000000.0,20994.83,0.30308,68309.46,0.2511,2033-06-01
NK225E    ,OOP,203306,56500.0,            ,138186518,0000000.0000,0000000.0,9051.28,0.229605,148186518,0000000.0000,0000000.0,20884.17,0.302725,68309.46,0.2511,2033-06-01
NK225E    ,OOP,203306,56750.0,            ,138186718,0000000.0000,0000000.0,9166.12,0.229552,148186718,0000000.0000,0000000.0,20774.16,0.302362,68309.46,0.2511,2033-06-01
NK225E    ,OOP,203306,57000.0,            ,188187018,0000000.0000,0000000.0,9281.6,0.229581,198187018,0000000.0000,0000000.0,20664.78,0.302088,68309.46,0.2511,2033-06-01
NK225E    ,OOP,203306,57250.0,            ,138187218,0000000.0000,0000000.0,9398.57,0.229598,148187218,0000000.0000,0000000.0,20556.9,0.301711,68309.46,0.2511,2033-06-01
NK225E    ,OOP,203306,57500.0,            ,138187518,0000000.0000,0000000.0,9516.23,0.229508,148187518,0000000.0000,0000000.0,20449.71,0.301423,68309.46,0.2511,2033-06-01
NK225E    ,OOP,203306,57750.0,            ,138187718,0000000.0000,0000000.0,9634.49,0.2295,148187718,0000000.0000,0000000.0,20343.11,0.301127,68309.46,0.2511,2033-06-01
NK225E    ,OOP,203306,58000.0,            ,188188018,0000000.0000,0000000.0,9753.43,0.229574,198188018,0000000.0000,0000000.0,20237.19,0.300823,68309.46,0.2511,2033-06-01
NK225E    ,OOP,203306,58250.0,            ,138188218,0000000.0000,0000000.0,9873.49,0.229541,148188218,0000000.0000,0000000.0,20132.4,0.300607,68309.46,0.2511,2033-06-01
NK225E    ,OOP,203306,58500.0,            ,138188518,0000000.0000,0000000.0,9994.23,0.229498,148188518,0000000.0000,0000000.0,20028.3,0.300289,68309.46,0.2511,2033-06-01
NK225E    ,OOP,203306,58750.0,            ,138188718,0000000.0000,0000000.0,10115.56,0.229534,148188718,0000000.0000,0000000.0,19924.77,0.300058,68309.46,0.2511,2033-06-01
NK225E    ,OOP,203306,59000.0,            ,188189018,0000000.0000,0000000.0,10237.56,0.229559,198189018,0000000.0000,0000000.0,19821.92,0.299819,68309.46,0.2511,2033-06-01
NK225E    ,OOP,203306,59250.0,            ,138189218,0000000.0000,0000000.0,10360.36,0.229571,148189218,0000000.0000,0000000.0,19719.86,0.299573,68309.46,0.2511,2033-06-01
NK225E    ,OOP,203306,59500.0,            ,138189518,0000000.0000,0000000.0,10483.77,0.229572,148189518,0000000.0000,0000000.0,19618.42,0.29932,68309.46,0.2511,2033-06-01
NK225E    ,OOP,203306,59750.0,            ,138189718,0000000.0000,0000000.0,10607.81,0.229562,148189718,0000000.0000,0000000.0,19517.6,0.299059,68309.46,0.2511,2033-06-01
NK225E    ,OOP,203306,60000.0,            ,188180018,0000000.0000,0000000.0,10732.46,0.22954,198180018,0000000.0000,0000000.0,19417.4,0.298791,68309.46,0.2511,2033-06-01
NK225E    ,OOP,203306,60250.0,            ,138180218,0000000.0000,0000000.0,10857.55,0.229507,148180218,0000000.0000,0000000.0,19317.64,0.298608,68309.46,0.2511,2033-06-01
NK225E    ,OOP,203306,60500.0,            ,138180518,0000000.0000,0000000.0,10983.26,0.229553,148180518,0000000.0000,0000000.0,19218.49,0.298326,68309.46,0.2511,2033-06-01
NK225E    ,OOP,203306,60750.0,            ,138180718,0000000.0000,0000000.0,11109.56,0.229587,148180718,0000000.0000,0000000.0,19119.94,0.298128,68309.46,0.2511,2033-06-01
NK225E    ,OOP,203306,61000.0,            ,188181018,0000000.0000,0000000.0,11236.47,0.229521,198181018,0000000.0000,0000000.0,19022.0,0.297923,68309.46,0.2511,2033-06-01
NK225E    ,OOP,203306,61250.0,            ,138181218,0000000.0000,0000000.0,11363.41,0.229533,148181218,0000000.0000,0000000.0,18924.08,0.297621,68309.46,0.2511,2033-06-01
NK225E    ,OOP,203306,61500.0,            ,138181518,0000000.0000,0000000.0,11491.0,0.229534,148181518,0000000.0000,0000000.0,18826.82,0.297402,68309.46,0.2511,2033-06-01
NK225E    ,OOP,203306,61750.0,            ,138181718,0000000.0000,0000000.0,11619.11,0.229525,148181718,0000000.0000,0000000.0,18730.08,0.297176,68309.46,0.2511,2033-06-01
NK225E    ,OOP,203306,62000.0,            ,188182018,0000000.0000,0000000.0,11747.87,0.229505,198182018,0000000.0000,0000000.0,18633.99,0.296943,68309.46,0.2511,2033-06-01
NK225E    ,OOP,203306,62250.0,            ,138182218,0000000.0000,0000000.0,11876.24,0.229474,148182218,0000000.0000,0000000.0,18537.5,0.296792,68309.46,0.2511,2033-06-01
NK225E    ,OOP,203306,62500.0,            ,138182518,0000000.0000,0000000.0,12005.18,0.229434,148182518,0000000.0000,0000000.0,18441.59,0.296545,68309.46,0.2511,2033-06-01
NK225E    ,OOP,203306,62750.0,            ,138182718,0000000.0000,0000000.0,12134.69,0.229469,148182718,0000000.0000,0000000.0,18346.24,0.296291,68309.46,0.2511,2033-06-01
NK225E    ,OOP,203306,63000.0,            ,138303018,0000000.0000,0000000.0,12264.76,0.229408,148303018,0000000.0000,0000000.0,18251.46,0.296031,68309.46,0.2511,2033-06-01
NK225E    ,OOP,203306,63250.0,            ,138183218,0000000.0000,0000000.0,12394.07,0.229337,148183218,0000000.0000,0000000.0,18155.92,0.295853,68309.46,0.2511,2033-06-01
NK225E    ,OOP,203306,63500.0,            ,138183518,0000000.0000,0000000.0,12523.98,0.229256,148183518,0000000.0000,0000000.0,18060.98,0.295579,68309.46,0.2511,2033-06-01
NK225E    ,OOP,203306,63750.0,            ,188183718,0000000.0000,0000000.0,12654.39,0.229251,198183718,0000000.0000,0000000.0,17966.53,0.295387,68309.46,0.2511,2033-06-01
NK225E    ,OOP,203306,64000.0,            ,138304018,0000000.0000,0000000.0,12785.4,0.229236,148304018,0000000.0000,0000000.0,17872.69,0.295101,68309.46,0.2511,2033-06-01
NK225E    ,OOP,203306,64250.0,            ,188184218,0000000.0000,0000000.0,12915.2,0.229127,198184218,0000000.0000,0000000.0,17777.64,0.294808,68309.46,0.2511,2033-06-01
NK225E    ,OOP,203306,64500.0,            ,188184518,0000000.0000,0000000.0,13045.59,0.229008,198184518,0000000.0000,0000000.0,17683.17,0.294597,68309.46,0.2511,2033-06-01
NK225E    ,OOP,203306,64750.0,            ,188184718,0000000.0000,0000000.0,13176.51,0.228964,198184718,0000000.0000,0000000.0,17589.24,0.294378,68309.46,0.2511,2033-06-01
NK225E    ,OOP,203306,65000.0,            ,138305018,0000000.0000,0000000.0,13307.95,0.228912,148305018,0000000.0000,0000000.0,17495.83,0.294067,68309.46,0.2511,2033-06-01
NK225E    ,OOP,203306,65250.0,            ,188185218,0000000.0000,0000000.0,13437.79,0.228765,198185218,0000000.0000,0000000.0,17400.81,0.293836,68309.46,0.2511,2033-06-01
NK225E    ,OOP,203306,65500.0,            ,188185518,0000000.0000,0000000.0,13568.2,0.22861,198185518,0000000.0000,0000000.0,17306.37,0.293513,68309.46,0.2511,2033-06-01
NK225E    ,OOP,203306,65750.0,            ,188185718,0000000.0000,0000000.0,13699.11,0.22853,198185718,0000000.0000,0000000.0,17212.43,0.293269,68309.46,0.2511,2033-06-01
NK225E    ,OOP,203306,66000.0,            ,138306018,0000000.0000,0000000.0,13830.54,0.228441,148306018,0000000.0000,0000000.0,17119.0,0.292934,68309.46,0.2511,2033-06-01
NK225E    ,OOP,203306,66250.0,            ,188186218,0000000.0000,0000000.0,13960.07,0.228259,198186218,0000000.0000,0000000.0,17023.68,0.292679,68309.46,0.2511,2033-06-01
NK225E    ,OOP,203306,66500.0,            ,188186518,0000000.0000,0000000.0,14090.1,0.22807,198186518,0000000.0000,0000000.0,16928.86,0.292332,68309.46,0.2511,2033-06-01
NK225E    ,OOP,203306,66750.0,            ,188186718,0000000.0000,0000000.0,14220.61,0.227954,198186718,0000000.0000,0000000.0,16834.52,0.292064,68309.46,0.2511,2033-06-01
NK225E    ,OOP,203306,67000.0,            ,138307018,0000000.0000,0000000.0,14351.61,0.227748,148307018,0000000.0000,0000000.0,16740.66,0.291706,68309.46,0.2511,2033-06-01
NK225E    ,OOP,203306,67250.0,            ,188187218,0000000.0000,0000000.0,14480.32,0.227533,198187218,0000000.0000,0000000.0,16644.52,0.291342,68309.46,0.2511,2033-06-01
NK225E    ,OOP,203306,67500.0,            ,188187518,0000000.0000,0000000.0,14609.56,0.227311,198187518,0000000.0000,0000000.0,16548.9,0.291058,68309.46,0.2511,2033-06-01
NK225E    ,OOP,203306,67750.0,            ,188187718,0000000.0000,0000000.0,14739.2,0.227162,198187718,0000000.0000,0000000.0,16453.69,0.290683,68309.46,0.2511,2033-06-01
NK225E    ,OOP,203306,68000.0,            ,138308018,0000000.0000,0000000.0,14869.37,0.226923,148308018,0000000.0000,0000000.0,16359.01,0.290302,68309.46,0.2511,2033-06-01
NK225E    ,OOP,203306,68250.0,            ,188188218,0000000.0000,0000000.0,14996.97,0.226676,198188218,0000000.0000,0000000.0,16261.75,0.289917,68309.46,0.2511,2033-06-01
NK225E    ,OOP,203306,68500.0,            ,188188518,0000000.0000,0000000.0,15125.01,0.226422,198188518,0000000.0000,0000000.0,16164.94,0.289526,68309.46,0.2511,2033-06-01
NK225E    ,OOP,203306,68750.0,            ,188188718,0000000.0000,0000000.0,15253.5,0.22616,198188718,0000000.0000,0000000.0,16068.58,0.28913,68309.46,0.2511,2033-06-01
NK225E    ,OOP,203306,69000.0,            ,138309018,0000000.0000,0000000.0,15382.44,0.22589,148309018,0000000.0000,0000000.0,15972.67,0.288728,68309.46,0.2511,2033-06-01
NK225E    ,OOP,203306,69250.0,            ,188189218,0000000.0000,0000000.0,15508.52,0.225612,198189218,0000000.0000,0000000.0,15873.89,0.288322,68309.46,0.2511,2033-06-01
NK225E    ,OOP,203306,69500.0,            ,188189518,0000000.0000,0000000.0,15635.08,0.225247,198189518,0000000.0000,0000000.0,15775.6,0.28791,68309.46,0.2511,2033-06-01
NK225E    ,OOP,203306,69750.0,            ,188189718,0000000.0000,0000000.0,15762.02,0.224954,198189718,0000000.0000,0000000.0,15677.68,0.28741,68309.46,0.2511,2033-06-01
NK225E    ,OOP,203306,70000.0,            ,138300018,0000000.0000,0000000.0,15889.44,0.224654,148300018,0000000.0000,0000000.0,15580.25,0.286988,68309.46,0.2511,2033-06-01
NK225E    ,OOP,203306,70250.0,            ,188180218,0000000.0000,0000000.0,16013.71,0.224267,198180218,0000000.0000,0000000.0,15479.67,0.286479,68309.46,0.2511,2033-06-01
NK225E    ,OOP,203306,70500.0,            ,188180518,0000000.0000,0000000.0,16138.45,0.223872,198180518,0000000.0000,0000000.0,15379.56,0.286047,68309.46,0.2511,2033-06-01
NK225E    ,OOP,203306,70750.0,            ,188180718,0000000.0000,0000000.0,16263.61,0.223551,198180718,0000000.0000,0000000.0,15279.86,0.285528,68309.46,0.2511,2033-06-01
NK225E    ,OOP,203306,71000.0,            ,138301018,0000000.0000,0000000.0,16389.18,0.223142,148301018,0000000.0000,0000000.0,15180.58,0.285086,68309.46,0.2511,2033-06-01
NK225E    ,OOP,203306,71250.0,            ,188181218,0000000.0000,0000000.0,16511.43,0.222726,198181218,0000000.0000,0000000.0,15077.98,0.284476,68309.46,0.2511,2033-06-01
NK225E    ,OOP,203306,71500.0,            ,188181518,0000000.0000,0000000.0,16634.14,0.222304,198181518,0000000.0000,0000000.0,14975.83,0.283943,68309.46,0.2511,2033-06-01
NK225E    ,OOP,203306,71750.0,            ,188181718,0000000.0000,0000000.0,16757.25,0.221874,198181718,0000000.0000,0000000.0,14874.09,0.283405,68309.46,0.2511,2033-06-01
NK225E    ,OOP,203306,72000.0,            ,138302018,0000000.0000,0000000.0,16880.75,0.221438,148302018,0000000.0000,0000000.0,14772.74,0.282863,68309.46,0.2511,2033-06-01
NK225E    ,OOP,203306,72250.0,            ,188182218,0000000.0000,0000000.0,17000.84,0.220915,198182218,0000000.0000,0000000.0,14667.97,0.282235,68309.46,0.2511,2033-06-01
NK225E    ,OOP,203306,72500.0,            ,188182518,0000000.0000,0000000.0,17121.31,0.220386,198182518,0000000.0000,0000000.0,14563.59,0.281684,68309.46,0.2511,2033-06-01
NK225E    ,OOP,203306,72750.0,            ,188182718,0000000.0000,0000000.0,17242.16,0.21993,198182718,0000000.0000,0000000.0,14459.59,0.281047,68309.46,0.2511,2033-06-01
NK225E    ,OOP,203306,73000.0,            ,188303018,0000000.0000,0000000.0,17363.4,0.219387,198303018,0000000.0000,0000000.0,14355.97,0.280487,68309.46,0.2511,2033-06-01
NK225E    ,OOP,203306,73250.0,            ,188183218,0000000.0000,0000000.0,17481.19,0.218838,198183218,0000000.0000,0000000.0,14248.91,0.279842,68309.46,0.2511,2033-06-01
NK225E    ,OOP,203306,73500.0,            ,188183518,0000000.0000,0000000.0,17599.35,0.218283,198183518,0000000.0000,0000000.0,14142.21,0.279112,68309.46,0.2511,2033-06-01
NK225E    ,OOP,203306,73750.0,            ,138303718,0000000.0000,0000000.0,17717.88,0.217721,148303718,0000000.0000,0000000.0,14035.89,0.278458,68309.46,0.2511,2033-06-01
NK225E    ,OOP,203306,74000.0,            ,188304018,0000000.0000,0000000.0,17836.78,0.217152,198304018,0000000.0000,0000000.0,13929.94,0.2778,68309.46,0.2511,2033-06-01
NK225E    ,OOP,203306,74250.0,            ,138304218,0000000.0000,0000000.0,17952.21,0.216499,148304218,0000000.0000,0000000.0,13820.51,0.277138,68309.46,0.2511,2033-06-01
NK225E    ,OOP,203306,74500.0,            ,138304518,0000000.0000,0000000.0,18067.99,0.215839,148304518,0000000.0000,0000000.0,13711.45,0.276392,68309.46,0.2511,2033-06-01
NK225E    ,OOP,203306,74750.0,            ,138304718,0000000.0000,0000000.0,18184.15,0.215173,148304718,0000000.0000,0000000.0,13602.75,0.275641,68309.46,0.2511,2033-06-01
NK225E    ,OOP,203306,75000.0,            ,188305018,0000000.0000,0000000.0,18300.73,0.214578,198305018,0000000.0000,0000000.0,13494.48,0.274967,68309.46,0.2511,2033-06-01
NK225E    ,OOP,203306,75250.0,            ,138305218,0000000.0000,0000000.0,18413.87,0.213899,148305218,0000000.0000,0000000.0,13382.76,0.274208,68309.46,0.2511,2033-06-01
NK225E    ,OOP,203306,75500.0,            ,138305518,0000000.0000,0000000.0,18527.36,0.213213,148305518,0000000.0000,0000000.0,13271.4,0.273446,68309.46,0.2511,2033-06-01
NK225E    ,OOP,203306,75750.0,            ,138305718,0000000.0000,0000000.0,18641.22,0.212443,148305718,0000000.0000,0000000.0,13160.41,0.272599,68309.46,0.2511,2033-06-01
NK225E    ,OOP,203306,76000.0,            ,188306018,0000000.0000,0000000.0,18755.51,0.211744,198306018,0000000.0000,0000000.0,13049.84,0.271829,68309.46,0.2511,2033-06-01
NK225E    ,OOP,203306,76250.0,            ,138306218,0000000.0000,0000000.0,18861.79,0.210961,148306218,0000000.0000,0000000.0,12931.27,0.270975,68309.46,0.2511,2033-06-01
NK225E    ,OOP,203306,80000.0,            ,188300018,0000000.0000,0000000.0,20499.37,0.198177,198300018,0000000.0000,0000000.0,11196.05,0.257453,68309.46,0.2511,2033-06-01
NK225E    ,OOP,203312,35000.0,            ,138125018,0000000.0000,0000000.0,2952.35,0.262731,148125018,0000000.0000,0000000.0,33980.43,0.395009,68309.46,0.2511,2033-12-01
NK225E    ,OOP,203312,36000.0,            ,138126018,0000000.0000,0000000.0,3134.88,0.25986,148126018,0000000.0000,0000000.0,33270.62,0.387829,68309.46,0.2511,2033-12-01
NK225E    ,OOP,203312,37000.0,            ,138127018,0000000.0000,0000000.0,3322.16,0.257021,148127018,0000000.0000,0000000.0,32565.55,0.380795,68309.46,0.2511,2033-12-01
NK225E    ,OOP,203312,38000.0,            ,138128018,0000000.0000,0000000.0,3515.76,0.254211,148128018,0000000.0000,0000000.0,31866.82,0.374172,68309.46,0.2511,2033-12-01
NK225E    ,OOP,203312,39000.0,            ,138129018,0000000.0000,0000000.0,3717.4,0.251428,148129018,0000000.0000,0000000.0,31176.12,0.367794,68309.46,0.2511,2033-12-01
NK225E    ,OOP,203312,40000.0,            ,138120018,0000000.0000,0000000.0,3928.6,0.248817,148120018,0000000.0000,0000000.0,30494.99,0.361776,68309.46,0.2511,2033-12-01
NK225E    ,OOP,203312,41000.0,            ,138121018,0000000.0000,0000000.0,4150.96,0.246504,148121018,0000000.0000,0000000.0,29825.01,0.356091,68309.46,0.2511,2033-12-01
NK225E    ,OOP,203312,42000.0,            ,138122018,0000000.0000,0000000.0,4385.96,0.24418,148122018,0000000.0000,0000000.0,29167.67,0.350716,68309.46,0.2511,2033-12-01
NK225E    ,OOP,203312,43000.0,            ,138123018,0000000.0000,0000000.0,4634.89,0.242246,148123018,0000000.0000,0000000.0,28524.26,0.345749,68309.46,0.2511,2033-12-01
NK225E    ,OOP,203312,44000.0,            ,138124018,0000000.0000,0000000.0,4899.0,0.240406,148124018,0000000.0000,0000000.0,27896.04,0.341044,68309.46,0.2511,2033-12-01
NK225E    ,OOP,203312,45000.0,            ,188125018,0000000.0000,0000000.0,5179.3,0.238775,198125018,0000000.0000,0000000.0,27283.99,0.336816,68309.46,0.2511,2033-12-01
NK225E    ,OOP,203312,45250.0,            ,138125218,0000000.0000,0000000.0,5252.87,0.238401,148125218,0000000.0000,0000000.0,27134.48,0.335873,68309.46,0.2511,2033-12-01
NK225E    ,OOP,203312,45500.0,            ,138125518,0000000.0000,0000000.0,5326.9,0.238016,148125518,0000000.0000,0000000.0,26985.43,0.334813,68309.46,0.2511,2033-12-01
NK225E    ,OOP,203312,45750.0,            ,138125718,0000000.0000,0000000.0,5401.49,0.237741,148125718,0000000.0000,0000000.0,26836.93,0.333867,68309.46,0.2511,2033-12-01
NK225E    ,OOP,203312,46000.0,            ,188126018,0000000.0000,0000000.0,5476.62,0.237332,198126018,0000000.0000,0000000.0,26688.98,0.332919,68309.46,0.2511,2033-12-01
NK225E    ,OOP,203312,46250.0,            ,138126218,0000000.0000,0000000.0,5554.57,0.237033,148126218,0000000.0000,0000000.0,26543.84,0.33197,68309.46,0.2511,2033-12-01
NK225E    ,OOP,203312,46500.0,            ,138126518,0000000.0000,0000000.0,5633.05,0.236721,148126518,0000000.0000,0000000.0,26399.24,0.331131,68309.46,0.2511,2033-12-01
NK225E    ,OOP,203312,46750.0,            ,138126718,0000000.0000,0000000.0,5712.03,0.236515,148126718,0000000.0000,0000000.0,26255.13,0.330289,68309.46,0.2511,2033-12-01
NK225E    ,OOP,203312,47000.0,            ,188127018,0000000.0000,0000000.0,5791.67,0.236179,198127018,0000000.0000,0000000.0,26111.69,0.329332,68309.46,0.2511,2033-12-01
NK225E    ,OOP,203312,47250.0,            ,138127218,0000000.0000,0000000.0,5874.09,0.235948,148127218,0000000.0000,0000000.0,25971.03,0.328596,68309.46,0.2511,2033-12-01
NK225E    ,OOP,203312,47500.0,            ,138127518,0000000.0000,0000000.0,5957.08,0.235703,148127518,0000000.0000,0000000.0,25830.93,0.327745,68309.46,0.2511,2033-12-01
NK225E    ,OOP,203312,47750.0,            ,138127718,0000000.0000,0000000.0,6040.64,0.235446,148127718,0000000.0000,0000000.0,25691.4,0.326892,68309.46,0.2511,2033-12-01
NK225E    ,OOP,203312,48000.0,            ,188128018,0000000.0000,0000000.0,6124.8,0.235177,198128018,0000000.0000,0000000.0,25552.49,0.326145,68309.46,0.2511,2033-12-01
NK225E    ,OOP,203312,48250.0,            ,138128218,0000000.0000,0000000.0,6211.74,0.235008,148128218,0000000.0000,0000000.0,25416.34,0.325394,68309.46,0.2511,2033-12-01
NK225E    ,OOP,203312,48500.0,            ,138128518,0000000.0000,0000000.0,6299.32,0.234826,148128518,0000000.0000,0000000.0,25280.83,0.324747,68309.46,0.2511,2033-12-01
NK225E    ,OOP,203312,48750.0,            ,138128718,0000000.0000,0000000.0,6387.44,0.234631,148128718,0000000.0000,0000000.0,25145.87,0.323989,68309.46,0.2511,2033-12-01
NK225E    ,OOP,203312,49000.0,            ,188129018,0000000.0000,0000000.0,6476.2,0.234423,198129018,0000000.0000,0000000.0,25011.54,0.323226,68309.46,0.2511,2033-12-01
NK225E    ,OOP,203312,49250.0,            ,138129218,0000000.0000,0000000.0,6567.67,0.234312,148129218,0000000.0000,0000000.0,24879.93,0.322566,68309.46,0.2511,2033-12-01
NK225E    ,OOP,203312,49500.0,            ,138129518,0000000.0000,0000000.0,6659.8,0.234188,148129518,0000000.0000,0000000.0,24748.98,0.322008,68309.46,0.2511,2033-12-01
NK225E    ,OOP,203312,49750.0,            ,138129718,0000000.0000,0000000.0,6752.5,0.233942,148129718,0000000.0000,0000000.0,24618.59,0.321338,68309.46,0.2511,2033-12-01
NK225E    ,OOP,203312,50000.0,            ,188120018,0000000.0000,0000000.0,6845.81,0.233899,198120018,0000000.0000,0000000.0,24488.82,0.320665,68309.46,0.2511,2033-12-01
NK225E    ,OOP,203312,50250.0,            ,138120218,0000000.0000,0000000.0,6941.77,0.233736,148120218,0000000.0000,0000000.0,24361.69,0.320091,68309.46,0.2511,2033-12-01
NK225E    ,OOP,203312,50500.0,            ,138120518,0000000.0000,0000000.0,7038.36,0.233666,148120518,0000000.0000,0000000.0,24235.2,0.319512,68309.46,0.2511,2033-12-01
NK225E    ,OOP,203312,50750.0,            ,138120718,0000000.0000,0000000.0,7135.48,0.233477,148120718,0000000.0000,0000000.0,24109.23,0.318927,68309.46,0.2511,2033-12-01
NK225E    ,OOP,203312,51000.0,            ,188121018,0000000.0000,0000000.0,7233.37,0.23338,198121018,0000000.0000,0000000.0,23984.04,0.318441,68309.46,0.2511,2033-12-01
NK225E    ,OOP,203312,51250.0,            ,138121218,0000000.0000,0000000.0,7333.63,0.233375,148121218,0000000.0000,0000000.0,23861.22,0.317846,68309.46,0.2511,2033-12-01
NK225E    ,OOP,203312,51500.0,            ,138121518,0000000.0000,0000000.0,7434.54,0.233252,148121518,0000000.0000,0000000.0,23739.04,0.317348,68309.46,0.2511,2033-12-01
NK225E    ,OOP,203312,51750.0,            ,138121718,0000000.0000,0000000.0,7536.08,0.233219,148121718,0000000.0000,0000000.0,23617.5,0.316844,68309.46,0.2511,2033-12-01
NK225E    ,OOP,203312,52000.0,            ,188122018,0000000.0000,0000000.0,7638.26,0.233173,198122018,0000000.0000,0000000.0,23496.59,0.316435,68309.46,0.2511,2033-12-01
NK225E    ,OOP,203312,52250.0,            ,138122218,0000000.0000,0000000.0,7742.57,0.233114,148122218,0000000.0000,0000000.0,23377.82,0.31592,68309.46,0.2511,2033-12-01
NK225E    ,OOP,203312,52500.0,            ,138122518,0000000.0000,0000000.0,7847.62,0.233042,148122518,0000000.0000,0000000.0,23259.79,0.315499,68309.46,0.2511,2033-12-01
NK225E    ,OOP,203312,52750.0,            ,138122718,0000000.0000,0000000.0,7953.37,0.233057,148122718,0000000.0000,0000000.0,23142.45,0.315071,68309.46,0.2511,2033-12-01
NK225E    ,OOP,203312,53000.0,            ,188123018,0000000.0000,0000000.0,8059.72,0.23296,198123018,0000000.0000,0000000.0,23025.71,0.314638,68309.46,0.2511,2033-12-01
NK225E    ,OOP,203312,53250.0,            ,138123218,0000000.0000,0000000.0,8167.97,0.232949,148123218,0000000.0000,0000000.0,22910.88,0.314198,68309.46,0.2511,2033-12-01
NK225E    ,OOP,203312,53500.0,            ,138123518,0000000.0000,0000000.0,8276.88,0.232925,148123518,0000000.0000,0000000.0,22796.7,0.313752,68309.46,0.2511,2033-12-01
NK225E    ,OOP,203312,53750.0,            ,138123718,0000000.0000,0000000.0,8386.43,0.232889,148123718,0000000.0000,0000000.0,22683.17,0.313399,68309.46,0.2511,2033-12-01
NK225E    ,OOP,203312,54000.0,            ,188124018,0000000.0000,0000000.0,8496.63,0.232938,198124018,0000000.0000,0000000.0,22570.29,0.313038,68309.46,0.2511,2033-12-01
NK225E    ,OOP,203312,54250.0,            ,138124218,0000000.0000,0000000.0,8608.56,0.232876,148124218,0000000.0000,0000000.0,22459.13,0.312671,68309.46,0.2511,2033-12-01
NK225E    ,OOP,203312,54500.0,            ,138124518,0000000.0000,0000000.0,8721.08,0.232899,148124518,0000000.0000,0000000.0,22348.57,0.312298,68309.46,0.2511,2033-12-01
NK225E    ,OOP,203312,54750.0,            ,138124718,0000000.0000,0000000.0,8834.25,0.232909,148124718,0000000.0000,0000000.0,22238.65,0.311918,68309.46,0.2511,2033-12-01
NK225E    ,OOP,203312,55000.0,            ,138245018,0000000.0000,0000000.0,8948.06,0.232907,148245018,0000000.0000,0000000.0,22129.38,0.311628,68309.46,0.2511,2033-12-01
NK225E    ,OOP,203312,55250.0,            ,188125218,0000000.0000,0000000.0,9063.15,0.232987,198125218,0000000.0000,0000000.0,22021.38,0.311235,68309.46,0.2511,2033-12-01
NK225E    ,OOP,203312,55500.0,            ,188125518,0000000.0000,0000000.0,9178.93,0.23296,198125518,0000000.0000,0000000.0,21914.08,0.310932,68309.46,0.2511,2033-12-01
NK225E    ,OOP,203312,55750.0,            ,188125718,0000000.0000,0000000.0,9295.24,0.233015,198125718,0000000.0000,0000000.0,21807.3,0.310622,68309.46,0.2511,2033-12-01
NK225E    ,OOP,203312,56000.0,            ,138246018,0000000.0000,0000000.0,9412.29,0.232965,148246018,0000000.0000,0000000.0,21701.27,0.310305,68309.46,0.2511,2033-12-01
NK225E    ,OOP,203312,56250.0,            ,188126218,0000000.0000,0000000.0,9530.35,0.232996,198126218,0000000.0000,0000000.0,21596.25,0.310076,68309.46,0.2511,2033-12-01
NK225E    ,OOP,203312,56500.0,            ,188126518,0000000.0000,0000000.0,9648.99,0.233014,198126518,0000000.0000,0000000.0,21491.8,0.309745,68309.46,0.2511,2033-12-01
NK225E    ,OOP,203312,56750.0,            ,188126718,0000000.0000,0000000.0,9768.26,0.233022,198126718,0000000.0000,0000000.0,21387.98,0.309502,68309.46,0.2511,2033-12-01
NK225E    ,OOP,203312,57000.0,            ,138247018,0000000.0000,0000000.0,9888.09,0.233109,148247018,0000000.0000,0000000.0,21284.74,0.309159,68309.46,0.2511,2033-12-01
NK225E    ,OOP,203312,57250.0,            ,188127218,0000000.0000,0000000.0,10008.61,0.233093,198127218,0000000.0000,0000000.0,21182.17,0.308903,68309.46,0.2511,2033-12-01
NK225E    ,OOP,203312,57500.0,            ,188127518,0000000.0000,0000000.0,10129.68,0.233156,198127518,0000000.0000,0000000.0,21080.16,0.308639,68309.46,0.2511,2033-12-01
NK225E    ,OOP,203312,57750.0,            ,188127718,0000000.0000,0000000.0,10251.37,0.233117,198127718,0000000.0000,0000000.0,20978.76,0.308369,68309.46,0.2511,2033-12-01
NK225E    ,OOP,203312,58000.0,            ,138248018,0000000.0000,0000000.0,10373.73,0.233158,148248018,0000000.0000,0000000.0,20878.03,0.308093,68309.46,0.2511,2033-12-01
NK225E    ,OOP,203312,58250.0,            ,188128218,0000000.0000,0000000.0,10496.25,0.233187,198128218,0000000.0000,0000000.0,20777.47,0.30781,68309.46,0.2511,2033-12-01
NK225E    ,OOP,203312,58500.0,            ,188128518,0000000.0000,0000000.0,10619.37,0.233206,198128518,0000000.0000,0000000.0,20677.51,0.307611,68309.46,0.2511,2033-12-01
NK225E    ,OOP,203312,58750.0,            ,188128718,0000000.0000,0000000.0,10743.09,0.233213,198128718,0000000.0000,0000000.0,20578.14,0.307315,68309.46,0.2511,2033-12-01
NK225E    ,OOP,203312,59000.0,            ,138249018,0000000.0000,0000000.0,10867.35,0.233209,148249018,0000000.0000,0000000.0,20479.31,0.307104,68309.46,0.2511,2033-12-01
NK225E    ,OOP,203312,59250.0,            ,188129218,0000000.0000,0000000.0,10991.52,0.233195,198129218,0000000.0000,0000000.0,20380.4,0.306795,68309.46,0.2511,2033-12-01
NK225E    ,OOP,203312,59500.0,            ,188129518,0000000.0000,0000000.0,11116.22,0.233258,198129518,0000000.0000,0000000.0,20282.02,0.30657,68309.46,0.2511,2033-12-01
NK225E    ,OOP,203312,59750.0,            ,188129718,0000000.0000,0000000.0,11241.5,0.233223,198129718,0000000.0000,0000000.0,20184.21,0.306339,68309.46,0.2511,2033-12-01
NK225E    ,OOP,203312,60000.0,            ,138240018,0000000.0000,0000000.0,11367.35,0.233177,148240018,0000000.0000,0000000.0,20086.98,0.306101,68309.46,0.2511,2033-12-01
NK225E    ,OOP,203312,60250.0,            ,188120218,0000000.0000,0000000.0,11492.64,0.233209,198120218,0000000.0000,0000000.0,19989.18,0.305767,68309.46,0.2511,2033-12-01
NK225E    ,OOP,203312,60500.0,            ,188120518,0000000.0000,0000000.0,11618.48,0.233143,198120518,0000000.0000,0000000.0,19891.94,0.305517,68309.46,0.2511,2033-12-01
NK225E    ,OOP,203312,60750.0,            ,188120718,0000000.0000,0000000.0,11744.89,0.233154,198120718,0000000.0000,0000000.0,19795.26,0.305261,68309.46,0.2511,2033-12-01
NK225E    ,OOP,203312,61000.0,            ,138241018,0000000.0000,0000000.0,11871.91,0.233155,148241018,0000000.0000,0000000.0,19699.2,0.304998,68309.46,0.2511,2033-12-01
NK225E    ,OOP,203312,61250.0,            ,188121218,0000000.0000,0000000.0,11997.92,0.233061,198121218,0000000.0000,0000000.0,19602.13,0.304729,68309.46,0.2511,2033-12-01
NK225E    ,OOP,203312,61500.0,            ,188121518,0000000.0000,0000000.0,12124.47,0.233042,198121518,0000000.0000,0000000.0,19505.59,0.304454,68309.46,0.2511,2033-12-01
NK225E    ,OOP,203312,61750.0,            ,188121718,0000000.0000,0000000.0,12251.56,0.233014,198121718,0000000.0000,0000000.0,19409.6,0.304174,68309.46,0.2511,2033-12-01
NK225E    ,OOP,203312,62000.0,            ,138242018,0000000.0000,0000000.0,12379.12,0.232891,148242018,0000000.0000,0000000.0,19314.08,0.303974,68309.46,0.2511,2033-12-01
NK225E    ,OOP,203312,62250.0,            ,188122218,0000000.0000,0000000.0,12505.46,0.232844,198122218,0000000.0000,0000000.0,19217.33,0.303682,68309.46,0.2511,2033-12-01
NK225E    ,OOP,203312,62500.0,            ,188122518,0000000.0000,0000000.0,12632.32,0.232788,198122518,0000000.0000,0000000.0,19121.1,0.303383,68309.46,0.2511,2033-12-01
NK225E    ,OOP,203312,62750.0,            ,188122718,0000000.0000,0000000.0,12759.63,0.232723,198122718,0000000.0000,0000000.0,19025.33,0.303079,68309.46,0.2511,2033-12-01
NK225E    ,OOP,203312,63000.0,            ,138243018,0000000.0000,0000000.0,12887.52,0.232564,148243018,0000000.0000,0000000.0,18930.13,0.302769,68309.46,0.2511,2033-12-01
NK225E    ,OOP,203312,63250.0,            ,188123218,0000000.0000,0000000.0,13013.72,0.232481,198123218,0000000.0000,0000000.0,18833.25,0.302454,68309.46,0.2511,2033-12-01
NK225E    ,OOP,203312,63500.0,            ,188123518,0000000.0000,0000000.0,13140.42,0.232389,198123518,0000000.0000,0000000.0,18736.87,0.302133,68309.46,0.2511,2033-12-01
NK225E    ,OOP,203312,63750.0,            ,188123718,0000000.0000,0000000.0,13267.55,0.232205,198123718,0000000.0000,0000000.0,18640.92,0.301807,68309.46,0.2511,2033-12-01
NK225E    ,OOP,203312,64000.0,            ,138244018,0000000.0000,0000000.0,13395.24,0.232096,148244018,0000000.0000,0000000.0,18545.52,0.301561,68309.46,0.2511,2033-12-01
NK225E    ,OOP,203312,64250.0,            ,188124218,0000000.0000,0000000.0,13521.01,0.231979,198124218,0000000.0000,0000000.0,18448.21,0.301138,68309.46,0.2511,2033-12-01
NK225E    ,OOP,203312,64500.0,            ,188124518,0000000.0000,0000000.0,13647.26,0.23177,198124518,0000000.0000,0000000.0,18351.37,0.300796,68309.46,0.2511,2033-12-01
NK225E    ,OOP,203312,64750.0,            ,188124718,0000000.0000,0000000.0,13773.86,0.231636,198124718,0000000.0000,0000000.0,18254.89,0.300448,68309.46,0.2511,2033-12-01
NK225E    ,OOP,203312,65000.0,            ,188245018,0000000.0000,0000000.0,13901.11,0.231494,198245018,0000000.0000,0000000.0,18159.06,0.30018,68309.46,0.2511,2033-12-01
NK225E    ,OOP,203312,65250.0,            ,138245218,0000000.0000,0000000.0,14025.99,0.231262,148245218,0000000.0000,0000000.0,18060.84,0.299738,68309.46,0.2511,2033-12-01
NK225E    ,OOP,203312,65500.0,            ,138245518,0000000.0000,0000000.0,14151.43,0.231022,148245518,0000000.0000,0000000.0,17963.21,0.299375,68309.46,0.2511,2033-12-01
NK225E    ,OOP,203312,65750.0,            ,138245718,0000000.0000,0000000.0,14277.27,0.230856,148245718,0000000.0000,0000000.0,17865.96,0.299007,68309.46,0.2511,2033-12-01
NK225E    ,OOP,203312,66000.0,            ,188246018,0000000.0000,0000000.0,14403.61,0.230683,198246018,0000000.0000,0000000.0,17769.22,0.298634,68309.46,0.2511,2033-12-01
NK225E    ,OOP,203312,66250.0,            ,138246218,0000000.0000,0000000.0,14527.47,0.23042,148246218,0000000.0000,0000000.0,17669.99,0.298173,68309.46,0.2511,2033-12-01
NK225E    ,OOP,203312,66500.0,            ,138246518,0000000.0000,0000000.0,14651.76,0.230151,148246518,0000000.0000,0000000.0,17571.2,0.29779,68309.46,0.2511,2033-12-01
NK225E    ,OOP,203312,66750.0,            ,138246718,0000000.0000,0000000.0,14776.54,0.229874,148246718,0000000.0000,0000000.0,17472.89,0.297403,68309.46,0.2511,2033-12-01
NK225E    ,OOP,203312,67000.0,            ,188247018,0000000.0000,0000000.0,14901.75,0.229589,198247018,0000000.0000,0000000.0,17375.02,0.296928,68309.46,0.2511,2033-12-01
NK225E    ,OOP,203312,67250.0,            ,138247218,0000000.0000,0000000.0,15024.3,0.229298,148247218,0000000.0000,0000000.0,17274.48,0.296448,68309.46,0.2511,2033-12-01
NK225E    ,OOP,203312,67500.0,            ,138247518,0000000.0000,0000000.0,15147.26,0.229,148247518,0000000.0000,0000000.0,17174.36,0.296047,68309.46,0.2511,2033-12-01
NK225E    ,OOP,203312,67750.0,            ,138247718,0000000.0000,0000000.0,15270.76,0.228695,148247718,0000000.0000,0000000.0,17074.77,0.295558,68309.46,0.2511,2033-12-01
NK225E    ,OOP,203312,68000.0,            ,188248018,0000000.0000,0000000.0,15394.61,0.228382,198248018,0000000.0000,0000000.0,16975.54,0.295148,68309.46,0.2511,2033-12-01
NK225E    ,OOP,203312,68250.0,            ,138248218,0000000.0000,0000000.0,15515.75,0.228063,148248218,0000000.0000,0000000.0,16873.59,0.294568,68309.46,0.2511,2033-12-01
NK225E    ,OOP,203312,68500.0,            ,138248518,0000000.0000,0000000.0,15637.29,0.227658,148248518,0000000.0000,0000000.0,16772.05,0.294067,68309.46,0.2511,2033-12-01
NK225E    ,OOP,203312,68750.0,            ,138248718,0000000.0000,0000000.0,15759.28,0.227326,148248718,0000000.0000,0000000.0,16670.96,0.293561,68309.46,0.2511,2033-12-01
NK225E    ,OOP,203312,69000.0,            ,188249018,0000000.0000,0000000.0,15881.67,0.226986,198249018,0000000.0000,0000000.0,16570.26,0.293133,68309.46,0.2511,2033-12-01
NK225E    ,OOP,203312,69250.0,            ,138249218,0000000.0000,0000000.0,16001.31,0.226562,148249218,0000000.0000,0000000.0,16466.82,0.292538,68309.46,0.2511,2033-12-01
NK225E    ,OOP,203312,69500.0,            ,138249518,0000000.0000,0000000.0,16121.39,0.22613,148249518,0000000.0000,0000000.0,16363.82,0.29202,68309.46,0.2511,2033-12-01
NK225E    ,OOP,203312,69750.0,            ,138249718,0000000.0000,0000000.0,16241.86,0.225693,148249718,0000000.0000,0000000.0,16261.19,0.291498,68309.46,0.2511,2033-12-01
NK225E    ,OOP,203312,70000.0,            ,188240018,0000000.0000,0000000.0,16362.7,0.225328,198240018,0000000.0000,0000000.0,16158.95,0.29089,68309.46,0.2511,2033-12-01
NK225E    ,OOP,203312,70250.0,            ,138240218,0000000.0000,0000000.0,16480.88,0.224878,148240218,0000000.0000,0000000.0,16054.05,0.29036,68309.46,0.2511,2033-12-01
NK225E    ,OOP,203312,70500.0,            ,138240518,0000000.0000,0000000.0,16599.49,0.224422,148240518,0000000.0000,0000000.0,15949.58,0.289745,68309.46,0.2511,2033-12-01
NK225E    ,OOP,203312,70750.0,            ,138240718,0000000.0000,0000000.0,16718.47,0.223959,148240718,0000000.0000,0000000.0,15845.47,0.289127,68309.46,0.2511,2033-12-01
NK225E    ,OOP,203312,71000.0,            ,188241018,0000000.0000,0000000.0,16837.81,0.223491,198241018,0000000.0000,0000000.0,15741.73,0.288585,68309.46,0.2511,2033-12-01
NK225E    ,OOP,203312,71250.0,            ,138241218,0000000.0000,0000000.0,16954.66,0.222938,148241218,0000000.0000,0000000.0,15635.49,0.287959,68309.46,0.2511,2033-12-01
NK225E    ,OOP,203312,71500.0,            ,138241518,0000000.0000,0000000.0,17071.92,0.222458,148241518,0000000.0000,0000000.0,15529.66,0.287329,68309.46,0.2511,2033-12-01
NK225E    ,OOP,203312,71750.0,            ,138241718,0000000.0000,0000000.0,17189.47,0.221971,148241718,0000000.0000,0000000.0,15424.13,0.286696,68309.46,0.2511,2033-12-01
NK225E    ,OOP,203312,72000.0,            ,188242018,0000000.0000,0000000.0,17307.44,0.221401,198242018,0000000.0000,0000000.0,15319.02,0.286058,68309.46,0.2511,2033-12-01
NK225E    ,OOP,203312,72250.0,            ,138242218,0000000.0000,0000000.0,17423.21,0.220902,148242218,0000000.0000,0000000.0,15211.7,0.285418,68309.46,0.2511,2033-12-01
NK225E    ,OOP,203312,72500.0,            ,138242518,0000000.0000,0000000.0,17539.32,0.22032,148242518,0000000.0000,0000000.0,15104.73,0.284694,68309.46,0.2511,2033-12-01
NK225E    ,OOP,203312,72750.0,            ,138242718,0000000.0000,0000000.0,17655.78,0.219809,148242718,0000000.0000,0000000.0,14998.1,0.284046,68309.46,0.2511,2033-12-01
NK225E    ,OOP,203312,73000.0,            ,188243018,0000000.0000,0000000.0,17772.58,0.219216,198243018,0000000.0000,0000000.0,14891.82,0.283394,68309.46,0.2511,2033-12-01
NK225E    ,OOP,203312,73250.0,            ,138243218,0000000.0000,0000000.0,17887.55,0.218616,148243218,0000000.0000,0000000.0,14783.7,0.282739,68309.46,0.2511,2033-12-01
NK225E    ,OOP,203312,73500.0,            ,138243518,0000000.0000,0000000.0,18002.91,0.218011,148243518,0000000.0000,0000000.0,14675.98,0.282001,68309.46,0.2511,2033-12-01
NK225E    ,OOP,203312,73750.0,            ,138243718,0000000.0000,0000000.0,18118.56,0.217477,148243718,0000000.0000,0000000.0,14568.55,0.281339,68309.46,0.2511,2033-12-01
NK225E    ,OOP,203312,74000.0,            ,188244018,0000000.0000,0000000.0,18234.62,0.21686,198244018,0000000.0000,0000000.0,14461.52,0.280673,68309.46,0.2511,2033-12-01
NK225E    ,OOP,203312,74250.0,            ,138244218,0000000.0000,0000000.0,18349.26,0.216237,148244218,0000000.0000,0000000.0,14353.08,0.279924,68309.46,0.2511,2033-12-01
NK225E    ,OOP,203312,74500.0,            ,138244518,0000000.0000,0000000.0,18464.31,0.215608,148244518,0000000.0000,0000000.0,14245.05,0.279251,68309.46,0.2511,2033-12-01
NK225E    ,OOP,203312,74750.0,            ,138244718,0000000.0000,0000000.0,18579.71,0.214974,148244718,0000000.0000,0000000.0,14137.36,0.278496,68309.46,0.2511,2033-12-01
NK225E    ,OOP,203312,75000.0,            ,138365018,0000000.0000,0000000.0,18695.44,0.21441,148365018,0000000.0000,0000000.0,14030.01,0.277816,68309.46,0.2511,2033-12-01
NK225E    ,OOP,203312,75250.0,            ,188245218,0000000.0000,0000000.0,18810.41,0.213763,198245218,0000000.0000,0000000.0,13921.89,0.277054,68309.46,0.2511,2033-12-01
NK225E    ,OOP,203312,75500.0,            ,188245518,0000000.0000,0000000.0,18925.79,0.213111,198245518,0000000.0000,0000000.0,13814.18,0.276366,68309.46,0.2511,2033-12-01
NK225E    ,OOP,203312,75750.0,            ,188245718,0000000.0000,0000000.0,19041.44,0.212453,198245718,0000000.0000,0000000.0,13706.75,0.275597,68309.46,0.2511,2033-12-01
NK225E    ,OOP,203312,76000.0,            ,138366018,0000000.0000,0000000.0,19157.5,0.211789,148366018,0000000.0000,0000000.0,13599.72,0.274902,68309.46,0.2511,2033-12-01
NK225E    ,OOP,203312,76250.0,            ,188246218,0000000.0000,0000000.0,19275.34,0.211195,198246218,0000000.0000,0000000.0,13494.49,0.274203,68309.46,0.2511,2033-12-01
NK225E    ,OOP,203312,80000.0,            ,138360018,0000000.0000,0000000.0,21085.26,0.20176,148360018,0000000.0000,0000000.0,11958.14,0.263883,68309.46,0.2511,2033-12-01
NK225E    ,OOP,203406,49000.0,            ,139069018,0000000.0000,0000000.0,7643.61,0.25166,149069018,0000000.0000,0000000.0,26127.72,0.342699,68309.46,0.2511,2034-06-01
NK225E    ,OOP,203406,50000.0,            ,139060018,0000000.0000,0000000.0,7985.13,0.249979,149060018,0000000.0000,0000000.0,25583.92,0.339163,68309.46,0.2511,2034-06-01
NK225E    ,OOP,203406,51000.0,            ,139061018,0000000.0000,0000000.0,8335.5,0.248273,149061018,0000000.0000,0000000.0,25048.98,0.335804,68309.46,0.2511,2034-06-01
NK225E    ,OOP,203406,52000.0,            ,139062018,0000000.0000,0000000.0,8694.67,0.246741,149062018,0000000.0000,0000000.0,24522.83,0.332512,68309.46,0.2511,2034-06-01
NK225E    ,OOP,203406,53000.0,            ,139063018,0000000.0000,0000000.0,9062.67,0.245179,149063018,0000000.0000,0000000.0,24005.51,0.329383,68309.46,0.2511,2034-06-01
NK225E    ,OOP,203406,54000.0,            ,139064018,0000000.0000,0000000.0,9439.37,0.243684,149064018,0000000.0000,0000000.0,23496.89,0.326407,68309.46,0.2511,2034-06-01
NK225E    ,OOP,203406,55000.0,            ,139065018,0000000.0000,0000000.0,9824.71,0.24216,149065018,0000000.0000,0000000.0,22996.91,0.323482,68309.46,0.2511,2034-06-01
NK225E    ,OOP,203406,56000.0,            ,139066018,0000000.0000,0000000.0,10218.75,0.2407,149066018,0000000.0000,0000000.0,22505.64,0.3207,68309.46,0.2511,2034-06-01
NK225E    ,OOP,203406,57000.0,            ,139067018,0000000.0000,0000000.0,10621.42,0.239301,149067018,0000000.0000,0000000.0,22022.99,0.318053,68309.46,0.2511,2034-06-01
NK225E    ,OOP,203406,57500.0,            ,189067518,0000000.0000,0000000.0,10826.2,0.238645,199067518,0000000.0000,0000000.0,21785.11,0.316755,68309.46,0.2511,2034-06-01
NK225E    ,OOP,203406,57750.0,            ,189067718,0000000.0000,0000000.0,10929.14,0.238306,199067718,0000000.0000,0000000.0,21666.72,0.316147,68309.46,0.2511,2034-06-01
NK225E    ,OOP,203406,58000.0,            ,139068018,0000000.0000,0000000.0,11032.65,0.23796,149068018,0000000.0000,0000000.0,21548.9,0.315444,68309.46,0.2511,2034-06-01
NK225E    ,OOP,203406,58250.0,            ,189068218,0000000.0000,0000000.0,11136.98,0.237606,199068218,0000000.0000,0000000.0,21431.9,0.314829,68309.46,0.2511,2034-06-01
NK225E    ,OOP,203406,58500.0,            ,189068518,0000000.0000,0000000.0,11241.67,0.237245,199068518,0000000.0000,0000000.0,21315.26,0.31421,68309.46,0.2511,2034-06-01
NK225E    ,OOP,203406,58750.0,            ,189068718,0000000.0000,0000000.0,11346.89,0.236964,199068718,0000000.0000,0000000.0,21199.15,0.313588,68309.46,0.2511,2034-06-01
NK225E    ,OOP,203406,59000.0,            ,189069018,0000000.0000,0000000.0,11452.46,0.236589,199069018,0000000.0000,0000000.0,21083.4,0.313051,68309.46,0.2511,2034-06-01
NK225E    ,OOP,203406,59250.0,            ,189069218,0000000.0000,0000000.0,11558.86,0.236292,199069218,0000000.0000,0000000.0,20968.46,0.312422,68309.46,0.2511,2034-06-01
NK225E    ,OOP,203406,59500.0,            ,189069518,0000000.0000,0000000.0,11665.72,0.235903,199069518,0000000.0000,0000000.0,20854.0,0.311789,68309.46,0.2511,2034-06-01
NK225E    ,OOP,203406,59750.0,            ,189069718,0000000.0000,0000000.0,11773.01,0.235592,199069718,0000000.0000,0000000.0,20739.95,0.311241,68309.46,0.2511,2034-06-01
NK225E    ,OOP,203406,60000.0,            ,189060018,0000000.0000,0000000.0,11880.7,0.235274,199060018,0000000.0000,0000000.0,20626.32,0.310601,68309.46,0.2511,2034-06-01
NK225E    ,OOP,203406,60250.0,            ,139060218,0000000.0000,0000000.0,11989.28,0.234948,149060218,0000000.0000,0000000.0,20513.57,0.310046,68309.46,0.2511,2034-06-01
NK225E    ,OOP,203406,60500.0,            ,139060518,0000000.0000,0000000.0,12098.28,0.234616,149060518,0000000.0000,0000000.0,20401.23,0.309487,68309.46,0.2511,2034-06-01
NK225E    ,OOP,203406,60750.0,            ,139060718,0000000.0000,0000000.0,12207.68,0.234276,149060718,0000000.0000,0000000.0,20289.31,0.308924,68309.46,0.2511,2034-06-01
NK225E    ,OOP,203406,61000.0,            ,189061018,0000000.0000,0000000.0,12317.51,0.233929,199061018,0000000.0000,0000000.0,20177.8,0.308357,68309.46,0.2511,2034-06-01
NK225E    ,OOP,203406,61250.0,            ,139061218,0000000.0000,0000000.0,12428.09,0.233659,149061218,0000000.0000,0000000.0,20067.06,0.307786,68309.46,0.2511,2034-06-01
NK225E    ,OOP,203406,61500.0,            ,139061518,0000000.0000,0000000.0,12539.27,0.233299,149061518,0000000.0000,0000000.0,19956.91,0.307212,68309.46,0.2511,2034-06-01
NK225E    ,OOP,203406,61750.0,            ,139061718,0000000.0000,0000000.0,12650.75,0.233014,149061718,0000000.0000,0000000.0,19847.06,0.306634,68309.46,0.2511,2034-06-01
NK225E    ,OOP,203406,62000.0,            ,189062018,0000000.0000,0000000.0,12762.64,0.23264,199062018,0000000.0000,0000000.0,19737.62,0.306138,68309.46,0.2511,2034-06-01
NK225E    ,OOP,203406,62250.0,            ,139062218,0000000.0000,0000000.0,12875.47,0.232341,149062218,0000000.0000,0000000.0,19629.12,0.305553,68309.46,0.2511,2034-06-01
NK225E    ,OOP,203406,62500.0,            ,139062518,0000000.0000,0000000.0,12988.66,0.232036,149062518,0000000.0000,0000000.0,19520.98,0.305049,68309.46,0.2511,2034-06-01
NK225E    ,OOP,203406,62750.0,            ,139062718,0000000.0000,0000000.0,13102.27,0.231723,149062718,0000000.0000,0000000.0,19413.26,0.304541,68309.46,0.2511,2034-06-01
NK225E    ,OOP,203406,63000.0,            ,189063018,0000000.0000,0000000.0,13216.28,0.231404,199063018,0000000.0000,0000000.0,19305.94,0.303945,68309.46,0.2511,2034-06-01
NK225E    ,OOP,203406,63250.0,            ,139063218,0000000.0000,0000000.0,13331.12,0.231077,149063218,0000000.0000,0000000.0,19199.46,0.303429,68309.46,0.2511,2034-06-01
NK225E    ,OOP,203406,63500.0,            ,139063518,0000000.0000,0000000.0,13446.44,0.230826,149063518,0000000.0000,0000000.0,19093.44,0.30291,68309.46,0.2511,2034-06-01
NK225E    ,OOP,203406,63750.0,            ,139063718,0000000.0000,0000000.0,13562.05,0.230485,149063718,0000000.0000,0000000.0,18987.72,0.30247,68309.46,0.2511,2034-06-01
NK225E    ,OOP,203406,64000.0,            ,189064018,0000000.0000,0000000.0,13678.24,0.230219,199064018,0000000.0000,0000000.0,18882.59,0.301943,68309.46,0.2511,2034-06-01
NK225E    ,OOP,203406,64250.0,            ,139064218,0000000.0000,0000000.0,13795.22,0.229866,149064218,0000000.0000,0000000.0,18778.23,0.301412,68309.46,0.2511,2034-06-01
NK225E    ,OOP,203406,64500.0,            ,139064518,0000000.0000,0000000.0,13912.54,0.229586,149064518,0000000.0000,0000000.0,18674.22,0.30096,68309.46,0.2511,2034-06-01
NK225E    ,OOP,203406,64750.0,            ,139064718,0000000.0000,0000000.0,14030.39,0.229299,149064718,0000000.0000,0000000.0,18570.74,0.300421,68309.46,0.2511,2034-06-01
NK225E    ,OOP,203406,65000.0,            ,189065018,0000000.0000,0000000.0,14148.52,0.229006,199065018,0000000.0000,0000000.0,18467.55,0.299961,68309.46,0.2511,2034-06-01
NK225E    ,OOP,203406,65250.0,            ,139065218,0000000.0000,0000000.0,14267.62,0.228706,149065218,0000000.0000,0000000.0,18365.32,0.299497,68309.46,0.2511,2034-06-01
NK225E    ,OOP,203406,65500.0,            ,139065518,0000000.0000,0000000.0,14387.06,0.228398,149065518,0000000.0000,0000000.0,18263.43,0.299029,68309.46,0.2511,2034-06-01
NK225E    ,OOP,203406,65750.0,            ,139065718,0000000.0000,0000000.0,14506.91,0.228085,149065718,0000000.0000,0000000.0,18161.95,0.298474,68309.46,0.2511,2034-06-01
NK225E    ,OOP,203406,66000.0,            ,189066018,0000000.0000,0000000.0,14627.16,0.227764,199066018,0000000.0000,0000000.0,18060.87,0.29808,68309.46,0.2511,2034-06-01
NK225E    ,OOP,203406,66250.0,            ,139066218,0000000.0000,0000000.0,14748.26,0.227516,149066218,0000000.0000,0000000.0,17960.63,0.2976,68309.46,0.2511,2034-06-01
NK225E    ,OOP,203406,66500.0,            ,139066518,0000000.0000,0000000.0,14869.75,0.227183,149066518,0000000.0000,0000000.0,17860.8,0.297116,68309.46,0.2511,2034-06-01
NK225E    ,OOP,203406,66750.0,            ,139066718,0000000.0000,0000000.0,14991.65,0.226921,149066718,0000000.0000,0000000.0,17761.37,0.296628,68309.46,0.2511,2034-06-01
NK225E    ,OOP,203406,67000.0,            ,189067018,0000000.0000,0000000.0,15114.02,0.226653,199067018,0000000.0000,0000000.0,17662.41,0.296217,68309.46,0.2511,2034-06-01
NK225E    ,OOP,203406,67250.0,            ,139067218,0000000.0000,0000000.0,15237.16,0.226378,149067218,0000000.0000,0000000.0,17564.22,0.29572,68309.46,0.2511,2034-06-01
NK225E    ,OOP,203406,67500.0,            ,139067518,0000000.0000,0000000.0,15360.71,0.226097,149067518,0000000.0000,0000000.0,17466.44,0.295301,68309.46,0.2511,2034-06-01
NK225E    ,OOP,203406,67750.0,            ,139067718,0000000.0000,0000000.0,15484.65,0.225808,149067718,0000000.0000,0000000.0,17369.06,0.294878,68309.46,0.2511,2034-06-01
NK225E    ,OOP,203406,68000.0,            ,189068018,0000000.0000,0000000.0,15609.06,0.225514,199068018,0000000.0000,0000000.0,17272.13,0.29445,68309.46,0.2511,2034-06-01
NK225E    ,OOP,203406,68250.0,            ,139068218,0000000.0000,0000000.0,15734.25,0.225212,149068218,0000000.0000,0000000.0,17175.99,0.294018,68309.46,0.2511,2034-06-01
NK225E    ,OOP,203406,68500.0,            ,139068518,0000000.0000,0000000.0,15859.84,0.224905,149068518,0000000.0000,0000000.0,17080.25,0.293582,68309.46,0.2511,2034-06-01
NK225E    ,OOP,203406,68750.0,            ,139068718,0000000.0000,0000000.0,15985.82,0.224668,149068718,0000000.0000,0000000.0,16984.91,0.293142,68309.46,0.2511,2034-06-01
NK225E    ,OOP,203406,69000.0,            ,139189018,0000000.0000,0000000.0,16112.27,0.224347,149189018,0000000.0000,0000000.0,16890.02,0.292698,68309.46,0.2511,2034-06-01
NK225E    ,OOP,203406,69250.0,            ,139069218,0000000.0000,0000000.0,16239.49,0.224097,149069218,0000000.0000,0000000.0,16795.92,0.29233,68309.46,0.2511,2034-06-01
NK225E    ,OOP,203406,69500.0,            ,139069518,0000000.0000,0000000.0,16367.11,0.223841,149069518,0000000.0000,0000000.0,16702.21,0.291877,68309.46,0.2511,2034-06-01
NK225E    ,OOP,203406,69750.0,            ,139069718,0000000.0000,0000000.0,16495.13,0.223578,149069718,0000000.0000,0000000.0,16608.89,0.2915,68309.46,0.2511,2034-06-01
NK225E    ,OOP,203406,70000.0,            ,139180018,0000000.0000,0000000.0,16623.53,0.223308,149180018,0000000.0000,0000000.0,16515.97,0.29104,68309.46,0.2511,2034-06-01
NK225E    ,OOP,203406,70250.0,            ,189060218,0000000.0000,0000000.0,16752.72,0.223032,199060218,0000000.0000,0000000.0,16423.82,0.290655,68309.46,0.2511,2034-06-01
NK225E    ,OOP,203406,70500.0,            ,189060518,0000000.0000,0000000.0,16882.36,0.22275,199060518,0000000.0000,0000000.0,16332.14,0.290265,68309.46,0.2511,2034-06-01
NK225E    ,OOP,203406,70750.0,            ,189060718,0000000.0000,0000000.0,17012.33,0.222461,199060718,0000000.0000,0000000.0,16240.77,0.289871,68309.46,0.2511,2034-06-01
NK225E    ,OOP,203406,71000.0,            ,139181018,0000000.0000,0000000.0,17142.75,0.222166,149181018,0000000.0000,0000000.0,16149.87,0.289473,68309.46,0.2511,2034-06-01
NK225E    ,OOP,203406,71250.0,            ,189061218,0000000.0000,0000000.0,17273.88,0.221941,199061218,0000000.0000,0000000.0,16059.67,0.289071,68309.46,0.2511,2034-06-01
NK225E    ,OOP,203406,71500.0,            ,189061518,0000000.0000,0000000.0,17405.47,0.221633,199061518,0000000.0000,0000000.0,15969.93,0.288743,68309.46,0.2511,2034-06-01
NK225E    ,OOP,203406,71750.0,            ,189061718,0000000.0000,0000000.0,17537.45,0.221395,199061718,0000000.0000,0000000.0,15880.58,0.288333,68309.46,0.2511,2034-06-01
NK225E    ,OOP,203406,72000.0,            ,139182018,0000000.0000,0000000.0,17669.81,0.221151,149182018,0000000.0000,0000000.0,15791.61,0.287996,68309.46,0.2511,2034-06-01
NK225E    ,OOP,203406,72250.0,            ,189062218,0000000.0000,0000000.0,17802.95,0.2209,199062218,0000000.0000,0000000.0,15703.42,0.287578,68309.46,0.2511,2034-06-01
NK225E    ,OOP,203406,72500.0,            ,189062518,0000000.0000,0000000.0,17936.47,0.220643,199062518,0000000.0000,0000000.0,15615.61,0.287233,68309.46,0.2511,2034-06-01
NK225E    ,OOP,203406,72750.0,            ,189062718,0000000.0000,0000000.0,18070.38,0.220379,199062718,0000000.0000,0000000.0,15528.19,0.286884,68309.46,0.2511,2034-06-01
NK225E    ,OOP,203406,73000.0,            ,139183018,0000000.0000,0000000.0,18204.73,0.220109,149183018,0000000.0000,0000000.0,15441.21,0.28653,68309.46,0.2511,2034-06-01
NK225E    ,OOP,203406,73250.0,            ,189063218,0000000.0000,0000000.0,18339.79,0.219834,199063218,0000000.0000,0000000.0,15354.94,0.286172,68309.46,0.2511,2034-06-01
NK225E    ,OOP,203406,73500.0,            ,189063518,0000000.0000,0000000.0,18475.23,0.219552,199063518,0000000.0000,0000000.0,15269.06,0.285811,68309.46,0.2511,2034-06-01
NK225E    ,OOP,203406,73750.0,            ,189063718,0000000.0000,0000000.0,18611.05,0.219338,199063718,0000000.0000,0000000.0,15183.55,0.285445,68309.46,0.2511,2034-06-01
NK225E    ,OOP,203406,74000.0,            ,139184018,0000000.0000,0000000.0,18747.25,0.219044,149184018,0000000.0000,0000000.0,15098.42,0.285074,68309.46,0.2511,2034-06-01
NK225E    ,OOP,203406,74250.0,            ,189064218,0000000.0000,0000000.0,18884.16,0.218818,199064218,0000000.0000,0000000.0,15013.99,0.2847,68309.46,0.2511,2034-06-01
NK225E    ,OOP,203406,74500.0,            ,189064518,0000000.0000,0000000.0,19021.51,0.218586,199064518,0000000.0000,0000000.0,14930.01,0.284399,68309.46,0.2511,2034-06-01
NK225E    ,OOP,203406,74750.0,            ,189064718,0000000.0000,0000000.0,19159.23,0.218348,199064718,0000000.0000,0000000.0,14846.4,0.284016,68309.46,0.2511,2034-06-01
NK225E    ,OOP,203406,75000.0,            ,139185018,0000000.0000,0000000.0,19297.32,0.21803,149185018,0000000.0000,0000000.0,14763.17,0.283706,68309.46,0.2511,2034-06-01
NK225E    ,OOP,203406,75250.0,            ,189065218,0000000.0000,0000000.0,19436.12,0.217854,199065218,0000000.0000,0000000.0,14680.64,0.283392,68309.46,0.2511,2034-06-01
NK225E    ,OOP,203406,75500.0,            ,189065518,0000000.0000,0000000.0,19575.29,0.217597,199065518,0000000.0000,0000000.0,14598.48,0.283073,68309.46,0.2511,2034-06-01
NK225E    ,OOP,203406,75750.0,            ,189065718,0000000.0000,0000000.0,19714.83,0.217335,199065718,0000000.0000,0000000.0,14516.69,0.282751,68309.46,0.2511,2034-06-01
NK225E    ,OOP,203406,76000.0,            ,139186018,0000000.0000,0000000.0,19854.74,0.217067,149186018,0000000.0000,0000000.0,14435.27,0.282424,68309.46,0.2511,2034-06-01
NK225E    ,OOP,203406,76250.0,            ,189066218,0000000.0000,0000000.0,19995.35,0.216792,199066218,0000000.0000,0000000.0,14354.55,0.282093,68309.46,0.2511,2034-06-01
NK225E    ,OOP,203406,77000.0,            ,139187018,0000000.0000,0000000.0,20419.38,0.216081,149187018,0000000.0000,0000000.0,14114.59,0.281151,68309.46,0.2511,2034-06-01
NK225E    ,OOP,203406,78000.0,            ,139188018,0000000.0000,0000000.0,20991.02,0.215147,149188018,0000000.0000,0000000.0,13800.91,0.279888,68309.46,0.2511,2034-06-01
NK225E    ,OOP,203406,79000.0,            ,189189018,0000000.0000,0000000.0,21569.46,0.214119,199189018,0000000.0000,0000000.0,13494.03,0.278709,68309.46,0.2511,2034-06-01
NK225MWE  ,OOP,20261007,60500.0,            ,131410527,0000000.0000,0000000.0,3.96,0.395,141410527,0000000.0000,0000000.0,7822.37,0.706443,68309.46,0.2525,
NK225MWE  ,OOP,20261007,60625.0,            ,131410627,0000000.0000,0000000.0,4.12,0.389358,141410627,0000000.0000,0000000.0,7697.55,0.697026,68309.46,0.2525,
NK225MWE  ,OOP,20261007,60750.0,            ,131410727,0000000.0000,0000000.0,4.29,0.383314,141410727,0000000.0000,0000000.0,7572.74,0.687608,68309.46,0.2525,
NK225MWE  ,OOP,20261007,60875.0,            ,131410827,0000000.0000,0000000.0,4.62,0.377273,141410827,0000000.0000,0000000.0,7448.09,0.678188,68309.46,0.2525,
NK225MWE  ,OOP,20261007,61000.0,            ,131411027,0000000.0000,0000000.0,5.28,0.3804,141411027,0000000.0000,0000000.0,7323.77,0.668766,68309.46,0.2525,
NK225MWE  ,OOP,20261007,61125.0,            ,131411127,0000000.0000,0000000.0,5.46,0.374245,141411127,0000000.0000,0000000.0,7198.97,0.65934,68309.46,0.2525,
NK225MWE  ,OOP,20261007,61250.0,            ,131411227,0000000.0000,0000000.0,5.82,0.368094,141411227,0000000.0000,0000000.0,7074.34,0.649912,68309.46,0.2525,
NK225MWE  ,OOP,20261007,61375.0,            ,131411327,0000000.0000,0000000.0,6.18,0.369551,141411327,0000000.0000,0000000.0,6949.72,0.640479,68309.46,0.2525,
NK225MWE  ,OOP,20261007,61500.0,            ,131411527,0000000.0000,0000000.0,7.24,0.369956,141411527,0000000.0000,0000000.0,6825.8,0.635565,68309.46,0.2525,
NK225MWE  ,OOP,20261007,61625.0,            ,131411627,0000000.0000,0000000.0,8.17,0.363615,141411627,0000000.0000,0000000.0,6701.74,0.626079,68309.46,0.2525,
NK225MWE  ,OOP,20261007,61750.0,            ,131411727,0000000.0000,0000000.0,8.93,0.363126,141411727,0000000.0000,0000000.0,6577.53,0.616586,68309.46,0.2525,
NK225MWE  ,OOP,20261007,61875.0,            ,131411827,0000000.0000,0000000.0,8.41,0.356705,141411827,0000000.0000,0000000.0,6452.03,0.607087,68309.46,0.2525,
NK225MWE  ,OOP,20261007,62000.0,            ,131412027,0000000.0000,0000000.0,9.19,0.350286,141412027,0000000.0000,0000000.0,6327.83,0.597581,68309.46,0.2525,
NK225MWE  ,OOP,20261007,62125.0,            ,131412127,0000000.0000,0000000.0,9.99,0.348999,141412127,0000000.0000,0000000.0,6203.64,0.588067,68309.46,0.2525,
NK225MWE  ,OOP,20261007,62250.0,            ,131412227,0000000.0000,0000000.0,11.0,0.347187,141412227,0000000.0000,0000000.0,6079.67,0.578545,68309.46,0.2525,
NK225MWE  ,OOP,20261007,62375.0,            ,131412327,0000000.0000,0000000.0,11.64,0.340623,141412327,0000000.0000,0000000.0,5955.33,0.569013,68309.46,0.2525,
NK225MWE  ,OOP,20261007,62500.0,            ,131412527,0000000.0000,0000000.0,12.5,0.338299,141412527,0000000.0000,0000000.0,5831.21,0.559472,68309.46,0.2525,
NK225MWE  ,OOP,20261007,62625.0,            ,131412627,0000000.0000,0000000.0,13.58,0.335594,141412627,0000000.0000,0000000.0,5707.3,0.553979,68309.46,0.2525,
NK225MWE  ,OOP,20261007,62750.0,            ,131412727,0000000.0000,0000000.0,15.11,0.332554,141412727,0000000.0000,0000000.0,5583.85,0.544369,68309.46,0.2525,
NK225MWE  ,OOP,20261007,62875.0,            ,131412827,0000000.0000,0000000.0,16.24,0.329218,141412827,0000000.0000,0000000.0,5460.01,0.534746,68309.46,0.2525,
NK225MWE  ,OOP,20261007,63000.0,            ,131413027,0000000.0000,0000000.0,17.63,0.325613,141413027,0000000.0000,0000000.0,5336.41,0.52511,68309.46,0.2525,
NK225MWE  ,OOP,20261007,63125.0,            ,131413127,0000000.0000,0000000.0,19.04,0.324666,141413127,0000000.0000,0000000.0,5212.84,0.519287,68309.46,0.2525,
NK225MWE  ,OOP,20261007,63250.0,            ,131413227,0000000.0000,0000000.0,20.95,0.320442,141413227,0000000.0000,0000000.0,5089.77,0.509574,68309.46,0.2525,
NK225MWE  ,OOP,20261007,63375.0,            ,131413327,0000000.0000,0000000.0,22.67,0.318547,141413327,0000000.0000,0000000.0,4966.51,0.499845,68309.46,0.2525,
NK225MWE  ,OOP,20261007,63500.0,            ,131413527,0000000.0000,0000000.0,24.91,0.316163,141413527,0000000.0000,0000000.0,4843.77,0.493743,68309.46,0.2525,
NK225MWE  ,OOP,20261007,63625.0,            ,131413627,0000000.0000,0000000.0,26.73,0.311186,141413627,0000000.0000,0000000.0,4720.6,0.48393,68309.46,0.2525,
NK225MWE  ,OOP,20261007,63750.0,            ,131413727,0000000.0000,0000000.0,29.81,0.310164,141413727,0000000.0000,0000000.0,4598.71,0.474096,68309.46,0.2525,
NK225MWE  ,OOP,20261007,63875.0,            ,131413827,0000000.0000,0000000.0,31.73,0.304738,141413827,0000000.0000,0000000.0,4475.64,0.46771,68309.46,0.2525,
NK225MWE  ,OOP,20261007,64000.0,            ,131414027,0000000.0000,0000000.0,35.48,0.304556,141414027,0000000.0000,0000000.0,4354.41,0.457784,68309.46,0.2525,
NK225MWE  ,OOP,20261007,64125.0,            ,131414127,0000000.0000,0000000.0,38.81,0.301973,141414127,0000000.0000,0000000.0,4232.76,0.451174,68309.46,0.2525,
NK225MWE  ,OOP,20261007,64250.0,            ,131414227,0000000.0000,0000000.0,42.5,0.298948,141414227,0000000.0000,0000000.0,4111.46,0.444413,68309.46,0.2525,
NK225MWE  ,OOP,20261007,64375.0,            ,131414327,0000000.0000,0000000.0,46.0,0.295528,141414327,0000000.0000,0000000.0,3989.98,0.434314,68309.46,0.2525,
NK225MWE  ,OOP,20261007,64500.0,            ,131414527,0000000.0000,0000000.0,51.54,0.294383,141414527,0000000.0000,0000000.0,3870.55,0.427325,68309.46,0.2525,
NK225MWE  ,OOP,20261007,64625.0,            ,131414627,0000000.0000,0000000.0,55.81,0.290131,141414627,0000000.0000,0000000.0,3749.84,0.420183,68309.46,0.2525,
NK225MWE  ,OOP,20261007,64750.0,            ,131414727,0000000.0000,0000000.0,61.93,0.287902,141414727,0000000.0000,0000000.0,3630.97,0.412889,68309.46,0.2525,
NK225MWE  ,OOP,20261007,64875.0,            ,131414827,0000000.0000,0000000.0,67.62,0.285133,141414827,0000000.0000,0000000.0,3511.68,0.405442,68309.46,0.2525,
NK225MWE  ,OOP,20261007,65000.0,            ,131415027,0000225.0000,0000000.0,75.58,0.283876,141415027,0000000.0000,0000000.0,3394.65,0.397841,68309.46,0.2525,
NK225MWE  ,OOP,20261007,65125.0,            ,131415127,0000000.0000,0000000.0,81.58,0.281004,141415127,0000000.0000,0000000.0,3275.68,0.390086,68309.46,0.2525,
NK225MWE  ,OOP,20261007,65250.0,            ,131415227,0000000.0000,0000000.0,89.92,0.278509,141415227,0000000.0000,0000000.0,3159.04,0.384884,68309.46,0.2525,
NK225MWE  ,OOP,20261007,65375.0,            ,131415327,0000290.0000,0000000.0,100.09,0.277083,141415327,0000000.0000,0000000.0,3044.22,0.379383,68309.46,0.2525,
NK225MWE  ,OOP,20261007,65500.0,            ,131415527,0000000.0000,0000000.0,109.21,0.274204,141415527,0000000.0000,0000000.0,2928.36,0.371034,68309.46,0.2525,
NK225MWE  ,OOP,20261007,65625.0,            ,131415627,0000000.0000,0000000.0,120.89,0.272217,141415627,0000000.0000,0000000.0,2815.06,0.365023,68309.46,0.2525,
NK225MWE  ,OOP,20261007,65750.0,            ,131415727,0000000.0000,0000000.0,132.18,0.269579,141415727,0000000.0000,0000000.0,2701.36,0.358723,68309.46,0.2525,
NK225MWE  ,OOP,20261007,65875.0,            ,131415827,0000000.0000,0000000.0,144.78,0.266982,141415827,0000000.0000,0000000.0,2588.98,0.352136,68309.46,0.2525,
NK225MWE  ,OOP,20261007,66000.0,            ,131416027,0000000.0000,0000000.0,158.73,0.264369,141416027,0000000.0000,0000000.0,2477.95,0.347555,68309.46,0.2525,
NK225MWE  ,OOP,20261007,66125.0,            ,131416127,0000000.0000,0000000.0,179.08,0.264489,141416127,0000000.0000,0000000.0,2373.32,0.344777,68309.46,0.2525,
NK225MWE  ,OOP,20261007,66250.0,            ,131416227,0000000.0000,0000000.0,193.78,0.261039,141416227,0000000.0000,0000000.0,2263.04,0.337163,68309.46,0.2525,
NK225MWE  ,OOP,20261007,66375.0,            ,131416327,0000000.0000,0000000.0,209.91,0.258017,141416327,0000000.0000,0000000.0,2154.19,0.331365,68309.46,0.2525,
NK225MWE  ,OOP,20261007,66500.0,            ,131416527,0000000.0000,0000000.0,232.01,0.256268,141416527,0000000.0000,0000000.0,2051.31,0.32721,68309.46,0.2525,
NK225MWE  ,OOP,20261007,66625.0,            ,131416627,0000000.0000,0000000.0,252.72,0.253743,141416627,0000000.0000,0000000.0,1947.03,0.322551,68309.46,0.2525,
NK225MWE  ,OOP,20261007,66750.0,            ,131416727,0000000.0000,0000000.0,277.72,0.251796,141416727,0000000.0000,0000000.0,1847.06,0.317395,68309.46,0.2525,
NK225MWE  ,OOP,20261007,66875.0,            ,131416827,0000000.0000,0000000.0,303.28,0.249471,141416827,0000000.0000,0000000.0,1747.63,0.313627,68309.46,0.2525,
NK225MWE  ,OOP,20261007,67000.0,            ,131417027,0000000.0000,0000000.0,331.35,0.247163,141417027,0000000.0000,0000000.0,1650.73,0.309276,68309.46,0.2525,
NK225MWE  ,OOP,20261007,67125.0,            ,131417127,0000000.0000,0000000.0,360.02,0.2452,141417127,0000000.0000,0000000.0,1554.41,0.304348,68309.46,0.2525,
NK225MWE  ,OOP,20261007,67250.0,            ,131417227,0000000.0000,0000000.0,395.31,0.243127,141417227,0000000.0000,0000000.0,1464.72,0.300595,68309.46,0.2525,
NK225MWE  ,OOP,20261007,67375.0,            ,131417327,0000000.0000,0000000.0,437.4,0.243757,141417327,0000000.0000,0000000.0,1381.83,0.299612,68309.46,0.2525,
NK225MWE  ,OOP,20261007,67500.0,            ,131417527,0000000.0000,0000000.0,470.06,0.239892,141417527,0000000.0000,0000000.0,1289.5,0.294496,68309.46,0.2525,
NK225MWE  ,OOP,20261007,67625.0,            ,131417627,0000000.0000,0000000.0,513.67,0.238591,141417627,0000000.0000,0000000.0,1208.14,0.29203,68309.46,0.2525,
NK225MWE  ,OOP,20261007,67750.0,            ,131417727,0000000.0000,0000000.0,556.01,0.236331,141417727,0000000.0000,0000000.0,1125.49,0.288804,68309.46,0.2525,
NK225MWE  ,OOP,20261007,67875.0,            ,131417827,0000000.0000,0000000.0,603.28,0.234749,141417827,0000000.0000,0000000.0,1047.79,0.286421,68309.46,0.2525,
NK225MWE  ,OOP,20261007,68000.0,            ,131418027,0000000.0000,0000000.0,655.58,0.232179,141418027,0000000.0000,0000000.0,975.1,0.283236,68309.46,0.2525,
NK225MWE  ,OOP,20261007,68125.0,            ,131418127,0000000.0000,0000000.0,702.4,0.228621,141418127,0000000.0000,0000000.0,896.94,0.279242,68309.46,0.2525,
NK225MWE  ,OOP,20261007,68250.0,            ,131418227,0000000.0000,0000000.0,764.83,0.228761,141418227,0000000.0000,0000000.0,834.39,0.279124,68309.46,0.2525,
NK225MWE  ,OOP,20261007,68375.0,            ,131418327,0000000.0000,0000000.0,823.91,0.226263,141418327,0000000.0000,0000000.0,768.48,0.276564,68309.46,0.2525,
NK225MWE  ,OOP,20261007,68500.0,            ,131418527,0000000.0000,0000000.0,885.98,0.222678,141418527,0000000.0000,0000000.0,705.57,0.273118,68309.46,0.2525,
NK225MWE  ,OOP,20261007,68625.0,            ,131418627,0000000.0000,0000000.0,953.18,0.221121,141418627,0000000.0000,0000000.0,647.79,0.27191,68309.46,0.2525,
NK225MWE  ,OOP,20261007,68750.0,            ,131418727,0000000.0000,0000000.0,1023.38,0.218418,141418727,0000000.0000,0000000.0,593.01,0.269785,68309.46,0.2525,
NK225MWE  ,OOP,20261007,68875.0,            ,131418827,0000000.0000,0000000.0,1094.47,0.214495,141418827,0000000.0000,0000000.0,539.12,0.266709,68309.46,0.2525,
NK225MWE  ,OOP,20261007,69000.0,            ,131419027,0000000.0000,0000000.0,1172.75,0.212612,141419027,0000000.0000,0000000.0,492.42,0.265909,68309.46,0.2525,
NK225MWE  ,OOP,20261007,69125.0,            ,131419127,0000000.0000,0000000.0,1247.72,0.209452,141419127,0000000.0000,0000000.0,442.41,0.264161,68309.46,0.2525,
NK225MWE  ,OOP,20261007,69250.0,            ,131419227,0000000.0000,0000000.0,1336.04,0.206689,141419227,0000000.0000,0000000.0,405.74,0.263126,68309.46,0.2525,
NK225MWE  ,OOP,20261007,69375.0,            ,131419327,0000000.0000,0000000.0,1418.95,0.202467,141419327,0000000.0000,0000000.0,363.67,0.261108,68309.46,0.2525,
NK225MWE  ,OOP,20261007,69500.0,            ,131419527,0000000.0000,0000000.0,1508.84,0.200602,141419527,0000000.0000,0000000.0,328.58,0.261671,68309.46,0.2525,
NK225MWE  ,OOP,20261007,69625.0,            ,131419627,0000000.0000,0000000.0,1599.5,0.19507,141419627,0000000.0000,0000000.0,294.26,0.259454,68309.46,0.2525,
NK225MWE  ,OOP,20261007,69750.0,            ,131419727,0000000.0000,0000000.0,1694.93,0.18972,141419727,0000000.0000,0000000.0,264.71,0.258084,68309.46,0.2525,
NK225MWE  ,OOP,20261007,69875.0,            ,131419827,0000000.0000,0000000.0,1793.04,0.184633,141419827,0000000.0000,0000000.0,237.83,0.257699,68309.46,0.2525,
NK225MWE  ,OOP,20261007,70000.0,            ,131410027,0000000.0000,0000000.0,1892.97,0.179982,141410027,0000000.0000,0000000.0,212.78,0.257187,68309.46,0.2525,
NK225MWE  ,OOP,20261007,70125.0,            ,131410127,0000000.0000,0000000.0,1994.3,0.168961,141410127,0000000.0000,0000000.0,189.14,0.256574,68309.46,0.2525,
NK225MWE  ,OOP,20261007,70250.0,            ,131410227,0000000.0000,0000000.0,2098.9,0.160728,141410227,0000000.0000,0000000.0,168.76,0.25637,68309.46,0.2525,
NK225MWE  ,OOP,20261007,70375.0,            ,131410327,0000000.0000,0000000.0,2204.43,0.138414,141410327,0000000.0000,0000000.0,149.3,0.255691,68309.46,0.2525,
NK225MWE  ,OOP,20261007,70500.0,            ,181410527,0000000.0000,0000000.0,2312.69,0.01,191410527,0000000.0000,0000000.0,132.58,0.255578,68309.46,0.2525,
NK225MWE  ,OOP,20261007,70625.0,            ,181410627,0000000.0000,0000000.0,2421.44,0.01,191410627,0000000.0000,0000000.0,116.35,0.254492,68309.46,0.2525,
NK225MWE  ,OOP,20261007,70750.0,            ,181410727,0000000.0000,0000000.0,2533.13,0.01,191410727,0000000.0000,0000000.0,103.06,0.254743,68309.46,0.2525,
NK225MWE  ,OOP,20261007,70875.0,            ,181410827,0000000.0000,0000000.0,2644.88,0.01,191410827,0000000.0000,0000000.0,89.83,0.25341,68309.46,0.2525,
NK225MWE  ,OOP,20261007,71000.0,            ,181411027,0000000.0000,0000000.0,2759.75,0.01,191411027,0000000.0000,0000000.0,79.71,0.254461,68309.46,0.2525,
NK225MWE  ,OOP,20261007,71125.0,            ,181411127,0000000.0000,0000000.0,2874.6,0.01,191411127,0000000.0000,0000000.0,69.59,0.253952,68309.46,0.2525,
NK225MWE  ,OOP,20261007,71250.0,            ,181411227,0000000.0000,0000000.0,2990.44,0.01,191411227,0000000.0000,0000000.0,60.44,0.253224,68309.46,0.2525,
NK225MWE  ,OOP,20261007,71375.0,            ,181411327,0000000.0000,0000000.0,3108.16,0.01,191411327,0000000.0000,0000000.0,53.18,0.254128,68309.46,0.2525,
NK225MWE  ,OOP,20261007,71500.0,            ,181411527,0000000.0000,0000000.0,3226.12,0.01,191411527,0000000.0000,0000000.0,46.16,0.253244,68309.46,0.2525,
NK225MWE  ,OOP,20261007,71625.0,            ,181411627,0000000.0000,0000000.0,3344.33,0.01,191411627,0000000.0000,0000000.0,39.39,0.253399,68309.46,0.2525,
NK225MWE  ,OOP,20261007,71750.0,            ,181411727,0000000.0000,0000000.0,3464.25,0.01,191411727,0000000.0000,0000000.0,34.33,0.252618,68309.46,0.2525,
NK225MWE  ,OOP,20261007,71875.0,            ,181411827,0000000.0000,0000000.0,3584.92,0.01,191411827,0000000.0000,0000000.0,30.01,0.253359,68309.46,0.2525,
NK225MWE  ,OOP,20261007,72000.0,            ,181412027,0000000.0000,0000000.0,3704.92,0.01,191412027,0000000.0000,0000000.0,25.03,0.251818,68309.46,0.2525,
NK225MWE  ,OOP,20261009,58375.0,            ,181418326,0000009.0000,0000000.0,9.0,0.454787,191418326,0000000.0000,0000000.0,9955.09,0.738931,68309.46,0.2525,
NK225MWE  ,OOP,20261009,58500.0,            ,181418526,0000007.0000,0000000.0,8.96,0.449254,191418526,0000000.0000,0000000.0,9829.63,0.730886,68309.46,0.2525,
NK225MWE  ,OOP,20261009,58625.0,            ,181418626,0000014.0000,0000000.0,8.53,0.443726,191418626,0000000.0000,0000000.0,9705.13,0.722846,68309.46,0.2525,
NK225MWE  ,OOP,20261009,58750.0,            ,181418726,0000008.0000,0000000.0,9.48,0.444252,191418726,0000000.0000,0000000.0,9581.11,0.714809,68309.46,0.2525,
NK225MWE  ,OOP,20261009,58875.0,            ,181418826,0000000.0000,0000000.0,9.0,0.438674,191418826,0000000.0000,0000000.0,9455.65,0.706777,68309.46,0.2525,
NK225MWE  ,OOP,20261009,59000.0,            ,181419026,0000009.0000,0000000.0,9.0,0.433101,191419026,0000000.0000,0000000.0,9331.15,0.698748,68309.46,0.2525,
NK225MWE  ,OOP,20261009,59125.0,            ,181419126,0000000.0000,0000000.0,10.42,0.432951,191419126,0000000.0000,0000000.0,9207.13,0.690722,68309.46,0.2525,
NK225MWE  ,OOP,20261009,59250.0,            ,181419226,0000014.0000,0000000.0,10.42,0.427331,191419226,0000000.0000,0000000.0,9082.15,0.682699,68309.46,0.2525,
NK225MWE  ,OOP,20261009,59375.0,            ,181419326,0000000.0000,0000000.0,10.89,0.421716,191419326,0000000.0000,0000000.0,8957.65,0.674679,68309.46,0.2525,
NK225MWE  ,OOP,20261009,59500.0,            ,181419526,0000011.0000,0000000.0,11.0,0.420996,191419526,0000000.0000,0000000.0,8833.15,0.666661,68309.46,0.2525,
NK225MWE  ,OOP,20261009,59625.0,            ,181419626,0000000.0000,0000000.0,11.35,0.415337,191419626,0000000.0000,0000000.0,8708.16,0.658645,68309.46,0.2525,
NK225MWE  ,OOP,20261009,59750.0,            ,181419726,0000012.0000,0000000.0,11.82,0.409684,191419726,0000000.0000,0000000.0,8583.66,0.650631,68309.46,0.2525,
NK225MWE  ,OOP,20261009,59875.0,            ,181419826,0000000.0000,0000000.0,12.77,0.408474,191419826,0000000.0000,0000000.0,8459.63,0.642618,68309.46,0.2525,
NK225MWE  ,OOP,20261009,60000.0,            ,181410026,0000012.0000,0000000.0,11.99,0.406923,191410026,0008375.0000,0000000.0,8335.13,0.634606,68309.46,0.2525,
NK225MWE  ,OOP,20261009,60125.0,            ,181410126,0000000.0000,0000000.0,13.71,0.401185,191410126,0000000.0000,0000000.0,8210.63,0.630749,68309.46,0.2525,
NK225MWE  ,OOP,20261009,60250.0,            ,181410226,0000014.0000,0000000.0,15.14,0.399293,191410226,0000000.0000,0000000.0,8087.08,0.622703,68309.46,0.2525,
NK225MWE  ,OOP,20261009,60375.0,            ,181410326,0000000.0000,0000000.0,15.13,0.393517,191410326,0000000.0000,0000000.0,7962.09,0.614657,68309.46,0.2525,
NK225MWE  ,OOP,20261009,60500.0,            ,181410526,0000015.0000,0000000.0,15.0,0.391321,191410526,0000000.0000,0000000.0,7838.06,0.60661,68309.46,0.2525,
NK225MWE  ,OOP,20261009,60625.0,            ,181410626,0000000.0000,0000000.0,16.54,0.38551,191410626,0000000.0000,0000000.0,7713.56,0.598562,68309.46,0.2525,
NK225MWE  ,OOP,20261009,60750.0,            ,181410726,0000000.0000,0000000.0,17.01,0.38304,191410726,0000000.0000,0000000.0,7589.05,0.590514,68309.46,0.2525,
NK225MWE  ,OOP,20261009,60875.0,            ,181410826,0000025.0000,0000000.0,17.95,0.377194,191410826,0000000.0000,0000000.0,7465.02,0.582463,68309.46,0.2525,
NK225MWE  ,OOP,20261009,61000.0,            ,181411026,0000018.0000,0000000.0,18.0,0.377478,191411026,0000000.0000,0000000.0,7341.94,0.57826,68309.46,0.2525,
NK225MWE  ,OOP,20261009,61125.0,            ,181411126,0000000.0000,0000000.0,20.31,0.37156,191411126,0000000.0000,0000000.0,7217.43,0.570169,68309.46,0.2525,
NK225MWE  ,OOP,20261009,61250.0,            ,181411226,0000030.0000,0000000.0,21.25,0.368469,191411226,0000000.0000,0000000.0,7093.4,0.562075,68309.46,0.2525,
NK225MWE  ,OOP,20261009,61375.0,            ,181411326,0000000.0000,0000000.0,22.19,0.365213,191411326,0000000.0000,0000000.0,6969.36,0.553978,68309.46,0.2525,
NK225MWE  ,OOP,20261009,61500.0,            ,181411526,0000018.0000,0000000.0,17.99,0.35923,191411526,0000000.0000,0000000.0,6847.24,0.549535,68309.46,0.2525,
NK225MWE  ,OOP,20261009,61625.0,            ,181411626,0000000.0000,0000000.0,27.42,0.365237,191411626,0000000.0000,0000000.0,6724.65,0.541394,68309.46,0.2525,
NK225MWE  ,OOP,20261009,61750.0,            ,181411726,0000000.0000,0000000.0,25.08,0.359099,191411726,0000000.0000,0000000.0,6599.65,0.533247,68309.46,0.2525,
NK225MWE  ,OOP,20261009,61875.0,            ,131411826,0000046.0000,0000000.0,27.85,0.352961,141411826,0000000.0000,0000000.0,6475.13,0.525095,68309.46,0.2525,
NK225MWE  ,OOP,20261009,62000.0,            ,131412026,0000020.0000,0000000.0,20.0,0.346823,141412026,0006500.0000,0000000.0,6352.05,0.516937,68309.46,0.2525,
NK225MWE  ,OOP,20261009,62125.0,            ,131412126,0000043.0000,0000000.0,43.0,0.346818,141412126,0000000.0000,0000000.0,6228.96,0.512208,68309.46,0.2525,
NK225MWE  ,OOP,20261009,62250.0,            ,131412226,0000034.0000,0000000.0,31.59,0.344406,141412226,0000000.0000,0000000.0,6106.35,0.504,68309.46,0.2525,
NK225MWE  ,OOP,20261009,62375.0,            ,131412326,0000000.0000,0000000.0,35.41,0.341734,141412326,0000000.0000,0000000.0,5982.79,0.495784,68309.46,0.2525,
NK225MWE  ,OOP,20261009,62500.0,            ,131412526,0000039.0000,0000000.0,35.67,0.33713,141412526,0005970.0000,0000000.0,5859.7,0.490849,68309.46,0.2525,
NK225MWE  ,OOP,20261009,62625.0,            ,131412626,0000032.0000,0000000.0,39.65,0.334085,141412626,0000000.0000,0000000.0,5737.08,0.482578,68309.46,0.2525,
NK225MWE  ,OOP,20261009,62750.0,            ,131412726,0000044.0000,0000000.0,39.05,0.332371,141412726,0000000.0000,0000000.0,5615.43,0.477481,68309.46,0.2525,
NK225MWE  ,OOP,20261009,62875.0,            ,131412826,0000000.0000,0000000.0,45.33,0.328854,141412826,0000000.0000,0000000.0,5492.81,0.469154,68309.46,0.2525,
NK225MWE  ,OOP,20261009,63000.0,            ,131413026,0000040.0000,0000000.0,39.99,0.317906,141413026,0000000.0000,0000000.0,5370.67,0.420725,68309.46,0.2525,
NK225MWE  ,OOP,20261009,63125.0,            ,131413126,0000000.0000,0000000.0,50.99,0.322633,141413126,0000000.0000,0000000.0,5248.52,0.455506,68309.46,0.2525,
NK225MWE  ,OOP,20261009,63250.0,            ,131413226,0000049.0000,0000000.0,49.0,0.321075,141413226,0000000.0000,0000000.0,5127.34,0.450084,68309.46,0.2525,
NK225MWE  ,OOP,20261009,63375.0,            ,131413326,0000000.0000,0000000.0,58.08,0.317952,141413326,0000000.0000,0000000.0,5005.67,0.444547,68309.46,0.2525,
NK225MWE  ,OOP,20261009,63500.0,            ,131413526,0000056.0000,0000000.0,55.99,0.314597,141413526,0000000.0000,0000000.0,4884.96,0.436045,68309.46,0.2525,
NK225MWE  ,OOP,20261009,63625.0,            ,131413626,0000000.0000,0000000.0,65.64,0.311024,141413626,0000000.0000,0000000.0,4763.28,0.430344,68309.46,0.2525,
NK225MWE  ,OOP,20261009,63750.0,            ,131413726,0000072.0000,0000000.0,65.23,0.30621,141413726,0000000.0000,0000000.0,4644.01,0.424531,68309.46,0.2525,
NK225MWE  ,OOP,20261009,63875.0,            ,131413826,0000000.0000,0000000.0,74.63,0.305243,141413826,0000000.0000,0000000.0,4522.32,0.415903,68309.46,0.2525,
NK225MWE  ,OOP,20261009,64000.0,            ,131414026,0000080.0000,0000000.0,80.0,0.299125,141414026,0004520.0000,0000000.0,4404.0,0.376093,68309.46,0.2525,
NK225MWE  ,OOP,20261009,64125.0,            ,131414126,0000000.0000,0000000.0,86.97,0.301039,141414126,0000000.0000,0000000.0,4284.71,0.406421,68309.46,0.2525,
NK225MWE  ,OOP,20261009,64250.0,            ,131414226,0000081.0000,0000000.0,81.0,0.297982,141414226,0004420.0000,0000000.0,4165.9,0.400162,68309.46,0.2525,
NK225MWE  ,OOP,20261009,64375.0,            ,131414326,0000000.0000,0000000.0,98.81,0.295432,141414326,0000000.0000,0000000.0,4046.6,0.393791,68309.46,0.2525,
NK225MWE  ,OOP,20261009,64500.0,            ,131414526,0000091.0000,0000000.0,90.99,0.288748,141414526,0004040.0000,0000000.0,4039.99,0.387308,68309.46,0.2525,
NK225MWE  ,OOP,20261009,64625.0,            ,131414626,0000000.0000,0000000.0,114.48,0.290766,141414626,0000000.0000,0000000.0,3812.33,0.383083,68309.46,0.2525,
NK225MWE  ,OOP,20261009,64750.0,            ,131414726,0000105.0000,0000000.0,104.99,0.285162,141414726,0000000.0000,0000000.0,3696.87,0.376326,68309.46,0.2525,
NK225MWE  ,OOP,20261009,64875.0,            ,131414826,0000000.0000,0000000.0,132.55,0.285959,141414826,0000000.0000,0000000.0,3580.44,0.371718,68309.46,0.2525,
NK225MWE  ,OOP,20261009,65000.0,            ,131415026,0000118.0000,0000000.0,118.0,0.279293,141415026,0003385.0000,0000000.0,3467.4,0.366894,68309.46,0.2525,
NK225MWE  ,OOP,20261009,65125.0,            ,131415126,0000000.0000,0000000.0,153.01,0.279692,141415126,0000000.0000,0000000.0,3350.95,0.361856,68309.46,0.2525,
NK225MWE  ,OOP,20261009,65250.0,            ,131415226,0000141.0000,0000000.0,141.0,0.278846,141415226,0000000.0000,0000000.0,3237.89,0.356607,68309.46,0.2525,
NK225MWE  ,OOP,20261009,65375.0,            ,131415326,0000000.0000,0000000.0,179.25,0.277443,141415326,0000000.0000,0000000.0,3127.25,0.351149,68309.46,0.2525,
NK225MWE  ,OOP,20261009,65500.0,            ,131415526,0000161.0000,0000000.0,160.99,0.274531,141415526,0002900.0000,0000000.0,2900.0,0.345483,68309.46,0.2525,
NK225MWE  ,OOP,20261009,65625.0,            ,131415626,0000000.0000,0000000.0,207.4,0.272675,141415626,0000000.0000,0000000.0,2905.46,0.341557,68309.46,0.2525,
NK225MWE  ,OOP,20261009,65750.0,            ,131415726,0000191.0000,0000000.0,191.0,0.269878,141415726,0000000.0000,0000000.0,2795.27,0.33733,68309.46,0.2525,
NK225MWE  ,OOP,20261009,65875.0,            ,131415826,0000000.0000,0000000.0,238.43,0.267546,141415826,0000000.0000,0000000.0,2686.54,0.332806,68309.46,0.2525,
NK225MWE  ,OOP,20261009,66000.0,            ,131416026,0000216.0000,0000000.0,216.0,0.273874,141416026,0002440.0000,0000000.0,2440.0,0.336932,68309.46,0.2525,
NK225MWE  ,OOP,20261009,66125.0,            ,131416126,0000370.0000,0000000.0,282.11,0.265544,141416126,0002520.0000,0000000.0,2480.26,0.326396,68309.46,0.2525,
NK225MWE  ,OOP,20261009,66250.0,            ,131416226,0000267.0000,0000000.0,266.99,0.270534,141416226,0000000.0000,0000000.0,2372.95,0.320925,68309.46,0.2525,
NK225MWE  ,OOP,20261009,66375.0,            ,131416326,0000370.0000,0000000.0,318.88,0.258686,141416326,0000000.0000,0000000.0,2267.09,0.316842,68309.46,0.2525,
NK225MWE  ,OOP,20261009,66500.0,            ,131416526,0000310.0000,0000000.0,310.0,0.253722,141416526,0002120.0000,0000000.0,2120.0,0.312399,68309.46,0.2525,
NK225MWE  ,OOP,20261009,66625.0,            ,131416626,0000000.0000,0000000.0,369.31,0.255712,141416626,0000000.0000,0000000.0,2067.57,0.309196,68309.46,0.2525,
NK225MWE  ,OOP,20261009,66750.0,            ,131416726,0000355.0000,0000000.0,354.99,0.253526,141416726,0002240.0000,0000000.0,1971.47,0.305569,68309.46,0.2525,
NK225MWE  ,OOP,20261009,66875.0,            ,131416826,0000000.0000,0000000.0,427.04,0.250786,141416826,0000000.0000,0000000.0,1875.35,0.301523,68309.46,0.2525,
NK225MWE  ,OOP,20261009,67000.0,            ,131417026,0000400.0000,0000000.0,399.99,0.250654,141417026,0001870.0000,0000000.0,1869.99,0.288038,68309.46,0.2525,
NK225MWE  ,OOP,20261009,67125.0,            ,131417126,0000760.0000,0000000.0,489.63,0.246775,141417126,0000000.0000,0000000.0,1687.99,0.295119,68309.46,0.2525,
NK225MWE  ,OOP,20261009,67250.0,            ,131417226,0000450.0000,0000000.0,450.0,0.245367,141417226,0000000.0000,0000000.0,1562.3,0.292652,68309.46,0.2525,
NK225MWE  ,OOP,20261009,67375.0,            ,131417326,0000690.0000,0000000.0,574.38,0.246218,141417326,0001740.0000,0000000.0,1522.79,0.292504,68309.46,0.2525,
NK225MWE  ,OOP,20261009,67500.0,            ,131417526,0000535.0000,0000000.0,535.0,0.259059,141417526,0001570.0000,0000000.0,1570.0,0.287569,68309.46,0.2525,
NK225MWE  ,OOP,20261009,67625.0,            ,131417626,0000660.0000,0000000.0,654.14,0.240119,141417626,0000000.0000,0000000.0,1352.61,0.284916,68309.46,0.2525,
NK225MWE  ,OOP,20261009,67750.0,            ,131417726,0000670.0000,0000000.0,670.0,0.258095,141417726,0001160.0000,0000000.0,1233.47,0.283075,68309.46,0.2525,
NK225MWE  ,OOP,20261009,67875.0,            ,131417826,0000000.0000,0000000.0,746.24,0.236978,141417826,0001140.0000,0000000.0,1124.09,0.280652,68309.46,0.2525,
NK225MWE  ,OOP,20261009,68000.0,            ,131418026,0000700.0000,0000000.0,700.0,0.239736,141418026,0001035.0000,0000000.0,1035.0,0.270953,68309.46,0.2525,
NK225MWE  ,OOP,20261009,68125.0,            ,131418126,0000815.0000,0000000.0,845.71,0.233721,141418126,0000000.0000,0000000.0,1044.28,0.27405,68309.46,0.2525,
NK225MWE  ,OOP,20261009,68250.0,            ,131418226,0000880.0000,0000000.0,909.16,0.231008,141418226,0000935.0000,0000000.0,947.53,0.271174,68309.46,0.2525,
NK225MWE  ,OOP,20261009,68375.0,            ,131418326,0000000.0000,0000000.0,926.03,0.23153,141418326,0001190.0000,0000000.0,916.2,0.271642,68309.46,0.2525,
NK225MWE  ,OOP,20261009,68500.0,            ,131418526,0000945.0000,0000000.0,944.99,0.228644,141418526,0000905.0000,0000000.0,904.99,0.252895,68309.46,0.2525,
NK225MWE  ,OOP,20261009,68625.0,            ,131418626,0000000.0000,0000000.0,1082.72,0.224971,141418626,0000000.0000,0000000.0,793.07,0.257334,68309.46,0.2525,
NK225MWE  ,OOP,20261009,68750.0,            ,131418726,0000995.0000,0000000.0,1160.56,0.223162,141418726,0000685.0000,0000000.0,726.93,0.234286,68309.46,0.2525,
NK225MWE  ,OOP,20261009,68875.0,            ,131418826,0001030.0000,0000000.0,1228.49,0.22053,141418826,0000785.0000,0000000.0,679.94,0.262994,68309.46,0.2525,
NK225MWE  ,OOP,20261009,69000.0,            ,131419026,0001270.0000,0000000.0,1269.99,0.219805,141419026,0000685.0000,0000000.0,684.99,0.256008,68309.46,0.2525,
NK225MWE  ,OOP,20261009,69125.0,            ,131419126,0000000.0000,0000000.0,1378.07,0.215417,141419126,0000680.0000,0000000.0,576.84,0.257885,68309.46,0.2525,
NK225MWE  ,OOP,20261009,69250.0,            ,131419226,0001500.0000,0000000.0,1469.29,0.215838,141419226,0000500.0000,0000000.0,513.62,0.247813,68309.46,0.2525,
NK225MWE  ,OOP,20261009,69375.0,            ,131419326,0000000.0000,0000000.0,1542.6,0.212468,141419326,0000000.0000,0000000.0,491.42,0.255464,68309.46,0.2525,
NK225MWE  ,OOP,20261009,69500.0,            ,131419526,0001700.0000,0000000.0,1639.58,0.209603,141419526,0000490.0000,0000000.0,490.0,0.246474,68309.46,0.2525,
NK225MWE  ,OOP,20261009,69625.0,            ,131419626,0000000.0000,0000000.0,1714.73,0.207302,141419626,0000000.0000,0000000.0,413.61,0.231545,68309.46,0.2525,
NK225MWE  ,OOP,20261009,69750.0,            ,131419726,0000000.0000,0000000.0,1805.89,0.205653,141419726,0000360.0000,0000000.0,366.44,0.253092,68309.46,0.2525,
NK225MWE  ,OOP,20261009,69875.0,            ,131419826,0000000.0000,0000000.0,1899.6,0.202983,141419826,0000355.0000,0000000.0,348.53,0.252427,68309.46,0.2525,
NK225MWE  ,OOP,20261009,70000.0,            ,131410026,0002000.0000,0000000.0,1994.84,0.199128,141410026,0000345.0000,0000000.0,344.99,0.245999,68309.46,0.2525,
NK225MWE  ,OOP,20261009,70125.0,            ,131410126,0000000.0000,0000000.0,2091.11,0.195923,141410126,0000220.0000,0000000.0,290.1,0.250579,68309.46,0.2525,
NK225MWE  ,OOP,20261009,70250.0,            ,131410226,0000000.0000,0000000.0,2190.97,0.191311,141410226,0000284.0000,0000000.0,283.99,0.246863,68309.46,0.2525,
NK225MWE  ,OOP,20261009,70375.0,            ,131410326,0000000.0000,0000000.0,2291.35,0.187407,141410326,0000225.0000,0000000.0,240.38,0.251944,68309.46,0.2525,
NK225MWE  ,OOP,20261009,70500.0,            ,131410526,0000000.0000,0000000.0,2394.81,0.18172,141410526,0000235.0000,0000000.0,235.0,0.246549,68309.46,0.2525,
NK225MWE  ,OOP,20261009,70625.0,            ,131410626,0000000.0000,0000000.0,2498.28,0.176806,141410626,0000000.0000,0000000.0,197.36,0.251929,68309.46,0.2525,
NK225MWE  ,OOP,20261009,70750.0,            ,131410726,0000000.0000,0000000.0,2605.36,0.169363,141410726,0000185.0000,0000000.0,184.99,0.246748,68309.46,0.2525,
NK225MWE  ,OOP,20261009,70875.0,            ,131410826,0000000.0000,0000000.0,2711.92,0.151956,141410826,0000000.0000,0000000.0,161.06,0.252661,68309.46,0.2525,
NK225MWE  ,OOP,20261009,71000.0,            ,131411026,0000000.0000,0000000.0,2822.63,0.13423,141411026,0000175.0000,0000000.0,175.0,0.249895,68309.46,0.2525,
NK225MWE  ,OOP,20261009,71125.0,            ,131411126,0000000.0000,0000000.0,2932.82,0.01,141411126,0000149.0000,0000000.0,149.0,0.253208,68309.46,0.2525,
NK225MWE  ,OOP,20261009,71250.0,            ,131411226,0000000.0000,0000000.0,3044.06,0.01,141411226,0000125.0000,0000000.0,124.99,0.247085,68309.46,0.2525,
NK225MWE  ,OOP,20261009,71375.0,            ,131411326,0000000.0000,0000000.0,3157.9,0.01,141411326,0000000.0000,0000000.0,107.14,0.252152,68309.46,0.2525,
NK225MWE  ,OOP,20261009,71500.0,            ,131411526,0000000.0000,0000000.0,3271.74,0.01,141411526,0000100.0000,0000000.0,100.0,0.246129,68309.46,0.2525,
NK225MWE  ,OOP,20261009,71625.0,            ,131411626,0000000.0000,0000000.0,3385.58,0.01,141411626,0000000.0000,0000000.0,84.88,0.252425,68309.46,0.2525,
NK225MWE  ,OOP,20261009,71750.0,            ,131411726,0000000.0000,0000000.0,3502.04,0.01,141411726,0000081.0000,0000000.0,80.99,0.24768,68309.46,0.2525,
NK225MWE  ,OOP,20261009,71875.0,            ,181411826,0000000.0000,0000000.0,3619.55,0.01,191411826,0000079.0000,0000000.0,68.9,0.252844,68309.46,0.2525,
NK225MWE  ,OOP,20261009,72000.0,            ,181412026,0000000.0000,0000000.0,3735.49,0.01,191412026,0000068.0000,0000000.0,67.99,0.250866,68309.46,0.2525,
NK225MWE  ,OOP,20261009,72125.0,            ,181412126,0000000.0000,0000000.0,3854.05,0.01,191412126,0000088.0000,0000000.0,53.45,0.252211,68309.46,0.2525,
NK225MWE  ,OOP,20261009,72250.0,            ,181412226,0000000.0000,0000000.0,3974.2,0.01,191412226,0000049.0000,0000000.0,49.0,0.245451,68309.46,0.2525,
NK225MWE  ,OOP,20261014,60500.0,            ,131420527,0000000.0000,0000000.0,50.72,0.355357,141420527,0000000.0000,0000000.0,7881.66,0.479211,68309.46,0.2525,
NK225MWE  ,OOP,20261014,60625.0,            ,131420627,0000000.0000,0000000.0,50.93,0.350288,141420627,0000000.0000,0000000.0,7756.91,0.472919,68309.46,0.2525,
NK225MWE  ,OOP,20261014,60750.0,            ,131420727,0000000.0000,0000000.0,52.66,0.3477,141420727,0000000.0000,0000000.0,7633.68,0.469434,68309.46,0.2525,
NK225MWE  ,OOP,20261014,60875.0,            ,131420827,0000000.0000,0000000.0,55.6,0.344998,141420827,0000000.0000,0000000.0,7511.67,0.463116,68309.46,0.2525,
NK225MWE  ,OOP,20261014,61000.0,            ,131421027,0000000.0000,0000000.0,58.39,0.343327,141421027,0000000.0000,0000000.0,7389.51,0.459523,68309.46,0.2525,
NK225MWE  ,OOP,20261014,61125.0,            ,131421127,0000000.0000,0000000.0,62.39,0.342546,141421127,0000000.0000,0000000.0,7268.55,0.453176,68309.46,0.2525,
NK225MWE  ,OOP,20261014,61250.0,            ,131421227,0000000.0000,0000000.0,65.3,0.339438,141421227,0000000.0000,0000000.0,7146.51,0.449476,68309.46,0.2525,
NK225MWE  ,OOP,20261014,61375.0,            ,131421327,0000000.0000,0000000.0,65.36,0.334206,141421327,0000000.0000,0000000.0,7021.61,0.443099,68309.46,0.2525,
NK225MWE  ,OOP,20261014,61500.0,            ,131421527,0000000.0000,0000000.0,69.33,0.332961,141421527,0000000.0000,0000000.0,6900.62,0.439293,68309.46,0.2525,
NK225MWE  ,OOP,20261014,61625.0,            ,131421627,0000000.0000,0000000.0,73.2,0.330546,141421627,0000000.0000,0000000.0,6779.54,0.432886,68309.46,0.2525,
NK225MWE  ,OOP,20261014,61750.0,            ,131421727,0000000.0000,0000000.0,76.42,0.327992,141421727,0000000.0000,0000000.0,6657.81,0.428974,68309.46,0.2525,
NK225MWE  ,OOP,20261014,61875.0,            ,131421827,0000000.0000,0000000.0,78.26,0.324425,141421827,0000000.0000,0000000.0,6534.69,0.422533,68309.46,0.2525,
NK225MWE  ,OOP,20261014,62000.0,            ,131422027,0000000.0000,0000000.0,78.29,0.319053,141422027,0000000.0000,0000000.0,6409.77,0.416088,68309.46,0.2525,
NK225MWE  ,OOP,20261014,62125.0,            ,131422127,0000000.0000,0000000.0,85.58,0.319566,141422127,0000000.0000,0000000.0,6292.09,0.414424,68309.46,0.2525,
NK225MWE  ,OOP,20261014,62250.0,            ,131422227,0000000.0000,0000000.0,90.25,0.317314,141422227,0000000.0000,0000000.0,6171.81,0.410257,68309.46,0.2525,
NK225MWE  ,OOP,20261014,62375.0,            ,131422327,0000000.0000,0000000.0,93.69,0.314137,141422327,0000000.0000,0000000.0,6050.29,0.403722,68309.46,0.2525,
NK225MWE  ,OOP,20261014,62500.0,            ,131422527,0000000.0000,0000000.0,98.3,0.311595,141422527,0000000.0000,0000000.0,5929.95,0.399451,68309.46,0.2525,
NK225MWE  ,OOP,20261014,62625.0,            ,131422627,0000000.0000,0000000.0,103.21,0.309616,141422627,0000000.0000,0000000.0,5809.91,0.395107,68309.46,0.2525,
NK225MWE  ,OOP,20261014,62750.0,            ,131422727,0000000.0000,0000000.0,108.7,0.307444,141422727,0000000.0000,0000000.0,5690.44,0.39069,68309.46,0.2525,
NK225MWE  ,OOP,20261014,62875.0,            ,131422827,0000000.0000,0000000.0,113.56,0.304437,141422827,0000000.0000,0000000.0,5570.35,0.3862,68309.46,0.2525,
NK225MWE  ,OOP,20261014,63000.0,            ,131423027,0000000.0000,0000000.0,118.99,0.30194,141423027,0000000.0000,0000000.0,5450.82,0.38164,68309.46,0.2525,
NK225MWE  ,OOP,20261014,63125.0,            ,131423127,0000000.0000,0000000.0,124.99,0.299891,141423127,0000000.0000,0000000.0,5331.87,0.377007,68309.46,0.2525,
NK225MWE  ,OOP,20261014,63250.0,            ,131423227,0000000.0000,0000000.0,127.08,0.294679,141423227,0000000.0000,0000000.0,5208.99,0.370269,68309.46,0.2525,
NK225MWE  ,OOP,20261014,63375.0,            ,131423327,0000000.0000,0000000.0,138.07,0.295211,141423327,0000000.0000,0000000.0,5095.03,0.367529,68309.46,0.2525,
NK225MWE  ,OOP,20261014,63500.0,            ,131423527,0000000.0000,0000000.0,145.73,0.293146,141423527,0000000.0000,0000000.0,4977.73,0.364634,68309.46,0.2525,
NK225MWE  ,OOP,20261014,63625.0,            ,131423627,0000000.0000,0000000.0,152.8,0.290349,141423627,0000000.0000,0000000.0,4859.85,0.359684,68309.46,0.2525,
NK225MWE  ,OOP,20261014,63750.0,            ,131423727,0000000.0000,0000000.0,160.9,0.287901,141423727,0000000.0000,0000000.0,4742.99,0.356535,68309.46,0.2525,
NK225MWE  ,OOP,20261014,63875.0,            ,131423827,0000000.0000,0000000.0,167.62,0.285265,141423827,0000000.0000,0000000.0,4624.75,0.351411,68309.46,0.2525,
NK225MWE  ,OOP,20261014,64000.0,            ,131424027,0000000.0000,0000000.0,178.86,0.283869,141424027,0000000.0000,0000000.0,4511.04,0.348015,68309.46,0.2525,
NK225MWE  ,OOP,20261014,64125.0,            ,131424127,0000000.0000,0000000.0,188.93,0.281748,141424127,0000000.0000,0000000.0,4396.16,0.344479,68309.46,0.2525,
NK225MWE  ,OOP,20261014,64250.0,            ,131424227,0000000.0000,0000000.0,199.52,0.279843,141424227,0000000.0000,0000000.0,4281.79,0.340803,68309.46,0.2525,
NK225MWE  ,OOP,20261014,64375.0,            ,131424327,0000000.0000,0000000.0,214.97,0.279374,141424327,0000000.0000,0000000.0,4172.28,0.338668,68309.46,0.2525,
NK225MWE  ,OOP,20261014,64500.0,            ,131424527,0000000.0000,0000000.0,231.55,0.279352,141424527,0000000.0000,0000000.0,4063.91,0.336322,68309.46,0.2525,
NK225MWE  ,OOP,20261014,64625.0,            ,131424627,0000000.0000,0000000.0,234.32,0.273518,141424627,0000000.0000,0000000.0,3941.72,0.328966,68309.46,0.2525,
NK225MWE  ,OOP,20261014,64750.0,            ,131424727,0000000.0000,0000000.0,241.79,0.269553,141424727,0000000.0000,0000000.0,3824.24,0.323171,68309.46,0.2525,
NK225MWE  ,OOP,20261014,64875.0,            ,131424827,0000000.0000,0000000.0,257.01,0.268041,141424827,0000000.0000,0000000.0,3714.5,0.320412,68309.46,0.2525,
NK225MWE  ,OOP,20261014,65000.0,            ,131425027,0000000.0000,0000000.0,271.95,0.26624,141425027,0000000.0000,0000000.0,3604.48,0.317455,68309.46,0.2525,
NK225MWE  ,OOP,20261014,65125.0,            ,131425127,0000000.0000,0000000.0,293.56,0.266217,141425127,0000000.0000,0000000.0,3501.14,0.315782,68309.46,0.2525,
NK225MWE  ,OOP,20261014,65250.0,            ,131425227,0000000.0000,0000000.0,309.6,0.264146,141425227,0000000.0000,0000000.0,3392.23,0.312411,68309.46,0.2525,
NK225MWE  ,OOP,20261014,65375.0,            ,131425327,0000000.0000,0000000.0,328.24,0.263404,141425327,0000000.0000,0000000.0,3285.91,0.310266,68309.46,0.2525,
NK225MWE  ,OOP,20261014,65500.0,            ,131425527,0000000.0000,0000000.0,355.27,0.263841,141425527,0000000.0000,0000000.0,3187.99,0.309256,68309.46,0.2525,
NK225MWE  ,OOP,20261014,65625.0,            ,131425627,0000000.0000,0000000.0,372.83,0.260876,141425627,0000000.0000,0000000.0,3080.59,0.305254,68309.46,0.2525,
NK225MWE  ,OOP,20261014,65750.0,            ,131425727,0000000.0000,0000000.0,396.13,0.259127,141425727,0000000.0000,0000000.0,2978.94,0.302398,68309.46,0.2525,
NK225MWE  ,OOP,20261014,65875.0,            ,131425827,0000000.0000,0000000.0,413.69,0.257074,141425827,0000000.0000,0000000.0,2871.53,0.299314,68309.46,0.2525,
NK225MWE  ,OOP,20261014,66000.0,            ,131426027,0000000.0000,0000000.0,438.08,0.254728,141426027,0000000.0000,0000000.0,2770.97,0.296006,68309.46,0.2525,
NK225MWE  ,OOP,20261014,66125.0,            ,131426127,0000000.0000,0000000.0,464.32,0.253429,141426127,0000000.0000,0000000.0,2672.26,0.293721,68309.46,0.2525,
NK225MWE  ,OOP,20261014,66250.0,            ,131426227,0000000.0000,0000000.0,488.48,0.251786,141426227,0000000.0000,0000000.0,2571.46,0.291169,68309.46,0.2525,
NK225MWE  ,OOP,20261014,66375.0,            ,131426327,0000000.0000,0000000.0,514.76,0.249811,141426327,0000000.0000,0000000.0,2472.78,0.287154,68309.46,0.2525,
NK225MWE  ,OOP,20261014,66500.0,            ,131426527,0000000.0000,0000000.0,560.0,0.251204,141426527,0000000.0000,0000000.0,2393.07,0.288808,68309.46,0.2525,
NK225MWE  ,OOP,20261014,66625.0,            ,131426627,0000000.0000,0000000.0,586.48,0.248514,141426627,0000000.0000,0000000.0,2294.59,0.285417,68309.46,0.2525,
NK225MWE  ,OOP,20261014,66750.0,            ,131426727,0000000.0000,0000000.0,624.46,0.247872,141426727,0000000.0000,0000000.0,2207.62,0.284047,68309.46,0.2525,
NK225MWE  ,OOP,20261014,66875.0,            ,131426827,0000000.0000,0000000.0,646.15,0.243383,141426827,0000000.0000,0000000.0,2104.35,0.278994,68309.46,0.2525,
NK225MWE  ,OOP,20261014,67000.0,            ,131427027,0000000.0000,0000000.0,683.18,0.242033,141427027,0000000.0000,0000000.0,2016.43,0.277031,68309.46,0.2525,
NK225MWE  ,OOP,20261014,67125.0,            ,131427127,0000000.0000,0000000.0,713.57,0.239194,141427127,0000000.0000,0000000.0,1921.86,0.273659,68309.46,0.2525,
NK225MWE  ,OOP,20261014,67250.0,            ,131427227,0000000.0000,0000000.0,751.52,0.237113,141427227,0000000.0000,0000000.0,1834.86,0.271073,68309.46,0.2525,
NK225MWE  ,OOP,20261014,67375.0,            ,131427327,0000000.0000,0000000.0,803.57,0.237891,141427327,0000000.0000,0000000.0,1761.95,0.271358,68309.46,0.2525,
NK225MWE  ,OOP,20261014,67500.0,            ,131427527,0000000.0000,0000000.0,842.53,0.23503,141427527,0000000.0000,0000000.0,1675.96,0.268102,68309.46,0.2525,
NK225MWE  ,OOP,20261014,67625.0,            ,131427627,0000000.0000,0000000.0,886.04,0.2339,141427627,0000000.0000,0000000.0,1594.51,0.265567,68309.46,0.2525,
NK225MWE  ,OOP,20261014,67750.0,            ,131427727,0000000.0000,0000000.0,930.03,0.23132,141427727,0000000.0000,0000000.0,1513.55,0.263722,68309.46,0.2525,
NK225MWE  ,OOP,20261014,67875.0,            ,131427827,0000000.0000,0000000.0,1000.42,0.233488,141427827,0000000.0000,0000000.0,1458.97,0.265619,68309.46,0.2525,
NK225MWE  ,OOP,20261014,68000.0,            ,131428027,0000000.0000,0000000.0,1056.04,0.233141,141428027,0000000.0000,0000000.0,1389.64,0.265066,68309.46,0.2525,
NK225MWE  ,OOP,20261014,68125.0,            ,131428127,0000000.0000,0000000.0,1090.49,0.227278,141428127,0000000.0000,0000000.0,1299.14,0.259053,68309.46,0.2525,
NK225MWE  ,OOP,20261014,68250.0,            ,131428227,0000000.0000,0000000.0,1151.09,0.227092,141428227,0000000.0000,0000000.0,1234.78,0.258765,68309.46,0.2525,
NK225MWE  ,OOP,20261014,68375.0,            ,131428327,0000000.0000,0000000.0,1250.74,0.233542,141428327,0000000.0000,0000000.0,1209.47,0.265168,68309.46,0.2525,
NK225MWE  ,OOP,20261014,68500.0,            ,131428527,0001120.0000,0000000.0,1309.97,0.232466,141428527,0001210.0000,0000000.0,1143.75,0.264097,68309.46,0.2525,
NK225MWE  ,OOP,20261014,68625.0,            ,131428627,0000000.0000,0000000.0,1374.17,0.230949,141428627,0000000.0000,0000000.0,1082.99,0.26264,68309.46,0.2525,
NK225MWE  ,OOP,20261014,68750.0,            ,131428727,0000000.0000,0000000.0,1439.1,0.230002,141428727,0000000.0000,0000000.0,1022.97,0.261807,68309.46,0.2525,
NK225MWE  ,OOP,20261014,68875.0,            ,131428827,0000000.0000,0000000.0,1503.82,0.227578,141428827,0000000.0000,0000000.0,962.73,0.259558,68309.46,0.2525,
NK225MWE  ,OOP,20261014,69000.0,            ,131429027,0000000.0000,0000000.0,1576.14,0.226743,141429027,0000000.0000,0000000.0,910.1,0.258954,68309.46,0.2525,
NK225MWE  ,OOP,20261014,69125.0,            ,131429127,0000000.0000,0000000.0,1647.98,0.225448,141429127,0000000.0000,0000000.0,856.98,0.257953,68309.46,0.2525,
NK225MWE  ,OOP,20261014,69250.0,            ,131429227,0000000.0000,0000000.0,1725.43,0.224736,141429227,0000000.0000,0000000.0,809.48,0.257592,68309.46,0.2525,
NK225MWE  ,OOP,20261014,69375.0,            ,131429327,0000000.0000,0000000.0,1799.75,0.222479,141429327,0000000.0000,0000000.0,758.84,0.255775,68309.46,0.2525,
NK225MWE  ,OOP,20261014,69500.0,            ,131429527,0000000.0000,0000000.0,1880.12,0.221888,141429527,0000000.0000,0000000.0,714.26,0.255669,68309.46,0.2525,
NK225MWE  ,OOP,20261014,69625.0,            ,131429627,0000000.0000,0000000.0,1961.95,0.220823,141429627,0000000.0000,0000000.0,671.13,0.255171,68309.46,0.2525,
NK225MWE  ,OOP,20261014,69750.0,            ,131429727,0000000.0000,0000000.0,2045.61,0.21926,141429727,0000000.0000,0000000.0,629.84,0.254266,68309.46,0.2525,
NK225MWE  ,OOP,20261014,69875.0,            ,131429827,0000000.0000,0000000.0,2128.5,0.217164,141429827,0000000.0000,0000000.0,587.76,0.25294,68309.46,0.2525,
NK225MWE  ,OOP,20261014,70000.0,            ,131420027,0000000.0000,0000000.0,2208.57,0.214493,141420027,0000000.0000,0000000.0,542.88,0.25117,68309.46,0.2525,
NK225MWE  ,OOP,20261014,70125.0,            ,131420127,0000000.0000,0000000.0,2303.66,0.213692,141420127,0000000.0000,0000000.0,513.02,0.251281,68309.46,0.2525,
NK225MWE  ,OOP,20261014,70250.0,            ,131420227,0000000.0000,0000000.0,2396.81,0.212373,141420227,0000000.0000,0000000.0,481.21,0.251004,68309.46,0.2525,
NK225MWE  ,OOP,20261014,70375.0,            ,131420327,0000000.0000,0000000.0,2493.27,0.21183,141420327,0000000.0000,0000000.0,452.72,0.25155,68309.46,0.2525,
NK225MWE  ,OOP,20261014,70500.0,            ,181420527,0000000.0000,0000000.0,2584.43,0.209383,191420527,0000000.0000,0000000.0,418.92,0.250472,68309.46,0.2525,
NK225MWE  ,OOP,20261014,70625.0,            ,181420627,0000000.0000,0000000.0,2678.7,0.206243,191420627,0000000.0000,0000000.0,388.23,0.250238,68309.46,0.2525,
NK225MWE  ,OOP,20261014,70750.0,            ,181420727,0000000.0000,0000000.0,2777.71,0.205399,191420727,0000000.0000,0000000.0,362.29,0.2496,68309.46,0.2525,
NK225MWE  ,OOP,20261014,70875.0,            ,181420827,0000000.0000,0000000.0,2876.33,0.202364,191420827,0000000.0000,0000000.0,335.95,0.248529,68309.46,0.2525,
NK225MWE  ,OOP,20261014,71000.0,            ,181421027,0000000.0000,0000000.0,2980.02,0.201939,191421027,0000000.0000,0000000.0,314.68,0.249842,68309.46,0.2525,
NK225MWE  ,OOP,20261014,71125.0,            ,181421127,0000000.0000,0000000.0,3086.51,0.200975,191421127,0000000.0000,0000000.0,296.22,0.250848,68309.46,0.2525,
NK225MWE  ,OOP,20261014,71250.0,            ,181421227,0000000.0000,0000000.0,3186.39,0.195484,191421227,0000000.0000,0000000.0,271.14,0.248501,68309.46,0.2525,
NK225MWE  ,OOP,20261014,71375.0,            ,181421327,0000000.0000,0000000.0,3291.63,0.192893,191421327,0000000.0000,0000000.0,251.43,0.24811,68309.46,0.2525,
NK225MWE  ,OOP,20261014,71500.0,            ,181421527,0000000.0000,0000000.0,3396.78,0.189366,191421527,0000000.0000,0000000.0,231.63,0.247627,68309.46,0.2525,
NK225MWE  ,OOP,20261014,71625.0,            ,181421627,0000000.0000,0000000.0,3504.96,0.184642,191421627,0000000.0000,0000000.0,214.85,0.24774,68309.46,0.2525,
NK225MWE  ,OOP,20261014,71750.0,            ,181421727,0000000.0000,0000000.0,3614.48,0.181307,191421727,0000000.0000,0000000.0,199.41,0.247831,68309.46,0.2525,
NK225MWE  ,OOP,20261014,71875.0,            ,181421827,0000000.0000,0000000.0,3718.61,0.169425,191421827,0000000.0000,0000000.0,178.59,0.245295,68309.46,0.2525,
NK225MWE  ,OOP,20261014,72000.0,            ,181422027,0000000.0000,0000000.0,3833.22,0.165751,191422027,0000000.0000,0000000.0,168.25,0.246833,68309.46,0.2525,
NK225MWE  ,OOP,20261016,60500.0,            ,131420526,0000062.0000,0000000.0,61.39,0.343458,141420526,0000000.0000,0000000.0,7895.9,0.447221,68309.46,0.2525,
NK225MWE  ,OOP,20261016,60625.0,            ,131420626,0000000.0000,0000000.0,62.32,0.336561,141420626,0000000.0000,0000000.0,7771.89,0.441363,68309.46,0.2525,
NK225MWE  ,OOP,20261016,60750.0,            ,131420726,0000068.0000,0000000.0,64.72,0.33377,141420726,0000000.0000,0000000.0,7649.34,0.438068,68309.46,0.2525,
NK225MWE  ,OOP,20261016,60875.0,            ,131420826,0000000.0000,0000000.0,68.56,0.332832,141420826,0000000.0000,0000000.0,7528.24,0.432186,68309.46,0.2525,
NK225MWE  ,OOP,20261016,61000.0,            ,131421026,0000075.0000,0000000.0,70.95,0.329826,141421026,0000000.0000,0000000.0,7405.68,0.428793,68309.46,0.2525,
NK225MWE  ,OOP,20261016,61125.0,            ,131421126,0000000.0000,0000000.0,77.22,0.33031,141421126,0000000.0000,0000000.0,7287.0,0.425328,68309.46,0.2525,
NK225MWE  ,OOP,20261016,61250.0,            ,131421226,0000000.0000,0000000.0,79.61,0.327065,141421226,0000000.0000,0000000.0,7164.44,0.421792,68309.46,0.2525,
NK225MWE  ,OOP,20261016,61375.0,            ,131421326,0000000.0000,0000000.0,80.05,0.322081,141421326,0000000.0000,0000000.0,7039.93,0.415836,68309.46,0.2525,
NK225MWE  ,OOP,20261016,61500.0,            ,131421526,0000115.0000,0000000.0,83.4,0.319572,141421526,0000000.0000,0000000.0,6918.34,0.409876,68309.46,0.2525,
NK225MWE  ,OOP,20261016,61625.0,            ,131421626,0000000.0000,0000000.0,87.24,0.317741,141421626,0000000.0000,0000000.0,6797.22,0.406222,68309.46,0.2525,
NK225MWE  ,OOP,20261016,61750.0,            ,131421726,0000000.0000,0000000.0,90.59,0.314994,141421726,0000000.0000,0000000.0,6675.62,0.402498,68309.46,0.2525,
NK225MWE  ,OOP,20261016,61875.0,            ,131421826,0000101.0000,0000000.0,92.96,0.311407,141421826,0000000.0000,0000000.0,6553.05,0.396484,68309.46,0.2525,
NK225MWE  ,OOP,20261016,62000.0,            ,131422026,0000105.0000,0000000.0,97.33,0.306306,141422026,0000000.0000,0000000.0,6428.53,0.390465,68309.46,0.2525,
NK225MWE  ,OOP,20261016,62125.0,            ,131422126,0000000.0000,0000000.0,103.53,0.308241,141422126,0000000.0000,0000000.0,6313.72,0.388783,68309.46,0.2525,
NK225MWE  ,OOP,20261016,62250.0,            ,131422226,0000000.0000,0000000.0,108.81,0.306385,141422226,0000000.0000,0000000.0,6194.06,0.384833,68309.46,0.2525,
NK225MWE  ,OOP,20261016,62375.0,            ,131422326,0000000.0000,0000000.0,113.12,0.303726,141422326,0000000.0000,0000000.0,6073.42,0.380817,68309.46,0.2525,
NK225MWE  ,OOP,20261016,62500.0,            ,131422526,0000125.0000,0000000.0,118.88,0.301567,141422526,0000000.0000,0000000.0,5954.23,0.376736,68309.46,0.2525,
NK225MWE  ,OOP,20261016,62625.0,            ,131422626,0000000.0000,0000000.0,124.64,0.299258,141422626,0000000.0000,0000000.0,5835.04,0.372591,68309.46,0.2525,
NK225MWE  ,OOP,20261016,62750.0,            ,131422726,0000000.0000,0000000.0,130.4,0.296806,141422726,0000000.0000,0000000.0,5715.85,0.368382,68309.46,0.2525,
NK225MWE  ,OOP,20261016,62875.0,            ,131422826,0000000.0000,0000000.0,136.15,0.294773,141422826,0000000.0000,0000000.0,5596.66,0.364109,68309.46,0.2525,
NK225MWE  ,OOP,20261016,63000.0,            ,131423026,0000150.0000,0000000.0,142.39,0.292573,141423026,0000000.0000,0000000.0,5477.94,0.359773,68309.46,0.2525,
NK225MWE  ,OOP,20261016,63125.0,            ,131423126,0000000.0000,0000000.0,149.6,0.290216,141423126,0000000.0000,0000000.0,5360.2,0.357235,68309.46,0.2525,
NK225MWE  ,OOP,20261016,63250.0,            ,131423226,0000160.0000,0000000.0,149.49,0.284676,141423226,0000000.0000,0000000.0,5235.15,0.35091,68309.46,0.2525,
NK225MWE  ,OOP,20261016,63375.0,            ,131423326,0000180.0000,0000000.0,164.48,0.286021,141423326,0000000.0000,0000000.0,5125.19,0.348184,68309.46,0.2525,
NK225MWE  ,OOP,20261016,63500.0,            ,131423526,0000000.0000,0000000.0,173.14,0.284133,141423526,0000000.0000,0000000.0,5008.9,0.345323,68309.46,0.2525,
NK225MWE  ,OOP,20261016,63625.0,            ,131423626,0000000.0000,0000000.0,181.79,0.282054,141423626,0000000.0000,0000000.0,4892.6,0.34233,68309.46,0.2525,
NK225MWE  ,OOP,20261016,63750.0,            ,131423726,0000000.0000,0000000.0,189.95,0.27936,141423726,0000000.0000,0000000.0,4775.82,0.337528,68309.46,0.2525,
NK225MWE  ,OOP,20261016,63875.0,            ,131423826,0000000.0000,0000000.0,198.1,0.276942,141423826,0000000.0000,0000000.0,4659.02,0.334318,68309.46,0.2525,
NK225MWE  ,OOP,20261016,64000.0,            ,131424026,0000201.0000,0000000.0,201.0,0.278393,141424026,0000000.0000,0000000.0,4546.61,0.330984,68309.46,0.2525,
NK225MWE  ,OOP,20261016,64125.0,            ,131424126,0000000.0000,0000000.0,222.2,0.273974,141424126,0000000.0000,0000000.0,4433.22,0.327527,68309.46,0.2525,
NK225MWE  ,OOP,20261016,64250.0,            ,131424226,0000220.0000,0000000.0,234.25,0.272522,141424226,0000000.0000,0000000.0,4320.32,0.32395,68309.46,0.2525,
NK225MWE  ,OOP,20261016,64375.0,            ,131424326,0000000.0000,0000000.0,254.6,0.273365,141424326,0000000.0000,0000000.0,4215.72,0.32328,68309.46,0.2525,
NK225MWE  ,OOP,20261016,64500.0,            ,131424526,0000260.0000,0000000.0,260.0,0.275512,141424526,0000000.0000,0000000.0,4110.16,0.322352,68309.46,0.2525,
NK225MWE  ,OOP,20261016,64625.0,            ,131424626,0000000.0000,0000000.0,273.28,0.266782,141424626,0000000.0000,0000000.0,3984.5,0.315418,68309.46,0.2525,
NK225MWE  ,OOP,20261016,64750.0,            ,131424726,0000395.0000,0000000.0,277.95,0.261781,141424726,0000000.0000,0000000.0,3864.23,0.308457,68309.46,0.2525,
NK225MWE  ,OOP,20261016,64875.0,            ,131424826,0000000.0000,0000000.0,295.83,0.260943,141424826,0000000.0000,0000000.0,3757.16,0.307098,68309.46,0.2525,
NK225MWE  ,OOP,20261016,65000.0,            ,131425026,0000340.0000,0000000.0,310.77,0.258556,141425026,0000000.0000,0000000.0,3647.15,0.304136,68309.46,0.2525,
NK225MWE  ,OOP,20261016,65125.0,            ,131425126,0000000.0000,0000000.0,338.94,0.260497,141425126,0000000.0000,0000000.0,3550.37,0.303679,68309.46,0.2525,
NK225MWE  ,OOP,20261016,65250.0,            ,131425226,0000000.0000,0000000.0,355.82,0.258171,141425226,0000000.0000,0000000.0,3442.31,0.300333,68309.46,0.2525,
NK225MWE  ,OOP,20261016,65375.0,            ,131425326,0000000.0000,0000000.0,375.16,0.257043,141425326,0000000.0000,0000000.0,3336.7,0.298105,68309.46,0.2525,
NK225MWE  ,OOP,20261016,65500.0,            ,131425526,0000000.0000,0000000.0,409.23,0.258357,141425526,0000000.0000,0000000.0,3245.82,0.298165,68309.46,0.2525,
NK225MWE  ,OOP,20261016,65625.0,            ,131425626,0000000.0000,0000000.0,426.09,0.256591,141425626,0000000.0000,0000000.0,3137.73,0.29425,68309.46,0.2525,
NK225MWE  ,OOP,20261016,65750.0,            ,131425726,0000000.0000,0000000.0,452.78,0.255853,141425726,0000000.0000,0000000.0,3039.47,0.292582,68309.46,0.2525,
NK225MWE  ,OOP,20261016,65875.0,            ,131425826,0000000.0000,0000000.0,469.62,0.252291,141425826,0000000.0000,0000000.0,2931.37,0.288316,68309.46,0.2525,
NK225MWE  ,OOP,20261016,66000.0,            ,131426026,0000475.0000,0000000.0,496.29,0.251,141426026,0000000.0000,0000000.0,2833.08,0.287366,68309.46,0.2525,
NK225MWE  ,OOP,20261016,66125.0,            ,131426126,0000500.0000,0000000.0,520.5,0.248216,141426126,0000000.0000,0000000.0,2732.34,0.28387,68309.46,0.2525,
NK225MWE  ,OOP,20261016,66250.0,            ,131426226,0000595.0000,0000000.0,547.15,0.247541,141426226,0002670.0000,0000000.0,2634.05,0.281297,68309.46,0.2525,
NK225MWE  ,OOP,20261016,66375.0,            ,131426326,0000000.0000,0000000.0,576.26,0.24539,141426326,0000000.0000,0000000.0,2538.21,0.279591,68309.46,0.2525,
NK225MWE  ,OOP,20261016,66500.0,            ,131426526,0000635.0000,0000000.0,630.08,0.248545,141426526,0000000.0000,0000000.0,2467.08,0.281922,68309.46,0.2525,
NK225MWE  ,OOP,20261016,66625.0,            ,131426626,0000000.0000,0000000.0,650.44,0.245749,141426626,0000000.0000,0000000.0,2368.76,0.27857,68309.46,0.2525,
NK225MWE  ,OOP,20261016,66750.0,            ,131426726,0000000.0000,0000000.0,698.17,0.245906,141426726,0000000.0000,0000000.0,2285.28,0.278121,68309.46,0.2525,
NK225MWE  ,OOP,20261016,66875.0,            ,131426826,0000770.0000,0000000.0,714.87,0.24044,141426826,0000000.0000,0000000.0,2177.03,0.272227,68309.46,0.2525,
NK225MWE  ,OOP,20261016,67000.0,            ,131427026,0000750.0000,0000000.0,753.83,0.240995,141427026,0000000.0000,0000000.0,2091.04,0.270222,68309.46,0.2525,
NK225MWE  ,OOP,20261016,67125.0,            ,131427126,0000850.0000,0000000.0,782.87,0.236072,141427126,0000000.0000,0000000.0,1995.13,0.266936,68309.46,0.2525,
NK225MWE  ,OOP,20261016,67250.0,            ,131427226,0000000.0000,0000000.0,819.32,0.233932,141427226,0000000.0000,0000000.0,1906.63,0.264388,68309.46,0.2525,
NK225MWE  ,OOP,20261016,67375.0,            ,131427326,0000000.0000,0000000.0,873.14,0.234446,141427326,0000000.0000,0000000.0,1835.51,0.264502,68309.46,0.2525,
NK225MWE  ,OOP,20261016,67500.0,            ,131427526,0000000.0000,0000000.0,914.55,0.232612,141427526,0000000.0000,0000000.0,1751.96,0.262337,68309.46,0.2525,
NK225MWE  ,OOP,20261016,67625.0,            ,131427626,0001035.0000,0000000.0,955.93,0.23431,141427626,0000000.0000,0000000.0,1668.4,0.259874,68309.46,0.2525,
NK225MWE  ,OOP,20261016,67750.0,            ,131427726,0001080.0000,0000000.0,999.78,0.22793,141427726,0000000.0000,0000000.0,1587.31,0.257111,68309.46,0.2525,
NK225MWE  ,OOP,20261016,67875.0,            ,131427826,0000000.0000,0000000.0,1102.86,0.232685,141427826,0000000.0000,0000000.0,1543.59,0.261635,68309.46,0.2525,
NK225MWE  ,OOP,20261016,68000.0,            ,131428026,0000000.0000,0000000.0,1162.73,0.23227,141428026,0000000.0000,0000000.0,1527.69,0.261051,68309.46,0.2525,
NK225MWE  ,OOP,20261016,68125.0,            ,131428126,0001265.0000,0000000.0,1166.19,0.225837,141428126,0000000.0000,0000000.0,1453.0,0.254493,68309.46,0.2525,
NK225MWE  ,OOP,20261016,68250.0,            ,131428226,0001270.0000,0000000.0,1224.98,0.224693,141428226,0001430.0000,0000000.0,1312.71,0.25326,68309.46,0.2525,
NK225MWE  ,OOP,20261016,68375.0,            ,131428326,0000000.0000,0000000.0,1363.61,0.235345,141428326,0000000.0000,0000000.0,1316.38,0.263868,68309.46,0.2525,
NK225MWE  ,OOP,20261016,68500.0,            ,131428526,0000000.0000,0000000.0,1404.75,0.233434,141428526,0000000.0000,0000000.0,1254.18,0.261953,68309.46,0.2525,
NK225MWE  ,OOP,20261016,68625.0,            ,131428626,0001445.0000,0000000.0,1468.52,0.233024,141428626,0000000.0000,0000000.0,1189.72,0.261581,68309.46,0.2525,
NK225MWE  ,OOP,20261016,68750.0,            ,131428726,0000000.0000,0000000.0,1517.61,0.231296,141428726,0000000.0000,0000000.0,1127.61,0.259934,68309.46,0.2525,
NK225MWE  ,OOP,20261016,68875.0,            ,131428826,0000000.0000,0000000.0,1596.06,0.229178,141428826,0000000.0000,0000000.0,1087.83,0.256998,68309.46,0.2525,
NK225MWE  ,OOP,20261016,69000.0,            ,131429026,0000000.0000,0000000.0,1622.07,0.228565,141429026,0001000.0000,0000000.0,953.28,0.256548,68309.46,0.2525,
NK225MWE  ,OOP,20261016,69125.0,            ,131429126,0000000.0000,0000000.0,1686.05,0.227564,141429126,0000000.0000,0000000.0,954.24,0.252887,68309.46,0.2525,
NK225MWE  ,OOP,20261016,69250.0,            ,131429226,0000000.0000,0000000.0,1814.94,0.226166,141429226,0000915.0000,0000000.0,903.09,0.256546,68309.46,0.2525,
NK225MWE  ,OOP,20261016,69375.0,            ,131429326,0000000.0000,0000000.0,1888.73,0.22534,141429326,0000000.0000,0000000.0,851.93,0.255068,68309.46,0.2525,
NK225MWE  ,OOP,20261016,69500.0,            ,131429526,0000000.0000,0000000.0,1967.56,0.224111,141429526,0000740.0000,0000000.0,805.8,0.253225,68309.46,0.2525,
NK225MWE  ,OOP,20261016,69625.0,            ,131429626,0000000.0000,0000000.0,2048.91,0.223478,141429626,0000000.0000,0000000.0,762.21,0.25399,68309.46,0.2525,
NK225MWE  ,OOP,20261016,69750.0,            ,131429726,0000000.0000,0000000.0,2130.26,0.222441,141429726,0000715.0000,0000000.0,718.61,0.253431,68309.46,0.2525,
NK225MWE  ,OOP,20261016,69875.0,            ,131429826,0000000.0000,0000000.0,2209.07,0.219921,141429826,0000000.0000,0000000.0,672.47,0.251493,68309.46,0.2525,
NK225MWE  ,OOP,20261016,70000.0,            ,131420026,0000000.0000,0000000.0,2282.79,0.215811,141420026,0000605.0000,0000000.0,621.25,0.248108,68309.46,0.2525,
NK225MWE  ,OOP,20261016,70125.0,            ,131420126,0000000.0000,0000000.0,2379.32,0.216673,141420126,0000000.0000,0000000.0,592.82,0.249584,68309.46,0.2525,
NK225MWE  ,OOP,20261016,70250.0,            ,131420226,0000000.0000,0000000.0,2470.78,0.216044,141420226,0000000.0000,0000000.0,559.34,0.249691,68309.46,0.2525,
NK225MWE  ,OOP,20261016,70375.0,            ,131420326,0000000.0000,0000000.0,2567.32,0.216163,141420326,0000000.0000,0000000.0,530.93,0.25057,68309.46,0.2525,
NK225MWE  ,OOP,20261016,70500.0,            ,181420526,0000000.0000,0000000.0,2653.7,0.213469,191420526,0000520.0000,0000000.0,492.36,0.248892,68309.46,0.2525,
NK225MWE  ,OOP,20261016,70625.0,            ,181420626,0000000.0000,0000000.0,2745.16,0.21145,191420626,0000000.0000,0000000.0,458.87,0.247955,68309.46,0.2525,
NK225MWE  ,OOP,20261016,70750.0,            ,181420726,0000000.0000,0000000.0,2841.7,0.210193,191420726,0000000.0000,0000000.0,430.46,0.245438,68309.46,0.2525,
NK225MWE  ,OOP,20261016,70875.0,            ,181420826,0000000.0000,0000000.0,2938.24,0.208434,191420826,0000000.0000,0000000.0,402.05,0.247346,68309.46,0.2525,
NK225MWE  ,OOP,20261016,71000.0,            ,181421026,0000000.0000,0000000.0,3039.88,0.20755,191421026,0000350.0000,0000000.0,378.75,0.247761,68309.46,0.2525,
NK225MWE  ,OOP,20261016,71125.0,            ,181421126,0000000.0000,0000000.0,3146.63,0.207676,191421126,0000325.0000,0000000.0,360.55,0.245276,68309.46,0.2525,
NK225MWE  ,OOP,20261016,71250.0,            ,181421226,0000000.0000,0000000.0,3242.14,0.204271,191421226,0000310.0000,0000000.0,331.11,0.246307,68309.46,0.2525,
NK225MWE  ,OOP,20261016,71375.0,            ,181421326,0000000.0000,0000000.0,3344.29,0.201741,191421326,0000000.0000,0000000.0,308.32,0.247064,68309.46,0.2525,
NK225MWE  ,OOP,20261016,71500.0,            ,181421526,0000000.0000,0000000.0,3446.45,0.198487,191421526,0000000.0000,0000000.0,285.52,0.246116,68309.46,0.2525,
NK225MWE  ,OOP,20261016,71625.0,            ,181421626,0000000.0000,0000000.0,3553.72,0.196303,191421626,0000000.0000,0000000.0,267.85,0.245944,68309.46,0.2525,
NK225MWE  ,OOP,20261016,71750.0,            ,181421726,0000000.0000,0000000.0,3661.0,0.193385,191421726,0000000.0000,0000000.0,250.18,0.246035,68309.46,0.2525,
NK225MWE  ,OOP,20261016,71875.0,            ,181421826,0000000.0000,0000000.0,3758.51,0.184854,191421826,0000000.0000,0000000.0,222.74,0.24261,68309.46,0.2525,
NK225MWE  ,OOP,20261016,72000.0,            ,181422026,0000000.0000,0000000.0,3875.03,0.184589,191422026,0000206.0000,0000000.0,214.32,0.244881,68309.46,0.2525,
NK225MWE  ,OOP,20261021,60500.0,            ,131430527,0000000.0000,0000000.0,114.76,0.330215,141430527,0000000.0000,0000000.0,7968.18,0.410541,68309.46,0.2525,
NK225MWE  ,OOP,20261021,60625.0,            ,131430627,0000000.0000,0000000.0,118.4,0.328206,141430627,0000000.0000,0000000.0,7846.91,0.405284,68309.46,0.2525,
NK225MWE  ,OOP,20261021,60750.0,            ,131430727,0000000.0000,0000000.0,125.0,0.327297,141430727,0000000.0000,0000000.0,7728.6,0.403934,68309.46,0.2525,
NK225MWE  ,OOP,20261021,60875.0,            ,131430827,0000000.0000,0000000.0,132.57,0.326793,141430827,0000000.0000,0000000.0,7611.27,0.400557,68309.46,0.2525,
NK225MWE  ,OOP,20261021,61000.0,            ,131431027,0000000.0000,0000000.0,139.73,0.326091,141431027,0000000.0000,0000000.0,7493.52,0.397133,68309.46,0.2525,
NK225MWE  ,OOP,20261021,61125.0,            ,131431127,0000000.0000,0000000.0,149.04,0.326263,141431127,0000000.0000,0000000.0,7377.91,0.395503,68309.46,0.2525,
NK225MWE  ,OOP,20261021,61250.0,            ,131431227,0000000.0000,0000000.0,152.6,0.323123,141431227,0000000.0000,0000000.0,7256.56,0.391957,68309.46,0.2525,
NK225MWE  ,OOP,20261021,61375.0,            ,131431327,0000000.0000,0000000.0,156.91,0.320438,141431327,0000000.0000,0000000.0,7135.97,0.388364,68309.46,0.2525,
NK225MWE  ,OOP,20261021,61500.0,            ,131431527,0000000.0000,0000000.0,159.63,0.316696,141431527,0000000.0000,0000000.0,7013.78,0.382968,68309.46,0.2525,
NK225MWE  ,OOP,20261021,61625.0,            ,131431627,0000000.0000,0000000.0,164.69,0.314379,141431627,0000000.0000,0000000.0,6893.93,0.379311,68309.46,0.2525,
NK225MWE  ,OOP,20261021,61750.0,            ,131431727,0000000.0000,0000000.0,169.63,0.311971,141431727,0000000.0000,0000000.0,6773.96,0.375609,68309.46,0.2525,
NK225MWE  ,OOP,20261021,61875.0,            ,131431827,0000000.0000,0000000.0,175.34,0.309476,141431827,0000000.0000,0000000.0,6654.76,0.371862,68309.46,0.2525,
NK225MWE  ,OOP,20261021,62000.0,            ,131432027,0000000.0000,0000000.0,178.07,0.30555,141432027,0000000.0000,0000000.0,6532.58,0.36807,68309.46,0.2525,
NK225MWE  ,OOP,20261021,62125.0,            ,131432127,0000000.0000,0000000.0,186.44,0.304234,141432127,0000000.0000,0000000.0,6416.04,0.364233,68309.46,0.2525,
NK225MWE  ,OOP,20261021,62250.0,            ,131432227,0000000.0000,0000000.0,192.71,0.301918,141432227,0000000.0000,0000000.0,6297.4,0.360351,68309.46,0.2525,
NK225MWE  ,OOP,20261021,62375.0,            ,131432327,0000000.0000,0000000.0,198.68,0.299088,141432327,0000000.0000,0000000.0,6178.46,0.35801,68309.46,0.2525,
NK225MWE  ,OOP,20261021,62500.0,            ,131432527,0000000.0000,0000000.0,205.42,0.296992,141432527,0000000.0000,0000000.0,6060.3,0.354016,68309.46,0.2525,
NK225MWE  ,OOP,20261021,62625.0,            ,131432627,0000000.0000,0000000.0,212.3,0.294388,141432627,0000000.0000,0000000.0,5942.27,0.349977,68309.46,0.2525,
NK225MWE  ,OOP,20261021,62750.0,            ,131432727,0000000.0000,0000000.0,217.44,0.291311,141432727,0000000.0000,0000000.0,5822.49,0.345894,68309.46,0.2525,
NK225MWE  ,OOP,20261021,62875.0,            ,131432827,0000000.0000,0000000.0,223.49,0.288163,141432827,0000000.0000,0000000.0,5703.64,0.341766,68309.46,0.2525,
NK225MWE  ,OOP,20261021,63000.0,            ,131433027,0000000.0000,0000000.0,231.61,0.286048,141433027,0000000.0000,0000000.0,5586.84,0.33906,68309.46,0.2525,
NK225MWE  ,OOP,20261021,63125.0,            ,131433127,0000000.0000,0000000.0,242.49,0.284526,141433127,0000000.0000,0000000.0,5472.81,0.336261,68309.46,0.2525,
NK225MWE  ,OOP,20261021,63250.0,            ,131433227,0000000.0000,0000000.0,242.77,0.279365,141433227,0000000.0000,0000000.0,5348.18,0.330538,68309.46,0.2525,
NK225MWE  ,OOP,20261021,63375.0,            ,131433327,0000000.0000,0000000.0,262.01,0.28035,141433327,0000000.0000,0000000.0,5242.51,0.330388,68309.46,0.2525,
NK225MWE  ,OOP,20261021,63500.0,            ,131433527,0000000.0000,0000000.0,268.5,0.277086,141433527,0000000.0000,0000000.0,5124.1,0.325955,68309.46,0.2525,
NK225MWE  ,OOP,20261021,63625.0,            ,131433627,0000000.0000,0000000.0,278.14,0.274712,141433627,0000000.0000,0000000.0,5008.83,0.32282,68309.46,0.2525,
NK225MWE  ,OOP,20261021,63750.0,            ,131433727,0000000.0000,0000000.0,284.37,0.271277,141433727,0000000.0000,0000000.0,4890.15,0.318277,68309.46,0.2525,
NK225MWE  ,OOP,20261021,63875.0,            ,131433827,0000000.0000,0000000.0,300.16,0.270527,141433827,0000000.0000,0000000.0,4781.03,0.316288,68309.46,0.2525,
NK225MWE  ,OOP,20261021,64000.0,            ,131434027,0000000.0000,0000000.0,311.25,0.268082,141434027,0000000.0000,0000000.0,4667.21,0.312891,68309.46,0.2525,
NK225MWE  ,OOP,20261021,64125.0,            ,131434127,0000000.0000,0000000.0,325.14,0.266959,141434127,0000000.0000,0000000.0,4556.19,0.309409,68309.46,0.2525,
NK225MWE  ,OOP,20261021,64250.0,            ,131434227,0000000.0000,0000000.0,345.62,0.267038,141434227,0000000.0000,0000000.0,4451.77,0.308297,68309.46,0.2525,
NK225MWE  ,OOP,20261021,64375.0,            ,131434327,0000000.0000,0000000.0,374.11,0.268193,141434327,0000000.0000,0000000.0,4355.34,0.309394,68309.46,0.2525,
NK225MWE  ,OOP,20261021,64500.0,            ,131434527,0000000.0000,0000000.0,395.74,0.267712,141434527,0000000.0000,0000000.0,4252.07,0.307881,68309.46,0.2525,
NK225MWE  ,OOP,20261021,64625.0,            ,131434627,0000000.0000,0000000.0,401.69,0.263176,141434627,0000000.0000,0000000.0,4133.1,0.302762,68309.46,0.2525,
NK225MWE  ,OOP,20261021,64750.0,            ,131434727,0000000.0000,0000000.0,404.8,0.258581,141434727,0000000.0000,0000000.0,4011.3,0.296452,68309.46,0.2525,
NK225MWE  ,OOP,20261021,64875.0,            ,131434827,0000000.0000,0000000.0,422.55,0.2564,141434827,0000000.0000,0000000.0,3904.15,0.29461,68309.46,0.2525,
NK225MWE  ,OOP,20261021,65000.0,            ,131435027,0000000.0000,0000000.0,452.18,0.257656,141435027,0000000.0000,0000000.0,3808.87,0.293703,68309.46,0.2525,
NK225MWE  ,OOP,20261021,65125.0,            ,131435127,0000000.0000,0000000.0,465.49,0.253919,141435127,0000000.0000,0000000.0,3697.27,0.290448,68309.46,0.2525,
NK225MWE  ,OOP,20261021,65250.0,            ,131435227,0000000.0000,0000000.0,484.37,0.252372,141435227,0000000.0000,0000000.0,3591.24,0.287076,68309.46,0.2525,
NK225MWE  ,OOP,20261021,65375.0,            ,131435327,0000000.0000,0000000.0,507.38,0.250631,141435327,0000000.0000,0000000.0,3489.34,0.28567,68309.46,0.2525,
NK225MWE  ,OOP,20261021,65500.0,            ,131435527,0000000.0000,0000000.0,535.63,0.250877,141435527,0000000.0000,0000000.0,3392.68,0.284078,68309.46,0.2525,
NK225MWE  ,OOP,20261021,65625.0,            ,131435627,0000000.0000,0000000.0,559.33,0.248717,141435627,0000000.0000,0000000.0,3291.47,0.282304,68309.46,0.2525,
NK225MWE  ,OOP,20261021,65750.0,            ,131435727,0000000.0000,0000000.0,586.5,0.24742,141435727,0000000.0000,0000000.0,3193.73,0.280352,68309.46,0.2525,
NK225MWE  ,OOP,20261021,65875.0,            ,131435827,0000000.0000,0000000.0,610.15,0.245906,141435827,0000000.0000,0000000.0,3092.47,0.277252,68309.46,0.2525,
NK225MWE  ,OOP,20261021,66000.0,            ,131436027,0000000.0000,0000000.0,657.12,0.248164,141436027,0000000.0000,0000000.0,3014.53,0.278788,68309.46,0.2525,
NK225MWE  ,OOP,20261021,66125.0,            ,131436127,0000000.0000,0000000.0,668.38,0.243231,141436127,0000000.0000,0000000.0,2900.88,0.27345,68309.46,0.2525,
NK225MWE  ,OOP,20261021,66250.0,            ,131436227,0000000.0000,0000000.0,701.94,0.242042,141436227,0000000.0000,0000000.0,2809.53,0.272664,68309.46,0.2525,
NK225MWE  ,OOP,20261021,66375.0,            ,131436327,0000000.0000,0000000.0,737.22,0.241563,141436327,0000000.0000,0000000.0,2719.91,0.270741,68309.46,0.2525,
NK225MWE  ,OOP,20261021,66500.0,            ,131436527,0000000.0000,0000000.0,781.89,0.24175,141436527,0000000.0000,0000000.0,2639.67,0.27133,68309.46,0.2525,
NK225MWE  ,OOP,20261021,66625.0,            ,131436627,0000000.0000,0000000.0,818.11,0.240745,141436627,0000000.0000,0000000.0,2550.98,0.269879,68309.46,0.2525,
NK225MWE  ,OOP,20261021,66750.0,            ,131436727,0000000.0000,0000000.0,860.3,0.240392,141436727,0000000.0000,0000000.0,2468.26,0.269096,68309.46,0.2525,
NK225MWE  ,OOP,20261021,66875.0,            ,131436827,0000000.0000,0000000.0,895.0,0.238891,141436827,0000000.0000,0000000.0,2378.05,0.267217,68309.46,0.2525,
NK225MWE  ,OOP,20261021,67000.0,            ,131437027,0000000.0000,0000000.0,938.24,0.238026,141437027,0000000.0000,0000000.0,2296.38,0.265991,68309.46,0.2525,
NK225MWE  ,OOP,20261021,67125.0,            ,131437127,0000000.0000,0000000.0,979.05,0.236906,141437127,0000000.0000,0000000.0,2212.28,0.264543,68309.46,0.2525,
NK225MWE  ,OOP,20261021,67250.0,            ,131437227,0000000.0000,0000000.0,1023.34,0.235535,141437227,0000000.0000,0000000.0,2131.66,0.262874,68309.46,0.2525,
NK225MWE  ,OOP,20261021,67375.0,            ,131437327,0000000.0000,0000000.0,1074.44,0.235597,141437327,0000000.0000,0000000.0,2057.86,0.262654,68309.46,0.2525,
NK225MWE  ,OOP,20261021,67500.0,            ,131437527,0000000.0000,0000000.0,1122.34,0.234548,141437527,0000000.0000,0000000.0,1980.85,0.261361,68309.46,0.2525,
NK225MWE  ,OOP,20261021,67625.0,            ,131437627,0000000.0000,0000000.0,1171.22,0.234064,141437627,0000000.0000,0000000.0,1904.82,0.260658,68309.46,0.2525,
NK225MWE  ,OOP,20261021,67750.0,            ,131437727,0000000.0000,0000000.0,1221.9,0.232489,141437727,0000000.0000,0000000.0,1830.59,0.258896,68309.46,0.2525,
NK225MWE  ,OOP,20261021,67875.0,            ,131437827,0000000.0000,0000000.0,1286.06,0.233915,141437827,0000000.0000,0000000.0,1769.84,0.260156,68309.46,0.2525,
NK225MWE  ,OOP,20261021,68000.0,            ,131438027,0000000.0000,0000000.0,1342.88,0.233426,141438027,0000000.0000,0000000.0,1701.74,0.259535,68309.46,0.2525,
NK225MWE  ,OOP,20261021,68125.0,            ,131438127,0000000.0000,0000000.0,1391.54,0.23105,141438127,0000000.0000,0000000.0,1625.5,0.257055,68309.46,0.2525,
NK225MWE  ,OOP,20261021,68250.0,            ,131438227,0000000.0000,0000000.0,1451.18,0.230825,141438227,0000000.0000,0000000.0,1560.23,0.256753,68309.46,0.2525,
NK225MWE  ,OOP,20261021,68375.0,            ,131438327,0000000.0000,0000000.0,1532.51,0.23354,141438327,0000000.0000,0000000.0,1516.65,0.258615,68309.46,0.2525,
NK225MWE  ,OOP,20261021,68500.0,            ,131438527,0001490.0000,0000000.0,1594.14,0.231956,141438527,0001470.0000,0000000.0,1453.37,0.257814,68309.46,0.2525,
NK225MWE  ,OOP,20261021,68625.0,            ,131438627,0000000.0000,0000000.0,1658.43,0.231704,141438627,0000000.0000,0000000.0,1392.75,0.257569,68309.46,0.2525,
NK225MWE  ,OOP,20261021,68750.0,            ,131438727,0000000.0000,0000000.0,1723.72,0.230369,141438727,0000000.0000,0000000.0,1333.13,0.257076,68309.46,0.2525,
NK225MWE  ,OOP,20261021,68875.0,            ,131438827,0000000.0000,0000000.0,1790.0,0.229559,141438827,0000000.0000,0000000.0,1274.5,0.255525,68309.46,0.2525,
NK225MWE  ,OOP,20261021,69000.0,            ,131439027,0000000.0000,0000000.0,1859.79,0.229279,141439027,0000000.0000,0000000.0,1219.38,0.255337,68309.46,0.2525,
NK225MWE  ,OOP,20261021,69125.0,            ,131439127,0000000.0000,0000000.0,1931.41,0.228719,141439127,0000000.0000,0000000.0,1166.09,0.2549,68309.46,0.2525,
NK225MWE  ,OOP,20261021,69250.0,            ,131439227,0000000.0000,0000000.0,2004.0,0.227876,141439227,0000000.0000,0000000.0,1113.77,0.254211,68309.46,0.2525,
NK225MWE  ,OOP,20261021,69375.0,            ,131439327,0000000.0000,0000000.0,2077.57,0.226742,141439327,0000000.0000,0000000.0,1062.43,0.253265,68309.46,0.2525,
NK225MWE  ,OOP,20261021,69500.0,            ,131439527,0000000.0000,0000000.0,2153.8,0.226149,141439527,0000000.0000,0000000.0,1013.76,0.252889,68309.46,0.2525,
NK225MWE  ,OOP,20261021,69625.0,            ,131439627,0000000.0000,0000000.0,2231.86,0.225265,141439627,0000000.0000,0000000.0,966.9,0.252259,68309.46,0.2525,
NK225MWE  ,OOP,20261021,69750.0,            ,131439727,0000000.0000,0000000.0,2310.85,0.224943,141439727,0000000.0000,0000000.0,920.99,0.252216,68309.46,0.2525,
NK225MWE  ,OOP,20261021,69875.0,            ,131439827,0000000.0000,0000000.0,2389.92,0.223461,141439827,0000000.0000,0000000.0,875.15,0.251069,68309.46,0.2525,
NK225MWE  ,OOP,20261021,70000.0,            ,131430027,0000000.0000,0000000.0,2468.12,0.221656,141430027,0000000.0000,0000000.0,828.44,0.249648,68309.46,0.2525,
NK225MWE  ,OOP,20261021,70125.0,            ,131430127,0000000.0000,0000000.0,2555.12,0.221314,141430127,0000000.0000,0000000.0,790.53,0.249699,68309.46,0.2525,
NK225MWE  ,OOP,20261021,70250.0,            ,131430227,0000000.0000,0000000.0,2641.28,0.22068,141430227,0000000.0000,0000000.0,751.78,0.249503,68309.46,0.2525,
NK225MWE  ,OOP,20261021,70375.0,            ,131430327,0000000.0000,0000000.0,2730.12,0.220677,141430327,0000000.0000,0000000.0,715.71,0.249958,68309.46,0.2525,
NK225MWE  ,OOP,20261021,70500.0,            ,181430527,0000000.0000,0000000.0,2816.26,0.218479,191430527,0000000.0000,0000000.0,676.94,0.249263,68309.46,0.2525,
NK225MWE  ,OOP,20261021,70625.0,            ,181430627,0000000.0000,0000000.0,2905.04,0.21786,191430627,0000000.0000,0000000.0,640.81,0.248298,68309.46,0.2525,
NK225MWE  ,OOP,20261021,70750.0,            ,181430727,0000000.0000,0000000.0,2996.46,0.216928,191430727,0000000.0000,0000000.0,607.33,0.248003,68309.46,0.2525,
NK225MWE  ,OOP,20261021,70875.0,            ,181430827,0000000.0000,0000000.0,3088.72,0.215665,191430827,0000000.0000,0000000.0,574.68,0.247451,68309.46,0.2525,
NK225MWE  ,OOP,20261021,71000.0,            ,181431027,0000000.0000,0000000.0,3183.64,0.214046,191431027,0000000.0000,0000000.0,544.69,0.247619,68309.46,0.2525,
NK225MWE  ,OOP,20261021,71125.0,            ,181431127,0000000.0000,0000000.0,3282.11,0.21424,191431127,0000000.0000,0000000.0,518.25,0.247549,68309.46,0.2525,
NK225MWE  ,OOP,20261021,71250.0,            ,181431227,0000000.0000,0000000.0,3377.2,0.211895,191431227,0000000.0000,0000000.0,488.43,0.247231,68309.46,0.2525,
NK225MWE  ,OOP,20261021,71375.0,            ,181431327,0000000.0000,0000000.0,3475.44,0.211453,191431327,0000000.0000,0000000.0,461.76,0.246653,68309.46,0.2525,
NK225MWE  ,OOP,20261021,71500.0,            ,181431527,0000000.0000,0000000.0,3574.37,0.209471,191431527,0000000.0000,0000000.0,435.78,0.246885,68309.46,0.2525,
NK225MWE  ,OOP,20261021,71625.0,            ,181431627,0000000.0000,0000000.0,3675.92,0.208318,191431627,0000000.0000,0000000.0,412.42,0.246885,68309.46,0.2525,
NK225MWE  ,OOP,20261021,71750.0,            ,181431727,0000000.0000,0000000.0,3778.14,0.20678,191431727,0000000.0000,0000000.0,389.73,0.246641,68309.46,0.2525,
NK225MWE  ,OOP,20261021,71875.0,            ,181431827,0000000.0000,0000000.0,3877.16,0.204814,191431827,0000000.0000,0000000.0,363.84,0.24497,68309.46,0.2525,
NK225MWE  ,OOP,20261021,72000.0,            ,181432027,0000000.0000,0000000.0,3984.27,0.203832,191432027,0000000.0000,0000000.0,346.04,0.246573,68309.46,0.2525,
NK225MWE  ,OOP,20261023,61125.0,            ,131431126,0000000.0000,0000000.0,180.29,0.324796,141431126,0000000.0000,0000000.0,7413.84,0.385082,68309.46,0.2525,
NK225MWE  ,OOP,20261023,61250.0,            ,131431226,0000000.0000,0000000.0,183.16,0.32109,141431226,0000000.0000,0000000.0,7291.81,0.381577,68309.46,0.2525,
NK225MWE  ,OOP,20261023,61375.0,            ,131431326,0000000.0000,0000000.0,190.93,0.319983,141431326,0000000.0000,0000000.0,7174.68,0.378032,68309.46,0.2525,
NK225MWE  ,OOP,20261023,61500.0,            ,131431526,0000000.0000,0000000.0,192.82,0.315761,141431526,0000000.0000,0000000.0,7051.66,0.374446,68309.46,0.2525,
NK225MWE  ,OOP,20261023,61625.0,            ,131431626,0000000.0000,0000000.0,198.13,0.31321,141431626,0000000.0000,0000000.0,6932.08,0.37082,68309.46,0.2525,
NK225MWE  ,OOP,20261023,61750.0,            ,131431726,0000000.0000,0000000.0,203.63,0.310588,141431726,0000000.0000,0000000.0,6812.67,0.367154,68309.46,0.2525,
NK225MWE  ,OOP,20261023,61875.0,            ,131431826,0000000.0000,0000000.0,209.31,0.308298,141431826,0000000.0000,0000000.0,6693.46,0.363447,68309.46,0.2525,
NK225MWE  ,OOP,20261023,62000.0,            ,131432026,0000000.0000,0000000.0,215.2,0.305531,141432026,0000000.0000,0000000.0,6574.45,0.359701,68309.46,0.2525,
NK225MWE  ,OOP,20261023,62125.0,            ,131432126,0000000.0000,0000000.0,221.29,0.30308,141432126,0000000.0000,0000000.0,6455.63,0.355915,68309.46,0.2525,
NK225MWE  ,OOP,20261023,62250.0,            ,131432226,0000000.0000,0000000.0,227.59,0.300549,141432226,0000000.0000,0000000.0,6337.04,0.352088,68309.46,0.2525,
NK225MWE  ,OOP,20261023,62375.0,            ,131432326,0000000.0000,0000000.0,234.12,0.297939,141432326,0000000.0000,0000000.0,6218.67,0.348222,68309.46,0.2525,
NK225MWE  ,OOP,20261023,62500.0,            ,131432526,0000000.0000,0000000.0,240.88,0.295251,141432526,0000000.0000,0000000.0,6100.53,0.345756,68309.46,0.2525,
NK225MWE  ,OOP,20261023,62625.0,            ,131432626,0000000.0000,0000000.0,247.88,0.292837,141432626,0000000.0000,0000000.0,5982.63,0.341789,68309.46,0.2525,
NK225MWE  ,OOP,20261023,62750.0,            ,131432726,0000000.0000,0000000.0,252.18,0.289309,141432726,0000000.0000,0000000.0,5862.03,0.337783,68309.46,0.2525,
NK225MWE  ,OOP,20261023,62875.0,            ,131432826,0000000.0000,0000000.0,257.95,0.286072,141432826,0000000.0000,0000000.0,5742.9,0.333736,68309.46,0.2525,
NK225MWE  ,OOP,20261023,63000.0,            ,131433026,0000000.0000,0000000.0,266.65,0.283762,141433026,0000000.0000,0000000.0,5626.7,0.331005,68309.46,0.2525,
NK225MWE  ,OOP,20261023,63125.0,            ,131433126,0000000.0000,0000000.0,278.8,0.282629,141433126,0000000.0000,0000000.0,5513.95,0.328192,68309.46,0.2525,
NK225MWE  ,OOP,20261023,63250.0,            ,131433226,0000000.0000,0000000.0,279.64,0.277591,141433226,0000000.0000,0000000.0,5389.89,0.32267,68309.46,0.2525,
NK225MWE  ,OOP,20261023,63375.0,            ,131433326,0000000.0000,0000000.0,300.11,0.278677,141433326,0000000.0000,0000000.0,5285.47,0.32232,68309.46,0.2525,
NK225MWE  ,OOP,20261023,63500.0,            ,131433526,0000000.0000,0000000.0,304.87,0.274744,141433526,0000000.0000,0000000.0,5165.33,0.317997,68309.46,0.2525,
NK225MWE  ,OOP,20261023,63625.0,            ,131433626,0000000.0000,0000000.0,314.54,0.272225,141433626,0000000.0000,0000000.0,5050.09,0.314882,68309.46,0.2525,
NK225MWE  ,OOP,20261023,63750.0,            ,131433726,0000000.0000,0000000.0,319.28,0.26818,141433726,0000000.0000,0000000.0,4929.94,0.309226,68309.46,0.2525,
NK225MWE  ,OOP,20261023,63875.0,            ,131433826,0000000.0000,0000000.0,338.76,0.268826,141433826,0000000.0000,0000000.0,4824.52,0.308415,68309.46,0.2525,
NK225MWE  ,OOP,20261023,64000.0,            ,131434026,0000000.0000,0000000.0,348.41,0.26624,141434026,0000000.0000,0000000.0,4709.26,0.305064,68309.46,0.2525,
NK225MWE  ,OOP,20261023,64125.0,            ,131434126,0000000.0000,0000000.0,362.96,0.263549,141434126,0000000.0000,0000000.0,4598.92,0.302801,68309.46,0.2525,
NK225MWE  ,OOP,20261023,64250.0,            ,131434226,0000000.0000,0000000.0,387.36,0.264602,141434226,0000000.0000,0000000.0,4498.41,0.301564,68309.46,0.2525,
NK225MWE  ,OOP,20261023,64375.0,            ,131434326,0000000.0000,0000000.0,419.13,0.266578,141434326,0000000.0000,0000000.0,4405.29,0.302398,68309.46,0.2525,
NK225MWE  ,OOP,20261023,64500.0,            ,131434526,0000000.0000,0000000.0,441.07,0.26581,141434526,0000000.0000,0000000.0,4302.32,0.301894,68309.46,0.2525,
NK225MWE  ,OOP,20261023,64625.0,            ,131434626,0000000.0000,0000000.0,450.68,0.262506,141434626,0000000.0000,0000000.0,4187.03,0.296917,68309.46,0.2525,
NK225MWE  ,OOP,20261023,64750.0,            ,131434726,0000000.0000,0000000.0,452.89,0.256798,141434726,0000000.0000,0000000.0,4064.35,0.291893,68309.46,0.2525,
NK225MWE  ,OOP,20261023,64875.0,            ,131434826,0000000.0000,0000000.0,469.87,0.255623,141434826,0000000.0000,0000000.0,3956.43,0.288916,68309.46,0.2525,
NK225MWE  ,OOP,20261023,65000.0,            ,131435026,0000000.0000,0000000.0,506.57,0.257563,141435026,0000000.0000,0000000.0,3868.22,0.289931,68309.46,0.2525,
NK225MWE  ,OOP,20261023,65125.0,            ,131435126,0000000.0000,0000000.0,511.21,0.251638,141435126,0000000.0000,0000000.0,3747.97,0.28466,68309.46,0.2525,
NK225MWE  ,OOP,20261023,65250.0,            ,131435226,0000000.0000,0000000.0,530.63,0.249946,141435226,0000000.0000,0000000.0,3642.49,0.282323,68309.46,0.2525,
NK225MWE  ,OOP,20261023,65375.0,            ,131435326,0000000.0000,0000000.0,554.98,0.249119,141435326,0000000.0000,0000000.0,3541.94,0.279848,68309.46,0.2525,
NK225MWE  ,OOP,20261023,65500.0,            ,131435526,0000000.0000,0000000.0,579.33,0.247067,141435526,0000000.0000,0000000.0,3441.39,0.278198,68309.46,0.2525,
NK225MWE  ,OOP,20261023,65625.0,            ,131435626,0000000.0000,0000000.0,606.13,0.245848,141435626,0000000.0000,0000000.0,3343.29,0.276383,68309.46,0.2525,
NK225MWE  ,OOP,20261023,65750.0,            ,131435726,0000000.0000,0000000.0,632.94,0.245402,141435726,0000000.0000,0000000.0,3245.2,0.274406,68309.46,0.2525,
NK225MWE  ,OOP,20261023,65875.0,            ,131435826,0000000.0000,0000000.0,659.73,0.243773,141435826,0000000.0000,0000000.0,3147.09,0.272269,68309.46,0.2525,
NK225MWE  ,OOP,20261023,66000.0,            ,131436026,0000000.0000,0000000.0,716.22,0.24662,141436026,0000000.0000,0000000.0,3078.68,0.275375,68309.46,0.2525,
NK225MWE  ,OOP,20261023,66125.0,            ,131436126,0000000.0000,0000000.0,720.73,0.240874,141436126,0000000.0000,0000000.0,2958.29,0.2693,68309.46,0.2525,
NK225MWE  ,OOP,20261023,66250.0,            ,131436226,0000000.0000,0000000.0,757.27,0.240482,141436226,0000000.0000,0000000.0,2869.93,0.26842,68309.46,0.2525,
NK225MWE  ,OOP,20261023,66375.0,            ,131436326,0000880.0000,0000000.0,795.17,0.239851,141436326,0000000.0000,0000000.0,2782.93,0.267339,68309.46,0.2525,
NK225MWE  ,OOP,20261023,66500.0,            ,131436526,0000000.0000,0000000.0,834.43,0.23986,141436526,0000000.0000,0000000.0,2697.29,0.266912,68309.46,0.2525,
NK225MWE  ,OOP,20261023,66625.0,            ,131436626,0000955.0000,0000000.0,875.09,0.239617,141436626,0000000.0000,0000000.0,2613.05,0.265428,68309.46,0.2525,
NK225MWE  ,OOP,20261023,66750.0,            ,131436726,0000000.0000,0000000.0,917.15,0.23913,141436726,0000000.0000,0000000.0,2530.21,0.265415,68309.46,0.2525,
NK225MWE  ,OOP,20261023,66875.0,            ,131436826,0000000.0000,0000000.0,960.64,0.238405,141436826,0000000.0000,0000000.0,2448.8,0.264354,68309.46,0.2525,
NK225MWE  ,OOP,20261023,67000.0,            ,131437026,0000000.0000,0000000.0,1005.58,0.23827,141437026,0000000.0000,0000000.0,2368.84,0.263902,68309.46,0.2525,
NK225MWE  ,OOP,20261023,67125.0,            ,131437126,0000000.0000,0000000.0,1051.97,0.237888,141437126,0000000.0000,0000000.0,2290.34,0.262427,68309.46,0.2525,
NK225MWE  ,OOP,20261023,67250.0,            ,131437226,0000000.0000,0000000.0,1099.85,0.237264,141437226,0000000.0000,0000000.0,2213.31,0.262348,68309.46,0.2525,
NK225MWE  ,OOP,20261023,67375.0,            ,131437326,0000000.0000,0000000.0,1149.21,0.236402,141437326,0000000.0000,0000000.0,2137.78,0.261252,68309.46,0.2525,
NK225MWE  ,OOP,20261023,67500.0,            ,131437526,0000000.0000,0000000.0,1200.08,0.236094,141437526,0000000.0000,0000000.0,2063.75,0.260731,68309.46,0.2525,
NK225MWE  ,OOP,20261023,67625.0,            ,131437626,0000000.0000,0000000.0,1252.47,0.235542,141437626,0000000.0000,0000000.0,1991.24,0.259991,68309.46,0.2525,
NK225MWE  ,OOP,20261023,67750.0,            ,131437726,0000000.0000,0000000.0,1306.38,0.235525,141437726,0000000.0000,0000000.0,1920.24,0.259809,68309.46,0.2525,
NK225MWE  ,OOP,20261023,67875.0,            ,131437826,0000000.0000,0000000.0,1361.82,0.234484,141437826,0000000.0000,0000000.0,1850.79,0.258629,68309.46,0.2525,
NK225MWE  ,OOP,20261023,68000.0,            ,131438026,0000000.0000,0000000.0,1418.8,0.233974,141438026,0000000.0000,0000000.0,1782.87,0.258002,68309.46,0.2525,
NK225MWE  ,OOP,20261023,68125.0,            ,131438126,0000000.0000,0000000.0,1477.34,0.233986,141438126,0000000.0000,0000000.0,1716.5,0.257921,68309.46,0.2525,
NK225MWE  ,OOP,20261023,68250.0,            ,131438226,0001545.0000,0000000.0,1537.42,0.232982,141438226,0001620.0000,0000000.0,1651.69,0.256847,68309.46,0.2525,
NK225MWE  ,OOP,20261023,68375.0,            ,131438326,0000000.0000,0000000.0,1599.05,0.232498,141438326,0000000.0000,0000000.0,1588.42,0.256315,68309.46,0.2525,
NK225MWE  ,OOP,20261023,68500.0,            ,131438526,0000000.0000,0000000.0,1662.24,0.232529,141438526,0000000.0000,0000000.0,1526.71,0.256324,68309.46,0.2525,
NK225MWE  ,OOP,20261023,68625.0,            ,131438626,0000000.0000,0000000.0,1726.97,0.231547,141438626,0000000.0000,0000000.0,1466.54,0.255341,68309.46,0.2525,
NK225MWE  ,OOP,20261023,68750.0,            ,131438726,0000000.0000,0000000.0,1793.27,0.231079,141438726,0000000.0000,0000000.0,1407.93,0.254897,68309.46,0.2525,
NK225MWE  ,OOP,20261023,68875.0,            ,131438826,0000000.0000,0000000.0,1861.1,0.230359,141438826,0000000.0000,0000000.0,1350.87,0.254224,68309.46,0.2525,
NK225MWE  ,OOP,20261023,69000.0,            ,131439026,0000000.0000,0000000.0,1930.49,0.230157,141439026,0000000.0000,0000000.0,1295.36,0.254093,68309.46,0.2525,
NK225MWE  ,OOP,20261023,69125.0,            ,131439126,0000000.0000,0000000.0,2001.41,0.228928,141439126,0000000.0000,0000000.0,1241.38,0.253735,68309.46,0.2525,
NK225MWE  ,OOP,20261023,69250.0,            ,131439226,0000000.0000,0000000.0,2073.86,0.228997,141439226,0000000.0000,0000000.0,1188.93,0.253149,68309.46,0.2525,
NK225MWE  ,OOP,20261023,69375.0,            ,131439326,0000000.0000,0000000.0,2147.83,0.228031,141439326,0000000.0000,0000000.0,1138.0,0.252331,68309.46,0.2525,
NK225MWE  ,OOP,20261023,69500.0,            ,131439526,0000000.0000,0000000.0,2223.31,0.227593,141439526,0000000.0000,0000000.0,1088.58,0.252066,68309.46,0.2525,
NK225MWE  ,OOP,20261023,69625.0,            ,131439626,0000000.0000,0000000.0,2300.29,0.226899,141439626,0000000.0000,0000000.0,1040.66,0.251572,68309.46,0.2525,
NK225MWE  ,OOP,20261023,69750.0,            ,131439726,0000000.0000,0000000.0,2378.75,0.22594,141439726,0000000.0000,0000000.0,994.22,0.250845,68309.46,0.2525,
NK225MWE  ,OOP,20261023,69875.0,            ,131439826,0000000.0000,0000000.0,2458.68,0.22553,141439826,0000000.0000,0000000.0,949.25,0.250688,68309.46,0.2525,
NK225MWE  ,OOP,20261023,70000.0,            ,131430026,0000000.0000,0000000.0,2540.07,0.224859,141430026,0000000.0000,0000000.0,905.74,0.250305,68309.46,0.2525,
NK225MWE  ,OOP,20261023,70125.0,            ,131430126,0000000.0000,0000000.0,2622.88,0.223919,141430126,0000000.0000,0000000.0,863.66,0.249689,68309.46,0.2525,
NK225MWE  ,OOP,20261023,70250.0,            ,131430226,0000000.0000,0000000.0,2707.12,0.2227,141430226,0000000.0000,0000000.0,823.0,0.249671,68309.46,0.2525,
NK225MWE  ,OOP,20261023,70375.0,            ,131430326,0000000.0000,0000000.0,2792.76,0.222062,141430326,0000000.0000,0000000.0,783.74,0.248581,68309.46,0.2525,
NK225MWE  ,OOP,20261023,70500.0,            ,131430526,0000000.0000,0000000.0,2879.77,0.221149,141430526,0000000.0000,0000000.0,745.85,0.248097,68309.46,0.2525,
NK225MWE  ,OOP,20261023,70625.0,            ,131430626,0000000.0000,0000000.0,2968.15,0.219949,141430626,0000000.0000,0000000.0,709.32,0.24825,68309.46,0.2525,
NK225MWE  ,OOP,20261023,70750.0,            ,131430726,0000000.0000,0000000.0,3057.85,0.219375,141430726,0000000.0000,0000000.0,674.13,0.247296,68309.46,0.2525,
NK225MWE  ,OOP,20261023,70875.0,            ,131430826,0000000.0000,0000000.0,3148.87,0.218522,141430826,0000000.0000,0000000.0,640.24,0.24699,68309.46,0.2525,
NK225MWE  ,OOP,20261023,71000.0,            ,131431026,0000000.0000,0000000.0,3241.17,0.217376,141431026,0000000.0000,0000000.0,607.65,0.246451,68309.46,0.2525,
NK225MWE  ,OOP,20261023,71125.0,            ,181431126,0000000.0000,0000000.0,3336.04,0.216919,191431126,0000000.0000,0000000.0,577.62,0.246608,68309.46,0.2525,
NK225MWE  ,OOP,20261023,71250.0,            ,181431226,0000000.0000,0000000.0,3432.1,0.216184,191431226,0000000.0000,0000000.0,548.77,0.246549,68309.46,0.2525,
NK225MWE  ,OOP,20261023,71375.0,            ,181431326,0000000.0000,0000000.0,3529.3,0.215152,191431326,0000000.0000,0000000.0,521.08,0.246266,68309.46,0.2525,
NK225MWE  ,OOP,20261023,71500.0,            ,181431526,0000000.0000,0000000.0,3627.63,0.213803,191431526,0000000.0000,0000000.0,494.5,0.246748,68309.46,0.2525,
NK225MWE  ,OOP,20261023,71625.0,            ,181431626,0000000.0000,0000000.0,3727.05,0.213244,191431626,0000000.0000,0000000.0,469.02,0.246011,68309.46,0.2525,
NK225MWE  ,OOP,20261023,71750.0,            ,181431726,0000000.0000,0000000.0,3827.53,0.212391,191431726,0000000.0000,0000000.0,444.61,0.246064,68309.46,0.2525,
NK225MWE  ,OOP,20261023,71875.0,            ,181431826,0000000.0000,0000000.0,3929.06,0.211222,191431826,0000000.0000,0000000.0,421.23,0.2459,68309.46,0.2525,
NK225MWE  ,OOP,20261023,72000.0,            ,181432026,0000000.0000,0000000.0,4031.59,0.209706,191432026,0000000.0000,0000000.0,398.86,0.245508,68309.46,0.2525,
NK225MWE  ,OOP,20261028,62500.0,            ,131442527,0000000.0000,0000000.0,337.28,0.29371,141442527,0000000.0000,0000000.0,6208.87,0.333095,68309.46,0.2525,
NK225MWE  ,OOP,20261028,62625.0,            ,131442627,0000000.0000,0000000.0,340.85,0.290429,141442627,0000000.0000,0000000.0,6087.57,0.329248,68309.46,0.2525,
NK225MWE  ,OOP,20261028,62750.0,            ,131442727,0000000.0000,0000000.0,353.46,0.288448,141442727,0000000.0000,0000000.0,5975.3,0.326538,68309.46,0.2525,
NK225MWE  ,OOP,20261028,62875.0,            ,131442827,0000000.0000,0000000.0,356.94,0.285063,141442827,0000000.0000,0000000.0,5853.9,0.322613,68309.46,0.2525,
NK225MWE  ,OOP,20261028,63000.0,            ,131443027,0000000.0000,0000000.0,373.42,0.284218,141443027,0000000.0000,0000000.0,5745.51,0.320928,68309.46,0.2525,
NK225MWE  ,OOP,20261028,63125.0,            ,131443127,0000000.0000,0000000.0,391.32,0.284479,141443127,0000000.0000,0000000.0,5638.53,0.319142,68309.46,0.2525,
NK225MWE  ,OOP,20261028,63250.0,            ,131443227,0000000.0000,0000000.0,391.53,0.279646,141443227,0000000.0000,0000000.0,5513.87,0.315066,68309.46,0.2525,
NK225MWE  ,OOP,20261028,63375.0,            ,131443327,0000000.0000,0000000.0,415.1,0.279646,141443327,0000000.0000,0000000.0,5412.56,0.314203,68309.46,0.2525,
NK225MWE  ,OOP,20261028,63500.0,            ,131443527,0000000.0000,0000000.0,422.08,0.275931,141443527,0000000.0000,0000000.0,5294.67,0.310022,68309.46,0.2525,
NK225MWE  ,OOP,20261028,63625.0,            ,131443627,0000000.0000,0000000.0,436.04,0.274497,141443627,0000000.0000,0000000.0,5183.75,0.307908,68309.46,0.2525,
NK225MWE  ,OOP,20261028,63750.0,            ,131443727,0000000.0000,0000000.0,443.0,0.270668,141443727,0000000.0000,0000000.0,5065.83,0.303636,68309.46,0.2525,
NK225MWE  ,OOP,20261028,63875.0,            ,131443827,0000000.0000,0000000.0,465.04,0.271264,141443827,0000000.0000,0000000.0,4963.0,0.303404,68309.46,0.2525,
NK225MWE  ,OOP,20261028,64000.0,            ,131444027,0000000.0000,0000000.0,477.76,0.268383,141444027,0000000.0000,0000000.0,4850.85,0.300016,68309.46,0.2525,
NK225MWE  ,OOP,20261028,64125.0,            ,131444127,0000000.0000,0000000.0,501.8,0.268627,141444127,0000000.0000,0000000.0,4750.01,0.29952,68309.46,0.2525,
NK225MWE  ,OOP,20261028,64250.0,            ,131444227,0000000.0000,0000000.0,522.27,0.266589,141444227,0000000.0000,0000000.0,4645.6,0.297905,68309.46,0.2525,
NK225MWE  ,OOP,20261028,64375.0,            ,131444327,0000000.0000,0000000.0,557.37,0.268507,141444327,0000000.0000,0000000.0,4555.83,0.298067,68309.46,0.2525,
NK225MWE  ,OOP,20261028,64500.0,            ,131444527,0000000.0000,0000000.0,579.58,0.267175,141444527,0000000.0000,0000000.0,4453.16,0.297121,68309.46,0.2525,
NK225MWE  ,OOP,20261028,64625.0,            ,131444627,0000000.0000,0000000.0,584.64,0.262783,141444627,0000000.0000,0000000.0,4333.34,0.292369,68309.46,0.2525,
NK225MWE  ,OOP,20261028,64750.0,            ,131444727,0000000.0000,0000000.0,599.89,0.260274,141444727,0000000.0000,0000000.0,4223.72,0.288486,68309.46,0.2525,
NK225MWE  ,OOP,20261028,64875.0,            ,131444827,0000000.0000,0000000.0,612.44,0.257666,141444827,0000000.0000,0000000.0,4111.39,0.285439,68309.46,0.2525,
NK225MWE  ,OOP,20261028,65000.0,            ,131445027,0000000.0000,0000000.0,657.77,0.259589,141445027,0000000.0000,0000000.0,4031.85,0.287591,68309.46,0.2525,
NK225MWE  ,OOP,20261028,65125.0,            ,131445127,0000000.0000,0000000.0,662.33,0.254892,141445127,0000000.0000,0000000.0,3911.53,0.281703,68309.46,0.2525,
NK225MWE  ,OOP,20261028,65250.0,            ,131445227,0000000.0000,0000000.0,689.89,0.253737,141445227,0000000.0000,0000000.0,3814.22,0.28094,68309.46,0.2525,
NK225MWE  ,OOP,20261028,65375.0,            ,131445327,0000000.0000,0000000.0,709.93,0.251547,141445327,0000000.0000,0000000.0,3709.38,0.278333,68309.46,0.2525,
NK225MWE  ,OOP,20261028,65500.0,            ,131445527,0000000.0000,0000000.0,743.98,0.251827,141445527,0000000.0000,0000000.0,3618.55,0.277287,68309.46,0.2525,
NK225MWE  ,OOP,20261028,65625.0,            ,131445627,0000000.0000,0000000.0,768.97,0.249353,141445627,0000000.0000,0000000.0,3518.67,0.275269,68309.46,0.2525,
NK225MWE  ,OOP,20261028,65750.0,            ,131445727,0000000.0000,0000000.0,803.83,0.249267,141445727,0000000.0000,0000000.0,3428.65,0.274746,68309.46,0.2525,
NK225MWE  ,OOP,20261028,65875.0,            ,131445827,0000000.0000,0000000.0,825.96,0.246519,141445827,0000000.0000,0000000.0,3325.91,0.271659,68309.46,0.2525,
NK225MWE  ,OOP,20261028,66000.0,            ,131446027,0000000.0000,0000000.0,889.84,0.250928,141446027,0000000.0000,0000000.0,3264.91,0.274776,68309.46,0.2525,
NK225MWE  ,OOP,20261028,66125.0,            ,131446127,0000000.0000,0000000.0,893.91,0.244665,141446127,0000000.0000,0000000.0,3144.11,0.269073,68309.46,0.2525,
NK225MWE  ,OOP,20261028,66250.0,            ,131446227,0000000.0000,0000000.0,936.6,0.245444,141446227,0000000.0000,0000000.0,3061.92,0.268709,68309.46,0.2525,
NK225MWE  ,OOP,20261028,66375.0,            ,131446327,0000000.0000,0000000.0,975.01,0.24445,141446327,0000000.0000,0000000.0,2975.46,0.268171,68309.46,0.2525,
NK225MWE  ,OOP,20261028,66500.0,            ,131446527,0000000.0000,0000000.0,1017.17,0.244047,141446527,0000000.0000,0000000.0,2892.74,0.267462,68309.46,0.2525,
NK225MWE  ,OOP,20261028,66625.0,            ,131446627,0000000.0000,0000000.0,1058.6,0.243454,141446627,0000000.0000,0000000.0,2809.29,0.266585,68309.46,0.2525,
NK225MWE  ,OOP,20261028,66750.0,            ,131446727,0000000.0000,0000000.0,1103.84,0.24342,141446727,0000000.0000,0000000.0,2729.66,0.266279,68309.46,0.2525,
NK225MWE  ,OOP,20261028,66875.0,            ,131446827,0000000.0000,0000000.0,1146.08,0.242449,141446827,0000000.0000,0000000.0,2647.02,0.265066,68309.46,0.2525,
NK225MWE  ,OOP,20261028,67000.0,            ,131447027,0000000.0000,0000000.0,1194.0,0.242029,141447027,0000000.0000,0000000.0,2570.07,0.264416,68309.46,0.2525,
NK225MWE  ,OOP,20261028,67125.0,            ,131447127,0000000.0000,0000000.0,1243.97,0.24214,141447127,0000000.0000,0000000.0,2495.16,0.264311,68309.46,0.2525,
NK225MWE  ,OOP,20261028,67250.0,            ,131447227,0000000.0000,0000000.0,1289.54,0.241333,141447227,0000000.0000,0000000.0,2415.86,0.263313,68309.46,0.2525,
NK225MWE  ,OOP,20261028,67375.0,            ,131447327,0000000.0000,0000000.0,1341.33,0.241052,141447327,0000000.0000,0000000.0,2342.77,0.262854,68309.46,0.2525,
NK225MWE  ,OOP,20261028,67500.0,            ,131447527,0000000.0000,0000000.0,1391.96,0.240575,141447527,0000000.0000,0000000.0,2268.52,0.261513,68309.46,0.2525,
NK225MWE  ,OOP,20261028,67625.0,            ,131447627,0000000.0000,0000000.0,1443.74,0.239906,141447627,0000000.0000,0000000.0,2195.43,0.260706,68309.46,0.2525,
NK225MWE  ,OOP,20261028,67750.0,            ,131447727,0000000.0000,0000000.0,1497.14,0.239046,141447727,0000000.0000,0000000.0,2123.95,0.260421,68309.46,0.2525,
NK225MWE  ,OOP,20261028,67875.0,            ,131447827,0000000.0000,0000000.0,1553.11,0.238691,141447827,0000000.0000,0000000.0,2055.05,0.259955,68309.46,0.2525,
NK225MWE  ,OOP,20261028,68000.0,            ,131448027,0000000.0000,0000000.0,1610.25,0.23814,141448027,0000000.0000,0000000.0,1987.31,0.259311,68309.46,0.2525,
NK225MWE  ,OOP,20261028,68125.0,            ,131448127,0000000.0000,0000000.0,1668.58,0.237394,141448127,0000000.0000,0000000.0,1920.76,0.258487,68309.46,0.2525,
NK225MWE  ,OOP,20261028,68250.0,            ,131448227,0000000.0000,0000000.0,1731.37,0.237141,141448227,0000000.0000,0000000.0,1858.68,0.258174,68309.46,0.2525,
NK225MWE  ,OOP,20261028,68375.0,            ,131448327,0000000.0000,0000000.0,1789.71,0.236692,141448327,0000000.0000,0000000.0,1792.14,0.25768,68309.46,0.2525,
NK225MWE  ,OOP,20261028,68500.0,            ,131448527,0001785.0000,0000000.0,1851.06,0.236045,141448527,0001690.0000,0000000.0,1728.62,0.257005,68309.46,0.2525,
NK225MWE  ,OOP,20261028,68625.0,            ,131448627,0000000.0000,0000000.0,1912.67,0.235201,141448627,0000000.0000,0000000.0,1665.35,0.256148,68309.46,0.2525,
NK225MWE  ,OOP,20261028,68750.0,            ,131448727,0000000.0000,0000000.0,1980.15,0.234846,141448727,0000000.0000,0000000.0,1607.95,0.255797,68309.46,0.2525,
NK225MWE  ,OOP,20261028,68875.0,            ,131448827,0000000.0000,0000000.0,2045.07,0.234291,141448827,0000000.0000,0000000.0,1548.0,0.255263,68309.46,0.2525,
NK225MWE  ,OOP,20261028,69000.0,            ,131449027,0000000.0000,0000000.0,2116.78,0.234228,141449027,0000000.0000,0000000.0,1494.84,0.255237,68309.46,0.2525,
NK225MWE  ,OOP,20261028,69125.0,            ,131449127,0000000.0000,0000000.0,2183.6,0.233272,141449127,0000000.0000,0000000.0,1436.77,0.254336,68309.46,0.2525,
NK225MWE  ,OOP,20261028,69250.0,            ,131449227,0000000.0000,0000000.0,2258.58,0.232808,141449227,0000000.0000,0000000.0,1386.88,0.253943,68309.46,0.2525,
NK225MWE  ,OOP,20261028,69375.0,            ,131449327,0000000.0000,0000000.0,2330.06,0.232141,141449327,0000000.0000,0000000.0,1333.49,0.253366,68309.46,0.2525,
NK225MWE  ,OOP,20261028,69500.0,            ,131449527,0000000.0000,0000000.0,2404.1,0.231976,141449527,0000000.0000,0000000.0,1282.65,0.253305,68309.46,0.2525,
NK225MWE  ,OOP,20261028,69625.0,            ,131449627,0000000.0000,0000000.0,2477.9,0.230899,141449627,0000000.0000,0000000.0,1231.58,0.252357,68309.46,0.2525,
NK225MWE  ,OOP,20261028,69750.0,            ,131449727,0000000.0000,0000000.0,2556.09,0.230326,141449727,0000000.0000,0000000.0,1184.89,0.252638,68309.46,0.2525,
NK225MWE  ,OOP,20261028,69875.0,            ,131449827,0000000.0000,0000000.0,2633.1,0.229545,141449827,0000000.0000,0000000.0,1137.03,0.252028,68309.46,0.2525,
NK225MWE  ,OOP,20261028,70000.0,            ,131440027,0000000.0000,0000000.0,2711.71,0.229282,141440027,0000000.0000,0000000.0,1090.76,0.251228,68309.46,0.2525,
NK225MWE  ,OOP,20261028,70125.0,            ,131440127,0000000.0000,0000000.0,2790.52,0.228077,141440127,0000000.0000,0000000.0,1044.69,0.250963,68309.46,0.2525,
NK225MWE  ,OOP,20261028,70250.0,            ,131440227,0000000.0000,0000000.0,2874.09,0.228144,141440227,0000000.0000,0000000.0,1003.38,0.250514,68309.46,0.2525,
NK225MWE  ,OOP,20261028,70375.0,            ,131440327,0000000.0000,0000000.0,2956.01,0.227257,141440327,0000000.0000,0000000.0,960.44,0.249877,68309.46,0.2525,
NK225MWE  ,OOP,20261028,70500.0,            ,131440527,0000000.0000,0000000.0,3043.53,0.226917,141440527,0000000.0000,0000000.0,923.07,0.249799,68309.46,0.2525,
NK225MWE  ,OOP,20261028,70625.0,            ,131440627,0000000.0000,0000000.0,3128.06,0.22637,141440627,0000000.0000,0000000.0,882.73,0.249541,68309.46,0.2525,
NK225MWE  ,OOP,20261028,70750.0,            ,131440727,0000000.0000,0000000.0,3214.54,0.225609,141440727,0000000.0000,0000000.0,844.33,0.249098,68309.46,0.2525,
NK225MWE  ,OOP,20261028,70875.0,            ,131440827,0000000.0000,0000000.0,3300.74,0.223817,141440827,0000000.0000,0000000.0,805.66,0.248465,68309.46,0.2525,
NK225MWE  ,OOP,20261028,71000.0,            ,131441027,0000000.0000,0000000.0,3391.5,0.223408,141441027,0000000.0000,0000000.0,771.54,0.248429,68309.46,0.2525,
NK225MWE  ,OOP,20261028,71125.0,            ,131441127,0000000.0000,0000000.0,3489.19,0.224463,141441127,0000000.0000,0000000.0,744.36,0.249018,68309.46,0.2525,
NK225MWE  ,OOP,20261028,71250.0,            ,131441227,0000000.0000,0000000.0,3575.67,0.222797,141441227,0000000.0000,0000000.0,705.96,0.247815,68309.46,0.2525,
NK225MWE  ,OOP,20261028,71375.0,            ,131441327,0000000.0000,0000000.0,3673.03,0.222611,141441327,0000000.0000,0000000.0,678.44,0.248057,68309.46,0.2525,
NK225MWE  ,OOP,20261028,71500.0,            ,131441527,0000000.0000,0000000.0,3764.86,0.221326,141441527,0000000.0000,0000000.0,645.4,0.247286,68309.46,0.2525,
NK225MWE  ,OOP,20261028,71625.0,            ,131441627,0000000.0000,0000000.0,3868.2,0.221613,141441627,0000000.0000,0000000.0,623.86,0.24889,68309.46,0.2525,
NK225MWE  ,OOP,20261028,71750.0,            ,131441727,0000000.0000,0000000.0,3958.05,0.219841,141441727,0000000.0000,0000000.0,588.84,0.247752,68309.46,0.2525,
NK225MWE  ,OOP,20261028,71875.0,            ,131441827,0000000.0000,0000000.0,4062.18,0.220668,141441827,0000000.0000,0000000.0,568.09,0.248179,68309.46,0.2525,
NK225MWE  ,OOP,20261028,72000.0,            ,131442027,0000000.0000,0000000.0,4155.09,0.218376,141442027,0000000.0000,0000000.0,536.13,0.247539,68309.46,0.2525,
NK225MWE  ,OOP,20261030,62500.0,            ,131442526,0000000.0000,0000000.0,375.74,0.293657,141442526,0000000.0000,0000000.0,6252.11,0.330335,68309.46,0.2525,
NK225MWE  ,OOP,20261030,62625.0,            ,131442626,0000000.0000,0000000.0,377.34,0.289076,141442626,0000000.0000,0000000.0,6128.84,0.32652,68309.46,0.2525,
NK225MWE  ,OOP,20261030,62750.0,            ,131442726,0000000.0000,0000000.0,394.07,0.288225,141442726,0000000.0000,0000000.0,6020.7,0.324868,68309.46,0.2525,
NK225MWE  ,OOP,20261030,62875.0,            ,131442826,0000000.0000,0000000.0,396.22,0.284816,141442826,0000000.0000,0000000.0,5897.99,0.319888,68309.46,0.2525,
NK225MWE  ,OOP,20261030,63000.0,            ,131443026,0000000.0000,0000000.0,416.39,0.283762,141443026,0000000.0000,0000000.0,5793.3,0.319171,68309.46,0.2525,
NK225MWE  ,OOP,20261030,63125.0,            ,131443126,0000000.0000,0000000.0,435.77,0.283744,141443126,0000000.0000,0000000.0,5687.81,0.318326,68309.46,0.2525,
NK225MWE  ,OOP,20261030,63250.0,            ,131443226,0000000.0000,0000000.0,436.75,0.278998,141443226,0000000.0000,0000000.0,5563.92,0.313247,68309.46,0.2525,
NK225MWE  ,OOP,20261030,63375.0,            ,131443326,0000000.0000,0000000.0,461.23,0.279869,141443326,0000000.0000,0000000.0,5463.54,0.313246,68309.46,0.2525,
NK225MWE  ,OOP,20261030,63500.0,            ,131443526,0000000.0000,0000000.0,469.22,0.276151,141443526,0000000.0000,0000000.0,5346.67,0.309103,68309.46,0.2525,
NK225MWE  ,OOP,20261030,63625.0,            ,131443626,0000000.0000,0000000.0,485.09,0.274558,141443626,0000000.0000,0000000.0,5237.66,0.306904,68309.46,0.2525,
NK225MWE  ,OOP,20261030,63750.0,            ,131443726,0000000.0000,0000000.0,493.06,0.2718,141443726,0000000.0000,0000000.0,5120.76,0.30365,68309.46,0.2525,
NK225MWE  ,OOP,20261030,63875.0,            ,131443826,0000000.0000,0000000.0,515.84,0.271052,141443826,0000000.0000,0000000.0,5018.69,0.302256,68309.46,0.2525,
NK225MWE  ,OOP,20261030,64000.0,            ,131444026,0000000.0000,0000000.0,529.86,0.269143,141444026,0000000.0000,0000000.0,4907.84,0.299809,68309.46,0.2525,
NK225MWE  ,OOP,20261030,64125.0,            ,131444126,0000000.0000,0000000.0,558.25,0.269124,141444126,0000000.0000,0000000.0,4811.36,0.299135,68309.46,0.2525,
NK225MWE  ,OOP,20261030,64250.0,            ,131444226,0000000.0000,0000000.0,576.16,0.267954,141444226,0000000.0000,0000000.0,4704.4,0.297413,68309.46,0.2525,
NK225MWE  ,OOP,20261030,64375.0,            ,131444326,0000000.0000,0000000.0,612.14,0.269506,141444326,0000000.0000,0000000.0,4615.52,0.298271,68309.46,0.2525,
NK225MWE  ,OOP,20261030,64500.0,            ,131444526,0000000.0000,0000000.0,634.04,0.268025,141444526,0000000.0000,0000000.0,4512.55,0.296301,68309.46,0.2525,
NK225MWE  ,OOP,20261030,64625.0,            ,131444626,0000000.0000,0000000.0,636.75,0.26275,141444626,0000000.0000,0000000.0,4390.39,0.290752,68309.46,0.2525,
NK225MWE  ,OOP,20261030,64750.0,            ,131444726,0000000.0000,0000000.0,658.36,0.261092,141444726,0000000.0000,0000000.0,4287.14,0.289491,68309.46,0.2525,
NK225MWE  ,OOP,20261030,64875.0,            ,131444826,0000000.0000,0000000.0,668.47,0.257529,141444826,0000000.0000,0000000.0,4172.38,0.285561,68309.46,0.2525,
NK225MWE  ,OOP,20261030,65000.0,            ,131445026,0000000.0000,0000000.0,717.28,0.260908,141445026,0000000.0000,0000000.0,4096.33,0.28743,68309.46,0.2525,
NK225MWE  ,OOP,20261030,65125.0,            ,131445126,0000000.0000,0000000.0,721.8,0.256265,141445126,0000000.0000,0000000.0,3975.98,0.282497,68309.46,0.2525,
NK225MWE  ,OOP,20261030,65250.0,            ,131445226,0000000.0000,0000000.0,752.97,0.254972,141445226,0000000.0000,0000000.0,3882.29,0.281597,68309.46,0.2525,
NK225MWE  ,OOP,20261030,65375.0,            ,131445326,0000000.0000,0000000.0,770.6,0.252706,141445326,0000000.0000,0000000.0,3775.04,0.278149,68309.46,0.2525,
NK225MWE  ,OOP,20261030,65500.0,            ,131445526,0000000.0000,0000000.0,808.93,0.252788,141445526,0000000.0000,0000000.0,3688.51,0.278588,68309.46,0.2525,
NK225MWE  ,OOP,20261030,65625.0,            ,131445626,0000000.0000,0000000.0,832.71,0.251073,141445626,0000000.0000,0000000.0,3587.43,0.275722,68309.46,0.2525,
NK225MWE  ,OOP,20261030,65750.0,            ,131445726,0000000.0000,0000000.0,871.05,0.250813,141445726,0000000.0000,0000000.0,3500.89,0.275849,68309.46,0.2525,
NK225MWE  ,OOP,20261030,65875.0,            ,131445826,0000000.0000,0000000.0,890.69,0.248031,141445826,0000000.0000,0000000.0,3395.67,0.271992,68309.46,0.2525,
NK225MWE  ,OOP,20261030,66000.0,            ,131446026,0000000.0000,0000000.0,957.32,0.252075,141446026,0000000.0000,0000000.0,3337.44,0.275594,68309.46,0.2525,
NK225MWE  ,OOP,20261030,66125.0,            ,131446126,0000000.0000,0000000.0,961.28,0.245955,141446126,0000000.0000,0000000.0,3216.53,0.270011,68309.46,0.2525,
NK225MWE  ,OOP,20261030,66250.0,            ,131446226,0000000.0000,0000000.0,1006.5,0.246558,141446226,0000000.0000,0000000.0,3136.88,0.270274,68309.46,0.2525,
NK225MWE  ,OOP,20261030,66375.0,            ,131446326,0000000.0000,0000000.0,1044.81,0.246219,141446326,0000000.0000,0000000.0,3050.33,0.268905,68309.46,0.2525,
NK225MWE  ,OOP,20261030,66500.0,            ,131446526,0000000.0000,0000000.0,1087.99,0.245702,141446526,0000000.0000,0000000.0,2968.65,0.268115,68309.46,0.2525,
NK225MWE  ,OOP,20261030,66625.0,            ,131446626,0000000.0000,0000000.0,1129.49,0.245013,141446626,0000000.0000,0000000.0,2885.28,0.267172,68309.46,0.2525,
NK225MWE  ,OOP,20261030,66750.0,            ,131446726,0000000.0000,0000000.0,1175.92,0.244869,141446726,0000000.0000,0000000.0,2806.84,0.266784,68309.46,0.2525,
NK225MWE  ,OOP,20261030,66875.0,            ,131446826,0000000.0000,0000000.0,1217.33,0.243836,141446826,0000000.0000,0000000.0,2723.38,0.265532,68309.46,0.2525,
NK225MWE  ,OOP,20261030,67000.0,            ,131447026,0000000.0000,0000000.0,1266.39,0.243339,141447026,0000000.0000,0000000.0,2647.58,0.265523,68309.46,0.2525,
NK225MWE  ,OOP,20261030,67125.0,            ,131447126,0000000.0000,0000000.0,1317.78,0.243361,141447126,0000000.0000,0000000.0,2574.1,0.265345,68309.46,0.2525,
NK225MWE  ,OOP,20261030,67250.0,            ,131447226,0000000.0000,0000000.0,1362.11,0.242509,141447226,0000000.0000,0000000.0,2493.57,0.264314,68309.46,0.2525,
NK225MWE  ,OOP,20261030,67375.0,            ,131447326,0000000.0000,0000000.0,1414.84,0.242171,141447326,0000000.0000,0000000.0,2421.43,0.263809,68309.46,0.2525,
NK225MWE  ,OOP,20261030,67500.0,            ,131447526,0000000.0000,0000000.0,1465.21,0.241653,141447526,0000000.0000,0000000.0,2346.93,0.263141,68309.46,0.2525,
NK225MWE  ,OOP,20261030,67625.0,            ,131447626,0000000.0000,0000000.0,1516.59,0.240957,141447626,0000000.0000,0000000.0,2273.45,0.262311,68309.46,0.2525,
NK225MWE  ,OOP,20261030,67750.0,            ,131447726,0000000.0000,0000000.0,1569.66,0.240085,141447726,0000000.0000,0000000.0,2201.65,0.26132,68309.46,0.2525,
NK225MWE  ,OOP,20261030,67875.0,            ,131447826,0000000.0000,0000000.0,1625.79,0.239707,141447826,0000000.0000,0000000.0,2132.91,0.260837,68309.46,0.2525,
NK225MWE  ,OOP,20261030,68000.0,            ,131448026,0000000.0000,0000000.0,1682.95,0.239148,141448026,0000000.0000,0000000.0,2065.21,0.260188,68309.46,0.2525,
NK225MWE  ,OOP,20261030,68125.0,            ,131448126,0000000.0000,0000000.0,1741.15,0.238409,141448126,0000000.0000,0000000.0,1998.54,0.259374,68309.46,0.2525,
NK225MWE  ,OOP,20261030,68250.0,            ,131448226,0001850.0000,0000000.0,1805.15,0.238818,141448226,0001820.0000,0000000.0,1937.67,0.259722,68309.46,0.2525,
NK225MWE  ,OOP,20261030,68375.0,            ,131448326,0000000.0000,0000000.0,1862.01,0.237716,141448326,0000000.0000,0000000.0,1869.67,0.258575,68309.46,0.2525,
NK225MWE  ,OOP,20261030,68500.0,            ,131448526,0000000.0000,0000000.0,1922.55,0.237097,141448526,0000000.0000,0000000.0,1805.35,0.257925,68309.46,0.2525,
NK225MWE  ,OOP,20261030,68625.0,            ,131448626,0000000.0000,0000000.0,1982.79,0.235632,141448626,0000000.0000,0000000.0,1740.72,0.256445,68309.46,0.2525,
NK225MWE  ,OOP,20261030,68750.0,            ,131448726,0000000.0000,0000000.0,2050.89,0.235971,141448726,0000000.0000,0000000.0,1683.95,0.256784,68309.46,0.2525,
NK225MWE  ,OOP,20261030,68875.0,            ,131448826,0000000.0000,0000000.0,2114.58,0.234799,141448826,0000000.0000,0000000.0,1622.77,0.255627,68309.46,0.2525,
NK225MWE  ,OOP,20261030,69000.0,            ,131449026,0000000.0000,0000000.0,2187.47,0.234771,141449026,0000000.0000,0000000.0,1570.8,0.255629,68309.46,0.2525,
NK225MWE  ,OOP,20261030,69125.0,            ,131449126,0000000.0000,0000000.0,2252.55,0.233891,141449126,0000000.0000,0000000.0,1511.02,0.254796,68309.46,0.2525,
NK225MWE  ,OOP,20261030,69250.0,            ,131449226,0000000.0000,0000000.0,2328.85,0.234165,141449226,0000000.0000,0000000.0,1462.44,0.255128,68309.46,0.2525,
NK225MWE  ,OOP,20261030,69375.0,            ,131449326,0000000.0000,0000000.0,2399.39,0.233584,141449326,0000000.0000,0000000.0,1408.12,0.254624,68309.46,0.2525,
NK225MWE  ,OOP,20261030,69500.0,            ,131449526,0000000.0000,0000000.0,2472.97,0.232814,141449526,0000000.0000,0000000.0,1356.84,0.253948,68309.46,0.2525,
NK225MWE  ,OOP,20261030,69625.0,            ,131449626,0000000.0000,0000000.0,2545.55,0.231852,141449626,0000000.0000,0000000.0,1304.55,0.253099,68309.46,0.2525,
NK225MWE  ,OOP,20261030,69750.0,            ,131449726,0000000.0000,0000000.0,2623.85,0.232071,141449726,0000000.0000,0000000.0,1257.99,0.253438,68309.46,0.2525,
NK225MWE  ,OOP,20261030,69875.0,            ,131449826,0000000.0000,0000000.0,2699.79,0.230724,141449826,0000000.0000,0000000.0,1209.05,0.252929,68309.46,0.2525,
NK225MWE  ,OOP,20261030,70000.0,            ,131440026,0000000.0000,0000000.0,2777.4,0.230571,141440026,0000000.0000,0000000.0,1161.79,0.252245,68309.46,0.2525,
NK225MWE  ,OOP,20261030,70125.0,            ,131440126,0000000.0000,0000000.0,2854.66,0.229525,141440126,0000000.0000,0000000.0,1114.19,0.251385,68309.46,0.2525,
NK225MWE  ,OOP,20261030,70250.0,            ,131440226,0000000.0000,0000000.0,2938.23,0.228991,141440226,0000000.0000,0000000.0,1072.9,0.251754,68309.46,0.2525,
NK225MWE  ,OOP,20261030,70375.0,            ,131440326,0000000.0000,0000000.0,3018.78,0.228262,141440326,0000000.0000,0000000.0,1028.58,0.250541,68309.46,0.2525,
NK225MWE  ,OOP,20261030,70500.0,            ,131440526,0000000.0000,0000000.0,3106.88,0.228066,141440526,0000000.0000,0000000.0,991.82,0.251294,68309.46,0.2525,
NK225MWE  ,OOP,20261030,70625.0,            ,131440626,0000000.0000,0000000.0,3190.0,0.227683,141440626,0000000.0000,0000000.0,950.07,0.250446,68309.46,0.2525,
NK225MWE  ,OOP,20261030,70750.0,            ,131440726,0000000.0000,0000000.0,3275.36,0.226353,141440726,0000000.0000,0000000.0,910.56,0.250148,68309.46,0.2525,
NK225MWE  ,OOP,20261030,70875.0,            ,131440826,0000000.0000,0000000.0,3359.71,0.225566,141440826,0000000.0000,0000000.0,870.04,0.248934,68309.46,0.2525,
NK225MWE  ,OOP,20261030,71000.0,            ,131441026,0000000.0000,0000000.0,3450.16,0.225351,141441026,0000000.0000,0000000.0,835.63,0.249033,68309.46,0.2525,
NK225MWE  ,OOP,20261030,71125.0,            ,131441126,0000000.0000,0000000.0,3549.62,0.225739,141441126,0000000.0000,0000000.0,810.22,0.250497,68309.46,0.2525,
NK225MWE  ,OOP,20261030,71250.0,            ,131441226,0000000.0000,0000000.0,3631.96,0.223537,141441226,0000000.0000,0000000.0,767.69,0.248741,68309.46,0.2525,
NK225MWE  ,OOP,20261030,71375.0,            ,131441326,0000000.0000,0000000.0,3729.83,0.224363,141441326,0000000.0000,0000000.0,740.7,0.249129,68309.46,0.2525,
NK225MWE  ,OOP,20261030,71500.0,            ,131441526,0000000.0000,0000000.0,3819.0,0.222519,141441526,0000000.0000,0000000.0,705.0,0.248566,68309.46,0.2525,
NK225MWE  ,OOP,20261030,71625.0,            ,131441626,0000000.0000,0000000.0,3924.7,0.223848,141441626,0000000.0000,0000000.0,685.84,0.250257,68309.46,0.2525,
NK225MWE  ,OOP,20261030,71750.0,            ,131441726,0000000.0000,0000000.0,4009.88,0.221546,141441726,0000000.0000,0000000.0,646.15,0.248544,68309.46,0.2525,
NK225MWE  ,OOP,20261030,71875.0,            ,131441826,0000000.0000,0000000.0,4115.76,0.222547,141441826,0000000.0000,0000000.0,627.16,0.249965,68309.46,0.2525,
NK225MWE  ,OOP,20261030,72000.0,            ,131442026,0000000.0000,0000000.0,4204.46,0.219733,141442026,0000000.0000,0000000.0,591.0,0.24786,68309.46,0.2525,
NK225MWE  ,OOP,20261106,66000.0,            ,131456026,0000000.0000,0000000.0,1186.27,0.256694,141456026,0000000.0000,0000000.0,3584.04,0.277538,68309.46,0.2525,
NK225MWE  ,OOP,20261106,66125.0,            ,131456126,0000000.0000,0000000.0,1190.22,0.251652,141456126,0000000.0000,0000000.0,3463.16,0.272322,68309.46,0.2525,
NK225MWE  ,OOP,20261106,66250.0,            ,131456226,0000000.0000,0000000.0,1244.62,0.252465,141456226,0000000.0000,0000000.0,3392.73,0.272892,68309.46,0.2525,
NK225MWE  ,OOP,20261106,66375.0,            ,131456326,0000000.0000,0000000.0,1281.59,0.251171,141456326,0000000.0000,0000000.0,3304.86,0.272033,68309.46,0.2525,
NK225MWE  ,OOP,20261106,66500.0,            ,131456526,0000000.0000,0000000.0,1328.0,0.251041,141456526,0000000.0000,0000000.0,3226.44,0.27169,68309.46,0.2525,
NK225MWE  ,OOP,20261106,66625.0,            ,131456626,0000000.0000,0000000.0,1368.92,0.250131,141456626,0000000.0000,0000000.0,3142.52,0.270588,68309.46,0.2525,
NK225MWE  ,OOP,20261106,66750.0,            ,131456726,0000000.0000,0000000.0,1419.33,0.250355,141456726,0000000.0000,0000000.0,3068.11,0.269994,68309.46,0.2525,
NK225MWE  ,OOP,20261106,66875.0,            ,131456826,0000000.0000,0000000.0,1456.7,0.248552,141456826,0000000.0000,0000000.0,2980.64,0.268653,68309.46,0.2525,
NK225MWE  ,OOP,20261106,67000.0,            ,131457026,0000000.0000,0000000.0,1509.63,0.248495,141457026,0000000.0000,0000000.0,2908.74,0.268431,68309.46,0.2525,
NK225MWE  ,OOP,20261106,67125.0,            ,131457126,0000000.0000,0000000.0,1566.09,0.248911,141457126,0000000.0000,0000000.0,2840.37,0.268692,68309.46,0.2525,
NK225MWE  ,OOP,20261106,67250.0,            ,131457226,0000000.0000,0000000.0,1604.92,0.247339,141457226,0000000.0000,0000000.0,2754.36,0.266984,68309.46,0.2525,
NK225MWE  ,OOP,20261106,67375.0,            ,131457326,0000000.0000,0000000.0,1660.89,0.247469,141457326,0000000.0000,0000000.0,2685.5,0.266983,68309.46,0.2525,
NK225MWE  ,OOP,20261106,67500.0,            ,131457526,0000000.0000,0000000.0,1709.82,0.246241,141457526,0000000.0000,0000000.0,2609.6,0.265639,68309.46,0.2525,
NK225MWE  ,OOP,20261106,67625.0,            ,131457626,0000000.0000,0000000.0,1759.25,0.245484,141457626,0000000.0000,0000000.0,2534.2,0.264775,68309.46,0.2525,
NK225MWE  ,OOP,20261106,67750.0,            ,131457726,0000000.0000,0000000.0,1810.7,0.244589,141457726,0000000.0000,0000000.0,2460.81,0.263783,68309.46,0.2525,
NK225MWE  ,OOP,20261106,67875.0,            ,131457826,0000000.0000,0000000.0,1867.24,0.244156,141457826,0000000.0000,0000000.0,2392.51,0.263263,68309.46,0.2525,
NK225MWE  ,OOP,20261106,68000.0,            ,131458026,0000000.0000,0000000.0,1924.3,0.24358,141458026,0000000.0000,0000000.0,2324.74,0.262611,68309.46,0.2525,
NK225MWE  ,OOP,20261106,68125.0,            ,131458126,0000000.0000,0000000.0,1981.87,0.242864,141458126,0000000.0000,0000000.0,2257.49,0.261829,68309.46,0.2525,
NK225MWE  ,OOP,20261106,68250.0,            ,131458226,0000000.0000,0000000.0,2050.65,0.243788,141458226,0000000.0000,0000000.0,2201.43,0.262698,68309.46,0.2525,
NK225MWE  ,OOP,20261106,68375.0,            ,131458326,0000000.0000,0000000.0,2101.67,0.242193,141458326,0000000.0000,0000000.0,2127.62,0.261059,68309.46,0.2525,
NK225MWE  ,OOP,20261106,68500.0,            ,131458526,0000000.0000,0000000.0,2159.14,0.241051,141458526,0000000.0000,0000000.0,2060.26,0.259883,68309.46,0.2525,
NK225MWE  ,OOP,20261106,68625.0,            ,131458626,0000000.0000,0000000.0,2214.13,0.239766,141458626,0000000.0000,0000000.0,1990.41,0.258574,68309.46,0.2525,
NK225MWE  ,OOP,20261106,68750.0,            ,131458726,0000000.0000,0000000.0,2284.88,0.239522,141458726,0000000.0000,0000000.0,1936.33,0.258317,68309.46,0.2525,
NK225MWE  ,OOP,20261106,68875.0,            ,131458826,0000000.0000,0000000.0,2343.97,0.23854,141458826,0000000.0000,0000000.0,1870.59,0.257333,68309.46,0.2525,
NK225MWE  ,OOP,20261106,69000.0,            ,131459026,0000000.0000,0000000.0,2421.88,0.239194,141459026,0000000.0000,0000000.0,1823.66,0.257995,68309.46,0.2525,
NK225MWE  ,OOP,20261106,69125.0,            ,131459126,0000000.0000,0000000.0,2480.49,0.237919,141459126,0000000.0000,0000000.0,1757.44,0.256741,68309.46,0.2525,
NK225MWE  ,OOP,20261106,69250.0,            ,131459226,0000000.0000,0000000.0,2562.49,0.238885,141459226,0000000.0000,0000000.0,1714.61,0.257734,68309.46,0.2525,
NK225MWE  ,OOP,20261106,69375.0,            ,131459326,0000000.0000,0000000.0,2629.78,0.237915,141459326,0000000.0000,0000000.0,1657.06,0.256806,68309.46,0.2525,
NK225MWE  ,OOP,20261106,69500.0,            ,131459526,0000000.0000,0000000.0,2702.15,0.237397,141459526,0000000.0000,0000000.0,1604.61,0.25634,68309.46,0.2525,
NK225MWE  ,OOP,20261106,69625.0,            ,131459626,0000000.0000,0000000.0,2770.48,0.236126,141459626,0000000.0000,0000000.0,1548.1,0.255738,68309.46,0.2525,
NK225MWE  ,OOP,20261106,69750.0,            ,131459726,0000000.0000,0000000.0,2849.97,0.236525,141459726,0000000.0000,0000000.0,1502.76,0.255604,68309.46,0.2525,
NK225MWE  ,OOP,20261106,69875.0,            ,131459826,0000000.0000,0000000.0,2922.37,0.235561,141459826,0000000.0000,0000000.0,1450.33,0.255338,68309.46,0.2525,
NK225MWE  ,OOP,20261106,70000.0,            ,131450026,0000000.0000,0000000.0,2996.82,0.235059,141450026,0000000.0000,0000000.0,1399.94,0.254325,68309.46,0.2525,
NK225MWE  ,OOP,20261106,70125.0,            ,131450126,0000000.0000,0000000.0,3068.74,0.233785,141450126,0000000.0000,0000000.0,1347.02,0.253169,68309.46,0.2525,
NK225MWE  ,OOP,20261106,70250.0,            ,131450226,0000000.0000,0000000.0,3153.27,0.234228,141450226,0000000.0000,0000000.0,1306.73,0.253726,68309.46,0.2525,
NK225MWE  ,OOP,20261106,70375.0,            ,131450326,0000000.0000,0000000.0,3229.23,0.232641,141450326,0000000.0000,0000000.0,1257.86,0.252911,68309.46,0.2525,
NK225MWE  ,OOP,20261106,70500.0,            ,131450526,0000000.0000,0000000.0,3320.78,0.23407,141450526,0000000.0000,0000000.0,1224.57,0.25384,68309.46,0.2525,
NK225MWE  ,OOP,20261106,70625.0,            ,131450626,0000000.0000,0000000.0,3399.24,0.232811,141450626,0000000.0000,0000000.0,1178.2,0.25275,68309.46,0.2525,
NK225MWE  ,OOP,20261106,70750.0,            ,131450726,0000000.0000,0000000.0,3481.19,0.232034,141450726,0000000.0000,0000000.0,1135.32,0.252792,68309.46,0.2525,
NK225MWE  ,OOP,20261106,70875.0,            ,131450826,0000000.0000,0000000.0,3559.14,0.230438,141450826,0000000.0000,0000000.0,1088.44,0.251412,68309.46,0.2525,
NK225MWE  ,OOP,20261106,71000.0,            ,131451026,0000000.0000,0000000.0,3649.58,0.230663,141451026,0000000.0000,0000000.0,1054.04,0.251833,68309.46,0.2525,
NK225MWE  ,OOP,20261106,71125.0,            ,131451126,0000000.0000,0000000.0,3757.5,0.233448,141451126,0000000.0000,0000000.0,1037.13,0.254108,68309.46,0.2525,
NK225MWE  ,OOP,20261106,71250.0,            ,131451226,0000000.0000,0000000.0,3824.08,0.230017,141451226,0000000.0000,0000000.0,978.87,0.250977,68309.46,0.2525,
NK225MWE  ,OOP,20261106,71375.0,            ,131451326,0000000.0000,0000000.0,3925.39,0.231202,141451326,0000000.0000,0000000.0,955.35,0.252362,68309.46,0.2525,
NK225MWE  ,OOP,20261106,71500.0,            ,131451526,0000000.0000,0000000.0,4004.83,0.228761,141451526,0000000.0000,0000000.0,909.96,0.250923,68309.46,0.2525,
NK225MWE  ,OOP,20261106,71625.0,            ,131451626,0000000.0000,0000000.0,4121.76,0.231819,141451626,0000000.0000,0000000.0,902.06,0.254148,68309.46,0.2525,
NK225MWE  ,OOP,20261106,71750.0,            ,131451726,0000000.0000,0000000.0,4188.78,0.227579,141451726,0000000.0000,0000000.0,844.24,0.250345,68309.46,0.2525,
NK225MWE  ,OOP,20261106,71875.0,            ,131451826,0000000.0000,0000000.0,4303.48,0.23044,141451826,0000000.0000,0000000.0,834.11,0.253392,68309.46,0.2525,
NK225MWE  ,OOP,20261106,72000.0,            ,131452026,0000000.0000,0000000.0,4375.87,0.226495,141452026,0000000.0000,0000000.0,781.67,0.249936,68309.46,0.2525,
NK225MWE  ,OOP,20261113,60500.0,            ,181460526,0000390.0000,0000000.0,390.0,0.30824,191460526,0000000.0000,0000000.0,8287.18,0.325629,68309.46,0.2525,
NK225MWE  ,OOP,20261113,60625.0,            ,181460626,0000380.0000,0000000.0,382.96,0.305632,191460626,0000000.0000,0000000.0,8164.75,0.321711,68309.46,0.2525,
NK225MWE  ,OOP,20261113,60750.0,            ,181460726,0000430.0000,0000000.0,430.76,0.304118,191460726,0000000.0000,0000000.0,8062.04,0.32302,68309.46,0.2525,
NK225MWE  ,OOP,20261113,60875.0,            ,181460826,0000000.0000,0000000.0,409.88,0.298114,191460826,0000000.0000,0000000.0,7942.07,0.320089,68309.46,0.2525,
NK225MWE  ,OOP,20261113,61000.0,            ,181461026,0000455.0000,0000000.0,454.08,0.301997,191461026,0000000.0000,0000000.0,7831.96,0.319158,68309.46,0.2525,
NK225MWE  ,OOP,20261113,61125.0,            ,181461126,0000000.0000,0000000.0,429.39,0.294954,191461126,0000000.0000,0000000.0,7711.98,0.316166,68309.46,0.2525,
NK225MWE  ,OOP,20261113,61250.0,            ,181461226,0000480.0000,0000000.0,479.96,0.299584,191461226,0000000.0000,0000000.0,7611.73,0.316095,68309.46,0.2525,
NK225MWE  ,OOP,20261113,61375.0,            ,181461326,0000000.0000,0000000.0,456.29,0.298781,191461326,0000000.0000,0000000.0,7489.28,0.313032,68309.46,0.2525,
NK225MWE  ,OOP,20261113,61500.0,            ,181461526,0000485.0000,0000000.0,508.4,0.296895,191461526,0000000.0000,0000000.0,7401.38,0.315628,68309.46,0.2525,
NK225MWE  ,OOP,20261113,61625.0,            ,181461626,0000000.0000,0000000.0,497.99,0.292981,191461626,0000000.0000,0000000.0,7281.38,0.312468,68309.46,0.2525,
NK225MWE  ,OOP,20261113,61750.0,            ,181461726,0000540.0000,0000000.0,534.31,0.294911,191461726,0000000.0000,0000000.0,7171.26,0.311122,68309.46,0.2525,
NK225MWE  ,OOP,20261113,61875.0,            ,181461826,0000555.0000,0000000.0,514.99,0.2938,191461826,0000000.0000,0000000.0,7048.79,0.307904,68309.46,0.2525,
NK225MWE  ,OOP,20261113,62000.0,            ,181462026,0000550.0000,0000000.0,549.99,0.292614,191462026,0000000.0000,0000000.0,6946.07,0.307345,68309.46,0.2525,
NK225MWE  ,OOP,20261113,62125.0,            ,181462126,0000000.0000,0000000.0,541.86,0.291353,191462126,0000000.0000,0000000.0,6826.06,0.304061,68309.46,0.2525,
NK225MWE  ,OOP,20261113,62250.0,            ,181462226,0000535.0000,0000000.0,598.92,0.29092,191462226,0000000.0000,0000000.0,6750.52,0.30852,68309.46,0.2525,
NK225MWE  ,OOP,20261113,62375.0,            ,131462326,0000000.0000,0000000.0,593.43,0.28684,141462326,0000000.0000,0000000.0,6628.03,0.304275,68309.46,0.2525,
NK225MWE  ,OOP,20261113,62500.0,            ,131462526,0000630.0000,0000000.0,632.52,0.287146,141462526,0000000.0000,0000000.0,6520.36,0.302541,68309.46,0.2525,
NK225MWE  ,OOP,20261113,62625.0,            ,131462626,0000000.0000,0000000.0,612.86,0.282153,141462626,0000000.0000,0000000.0,6397.86,0.299094,68309.46,0.2525,
NK225MWE  ,OOP,20261113,62750.0,            ,131462726,0000600.0000,0000000.0,668.68,0.285689,141462726,0000000.0000,0000000.0,6314.92,0.30133,68309.46,0.2525,
NK225MWE  ,OOP,20261113,62875.0,            ,131462826,0000000.0000,0000000.0,657.01,0.28066,141462826,0000000.0000,0000000.0,6192.41,0.297789,68309.46,0.2525,
NK225MWE  ,OOP,20261113,63000.0,            ,131463026,0000720.0000,0000000.0,707.41,0.285495,141463026,0006130.0000,0000000.0,6121.83,0.30132,68309.46,0.2525,
NK225MWE  ,OOP,20261113,63125.0,            ,131463126,0000000.0000,0000000.0,740.73,0.286024,141463126,0000000.0000,0000000.0,6026.53,0.301533,68309.46,0.2525,
NK225MWE  ,OOP,20261113,63250.0,            ,131463226,0000725.0000,0000000.0,748.7,0.283282,141463226,0000000.0000,0000000.0,5911.42,0.298593,68309.46,0.2525,
NK225MWE  ,OOP,20261113,63375.0,            ,131463326,0000000.0000,0000000.0,777.44,0.282827,141463326,0000000.0000,0000000.0,5813.64,0.297873,68309.46,0.2525,
NK225MWE  ,OOP,20261113,63500.0,            ,131463526,0000815.0000,0000000.0,795.08,0.280745,141463526,0000000.0000,0000000.0,5705.95,0.296321,68309.46,0.2525,
NK225MWE  ,OOP,20261113,63625.0,            ,131463626,0000000.0000,0000000.0,826.51,0.281614,141463626,0000000.0000,0000000.0,5613.12,0.296162,68309.46,0.2525,
NK225MWE  ,OOP,20261113,63750.0,            ,131463726,0000755.0000,0000000.0,841.47,0.279381,141463726,0000000.0000,0000000.0,5505.42,0.293735,68309.46,0.2525,
NK225MWE  ,OOP,20261113,63875.0,            ,131463826,0000000.0000,0000000.0,868.15,0.278555,141463826,0000000.0000,0000000.0,5405.16,0.292683,68309.46,0.2525,
NK225MWE  ,OOP,20261113,64000.0,            ,131464026,0000860.0000,0000000.0,859.99,0.277636,141464026,0005460.0000,0000000.0,5304.88,0.291548,68309.46,0.2525,
NK225MWE  ,OOP,20261113,64125.0,            ,131464126,0000000.0000,0000000.0,944.47,0.280166,141464126,0000000.0000,0000000.0,5231.88,0.293795,68309.46,0.2525,
NK225MWE  ,OOP,20261113,64250.0,            ,131464226,0000930.0000,0000000.0,941.95,0.275527,141464226,0000000.0000,0000000.0,5109.29,0.289718,68309.46,0.2525,
NK225MWE  ,OOP,20261113,64375.0,            ,131464326,0000000.0000,0000000.0,968.72,0.273649,141464326,0000000.0000,0000000.0,5006.53,0.287653,68309.46,0.2525,
NK225MWE  ,OOP,20261113,64500.0,            ,131464526,0000970.0000,0000000.0,996.02,0.270331,141464526,0004975.0000,0000000.0,4975.0,0.283509,68309.46,0.2525,
NK225MWE  ,OOP,20261113,64625.0,            ,131464626,0000000.0000,0000000.0,978.05,0.265613,141464626,0000000.0000,0000000.0,4766.26,0.279337,68309.46,0.2525,
NK225MWE  ,OOP,20261113,64750.0,            ,131464726,0001080.0000,0000000.0,1052.64,0.270273,141464726,0004640.0000,0000000.0,4705.65,0.28305,68309.46,0.2525,
NK225MWE  ,OOP,20261113,64875.0,            ,131464826,0000000.0000,0000000.0,1103.47,0.264785,141464826,0000000.0000,0000000.0,4583.01,0.278109,68309.46,0.2525,
NK225MWE  ,OOP,20261113,65000.0,            ,131465026,0001125.0000,0000000.0,1114.35,0.267147,141465026,0004640.0000,0000000.0,4532.34,0.282808,68309.46,0.2525,
NK225MWE  ,OOP,20261113,65125.0,            ,131465126,0000000.0000,0000000.0,1123.16,0.265462,141465126,0000000.0000,0000000.0,4412.17,0.27776,68309.46,0.2525,
NK225MWE  ,OOP,20261113,65250.0,            ,131465226,0001375.0000,0000000.0,1183.65,0.266882,141465226,0000000.0000,0000000.0,4339.17,0.279622,68309.46,0.2525,
NK225MWE  ,OOP,20261113,65375.0,            ,131465326,0000000.0000,0000000.0,1214.53,0.261852,141465326,0000000.0000,0000000.0,4216.48,0.274481,68309.46,0.2525,
NK225MWE  ,OOP,20261113,65500.0,            ,131465526,0001245.0000,0000000.0,1245.0,0.266162,141465526,0000000.0000,0000000.0,4165.85,0.278582,68309.46,0.2525,
NK225MWE  ,OOP,20261113,65625.0,            ,131465626,0000000.0000,0000000.0,1260.79,0.26225,141465626,0000000.0000,0000000.0,4050.6,0.274552,68309.46,0.2525,
NK225MWE  ,OOP,20261113,65750.0,            ,131465726,0001280.0000,0000000.0,1327.37,0.263789,141465726,0000000.0000,0000000.0,3982.57,0.275929,68309.46,0.2525,
NK225MWE  ,OOP,20261113,65875.0,            ,131465826,0000000.0000,0000000.0,1322.12,0.259135,141465826,0000000.0000,0000000.0,3862.33,0.27117,68309.46,0.2525,
NK225MWE  ,OOP,20261113,66000.0,            ,131466026,0001420.0000,0000000.0,1404.3,0.263434,141466026,0003790.0000,0000000.0,3798.48,0.2753,68309.46,0.2525,
NK225MWE  ,OOP,20261113,66125.0,            ,131466126,0000000.0000,0000000.0,1410.79,0.258637,141466126,0000000.0000,0000000.0,3701.4,0.270404,68309.46,0.2525,
NK225MWE  ,OOP,20261113,66250.0,            ,131466226,0001460.0000,0000000.0,1481.27,0.260864,141466226,0003660.0000,0000000.0,3633.92,0.272494,68309.46,0.2525,
NK225MWE  ,OOP,20261113,66375.0,            ,131466326,0000000.0000,0000000.0,1509.42,0.258853,141466326,0000000.0000,0000000.0,3550.44,0.270955,68309.46,0.2525,
NK225MWE  ,OOP,20261113,66500.0,            ,131466526,0001595.0000,0000000.0,1565.8,0.25907,141466526,0000000.0000,0000000.0,3439.17,0.270478,68309.46,0.2525,
NK225MWE  ,OOP,20261113,66625.0,            ,131466626,0001640.0000,0000000.0,1598.08,0.258018,141466626,0000000.0000,0000000.0,3389.5,0.269324,68309.46,0.2525,
NK225MWE  ,OOP,20261113,66750.0,            ,131466726,0000000.0000,0000000.0,1650.36,0.258574,141466726,0000000.0000,0000000.0,3286.33,0.269777,68309.46,0.2525,
NK225MWE  ,OOP,20261113,66875.0,            ,131466826,0000000.0000,0000000.0,1679.48,0.256173,141466826,0000000.0000,0000000.0,3226.05,0.267288,68309.46,0.2525,
NK225MWE  ,OOP,20261113,67000.0,            ,131467026,0001750.0000,0000000.0,1747.51,0.2565,141467026,0003075.0000,0000000.0,3110.9,0.267524,68309.46,0.2525,
NK225MWE  ,OOP,20261113,67125.0,            ,131467126,0001805.0000,0000000.0,1802.8,0.257267,141467126,0000000.0000,0000000.0,3095.02,0.268763,68309.46,0.2525,
NK225MWE  ,OOP,20261113,67250.0,            ,131467226,0001795.0000,0000000.0,1839.66,0.254566,141467226,0000000.0000,0000000.0,2993.24,0.265985,68309.46,0.2525,
NK225MWE  ,OOP,20261113,67375.0,            ,131467326,0000000.0000,0000000.0,1870.41,0.255101,141467326,0000000.0000,0000000.0,2936.54,0.266443,68309.46,0.2525,
NK225MWE  ,OOP,20261113,67500.0,            ,131467526,0001955.0000,0000000.0,1944.37,0.253859,141467526,0002860.0000,0000000.0,2810.36,0.265131,68309.46,0.2525,
NK225MWE  ,OOP,20261113,67625.0,            ,131467626,0000000.0000,0000000.0,1982.95,0.252511,141467626,0000000.0000,0000000.0,2769.07,0.263717,68309.46,0.2525,
NK225MWE  ,OOP,20261113,67750.0,            ,131467726,0000000.0000,0000000.0,2056.62,0.251604,141467726,0000000.0000,0000000.0,2677.66,0.262748,68309.46,0.2525,
NK225MWE  ,OOP,20261113,67875.0,            ,131467826,0000000.0000,0000000.0,2072.68,0.251131,141467826,0000000.0000,0000000.0,2638.85,0.26222,68309.46,0.2525,
NK225MWE  ,OOP,20261113,68000.0,            ,131468026,0002185.0000,0000000.0,2163.87,0.255988,141468026,0002660.0000,0000000.0,2539.96,0.256137,68309.46,0.2525,
NK225MWE  ,OOP,20261113,68125.0,            ,131468126,0000000.0000,0000000.0,2182.49,0.250386,141468126,0002505.0000,0000000.0,2500.96,0.261377,68309.46,0.2525,
NK225MWE  ,OOP,20261113,68250.0,            ,131468226,0002185.0000,0000000.0,2286.14,0.251196,141468226,0002465.0000,0000000.0,2394.78,0.262147,68309.46,0.2525,
NK225MWE  ,OOP,20261113,68375.0,            ,131468326,0000000.0000,0000000.0,2315.92,0.24918,141468326,0000000.0000,0000000.0,2353.15,0.260095,68309.46,0.2525,
NK225MWE  ,OOP,20261113,68500.0,            ,131468526,0000000.0000,0000000.0,2405.93,0.248135,141468526,0002320.0000,0000000.0,2272.13,0.245491,68309.46,0.2525,
NK225MWE  ,OOP,20261113,68625.0,            ,131468626,0000000.0000,0000000.0,2432.75,0.245893,141468626,0000000.0000,0000000.0,2246.18,0.256751,68309.46,0.2525,
NK225MWE  ,OOP,20261113,68750.0,            ,131468726,0002825.0000,0000000.0,2530.73,0.24678,141468726,0002220.0000,0000000.0,2141.98,0.257616,68309.46,0.2525,
NK225MWE  ,OOP,20261113,68875.0,            ,131468826,0000000.0000,0000000.0,2556.65,0.245386,141468826,0000000.0000,0000000.0,2105.63,0.256207,68309.46,0.2525,
NK225MWE  ,OOP,20261113,69000.0,            ,131469026,0002530.0000,0000000.0,2530.0,0.246582,141469026,0002040.0000,0000000.0,2034.31,0.256308,68309.46,0.2525,
NK225MWE  ,OOP,20261113,69125.0,            ,131469126,0000000.0000,0000000.0,2704.26,0.244409,141469126,0000000.0000,0000000.0,1987.95,0.255755,68309.46,0.2525,
NK225MWE  ,OOP,20261113,69250.0,            ,131469226,0000000.0000,0000000.0,2787.86,0.246461,141469226,0000000.0000,0000000.0,1926.63,0.256719,68309.46,0.2525,
NK225MWE  ,OOP,20261113,69375.0,            ,131469326,0000000.0000,0000000.0,2816.71,0.245683,141469326,0001895.0000,0000000.0,1891.4,0.256488,68309.46,0.2525,
NK225MWE  ,OOP,20261113,69500.0,            ,131469526,0000000.0000,0000000.0,2905.28,0.245332,141469526,0001880.0000,0000000.0,1879.99,0.256145,68309.46,0.2525,
NK225MWE  ,OOP,20261113,69625.0,            ,131469626,0000000.0000,0000000.0,2961.51,0.243766,141469626,0000000.0000,0000000.0,1770.09,0.255143,68309.46,0.2525,
NK225MWE  ,OOP,20261113,69750.0,            ,131469726,0000000.0000,0000000.0,3060.02,0.244827,141469726,0001860.0000,0000000.0,1701.35,0.255672,68309.46,0.2525,
NK225MWE  ,OOP,20261113,69875.0,            ,131469826,0000000.0000,0000000.0,3103.86,0.243569,141469826,0001725.0000,0000000.0,1653.15,0.254992,68309.46,0.2525,
NK225MWE  ,OOP,20261113,70000.0,            ,131460026,0003090.0000,0000000.0,3089.99,0.242741,141460026,0001570.0000,0000000.0,1598.67,0.242537,68309.46,0.2525,
NK225MWE  ,OOP,20261113,70125.0,            ,131460126,0000000.0000,0000000.0,3253.68,0.24179,141460126,0000000.0000,0000000.0,1575.32,0.252728,68309.46,0.2525,
NK225MWE  ,OOP,20261113,70250.0,            ,131460226,0000000.0000,0000000.0,3357.1,0.2424,141460226,0001540.0000,0000000.0,1508.41,0.253374,68309.46,0.2525,
NK225MWE  ,OOP,20261113,70375.0,            ,131460326,0000000.0000,0000000.0,3428.13,0.241206,141460326,0001565.0000,0000000.0,1437.57,0.252228,68309.46,0.2525,
NK225MWE  ,OOP,20261113,70500.0,            ,131460526,0000000.0000,0000000.0,3519.29,0.242731,141460526,0001430.0000,0000000.0,1403.29,0.25436,68309.46,0.2525,
NK225MWE  ,OOP,20261113,70625.0,            ,131460626,0000000.0000,0000000.0,3598.9,0.241868,141460626,0000000.0000,0000000.0,1403.98,0.252989,68309.46,0.2525,
NK225MWE  ,OOP,20261113,70750.0,            ,131460726,0000000.0000,0000000.0,3693.86,0.240878,141460726,0001150.0000,0000000.0,1325.43,0.252639,68309.46,0.2525,
NK225MWE  ,OOP,20261113,70875.0,            ,131460826,0000000.0000,0000000.0,3749.52,0.239173,141460826,0001255.0000,0000000.0,1283.49,0.251017,68309.46,0.2525,
NK225MWE  ,OOP,20261113,71000.0,            ,131461026,0000000.0000,0000000.0,3836.28,0.240272,141461026,0001300.0000,0000000.0,1300.0,0.249844,68309.46,0.2525,
NK225MWE  ,OOP,20261113,71125.0,            ,131461126,0000000.0000,0000000.0,3960.58,0.24365,141461126,0000000.0000,0000000.0,1226.55,0.255604,68309.46,0.2525,
NK225MWE  ,OOP,20261113,71250.0,            ,131461226,0000000.0000,0000000.0,4025.68,0.239186,141461226,0001170.0000,0000000.0,1162.28,0.250678,68309.46,0.2525,
NK225MWE  ,OOP,20261113,71375.0,            ,131461326,0000000.0000,0000000.0,4116.25,0.241187,141461326,0000000.0000,0000000.0,1127.35,0.25334,68309.46,0.2525,
NK225MWE  ,OOP,20261113,71500.0,            ,131461526,0000000.0000,0000000.0,4195.31,0.238826,141461526,0001110.0000,0000000.0,1089.36,0.24929,68309.46,0.2525,
NK225MWE  ,OOP,20261113,71625.0,            ,131461626,0000000.0000,0000000.0,4307.18,0.242497,141461626,0000000.0000,0000000.0,1059.01,0.254828,68309.46,0.2525,
NK225MWE  ,OOP,20261113,71750.0,            ,131461726,0000000.0000,0000000.0,4363.55,0.237995,141461726,0001000.0000,0000000.0,1013.97,0.248647,68309.46,0.2525,
NK225MWE  ,OOP,20261113,71875.0,            ,131461826,0000000.0000,0000000.0,4490.57,0.242786,141461826,0000000.0000,0000000.0,1040.41,0.255329,68309.46,0.2525,
NK225MWE  ,OOP,20261113,72000.0,            ,131462026,0004520.0000,0000000.0,4544.38,0.237313,141462026,0001000.0000,0000000.0,1000.0,0.240523,68309.46,0.2525,
NK225MWE  ,OOP,20261113,72125.0,            ,131462126,0000000.0000,0000000.0,4663.85,0.2407,141462126,0000945.0000,0000000.0,964.1,0.253524,68309.46,0.2525,
NK225MWE  ,OOP,20261113,72250.0,            ,131462226,0000000.0000,0000000.0,4730.28,0.236803,141462226,0000865.0000,0000000.0,885.9,0.247899,68309.46,0.2525,
NK225MWE  ,OOP,20261211,60500.0,            ,131500526,0000780.0000,0000000.0,715.81,0.290197,141500526,0000000.0000,0000000.0,8687.06,0.310254,68309.46,0.2525,
NK225MWE  ,OOP,20261211,60625.0,            ,131500626,0000000.0000,0000000.0,735.54,0.28767,141500626,0000000.0000,0000000.0,8582.13,0.309531,68309.46,0.2525,
NK225MWE  ,OOP,20261211,60750.0,            ,131500726,0000000.0000,0000000.0,760.24,0.287945,141500726,0000000.0000,0000000.0,8482.16,0.308757,68309.46,0.2525,
NK225MWE  ,OOP,20261211,60875.0,            ,131500826,0000000.0000,0000000.0,777.48,0.284673,141500826,0000000.0000,0000000.0,8374.74,0.307933,68309.46,0.2525,
NK225MWE  ,OOP,20261211,61000.0,            ,131501026,0000000.0000,0000000.0,784.8,0.284155,141501026,0000000.0000,0000000.0,8257.39,0.305122,68309.46,0.2525,
NK225MWE  ,OOP,20261211,61125.0,            ,131501126,0000000.0000,0000000.0,811.96,0.284927,141501126,0000000.0000,0000000.0,8159.89,0.305503,68309.46,0.2525,
NK225MWE  ,OOP,20261211,61250.0,            ,131501226,0000000.0000,0000000.0,831.69,0.284272,141501226,0000000.0000,0000000.0,8054.95,0.304543,68309.46,0.2525,
NK225MWE  ,OOP,20261211,61375.0,            ,131501326,0000000.0000,0000000.0,851.41,0.282904,141501326,0000000.0000,0000000.0,7950.0,0.302913,68309.46,0.2525,
NK225MWE  ,OOP,20261211,61500.0,            ,131501526,0000000.0000,0000000.0,853.76,0.280199,141501526,0000000.0000,0000000.0,7827.69,0.300012,68309.46,0.2525,
NK225MWE  ,OOP,20261211,61625.0,            ,131501626,0000000.0000,0000000.0,888.37,0.281335,141501626,0000000.0000,0000000.0,7737.63,0.300778,68309.46,0.2525,
NK225MWE  ,OOP,20261211,61750.0,            ,131501726,0000000.0000,0000000.0,922.98,0.281731,141501726,0000000.0000,0000000.0,7647.58,0.301453,68309.46,0.2525,
NK225MWE  ,OOP,20261211,61875.0,            ,131501826,0000000.0000,0000000.0,942.7,0.280799,141501826,0000000.0000,0000000.0,7542.63,0.300256,68309.46,0.2525,
NK225MWE  ,OOP,20261211,62000.0,            ,131502026,0000960.0000,0000000.0,959.93,0.279203,141502026,0000000.0000,0000000.0,7435.2,0.298428,68309.46,0.2525,
NK225MWE  ,OOP,20261211,62125.0,            ,131502126,0000000.0000,0000000.0,982.38,0.279393,141502126,0000000.0000,0000000.0,7337.69,0.297737,68309.46,0.2525,
NK225MWE  ,OOP,20261211,62250.0,            ,131502226,0000000.0000,0000000.0,1032.45,0.276507,141502226,0000000.0000,0000000.0,7220.31,0.295258,68309.46,0.2525,
NK225MWE  ,OOP,20261211,62375.0,            ,131502326,0000000.0000,0000000.0,1037.77,0.275394,141502326,0000000.0000,0000000.0,7117.84,0.293906,68309.46,0.2525,
NK225MWE  ,OOP,20261211,62500.0,            ,131502526,0000000.0000,0000000.0,1058.3,0.27482,141502526,0000000.0000,0000000.0,7017.85,0.293081,68309.46,0.2525,
NK225MWE  ,OOP,20261211,62625.0,            ,131502626,0000000.0000,0000000.0,1096.51,0.274767,141502626,0000000.0000,0000000.0,6920.34,0.292203,68309.46,0.2525,
NK225MWE  ,OOP,20261211,62750.0,            ,131502726,0000000.0000,0000000.0,1117.04,0.273495,141502726,0000000.0000,0000000.0,6817.86,0.291275,68309.46,0.2525,
NK225MWE  ,OOP,20261211,62875.0,            ,131502826,0000000.0000,0000000.0,1132.51,0.273311,141502826,0000000.0000,0000000.0,6722.83,0.290846,68309.46,0.2525,
NK225MWE  ,OOP,20261211,63000.0,            ,131503026,0001160.0000,0000000.0,1175.78,0.273057,141503026,0000000.0000,0000000.0,6630.28,0.290357,68309.46,0.2525,
NK225MWE  ,OOP,20261211,63125.0,            ,131503126,0000000.0000,0000000.0,1198.85,0.271076,141503126,0000000.0000,0000000.0,6522.83,0.288192,68309.46,0.2525,
NK225MWE  ,OOP,20261211,63250.0,            ,131503226,0000000.0000,0000000.0,1216.86,0.272347,141503226,0000000.0000,0000000.0,6442.71,0.2892,68309.46,0.2525,
NK225MWE  ,OOP,20261211,63375.0,            ,131503326,0000000.0000,0000000.0,1257.61,0.269189,141503326,0000000.0000,0000000.0,6325.3,0.286424,68309.46,0.2525,
NK225MWE  ,OOP,20261211,63500.0,            ,131503526,0000000.0000,0000000.0,1283.2,0.268702,141503526,0000000.0000,0000000.0,6227.78,0.2852,68309.46,0.2525,
NK225MWE  ,OOP,20261211,63625.0,            ,131503626,0000000.0000,0000000.0,1303.77,0.268151,141503626,0000000.0000,0000000.0,6135.23,0.284448,68309.46,0.2525,
NK225MWE  ,OOP,20261211,63750.0,            ,131503726,0000000.0000,0000000.0,1336.94,0.268587,141503726,0000000.0000,0000000.0,6050.14,0.284668,68309.46,0.2525,
NK225MWE  ,OOP,20261211,63875.0,            ,131503826,0001505.0000,0000000.0,1377.69,0.266345,141503826,0000000.0000,0000000.0,5945.15,0.282779,68309.46,0.2525,
NK225MWE  ,OOP,20261211,64000.0,            ,131504026,0000000.0000,0000000.0,1395.74,0.265616,141504026,0000000.0000,0000000.0,5847.61,0.281358,68309.46,0.2525,
NK225MWE  ,OOP,20261211,64125.0,            ,131504126,0000000.0000,0000000.0,1439.01,0.266356,141504126,0000000.0000,0000000.0,5755.06,0.280894,68309.46,0.2525,
NK225MWE  ,OOP,20261211,64250.0,            ,131504226,0000000.0000,0000000.0,1457.08,0.263981,141504226,0000000.0000,0000000.0,5660.01,0.279376,68309.46,0.2525,
NK225MWE  ,OOP,20261211,64375.0,            ,131504326,0001555.0000,0000000.0,1490.27,0.263577,141504326,0000000.0000,0000000.0,5569.94,0.278798,68309.46,0.2525,
NK225MWE  ,OOP,20261211,64500.0,            ,131504526,0000000.0000,0000000.0,1536.07,0.262612,141504526,0000000.0000,0000000.0,5479.86,0.278161,68309.46,0.2525,
NK225MWE  ,OOP,20261211,64625.0,            ,131504626,0000000.0000,0000000.0,1559.18,0.262081,141504626,0000000.0000,0000000.0,5389.78,0.277465,68309.46,0.2525,
NK225MWE  ,OOP,20261211,64750.0,            ,131504726,0000000.0000,0000000.0,1594.9,0.261487,141504726,0000000.0000,0000000.0,5302.19,0.276711,68309.46,0.2525,
NK225MWE  ,OOP,20261211,64875.0,            ,131504826,0000000.0000,0000000.0,1643.22,0.260346,141504826,0000000.0000,0000000.0,5204.65,0.275421,68309.46,0.2525,
NK225MWE  ,OOP,20261211,65000.0,            ,131505026,0000000.0000,0000000.0,1656.3,0.260109,141505026,0000000.0000,0000000.0,5122.03,0.275029,68309.46,0.2525,
NK225MWE  ,OOP,20261211,65125.0,            ,131505126,0000000.0000,0000000.0,1704.61,0.259328,141505126,0000000.0000,0000000.0,5031.94,0.274104,68309.46,0.2525,
NK225MWE  ,OOP,20261211,65250.0,            ,131505226,0000000.0000,0000000.0,1747.9,0.258014,141505226,0000000.0000,0000000.0,4941.86,0.272655,68309.46,0.2525,
NK225MWE  ,OOP,20261211,65375.0,            ,131505326,0000000.0000,0000000.0,1776.09,0.257583,141505326,0000000.0000,0000000.0,4854.26,0.272085,68309.46,0.2525,
NK225MWE  ,OOP,20261211,65500.0,            ,131505526,0000000.0000,0000000.0,1826.93,0.256156,141505526,0000000.0000,0000000.0,4764.16,0.270993,68309.46,0.2525,
NK225MWE  ,OOP,20261211,65625.0,            ,131505626,0000000.0000,0000000.0,1875.24,0.256521,141505626,0000000.0000,0000000.0,4689.02,0.270761,68309.46,0.2525,
NK225MWE  ,OOP,20261211,65750.0,            ,131505726,0000000.0000,0000000.0,1916.03,0.255892,141505726,0000000.0000,0000000.0,4603.9,0.270007,68309.46,0.2525,
NK225MWE  ,OOP,20261211,65875.0,            ,131505826,0000000.0000,0000000.0,1944.24,0.255199,141505826,0000000.0000,0000000.0,4521.28,0.269194,68309.46,0.2525,
NK225MWE  ,OOP,20261211,66000.0,            ,131506026,0001960.0000,0000000.0,2001.65,0.254894,141506026,0004520.0000,0000000.0,4441.15,0.268771,68309.46,0.2525,
NK225MWE  ,OOP,20261211,66125.0,            ,131506126,0000000.0000,0000000.0,1973.38,0.253621,141506126,0000000.0000,0000000.0,4353.53,0.267837,68309.46,0.2525,
NK225MWE  ,OOP,20261211,66250.0,            ,131506226,0000000.0000,0000000.0,2071.64,0.252738,141506226,0000000.0000,0000000.0,4270.89,0.266844,68309.46,0.2525,
NK225MWE  ,OOP,20261211,66375.0,            ,131506326,0000000.0000,0000000.0,2117.47,0.251792,141506326,0000000.0000,0000000.0,4188.27,0.265793,68309.46,0.2525,
NK225MWE  ,OOP,20261211,66500.0,            ,131506526,0000000.0000,0000000.0,2170.83,0.254314,141506526,0000000.0000,0000000.0,4145.53,0.268201,68309.46,0.2525,
NK225MWE  ,OOP,20261211,66625.0,            ,131506626,0000000.0000,0000000.0,2209.13,0.252347,141506626,0000000.0000,0000000.0,4050.43,0.266142,68309.46,0.2525,
NK225MWE  ,OOP,20261211,66750.0,            ,131506726,0000000.0000,0000000.0,2267.51,0.252075,141506726,0000000.0000,0000000.0,3975.27,0.265775,68309.46,0.2525,
NK225MWE  ,OOP,20261211,66875.0,            ,131506826,0000000.0000,0000000.0,2323.36,0.250864,141506826,0000000.0000,0000000.0,3890.14,0.264475,68309.46,0.2525,
NK225MWE  ,OOP,20261211,67000.0,            ,131507026,0000000.0000,0000000.0,2361.68,0.25089,141507026,0000000.0000,0000000.0,3827.76,0.264414,68309.46,0.2525,
NK225MWE  ,OOP,20261211,67125.0,            ,131507126,0000000.0000,0000000.0,2417.55,0.250413,141507126,0000000.0000,0000000.0,3749.82,0.263855,68309.46,0.2525,
NK225MWE  ,OOP,20261211,67250.0,            ,131507226,0000000.0000,0000000.0,2448.9,0.249438,141507226,0000000.0000,0000000.0,3672.16,0.262802,68309.46,0.2525,
NK225MWE  ,OOP,20261211,67375.0,            ,131507326,0000000.0000,0000000.0,2501.89,0.249683,141507326,0000000.0000,0000000.0,3627.9,0.262971,68309.46,0.2525,
NK225MWE  ,OOP,20261211,67500.0,            ,131507526,0000000.0000,0000000.0,2560.13,0.248574,141507526,0000000.0000,0000000.0,3526.83,0.261792,68309.46,0.2525,
NK225MWE  ,OOP,20261211,67625.0,            ,131507626,0000000.0000,0000000.0,2608.5,0.248677,141507626,0000000.0000,0000000.0,3449.61,0.261827,68309.46,0.2525,
NK225MWE  ,OOP,20261211,67750.0,            ,131507726,0000000.0000,0000000.0,2664.38,0.249555,141507726,0000000.0000,0000000.0,3380.5,0.262642,68309.46,0.2525,
NK225MWE  ,OOP,20261211,67875.0,            ,131507826,0000000.0000,0000000.0,2732.76,0.248243,141507826,0000000.0000,0000000.0,3331.4,0.261694,68309.46,0.2525,
NK225MWE  ,OOP,20261211,68000.0,            ,131508026,0002725.0000,0000000.0,2778.65,0.248132,141508026,0000000.0000,0000000.0,3239.79,0.261526,68309.46,0.2525,
NK225MWE  ,OOP,20261211,68125.0,            ,131508126,0000000.0000,0000000.0,2822.04,0.247108,141508126,0000000.0000,0000000.0,3212.33,0.260449,68309.46,0.2525,
NK225MWE  ,OOP,20261211,68250.0,            ,131508226,0000000.0000,0000000.0,2900.85,0.246017,141508226,0003125.0000,0000000.0,3123.3,0.259309,68309.46,0.2525,
NK225MWE  ,OOP,20261211,68375.0,            ,131508326,0000000.0000,0000000.0,2943.84,0.246118,141508326,0000000.0000,0000000.0,3035.0,0.259364,68309.46,0.2525,
NK225MWE  ,OOP,20261211,68500.0,            ,131508526,0000000.0000,0000000.0,3002.24,0.244889,141508526,0003045.0000,0000000.0,2987.71,0.258094,68309.46,0.2525,
NK225MWE  ,OOP,20261211,68625.0,            ,131508626,0000000.0000,0000000.0,3063.15,0.244431,141508626,0000000.0000,0000000.0,2914.31,0.257597,68309.46,0.2525,
NK225MWE  ,OOP,20261211,68750.0,            ,131508726,0003145.0000,0000000.0,3123.37,0.244321,141508726,0000000.0000,0000000.0,2852.72,0.257453,68309.46,0.2525,
NK225MWE  ,OOP,20261211,68875.0,            ,131508826,0000000.0000,0000000.0,3184.97,0.243303,141508826,0000000.0000,0000000.0,2786.13,0.256823,68309.46,0.2525,
NK225MWE  ,OOP,20261211,69000.0,            ,131509026,0003240.0000,0000000.0,3260.85,0.243052,141509026,0000000.0000,0000000.0,2717.06,0.256126,68309.46,0.2525,
NK225MWE  ,OOP,20261211,69125.0,            ,131509126,0000000.0000,0000000.0,3309.29,0.242312,141509126,0000000.0000,0000000.0,2653.0,0.255363,68309.46,0.2525,
NK225MWE  ,OOP,20261211,69250.0,            ,131509226,0000000.0000,0000000.0,3370.23,0.242339,141509226,0000000.0000,0000000.0,2610.59,0.25537,68309.46,0.2525,
NK225MWE  ,OOP,20261211,69375.0,            ,131509326,0000000.0000,0000000.0,3433.64,0.241456,141509326,0000000.0000,0000000.0,2549.79,0.254472,68309.46,0.2525,
NK225MWE  ,OOP,20261211,69500.0,            ,131509526,0000000.0000,0000000.0,3497.07,0.241342,141509526,0000000.0000,0000000.0,2495.71,0.254345,68309.46,0.2525,
NK225MWE  ,OOP,20261211,69625.0,            ,131509626,0000000.0000,0000000.0,3545.23,0.240316,141509626,0000000.0000,0000000.0,2441.6,0.253731,68309.46,0.2525,
NK225MWE  ,OOP,20261211,69750.0,            ,131509726,0000000.0000,0000000.0,3594.74,0.240059,141509726,0000000.0000,0000000.0,2367.21,0.253471,68309.46,0.2525,
NK225MWE  ,OOP,20261211,69875.0,            ,131509826,0000000.0000,0000000.0,3710.68,0.239309,141509826,0000000.0000,0000000.0,2300.6,0.25272,68309.46,0.2525,
NK225MWE  ,OOP,20261211,70000.0,            ,131500026,0000000.0000,0000000.0,3779.82,0.238909,141500026,0002265.0000,0000000.0,2259.42,0.252324,68309.46,0.2525,
NK225MWE  ,OOP,20261211,70125.0,            ,131500126,0000000.0000,0000000.0,3853.97,0.238862,141500126,0000000.0000,0000000.0,2267.42,0.25186,68309.46,0.2525,
NK225MWE  ,OOP,20261211,70250.0,            ,131500226,0000000.0000,0000000.0,3933.15,0.238746,141500226,0000000.0000,0000000.0,2140.66,0.252178,68309.46,0.2525,
NK225MWE  ,OOP,20261211,70375.0,            ,131500326,0000000.0000,0000000.0,4017.34,0.239415,141500326,0000000.0000,0000000.0,2165.62,0.252859,68309.46,0.2525,
NK225MWE  ,OOP,20261211,70500.0,            ,181500526,0000000.0000,0000000.0,4089.0,0.238732,191500526,0000000.0000,0000000.0,2109.68,0.252195,68309.46,0.2525,
NK225MWE  ,OOP,20261211,70625.0,            ,181500626,0000000.0000,0000000.0,4170.67,0.238836,191500626,0000000.0000,0000000.0,1985.37,0.252321,68309.46,0.2525,
NK225MWE  ,OOP,20261211,70750.0,            ,181500726,0000000.0000,0000000.0,4237.31,0.237574,191500726,0000000.0000,0000000.0,1985.97,0.251089,68309.46,0.2525,
NK225MWE  ,OOP,20261211,70875.0,            ,181500826,0000000.0000,0000000.0,4308.95,0.236666,191500826,0000000.0000,0000000.0,1964.51,0.250647,68309.46,0.2525,
NK225MWE  ,OOP,20261211,71000.0,            ,181501026,0000000.0000,0000000.0,4398.16,0.237431,191501026,0001850.0000,0000000.0,1858.49,0.251007,68309.46,0.2525,
NK225MWE  ,OOP,20261211,71125.0,            ,181501126,0000000.0000,0000000.0,4487.37,0.238135,191501126,0000000.0000,0000000.0,1822.49,0.251742,68309.46,0.2525,
NK225MWE  ,OOP,20261211,71250.0,            ,181501226,0000000.0000,0000000.0,4569.06,0.237894,191501226,0000000.0000,0000000.0,1778.36,0.251542,68309.46,0.2525,
NK225MWE  ,OOP,20261211,71375.0,            ,181501326,0000000.0000,0000000.0,4660.79,0.238472,191501326,0000000.0000,0000000.0,1718.74,0.252158,68309.46,0.2525,
NK225MWE  ,OOP,20261211,71500.0,            ,181501526,0000000.0000,0000000.0,4737.45,0.237648,191501526,0000000.0000,0000000.0,1682.68,0.25183,68309.46,0.2525,
NK225MWE  ,OOP,20261211,71625.0,            ,181501626,0000000.0000,0000000.0,4814.11,0.236746,191501626,0000000.0000,0000000.0,1653.42,0.250989,68309.46,0.2525,
NK225MWE  ,OOP,20261211,71750.0,            ,181501726,0000000.0000,0000000.0,4898.3,0.23667,191501726,0000000.0000,0000000.0,1599.4,0.250971,68309.46,0.2525,
NK225MWE  ,OOP,20261211,71875.0,            ,181501826,0000000.0000,0000000.0,4979.98,0.23607,191501826,0000000.0000,0000000.0,1557.76,0.250439,68309.46,0.2525,
NK225MWE  ,OOP,20261211,72000.0,            ,181502026,0000000.0000,0000000.0,5064.18,0.235854,191502026,0001590.0000,0000000.0,1590.0,0.25029,68309.46,0.2525,
